time_index,telemetry,point_score,smoothed_score,prediction,label,context_ood,valid_score
0,-0.7119224,0.0,0.0,0.0,0.0,0.0,0.0
1,-0.7119224,0.0,0.0,0.0,0.0,0.0,0.0
2,-0.7119224,0.0,0.0,0.0,0.0,0.0,0.0
3,-0.7119224,0.0,0.0,0.0,0.0,0.0,0.0
4,-0.7203612,0.0,0.0,0.0,0.0,0.0,0.0
5,-0.7203612,0.0,0.0,0.0,0.0,0.0,0.0
6,-0.7203612,0.0,0.0,0.0,0.0,0.0,0.0
7,-0.7203612,0.0,0.0,0.0,0.0,0.0,0.0
8,-0.7203612,0.0,0.0,0.0,0.0,0.0,0.0
9,-0.7203612,0.0,0.0,0.0,0.0,0.0,0.0
10,-0.72878367,0.0,0.0,0.0,0.0,0.0,0.0
11,-0.72878367,0.0,0.0,0.0,0.0,0.0,0.0
12,-0.72878367,0.0,0.0,0.0,0.0,0.0,0.0
13,-0.72878367,0.0,0.0,0.0,0.0,0.0,0.0
14,-0.72878367,0.0,0.0,0.0,0.0,0.0,0.0
15,-0.72878367,0.0,0.0,0.0,0.0,0.0,0.0
16,-0.72878367,0.0,0.0,0.0,0.0,0.0,0.0
17,-0.72878367,0.0,0.0,0.0,0.0,0.0,0.0
18,-0.44922274,0.0,0.0,0.0,0.0,0.0,0.0
19,-0.44922274,0.0,0.0,0.0,0.0,0.0,0.0
20,-0.16118047,0.0,0.0,0.0,0.0,0.0,0.0
21,-0.16118047,0.0,0.0,0.0,0.0,0.0,0.0
22,-0.16118047,0.0,0.0,0.0,0.0,0.0,0.0
23,-0.16118047,0.0,0.0,0.0,0.0,0.0,0.0
24,0.12689714,0.0,0.0,0.0,0.0,0.0,0.0
25,0.12689714,0.0,0.0,0.0,0.0,0.0,0.0
26,0.12689714,0.0,0.0,0.0,0.0,0.0,0.0
27,0.12689714,0.0,0.0,0.0,0.0,0.0,0.0
28,0.12689714,0.0,0.0,0.0,0.0,0.0,0.0
29,0.12689714,0.0,0.0,0.0,0.0,0.0,0.0
30,0.4150101,0.0,0.0,0.0,0.0,0.0,0.0
31,0.4150101,0.0,0.0,0.0,0.0,0.0,0.0
32,0.4150101,0.0,0.0,0.0,0.0,0.0,0.0
33,0.4150101,0.0,0.0,0.0,0.0,0.0,0.0
34,0.4150101,0.0,0.0,0.0,0.0,0.0,0.0
35,0.4150101,0.0,0.0,0.0,0.0,0.0,0.0
36,0.4150101,0.0,0.0,0.0,0.0,0.0,0.0
37,0.7031584,0.0,0.0,0.0,0.0,0.0,0.0
38,0.7031584,0.0,0.0,0.0,0.0,0.0,0.0
39,0.7031584,0.0,0.0,0.0,0.0,0.0,0.0
40,0.7031584,0.0,0.0,0.0,0.0,0.0,0.0
41,0.7031584,0.0,0.0,0.0,0.0,0.0,0.0
42,0.7031584,0.0,0.0,0.0,0.0,0.0,0.0
43,0.7031584,0.0,0.0,0.0,0.0,0.0,0.0
44,0.7031584,0.0,0.0,0.0,0.0,0.0,0.0
45,0.7031584,0.0,0.0,0.0,0.0,0.0,0.0
46,0.42359743,0.0,0.0,0.0,0.0,0.0,0.0
47,0.711781,0.0,0.0,0.0,0.0,0.0,0.0
48,0.711781,0.0,0.0,0.0,0.0,0.0,0.0
49,0.711781,0.0,0.0,0.0,0.0,0.0,0.0
50,0.14397763,0.0,0.0,0.0,0.0,0.0,0.0
51,0.43216124,0.0,0.0,0.0,0.0,0.0,0.0
52,0.43216124,0.0,0.0,0.0,0.0,0.0,0.0
53,0.43216124,0.0,0.0,0.0,0.0,0.0,0.0
54,0.43216124,0.0,0.0,0.0,0.0,0.0,0.0
55,0.15252244,0.0,0.0,0.0,0.0,0.0,0.0
56,0.15252244,0.0,0.0,0.0,0.0,0.0,0.0
57,0.15252244,0.0,0.0,0.0,0.0,0.0,0.0
58,-0.1271621,0.0,0.0,0.0,0.0,0.0,0.0
59,-0.1271621,0.0,0.0,0.0,0.0,0.0,0.0
60,-0.1271621,0.0,0.0,0.0,0.0,0.0,0.0
61,-0.1271621,0.0,0.0,0.0,0.0,0.0,0.0
62,-0.1271621,0.0,0.0,0.0,0.0,0.0,0.0
63,-0.1271621,0.0,0.0,0.0,0.0,0.0,0.0
64,-0.1271621,0.0,0.0,0.0,0.0,0.0,0.0
65,-0.1271621,0.0,0.0,0.0,0.0,0.0,0.0
66,-0.1271621,0.0,0.0,0.0,0.0,0.0,0.0
67,0.16105686,0.0,0.0,0.0,0.0,0.0,0.0
68,-0.1271621,0.0,0.0,0.0,0.0,0.0,0.0
69,-0.1271621,0.0,0.0,0.0,0.0,0.0,0.0
70,-0.1271621,0.0,0.0,0.0,0.0,0.0,0.0
71,-0.1271621,0.0,0.0,0.0,0.0,0.0,0.0
72,-0.1271621,0.0,0.0,0.0,0.0,0.0,0.0
73,-0.1271621,0.0,0.0,0.0,0.0,0.0,0.0
74,-0.1271621,0.0,0.0,0.0,0.0,0.0,0.0
75,-0.1271621,0.0,0.0,0.0,0.0,0.0,0.0
76,-0.1271621,0.0,0.0,0.0,0.0,0.0,0.0
77,-0.1271621,0.0,0.0,0.0,0.0,0.0,0.0
78,-0.4153457,0.0,0.0,0.0,0.0,0.0,0.0
79,-0.4153457,0.0,0.0,0.0,0.0,0.0,0.0
80,-0.4153457,0.0,0.0,0.0,0.0,0.0,0.0
81,-0.4153457,0.0,0.0,0.0,0.0,0.0,0.0
82,-0.4153457,0.0,0.0,0.0,0.0,0.0,0.0
83,-0.4153457,0.0,0.0,0.0,0.0,0.0,0.0
84,-0.703494,0.0,0.0,0.0,0.0,0.0,0.0
85,-0.703494,0.0,0.0,0.0,0.0,0.0,0.0
86,-0.703494,0.0,0.0,0.0,0.0,0.0,0.0
87,-0.42380944,0.0,0.0,0.0,0.0,0.0,0.0
88,-0.42380944,0.0,0.0,0.0,0.0,0.0,0.0
89,-0.7119224,0.0,0.0,0.0,0.0,0.0,0.0
90,-0.7119224,0.0,0.0,0.0,0.0,0.0,0.0
91,-0.7119224,0.0,0.0,0.0,0.0,0.0,0.0
92,-0.7119224,0.0,0.0,0.0,0.0,0.0,0.0
93,-0.43228358,0.0,0.0,0.0,0.0,0.0,0.0
94,-0.7203612,0.0,0.0,0.0,0.0,0.0,0.0
95,-0.7203612,0.0,0.0,0.0,0.0,0.0,0.0
96,-0.7203612,0.0,0.0,0.0,0.0,0.0,0.0
97,-0.7203612,0.0,0.0,0.0,0.0,0.0,0.0
98,-0.7203612,0.0,0.0,0.0,0.0,0.0,0.0
99,-0.4407414,0.0,0.0,0.0,0.0,0.0,0.0
100,-0.72878367,0.0,0.0,0.0,0.0,0.0,0.0
101,-0.72878367,0.0,0.0,0.0,0.0,0.0,0.0
102,-0.72878367,0.0,0.0,0.0,0.0,0.0,0.0
103,-0.4407414,0.0,0.0,0.0,0.0,0.0,0.0
104,-0.72878367,0.0,0.0,0.0,0.0,0.0,0.0
105,-0.72878367,0.0,0.0,0.0,0.0,0.0,0.0
106,-0.72878367,0.0,0.0,0.0,0.0,0.0,0.0
107,-0.44922274,0.0,0.0,0.0,0.0,0.0,0.0
108,-0.44922274,0.0,0.0,0.0,0.0,0.0,0.0
109,-0.16118047,0.0,0.0,0.0,0.0,0.0,0.0
110,-0.16118047,0.0,0.0,0.0,0.0,0.0,0.0
111,-0.16118047,0.0,0.0,0.0,0.0,0.0,0.0
112,-0.16118047,0.0,0.0,0.0,0.0,0.0,0.0
113,-0.16118047,0.0,0.0,0.0,0.0,0.0,0.0
114,0.12689714,0.0,0.0,0.0,0.0,0.0,0.0
115,0.12689714,0.0,0.0,0.0,0.0,0.0,0.0
116,0.12689714,0.0,0.0,0.0,0.0,0.0,0.0
117,0.12689714,0.0,0.0,0.0,0.0,0.0,0.0
118,0.4150101,0.0,0.0,0.0,0.0,0.0,0.0
119,0.4150101,0.0,0.0,0.0,0.0,0.0,0.0
120,0.4150101,0.0,0.0,0.0,0.0,0.0,0.0
121,0.4150101,0.0,0.0,0.0,0.0,0.0,0.0
122,0.4150101,0.0,0.0,0.0,0.0,0.0,0.0
123,0.4150101,0.0,0.0,0.0,0.0,0.0,0.0
124,0.4150101,0.0,0.0,0.0,0.0,0.0,0.0
125,0.7031584,0.0,0.0,0.0,0.0,0.0,0.0
126,0.7031584,0.0,0.0,0.0,0.0,0.0,0.0
127,0.7031584,0.0,0.0,0.0,0.0,0.0,0.0
128,0.7031584,0.0,0.0,0.0,0.0,0.0,0.0
129,0.7031584,0.0,0.0,0.0,0.0,0.0,0.0
130,0.7031584,0.0,0.0,0.0,0.0,0.0,0.0
131,0.7031584,0.0,0.0,0.0,0.0,0.0,0.0
132,0.7031584,0.0,0.0,0.0,0.0,0.0,0.0
133,0.7031584,0.0,0.0,0.0,0.0,0.0,0.0
134,0.7031584,0.0,0.0,0.0,0.0,0.0,0.0
135,0.42359743,0.0,0.0,0.0,0.0,0.0,0.0
136,0.711781,0.0,0.0,0.0,0.0,0.0,0.0
137,0.711781,0.0,0.0,0.0,0.0,0.0,0.0
138,0.711781,0.0,0.0,0.0,0.0,0.0,0.0
139,0.711781,0.0,0.0,0.0,0.0,0.0,0.0
140,0.14397763,0.0,0.0,0.0,0.0,0.0,0.0
141,0.43216124,0.0,0.0,0.0,0.0,0.0,0.0
142,0.43216124,0.0,0.0,0.0,0.0,0.0,0.0
143,0.43216124,0.0,0.0,0.0,0.0,0.0,0.0
144,0.15252244,0.0,0.0,0.0,0.0,0.0,0.0
145,0.15252244,0.0,0.0,0.0,0.0,0.0,0.0
146,0.15252244,0.0,0.0,0.0,0.0,0.0,0.0
147,0.15252244,0.0,0.0,0.0,0.0,0.0,0.0
148,-0.1271621,0.0,0.0,0.0,0.0,0.0,0.0
149,-0.1271621,0.0,0.0,0.0,0.0,0.0,0.0
150,-0.1271621,0.0,0.0,0.0,0.0,0.0,0.0
151,-0.1271621,0.0,0.0,0.0,0.0,0.0,0.0
152,-0.1271621,0.0,0.0,0.0,0.0,0.0,0.0
153,-0.1271621,0.0,0.0,0.0,0.0,0.0,0.0
154,-0.1271621,0.0,0.0,0.0,0.0,0.0,0.0
155,-0.1271621,0.0,0.0,0.0,0.0,0.0,0.0
156,-0.1271621,0.0,0.0,0.0,0.0,0.0,0.0
157,-0.1271621,0.0,0.0,0.0,0.0,0.0,0.0
158,-0.1271621,0.0,0.0,0.0,0.0,0.0,0.0
159,-0.1271621,0.0,0.0,0.0,0.0,0.0,0.0
160,-0.1271621,0.0,0.0,0.0,0.0,0.0,0.0
161,-0.1271621,0.0,0.0,0.0,0.0,0.0,0.0
162,-0.1271621,0.0,0.0,0.0,0.0,0.0,0.0
163,-0.1271621,0.0,0.0,0.0,0.0,0.0,0.0
164,-0.1271621,0.0,0.0,0.0,0.0,0.0,0.0
165,-0.1271621,0.0,0.0,0.0,0.0,0.0,0.0
166,-0.1271621,0.0,0.0,0.0,0.0,0.0,0.0
167,-0.40685207,0.0,0.0,0.0,0.0,0.0,0.0
168,-0.40685207,0.0,0.0,0.0,0.0,0.0,0.0
169,-0.4153457,0.0,0.0,0.0,0.0,0.0,0.0
170,-0.1271621,0.0,0.0,0.0,0.0,0.0,0.0
171,-0.6950357,0.0,0.0,0.0,0.0,0.0,0.0
172,-0.4153457,0.0,0.0,0.0,0.0,0.0,0.0
173,-0.4153457,0.0,0.0,0.0,0.0,0.0,0.0
174,-0.4153457,0.0,0.0,0.0,0.0,0.0,0.0
175,-0.703494,0.0,0.0,0.0,0.0,0.0,0.0
176,-0.703494,0.0,0.0,0.0,0.0,0.0,0.0
177,-0.703494,0.0,0.0,0.0,0.0,0.0,0.0
178,-0.703494,0.0,0.0,0.0,0.0,0.0,0.0
179,-0.703494,0.0,0.0,0.0,0.0,0.0,0.0
180,-0.42380944,0.0,0.0,0.0,0.0,0.0,0.0
181,-0.7119224,0.0,0.0,0.0,0.0,0.0,0.0
182,-0.7119224,0.0,0.0,0.0,0.0,0.0,0.0
183,-0.7119224,0.0,0.0,0.0,0.0,0.0,0.0
184,-0.7119224,0.0,0.0,0.0,0.0,0.0,0.0
185,-0.7119224,0.0,0.0,0.0,0.0,0.0,0.0
186,-0.7119224,0.0,0.0,0.0,0.0,0.0,0.0
187,-1.0,0.0,0.0,0.0,0.0,0.0,0.0
188,-0.7203612,0.0,0.0,0.0,0.0,0.0,0.0
189,-0.7203612,0.0,0.0,0.0,0.0,0.0,0.0
190,-0.7203612,0.0,0.0,0.0,0.0,0.0,0.0
191,-0.7203612,0.0,0.0,0.0,0.0,0.0,0.0
192,-0.7203612,0.0,0.0,0.0,0.0,0.0,0.0
193,-0.7203612,0.0,0.0,0.0,0.0,0.0,0.0
194,-0.4407414,0.0,0.0,0.0,0.0,0.0,0.0
195,-0.72878367,0.0,0.0,0.0,0.0,0.0,0.0
196,-0.72878367,0.0,0.0,0.0,0.0,0.0,0.0
197,-0.72878367,0.0,0.0,0.0,0.0,0.0,0.0
198,-0.72878367,0.0,0.0,0.0,0.0,0.0,0.0
199,-0.72878367,0.0,0.0,0.0,0.0,0.0,0.0
200,-0.4407414,0.0,0.0,0.0,0.0,0.0,0.0
201,-0.16118047,0.0,0.0,0.0,0.0,0.0,0.0
202,-0.16118047,0.0,0.0,0.0,0.0,0.0,0.0
203,-0.16118047,0.0,0.0,0.0,0.0,0.0,0.0
204,-0.16118047,0.0,0.0,0.0,0.0,0.0,0.0
205,-0.16118047,0.0,0.0,0.0,0.0,0.0,0.0
206,-0.4407414,0.0,0.0,0.0,0.0,0.0,0.0
207,0.12689714,0.0,0.0,0.0,0.0,0.0,0.0
208,0.12689714,0.0,0.0,0.0,0.0,0.0,0.0
209,0.12689714,0.0,0.0,0.0,0.0,0.0,0.0
210,0.12689714,0.0,0.0,0.0,0.0,0.0,0.0
211,0.4150101,0.0,0.0,0.0,0.0,0.0,0.0
212,0.4150101,0.0,0.0,0.0,0.0,0.0,0.0
213,0.4150101,0.0,0.0,0.0,0.0,0.0,0.0
214,0.4150101,0.0,0.0,0.0,0.0,0.0,0.0
215,0.4150101,0.0,0.0,0.0,0.0,0.0,0.0
216,0.4150101,0.0,0.0,0.0,0.0,0.0,0.0
217,0.4150101,0.0,0.0,0.0,0.0,0.0,0.0
218,0.7031584,0.0,0.0,0.0,0.0,0.0,0.0
219,0.7031584,0.0,0.0,0.0,0.0,0.0,0.0
220,0.7031584,0.0,0.0,0.0,0.0,0.0,0.0
221,0.7031584,0.0,0.0,0.0,0.0,0.0,0.0
222,0.7031584,0.0,0.0,0.0,0.0,0.0,0.0
223,0.7031584,0.0,0.0,0.0,0.0,0.0,0.0
224,0.42359743,0.0,0.0,0.0,0.0,0.0,0.0
225,0.42359743,0.0,0.0,0.0,0.0,0.0,0.0
226,0.42359743,0.0,0.0,0.0,0.0,0.0,0.0
227,0.711781,0.0,0.0,0.0,0.0,0.0,0.0
228,0.711781,0.0,0.0,0.0,0.0,0.0,0.0
229,0.711781,0.0,0.0,0.0,0.0,0.0,0.0
230,0.14397763,0.0,0.0,0.0,0.0,0.0,0.0
231,0.43216124,0.0,0.0,0.0,0.0,0.0,0.0
232,0.43216124,0.0,0.0,0.0,0.0,0.0,0.0
233,0.43216124,0.0,0.0,0.0,0.0,0.0,0.0
234,0.43216124,0.0,0.0,0.0,0.0,0.0,0.0
235,0.15252244,0.0,0.0,0.0,0.0,0.0,0.0
236,0.15252244,0.0,0.0,0.0,0.0,0.0,0.0
237,0.15252244,0.0,0.0,0.0,0.0,0.0,0.0
238,-0.1271621,0.0,0.0,0.0,0.0,0.0,0.0
239,-0.1271621,0.0,0.0,0.0,0.0,0.0,0.0
240,-0.1271621,0.0,0.0,0.0,0.0,0.0,0.0
241,-0.40685207,0.0,0.0,0.0,0.0,0.0,0.0
242,-0.1271621,0.0,0.0,0.0,0.0,0.0,0.0
243,-0.40685207,0.0,0.0,0.0,0.0,0.0,0.0
244,-0.40685207,0.0,0.0,0.0,0.0,0.0,0.0
245,0.16105686,0.0,0.0,0.0,0.0,0.0,0.0
246,-0.40685207,0.0,0.0,0.0,0.0,0.0,0.0
247,0.16105686,0.0,0.0,0.0,0.0,0.0,0.0
248,-0.1271621,0.0,0.0,0.0,0.0,0.0,0.0
249,-0.40685207,0.0,0.0,0.0,0.0,0.0,0.0
250,-0.40685207,0.0,0.0,0.0,0.0,0.0,0.0
251,-0.40685207,0.0,0.0,0.0,0.0,0.0,0.0
252,0.16105686,0.0,0.0,0.0,0.0,0.0,0.0
253,-0.40685207,0.0,0.0,0.0,0.0,0.0,0.0
254,-0.40685207,0.0,0.0,0.0,0.0,0.0,0.0
255,-0.40685207,0.0,0.0,0.0,0.0,0.0,0.0
256,-0.1271621,0.0,0.0,0.0,0.0,0.0,0.0
257,-0.40685207,0.0,0.0,0.0,0.0,0.0,0.0
258,-0.40685207,0.0,0.0,0.0,0.0,0.0,0.0
259,-0.40685207,0.0,0.0,0.0,0.0,0.0,0.0
260,-0.6950357,0.0,0.0,0.0,0.0,0.0,0.0
261,-0.6950357,0.0,0.0,0.0,0.0,0.0,0.0
262,-0.4153457,0.0,0.0,0.0,0.0,0.0,0.0
263,-0.6950357,0.0,0.0,0.0,0.0,0.0,0.0
264,-0.4153457,0.0,0.0,0.0,0.0,0.0,0.0
265,-0.703494,0.0,0.0,0.0,0.0,0.0,0.0
266,-0.703494,0.0,0.0,0.0,0.0,0.0,0.0
267,-0.703494,0.0,0.0,0.0,0.0,0.0,0.0
268,-0.703494,0.0,0.0,0.0,0.0,0.0,0.0
269,-0.703494,0.0,0.0,0.0,0.0,0.0,0.0
270,-0.703494,0.0,0.0,0.0,0.0,0.0,0.0
271,-0.99160695,0.0,0.0,0.0,0.0,0.0,0.0
272,-0.7119224,0.0,0.0,0.0,0.0,0.0,0.0
273,-0.7119224,0.0,0.0,0.0,0.0,0.0,0.0
274,-0.7119224,0.0,0.0,0.0,0.0,0.0,0.0
275,-0.7119224,0.0,0.0,0.0,0.0,0.0,0.0
276,-0.7119224,0.0,0.0,0.0,0.0,0.0,0.0
277,-1.0,0.0,0.0,0.0,0.0,0.0,0.0
278,-0.7203612,0.0,0.0,0.0,0.0,0.0,0.0
279,-0.7203612,0.0,0.5388623,0.0,0.0,0.0,0.0
280,-0.7203612,0.0,1.0548439,0.0,0.0,0.0,0.0
281,-0.7203612,0.0,1.5029532,0.0,0.0,0.0,0.0
282,-0.7203612,0.0,1.9371839,0.0,0.0,0.0,0.0
283,-0.7203612,0.0,2.362233,0.0,0.0,0.0,0.0
284,-0.72878367,6.466347,2.7597358,0.0,0.0,1.0,1.0
285,-0.4407414,6.1917796,3.1566489,0.0,0.0,1.0,1.0
286,-0.72878367,5.3773117,3.5357952,0.0,0.0,1.0,1.0
287,-0.72878367,5.2107673,3.9042048,0.0,0.0,1.0,1.0
288,-0.72878367,5.100589,4.2565155,0.0,0.0,1.0,1.0
289,-0.72878367,4.770035,4.59459,0.0,0.0,1.0,1.0
290,-0.4407414,4.7629585,4.927752,0.0,0.0,1.0,1.0
291,-0.4407414,4.549754,4.7158966,0.0,0.0,1.0,1.0
292,-0.4407414,4.4209175,4.519897,0.0,0.0,1.0,1.0
293,-0.16118047,4.227728,4.385516,0.0,0.0,1.0,1.0
294,-0.16118047,4.056897,4.25822,0.0,0.0,1.0,1.0
295,0.12689714,3.9979415,4.119376,0.0,0.0,1.0,1.0
296,0.12689714,3.924081,3.9942722,0.0,0.0,1.0,1.0
297,0.12689714,3.839783,3.8612494,0.0,0.0,1.0,1.0
298,0.12689714,3.7647438,3.7348661,0.0,0.0,1.0,1.0
299,0.12689714,3.683214,3.6088283,0.0,0.0,1.0,1.0
300,0.12689714,3.4344585,3.4966784,0.0,0.0,0.0,1.0
301,0.12689714,3.2687883,3.3892133,0.0,0.0,0.0,1.0
302,0.4150101,3.1666873,3.2863388,0.0,0.0,1.0,1.0
303,0.4150101,3.0331533,3.1877465,0.0,0.0,1.0,1.0
304,0.4150101,2.908463,3.1007922,0.0,0.0,1.0,1.0
305,0.4150101,2.8819308,3.0259497,0.0,0.0,1.0,1.0
306,0.4150101,2.7673159,2.960099,0.0,0.0,1.0,1.0
307,0.7031584,2.7634473,2.9190931,0.0,0.0,1.0,1.0
308,0.7031584,2.7409737,2.895212,0.0,0.0,1.0,1.0
309,0.7031584,2.796329,2.882397,0.0,0.0,1.0,1.0
310,0.7031584,2.8666358,2.8847792,0.0,0.0,1.0,1.0
311,0.7031584,2.8930037,2.9021347,0.0,0.0,1.0,1.0
312,0.7031584,2.94239,2.9233575,0.0,0.0,1.0,1.0
313,0.7031584,2.9822142,2.9629564,0.0,0.0,1.0,1.0
314,0.7031584,3.0129075,3.004387,0.0,0.0,1.0,1.0
315,0.42359743,3.0617385,3.0537636,0.0,0.0,1.0,1.0
316,0.42359743,3.1167285,3.1005769,0.0,0.0,1.0,1.0
317,0.711781,3.1366057,3.1446145,0.0,0.0,1.0,1.0
318,0.711781,3.2425022,3.1842892,0.0,0.0,1.0,1.0
319,0.711781,3.2606153,3.2241127,0.0,0.0,0.0,1.0
320,0.711781,3.3334928,3.2593288,0.0,0.0,0.0,1.0
321,0.14397763,3.358089,3.290707,0.0,0.0,0.0,1.0
322,0.711781,3.3950858,3.3154984,0.0,0.0,0.0,1.0
323,0.43216124,3.3691013,3.3336098,0.0,0.0,0.0,1.0
324,0.43216124,3.4202712,3.3509583,0.0,0.0,0.0,1.0
325,0.43216124,3.4048088,3.3621223,0.0,0.0,0.0,1.0
326,0.15252244,3.389447,3.3732355,0.0,0.0,0.0,1.0
327,0.15252244,3.3592324,3.3800097,0.0,0.0,0.0,1.0
328,0.15252244,3.3340669,3.3886735,0.0,0.0,0.0,1.0
329,0.15252244,3.3447874,3.3919723,0.0,0.0,0.0,1.0
330,-0.1271621,3.3764691,3.4012141,0.0,0.0,0.0,1.0
331,-0.1271621,3.3939748,3.4064772,0.0,0.0,0.0,1.0
332,-0.1271621,3.4147823,3.414511,0.0,0.0,0.0,1.0
333,-0.1271621,3.4620557,3.4231753,0.0,0.0,0.0,1.0
334,-0.11863311,3.434671,3.4384978,0.0,0.0,0.0,1.0
335,-0.40685207,3.4800038,3.4537623,0.0,0.0,0.0,1.0
336,-0.40685207,3.4834273,3.4670098,0.0,0.0,0.0,1.0
337,-0.11863311,3.5012152,3.479362,0.0,0.0,0.0,1.0
338,-0.40685207,3.4934196,3.4882827,0.0,0.0,0.0,1.0
339,0.16105686,3.5431006,3.4920373,0.0,0.0,0.0,1.0
340,-0.40685207,3.5172415,3.4889965,0.0,0.0,0.0,1.0
341,-0.40685207,3.5037563,3.4811833,0.0,0.0,0.0,1.0
342,0.16105686,3.524697,3.4635236,0.0,0.0,0.0,1.0
343,-0.40685207,3.5010214,3.4361486,0.0,0.0,0.0,1.0
344,0.16105686,3.459838,3.3931136,0.0,0.0,0.0,1.0
345,-0.40685207,3.4255672,3.342762,0.0,0.0,0.0,1.0
346,-0.1271621,3.3409111,3.2819374,0.0,0.0,0.0,1.0
347,-0.1271621,3.2680876,3.2151172,0.0,0.0,0.0,1.0
348,-0.40685207,3.1549268,3.143464,0.0,0.0,0.0,1.0
349,-0.40685207,2.984797,3.060715,0.0,0.0,0.0,1.0
350,-0.40685207,2.8892007,2.9714572,0.0,0.0,0.0,1.0
351,-0.40685207,2.813203,2.8767657,0.0,0.0,1.0,1.0
352,-0.40685207,2.7154014,2.7823253,0.0,0.0,1.0,1.0
353,-0.40685207,2.6439188,2.6880813,0.0,0.0,1.0,1.0
354,-0.6950357,2.5317068,2.5977135,0.0,0.0,1.0,1.0
355,-0.6950357,2.429928,2.5133815,0.0,0.0,1.0,1.0
356,-0.4153457,2.32354,2.4388301,0.0,0.0,1.0,1.0
357,-0.6950357,2.2922828,2.372016,0.0,0.0,1.0,1.0
358,-0.4153457,2.2099829,2.309395,0.0,0.0,1.0,1.0
359,-0.4153457,2.183673,2.2560565,0.0,0.0,1.0,1.0
360,-0.703494,2.1429446,2.2148368,0.0,0.0,1.0,1.0
361,-0.703494,2.0901802,2.1840467,0.0,0.0,1.0,1.0
362,-0.703494,2.0874305,2.1595144,0.0,0.0,1.0,1.0
363,-0.703494,2.0617507,2.1430383,0.0,0.0,1.0,1.0
364,-0.703494,2.075339,2.1328733,0.0,0.0,1.0,1.0
365,-0.703494,2.1492848,2.1382284,0.0,0.0,1.0,1.0
366,-0.7119224,2.1622236,2.1544592,0.0,0.0,1.0,1.0
367,-0.7119224,2.135541,2.179117,0.0,0.0,1.0,1.0
368,-0.7119224,2.1258264,2.2149537,0.0,0.0,1.0,1.0
369,-0.7119224,2.1703038,2.259966,0.0,0.0,1.0,1.0
370,-0.7119224,2.2742422,2.3165298,0.0,0.0,1.0,1.0
371,-0.7203612,2.3784435,2.3821013,0.0,0.0,1.0,1.0
372,-0.7203612,2.4388378,2.4499483,0.0,0.0,1.0,1.0
373,-0.7203612,2.5202203,2.5252504,0.0,0.0,1.0,1.0
374,-0.7203612,2.6275792,2.6144192,0.0,0.0,1.0,1.0
375,-0.7203612,2.7405162,2.7091546,0.0,0.0,1.0,1.0
376,-0.7203612,2.8621976,2.8025947,0.0,0.0,1.0,1.0
377,-0.4407414,2.9634478,2.8967602,0.0,0.0,1.0,1.0
378,-0.4407414,3.0658503,2.9888551,0.0,0.0,1.0,1.0
379,-0.72878367,3.2055652,3.0857687,0.0,0.0,1.0,1.0
380,-0.4407414,3.2626524,3.1774921,0.0,0.0,1.0,1.0
381,-0.4407414,3.2915843,3.260742,0.0,0.0,0.0,1.0
382,-0.4407414,3.4042284,3.3286445,0.0,0.0,0.0,1.0
383,-0.4407414,3.483581,3.3838124,0.0,0.0,0.0,1.0
384,-0.4407414,3.6018012,3.422708,0.0,0.0,0.0,1.0
385,-0.4407414,3.620901,3.4406502,0.0,0.0,0.0,1.0
386,-0.4407414,3.6265774,3.4360008,0.0,0.0,0.0,1.0
387,-0.4407414,3.555347,3.4128227,0.0,0.0,0.0,1.0
388,-0.16118047,3.524212,3.3751864,0.0,0.0,1.0,1.0
389,-0.4407414,3.4301975,3.3149853,0.0,0.0,1.0,1.0
390,0.12689714,3.281155,3.2386434,0.0,0.0,1.0,1.0
391,0.12689714,3.1497731,3.1445155,0.0,0.0,1.0,1.0
392,0.12689714,2.9845147,3.0392487,0.0,0.0,1.0,1.0
393,0.12689714,2.8399503,2.9224894,0.0,0.0,1.0,1.0
394,0.4150101,2.6818123,2.8041143,0.0,0.0,1.0,1.0
395,0.12689714,2.5674798,2.6754963,0.0,0.0,1.0,1.0
396,0.4150101,2.4722662,2.5457902,0.0,0.0,1.0,1.0
397,0.4150101,2.3576994,2.420707,0.0,0.0,1.0,1.0
398,0.4150101,2.2254646,2.3051884,0.0,0.0,1.0,1.0
399,0.4150101,2.1348486,2.202346,0.0,0.0,1.0,1.0
400,0.7031584,1.9807949,2.11154,0.0,0.0,1.0,1.0
401,0.7031584,1.8737239,2.0372884,0.0,0.0,1.0,1.0
402,0.7031584,1.7801547,1.9738357,0.0,0.0,1.0,1.0
403,0.7031584,1.7635508,1.9191502,0.0,0.0,1.0,1.0
404,0.7031584,1.7504073,1.8746259,0.0,0.0,0.0,1.0
405,0.7031584,1.7502786,1.8431402,0.0,0.0,0.0,1.0
406,0.7031584,1.7907922,1.814505,0.0,0.0,0.0,1.0
407,0.42359743,1.8060477,1.8014218,0.0,0.0,0.0,1.0
408,0.42359743,1.8160399,1.7997571,0.0,0.0,0.0,1.0
409,0.42359743,1.823408,1.8037838,0.0,0.0,0.0,1.0
410,0.711781,1.8476369,1.8100631,0.0,0.0,0.0,1.0
411,0.711781,1.7912242,1.8173763,0.0,0.0,0.0,1.0
412,0.711781,1.8237964,1.8278148,0.0,0.0,0.0,1.0
413,0.711781,1.8537493,1.8371642,0.0,0.0,0.0,1.0
414,0.43216124,1.8284737,1.8478547,0.0,0.0,0.0,1.0
415,0.43216124,1.8389039,1.8643256,0.0,0.0,0.0,1.0
416,0.43216124,1.8381636,1.8832045,0.0,0.0,0.0,1.0
417,0.15252244,1.875542,1.9017546,0.0,0.0,0.0,1.0
418,0.15252244,1.9029846,1.9244194,0.0,0.0,0.0,1.0
419,0.15252244,1.9343348,1.9486293,0.0,0.0,0.0,1.0
420,-0.1271621,2.013691,1.9745173,0.0,0.0,0.0,1.0
421,-0.1271621,2.0499525,2.0095453,0.0,0.0,0.0,1.0
422,-0.1271621,2.0702398,2.0457299,0.0,0.0,0.0,1.0
423,-0.1271621,2.0632014,2.0798972,0.0,0.0,0.0,1.0
424,-0.40685207,2.1143153,2.1105454,0.0,0.0,0.0,1.0
425,0.16105686,2.1644058,2.14494,0.0,0.0,0.0,1.0
426,-0.40685207,2.2488086,2.1819117,0.0,0.0,0.0,1.0
427,-0.40685207,2.273119,2.2167113,0.0,0.0,0.0,1.0
428,-0.40685207,2.2481701,2.248923,0.0,0.0,0.0,1.0
429,-0.40685207,2.2433207,2.2799585,0.0,0.0,0.0,1.0
430,0.16105686,2.3157187,2.3066666,0.0,0.0,0.0,1.0
431,-0.40685207,2.377998,2.319117,0.0,0.0,0.0,1.0
432,-0.40685207,2.4312854,2.3248966,0.0,0.0,0.0,1.0
433,-0.40685207,2.4364948,2.3252344,0.0,0.0,0.0,1.0
434,-0.40685207,2.442664,2.3209684,0.0,0.0,0.0,1.0
435,-0.40685207,2.3836977,2.32112,0.0,0.0,0.0,1.0
436,-0.1271621,2.2637208,2.3267078,0.0,0.0,0.0,1.0
437,-0.40685207,2.233761,2.3217707,0.0,0.0,0.0,1.0
438,-0.40685207,2.252862,2.3146977,0.0,0.0,1.0,1.0
439,-0.40685207,2.2219274,2.3071284,0.0,0.0,1.0,1.0
440,-0.40685207,2.2499897,2.3109767,0.0,0.0,1.0,1.0
441,-0.40685207,2.3103735,2.3131123,0.0,0.0,1.0,1.0
442,-0.6950357,2.2564726,2.317036,0.0,0.0,1.0,1.0
443,-0.4153457,2.2931254,2.3318117,0.0,0.0,1.0,1.0
444,-0.6950357,2.3404531,2.3512144,0.0,0.0,1.0,1.0
445,-0.6950357,2.4826725,2.36854,0.0,0.0,1.0,1.0
446,-0.4153457,2.4682915,2.3939114,0.0,0.0,1.0,1.0
447,-0.4153457,2.430781,2.4190204,0.0,0.0,1.0,1.0
448,-0.703494,2.4410295,2.4374697,0.0,0.0,1.0,1.0
449,-0.4153457,2.466595,2.4550598,0.0,0.0,1.0,1.0
450,-0.703494,2.4607701,2.4740596,0.0,0.0,1.0,1.0
451,-0.703494,2.526382,2.483918,0.0,0.0,1.0,1.0
452,-0.703494,2.551299,2.4749317,0.0,0.0,1.0,1.0
453,-0.42380944,2.5317638,2.465889,0.0,0.0,1.0,1.0
454,-0.7119224,2.467554,2.4598494,0.0,0.0,1.0,1.0
455,-0.7119224,2.521123,2.4549656,0.0,0.0,1.0,1.0
456,-0.7119224,2.458754,2.4409904,0.0,0.0,1.0,1.0
457,-0.7119224,2.3748386,2.4310672,0.0,0.0,1.0,1.0
458,-0.7203612,2.359777,2.4160104,0.0,0.0,1.0,1.0
459,-0.7203612,2.3583066,2.4029803,0.0,0.0,1.0,1.0
460,-0.7203612,2.382423,2.3965971,0.0,0.0,1.0,1.0
461,-0.7203612,2.2988956,2.4013073,0.0,0.0,1.0,1.0
462,-0.7203612,2.3416898,2.3998444,0.0,0.0,1.0,1.0
463,-0.7203612,2.345701,2.4113107,0.0,0.0,1.0,1.0
464,-0.4407414,2.394938,2.431831,0.0,0.0,1.0,1.0
465,-0.72878367,2.4551654,2.4561262,0.0,0.0,1.0,1.0
466,-0.4407414,2.5240748,2.477652,0.0,0.0,1.0,1.0
467,-0.72878367,2.5035677,2.4989479,0.0,0.0,1.0,1.0
468,-0.4407414,2.596352,2.5267136,0.0,0.0,1.0,1.0
469,-0.4407414,2.6210783,2.5525663,0.0,0.0,1.0,1.0
470,-0.4407414,2.6513224,2.5777836,0.0,0.0,0.0,1.0
471,-0.4407414,2.6166172,2.5919437,0.0,0.0,0.0,1.0
472,-0.4407414,2.6379726,2.594461,0.0,0.0,0.0,1.0
473,-0.16118047,2.6320837,2.5842905,0.0,0.0,0.0,1.0
474,-0.4407414,2.651923,2.5721061,0.0,0.0,0.0,1.0
475,-0.16118047,2.6483095,2.542595,0.0,0.0,0.0,1.0
476,0.12689714,2.5648592,2.5016544,0.0,0.0,0.0,1.0
477,0.12689714,2.4853704,2.4502697,0.0,0.0,0.0,1.0
478,0.12689714,2.4020317,2.405252,0.0,0.0,0.0,1.0
479,0.12689714,2.3573549,2.3537588,0.0,0.0,0.0,1.0
480,0.12689714,2.242215,2.300939,0.0,0.0,0.0,1.0
481,0.4150101,2.1297927,2.2452962,0.0,0.0,0.0,1.0
482,0.4150101,2.0347059,2.1888971,0.0,0.0,0.0,1.0
483,0.4150101,2.0764065,2.140858,0.0,0.0,0.0,1.0
484,0.4150101,2.0200527,2.1012871,0.0,0.0,0.0,1.0
485,0.4150101,1.9982486,2.0695946,0.0,0.0,0.0,1.0
486,0.4150101,1.9842093,2.0437858,0.0,0.0,0.0,1.0
487,0.4150101,1.9715194,2.035107,0.0,0.0,0.0,1.0
488,0.7031584,1.9883873,2.0424976,0.0,0.0,0.0,1.0
489,0.7031584,2.0105217,2.0583653,0.0,0.0,0.0,1.0
490,0.7031584,2.021721,2.0715415,0.0,0.0,0.0,1.0
491,0.7031584,2.0476508,2.0977833,0.0,0.0,0.0,1.0
492,0.7031584,2.1380682,2.1325862,0.0,0.0,0.0,1.0
493,0.7031584,2.2184818,2.1727016,0.0,0.0,0.0,1.0
494,0.7031584,2.225117,2.2088087,0.0,0.0,0.0,1.0
495,0.7031584,2.234521,2.2464075,0.0,0.0,0.0,1.0
496,0.42359743,2.334954,2.2859094,0.0,0.0,0.0,1.0
497,0.42359743,2.4158838,2.330212,0.0,0.0,0.0,1.0
498,0.42359743,2.4655926,2.3766775,0.0,0.0,0.0,1.0
499,0.711781,2.404805,2.4243903,0.0,0.0,0.0,1.0
500,0.711781,2.4395726,2.4726257,0.0,0.0,0.0,1.0
501,0.42359743,2.4845455,2.51798,0.0,0.0,0.0,1.0
502,0.711781,2.5533524,2.5666466,0.0,0.0,0.0,1.0
503,0.43216124,2.6052353,2.6107342,0.0,0.0,0.0,1.0
504,0.43216124,2.710624,2.6465614,0.0,0.0,0.0,1.0
505,0.43216124,2.7973053,2.6814947,0.0,0.0,0.0,1.0
506,0.15252244,2.7693703,2.7301173,0.0,0.0,0.0,1.0
507,0.15252244,2.8185189,2.777525,0.0,0.0,0.0,1.0
508,0.15252244,2.864006,2.8139315,0.0,0.0,0.0,1.0
509,-0.1271621,2.8458078,2.8397362,0.0,0.0,0.0,1.0
510,-0.1271621,2.8847935,2.8622267,0.0,0.0,0.0,1.0
511,-0.1271621,2.9882762,2.8736675,0.0,0.0,0.0,1.0
512,0.16105686,3.008463,2.882615,0.0,0.0,0.0,1.0
513,-0.1271621,2.9214244,2.897912,0.0,0.0,0.0,1.0
514,-0.1271621,2.8630106,2.9074655,0.0,0.0,0.0,1.0
515,0.16105686,2.8751202,2.9040403,0.0,0.0,1.0,1.0
516,0.16105686,2.8479137,2.8960736,0.0,0.0,1.0,1.0
517,-0.1271621,2.9046779,2.885941,0.0,0.0,1.0,1.0
518,0.16105686,2.9529335,2.8662503,0.0,0.0,1.0,1.0
519,0.16105686,2.9331596,2.8382373,0.0,0.0,1.0,1.0
520,0.16105686,2.8229039,2.8176801,0.0,0.0,1.0,1.0
521,0.16105686,2.7502062,2.8077478,0.0,0.0,1.0,1.0
522,-0.1271621,2.7632043,2.798259,0.0,0.0,1.0,1.0
523,-0.1271621,2.7519848,2.786417,0.0,0.0,1.0,1.0
524,-0.1271621,2.672307,2.779256,0.0,0.0,1.0,1.0
525,-0.1271621,2.6747403,2.7753477,0.0,0.0,1.0,1.0
526,-0.1271621,2.7438211,2.7800927,0.0,0.0,1.0,1.0
527,-0.1271621,2.7612543,2.7976406,0.0,0.0,1.0,1.0
528,-0.1271621,2.705812,2.8177595,0.0,0.0,1.0,1.0
529,-0.1271621,2.818747,2.8304324,0.0,0.0,1.0,1.0
530,-0.1271621,2.9060328,2.8474188,0.0,0.0,1.0,1.0
531,-0.6950357,2.9900978,2.8783507,0.0,0.0,1.0,1.0
532,-0.1271621,3.033479,2.9111671,0.0,0.0,1.0,1.0
533,-0.6950357,2.9916348,2.9407651,0.0,0.0,1.0,1.0
534,-0.4153457,2.915279,2.9668427,0.0,0.0,1.0,1.0
535,-0.4153457,2.9558194,3.002804,0.0,0.0,1.0,1.0
536,-0.4153457,3.0434928,3.0376606,0.0,0.0,1.0,1.0
537,-0.703494,3.068535,3.0569327,0.0,0.0,1.0,1.0
538,-0.703494,3.0989985,3.0709686,0.0,0.0,1.0,1.0
539,-0.703494,3.074185,3.0852263,0.0,0.0,1.0,1.0
540,-0.703494,3.1373463,3.0946212,0.0,0.0,1.0,1.0
541,-0.703494,3.2370272,3.1077983,0.0,0.0,1.0,1.0
542,-0.42380944,3.1372986,3.1174912,0.0,0.0,1.0,1.0
543,-0.7119224,3.1585286,3.116099,0.0,0.0,1.0,1.0
544,-0.7119224,3.2045715,3.1135657,0.0,0.0,1.0,1.0
545,-0.7119224,3.1043732,3.1083853,0.0,0.0,1.0,1.0
546,-0.7119224,3.0734036,3.1034207,0.0,0.0,1.0,1.0
547,-0.43228358,3.0721338,3.0884395,0.0,0.0,1.0,1.0
548,-0.7119224,3.026788,3.0643845,0.0,0.0,1.0,1.0
549,-0.7203612,3.0381336,3.0511436,0.0,0.0,1.0,1.0
550,-0.7203612,3.0368357,3.0370083,0.0,0.0,1.0,1.0
551,-0.4407414,3.0146089,3.0165415,0.0,0.0,1.0,1.0
552,-0.4407414,2.9575703,3.0018578,0.0,0.0,1.0,1.0
553,-0.7203612,2.948369,3.0002046,0.0,0.0,1.0,1.0
554,-0.4407414,2.9784067,2.9896636,0.0,0.0,1.0,1.0
555,-0.4407414,2.988906,2.975407,0.0,0.0,1.0,1.0
556,-0.72878367,2.9589705,2.965404,0.0,0.0,1.0,1.0
557,-0.72878367,2.9281657,2.9525366,0.0,0.0,1.0,1.0
558,-0.4407414,3.0535681,2.9299963,0.0,0.0,1.0,1.0
559,-0.72878367,2.945641,2.9088433,0.0,0.0,1.0,1.0
560,-0.16118047,2.8557086,2.880245,0.0,0.0,1.0,1.0
561,-0.4407414,2.9180994,2.8430235,0.0,0.0,1.0,1.0
562,-0.16118047,2.8824236,2.7999215,0.0,0.0,0.0,1.0
563,-0.16118047,2.7441247,2.7529578,0.0,0.0,0.0,1.0
564,-0.16118047,2.703736,2.6982057,0.0,0.0,0.0,1.0
565,0.12689714,2.6051888,2.623157,0.0,0.0,0.0,1.0
566,0.12689714,2.531749,2.5482793,0.0,0.0,0.0,1.0
567,0.12689714,2.471684,2.4768167,0.0,0.0,0.0,1.0
568,0.12689714,2.3954062,2.3908215,0.0,0.0,0.0,1.0
569,0.12689714,2.2711382,2.2926774,0.0,0.0,0.0,1.0
570,0.12689714,2.152986,2.2015896,0.0,0.0,0.0,1.0
571,0.4150101,2.0471067,2.1165614,0.0,0.0,0.0,1.0
572,0.4150101,1.998158,2.030223,0.0,0.0,0.0,1.0
573,0.4150101,1.8861547,1.9459252,0.0,0.0,0.0,1.0
574,0.4150101,1.7046953,1.8664007,0.0,0.0,0.0,1.0
575,0.4150101,1.6510719,1.7930326,0.0,0.0,0.0,1.0
576,0.4150101,1.6833975,1.7297437,0.0,0.0,0.0,1.0
577,0.4150101,1.5691262,1.6753507,0.0,0.0,1.0,1.0
578,0.7031584,1.520178,1.6280055,0.0,0.0,1.0,1.0
579,0.7031584,1.5173895,1.5872492,0.0,0.0,1.0,1.0
580,0.7031584,1.5149893,1.5633556,0.0,0.0,1.0,1.0
581,0.7031584,1.5116711,1.5616455,0.0,0.0,1.0,1.0
582,0.7031584,1.5002704,1.5646453,0.0,0.0,1.0,1.0
583,0.7031584,1.4789643,1.5638885,0.0,0.0,1.0,1.0
584,0.7031584,1.5090824,1.5728701,0.0,0.0,1.0,1.0
585,0.7031584,1.5994306,1.5895712,0.0,0.0,1.0,1.0
586,0.99134195,1.6841745,1.60745,0.0,0.0,1.0,1.0
587,0.42359743,1.6870697,1.6181152,0.0,0.0,1.0,1.0
588,0.711781,1.6743168,1.6289395,0.0,0.0,1.0,1.0
589,0.711781,1.6769047,1.6399084,0.0,0.0,1.0,1.0
590,0.711781,1.7205915,1.6545559,0.0,0.0,1.0,1.0
591,0.43216124,1.7319343,1.6660101,0.0,0.0,1.0,1.0
592,0.43216124,1.6429715,1.6702731,0.0,0.0,1.0,1.0
593,0.43216124,1.6415639,1.6694235,0.0,0.0,0.0,1.0
594,0.43216124,1.6318976,1.6719422,0.0,0.0,0.0,1.0
595,0.15252244,1.6547335,1.6745011,0.0,0.0,0.0,1.0
596,0.15252244,1.6465324,1.6727949,0.0,0.0,0.0,1.0
597,0.15252244,1.6505859,1.6657507,0.0,0.0,0.0,1.0
598,-0.1271621,1.6739799,1.6562132,0.0,0.0,0.0,1.0
599,-0.1271621,1.7172941,1.6553602,0.0,0.0,0.0,1.0
600,-0.1271621,1.7050234,1.6503481,0.0,0.0,0.0,1.0
601,-0.1271621,1.6564318,1.6444446,0.0,0.0,0.0,1.0
602,-0.1271621,1.636061,1.6326905,0.0,0.0,0.0,1.0
603,0.16105686,1.6174834,1.6254921,0.0,0.0,0.0,1.0
604,-0.40685207,1.6327357,1.6177404,0.0,0.0,1.0,1.0
605,-0.40685207,1.5814182,1.609553,0.0,0.0,1.0,1.0
606,0.16105686,1.5610561,1.5958414,0.0,0.0,1.0,1.0
607,0.16105686,1.5136845,1.5822182,0.0,0.0,1.0,1.0
608,-0.1271621,1.560151,1.5716493,0.0,0.0,1.0,1.0
609,0.16105686,1.5575656,1.5613345,0.0,0.0,1.0,1.0
610,0.16105686,1.575731,1.5472308,0.0,0.0,1.0,1.0
611,0.16105686,1.5527556,1.5284612,0.0,0.0,1.0,1.0
612,-0.1271621,1.5415443,1.5142709,0.0,0.0,1.0,1.0
613,-0.1271621,1.5296053,1.4994833,0.0,0.0,1.0,1.0
614,-0.1271621,1.5122833,1.4890691,0.0,0.0,1.0,1.0
615,-0.1271621,1.4482394,1.4744835,0.0,0.0,1.0,1.0
616,-0.1271621,1.4074997,1.4606851,0.0,0.0,1.0,1.0
617,-0.1271621,1.4111347,1.4468336,0.0,0.0,1.0,1.0
618,-0.4153457,1.3836063,1.4364052,0.0,0.0,1.0,1.0
619,-0.4153457,1.3887126,1.4279538,0.0,0.0,1.0,1.0
620,-0.6950357,1.3851237,1.4317635,0.0,0.0,1.0,1.0
621,-0.4153457,1.3919854,1.4455591,0.0,0.0,1.0,1.0
622,-0.4153457,1.409513,1.466983,0.0,0.0,1.0,1.0
623,-0.4153457,1.427615,1.4880965,0.0,0.0,1.0,1.0
624,-0.4153457,1.4401269,1.5087404,0.0,0.0,1.0,1.0
625,-0.703494,1.5753225,1.5326453,0.0,0.0,1.0,1.0
626,-0.703494,1.67783,1.5575631,0.0,0.0,1.0,1.0
627,-0.703494,1.7053257,1.5855793,0.0,0.0,1.0,1.0
628,-0.703494,1.6608623,1.6118934,0.0,0.0,1.0,1.0
629,-0.703494,1.6588608,1.6331719,0.0,0.0,1.0,1.0
630,-0.42380944,1.6704664,1.6524802,0.0,0.0,1.0,1.0
631,-0.7119224,1.687725,1.6655973,0.0,0.0,1.0,1.0
632,-0.7119224,1.7213185,1.6706873,0.0,0.0,1.0,1.0
633,-0.7119224,1.7077545,1.6651471,0.0,0.0,1.0,1.0
634,-0.7119224,1.6648551,1.6613487,0.0,0.0,1.0,1.0
635,-0.7119224,1.6593157,1.6626914,0.0,0.0,1.0,1.0
636,-0.7119224,1.5975313,1.6588835,0.0,0.0,1.0,1.0
637,-0.43228358,1.6364025,1.6479045,0.0,0.0,1.0,1.0
638,-0.7203612,1.6113473,1.6403232,0.0,0.0,1.0,1.0
639,-0.43228358,1.6597452,1.630589,0.0,0.0,1.0,1.0
640,-0.7203612,1.6769742,1.619903,0.0,0.0,1.0,1.0
641,-0.7203612,1.6131662,1.6098299,0.0,0.0,1.0,1.0
642,-0.7203612,1.5387181,1.6024781,0.0,0.0,1.0,1.0
643,-0.7203612,1.5967494,1.5939395,0.0,0.0,1.0,1.0
644,-0.4407414,1.6045079,1.5836668,0.0,0.0,1.0,1.0
645,-0.4407414,1.579522,1.576753,0.0,0.0,1.0,1.0
646,-0.72878367,1.5439792,1.563859,0.0,0.0,1.0,1.0
647,-0.72878367,1.5710946,1.5454692,0.0,0.0,1.0,1.0
648,-0.4407414,1.4950676,1.5247585,0.0,0.0,1.0,1.0
649,-0.72878367,1.5131296,1.5059708,0.0,0.0,0.0,1.0
650,-0.4407414,1.5283828,1.4738936,0.0,0.0,0.0,1.0
651,-0.4407414,1.5050157,1.4372047,0.0,0.0,0.0,1.0
652,-0.16118047,1.4562969,1.3980298,0.0,0.0,0.0,1.0
653,-0.16118047,1.3646381,1.3558829,0.0,0.0,0.0,1.0
654,-0.16118047,1.3132663,1.2998822,0.0,0.0,0.0,1.0
655,-0.16118047,1.2118231,1.2483183,0.0,0.0,0.0,1.0
656,0.12689714,1.1642402,1.1934146,0.0,0.0,0.0,1.0
657,0.12689714,1.1094238,1.1360854,0.0,0.0,0.0,1.0
658,0.12689714,1.0382164,1.0802143,0.0,0.0,0.0,1.0
659,0.12689714,0.89908624,1.0318983,0.0,0.0,0.0,1.0
660,0.12689714,0.87630033,0.98982435,0.0,0.0,0.0,1.0
661,0.12689714,0.85428494,0.9554487,0.0,0.0,0.0,1.0
662,0.4150101,0.84043247,0.9330164,0.0,0.0,0.0,1.0
663,0.4150101,0.8345618,0.92065537,0.0,0.0,0.0,1.0
664,0.4150101,0.8765049,0.92270136,0.0,0.0,0.0,1.0
665,0.4150101,0.8597519,0.94049656,0.0,0.0,0.0,1.0
666,0.4150101,0.9007579,0.9800224,0.0,0.0,0.0,1.0
667,0.4150101,0.9426359,1.0276623,0.0,0.0,0.0,1.0
668,0.4150101,1.015908,1.0822728,0.0,0.0,0.0,1.0
669,0.7031584,1.1339753,1.1425412,0.0,0.0,0.0,1.0
670,0.7031584,1.2517592,1.2148128,0.0,0.0,0.0,1.0
671,0.7031584,1.3733956,1.2920306,0.0,0.0,0.0,1.0
672,0.7031584,1.4479798,1.3792657,0.0,0.0,0.0,1.0
673,0.7031584,1.5096099,1.4690287,0.0,0.0,0.0,1.0
674,0.7031584,1.5636541,1.5550112,0.0,0.0,0.0,1.0
675,0.7031584,1.7018212,1.6377656,0.0,0.0,0.0,1.0
676,0.7031584,1.8031187,1.712348,0.0,0.0,0.0,1.0
677,0.7031584,1.9065728,1.7717636,0.0,0.0,0.0,1.0
678,0.711781,1.9779146,1.8235936,0.0,0.0,0.0,1.0
679,0.42359743,1.9744246,1.8684412,0.0,0.0,0.0,1.0
680,0.711781,2.0089622,1.9049165,0.0,0.0,0.0,1.0
681,0.711781,2.0289633,1.9316958,0.0,0.0,0.0,1.0
682,0.711781,1.9647466,1.9414318,0.0,0.0,0.0,1.0
683,0.43216124,1.9953556,1.93596,0.0,0.0,0.0,1.0
684,0.43216124,1.9861515,1.9172418,0.0,0.0,0.0,1.0
685,0.43216124,1.9473131,1.8924549,0.0,0.0,0.0,1.0
686,0.43216124,1.8850062,1.8655958,0.0,0.0,0.0,1.0
687,0.15252244,1.8186518,1.8336908,0.0,0.0,0.0,1.0
688,0.15252244,1.7374588,1.8024317,0.0,0.0,0.0,1.0
689,0.15252244,1.6819532,1.7754723,0.0,0.0,0.0,1.0
690,-0.1271621,1.6804715,1.7459811,0.0,0.0,0.0,1.0
691,-0.1271621,1.6521158,1.723474,0.0,0.0,1.0,1.0
692,-0.1271621,1.6261015,1.7020779,0.0,0.0,1.0,1.0
693,-0.1271621,1.6538545,1.6853985,0.0,0.0,1.0,1.0
694,-0.1271621,1.641234,1.6697992,0.0,0.0,1.0,1.0
695,-0.1271621,1.6414609,1.6636786,0.0,0.0,1.0,1.0
696,-0.1271621,1.7160671,1.6633116,0.0,0.0,1.0,1.0
697,0.16105686,1.6905594,1.6610144,0.0,0.0,1.0,1.0
698,0.16105686,1.6848527,1.6579939,0.0,0.0,1.0,1.0
699,-0.1271621,1.6314605,1.6550299,0.0,0.0,1.0,1.0
700,0.16105686,1.664013,1.6475056,0.0,0.0,1.0,1.0
701,0.16105686,1.6775478,1.6376518,0.0,0.0,1.0,1.0
702,0.16105686,1.652906,1.6285466,0.0,0.0,1.0,1.0
703,-0.1271621,1.6158694,1.6080122,0.0,0.0,1.0,1.0
704,0.16105686,1.5905331,1.5912647,0.0,0.0,1.0,1.0
705,-0.1271621,1.5635636,1.5763003,0.0,0.0,1.0,1.0
706,-0.1271621,1.5229887,1.5639402,0.0,0.0,1.0,1.0
707,-0.1271621,1.5321983,1.5435011,0.0,0.0,1.0,1.0
708,-0.1271621,1.469654,1.5424836,0.0,0.0,1.0,1.0
709,-0.1271621,1.4895896,1.546624,0.0,0.0,1.0,1.0
710,-0.1271621,1.5052793,1.5574265,0.0,0.0,1.0,1.0
711,-0.4153457,1.4831394,1.5707042,0.0,0.0,1.0,1.0
712,-0.4153457,1.4187452,1.5900493,0.0,0.0,1.0,1.0
713,-0.4153457,1.6653361,1.621136,0.0,0.0,1.0,1.0
714,-0.4153457,1.7025906,1.6613574,0.0,0.0,1.0,1.0
715,-0.4153457,1.7454998,1.7092245,0.0,0.0,1.0,1.0
716,-0.4153457,1.7498667,1.768121,0.0,0.0,1.0,1.0
717,-0.703494,1.7957032,1.8256582,0.0,0.0,1.0,1.0
718,-0.703494,1.8960285,1.8869078,0.0,0.0,1.0,1.0
719,-0.703494,2.0148566,1.9631128,0.0,0.0,1.0,1.0
720,-0.703494,2.044058,2.0111754,0.0,0.0,1.0,1.0
721,-0.42380944,2.196349,2.0546527,0.0,0.0,1.0,1.0
722,-0.703494,2.195725,2.0970721,0.0,0.0,1.0,1.0
723,-0.7119224,2.2181349,2.1427536,0.0,0.0,1.0,1.0
724,-0.7119224,2.3332062,2.174254,0.0,0.0,1.0,1.0
725,-0.7119224,2.2420871,2.2030215,0.0,0.0,1.0,1.0
726,-0.43228358,2.224318,2.2253072,0.0,0.0,1.0,1.0
727,-0.7203612,2.2545326,2.248779,0.0,0.0,1.0,1.0
728,-0.7203612,2.298043,2.2752447,0.0,0.0,1.0,1.0
729,-0.7203612,2.1737084,2.300678,0.0,0.0,1.0,1.0
730,-0.7203612,2.241241,2.330465,0.0,0.0,1.0,1.0
731,-0.4407414,2.2822826,2.3643522,0.0,0.0,1.0,1.0
732,-0.4407414,2.3257205,2.409905,0.0,0.0,1.0,1.0
733,-0.4407414,2.5139375,2.4689457,0.0,0.0,1.0,1.0
734,-0.72878367,2.500925,2.5227757,0.0,0.0,1.0,1.0
735,-0.72878367,2.5755792,2.57381,0.0,0.0,1.0,1.0
736,-0.72878367,2.739851,2.634004,0.0,0.0,1.0,1.0
737,-0.72878367,2.788721,2.6865234,0.0,0.0,1.0,1.0
738,-0.72878367,2.9328077,2.7336245,0.0,0.0,1.0,1.0
739,-0.44922274,2.90049,2.7690415,0.0,0.0,1.0,1.0
740,-0.16118047,2.9104564,2.7819338,0.0,0.0,0.0,1.0
741,-0.16118047,2.8960366,2.7939599,0.0,0.0,0.0,1.0
742,-0.16118047,2.8714733,2.7997336,0.0,0.0,0.0,1.0
743,-0.16118047,2.8474965,2.7923405,0.0,0.0,0.0,1.0
744,-0.16118047,2.7507238,2.7674856,0.0,0.0,0.0,1.0
745,-0.16118047,2.668645,2.7298682,0.0,0.0,1.0,1.0
746,0.12689714,2.645238,2.687637,0.0,0.0,1.0,1.0
747,0.12689714,2.6448638,2.6315951,0.0,0.0,1.0,1.0
748,0.12689714,2.6511335,2.5675504,0.0,0.0,1.0,1.0
749,0.12689714,2.4904633,2.501852,0.0,0.0,1.0,1.0
750,0.12689714,2.481399,2.436012,0.0,0.0,1.0,1.0
751,0.4150101,2.3937151,2.3717127,0.0,0.0,1.0,1.0
752,0.12689714,2.2379534,2.316035,0.0,0.0,1.0,1.0
753,0.4150101,2.1275015,2.2646124,0.0,0.0,1.0,1.0
754,0.4150101,2.083092,2.2136717,0.0,0.0,1.0,1.0
755,0.4150101,2.0574157,2.166412,0.0,0.0,1.0,1.0
756,0.4150101,1.9791313,2.1407468,0.0,0.0,1.0,1.0
757,0.4150101,2.0005126,2.1205232,0.0,0.0,1.0,1.0
758,0.7031584,2.0281668,2.1044676,0.0,0.0,1.0,1.0
759,0.7031584,2.033575,2.0962276,0.0,0.0,1.0,1.0
760,0.7031584,2.0840206,2.0952692,0.0,0.0,1.0,1.0
761,0.7031584,2.1824796,2.0951364,0.0,0.0,1.0,1.0
762,0.7031584,2.2387161,2.0957696,0.0,0.0,1.0,1.0
763,0.7031584,2.201048,2.1050615,0.0,0.0,1.0,1.0
764,0.7031584,2.139073,2.1077242,0.0,0.0,1.0,1.0
765,0.7031584,2.1159987,2.101199,0.0,0.0,0.0,1.0
766,0.7031584,2.0814989,2.0924473,0.0,0.0,0.0,1.0
767,0.7031584,2.0650146,2.0811179,0.0,0.0,0.0,1.0
768,0.42359743,2.090636,2.0616684,0.0,0.0,0.0,1.0
769,0.711781,2.032463,2.038807,0.0,0.0,0.0,1.0
770,0.711781,1.9498644,2.0216138,0.0,0.0,0.0,1.0
771,0.711781,1.9285542,2.0135903,0.0,0.0,0.0,1.0
772,0.42359743,1.9480677,2.0018609,0.0,0.0,0.0,1.0
773,0.711781,1.9490873,1.9854494,0.0,0.0,0.0,1.0
774,0.43216124,1.9643782,1.9686944,0.0,0.0,0.0,1.0
775,0.43216124,1.9947289,1.9506,0.0,0.0,0.0,1.0
776,0.43216124,2.0427914,1.9340469,0.0,0.0,0.0,1.0
777,0.15252244,1.9752444,1.9300933,0.0,0.0,0.0,1.0
778,0.15252244,1.8845632,1.9276555,0.0,0.0,0.0,1.0
779,0.15252244,1.8639541,1.9235278,0.0,0.0,0.0,1.0
780,-0.1271621,1.8735031,1.9224362,0.0,0.0,1.0,1.0
781,-0.1271621,1.8338255,1.9247291,0.0,0.0,1.0,1.0
782,-0.1271621,1.9024215,1.9255412,0.0,0.0,1.0,1.0
783,-0.1271621,1.8993001,1.9223617,0.0,0.0,1.0,1.0
784,-0.1271621,1.8985361,1.9240984,0.0,0.0,1.0,1.0
785,-0.1271621,1.9359891,1.9299587,0.0,0.0,1.0,1.0
786,-0.1271621,1.9918914,1.9336874,0.0,0.0,1.0,1.0
787,0.16105686,2.0044744,1.9285449,0.0,0.0,1.0,1.0
788,-0.1271621,2.0046384,1.921657,0.0,0.0,1.0,1.0
789,0.16105686,1.9960836,1.9070431,0.0,0.0,1.0,1.0
790,0.16105686,1.9548869,1.8920352,0.0,0.0,1.0,1.0
791,0.16105686,1.9086999,1.8730657,0.0,0.0,1.0,1.0
792,-0.1271621,1.8117913,1.847489,0.0,0.0,1.0,1.0
793,-0.1271621,1.7511709,1.8231094,0.0,0.0,1.0,1.0
794,-0.1271621,1.7270546,1.7941204,0.0,0.0,1.0,1.0
795,-0.1271621,1.7192067,1.7632481,0.0,0.0,1.0,1.0
796,-0.1271621,1.6709012,1.7267777,0.0,0.0,1.0,1.0
797,-0.1271621,1.6290685,1.6903188,0.0,0.0,1.0,1.0
798,-0.1271621,1.699336,1.6559533,0.0,0.0,1.0,1.0
799,-0.1271621,1.656607,1.6287073,0.0,0.0,1.0,1.0
800,-0.40685207,1.6341703,1.6047138,0.0,0.0,1.0,1.0
801,-0.4153457,1.5584382,1.5802945,0.0,0.0,1.0,1.0
802,-0.6950357,1.5173819,1.5554843,0.0,0.0,1.0,1.0
803,-0.4153457,1.4963126,1.5375993,0.0,0.0,1.0,1.0
804,-0.4153457,1.484839,1.5220537,0.0,0.0,1.0,1.0
805,-0.4153457,1.4632494,1.4989132,0.0,0.0,1.0,1.0
806,-0.4153457,1.434023,1.4801861,0.0,0.0,1.0,1.0
807,-0.4153457,1.4214846,1.4661043,0.0,0.0,1.0,1.0
808,-0.703494,1.4562819,1.458367,0.0,0.0,1.0,1.0
809,-0.703494,1.4425211,1.4416018,0.0,0.0,1.0,1.0
810,-0.703494,1.421649,1.4258081,0.0,0.0,1.0,1.0
811,-0.703494,1.4318824,1.408935,0.0,0.0,1.0,1.0
812,-0.703494,1.4651875,1.4081687,0.0,0.0,1.0,1.0
813,-0.42380944,1.465592,1.4062423,0.0,0.0,1.0,1.0
814,-0.42380944,1.3161979,1.4064614,0.0,0.0,1.0,1.0
815,-0.7119224,1.3067893,1.4081048,0.0,0.0,1.0,1.0
816,-0.7119224,1.2823613,1.4178163,0.0,0.0,1.0,1.0
817,-0.7119224,1.4540548,1.4366438,0.0,0.0,1.0,1.0
818,-0.7203612,1.4109055,1.4659455,0.0,0.0,1.0,1.0
819,-0.7203612,1.4241135,1.4962052,0.0,0.0,1.0,1.0
820,-0.7203612,1.4760036,1.5383182,0.0,0.0,1.0,1.0
821,-0.7203612,1.559058,1.6038376,0.0,0.0,1.0,1.0
822,-0.7203612,1.6475799,1.6696538,0.0,0.0,1.0,1.0
823,-0.7203612,1.7835029,1.7363259,0.0,0.0,1.0,1.0
824,-0.4407414,1.8283044,1.800432,0.0,0.0,1.0,1.0
825,-0.4407414,1.9709467,1.8744578,0.0,0.0,1.0,1.0
826,-0.72878367,2.102432,1.9546182,0.0,0.0,1.0,1.0
827,-0.72878367,2.096583,2.0349276,0.0,0.0,1.0,1.0
828,-0.72878367,2.082426,2.0983522,0.0,0.0,1.0,1.0
829,-0.72878367,2.223328,2.1586535,0.0,0.0,1.0,1.0
830,-0.72878367,2.2992156,2.2111285,0.0,0.0,1.0,1.0
831,-0.72878367,2.3860388,2.256125,0.0,0.0,1.0,1.0
832,-0.72878367,2.4397159,2.2807784,0.0,0.0,1.0,1.0
833,-0.16118047,2.3201532,2.2848773,0.0,0.0,1.0,1.0
834,-0.4407414,2.3711948,2.2764785,0.0,0.0,1.0,1.0
835,-0.16118047,2.4132047,2.259855,0.0,0.0,1.0,1.0
836,-0.16118047,2.3682618,2.2168396,0.0,0.0,1.0,1.0
837,0.12689714,2.266788,2.1538305,0.0,0.0,1.0,1.0
838,0.12689714,2.151618,2.0822787,0.0,0.0,1.0,1.0
839,0.12689714,1.9957963,2.0032964,0.0,0.0,0.0,1.0
840,0.12689714,1.882946,1.9231422,0.0,0.0,0.0,1.0
841,0.12689714,1.7071412,1.8286533,0.0,0.0,0.0,1.0
842,0.12689714,1.5431067,1.7239562,0.0,0.0,0.0,1.0
843,0.12689714,1.5274173,1.6180942,0.0,0.0,1.0,1.0
844,0.12689714,1.4919285,1.5167787,0.0,0.0,1.0,1.0
845,0.4150101,1.3583037,1.4251454,0.0,0.0,1.0,1.0
846,0.4150101,1.2373275,1.3418823,0.0,0.0,1.0,1.0
847,0.4150101,1.1568404,1.2641809,0.0,0.0,1.0,1.0
848,0.4150101,1.0979168,1.2015753,0.0,0.0,1.0,1.0
849,0.4150101,1.051002,1.1594069,0.0,0.0,1.0,1.0
850,0.4150101,1.0520189,1.1218541,0.0,0.0,1.0,1.0
851,0.7031584,0.99663985,1.0916127,0.0,0.0,1.0,1.0
852,0.7031584,0.9505282,1.0739561,0.0,0.0,1.0,1.0
853,0.7031584,0.95587426,1.0700704,0.0,0.0,1.0,1.0
854,0.7031584,1.0370855,1.0736465,0.0,0.0,1.0,1.0
855,0.7031584,1.0767825,1.084728,0.0,0.0,1.0,1.0
856,0.7031584,1.1290331,1.099347,0.0,0.0,1.0,1.0
857,0.7031584,1.1464245,1.1159669,0.0,0.0,1.0,1.0
858,0.42359743,1.1906984,1.1358157,0.0,0.0,1.0,1.0
859,0.42359743,1.1997546,1.1604364,0.0,0.0,0.0,1.0
860,0.711781,1.2308943,1.1888496,0.0,0.0,0.0,1.0
861,0.711781,1.2264302,1.2109227,0.0,0.0,1.0,1.0
862,0.711781,1.2514572,1.2310464,0.0,0.0,1.0,1.0
863,0.711781,1.2348267,1.2510381,0.0,0.0,1.0,1.0
864,0.43216124,1.2459755,1.2737398,0.0,0.0,1.0,1.0
865,0.43216124,1.2968318,1.2915893,0.0,0.0,1.0,1.0
866,0.43216124,1.3019633,1.3159287,0.0,0.0,1.0,1.0
867,0.43216124,1.3182675,1.3384042,0.0,0.0,1.0,1.0
868,0.15252244,1.3689332,1.3584474,0.0,0.0,1.0,1.0
869,0.15252244,1.418845,1.3751421,0.0,0.0,1.0,1.0
870,0.15252244,1.4048915,1.3930322,0.0,0.0,1.0,1.0
871,-0.1271621,1.4918274,1.4059365,0.0,0.0,1.0,1.0
872,-0.1271621,1.5006006,1.4144989,0.0,0.0,1.0,1.0
873,-0.1271621,1.4669492,1.4294422,0.0,0.0,1.0,1.0
874,-0.1271621,1.4517931,1.4498954,0.0,0.0,1.0,1.0
875,-0.40685207,1.4495078,1.4704624,0.0,0.0,1.0,1.0
876,-0.40685207,1.4008269,1.4868788,0.0,0.0,1.0,1.0
877,-0.40685207,1.3995813,1.5059434,0.0,0.0,1.0,1.0
878,-0.40685207,1.4812828,1.5195594,0.0,0.0,1.0,1.0
879,0.16105686,1.5637064,1.5335664,0.0,0.0,1.0,1.0
880,0.16105686,1.6157366,1.5511651,0.0,0.0,1.0,1.0
881,-0.1271621,1.6158408,1.5667306,0.0,0.0,1.0,1.0
882,-0.40685207,1.6336685,1.5812701,0.0,0.0,1.0,1.0
883,-0.40685207,1.655219,1.6003331,0.0,0.0,1.0,1.0
884,-0.40685207,1.6686844,1.6309242,0.0,0.0,1.0,1.0
885,-0.1271621,1.6781341,1.6601511,0.0,0.0,1.0,1.0
886,-0.40685207,1.6385787,1.6862378,0.0,0.0,1.0,1.0
887,-0.40685207,1.6239815,1.7176684,0.0,0.0,1.0,1.0
888,-0.40685207,1.629583,1.751423,0.0,0.0,1.0,1.0
889,-0.40685207,1.7666751,1.7804945,0.0,0.0,1.0,1.0
890,-0.40685207,1.832006,1.8058153,0.0,0.0,1.0,1.0
891,-0.6950357,1.8767469,1.8316039,0.0,0.0,1.0,1.0
892,-0.6950357,1.9929037,1.8573991,0.0,0.0,1.0,1.0
893,-0.1271621,2.0208957,1.8876597,0.0,0.0,1.0,1.0
894,-0.6950357,1.9825261,1.9221439,0.0,0.0,1.0,1.0
895,-0.6950357,1.9590684,1.9556236,0.0,0.0,1.0,1.0
896,-0.4153457,1.978148,1.9779761,0.0,0.0,1.0,1.0
897,-0.4153457,1.9876758,2.0006433,0.0,0.0,1.0,1.0
898,-0.4153457,2.0017061,2.0185769,0.0,0.0,1.0,1.0
899,-0.703494,2.0377927,2.0365758,0.0,0.0,1.0,1.0
900,-0.703494,2.0313385,2.0538027,0.0,0.0,1.0,1.0
901,-0.703494,2.0349054,2.0756025,0.0,0.0,1.0,1.0
902,-0.703494,2.1040127,2.0975864,0.0,0.0,1.0,1.0
903,-0.42380944,2.0919502,2.113528,0.0,0.0,1.0,1.0
904,-0.7119224,2.2088904,2.1278563,0.0,0.0,1.0,1.0
905,-0.42380944,2.2276182,2.1455643,0.0,0.0,1.0,1.0
906,-0.7119224,2.2441225,2.1601348,0.0,0.0,1.0,1.0
907,-0.7119224,2.222876,2.1730938,0.0,0.0,1.0,1.0
908,-1.0,2.1694472,2.1866076,0.0,0.0,1.0,1.0
909,-0.7203612,2.1596158,2.1950214,0.0,0.0,1.0,1.0
910,-0.43228358,2.2142012,2.20626,0.0,0.0,1.0,1.0
911,-0.7203612,2.2126405,2.21249,0.0,0.0,1.0,1.0
912,-0.7203612,2.1868467,2.221008,0.0,0.0,1.0,1.0
913,-0.7203612,2.197069,2.2345915,0.0,0.0,1.0,1.0
914,-0.7203612,2.2049785,2.2492044,0.0,0.0,1.0,1.0
915,-0.7203612,2.2268124,2.2609494,0.0,0.0,1.0,1.0
916,-0.4407414,2.2836542,2.2734802,0.0,0.0,1.0,1.0
917,-0.4407414,2.329833,2.282697,0.0,0.0,0.0,1.0
918,-0.72878367,2.4071224,2.2941623,0.0,0.0,0.0,1.0
919,-0.4407414,2.3982332,2.313175,0.0,0.0,0.0,1.0
920,-0.72878367,2.3103848,2.339641,0.0,0.0,0.0,1.0
921,-0.4407414,2.3099854,2.3601084,0.0,0.0,0.0,1.0
922,-0.4407414,2.3248026,2.380596,0.0,0.0,0.0,1.0
923,-0.4407414,2.3502238,2.3978558,0.0,0.0,0.0,1.0
924,-0.4407414,2.4150016,2.4086995,0.0,0.0,0.0,1.0
925,-0.16118047,2.5146616,2.4110348,0.0,0.0,0.0,1.0
926,-0.4407414,2.4505851,2.4096727,0.0,0.0,0.0,1.0
927,-0.4407414,2.4726632,2.4100885,0.0,0.0,0.0,1.0
928,0.12689714,2.4907713,2.4047904,0.0,0.0,0.0,1.0
929,0.12689714,2.4599578,2.3941078,0.0,0.0,0.0,1.0
930,0.12689714,2.4351482,2.3790863,0.0,0.0,0.0,1.0
931,0.12689714,2.381888,2.3584738,0.0,0.0,0.0,1.0
932,0.12689714,2.3153744,2.323539,0.0,0.0,0.0,1.0
933,0.4150101,2.2464077,2.2897358,0.0,0.0,0.0,1.0
934,0.4150101,2.196612,2.252013,0.0,0.0,0.0,1.0
935,0.4150101,2.1699631,2.2093706,0.0,0.0,0.0,1.0
936,0.4150101,2.1676517,2.1615632,0.0,0.0,0.0,1.0
937,0.4150101,2.095445,2.1160548,0.0,0.0,0.0,1.0
938,0.7031584,2.0449488,2.0720577,0.0,0.0,0.0,1.0
939,0.7031584,2.019987,2.0304773,0.0,0.0,0.0,1.0
940,0.7031584,1.979063,1.9959142,0.0,0.0,0.0,1.0
941,0.7031584,1.886269,1.9649822,0.0,0.0,0.0,1.0
942,0.7031584,1.8890465,1.9360996,0.0,0.0,0.0,1.0
943,0.7031584,1.8539253,1.9084659,0.0,0.0,0.0,1.0
944,0.7031584,1.8164093,1.8868937,0.0,0.0,0.0,1.0
945,0.42359743,1.8316503,1.8682611,0.0,0.0,0.0,1.0
946,0.42359743,1.8254262,1.8525771,0.0,0.0,0.0,1.0
947,0.42359743,1.8233734,1.8381118,0.0,0.0,0.0,1.0
948,0.711781,1.8360459,1.8308505,0.0,0.0,0.0,1.0
949,0.711781,1.8365799,1.8256395,0.0,0.0,0.0,1.0
950,0.711781,1.821357,1.8270724,0.0,0.0,0.0,1.0
951,0.711781,1.8317792,1.8389359,0.0,0.0,0.0,1.0
952,0.711781,1.8054789,1.8566579,0.0,0.0,0.0,1.0
953,0.43216124,1.7991341,1.8780773,0.0,0.0,0.0,1.0
954,0.43216124,1.8265147,1.9016299,0.0,0.0,0.0,1.0
955,0.43216124,1.87112,1.9288008,0.0,0.0,0.0,1.0
956,0.43216124,1.958771,1.9609363,0.0,0.0,0.0,1.0
957,0.15252244,2.0443137,2.0004382,0.0,0.0,0.0,1.0
958,0.15252244,2.08246,2.0438147,0.0,0.0,0.0,1.0
959,0.15252244,2.106005,2.0938568,0.0,0.0,0.0,1.0
960,-0.1271621,2.1620963,2.1517034,0.0,0.0,0.0,1.0
961,-0.1271621,2.2222059,2.2121222,0.0,0.0,0.0,1.0
962,-0.1271621,2.2953792,2.2712424,0.0,0.0,0.0,1.0
963,-0.1271621,2.3522973,2.3264241,0.0,0.0,0.0,1.0
964,-0.40685207,2.405986,2.378089,0.0,0.0,1.0,1.0
965,-0.40685207,2.4932904,2.4260058,0.0,0.0,1.0,1.0
966,-0.40685207,2.5515428,2.474016,0.0,0.0,1.0,1.0
967,0.16105686,2.5805604,2.5126169,0.0,0.0,1.0,1.0
968,-0.40685207,2.6209528,2.5431902,0.0,0.0,1.0,1.0
969,-0.11863311,2.664291,2.5677748,0.0,0.0,1.0,1.0
970,-0.40685207,2.657463,2.5947816,0.0,0.0,1.0,1.0
971,-0.40685207,2.6821268,2.6237953,0.0,0.0,1.0,1.0
972,-0.40685207,2.6253068,2.6441753,0.0,0.0,1.0,1.0
973,-0.40685207,2.5890863,2.656417,0.0,0.0,1.0,1.0
974,-0.40685207,2.590393,2.6623976,0.0,0.0,1.0,1.0
975,-0.40685207,2.6763802,2.664166,0.0,0.0,1.0,1.0
976,0.16105686,2.7541497,2.6562831,0.0,0.0,1.0,1.0
977,-0.40685207,2.7378511,2.6455684,0.0,0.0,1.0,1.0
978,-0.40685207,2.6984425,2.6454897,0.0,0.0,1.0,1.0
979,-0.1271621,2.6523273,2.6524336,0.0,0.0,1.0,1.0
980,-0.40685207,2.6421738,2.6628556,0.0,0.0,1.0,1.0
981,-0.40685207,2.5696962,2.6767538,0.0,0.0,1.0,1.0
982,-0.40685207,2.5288875,2.6820323,0.0,0.0,1.0,1.0
983,-0.40685207,2.6811821,2.6817703,0.0,0.0,1.0,1.0
984,-0.6950357,2.7086349,2.682135,0.0,0.0,1.0,1.0
985,-0.6950357,2.7141478,2.6898289,0.0,0.0,1.0,1.0
986,-0.6950357,2.757171,2.695797,0.0,0.0,1.0,1.0
987,-0.6950357,2.739723,2.6959088,0.0,0.0,1.0,1.0
988,-0.6950357,2.7510056,2.7077496,0.0,0.0,1.0,1.0
989,-0.4153457,2.7422285,2.7265182,0.0,0.0,1.0,1.0
990,-0.4153457,2.7907674,2.7367144,0.0,0.0,1.0,1.0
991,-0.703494,2.7239451,2.7471743,0.0,0.0,1.0,1.0
992,-0.703494,2.643517,2.764223,0.0,0.0,1.0,1.0
993,-0.703494,2.7117856,2.7804432,0.0,0.0,1.0,1.0
994,-0.703494,2.7541099,2.7912822,0.0,0.0,1.0,1.0
995,-0.703494,2.8035371,2.8099346,0.0,0.0,1.0,1.0
996,-0.7119224,2.834152,2.833962,0.0,0.0,1.0,1.0
997,-0.7119224,2.9187362,2.8575842,0.0,0.0,1.0,1.0
998,-0.7119224,2.95181,2.8965068,0.0,0.0,1.0,1.0
999,-0.7119224,2.8697908,2.948251,0.0,0.0,1.0,1.0
1000,-0.7119224,2.974835,3.0015342,0.0,0.0,1.0,1.0
1001,-1.0,3.0305572,3.0541453,0.0,0.0,1.0,1.0
1002,-1.0,3.074236,3.1089354,0.0,0.0,1.0,1.0
1003,-0.7203612,3.1910162,3.1701334,0.0,0.0,1.0,1.0
1004,-0.7203612,3.2644463,3.225788,0.0,0.0,1.0,1.0
1005,-0.7203612,3.3511844,3.280654,0.0,0.0,1.0,1.0
1006,-0.7203612,3.385444,3.3474658,0.0,0.0,1.0,1.0
1007,-0.7203612,3.4610174,3.4092941,0.0,0.0,1.0,1.0
1008,-0.7203612,3.568528,3.4672694,0.0,0.0,1.0,1.0
1009,-0.4407414,3.5865917,3.5226586,0.0,0.0,1.0,1.0
1010,-0.4407414,3.6102014,3.5661542,0.0,0.0,1.0,1.0
1011,-0.4407414,3.6715312,3.5966024,0.0,0.0,1.0,1.0
1012,-0.4407414,3.7167757,3.6187296,0.0,0.0,1.0,1.0
1013,-0.4407414,3.7262616,3.632097,0.0,0.0,1.0,1.0
1014,-0.4407414,3.7389047,3.6274955,0.0,0.0,1.0,1.0
1015,-0.4407414,3.7129648,3.6034024,0.0,0.0,1.0,1.0
1016,-0.4407414,3.6298237,3.5661945,0.0,0.0,0.0,1.0
1017,-0.4407414,3.6167102,3.515483,0.0,0.0,0.0,1.0
1018,0.12689714,3.5458531,3.4504921,0.0,0.0,0.0,1.0
1019,0.12689714,3.4057996,3.3685613,0.0,0.0,0.0,1.0
1020,0.12689714,3.2794106,3.2746742,0.0,0.0,0.0,1.0
1021,0.12689714,3.1400986,3.1747944,0.0,0.0,0.0,1.0
1022,0.12689714,3.0016606,3.0660176,0.0,0.0,0.0,1.0
1023,0.12689714,2.8916416,2.95184,0.0,0.0,0.0,1.0
1024,0.4150101,2.7336059,2.8274562,0.0,0.0,0.0,1.0
1025,0.4150101,2.5996168,2.7018867,0.0,0.0,0.0,1.0
1026,0.4150101,2.5403466,2.5815728,0.0,0.0,0.0,1.0
1027,0.4150101,2.4076447,2.4650028,0.0,0.0,0.0,1.0
1028,0.4150101,2.2596912,2.3537014,0.0,0.0,0.0,1.0
1029,0.7031584,2.124105,2.2529411,0.0,0.0,0.0,1.0
1030,0.7031584,2.039019,2.1607466,0.0,0.0,0.0,1.0
1031,0.7031584,1.9620312,2.0858378,0.0,0.0,0.0,1.0
1032,0.7031584,1.8805732,2.0213616,0.0,0.0,0.0,1.0
1033,0.7031584,1.8044796,1.9658831,0.0,0.0,0.0,1.0
1034,0.7031584,1.7925392,1.9208313,0.0,0.0,0.0,1.0
1035,0.42359743,1.7853055,1.889868,0.0,0.0,0.0,1.0
1036,0.42359743,1.8347019,1.8697891,0.0,0.0,0.0,1.0
1037,0.42359743,1.8259017,1.8570398,0.0,0.0,0.0,1.0
1038,0.42359743,1.8746055,1.8527743,0.0,0.0,0.0,1.0
1039,0.711781,1.8670231,1.8558413,0.0,0.0,0.0,1.0
1040,0.711781,1.8881315,1.867165,0.0,0.0,0.0,1.0
1041,0.711781,1.8831573,1.8774024,0.0,0.0,0.0,1.0
1042,0.711781,1.8860279,1.8915704,0.0,0.0,0.0,1.0
1043,0.43216124,1.9108441,1.9013985,0.0,0.0,0.0,1.0
1044,0.43216124,1.9173776,1.91298,0.0,0.0,0.0,1.0
1045,0.43216124,1.9403641,1.9197018,0.0,0.0,0.0,1.0
1046,0.43216124,1.9153883,1.9275694,0.0,0.0,0.0,1.0
1047,0.15252244,1.9553218,1.9321661,0.0,0.0,0.0,1.0
1048,0.15252244,1.9526389,1.9417737,0.0,0.0,0.0,1.0
1049,0.15252244,1.9648795,1.9570156,0.0,0.0,0.0,1.0
1050,0.15252244,1.9552678,1.9738389,0.0,0.0,0.0,1.0
1051,-0.1271621,1.9614342,1.9940381,0.0,0.0,1.0,1.0
1052,0.16105686,1.9432923,2.016192,0.0,0.0,1.0,1.0
1053,-0.1271621,1.9984478,2.0394595,0.0,0.0,1.0,1.0
1054,-0.40685207,2.068931,2.0625596,0.0,0.0,1.0,1.0
1055,-0.11863311,2.1127243,2.0916572,0.0,0.0,1.0,1.0
1056,-0.40685207,2.1597667,2.1261759,0.0,0.0,1.0,1.0
1057,-0.40685207,2.2062123,2.1700163,0.0,0.0,1.0,1.0
1058,-0.11863311,2.194597,2.2164724,0.0,0.0,1.0,1.0
1059,-0.40685207,2.2325227,2.2723968,0.0,0.0,1.0,1.0
1060,-0.40685207,2.3018098,2.3266082,0.0,0.0,1.0,1.0
1061,-0.40685207,2.3791053,2.3771732,0.0,0.0,1.0,1.0
1062,-0.40685207,2.481351,2.4266198,0.0,0.0,1.0,1.0
1063,-0.40685207,2.518909,2.4715285,0.0,0.0,1.0,1.0
1064,-0.11863311,2.6143842,2.5159142,0.0,0.0,1.0,1.0
1065,-0.40685207,2.648984,2.5541632,0.0,0.0,1.0,1.0
1066,-0.40685207,2.6757112,2.5886207,0.0,0.0,1.0,1.0
1067,-0.40685207,2.7060843,2.6139145,0.0,0.0,1.0,1.0
1068,-0.40685207,2.6986728,2.6338477,0.0,0.0,1.0,1.0
1069,-0.40685207,2.7388399,2.6484218,0.0,0.0,1.0,1.0
1070,-0.40685207,2.6535845,2.6568696,0.0,0.0,1.0,1.0
1071,-0.40685207,2.6460133,2.6589372,0.0,0.0,1.0,1.0
1072,-0.40685207,2.6053338,2.6532369,0.0,0.0,1.0,1.0
1073,-0.40685207,2.6183064,2.6444013,0.0,0.0,1.0,1.0
1074,-0.6950357,2.6562388,2.6297452,0.0,0.0,1.0,1.0
1075,-0.6950357,2.6202822,2.612706,0.0,0.0,1.0,1.0
1076,-0.6950357,2.6391952,2.5916157,0.0,0.0,1.0,1.0
1077,-0.4153457,2.580579,2.5784028,0.0,0.0,1.0,1.0
1078,-0.4153457,2.5696847,2.5649843,0.0,0.0,1.0,1.0
1079,-0.703494,2.5302114,2.5588517,0.0,0.0,1.0,1.0
1080,-0.703494,2.494203,2.5521932,0.0,0.0,1.0,1.0
1081,-0.703494,2.4857543,2.549043,0.0,0.0,1.0,1.0
1082,-0.703494,2.4950314,2.554416,0.0,0.0,1.0,1.0
1083,-0.703494,2.4849913,2.561028,0.0,0.0,1.0,1.0
1084,-0.703494,2.5317416,2.572886,0.0,0.0,1.0,1.0
1085,-0.7119224,2.5384035,2.5878787,0.0,0.0,1.0,1.0
1086,-0.7119224,2.618438,2.6129727,0.0,0.0,1.0,1.0
1087,-0.7119224,2.6847577,2.6483948,0.0,0.0,1.0,1.0
1088,-0.7119224,2.7185404,2.694312,0.0,0.0,1.0,1.0
1089,-0.7119224,2.7228754,2.7449868,0.0,0.0,1.0,1.0
1090,-0.7119224,2.7495975,2.807294,0.0,0.0,1.0,1.0
1091,-1.0,2.8313384,2.879647,0.0,0.0,1.0,1.0
1092,-0.7203612,2.9192696,2.9604874,0.0,0.0,1.0,1.0
1093,-0.43228358,3.036761,3.0425117,0.0,0.0,1.0,1.0
1094,-0.7203612,3.103127,3.13046,0.0,0.0,1.0,1.0
1095,-0.7203612,3.2326772,3.228394,0.0,0.0,1.0,1.0
1096,-0.7203612,3.3999777,3.3396132,0.0,0.0,1.0,1.0
1097,-0.7203612,3.508487,3.4561517,0.0,0.0,1.0,1.0
1098,-0.4407414,3.6027322,3.5712306,0.0,0.0,0.0,1.0
1099,-0.4407414,3.7401373,3.687502,0.0,0.0,0.0,1.0
1100,-0.4407414,3.8937478,3.8022025,0.0,0.0,0.0,1.0
1101,-0.4407414,4.0575066,3.9128356,0.0,0.0,0.0,1.0
1102,-0.4407414,4.14806,4.0168834,0.0,0.0,0.0,1.0
1103,-0.4407414,4.212286,4.1097984,0.0,0.0,0.0,1.0
1104,-0.4407414,4.314523,4.195856,0.0,0.0,0.0,1.0
1105,-0.4407414,4.413167,4.2707634,0.0,0.0,0.0,1.0
1106,-0.4407414,4.4307256,4.366669,0.0,0.0,0.0,1.0
1107,-0.4407414,4.4812512,4.477646,0.0,0.0,0.0,1.0
1108,-0.4407414,4.514959,4.6093116,0.0,0.0,0.0,1.0
1109,-0.4407414,4.5411797,4.7685966,0.0,0.0,0.0,1.0
1110,-0.4407414,4.501616,4.9547977,0.0,0.0,0.0,1.0
1111,0.12689714,4.8910084,5.161228,0.0,0.0,0.0,1.0
1112,0.12689714,5.225468,5.3865123,0.0,0.0,0.0,1.0
1113,0.12689714,5.637494,5.6425095,0.0,0.0,0.0,1.0
1114,0.4150101,6.059484,5.886464,0.0,0.0,0.0,1.0
1115,0.12689714,6.446697,6.1190786,0.0,0.0,0.0,1.0
1116,0.4150101,6.791685,6.3365355,0.0,0.0,0.0,1.0
1117,0.4150101,7.116579,6.5501924,0.0,0.0,0.0,1.0
1118,0.4150101,7.50269,6.7187634,0.0,0.0,0.0,1.0
1119,0.4150101,7.40871,6.845376,0.0,0.0,0.0,1.0
1120,0.7031584,7.306334,6.925719,0.0,0.0,0.0,1.0
1121,0.7031584,7.1506615,6.963317,0.0,0.0,0.0,1.0
1122,0.7031584,7.065497,6.9242597,0.0,0.0,0.0,1.0
1123,0.42359743,6.9138613,6.8131337,0.0,0.0,0.0,1.0
1124,0.42359743,6.7448177,6.6299505,0.0,0.0,0.0,1.0
1125,0.42359743,6.6016097,6.371388,0.0,0.0,0.0,1.0
1126,0.42359743,6.5106626,6.075898,0.0,0.0,0.0,1.0
1127,0.42359743,5.978008,5.7446804,0.0,0.0,0.0,1.0
1128,0.42359743,5.4581747,5.382633,0.0,0.0,0.0,1.0
1129,0.711781,4.9183826,4.983336,0.0,0.0,0.0,1.0
1130,0.711781,4.3999357,4.5944223,0.0,0.0,0.0,1.0
1131,0.711781,3.8628352,4.218786,0.0,0.0,0.0,1.0
1132,0.43216124,3.3317173,3.8601193,0.0,0.0,0.0,1.0
1133,0.43216124,2.8060946,3.5158916,0.0,0.0,0.0,1.0
1134,0.43216124,2.273935,3.2208793,0.0,0.0,0.0,1.0
1135,0.43216124,2.246895,2.9717388,0.0,0.0,0.0,1.0
1136,0.15252244,2.2371771,2.7746365,0.0,0.0,0.0,1.0
1137,0.15252244,2.2976148,2.6264713,0.0,0.0,0.0,1.0
1138,-0.1271621,2.3799284,2.5275922,0.0,0.0,0.0,1.0
1139,-0.1271621,2.4378622,2.4770854,0.0,0.0,0.0,1.0
1140,-0.1271621,2.4684882,2.47414,0.0,0.0,0.0,1.0
1141,0.16105686,2.5531533,2.5183141,0.0,0.0,0.0,1.0
1142,-0.40685207,2.6219535,2.5631948,0.0,0.0,0.0,1.0
1143,-0.40685207,2.6762862,2.6099486,0.0,0.0,0.0,1.0
1144,-0.40685207,2.725637,2.6536248,0.0,0.0,0.0,1.0
1145,-0.40685207,2.7707474,2.6910818,0.0,0.0,0.0,1.0
1146,-0.40685207,2.8040276,2.722708,0.0,0.0,1.0,1.0
1147,-0.40685207,2.7854624,2.7497444,0.0,0.0,1.0,1.0
1148,-0.40685207,2.7982233,2.7688959,0.0,0.0,1.0,1.0
1149,-0.11863311,2.8217287,2.777694,0.0,0.0,1.0,1.0
1150,-0.40685207,2.8294115,2.7799025,0.0,0.0,1.0,1.0
1151,-0.40685207,2.8173764,2.7790809,0.0,0.0,1.0,1.0
1152,-0.11863311,2.792927,2.7719014,0.0,0.0,1.0,1.0
1153,-0.40685207,2.7829695,2.7604935,0.0,0.0,1.0,1.0
1154,-0.40685207,2.7275298,2.7445662,0.0,0.0,1.0,1.0
1155,-0.40685207,2.7027879,2.724309,0.0,0.0,1.0,1.0
1156,-0.40685207,2.7157776,2.699992,0.0,0.0,1.0,1.0
1157,-0.40685207,2.6845953,2.673305,0.0,0.0,1.0,1.0
1158,-0.40685207,2.6671326,2.6510932,0.0,0.0,1.0,1.0
1159,-0.40685207,2.5943346,2.6333199,0.0,0.0,1.0,1.0
1160,-0.6950357,2.5551357,2.6185358,0.0,0.0,1.0,1.0
1161,-0.6950357,2.5299258,2.6090066,0.0,0.0,1.0,1.0
1162,-0.6950357,2.5091686,2.600952,0.0,0.0,1.0,1.0
1163,-0.6950357,2.5508332,2.5942023,0.0,0.0,1.0,1.0
1164,-0.4153457,2.5796487,2.592502,0.0,0.0,1.0,1.0
1165,-0.703494,2.6055593,2.5946972,0.0,0.0,1.0,1.0
1166,-0.703494,2.61318,2.5992305,0.0,0.0,1.0,1.0
1167,-0.703494,2.606131,2.6029797,0.0,0.0,1.0,1.0
1168,-0.703494,2.6347811,2.606871,0.0,0.0,1.0,1.0
1169,-0.703494,2.6641946,2.6170185,0.0,0.0,1.0,1.0
1170,-0.703494,2.693473,2.6347604,0.0,0.0,1.0,1.0
1171,-0.42380944,2.6487355,2.661701,0.0,0.0,1.0,1.0
1172,-0.99160695,2.600125,2.689592,0.0,0.0,1.0,1.0
1173,-0.7119224,2.5766215,2.7196229,0.0,0.0,1.0,1.0
1174,-0.7119224,2.6309395,2.7552414,0.0,0.0,1.0,1.0
1175,-0.7119224,2.7637355,2.799917,0.0,0.0,1.0,1.0
1176,-0.7119224,2.902935,2.8531463,0.0,0.0,1.0,1.0
1177,-0.43228358,2.9402494,2.909522,0.0,0.0,1.0,1.0
1178,-0.7203612,2.9735522,2.983325,0.0,0.0,1.0,1.0
1179,-0.7203612,3.0335543,3.071342,0.0,0.0,1.0,1.0
1180,-0.43228358,3.1708882,3.1702316,0.0,0.0,1.0,1.0
1181,-0.7203612,3.3029473,3.274742,0.0,0.0,1.0,1.0
1182,-0.7203612,3.3699815,3.3891559,0.0,0.0,1.0,1.0
1183,-0.7203612,3.53437,3.5024793,0.0,0.0,1.0,1.0
1184,-0.7203612,3.656328,3.6338446,0.0,0.0,1.0,1.0
1185,-0.7203612,3.7632987,3.7630312,0.0,0.0,1.0,1.0
1186,-0.4407414,3.8850627,3.8928514,0.0,0.0,1.0,1.0
1187,-0.72878367,4.1367044,4.003208,0.0,0.0,1.0,1.0
1188,-0.4407414,4.262814,4.108472,0.0,0.0,1.0,1.0
1189,-0.72878367,4.516633,4.209601,0.0,0.0,1.0,1.0
1190,-0.4407414,4.523793,4.2951694,0.0,0.0,1.0,1.0
1191,-0.4407414,4.5913963,4.3639784,0.0,0.0,1.0,1.0
1192,-0.4407414,4.4951673,4.415005,0.0,0.0,1.0,1.0
1193,-0.16118047,4.566112,4.4523025,0.0,0.0,1.0,1.0
1194,-0.4407414,4.583533,4.458632,0.0,0.0,1.0,1.0
1195,-0.4407414,4.56119,4.445937,0.0,0.0,1.0,1.0
1196,-0.4407414,4.4820347,4.401263,0.0,0.0,1.0,1.0
1197,0.12689714,4.375623,4.347324,0.0,0.0,1.0,1.0
1198,0.12689714,4.3326297,4.2741585,0.0,0.0,1.0,1.0
1199,0.12689714,4.212656,4.2029476,0.0,0.0,1.0,1.0
1200,0.12689714,4.110475,4.106462,0.0,0.0,1.0,1.0
1201,0.12689714,3.9805472,4.00275,0.0,0.0,1.0,1.0
1202,0.4150101,3.8765242,3.8874888,0.0,0.0,1.0,1.0
1203,0.4150101,3.7134068,3.7746081,0.0,0.0,1.0,1.0
1204,0.4150101,3.6406384,3.6625082,0.0,0.0,1.0,1.0
1205,0.4150101,3.4082875,3.5487814,0.0,0.0,1.0,1.0
1206,0.4150101,3.338987,3.4410908,0.0,0.0,1.0,1.0
1207,0.4150101,3.178056,3.336296,0.0,0.0,1.0,1.0
1208,0.4150101,3.127467,3.2395344,0.0,0.0,1.0,1.0
1209,0.7031584,3.0304246,3.151672,0.0,0.0,1.0,1.0
1210,0.7031584,2.967908,3.0761456,0.0,0.0,1.0,1.0
1211,0.7031584,2.9203672,3.008457,0.0,0.0,1.0,1.0
1212,0.7031584,2.852938,2.963075,0.0,0.0,1.0,1.0
1213,0.7031584,2.8194072,2.9197671,0.0,0.0,1.0,1.0
1214,0.7031584,2.8221738,2.8864975,0.0,0.0,1.0,1.0
1215,0.42359743,2.8070922,2.8532207,0.0,0.0,1.0,1.0
1216,0.7031584,2.8283744,2.825811,0.0,0.0,1.0,1.0
1217,0.42359743,2.863703,2.799738,0.0,0.0,1.0,1.0
1218,0.711781,2.819295,2.7777464,0.0,0.0,1.0,1.0
1219,0.711781,2.7788208,2.759869,0.0,0.0,1.0,1.0
1220,0.711781,2.7281444,2.744304,0.0,0.0,1.0,1.0
1221,0.711781,2.7015083,2.7286925,0.0,0.0,1.0,1.0
1222,0.711781,2.6550322,2.7179735,0.0,0.0,1.0,1.0
1223,0.43216124,2.6564682,2.7052798,0.0,0.0,1.0,1.0
1224,0.43216124,2.6384091,2.688944,0.0,0.0,1.0,1.0
1225,0.43216124,2.6326258,2.6777306,0.0,0.0,0.0,1.0
1226,0.15252244,2.6348367,2.6640851,0.0,0.0,0.0,1.0
1227,0.15252244,2.6784632,2.6572483,0.0,0.0,0.0,1.0
1228,0.15252244,2.6760504,2.6502953,0.0,0.0,0.0,1.0
1229,0.15252244,2.6676755,2.6475894,0.0,0.0,0.0,1.0
1230,-0.1271621,2.6847334,2.6438093,0.0,0.0,0.0,1.0
1231,-0.1271621,2.615074,2.6402965,0.0,0.0,0.0,1.0
1232,0.16105686,2.6461031,2.6380668,0.0,0.0,0.0,1.0
1233,-0.40685207,2.6180718,2.637206,0.0,0.0,0.0,1.0
1234,-0.40685207,2.6225617,2.635668,0.0,0.0,0.0,1.0
1235,-0.40685207,2.6111066,2.637656,0.0,0.0,1.0,1.0
1236,-0.40685207,2.596255,2.6387336,0.0,0.0,1.0,1.0
1237,-0.40685207,2.6058695,2.6354425,0.0,0.0,1.0,1.0
1238,0.16105686,2.6245081,2.631351,0.0,0.0,1.0,1.0
1239,0.16105686,2.6600068,2.6180568,0.0,0.0,1.0,1.0
1240,0.16105686,2.699907,2.5997083,0.0,0.0,1.0,1.0
1241,-0.40685207,2.6806052,2.5739906,0.0,0.0,1.0,1.0
1242,0.16105686,2.645242,2.555643,0.0,0.0,1.0,1.0
1243,0.16105686,2.5659757,2.5282974,0.0,0.0,1.0,1.0
1244,0.16105686,2.4865716,2.4975858,0.0,0.0,1.0,1.0
1245,0.16105686,2.39789,2.4782887,0.0,0.0,1.0,1.0
1246,-0.1271621,2.3139486,2.456246,0.0,0.0,1.0,1.0
1247,-0.1271621,2.3909388,2.4324174,0.0,0.0,1.0,1.0
1248,-0.40685207,2.2681062,2.4119172,0.0,0.0,1.0,1.0
1249,-0.40685207,2.2373297,2.3968086,0.0,0.0,1.0,1.0
1250,-0.40685207,2.3929424,2.3816254,0.0,0.0,1.0,1.0
1251,-0.40685207,2.3954947,2.3670723,0.0,0.0,1.0,1.0
1252,-0.40685207,2.4139626,2.3628404,0.0,0.0,1.0,1.0
1253,-0.6950357,2.434605,2.3736055,0.0,0.0,1.0,1.0
1254,-0.4153457,2.4639394,2.382561,0.0,0.0,1.0,1.0
1255,-0.4153457,2.383777,2.402484,0.0,0.0,1.0,1.0
1256,-0.4153457,2.3119326,2.432356,0.0,0.0,1.0,1.0
1257,-0.4153457,2.347109,2.4502332,0.0,0.0,1.0,1.0
1258,-0.703494,2.443129,2.4644926,0.0,0.0,1.0,1.0
1259,-0.703494,2.4984038,2.4909992,0.0,0.0,1.0,1.0
1260,-0.703494,2.5071826,2.5198102,0.0,0.0,1.0,1.0
1261,-0.7119224,2.5957952,2.5318863,0.0,0.0,1.0,1.0
1262,-0.7119224,2.6074677,2.5548759,0.0,0.0,1.0,1.0
1263,-0.7119224,2.566607,2.586719,0.0,0.0,1.0,1.0
1264,-0.7119224,2.7320428,2.6143968,0.0,0.0,1.0,1.0
1265,-0.43228358,2.7803373,2.6365035,0.0,0.0,1.0,1.0
1266,-0.7203612,2.6088514,2.659274,0.0,0.0,1.0,1.0
1267,-0.43228358,2.659653,2.6831596,0.0,0.0,1.0,1.0
1268,-0.7203612,2.6940508,2.6997838,0.0,0.0,1.0,1.0
1269,-0.7203612,2.6792414,2.7113628,0.0,0.0,1.0,1.0
1270,-0.7203612,2.70841,2.7251806,0.0,0.0,1.0,1.0
1271,-0.7203612,2.7716496,2.7357507,0.0,0.0,1.0,1.0
1272,-0.7203612,2.793808,2.7488143,0.0,0.0,1.0,1.0
1273,-0.4407414,2.7952874,2.7833223,0.0,0.0,1.0,1.0
1274,-0.4407414,2.7464142,2.8121252,0.0,0.0,1.0,1.0
1275,-0.4407414,2.7324212,2.8269463,0.0,0.0,1.0,1.0
1276,-0.4407414,2.8588824,2.8392704,0.0,0.0,1.0,1.0
1277,-0.4407414,2.9371035,2.8464012,0.0,0.0,1.0,1.0
1278,-0.4407414,3.0229468,2.8413463,0.0,0.0,1.0,1.0
1279,-0.4407414,3.005286,2.8303478,0.0,0.0,1.0,1.0
1280,-0.4407414,2.8719034,2.8220332,0.0,0.0,0.0,1.0
1281,-0.4407414,2.8271308,2.8137484,0.0,0.0,0.0,1.0
1282,-0.16118047,2.7939818,2.803658,0.0,0.0,0.0,1.0
1283,-0.16118047,2.7109883,2.778188,0.0,0.0,0.0,1.0
1284,0.12689714,2.6618273,2.736963,0.0,0.0,0.0,1.0
1285,0.12689714,2.6955125,2.6794167,0.0,0.0,0.0,1.0
1286,0.12689714,2.6469958,2.6163538,0.0,0.0,0.0,1.0
1287,0.12689714,2.6113374,2.554244,0.0,0.0,0.0,1.0
1288,0.12689714,2.5532422,2.4809997,0.0,0.0,0.0,1.0
1289,0.12689714,2.4424036,2.4012144,0.0,0.0,0.0,1.0
1290,0.12689714,2.3323922,2.3279018,0.0,0.0,0.0,1.0
1291,0.4150101,2.2485306,2.2525303,0.0,0.0,0.0,1.0
1292,0.4150101,2.126585,2.1706052,0.0,0.0,0.0,1.0
1293,0.12689714,1.9481997,2.0905874,0.0,0.0,0.0,1.0
1294,0.4150101,1.8365585,2.0100067,0.0,0.0,0.0,1.0
1295,0.4150101,1.8312367,1.9314525,0.0,0.0,0.0,1.0
1296,0.4150101,1.7573694,1.8524026,0.0,0.0,0.0,1.0
1297,0.4150101,1.7124106,1.7810053,0.0,0.0,0.0,1.0
1298,0.4150101,1.686782,1.7154664,0.0,0.0,0.0,1.0
1299,0.7031584,1.6443701,1.6665161,0.0,0.0,0.0,1.0
1300,0.7031584,1.6105924,1.6377218,0.0,0.0,0.0,1.0
1301,0.4150101,1.4938033,1.619407,0.0,0.0,0.0,1.0
1302,0.7031584,1.4756252,1.6063305,0.0,0.0,0.0,1.0
1303,0.7031584,1.4620643,1.598961,0.0,0.0,0.0,1.0
1304,0.7031584,1.5391802,1.5949373,0.0,0.0,0.0,1.0
1305,0.7031584,1.6026691,1.5926685,0.0,0.0,0.0,1.0
1306,0.42359743,1.6167814,1.5940967,0.0,0.0,0.0,1.0
1307,0.7031584,1.6743183,1.6035379,0.0,0.0,0.0,1.0
1308,0.711781,1.6689348,1.6232108,0.0,0.0,0.0,1.0
1309,0.711781,1.6641269,1.6464087,0.0,0.0,0.0,1.0
1310,0.711781,1.6595573,1.6755848,0.0,0.0,0.0,1.0
1311,0.42359743,1.6615067,1.7001973,0.0,0.0,0.0,1.0
1312,0.711781,1.7238876,1.721771,0.0,0.0,0.0,1.0
1313,0.43216124,1.7298781,1.7414719,0.0,0.0,0.0,1.0
1314,0.43216124,1.7540001,1.7553772,0.0,0.0,0.0,1.0
1315,0.43216124,1.8121774,1.7712699,0.0,0.0,0.0,1.0
1316,0.43216124,1.8345306,1.7845898,0.0,0.0,0.0,1.0
1317,0.15252244,1.8615535,1.8044169,0.0,0.0,0.0,1.0
1318,0.15252244,1.853191,1.8241886,0.0,0.0,0.0,1.0
1319,0.15252244,1.8411815,1.8412915,0.0,0.0,0.0,1.0
1320,-0.1271621,1.8596487,1.8606839,0.0,0.0,0.0,1.0
1321,-0.1271621,1.823965,1.8782958,0.0,0.0,0.0,1.0
1322,-0.1271621,1.8974833,1.8919532,0.0,0.0,0.0,1.0
1323,0.16105686,1.8987663,1.905058,0.0,0.0,0.0,1.0
1324,-0.1271621,1.9291238,1.916983,0.0,0.0,0.0,1.0
1325,-0.40685207,1.9625863,1.936062,0.0,0.0,0.0,1.0
1326,-0.40685207,1.9653424,1.9553192,0.0,0.0,0.0,1.0
1327,-0.40685207,1.9760665,1.9720986,0.0,0.0,0.0,1.0
1328,0.16105686,1.9917883,1.9915473,0.0,0.0,0.0,1.0
1329,0.16105686,2.0046535,2.005016,0.0,0.0,0.0,1.0
1330,0.16105686,2.0821388,2.0170605,0.0,0.0,0.0,1.0
1331,0.16105686,2.072268,2.0207243,0.0,0.0,1.0,1.0
1332,0.16105686,2.0610013,2.021879,0.0,0.0,1.0,1.0
1333,0.16105686,2.0573504,2.0174513,0.0,0.0,1.0,1.0
1334,-0.1271621,2.0591066,2.0160093,0.0,0.0,1.0,1.0
1335,-0.1271621,2.0432997,2.0189898,0.0,0.0,1.0,1.0
1336,-0.1271621,1.9730898,2.0273366,0.0,0.0,1.0,1.0
1337,-0.1271621,1.9764415,2.0348125,0.0,0.0,1.0,1.0
1338,-0.1271621,1.9122106,2.0445774,0.0,0.0,1.0,1.0
1339,-0.40685207,1.958763,2.0580933,0.0,0.0,1.0,1.0
1340,-0.1271621,2.0275533,2.0748405,0.0,0.0,1.0,1.0
1341,-0.40685207,2.1048172,2.0828903,0.0,0.0,1.0,1.0
1342,-0.40685207,2.171848,2.0931227,0.0,0.0,1.0,1.0
1343,-0.6950357,2.189447,2.111139,0.0,0.0,1.0,1.0
1344,-0.6950357,2.2231927,2.1300354,0.0,0.0,1.0,1.0
1345,-0.4153457,2.258316,2.151348,0.0,0.0,1.0,1.0
1346,-0.4153457,2.155703,2.1759624,0.0,0.0,1.0,1.0
1347,-0.4153457,2.1660895,2.199827,0.0,0.0,1.0,1.0
1348,-0.703494,2.1892881,2.222538,0.0,0.0,1.0,1.0
1349,-0.703494,2.203196,2.2458763,0.0,0.0,1.0,1.0
1350,-0.703494,2.1679647,2.2697167,0.0,0.0,1.0,1.0
1351,-0.703494,2.2541327,2.2912903,0.0,0.0,1.0,1.0
1352,-0.703494,2.3139284,2.307193,0.0,0.0,1.0,1.0
1353,-0.42380944,2.3773484,2.3212774,0.0,0.0,1.0,1.0
1354,-0.7119224,2.4519105,2.3358977,0.0,0.0,1.0,1.0
1355,-0.7119224,2.4755297,2.3547378,0.0,0.0,1.0,1.0
1356,-0.7119224,2.482077,2.3833854,0.0,0.0,1.0,1.0
1357,-0.7119224,2.4491491,2.4180727,0.0,0.0,1.0,1.0
1358,-0.7203612,2.3247142,2.450474,0.0,0.0,1.0,1.0
1359,-0.7203612,2.3415337,2.4856706,0.0,0.0,1.0,1.0
1360,-0.7203612,2.4153695,2.5232341,0.0,0.0,1.0,1.0
1361,-0.7203612,2.5469673,2.565534,0.0,0.0,1.0,1.0
1362,-0.7203612,2.5842133,2.6117868,0.0,0.0,1.0,1.0
1363,-0.7203612,2.6429465,2.6663258,0.0,0.0,1.0,1.0
1364,-0.7203612,2.7362878,2.7216713,0.0,0.0,1.0,1.0
1365,-0.4407414,2.8281105,2.796462,0.0,0.0,1.0,1.0
1366,-0.72878367,2.9595125,2.8641298,0.0,0.0,1.0,1.0
1367,-0.72878367,3.0305595,2.9264333,0.0,0.0,1.0,1.0
1368,-0.72878367,3.1365447,2.9786744,0.0,0.0,1.0,1.0
1369,-0.4407414,3.1132977,3.034524,0.0,0.0,1.0,1.0
1370,-0.72878367,3.222201,3.0892935,0.0,0.0,1.0,1.0
1371,-0.72878367,3.1535473,3.1252878,0.0,0.0,1.0,1.0
1372,-0.4407414,3.1630113,3.14017,0.0,0.0,1.0,1.0
1373,-0.4407414,3.1738605,3.1447766,0.0,0.0,1.0,1.0
1374,-0.16118047,3.2544074,3.1351776,0.0,0.0,1.0,1.0
1375,-0.4407414,3.3001802,3.110314,0.0,0.0,1.0,1.0
1376,-0.4407414,3.168221,3.0778255,0.0,0.0,0.0,1.0
1377,-0.16118047,3.0066981,3.0268779,0.0,0.0,0.0,1.0
1378,-0.4407414,3.0147903,2.9748578,0.0,0.0,0.0,1.0
1379,0.12689714,2.915371,2.909187,0.0,0.0,0.0,1.0
1380,0.12689714,2.83818,2.8459303,0.0,0.0,0.0,1.0
1381,0.12689714,2.723437,2.7717144,0.0,0.0,0.0,1.0
1382,0.4150101,2.6108313,2.698006,0.0,0.0,0.0,1.0
1383,0.4150101,2.5293064,2.6298163,0.0,0.0,0.0,1.0
1384,0.4150101,2.374963,2.5802753,0.0,0.0,0.0,1.0
1385,0.4150101,2.4147787,2.5320604,0.0,0.0,1.0,1.0
1386,0.4150101,2.3638172,2.4932787,0.0,0.0,1.0,1.0
1387,0.4150101,2.4156775,2.4706004,0.0,0.0,1.0,1.0
1388,0.4150101,2.3499436,2.463852,0.0,0.0,1.0,1.0
1389,0.4150101,2.4122076,2.4712825,0.0,0.0,1.0,1.0
1390,0.7031584,2.4362118,2.5005968,0.0,0.0,1.0,1.0
1391,0.7031584,2.4499915,2.552031,0.0,0.0,1.0,1.0
1392,0.7031584,2.5660396,2.6128237,0.0,0.0,1.0,1.0
1393,0.7031584,2.6424537,2.6852083,0.0,0.0,1.0,1.0
1394,0.7031584,2.699999,2.7619934,0.0,0.0,1.0,1.0
1395,0.7031584,2.8810768,2.855364,0.0,0.0,1.0,1.0
1396,0.7031584,2.9921753,2.9453416,0.0,0.0,1.0,1.0
1397,0.7031584,3.144292,3.0317118,0.0,0.0,1.0,1.0
1398,0.42359743,3.23243,3.1187031,0.0,0.0,1.0,1.0
1399,0.42359743,3.3370988,3.2008781,0.0,0.0,1.0,1.0
1400,0.42359743,3.4703915,3.2745545,0.0,0.0,1.0,1.0
1401,0.711781,3.491939,3.3525243,0.0,0.0,0.0,1.0
1402,0.711781,3.4726543,3.4175541,0.0,0.0,0.0,1.0
1403,0.711781,3.4938874,3.4740772,0.0,0.0,0.0,1.0
1404,0.711781,3.5521398,3.5237002,0.0,0.0,0.0,1.0
1405,0.43216124,3.5265684,3.5722184,0.0,0.0,0.0,1.0
1406,0.43216124,3.6356382,3.607951,0.0,0.0,0.0,1.0
1407,0.43216124,3.6614342,3.630182,0.0,0.0,0.0,1.0
1408,0.43216124,3.670452,3.646577,0.0,0.0,0.0,1.0
1409,0.15252244,3.7397683,3.6682057,0.0,0.0,0.0,1.0
1410,0.15252244,3.814648,3.6793513,0.0,0.0,0.0,1.0
1411,0.15252244,3.7658896,3.683681,0.0,0.0,0.0,1.0
1412,0.15252244,3.7371645,3.6974745,0.0,0.0,0.0,1.0
1413,-0.1271621,3.6886773,3.7093925,0.0,0.0,0.0,1.0
1414,-0.1271621,3.732202,3.7171807,0.0,0.0,0.0,1.0
1415,-0.1271621,3.6276333,3.7262669,0.0,0.0,0.0,1.0
1416,0.16105686,3.6040976,3.7306457,0.0,0.0,0.0,1.0
1417,-0.40685207,3.6920896,3.7226026,0.0,0.0,0.0,1.0
1418,0.16105686,3.7786531,3.7161317,0.0,0.0,0.0,1.0
1419,-0.40685207,3.7548935,3.7058554,0.0,0.0,0.0,1.0
1420,-0.40685207,3.7794845,3.6944573,0.0,0.0,0.0,1.0
1421,0.16105686,3.7923143,3.6702108,0.0,0.0,1.0,1.0
1422,0.16105686,3.7181313,3.648682,0.0,0.0,1.0,1.0
1423,0.16105686,3.6882377,3.6205454,0.0,0.0,1.0,1.0
1424,0.16105686,3.6138499,3.5789185,0.0,0.0,1.0,1.0
1425,-0.40685207,3.5519004,3.5237153,0.0,0.0,1.0,1.0
1426,0.16105686,3.4412436,3.4658926,0.0,0.0,1.0,1.0
1427,0.16105686,3.36929,3.3966098,0.0,0.0,1.0,1.0
1428,0.16105686,3.2664552,3.3123481,0.0,0.0,1.0,1.0
1429,-0.40685207,3.1925676,3.2204714,0.0,0.0,1.0,1.0
1430,-0.40685207,3.1162155,3.1287785,0.0,0.0,1.0,1.0
1431,-0.1271621,3.0610197,3.0382085,0.0,0.0,1.0,1.0
1432,-0.1271621,2.9480937,2.9458618,0.0,0.0,1.0,1.0
1433,-0.40685207,2.781174,2.857729,0.0,0.0,1.0,1.0
1434,-0.1271621,2.6156108,2.7769232,0.0,0.0,1.0,1.0
1435,-0.40685207,2.58792,2.703072,0.0,0.0,1.0,1.0
1436,-0.6950357,2.527011,2.6392312,0.0,0.0,1.0,1.0
1437,-0.6950357,2.4437418,2.5938895,0.0,0.0,1.0,1.0
1438,-0.6950357,2.383649,2.5530188,0.0,0.0,1.0,1.0
1439,-0.6950357,2.39962,2.524714,0.0,0.0,1.0,1.0
1440,-0.4153457,2.3802416,2.5192196,0.0,0.0,1.0,1.0
1441,-0.4153457,2.4264789,2.5257702,0.0,0.0,1.0,1.0
1442,-0.4153457,2.5721142,2.5527396,0.0,0.0,1.0,1.0
1443,-0.703494,2.5705707,2.589149,0.0,0.0,1.0,1.0
1444,-0.703494,2.6084347,2.630335,0.0,0.0,1.0,1.0
1445,-0.703494,2.715242,2.677843,0.0,0.0,1.0,1.0
1446,-0.703494,2.6942198,2.719694,0.0,0.0,1.0,1.0
1447,-0.703494,2.9115527,2.758322,0.0,0.0,1.0,1.0
1448,-0.99160695,2.9639215,2.79187,0.0,0.0,1.0,1.0
1449,-0.7119224,2.937976,2.8146327,0.0,0.0,1.0,1.0
1450,-0.7119224,2.9537451,2.8362167,0.0,0.0,1.0,1.0
1451,-0.7119224,2.9018304,2.8539867,0.0,0.0,1.0,1.0
1452,-0.7119224,2.843777,2.854619,0.0,0.0,1.0,1.0
1453,-0.7119224,2.8290582,2.8455176,0.0,0.0,1.0,1.0
1454,-0.43228358,2.8452628,2.82374,0.0,0.0,1.0,1.0
1455,-0.7203612,2.8295813,2.8044276,0.0,0.0,1.0,1.0
1456,-0.7203612,2.821675,2.779692,0.0,0.0,1.0,1.0
1457,-0.7203612,2.7228293,2.7540464,0.0,0.0,1.0,1.0
1458,-0.7203612,2.5850017,2.7242258,0.0,0.0,1.0,1.0
1459,-0.7203612,2.6502233,2.7023714,0.0,0.0,1.0,1.0
1460,-0.4407414,2.7321708,2.6930833,0.0,0.0,1.0,1.0
1461,-0.4407414,2.6411474,2.6879692,0.0,0.0,1.0,1.0
1462,-0.4407414,2.6460001,2.6895137,0.0,0.0,1.0,1.0
1463,-0.4407414,2.5439813,2.6933968,0.0,0.0,1.0,1.0
1464,-0.4407414,2.581526,2.7068982,0.0,0.0,1.0,1.0
1465,-0.72878367,2.7176013,2.7295692,0.0,0.0,1.0,1.0
1466,-0.4407414,2.7838936,2.7458918,0.0,0.0,1.0,1.0
1467,-0.4407414,2.848115,2.751059,0.0,0.0,1.0,1.0
1468,-0.4407414,2.8682706,2.7574098,0.0,0.0,1.0,1.0
1469,-0.4407414,2.8848486,2.7558296,0.0,0.0,1.0,1.0
1470,-0.4407414,2.8570538,2.7518437,0.0,0.0,1.0,1.0
1471,-0.16118047,2.8460922,2.7330317,0.0,0.0,1.0,1.0
1472,0.12689714,2.7941785,2.699608,0.0,0.0,1.0,1.0
1473,0.12689714,2.7173557,2.6567144,0.0,0.0,1.0,1.0
1474,0.12689714,2.6270397,2.596736,0.0,0.0,1.0,1.0
1475,0.12689714,2.49615,2.5293684,0.0,0.0,1.0,1.0
1476,0.12689714,2.355781,2.4497805,0.0,0.0,1.0,1.0
1477,0.4150101,2.316517,2.3647094,0.0,0.0,1.0,1.0
1478,0.4150101,2.2691722,2.2778153,0.0,0.0,1.0,1.0
1479,0.4150101,2.128373,2.195457,0.0,0.0,1.0,1.0
1480,0.4150101,2.059858,2.1209483,0.0,0.0,1.0,1.0
1481,0.4150101,1.9297937,2.0560653,0.0,0.0,1.0,1.0
1482,0.4150101,1.836201,1.9977162,0.0,0.0,1.0,1.0
1483,0.4150101,1.8033643,1.9555926,0.0,0.0,1.0,1.0
1484,0.4150101,1.8058777,1.9171933,0.0,0.0,1.0,1.0
1485,0.7031584,1.8232512,1.889753,0.0,0.0,1.0,1.0
1486,0.7031584,1.8484455,1.8794303,0.0,0.0,1.0,1.0
1487,0.4150101,1.7959588,1.8808677,0.0,0.0,1.0,1.0
1488,0.7031584,1.8502998,1.900861,0.0,0.0,1.0,1.0
1489,0.7031584,1.8557241,1.9311955,0.0,0.0,1.0,1.0
1490,0.42359743,1.9398887,1.9683453,0.0,0.0,1.0,1.0
1491,0.42359743,2.0045004,2.0060787,0.0,0.0,1.0,1.0
1492,0.42359743,2.077107,2.0432444,0.0,0.0,1.0,1.0
1493,0.42359743,2.1697135,2.0832868,0.0,0.0,1.0,1.0
1494,0.711781,2.2002149,2.1288092,0.0,0.0,1.0,1.0
1495,0.711781,2.2491624,2.1672864,0.0,0.0,1.0,1.0
1496,0.711781,2.2586796,2.2034698,0.0,0.0,1.0,1.0
1497,0.43216124,2.2692366,2.2296536,0.0,0.0,1.0,1.0
1498,0.43216124,2.3289554,2.2488718,0.0,0.0,0.0,1.0
1499,0.43216124,2.3422287,2.263327,0.0,0.0,0.0,1.0
1500,0.15252244,2.312027,2.2743974,0.0,0.0,0.0,1.0
1501,0.15252244,2.289924,2.287234,0.0,0.0,0.0,1.0
1502,0.15252244,2.254094,2.2994668,0.0,0.0,0.0,1.0
1503,-0.1271621,2.2351184,2.3099883,0.0,0.0,0.0,1.0
1504,-0.1271621,2.2505677,2.3181555,0.0,0.0,0.0,1.0
1505,-0.1271621,2.3025608,2.332855,0.0,0.0,1.0,1.0
1506,0.16105686,2.354255,2.3502474,0.0,0.0,1.0,1.0
1507,-0.1271621,2.3959556,2.374799,0.0,0.0,1.0,1.0
1508,-0.40685207,2.3849356,2.4078221,0.0,0.0,1.0,1.0
1509,-0.40685207,2.367244,2.444767,0.0,0.0,1.0,1.0
1510,-0.40685207,2.50535,2.4888031,0.0,0.0,1.0,1.0
1511,-0.40685207,2.5509372,2.5431137,0.0,0.0,1.0,1.0
1512,-0.40685207,2.606645,2.5951967,0.0,0.0,1.0,1.0
1513,-0.40685207,2.686202,2.6514986,0.0,0.0,1.0,1.0
1514,-0.40685207,2.6974332,2.7059743,0.0,0.0,1.0,1.0
1515,-0.40685207,2.763552,2.7650495,0.0,0.0,1.0,1.0
1516,-0.40685207,2.9022934,2.8266857,0.0,0.0,1.0,1.0
1517,-0.40685207,2.9275575,2.881814,0.0,0.0,1.0,1.0
1518,-0.1271621,3.029876,2.932361,0.0,0.0,1.0,1.0
1519,-0.40685207,3.0496652,2.9777312,0.0,0.0,1.0,1.0
1520,-0.40685207,3.0938365,3.0220578,0.0,0.0,1.0,1.0
1521,-0.1271621,3.1068788,3.0671172,0.0,0.0,1.0,1.0
1522,-0.40685207,3.16689,3.1036377,0.0,0.0,1.0,1.0
1523,-0.40685207,3.1574998,3.1315024,0.0,0.0,1.0,1.0
1524,-0.40685207,3.1510901,3.165884,0.0,0.0,1.0,1.0
1525,-0.6950357,3.2181218,3.192701,0.0,0.0,1.0,1.0
1526,-0.6950357,3.2381465,3.2068415,0.0,0.0,1.0,1.0
1527,-0.6950357,3.201796,3.203647,0.0,0.0,1.0,1.0
1528,-0.6950357,3.2366703,3.1945312,0.0,0.0,1.0,1.0
1529,-0.6950357,3.3401375,3.1718464,0.0,0.0,1.0,1.0
1530,-0.4153457,3.3516808,3.1509647,0.0,0.0,1.0,1.0
1531,-0.4153457,3.219349,3.1334057,0.0,0.0,1.0,1.0
1532,-0.703494,3.055503,3.1181085,0.0,0.0,1.0,1.0
1533,-0.703494,2.997491,3.097336,0.0,0.0,1.0,1.0
1534,-0.703494,2.894672,3.0852795,0.0,0.0,1.0,1.0
1535,-0.703494,2.9069185,3.0729737,0.0,0.0,1.0,1.0
1536,-0.703494,2.9403837,3.047364,0.0,0.0,1.0,1.0
1537,-0.703494,3.034554,3.0199463,0.0,0.0,1.0,1.0
1538,-0.99160695,2.9888773,3.0085115,0.0,0.0,1.0,1.0
1539,-0.7119224,3.0571182,3.0132587,0.0,0.0,1.0,1.0
1540,-0.7119224,3.0890012,3.0182672,0.0,0.0,1.0,1.0
1541,-0.7119224,3.0328202,3.0368233,0.0,0.0,1.0,1.0
1542,-0.7119224,3.0226688,3.0685282,0.0,0.0,1.0,1.0
1543,-0.7119224,3.0821323,3.11149,0.0,0.0,1.0,1.0
1544,-0.7203612,3.1124685,3.1573107,0.0,0.0,1.0,1.0
1545,-0.7203612,3.05759,3.222957,0.0,0.0,1.0,1.0
1546,-0.7203612,3.1173477,3.291041,0.0,0.0,0.0,1.0
1547,-0.7203612,3.2873766,3.3609302,0.0,0.0,0.0,1.0
1548,-0.7203612,3.4559252,3.4357717,0.0,0.0,0.0,1.0
1549,-0.7203612,3.5844023,3.5162313,0.0,0.0,0.0,1.0
1550,-0.7203612,3.7766318,3.5953522,0.0,0.0,0.0,1.0
1551,-0.7203612,3.8741264,3.6802568,0.0,0.0,0.0,1.0
1552,-0.7203612,3.927673,3.7787912,0.0,0.0,0.0,1.0
1553,-0.7203612,3.930917,3.8750474,0.0,0.0,0.0,1.0
1554,-0.4407414,3.9881847,3.9636066,0.0,0.0,0.0,1.0
1555,-0.4407414,4.0315833,4.039791,0.0,0.0,0.0,1.0
1556,-0.4407414,4.1313243,4.1101894,0.0,0.0,0.0,1.0
1557,-0.4407414,4.2400007,4.171166,0.0,0.0,0.0,1.0
1558,-0.4407414,4.272424,4.224644,0.0,0.0,0.0,1.0
1559,-0.4407414,4.350087,4.274487,0.0,0.0,0.0,1.0
1560,-0.4407414,4.3701367,4.324153,0.0,0.0,0.0,1.0
1561,-0.4407414,4.429185,4.359978,0.0,0.0,0.0,1.0
1562,-0.4407414,4.508347,4.386273,0.0,0.0,0.0,1.0
1563,-0.4407414,4.5158644,4.3986707,0.0,0.0,0.0,1.0
1564,0.12689714,4.525788,4.3950872,0.0,0.0,0.0,1.0
1565,-0.4407414,4.5269117,4.386351,0.0,0.0,0.0,1.0
1566,0.12689714,4.4180865,4.3607054,0.0,0.0,0.0,1.0
1567,-0.15266378,4.3471184,4.321009,0.0,0.0,0.0,1.0
1568,0.12689714,4.2800965,4.2651324,0.0,0.0,0.0,1.0
1569,0.4150101,4.197,4.189551,0.0,0.0,0.0,1.0
1570,0.4150101,4.1675916,4.1004167,0.0,0.0,0.0,1.0
1571,0.4150101,4.0423417,4.0031977,0.0,0.0,0.0,1.0
1572,0.4150101,3.8937788,3.8982687,0.0,0.0,0.0,1.0
1573,0.4150101,3.758664,3.7898848,0.0,0.0,0.0,1.0
1574,0.4150101,3.6013699,3.6787324,0.0,0.0,0.0,1.0
1575,0.4150101,3.4462526,3.5642104,0.0,0.0,0.0,1.0
1576,0.7031584,3.3591585,3.4495482,0.0,0.0,0.0,1.0
1577,0.7031584,3.2677655,3.3334181,0.0,0.0,0.0,1.0
1578,0.7031584,3.1174815,3.2237206,0.0,0.0,0.0,1.0
1579,0.7031584,3.013289,3.119426,0.0,0.0,0.0,1.0
1580,0.42359743,2.9058323,3.0241773,0.0,0.0,0.0,1.0
1581,0.42359743,2.821054,2.9323874,0.0,0.0,0.0,1.0
1582,0.42359743,2.7740304,2.8529978,0.0,0.0,0.0,1.0
1583,0.42359743,2.7259688,2.7824466,0.0,0.0,0.0,1.0
1584,0.711781,2.6422448,2.7192266,0.0,0.0,0.0,1.0
1585,0.711781,2.6156797,2.6693487,0.0,0.0,0.0,1.0
1586,0.711781,2.4998922,2.6300611,0.0,0.0,0.0,1.0
1587,0.711781,2.4935777,2.597373,0.0,0.0,0.0,1.0
1588,0.711781,2.5125437,2.568574,0.0,0.0,0.0,1.0
1589,0.43216124,2.5091245,2.5448098,0.0,0.0,0.0,1.0
1590,0.43216124,2.5189466,2.529849,0.0,0.0,0.0,1.0
1591,0.43216124,2.541838,2.528379,0.0,0.0,0.0,1.0
1592,0.15252244,2.513575,2.536532,0.0,0.0,0.0,1.0
1593,0.15252244,2.4754672,2.5577638,0.0,0.0,0.0,1.0
1594,0.15252244,2.4888594,2.5868404,0.0,0.0,0.0,1.0
1595,-0.1271621,2.546441,2.6221836,0.0,0.0,0.0,1.0
1596,-0.1271621,2.6246023,2.666152,0.0,0.0,0.0,1.0
1597,0.16105686,2.713516,2.7152662,0.0,0.0,0.0,1.0
1598,-0.1271621,2.7546744,2.7667856,0.0,0.0,0.0,1.0
1599,-0.40685207,2.8424962,2.8285372,0.0,0.0,1.0,1.0
1600,-0.40685207,2.9366624,2.8959224,0.0,0.0,1.0,1.0
1601,-0.40685207,3.036746,2.9653265,0.0,0.0,1.0,1.0
1602,-0.40685207,3.1083162,3.0336525,0.0,0.0,1.0,1.0
1603,-0.40685207,3.1600718,3.0994773,0.0,0.0,1.0,1.0
1604,-0.40685207,3.254593,3.156516,0.0,0.0,1.0,1.0
1605,-0.40685207,3.2840912,3.2112355,0.0,0.0,1.0,1.0
1606,-0.40685207,3.3217082,3.2595632,0.0,0.0,1.0,1.0
1607,0.16105686,3.3663516,3.2968085,0.0,0.0,1.0,1.0
1608,-0.40685207,3.414501,3.3265424,0.0,0.0,1.0,1.0
1609,0.16105686,3.397981,3.3486373,0.0,0.0,1.0,1.0
1610,-0.40685207,3.411308,3.359818,0.0,0.0,1.0,1.0
1611,-0.1271621,3.4224277,3.3579001,0.0,0.0,1.0,1.0
1612,-0.40685207,3.3836055,3.3494341,0.0,0.0,1.0,1.0
1613,-0.40685207,3.393554,3.331909,0.0,0.0,1.0,1.0
1614,-0.40685207,3.373454,3.305386,0.0,0.0,1.0,1.0
1615,-0.40685207,3.2942407,3.2666981,0.0,0.0,1.0,1.0
1616,-0.40685207,3.2315788,3.2265816,0.0,0.0,1.0,1.0
1617,-0.40685207,3.1825,3.1836712,0.0,0.0,1.0,1.0
1618,-0.6950357,3.1114042,3.1324604,0.0,0.0,1.0,1.0
1619,-0.6950357,3.0480773,3.0815935,0.0,0.0,1.0,1.0
1620,-0.6950357,2.950247,3.041449,0.0,0.0,1.0,1.0
1621,-0.4153457,2.9165802,2.9942062,0.0,0.0,1.0,1.0
1622,-0.4153457,2.8963857,2.9440482,0.0,0.0,1.0,1.0
1623,-0.703494,2.8078978,2.8938274,0.0,0.0,1.0,1.0
1624,-0.703494,2.773203,2.8438506,0.0,0.0,1.0,1.0
1625,-0.703494,2.911821,2.7965996,0.0,0.0,1.0,1.0
1626,-0.703494,2.8065395,2.7597044,0.0,0.0,1.0,1.0
1627,-0.703494,2.692344,2.7279353,0.0,0.0,1.0,1.0
1628,-0.703494,2.6289303,2.6943705,0.0,0.0,1.0,1.0
1629,-0.7119224,2.5827777,2.6692038,0.0,0.0,1.0,1.0
1630,-0.7119224,2.544392,2.659477,0.0,0.0,1.0,1.0
1631,-0.7119224,2.6053352,2.6551518,0.0,0.0,1.0,1.0
1632,-0.7119224,2.5690188,2.642449,0.0,0.0,1.0,1.0
1633,-0.7119224,2.513801,2.640996,0.0,0.0,1.0,1.0
1634,-0.7119224,2.5943835,2.6618376,0.0,0.0,1.0,1.0
1635,-0.7203612,2.6911778,2.6902702,0.0,0.0,1.0,1.0
1636,-0.7203612,2.7213,2.72279,0.0,0.0,1.0,1.0
1637,-0.7203612,2.7593868,2.768673,0.0,0.0,1.0,1.0
1638,-0.7203612,2.7891052,2.8191745,0.0,0.0,1.0,1.0
1639,-0.7203612,2.9424417,2.887512,0.0,0.0,1.0,1.0
1640,-0.7203612,2.9701233,2.9713404,0.0,0.0,1.0,1.0
1641,-0.7203612,2.9730144,3.0611167,0.0,0.0,1.0,1.0
1642,-0.7203612,3.0949872,3.1444738,0.0,0.0,1.0,1.0
1643,-0.4407414,3.2113543,3.2342694,0.0,0.0,1.0,1.0
1644,-0.7203612,3.3890698,3.3281481,0.0,0.0,1.0,1.0
1645,-0.4407414,3.5197425,3.419106,0.0,0.0,1.0,1.0
1646,-0.4407414,3.6716976,3.4966743,0.0,0.0,1.0,1.0
1647,-0.4407414,3.6914618,3.5736625,0.0,0.0,1.0,1.0
1648,-0.4407414,3.7988493,3.6494372,0.0,0.0,1.0,1.0
1649,-0.4407414,3.885931,3.712237,0.0,0.0,1.0,1.0
1650,-0.4407414,3.8806,3.7611043,0.0,0.0,1.0,1.0
1651,-0.4407414,3.87326,3.7907186,0.0,0.0,0.0,1.0
1652,-0.4407414,3.8939824,3.799762,0.0,0.0,0.0,1.0
1653,-0.4407414,3.8823116,3.7932413,0.0,0.0,0.0,1.0
1654,-0.4407414,3.8485813,3.7776062,0.0,0.0,0.0,1.0
1655,0.12689714,3.7977638,3.7413292,0.0,0.0,0.0,1.0
1656,0.12689714,3.74444,3.6764128,0.0,0.0,0.0,1.0
1657,0.12689714,3.628264,3.5979528,0.0,0.0,0.0,1.0
1658,0.12689714,3.593449,3.5065904,0.0,0.0,0.0,1.0
1659,0.12689714,3.503842,3.4013216,0.0,0.0,0.0,1.0
1660,0.12689714,3.3635263,3.2866488,0.0,0.0,0.0,1.0
1661,0.4150101,3.106934,3.1655633,0.0,0.0,0.0,1.0
1662,0.4150101,2.9390805,3.0419075,0.0,0.0,0.0,1.0
1663,0.4150101,2.776908,2.917804,0.0,0.0,0.0,1.0
1664,0.4150101,2.6307588,2.8008301,0.0,0.0,0.0,1.0
1665,0.4150101,2.5062366,2.6834767,0.0,0.0,0.0,1.0
1666,0.7031584,2.395556,2.561701,0.0,0.0,0.0,1.0
1667,0.7031584,2.3138943,2.4472826,0.0,0.0,0.0,1.0
1668,0.7031584,2.255199,2.348838,0.0,0.0,0.0,1.0
1669,0.7031584,2.2245777,2.2579777,0.0,0.0,0.0,1.0
1670,0.7031584,2.1852083,2.1772149,0.0,0.0,0.0,1.0
1671,0.42359743,2.0425336,2.102615,0.0,0.0,0.0,1.0
1672,0.42359743,1.9905034,2.0419147,0.0,0.0,0.0,1.0
1673,0.42359743,1.9256003,1.9897108,0.0,0.0,0.0,1.0
1674,0.711781,1.8487573,1.949765,0.0,0.0,0.0,1.0
1675,0.711781,1.8077546,1.915748,0.0,0.0,0.0,1.0
1676,0.711781,1.7355597,1.8857081,0.0,0.0,0.0,1.0
1677,0.711781,1.7778323,1.8602114,0.0,0.0,0.0,1.0
1678,0.711781,1.7691096,1.8445017,0.0,0.0,0.0,1.0
1679,0.711781,1.8345433,1.8319536,0.0,0.0,0.0,1.0
1680,0.43216124,1.8469962,1.8225914,0.0,0.0,0.0,1.0
1681,0.43216124,1.864098,1.8220811,0.0,0.0,0.0,1.0
1682,0.43216124,1.8792478,1.829928,0.0,0.0,0.0,1.0
1683,0.15252244,1.8540184,1.8492343,0.0,0.0,0.0,1.0
1684,0.43216124,1.8399265,1.8694913,0.0,0.0,0.0,1.0
1685,0.15252244,1.8132536,1.894486,0.0,0.0,0.0,1.0
1686,0.15252244,1.8426324,1.9217924,0.0,0.0,0.0,1.0
1687,0.15252244,1.9019185,1.954653,0.0,0.0,0.0,1.0
1688,-0.1271621,1.9672358,1.9915456,0.0,0.0,1.0,1.0
1689,0.16105686,2.020916,2.0344398,0.0,0.0,1.0,1.0
1690,0.16105686,2.0690446,2.0835018,0.0,0.0,1.0,1.0
1691,-0.40685207,2.1622205,2.137347,0.0,0.0,1.0,1.0
1692,-0.40685207,2.2413247,2.197783,0.0,0.0,1.0,1.0
1693,-0.40685207,2.3068078,2.2594028,0.0,0.0,1.0,1.0
1694,-0.11863311,2.3939776,2.3188965,0.0,0.0,1.0,1.0
1695,-0.40685207,2.442765,2.3750794,0.0,0.0,1.0,1.0
1696,-0.40685207,2.4860682,2.4321694,0.0,0.0,1.0,1.0
1697,-0.11863311,2.5384848,2.4875507,0.0,0.0,1.0,1.0
1698,-0.40685207,2.5820687,2.5403955,0.0,0.0,1.0,1.0
1699,-0.11863311,2.6158447,2.5893488,0.0,0.0,1.0,1.0
1700,-0.40685207,2.64143,2.633283,0.0,0.0,1.0,1.0
1701,-0.40685207,2.7059956,2.67617,0.0,0.0,1.0,1.0
1702,0.16105686,2.733621,2.7102175,0.0,0.0,1.0,1.0
1703,-0.40685207,2.7963588,2.738105,0.0,0.0,1.0,1.0
1704,-0.40685207,2.828764,2.7594583,0.0,0.0,1.0,1.0
1705,-0.40685207,2.834017,2.7795963,0.0,0.0,1.0,1.0
1706,-0.40685207,2.9086225,2.7953477,0.0,0.0,1.0,1.0
1707,-0.40685207,2.8513334,2.806675,0.0,0.0,1.0,1.0
1708,-0.40685207,2.8207192,2.8107371,0.0,0.0,1.0,1.0
1709,-0.40685207,2.7947261,2.814269,0.0,0.0,1.0,1.0
1710,-0.40685207,2.8237228,2.8127038,0.0,0.0,1.0,1.0
1711,-0.6950357,2.804863,2.8062599,0.0,0.0,1.0,1.0
1712,-0.6950357,2.7773576,2.7973118,0.0,0.0,1.0,1.0
1713,-0.6950357,2.7547407,2.7766435,0.0,0.0,1.0,1.0
1714,-0.6950357,2.7760046,2.7568235,0.0,0.0,1.0,1.0
1715,-0.4153457,2.777574,2.735965,0.0,0.0,1.0,1.0
1716,-0.6950357,2.751438,2.7159762,0.0,0.0,1.0,1.0
1717,-0.4153457,2.7266395,2.685744,0.0,0.0,1.0,1.0
1718,-0.703494,2.6606028,2.6619058,0.0,0.0,1.0,1.0
1719,-0.703494,2.6134937,2.639315,0.0,0.0,1.0,1.0
1720,-0.703494,2.5704174,2.6143286,0.0,0.0,1.0,1.0
1721,-0.703494,2.5548613,2.5801442,0.0,0.0,1.0,1.0
1722,-0.703494,2.460937,2.5439227,0.0,0.0,1.0,1.0
1723,-0.7119224,2.5188034,2.5118914,0.0,0.0,1.0,1.0
1724,-0.7119224,2.5062666,2.4849844,0.0,0.0,1.0,1.0
1725,-0.7119224,2.4549043,2.4684715,0.0,0.0,1.0,1.0
1726,-0.7119224,2.3657908,2.460328,0.0,0.0,1.0,1.0
1727,-0.7119224,2.342916,2.4607067,0.0,0.0,1.0,1.0
1728,-0.7203612,2.3670633,2.4671242,0.0,0.0,1.0,1.0
1729,-0.7203612,2.4037566,2.488818,0.0,0.0,1.0,1.0
1730,-0.7203612,2.4624488,2.510867,0.0,0.0,0.0,1.0
1731,-0.7203612,2.5157707,2.5375934,0.0,0.0,0.0,1.0
1732,-0.7203612,2.5749617,2.5751586,0.0,0.0,0.0,1.0
1733,-0.7203612,2.6318712,2.6291113,0.0,0.0,0.0,1.0
1734,-0.7203612,2.7212615,2.6840835,0.0,0.0,0.0,1.0
1735,-0.4407414,2.7833931,2.7436013,0.0,0.0,0.0,1.0
1736,-0.4407414,2.826981,2.810977,0.0,0.0,0.0,1.0
1737,-0.4407414,2.9056883,2.880655,0.0,0.0,0.0,1.0
1738,-0.4407414,3.0132222,2.9516268,0.0,0.0,0.0,1.0
1739,-0.4407414,3.0025833,3.0170925,0.0,0.0,0.0,1.0
1740,-0.4407414,3.081276,3.0749936,0.0,0.0,0.0,1.0
1741,-0.4407414,3.2122662,3.1164749,0.0,0.0,0.0,1.0
1742,-0.4407414,3.298585,3.152607,0.0,0.0,0.0,1.0
1743,-0.4407414,3.3674324,3.1812313,0.0,0.0,0.0,1.0
1744,-0.4407414,3.360549,3.1966767,0.0,0.0,0.0,1.0
1745,-0.15266378,3.326686,3.194329,0.0,0.0,0.0,1.0
1746,0.12689714,3.2190368,3.1853366,0.0,0.0,0.0,1.0
1747,0.12689714,3.2169783,3.1619759,0.0,0.0,0.0,1.0
1748,0.12689714,3.1704707,3.1168752,0.0,0.0,0.0,1.0
1749,0.4150101,3.091034,3.0501688,0.0,0.0,0.0,1.0
1750,0.4150101,2.9850519,2.9742653,0.0,0.0,0.0,1.0
1751,0.4150101,2.8946729,2.8934498,0.0,0.0,0.0,1.0
1752,0.4150101,2.8009462,2.8051064,0.0,0.0,0.0,1.0
1753,0.4150101,2.67106,2.718668,0.0,0.0,0.0,1.0
1754,0.4150101,2.4981062,2.624552,0.0,0.0,0.0,1.0
1755,0.7031584,2.4565935,2.5334492,0.0,0.0,0.0,1.0
1756,0.7031584,2.3907611,2.4462194,0.0,0.0,0.0,1.0
1757,0.7031584,2.2665663,2.3677926,0.0,0.0,1.0,1.0
1758,0.7031584,2.1817737,2.2908049,0.0,0.0,1.0,1.0
1759,0.7031584,2.0875876,2.2164428,0.0,0.0,1.0,1.0
1760,0.7031584,2.0772371,2.1486197,0.0,0.0,1.0,1.0
1761,0.7031584,2.0442781,2.094086,0.0,0.0,1.0,1.0
1762,0.7031584,2.0439274,2.0423675,0.0,0.0,1.0,1.0
1763,0.42359743,1.9708209,1.9970392,0.0,0.0,1.0,1.0
1764,0.42359743,1.9086007,1.9605831,0.0,0.0,1.0,1.0
1765,0.711781,1.8571819,1.9351474,0.0,0.0,1.0,1.0
1766,0.711781,1.8437027,1.9144733,0.0,0.0,1.0,1.0
1767,0.711781,1.835973,1.8894602,0.0,0.0,1.0,1.0
1768,0.711781,1.8468204,1.8663744,0.0,0.0,1.0,1.0
1769,0.711781,1.8290931,1.8433301,0.0,0.0,1.0,1.0
1770,0.43216124,1.8765454,1.8256578,0.0,0.0,1.0,1.0
1771,0.43216124,1.8394985,1.8091607,0.0,0.0,1.0,1.0
1772,0.43216124,1.7770799,1.7939601,0.0,0.0,1.0,1.0
1773,0.43216124,1.7672485,1.7743479,0.0,0.0,0.0,1.0
1774,0.15252244,1.7673972,1.7496392,0.0,0.0,0.0,1.0
1775,0.15252244,1.7587532,1.7277546,0.0,0.0,0.0,1.0
1776,-0.1271621,1.7106348,1.7067798,0.0,0.0,0.0,1.0
1777,-0.1271621,1.6747743,1.6864787,0.0,0.0,0.0,1.0
1778,0.16105686,1.6083568,1.6656121,0.0,0.0,0.0,1.0
1779,0.16105686,1.5394679,1.6496725,0.0,0.0,0.0,1.0
1780,0.16105686,1.5842053,1.640852,0.0,0.0,0.0,1.0
1781,-0.40685207,1.5773966,1.6366425,0.0,0.0,0.0,1.0
1782,-0.40685207,1.6329321,1.6392766,0.0,0.0,0.0,1.0
1783,-0.40685207,1.5890983,1.6523913,0.0,0.0,0.0,1.0
1784,-0.40685207,1.5858047,1.6736244,0.0,0.0,0.0,1.0
1785,-0.40685207,1.6614027,1.703046,0.0,0.0,0.0,1.0
1786,-0.40685207,1.7168831,1.7417103,0.0,0.0,0.0,1.0
1787,-0.40685207,1.7903626,1.7801878,0.0,0.0,0.0,1.0
1788,-0.40685207,1.8680116,1.8242745,0.0,0.0,1.0,1.0
1789,-0.40685207,1.9295707,1.8712556,0.0,0.0,1.0,1.0
1790,-0.40685207,1.9614155,1.9302255,0.0,0.0,1.0,1.0
1791,-0.40685207,2.00344,1.9908578,0.0,0.0,1.0,1.0
1792,-0.40685207,2.0459363,2.0516548,0.0,0.0,1.0,1.0
1793,-0.40685207,2.1064365,2.1074555,0.0,0.0,1.0,1.0
1794,-0.40685207,2.1967053,2.167696,0.0,0.0,1.0,1.0
1795,-0.40685207,2.2967374,2.224317,0.0,0.0,1.0,1.0
1796,-0.40685207,2.3133924,2.2724538,0.0,0.0,1.0,1.0
1797,-0.6950357,2.3909674,2.3124087,0.0,0.0,1.0,1.0
1798,-0.6950357,2.3864894,2.3437693,0.0,0.0,1.0,1.0
1799,-0.1271621,2.5132496,2.367176,0.0,0.0,1.0,1.0
1800,-0.6950357,2.5474646,2.3806586,0.0,0.0,1.0,1.0
1801,-0.4153457,2.5072095,2.3840525,0.0,0.0,1.0,1.0
1802,-0.4153457,2.4408762,2.3819854,0.0,0.0,1.0,1.0
1803,-0.4153457,2.3797667,2.3785024,0.0,0.0,1.0,1.0
1804,-0.703494,2.3268182,2.368781,0.0,0.0,1.0,1.0
1805,-0.703494,2.2682261,2.3568957,0.0,0.0,1.0,1.0
1806,-0.703494,2.2374334,2.3331165,0.0,0.0,1.0,1.0
1807,-0.703494,2.2719307,2.3079338,0.0,0.0,1.0,1.0
1808,-0.7119224,2.2715964,2.2810597,0.0,0.0,1.0,1.0
1809,-0.7119224,2.2743115,2.2598727,0.0,0.0,1.0,1.0
1810,-0.7119224,2.243864,2.2397227,0.0,0.0,1.0,1.0
1811,-0.7119224,2.227901,2.230792,0.0,0.0,1.0,1.0
1812,-0.7119224,2.2452714,2.2328093,0.0,0.0,1.0,1.0
1813,-0.7203612,2.1847205,2.2431355,0.0,0.0,1.0,1.0
1814,-0.7203612,2.1866329,2.25981,0.0,0.0,0.0,1.0
1815,-0.7203612,2.1379666,2.2883797,0.0,0.0,1.0,1.0
1816,-0.7203612,2.2196493,2.331601,0.0,0.0,1.0,1.0
1817,-0.7203612,2.2924328,2.3891344,0.0,0.0,1.0,1.0
1818,-0.7203612,2.3613489,2.4557421,0.0,0.0,1.0,1.0
1819,-0.7203612,2.4720247,2.5293295,0.0,0.0,1.0,1.0
1820,-0.4407414,2.6144311,2.6263409,0.0,0.0,1.0,1.0
1821,-0.7203612,2.7929668,2.736654,0.0,0.0,1.0,1.0
1822,-0.4407414,2.9342668,2.8663483,0.0,0.0,1.0,1.0
1823,-0.4407414,3.027194,3.007782,0.0,0.0,1.0,1.0
1824,-0.4407414,3.128321,3.1618328,0.0,0.0,1.0,1.0
1825,-0.4407414,3.3488543,3.3183336,0.0,0.0,1.0,1.0
1826,-0.4407414,3.5103934,3.4743757,0.0,0.0,1.0,1.0
1827,-0.4407414,3.6942961,3.622697,0.0,0.0,1.0,1.0
1828,-0.4407414,3.916855,3.7575126,0.0,0.0,1.0,1.0
1829,-0.4407414,4.1410413,3.8807821,0.0,0.0,1.0,1.0
1830,-0.4407414,4.2393603,3.9937506,0.0,0.0,1.0,1.0
1831,-0.4407414,4.3445296,4.092942,0.0,0.0,1.0,1.0
1832,0.12689714,4.394286,4.162594,0.0,0.0,1.0,1.0
1833,0.12689714,4.4107533,4.207647,0.0,0.0,1.0,1.0
1834,0.4150101,4.413502,4.2246337,0.0,0.0,1.0,1.0
1835,0.12689714,4.382813,4.2177396,0.0,0.0,1.0,1.0
1836,0.4150101,4.3186216,4.179625,0.0,0.0,1.0,1.0
1837,0.4150101,4.1846714,4.124836,0.0,0.0,1.0,1.0
1838,0.4150101,4.0510325,4.052565,0.0,0.0,1.0,1.0
1839,0.4150101,3.89814,3.9625745,0.0,0.0,1.0,1.0
1840,0.4150101,3.8341238,3.8555179,0.0,0.0,1.0,1.0
1841,0.7031584,3.6836655,3.7391322,0.0,0.0,1.0,1.0
1842,0.7031584,3.5818932,3.6168003,0.0,0.0,1.0,1.0
1843,0.7031584,3.4772775,3.496983,0.0,0.0,1.0,1.0
1844,0.7031584,3.3143997,3.386191,0.0,0.0,1.0,1.0
1845,0.7031584,3.1260736,3.2872047,0.0,0.0,1.0,1.0
1846,0.7031584,3.0168731,3.2038317,0.0,0.0,1.0,1.0
1847,0.7031584,2.914832,3.1294284,0.0,0.0,1.0,1.0
1848,0.7031584,2.8808155,3.0734227,0.0,0.0,1.0,1.0
1849,0.42359743,2.8551643,3.0329418,0.0,0.0,1.0,1.0
1850,0.42359743,2.8631997,3.0023625,0.0,0.0,1.0,1.0
1851,0.711781,2.8976629,2.9887247,0.0,0.0,1.0,1.0
1852,0.711781,2.941285,2.9915855,0.0,0.0,1.0,1.0
1853,0.711781,3.0115957,3.0053492,0.0,0.0,1.0,1.0
1854,0.711781,3.0961215,3.026057,0.0,0.0,1.0,1.0
1855,0.711781,3.1103258,3.0503159,0.0,0.0,1.0,1.0
1856,0.43216124,3.1507485,3.085226,0.0,0.0,1.0,1.0
1857,0.43216124,3.1604018,3.1271555,0.0,0.0,1.0,1.0
1858,0.43216124,3.182038,3.1748333,0.0,0.0,1.0,1.0
1859,0.15252244,3.1633258,3.219539,0.0,0.0,1.0,1.0
1860,0.15252244,3.171921,3.2637742,0.0,0.0,1.0,1.0
1861,0.15252244,3.274086,3.3000884,0.0,0.0,1.0,1.0
1862,0.16105686,3.3663538,3.3309097,0.0,0.0,1.0,1.0
1863,0.16105686,3.469796,3.3603587,0.0,0.0,1.0,1.0
1864,0.16105686,3.477754,3.3827467,0.0,0.0,0.0,1.0
1865,0.16105686,3.5424175,3.4019818,0.0,0.0,0.0,1.0
1866,-0.40685207,3.5318933,3.4249034,0.0,0.0,0.0,1.0
1867,0.16105686,3.4801824,3.4438329,0.0,0.0,0.0,1.0
1868,-0.40685207,3.504136,3.4494755,0.0,0.0,1.0,1.0
1869,0.16105686,3.4290566,3.4441836,0.0,0.0,1.0,1.0
1870,-0.40685207,3.4128582,3.4287,0.0,0.0,1.0,1.0
1871,-0.40685207,3.4383864,3.4084654,0.0,0.0,1.0,1.0
1872,-0.40685207,3.3990755,3.3791595,0.0,0.0,1.0,1.0
1873,-0.40685207,3.3417969,3.346935,0.0,0.0,1.0,1.0
1874,0.16105686,3.3028512,3.3103871,0.0,0.0,1.0,1.0
1875,0.16105686,3.2839901,3.2650614,0.0,0.0,1.0,1.0
1876,0.16105686,3.2349408,3.218052,0.0,0.0,1.0,1.0
1877,-0.40685207,3.1907456,3.169912,0.0,0.0,1.0,1.0
1878,-0.40685207,3.1451993,3.1182473,0.0,0.0,1.0,1.0
1879,-0.1271621,3.041609,3.0773332,0.0,0.0,1.0,1.0
1880,-0.40685207,2.9602256,3.0425255,0.0,0.0,1.0,1.0
1881,-0.40685207,2.8649452,3.0078995,0.0,0.0,1.0,1.0
1882,-0.40685207,2.8351796,2.9752376,0.0,0.0,1.0,1.0
1883,-0.40685207,2.8184085,2.947593,0.0,0.0,1.0,1.0
1884,-0.40685207,2.9081066,2.920808,0.0,0.0,1.0,1.0
1885,-0.40685207,2.9241042,2.893398,0.0,0.0,1.0,1.0
1886,-0.6950357,2.887339,2.8709483,0.0,0.0,1.0,1.0
1887,-0.4153457,2.8920493,2.8495393,0.0,0.0,1.0,1.0
1888,-0.4153457,2.9032037,2.8351216,0.0,0.0,1.0,1.0
1889,-0.4153457,2.8693278,2.8228412,0.0,0.0,1.0,1.0
1890,-0.4153457,2.8162787,2.8148458,0.0,0.0,1.0,1.0
1891,-0.703494,2.7722118,2.7998796,0.0,0.0,1.0,1.0
1892,-0.703494,2.7033184,2.7843726,0.0,0.0,1.0,1.0
1893,-0.703494,2.6919312,2.7649958,0.0,0.0,1.0,1.0
1894,-0.703494,2.6878135,2.745608,0.0,0.0,1.0,1.0
1895,-0.42380944,2.7224667,2.710412,0.0,0.0,1.0,1.0
1896,-0.42380944,2.728511,2.6770973,0.0,0.0,1.0,1.0
1897,-0.7119224,2.738019,2.6484647,0.0,0.0,1.0,1.0
1898,-0.7119224,2.6548185,2.6263447,0.0,0.0,1.0,1.0
1899,-0.7119224,2.6593964,2.610583,0.0,0.0,1.0,1.0
1900,-0.43228358,2.4808507,2.601714,0.0,0.0,1.0,1.0
1901,-0.7203612,2.4695525,2.5950522,0.0,0.0,1.0,1.0
1902,-0.7203612,2.472687,2.5873713,0.0,0.0,1.0,1.0
1903,-0.7203612,2.5067716,2.5785096,0.0,0.0,1.0,1.0
1904,-0.7203612,2.514178,2.565074,0.0,0.0,1.0,1.0
1905,-0.7203612,2.5855024,2.5625668,0.0,0.0,1.0,1.0
1906,-0.7203612,2.6078742,2.5647457,0.0,0.0,1.0,1.0
1907,-0.4407414,2.630295,2.579499,0.0,0.0,0.0,1.0
1908,-0.4407414,2.6221704,2.5955563,0.0,0.0,0.0,1.0
1909,-0.4407414,2.576792,2.6174533,0.0,0.0,0.0,1.0
1910,-0.4407414,2.6247315,2.6320004,0.0,0.0,0.0,1.0
1911,-0.4407414,2.685544,2.6430023,0.0,0.0,0.0,1.0
1912,-0.4407414,2.657889,2.64496,0.0,0.0,0.0,1.0
1913,-0.4407414,2.6622398,2.6404562,0.0,0.0,0.0,1.0
1914,-0.16118047,2.7354531,2.625483,0.0,0.0,0.0,1.0
1915,-0.4407414,2.681336,2.604311,0.0,0.0,0.0,1.0
1916,-0.16118047,2.646201,2.5778666,0.0,0.0,0.0,1.0
1917,-0.4407414,2.6089919,2.543005,0.0,0.0,0.0,1.0
1918,0.12689714,2.5538309,2.49567,0.0,0.0,0.0,1.0
1919,0.12689714,2.4506166,2.4541564,0.0,0.0,0.0,1.0
1920,0.12689714,2.3681076,2.406946,0.0,0.0,0.0,1.0
1921,0.12689714,2.259458,2.340638,0.0,0.0,0.0,1.0
1922,0.4150101,2.2063916,2.2674444,0.0,0.0,0.0,1.0
1923,0.4150101,2.117527,2.1949916,0.0,0.0,0.0,1.0
1924,0.4150101,2.1597226,2.124453,0.0,0.0,0.0,1.0
1925,0.4150101,2.0957153,2.0557213,0.0,0.0,0.0,1.0
1926,0.4150101,1.9397566,1.9960986,0.0,0.0,0.0,1.0
1927,0.4150101,1.8030128,1.9411802,0.0,0.0,0.0,1.0
1928,0.7031584,1.7767687,1.8975899,0.0,0.0,0.0,1.0
1929,0.7031584,1.762528,1.8574246,0.0,0.0,0.0,1.0
1930,0.4150101,1.7290494,1.8257284,0.0,0.0,0.0,1.0
1931,0.7031584,1.7351456,1.7926577,0.0,0.0,0.0,1.0
1932,0.7031584,1.7090876,1.7725253,0.0,0.0,0.0,1.0
1933,0.7031584,1.7363746,1.7708038,0.0,0.0,0.0,1.0
1934,0.7031584,1.7244071,1.787155,0.0,0.0,0.0,1.0
1935,0.7031584,1.7371732,1.8045963,0.0,0.0,0.0,1.0
1936,0.7031584,1.7628745,1.8319776,0.0,0.0,0.0,1.0
1937,0.711781,1.8541263,1.8678259,0.0,0.0,0.0,1.0
1938,0.711781,1.9190985,1.9051924,0.0,0.0,0.0,1.0
1939,0.711781,1.9992268,1.9452041,0.0,0.0,0.0,1.0
1940,0.711781,1.9860643,1.9808176,0.0,0.0,0.0,1.0
1941,0.711781,2.0911036,2.0217466,0.0,0.0,0.0,1.0
1942,0.43216124,2.159228,2.0648646,0.0,0.0,0.0,1.0
1943,0.43216124,2.1835442,2.107173,0.0,0.0,0.0,1.0
1944,0.43216124,2.1892283,2.142742,0.0,0.0,0.0,1.0
1945,0.43216124,2.1637352,2.1778195,0.0,0.0,0.0,1.0
1946,0.15252244,2.2155554,2.2054124,0.0,0.0,0.0,1.0
1947,0.15252244,2.254592,2.2320309,0.0,0.0,0.0,1.0
1948,0.15252244,2.2705727,2.2434316,0.0,0.0,0.0,1.0
1949,0.15252244,2.280954,2.2463877,0.0,0.0,0.0,1.0
1950,-0.1271621,2.3400297,2.2439694,0.0,0.0,0.0,1.0
1951,-0.1271621,2.3303423,2.243303,0.0,0.0,0.0,1.0
1952,0.16105686,2.3054848,2.2415245,0.0,0.0,0.0,1.0
1953,0.16105686,2.2279124,2.235379,0.0,0.0,0.0,1.0
1954,-0.40685207,2.194702,2.2272284,0.0,0.0,0.0,1.0
1955,0.16105686,2.1545234,2.2278144,0.0,0.0,0.0,1.0
1956,-0.40685207,2.1812341,2.2290025,0.0,0.0,0.0,1.0
1957,-0.40685207,2.1423914,2.2230892,0.0,0.0,0.0,1.0
1958,0.16105686,2.141809,2.2175324,0.0,0.0,0.0,1.0
1959,0.16105686,2.156784,2.2231104,0.0,0.0,0.0,1.0
1960,-0.40685207,2.277606,2.2331016,0.0,0.0,0.0,1.0
1961,-0.40685207,2.2952104,2.241243,0.0,0.0,0.0,1.0
1962,0.16105686,2.269071,2.2541146,0.0,0.0,0.0,1.0
1963,0.16105686,2.2636602,2.2676353,0.0,0.0,0.0,1.0
1964,0.16105686,2.3724215,2.2841883,0.0,0.0,0.0,1.0
1965,0.16105686,2.3478074,2.3021772,0.0,0.0,0.0,1.0
1966,0.16105686,2.2923963,2.3189218,0.0,0.0,0.0,1.0
1967,-0.40685207,2.3089848,2.3364353,0.0,0.0,0.0,1.0
1968,-0.40685207,2.3434815,2.3530085,0.0,0.0,1.0,1.0
1969,-0.40685207,2.3410273,2.371819,0.0,0.0,1.0,1.0
1970,-0.40685207,2.3576763,2.3888278,0.0,0.0,1.0,1.0
1971,-0.40685207,2.3577185,2.3906028,0.0,0.0,1.0,1.0
1972,-0.40685207,2.4877682,2.3944087,0.0,0.0,1.0,1.0
1973,-0.6950357,2.4940903,2.4115615,0.0,0.0,1.0,1.0
1974,-0.6950357,2.494797,2.4263978,0.0,0.0,1.0,1.0
1975,-0.4153457,2.4677634,2.4361887,0.0,0.0,1.0,1.0
1976,-0.4153457,2.393723,2.4480014,0.0,0.0,1.0,1.0
1977,-0.4153457,2.3934782,2.4605064,0.0,0.0,1.0,1.0
1978,-0.703494,2.4982295,2.474772,0.0,0.0,1.0,1.0
1979,-0.703494,2.4870205,2.4804807,0.0,0.0,1.0,1.0
1980,-0.703494,2.4609725,2.487935,0.0,0.0,1.0,1.0
1981,-0.703494,2.4827795,2.5152805,0.0,0.0,1.0,1.0
1982,-0.42380944,2.507738,2.5496652,0.0,0.0,1.0,1.0
1983,-0.7119224,2.5289028,2.5782666,0.0,0.0,1.0,1.0
1984,-0.42380944,2.5562737,2.6106951,0.0,0.0,1.0,1.0
1985,-0.7119224,2.5835426,2.648305,0.0,0.0,1.0,1.0
1986,-0.7119224,2.822941,2.6946342,0.0,0.0,1.0,1.0
1987,-0.7119224,2.88038,2.7492034,0.0,0.0,1.0,1.0
1988,-0.7119224,2.7369409,2.8059933,0.0,0.0,1.0,1.0
1989,-0.7203612,2.7826204,2.8618948,0.0,0.0,1.0,1.0
1990,-0.7203612,2.949548,2.924632,0.0,0.0,1.0,1.0
1991,-0.7203612,3.04297,2.988627,0.0,0.0,1.0,1.0
1992,-0.7203612,3.1158047,3.0616548,0.0,0.0,1.0,1.0
1993,-0.7203612,3.1642566,3.1152613,0.0,0.0,1.0,1.0
1994,-0.4407414,3.1785576,3.1706758,0.0,0.0,1.0,1.0
1995,-0.4407414,3.2817483,3.2416008,0.0,0.0,1.0,1.0
1996,-0.4407414,3.324213,3.3100758,0.0,0.0,0.0,1.0
1997,-0.4407414,3.4598784,3.3459096,0.0,0.0,0.0,1.0
1998,-0.4407414,3.4662182,3.366034,0.0,0.0,0.0,1.0
1999,-0.4407414,3.5453541,3.379928,0.0,0.0,1.0,1.0
2000,-0.4407414,3.5880384,3.3908606,0.0,0.0,1.0,1.0
2001,-0.4407414,3.6043224,3.3839204,0.0,0.0,1.0,1.0
2002,-0.4407414,3.3795526,3.3590956,0.0,0.0,1.0,1.0
2003,-0.4407414,3.2844644,3.3178377,0.0,0.0,1.0,1.0
2004,-0.4407414,3.2825334,3.2566996,0.0,0.0,1.0,1.0
2005,-0.4407414,3.2954466,3.1791937,0.0,0.0,1.0,1.0
2006,-0.4407414,3.0952737,3.0826278,0.0,0.0,1.0,1.0
2007,0.12689714,2.9838514,2.9697382,0.0,0.0,1.0,1.0
2008,0.12689714,2.8291197,2.8404415,0.0,0.0,1.0,1.0
2009,0.12689714,2.7262208,2.724838,0.0,0.0,1.0,1.0
2010,0.12689714,2.5361474,2.605848,0.0,0.0,1.0,1.0
2011,0.4150101,2.3865638,2.4751732,0.0,0.0,1.0,1.0
2012,0.4150101,2.2333627,2.3390229,0.0,0.0,1.0,1.0
2013,0.4150101,2.0527601,2.2148857,0.0,0.0,1.0,1.0
2014,0.4150101,1.992311,2.1032207,0.0,0.0,1.0,1.0
2015,0.4150101,1.8565855,2.0038776,0.0,0.0,0.0,1.0
2016,0.7031584,1.7144374,1.9073031,0.0,0.0,0.0,1.0
2017,0.7031584,1.6616414,1.8308314,0.0,0.0,0.0,1.0
2018,0.7031584,1.6056265,1.7694649,0.0,0.0,0.0,1.0
2019,0.7031584,1.6438714,1.729317,0.0,0.0,0.0,1.0
2020,0.7031584,1.637005,1.7041253,0.0,0.0,0.0,1.0
2021,0.7031584,1.5673248,1.6880977,0.0,0.0,0.0,1.0
2022,0.7031584,1.6184882,1.686054,0.0,0.0,0.0,1.0
2023,0.7031584,1.650165,1.6975642,0.0,0.0,0.0,1.0
2024,0.7031584,1.751587,1.7201773,0.0,0.0,0.0,1.0
2025,0.7031584,1.7504598,1.7478708,0.0,0.0,0.0,1.0
2026,0.711781,1.7999814,1.7736118,0.0,0.0,0.0,1.0
2027,0.711781,1.8320605,1.8060216,0.0,0.0,0.0,1.0
2028,0.711781,1.8525606,1.8487926,0.0,0.0,0.0,1.0
2029,0.711781,1.9329969,1.8926431,0.0,0.0,0.0,1.0
2030,0.711781,1.9379495,1.9384508,0.0,0.0,0.0,1.0
2031,0.43216124,1.9527626,1.9777957,0.0,0.0,0.0,1.0
2032,0.43216124,2.025922,2.021368,0.0,0.0,0.0,1.0
2033,0.43216124,2.0805774,2.0551322,0.0,0.0,0.0,1.0
2034,0.43216124,2.144695,2.087531,0.0,0.0,0.0,1.0
2035,0.15252244,2.1998568,2.1114264,0.0,0.0,0.0,1.0
2036,0.15252244,2.2237258,2.1383936,0.0,0.0,0.0,1.0
2037,0.15252244,2.2733264,2.161549,0.0,0.0,0.0,1.0
2038,-0.1271621,2.2051532,2.1800265,0.0,0.0,0.0,1.0
2039,-0.1271621,2.2208471,2.1941056,0.0,0.0,0.0,1.0
2040,-0.1271621,2.139302,2.196262,0.0,0.0,0.0,1.0
2041,0.16105686,2.2566044,2.1938527,0.0,0.0,0.0,1.0
2042,0.16105686,2.215817,2.1898515,0.0,0.0,0.0,1.0
2043,0.16105686,2.1744902,2.1847198,0.0,0.0,0.0,1.0
2044,-0.1271621,2.1948724,2.1698108,0.0,0.0,0.0,1.0
2045,0.16105686,2.1064525,2.1529403,0.0,0.0,0.0,1.0
2046,0.16105686,2.1157835,2.134206,0.0,0.0,0.0,1.0
2047,-0.1271621,2.151843,2.1170511,0.0,0.0,1.0,1.0
2048,0.16105686,2.1621456,2.0905132,0.0,0.0,1.0,1.0
2049,0.16105686,2.0944195,2.072934,0.0,0.0,1.0,1.0
2050,0.16105686,2.0027053,2.0560598,0.0,0.0,1.0,1.0
2051,0.16105686,1.9960359,2.0385191,0.0,0.0,1.0,1.0
2052,-0.1271621,1.933445,2.020663,0.0,0.0,1.0,1.0
2053,0.16105686,1.9381497,2.0088353,0.0,0.0,1.0,1.0
2054,-0.1271621,2.0048645,1.996662,0.0,0.0,1.0,1.0
2055,-0.1271621,1.9720019,1.9850055,0.0,0.0,1.0,1.0
2056,-0.1271621,1.9843845,1.9847122,0.0,0.0,1.0,1.0
2057,-0.40685207,1.8921788,1.9954383,0.0,0.0,1.0,1.0
2058,-0.1271621,1.9738507,2.011251,0.0,0.0,1.0,1.0
2059,-0.40685207,2.005762,2.033759,0.0,0.0,1.0,1.0
2060,-0.40685207,2.0222673,2.0607824,0.0,0.0,1.0,1.0
2061,-0.6950357,2.0909004,2.0925884,0.0,0.0,1.0,1.0
2062,-0.4153457,2.1314194,2.1289322,0.0,0.0,1.0,1.0
2063,-0.4153457,2.1857877,2.171532,0.0,0.0,1.0,1.0
2064,-0.4153457,2.2035418,2.22194,0.0,0.0,1.0,1.0
2065,-0.4153457,2.26243,2.2667732,0.0,0.0,1.0,1.0
2066,-0.703494,2.3865354,2.314611,0.0,0.0,1.0,1.0
2067,-0.703494,2.4081275,2.3611774,0.0,0.0,1.0,1.0
2068,-0.703494,2.4955816,2.4114265,0.0,0.0,1.0,1.0
2069,-0.703494,2.497075,2.4543583,0.0,0.0,1.0,1.0
2070,-0.703494,2.5118499,2.5103168,0.0,0.0,1.0,1.0
2071,-0.7119224,2.5798142,2.5608313,0.0,0.0,1.0,1.0
2072,-0.42380944,2.5810654,2.6024823,0.0,0.0,1.0,1.0
2073,-0.7119224,2.6938899,2.633528,0.0,0.0,1.0,1.0
2074,-0.7119224,2.6466022,2.658355,0.0,0.0,1.0,1.0
2075,-0.7119224,2.8572884,2.6738963,0.0,0.0,1.0,1.0
2076,-0.7203612,2.8097162,2.693033,0.0,0.0,1.0,1.0
2077,-0.7203612,2.7622416,2.7124343,0.0,0.0,1.0,1.0
2078,-0.7203612,2.759085,2.7323456,0.0,0.0,1.0,1.0
2079,-0.7203612,2.7060502,2.7465003,0.0,0.0,1.0,1.0
2080,-0.7203612,2.6820767,2.7572095,0.0,0.0,1.0,1.0
2081,-0.4407414,2.7267168,2.7720377,0.0,0.0,1.0,1.0
2082,-0.4407414,2.744666,2.7743654,0.0,0.0,1.0,1.0
2083,-0.4407414,2.8187475,2.7844908,0.0,0.0,1.0,1.0
2084,-0.4407414,2.7509239,2.7958024,0.0,0.0,1.0,1.0
2085,-0.4407414,2.8224013,2.8101962,0.0,0.0,1.0,1.0
2086,-0.4407414,2.8245394,2.8114977,0.0,0.0,1.0,1.0
2087,-0.4407414,2.8852212,2.813945,0.0,0.0,1.0,1.0
2088,-0.4407414,2.9312215,2.814554,0.0,0.0,1.0,1.0
2089,-0.4407414,2.8979793,2.8066041,0.0,0.0,1.0,1.0
2090,-0.16118047,2.931811,2.7898285,0.0,0.0,1.0,1.0
2091,-0.4407414,2.7216682,2.7742555,0.0,0.0,1.0,1.0
2092,-0.16118047,2.7114456,2.7453089,0.0,0.0,0.0,1.0
2093,-0.16118047,2.7340226,2.7052546,0.0,0.0,0.0,1.0
2094,0.12689714,2.6492689,2.6446514,0.0,0.0,0.0,1.0
2095,-0.16118047,2.6174402,2.5787368,0.0,0.0,0.0,1.0
2096,0.12689714,2.5640478,2.503088,0.0,0.0,0.0,1.0
2097,0.12689714,2.4750414,2.4191632,0.0,0.0,0.0,1.0
2098,0.12689714,2.343888,2.3413754,0.0,0.0,0.0,1.0
2099,0.4150101,2.1579823,2.2661526,0.0,0.0,0.0,1.0
2100,0.4150101,2.1402452,2.1842842,0.0,0.0,0.0,1.0
2101,0.4150101,1.9901937,2.118402,0.0,0.0,0.0,1.0
2102,0.4150101,1.924715,2.058049,0.0,0.0,0.0,1.0
2103,0.4150101,1.7882135,2.0057445,0.0,0.0,0.0,1.0
2104,0.4150101,1.8087734,1.9608908,0.0,0.0,0.0,1.0
2105,0.4150101,1.7516003,1.9346191,0.0,0.0,0.0,1.0
2106,0.4150101,1.8586833,1.9290079,0.0,0.0,0.0,1.0
2107,0.7031584,1.8932034,1.9325684,0.0,0.0,0.0,1.0
2108,0.7031584,1.9363949,1.955745,0.0,0.0,0.0,1.0
2109,0.7031584,1.9367967,1.9952196,0.0,0.0,0.0,1.0
2110,0.7031584,2.0286267,2.0528786,0.0,0.0,0.0,1.0
2111,0.7031584,2.090648,2.1129527,0.0,0.0,0.0,1.0
2112,0.7031584,2.1829727,2.1806033,0.0,0.0,0.0,1.0
2113,0.7031584,2.2683125,2.2415452,0.0,0.0,0.0,1.0
2114,0.7031584,2.3984094,2.3052554,0.0,0.0,1.0,1.0
2115,0.7031584,2.4801211,2.365627,0.0,0.0,1.0,1.0
2116,0.711781,2.5296624,2.4272573,0.0,0.0,1.0,1.0
2117,0.711781,2.5634086,2.4709995,0.0,0.0,1.0,1.0
2118,0.711781,2.5899854,2.5076442,0.0,0.0,1.0,1.0
2119,0.42359743,2.6577256,2.538154,0.0,0.0,1.0,1.0
2120,0.711781,2.6608555,2.5632389,0.0,0.0,1.0,1.0
2121,0.711781,2.6763587,2.579522,0.0,0.0,1.0,1.0
2122,0.43216124,2.5535328,2.5905287,0.0,0.0,1.0,1.0
2123,0.43216124,2.5303864,2.59764,0.0,0.0,1.0,1.0
2124,0.43216124,2.5490875,2.6029608,0.0,0.0,1.0,1.0
2125,0.15252244,2.569334,2.604157,0.0,0.0,1.0,1.0
2126,0.15252244,2.5938041,2.599291,0.0,0.0,1.0,1.0
2127,0.15252244,2.6122026,2.5971537,0.0,0.0,1.0,1.0
2128,0.15252244,2.6149976,2.5973136,0.0,0.0,1.0,1.0
2129,-0.1271621,2.6272602,2.6125438,0.0,0.0,1.0,1.0
2130,0.16105686,2.6043391,2.6303775,0.0,0.0,0.0,1.0
2131,0.16105686,2.5993345,2.647788,0.0,0.0,0.0,1.0
2132,-0.40685207,2.6352055,2.66655,0.0,0.0,0.0,1.0
2133,0.16105686,2.6782804,2.6875637,0.0,0.0,0.0,1.0
2134,-0.40685207,2.736294,2.7088463,0.0,0.0,1.0,1.0
2135,-0.40685207,2.74439,2.7293158,0.0,0.0,1.0,1.0
2136,-0.40685207,2.7580147,2.7528648,0.0,0.0,1.0,1.0
2137,0.16105686,2.7944763,2.779219,0.0,0.0,1.0,1.0
2138,-0.40685207,2.8459697,2.8033056,0.0,0.0,1.0,1.0
2139,-0.40685207,2.8675933,2.8203008,0.0,0.0,1.0,1.0
2140,-0.40685207,2.8606327,2.8297043,0.0,0.0,1.0,1.0
2141,0.16105686,2.9098465,2.8348522,0.0,0.0,1.0,1.0
2142,-0.40685207,2.92059,2.8405898,0.0,0.0,1.0,1.0
2143,0.16105686,2.888374,2.8441648,0.0,0.0,1.0,1.0
2144,-0.1271621,2.8391485,2.841781,0.0,0.0,1.0,1.0
2145,-0.40685207,2.791123,2.831514,0.0,0.0,1.0,1.0
2146,-0.1271621,2.7980688,2.8194115,0.0,0.0,1.0,1.0
2147,-0.40685207,2.8132396,2.8051426,0.0,0.0,1.0,1.0
2148,-0.40685207,2.8009145,2.7875013,0.0,0.0,1.0,1.0
2149,-0.40685207,2.7658696,2.768062,0.0,0.0,1.0,1.0
2150,-0.40685207,2.722767,2.7552338,0.0,0.0,1.0,1.0
2151,-0.40685207,2.7223637,2.7507672,0.0,0.0,1.0,1.0
2152,-0.6950357,2.6894073,2.7488241,0.0,0.0,1.0,1.0
2153,-0.6950357,2.6981504,2.7548933,0.0,0.0,1.0,1.0
2154,-0.4153457,2.6873186,2.7592723,0.0,0.0,1.0,1.0
2155,-0.6950357,2.734435,2.7645352,0.0,0.0,1.0,1.0
2156,-0.4153457,2.7855492,2.7730222,0.0,0.0,1.0,1.0
2157,-0.703494,2.7678065,2.7836926,0.0,0.0,1.0,1.0
2158,-0.703494,2.8708982,2.8027184,0.0,0.0,1.0,1.0
2159,-0.703494,2.8657873,2.8321016,0.0,0.0,1.0,1.0
2160,-0.703494,2.864068,2.859529,0.0,0.0,1.0,1.0
2161,-0.42380944,2.8677151,2.8864563,0.0,0.0,1.0,1.0
2162,-0.7119224,2.8508124,2.9100862,0.0,0.0,1.0,1.0
2163,-0.7119224,2.9506729,2.9234161,0.0,0.0,1.0,1.0
2164,-0.7119224,3.0420065,2.9422135,0.0,0.0,1.0,1.0
2165,-0.7119224,3.0272772,2.9564886,0.0,0.0,1.0,1.0
2166,-0.7119224,3.0104463,2.9719903,0.0,0.0,1.0,1.0
2167,-0.7203612,3.0179954,2.9936903,0.0,0.0,1.0,1.0
2168,-0.7203612,2.9455073,3.0183496,0.0,0.0,1.0,1.0
2169,-0.7203612,2.9933753,3.038941,0.0,0.0,1.0,1.0
2170,-0.7203612,3.042201,3.0557408,0.0,0.0,1.0,1.0
2171,-0.7203612,3.0518067,3.0736952,0.0,0.0,1.0,1.0
2172,-0.7203612,3.124467,3.0969095,0.0,0.0,1.0,1.0
2173,-0.7203612,3.1636286,3.123546,0.0,0.0,1.0,1.0
2174,-0.4407414,3.097907,3.1394258,0.0,0.0,1.0,1.0
2175,-0.4407414,3.1522706,3.151628,0.0,0.0,1.0,1.0
2176,-0.4407414,3.2574613,3.1627657,0.0,0.0,1.0,1.0
2177,-0.4407414,3.305847,3.1725044,0.0,0.0,1.0,1.0
2178,-0.4407414,3.330084,3.1763089,0.0,0.0,0.0,1.0
2179,-0.4407414,3.2085521,3.1791868,0.0,0.0,0.0,1.0
2180,-0.4407414,3.0919363,3.1704397,0.0,0.0,0.0,1.0
2181,-0.4407414,3.1270268,3.1584198,0.0,0.0,0.0,1.0
2182,-0.4407414,3.159065,3.134585,0.0,0.0,0.0,1.0
2183,-0.4407414,3.0974607,3.0859053,0.0,0.0,0.0,1.0
2184,-0.4407414,3.1590025,3.0242033,0.0,0.0,0.0,1.0
2185,0.12689714,3.0586631,2.9528112,0.0,0.0,0.0,1.0
2186,-0.16118047,2.9536674,2.8832633,0.0,0.0,0.0,1.0
2187,0.12689714,2.8662539,2.8107238,0.0,0.0,0.0,1.0
2188,0.12689714,2.6733043,2.7299485,0.0,0.0,0.0,1.0
2189,0.12689714,2.5654228,2.641205,0.0,0.0,0.0,1.0
2190,0.12689714,2.4733808,2.5522704,0.0,0.0,0.0,1.0
2191,0.4150101,2.3739762,2.452471,0.0,0.0,0.0,1.0
2192,0.4150101,2.2214622,2.3575494,0.0,0.0,0.0,1.0
2193,0.4150101,2.157723,2.2680948,0.0,0.0,0.0,1.0
2194,0.4150101,2.0941434,2.1846006,0.0,0.0,0.0,1.0
2195,0.4150101,2.0302465,2.1155457,0.0,0.0,0.0,1.0
2196,0.7031584,1.9614075,2.0528758,0.0,0.0,0.0,1.0
2197,0.7031584,1.9196054,2.0042484,0.0,0.0,0.0,1.0
2198,0.7031584,1.8802116,1.9652072,0.0,0.0,0.0,1.0
2199,0.7031584,1.8643246,1.9453396,0.0,0.0,0.0,1.0
2200,0.7031584,1.8446457,1.9334044,0.0,0.0,0.0,1.0
2201,0.7031584,1.8133812,1.9281948,0.0,0.0,0.0,1.0
2202,0.7031584,1.8898541,1.9330302,0.0,0.0,0.0,1.0
2203,0.7031584,1.9054815,1.9488626,0.0,0.0,0.0,1.0
2204,0.7031584,1.9830499,1.9671245,0.0,0.0,0.0,1.0
2205,0.42359743,2.0145013,1.9860139,0.0,0.0,0.0,1.0
2206,0.711781,2.0316281,2.007362,0.0,0.0,0.0,1.0
2207,0.711781,2.0882726,2.0309186,0.0,0.0,0.0,1.0
2208,0.711781,2.1513944,2.0539954,0.0,0.0,0.0,1.0
2209,0.711781,2.1387484,2.0716934,0.0,0.0,0.0,1.0
2210,0.711781,2.1068845,2.0869532,0.0,0.0,0.0,1.0
2211,0.711781,2.1204996,2.0927114,0.0,0.0,0.0,1.0
2212,0.43216124,2.1273267,2.094151,0.0,0.0,0.0,1.0
2213,0.43216124,2.0903046,2.094862,0.0,0.0,0.0,1.0
2214,0.43216124,2.1022284,2.0969086,0.0,0.0,0.0,1.0
2215,0.43216124,2.0885994,2.092851,0.0,0.0,0.0,1.0
2216,0.15252244,2.0521507,2.0907242,0.0,0.0,0.0,1.0
2217,0.15252244,2.0317762,2.094669,0.0,0.0,0.0,1.0
2218,0.15252244,2.0401576,2.0929296,0.0,0.0,0.0,1.0
2219,-0.1271621,2.1128328,2.0923486,0.0,0.0,0.0,1.0
2220,-0.1271621,2.1027012,2.0953743,0.0,0.0,0.0,1.0
2221,0.16105686,2.1132283,2.0986047,0.0,0.0,0.0,1.0
2222,0.16105686,2.154223,2.1042652,0.0,0.0,0.0,1.0
2223,-0.40685207,2.0996258,2.117384,0.0,0.0,0.0,1.0
2224,-0.40685207,2.1203558,2.1353621,0.0,0.0,0.0,1.0
2225,-0.40685207,2.1266117,2.1541405,0.0,0.0,0.0,1.0
2226,-0.40685207,2.140993,2.1676834,0.0,0.0,1.0,1.0
2227,-0.40685207,2.1565273,2.1836991,0.0,0.0,1.0,1.0
2228,-0.40685207,2.2095745,2.2043972,0.0,0.0,1.0,1.0
2229,-0.40685207,2.2475142,2.2186863,0.0,0.0,1.0,1.0
2230,-0.40685207,2.265498,2.2337425,0.0,0.0,1.0,1.0
2231,-0.40685207,2.275347,2.2464364,0.0,0.0,1.0,1.0
2232,-0.40685207,2.2948904,2.257886,0.0,0.0,1.0,1.0
2233,-0.40685207,2.3616068,2.2648273,0.0,0.0,1.0,1.0
2234,-0.40685207,2.325691,2.272397,0.0,0.0,1.0,1.0
2235,-0.40685207,2.2803006,2.2755113,0.0,0.0,1.0,1.0
2236,-0.40685207,2.2726812,2.2773395,0.0,0.0,1.0,1.0
2237,-0.40685207,2.2640073,2.283381,0.0,0.0,1.0,1.0
2238,-0.40685207,2.2242897,2.2919905,0.0,0.0,1.0,1.0
2239,-0.40685207,2.2473624,2.3185968,0.0,0.0,1.0,1.0
2240,-0.40685207,2.2469451,2.3405902,0.0,0.0,1.0,1.0
2241,-0.40685207,2.2694547,2.3690045,0.0,0.0,1.0,1.0
2242,-0.6950357,2.3379948,2.4023795,0.0,0.0,1.0,1.0
2243,-0.6950357,2.378661,2.4347317,0.0,0.0,1.0,1.0
2244,-0.6950357,2.614169,2.4655335,0.0,0.0,1.0,1.0
2245,-0.4153457,2.6255276,2.495029,0.0,0.0,1.0,1.0
2246,-0.4153457,2.6666613,2.5174427,0.0,0.0,1.0,1.0
2247,-0.4153457,2.6807992,2.5371742,0.0,0.0,1.0,1.0
2248,-0.703494,2.6609097,2.5550823,0.0,0.0,1.0,1.0
2249,-0.703494,2.6336277,2.5656114,0.0,0.0,1.0,1.0
2250,-0.703494,2.5782359,2.5731025,0.0,0.0,1.0,1.0
2251,-0.703494,2.5163252,2.562572,0.0,0.0,1.0,1.0
2252,-0.7119224,2.483725,2.551849,0.0,0.0,1.0,1.0
2253,-0.7119224,2.484351,2.5354025,0.0,0.0,1.0,1.0
2254,-0.7119224,2.4643445,2.5187159,0.0,0.0,1.0,1.0
2255,-0.7119224,2.468554,2.4947324,0.0,0.0,1.0,1.0
2256,-0.7119224,2.4878027,2.4804106,0.0,0.0,1.0,1.0
2257,-0.7203612,2.4968498,2.4744482,0.0,0.0,1.0,1.0
2258,-0.43228358,2.4693046,2.483421,0.0,0.0,1.0,1.0
2259,-0.7203612,2.4805617,2.5088034,0.0,0.0,1.0,1.0
2260,-0.7203612,2.373105,2.542791,0.0,0.0,1.0,1.0
2261,-0.7203612,2.4617665,2.6018796,0.0,0.0,1.0,1.0
2262,-0.7203612,2.5066898,2.6709385,0.0,0.0,1.0,1.0
2263,-0.7203612,2.623999,2.7494216,0.0,0.0,1.0,1.0
2264,-0.4407414,2.7883105,2.834282,0.0,0.0,1.0,1.0
2265,-0.4407414,2.892202,2.9314022,0.0,0.0,1.0,1.0
2266,-0.4407414,3.1734104,3.0376887,0.0,0.0,1.0,1.0
2267,-0.4407414,3.2972589,3.155111,0.0,0.0,1.0,1.0
2268,-0.4407414,3.429601,3.2694528,0.0,0.0,1.0,1.0
2269,-0.4407414,3.5151727,3.3822627,0.0,0.0,1.0,1.0
2270,-0.4407414,3.63475,3.5340004,0.0,0.0,1.0,1.0
2271,-0.4407414,3.7559984,3.7129803,0.0,0.0,1.0,1.0
2272,-0.4407414,3.7821727,3.9273164,0.0,0.0,1.0,1.0
2273,-0.16118047,3.8338687,4.161171,0.0,0.0,1.0,1.0
2274,-0.4407414,3.8604074,4.427642,0.0,0.0,1.0,1.0
2275,-0.16118047,4.444853,4.7241898,0.0,0.0,0.0,1.0
2276,0.12689714,4.936068,5.057402,0.0,0.0,0.0,1.0
2277,0.12689714,5.464236,5.4121423,0.0,0.0,0.0,1.0
2278,0.12689714,5.9796677,5.8016396,0.0,0.0,0.0,1.0
2279,0.12689714,6.4949074,6.232653,0.0,0.0,0.0,1.0
2280,0.4150101,6.988177,6.703074,0.0,0.0,0.0,1.0
2281,0.4150101,7.5137215,7.2151713,0.0,0.0,0.0,1.0
2282,0.4150101,7.891632,7.7211514,0.0,0.0,0.0,1.0
2283,0.4150101,8.429966,8.180646,0.0,0.0,0.0,1.0
2284,0.4150101,8.954331,8.596099,0.0,0.0,0.0,1.0
2285,0.7031584,9.478921,8.970034,0.0,0.0,0.0,1.0
2286,0.4150101,10.005576,9.255552,0.0,0.0,0.0,1.0
2287,0.7031584,10.516614,9.45409,0.0,0.0,0.0,1.0
2288,0.7031584,10.45,9.561476,0.0,0.0,0.0,1.0
2289,0.7031584,10.449676,9.592126,0.0,0.0,0.0,1.0
2290,0.7031584,10.4668865,9.53311,0.0,0.0,0.0,1.0
2291,0.7031584,9.921132,9.386989,0.0,0.0,0.0,1.0
2292,0.7031584,9.370628,9.15215,0.0,0.0,0.0,1.0
2293,0.7031584,8.8023405,8.828561,0.0,0.0,0.0,1.0
2294,0.711781,8.259438,8.419425,0.0,0.0,0.0,1.0
2295,0.711781,7.721778,7.970586,0.0,0.0,0.0,1.0
2296,0.711781,7.2008705,7.474593,0.0,0.0,0.0,1.0
2297,0.711781,6.6608653,6.9297123,0.0,0.0,0.0,1.0
2298,0.711781,6.1225033,6.3831615,0.0,0.0,0.0,1.0
2299,0.711781,5.606985,5.8879924,0.0,0.0,0.0,1.0
2300,0.43216124,5.0639243,5.4457016,0.0,0.0,0.0,1.0
2301,0.43216124,4.4977694,5.050776,0.0,0.0,0.0,1.0
2302,0.43216124,3.928313,4.7055717,0.0,0.0,0.0,1.0
2303,0.43216124,3.3625243,4.4071045,0.0,0.0,0.0,1.0
2304,0.15252244,3.428597,4.1545095,0.0,0.0,0.0,1.0
2305,0.15252244,3.4948535,3.94814,0.0,0.0,0.0,1.0
2306,0.15252244,3.5203269,3.780786,0.0,0.0,0.0,1.0
2307,0.16105686,3.579329,3.6532896,0.0,0.0,0.0,1.0
2308,-0.1271621,3.6192627,3.5686374,0.0,0.0,0.0,1.0
2309,0.16105686,3.6297266,3.5274007,0.0,0.0,0.0,1.0
2310,-0.40685207,3.6460671,3.5297508,0.0,0.0,0.0,1.0
2311,0.16105686,3.5987391,3.5285776,0.0,0.0,1.0,1.0
2312,-0.40685207,3.5339649,3.523986,0.0,0.0,1.0,1.0
2313,-0.40685207,3.4819436,3.5166948,0.0,0.0,1.0,1.0
2314,-0.11863311,3.4334745,3.5049071,0.0,0.0,1.0,1.0
2315,-0.40685207,3.3907244,3.485879,0.0,0.0,1.0,1.0
2316,-0.40685207,3.4145174,3.4564445,0.0,0.0,1.0,1.0
2317,-0.11863311,3.4397576,3.4210331,0.0,0.0,1.0,1.0
2318,-0.40685207,3.4328296,3.3820667,0.0,0.0,1.0,1.0
2319,0.16105686,3.4378767,3.3471124,0.0,0.0,1.0,1.0
2320,-0.40685207,3.3909256,3.3149967,0.0,0.0,1.0,1.0
2321,-0.40685207,3.2765143,3.2851715,0.0,0.0,1.0,1.0
2322,-0.40685207,3.2211287,3.2605212,0.0,0.0,1.0,1.0
2323,-0.40685207,3.131143,3.2331991,0.0,0.0,1.0,1.0
2324,-0.40685207,3.114514,3.2040777,0.0,0.0,1.0,1.0
2325,-0.40685207,3.096553,3.174472,0.0,0.0,1.0,1.0
2326,-0.40685207,3.075573,3.141298,0.0,0.0,1.0,1.0
2327,-0.40685207,3.0949204,3.1098924,0.0,0.0,1.0,1.0
2328,-0.40685207,3.0866542,3.0824742,0.0,0.0,1.0,1.0
2329,-0.40685207,3.0903003,3.058827,0.0,0.0,1.0,1.0
2330,-0.40685207,3.0775604,3.0375898,0.0,0.0,1.0,1.0
2331,-0.40685207,3.0397902,3.0147176,0.0,0.0,1.0,1.0
2332,-0.40685207,3.0140564,2.9932687,0.0,0.0,1.0,1.0
2333,-0.40685207,2.947497,2.9718444,0.0,0.0,1.0,1.0
2334,-0.6950357,2.9373608,2.946885,0.0,0.0,1.0,1.0
2335,-0.6950357,2.876299,2.917027,0.0,0.0,1.0,1.0
2336,-0.6950357,2.8400464,2.8850305,0.0,0.0,1.0,1.0
2337,-0.4153457,2.8391678,2.8504815,0.0,0.0,1.0,1.0
2338,-0.4153457,2.8184805,2.8294437,0.0,0.0,1.0,1.0
2339,-0.4153457,2.7954087,2.8062747,0.0,0.0,1.0,1.0
2340,-0.703494,2.7283578,2.7871969,0.0,0.0,1.0,1.0
2341,-0.703494,2.7063422,2.7635484,0.0,0.0,1.0,1.0
2342,-0.703494,2.662973,2.7577033,0.0,0.0,1.0,1.0
2343,-0.703494,2.7873363,2.752793,0.0,0.0,1.0,1.0
2344,-0.703494,2.7360277,2.7542133,0.0,0.0,1.0,1.0
2345,-0.7119224,2.7185626,2.760113,0.0,0.0,1.0,1.0
2346,-0.7119224,2.653578,2.7775295,0.0,0.0,1.0,1.0
2347,-0.7119224,2.806159,2.8085806,0.0,0.0,1.0,1.0
2348,-0.7119224,2.781123,2.8479018,0.0,0.0,1.0,1.0
2349,-0.7119224,2.8562112,2.897579,0.0,0.0,1.0,1.0
2350,-0.7119224,2.8892763,2.944746,0.0,0.0,1.0,1.0
2351,-0.43228358,3.0044062,3.0045185,0.0,0.0,1.0,1.0
2352,-0.7203612,3.1009712,3.0770693,0.0,0.0,1.0,1.0
2353,-0.7203612,3.1781979,3.162571,0.0,0.0,1.0,1.0
2354,-0.7203612,3.2590978,3.2325206,0.0,0.0,1.0,1.0
2355,-0.7203612,3.3533418,3.319473,0.0,0.0,1.0,1.0
2356,-0.7203612,3.4532986,3.410459,0.0,0.0,1.0,1.0
2357,-0.7203612,3.5891705,3.515827,0.0,0.0,1.0,1.0
2358,-0.7203612,3.6795993,3.6094272,0.0,0.0,1.0,1.0
2359,-0.4407414,3.6455526,3.7055213,0.0,0.0,0.0,1.0
2360,-0.4407414,3.824554,3.798274,0.0,0.0,0.0,1.0
2361,-0.4407414,3.9480412,3.8961682,0.0,0.0,0.0,1.0
2362,-0.4407414,4.1536913,3.985182,0.0,0.0,0.0,1.0
2363,-0.4407414,4.1276093,4.121287,0.0,0.0,0.0,1.0
2364,-0.4407414,4.254102,4.309482,0.0,0.0,0.0,1.0
2365,-0.4407414,4.291229,4.5349774,0.0,0.0,0.0,1.0
2366,-0.4407414,4.4338293,4.806952,0.0,0.0,0.0,1.0
2367,-0.4407414,4.421507,5.1067123,0.0,0.0,0.0,1.0
2368,-0.4407414,5.08656,5.4361877,0.0,0.0,0.0,1.0
2369,-0.4407414,5.847509,5.7922707,0.0,0.0,0.0,1.0
2370,0.12689714,6.385546,6.191648,0.0,0.0,0.0,1.0
2371,0.12689714,6.9092484,6.62085,0.0,0.0,0.0,1.0
2372,0.12689714,7.421678,7.088666,0.0,0.0,0.0,1.0
2373,0.12689714,7.901744,7.5293417,0.0,0.0,0.0,1.0
2374,0.12689714,8.426684,7.960121,0.0,0.0,1.0,1.0
2375,0.4150101,8.92014,8.318436,0.0,0.0,1.0,1.0
2376,0.4150101,9.404529,8.599427,0.0,0.0,1.0,1.0
2377,0.4150101,9.90502,8.819291,0.0,0.0,1.0,1.0
2378,0.4150101,9.721938,8.99342,0.0,0.0,1.0,1.0
2379,0.4150101,9.590856,9.061224,0.0,0.0,1.0,1.0
2380,0.4150101,9.386337,9.014349,0.0,0.0,1.0,1.0
2381,0.7031584,9.219408,8.869599,0.0,0.0,1.0,1.0
2382,0.7031584,9.023907,8.628104,0.0,0.0,1.0,1.0
2383,0.7031584,8.998791,8.291389,0.0,0.0,1.0,1.0
2384,0.7031584,8.235331,7.858602,0.0,0.0,1.0,1.0
2385,0.7031584,7.3392525,7.385218,0.0,0.0,1.0,1.0
2386,0.7031584,6.689679,6.8682265,0.0,0.0,1.0,1.0
2387,0.7031584,6.0222073,6.313656,0.0,0.0,1.0,1.0
2388,0.7031584,5.363947,5.719995,0.0,0.0,1.0,1.0
2389,0.711781,4.7115707,5.1450114,0.0,0.0,1.0,1.0
2390,0.711781,4.0413337,4.570044,0.0,0.0,0.0,1.0
2391,0.711781,3.3869565,4.0608153,0.0,0.0,0.0,1.0
2392,0.711781,2.73149,3.6288552,0.0,0.0,0.0,1.0
2393,0.711781,2.0954762,3.248016,0.0,0.0,0.0,1.0
2394,0.711781,2.1241014,2.9179282,0.0,0.0,0.0,1.0
2395,0.711781,2.099184,2.6428769,0.0,0.0,0.0,1.0
2396,0.43216124,2.1245842,2.4262602,0.0,0.0,0.0,1.0
2397,0.43216124,2.155732,2.266277,0.0,0.0,0.0,1.0
2398,0.43216124,2.119611,2.1684637,0.0,0.0,0.0,1.0
2399,0.43216124,2.061152,2.129252,0.0,0.0,0.0,1.0
2400,0.43216124,2.0633318,2.1508653,0.0,0.0,0.0,1.0
2401,0.4407414,2.1121707,2.1787019,0.0,0.0,0.0,1.0
2402,0.15252244,2.121534,2.2175362,0.0,0.0,0.0,1.0
2403,0.15252244,2.2131975,2.2648952,0.0,0.0,0.0,1.0
2404,0.15252244,2.2609494,2.3164608,0.0,0.0,0.0,1.0
2405,0.16105686,2.3548353,2.378862,0.0,0.0,0.0,1.0
2406,-0.1271621,2.4581397,2.4512887,0.0,0.0,0.0,1.0
2407,0.16105686,2.5651963,2.5304887,0.0,0.0,0.0,1.0
2408,-0.40685207,2.6928942,2.6121764,0.0,0.0,0.0,1.0
2409,0.16105686,2.7745175,2.7036083,0.0,0.0,0.0,1.0
2410,-0.40685207,2.8684244,2.7925658,0.0,0.0,1.0,1.0
2411,-0.40685207,2.930273,2.884891,0.0,0.0,1.0,1.0
2412,-0.40685207,3.013734,2.975889,0.0,0.0,1.0,1.0
2413,-0.40685207,3.0924225,3.0721006,0.0,0.0,1.0,1.0
2414,-0.40685207,3.2187161,3.1629615,0.0,0.0,1.0,1.0
2415,-0.11863311,3.2806861,3.251527,0.0,0.0,1.0,1.0
2416,-0.11863311,3.3688524,3.3439043,0.0,0.0,1.0,1.0
2417,0.16105686,3.4468105,3.4372137,0.0,0.0,1.0,1.0
2418,-0.11863311,3.6126802,3.5302122,0.0,0.0,1.0,1.0
2419,0.16105686,3.6555274,3.6111333,0.0,0.0,1.0,1.0
2420,-0.40685207,3.7556813,3.6893263,0.0,0.0,1.0,1.0
2421,0.16105686,3.8830438,3.758079,0.0,0.0,1.0,1.0
2422,-0.40685207,3.9881377,3.8336294,0.0,0.0,1.0,1.0
2423,0.16105686,4.046254,3.9100568,0.0,0.0,1.0,1.0
2424,-0.40685207,3.9847867,3.9939377,0.0,0.0,1.0,1.0
2425,-0.40685207,4.0307384,4.0724397,0.0,0.0,1.0,1.0
2426,-0.40685207,4.0437493,4.1573305,0.0,0.0,1.0,1.0
2427,-0.40685207,4.187291,4.241801,0.0,0.0,1.0,1.0
2428,-0.40685207,4.2859826,4.319471,0.0,0.0,1.0,1.0
2429,-0.40685207,4.4533796,4.383962,0.0,0.0,1.0,1.0
2430,-0.40685207,4.5547066,4.4517937,0.0,0.0,1.0,1.0
2431,-0.6950357,4.674215,4.521089,0.0,0.0,1.0,1.0
2432,-0.4153457,4.769323,4.5779386,0.0,0.0,1.0,1.0
2433,-0.4153457,4.8150864,4.6253414,0.0,0.0,1.0,1.0
2434,-0.4153457,4.762031,4.654911,0.0,0.0,1.0,1.0
2435,-0.4153457,4.860234,4.6802106,0.0,0.0,1.0,1.0
2436,-0.703494,4.8163342,4.692062,0.0,0.0,1.0,1.0
2437,-0.703494,4.7129283,4.694143,0.0,0.0,1.0,1.0
2438,-0.703494,4.6125865,4.677235,0.0,0.0,1.0,1.0
2439,-0.703494,4.542124,4.645079,0.0,0.0,1.0,1.0
2440,-0.703494,4.5895796,4.597183,0.0,0.0,1.0,1.0
2441,-0.42380944,4.5955925,4.5499573,0.0,0.0,1.0,1.0
2442,-0.7119224,4.579679,4.4912643,0.0,0.0,1.0,1.0
2443,-0.7119224,4.471322,4.4287295,0.0,0.0,1.0,1.0
2444,-0.7119224,4.3834543,4.3734345,0.0,0.0,1.0,1.0
2445,-0.7119224,4.240331,4.3255296,0.0,0.0,1.0,1.0
2446,-0.7119224,4.1953225,4.2744355,0.0,0.0,1.0,1.0
2447,-0.43228358,4.1559167,4.2263885,0.0,0.0,1.0,1.0
2448,-0.7203612,4.0659156,4.1808367,0.0,0.0,1.0,1.0
2449,-0.7203612,4.0493894,4.1433997,0.0,0.0,1.0,1.0
2450,-0.7203612,4.037731,4.126003,0.0,0.0,1.0,1.0
2451,-0.7203612,3.9289947,4.1185474,0.0,0.0,1.0,1.0
2452,-0.7203612,4.0130124,4.128226,0.0,0.0,1.0,1.0
2453,-0.4407414,4.048971,4.150109,0.0,0.0,1.0,1.0
2454,-0.4407414,4.1304364,4.182886,0.0,0.0,0.0,1.0
2455,-0.4407414,4.262559,4.234023,0.0,0.0,0.0,1.0
2456,-0.4407414,4.2939873,4.3005905,0.0,0.0,0.0,1.0
2457,-0.4407414,4.356473,4.370246,0.0,0.0,0.0,1.0
2458,-0.4407414,4.457921,4.454408,0.0,0.0,0.0,1.0
2459,-0.4407414,4.5492435,4.5449786,0.0,0.0,0.0,1.0
2460,-0.4407414,4.679557,4.632082,0.0,0.0,0.0,1.0
2461,-0.4407414,4.8481994,4.7177973,0.0,0.0,0.0,1.0
2462,-0.16118047,4.8735948,4.793966,0.0,0.0,0.0,1.0
2463,-0.4407414,4.938946,4.854737,0.0,0.0,0.0,1.0
2464,-0.4407414,5.099858,4.8997865,0.0,0.0,0.0,1.0
2465,-0.16118047,5.094212,4.9339576,0.0,0.0,0.0,1.0
2466,0.12689714,5.159016,4.949447,0.0,0.0,0.0,1.0
2467,0.12689714,5.1765833,4.9496603,0.0,0.0,0.0,1.0
2468,0.12689714,5.0232377,4.934793,0.0,0.0,0.0,1.0
2469,0.12689714,4.8970723,4.9167914,0.0,0.0,0.0,1.0
2470,0.4150101,4.8679724,4.8936114,0.0,0.0,0.0,1.0
2471,0.12689714,4.7351193,4.855249,0.0,0.0,0.0,1.0
2472,0.4150101,4.682114,4.8113894,0.0,0.0,0.0,1.0
2473,0.4150101,4.669791,4.754731,0.0,0.0,1.0,1.0
2474,0.4150101,4.6575747,4.6852493,0.0,0.0,1.0,1.0
2475,0.4150101,4.6607876,4.6240053,0.0,0.0,1.0,1.0
2476,0.7031584,4.6395063,4.5804358,0.0,0.0,1.0,1.0
2477,0.7031584,4.5678988,4.539167,0.0,0.0,1.0,1.0
2478,0.7031584,4.479118,4.510887,0.0,0.0,1.0,1.0
2479,0.7031584,4.342801,4.4977508,0.0,0.0,1.0,1.0
2480,0.7031584,4.288311,4.493224,0.0,0.0,1.0,1.0
2481,0.7031584,4.3742356,4.495325,0.0,0.0,1.0,1.0
2482,0.7031584,4.3727455,4.508095,0.0,0.0,1.0,1.0
2483,0.42359743,4.39576,4.5313683,0.0,0.0,1.0,1.0
2484,0.711781,4.5244765,4.5599756,0.0,0.0,1.0,1.0
2485,0.711781,4.6154737,4.5957522,0.0,0.0,1.0,1.0
2486,0.711781,4.6827884,4.6416054,0.0,0.0,1.0,1.0
2487,0.711781,4.8140206,4.690057,0.0,0.0,1.0,1.0
2488,0.43216124,4.9187884,4.734313,0.0,0.0,1.0,1.0
2489,0.43216124,4.9111886,4.78597,0.0,0.0,1.0,1.0
2490,0.43216124,4.908436,4.844413,0.0,0.0,1.0,1.0
2491,0.43216124,4.893043,4.8930745,0.0,0.0,1.0,1.0
2492,0.15252244,4.8697257,4.9289894,0.0,0.0,0.0,1.0
2493,0.15252244,4.905312,4.9629145,0.0,0.0,1.0,1.0
2494,0.15252244,4.992627,4.988423,0.0,0.0,1.0,1.0
2495,0.16105686,5.0970745,5.0099015,0.0,0.0,1.0,1.0
2496,0.16105686,5.1084185,5.0382633,0.0,0.0,1.0,1.0
2497,0.16105686,5.046449,5.065478,0.0,0.0,1.0,1.0
2498,-0.40685207,5.0898914,5.088919,0.0,0.0,1.0,1.0
2499,-0.40685207,5.12012,5.113242,0.0,0.0,1.0,1.0
2500,-0.40685207,5.1765304,5.1318235,0.0,0.0,1.0,1.0
2501,-0.11863311,5.2515306,5.1386447,0.0,0.0,1.0,1.0
2502,-0.40685207,5.2350097,5.1332593,0.0,0.0,1.0,1.0
2503,0.16105686,5.174339,5.1232677,0.0,0.0,1.0,1.0
2504,-0.11863311,5.1616015,5.1122317,0.0,0.0,1.0,1.0
2505,-0.11863311,5.128292,5.094219,0.0,0.0,1.0,1.0
2506,-0.40685207,5.074478,5.066215,0.0,0.0,1.0,1.0
2507,0.16105686,5.032453,5.0292525,0.0,0.0,1.0,1.0
2508,-0.40685207,4.9885173,4.9823055,0.0,0.0,1.0,1.0
2509,0.16105686,4.91402,4.930356,0.0,0.0,1.0,1.0
2510,0.16105686,4.87374,4.8724613,0.0,0.0,1.0,1.0
2511,-0.40685207,4.7840676,4.808584,0.0,0.0,1.0,1.0
2512,0.16105686,4.7329793,4.7324286,0.0,0.0,1.0,1.0
2513,-0.40685207,4.6881657,4.6454363,0.0,0.0,1.0,1.0
2514,-0.40685207,4.61162,4.5497417,0.0,0.0,1.0,1.0
2515,-0.40685207,4.479603,4.444984,0.0,0.0,1.0,1.0
2516,-0.40685207,4.3950744,4.334305,0.0,0.0,1.0,1.0
2517,-0.40685207,4.214422,4.218845,0.0,0.0,1.0,1.0
2518,-0.40685207,4.030571,4.102686,0.0,0.0,1.0,1.0
2519,-0.6950357,3.8841226,3.9811363,0.0,0.0,1.0,1.0
2520,-0.6950357,3.731422,3.8514884,0.0,0.0,1.0,1.0
2521,-0.4153457,3.585873,3.7161958,0.0,0.0,1.0,1.0
2522,-0.4153457,3.488219,3.5917807,0.0,0.0,1.0,1.0
2523,-0.4153457,3.390162,3.4640822,0.0,0.0,1.0,1.0
2524,-0.703494,3.2743828,3.3426566,0.0,0.0,1.0,1.0
2525,-0.703494,3.1323898,3.2280316,0.0,0.0,1.0,1.0
2526,-0.703494,2.9881077,3.122905,0.0,0.0,1.0,1.0
2527,-0.703494,2.9866219,3.020774,0.0,0.0,1.0,1.0
2528,-0.703494,2.8626916,2.930735,0.0,0.0,1.0,1.0
2529,-0.42380944,2.7573154,2.847887,0.0,0.0,1.0,1.0
2530,-0.42380944,2.6550713,2.771532,0.0,0.0,1.0,1.0
2531,-0.7119224,2.622605,2.7076912,0.0,0.0,1.0,1.0
2532,-0.7119224,2.505848,2.6540587,0.0,0.0,1.0,1.0
2533,-0.7119224,2.505406,2.6164963,0.0,0.0,1.0,1.0
2534,-0.43228358,2.4940422,2.5813513,0.0,0.0,1.0,1.0
2535,-0.7203612,2.4739037,2.560106,0.0,0.0,1.0,1.0
2536,-0.7203612,2.5082934,2.5550332,0.0,0.0,1.0,1.0
2537,-0.7203612,2.4887974,2.5665932,0.0,0.0,1.0,1.0
2538,-0.7203612,2.5373592,2.578474,0.0,0.0,1.0,1.0
2539,-0.7203612,2.5648823,2.6024678,0.0,0.0,1.0,1.0
2540,-0.7203612,2.607748,2.6328788,0.0,0.0,1.0,1.0
2541,-0.4407414,2.6964424,2.6658309,0.0,0.0,1.0,1.0
2542,-0.4407414,2.7937908,2.7053,0.0,0.0,1.0,1.0
2543,-0.4407414,2.7651768,2.7447875,0.0,0.0,1.0,1.0
2544,-0.4407414,2.7937706,2.7862191,0.0,0.0,1.0,1.0
2545,-0.4407414,2.870339,2.8242452,0.0,0.0,1.0,1.0
2546,-0.4407414,2.8894665,2.8650272,0.0,0.0,1.0,1.0
2547,-0.4407414,2.947535,2.8940806,0.0,0.0,1.0,1.0
2548,-0.4407414,2.9821408,2.9119081,0.0,0.0,1.0,1.0
2549,-0.16118047,2.9859793,2.9128828,0.0,0.0,1.0,1.0
2550,0.12689714,2.9936712,2.9109948,0.0,0.0,1.0,1.0
2551,0.12689714,3.0542657,2.8964133,0.0,0.0,1.0,1.0
2552,0.12689714,2.956389,2.8647745,0.0,0.0,1.0,1.0
2553,0.12689714,2.9103746,2.8185694,0.0,0.0,1.0,1.0
2554,0.12689714,2.8054838,2.7539897,0.0,0.0,1.0,1.0
2555,0.12689714,2.7425206,2.6819289,0.0,0.0,1.0,1.0
2556,0.12689714,2.6187954,2.598762,0.0,0.0,1.0,1.0
2557,0.4150101,2.4906707,2.506494,0.0,0.0,1.0,1.0
2558,0.4150101,2.3350058,2.4001288,0.0,0.0,1.0,1.0
2559,0.4150101,2.172578,2.2954607,0.0,0.0,1.0,1.0
2560,0.4150101,2.1174126,2.1929617,0.0,0.0,1.0,1.0
2561,0.4150101,1.987978,2.0992827,0.0,0.0,1.0,1.0
2562,0.4150101,1.8864534,2.0070055,0.0,0.0,1.0,1.0
2563,0.4150101,1.7778848,1.928569,0.0,0.0,1.0,1.0
2564,0.7031584,1.700371,1.8656671,0.0,0.0,1.0,1.0
2565,0.7031584,1.6803854,1.8144991,0.0,0.0,1.0,1.0
2566,0.7031584,1.6813371,1.7737429,0.0,0.0,1.0,1.0
2567,0.7031584,1.6351936,1.7395202,0.0,0.0,1.0,1.0
2568,0.7031584,1.677557,1.7179754,0.0,0.0,1.0,1.0
2569,0.7031584,1.7358491,1.7071326,0.0,0.0,1.0,1.0
2570,0.7031584,1.7209903,1.7059073,0.0,0.0,1.0,1.0
2571,0.99134195,1.6835034,1.707516,0.0,0.0,1.0,1.0
2572,0.99134195,1.7067394,1.7111679,0.0,0.0,1.0,1.0
2573,0.711781,1.7294402,1.7154605,0.0,0.0,1.0,1.0
2574,0.711781,1.7563396,1.7257603,0.0,0.0,1.0,1.0
2575,0.711781,1.7631824,1.7313316,0.0,0.0,1.0,1.0
2576,0.711781,1.7196741,1.7318372,0.0,0.0,1.0,1.0
2577,0.711781,1.7242086,1.7330232,0.0,0.0,1.0,1.0
2578,0.43216124,1.7328485,1.7362442,0.0,0.0,1.0,1.0
2579,0.43216124,1.7587912,1.7364633,0.0,0.0,1.0,1.0
2580,0.43216124,1.7444128,1.7342393,0.0,0.0,1.0,1.0
2581,0.43216124,1.7419161,1.7335107,0.0,0.0,1.0,1.0
2582,0.15252244,1.7352213,1.7364196,0.0,0.0,1.0,1.0
2583,0.15252244,1.7221563,1.7470698,0.0,0.0,1.0,1.0
2584,0.15252244,1.709369,1.7566484,0.0,0.0,1.0,1.0
2585,-0.1271621,1.7027527,1.7659426,0.0,0.0,1.0,1.0
2586,0.16105686,1.7475954,1.7775604,0.0,0.0,1.0,1.0
2587,0.16105686,1.7980884,1.7901998,0.0,0.0,1.0,1.0
2588,-0.40685207,1.8474779,1.8085415,0.0,0.0,1.0,1.0
2589,0.16105686,1.839152,1.827107,0.0,0.0,1.0,1.0
2590,0.16105686,1.8443779,1.846683,0.0,0.0,1.0,1.0
2591,0.16105686,1.8982048,1.8678914,0.0,0.0,1.0,1.0
2592,0.16105686,1.896086,1.8883382,0.0,0.0,1.0,1.0
2593,0.16105686,1.9620163,1.9045575,0.0,0.0,1.0,1.0
2594,0.16105686,1.9580063,1.9111103,0.0,0.0,1.0,1.0
2595,0.16105686,1.9570689,1.9088786,0.0,0.0,1.0,1.0
2596,0.16105686,1.9638711,1.9045093,0.0,0.0,1.0,1.0
2597,0.16105686,1.9481134,1.8932134,0.0,0.0,1.0,1.0
2598,-0.1271621,1.9422264,1.8934797,0.0,0.0,1.0,1.0
2599,-0.1271621,1.8767221,1.8868921,0.0,0.0,1.0,1.0
2600,-0.40685207,1.8206975,1.8706759,0.0,0.0,1.0,1.0
2601,-0.1271621,1.7867206,1.8564963,0.0,0.0,1.0,1.0
2602,-0.40685207,1.7088275,1.838418,0.0,0.0,1.0,1.0
2603,-0.40685207,1.9014008,1.818624,0.0,0.0,1.0,1.0
2604,-0.4153457,1.8170346,1.7946057,0.0,0.0,1.0,1.0
2605,-0.4153457,1.7674221,1.7741452,0.0,0.0,1.0,1.0
2606,-0.1271621,1.7878506,1.7544777,0.0,0.0,1.0,1.0
2607,-0.4153457,1.7401298,1.740225,0.0,0.0,1.0,1.0
2608,-0.4153457,1.7263426,1.7299973,0.0,0.0,1.0,1.0
2609,-0.4153457,1.6598945,1.7232845,0.0,0.0,1.0,1.0
2610,-0.4153457,1.6967001,1.7016425,0.0,0.0,1.0,1.0
2611,-0.703494,1.6407126,1.6878746,0.0,0.0,1.0,1.0
2612,-0.703494,1.6496637,1.6790788,0.0,0.0,1.0,1.0
2613,-0.703494,1.6639886,1.6685219,0.0,0.0,1.0,1.0
2614,-0.42380944,1.6282742,1.6416247,0.0,0.0,1.0,1.0
2615,-0.42380944,1.6416967,1.619028,0.0,0.0,1.0,1.0
2616,-0.7119224,1.651819,1.6023823,0.0,0.0,1.0,1.0
2617,-0.7119224,1.6618729,1.577998,0.0,0.0,1.0,1.0
2618,-0.7119224,1.6611683,1.5617918,0.0,0.0,1.0,1.0
2619,-0.7119224,1.4173627,1.5477779,0.0,0.0,1.0,1.0
2620,-0.43228358,1.4551828,1.5325667,0.0,0.0,1.0,1.0
2621,-0.7203612,1.4601456,1.517788,0.0,0.0,1.0,1.0
2622,-0.7203612,1.4040902,1.505993,0.0,0.0,1.0,1.0
2623,-0.7203612,1.4462364,1.4997544,0.0,0.0,1.0,1.0
2624,-0.7203612,1.4814969,1.4929773,0.0,0.0,0.0,1.0
2625,-0.7203612,1.4814538,1.4954442,0.0,0.0,0.0,1.0
2626,-0.4407414,1.4509321,1.5269195,0.0,0.0,1.0,1.0
2627,-0.4407414,1.5001562,1.5581355,0.0,0.0,1.0,1.0
2628,-0.4407414,1.5769547,1.5876727,0.0,0.0,1.0,1.0
2629,-0.4407414,1.5805475,1.6295159,0.0,0.0,1.0,1.0
2630,-0.4407414,1.6907707,1.6747234,0.0,0.0,1.0,1.0
2631,-0.4407414,1.7950665,1.7190361,0.0,0.0,1.0,1.0
2632,-0.4407414,1.829776,1.7622226,0.0,0.0,1.0,1.0
2633,-0.4407414,1.8145921,1.8125862,0.0,0.0,1.0,1.0
2634,-0.4407414,1.9062084,1.8592464,0.0,0.0,1.0,1.0
2635,-0.4407414,1.9887261,1.8971539,0.0,0.0,1.0,1.0
2636,-0.4407414,2.0132496,1.9368904,0.0,0.0,1.0,1.0
2637,-0.16118047,1.999692,1.9676753,0.0,0.0,1.0,1.0
2638,0.12689714,2.0552945,1.9911195,0.0,0.0,1.0,1.0
2639,0.12689714,2.0600781,2.0036058,0.0,0.0,1.0,1.0
2640,0.12689714,2.0318446,2.0136437,0.0,0.0,1.0,1.0
2641,0.12689714,2.057385,2.0102634,0.0,0.0,1.0,1.0
2642,0.12689714,2.060191,1.9921861,0.0,0.0,0.0,1.0
2643,0.12689714,2.076397,1.9706929,0.0,0.0,0.0,1.0
2644,0.4150101,1.9796109,1.9527726,0.0,0.0,0.0,1.0
2645,0.12689714,1.9350476,1.9258908,0.0,0.0,0.0,1.0
2646,0.4150101,1.8656449,1.8978587,0.0,0.0,0.0,1.0
2647,0.4150101,1.7717981,1.8693895,0.0,0.0,0.0,1.0
2648,0.4150101,1.755331,1.8418664,0.0,0.0,1.0,1.0
2649,0.4150101,1.7846485,1.8123337,0.0,0.0,1.0,1.0
2650,0.7031584,1.7327123,1.7824571,0.0,0.0,1.0,1.0
2651,0.7031584,1.7236934,1.7632077,0.0,0.0,1.0,1.0
2652,0.7031584,1.6902145,1.7499896,0.0,0.0,1.0,1.0
2653,0.7031584,1.7271076,1.7434298,0.0,0.0,1.0,1.0
2654,0.7031584,1.7057981,1.746247,0.0,0.0,1.0,1.0
2655,0.7031584,1.7178776,1.7504915,0.0,0.0,1.0,1.0
2656,0.7031584,1.7486178,1.7517271,0.0,0.0,1.0,1.0
2657,0.7031584,1.7764311,1.7540134,0.0,0.0,1.0,1.0
2658,0.42359743,1.7869273,1.7553949,0.0,0.0,1.0,1.0
2659,0.711781,1.8056047,1.7608186,0.0,0.0,1.0,1.0
2660,0.711781,1.8062648,1.760811,0.0,0.0,1.0,1.0
2661,0.711781,1.7994757,1.7644383,0.0,0.0,1.0,1.0
2662,0.711781,1.7601486,1.7619224,0.0,0.0,1.0,1.0
2663,0.711781,1.7402718,1.7595917,0.0,0.0,1.0,1.0
2664,0.711781,1.7552985,1.7585173,0.0,0.0,1.0,1.0
2665,0.711781,1.7270154,1.7650162,0.0,0.0,1.0,1.0
2666,0.43216124,1.7493256,1.7755127,0.0,0.0,0.0,1.0
2667,0.43216124,1.6876874,1.7948937,0.0,0.0,0.0,1.0
2668,0.43216124,1.7206498,1.8240012,0.0,0.0,0.0,1.0
2669,0.15252244,1.763538,1.8708467,0.0,0.0,0.0,1.0
2670,0.15252244,1.8649141,1.9198998,0.0,0.0,0.0,1.0
2671,0.15252244,1.9315623,1.9824383,0.0,0.0,0.0,1.0
2672,0.15252244,2.0388374,2.055764,0.0,0.0,0.0,1.0
2673,-0.1271621,2.1487648,2.1298988,0.0,0.0,0.0,1.0
2674,0.16105686,2.3222964,2.2206974,0.0,0.0,0.0,1.0
2675,0.16105686,2.3289077,2.3130057,0.0,0.0,0.0,1.0
2676,0.16105686,2.5057616,2.4057171,0.0,0.0,0.0,1.0
2677,0.16105686,2.6069221,2.4886897,0.0,0.0,0.0,1.0
2678,0.16105686,2.6389446,2.5651762,0.0,0.0,0.0,1.0
2679,0.16105686,2.77727,2.6314719,0.0,0.0,0.0,1.0
2680,-0.40685207,2.8283489,2.6837528,0.0,0.0,0.0,1.0
2681,0.16105686,2.8760762,2.7112813,0.0,0.0,0.0,1.0
2682,0.16105686,2.8605843,2.737959,0.0,0.0,0.0,1.0
2683,0.16105686,2.8494,2.7422493,0.0,0.0,0.0,1.0
2684,0.16105686,2.834385,2.732749,0.0,0.0,0.0,1.0
2685,0.16105686,2.7761354,2.7110367,0.0,0.0,1.0,1.0
2686,0.16105686,2.6526408,2.6806145,0.0,0.0,1.0,1.0
2687,0.16105686,2.6490376,2.6387103,0.0,0.0,1.0,1.0
2688,0.16105686,2.5572472,2.5934713,0.0,0.0,1.0,1.0
2689,-0.1271621,2.4929187,2.5520062,0.0,0.0,1.0,1.0
2690,-0.1271621,2.3783946,2.5028658,0.0,0.0,1.0,1.0
2691,-0.1271621,2.4122052,2.4557874,0.0,0.0,1.0,1.0
2692,-0.1271621,2.325499,2.4128532,0.0,0.0,1.0,1.0
2693,-0.40685207,2.3332067,2.3833952,0.0,0.0,1.0,1.0
2694,-0.1271621,2.3630042,2.3644657,0.0,0.0,1.0,1.0
2695,-0.40685207,2.2597141,2.363405,0.0,0.0,1.0,1.0
2696,-0.6950357,2.2694461,2.3765059,0.0,0.0,1.0,1.0
2697,-0.6950357,2.260925,2.402681,0.0,0.0,1.0,1.0
2698,-0.4153457,2.2991445,2.4263175,0.0,0.0,1.0,1.0
2699,-0.4153457,2.4218829,2.458944,0.0,0.0,1.0,1.0
2700,-0.4153457,2.5445187,2.492015,0.0,0.0,1.0,1.0
2701,-0.4153457,2.6501281,2.5245392,0.0,0.0,1.0,1.0
2702,-0.4153457,2.6924975,2.573366,0.0,0.0,1.0,1.0
2703,-0.703494,2.695843,2.630948,0.0,0.0,1.0,1.0
2704,-0.703494,2.7170186,2.695261,0.0,0.0,1.0,1.0
2705,-0.703494,2.7300563,2.7631264,0.0,0.0,1.0,1.0
2706,-0.703494,2.753295,2.8499486,0.0,0.0,1.0,1.0
2707,-0.42380944,2.845636,2.9320078,0.0,0.0,1.0,1.0
2708,-0.42380944,2.9604316,3.0107677,0.0,0.0,1.0,1.0
2709,-0.7119224,3.0326807,3.0893955,0.0,0.0,1.0,1.0
2710,-0.7119224,3.1135292,3.1657946,0.0,0.0,1.0,1.0
2711,-0.7119224,3.463748,3.2443626,0.0,0.0,1.0,1.0
2712,-0.43228358,3.5292284,3.326328,0.0,0.0,1.0,1.0
2713,-0.7203612,3.595249,3.4150748,0.0,0.0,1.0,1.0
2714,-0.7203612,3.6360316,3.5039635,0.0,0.0,1.0,1.0
2715,-0.7203612,3.6126306,3.5927756,0.0,0.0,1.0,1.0
2716,-0.7203612,3.6598344,3.6846638,0.0,0.0,1.0,1.0
2717,-0.7203612,3.7136416,3.7768488,0.0,0.0,1.0,1.0
2718,-0.4407414,3.818257,3.838849,0.0,0.0,1.0,1.0
2719,-0.4407414,3.9122994,3.891753,0.0,0.0,1.0,1.0
2720,-0.4407414,4.026178,3.9404,0.0,0.0,1.0,1.0
2721,-0.4407414,4.1353383,3.9791796,0.0,0.0,1.0,1.0
2722,-0.4407414,4.2197485,4.0009203,0.0,0.0,1.0,1.0
2723,-0.4407414,4.207752,4.0239496,0.0,0.0,0.0,1.0
2724,-0.4407414,4.1640744,4.04369,0.0,0.0,0.0,1.0
2725,-0.16118047,4.1790123,4.0515695,0.0,0.0,0.0,1.0
2726,-0.4407414,4.101388,4.046655,0.0,0.0,0.0,1.0
2727,0.12689714,3.873522,4.025765,0.0,0.0,0.0,1.0
2728,0.12689714,3.9361842,3.98836,0.0,0.0,0.0,1.0
2729,0.12689714,3.9505281,3.936651,0.0,0.0,0.0,1.0
2730,0.12689714,3.91281,3.875117,0.0,0.0,0.0,1.0
2731,0.12689714,3.8533251,3.809452,0.0,0.0,0.0,1.0
2732,0.4150101,3.7754977,3.7307503,0.0,0.0,0.0,1.0
2733,0.4150101,3.686478,3.6538327,0.0,0.0,0.0,1.0
2734,0.4150101,3.5992396,3.5952919,0.0,0.0,0.0,1.0
2735,0.4150101,3.4693441,3.5305195,0.0,0.0,0.0,1.0
2736,0.4150101,3.376096,3.4606578,0.0,0.0,0.0,1.0
2737,0.4150101,3.2345905,3.3993497,0.0,0.0,0.0,1.0
2738,0.4150101,3.1783779,3.3426874,0.0,0.0,0.0,1.0
2739,0.7031584,3.1710305,3.2880414,0.0,0.0,0.0,1.0
2740,0.7031584,3.1589172,3.2441013,0.0,0.0,0.0,1.0
2741,0.7031584,3.1121862,3.2250216,0.0,0.0,0.0,1.0
2742,0.7031584,3.177115,3.2275114,0.0,0.0,0.0,1.0
2743,0.7031584,3.1733754,3.2442925,0.0,0.0,0.0,1.0
2744,0.7031584,3.1197457,3.2786856,0.0,0.0,0.0,1.0
2745,0.7031584,3.1591978,3.328917,0.0,0.0,0.0,1.0
2746,0.7031584,3.3702822,3.3847525,0.0,0.0,0.0,1.0
2747,0.7031584,3.4992213,3.4451675,0.0,0.0,1.0,1.0
2748,0.711781,3.577469,3.514129,0.0,0.0,1.0,1.0
2749,0.42359743,3.6473093,3.5771062,0.0,0.0,1.0,1.0
2750,0.711781,3.7811546,3.6359642,0.0,0.0,1.0,1.0
2751,0.711781,3.8410568,3.698459,0.0,0.0,1.0,1.0
2752,0.711781,3.8838978,3.756433,0.0,0.0,1.0,1.0
2753,0.711781,3.9397223,3.7961252,0.0,0.0,1.0,1.0
2754,0.711781,3.9328413,3.8254585,0.0,0.0,1.0,1.0
2755,0.43216124,3.8796713,3.843849,0.0,0.0,1.0,1.0
2756,0.43216124,3.8696835,3.8603373,0.0,0.0,1.0,1.0
2757,0.43216124,3.854886,3.8540947,0.0,0.0,1.0,1.0
2758,0.15252244,3.8465893,3.8400652,0.0,0.0,1.0,1.0
2759,0.15252244,3.851222,3.8186731,0.0,0.0,1.0,1.0
2760,0.16105686,3.7981532,3.7909386,0.0,0.0,1.0,1.0
2761,0.16105686,3.8451684,3.7568164,0.0,0.0,1.0,1.0
2762,0.16105686,3.7062447,3.7229648,0.0,0.0,1.0,1.0
2763,-0.40685207,3.6727023,3.6846242,0.0,0.0,0.0,1.0
2764,0.16105686,3.6271946,3.6421232,0.0,0.0,0.0,1.0
2765,-0.40685207,3.6069076,3.5961652,0.0,0.0,0.0,1.0
2766,0.16105686,3.5233734,3.539918,0.0,0.0,0.0,1.0
2767,-0.40685207,3.4734535,3.4857447,0.0,0.0,0.0,1.0
2768,-0.40685207,3.4095945,3.4260209,0.0,0.0,0.0,1.0
2769,-0.40685207,3.3448758,3.3701155,0.0,0.0,0.0,1.0
2770,-0.40685207,3.2950926,3.312523,0.0,0.0,0.0,1.0
2771,-0.40685207,3.1762557,3.2618275,0.0,0.0,0.0,1.0
2772,0.16105686,3.1480722,3.196991,0.0,0.0,0.0,1.0
2773,-0.40685207,3.1284835,3.1350694,0.0,0.0,0.0,1.0
2774,0.16105686,3.0353804,3.070571,0.0,0.0,0.0,1.0
2775,0.16105686,2.9815922,3.0066175,0.0,0.0,1.0,1.0
2776,-0.40685207,3.0188477,2.942536,0.0,0.0,1.0,1.0
2777,-0.40685207,2.8288705,2.8814652,0.0,0.0,1.0,1.0
2778,-0.1271621,2.7803123,2.8347802,0.0,0.0,1.0,1.0
2779,-0.40685207,2.699475,2.791287,0.0,0.0,1.0,1.0
2780,-0.40685207,2.6421528,2.7484252,0.0,0.0,1.0,1.0
2781,-0.40685207,2.5758977,2.7176425,0.0,0.0,1.0,1.0
2782,-0.40685207,2.562242,2.7018259,0.0,0.0,1.0,1.0
2783,-0.40685207,2.6160364,2.6841228,0.0,0.0,1.0,1.0
2784,-0.6950357,2.6261525,2.6909828,0.0,0.0,1.0,1.0
2785,-0.6950357,2.6141427,2.708593,0.0,0.0,1.0,1.0
2786,-0.6950357,2.6659882,2.7361138,0.0,0.0,1.0,1.0
2787,-0.4153457,2.7917914,2.7680027,0.0,0.0,1.0,1.0
2788,-0.6950357,2.8064125,2.8135576,0.0,0.0,1.0,1.0
2789,-0.4153457,2.9111907,2.860875,0.0,0.0,1.0,1.0
2790,-0.703494,2.991633,2.9019158,0.0,0.0,1.0,1.0
2791,-0.703494,3.029726,2.9384744,0.0,0.0,1.0,1.0
2792,-0.703494,3.02482,2.9756143,0.0,0.0,1.0,1.0
2793,-0.703494,3.1225562,3.0054352,0.0,0.0,1.0,1.0
2794,-0.703494,3.1300495,3.0160255,0.0,0.0,1.0,1.0
2795,-0.703494,3.1085277,3.0267715,0.0,0.0,1.0,1.0
2796,-0.7119224,3.0648541,3.0336742,0.0,0.0,1.0,1.0
2797,-0.7119224,3.0598216,3.028655,0.0,0.0,1.0,1.0
2798,-0.7119224,3.023839,3.0205133,0.0,0.0,1.0,1.0
2799,-0.7119224,2.9188766,3.0134065,0.0,0.0,1.0,1.0
2800,-0.7119224,2.935364,2.9933841,0.0,0.0,1.0,1.0
2801,-0.7119224,2.9940233,2.971012,0.0,0.0,1.0,1.0
2802,-0.7203612,2.9314027,2.9525347,0.0,0.0,1.0,1.0
2803,-0.7203612,2.9320252,2.9357748,0.0,0.0,1.0,1.0
2804,-0.7203612,2.9395373,2.918726,0.0,0.0,1.0,1.0
2805,-0.7203612,2.882289,2.9053469,0.0,0.0,1.0,1.0
2806,-0.4407414,2.8615842,2.9053118,0.0,0.0,1.0,1.0
2807,-0.7203612,2.886798,2.9114888,0.0,0.0,1.0,1.0
2808,-0.4407414,2.863736,2.9160242,0.0,0.0,1.0,1.0
2809,-0.4407414,2.855236,2.9273443,0.0,0.0,1.0,1.0
2810,-0.4407414,2.8632915,2.9437997,0.0,0.0,1.0,1.0
2811,-0.4407414,2.9184554,2.9592474,0.0,0.0,1.0,1.0
2812,-0.4407414,3.0094857,2.982324,0.0,0.0,1.0,1.0
2813,-0.4407414,3.04845,3.009518,0.0,0.0,0.0,1.0
2814,-0.4407414,3.0672443,3.0276763,0.0,0.0,0.0,1.0
2815,-0.4407414,3.1294901,3.039225,0.0,0.0,0.0,1.0
2816,-0.4407414,3.124907,3.0425165,0.0,0.0,0.0,1.0
2817,-0.4407414,3.1592088,3.040392,0.0,0.0,0.0,1.0
2818,-0.4407414,3.1879127,3.0237155,0.0,0.0,0.0,1.0
2819,-0.15266378,3.1046982,2.992653,0.0,0.0,0.0,1.0
2820,0.12689714,3.002321,2.951142,0.0,0.0,0.0,1.0
2821,0.12689714,2.8947334,2.900802,0.0,0.0,0.0,1.0
2822,0.4150101,2.8377974,2.83904,0.0,0.0,0.0,1.0
2823,0.4150101,2.7183375,2.7681453,0.0,0.0,0.0,1.0
2824,0.4150101,2.6367335,2.6883004,0.0,0.0,0.0,1.0
2825,0.4150101,2.5503209,2.5976503,0.0,0.0,0.0,1.0
2826,0.4150101,2.463161,2.5083327,0.0,0.0,0.0,1.0
2827,0.4150101,2.388349,2.4217875,0.0,0.0,0.0,1.0
2828,0.4150101,2.274171,2.3350072,0.0,0.0,0.0,1.0
2829,0.7031584,2.2010677,2.246122,0.0,0.0,0.0,1.0
2830,0.7031584,2.1001124,2.1702557,0.0,0.0,0.0,1.0
2831,0.7031584,2.0328865,2.1048825,0.0,0.0,0.0,1.0
2832,0.7031584,1.9637802,2.0482001,0.0,0.0,0.0,1.0
2833,0.7031584,1.8533695,2.0015354,0.0,0.0,0.0,1.0
2834,0.7031584,1.7711719,1.9611949,0.0,0.0,0.0,1.0
2835,0.42359743,1.8079455,1.9296643,0.0,0.0,0.0,1.0
2836,0.42359743,1.852254,1.9056684,0.0,0.0,0.0,1.0
2837,0.42359743,1.8701333,1.8900992,0.0,0.0,0.0,1.0
2838,0.711781,1.9031838,1.8810054,0.0,0.0,0.0,1.0
2839,0.711781,1.9042622,1.8777764,0.0,0.0,0.0,1.0
2840,0.42359743,1.8958046,1.8849941,0.0,0.0,0.0,1.0
2841,0.711781,1.9131169,1.902962,0.0,0.0,0.0,1.0
2842,0.43216124,1.9132817,1.9190491,0.0,0.0,0.0,1.0
2843,0.43216124,1.9237616,1.9333917,0.0,0.0,0.0,1.0
2844,0.43216124,1.9250311,1.9461762,0.0,0.0,0.0,1.0
2845,0.43216124,1.9399825,1.9577577,0.0,0.0,0.0,1.0
2846,0.15252244,1.9867868,1.9652222,0.0,0.0,0.0,1.0
2847,0.15252244,2.0009909,1.9705273,0.0,0.0,0.0,1.0
2848,0.15252244,2.0243642,1.9787824,0.0,0.0,0.0,1.0
2849,0.15252244,2.023548,1.991097,0.0,0.0,0.0,1.0
2850,0.16105686,2.0421627,2.0118937,0.0,0.0,0.0,1.0
2851,-0.1271621,1.9938366,2.0389035,0.0,0.0,0.0,1.0
2852,0.16105686,1.9594651,2.0658584,0.0,0.0,0.0,1.0
2853,-0.40685207,2.012178,2.094873,0.0,0.0,0.0,1.0
2854,-0.40685207,2.061056,2.126586,0.0,0.0,0.0,1.0
2855,-0.40685207,2.1733246,2.1601365,0.0,0.0,0.0,1.0
2856,-0.40685207,2.2491455,2.197809,0.0,0.0,0.0,1.0
2857,-0.40685207,2.263441,2.2387767,0.0,0.0,1.0,1.0
2858,-0.40685207,2.3349636,2.2862544,0.0,0.0,1.0,1.0
2859,-0.40685207,2.381546,2.3428934,0.0,0.0,1.0,1.0
2860,-0.40685207,2.42697,2.3999033,0.0,0.0,1.0,1.0
2861,-0.40685207,2.4756198,2.4555187,0.0,0.0,1.0,1.0
2862,-0.11863311,2.533773,2.5042052,0.0,0.0,1.0,1.0
2863,-0.40685207,2.5635693,2.5545287,0.0,0.0,1.0,1.0
2864,-0.11863311,2.639134,2.6056733,0.0,0.0,1.0,1.0
2865,-0.40685207,2.6962981,2.6489267,0.0,0.0,1.0,1.0
2866,-0.40685207,2.7284389,2.6866395,0.0,0.0,1.0,1.0
2867,-0.11863311,2.757563,2.7444344,0.0,0.0,1.0,1.0
2868,-0.40685207,2.853028,2.8013864,0.0,0.0,1.0,1.0
2869,-0.40685207,2.8771749,2.852335,0.0,0.0,1.0,1.0
2870,-0.40685207,2.8540044,2.9001877,0.0,0.0,1.0,1.0
2871,-0.40685207,2.8341,2.939789,0.0,0.0,1.0,1.0
2872,-0.40685207,3.1205087,2.9743524,0.0,0.0,1.0,1.0
2873,-0.40685207,3.1590443,3.0027685,0.0,0.0,1.0,1.0
2874,-0.40685207,3.1451554,3.0269797,0.0,0.0,1.0,1.0
2875,-0.40685207,3.1378024,3.037553,0.0,0.0,1.0,1.0
2876,-0.6950357,3.1143498,3.0407493,0.0,0.0,1.0,1.0
2877,-0.6950357,3.1110587,3.0445774,0.0,0.0,1.0,1.0
2878,-0.4153457,3.069434,3.0494986,0.0,0.0,1.0,1.0
2879,-0.6950357,3.0480952,3.0223687,0.0,0.0,1.0,1.0
2880,-0.4153457,2.9799104,2.9861166,0.0,0.0,1.0,1.0
2881,-0.4153457,2.915528,2.9483929,0.0,0.0,1.0,1.0
2882,-0.703494,2.8999417,2.906887,0.0,0.0,1.0,1.0
2883,-0.703494,2.893154,2.852154,0.0,0.0,1.0,1.0
2884,-0.703494,2.794949,2.793519,0.0,0.0,1.0,1.0
2885,-0.703494,2.7240207,2.7357566,0.0,0.0,1.0,1.0
2886,-0.7119224,2.69247,2.6836236,0.0,0.0,1.0,1.0
2887,-0.42380944,2.6397338,2.6399686,0.0,0.0,1.0,1.0
2888,-0.7119224,2.4575524,2.6092815,0.0,0.0,1.0,1.0
2889,-0.7119224,2.4074397,2.5851927,0.0,0.0,1.0,1.0
2890,-0.7119224,2.3762836,2.5696583,0.0,0.0,1.0,1.0
2891,-0.7119224,2.4224982,2.5716457,0.0,0.0,1.0,1.0
2892,-0.7203612,2.456053,2.5908415,0.0,0.0,1.0,1.0
2893,-0.7203612,2.5472822,2.627593,0.0,0.0,1.0,1.0
2894,-0.7203612,2.6108756,2.679392,0.0,0.0,1.0,1.0
2895,-0.7203612,2.7067416,2.756507,0.0,0.0,1.0,1.0
2896,-0.7203612,2.818797,2.846295,0.0,0.0,1.0,1.0
2897,-0.7203612,2.9543707,2.9442182,0.0,0.0,1.0,1.0
2898,-0.7203612,3.1334891,3.0426683,0.0,0.0,1.0,1.0
2899,-0.4407414,3.261322,3.1341634,0.0,0.0,1.0,1.0
2900,-0.7203612,3.3829312,3.2217376,0.0,0.0,1.0,1.0
2901,-0.4407414,3.484896,3.3085828,0.0,0.0,1.0,1.0
2902,-0.4407414,3.5513608,3.3824272,0.0,0.0,1.0,1.0
2903,-0.4407414,3.6039014,3.4489255,0.0,0.0,1.0,1.0
2904,-0.4407414,3.5539935,3.496049,0.0,0.0,1.0,1.0
2905,-0.4407414,3.598172,3.5864909,0.0,0.0,0.0,1.0
2906,-0.4407414,3.6530178,3.7219756,0.0,0.0,0.0,1.0
2907,-0.4407414,3.5928745,3.9013982,0.0,0.0,0.0,1.0
2908,-0.15266378,3.6167777,4.127039,0.0,0.0,0.0,1.0
2909,-0.4407414,3.5198503,4.396726,0.0,0.0,0.0,1.0
2910,-0.15266378,4.218793,4.71544,0.0,0.0,0.0,1.0
2911,0.12689714,4.887138,5.0941973,0.0,0.0,0.0,1.0
2912,-0.15266378,5.5360045,5.523988,0.0,0.0,0.0,1.0
2913,0.12689714,6.192583,5.9415917,0.0,0.0,0.0,1.0
2914,0.4150101,6.7876086,6.355398,0.0,0.0,0.0,1.0
2915,0.12689714,7.4284678,6.756541,0.0,0.0,0.0,1.0
2916,0.4150101,8.099083,7.160411,0.0,0.0,0.0,1.0
2917,0.4150101,8.755656,7.497706,0.0,0.0,0.0,1.0
2918,0.4150101,8.664263,7.774944,0.0,0.0,0.0,1.0
2919,0.4150101,8.558555,7.9881954,0.0,0.0,0.0,1.0
2920,0.7031584,8.430486,8.142417,0.0,0.0,0.0,1.0
2921,0.7031584,8.366294,8.18707,0.0,0.0,0.0,1.0
2922,0.7031584,8.266333,8.116993,0.0,0.0,0.0,1.0
2923,0.42359743,8.213992,7.9308763,0.0,0.0,0.0,1.0
2924,0.7031584,8.095026,7.6291184,0.0,0.0,0.0,1.0
2925,0.7031584,8.043238,7.2757683,0.0,0.0,0.0,1.0
2926,0.42359743,7.3234444,6.867181,0.0,0.0,0.0,1.0
2927,0.711781,6.587548,6.405835,0.0,0.0,0.0,1.0
2928,0.711781,5.8656836,5.885307,0.0,0.0,0.0,1.0
2929,0.711781,5.134559,5.3758807,0.0,0.0,0.0,1.0
2930,0.42359743,4.42406,4.8725038,0.0,0.0,0.0,1.0
2931,0.711781,3.6555097,4.3801813,0.0,0.0,0.0,1.0
2932,0.711781,2.8943353,3.8948772,0.0,0.0,0.0,1.0
2933,0.43216124,2.1199534,3.4720623,0.0,0.0,0.0,1.0
2934,0.43216124,2.1532192,3.1187317,0.0,0.0,0.0,1.0
2935,0.43216124,2.17347,2.8348675,0.0,0.0,0.0,1.0
2936,0.43216124,2.1871557,2.6140778,0.0,0.0,0.0,1.0
2937,0.15252244,2.2195885,2.4487505,0.0,0.0,0.0,1.0
2938,0.15252244,2.2496657,2.347804,0.0,0.0,0.0,1.0
2939,0.15252244,2.3475802,2.3062973,0.0,0.0,0.0,1.0
2940,0.4407414,2.4593139,2.326909,0.0,0.0,0.0,1.0
2941,0.16105686,2.4850814,2.3398592,0.0,0.0,0.0,1.0
2942,0.16105686,2.4401321,2.3529155,0.0,0.0,0.0,1.0
2943,0.16105686,2.444153,2.3633885,0.0,0.0,0.0,1.0
2944,0.16105686,2.3962529,2.371111,0.0,0.0,0.0,1.0
2945,-0.40685207,2.3672962,2.3768241,0.0,0.0,1.0,1.0
2946,-0.40685207,2.3086212,2.38142,0.0,0.0,1.0,1.0
2947,-0.40685207,2.3301454,2.3766823,0.0,0.0,1.0,1.0
2948,-0.40685207,2.312832,2.3692844,0.0,0.0,1.0,1.0
2949,-0.11863311,2.3122582,2.3664572,0.0,0.0,1.0,1.0
2950,-0.40685207,2.3182242,2.3577816,0.0,0.0,1.0,1.0
2951,-0.40685207,2.402729,2.3480637,0.0,0.0,1.0,1.0
2952,-0.11863311,2.4024622,2.3400886,0.0,0.0,1.0,1.0
2953,-0.11863311,2.3963063,2.3375106,0.0,0.0,1.0,1.0
2954,-0.40685207,2.406206,2.33024,0.0,0.0,1.0,1.0
2955,-0.40685207,2.3400462,2.3234434,0.0,0.0,1.0,1.0
2956,-0.40685207,2.279638,2.3174374,0.0,0.0,1.0,1.0
2957,-0.40685207,2.271594,2.3123705,0.0,0.0,1.0,1.0
2958,-0.40685207,2.277685,2.297349,0.0,0.0,1.0,1.0
2959,-0.40685207,2.2428987,2.2831519,0.0,0.0,1.0,1.0
2960,-0.40685207,2.2312744,2.2726033,0.0,0.0,1.0,1.0
2961,-0.40685207,2.240184,2.2603188,0.0,0.0,1.0,1.0
2962,-0.40685207,2.2574236,2.2485862,0.0,0.0,1.0,1.0
2963,-0.40685207,2.2224696,2.242143,0.0,0.0,1.0,1.0
2964,-0.40685207,2.2320979,2.2328317,0.0,0.0,1.0,1.0
2965,-0.40685207,2.2697217,2.227061,0.0,0.0,1.0,1.0
2966,-0.6950357,2.258793,2.2242088,0.0,0.0,1.0,1.0
2967,-0.6950357,2.1992543,2.2249517,0.0,0.0,1.0,1.0
2968,-0.6950357,2.202318,2.2288384,0.0,0.0,1.0,1.0
2969,-0.6950357,2.1598594,2.2280025,0.0,0.0,1.0,1.0
2970,-0.4153457,2.2084372,2.2326055,0.0,0.0,1.0,1.0
2971,-0.4153457,2.2086725,2.236548,0.0,0.0,1.0,1.0
2972,-0.703494,2.2401888,2.234956,0.0,0.0,1.0,1.0
2973,-0.703494,2.2868257,2.2314718,0.0,0.0,1.0,1.0
2974,-0.703494,2.2473938,2.2354262,0.0,0.0,1.0,1.0
2975,-0.703494,2.277703,2.2404542,0.0,0.0,1.0,1.0
2976,-0.703494,2.279407,2.2488632,0.0,0.0,1.0,1.0
2977,-0.7119224,2.2506182,2.2546575,0.0,0.0,1.0,1.0
2978,-0.7119224,2.2169821,2.263666,0.0,0.0,1.0,1.0
2979,-0.7119224,2.2467084,2.2763865,0.0,0.0,1.0,1.0
2980,-0.7119224,2.2626534,2.2956567,0.0,0.0,1.0,1.0
2981,-0.7119224,2.2607694,2.3180184,0.0,0.0,1.0,1.0
2982,-0.7119224,2.277968,2.3468122,0.0,0.0,1.0,1.0
2983,-0.7203612,2.316772,2.382211,0.0,0.0,1.0,1.0
2984,-0.7203612,2.392838,2.428884,0.0,0.0,1.0,1.0
2985,-0.7203612,2.5180671,2.4912567,0.0,0.0,1.0,1.0
2986,-0.7203612,2.5157337,2.5602586,0.0,0.0,1.0,1.0
2987,-0.7203612,2.6232295,2.6428232,0.0,0.0,1.0,1.0
2988,-0.7203612,2.7041926,2.7374246,0.0,0.0,1.0,1.0
2989,-0.7203612,2.8106933,2.8443184,0.0,0.0,1.0,1.0
2990,-0.4407414,2.9654543,2.9587188,0.0,0.0,0.0,1.0
2991,-0.7203612,3.074731,3.077102,0.0,0.0,0.0,1.0
2992,-0.4407414,3.2534308,3.1947198,0.0,0.0,0.0,1.0
2993,-0.4407414,3.3959846,3.32096,0.0,0.0,0.0,1.0
2994,-0.4407414,3.5606945,3.4491494,0.0,0.0,0.0,1.0
2995,-0.4407414,3.6895747,3.5735278,0.0,0.0,0.0,1.0
2996,-0.4407414,3.8134363,3.6902487,0.0,0.0,0.0,1.0
2997,-0.4407414,3.929482,3.797646,0.0,0.0,0.0,1.0
2998,-0.4407414,4.0306153,3.8960896,0.0,0.0,0.0,1.0
2999,-0.4407414,4.161502,3.9797142,0.0,0.0,0.0,1.0
3000,-0.4407414,4.196736,4.0466914,0.0,0.0,0.0,1.0
3001,0.12689714,4.211343,4.095194,0.0,0.0,0.0,1.0
3002,-0.15266378,4.254224,4.1241493,0.0,0.0,1.0,1.0
3003,0.12689714,4.2560506,4.133293,0.0,0.0,1.0,1.0
3004,0.4150101,4.256928,4.121012,0.0,0.0,1.0,1.0
3005,0.4150101,4.199713,4.0914226,0.0,0.0,1.0,1.0
3006,0.4150101,4.1427217,4.03545,0.0,0.0,1.0,1.0
3007,0.4150101,4.0370407,3.961061,0.0,0.0,1.0,1.0
3008,0.4150101,3.9231598,3.8670638,0.0,0.0,1.0,1.0
3009,0.4150101,3.7821152,3.7535782,0.0,0.0,1.0,1.0
3010,0.7031584,3.6755345,3.6256468,0.0,0.0,1.0,1.0
3011,0.7031584,3.489831,3.490128,0.0,0.0,1.0,1.0
3012,0.7031584,3.3040714,3.3482718,0.0,0.0,1.0,1.0
3013,0.7031584,3.0833766,3.2041807,0.0,0.0,1.0,1.0
3014,0.42359743,2.892397,3.0592942,0.0,0.0,1.0,1.0
3015,0.7031584,2.7208736,2.917309,0.0,0.0,1.0,1.0
3016,0.42359743,2.6307027,2.7790859,0.0,0.0,1.0,1.0
3017,0.711781,2.4974382,2.6469421,0.0,0.0,1.0,1.0
3018,0.711781,2.413628,2.528363,0.0,0.0,0.0,1.0
3019,0.711781,2.298403,2.421177,0.0,0.0,0.0,1.0
3020,0.711781,2.219338,2.3308506,0.0,0.0,0.0,1.0
3021,0.711781,2.1234376,2.2534573,0.0,0.0,0.0,1.0
3022,0.711781,2.0898085,2.1913052,0.0,0.0,0.0,1.0
3023,0.711781,2.06688,2.1386042,0.0,0.0,0.0,1.0
3024,0.711781,2.0178409,2.101776,0.0,0.0,0.0,1.0
3025,0.43216124,1.9994603,2.0768223,0.0,0.0,0.0,1.0
3026,0.43216124,1.9636762,2.0645628,0.0,0.0,0.0,1.0
3027,0.43216124,1.9750494,2.0579252,0.0,0.0,0.0,1.0
3028,0.15252244,1.99829,2.064841,0.0,0.0,0.0,1.0
3029,0.15252244,2.0554998,2.0730097,0.0,0.0,0.0,1.0
3030,0.15252244,2.114184,2.0841093,0.0,0.0,0.0,1.0
3031,-0.1271621,2.1512887,2.0973482,0.0,0.0,0.0,1.0
3032,0.16105686,2.1396878,2.112679,0.0,0.0,0.0,1.0
3033,-0.40685207,2.206426,2.1280766,0.0,0.0,0.0,1.0
3034,-0.40685207,2.1878328,2.142664,0.0,0.0,0.0,1.0
3035,-0.40685207,2.2000768,2.1567554,0.0,0.0,0.0,1.0
3036,-0.11863311,2.1767058,2.168189,0.0,0.0,1.0,1.0
3037,-0.11863311,2.18343,2.1752024,0.0,0.0,1.0,1.0
3038,-0.11863311,2.1484487,2.1822562,0.0,0.0,1.0,1.0
3039,-0.11863311,2.1500971,2.192435,0.0,0.0,1.0,1.0
3040,-0.11863311,2.1673865,2.1976771,0.0,0.0,1.0,1.0
3041,-0.11863311,2.1927035,2.2002249,0.0,0.0,1.0,1.0
3042,-0.11863311,2.1983452,2.1968431,0.0,0.0,1.0,1.0
3043,-0.40685207,2.2359343,2.1892724,0.0,0.0,1.0,1.0
3044,-0.40685207,2.2618341,2.1810446,0.0,0.0,1.0,1.0
3045,-0.40685207,2.2693303,2.1735892,0.0,0.0,1.0,1.0
3046,-0.40685207,2.2184052,2.1678944,0.0,0.0,1.0,1.0
3047,-0.40685207,2.1594982,2.161761,0.0,0.0,1.0,1.0
3048,-0.40685207,2.0858543,2.1506336,0.0,0.0,1.0,1.0
3049,-0.40685207,2.0846984,2.141903,0.0,0.0,1.0,1.0
3050,-0.40685207,2.0589848,2.1290367,0.0,0.0,1.0,1.0
3051,-0.40685207,2.081758,2.112948,0.0,0.0,1.0,1.0
3052,-0.6950357,2.0937865,2.0936873,0.0,0.0,1.0,1.0
3053,-0.6950357,2.059174,2.0772116,0.0,0.0,1.0,1.0
3054,-0.6950357,2.0935776,2.0680633,0.0,0.0,1.0,1.0
3055,-0.4153457,2.0815384,2.0638828,0.0,0.0,1.0,1.0
3056,-0.6950357,2.0687697,2.0545995,0.0,0.0,1.0,1.0
3057,-0.703494,2.0382023,2.0456574,0.0,0.0,1.0,1.0
3058,-0.703494,2.0206978,2.0340242,0.0,0.0,1.0,1.0
3059,-0.703494,2.0497174,2.0268178,0.0,0.0,1.0,1.0
3060,-0.703494,2.035688,2.0158617,0.0,0.0,1.0,1.0
3061,-0.703494,1.9733005,2.004625,0.0,0.0,1.0,1.0
3062,-0.7119224,1.9516786,1.9926748,0.0,0.0,1.0,1.0
3063,-0.7119224,1.94216,1.9808799,0.0,0.0,1.0,1.0
3064,-0.7119224,2.0073097,1.9752523,0.0,0.0,1.0,1.0
3065,-0.7119224,1.9277021,1.9707508,0.0,0.0,1.0,1.0
3066,-0.7119224,1.9587363,1.9619362,0.0,0.0,1.0,1.0
3067,-0.7203612,1.9381359,1.9583088,0.0,0.0,1.0,1.0
3068,-0.7203612,1.92723,1.9642732,0.0,0.0,1.0,1.0
3069,-0.43228358,1.9706708,1.9753871,0.0,0.0,1.0,1.0
3070,-0.7203612,1.9666804,1.9874483,0.0,0.0,1.0,1.0
3071,-0.7203612,1.9439433,1.9976463,0.0,0.0,1.0,1.0
3072,-0.7203612,1.9921589,2.0239377,0.0,0.0,1.0,1.0
3073,-0.7203612,2.0448732,2.0575466,0.0,0.0,1.0,1.0
3074,-0.7203612,2.0850441,2.0987263,0.0,0.0,0.0,1.0
3075,-0.4407414,2.0868952,2.1453705,0.0,0.0,0.0,1.0
3076,-0.4407414,2.1296864,2.1907802,0.0,0.0,0.0,1.0
3077,-0.4407414,2.2431965,2.2400472,0.0,0.0,0.0,1.0
3078,-0.4407414,2.362045,2.2923002,0.0,0.0,0.0,1.0
3079,-0.4407414,2.43229,2.341775,0.0,0.0,0.0,1.0
3080,-0.4407414,2.486962,2.3846254,0.0,0.0,0.0,1.0
3081,-0.4407414,2.5155854,2.4229693,0.0,0.0,0.0,1.0
3082,-0.4407414,2.557886,2.458795,0.0,0.0,0.0,1.0
3083,-0.15266378,2.5709798,2.4850063,0.0,0.0,0.0,1.0
3084,-0.15266378,2.585854,2.496439,0.0,0.0,0.0,1.0
3085,-0.15266378,2.5590794,2.4938967,0.0,0.0,0.0,1.0
3086,0.4150101,2.545171,2.481883,0.0,0.0,0.0,1.0
3087,0.4150101,2.5168064,2.4644063,0.0,0.0,0.0,1.0
3088,0.4150101,2.4442194,2.4409668,0.0,0.0,0.0,1.0
3089,0.4150101,2.3803895,2.4119704,0.0,0.0,0.0,1.0
3090,0.4150101,2.3315375,2.3797097,0.0,0.0,0.0,1.0
3091,0.7031584,2.288126,2.3422792,0.0,0.0,0.0,1.0
3092,0.7031584,2.277242,2.3086224,0.0,0.0,0.0,1.0
3093,0.7031584,2.2343128,2.2710142,0.0,0.0,0.0,1.0
3094,0.7031584,2.2099273,2.2339716,0.0,0.0,0.0,1.0
3095,0.7031584,2.1838524,2.198536,0.0,0.0,0.0,1.0
3096,0.7031584,2.1366868,2.171283,0.0,0.0,0.0,1.0
3097,0.7031584,2.1551962,2.1448028,0.0,0.0,0.0,1.0
3098,0.7031584,2.093876,2.1243455,0.0,0.0,0.0,1.0
3099,0.711781,2.072294,2.1043992,0.0,0.0,0.0,1.0
3100,0.711781,2.0189912,2.0895152,0.0,0.0,0.0,1.0
3101,0.711781,2.053355,2.0772707,0.0,0.0,0.0,1.0
3102,0.711781,2.013773,2.0628405,0.0,0.0,0.0,1.0
3103,0.711781,2.0426402,2.045995,0.0,0.0,0.0,1.0
3104,0.711781,2.0378864,2.0245922,0.0,0.0,0.0,1.0
3105,0.43216124,2.0557044,2.0056682,0.0,0.0,0.0,1.0
3106,0.711781,2.0629942,1.9884107,0.0,0.0,0.0,1.0
3107,0.43216124,2.0106883,1.9753345,0.0,0.0,0.0,1.0
3108,0.43216124,1.9345421,1.961147,0.0,0.0,0.0,1.0
3109,0.43216124,1.898361,1.954697,0.0,0.0,0.0,1.0
3110,0.43216124,1.8667873,1.948527,0.0,0.0,0.0,1.0
3111,0.15252244,1.8652054,1.9470762,0.0,0.0,0.0,1.0
3112,0.15252244,1.8620778,1.9464766,0.0,0.0,0.0,1.0
3113,0.15252244,1.8831041,1.9478376,0.0,0.0,0.0,1.0
3114,-0.1271621,1.9363731,1.9578339,0.0,0.0,0.0,1.0
3115,0.16105686,1.9685998,1.9770024,0.0,0.0,0.0,1.0
3116,0.16105686,2.0204768,2.0032656,0.0,0.0,1.0,1.0
3117,0.16105686,2.0485094,2.0363953,0.0,0.0,1.0,1.0
3118,0.16105686,2.0793264,2.075494,0.0,0.0,1.0,1.0
3119,-0.40685207,2.130643,2.1202412,0.0,0.0,1.0,1.0
3120,0.16105686,2.1645646,2.1672342,0.0,0.0,1.0,1.0
3121,-0.11863311,2.2135193,2.2143455,0.0,0.0,1.0,1.0
3122,-0.11863311,2.264344,2.2596235,0.0,0.0,1.0,1.0
3123,-0.11863311,2.33439,2.3025203,0.0,0.0,1.0,1.0
3124,-0.11863311,2.3990428,2.3442237,0.0,0.0,1.0,1.0
3125,-0.11863311,2.4470215,2.3856335,0.0,0.0,1.0,1.0
3126,-0.11863311,2.501707,2.4200513,0.0,0.0,1.0,1.0
3127,-0.40685207,2.5119374,2.4491937,0.0,0.0,1.0,1.0
3128,-0.40685207,2.5352378,2.4703074,0.0,0.0,1.0,1.0
3129,-0.11863311,2.5489516,2.4870477,0.0,0.0,1.0,1.0
3130,-0.40685207,2.5762417,2.4955933,0.0,0.0,1.0,1.0
3131,0.16105686,2.5436585,2.4995694,0.0,0.0,1.0,1.0
3132,-0.40685207,2.5142722,2.4988666,0.0,0.0,1.0,1.0
3133,-0.40685207,2.4668837,2.4975216,0.0,0.0,1.0,1.0
3134,-0.11863311,2.4652276,2.4962606,0.0,0.0,1.0,1.0
3135,-0.40685207,2.436937,2.4977665,0.0,0.0,1.0,1.0
3136,-0.40685207,2.4467576,2.5031106,0.0,0.0,1.0,1.0
3137,-0.40685207,2.4385865,2.507187,0.0,0.0,1.0,1.0
3138,-0.40685207,2.4855683,2.5138156,0.0,0.0,1.0,1.0
3139,-0.40685207,2.4968066,2.5245833,0.0,0.0,1.0,1.0
3140,-0.40685207,2.553306,2.5353432,0.0,0.0,1.0,1.0
3141,-0.6950357,2.6130817,2.5406332,0.0,0.0,1.0,1.0
3142,-0.6950357,2.6251576,2.548903,0.0,0.0,1.0,1.0
3143,-0.6950357,2.6232035,2.5603235,0.0,0.0,1.0,1.0
3144,-0.4153457,2.6434848,2.5762002,0.0,0.0,1.0,1.0
3145,-0.4153457,2.5960007,2.589235,0.0,0.0,1.0,1.0
3146,-0.4153457,2.5287082,2.600907,0.0,0.0,1.0,1.0
3147,-0.703494,2.536174,2.611431,0.0,0.0,1.0,1.0
3148,-0.703494,2.583803,2.6212573,0.0,0.0,1.0,1.0
3149,-0.703494,2.6291082,2.6264775,0.0,0.0,1.0,1.0
3150,-0.703494,2.641986,2.6343558,0.0,0.0,1.0,1.0
3151,-0.42380944,2.636871,2.637252,0.0,0.0,1.0,1.0
3152,-0.7119224,2.6795907,2.6402905,0.0,0.0,1.0,1.0
3153,-0.7119224,2.730999,2.6508024,0.0,0.0,1.0,1.0
3154,-0.7119224,2.6878004,2.6648848,0.0,0.0,1.0,1.0
3155,-0.7119224,2.7177432,2.6802227,0.0,0.0,1.0,1.0
3156,-0.7119224,2.6782417,2.7037792,0.0,0.0,1.0,1.0
3157,-0.7119224,2.6324608,2.7354474,0.0,0.0,1.0,1.0
3158,-1.0,2.6548512,2.7718673,0.0,0.0,1.0,1.0
3159,-0.7203612,2.7051625,2.809133,0.0,0.0,1.0,1.0
3160,-0.7203612,2.767857,2.8439655,0.0,0.0,1.0,1.0
3161,-0.7203612,2.911788,2.8868382,0.0,0.0,1.0,1.0
3162,-0.7203612,3.0220032,2.9362373,0.0,0.0,1.0,1.0
3163,-0.7203612,3.0739098,2.9876475,0.0,0.0,1.0,1.0
3164,-0.4407414,3.1267786,3.0482016,0.0,0.0,1.0,1.0
3165,-0.7203612,3.1489909,3.110512,0.0,0.0,1.0,1.0
3166,-0.4407414,3.2022707,3.170726,0.0,0.0,1.0,1.0
3167,-0.4407414,3.310535,3.228501,0.0,0.0,1.0,1.0
3168,-0.4407414,3.2951617,3.2745178,0.0,0.0,0.0,1.0
3169,-0.4407414,3.3591115,3.3068733,0.0,0.0,0.0,1.0
3170,-0.4407414,3.4025764,3.327681,0.0,0.0,0.0,1.0
3171,-0.4407414,3.4277313,3.3341293,0.0,0.0,0.0,1.0
3172,-0.4407414,3.4611573,3.329303,0.0,0.0,0.0,1.0
3173,-0.4407414,3.4639883,3.311307,0.0,0.0,0.0,1.0
3174,-0.4407414,3.4102685,3.278719,0.0,0.0,0.0,1.0
3175,-0.4407414,3.3236022,3.2382293,0.0,0.0,0.0,1.0
3176,-0.15266378,3.2041574,3.1854126,0.0,0.0,0.0,1.0
3177,0.12689714,3.0910747,3.1213195,0.0,0.0,0.0,1.0
3178,-0.15266378,2.9863195,3.0447152,0.0,0.0,0.0,1.0
3179,0.12689714,2.9194784,2.9593906,0.0,0.0,0.0,1.0
3180,0.4150101,2.8092847,2.8603914,0.0,0.0,0.0,1.0
3181,0.4150101,2.7253118,2.7561212,0.0,0.0,0.0,1.0
3182,0.4150101,2.633459,2.649961,0.0,0.0,0.0,1.0
3183,0.4150101,2.508479,2.5528307,0.0,0.0,0.0,1.0
3184,0.4150101,2.4372647,2.4672496,0.0,0.0,0.0,1.0
3185,0.7031584,2.2759964,2.3888052,0.0,0.0,0.0,1.0
3186,0.7031584,2.1590254,2.3164027,0.0,0.0,0.0,1.0
3187,0.7031584,2.0496817,2.255632,0.0,0.0,0.0,1.0
3188,0.7031584,2.038592,2.2005627,0.0,0.0,0.0,1.0
3189,0.7031584,2.0641022,2.1586027,0.0,0.0,0.0,1.0
3190,0.7031584,2.0449858,2.130554,0.0,0.0,0.0,1.0
3191,0.7031584,2.0506487,2.1095092,0.0,0.0,0.0,1.0
3192,0.711781,2.0800364,2.1055374,0.0,0.0,1.0,1.0
3193,0.711781,2.0644798,2.1134133,0.0,0.0,1.0,1.0
3194,0.711781,2.1299407,2.1315958,0.0,0.0,1.0,1.0
3195,0.711781,2.1718924,2.149877,0.0,0.0,1.0,1.0
3196,0.711781,2.1847298,2.165685,0.0,0.0,1.0,1.0
3197,0.711781,2.228333,2.182308,0.0,0.0,1.0,1.0
3198,0.43216124,2.2535381,2.2005324,0.0,0.0,1.0,1.0
3199,0.43216124,2.2678723,2.214847,0.0,0.0,1.0,1.0
3200,0.43216124,2.2579646,2.22694,0.0,0.0,1.0,1.0
3201,0.15252244,2.2537963,2.2367864,0.0,0.0,1.0,1.0
3202,0.15252244,2.2444632,2.2483842,0.0,0.0,1.0,1.0
3203,0.4407414,2.2693439,2.2612572,0.0,0.0,1.0,1.0
3204,0.4407414,2.2518113,2.2708035,0.0,0.0,1.0,1.0
3205,0.16105686,2.2095928,2.2776995,0.0,0.0,1.0,1.0
3206,0.16105686,2.2480984,2.283638,0.0,0.0,1.0,1.0
3207,0.16105686,2.3110662,2.2949855,0.0,0.0,1.0,1.0
3208,0.16105686,2.3392065,2.3048885,0.0,0.0,0.0,1.0
3209,-0.40685207,2.3428867,2.3209,0.0,0.0,0.0,1.0
3210,-0.11863311,2.3362927,2.3353004,0.0,0.0,0.0,1.0
3211,-0.11863311,2.3391333,2.3547235,0.0,0.0,0.0,1.0
3212,-0.11863311,2.3941345,2.3854914,0.0,0.0,0.0,1.0
3213,-0.11863311,2.372632,2.4177032,0.0,0.0,0.0,1.0
3214,-0.11863311,2.4366004,2.444284,0.0,0.0,0.0,1.0
3215,-0.11863311,2.442151,2.4672852,0.0,0.0,0.0,1.0
3216,0.16105686,2.484888,2.4913812,0.0,0.0,0.0,1.0
3217,0.16105686,2.5788078,2.5135326,0.0,0.0,0.0,1.0
3218,0.16105686,2.6346374,2.5315442,0.0,0.0,0.0,1.0
3219,0.16105686,2.630038,2.5422447,0.0,0.0,0.0,1.0
3220,-0.40685207,2.6152189,2.5548046,0.0,0.0,1.0,1.0
3221,0.16105686,2.632039,2.5586805,0.0,0.0,1.0,1.0
3222,0.16105686,2.6021104,2.5584145,0.0,0.0,1.0,1.0
3223,-0.40685207,2.5552714,2.550233,0.0,0.0,1.0,1.0
3224,-0.40685207,2.5225422,2.531644,0.0,0.0,1.0,1.0
3225,-0.1271621,2.5233488,2.5085113,0.0,0.0,1.0,1.0
3226,-0.40685207,2.483114,2.485937,0.0,0.0,1.0,1.0
3227,-0.1271621,2.4389575,2.4639502,0.0,0.0,1.0,1.0
3228,-0.40685207,2.386708,2.4335413,0.0,0.0,1.0,1.0
3229,-0.40685207,2.3557425,2.4025264,0.0,0.0,1.0,1.0
3230,-0.4153457,2.3570464,2.3746233,0.0,0.0,1.0,1.0
3231,-0.1271621,2.359147,2.3489301,0.0,0.0,1.0,1.0
3232,-0.4153457,2.351375,2.3234804,0.0,0.0,1.0,1.0
3233,-0.4153457,2.2671316,2.3027065,0.0,0.0,1.0,1.0
3234,-0.4153457,2.229933,2.2849343,0.0,0.0,1.0,1.0
3235,-0.703494,2.2204328,2.2717388,0.0,0.0,1.0,1.0
3236,-0.703494,2.2142246,2.2562094,0.0,0.0,1.0,1.0
3237,-0.703494,2.2179532,2.236172,0.0,0.0,1.0,1.0
3238,-0.42380944,2.2338266,2.213879,0.0,0.0,1.0,1.0
3239,-0.42380944,2.2256918,2.1911016,0.0,0.0,1.0,1.0
3240,-0.42380944,2.2283618,2.1782777,0.0,0.0,1.0,1.0
3241,-0.7119224,2.1693878,2.1665573,0.0,0.0,1.0,1.0
3242,-0.7119224,2.1165977,2.1563568,0.0,0.0,1.0,1.0
3243,-0.7119224,2.0916321,2.1449006,0.0,0.0,1.0,1.0
3244,-0.7119224,2.0780468,2.138896,0.0,0.0,1.0,1.0
3245,-0.43228358,2.1132445,2.137225,0.0,0.0,1.0,1.0
3246,-0.7203612,2.0892868,2.1351452,0.0,0.0,1.0,1.0
3247,-0.7203612,2.0980294,2.1325736,0.0,0.0,1.0,1.0
3248,-0.7203612,2.0767493,2.1326632,0.0,0.0,1.0,1.0
3249,-0.7203612,2.1458986,2.1351168,0.0,0.0,1.0,1.0
3250,-0.7203612,2.213773,2.144217,0.0,0.0,1.0,1.0
3251,-0.4407414,2.2007349,2.1510897,0.0,0.0,1.0,1.0
3252,-0.4407414,2.1975026,2.1653075,0.0,0.0,1.0,1.0
3253,-0.4407414,2.1704636,2.1897068,0.0,0.0,1.0,1.0
3254,-0.4407414,2.1460404,2.2157395,0.0,0.0,1.0,1.0
3255,-0.4407414,2.2008333,2.2540743,0.0,0.0,1.0,1.0
3256,-0.4407414,2.1605196,2.2889152,0.0,0.0,1.0,1.0
3257,-0.4407414,2.28386,2.307089,0.0,0.0,1.0,1.0
3258,-0.16118047,2.3820763,2.3217533,0.0,0.0,1.0,1.0
3259,-0.4407414,2.410423,2.3345916,0.0,0.0,1.0,1.0
3260,-0.4407414,2.536767,2.346767,0.0,0.0,1.0,1.0
3261,0.12689714,2.5639894,2.3555334,0.0,0.0,1.0,1.0
3262,0.12689714,2.4318576,2.3579082,0.0,0.0,1.0,1.0
3263,0.12689714,2.3767076,2.359341,0.0,0.0,0.0,1.0
3264,0.12689714,2.3515632,2.3468285,0.0,0.0,0.0,1.0
3265,0.12689714,2.3165667,2.3185725,0.0,0.0,0.0,1.0
3266,0.12689714,2.2512367,2.2759593,0.0,0.0,0.0,1.0
3267,0.4150101,2.2293315,2.2209213,0.0,0.0,0.0,1.0
3268,0.4150101,2.1777112,2.152854,0.0,0.0,0.0,1.0
3269,0.4150101,2.1337104,2.0881922,0.0,0.0,0.0,1.0
3270,0.4150101,2.0430071,2.0378294,0.0,0.0,0.0,1.0
3271,0.4150101,1.8990617,1.9777534,0.0,0.0,0.0,1.0
3272,0.4150101,1.876313,1.9151194,0.0,0.0,0.0,1.0
3273,0.7031584,1.7471795,1.8631052,0.0,0.0,0.0,1.0
3274,0.7031584,1.6559186,1.8153088,0.0,0.0,0.0,1.0
3275,0.7031584,1.7723534,1.7765486,0.0,0.0,0.0,1.0
3276,0.7031584,1.6306506,1.7429203,0.0,0.0,0.0,1.0
3277,0.7031584,1.564959,1.7153486,0.0,0.0,0.0,1.0
3278,0.7031584,1.6270661,1.6972682,0.0,0.0,0.0,1.0
3279,0.7031584,1.6557753,1.6816788,0.0,0.0,1.0,1.0
3280,0.99134195,1.7125893,1.6790488,0.0,0.0,1.0,1.0
3281,0.99134195,1.7301694,1.6859275,0.0,0.0,1.0,1.0
3282,0.711781,1.7121474,1.6823852,0.0,0.0,1.0,1.0
3283,0.711781,1.6820968,1.6902187,0.0,0.0,1.0,1.0
3284,0.711781,1.68924,1.7039832,0.0,0.0,1.0,1.0
3285,0.711781,1.7156198,1.7113198,0.0,0.0,1.0,1.0
3286,0.711781,1.7384626,1.7021308,0.0,0.0,1.0,1.0
3287,0.711781,1.7298455,1.6875706,0.0,0.0,1.0,1.0
3288,0.711781,1.7246528,1.6706208,0.0,0.0,1.0,1.0
3289,0.43216124,1.7301339,1.6555192,0.0,0.0,1.0,1.0
3290,0.43216124,1.7151043,1.6435679,0.0,0.0,1.0,1.0
3291,0.43216124,1.5455081,1.6303216,0.0,0.0,1.0,1.0
3292,0.15252244,1.5378659,1.6169035,0.0,0.0,1.0,1.0
3293,0.4407414,1.526772,1.6033009,0.0,0.0,1.0,1.0
3294,0.4407414,1.5309286,1.5987697,0.0,0.0,1.0,1.0
3295,0.16105686,1.5386821,1.6065016,0.0,0.0,0.0,1.0
3296,0.16105686,1.5302839,1.6142693,0.0,0.0,0.0,1.0
3297,0.16105686,1.5546032,1.6289996,0.0,0.0,0.0,1.0
3298,0.16105686,1.5752314,1.6624041,0.0,0.0,0.0,1.0
3299,0.16105686,1.6754699,1.6967076,0.0,0.0,0.0,1.0
3300,0.16105686,1.817435,1.7327408,0.0,0.0,0.0,1.0
3301,0.16105686,1.8233466,1.7827692,0.0,0.0,0.0,1.0
3302,0.16105686,1.8918684,1.8558156,0.0,0.0,0.0,1.0
3303,-0.1271621,1.9463613,1.9291178,0.0,0.0,0.0,1.0
3304,0.16105686,1.9495093,2.0066342,0.0,0.0,0.0,1.0
3305,0.16105686,1.9591691,2.078467,0.0,0.0,0.0,1.0
3306,0.16105686,2.1312706,2.140324,0.0,0.0,0.0,1.0
3307,0.16105686,2.4152389,2.1849482,0.0,0.0,1.0,1.0
3308,0.16105686,2.4099104,2.2215488,0.0,0.0,1.0,1.0
3309,0.16105686,2.4847991,2.2489717,0.0,0.0,1.0,1.0
3310,0.16105686,2.4372246,2.2660618,0.0,0.0,1.0,1.0
3311,0.16105686,2.4177563,2.2742848,0.0,0.0,1.0,1.0
3312,0.16105686,2.3529232,2.2818887,0.0,0.0,1.0,1.0
3313,-0.1271621,2.2625551,2.2742724,0.0,0.0,1.0,1.0
3314,-0.1271621,2.220942,2.242611,0.0,0.0,1.0,1.0
3315,-0.1271621,2.1514416,2.208809,0.0,0.0,1.0,1.0
3316,-0.1271621,2.0481873,2.167526,0.0,0.0,1.0,1.0
3317,-0.1271621,2.0504148,2.1167057,0.0,0.0,1.0,1.0
3318,-0.4153457,2.0398762,2.0444906,0.0,0.0,1.0,1.0
3319,-0.4153457,2.0353003,1.9807601,0.0,0.0,1.0,1.0
3320,-0.4153457,2.004285,1.9195144,0.0,0.0,1.0,1.0
3321,-0.4153457,1.9894068,1.8683667,0.0,0.0,1.0,1.0
3322,-0.4153457,1.8273796,1.8232629,0.0,0.0,1.0,1.0
3323,-0.703494,1.5511742,1.7882423,0.0,0.0,1.0,1.0
3324,-0.703494,1.5881584,1.7554162,0.0,0.0,1.0,1.0
3325,-0.42380944,1.5276061,1.727286,0.0,0.0,1.0,1.0
3326,-0.42380944,1.60717,1.7031853,0.0,0.0,1.0,1.0
3327,-0.7119224,1.6101968,1.6804014,0.0,0.0,1.0,1.0
3328,-0.7119224,1.6279397,1.6577114,0.0,0.0,1.0,1.0
3329,-0.7119224,1.656501,1.6470675,0.0,0.0,1.0,1.0
3330,-0.7119224,1.7023144,1.6642159,0.0,0.0,1.0,1.0
3331,-0.43228358,1.7460911,1.685475,0.0,0.0,1.0,1.0
3332,-0.43228358,1.7308786,1.7240558,0.0,0.0,1.0,1.0
3333,-0.7203612,1.7171265,1.7666446,0.0,0.0,1.0,1.0
3334,-0.7203612,1.6996534,1.8174176,0.0,0.0,1.0,1.0
3335,-0.7203612,1.7569549,1.8707323,0.0,0.0,1.0,1.0
3336,-0.7203612,1.8432672,1.9240786,0.0,0.0,1.0,1.0
3337,-0.4407414,1.9905752,1.977484,0.0,0.0,1.0,1.0
3338,-0.4407414,2.1182358,2.0316498,0.0,0.0,1.0,1.0
3339,-0.4407414,2.2194738,2.0950844,0.0,0.0,1.0,1.0
3340,-0.4407414,2.2677164,2.1659293,0.0,0.0,1.0,1.0
3341,-0.4407414,2.2966564,2.2373707,0.0,0.0,1.0,1.0
3342,-0.4407414,2.3431785,2.3042257,0.0,0.0,1.0,1.0
3343,-0.4407414,2.3960807,2.3621833,0.0,0.0,1.0,1.0
3344,-0.4407414,2.4920936,2.4037514,0.0,0.0,1.0,1.0
3345,-0.4407414,2.5672655,2.4399252,0.0,0.0,1.0,1.0
3346,-0.4407414,2.556951,2.4604099,0.0,0.0,0.0,1.0
3347,-0.16118047,2.5592148,2.4722233,0.0,0.0,0.0,1.0
3348,-0.16118047,2.538759,2.469994,0.0,0.0,0.0,1.0
3349,-0.16118047,2.4893894,2.4574106,0.0,0.0,0.0,1.0
3350,0.12689714,2.5523226,2.4296408,0.0,0.0,0.0,1.0
3351,0.12689714,2.465291,2.3863962,0.0,0.0,0.0,1.0
3352,0.12689714,2.4094782,2.3301682,0.0,0.0,0.0,1.0
3353,-0.43228358,2.2699041,2.2648573,0.0,0.0,0.0,1.0
3354,0.12689714,2.1921778,2.1946003,0.0,0.0,0.0,1.0
3355,0.4150101,2.062843,2.1201222,0.0,0.0,0.0,1.0
3356,0.4150101,1.9731585,2.0428731,0.0,0.0,0.0,1.0
3357,0.4150101,1.8925297,1.9588201,0.0,0.0,0.0,1.0
3358,0.4150101,1.7732196,1.882024,0.0,0.0,0.0,1.0
3359,0.4150101,1.7161306,1.8158154,0.0,0.0,0.0,1.0
3360,0.4150101,1.6450216,1.7684363,0.0,0.0,0.0,1.0
3361,0.4150101,1.5623997,1.7262614,0.0,0.0,0.0,1.0
3362,0.7031584,1.5436873,1.7036369,0.0,0.0,0.0,1.0
3363,0.7031584,1.5437382,1.6921611,0.0,0.0,0.0,1.0
3364,0.7031584,1.6149745,1.6936597,0.0,0.0,1.0,1.0
3365,0.7031584,1.7013552,1.7069252,0.0,0.0,1.0,1.0
3366,0.7031584,1.6860787,1.7332363,0.0,0.0,1.0,1.0
3367,0.7031584,1.7913487,1.7632564,0.0,0.0,1.0,1.0
3368,0.7031584,1.8354486,1.8003806,0.0,0.0,1.0,1.0
3369,0.7031584,1.910513,1.8379337,0.0,0.0,1.0,1.0
3370,0.99134195,1.9324062,1.8749014,0.0,0.0,1.0,1.0
3371,0.99134195,2.0318637,1.9014922,0.0,0.0,1.0,1.0
3372,0.711781,2.0052636,1.9172844,0.0,0.0,1.0,1.0
3373,0.711781,2.007889,1.9323655,0.0,0.0,1.0,1.0
3374,0.711781,1.9943244,1.9323761,0.0,0.0,1.0,1.0
3375,0.711781,1.9873512,1.9193524,0.0,0.0,1.0,1.0
3376,0.711781,1.9340651,1.8950711,0.0,0.0,1.0,1.0
3377,0.711781,1.8908597,1.8621763,0.0,0.0,1.0,1.0
3378,0.43216124,1.8670528,1.8152277,0.0,0.0,1.0,1.0
3379,0.43216124,1.7914767,1.7691128,0.0,0.0,1.0,1.0
3380,0.43216124,1.6791629,1.7174898,0.0,0.0,0.0,1.0
3381,0.43216124,1.6191384,1.6662976,0.0,0.0,0.0,1.0
3382,0.15252244,1.5376675,1.6117003,0.0,0.0,0.0,1.0
3383,0.4407414,1.4684812,1.5663611,0.0,0.0,0.0,1.0
3384,0.4407414,1.4518849,1.53013,0.0,0.0,1.0,1.0
3385,0.16105686,1.3884137,1.5018809,0.0,0.0,1.0,1.0
3386,-0.1271621,1.3800163,1.4812324,0.0,0.0,1.0,1.0
3387,0.16105686,1.3321844,1.4754493,0.0,0.0,1.0,1.0
3388,0.16105686,1.3899945,1.479586,0.0,0.0,1.0,1.0
3389,0.16105686,1.4560866,1.4942031,0.0,0.0,1.0,1.0
3390,0.16105686,1.5280637,1.5206522,0.0,0.0,1.0,1.0
3391,0.16105686,1.5436951,1.5545776,0.0,0.0,1.0,1.0
3392,0.16105686,1.6097661,1.5915266,0.0,0.0,1.0,1.0
3393,-0.1271621,1.6687776,1.626578,0.0,0.0,1.0,1.0
3394,0.16105686,1.7130735,1.6619258,0.0,0.0,1.0,1.0
3395,-0.1271621,1.7858697,1.6874729,0.0,0.0,1.0,1.0
3396,0.16105686,1.8589892,1.7114825,0.0,0.0,1.0,1.0
3397,0.16105686,1.831803,1.7278073,0.0,0.0,1.0,1.0
3398,0.16105686,1.8006316,1.7444324,0.0,0.0,1.0,1.0
3399,0.16105686,1.756359,1.7557182,0.0,0.0,1.0,1.0
3400,-0.1271621,1.6965598,1.7607572,0.0,0.0,1.0,1.0
3401,-0.1271621,1.7442018,1.7651252,0.0,0.0,1.0,1.0
3402,-0.1271621,1.7239612,1.7653626,0.0,0.0,1.0,1.0
3403,-0.40685207,1.7431964,1.7594868,0.0,0.0,1.0,1.0
3404,-0.1271621,1.7451962,1.7547562,0.0,0.0,1.0,1.0
3405,-0.40685207,1.7292458,1.7546604,0.0,0.0,1.0,1.0
3406,-0.40685207,1.7654879,1.7591741,0.0,0.0,1.0,1.0
3407,-0.4153457,1.7887189,1.7692484,0.0,0.0,1.0,1.0
3408,-0.1271621,1.7884798,1.783102,0.0,0.0,1.0,1.0
3409,-0.4153457,1.7750356,1.7994461,0.0,0.0,1.0,1.0
3410,-0.4153457,1.7994826,1.820875,0.0,0.0,1.0,1.0
3411,-0.4153457,1.8105226,1.8446606,0.0,0.0,1.0,1.0
3412,-0.4153457,1.8174515,1.8686136,0.0,0.0,1.0,1.0
3413,-0.703494,1.9104453,1.9049727,0.0,0.0,1.0,1.0
3414,-0.703494,1.9200906,1.943388,0.0,0.0,1.0,1.0
3415,-0.703494,2.0003436,1.9868287,0.0,0.0,1.0,1.0
3416,-0.42380944,2.030624,2.0300312,0.0,0.0,1.0,1.0
3417,-0.42380944,2.016681,2.0669582,0.0,0.0,1.0,1.0
3418,-0.42380944,2.2017968,2.101105,0.0,0.0,1.0,1.0
3419,-0.7119224,2.2497027,2.1398795,0.0,0.0,1.0,1.0
3420,-0.7119224,2.3097677,2.1792543,0.0,0.0,1.0,1.0
3421,-0.7119224,2.2934654,2.2207808,0.0,0.0,1.0,1.0
3422,-0.7119224,2.2426066,2.2672446,0.0,0.0,1.0,1.0
3423,-0.7119224,2.2202852,2.3176408,0.0,0.0,1.0,1.0
3424,-0.43228358,2.282745,2.3726702,0.0,0.0,1.0,1.0
3425,-0.7203612,2.3829446,2.4265857,0.0,0.0,1.0,1.0
3426,-0.7203612,2.4184074,2.4846516,0.0,0.0,1.0,1.0
3427,-0.7203612,2.5579078,2.551071,0.0,0.0,1.0,1.0
3428,-0.7203612,2.6353803,2.6249125,0.0,0.0,1.0,1.0
3429,-0.4407414,2.6770334,2.6927524,0.0,0.0,1.0,1.0
3430,-0.4407414,2.8487835,2.7668145,0.0,0.0,1.0,1.0
3431,-0.4407414,2.9464905,2.8359401,0.0,0.0,1.0,1.0
3432,-0.4407414,3.106801,2.9033127,0.0,0.0,1.0,1.0
3433,-0.4407414,3.179565,2.9700384,0.0,0.0,1.0,1.0
3434,-0.4407414,3.0566857,3.0254111,0.0,0.0,1.0,1.0
3435,-0.4407414,3.1090286,3.064463,0.0,0.0,1.0,1.0
3436,-0.4407414,3.1122544,3.084761,0.0,0.0,1.0,1.0
3437,-0.4407414,3.1914146,3.0903463,0.0,0.0,1.0,1.0
3438,-0.4407414,3.2191157,3.0703866,0.0,0.0,1.0,1.0
3439,-0.4407414,3.22238,3.0301192,0.0,0.0,1.0,1.0
3440,-0.16118047,3.104003,2.9751344,0.0,0.0,1.0,1.0
3441,-0.16118047,2.9206095,2.9165354,0.0,0.0,1.0,1.0
3442,0.12689714,2.9158087,2.8414743,0.0,0.0,1.0,1.0
3443,0.12689714,2.7069745,2.7527196,0.0,0.0,0.0,1.0
3444,0.12689714,2.623592,2.6467307,0.0,0.0,0.0,1.0
3445,0.12689714,2.519745,2.5275822,0.0,0.0,0.0,1.0
3446,0.12689714,2.3534994,2.3958402,0.0,0.0,0.0,1.0
3447,0.12689714,2.2082944,2.2666337,0.0,0.0,0.0,1.0
3448,0.4150101,2.0471985,2.146588,0.0,0.0,0.0,1.0
3449,0.4150101,1.9195474,2.0236325,0.0,0.0,0.0,1.0
3450,0.4150101,1.7893325,1.916896,0.0,0.0,0.0,1.0
3451,0.4150101,1.6414785,1.8206949,0.0,0.0,0.0,1.0
3452,0.7031584,1.5535257,1.7393575,0.0,0.0,0.0,1.0
3453,0.7031584,1.48006,1.6698835,0.0,0.0,0.0,1.0
3454,0.7031584,1.4403423,1.6189066,0.0,0.0,0.0,1.0
3455,0.4150101,1.4261364,1.5813702,0.0,0.0,0.0,1.0
3456,0.7031584,1.4691784,1.5557501,0.0,0.0,0.0,1.0
3457,0.7031584,1.5436968,1.5465993,0.0,0.0,0.0,1.0
3458,0.7031584,1.5198115,1.5495547,0.0,0.0,1.0,1.0
3459,0.7031584,1.5965712,1.560016,0.0,0.0,1.0,1.0
3460,0.42359743,1.5967618,1.576829,0.0,0.0,1.0,1.0
3461,0.711781,1.6121066,1.5994153,0.0,0.0,1.0,1.0
3462,0.711781,1.6795216,1.6277703,0.0,0.0,1.0,1.0
3463,0.711781,1.6769443,1.6528502,0.0,0.0,1.0,1.0
3464,0.711781,1.679062,1.6729206,0.0,0.0,1.0,1.0
3465,0.711781,1.6818149,1.6942123,0.0,0.0,1.0,1.0
3466,0.711781,1.7113777,1.7143302,0.0,0.0,1.0,1.0
3467,0.711781,1.7663971,1.7336171,0.0,0.0,1.0,1.0
3468,0.43216124,1.7701358,1.7529571,0.0,0.0,1.0,1.0
3469,0.43216124,1.7845426,1.765224,0.0,0.0,1.0,1.0
3470,0.43216124,1.7753128,1.7781191,0.0,0.0,1.0,1.0
3471,0.15252244,1.8379852,1.806062,0.0,0.0,1.0,1.0
3472,0.15252244,1.8282044,1.8404889,0.0,0.0,1.0,1.0
3473,0.15252244,1.8441869,1.8741585,0.0,0.0,1.0,1.0
3474,0.15252244,1.8267239,1.9072461,0.0,0.0,0.0,1.0
3475,0.16105686,1.8316857,1.9435885,0.0,0.0,0.0,1.0
3476,0.16105686,2.0143764,1.9851642,0.0,0.0,0.0,1.0
3477,0.16105686,2.0949392,2.0289774,0.0,0.0,0.0,1.0
3478,-0.40685207,2.115412,2.0659418,0.0,0.0,0.0,1.0
3479,-0.40685207,2.1634483,2.1058135,0.0,0.0,0.0,1.0
3480,-0.11863311,2.2062442,2.1449935,0.0,0.0,0.0,1.0
3481,-0.40685207,2.2834513,2.1864083,0.0,0.0,0.0,1.0
3482,-0.40685207,2.301072,2.2222311,0.0,0.0,0.0,1.0
3483,-0.40685207,2.2815583,2.2425995,0.0,0.0,0.0,1.0
3484,-0.11863311,2.3066642,2.2553177,0.0,0.0,0.0,1.0
3485,-0.11863311,2.3143458,2.2639153,0.0,0.0,0.0,1.0
3486,0.16105686,2.3237033,2.2646208,0.0,0.0,0.0,1.0
3487,-0.40685207,2.2615585,2.2441087,0.0,0.0,0.0,1.0
3488,-0.40685207,2.2587965,2.2076612,0.0,0.0,0.0,1.0
3489,-0.40685207,2.2475572,2.1664455,0.0,0.0,0.0,1.0
3490,-0.40685207,2.2185853,2.12449,0.0,0.0,0.0,1.0
3491,-0.40685207,2.1719136,2.07898,0.0,0.0,0.0,1.0
3492,-0.40685207,1.9600978,2.03622,0.0,0.0,0.0,1.0
3493,-0.40685207,1.8460805,1.9920512,0.0,0.0,0.0,1.0
3494,-0.40685207,1.8064849,1.9525101,0.0,0.0,1.0,1.0
3495,-0.40685207,1.7780936,1.9114814,0.0,0.0,1.0,1.0
3496,-0.6950357,1.7605433,1.8700405,0.0,0.0,1.0,1.0
3497,-0.6950357,1.8012264,1.8315039,0.0,0.0,1.0,1.0
3498,-0.6950357,1.7936778,1.7917174,0.0,0.0,1.0,1.0
3499,-0.4153457,1.787065,1.7687359,0.0,0.0,1.0,1.0
3500,-0.4153457,1.7664515,1.7545,0.0,0.0,1.0,1.0
3501,-0.4153457,1.7502663,1.744322,0.0,0.0,1.0,1.0
3502,-0.703494,1.7561452,1.735297,0.0,0.0,1.0,1.0
3503,-0.703494,1.6944764,1.7311457,0.0,0.0,1.0,1.0
3504,-0.703494,1.6843195,1.728155,0.0,0.0,1.0,1.0
3505,-0.703494,1.67525,1.7250631,0.0,0.0,1.0,1.0
3506,-0.42380944,1.6843481,1.7241392,0.0,0.0,1.0,1.0
3507,-0.7119224,1.6697937,1.7286226,0.0,0.0,1.0,1.0
3508,-0.7119224,1.7107286,1.7303696,0.0,0.0,1.0,1.0
3509,-0.7119224,1.7653378,1.7370771,0.0,0.0,1.0,1.0
3510,-0.7119224,1.7565746,1.7484385,0.0,0.0,1.0,1.0
3511,-0.43228358,1.7759789,1.7672364,0.0,0.0,1.0,1.0
3512,-0.7203612,1.8202518,1.7924482,0.0,0.0,1.0,1.0
3513,-0.7203612,1.7712299,1.8239114,0.0,0.0,1.0,1.0
3514,-0.7203612,1.8366361,1.8657514,0.0,0.0,1.0,1.0
3515,-0.7203612,1.830813,1.9065186,0.0,0.0,1.0,1.0
3516,-0.7203612,1.9098941,1.9437405,0.0,0.0,1.0,1.0
3517,-0.7203612,1.9777907,1.9850155,0.0,0.0,1.0,1.0
3518,-0.4407414,2.0619073,2.0255582,0.0,0.0,1.0,1.0
3519,-0.4407414,2.1718743,2.060396,0.0,0.0,1.0,1.0
3520,-0.4407414,2.1999345,2.0960605,0.0,0.0,1.0,1.0
3521,-0.4407414,2.2120013,2.1274288,0.0,0.0,1.0,1.0
3522,-0.4407414,2.251875,2.1568637,0.0,0.0,1.0,1.0
3523,-0.4407414,2.262491,2.1747124,0.0,0.0,1.0,1.0
3524,-0.4407414,2.2383046,2.18168,0.0,0.0,1.0,1.0
3525,-0.16118047,2.1992042,2.1734252,0.0,0.0,1.0,1.0
3526,-0.4407414,2.2130551,2.1556935,0.0,0.0,1.0,1.0
3527,-0.4407414,2.1840312,2.126797,0.0,0.0,1.0,1.0
3528,0.12689714,2.1240792,2.0906558,0.0,0.0,1.0,1.0
3529,0.12689714,2.061402,2.0427074,0.0,0.0,1.0,1.0
3530,0.12689714,1.9628488,1.9900507,0.0,0.0,1.0,1.0
3531,0.4150101,1.9590949,1.9383537,0.0,0.0,1.0,1.0
3532,0.4150101,1.8531756,1.8863361,0.0,0.0,1.0,1.0
3533,0.4150101,1.7783077,1.8295738,0.0,0.0,1.0,1.0
3534,0.4150101,1.6764947,1.7758956,0.0,0.0,0.0,1.0
3535,0.4150101,1.6306106,1.7246461,0.0,0.0,0.0,1.0
3536,0.7031584,1.6179398,1.6820122,0.0,0.0,0.0,1.0
3537,0.4150101,1.5749928,1.6457789,0.0,0.0,0.0,1.0
3538,0.7031584,1.5319079,1.6117786,0.0,0.0,0.0,1.0
3539,0.7031584,1.539893,1.5897762,0.0,0.0,0.0,1.0
3540,0.7031584,1.5090853,1.5779294,0.0,0.0,0.0,1.0
3541,0.7031584,1.549795,1.5747638,0.0,0.0,0.0,1.0
3542,0.711781,1.5280496,1.5799351,0.0,0.0,0.0,1.0
3543,0.711781,1.5510913,1.5891387,0.0,0.0,0.0,1.0
3544,0.711781,1.5891461,1.6038867,0.0,0.0,0.0,1.0
3545,0.711781,1.6361469,1.623169,0.0,0.0,0.0,1.0
3546,0.711781,1.6385064,1.6410946,0.0,0.0,0.0,1.0
3547,0.711781,1.6926663,1.6615441,0.0,0.0,0.0,1.0
3548,0.711781,1.7283839,1.6828846,0.0,0.0,0.0,1.0
3549,0.711781,1.7519695,1.707515,0.0,0.0,0.0,1.0
3550,0.43216124,1.7632941,1.7294605,0.0,0.0,0.0,1.0
3551,0.43216124,1.7550002,1.7519597,0.0,0.0,0.0,1.0
3552,0.43216124,1.7544792,1.7697439,0.0,0.0,0.0,1.0
3553,0.43216124,1.8058809,1.7901688,0.0,0.0,0.0,1.0
3554,0.15252244,1.8236146,1.8029441,0.0,0.0,0.0,1.0
3555,0.15252244,1.8144382,1.8096857,0.0,0.0,0.0,1.0
3556,0.15252244,1.8591365,1.8103216,0.0,0.0,0.0,1.0
3557,0.4407414,1.8495575,1.8130744,0.0,0.0,1.0,1.0
3558,-0.1271621,1.883604,1.8113322,0.0,0.0,1.0,1.0
3559,0.16105686,1.8459699,1.8091441,0.0,0.0,1.0,1.0
3560,0.16105686,1.8092837,1.8012191,0.0,0.0,1.0,1.0
3561,0.16105686,1.7595997,1.7903274,0.0,0.0,1.0,1.0
3562,-0.40685207,1.7963278,1.7797096,0.0,0.0,1.0,1.0
3563,-0.40685207,1.7340952,1.763976,0.0,0.0,1.0,1.0
3564,-0.40685207,1.728222,1.74686,0.0,0.0,1.0,1.0
3565,-0.11863311,1.7107799,1.7245771,0.0,0.0,1.0,1.0
3566,-0.11863311,1.6929146,1.7090473,0.0,0.0,1.0,1.0
3567,-0.11863311,1.6870244,1.6978071,0.0,0.0,1.0,1.0
3568,0.16105686,1.6703334,1.7087598,0.0,0.0,1.0,1.0
3569,0.16105686,1.6441654,1.7206631,0.0,0.0,1.0,1.0
3570,-0.11863311,1.6162089,1.7419266,0.0,0.0,1.0,1.0
3571,-0.11863311,1.6596134,1.7685326,0.0,0.0,1.0,1.0
3572,-0.11863311,1.6744007,1.7990733,0.0,0.0,1.0,1.0
3573,-0.40685207,1.8910322,1.8279551,0.0,0.0,1.0,1.0
3574,0.16105686,1.9391662,1.8595978,0.0,0.0,1.0,1.0
3575,-0.40685207,1.989257,1.896365,0.0,0.0,1.0,1.0
3576,-0.40685207,2.0474958,1.9380351,0.0,0.0,1.0,1.0
3577,-0.40685207,2.0772684,1.9840835,0.0,0.0,1.0,1.0
3578,-0.40685207,2.0394955,2.028625,0.0,0.0,1.0,1.0
3579,-0.40685207,2.0667365,2.0704005,0.0,0.0,1.0,1.0
3580,-0.40685207,2.1115408,2.0953157,0.0,0.0,1.0,1.0
3581,-0.40685207,2.144206,2.117272,0.0,0.0,1.0,1.0
3582,-0.40685207,2.1687894,2.1340554,0.0,0.0,1.0,1.0
3583,-0.40685207,2.194112,2.1422806,0.0,0.0,1.0,1.0
3584,-0.6950357,2.1757069,2.1274252,0.0,0.0,1.0,1.0
3585,-0.6950357,2.1900144,2.1065114,0.0,0.0,1.0,1.0
3586,-0.6950357,2.2026415,2.0812464,0.0,0.0,1.0,1.0
3587,-0.4153457,2.1906579,2.0498433,0.0,0.0,1.0,1.0
3588,-0.4153457,2.1461973,2.016526,0.0,0.0,1.0,1.0
3589,-0.4153457,1.899004,1.9857702,0.0,0.0,1.0,1.0
3590,-0.703494,1.7885296,1.9564872,0.0,0.0,1.0,1.0
3591,-0.703494,1.7635577,1.9253869,0.0,0.0,1.0,1.0
3592,-0.703494,1.7347039,1.9004767,0.0,0.0,1.0,1.0
3593,-0.703494,1.744397,1.8808444,0.0,0.0,1.0,1.0
3594,-0.42380944,1.79972,1.8673936,0.0,0.0,1.0,1.0
3595,-0.7119224,1.8427157,1.8618298,0.0,0.0,1.0,1.0
3596,-0.7119224,1.8025045,1.8819222,0.0,0.0,1.0,1.0
3597,-0.7119224,1.8910906,1.9187248,0.0,0.0,1.0,1.0
3598,-0.7119224,1.9670533,1.9622955,0.0,0.0,1.0,1.0
3599,-0.7119224,2.029249,2.0163493,0.0,0.0,1.0,1.0
3600,-0.7119224,2.0794318,2.0790558,0.0,0.0,1.0,1.0
3601,-0.7203612,2.1401143,2.1488173,0.0,0.0,1.0,1.0
3602,-0.7203612,2.23016,2.2235217,0.0,0.0,1.0,1.0
3603,-0.7203612,2.286406,2.3087406,0.0,0.0,1.0,1.0
3604,-0.7203612,2.3833508,2.3925211,0.0,0.0,1.0,1.0
3605,-0.7203612,2.4968724,2.474987,0.0,0.0,1.0,1.0
3606,-0.7203612,2.6368582,2.5576956,0.0,0.0,1.0,1.0
3607,-0.4407414,2.7391703,2.6432507,0.0,0.0,1.0,1.0
3608,-0.4407414,2.8251302,2.7217505,0.0,0.0,1.0,1.0
3609,-0.4407414,2.8964581,2.7929235,0.0,0.0,1.0,1.0
3610,-0.4407414,2.9566445,2.8580174,0.0,0.0,1.0,1.0
3611,-0.4407414,3.0217507,2.9148073,0.0,0.0,1.0,1.0
3612,-0.4407414,3.1060936,2.953527,0.0,0.0,1.0,1.0
3613,-0.4407414,3.0821106,2.9715106,0.0,0.0,1.0,1.0
3614,-0.4407414,3.084237,2.9731805,0.0,0.0,1.0,1.0
3615,-0.4407414,3.0675323,2.9581308,0.0,0.0,1.0,1.0
3616,-0.4407414,3.0648298,2.926353,0.0,0.0,1.0,1.0
3617,0.12689714,2.9615092,2.8799095,0.0,0.0,1.0,1.0
3618,0.12689714,2.8526618,2.819119,0.0,0.0,1.0,1.0
3619,0.12689714,2.759209,2.7450435,0.0,0.0,1.0,1.0
3620,0.12689714,2.6445334,2.6711383,0.0,0.0,1.0,1.0
3621,0.12689714,2.515125,2.5932987,0.0,0.0,1.0,1.0
3622,0.4150101,2.399321,2.5165522,0.0,0.0,1.0,1.0
3623,0.4150101,2.2922654,2.4369695,0.0,0.0,1.0,1.0
3624,0.4150101,2.2171865,2.3585753,0.0,0.0,1.0,1.0
3625,0.4150101,2.1952477,2.2873528,0.0,0.0,0.0,1.0
3626,0.4150101,2.1501641,2.2236943,0.0,0.0,0.0,1.0
3627,0.4150101,2.146573,2.1781633,0.0,0.0,0.0,1.0
3628,0.4150101,2.1098375,2.152788,0.0,0.0,0.0,1.0
3629,0.7031584,2.0207806,2.1535287,0.0,0.0,0.0,1.0
3630,0.7031584,1.9979893,2.1794198,0.0,0.0,0.0,1.0
3631,0.7031584,1.9953088,2.2261167,0.0,0.0,0.0,1.0
3632,0.7031584,2.0981596,2.2875345,0.0,0.0,1.0,1.0
3633,0.7031584,2.2106209,2.3616004,0.0,0.0,1.0,1.0
3634,0.7031584,2.4082122,2.4420195,0.0,0.0,1.0,1.0
3635,0.7031584,2.6029575,2.5281792,0.0,0.0,1.0,1.0
3636,0.7031584,2.7775476,2.621448,0.0,0.0,1.0,1.0
3637,0.99134195,2.9322612,2.7179608,0.0,0.0,1.0,1.0
3638,0.711781,3.0389552,2.8138752,0.0,0.0,1.0,1.0
3639,0.711781,3.1116028,2.9022849,0.0,0.0,1.0,1.0
3640,0.711781,3.1437538,2.9888697,0.0,0.0,1.0,1.0
3641,0.711781,3.1400077,3.0587473,0.0,0.0,1.0,1.0
3642,0.711781,3.1561422,3.1124115,0.0,0.0,1.0,1.0
3643,0.711781,3.146282,3.1466374,0.0,0.0,1.0,1.0
3644,0.711781,3.1590743,3.1680038,0.0,0.0,1.0,1.0
3645,0.711781,3.2496393,3.1710527,0.0,0.0,1.0,1.0
3646,0.43216124,3.2467453,3.1567407,0.0,0.0,1.0,1.0
3647,0.43216124,3.2469265,3.130972,0.0,0.0,1.0,1.0
3648,0.15252244,3.1882582,3.1004274,0.0,0.0,0.0,1.0
3649,0.15252244,3.1886594,3.0634115,0.0,0.0,0.0,1.0
3650,0.15252244,3.0755417,3.0210013,0.0,0.0,0.0,1.0
3651,0.4407414,2.939856,2.9751487,0.0,0.0,0.0,1.0
3652,0.16105686,2.834529,2.9193594,0.0,0.0,0.0,1.0
3653,0.16105686,2.7734747,2.8630347,0.0,0.0,0.0,1.0
3654,0.16105686,2.711952,2.8011916,0.0,0.0,0.0,1.0
3655,-0.1271621,2.6373584,2.7416856,0.0,0.0,0.0,1.0
3656,0.16105686,2.608844,2.6772203,0.0,0.0,0.0,1.0
3657,-0.40685207,2.5801666,2.620869,0.0,0.0,1.0,1.0
3658,0.16105686,2.5708501,2.575406,0.0,0.0,1.0,1.0
3659,-0.11863311,2.5048087,2.534334,0.0,0.0,1.0,1.0
3660,-0.11863311,2.4741862,2.4954932,0.0,0.0,1.0,1.0
3661,0.16105686,2.4150755,2.4601595,0.0,0.0,1.0,1.0
3662,-0.11863311,2.3993268,2.4285574,0.0,0.0,1.0,1.0
3663,-0.11863311,2.3943002,2.4045591,0.0,0.0,1.0,1.0
3664,-0.11863311,2.341664,2.3835697,0.0,0.0,1.0,1.0
3665,-0.11863311,2.3073864,2.3651521,0.0,0.0,1.0,1.0
3666,-0.11863311,2.2879484,2.3580515,0.0,0.0,1.0,1.0
3667,-0.11863311,2.258133,2.3583791,0.0,0.0,1.0,1.0
3668,0.16105686,2.3208632,2.3661168,0.0,0.0,1.0,1.0
3669,-0.40685207,2.328293,2.3769279,0.0,0.0,1.0,1.0
3670,0.16105686,2.3498397,2.3919654,0.0,0.0,1.0,1.0
3671,-0.40685207,2.419601,2.4106994,0.0,0.0,1.0,1.0
3672,-0.40685207,2.4781182,2.439251,0.0,0.0,1.0,1.0
3673,-0.40685207,2.5079281,2.4715304,0.0,0.0,1.0,1.0
3674,-0.40685207,2.5290594,2.5102184,0.0,0.0,1.0,1.0
3675,-0.40685207,2.5747504,2.5444322,0.0,0.0,1.0,1.0
3676,-0.40685207,2.5664713,2.5768254,0.0,0.0,1.0,1.0
3677,-0.40685207,2.6500063,2.607156,0.0,0.0,1.0,1.0
3678,-0.6950357,2.675303,2.6306224,0.0,0.0,1.0,1.0
3679,-0.4153457,2.722386,2.6473534,0.0,0.0,1.0,1.0
3680,-0.4153457,2.731429,2.6589596,0.0,0.0,1.0,1.0
3681,-0.4153457,2.7170134,2.667366,0.0,0.0,1.0,1.0
3682,-0.703494,2.7138062,2.669236,0.0,0.0,1.0,1.0
3683,-0.703494,2.7011974,2.6674519,0.0,0.0,1.0,1.0
3684,-0.703494,2.678891,2.6576152,0.0,0.0,1.0,1.0
3685,-0.703494,2.6472025,2.6442091,0.0,0.0,1.0,1.0
3686,-0.703494,2.6299353,2.6239417,0.0,0.0,1.0,1.0
3687,-0.7119224,2.5971897,2.606645,0.0,0.0,1.0,1.0
3688,-0.7119224,2.5450637,2.5884025,0.0,0.0,1.0,1.0
3689,-0.7119224,2.5319657,2.570379,0.0,0.0,1.0,1.0
3690,-0.7119224,2.5144289,2.5507324,0.0,0.0,1.0,1.0
3691,-0.7119224,2.479177,2.5349247,0.0,0.0,1.0,1.0
3692,-0.7119224,2.5238705,2.5225177,0.0,0.0,1.0,1.0
3693,-0.43228358,2.4981017,2.5118127,0.0,0.0,1.0,1.0
3694,-0.7203612,2.497525,2.5141315,0.0,0.0,1.0,1.0
3695,-0.43228358,2.4654372,2.5197563,0.0,0.0,1.0,1.0
3696,-0.7203612,2.489199,2.5287354,0.0,0.0,1.0,1.0
3697,-0.43228358,2.4983182,2.543248,0.0,0.0,1.0,1.0
3698,-0.7203612,2.5014758,2.564059,0.0,0.0,1.0,1.0
3699,-0.7203612,2.6250165,2.5812268,0.0,0.0,1.0,1.0
3700,-0.4407414,2.6125598,2.5982544,0.0,0.0,1.0,1.0
3701,-0.4407414,2.6397164,2.6154253,0.0,0.0,1.0,1.0
3702,-0.4407414,2.6885781,2.6289732,0.0,0.0,1.0,1.0
3703,-0.4407414,2.7289107,2.6332088,0.0,0.0,1.0,1.0
3704,-0.4407414,2.7298841,2.6260967,0.0,0.0,1.0,1.0
3705,-0.4407414,2.7024324,2.610522,0.0,0.0,1.0,1.0
3706,-0.4407414,2.7035751,2.5744576,0.0,0.0,1.0,1.0
3707,-0.4407414,2.6280117,2.5293694,0.0,0.0,1.0,1.0
3708,-0.4407414,2.540027,2.4726136,0.0,0.0,1.0,1.0
3709,-0.4407414,2.4129732,2.400762,0.0,0.0,1.0,1.0
3710,0.12689714,2.3145788,2.3151472,0.0,0.0,1.0,1.0
3711,0.12689714,2.1922443,2.219822,0.0,0.0,1.0,1.0
3712,0.12689714,2.071501,2.1198785,0.0,0.0,1.0,1.0
3713,0.12689714,1.9586475,2.0095992,0.0,0.0,1.0,1.0
3714,0.12689714,1.8263581,1.8992714,0.0,0.0,1.0,1.0
3715,0.4150101,1.7015334,1.7910124,0.0,0.0,0.0,1.0
3716,0.4150101,1.5859803,1.6903623,0.0,0.0,0.0,1.0
3717,0.4150101,1.5031128,1.5914941,0.0,0.0,0.0,1.0
3718,0.4150101,1.3802228,1.5053142,0.0,0.0,0.0,1.0
3719,0.4150101,1.3040776,1.4294962,0.0,0.0,0.0,1.0
3720,0.7031584,1.2409197,1.3696833,0.0,0.0,0.0,1.0
3721,0.4150101,1.2051722,1.3289728,0.0,0.0,0.0,1.0
3722,0.7031584,1.1281589,1.3036587,0.0,0.0,1.0,1.0
3723,0.7031584,1.1580869,1.300679,0.0,0.0,1.0,1.0
3724,0.7031584,1.161684,1.3124605,0.0,0.0,1.0,1.0
3725,0.7031584,1.240893,1.3417543,0.0,0.0,1.0,1.0
3726,0.7031584,1.3378327,1.3807145,0.0,0.0,1.0,1.0
3727,0.7031584,1.3977631,1.4310207,0.0,0.0,1.0,1.0
3728,0.711781,1.5502236,1.4849869,0.0,0.0,1.0,1.0
3729,0.711781,1.6444914,1.550595,0.0,0.0,1.0,1.0
3730,0.711781,1.7317482,1.6143337,0.0,0.0,1.0,1.0
3731,0.711781,1.7716004,1.6812961,0.0,0.0,1.0,1.0
3732,0.711781,1.8445941,1.7408065,0.0,0.0,1.0,1.0
3733,0.711781,1.8527662,1.7953947,0.0,0.0,1.0,1.0
3734,0.711781,1.9154563,1.8435183,0.0,0.0,1.0,1.0
3735,0.43216124,1.9229518,1.8853439,0.0,0.0,1.0,1.0
3736,0.43216124,1.9652328,1.9160028,0.0,0.0,1.0,1.0
3737,0.43216124,1.955017,1.9383148,0.0,0.0,1.0,1.0
3738,0.15252244,1.9928913,1.9603826,0.0,0.0,0.0,1.0
3739,0.4407414,1.9752454,1.9739698,0.0,0.0,0.0,1.0
3740,-0.1271621,2.0521326,1.9843941,0.0,0.0,0.0,1.0
3741,0.16105686,2.0123963,1.989615,0.0,0.0,0.0,1.0
3742,0.16105686,1.999493,1.9919236,0.0,0.0,0.0,1.0
3743,0.16105686,2.0364149,1.9884604,0.0,0.0,0.0,1.0
3744,0.16105686,2.0076406,1.9875599,0.0,0.0,0.0,1.0
3745,-0.40685207,1.9778566,1.983532,0.0,0.0,0.0,1.0
3746,-0.11863311,1.9781075,1.9832128,0.0,0.0,0.0,1.0
3747,-0.40685207,1.950655,1.981309,0.0,0.0,0.0,1.0
3748,-0.11863311,1.9236748,1.9893963,0.0,0.0,1.0,1.0
3749,-0.11863311,1.9442117,2.0025423,0.0,0.0,1.0,1.0
3750,-0.11863311,1.9445555,2.0176773,0.0,0.0,1.0,1.0
3751,0.16105686,1.9714158,2.0306952,0.0,0.0,1.0,1.0
3752,0.16105686,2.0292864,2.045344,0.0,0.0,1.0,1.0
3753,-0.11863311,2.1094444,2.0548778,0.0,0.0,1.0,1.0
3754,0.16105686,2.157243,2.0627573,0.0,0.0,1.0,1.0
3755,0.16105686,2.2180352,2.0680692,0.0,0.0,1.0,1.0
3756,-0.40685207,2.163856,2.0720162,0.0,0.0,1.0,1.0
3757,-0.40685207,2.1536436,2.0801513,0.0,0.0,1.0,1.0
3758,-0.40685207,2.092512,2.0843766,0.0,0.0,1.0,1.0
3759,-0.40685207,2.045209,2.0881581,0.0,0.0,1.0,1.0
3760,-0.40685207,1.9874191,2.0883965,0.0,0.0,1.0,1.0
3761,-0.40685207,1.9915744,2.08394,0.0,0.0,1.0,1.0
3762,-0.40685207,2.042178,2.075968,0.0,0.0,1.0,1.0
3763,-0.40685207,2.0221167,2.0676482,0.0,0.0,1.0,1.0
3764,-0.40685207,2.0746675,2.0572097,0.0,0.0,1.0,1.0
3765,-0.1271621,2.1123052,2.0472195,0.0,0.0,1.0,1.0
3766,-0.6950357,2.1037638,2.038556,0.0,0.0,1.0,1.0
3767,-0.1271621,2.1223722,2.0355864,0.0,0.0,1.0,1.0
3768,-0.4153457,2.0640173,2.0307038,0.0,0.0,1.0,1.0
3769,-0.4153457,2.0283828,2.0216715,0.0,0.0,1.0,1.0
3770,-0.703494,1.9726274,2.0149248,0.0,0.0,1.0,1.0
3771,-0.703494,1.9412488,2.0085015,0.0,0.0,1.0,1.0
3772,-0.703494,1.9517832,1.9975975,0.0,0.0,1.0,1.0
3773,-0.703494,1.9329826,1.9811643,0.0,0.0,1.0,1.0
3774,-0.703494,1.9337907,1.959552,0.0,0.0,1.0,1.0
3775,-0.42380944,1.9411554,1.9348027,0.0,0.0,1.0,1.0
3776,-0.7119224,1.997589,1.9137993,0.0,0.0,1.0,1.0
3777,-0.7119224,1.9814563,1.9002979,0.0,0.0,1.0,1.0
3778,-0.7119224,1.906567,1.8888843,0.0,0.0,1.0,1.0
3779,-0.7119224,1.8630236,1.8786156,0.0,0.0,1.0,1.0
3780,-0.43228358,1.7670252,1.8739469,0.0,0.0,1.0,1.0
3781,-0.7119224,1.7763424,1.873334,0.0,0.0,1.0,1.0
3782,-0.7203612,1.8106111,1.8784442,0.0,0.0,1.0,1.0
3783,-0.7203612,1.8042849,1.8819733,0.0,0.0,1.0,1.0
3784,-0.7203612,1.8285588,1.889932,0.0,0.0,1.0,1.0
3785,-0.7203612,1.8769585,1.9124014,0.0,0.0,1.0,1.0
3786,-0.7203612,1.9264357,1.9457529,0.0,0.0,1.0,1.0
3787,-0.4407414,2.0024781,1.9877896,0.0,0.0,1.0,1.0
3788,-0.4407414,2.039938,2.0309763,0.0,0.0,1.0,1.0
3789,-0.4407414,2.0769615,2.0728552,0.0,0.0,1.0,1.0
3790,-0.4407414,2.1761997,2.120418,0.0,0.0,1.0,1.0
3791,-0.4407414,2.2632406,2.1712337,0.0,0.0,1.0,1.0
3792,-0.4407414,2.2714658,2.2194324,0.0,0.0,1.0,1.0
3793,-0.4407414,2.294582,2.2617419,0.0,0.0,1.0,1.0
3794,-0.4407414,2.31316,2.2924411,0.0,0.0,1.0,1.0
3795,-0.16118047,2.3750396,2.3152196,0.0,0.0,1.0,1.0
3796,-0.16118047,2.438345,2.3235674,0.0,0.0,1.0,1.0
3797,-0.4407414,2.4553437,2.3142445,0.0,0.0,0.0,1.0
3798,0.12689714,2.4341497,2.2845857,0.0,0.0,0.0,1.0
3799,0.12689714,2.3708692,2.2478375,0.0,0.0,0.0,1.0
3800,0.12689714,2.31328,2.203492,0.0,0.0,0.0,1.0
3801,0.12689714,2.177134,2.148355,0.0,0.0,0.0,1.0
3802,0.12689714,2.064324,2.076192,0.0,0.0,0.0,1.0
3803,0.12689714,1.9073353,1.9892865,0.0,0.0,0.0,1.0
3804,0.4150101,1.8304871,1.9011846,0.0,0.0,0.0,1.0
3805,0.4150101,1.7624352,1.8180422,0.0,0.0,0.0,1.0
3806,0.4150101,1.6515167,1.7405852,0.0,0.0,0.0,1.0
3807,0.4150101,1.509084,1.6680956,0.0,0.0,0.0,1.0
3808,0.4150101,1.3954791,1.6013992,0.0,0.0,0.0,1.0
3809,0.4150101,1.3981203,1.5471337,0.0,0.0,0.0,1.0
3810,0.7031584,1.4364411,1.5097429,0.0,0.0,0.0,1.0
3811,0.4150101,1.4413857,1.4885049,0.0,0.0,0.0,1.0
3812,0.7031584,1.4434053,1.4806554,0.0,0.0,0.0,1.0
3813,0.7031584,1.376777,1.4864904,0.0,0.0,0.0,1.0
3814,0.7031584,1.4131378,1.5082071,0.0,0.0,0.0,1.0
3815,0.7031584,1.458645,1.5396026,0.0,0.0,0.0,1.0
3816,0.7031584,1.5756309,1.5747049,0.0,0.0,0.0,1.0
3817,0.7031584,1.6682421,1.6106663,0.0,0.0,0.0,1.0
3818,0.7031584,1.7215364,1.6480529,0.0,0.0,0.0,1.0
3819,0.99134195,1.7696846,1.6963849,0.0,0.0,0.0,1.0
3820,0.99134195,1.7722251,1.7595893,0.0,0.0,0.0,1.0
3821,0.711781,1.8193476,1.8250778,0.0,0.0,0.0,1.0
3822,0.711781,1.8679777,1.8940423,0.0,0.0,0.0,1.0
3823,0.711781,1.8900257,1.9567883,0.0,0.0,0.0,1.0
3824,0.711781,2.023389,2.0184836,0.0,0.0,0.0,1.0
3825,0.711781,2.13523,2.0781274,0.0,0.0,0.0,1.0
3826,0.711781,2.1989994,2.1381102,0.0,0.0,0.0,1.0
3827,0.43216124,2.2862177,2.1986842,0.0,0.0,0.0,1.0
3828,0.43216124,2.3285847,2.2575004,0.0,0.0,0.0,1.0
3829,0.43216124,2.408586,2.3159888,0.0,0.0,0.0,1.0
3830,0.15252244,2.437262,2.374427,0.0,0.0,0.0,1.0
3831,0.15252244,2.4894779,2.4266,0.0,0.0,0.0,1.0
3832,0.4407414,2.499114,2.476478,0.0,0.0,0.0,1.0
3833,-0.1271621,2.5251398,2.519012,0.0,0.0,0.0,1.0
3834,0.16105686,2.5698402,2.560054,0.0,0.0,0.0,1.0
3835,0.16105686,2.591283,2.5944858,0.0,0.0,0.0,1.0
3836,0.16105686,2.6494644,2.6210926,0.0,0.0,0.0,1.0
3837,-0.1271621,2.733768,2.6397474,0.0,0.0,0.0,1.0
3838,-0.40685207,2.7094052,2.6484218,0.0,0.0,1.0,1.0
3839,0.16105686,2.7787232,2.6585326,0.0,0.0,1.0,1.0
3840,0.16105686,2.7417657,2.6610308,0.0,0.0,1.0,1.0
3841,0.16105686,2.7278671,2.658621,0.0,0.0,1.0,1.0
3842,0.16105686,2.6611207,2.654542,0.0,0.0,1.0,1.0
3843,-0.11863311,2.5935695,2.6409307,0.0,0.0,1.0,1.0
3844,0.16105686,2.6204443,2.621345,0.0,0.0,1.0,1.0
3845,0.16105686,2.5551171,2.6059842,0.0,0.0,1.0,1.0
3846,0.16105686,2.5409245,2.5872946,0.0,0.0,1.0,1.0
3847,0.16105686,2.5423326,2.5698643,0.0,0.0,1.0,1.0
3848,0.16105686,2.4861283,2.5503883,0.0,0.0,1.0,1.0
3849,0.16105686,2.4987428,2.542,0.0,0.0,1.0,1.0
3850,-0.11863311,2.5250745,2.5409307,0.0,0.0,1.0,1.0
3851,0.16105686,2.5544481,2.5364745,0.0,0.0,1.0,1.0
3852,0.16105686,2.5326002,2.5391467,0.0,0.0,1.0,1.0
3853,-0.40685207,2.4941564,2.5463705,0.0,0.0,1.0,1.0
3854,-0.40685207,2.560463,2.5518281,0.0,0.0,1.0,1.0
3855,-0.40685207,2.580736,2.5581489,0.0,0.0,1.0,1.0
3856,-0.40685207,2.5669713,2.562162,0.0,0.0,1.0,1.0
3857,-0.40685207,2.5871816,2.562131,0.0,0.0,1.0,1.0
3858,-0.40685207,2.62761,2.5562794,0.0,0.0,1.0,1.0
3859,-0.6950357,2.6078248,2.5662022,0.0,0.0,1.0,1.0
3860,-0.4153457,2.5619779,2.5769124,0.0,0.0,1.0,1.0
3861,-0.4153457,2.546901,2.5799413,0.0,0.0,1.0,1.0
3862,-0.4153457,2.5247009,2.580012,0.0,0.0,1.0,1.0
3863,-0.4153457,2.4842305,2.580768,0.0,0.0,1.0,1.0
3864,-0.4153457,2.6516733,2.579865,0.0,0.0,1.0,1.0
3865,-0.703494,2.6226773,2.5717545,0.0,0.0,1.0,1.0
3866,-0.703494,2.5968103,2.5610764,0.0,0.0,1.0,1.0
3867,-0.703494,2.581585,2.5519361,0.0,0.0,1.0,1.0
3868,-0.703494,2.5760448,2.532705,0.0,0.0,1.0,1.0
3869,-0.42380944,2.5763447,2.5103645,0.0,0.0,1.0,1.0
3870,-0.42380944,2.5302827,2.493591,0.0,0.0,1.0,1.0
3871,-0.7119224,2.479688,2.4594934,0.0,0.0,1.0,1.0
3872,-0.7119224,2.4522939,2.4457479,0.0,0.0,1.0,1.0
3873,-0.7119224,2.316129,2.4362752,0.0,0.0,1.0,1.0
3874,-0.7119224,2.2566137,2.4329093,0.0,0.0,1.0,1.0
3875,-0.43228358,2.2829494,2.4133513,0.0,0.0,1.0,1.0
3876,-0.7203612,2.2425015,2.397035,0.0,0.0,1.0,1.0
3877,-0.7203612,2.4577308,2.3815856,0.0,0.0,1.0,1.0
3878,-0.43228358,2.4831393,2.3760223,0.0,0.0,1.0,1.0
3879,-0.7203612,2.5411937,2.3770316,0.0,0.0,1.0,1.0
3880,-0.7203612,2.3413484,2.3900266,0.0,0.0,1.0,1.0
3881,-0.7203612,2.3805485,2.4023397,0.0,0.0,1.0,1.0
3882,-0.4407414,2.3448925,2.410762,0.0,0.0,1.0,1.0
3883,-0.4407414,2.412926,2.4207819,0.0,0.0,1.0,1.0
3884,-0.4407414,2.4644065,2.414187,0.0,0.0,1.0,1.0
3885,-0.4407414,2.4720678,2.4001925,0.0,0.0,1.0,1.0
3886,-0.4407414,2.4043708,2.373413,0.0,0.0,1.0,1.0
3887,-0.4407414,2.384018,2.3558254,0.0,0.0,1.0,1.0
3888,-0.4407414,2.3627388,2.3169553,0.0,0.0,1.0,1.0
3889,-0.16118047,2.378592,2.273,0.0,0.0,1.0,1.0
3890,-0.4407414,2.315207,2.214376,0.0,0.0,1.0,1.0
3891,0.12689714,2.219841,2.1494699,0.0,0.0,1.0,1.0
3892,0.12689714,2.1302958,2.0708358,0.0,0.0,1.0,1.0
3893,0.12689714,1.9141086,1.9922513,0.0,0.0,1.0,1.0
3894,0.12689714,1.8174264,1.9049468,0.0,0.0,1.0,1.0
3895,0.12689714,1.7094382,1.8111436,0.0,0.0,1.0,1.0
3896,0.12689714,1.6855328,1.7070774,0.0,0.0,1.0,1.0
3897,0.4150101,1.5284599,1.6094185,0.0,0.0,1.0,1.0
3898,0.4150101,1.4613569,1.5220907,0.0,0.0,1.0,1.0
3899,0.4150101,1.3363647,1.4473474,0.0,0.0,1.0,1.0
3900,0.4150101,1.2371,1.3868327,0.0,0.0,1.0,1.0
3901,0.4150101,1.129797,1.337869,0.0,0.0,1.0,1.0
3902,0.4150101,1.1433015,1.3047395,0.0,0.0,1.0,1.0
3903,0.4150101,1.1719067,1.2826312,0.0,0.0,1.0,1.0
3904,0.7031584,1.2333757,1.2764792,0.0,0.0,1.0,1.0
3905,0.7031584,1.1879325,1.2796929,0.0,0.0,1.0,1.0
3906,0.7031584,1.2298632,1.2974603,0.0,0.0,1.0,1.0
3907,0.7031584,1.3118834,1.3249611,0.0,0.0,1.0,1.0
3908,0.7031584,1.4202324,1.3708326,0.0,0.0,1.0,1.0
3909,0.7031584,1.454637,1.4206161,0.0,0.0,1.0,1.0
3910,0.7031584,1.4999212,1.4669268,0.0,0.0,1.0,1.0
3911,0.7031584,1.5495728,1.505711,0.0,0.0,1.0,1.0
3912,0.7031584,1.5671091,1.5507134,0.0,0.0,1.0,1.0
3913,0.99134195,1.680255,1.588217,0.0,0.0,1.0,1.0
3914,0.711781,1.7407053,1.6121751,0.0,0.0,1.0,1.0
3915,0.711781,1.7276337,1.6229715,0.0,0.0,1.0,1.0
3916,0.42359743,1.6987852,1.6328367,0.0,0.0,1.0,1.0
3917,0.711781,1.727963,1.6336213,0.0,0.0,1.0,1.0
3918,0.711781,1.6799059,1.6222147,0.0,0.0,1.0,1.0
3919,0.711781,1.5993807,1.6015348,0.0,0.0,1.0,1.0
3920,0.711781,1.5497895,1.5640426,0.0,0.0,0.0,1.0
3921,0.43216124,1.5730194,1.5189717,0.0,0.0,0.0,1.0
3922,0.43216124,1.509336,1.4693719,0.0,0.0,0.0,1.0
3923,0.43216124,1.412694,1.4216019,0.0,0.0,0.0,1.0
3924,0.15252244,1.318951,1.3717173,0.0,0.0,0.0,1.0
3925,0.15252244,1.2303468,1.3295779,0.0,0.0,0.0,1.0
3926,0.4407414,1.1998549,1.301576,0.0,0.0,0.0,1.0
3927,0.16105686,1.1324366,1.2820745,0.0,0.0,0.0,1.0
3928,-0.1271621,1.1255453,1.263365,0.0,0.0,0.0,1.0
3929,0.16105686,1.1293478,1.2541916,0.0,0.0,1.0,1.0
3930,0.16105686,1.1742338,1.2589519,0.0,0.0,1.0,1.0
3931,0.16105686,1.2633568,1.2702978,0.0,0.0,1.0,1.0
3932,-0.1271621,1.3157716,1.2878431,0.0,0.0,1.0,1.0
3933,0.16105686,1.3485054,1.3150121,0.0,0.0,1.0,1.0
3934,-0.1271621,1.3992553,1.3515054,0.0,0.0,1.0,1.0
3935,0.16105686,1.4698175,1.3965225,0.0,0.0,1.0,1.0
3936,0.16105686,1.4551017,1.4450961,0.0,0.0,1.0,1.0
3937,0.16105686,1.4408904,1.4882505,0.0,0.0,1.0,1.0
3938,0.16105686,1.5258825,1.5231851,0.0,0.0,1.0,1.0
3939,-0.1271621,1.5703571,1.5559744,0.0,0.0,1.0,1.0
3940,0.16105686,1.665751,1.5860726,0.0,0.0,1.0,1.0
3941,0.16105686,1.7122308,1.6103203,0.0,0.0,1.0,1.0
3942,0.16105686,1.6920851,1.6271368,0.0,0.0,1.0,1.0
3943,0.16105686,1.6825736,1.6511981,0.0,0.0,1.0,1.0
3944,0.16105686,1.709242,1.6768767,0.0,0.0,1.0,1.0
3945,0.16105686,1.7096834,1.699295,0.0,0.0,1.0,1.0
3946,-0.1271621,1.6902289,1.7197613,0.0,0.0,1.0,1.0
3947,-0.1271621,1.6716148,1.738439,0.0,0.0,1.0,1.0
3948,-0.1271621,1.7438376,1.755821,0.0,0.0,1.0,1.0
3949,-0.40685207,1.7490326,1.7740439,0.0,0.0,1.0,1.0
3950,-0.40685207,1.794904,1.7969148,0.0,0.0,1.0,1.0
3951,-0.1271621,1.8159511,1.8148521,0.0,0.0,1.0,1.0
3952,-0.4153457,1.8898838,1.8382446,0.0,0.0,1.0,1.0
3953,-0.4153457,1.9208152,1.8708923,0.0,0.0,1.0,1.0
3954,-0.4153457,1.9107602,1.9099265,0.0,0.0,1.0,1.0
3955,-0.4153457,1.9570237,1.9416164,0.0,0.0,1.0,1.0
3956,-0.4153457,1.9244897,1.9724572,0.0,0.0,1.0,1.0
3957,-0.4153457,1.9903933,1.9991403,0.0,0.0,1.0,1.0
3958,-0.4153457,2.0820017,2.019556,0.0,0.0,1.0,1.0
3959,-0.703494,2.1400254,2.0319767,0.0,0.0,1.0,1.0
3960,-0.703494,2.1241162,2.0549483,0.0,0.0,1.0,1.0
3961,-0.42380944,2.1191223,2.082734,0.0,0.0,1.0,1.0
3962,-0.42380944,2.1151013,2.1043744,0.0,0.0,1.0,1.0
3963,-0.7119224,2.060939,2.1229193,0.0,0.0,1.0,1.0
3964,-0.7119224,2.038931,2.134464,0.0,0.0,1.0,1.0
3965,-0.7119224,2.1964767,2.1350505,0.0,0.0,1.0,1.0
3966,-0.43228358,2.2441897,2.135456,0.0,0.0,1.0,1.0
3967,-0.43228358,2.2167063,2.143351,0.0,0.0,1.0,1.0
3968,-0.7203612,2.1470292,2.1525583,0.0,0.0,1.0,1.0
3969,-0.43228358,2.1289308,2.1576319,0.0,0.0,1.0,1.0
3970,-0.7203612,2.0890396,2.1698256,0.0,0.0,1.0,1.0
3971,-0.7203612,2.1448903,2.1868713,0.0,0.0,0.0,1.0
3972,-0.7203612,2.2188578,2.1869764,0.0,0.0,0.0,1.0
3973,-0.4407414,2.229609,2.1891956,0.0,0.0,0.0,1.0
3974,-0.4407414,2.175984,2.197341,0.0,0.0,0.0,1.0
3975,-0.4407414,2.2072637,2.2112083,0.0,0.0,0.0,1.0
3976,-0.4407414,2.2434776,2.2174597,0.0,0.0,0.0,1.0
3977,-0.4407414,2.1977391,2.21672,0.0,0.0,0.0,1.0
3978,-0.4407414,2.2708197,2.2059577,0.0,0.0,0.0,1.0
3979,-0.16118047,2.3144522,2.1849527,0.0,0.0,0.0,1.0
3980,-0.4407414,2.3134372,2.1657522,0.0,0.0,0.0,1.0
3981,-0.16118047,2.2039456,2.1477427,0.0,0.0,0.0,1.0
3982,-0.16118047,2.0801647,2.1142066,0.0,0.0,0.0,1.0
3983,-0.16118047,2.0157418,2.073729,0.0,0.0,0.0,1.0
3984,0.12689714,1.966799,2.0336125,0.0,0.0,0.0,1.0
3985,0.12689714,1.9992025,1.9870672,0.0,0.0,0.0,1.0
3986,0.12689714,1.9598705,1.9282541,0.0,0.0,0.0,1.0
3987,0.12689714,1.8048291,1.8597113,0.0,0.0,0.0,1.0
3988,0.12689714,1.7577469,1.7978877,0.0,0.0,0.0,1.0
3989,0.12689714,1.7163396,1.73504,0.0,0.0,0.0,1.0
3990,0.12689714,1.7122775,1.6731538,0.0,0.0,0.0,1.0
3991,0.4150101,1.6086949,1.6127076,0.0,0.0,0.0,1.0
3992,0.4150101,1.490923,1.5515068,0.0,0.0,0.0,1.0
3993,0.4150101,1.4620627,1.5030752,0.0,0.0,0.0,1.0
3994,0.4150101,1.3259913,1.4796082,0.0,0.0,0.0,1.0
3995,0.4150101,1.2731079,1.4726567,0.0,0.0,0.0,1.0
3996,0.4150101,1.2414448,1.47587,0.0,0.0,0.0,1.0
3997,0.7031584,1.2647935,1.4927862,0.0,0.0,1.0,1.0
3998,0.7031584,1.3786912,1.5306123,0.0,0.0,1.0,1.0
3999,0.7031584,1.5232244,1.58174,0.0,0.0,1.0,1.0
4000,0.7031584,1.6743296,1.6342735,0.0,0.0,1.0,1.0
4001,0.7031584,1.7548993,1.6976056,0.0,0.0,1.0,1.0
4002,0.7031584,1.9152707,1.7753359,0.0,0.0,1.0,1.0
4003,0.7031584,2.06261,1.865796,0.0,0.0,1.0,1.0
4004,0.7031584,2.104455,1.962258,0.0,0.0,1.0,1.0
4005,0.7031584,2.0924642,2.0510583,0.0,0.0,1.0,1.0
4006,0.7031584,2.0859776,2.130027,0.0,0.0,1.0,1.0
4007,0.7031584,2.2058702,2.1957364,0.0,0.0,1.0,1.0
4008,0.99134195,2.326966,2.248227,0.0,0.0,1.0,1.0
4009,0.42359743,2.4223373,2.2837865,0.0,0.0,1.0,1.0
4010,0.711781,2.4442945,2.3026285,0.0,0.0,1.0,1.0
4011,0.711781,2.4708498,2.3136542,0.0,0.0,1.0,1.0
4012,0.711781,2.4628413,2.3208082,0.0,0.0,1.0,1.0
4013,0.711781,2.3847866,2.3243809,0.0,0.0,1.0,1.0
4014,0.43216124,2.3419867,2.3154352,0.0,0.0,1.0,1.0
4015,0.43216124,2.2887125,2.294487,0.0,0.0,0.0,1.0
4016,0.15252244,2.2367625,2.2714124,0.0,0.0,0.0,1.0
4017,0.15252244,2.1783144,2.251082,0.0,0.0,0.0,1.0
4018,0.15252244,2.128849,2.230931,0.0,0.0,0.0,1.0
4019,0.15252244,2.0985224,2.2110763,0.0,0.0,0.0,1.0
4020,0.16105686,2.0755885,2.1996622,0.0,0.0,0.0,1.0
4021,0.16105686,2.1454391,2.1995873,0.0,0.0,0.0,1.0
4022,0.16105686,2.2003307,2.2113926,0.0,0.0,1.0,1.0
4023,0.16105686,2.2290394,2.2355,0.0,0.0,1.0,1.0
4024,0.16105686,2.2245839,2.2691581,0.0,0.0,1.0,1.0
4025,-0.40685207,2.247817,2.3125653,0.0,0.0,1.0,1.0
4026,-0.40685207,2.3410883,2.3622332,0.0,0.0,1.0,1.0
4027,-0.40685207,2.4303768,2.420412,0.0,0.0,1.0,1.0
4028,0.16105686,2.5260522,2.4753501,0.0,0.0,1.0,1.0
4029,-0.1271621,2.582211,2.5209658,0.0,0.0,1.0,1.0
4030,0.16105686,2.649736,2.568855,0.0,0.0,1.0,1.0
4031,0.16105686,2.6945355,2.6114404,0.0,0.0,1.0,1.0
4032,0.16105686,2.7737339,2.6516576,0.0,0.0,1.0,1.0
4033,0.16105686,2.8046975,2.6768413,0.0,0.0,1.0,1.0
4034,0.16105686,2.7477171,2.6845307,0.0,0.0,1.0,1.0
4035,0.16105686,2.8037102,2.6840935,0.0,0.0,1.0,1.0
4036,0.16105686,2.7356083,2.6711233,0.0,0.0,1.0,1.0
4037,-0.1271621,2.730423,2.6511078,0.0,0.0,1.0,1.0
4038,-0.1271621,2.6432922,2.6206465,0.0,0.0,1.0,1.0
4039,-0.1271621,2.5226514,2.5833209,0.0,0.0,1.0,1.0
4040,-0.1271621,2.5208054,2.5444586,0.0,0.0,1.0,1.0
4041,-0.40685207,2.4265676,2.5237663,0.0,0.0,1.0,1.0
4042,-0.40685207,2.4095504,2.5057495,0.0,0.0,1.0,1.0
4043,-0.4153457,2.3289993,2.492032,0.0,0.0,1.0,1.0
4044,-0.4153457,2.3258283,2.4786706,0.0,0.0,1.0,1.0
4045,-0.6950357,2.3383496,2.4770327,0.0,0.0,1.0,1.0
4046,-0.4153457,2.49941,2.4816089,0.0,0.0,1.0,1.0
4047,-0.4153457,2.5875075,2.4967525,0.0,0.0,1.0,1.0
4048,-0.4153457,2.5710003,2.5142329,0.0,0.0,1.0,1.0
4049,-0.4153457,2.5700858,2.5434468,0.0,0.0,1.0,1.0
4050,-0.703494,2.6236358,2.5824986,0.0,0.0,1.0,1.0
4051,-0.703494,2.5775661,2.617336,0.0,0.0,1.0,1.0
4052,-0.703494,2.7025297,2.6584601,0.0,0.0,1.0,1.0
4053,-0.42380944,2.6363323,2.686139,0.0,0.0,1.0,1.0
4054,-0.42380944,2.7601173,2.7090945,0.0,0.0,1.0,1.0
4055,-0.7119224,2.797621,2.733818,0.0,0.0,1.0,1.0
4056,-0.7119224,2.7438762,2.7748442,0.0,0.0,1.0,1.0
4057,-0.7119224,2.831841,2.800348,0.0,0.0,1.0,1.0
4058,-0.7119224,2.8315566,2.8244634,0.0,0.0,1.0,1.0
4059,-0.7203612,2.8629735,2.842115,0.0,0.0,1.0,1.0
4060,-0.7203612,2.8676808,2.8787937,0.0,0.0,1.0,1.0
4061,-0.7203612,3.0624,2.9121656,0.0,0.0,1.0,1.0
4062,-0.7203612,2.9296808,2.9473236,0.0,0.0,1.0,1.0
4063,-0.4407414,2.8669505,2.9841316,0.0,0.0,1.0,1.0
4064,-0.4407414,2.9143496,3.0182593,0.0,0.0,1.0,1.0
4065,-0.4407414,3.0764782,3.049798,0.0,0.0,1.0,1.0
4066,-0.4407414,3.1605804,3.0843306,0.0,0.0,1.0,1.0
4067,-0.4407414,3.2195156,3.129832,0.0,0.0,1.0,1.0
4068,-0.4407414,3.1855729,3.1607738,0.0,0.0,1.0,1.0
4069,-0.4407414,3.241374,3.2098985,0.0,0.0,1.0,1.0
4070,-0.4407414,3.2100184,3.2625518,0.0,0.0,0.0,1.0
4071,-0.4407414,3.2773669,3.3002534,0.0,0.0,0.0,1.0
4072,-0.4407414,3.413696,3.309012,0.0,0.0,0.0,1.0
4073,-0.4407414,3.4337022,3.3031402,0.0,0.0,0.0,1.0
4074,-0.4407414,3.5191765,3.2790105,0.0,0.0,0.0,1.0
4075,-0.4407414,3.4987922,3.2429287,0.0,0.0,0.0,1.0
4076,0.12689714,3.3667665,3.1867385,0.0,0.0,0.0,1.0
4077,0.12689714,3.1815822,3.1264706,0.0,0.0,0.0,1.0
4078,0.12689714,3.0901182,3.048249,0.0,0.0,0.0,1.0
4079,0.12689714,2.9299603,2.9482427,0.0,0.0,0.0,1.0
4080,0.12689714,2.7525916,2.835691,0.0,0.0,0.0,1.0
4081,0.12689714,2.5670912,2.7074625,0.0,0.0,0.0,1.0
4082,0.4150101,2.4868023,2.574828,0.0,0.0,0.0,1.0
4083,0.4150101,2.338709,2.4393466,0.0,0.0,0.0,1.0
4084,0.4150101,2.2136188,2.318727,0.0,0.0,0.0,1.0
4085,0.4150101,2.0830832,2.19304,0.0,0.0,0.0,1.0
4086,0.4150101,1.9804349,2.0793,0.0,0.0,0.0,1.0
4087,0.4150101,1.9071761,1.9892408,0.0,0.0,0.0,1.0
4088,0.7031584,1.7409908,1.913702,0.0,0.0,0.0,1.0
4089,0.7031584,1.7341477,1.8473628,0.0,0.0,1.0,1.0
4090,0.7031584,1.5818715,1.7986102,0.0,0.0,1.0,1.0
4091,0.7031584,1.5650834,1.768711,0.0,0.0,1.0,1.0
4092,0.7031584,1.6718795,1.7468586,0.0,0.0,1.0,1.0
4093,0.7031584,1.6606269,1.7331573,0.0,0.0,1.0,1.0
4094,0.7031584,1.690731,1.7297477,0.0,0.0,1.0,1.0
4095,0.7031584,1.7536795,1.7425026,0.0,0.0,1.0,1.0
4096,0.42359743,1.854827,1.7596321,0.0,0.0,1.0,1.0
4097,0.42359743,1.820855,1.7967191,0.0,0.0,1.0,1.0
4098,0.711781,1.8160189,1.8344289,0.0,0.0,1.0,1.0
4099,0.711781,1.8662603,1.8649958,0.0,0.0,1.0,1.0
4100,0.711781,1.8940502,1.8895432,0.0,0.0,1.0,1.0
4101,0.42359743,1.9397013,1.9159493,0.0,0.0,1.0,1.0
4102,0.711781,2.0269163,1.9394068,0.0,0.0,1.0,1.0
4103,0.711781,2.0176013,1.9544362,0.0,0.0,1.0,1.0
4104,0.711781,2.0386817,1.9670205,0.0,0.0,1.0,1.0
4105,0.43216124,1.9551959,1.9798361,0.0,0.0,1.0,1.0
4106,0.43216124,2.0076046,1.9935572,0.0,0.0,1.0,1.0
4107,0.43216124,2.0351686,2.002273,0.0,0.0,1.0,1.0
4108,0.15252244,2.0351794,2.0115147,0.0,0.0,1.0,1.0
4109,0.15252244,1.9718682,2.015542,0.0,0.0,1.0,1.0
4110,0.15252244,1.9698055,2.0255132,0.0,0.0,1.0,1.0
4111,0.16105686,2.0309138,2.0430517,0.0,0.0,1.0,1.0
4112,0.16105686,1.9986417,2.0693767,0.0,0.0,1.0,1.0
4113,-0.1271621,2.0506003,2.0882058,0.0,0.0,1.0,1.0
4114,-0.40685207,2.0752435,2.1052883,0.0,0.0,1.0,1.0
4115,0.16105686,2.1372538,2.1288564,0.0,0.0,1.0,1.0
4116,-0.40685207,2.2491453,2.1641927,0.0,0.0,1.0,1.0
4117,-0.40685207,2.2710953,2.195977,0.0,0.0,1.0,1.0
4118,-0.40685207,2.2335544,2.2262018,0.0,0.0,1.0,1.0
4119,-0.40685207,2.2401574,2.2585971,0.0,0.0,1.0,1.0
4120,0.16105686,2.3179972,2.289795,0.0,0.0,1.0,1.0
4121,-0.40685207,2.3959036,2.3222,0.0,0.0,1.0,1.0
4122,-0.11863311,2.351217,2.3480163,0.0,0.0,1.0,1.0
4123,0.16105686,2.3936133,2.3661535,0.0,0.0,1.0,1.0
4124,0.16105686,2.3873847,2.3814816,0.0,0.0,1.0,1.0
4125,-0.40685207,2.4249728,2.3969967,0.0,0.0,1.0,1.0
4126,-0.1271621,2.4641068,2.4049304,0.0,0.0,1.0,1.0
4127,0.16105686,2.447048,2.4088626,0.0,0.0,1.0,1.0
4128,-0.40685207,2.466791,2.4234807,0.0,0.0,1.0,1.0
4129,-0.40685207,2.4550326,2.4428463,0.0,0.0,1.0,1.0
4130,-0.40685207,2.4197376,2.4686394,0.0,0.0,1.0,1.0
4131,-0.40685207,2.335361,2.4946501,0.0,0.0,1.0,1.0
4132,-0.40685207,2.365184,2.5146005,0.0,0.0,1.0,1.0
4133,-0.40685207,2.5713196,2.5378194,0.0,0.0,1.0,1.0
4134,-0.40685207,2.5836048,2.564882,0.0,0.0,1.0,1.0
4135,-0.40685207,2.7031295,2.588854,0.0,0.0,1.0,1.0
4136,-0.6950357,2.6995132,2.6149297,0.0,0.0,1.0,1.0
4137,-0.6950357,2.6643777,2.6393926,0.0,0.0,1.0,1.0
4138,-0.4153457,2.7427351,2.6726644,0.0,0.0,1.0,1.0
4139,-0.6950357,2.7717977,2.6996737,0.0,0.0,1.0,1.0
4140,-0.4153457,2.7544565,2.7051535,0.0,0.0,1.0,1.0
4141,-0.4153457,2.7679408,2.712939,0.0,0.0,1.0,1.0
4142,-0.4153457,2.713291,2.7167356,0.0,0.0,1.0,1.0
4143,-0.703494,2.734623,2.717427,0.0,0.0,1.0,1.0
4144,-0.703494,2.689296,2.71018,0.0,0.0,1.0,1.0
4145,-0.703494,2.637077,2.7008119,0.0,0.0,1.0,1.0
4146,-0.703494,2.677032,2.6828067,0.0,0.0,1.0,1.0
4147,-0.703494,2.748687,2.6788492,0.0,0.0,1.0,1.0
4148,-0.42380944,2.7078106,2.67977,0.0,0.0,1.0,1.0
4149,-0.7119224,2.5774133,2.689778,0.0,0.0,1.0,1.0
4150,-0.7119224,2.630316,2.6969645,0.0,0.0,1.0,1.0
4151,-0.7119224,2.555737,2.7125537,0.0,0.0,1.0,1.0
4152,-0.7119224,2.7069674,2.7339752,0.0,0.0,1.0,1.0
4153,-0.7119224,2.7789888,2.7576895,0.0,0.0,1.0,1.0
4154,-0.7203612,2.8333879,2.7728593,0.0,0.0,1.0,1.0
4155,-0.7203612,2.8208618,2.7937062,0.0,0.0,1.0,1.0
4156,-0.7203612,2.8763666,2.8331285,0.0,0.0,1.0,1.0
4157,-0.7203612,2.894134,2.8641794,0.0,0.0,1.0,1.0
4158,-0.7203612,2.9616024,2.8997014,0.0,0.0,1.0,1.0
4159,-0.4407414,2.9307272,2.918767,0.0,0.0,1.0,1.0
4160,-0.4407414,2.9579718,2.9234905,0.0,0.0,1.0,1.0
4161,-0.4407414,3.050479,2.915847,0.0,0.0,0.0,1.0
4162,-0.4407414,3.0029294,2.9042182,0.0,0.0,0.0,1.0
4163,-0.4407414,2.9819994,2.867402,0.0,0.0,0.0,1.0
4164,-0.4407414,2.9357553,2.8213887,0.0,0.0,0.0,1.0
4165,-0.4407414,2.8356729,2.7579021,0.0,0.0,0.0,1.0
4166,-0.4407414,2.7416642,2.688944,0.0,0.0,0.0,1.0
4167,0.12689714,2.681317,2.6117902,0.0,0.0,0.0,1.0
4168,-0.15266378,2.4345737,2.52127,0.0,0.0,0.0,1.0
4169,0.12689714,2.3419735,2.429087,0.0,0.0,0.0,1.0
4170,0.12689714,2.1997633,2.3359601,0.0,0.0,0.0,1.0
4171,0.4150101,2.103229,2.2441647,0.0,0.0,0.0,1.0
4172,0.4150101,2.032126,2.1541605,0.0,0.0,0.0,1.0
4173,0.4150101,1.9642361,2.0701957,0.0,0.0,1.0,1.0
4174,0.4150101,1.8967335,2.0043626,0.0,0.0,1.0,1.0
4175,0.4150101,1.8644764,1.9613917,0.0,0.0,1.0,1.0
4176,0.4150101,1.8342106,1.9317951,0.0,0.0,1.0,1.0
4177,0.7031584,1.7556218,1.9169481,0.0,0.0,1.0,1.0
4178,0.7031584,1.7340884,1.9138564,0.0,0.0,1.0,1.0
4179,0.7031584,1.8913175,1.9214581,0.0,0.0,1.0,1.0
4180,0.7031584,1.9189237,1.9369612,0.0,0.0,1.0,1.0
4181,0.7031584,1.9868149,1.9608681,0.0,0.0,1.0,1.0
4182,0.7031584,2.0215983,1.9893011,0.0,0.0,1.0,1.0
4183,0.7031584,2.0661292,2.0157244,0.0,0.0,1.0,1.0
4184,0.42359743,2.123347,2.046248,0.0,0.0,1.0,1.0
4185,0.42359743,2.1502724,2.0748968,0.0,0.0,1.0,1.0
4186,0.711781,2.1836178,2.0923717,0.0,0.0,1.0,1.0
4187,0.42359743,2.2056715,2.106464,0.0,0.0,1.0,1.0
4188,0.711781,2.1512916,2.1139872,0.0,0.0,1.0,1.0
4189,0.711781,2.1219037,2.1173174,0.0,0.0,0.0,1.0
4190,0.711781,2.077875,2.102358,0.0,0.0,0.0,1.0
4191,0.711781,2.101015,2.0804002,0.0,0.0,0.0,1.0
4192,0.711781,2.0880315,2.0554159,0.0,0.0,0.0,1.0
4193,0.43216124,2.0770926,2.0277746,0.0,0.0,0.0,1.0
4194,0.43216124,2.0615609,1.9991937,0.0,0.0,0.0,1.0
4195,0.43216124,1.8866172,1.9698086,0.0,0.0,1.0,1.0
4196,0.43216124,1.8598542,1.9364063,0.0,0.0,1.0,1.0
4197,0.15252244,1.8504595,1.9050655,0.0,0.0,1.0,1.0
4198,0.15252244,1.8519213,1.871141,0.0,0.0,1.0,1.0
4199,0.4407414,1.8627008,1.8437432,0.0,0.0,1.0,1.0
4200,0.15252244,1.7986718,1.8185375,0.0,0.0,1.0,1.0
4201,0.16105686,1.7210758,1.7977251,0.0,0.0,1.0,1.0
4202,0.16105686,1.7017858,1.7952034,0.0,0.0,1.0,1.0
4203,0.16105686,1.69392,1.7981088,0.0,0.0,1.0,1.0
4204,0.16105686,1.7592586,1.8032967,0.0,0.0,1.0,1.0
4205,-0.40685207,1.774624,1.8120893,0.0,0.0,1.0,1.0
4206,-0.40685207,1.8118116,1.8195242,0.0,0.0,1.0,1.0
4207,-0.40685207,1.8563579,1.8308964,0.0,0.0,1.0,1.0
4208,-0.40685207,1.8947191,1.8457297,0.0,0.0,1.0,1.0
4209,-0.40685207,1.9127128,1.8611723,0.0,0.0,1.0,1.0
4210,-0.40685207,1.9574335,1.875719,0.0,0.0,1.0,1.0
4211,-0.11863311,1.9519197,1.8901228,0.0,0.0,1.0,1.0
4212,-0.40685207,1.9351382,1.9080441,0.0,0.0,1.0,1.0
4213,-0.11863311,1.8990752,1.9266362,0.0,0.0,1.0,1.0
4214,-0.11863311,1.887097,1.9424176,0.0,0.0,1.0,1.0
4215,-0.11863311,1.8684798,1.9519979,0.0,0.0,1.0,1.0
4216,-0.11863311,1.9321039,1.960926,0.0,0.0,1.0,1.0
4217,-0.40685207,1.98968,1.9651588,0.0,0.0,1.0,1.0
4218,-0.40685207,2.034918,1.9680929,0.0,0.0,1.0,1.0
4219,0.16105686,2.0457342,1.968621,0.0,0.0,1.0,1.0
4220,-0.40685207,2.0096827,1.9707382,0.0,0.0,1.0,1.0
4221,-0.40685207,2.0198512,1.9716645,0.0,0.0,1.0,1.0
4222,-0.40685207,2.0082257,1.9706739,0.0,0.0,1.0,1.0
4223,-0.40685207,1.9871287,1.9612889,0.0,0.0,1.0,1.0
4224,-0.40685207,1.9414757,1.9420929,0.0,0.0,1.0,1.0
4225,-0.40685207,1.9244816,1.9173635,0.0,0.0,1.0,1.0
4226,-0.40685207,1.8982135,1.8908478,0.0,0.0,1.0,1.0
4227,-0.6950357,1.8565917,1.8661755,0.0,0.0,1.0,1.0
4228,-0.6950357,1.8194847,1.8385594,0.0,0.0,1.0,1.0
4229,-0.6950357,1.7593263,1.8103954,0.0,0.0,1.0,1.0
4230,-0.6950357,1.7381666,1.786028,0.0,0.0,1.0,1.0
4231,-0.6950357,1.7275456,1.7680824,0.0,0.0,1.0,1.0
4232,-0.4153457,1.7136157,1.7550701,0.0,0.0,1.0,1.0
4233,-0.4153457,1.6884565,1.7437634,0.0,0.0,1.0,1.0
4234,-0.703494,1.6702571,1.7329701,0.0,0.0,1.0,1.0
4235,-0.703494,1.6947211,1.7287079,0.0,0.0,1.0,1.0
4236,-0.703494,1.7261279,1.7347949,0.0,0.0,1.0,1.0
4237,-0.703494,1.7683345,1.7490047,0.0,0.0,1.0,1.0
4238,-0.703494,1.7625344,1.7723311,0.0,0.0,1.0,1.0
4239,-0.7119224,1.7270705,1.805237,0.0,0.0,1.0,1.0
4240,-0.7119224,1.7683387,1.8503122,0.0,0.0,1.0,1.0
4241,-0.7119224,1.8323698,1.900374,0.0,0.0,1.0,1.0
4242,-0.7119224,1.9086852,1.957142,0.0,0.0,1.0,1.0
4243,-0.7119224,2.0074615,2.0211585,0.0,0.0,1.0,1.0
4244,-0.7119224,2.1084871,2.0901642,0.0,0.0,1.0,1.0
4245,-0.7203612,2.2293584,2.1700292,0.0,0.0,1.0,1.0
4246,-0.7203612,2.271,2.2581367,0.0,0.0,1.0,1.0
4247,-0.7203612,2.3759358,2.3519218,0.0,0.0,1.0,1.0
4248,-0.7203612,2.4943254,2.4490879,0.0,0.0,1.0,1.0
4249,-0.7203612,2.596403,2.5534186,0.0,0.0,1.0,1.0
4250,-0.7203612,2.720915,2.6618495,0.0,0.0,1.0,1.0
4251,-0.4407414,2.7843616,2.767032,0.0,0.0,1.0,1.0
4252,-0.4407414,2.8937588,2.871686,0.0,0.0,1.0,1.0
4253,-0.4407414,2.9983618,2.975791,0.0,0.0,1.0,1.0
4254,-0.4407414,3.160655,3.072137,0.0,0.0,1.0,1.0
4255,-0.4407414,3.3086336,3.159611,0.0,0.0,1.0,1.0
4256,-0.4407414,3.3706746,3.236051,0.0,0.0,1.0,1.0
4257,-0.4407414,3.485206,3.3050795,0.0,0.0,0.0,1.0
4258,-0.4407414,3.5202615,3.3607712,0.0,0.0,0.0,1.0
4259,-0.4407414,3.532088,3.4014492,0.0,0.0,0.0,1.0
4260,-0.4407414,3.544013,3.4283957,0.0,0.0,0.0,1.0
4261,0.12689714,3.5136833,3.432128,0.0,0.0,0.0,1.0
4262,0.12689714,3.549257,3.4203696,0.0,0.0,0.0,1.0
4263,0.12689714,3.4526627,3.3976746,0.0,0.0,0.0,1.0
4264,0.12689714,3.3818932,3.358034,0.0,0.0,0.0,1.0
4265,-0.15266378,3.3217223,3.3062468,0.0,0.0,0.0,1.0
4266,0.4150101,3.205441,3.2377868,0.0,0.0,0.0,1.0
4267,0.12689714,3.1675317,3.1622343,0.0,0.0,0.0,1.0
4268,0.4150101,3.0983343,3.073591,0.0,0.0,0.0,1.0
4269,0.4150101,3.009519,2.9744103,0.0,0.0,0.0,1.0
4270,0.4150101,2.898815,2.8769162,0.0,0.0,0.0,1.0
4271,0.4150101,2.7105699,2.7798393,0.0,0.0,0.0,1.0
4272,0.4150101,2.6373818,2.6883395,0.0,0.0,0.0,1.0
4273,0.7031584,2.4499629,2.5995345,0.0,0.0,0.0,1.0
4274,0.7031584,2.359091,2.511406,0.0,0.0,0.0,1.0
4275,0.7031584,2.2827325,2.4238172,0.0,0.0,0.0,1.0
4276,0.7031584,2.216971,2.347524,0.0,0.0,0.0,1.0
4277,0.42359743,2.2237227,2.2789328,0.0,0.0,0.0,1.0
4278,0.42359743,2.1397834,2.2256045,0.0,0.0,0.0,1.0
4279,0.42359743,2.1099887,2.1772966,0.0,0.0,0.0,1.0
4280,0.711781,2.0472674,2.1436517,0.0,0.0,0.0,1.0
4281,0.711781,2.0940013,2.1156151,0.0,0.0,0.0,1.0
4282,0.711781,2.0757215,2.099522,0.0,0.0,0.0,1.0
4283,0.711781,2.0706303,2.0899372,0.0,0.0,0.0,1.0
4284,0.711781,2.0576866,2.0800107,0.0,0.0,0.0,1.0
4285,0.43216124,2.0462234,2.0774174,0.0,0.0,0.0,1.0
4286,0.43216124,2.022652,2.0786166,0.0,0.0,0.0,1.0
4287,0.43216124,2.089616,2.0873005,0.0,0.0,0.0,1.0
4288,0.43216124,2.1019526,2.0922172,0.0,0.0,0.0,1.0
4289,0.43216124,2.104606,2.1049464,0.0,0.0,0.0,1.0
4290,0.4407414,2.1086617,2.1218848,0.0,0.0,0.0,1.0
4291,0.4407414,2.1243808,2.1424387,0.0,0.0,0.0,1.0
4292,0.16105686,2.1514745,2.1606283,0.0,0.0,0.0,1.0
4293,0.16105686,2.1530004,2.184751,0.0,0.0,0.0,1.0
4294,-0.40685207,2.2284715,2.2004845,0.0,0.0,0.0,1.0
4295,-0.40685207,2.273892,2.2137618,0.0,0.0,0.0,1.0
4296,-0.40685207,2.304332,2.2249107,0.0,0.0,0.0,1.0
4297,-0.11863311,2.264501,2.2352161,0.0,0.0,0.0,1.0
4298,-0.11863311,2.3121252,2.2430873,0.0,0.0,1.0,1.0
4299,-0.40685207,2.2784173,2.2478178,0.0,0.0,1.0,1.0
4300,-0.11863311,2.2612805,2.2528744,0.0,0.0,1.0,1.0
4301,-0.11863311,2.2383916,2.2496388,0.0,0.0,1.0,1.0
4302,-0.11863311,2.2323258,2.2408023,0.0,0.0,1.0,1.0
4303,-0.11863311,2.218836,2.2267654,0.0,0.0,1.0,1.0
4304,-0.11863311,2.2082386,2.215667,0.0,0.0,1.0,1.0
4305,-0.11863311,2.2136815,2.1966617,0.0,0.0,1.0,1.0
4306,-0.11863311,2.1896431,2.1760852,0.0,0.0,1.0,1.0
4307,-0.40685207,2.167856,2.161103,0.0,0.0,1.0,1.0
4308,-0.40685207,2.1358871,2.1464226,0.0,0.0,1.0,1.0
4309,-0.40685207,2.1313226,2.1325238,0.0,0.0,1.0,1.0
4310,-0.40685207,2.0840602,2.1225126,0.0,0.0,1.0,1.0
4311,-0.40685207,2.0315003,2.1102996,0.0,0.0,1.0,1.0
4312,-0.40685207,2.081494,2.0987327,0.0,0.0,1.0,1.0
4313,-0.40685207,2.0622253,2.086807,0.0,0.0,1.0,1.0
4314,-0.40685207,2.0655394,2.0740197,0.0,0.0,1.0,1.0
4315,-0.40685207,2.098702,2.0627365,0.0,0.0,1.0,1.0
4316,-0.40685207,2.061684,2.0561998,0.0,0.0,1.0,1.0
4317,-0.6950357,2.0748787,2.0577092,0.0,0.0,1.0,1.0
4318,-0.6950357,2.0465355,2.0656133,0.0,0.0,1.0,1.0
4319,-0.6950357,2.014408,2.0712144,0.0,0.0,1.0,1.0
4320,-0.6950357,2.000487,2.079022,0.0,0.0,1.0,1.0
4321,-0.6950357,2.0528824,2.0897655,0.0,0.0,1.0,1.0
4322,-0.4153457,2.1021743,2.103096,0.0,0.0,1.0,1.0
4323,-0.703494,2.1263492,2.1166947,0.0,0.0,1.0,1.0
4324,-0.703494,2.1487067,2.1306462,0.0,0.0,1.0,1.0
4325,-0.703494,2.1559174,2.1455765,0.0,0.0,1.0,1.0
4326,-0.703494,2.1944625,2.1650167,0.0,0.0,1.0,1.0
4327,-0.42380944,2.258667,2.191617,0.0,0.0,1.0,1.0
4328,-0.7119224,2.2248664,2.2136295,0.0,0.0,1.0,1.0
4329,-0.7119224,2.242299,2.2355418,0.0,0.0,1.0,1.0
4330,-0.7119224,2.2256985,2.2608314,0.0,0.0,1.0,1.0
4331,-1.0,2.2476897,2.2930503,0.0,0.0,1.0,1.0
4332,-0.7203612,2.3196917,2.326431,0.0,0.0,1.0,1.0
4333,-0.7203612,2.3170319,2.3606122,0.0,0.0,1.0,1.0
4334,-0.7203612,2.365121,2.3917642,0.0,0.0,1.0,1.0
4335,-0.7203612,2.4298239,2.4301493,0.0,0.0,1.0,1.0
4336,-0.7203612,2.535335,2.469532,0.0,0.0,1.0,1.0
4337,-0.7203612,2.5564864,2.5125725,0.0,0.0,1.0,1.0
4338,-0.7203612,2.604635,2.5557878,0.0,0.0,1.0,1.0
4339,-0.7203612,2.6324914,2.589809,0.0,0.0,1.0,1.0
4340,-0.4407414,2.685489,2.6271598,0.0,0.0,1.0,1.0
4341,-0.4407414,2.714891,2.662819,0.0,0.0,0.0,1.0
4342,-0.4407414,2.7421844,2.6935377,0.0,0.0,0.0,1.0
4343,-0.4407414,2.7662725,2.7112436,0.0,0.0,0.0,1.0
4344,-0.4407414,2.727945,2.7259064,0.0,0.0,0.0,1.0
4345,-0.4407414,2.7652426,2.7366567,0.0,0.0,0.0,1.0
4346,-0.4407414,2.7930293,2.7433627,0.0,0.0,0.0,1.0
4347,-0.4407414,2.798452,2.7377276,0.0,0.0,0.0,1.0
4348,-0.15266378,2.7478054,2.7242706,0.0,0.0,0.0,1.0
4349,0.12689714,2.7324378,2.7009501,0.0,0.0,0.0,1.0
4350,-0.15266378,2.7336383,2.6702256,0.0,0.0,0.0,1.0
4351,0.12689714,2.712966,2.6331115,0.0,0.0,0.0,1.0
4352,0.12689714,2.6178663,2.5838497,0.0,0.0,0.0,1.0
4353,0.13544916,2.553407,2.525869,0.0,0.0,0.0,1.0
4354,0.4150101,2.4623392,2.4628546,0.0,0.0,0.0,1.0
4355,0.4150101,2.397579,2.4038696,0.0,0.0,0.0,1.0
4356,0.4150101,2.282574,2.341222,0.0,0.0,0.0,1.0
4357,0.4150101,2.1741014,2.273958,0.0,0.0,0.0,1.0
4358,0.4150101,2.0972621,2.2038162,0.0,0.0,0.0,1.0
4359,0.7031584,2.0422778,2.1406643,0.0,0.0,0.0,1.0
4360,0.4150101,2.0399864,2.0829613,0.0,0.0,0.0,1.0
4361,0.7031584,1.9806683,2.0323374,0.0,0.0,0.0,1.0
4362,0.7031584,1.9264692,1.9880111,0.0,0.0,0.0,1.0
4363,0.7031584,1.8712645,1.9552981,0.0,0.0,0.0,1.0
4364,0.7031584,1.8600423,1.9348854,0.0,0.0,0.0,1.0
4365,0.7031584,1.8609713,1.920815,0.0,0.0,0.0,1.0
4366,0.42359743,1.8548527,1.9156288,0.0,0.0,0.0,1.0
4367,0.711781,1.8656633,1.9198663,0.0,0.0,0.0,1.0
4368,0.711781,1.8900176,1.935246,0.0,0.0,0.0,1.0
4369,0.711781,1.929149,1.9574345,0.0,0.0,0.0,1.0
4370,0.711781,1.9284178,1.9818506,0.0,0.0,0.0,1.0
4371,0.711781,1.9800435,2.0056393,0.0,0.0,0.0,1.0
4372,0.711781,2.090837,2.0256042,0.0,0.0,0.0,1.0
4373,0.711781,2.165224,2.0427825,0.0,0.0,0.0,1.0
4374,0.711781,2.1927314,2.0591831,0.0,0.0,0.0,1.0
4375,0.43216124,2.164258,2.0756872,0.0,0.0,0.0,1.0
4376,0.43216124,2.1455047,2.090202,0.0,0.0,0.0,1.0
4377,0.43216124,2.1005504,2.1030188,0.0,0.0,0.0,1.0
4378,0.43216124,2.060993,2.1097386,0.0,0.0,0.0,1.0
4379,0.15252244,2.0624712,2.111928,0.0,0.0,0.0,1.0
4380,0.15252244,2.0880659,2.1057472,0.0,0.0,0.0,1.0
4381,0.4407414,2.1033292,2.0963693,0.0,0.0,0.0,1.0
4382,0.16105686,2.0822163,2.0843298,0.0,0.0,0.0,1.0
4383,-0.1271621,2.0606828,2.064845,0.0,0.0,0.0,1.0
4384,0.16105686,2.1171083,2.0456166,0.0,0.0,0.0,1.0
4385,-0.40685207,2.0910552,2.0271864,0.0,0.0,0.0,1.0
4386,-0.11863311,2.080196,2.0089684,0.0,0.0,0.0,1.0
4387,-0.11863311,2.019786,1.9918771,0.0,0.0,0.0,1.0
4388,-0.11863311,1.9116875,1.9755158,0.0,0.0,0.0,1.0
4389,-0.11863311,1.8698089,1.964617,0.0,0.0,0.0,1.0
4390,-0.11863311,1.8398288,1.9575233,0.0,0.0,0.0,1.0
4391,-0.11863311,1.8438549,1.9432135,0.0,0.0,0.0,1.0
4392,-0.11863311,1.8829713,1.9303857,0.0,0.0,0.0,1.0
4393,-0.11863311,1.9069937,1.9195743,0.0,0.0,0.0,1.0
4394,-0.11863311,1.9514312,1.9146724,0.0,0.0,0.0,1.0
4395,-0.11863311,1.9755578,1.9110464,0.0,0.0,0.0,1.0
4396,-0.40685207,1.9453909,1.9101397,0.0,0.0,0.0,1.0
4397,-0.40685207,1.9371223,1.9158771,0.0,0.0,0.0,1.0
4398,-0.40685207,1.9504573,1.927204,0.0,0.0,0.0,1.0
4399,-0.40685207,1.9609634,1.9384506,0.0,0.0,0.0,1.0
4400,-0.40685207,1.868176,1.9494028,0.0,0.0,0.0,1.0
4401,-0.40685207,1.858929,1.9583873,0.0,0.0,0.0,1.0
4402,-0.40685207,1.9086771,1.9668924,0.0,0.0,0.0,1.0
4403,-0.40685207,1.9797788,1.9752651,0.0,0.0,1.0,1.0
4404,-0.40685207,2.0179286,1.9853549,0.0,0.0,1.0,1.0
4405,-0.40685207,2.0384212,1.9923173,0.0,0.0,1.0,1.0
4406,-0.6950357,2.0592442,1.9935961,0.0,0.0,1.0,1.0
4407,-0.40685207,2.07762,2.003686,0.0,0.0,1.0,1.0
4408,-0.6950357,2.0458646,2.0134394,0.0,0.0,1.0,1.0
4409,-0.4153457,2.058199,2.0153766,0.0,0.0,1.0,1.0
4410,-0.4153457,2.0340059,2.0079474,0.0,0.0,1.0,1.0
4411,-0.4153457,1.9763085,1.9962332,0.0,0.0,1.0,1.0
4412,-0.703494,1.9892539,1.9834347,0.0,0.0,1.0,1.0
4413,-0.703494,1.9759713,1.9650316,0.0,0.0,1.0,1.0
4414,-0.703494,1.9319241,1.9400634,0.0,0.0,1.0,1.0
4415,-0.703494,1.8906283,1.9185942,0.0,0.0,1.0,1.0
4416,-0.42380944,1.8773571,1.8980241,0.0,0.0,1.0,1.0
4417,-0.42380944,1.8848398,1.8796493,0.0,0.0,1.0,1.0
4418,-0.7119224,1.8384069,1.8665311,0.0,0.0,1.0,1.0
4419,-0.7119224,1.7780006,1.8564847,0.0,0.0,1.0,1.0
4420,-0.7119224,1.7882358,1.8502,0.0,0.0,1.0,1.0
4421,-0.7119224,1.8113575,1.8491327,0.0,0.0,1.0,1.0
4422,-0.7119224,1.8135083,1.8577054,0.0,0.0,1.0,1.0
4423,-0.43228358,1.8188902,1.8713096,0.0,0.0,1.0,1.0
4424,-0.7203612,1.8686962,1.8874142,0.0,0.0,1.0,1.0
4425,-0.7203612,1.9005555,1.9183983,0.0,0.0,1.0,1.0
4426,-0.7203612,1.9191157,1.9589785,0.0,0.0,1.0,1.0
4427,-0.7203612,1.9935014,2.0044854,0.0,0.0,1.0,1.0
4428,-0.7203612,2.0406077,2.05766,0.0,0.0,1.0,1.0
4429,-0.7203612,2.0780954,2.1124578,0.0,0.0,1.0,1.0
4430,-0.4407414,2.2102156,2.1730516,0.0,0.0,1.0,1.0
4431,-0.7203612,2.2649632,2.2387178,0.0,0.0,1.0,1.0
4432,-0.4407414,2.3343184,2.299746,0.0,0.0,1.0,1.0
4433,-0.4407414,2.4494548,2.3595207,0.0,0.0,1.0,1.0
4434,-0.4407414,2.4710777,2.414705,0.0,0.0,0.0,1.0
4435,-0.4407414,2.5460188,2.462935,0.0,0.0,0.0,1.0
4436,-0.4407414,2.6566896,2.5029538,0.0,0.0,0.0,1.0
4437,-0.4407414,2.632893,2.5304847,0.0,0.0,0.0,1.0
4438,-0.4407414,2.6364121,2.5495923,0.0,0.0,0.0,1.0
4439,-0.4407414,2.655715,2.5574589,0.0,0.0,0.0,1.0
4440,-0.15266378,2.619366,2.550781,0.0,0.0,0.0,1.0
4441,-0.15266378,2.5583224,2.5299942,0.0,0.0,0.0,1.0
4442,0.12689714,2.540585,2.496892,0.0,0.0,0.0,1.0
4443,-0.15266378,2.4942532,2.4504435,0.0,0.0,0.0,1.0
4444,0.4150101,2.4287176,2.3979583,0.0,0.0,0.0,1.0
4445,0.12689714,2.3693206,2.346021,0.0,0.0,0.0,1.0
4446,0.4150101,2.2216363,2.2899127,0.0,0.0,0.0,1.0
4447,0.4150101,2.1487932,2.2304983,0.0,0.0,0.0,1.0
4448,0.4150101,2.0993066,2.180157,0.0,0.0,0.0,1.0
4449,0.4150101,2.0030713,2.1354408,0.0,0.0,0.0,1.0
4450,0.7031584,2.0131648,2.1006923,0.0,1.0,0.0,1.0
4451,0.7031584,1.9824148,2.0802867,0.0,1.0,0.0,1.0
4452,0.7031584,1.9063934,2.0737457,0.0,1.0,0.0,1.0
4453,0.7031584,1.9542264,2.0873477,0.0,1.0,0.0,1.0
4454,0.7031584,2.003993,2.11505,0.0,1.0,0.0,1.0
4455,0.7031584,2.0772703,2.1552722,0.0,1.0,0.0,1.0
4456,0.42359743,2.1838496,2.215734,0.0,1.0,0.0,1.0
4457,0.42359743,2.2908287,2.2903898,0.0,1.0,0.0,1.0
4458,0.711781,2.3848596,2.385705,0.0,1.0,0.0,1.0
4459,0.711781,2.4812212,2.5031123,0.0,1.0,0.0,1.0
4460,0.711781,2.5819745,2.6232152,0.0,1.0,0.0,1.0
4461,0.711781,2.7286117,2.7431045,0.0,1.0,0.0,1.0
4462,0.711781,2.9090338,2.8675652,0.0,1.0,0.0,1.0
4463,0.711781,3.1261973,2.9946277,0.0,1.0,0.0,1.0
4464,-0.4153457,3.3152828,3.1229966,0.0,1.0,0.0,1.0
4465,-0.4153457,3.3954597,3.248933,0.0,1.0,0.0,1.0
4466,-0.4153457,3.442665,3.3673,0.0,1.0,0.0,1.0
4467,-0.4153457,3.5707974,3.4793239,0.0,1.0,0.0,1.0
4468,-0.4153457,3.7086017,3.5865574,0.0,1.0,0.0,1.0
4469,-0.4153457,3.8312533,3.680359,0.0,1.0,0.0,1.0
4470,-0.4153457,3.8960996,3.7650728,0.0,1.0,0.0,1.0
4471,-0.4153457,3.901624,3.8395581,0.0,1.0,0.0,1.0
4472,-0.4153457,3.926259,3.9134753,0.0,1.0,0.0,1.0
4473,-0.4153457,4.015414,3.982983,0.0,1.0,0.0,1.0
4474,-0.4153457,4.034653,4.0431542,0.0,1.0,0.0,1.0
4475,-0.4153457,4.1427636,4.091632,0.0,1.0,0.0,1.0
4476,-0.4153457,4.209108,4.1377344,0.0,1.0,0.0,1.0
4477,-0.4153457,4.2824655,4.1905184,0.0,1.0,0.0,1.0
4478,-0.4153457,4.276758,4.246429,0.0,1.0,0.0,1.0
4479,-0.4153457,4.29285,4.2988896,0.0,1.0,0.0,1.0
4480,-0.4153457,4.290332,4.3444076,0.0,1.0,0.0,1.0
4481,-0.4153457,4.384485,4.3924866,0.0,1.0,1.0,1.0
4482,-0.4153457,4.529511,4.4379425,0.0,1.0,1.0,1.0
4483,-0.4153457,4.5725503,4.4827566,0.0,1.0,1.0,1.0
4484,-0.4153457,4.555784,4.5234623,0.0,1.0,1.0,1.0
4485,-0.4153457,4.561628,4.574789,0.0,1.0,1.0,1.0
4486,-0.4153457,4.6116066,4.622614,0.0,1.0,1.0,1.0
4487,-0.4153457,4.68823,4.6716013,0.0,1.0,1.0,1.0
4488,-0.4153457,4.7468796,4.7103395,0.0,1.0,1.0,1.0
4489,-0.4153457,4.7709336,4.735063,0.0,1.0,1.0,1.0
4490,-0.4153457,4.8926783,4.749073,0.0,1.0,1.0,1.0
4491,-0.4153457,4.8667502,4.7599907,0.0,1.0,1.0,1.0
4492,-0.4153457,4.8781805,4.7683525,0.0,1.0,1.0,1.0
4493,-0.4153457,4.8493443,4.7688437,0.0,1.0,1.0,1.0
4494,-0.4153457,4.826194,4.753152,0.0,1.0,1.0,1.0
4495,-0.4153457,4.7406664,4.7355795,0.0,1.0,1.0,1.0
4496,-0.4153457,4.686796,4.718,0.0,1.0,1.0,1.0
4497,-0.4153457,4.6619735,4.689738,0.0,1.0,1.0,1.0
4498,-0.4153457,4.6174965,4.6793165,0.0,1.0,1.0,1.0
4499,-0.4153457,4.4999294,4.683888,0.0,1.0,1.0,1.0
4500,-0.4153457,4.536012,4.6967754,0.0,1.0,1.0,1.0
4501,-0.4153457,4.5599804,4.7197914,0.0,1.0,1.0,1.0
4502,-0.4153457,4.5535297,4.77158,0.0,1.0,1.0,1.0
4503,-0.4153457,4.741693,4.8538265,0.0,1.0,1.0,1.0
4504,-0.4153457,4.933041,4.9590597,0.0,1.0,1.0,1.0
4505,-0.4153457,5.003995,5.0942535,0.0,1.0,1.0,1.0
4506,-0.4153457,5.102381,5.266369,0.0,1.0,1.0,1.0
4507,-0.4153457,5.3621345,5.46442,0.0,1.0,1.0,1.0
4508,-0.4153457,5.67375,5.687062,0.0,1.0,1.0,1.0
4509,-0.4153457,5.9247746,5.93776,0.0,1.0,1.0,1.0
4510,-0.4153457,6.2398233,6.209004,0.0,1.0,1.0,1.0
4511,-0.4153457,6.5653105,6.489781,0.0,1.0,1.0,1.0
4512,-0.4153457,6.9126234,6.7892427,0.0,1.0,1.0,1.0
4513,-0.4153457,7.231687,7.112906,0.0,1.0,1.0,1.0
4514,-0.4153457,7.5619054,7.4292397,0.0,1.0,1.0,1.0
4515,-0.4153457,7.9966235,7.726391,0.0,1.0,1.0,1.0
4516,-0.4153457,8.302365,8.017248,0.0,1.0,1.0,1.0
4517,-0.4153457,8.597532,8.292852,0.0,1.0,1.0,1.0
4518,-0.4153457,8.986342,8.539921,0.0,1.0,1.0,1.0
4519,-0.4153457,9.158138,8.751502,0.0,1.0,1.0,1.0
4520,-0.4153457,9.239566,8.938224,0.0,1.0,1.0,1.0
4521,-0.4153457,9.41506,9.098711,0.0,1.0,1.0,1.0
4522,-0.4153457,9.547074,9.227487,0.0,1.0,1.0,1.0
4523,-0.4153457,9.530136,9.326727,0.0,1.0,0.0,1.0
4524,-0.4153457,9.45159,9.397326,0.0,1.0,0.0,1.0
4525,-0.4153457,9.472359,9.428944,0.0,1.0,0.0,1.0
4526,-0.4153457,9.4877405,9.43614,0.0,1.0,0.0,1.0
4527,-0.4153457,9.541936,9.436016,0.0,1.0,0.0,1.0
4528,-0.4153457,9.493248,9.414493,0.0,1.0,0.0,1.0
4529,-0.4153457,9.444726,9.408687,0.0,1.0,0.0,1.0
4530,-0.4153457,9.365753,9.432864,0.0,1.0,0.0,1.0
4531,-0.4153457,9.244492,9.498987,0.0,1.0,0.0,1.0
4532,-0.4153457,9.238074,9.600172,0.0,1.0,1.0,1.0
4533,-0.4153457,9.15678,9.735389,0.0,1.0,1.0,1.0
4534,-0.4153457,9.4774065,9.904643,0.0,1.0,1.0,1.0
4535,-0.4153457,9.820262,10.117375,0.0,1.0,1.0,1.0
4536,-0.4153457,10.24507,10.371004,0.0,1.0,1.0,1.0
4537,-0.4153457,10.686572,10.667914,0.0,1.0,1.0,1.0
4538,-0.4153457,11.110345,11.007818,0.0,1.0,1.0,1.0
4539,-0.4153457,11.572986,11.386743,0.0,1.0,1.0,1.0
4540,-0.4153457,12.046039,11.808898,0.0,1.0,1.0,1.0
4541,-0.4153457,12.488274,12.243181,0.0,1.0,1.0,1.0
4542,-0.4153457,12.928677,12.689623,0.0,1.0,1.0,1.0
4543,-0.4153457,13.323338,13.131746,0.0,1.0,1.0,1.0
4544,-0.4153457,13.78516,13.5745325,0.0,1.0,1.0,1.0
4545,-0.4153457,14.222653,13.982003,0.0,1.0,1.0,1.0
4546,-0.4153457,14.688799,14.350922,0.0,1.0,1.0,1.0
4547,-0.4153457,15.177566,14.680418,0.0,1.0,1.0,1.0
4548,-0.4153457,15.550552,14.9730625,0.0,1.0,1.0,1.0
4549,0.711781,16.0,15.229006,0.0,1.0,1.0,1.0
4550,0.43216124,16.0,15.452061,0.0,1.0,1.0,1.0
4551,0.43216124,16.0,15.636631,0.0,1.0,1.0,1.0
4552,0.43216124,16.0,15.784743,0.0,1.0,1.0,1.0
4553,0.43216124,16.0,15.89401,0.0,1.0,1.0,1.0
4554,0.4407414,16.0,15.962546,1.0,1.0,1.0,1.0
4555,0.4407414,16.0,16.0,1.0,1.0,1.0,1.0
4556,0.4407414,16.0,16.0,1.0,1.0,1.0,1.0
4557,0.4407414,16.0,16.0,1.0,1.0,1.0,1.0
4558,0.16105686,16.0,16.0,1.0,1.0,1.0,1.0
4559,0.16105686,16.0,16.0,1.0,1.0,1.0,1.0
4560,0.16105686,16.0,16.0,1.0,0.0,1.0,1.0
4561,0.16105686,16.0,16.0,1.0,0.0,1.0,1.0
4562,0.16105686,16.0,16.0,1.0,0.0,1.0,1.0
4563,-0.11863311,16.0,16.0,1.0,0.0,1.0,1.0
4564,-0.11863311,16.0,16.0,1.0,0.0,1.0,1.0
4565,-0.11863311,16.0,16.0,1.0,0.0,1.0,1.0
4566,-0.11863311,16.0,16.0,1.0,0.0,0.0,1.0
4567,0.16105686,16.0,16.0,1.0,0.0,0.0,1.0
4568,-0.11863311,16.0,16.0,1.0,0.0,0.0,1.0
4569,-0.11863311,16.0,16.0,1.0,0.0,0.0,1.0
4570,-0.11863311,16.0,16.0,1.0,0.0,0.0,1.0
4571,0.16105686,16.0,16.0,1.0,0.0,0.0,1.0
4572,0.16105686,16.0,16.0,1.0,0.0,0.0,1.0
4573,0.16105686,16.0,16.0,1.0,0.0,1.0,1.0
4574,-0.40685207,16.0,16.0,1.0,0.0,1.0,1.0
4575,0.16105686,16.0,16.0,1.0,0.0,1.0,1.0
4576,-0.40685207,16.0,16.0,1.0,0.0,1.0,1.0
4577,-0.40685207,16.0,15.976712,1.0,0.0,1.0,1.0
4578,-0.40685207,16.0,15.930136,1.0,0.0,1.0,1.0
4579,-0.40685207,16.0,15.860271,0.0,0.0,1.0,1.0
4580,-0.40685207,16.0,15.768919,0.0,0.0,1.0,1.0
4581,-0.40685207,16.0,15.656078,0.0,0.0,1.0,1.0
4582,-0.40685207,15.720542,15.52175,0.0,0.0,1.0,1.0
4583,-0.6950357,15.441085,15.365934,0.0,0.0,1.0,1.0
4584,-0.4153457,15.161627,15.18863,0.0,0.0,1.0,1.0
4585,-0.4153457,14.903771,14.989838,0.0,0.0,1.0,1.0
4586,-0.4153457,14.645917,14.769558,0.0,0.0,1.0,1.0
4587,-0.4153457,14.388062,14.52779,0.0,0.0,1.0,1.0
4588,-0.4153457,14.130206,14.264535,0.0,0.0,1.0,1.0
4589,-0.703494,13.872352,13.980838,0.0,0.0,1.0,1.0
4590,-0.703494,13.614496,13.665561,0.0,0.0,1.0,1.0
4591,-0.703494,13.356641,13.31583,0.0,0.0,1.0,1.0
4592,-0.42380944,13.098786,12.929505,0.0,0.0,1.0,1.0
4593,-0.42380944,12.840931,12.522154,0.0,0.0,1.0,1.0
4594,-0.7119224,12.316183,12.094456,0.0,0.0,1.0,1.0
4595,-0.7119224,11.657754,11.645965,0.0,0.0,1.0,1.0
4596,-0.7119224,10.964862,11.182155,0.0,0.0,1.0,1.0
4597,-0.7119224,10.267875,10.703427,0.0,0.0,1.0,1.0
4598,-0.43228358,9.757698,10.209072,0.0,0.0,1.0,1.0
4599,-0.43228358,9.255683,9.69791,0.0,0.0,1.0,1.0
4600,-0.7203612,8.748311,9.170152,0.0,0.0,1.0,1.0
4601,-0.7203612,8.306639,8.649539,0.0,0.0,1.0,1.0
4602,-0.7203612,7.8697677,8.148382,0.0,0.0,1.0,1.0
4603,-0.7203612,7.424376,7.6731887,0.0,0.0,1.0,1.0
4604,-0.7203612,6.964839,7.2152934,0.0,0.0,1.0,1.0
4605,-0.4407414,6.5078382,6.7785983,0.0,0.0,1.0,1.0
4606,-0.4407414,6.0688257,6.372778,0.0,0.0,1.0,1.0
4607,-0.4407414,5.6438746,6.000428,0.0,0.0,1.0,1.0
4608,-0.4407414,5.26254,5.65558,0.0,0.0,1.0,1.0
4609,-0.4407414,4.77313,5.3462863,0.0,0.0,1.0,1.0
4610,-0.4407414,4.517358,5.0790834,0.0,0.0,1.0,1.0
4611,-0.4407414,4.3858395,4.8492956,0.0,0.0,1.0,1.0
4612,-0.4407414,4.28011,4.644154,0.0,0.0,1.0,1.0
4613,-0.4407414,4.168461,4.4662895,0.0,0.0,1.0,1.0
4614,0.12689714,4.158243,4.3145723,0.0,0.0,1.0,1.0
4615,-0.4407414,4.217942,4.1853647,0.0,0.0,1.0,1.0
4616,-0.16118047,4.207383,4.0933323,0.0,0.0,1.0,1.0
4617,0.12689714,4.046143,4.012006,0.0,0.0,1.0,1.0
4618,0.12689714,3.9344478,3.926335,0.0,0.0,1.0,1.0
4619,0.12689714,3.8232691,3.8352382,0.0,0.0,0.0,1.0
4620,0.12689714,3.7120512,3.7496405,0.0,0.0,0.0,1.0
4621,0.4150101,3.6687398,3.6708496,0.0,0.0,0.0,1.0
4622,0.4150101,3.5414405,3.5969927,0.0,0.0,1.0,1.0
4623,0.4150101,3.357792,3.5263727,0.0,0.0,1.0,1.0
4624,0.4150101,3.1869454,3.4685602,0.0,0.0,1.0,1.0
4625,0.4150101,3.141289,3.4196448,0.0,0.0,1.0,1.0
4626,0.4150101,3.2127526,3.3737674,0.0,0.0,1.0,1.0
4627,0.7031584,3.3316581,3.333349,0.0,0.0,1.0,1.0
4628,0.7031584,3.3599443,3.2934978,0.0,0.0,1.0,1.0
4629,0.7031584,3.3523922,3.2567806,0.0,0.0,1.0,1.0
4630,0.7031584,3.3474648,3.2353678,0.0,0.0,1.0,1.0
4631,0.7031584,3.2727385,3.231627,0.0,0.0,1.0,1.0
4632,0.7031584,3.2270312,3.2236881,0.0,0.0,1.0,1.0
4633,0.7031584,3.1905255,3.209033,0.0,0.0,1.0,1.0
4634,0.7031584,3.1008353,3.1874928,0.0,0.0,1.0,1.0
4635,0.99134195,3.100837,3.1613545,0.0,0.0,1.0,1.0
4636,0.99134195,3.142054,3.13068,0.0,0.0,1.0,1.0
4637,0.99134195,3.0460248,3.0867796,0.0,0.0,1.0,1.0
4638,0.711781,3.036889,3.0368717,0.0,0.0,1.0,1.0
4639,0.711781,3.0731788,2.978484,0.0,0.0,1.0,1.0
4640,0.711781,3.0462823,2.9156778,0.0,0.0,1.0,1.0
4641,0.711781,2.9842997,2.8571699,0.0,0.0,1.0,1.0
4642,0.711781,2.820659,2.7920568,0.0,0.0,1.0,1.0
4643,0.711781,2.6738443,2.722309,0.0,0.0,1.0,1.0
4644,0.43216124,2.526377,2.6631563,0.0,0.0,1.0,1.0
4645,0.43216124,2.4368532,2.6107752,0.0,0.0,1.0,1.0
4646,0.43216124,2.3987396,2.5496364,0.0,0.0,1.0,1.0
4647,0.43216124,2.3194802,2.4866202,0.0,0.0,1.0,1.0
4648,0.15252244,2.3050823,2.4268234,0.0,0.0,1.0,1.0
4649,0.4407414,2.3361902,2.3827581,0.0,0.0,1.0,1.0
4650,0.4407414,2.4083166,2.3467748,0.0,0.0,1.0,1.0
4651,-0.1271621,2.339511,2.3304043,0.0,0.0,1.0,1.0
4652,0.16105686,2.2900896,2.327634,0.0,0.0,1.0,1.0
4653,0.16105686,2.266737,2.3309164,0.0,0.0,1.0,1.0
4654,0.16105686,2.2918758,2.3402112,0.0,0.0,1.0,1.0
4655,0.16105686,2.242046,2.357266,0.0,0.0,1.0,1.0
4656,0.16105686,2.3299294,2.376866,0.0,0.0,1.0,1.0
4657,-0.11863311,2.4036126,2.392356,0.0,0.0,1.0,1.0
4658,0.16105686,2.4381251,2.4181933,0.0,0.0,1.0,1.0
4659,0.16105686,2.4310186,2.4533775,0.0,0.0,1.0,1.0
4660,0.16105686,2.5097406,2.4971013,0.0,0.0,1.0,1.0
4661,0.16105686,2.5713897,2.532023,0.0,0.0,1.0,1.0
4662,0.16105686,2.5941963,2.5748024,0.0,0.0,1.0,1.0
4663,0.16105686,2.64956,2.608158,0.0,0.0,1.0,1.0
4664,0.16105686,2.7122982,2.6428096,0.0,0.0,1.0,1.0
4665,0.16105686,2.7914221,2.674192,0.0,0.0,1.0,1.0
4666,0.16105686,2.7109363,2.7086108,0.0,0.0,1.0,1.0
4667,0.16105686,2.7554004,2.7285874,0.0,0.0,1.0,1.0
4668,-0.11863311,2.7301972,2.7363563,0.0,0.0,1.0,1.0
4669,-0.40685207,2.8194304,2.7428844,0.0,0.0,1.0,1.0
4670,-0.40685207,2.814714,2.7439795,0.0,0.0,1.0,1.0
4671,-0.1271621,2.8440454,2.7416382,0.0,0.0,1.0,1.0
4672,-0.40685207,2.74946,2.7272522,0.0,0.0,1.0,1.0
4673,-0.1271621,2.6646156,2.7189555,0.0,0.0,1.0,1.0
4674,-0.1271621,2.672532,2.7056508,0.0,0.0,1.0,1.0
4675,-0.4153457,2.662702,2.6932483,0.0,0.0,1.0,1.0
4676,-0.4153457,2.6842012,2.6727414,0.0,0.0,1.0,1.0
4677,-0.4153457,2.6187935,2.6648386,0.0,0.0,1.0,1.0
4678,-0.4153457,2.6113737,2.652536,0.0,0.0,1.0,1.0
4679,-0.4153457,2.595746,2.6527615,0.0,0.0,1.0,1.0
4680,-0.703494,2.5813644,2.6559875,0.0,0.0,1.0,1.0
4681,-0.703494,2.5733488,2.6568432,0.0,0.0,1.0,1.0
4682,-0.703494,2.7198787,2.6618564,0.0,0.0,1.0,1.0
4683,-0.42380944,2.6964152,2.6635406,0.0,0.0,1.0,1.0
4684,-0.42380944,2.7521663,2.6686852,0.0,0.0,1.0,1.0
4685,-0.7119224,2.7033288,2.673281,0.0,0.0,1.0,1.0
4686,-0.7119224,2.682801,2.6826468,0.0,0.0,1.0,1.0
4687,-0.7119224,2.7228594,2.6922932,0.0,0.0,1.0,1.0
4688,-0.43228358,2.7044125,2.712562,0.0,0.0,1.0,1.0
4689,-0.43228358,2.6805284,2.7215512,0.0,0.0,1.0,1.0
4690,-0.7203612,2.6665225,2.7343695,0.0,0.0,1.0,1.0
4691,-0.7203612,2.7081342,2.7396932,0.0,0.0,1.0,1.0
4692,-0.43228358,2.6971228,2.7481573,0.0,0.0,1.0,1.0
4693,-0.7203612,2.8165743,2.7554874,0.0,0.0,1.0,1.0
4694,-0.7203612,2.8277483,2.7609441,0.0,0.0,1.0,1.0
4695,-0.4407414,2.8502357,2.771158,0.0,0.0,1.0,1.0
4696,-0.4407414,2.816049,2.7873373,0.0,0.0,1.0,1.0
4697,-0.4407414,2.8049002,2.809397,0.0,0.0,1.0,1.0
4698,-0.4407414,2.770762,2.8176186,0.0,0.0,1.0,1.0
4699,-0.4407414,2.7883394,2.819723,0.0,0.0,1.0,1.0
4700,-0.4407414,2.8269792,2.8203301,0.0,0.0,1.0,1.0
4701,-0.4407414,2.8746803,2.8087745,0.0,0.0,1.0,1.0
4702,-0.4407414,2.931238,2.7828534,0.0,0.0,1.0,1.0
4703,-0.4407414,2.8067951,2.7573478,0.0,0.0,1.0,1.0
4704,-0.4407414,2.7223744,2.7237146,0.0,0.0,1.0,1.0
4705,-0.16118047,2.8238604,2.683965,0.0,0.0,1.0,1.0
4706,0.12689714,2.6890805,2.6351411,0.0,0.0,1.0,1.0
4707,0.12689714,2.5391827,2.576806,0.0,0.0,1.0,1.0
4708,0.12689714,2.5099814,2.5018523,0.0,0.0,1.0,1.0
4709,0.12689714,2.4013028,2.408364,0.0,0.0,1.0,1.0
4710,0.12689714,2.293767,2.3190548,0.0,0.0,1.0,1.0
4711,0.12689714,2.2024508,2.2283688,0.0,0.0,1.0,1.0
4712,0.4150101,2.1269593,2.120679,0.0,0.0,1.0,1.0
4713,0.4150101,1.9752337,2.0152633,0.0,0.0,1.0,1.0
4714,0.4150101,1.8093817,1.9263026,0.0,0.0,1.0,1.0
4715,0.4150101,1.7350832,1.8437955,0.0,0.0,1.0,1.0
4716,0.4150101,1.6341423,1.7581284,0.0,0.0,1.0,1.0
4717,0.4150101,1.5315807,1.6871381,0.0,0.0,1.0,1.0
4718,0.7031584,1.4240947,1.6273152,0.0,0.0,1.0,1.0
4719,0.7031584,1.4716525,1.571235,0.0,0.0,1.0,1.0
4720,0.7031584,1.5198976,1.5265025,0.0,0.0,1.0,1.0
4721,0.7031584,1.3732982,1.501263,0.0,0.0,1.0,1.0
4722,0.7031584,1.441883,1.4783275,0.0,0.0,1.0,1.0
4723,0.7031584,1.4845759,1.465784,0.0,0.0,1.0,1.0
4724,0.7031584,1.4539952,1.4619678,0.0,0.0,1.0,1.0
4725,0.7031584,1.4384452,1.470536,0.0,0.0,1.0,1.0
4726,0.7031584,1.5065085,1.4736836,0.0,0.0,1.0,1.0
4727,0.99134195,1.459857,1.4673655,0.0,0.0,1.0,1.0
4728,0.99134195,1.483619,1.4703729,0.0,0.0,1.0,1.0
4729,0.99134195,1.4857877,1.4624982,0.0,0.0,1.0,1.0
4730,0.99134195,1.5269129,1.4470903,0.0,0.0,1.0,1.0
4731,0.711781,1.5094225,1.4307721,0.0,0.0,1.0,1.0
4732,0.711781,1.4440805,1.4150251,0.0,0.0,1.0,1.0
4733,0.711781,1.4093869,1.3928541,0.0,0.0,1.0,1.0
4734,0.711781,1.347387,1.3718559,0.0,0.0,1.0,1.0
4735,0.43216124,1.2996811,1.3433521,0.0,0.0,1.0,1.0
4736,0.43216124,1.2581764,1.3118212,0.0,0.0,1.0,1.0
4737,0.43216124,1.2494814,1.2697728,0.0,0.0,1.0,1.0
4738,0.43216124,1.2404572,1.2357968,0.0,0.0,1.0,1.0
4739,0.15252244,1.207878,1.20707,0.0,0.0,1.0,1.0
4740,0.4407414,1.1415735,1.1867473,0.0,0.0,1.0,1.0
4741,0.4407414,1.1074167,1.1772786,0.0,0.0,1.0,1.0
4742,0.16105686,1.0223327,1.1775475,0.0,0.0,1.0,1.0
4743,0.16105686,1.1017097,1.1856542,0.0,0.0,1.0,1.0
4744,0.16105686,1.0993587,1.2015734,0.0,0.0,1.0,1.0
4745,-0.1271621,1.1655148,1.2242913,0.0,0.0,1.0,1.0
4746,0.16105686,1.2337632,1.2551402,0.0,0.0,1.0,1.0
4747,0.16105686,1.3029071,1.2962518,0.0,0.0,1.0,1.0
4748,-0.11863311,1.3554571,1.3456782,0.0,0.0,1.0,1.0
4749,0.16105686,1.4405122,1.407427,0.0,0.0,1.0,1.0
4750,0.16105686,1.5130724,1.4667159,0.0,0.0,1.0,1.0
4751,0.16105686,1.5780647,1.5328566,0.0,0.0,1.0,1.0
4752,0.16105686,1.6349125,1.5965573,0.0,0.0,1.0,1.0
4753,0.16105686,1.7005329,1.6567559,0.0,0.0,1.0,1.0
4754,0.16105686,1.7633181,1.7093773,0.0,0.0,1.0,1.0
4755,0.16105686,1.8131783,1.7613618,0.0,0.0,1.0,1.0
4756,0.16105686,1.8930457,1.8073151,0.0,0.0,1.0,1.0
4757,-0.1271621,1.9299234,1.8423718,0.0,0.0,1.0,1.0
4758,0.16105686,1.9561462,1.8739978,0.0,0.0,1.0,1.0
4759,-0.40685207,1.9343634,1.9009686,0.0,0.0,1.0,1.0
4760,0.16105686,1.9792722,1.9129535,0.0,0.0,1.0,1.0
4761,-0.40685207,1.9919511,1.916411,0.0,0.0,1.0,1.0
4762,-0.40685207,1.9337534,1.9207243,0.0,0.0,1.0,1.0
4763,-0.40685207,1.9575769,1.9244213,0.0,0.0,1.0,1.0
4764,-0.40685207,1.9585612,1.9245918,0.0,0.0,1.0,1.0
4765,-0.40685207,1.8443518,1.9385586,0.0,0.0,1.0,1.0
4766,-0.1271621,1.8048092,1.9740745,0.0,0.0,1.0,1.0
4767,-0.6950357,1.8649368,2.0092905,0.0,0.0,1.0,1.0
4768,-0.4153457,1.9374106,2.0552673,0.0,0.0,1.0,1.0
4769,-0.4153457,1.9319679,2.1107407,0.0,0.0,1.0,1.0
4770,-0.4153457,2.1237488,2.175614,0.0,0.0,0.0,1.0
4771,-0.4153457,2.360554,2.238961,0.0,0.0,0.0,1.0
4772,-0.4153457,2.4018643,2.3144054,0.0,0.0,0.0,1.0
4773,-0.703494,2.5436723,2.3934135,0.0,0.0,0.0,1.0
4774,-0.703494,2.5994332,2.460022,0.0,0.0,0.0,1.0
4775,-0.703494,2.7360587,2.5254438,0.0,0.0,0.0,1.0
4776,-0.42380944,2.7187233,2.6032362,0.0,0.0,0.0,1.0
4777,-0.42380944,2.7496867,2.6657224,0.0,0.0,0.0,1.0
4778,-0.7119224,2.752906,2.7089114,0.0,0.0,0.0,1.0
4779,-0.7119224,2.6642377,2.7493753,0.0,0.0,0.0,1.0
4780,-0.7119224,2.7224717,2.786282,0.0,0.0,0.0,1.0
4781,-0.7119224,2.8654783,2.8105857,0.0,0.0,0.0,1.0
4782,-0.43228358,2.873581,2.812192,0.0,0.0,0.0,1.0
4783,-0.7203612,2.878824,2.816611,0.0,0.0,0.0,1.0
4784,-0.7203612,2.8874314,2.81021,0.0,0.0,0.0,1.0
4785,-0.7203612,2.9865534,2.8018942,0.0,0.0,0.0,1.0
4786,-0.7203612,2.891076,2.7991288,0.0,0.0,0.0,1.0
4787,-0.4407414,2.755335,2.791331,0.0,0.0,0.0,1.0
4788,-0.4407414,2.7717505,2.773386,0.0,0.0,0.0,1.0
4789,-0.4407414,2.6728745,2.7632666,0.0,0.0,1.0,1.0
4790,-0.4407414,2.653116,2.7598827,0.0,0.0,1.0,1.0
4791,-0.4407414,2.6310544,2.7519495,0.0,0.0,1.0,1.0
4792,-0.4407414,2.628897,2.7317188,0.0,0.0,1.0,1.0
4793,-0.4407414,2.650138,2.719221,0.0,0.0,1.0,1.0
4794,-0.4407414,2.7521489,2.7077603,0.0,0.0,1.0,1.0
4795,-0.4407414,2.838217,2.688839,0.0,0.0,1.0,1.0
4796,-0.4407414,2.7922337,2.6637008,0.0,0.0,1.0,1.0
4797,-0.16118047,2.7437844,2.6285295,0.0,0.0,1.0,1.0
4798,-0.4407414,2.7411032,2.5838683,0.0,0.0,1.0,1.0
4799,0.12689714,2.6178076,2.529735,0.0,0.0,1.0,1.0
4800,0.12689714,2.544692,2.4663873,0.0,0.0,1.0,1.0
4801,0.12689714,2.3712187,2.3954587,0.0,0.0,1.0,1.0
4802,0.12689714,2.2310607,2.3096902,0.0,0.0,1.0,1.0
4803,0.12689714,2.0951192,2.2286568,0.0,0.0,1.0,1.0
4804,0.4150101,1.9792985,2.147879,0.0,0.0,1.0,1.0
4805,0.4150101,1.8899636,2.056263,0.0,0.0,1.0,1.0
4806,0.4150101,1.9010059,1.9676576,0.0,0.0,1.0,1.0
4807,0.4150101,1.8089957,1.8800248,0.0,0.0,1.0,1.0
4808,0.4150101,1.8198303,1.8093221,0.0,0.0,1.0,1.0
4809,0.4150101,1.7744509,1.7658396,0.0,0.0,1.0,1.0
4810,0.7031584,1.6417117,1.736062,0.0,0.0,1.0,1.0
4811,0.7031584,1.5545437,1.7123733,0.0,0.0,1.0,1.0
4812,0.7031584,1.4930986,1.7008094,0.0,0.0,1.0,1.0
4813,0.7031584,1.5227869,1.695395,0.0,0.0,1.0,1.0
4814,0.7031584,1.7092696,1.7049477,0.0,0.0,1.0,1.0
4815,0.7031584,1.7377898,1.7236854,0.0,0.0,1.0,1.0
4816,0.99134195,1.6950327,1.7541894,0.0,0.0,1.0,1.0
4817,0.99134195,1.7511959,1.7983664,0.0,0.0,1.0,1.0
4818,0.711781,1.8360344,1.8511845,0.0,0.0,1.0,1.0
4819,0.711781,1.923628,1.9044123,0.0,0.0,1.0,1.0
4820,0.711781,2.0446818,1.9537992,0.0,0.0,1.0,1.0
4821,0.711781,2.1404994,1.9893173,0.0,0.0,1.0,1.0
4822,0.711781,2.171837,2.0272284,0.0,0.0,1.0,1.0
4823,0.711781,2.1883593,2.0698478,0.0,0.0,1.0,1.0
4824,0.711781,2.1318321,2.107711,0.0,0.0,1.0,1.0
4825,0.43216124,2.1154304,2.1251926,0.0,0.0,1.0,1.0
4826,0.43216124,2.1354868,2.1372995,0.0,0.0,0.0,1.0
4827,0.43216124,2.1927238,2.1423428,0.0,0.0,0.0,1.0
4828,0.43216124,2.206466,2.140132,0.0,0.0,0.0,1.0
4829,0.15252244,2.2055538,2.1303847,0.0,0.0,1.0,1.0
4830,0.15252244,2.0458138,2.114983,0.0,0.0,1.0,1.0
4831,0.16105686,2.06891,2.0981002,0.0,0.0,1.0,1.0
4832,-0.1271621,2.105201,2.0794933,0.0,0.0,1.0,1.0
4833,0.16105686,2.1139698,2.0544758,0.0,0.0,1.0,1.0
4834,0.16105686,2.0548685,2.0199244,0.0,0.0,1.0,1.0
4835,0.16105686,2.003541,1.985379,0.0,0.0,1.0,1.0
4836,-0.40685207,1.9292389,1.9483402,0.0,0.0,1.0,1.0
4837,0.16105686,1.892147,1.92561,0.0,0.0,1.0,1.0
4838,-0.40685207,1.8352761,1.9184582,0.0,0.0,1.0,1.0
4839,-0.11863311,1.7781079,1.9157254,0.0,0.0,1.0,1.0
4840,-0.40685207,1.7919203,1.9277279,0.0,0.0,1.0,1.0
4841,-0.11863311,1.7610874,1.9671779,0.0,0.0,1.0,1.0
4842,-0.11863311,1.7730522,2.0298939,0.0,0.0,1.0,1.0
4843,-0.11863311,1.9830885,2.1192706,0.0,0.0,1.0,1.0
4844,-0.11863311,2.0724065,2.233697,0.0,0.0,1.0,1.0
4845,0.16105686,2.258001,2.3542697,0.0,0.0,1.0,1.0
4846,-0.11863311,2.5282679,2.4859176,0.0,0.0,1.0,1.0
4847,-0.11863311,2.756133,2.6325119,0.0,0.0,1.0,1.0
4848,-0.40685207,3.0017598,2.799692,0.0,0.0,1.0,1.0
4849,-0.40685207,3.2652636,2.9824467,0.0,0.0,1.0,1.0
4850,-0.40685207,3.2821474,3.164781,0.0,0.0,1.0,1.0
4851,-0.40685207,3.3578827,3.3536935,0.0,0.0,1.0,1.0
4852,-0.40685207,3.5510523,3.5421085,0.0,0.0,1.0,1.0
4853,-0.40685207,3.7672472,3.707907,0.0,0.0,1.0,1.0
4854,-0.40685207,3.9661114,3.8396401,0.0,0.0,1.0,1.0
4855,-0.6950357,4.171099,3.9457052,0.0,0.0,1.0,1.0
4856,-0.4153457,4.3393574,4.0225425,0.0,0.0,1.0,1.0
4857,-0.4153457,4.518982,4.0864897,0.0,0.0,1.0,1.0
4858,-0.4153457,4.517849,4.1231,0.0,0.0,1.0,1.0
4859,-0.4153457,4.336929,4.1205764,0.0,0.0,1.0,1.0
4860,-0.703494,4.2745423,4.08154,0.0,0.0,1.0,1.0
4861,-0.703494,4.18731,4.0282454,0.0,0.0,1.0,1.0
4862,-0.703494,4.049512,3.952871,0.0,0.0,0.0,1.0
4863,-0.703494,3.7972052,3.852041,0.0,0.0,0.0,1.0
4864,-0.42380944,3.520773,3.7193878,0.0,0.0,0.0,1.0
4865,-0.7119224,3.2988107,3.5701933,0.0,0.0,0.0,1.0
4866,-0.7119224,3.326577,3.4234352,0.0,0.0,0.0,1.0
4867,-0.7119224,3.2666051,3.2674053,0.0,0.0,1.0,1.0
4868,-0.7119224,3.1293983,3.1127815,0.0,0.0,1.0,1.0
4869,-0.7119224,2.9271405,2.9772265,0.0,0.0,1.0,1.0
4870,-0.7119224,2.7275171,2.8795528,0.0,0.0,1.0,1.0
4871,-0.43228358,2.5758302,2.8104634,0.0,0.0,1.0,1.0
4872,-0.7203612,2.4021833,2.7516778,0.0,0.0,1.0,1.0
4873,-0.7203612,2.331825,2.6820145,0.0,0.0,1.0,1.0
4874,-0.7203612,2.4228532,2.633199,0.0,0.0,1.0,1.0
4875,-0.7203612,2.6251214,2.6034963,0.0,0.0,1.0,1.0
4876,-0.7203612,2.6916983,2.5889688,0.0,0.0,1.0,1.0
4877,-0.4407414,2.593384,2.591304,0.0,0.0,1.0,1.0
4878,-0.4407414,2.4906163,2.6065009,0.0,0.0,1.0,1.0
4879,-0.4407414,2.6808193,2.6343064,0.0,0.0,1.0,1.0
4880,-0.4407414,2.7729669,2.6706803,0.0,0.0,1.0,1.0
4881,-0.4407414,2.7528107,2.699157,0.0,0.0,1.0,1.0
4882,-0.4407414,2.7555401,2.7058725,0.0,0.0,1.0,1.0
4883,-0.4407414,2.7581918,2.705684,0.0,0.0,1.0,1.0
4884,-0.4407414,2.735851,2.7042577,0.0,0.0,1.0,1.0
4885,0.12689714,2.7683094,2.7017703,0.0,0.0,1.0,1.0
4886,-0.4407414,2.7645743,2.6622076,0.0,0.0,1.0,1.0
4887,0.12689714,2.7057097,2.6048765,0.0,0.0,1.0,1.0
4888,0.12689714,2.6894348,2.5424836,0.0,0.0,1.0,1.0
4889,0.12689714,2.5762677,2.4739802,0.0,0.0,1.0,1.0
4890,0.12689714,2.4607677,2.387405,0.0,0.0,1.0,1.0
4891,0.4150101,2.2060668,2.2943442,0.0,0.0,1.0,1.0
4892,0.12689714,2.0849938,2.193535,0.0,0.0,0.0,1.0
4893,0.4150101,2.0040946,2.0865626,0.0,0.0,0.0,1.0
4894,0.4150101,1.9334996,1.9837359,0.0,0.0,0.0,1.0
4895,0.4150101,1.7192906,1.877099,0.0,0.0,0.0,1.0
4896,0.4150101,1.6191205,1.7764366,0.0,0.0,0.0,1.0
4897,0.7031584,1.5586014,1.6834958,0.0,0.0,0.0,1.0
4898,0.7031584,1.4809036,1.6172525,0.0,0.0,0.0,1.0
4899,0.4150101,1.4717894,1.5635698,0.0,0.0,0.0,1.0
4900,0.7031584,1.4097933,1.5207886,0.0,0.0,0.0,1.0
4901,0.7031584,1.3683181,1.4879836,0.0,0.0,0.0,1.0
4902,0.7031584,1.345477,1.4731637,0.0,0.0,0.0,1.0
4903,0.7031584,1.4111476,1.4704934,0.0,0.0,0.0,1.0
4904,0.7031584,1.4408025,1.4740427,0.0,0.0,0.0,1.0
4905,0.711781,1.4907197,1.4870944,0.0,0.0,0.0,1.0
4906,0.99134195,1.539839,1.5050161,0.0,0.0,0.0,1.0
4907,0.711781,1.5414523,1.5320803,0.0,0.0,0.0,1.0
4908,0.711781,1.5870781,1.5676875,0.0,0.0,0.0,1.0
4909,0.711781,1.6011908,1.607989,0.0,0.0,0.0,1.0
4910,0.711781,1.6375258,1.6426754,0.0,0.0,0.0,1.0
4911,0.711781,1.6868484,1.6724538,0.0,0.0,0.0,1.0
4912,0.711781,1.7345644,1.7010651,0.0,0.0,0.0,1.0
4913,0.711781,1.7956048,1.7312876,0.0,0.0,0.0,1.0
4914,0.43216124,1.8290945,1.7599804,0.0,0.0,0.0,1.0
4915,0.43216124,1.8273844,1.7857649,0.0,0.0,0.0,1.0
4916,0.43216124,1.7981428,1.8114371,0.0,0.0,0.0,1.0
4917,0.4407414,1.834056,1.8365982,0.0,0.0,0.0,1.0
4918,0.4407414,1.9025093,1.8572416,0.0,0.0,0.0,1.0
4919,-0.1271621,1.8857663,1.8718048,0.0,0.0,0.0,1.0
4920,0.4407414,1.896492,1.8814704,0.0,0.0,0.0,1.0
4921,0.16105686,1.9092567,1.8883647,0.0,0.0,0.0,1.0
4922,-0.40685207,1.9394586,1.8970643,0.0,0.0,0.0,1.0
4923,-0.40685207,1.9345694,1.9073799,0.0,0.0,1.0,1.0
4924,-0.40685207,1.9093227,1.9172485,0.0,0.0,1.0,1.0
4925,-0.40685207,1.9115926,1.9184439,0.0,0.0,1.0,1.0
4926,-0.40685207,1.9118259,1.9183514,0.0,0.0,1.0,1.0
4927,-0.40685207,1.9317796,1.9260718,0.0,0.0,1.0,1.0
4928,-0.40685207,1.921929,1.9359788,0.0,0.0,1.0,1.0
4929,-0.40685207,1.9524795,1.9484235,0.0,0.0,1.0,1.0
4930,-0.40685207,1.9168543,1.9646906,0.0,0.0,1.0,1.0
4931,-0.40685207,1.8846569,1.9973516,0.0,0.0,1.0,1.0
4932,-0.40685207,1.9891357,2.0363266,0.0,0.0,1.0,1.0
4933,-0.40685207,2.0281413,2.08231,0.0,0.0,1.0,1.0
4934,-0.40685207,2.0887947,2.1400735,0.0,0.0,1.0,1.0
4935,-0.40685207,2.129775,2.2094011,0.0,0.0,1.0,1.0
4936,-0.40685207,2.3012557,2.2893705,0.0,0.0,1.0,1.0
4937,-0.40685207,2.3792915,2.38256,0.0,0.0,1.0,1.0
4938,-0.40685207,2.4636264,2.4835036,0.0,0.0,1.0,1.0
4939,-0.40685207,2.624942,2.5873694,0.0,0.0,1.0,1.0
4940,-0.40685207,2.7538605,2.6938534,0.0,0.0,1.0,1.0
4941,-0.40685207,2.9121122,2.8081381,0.0,0.0,1.0,1.0
4942,-0.40685207,3.035128,2.931157,0.0,0.0,1.0,1.0
4943,-0.40685207,3.095981,3.045571,0.0,0.0,1.0,1.0
4944,-0.4153457,3.2355247,3.1586945,0.0,0.0,1.0,1.0
4945,-0.6950357,3.305949,3.2624092,0.0,0.0,1.0,1.0
4946,-0.4153457,3.4602127,3.3482108,0.0,0.0,1.0,1.0
4947,-0.4153457,3.6060007,3.4104366,0.0,0.0,1.0,1.0
4948,-0.4153457,3.6742246,3.4566617,0.0,0.0,1.0,1.0
4949,-0.4153457,3.736773,3.4867048,0.0,0.0,1.0,1.0
4950,-0.703494,3.7082012,3.5073764,0.0,0.0,1.0,1.0
4951,-0.703494,3.6545627,3.5100691,0.0,0.0,1.0,1.0
4952,-0.703494,3.5005689,3.5018961,0.0,0.0,1.0,1.0
4953,-0.703494,3.4668138,3.479969,0.0,0.0,1.0,1.0
4954,-0.42380944,3.395647,3.4473867,0.0,0.0,1.0,1.0
4955,-0.42380944,3.3440392,3.4091604,0.0,0.0,1.0,1.0
4956,-0.7119224,3.2678378,3.3705978,0.0,0.0,1.0,1.0
4957,-0.7119224,3.2078733,3.338307,0.0,0.0,1.0,1.0
4958,-0.7119224,3.1970856,3.321428,0.0,0.0,1.0,1.0
4959,-0.7119224,3.2150147,3.329898,0.0,0.0,1.0,1.0
4960,-0.43228358,3.2155068,3.3550959,0.0,0.0,1.0,1.0
4961,-0.43228358,3.274023,3.4056394,0.0,0.0,1.0,1.0
4962,-0.7203612,3.3207104,3.4840117,0.0,0.0,1.0,1.0
4963,-0.7203612,3.4520156,3.5966127,0.0,0.0,1.0,1.0
4964,-0.7203612,3.6022108,3.7376404,0.0,0.0,1.0,1.0
4965,-0.7203612,3.7691853,3.904754,0.0,0.0,1.0,1.0
4966,-0.4407414,4.002171,4.092021,0.0,0.0,1.0,1.0
4967,-0.4407414,4.2845044,4.307345,0.0,0.0,1.0,1.0
4968,-0.4407414,4.619051,4.539925,0.0,0.0,1.0,1.0
4969,-0.4407414,4.900207,4.804032,0.0,0.0,1.0,1.0
4970,-0.4407414,5.202447,5.092918,0.0,0.0,1.0,1.0
4971,-0.4407414,5.4622173,5.410891,0.0,0.0,1.0,1.0
4972,-0.4407414,5.7993956,5.7539916,0.0,0.0,1.0,1.0
4973,-0.4407414,6.064986,6.127971,0.0,0.0,1.0,1.0
4974,-0.4407414,6.4899926,6.5222926,0.0,0.0,1.0,1.0
4975,-0.4407414,6.918648,6.9325247,0.0,0.0,1.0,1.0
4976,0.12689714,7.4178886,7.3605294,0.0,0.0,1.0,1.0
4977,-0.4407414,7.8863883,7.8043113,0.0,0.0,1.0,1.0
4978,0.12689714,8.489926,8.268408,0.0,0.0,1.0,1.0
4979,0.12689714,9.016366,8.740883,0.0,0.0,1.0,1.0
4980,0.12689714,9.541831,9.227701,0.0,0.0,1.0,1.0
4981,0.4150101,10.036266,9.715578,0.0,0.0,1.0,1.0
4982,0.4150101,10.527827,10.204209,0.0,0.0,1.0,1.0
4983,0.4150101,11.031383,10.687714,0.0,0.0,0.0,1.0
4984,0.4150101,11.469093,11.168652,0.0,0.0,0.0,1.0
4985,0.4150101,11.906804,11.620365,0.0,0.0,0.0,1.0
4986,0.4150101,12.344515,12.049891,0.0,0.0,0.0,1.0
4987,0.4150101,12.782226,12.448551,0.0,0.0,0.0,1.0
4988,0.4150101,13.219936,12.818929,0.0,0.0,0.0,1.0
4989,0.7031584,13.657646,13.149571,0.0,0.0,0.0,1.0
4990,0.7031584,13.910485,13.43948,0.0,0.0,0.0,1.0
4991,0.7031584,14.170686,13.625986,0.0,0.0,0.0,1.0
4992,0.7031584,14.325742,13.706651,0.0,0.0,0.0,1.0
4993,0.7031584,14.480798,13.682985,0.0,0.0,0.0,1.0
4994,0.42359743,14.495543,13.555641,0.0,0.0,0.0,1.0
4995,0.711781,14.510287,13.324269,0.0,0.0,0.0,1.0
4996,0.711781,13.707163,12.99096,0.0,0.0,0.0,1.0
4997,0.711781,12.874779,12.570528,0.0,0.0,0.0,1.0
4998,0.711781,12.060539,12.060388,0.0,0.0,0.0,1.0
4999,0.711781,11.254086,11.469737,0.0,0.0,0.0,1.0
5000,0.711781,10.443482,10.79575,0.0,0.0,0.0,1.0
5001,0.711781,9.657935,10.053687,0.0,0.0,0.0,1.0
5002,0.711781,8.865302,9.239428,0.0,0.0,0.0,1.0
5003,0.711781,8.048998,8.426159,0.0,0.0,0.0,1.0
5004,0.43216124,7.237928,7.617019,0.0,0.0,0.0,1.0
5005,0.43216124,6.3929534,6.8068776,0.0,0.0,0.0,1.0
5006,0.7203802,5.590792,5.997832,0.0,0.0,0.0,1.0
5007,0.43216124,4.739171,5.2530074,0.0,0.0,0.0,1.0
5008,0.4407414,3.947944,4.5717983,0.0,0.0,0.0,1.0
5009,0.4407414,3.1650991,3.9557757,0.0,0.0,0.0,1.0
5010,0.4407414,2.3388426,3.4064226,0.0,0.0,0.0,1.0
5011,0.16105686,1.5455348,2.9232652,0.0,0.0,0.0,1.0
5012,0.16105686,1.505591,2.507449,0.0,0.0,0.0,1.0
5013,-0.1271621,1.4834211,2.1564677,0.0,0.0,0.0,1.0
5014,-0.40685207,1.4730331,1.8747989,0.0,0.0,0.0,1.0
5015,-0.11863311,1.4567612,1.6584425,0.0,0.0,0.0,1.0
5016,-0.11863311,1.440038,1.5065663,0.0,0.0,0.0,1.0
5017,-0.11863311,1.4031599,1.4226787,0.0,0.0,0.0,1.0
5018,-0.11863311,1.3790156,1.4071621,0.0,0.0,0.0,1.0
5019,-0.11863311,1.359146,1.3925071,0.0,0.0,0.0,1.0
5020,-0.11863311,1.351668,1.3752661,0.0,0.0,0.0,1.0
5021,-0.11863311,1.3425848,1.3582008,0.0,0.0,1.0,1.0
5022,-0.11863311,1.3321906,1.3383962,0.0,0.0,1.0,1.0
5023,-0.11863311,1.3593361,1.3210117,0.0,0.0,1.0,1.0
5024,-0.11863311,1.3297309,1.3147582,0.0,0.0,1.0,1.0
5025,-0.11863311,1.276528,1.3101488,0.0,0.0,1.0,1.0
5026,-0.11863311,1.2682502,1.3066272,0.0,0.0,1.0,1.0
5027,-0.11863311,1.219106,1.3053749,0.0,0.0,1.0,1.0
5028,-0.11863311,1.2314243,1.3039991,0.0,0.0,1.0,1.0
5029,-0.40685207,1.3281182,1.3042407,0.0,0.0,1.0,1.0
5030,-0.11863311,1.3237025,1.2992126,0.0,0.0,1.0,1.0
5031,-0.40685207,1.3168868,1.2944291,0.0,0.0,1.0,1.0
5032,-0.40685207,1.3366393,1.2935483,0.0,0.0,1.0,1.0
5033,-0.11863311,1.3260758,1.2912695,0.0,0.0,1.0,1.0
5034,-0.40685207,1.3350903,1.2913259,0.0,0.0,1.0,1.0
5035,-0.40685207,1.298999,1.2889595,0.0,0.0,1.0,1.0
5036,-0.40685207,1.272328,1.2803228,0.0,0.0,1.0,1.0
5037,-0.40685207,1.2659601,1.2751727,0.0,0.0,1.0,1.0
5038,-0.40685207,1.2409043,1.2746426,0.0,0.0,1.0,1.0
5039,-0.6950357,1.219783,1.2733083,0.0,0.0,1.0,1.0
5040,-0.6950357,1.2030264,1.2744756,0.0,0.0,1.0,1.0
5041,-0.6950357,1.2244775,1.2763736,0.0,0.0,1.0,1.0
5042,-0.4153457,1.2619022,1.284532,0.0,0.0,1.0,1.0
5043,-0.4153457,1.3105252,1.2972021,0.0,0.0,1.0,1.0
5044,-0.703494,1.3206269,1.3107824,0.0,0.0,1.0,1.0
5045,-0.703494,1.3400837,1.3244245,0.0,0.0,1.0,1.0
5046,-0.703494,1.357867,1.3457938,0.0,0.0,1.0,1.0
5047,-0.703494,1.3968992,1.3728155,0.0,0.0,1.0,1.0
5048,-0.703494,1.42437,1.4013973,0.0,0.0,1.0,1.0
5049,-0.42380944,1.428924,1.4308152,0.0,0.0,1.0,1.0
5050,-0.7119224,1.4046084,1.4607182,0.0,0.0,1.0,1.0
5051,-0.7119224,1.476216,1.4961821,0.0,0.0,1.0,1.0
5052,-0.7119224,1.5272856,1.5368209,0.0,0.0,1.0,1.0
5053,-0.7119224,1.5674608,1.5773911,0.0,0.0,1.0,1.0
5054,-0.7119224,1.6149155,1.6148942,0.0,0.0,1.0,1.0
5055,-0.43228358,1.6693615,1.6521349,0.0,0.0,1.0,1.0
5056,-0.43228358,1.746194,1.6869307,0.0,0.0,1.0,1.0
5057,-0.7203612,1.8277483,1.7264425,0.0,0.0,1.0,1.0
5058,-0.7203612,1.8447113,1.7644098,0.0,0.0,1.0,1.0
5059,-0.43228358,1.8469342,1.7991225,0.0,0.0,1.0,1.0
5060,-0.7203612,1.8712592,1.8321078,0.0,0.0,1.0,1.0
5061,-0.7203612,1.846473,1.8660553,0.0,0.0,1.0,1.0
5062,-0.7203612,1.8787501,1.8945867,0.0,0.0,1.0,1.0
5063,-0.4407414,1.9318243,1.9168438,0.0,0.0,1.0,1.0
5064,-0.4407414,1.9438375,1.9344261,0.0,0.0,1.0,1.0
5065,-0.4407414,1.963285,1.9485477,0.0,0.0,1.0,1.0
5066,-0.4407414,2.0222843,1.9605466,0.0,0.0,1.0,1.0
5067,-0.4407414,2.0117388,1.968199,0.0,0.0,1.0,1.0
5068,-0.4407414,2.0132792,1.96826,0.0,0.0,0.0,1.0
5069,-0.4407414,2.0387366,1.9596127,0.0,0.0,0.0,1.0
5070,-0.4407414,2.0141702,1.9392922,0.0,0.0,0.0,1.0
5071,-0.4407414,1.9909209,1.9131609,0.0,0.0,0.0,1.0
5072,-0.15266378,1.9630888,1.8792804,0.0,0.0,0.0,1.0
5073,0.12689714,1.8472049,1.8418083,0.0,0.0,0.0,1.0
5074,-0.15266378,1.7749822,1.8013153,0.0,0.0,0.0,1.0
5075,0.12689714,1.6879783,1.7557646,0.0,0.0,0.0,1.0
5076,0.12689714,1.6302619,1.7057818,0.0,0.0,0.0,1.0
5077,0.13544916,1.5567194,1.6583844,0.0,0.0,0.0,1.0
5078,0.4150101,1.572618,1.6151668,0.0,0.0,0.0,1.0
5079,0.4150101,1.525823,1.5730517,0.0,0.0,0.0,1.0
5080,0.4150101,1.466671,1.5383481,0.0,0.0,0.0,1.0
5081,0.4150101,1.4389439,1.5107244,0.0,0.0,0.0,1.0
5082,0.4150101,1.4454014,1.4913418,0.0,0.0,0.0,1.0
5083,0.7031584,1.4723089,1.4744378,0.0,0.0,0.0,1.0
5084,0.4150101,1.4577076,1.4673034,0.0,0.0,0.0,1.0
5085,0.7031584,1.4307611,1.4717544,0.0,0.0,0.0,1.0
5086,0.7031584,1.4434981,1.4831805,0.0,0.0,0.0,1.0
5087,0.7031584,1.455388,1.5024623,0.0,0.0,0.0,1.0
5088,0.7031584,1.4274143,1.5284048,0.0,0.0,0.0,1.0
5089,0.7031584,1.4711056,1.5517126,0.0,0.0,0.0,1.0
5090,0.7031584,1.6260308,1.5739061,0.0,0.0,0.0,1.0
5091,0.711781,1.6629355,1.5958065,0.0,0.0,0.0,1.0
5092,0.711781,1.698052,1.6176044,0.0,0.0,0.0,1.0
5093,0.711781,1.7502543,1.6327083,0.0,0.0,0.0,1.0
5094,0.711781,1.7250949,1.6408366,0.0,0.0,0.0,1.0
5095,0.711781,1.7386311,1.6514263,0.0,0.0,0.0,1.0
5096,0.711781,1.7205119,1.653912,0.0,0.0,0.0,1.0
5097,0.711781,1.6923355,1.6380441,0.0,0.0,0.0,1.0
5098,0.711781,1.6247464,1.6130662,0.0,0.0,0.0,1.0
5099,0.43216124,1.5529274,1.580652,0.0,0.0,0.0,1.0
5100,0.43216124,1.5544907,1.543519,0.0,0.0,0.0,1.0
5101,0.43216124,1.5009325,1.5005656,0.0,0.0,0.0,1.0
5102,0.43216124,1.4356166,1.4570165,0.0,0.0,0.0,1.0
5103,0.4407414,1.363201,1.4164934,0.0,0.0,0.0,1.0
5104,0.4407414,1.3090811,1.3760941,0.0,0.0,0.0,1.0
5105,0.4407414,1.3046596,1.3438153,0.0,0.0,0.0,1.0
5106,0.16105686,1.2096543,1.3162448,0.0,0.0,0.0,1.0
5107,0.16105686,1.21604,1.2928563,0.0,0.0,0.0,1.0
5108,0.16105686,1.2342358,1.2844079,0.0,0.0,0.0,1.0
5109,0.16105686,1.2075435,1.2897332,0.0,0.0,0.0,1.0
5110,-0.11863311,1.2374015,1.3071238,0.0,0.0,0.0,1.0
5111,-0.11863311,1.2220812,1.3312271,0.0,0.0,0.0,1.0
5112,-0.11863311,1.2738296,1.3693622,0.0,0.0,0.0,1.0
5113,-0.11863311,1.3995508,1.4245626,0.0,0.0,0.0,1.0
5114,-0.11863311,1.4995203,1.486217,0.0,0.0,0.0,1.0
5115,-0.11863311,1.5718879,1.5537728,0.0,0.0,1.0,1.0
5116,-0.11863311,1.5983207,1.6254612,0.0,0.0,1.0,1.0
5117,-0.11863311,1.7622807,1.6930089,0.0,0.0,1.0,1.0
5118,-0.11863311,1.8720593,1.762091,0.0,0.0,1.0,1.0
5119,0.16105686,1.955893,1.8289987,0.0,0.0,1.0,1.0
5120,-0.11863311,2.0449054,1.8876215,0.0,0.0,1.0,1.0
5121,0.16105686,2.0678046,1.9366267,0.0,0.0,1.0,1.0
5122,-0.40685207,2.0479732,1.9784648,0.0,0.0,1.0,1.0
5123,-0.40685207,2.0510669,2.0177305,0.0,0.0,1.0,1.0
5124,-0.11863311,2.076721,2.039978,0.0,0.0,1.0,1.0
5125,-0.40685207,2.103026,2.048157,0.0,0.0,1.0,1.0
5126,-0.40685207,2.087582,2.045515,0.0,0.0,1.0,1.0
5127,-0.40685207,2.0739455,2.034641,0.0,0.0,1.0,1.0
5128,-0.40685207,2.0695086,2.0160985,0.0,0.0,1.0,1.0
5129,-0.40685207,2.0292497,1.9949385,0.0,0.0,1.0,1.0
5130,-0.6950357,1.9702078,1.9707928,0.0,0.0,1.0,1.0
5131,-0.4153457,1.9241912,1.9415607,0.0,0.0,1.0,1.0
5132,-0.4153457,1.914417,1.9064496,0.0,0.0,1.0,1.0
5133,-0.4153457,1.845294,1.8715446,0.0,0.0,1.0,1.0
5134,-0.4153457,1.7940521,1.8381938,0.0,0.0,1.0,1.0
5135,-0.4153457,1.7613183,1.8007976,0.0,0.0,1.0,1.0
5136,-0.703494,1.7259372,1.7639252,0.0,0.0,1.0,1.0
5137,-0.703494,1.6816906,1.7272487,0.0,0.0,1.0,1.0
5138,-0.703494,1.6687226,1.691314,0.0,0.0,0.0,1.0
5139,-0.42380944,1.6737359,1.6523741,0.0,0.0,0.0,1.0
5140,-0.42380944,1.6207551,1.6142836,0.0,0.0,0.0,1.0
5141,-0.7119224,1.5867811,1.5781881,0.0,0.0,0.0,1.0
5142,-0.7119224,1.5300894,1.5445276,0.0,0.0,0.0,1.0
5143,-0.7119224,1.4929738,1.5131866,0.0,0.0,0.0,1.0
5144,-0.7119224,1.4471395,1.4930685,0.0,0.0,0.0,1.0
5145,-0.7119224,1.3882072,1.484957,0.0,0.0,0.0,1.0
5146,-0.7119224,1.3609059,1.4874817,0.0,0.0,0.0,1.0
5147,-0.43228358,1.3573937,1.5009891,0.0,0.0,0.0,1.0
5148,-0.7203612,1.349844,1.5279042,0.0,0.0,0.0,1.0
5149,-0.7203612,1.4402735,1.5703261,0.0,0.0,0.0,1.0
5150,-0.7203612,1.5713848,1.6260396,0.0,0.0,0.0,1.0
5151,-0.43228358,1.7040322,1.6947684,0.0,0.0,0.0,1.0
5152,-0.4407414,1.7828436,1.7761068,0.0,0.0,0.0,1.0
5153,-0.7203612,1.9097626,1.8676699,0.0,0.0,0.0,1.0
5154,-0.7203612,2.0391529,1.9658704,0.0,0.0,0.0,1.0
5155,-0.4407414,2.161536,2.0688794,0.0,0.0,0.0,1.0
5156,-0.4407414,2.2718844,2.1680462,0.0,0.0,0.0,1.0
5157,-0.4407414,2.3642683,2.2580988,0.0,0.0,0.0,1.0
5158,-0.4407414,2.4596634,2.3378448,0.0,0.0,0.0,1.0
5159,-0.4407414,2.5357983,2.4099514,0.0,0.0,0.0,1.0
5160,-0.4407414,2.5859535,2.4588125,0.0,0.0,0.0,1.0
5161,-0.4407414,2.630274,2.4835215,0.0,0.0,1.0,1.0
5162,-0.4407414,2.652016,2.4887323,0.0,0.0,1.0,1.0
5163,-0.4407414,2.6609857,2.47485,0.0,0.0,1.0,1.0
5164,-0.4407414,2.6481218,2.4415295,0.0,0.0,1.0,1.0
5165,0.12689714,2.496096,2.391128,0.0,0.0,1.0,1.0
5166,0.12689714,2.3356612,2.323861,0.0,0.0,1.0,1.0
5167,0.12689714,2.2240644,2.242213,0.0,0.0,1.0,1.0
5168,0.12689714,2.1052969,2.1483588,0.0,0.0,1.0,1.0
5169,0.4150101,1.9644221,2.046901,0.0,0.0,1.0,1.0
5170,0.4150101,1.8548474,1.9400355,0.0,0.0,1.0,1.0
5171,0.4150101,1.7285912,1.8314764,0.0,0.0,1.0,1.0
5172,0.4150101,1.6061805,1.7399796,0.0,0.0,1.0,1.0
5173,0.4150101,1.5040236,1.663305,0.0,0.0,1.0,1.0
5174,0.4150101,1.4345201,1.6008983,0.0,0.0,1.0,1.0
5175,0.4150101,1.3785999,1.5458446,0.0,0.0,1.0,1.0
5176,0.7031584,1.3454149,1.5074813,0.0,0.0,1.0,1.0
5177,0.7031584,1.3981338,1.4800442,0.0,0.0,1.0,1.0
5178,0.7031584,1.4155661,1.4674972,0.0,0.0,1.0,1.0
5179,0.7031584,1.4751823,1.4741204,0.0,0.0,1.0,1.0
5180,0.7031584,1.4446533,1.488967,0.0,0.0,1.0,1.0
5181,0.7031584,1.5040632,1.504808,0.0,0.0,1.0,1.0
5182,0.7031584,1.5256026,1.528916,0.0,0.0,1.0,1.0
5183,0.7031584,1.5780263,1.556361,0.0,0.0,1.0,1.0
5184,0.99134195,1.6856588,1.5790844,0.0,0.0,1.0,1.0
5185,0.711781,1.6821817,1.5950844,0.0,0.0,1.0,1.0
5186,0.42359743,1.6246127,1.6020868,0.0,0.0,1.0,1.0
5187,0.711781,1.6678959,1.6120727,0.0,0.0,1.0,1.0
5188,0.711781,1.6747547,1.6084282,0.0,0.0,1.0,1.0
5189,0.711781,1.6708149,1.5966045,0.0,0.0,1.0,1.0
5190,0.711781,1.6075671,1.5717654,0.0,0.0,0.0,1.0
5191,0.711781,1.5592097,1.5377549,0.0,0.0,0.0,1.0
5192,0.711781,1.5644847,1.4984833,0.0,0.0,0.0,1.0
5193,0.43216124,1.4603297,1.4616443,0.0,0.0,0.0,1.0
5194,0.43216124,1.383717,1.415211,0.0,0.0,0.0,1.0
5195,0.4407414,1.279959,1.361657,0.0,0.0,0.0,1.0
5196,0.4407414,1.2775325,1.3110824,0.0,0.0,0.0,1.0
5197,0.15252244,1.2109216,1.268776,0.0,0.0,0.0,1.0
5198,0.4407414,1.1825448,1.2282838,0.0,0.0,0.0,1.0
5199,0.4407414,1.1106967,1.1893469,0.0,0.0,0.0,1.0
5200,0.16105686,1.0321072,1.15758,0.0,0.0,0.0,1.0
5201,0.16105686,1.0639192,1.1389453,0.0,0.0,0.0,1.0
5202,0.16105686,1.0998908,1.1351919,0.0,0.0,0.0,1.0
5203,0.16105686,1.0733023,1.1323385,0.0,0.0,0.0,1.0
5204,-0.11863311,1.0972421,1.1368332,0.0,0.0,1.0,1.0
5205,-0.11863311,1.0791268,1.1462601,0.0,0.0,1.0,1.0
5206,-0.11863311,1.1601013,1.1667299,0.0,0.0,1.0,1.0
5207,0.16105686,1.234918,1.1960453,0.0,0.0,1.0,1.0
5208,-0.11863311,1.2432921,1.226278,0.0,0.0,1.0,1.0
5209,-0.11863311,1.2648575,1.2569145,0.0,0.0,1.0,1.0
5210,-0.11863311,1.2956676,1.2876545,0.0,0.0,1.0,1.0
5211,0.16105686,1.3563344,1.3141389,0.0,0.0,1.0,1.0
5212,-0.11863311,1.3838917,1.3401837,0.0,0.0,1.0,1.0
5213,-0.11863311,1.4267106,1.3581893,0.0,0.0,1.0,1.0
5214,0.16105686,1.467529,1.3647921,0.0,0.0,1.0,1.0
5215,-0.40685207,1.4421833,1.3676343,0.0,0.0,1.0,1.0
5216,-0.40685207,1.4150536,1.3697006,0.0,0.0,1.0,1.0
5217,-0.11863311,1.391665,1.3639311,0.0,0.0,1.0,1.0
5218,-0.40685207,1.3761692,1.3494614,0.0,0.0,1.0,1.0
5219,-0.40685207,1.3141506,1.3302221,0.0,0.0,1.0,1.0
5220,-0.40685207,1.2773987,1.3036163,0.0,0.0,1.0,1.0
5221,-0.40685207,1.2896533,1.2701405,0.0,0.0,1.0,1.0
5222,-0.40685207,1.2264338,1.2338791,0.0,0.0,1.0,1.0
5223,-0.6950357,1.1826986,1.1975633,0.0,0.0,1.0,1.0
5224,-0.6950357,1.1530204,1.1604965,0.0,0.0,1.0,1.0
5225,-0.6950357,1.1074405,1.125003,0.0,0.0,1.0,1.0
5226,-0.4153457,1.0658191,1.092634,0.0,0.0,1.0,1.0
5227,-0.4153457,1.0070457,1.0656809,0.0,0.0,1.0,1.0
5228,-0.4153457,0.9792651,1.0367013,0.0,0.0,1.0,1.0
5229,-0.703494,0.9468634,1.0118569,0.0,0.0,1.0,1.0
5230,-0.703494,0.9502468,0.9949771,0.0,0.0,1.0,1.0
5231,-0.703494,0.9257224,0.9839346,0.0,0.0,1.0,1.0
5232,-0.42380944,0.9539615,0.97565234,0.0,0.0,1.0,1.0
5233,-0.42380944,0.9418985,0.97397494,0.0,0.0,1.0,1.0
5234,-0.7119224,0.9283011,0.9761777,0.0,0.0,1.0,1.0
5235,-0.7119224,0.98014104,0.98029363,0.0,0.0,1.0,1.0
5236,-0.7119224,1.0205096,0.9903456,0.0,0.0,1.0,1.0
5237,-0.7119224,1.008054,1.008835,0.0,0.0,1.0,1.0
5238,-0.43228358,1.0456902,1.0399752,0.0,0.0,1.0,1.0
5239,-0.7203612,1.033479,1.0688416,0.0,0.0,1.0,1.0
5240,-0.7203612,1.0286556,1.0976048,0.0,0.0,1.0,1.0
5241,-0.7203612,1.0674874,1.132004,0.0,0.0,1.0,1.0
5242,-0.7203612,1.1721193,1.1667931,0.0,0.0,1.0,1.0
5243,-0.7203612,1.2994055,1.1966188,0.0,0.0,1.0,1.0
5244,-0.4407414,1.3003584,1.2317674,0.0,0.0,1.0,1.0
5245,-0.4407414,1.2870556,1.2677258,0.0,0.0,1.0,1.0
5246,-0.4407414,1.3410928,1.3038853,0.0,0.0,1.0,1.0
5247,-0.4407414,1.3976102,1.3409572,0.0,0.0,1.0,1.0
5248,-0.4407414,1.3784175,1.3742357,0.0,0.0,1.0,1.0
5249,-0.4407414,1.4298378,1.3964394,0.0,0.0,1.0,1.0
5250,-0.4407414,1.477191,1.4077774,0.0,0.0,1.0,1.0
5251,-0.4407414,1.4673927,1.4207343,0.0,0.0,0.0,1.0
5252,-0.15266378,1.4735185,1.4346969,0.0,0.0,0.0,1.0
5253,0.12689714,1.4668299,1.4383148,0.0,0.0,0.0,1.0
5254,0.12689714,1.4385638,1.4294472,0.0,0.0,0.0,1.0
5255,0.12689714,1.4354612,1.4260498,0.0,0.0,0.0,1.0
5256,0.4150101,1.4558405,1.4206048,0.0,0.0,0.0,1.0
5257,0.4150101,1.4546075,1.4083755,0.0,0.0,0.0,1.0
5258,0.4150101,1.3845065,1.3990088,0.0,0.0,0.0,1.0
5259,0.4150101,1.2911986,1.3908358,0.0,0.0,1.0,1.0
5260,0.4150101,1.3376507,1.3832045,0.0,0.0,1.0,1.0
5261,0.4150101,1.3644971,1.3762337,0.0,0.0,1.0,1.0
5262,0.7031584,1.3304387,1.3744256,0.0,0.0,1.0,1.0
5263,0.7031584,1.3549926,1.3702573,0.0,0.0,1.0,1.0
5264,0.4150101,1.3754418,1.3701062,0.0,0.0,1.0,1.0
5265,0.7031584,1.3752548,1.3741056,0.0,0.0,1.0,1.0
5266,0.7031584,1.3549144,1.3899175,0.0,0.0,1.0,1.0
5267,0.7031584,1.413764,1.4038936,0.0,0.0,1.0,1.0
5268,0.7031584,1.4058204,1.4139456,0.0,0.0,1.0,1.0
5269,0.42359743,1.4527948,1.4281418,0.0,0.0,1.0,1.0
5270,0.99134195,1.4324995,1.4359001,0.0,0.0,1.0,1.0
5271,0.711781,1.4809418,1.4344455,0.0,0.0,1.0,1.0
5272,0.711781,1.5053632,1.4360334,0.0,0.0,1.0,1.0
5273,0.711781,1.4851205,1.4359002,0.0,0.0,1.0,1.0
5274,0.711781,1.5007945,1.4279749,0.0,0.0,1.0,1.0
5275,0.711781,1.4480914,1.4183778,0.0,0.0,1.0,1.0
5276,0.711781,1.3579874,1.4026366,0.0,0.0,1.0,1.0
5277,0.43216124,1.3943082,1.3883599,0.0,0.0,1.0,1.0
5278,0.711781,1.3533164,1.3633718,0.0,0.0,0.0,1.0
5279,0.43216124,1.3186606,1.3357443,0.0,0.0,0.0,1.0
5280,0.4407414,1.2906547,1.3090708,0.0,0.0,0.0,1.0
5281,0.4407414,1.2639011,1.2840846,0.0,0.0,0.0,1.0
5282,0.4407414,1.2611796,1.2642857,0.0,0.0,0.0,1.0
5283,0.16105686,1.1810849,1.25297,0.0,0.0,0.0,1.0
5284,0.16105686,1.1738324,1.2446065,0.0,0.0,0.0,1.0
5285,0.16105686,1.1650388,1.2410734,0.0,0.0,0.0,1.0
5286,0.16105686,1.2009592,1.2501498,0.0,0.0,0.0,1.0
5287,0.16105686,1.2105051,1.2681471,0.0,0.0,0.0,1.0
5288,-0.11863311,1.2221992,1.285869,0.0,0.0,1.0,1.0
5289,0.16105686,1.2939463,1.3037504,0.0,0.0,1.0,1.0
5290,0.16105686,1.3109187,1.3260763,0.0,0.0,1.0,1.0
5291,0.16105686,1.4275779,1.3547453,0.0,0.0,1.0,1.0
5292,0.16105686,1.5066224,1.3838761,0.0,0.0,1.0,1.0
5293,-0.11863311,1.4765639,1.4095012,0.0,0.0,1.0,1.0
5294,0.16105686,1.475756,1.4395531,0.0,0.0,1.0,1.0
5295,0.16105686,1.4489946,1.4668932,0.0,0.0,1.0,1.0
5296,0.16105686,1.5178604,1.4910928,0.0,0.0,1.0,1.0
5297,-0.11863311,1.5146093,1.5183202,0.0,0.0,1.0,1.0
5298,0.16105686,1.5084599,1.537478,0.0,0.0,1.0,1.0
5299,0.16105686,1.5711285,1.5525734,0.0,0.0,1.0,1.0
5300,0.16105686,1.5502799,1.5706563,0.0,0.0,1.0,1.0
5301,0.16105686,1.5843425,1.5914185,0.0,0.0,1.0,1.0
5302,-0.1271621,1.637647,1.6124873,0.0,0.0,1.0,1.0
5303,-0.40685207,1.6574713,1.6323326,0.0,0.0,1.0,1.0
5304,-0.40685207,1.6877686,1.6543392,0.0,0.0,1.0,1.0
5305,-0.40685207,1.6935571,1.6798565,0.0,0.0,1.0,1.0
5306,-0.40685207,1.7249027,1.7073457,0.0,0.0,1.0,1.0
5307,-0.40685207,1.7018205,1.7380284,0.0,0.0,1.0,1.0
5308,-0.4153457,1.7560041,1.7763789,0.0,0.0,1.0,1.0
5309,-0.4153457,1.7786889,1.8193623,0.0,0.0,1.0,1.0
5310,-0.4153457,1.8146676,1.8610177,0.0,0.0,1.0,1.0
5311,-0.4153457,1.9009988,1.906127,0.0,0.0,1.0,1.0
5312,-0.4153457,1.9184711,1.9510286,0.0,0.0,1.0,1.0
5313,-0.4153457,2.044548,1.9956614,0.0,0.0,1.0,1.0
5314,-0.4153457,2.153448,2.042214,0.0,0.0,1.0,1.0
5315,-0.703494,2.1573367,2.0836914,0.0,0.0,1.0,1.0
5316,-0.703494,2.2290792,2.1325545,0.0,0.0,1.0,1.0
5317,-0.703494,2.2323775,2.18361,0.0,0.0,1.0,1.0
5318,-0.42380944,2.2604964,2.2334752,0.0,0.0,1.0,1.0
5319,-0.42380944,2.2604492,2.2894292,0.0,0.0,1.0,1.0
5320,-0.7119224,2.2537344,2.3397188,0.0,0.0,1.0,1.0
5321,-0.7119224,2.3650482,2.3834207,0.0,0.0,1.0,1.0
5322,-0.43228358,2.4273312,2.4275184,0.0,0.0,1.0,1.0
5323,-0.43228358,2.4993834,2.4741228,0.0,0.0,1.0,1.0
5324,-0.43228358,2.5899186,2.5233836,0.0,0.0,1.0,1.0
5325,-0.43228358,2.6480236,2.5691948,0.0,0.0,1.0,1.0
5326,-0.43228358,2.6778693,2.6231737,0.0,0.0,1.0,1.0
5327,-0.7203612,2.68651,2.6857872,0.0,0.0,1.0,1.0
5328,-0.7203612,2.78833,2.7413921,0.0,0.0,1.0,1.0
5329,-0.7203612,2.8235102,2.7917585,0.0,0.0,1.0,1.0
5330,-0.4407414,2.8102295,2.83761,0.0,0.0,1.0,1.0
5331,-0.4407414,2.9081972,2.8783891,0.0,0.0,1.0,1.0
5332,-0.4407414,3.005096,2.903692,0.0,0.0,1.0,1.0
5333,-0.4407414,3.0323071,2.9244628,0.0,0.0,1.0,1.0
5334,-0.4407414,3.0317261,2.9381492,0.0,0.0,1.0,1.0
5335,-0.4407414,3.0496027,2.9404325,0.0,0.0,1.0,1.0
5336,-0.4407414,3.0792682,2.9305665,0.0,0.0,1.0,1.0
5337,-0.4407414,2.951657,2.918405,0.0,0.0,1.0,1.0
5338,-0.4407414,2.9271185,2.8901205,0.0,0.0,0.0,1.0
5339,-0.4407414,2.850749,2.8435524,0.0,0.0,0.0,1.0
5340,-0.4407414,2.8157277,2.7813609,0.0,0.0,0.0,1.0
5341,-0.4407414,2.7051191,2.714287,0.0,0.0,0.0,1.0
5342,0.12689714,2.6642928,2.6311288,0.0,0.0,0.0,1.0
5343,0.12689714,2.5687823,2.5297945,0.0,0.0,0.0,1.0
5344,0.12689714,2.4462774,2.4304273,0.0,0.0,0.0,1.0
5345,0.12689714,2.28601,2.3235567,0.0,0.0,0.0,1.0
5346,0.4150101,2.2268395,2.2142704,0.0,0.0,0.0,1.0
5347,0.4150101,2.051704,2.105228,0.0,0.0,0.0,1.0
5348,0.4150101,1.8632559,2.011552,0.0,0.0,0.0,1.0
5349,0.4150101,1.75925,1.9179246,0.0,0.0,0.0,1.0
5350,0.4150101,1.6446735,1.8312274,0.0,0.0,0.0,1.0
5351,0.4150101,1.5393113,1.7455924,0.0,0.0,0.0,1.0
5352,0.7031584,1.50722,1.6769874,0.0,0.0,0.0,1.0
5353,0.7031584,1.5810077,1.6164392,0.0,0.0,0.0,1.0
5354,0.7031584,1.540764,1.5705938,0.0,0.0,0.0,1.0
5355,0.7031584,1.5284152,1.5438529,0.0,0.0,0.0,1.0
5356,0.7031584,1.4186567,1.5303046,0.0,0.0,0.0,1.0
5357,0.7031584,1.4627509,1.5223838,0.0,0.0,1.0,1.0
5358,0.7031584,1.5002615,1.5300698,0.0,0.0,1.0,1.0
5359,0.7031584,1.501559,1.5414835,0.0,0.0,1.0,1.0
5360,0.7031584,1.5423646,1.5456586,0.0,0.0,1.0,1.0
5361,0.99134195,1.5966704,1.5547504,0.0,0.0,1.0,1.0
5362,0.99134195,1.5496247,1.566317,0.0,0.0,1.0,1.0
5363,0.711781,1.6315427,1.5805888,0.0,0.0,1.0,1.0
5364,0.711781,1.6441853,1.5814093,0.0,0.0,1.0,1.0
5365,0.711781,1.631108,1.5742308,0.0,0.0,1.0,1.0
5366,0.711781,1.6498663,1.5629568,0.0,0.0,1.0,1.0
5367,0.711781,1.6672128,1.5470657,0.0,0.0,1.0,1.0
5368,0.711781,1.5899197,1.5289356,0.0,0.0,1.0,1.0
5369,0.43216124,1.4725971,1.5072019,0.0,0.0,1.0,1.0
5370,0.43216124,1.4141188,1.4786501,0.0,0.0,1.0,1.0
5371,0.43216124,1.3662717,1.445307,0.0,0.0,1.0,1.0
5372,0.4407414,1.3516709,1.4096087,0.0,0.0,1.0,1.0
5373,0.15252244,1.379109,1.3758659,0.0,0.0,0.0,1.0
5374,0.4407414,1.2888209,1.3373067,0.0,0.0,0.0,1.0
5375,0.4407414,1.2889205,1.3074832,0.0,0.0,0.0,1.0
5376,0.16105686,1.2440689,1.2910191,0.0,0.0,0.0,1.0
5377,0.16105686,1.2027278,1.2816812,0.0,0.0,0.0,1.0
5378,0.16105686,1.2449534,1.2779464,0.0,0.0,1.0,1.0
5379,0.16105686,1.2045026,1.2796724,0.0,0.0,1.0,1.0
5380,0.16105686,1.232037,1.2810795,0.0,0.0,1.0,1.0
5381,0.16105686,1.2750278,1.293351,0.0,0.0,1.0,1.0
5382,0.16105686,1.3020637,1.3102996,0.0,0.0,1.0,1.0
5383,-0.11863311,1.3214545,1.3322589,0.0,0.0,1.0,1.0
5384,-0.11863311,1.3723825,1.3527973,0.0,0.0,1.0,1.0
5385,0.16105686,1.3959953,1.3729997,0.0,0.0,1.0,1.0
5386,-0.11863311,1.4360794,1.4041306,0.0,0.0,1.0,1.0
5387,0.16105686,1.4923022,1.434691,0.0,0.0,1.0,1.0
5388,0.16105686,1.507581,1.4666303,0.0,0.0,1.0,1.0
5389,-0.11863311,1.4491875,1.501118,0.0,0.0,1.0,1.0
5390,0.16105686,1.4873832,1.5395588,0.0,0.0,1.0,1.0
5391,0.16105686,1.5780725,1.5827272,0.0,0.0,1.0,1.0
5392,-0.40685207,1.5987624,1.6249299,0.0,0.0,1.0,1.0
5393,-0.40685207,1.6582999,1.6687703,0.0,0.0,1.0,1.0
5394,-0.40685207,1.7159142,1.7095037,0.0,0.0,1.0,1.0
5395,-0.40685207,1.7827451,1.7491596,0.0,0.0,1.0,1.0
5396,-0.40685207,1.8904036,1.7972151,0.0,0.0,1.0,1.0
5397,-0.40685207,1.9024283,1.8453149,0.0,0.0,1.0,1.0
5398,-0.40685207,1.962164,1.8908268,0.0,0.0,1.0,1.0
5399,-0.40685207,1.9811015,1.9336749,0.0,0.0,1.0,1.0
5400,-0.40685207,1.9834522,1.9792346,0.0,0.0,1.0,1.0
5401,-0.4153457,2.0258543,2.01874,0.0,0.0,1.0,1.0
5402,-0.6950357,2.0645795,2.0473773,0.0,0.0,1.0,1.0
5403,-0.4153457,2.1242163,2.0648699,0.0,0.0,1.0,1.0
5404,-0.4153457,2.11294,2.0786443,0.0,0.0,1.0,1.0
5405,-0.4153457,2.205016,2.083449,0.0,0.0,1.0,1.0
5406,-0.703494,2.1899788,2.085107,0.0,0.0,1.0,1.0
5407,-0.4153457,2.1263933,2.07804,0.0,0.0,1.0,1.0
5408,-0.703494,2.1003144,2.0698338,0.0,0.0,1.0,1.0
5409,-0.703494,2.0677211,2.062049,0.0,0.0,1.0,1.0
5410,-0.703494,2.0198188,2.0530157,0.0,0.0,1.0,1.0
5411,-0.42380944,2.0010014,2.049835,0.0,0.0,1.0,1.0
5412,-0.7119224,1.8986441,2.0427148,0.0,0.0,1.0,1.0
5413,-0.7119224,1.9273802,2.0392797,0.0,0.0,1.0,1.0
5414,-0.7119224,1.9711623,2.042401,0.0,0.0,1.0,1.0
5415,-0.7119224,2.015818,2.053747,0.0,0.0,1.0,1.0
5416,-0.43228358,2.07477,2.072398,0.0,0.0,1.0,1.0
5417,-0.43228358,2.1195757,2.1067717,0.0,0.0,1.0,1.0
5418,-0.7203612,2.1487563,2.151775,0.0,0.0,1.0,1.0
5419,-0.7203612,2.1638498,2.209164,0.0,0.0,1.0,1.0
5420,-0.7203612,2.236466,2.2698958,0.0,0.0,1.0,1.0
5421,-0.7203612,2.291533,2.3361409,0.0,0.0,1.0,1.0
5422,-0.4407414,2.4323037,2.4057438,0.0,0.0,1.0,1.0
5423,-0.4407414,2.5410385,2.4799776,0.0,0.0,1.0,1.0
5424,-0.4407414,2.5873146,2.5498097,0.0,0.0,1.0,1.0
5425,-0.4407414,2.656162,2.608727,0.0,0.0,1.0,1.0
5426,-0.4407414,2.766102,2.6656358,0.0,0.0,1.0,1.0
5427,-0.4407414,2.851055,2.7101903,0.0,0.0,1.0,1.0
5428,-0.4407414,2.9655745,2.7405307,0.0,0.0,1.0,1.0
5429,-0.4407414,2.95756,2.7498233,0.0,0.0,1.0,1.0
5430,-0.4407414,2.8557646,2.7399356,0.0,0.0,1.0,1.0
5431,-0.4407414,2.8467572,2.7178452,0.0,0.0,1.0,1.0
5432,-0.4407414,2.771117,2.6759508,0.0,0.0,1.0,1.0
5433,-0.15266378,2.6556184,2.6112554,0.0,0.0,0.0,1.0
5434,0.12689714,2.5438166,2.5272136,0.0,0.0,0.0,1.0
5435,0.12689714,2.4223855,2.4246042,0.0,0.0,0.0,1.0
5436,-0.15266378,2.3222308,2.314523,0.0,0.0,0.0,1.0
5437,-0.15266378,2.1534271,2.2047374,0.0,0.0,0.0,1.0
5438,0.4150101,1.989759,2.0883934,0.0,0.0,0.0,1.0
5439,0.4150101,1.8425535,1.9723942,0.0,0.0,0.0,1.0
5440,0.4150101,1.7342613,1.8663154,0.0,0.0,0.0,1.0
5441,0.4150101,1.6365843,1.7716814,0.0,0.0,0.0,1.0
5442,0.4150101,1.5383372,1.688698,0.0,0.0,0.0,1.0
5443,0.4150101,1.4506319,1.6198107,0.0,0.0,0.0,1.0
5444,0.7031584,1.3791249,1.5698261,0.0,0.0,0.0,1.0
5445,0.7031584,1.382672,1.5423015,0.0,0.0,0.0,1.0
5446,0.7031584,1.4082102,1.5361296,0.0,0.0,0.0,1.0
5447,0.7031584,1.4265842,1.5489078,0.0,0.0,0.0,1.0
5448,0.7031584,1.4955826,1.5787269,0.0,0.0,0.0,1.0
5449,0.7031584,1.5536125,1.621967,0.0,0.0,0.0,1.0
5450,0.7031584,1.6594636,1.6749289,0.0,0.0,0.0,1.0
5451,0.7031584,1.7684911,1.7352835,0.0,0.0,0.0,1.0
5452,0.42359743,1.887599,1.7972916,0.0,0.0,0.0,1.0
5453,0.711781,1.9944139,1.852044,0.0,0.0,0.0,1.0
5454,0.711781,2.0572176,1.8985662,0.0,0.0,0.0,1.0
5455,0.711781,2.086175,1.936363,0.0,0.0,0.0,1.0
5456,0.711781,2.1033802,1.9643729,0.0,0.0,0.0,1.0
5457,0.711781,2.1267693,1.9807986,0.0,0.0,0.0,1.0
5458,0.711781,2.0652392,1.980295,0.0,0.0,0.0,1.0
5459,0.43216124,1.9848504,1.9620464,0.0,0.0,0.0,1.0
5460,0.711781,1.949144,1.9295408,0.0,0.0,0.0,1.0
5461,0.43216124,1.8897312,1.8860363,0.0,0.0,0.0,1.0
5462,0.43216124,1.856573,1.8337008,0.0,0.0,0.0,1.0
5463,0.43216124,1.762447,1.7739521,0.0,0.0,0.0,1.0
5464,0.15252244,1.6686167,1.7081016,0.0,0.0,0.0,1.0
5465,0.4407414,1.6043454,1.6450483,0.0,0.0,0.0,1.0
5466,0.4407414,1.5351641,1.5902153,0.0,0.0,0.0,1.0
5467,0.16105686,1.4581491,1.5395881,0.0,0.0,0.0,1.0
5468,0.16105686,1.3863965,1.4924535,0.0,0.0,0.0,1.0
5469,0.16105686,1.336563,1.4509951,0.0,0.0,0.0,1.0
5470,0.16105686,1.3085983,1.4215586,0.0,0.0,0.0,1.0
5471,0.16105686,1.3268563,1.4011538,0.0,0.0,0.0,1.0
5472,-0.11863311,1.3416164,1.3895621,0.0,0.0,0.0,1.0
5473,-0.11863311,1.3241154,1.3877337,0.0,0.0,0.0,1.0
5474,0.16105686,1.3590724,1.3966606,0.0,0.0,1.0,1.0
5475,-0.11863311,1.4092102,1.4151343,0.0,0.0,1.0,1.0
5476,-0.11863311,1.4237578,1.4435288,0.0,0.0,1.0,1.0
5477,-0.11863311,1.4652464,1.4749887,0.0,0.0,1.0,1.0
5478,-0.11863311,1.5132233,1.5053631,0.0,0.0,1.0,1.0
5479,0.16105686,1.5652713,1.535948,0.0,0.0,1.0,1.0
5480,-0.11863311,1.6080807,1.5686852,0.0,0.0,1.0,1.0
5481,0.16105686,1.6772962,1.6001339,0.0,0.0,1.0,1.0
5482,0.16105686,1.6861174,1.6289918,0.0,0.0,1.0,1.0
5483,0.16105686,1.6913505,1.6582215,0.0,0.0,1.0,1.0
5484,0.16105686,1.7086351,1.6848977,0.0,0.0,1.0,1.0
5485,-0.40685207,1.7169602,1.7123582,0.0,0.0,1.0,1.0
5486,-0.40685207,1.7364582,1.7363982,0.0,0.0,1.0,1.0
5487,-0.40685207,1.7555047,1.7582619,0.0,0.0,1.0,1.0
5488,-0.40685207,1.7745142,1.7775574,0.0,0.0,1.0,1.0
5489,-0.40685207,1.7853606,1.793831,0.0,0.0,1.0,1.0
5490,-0.40685207,1.8427501,1.812071,0.0,0.0,1.0,1.0
5491,-0.40685207,1.8537505,1.8287634,0.0,0.0,1.0,1.0
5492,-0.40685207,1.8704455,1.8443525,0.0,0.0,1.0,1.0
5493,-0.40685207,1.9088413,1.8575066,0.0,0.0,1.0,1.0
5494,-0.6950357,1.8814008,1.8754193,0.0,0.0,1.0,1.0
5495,-0.6950357,1.9102306,1.8910056,0.0,0.0,1.0,1.0
5496,-0.4153457,1.9089444,1.9041255,0.0,0.0,1.0,1.0
5497,-0.4153457,1.9040289,1.9134203,0.0,0.0,1.0,1.0
5498,-0.4153457,1.8943087,1.9247215,0.0,0.0,1.0,1.0
5499,-0.4153457,1.9704554,1.9380637,0.0,0.0,1.0,1.0
5500,-0.703494,1.961551,1.9492025,0.0,0.0,1.0,1.0
5501,-0.703494,1.9427984,1.9599872,0.0,0.0,1.0,1.0
5502,-0.703494,1.9542888,1.9685552,0.0,0.0,1.0,1.0
5503,-0.42380944,1.9893641,1.9774815,0.0,0.0,1.0,1.0
5504,-0.42380944,2.0305529,1.9868872,0.0,0.0,1.0,1.0
5505,-0.42380944,2.042507,2.0003946,0.0,0.0,1.0,1.0
5506,-0.7119224,2.0108166,2.0121603,0.0,0.0,1.0,1.0
5507,-0.7119224,2.0130465,2.0292923,0.0,0.0,1.0,1.0
5508,-0.7119224,2.016059,2.0537367,0.0,0.0,1.0,1.0
5509,-0.7119224,2.016898,2.0870275,0.0,0.0,1.0,1.0
5510,-0.43228358,2.0563962,2.1147368,0.0,0.0,1.0,1.0
5511,-0.7203612,2.1116443,2.1457195,0.0,0.0,1.0,1.0
5512,-0.7203612,2.1671374,2.180675,0.0,0.0,1.0,1.0
5513,-0.7203612,2.2361283,2.2194955,0.0,0.0,1.0,1.0
5514,-0.7203612,2.3537805,2.2569284,0.0,0.0,1.0,1.0
5515,-0.7203612,2.3218744,2.292707,0.0,0.0,1.0,1.0
5516,-0.7203612,2.4023452,2.3272293,0.0,0.0,1.0,1.0
5517,-0.4407414,2.4619734,2.362244,0.0,0.0,1.0,1.0
5518,-0.4407414,2.4766638,2.3945637,0.0,0.0,1.0,1.0
5519,-0.4407414,2.4622412,2.4197893,0.0,0.0,1.0,1.0
5520,-0.4407414,2.4454021,2.4370954,0.0,0.0,1.0,1.0
5521,-0.4407414,2.431164,2.440208,0.0,0.0,1.0,1.0
5522,-0.4407414,2.4765735,2.437132,0.0,0.0,1.0,1.0
5523,-0.4407414,2.49948,2.421417,0.0,0.0,1.0,1.0
5524,-0.4407414,2.469846,2.3884387,0.0,0.0,1.0,1.0
5525,-0.4407414,2.4438019,2.3407018,0.0,0.0,1.0,1.0
5526,-0.4407414,2.3911293,2.2871835,0.0,0.0,1.0,1.0
5527,-0.15266378,2.2849607,2.2248716,0.0,0.0,1.0,1.0
5528,0.12689714,2.2137678,2.1570754,0.0,0.0,0.0,1.0
5529,-0.15266378,2.0662336,2.0812728,0.0,0.0,0.0,1.0
5530,0.12689714,1.9038227,2.0004919,0.0,0.0,0.0,1.0
5531,0.4150101,1.82002,1.9195641,0.0,0.0,0.0,1.0
5532,0.4150101,1.6976608,1.8387237,0.0,0.0,0.0,1.0
5533,0.4150101,1.6176095,1.756078,0.0,0.0,0.0,1.0
5534,0.4150101,1.5669416,1.6773167,0.0,0.0,0.0,1.0
5535,0.4150101,1.5301073,1.6042981,0.0,0.0,0.0,1.0
5536,0.4150101,1.4987141,1.5399214,0.0,0.0,0.0,1.0
5537,0.7031584,1.4737161,1.4854393,0.0,0.0,0.0,1.0
5538,0.7031584,1.3993813,1.4381809,0.0,0.0,0.0,1.0
5539,0.7031584,1.3398253,1.4016362,0.0,0.0,0.0,1.0
5540,0.7031584,1.3375454,1.3747249,0.0,0.0,0.0,1.0
5541,0.7031584,1.2937129,1.3520966,0.0,0.0,0.0,1.0
5542,0.7031584,1.2500376,1.3302608,0.0,0.0,0.0,1.0
5543,0.7031584,1.2529196,1.3086861,0.0,0.0,0.0,1.0
5544,0.42359743,1.2591245,1.2952937,0.0,0.0,0.0,1.0
5545,0.711781,1.2946733,1.2837517,0.0,0.0,0.0,1.0
5546,0.711781,1.295402,1.2724762,0.0,0.0,0.0,1.0
5547,0.711781,1.2680768,1.2562296,0.0,0.0,0.0,1.0
5548,0.42359743,1.2398194,1.243168,0.0,0.0,0.0,1.0
5549,0.711781,1.3130063,1.2317823,0.0,0.0,0.0,1.0
5550,0.711781,1.2608777,1.2196206,0.0,0.0,0.0,1.0
5551,0.711781,1.2045187,1.2040634,0.0,0.0,0.0,1.0
5552,0.711781,1.142587,1.1914103,0.0,0.0,0.0,1.0
5553,0.43216124,1.1369728,1.1806892,0.0,0.0,0.0,1.0
5554,0.43216124,1.1134096,1.1705877,0.0,0.0,0.0,1.0
5555,0.43216124,1.1069787,1.1621711,0.0,0.0,0.0,1.0
5556,0.4407414,1.0724382,1.1503687,0.0,0.0,0.0,1.0
5557,0.4407414,1.1428363,1.1464704,0.0,0.0,0.0,1.0
5558,0.16105686,1.1667495,1.1549857,0.0,0.0,0.0,1.0
5559,0.16105686,1.1468571,1.1765072,0.0,0.0,0.0,1.0
5560,0.16105686,1.1388209,1.1967728,0.0,0.0,0.0,1.0
5561,0.16105686,1.1713773,1.2267755,0.0,0.0,1.0,1.0
5562,0.16105686,1.2140987,1.2621847,0.0,0.0,1.0,1.0
5563,-0.11863311,1.3067024,1.3058301,0.0,0.0,1.0,1.0
5564,-0.11863311,1.4008459,1.3460444,0.0,0.0,1.0,1.0
5565,0.16105686,1.380159,1.3877308,0.0,0.0,1.0,1.0
5566,-0.11863311,1.4734417,1.4309491,0.0,0.0,1.0,1.0
5567,-0.11863311,1.5318902,1.4767659,0.0,0.0,1.0,1.0
5568,-0.11863311,1.5961825,1.518956,0.0,0.0,1.0,1.0
5569,-0.11863311,1.625408,1.5623044,0.0,0.0,1.0,1.0
5570,-0.11863311,1.6669858,1.5956583,0.0,0.0,1.0,1.0
5571,-0.11863311,1.6654766,1.6228708,0.0,0.0,1.0,1.0
5572,0.16105686,1.6886228,1.6525635,0.0,0.0,1.0,1.0
5573,-0.11863311,1.6776576,1.6747936,0.0,0.0,1.0,1.0
5574,-0.11863311,1.7342805,1.6908816,0.0,0.0,1.0,1.0
5575,-0.11863311,1.7069485,1.698058,0.0,0.0,1.0,1.0
5576,-0.40685207,1.7273964,1.7227626,0.0,0.0,1.0,1.0
5577,-0.11863311,1.7364707,1.7434523,0.0,0.0,1.0,1.0
5578,-0.40685207,1.7402041,1.7663994,0.0,0.0,1.0,1.0
5579,-0.40685207,1.7249454,1.7854437,0.0,0.0,1.0,1.0
5580,-0.40685207,1.6823003,1.8012391,0.0,0.0,1.0,1.0
5581,-0.40685207,1.9218625,1.8161316,0.0,0.0,1.0,1.0
5582,-0.40685207,1.9152617,1.8379203,0.0,0.0,1.0,1.0
5583,-0.40685207,1.940842,1.8604156,0.0,0.0,1.0,1.0
5584,-0.40685207,1.9171547,1.8866174,0.0,0.0,1.0,1.0
5585,-0.6950357,1.8672031,1.9138825,0.0,0.0,1.0,1.0
5586,-0.6950357,1.9129901,1.9502723,0.0,0.0,1.0,1.0
5587,-0.4153457,1.9684124,1.9918342,0.0,0.0,1.0,1.0
5588,-0.6950357,1.9973394,2.009527,0.0,0.0,1.0,1.0
5589,-0.4153457,2.050894,2.0314126,0.0,0.0,1.0,1.0
5590,-0.4153457,2.0673835,2.0500176,0.0,0.0,1.0,1.0
5591,-0.4153457,2.161624,2.0735872,0.0,0.0,1.0,1.0
5592,-0.703494,2.181042,2.0840797,0.0,0.0,1.0,1.0
5593,-0.703494,2.1341758,2.1064587,0.0,0.0,1.0,1.0
5594,-0.703494,2.1778905,2.1280887,0.0,0.0,1.0,1.0
5595,-0.703494,2.1641023,2.1576228,0.0,0.0,1.0,1.0
5596,-0.7119224,2.1999881,2.184863,0.0,0.0,1.0,1.0
5597,-0.7119224,1.9931142,2.2046664,0.0,0.0,1.0,1.0
5598,-0.7119224,2.1815372,2.223335,0.0,0.0,1.0,1.0
5599,-0.7119224,2.2279747,2.2350206,0.0,0.0,1.0,1.0
5600,-0.7119224,2.3517487,2.252232,0.0,0.0,1.0,1.0
5601,-0.43228358,2.3777764,2.2696724,0.0,0.0,1.0,1.0
5602,-0.7203612,2.3050222,2.2936714,0.0,0.0,1.0,1.0
5603,-0.7203612,2.3856475,2.321461,0.0,0.0,1.0,1.0
5604,-0.7203612,2.3212698,2.3698087,0.0,0.0,1.0,1.0
5605,-0.7203612,2.3407145,2.4057813,0.0,0.0,1.0,1.0
5606,-0.7203612,2.3871744,2.4383054,0.0,0.0,1.0,1.0
5607,-0.7203612,2.4520893,2.4578252,0.0,0.0,1.0,1.0
5608,-0.4407414,2.533463,2.4669206,0.0,0.0,1.0,1.0
5609,-0.7203612,2.573286,2.4665432,0.0,0.0,1.0,1.0
5610,-0.4407414,2.613209,2.4511554,0.0,0.0,0.0,1.0
5611,-0.4407414,2.6182644,2.4304004,0.0,0.0,0.0,1.0
5612,-0.4407414,2.5859857,2.4063292,0.0,0.0,0.0,1.0
5613,-0.4407414,2.4869204,2.3752992,0.0,0.0,0.0,1.0
5614,-0.4407414,2.300494,2.3256073,0.0,0.0,0.0,1.0
5615,-0.4407414,2.2009943,2.2709506,0.0,0.0,0.0,1.0
5616,-0.4407414,2.072209,2.206403,0.0,0.0,0.0,1.0
5617,-0.15266378,2.0518596,2.129529,0.0,0.0,0.0,1.0
5618,-0.15266378,2.0148153,2.041044,0.0,0.0,0.0,1.0
5619,0.12689714,1.8557867,1.9410549,0.0,0.0,0.0,1.0
5620,-0.15266378,1.8775823,1.8476208,0.0,0.0,0.0,1.0
5621,0.4150101,1.7987168,1.7586792,0.0,0.0,0.0,1.0
5622,0.4150101,1.6907188,1.6771655,0.0,0.0,0.0,1.0
5623,0.4150101,1.5564448,1.6035666,0.0,0.0,0.0,1.0
5624,0.4150101,1.386118,1.5310729,0.0,0.0,0.0,1.0
5625,0.4150101,1.3657111,1.4581653,0.0,0.0,0.0,1.0
5626,0.7031584,1.2331933,1.398565,0.0,0.0,0.0,1.0
5627,0.7031584,1.22283,1.3378663,0.0,0.0,0.0,1.0
5628,0.7031584,1.189023,1.2861474,0.0,0.0,0.0,1.0
5629,0.7031584,1.1819336,1.2487222,0.0,0.0,0.0,1.0
5630,0.7031584,1.1399254,1.2272356,0.0,0.0,0.0,1.0
5631,0.42359743,1.1405833,1.221902,0.0,0.0,0.0,1.0
5632,0.99134195,1.1491978,1.2139685,0.0,0.0,0.0,1.0
5633,0.711781,1.1780894,1.217129,0.0,0.0,0.0,1.0
5634,0.711781,1.241617,1.2212237,0.0,0.0,0.0,1.0
5635,0.711781,1.2986041,1.2314295,0.0,0.0,0.0,1.0
5636,0.711781,1.3221163,1.240254,0.0,0.0,0.0,1.0
5637,0.711781,1.2705084,1.2563885,0.0,0.0,0.0,1.0
5638,0.711781,1.2711196,1.272912,0.0,0.0,0.0,1.0
5639,0.711781,1.2719663,1.2886122,0.0,0.0,0.0,1.0
5640,0.711781,1.3114927,1.3019624,0.0,0.0,0.0,1.0
5641,0.43216124,1.287828,1.3076601,0.0,0.0,0.0,1.0
5642,0.43216124,1.3335396,1.3094217,0.0,0.0,0.0,1.0
5643,0.7203802,1.3388655,1.3100677,0.0,0.0,0.0,1.0
5644,0.43216124,1.3375995,1.3160986,0.0,0.0,0.0,1.0
5645,0.15252244,1.338292,1.3202765,0.0,0.0,0.0,1.0
5646,0.4407414,1.3099891,1.3266124,0.0,0.0,0.0,1.0
5647,0.4407414,1.3197434,1.3297038,0.0,0.0,0.0,1.0
5648,0.16105686,1.3298678,1.3375638,0.0,0.0,0.0,1.0
5649,0.16105686,1.342879,1.3389531,0.0,0.0,0.0,1.0
5650,0.16105686,1.3212557,1.3385153,0.0,0.0,0.0,1.0
5651,0.16105686,1.3479955,1.335781,0.0,0.0,0.0,1.0
5652,-0.11863311,1.3485901,1.3322375,0.0,0.0,0.0,1.0
5653,-0.11863311,1.3821471,1.3325853,0.0,0.0,0.0,1.0
5654,-0.11863311,1.3502122,1.3368344,0.0,0.0,0.0,1.0
5655,-0.11863311,1.3336112,1.3468685,0.0,0.0,1.0,1.0
5656,-0.11863311,1.304789,1.3613919,0.0,0.0,1.0,1.0
5657,-0.11863311,1.2957693,1.3810006,0.0,0.0,1.0,1.0
5658,-0.11863311,1.3141639,1.3976939,0.0,0.0,1.0,1.0
5659,-0.11863311,1.370732,1.4154891,0.0,0.0,1.0,1.0
5660,-0.11863311,1.4502766,1.430088,0.0,0.0,1.0,1.0
5661,0.16105686,1.5171597,1.4475733,0.0,0.0,1.0,1.0
5662,-0.11863311,1.5565614,1.4658155,0.0,0.0,1.0,1.0
5663,-0.40685207,1.5483134,1.4852326,0.0,0.0,1.0,1.0
5664,-0.11863311,1.562133,1.5056387,0.0,0.0,1.0,1.0
5665,-0.40685207,1.5573348,1.5277864,0.0,0.0,1.0,1.0
5666,-0.40685207,1.5600355,1.5488955,0.0,0.0,1.0,1.0
5667,-0.40685207,1.5525178,1.5688719,0.0,0.0,1.0,1.0
5668,-0.40685207,1.5377944,1.592415,0.0,0.0,1.0,1.0
5669,-0.40685207,1.5406421,1.6129179,0.0,0.0,1.0,1.0
5670,-0.40685207,1.5799359,1.6267499,0.0,0.0,1.0,1.0
5671,-0.40685207,1.6240417,1.6355988,0.0,0.0,1.0,1.0
5672,-0.40685207,1.6899925,1.6447734,0.0,0.0,1.0,1.0
5673,-0.6950357,1.7996777,1.652616,0.0,0.0,1.0,1.0
5674,-0.6950357,1.8025966,1.662286,0.0,0.0,1.0,1.0
5675,-0.4153457,1.714297,1.6737849,0.0,0.0,1.0,1.0
5676,-0.6950357,1.6683193,1.6878712,0.0,0.0,1.0,1.0
5677,-0.4153457,1.6674304,1.6958634,0.0,0.0,1.0,1.0
5678,-0.4153457,1.6541474,1.6967112,0.0,0.0,1.0,1.0
5679,-0.703494,1.6685576,1.6899905,0.0,0.0,1.0,1.0
5680,-0.703494,1.6757796,1.6730655,0.0,0.0,1.0,1.0
5681,-0.42380944,1.709679,1.6566051,0.0,0.0,1.0,1.0
5682,-0.703494,1.6758418,1.6459558,0.0,0.0,1.0,1.0
5683,-0.703494,1.6342156,1.6359538,0.0,0.0,1.0,1.0
5684,-0.42380944,1.6093434,1.6193105,0.0,0.0,1.0,1.0
5685,-0.7119224,1.5965785,1.6011492,0.0,0.0,1.0,1.0
5686,-0.7119224,1.6050724,1.5809196,0.0,0.0,1.0,1.0
5687,-0.7119224,1.5865046,1.5617766,0.0,0.0,1.0,1.0
5688,-0.43228358,1.548295,1.5355452,0.0,0.0,1.0,1.0
5689,-0.7119224,1.4677109,1.5174669,0.0,0.0,1.0,1.0
5690,-0.7203612,1.4362121,1.5168233,0.0,0.0,1.0,1.0
5691,-0.7203612,1.4258026,1.5245728,0.0,0.0,1.0,1.0
5692,-0.7203612,1.4460645,1.5339187,0.0,0.0,1.0,1.0
5693,-0.7203612,1.3949015,1.5475811,0.0,0.0,1.0,1.0
5694,-0.7203612,1.458902,1.5659481,0.0,0.0,1.0,1.0
5695,-0.4407414,1.6264923,1.599709,0.0,0.0,1.0,1.0
5696,-0.7203612,1.7023382,1.6420901,0.0,0.0,1.0,1.0
5697,-0.4407414,1.7087294,1.689048,0.0,0.0,1.0,1.0
5698,-0.4407414,1.7690201,1.7403595,0.0,0.0,1.0,1.0
5699,-0.4407414,1.8069092,1.7912763,0.0,0.0,1.0,1.0
5700,-0.4407414,1.9534258,1.8525364,0.0,0.0,0.0,1.0
5701,-0.4407414,1.9762839,1.9083995,0.0,0.0,0.0,1.0
5702,-0.4407414,1.9997065,1.9529731,0.0,0.0,0.0,1.0
5703,-0.15266378,2.0415418,1.9889843,0.0,0.0,0.0,1.0
5704,-0.15266378,2.0570648,2.0266516,0.0,0.0,0.0,1.0
5705,-0.15266378,2.130023,2.054198,0.0,0.0,0.0,1.0
5706,-0.15266378,2.1292593,2.0634646,0.0,0.0,0.0,1.0
5707,0.4150101,2.161376,2.0519514,0.0,0.0,0.0,1.0
5708,0.4150101,2.134473,2.033407,0.0,0.0,0.0,1.0
5709,0.13544916,2.1607363,2.011073,0.0,0.0,0.0,1.0
5710,0.4150101,2.0995767,1.9825816,0.0,0.0,0.0,1.0
5711,0.4150101,1.9181072,1.943805,0.0,0.0,0.0,1.0
5712,0.4150101,1.8152677,1.8977518,0.0,0.0,0.0,1.0
5713,0.13544916,1.7537508,1.8509437,0.0,0.0,0.0,1.0
5714,0.7031584,1.7316992,1.7958567,0.0,0.0,0.0,1.0
5715,0.7031584,1.6996449,1.7427866,0.0,0.0,0.0,1.0
5716,0.4150101,1.5917462,1.6851742,0.0,0.0,0.0,1.0
5717,0.7031584,1.5773836,1.6356981,0.0,0.0,0.0,1.0
5718,0.42359743,1.5675628,1.6034789,0.0,0.0,0.0,1.0
5719,0.7031584,1.5003314,1.5815066,0.0,0.0,0.0,1.0
5720,0.7031584,1.4976331,1.5692843,0.0,0.0,0.0,1.0
5721,0.99134195,1.4693873,1.5646287,0.0,0.0,0.0,1.0
5722,0.711781,1.505862,1.5639709,0.0,0.0,0.0,1.0
5723,0.711781,1.5314775,1.5779259,0.0,0.0,0.0,1.0
5724,0.711781,1.5516005,1.5934516,0.0,0.0,0.0,1.0
5725,0.711781,1.6070826,1.6099494,0.0,0.0,0.0,1.0
5726,0.711781,1.6758331,1.6342576,0.0,0.0,0.0,1.0
5727,0.711781,1.6917506,1.6595107,0.0,0.0,0.0,1.0
5728,0.711781,1.7592065,1.6840202,0.0,0.0,0.0,1.0
5729,0.711781,1.7636919,1.7010114,0.0,0.0,0.0,1.0
5730,0.711781,1.7655362,1.7206438,0.0,0.0,0.0,1.0
5731,0.43216124,1.7920297,1.7383237,0.0,0.0,0.0,1.0
5732,0.43216124,1.8006703,1.7488552,0.0,0.0,1.0,1.0
5733,0.43216124,1.7635012,1.7514153,0.0,0.0,1.0,1.0
5734,0.7203802,1.7097573,1.7503315,0.0,0.0,1.0,1.0
5735,0.15252244,1.767065,1.734224,0.0,0.0,1.0,1.0
5736,0.4407414,1.7637603,1.7073113,0.0,0.0,1.0,1.0
5737,0.4407414,1.7334609,1.6746291,0.0,0.0,1.0,1.0
5738,-0.1271621,1.706553,1.6333704,0.0,0.0,1.0,1.0
5739,0.16105686,1.6787457,1.5913929,0.0,0.0,1.0,1.0
5740,0.16105686,1.5659152,1.5486634,0.0,0.0,1.0,1.0
5741,0.16105686,1.440741,1.5062428,0.0,0.0,1.0,1.0
5742,0.16105686,1.3733491,1.4619005,0.0,0.0,1.0,1.0
5743,-0.11863311,1.2969254,1.4162495,0.0,0.0,1.0,1.0
5744,-0.11863311,1.2969398,1.3737298,0.0,0.0,1.0,1.0
5745,-0.11863311,1.2507474,1.3359271,0.0,0.0,1.0,1.0
5746,-0.11863311,1.2007105,1.2977118,0.0,0.0,1.0,1.0
5747,-0.11863311,1.2349575,1.2683512,0.0,0.0,1.0,1.0
5748,-0.11863311,1.2159482,1.2466632,0.0,0.0,1.0,1.0
5749,-0.11863311,1.2232249,1.2325519,0.0,0.0,1.0,1.0
5750,-0.11863311,1.2529211,1.2292664,0.0,0.0,1.0,1.0
5751,-0.11863311,1.2201622,1.2360414,0.0,0.0,1.0,1.0
5752,-0.11863311,1.2135875,1.2584469,0.0,0.0,1.0,1.0
5753,-0.11863311,1.1804845,1.287453,0.0,0.0,1.0,1.0
5754,-0.11863311,1.2040145,1.3234204,0.0,0.0,1.0,1.0
5755,-0.11863311,1.2574987,1.3558402,0.0,0.0,1.0,1.0
5756,-0.11863311,1.3782402,1.3971874,0.0,0.0,1.0,1.0
5757,-0.40685207,1.519613,1.4424884,0.0,0.0,1.0,1.0
5758,-0.40685207,1.5487846,1.4934028,0.0,0.0,1.0,1.0
5759,-0.40685207,1.6665651,1.5532091,0.0,0.0,1.0,1.0
5760,-0.40685207,1.6049864,1.625943,0.0,0.0,1.0,1.0
5761,-0.40685207,1.7193907,1.7068583,0.0,0.0,1.0,1.0
5762,-0.40685207,1.7965341,1.7894481,0.0,0.0,1.0,1.0
5763,-0.6950357,1.8311347,1.8611481,0.0,0.0,1.0,1.0
5764,-0.4153457,1.9312627,1.9221113,0.0,0.0,1.0,1.0
5765,-0.4153457,2.05329,1.9880317,0.0,0.0,1.0,1.0
5766,-0.4153457,2.1749985,2.0443664,0.0,0.0,1.0,1.0
5767,-0.4153457,2.2485776,2.1049688,0.0,0.0,1.0,1.0
5768,-0.4153457,2.2386403,2.154687,0.0,0.0,1.0,1.0
5769,-0.703494,2.2511706,2.1966174,0.0,0.0,1.0,1.0
5770,-0.703494,2.3398304,2.2370753,0.0,0.0,1.0,1.0
5771,-0.42380944,2.3425815,2.2688448,0.0,0.0,1.0,1.0
5772,-0.703494,2.3322146,2.2834005,0.0,0.0,1.0,1.0
5773,-0.7119224,2.316009,2.295703,0.0,0.0,1.0,1.0
5774,-0.42380944,2.2996976,2.2947743,0.0,0.0,1.0,1.0
5775,-0.7119224,2.316632,2.2880566,0.0,0.0,1.0,1.0
5776,-0.7119224,2.3124957,2.2781067,0.0,0.0,1.0,1.0
5777,-0.7119224,2.2279582,2.2620423,0.0,0.0,1.0,1.0
5778,-0.43228358,2.322627,2.2492435,0.0,0.0,1.0,1.0
5779,-0.7203612,2.2374337,2.2389033,0.0,0.0,1.0,1.0
5780,-0.7203612,2.1580296,2.2405996,0.0,0.0,1.0,1.0
5781,-0.7203612,2.1317701,2.2469409,0.0,0.0,1.0,1.0
5782,-0.7203612,2.1470594,2.2583206,0.0,0.0,1.0,1.0
5783,-0.7203612,2.188996,2.2765646,0.0,0.0,0.0,1.0
5784,-0.4407414,2.2081296,2.2996283,0.0,0.0,0.0,1.0
5785,-0.4407414,2.3363678,2.3175151,0.0,0.0,0.0,1.0
5786,-0.4407414,2.3757894,2.3450959,0.0,0.0,0.0,1.0
5787,-0.4407414,2.4531891,2.3875813,0.0,0.0,0.0,1.0
5788,-0.4407414,2.5314248,2.4430366,0.0,0.0,0.0,1.0
5789,-0.4407414,2.5047219,2.4888268,0.0,0.0,0.0,1.0
5790,-0.4407414,2.5372715,2.534413,0.0,0.0,0.0,1.0
5791,-0.15266378,2.5684013,2.5784097,0.0,0.0,0.0,1.0
5792,-0.15266378,2.6678562,2.6135335,0.0,0.0,0.0,1.0
5793,-0.15266378,2.7972326,2.6407905,0.0,0.0,0.0,1.0
5794,0.4150101,2.696541,2.6587615,0.0,0.0,0.0,1.0
5795,0.13544916,2.736032,2.6731355,0.0,0.0,0.0,1.0
5796,0.13544916,2.7360892,2.6807756,0.0,0.0,0.0,1.0
5797,0.4150101,2.7578523,2.6796587,0.0,0.0,0.0,1.0
5798,0.4150101,2.7028742,2.6726542,0.0,0.0,0.0,1.0
5799,0.4150101,2.6688404,2.6537766,0.0,0.0,0.0,1.0
5800,0.4150101,2.7039125,2.6245363,0.0,0.0,0.0,1.0
5801,0.7031584,2.596405,2.6000693,0.0,0.0,0.0,1.0
5802,0.13544916,2.5238674,2.5646393,0.0,0.0,0.0,1.0
5803,0.7031584,2.484347,2.5263038,0.0,0.0,0.0,1.0
5804,0.7031584,2.441325,2.4842594,0.0,0.0,0.0,1.0
5805,0.7031584,2.4463491,2.451156,0.0,0.0,0.0,1.0
5806,0.7031584,2.402937,2.4177623,0.0,0.0,0.0,1.0
5807,0.42359743,2.3108726,2.3816009,0.0,0.0,0.0,1.0
5808,0.99134195,2.2760642,2.3500826,0.0,0.0,0.0,1.0
5809,0.711781,2.2533178,2.3183055,0.0,0.0,0.0,1.0
5810,0.711781,2.3056316,2.2842743,0.0,0.0,0.0,1.0
5811,0.711781,2.268119,2.2514582,0.0,0.0,0.0,1.0
5812,0.711781,2.2699752,2.2174604,0.0,0.0,0.0,1.0
5813,0.711781,2.2181866,2.1800518,0.0,0.0,0.0,1.0
5814,0.711781,2.1425402,2.1432445,0.0,0.0,0.0,1.0
5815,0.711781,2.0759747,2.1024468,0.0,0.0,0.0,1.0
5816,0.43216124,2.047531,2.059515,0.0,0.0,0.0,1.0
5817,0.43216124,2.0383747,2.0145633,0.0,0.0,0.0,1.0
5818,0.7203802,1.9540347,1.9735639,0.0,0.0,0.0,1.0
5819,0.7203802,1.8691843,1.9290115,0.0,0.0,0.0,1.0
5820,0.15252244,1.7864922,1.8807331,0.0,0.0,0.0,1.0
5821,0.4407414,1.7381345,1.8368834,0.0,0.0,0.0,1.0
5822,0.4407414,1.7662132,1.7982384,0.0,0.0,0.0,1.0
5823,0.15252244,1.776126,1.7602129,0.0,0.0,0.0,1.0
5824,0.16105686,1.7353456,1.7226944,0.0,0.0,0.0,1.0
5825,0.16105686,1.6388471,1.6944504,0.0,0.0,0.0,1.0
5826,0.16105686,1.6163429,1.674206,0.0,0.0,0.0,1.0
5827,-0.11863311,1.6122353,1.666713,0.0,0.0,0.0,1.0
5828,-0.11863311,1.591225,1.6691995,0.0,0.0,0.0,1.0
5829,-0.11863311,1.5881522,1.6694026,0.0,0.0,0.0,1.0
5830,-0.11863311,1.6151055,1.6745663,0.0,0.0,0.0,1.0
5831,-0.11863311,1.6262525,1.6935027,0.0,0.0,0.0,1.0
5832,-0.11863311,1.6965768,1.725693,0.0,0.0,1.0,1.0
5833,-0.11863311,1.7679714,1.7613794,0.0,0.0,1.0,1.0
5834,-0.11863311,1.7686507,1.7978653,0.0,0.0,1.0,1.0
5835,-0.11863311,1.8380896,1.8401577,0.0,0.0,1.0,1.0
5836,-0.11863311,1.9625835,1.8843552,0.0,0.0,1.0,1.0
5837,-0.11863311,2.0251305,1.9257385,0.0,0.0,1.0,1.0
5838,-0.11863311,2.0445788,1.9676435,0.0,0.0,1.0,1.0
5839,-0.11863311,2.0500662,2.004252,0.0,0.0,1.0,1.0
5840,-0.11863311,2.0987353,2.032698,0.0,0.0,1.0,1.0
5841,-0.40685207,2.1185207,2.0575483,0.0,0.0,1.0,1.0
5842,-0.11863311,2.111705,2.0743802,0.0,0.0,1.0,1.0
5843,-0.40685207,2.1291127,2.0791702,0.0,0.0,1.0,1.0
5844,-0.40685207,2.1358802,2.0720847,0.0,0.0,1.0,1.0
5845,-0.40685207,2.1093216,2.0600617,0.0,0.0,1.0,1.0
5846,-0.40685207,2.066856,2.040782,0.0,0.0,1.0,1.0
5847,-0.40685207,2.0400722,2.012309,0.0,0.0,1.0,1.0
5848,-0.40685207,2.020062,1.978731,0.0,0.0,1.0,1.0
5849,-0.6950357,1.9401056,1.9403404,0.0,0.0,1.0,1.0
5850,-0.4153457,1.9003034,1.8990579,0.0,0.0,1.0,1.0
5851,-0.4153457,1.8187102,1.8539356,0.0,0.0,1.0,1.0
5852,-0.4153457,1.7570587,1.8133684,0.0,0.0,1.0,1.0
5853,-0.4153457,1.7155849,1.7725266,0.0,0.0,1.0,1.0
5854,-0.4153457,1.6510171,1.7309268,0.0,0.0,1.0,1.0
5855,-0.703494,1.633723,1.6877909,0.0,0.0,1.0,1.0
5856,-0.703494,1.5944122,1.654039,0.0,0.0,1.0,1.0
5857,-0.703494,1.622516,1.62806,0.0,0.0,1.0,1.0
5858,-0.703494,1.5767543,1.6150484,0.0,0.0,1.0,1.0
5859,-0.42380944,1.5408744,1.6068015,0.0,0.0,1.0,1.0
5860,-0.42380944,1.5024302,1.6071123,0.0,0.0,1.0,1.0
5861,-0.7119224,1.5350838,1.6158911,0.0,0.0,1.0,1.0
5862,-0.7119224,1.5885546,1.6290904,0.0,0.0,1.0,1.0
5863,-0.7119224,1.6625718,1.6439799,0.0,0.0,1.0,1.0
5864,-0.7119224,1.6580956,1.6637076,0.0,0.0,1.0,1.0
5865,-0.43228358,1.7193139,1.6899301,0.0,0.0,1.0,1.0
5866,-0.7203612,1.7563629,1.7244209,0.0,0.0,1.0,1.0
5867,-0.7203612,1.7921162,1.7654437,0.0,0.0,1.0,1.0
5868,-0.7203612,1.7730852,1.8123641,0.0,0.0,1.0,1.0
5869,-0.7203612,1.8592488,1.8594035,0.0,0.0,1.0,1.0
5870,-0.7203612,1.8914241,1.906432,0.0,0.0,1.0,1.0
5871,-0.4407414,1.9547638,1.9589369,0.0,0.0,1.0,1.0
5872,-0.4407414,1.9947035,2.0030167,0.0,0.0,1.0,1.0
5873,-0.4407414,2.098129,2.0396104,0.0,0.0,1.0,1.0
5874,-0.4407414,2.1530275,2.0673094,0.0,0.0,1.0,1.0
5875,-0.4407414,2.2269144,2.0915205,0.0,0.0,1.0,1.0
5876,-0.4407414,2.2881536,2.104562,0.0,0.0,1.0,1.0
5877,-0.4407414,2.248272,2.1152606,0.0,0.0,1.0,1.0
5878,-0.15266378,2.1954873,2.119154,0.0,0.0,1.0,1.0
5879,-0.15266378,2.1245022,2.1180725,0.0,0.0,1.0,1.0
5880,-0.15266378,2.0636203,2.0965571,0.0,0.0,0.0,1.0
5881,0.12689714,2.0157466,2.0707762,0.0,0.0,0.0,1.0
5882,0.12689714,2.0198069,2.0312412,0.0,0.0,0.0,1.0
5883,0.4150101,2.0014856,1.9772037,0.0,0.0,0.0,1.0
5884,0.4150101,1.9817235,1.912984,0.0,0.0,0.0,1.0
5885,0.4150101,1.8399445,1.8486828,0.0,0.0,0.0,1.0
5886,0.4150101,1.8436586,1.787772,0.0,0.0,0.0,1.0
5887,0.4150101,1.7524929,1.7303873,0.0,0.0,0.0,1.0
5888,0.7031584,1.6397051,1.6747338,0.0,0.0,0.0,1.0
5889,0.7031584,1.4776347,1.6202517,0.0,0.0,0.0,1.0
5890,0.7031584,1.4238722,1.5694838,0.0,0.0,0.0,1.0
5891,0.7031584,1.3935744,1.5219524,0.0,0.0,0.0,1.0
5892,0.7031584,1.3750036,1.4817988,0.0,0.0,0.0,1.0
5893,0.7031584,1.3479033,1.441045,0.0,0.0,0.0,1.0
5894,0.7031584,1.3660221,1.4114717,0.0,0.0,0.0,1.0
5895,0.711781,1.3922706,1.3881012,0.0,0.0,0.0,1.0
5896,0.42359743,1.4113473,1.3772756,0.0,0.0,0.0,1.0
5897,0.99134195,1.3581012,1.3695246,0.0,0.0,0.0,1.0
5898,0.711781,1.3546126,1.3666847,0.0,0.0,0.0,1.0
5899,0.711781,1.3976142,1.365868,0.0,0.0,0.0,1.0
5900,0.711781,1.3592584,1.3662485,0.0,0.0,0.0,1.0
5901,0.711781,1.3477271,1.3611009,0.0,0.0,0.0,1.0
5902,0.711781,1.3308609,1.3523144,0.0,0.0,0.0,1.0
5903,0.711781,1.3594944,1.3359501,0.0,0.0,0.0,1.0
5904,0.711781,1.3652037,1.323058,0.0,0.0,0.0,1.0
5905,0.43216124,1.3524693,1.3073381,0.0,0.0,0.0,1.0
5906,0.43216124,1.3042506,1.2838141,0.0,0.0,0.0,1.0
5907,0.7203802,1.286832,1.2600747,0.0,0.0,0.0,1.0
5908,0.7203802,1.2149774,1.2386115,0.0,0.0,0.0,1.0
5909,0.4407414,1.2033951,1.2171851,0.0,0.0,1.0,1.0
5910,0.4407414,1.165974,1.1876162,0.0,0.0,1.0,1.0
5911,0.4407414,1.1153256,1.1619484,0.0,0.0,1.0,1.0
5912,0.16105686,1.0743864,1.1439734,0.0,0.0,1.0,1.0
5913,0.16105686,1.0901675,1.1330072,0.0,0.0,1.0,1.0
5914,0.16105686,1.0737456,1.1233947,0.0,0.0,1.0,1.0
5915,0.16105686,1.0046673,1.1294143,0.0,0.0,1.0,1.0
5916,0.16105686,1.0571907,1.1419371,0.0,0.0,1.0,1.0
5917,-0.11863311,1.1367682,1.1604294,0.0,0.0,1.0,1.0
5918,-0.11863311,1.1726558,1.185023,0.0,0.0,1.0,1.0
5919,-0.11863311,1.1714834,1.2185977,0.0,0.0,1.0,1.0
5920,-0.11863311,1.2872126,1.2535145,0.0,0.0,1.0,1.0
5921,-0.11863311,1.3536688,1.3109777,0.0,0.0,1.0,1.0
5922,-0.11863311,1.3878798,1.375934,0.0,0.0,1.0,1.0
5923,-0.11863311,1.4104491,1.4369898,0.0,0.0,1.0,1.0
5924,0.16105686,1.4772834,1.4918234,0.0,0.0,1.0,1.0
5925,-0.11863311,1.5091698,1.5437093,0.0,0.0,0.0,1.0
5926,-0.11863311,1.7633028,1.5922271,0.0,0.0,0.0,1.0
5927,0.16105686,1.7841434,1.6284068,0.0,0.0,1.0,1.0
5928,-0.11863311,1.7898599,1.6586801,0.0,0.0,1.0,1.0
5929,0.16105686,1.7947718,1.6820515,0.0,0.0,1.0,1.0
5930,-0.11863311,1.7952863,1.704718,0.0,0.0,1.0,1.0
5931,-0.40685207,1.7536975,1.7130853,0.0,0.0,1.0,1.0
5932,-0.40685207,1.7213681,1.7152715,0.0,0.0,1.0,1.0
5933,-0.11863311,1.7169492,1.69131,0.0,0.0,1.0,1.0
5934,-0.40685207,1.6683373,1.6595237,0.0,0.0,1.0,1.0
5935,-0.40685207,1.6824466,1.6263992,0.0,0.0,1.0,1.0
5936,-0.40685207,1.5776911,1.5907223,0.0,0.0,1.0,1.0
5937,-0.40685207,1.5354038,1.5357189,0.0,0.0,1.0,1.0
5938,-0.40685207,1.4757657,1.4834075,0.0,0.0,1.0,1.0
5939,-0.40685207,1.4027072,1.4286429,0.0,0.0,1.0,1.0
5940,-0.6950357,1.3923647,1.3756804,0.0,0.0,1.0,1.0
5941,-0.6950357,1.3666507,1.3228447,0.0,0.0,1.0,1.0
5942,-0.6950357,1.1352446,1.2752601,0.0,0.0,1.0,1.0
5943,-0.4153457,1.1259604,1.2385498,0.0,0.0,1.0,1.0
5944,-0.4153457,1.0641935,1.2025615,0.0,0.0,1.0,1.0
5945,-0.4153457,1.0813994,1.1693337,0.0,0.0,1.0,1.0
5946,-0.703494,1.034309,1.1410947,0.0,0.0,1.0,1.0
5947,-0.703494,1.1114309,1.1123662,0.0,0.0,1.0,1.0
5948,-0.703494,1.1371676,1.085806,0.0,0.0,1.0,1.0
5949,-0.703494,1.1035447,1.0862534,0.0,0.0,1.0,1.0
5950,-0.42380944,1.0770322,1.0926975,0.0,0.0,1.0,1.0
5951,-0.7119224,1.0638385,1.1161337,0.0,0.0,1.0,1.0
5952,-0.7119224,1.0476236,1.1395576,0.0,0.0,1.0,1.0
5953,-0.7119224,1.047928,1.1669297,0.0,0.0,1.0,1.0
5954,-0.7119224,1.1406131,1.185716,0.0,0.0,1.0,1.0
5955,-0.7119224,1.2032899,1.2169492,0.0,0.0,1.0,1.0
5956,-0.43228358,1.3454275,1.2539779,0.0,0.0,1.0,1.0
5957,-0.43228358,1.3624861,1.2945545,0.0,0.0,1.0,1.0
5958,-0.7203612,1.3627739,1.3373885,0.0,0.0,1.0,1.0
5959,-0.7203612,1.3368676,1.3803438,0.0,0.0,1.0,1.0
5960,-0.7203612,1.511965,1.4355339,0.0,0.0,1.0,1.0
5961,-0.7203612,1.5478892,1.4934115,0.0,0.0,1.0,1.0
5962,-0.4407414,1.5639509,1.5428299,0.0,0.0,1.0,1.0
5963,-0.7203612,1.5778469,1.5942825,0.0,0.0,1.0,1.0
5964,-0.4407414,1.5630872,1.642703,0.0,0.0,1.0,1.0
5965,-0.4407414,1.7102096,1.6829973,0.0,0.0,1.0,1.0
5966,-0.4407414,1.8351445,1.7177117,0.0,0.0,1.0,1.0
5967,-0.4407414,1.7963107,1.7231194,0.0,0.0,1.0,1.0
5968,-0.4407414,1.9628582,1.7225385,0.0,0.0,1.0,1.0
5969,-0.4407414,1.9435333,1.7172011,0.0,0.0,1.0,1.0
5970,-0.15266378,1.8463049,1.7107698,0.0,0.0,1.0,1.0
5971,-0.15266378,1.7534394,1.6940566,0.0,0.0,1.0,1.0
5972,0.12689714,1.576858,1.6586788,0.0,0.0,0.0,1.0
5973,0.12689714,1.5409184,1.6133938,0.0,0.0,0.0,1.0
5974,0.4150101,1.4999028,1.5663171,0.0,0.0,0.0,1.0
5975,0.12689714,1.5006701,1.5046432,0.0,0.0,0.0,1.0
5976,0.4150101,1.3625299,1.4311408,0.0,0.0,0.0,1.0
5977,0.4150101,1.2856749,1.3568808,0.0,0.0,0.0,1.0
5978,0.4150101,1.2917244,1.2951144,0.0,0.0,0.0,1.0
5979,0.4150101,1.2313901,1.2341452,0.0,0.0,0.0,1.0
5980,0.4150101,1.2227724,1.1751876,0.0,0.0,0.0,1.0
5981,0.7031584,1.0615044,1.1247662,0.0,0.0,0.0,1.0
5982,0.7031584,0.9551849,1.080662,0.0,0.0,0.0,1.0
5983,0.7031584,1.0122424,1.0470073,0.0,0.0,0.0,1.0
5984,0.7031584,0.84522676,1.0195076,0.0,0.0,0.0,1.0
5985,0.7031584,0.8334276,0.9912542,0.0,0.0,0.0,1.0
5986,0.7031584,0.8948469,0.9770874,0.0,0.0,0.0,1.0
5987,0.7031584,0.97141963,0.9668389,0.0,0.0,0.0,1.0
5988,0.99134195,0.9586734,0.96805245,0.0,0.0,0.0,1.0
5989,0.99134195,0.9556784,0.97810346,0.0,0.0,0.0,1.0
5990,0.99134195,0.9526834,0.98684657,0.0,0.0,0.0,1.0
5991,0.99134195,1.0613884,1.0052396,0.0,0.0,0.0,1.0
5992,0.99134195,1.0997909,1.0233783,0.0,0.0,0.0,1.0
5993,0.711781,1.0760669,1.0371853,0.0,0.0,0.0,1.0
5994,0.711781,1.075797,1.0438792,0.0,0.0,0.0,1.0
5995,0.711781,1.1171598,1.0512882,0.0,0.0,0.0,1.0
5996,0.711781,1.0659429,1.0622355,0.0,0.0,0.0,1.0
5997,0.711781,1.0510912,1.0716183,0.0,0.0,0.0,1.0
5998,0.711781,1.0605313,1.066099,0.0,0.0,0.0,1.0
5999,0.43216124,1.0517462,1.064616,0.0,0.0,0.0,1.0
6000,0.43216124,1.0475825,1.0649905,0.0,0.0,0.0,1.0
6001,0.7203802,1.0870446,1.0705866,0.0,0.0,0.0,1.0
6002,0.4407414,1.0652777,1.0710095,0.0,0.0,0.0,1.0
6003,0.4407414,0.99515724,1.0770061,0.0,0.0,0.0,1.0
6004,0.15252244,1.0819942,1.0914916,0.0,0.0,0.0,1.0
6005,0.4407414,1.0805624,1.1070693,0.0,0.0,0.0,1.0
6006,0.16105686,1.1429495,1.1205177,0.0,0.0,0.0,1.0
6007,0.16105686,1.122235,1.140301,0.0,0.0,0.0,1.0
6008,0.16105686,1.1379011,1.1578218,0.0,0.0,0.0,1.0
6009,0.16105686,1.2249168,1.1798623,0.0,0.0,0.0,1.0
6010,-0.11863311,1.2474633,1.2061304,0.0,0.0,0.0,1.0
6011,0.16105686,1.2131283,1.2331516,0.0,0.0,0.0,1.0
6012,-0.11863311,1.2849813,1.2611631,0.0,0.0,1.0,1.0
6013,-0.11863311,1.2972941,1.2859664,0.0,0.0,1.0,1.0
6014,0.16105686,1.3297647,1.3217465,0.0,0.0,1.0,1.0
6015,0.16105686,1.3103744,1.3532592,0.0,0.0,1.0,1.0
6016,0.16105686,1.4062481,1.3782805,0.0,0.0,1.0,1.0
6017,0.16105686,1.416701,1.3994043,0.0,0.0,1.0,1.0
6018,0.16105686,1.4405882,1.4192241,0.0,0.0,1.0,1.0
6019,0.16105686,1.5515966,1.4297016,0.0,0.0,1.0,1.0
6020,0.16105686,1.5160532,1.4371388,0.0,0.0,1.0,1.0
6021,0.16105686,1.5251734,1.4439836,0.0,0.0,1.0,1.0
6022,0.16105686,1.5009478,1.4579787,0.0,0.0,1.0,1.0
6023,-0.40685207,1.4509673,1.4700922,0.0,0.0,1.0,1.0
6024,-0.40685207,1.4107106,1.4847157,0.0,0.0,1.0,1.0
6025,-0.40685207,1.3865397,1.498251,0.0,0.0,1.0,1.0
6026,-0.40685207,1.4119017,1.5023355,0.0,0.0,1.0,1.0
6027,-0.40685207,1.4783173,1.5037556,0.0,0.0,1.0,1.0
6028,-0.40685207,1.5516099,1.5068656,0.0,0.0,1.0,1.0
6029,-0.1271621,1.5921823,1.5100999,0.0,0.0,1.0,1.0
6030,-0.4153457,1.6030122,1.5201595,0.0,0.0,1.0,1.0
6031,-0.4153457,1.6006119,1.5338581,0.0,0.0,1.0,1.0
6032,-0.4153457,1.5330931,1.5536581,0.0,0.0,1.0,1.0
6033,-0.4153457,1.5624937,1.5717523,0.0,0.0,1.0,1.0
6034,-0.4153457,1.5397593,1.5866742,0.0,0.0,1.0,1.0
6035,-0.703494,1.5716822,1.5948678,0.0,0.0,1.0,1.0
6036,-0.703494,1.575093,1.6041104,0.0,0.0,1.0,1.0
6037,-0.42380944,1.624141,1.6142589,0.0,0.0,1.0,1.0
6038,-0.42380944,1.6290324,1.6242777,0.0,0.0,1.0,1.0
6039,-0.42380944,1.6573801,1.6369505,0.0,0.0,1.0,1.0
6040,-0.7119224,1.6499333,1.654283,0.0,0.0,1.0,1.0
6041,-0.7119224,1.7030916,1.6782966,0.0,0.0,1.0,1.0
6042,-0.7119224,1.7247955,1.703817,0.0,0.0,1.0,1.0
6043,-0.7119224,1.7208369,1.7359842,0.0,0.0,1.0,1.0
6044,-0.43228358,1.6851674,1.7625654,0.0,0.0,1.0,1.0
6045,-0.43228358,1.7704842,1.7935995,0.0,0.0,1.0,1.0
6046,-0.43228358,1.8279206,1.818475,0.0,0.0,1.0,1.0
6047,-0.7203612,1.8779278,1.8455704,0.0,0.0,1.0,1.0
6048,-0.7203612,1.9610994,1.8693223,0.0,0.0,1.0,1.0
6049,-0.7203612,1.9431149,1.8935122,0.0,0.0,1.0,1.0
6050,-0.7203612,2.0014422,1.921035,0.0,0.0,1.0,1.0
6051,-0.4407414,1.9558865,1.9539765,0.0,0.0,1.0,1.0
6052,-0.4407414,1.975078,1.9762034,0.0,0.0,1.0,1.0
6053,-0.4407414,1.9881151,1.9925534,0.0,0.0,1.0,1.0
6054,-0.4407414,2.0150747,1.9971757,0.0,0.0,1.0,1.0
6055,-0.4407414,2.0511105,1.9911574,0.0,0.0,1.0,1.0
6056,-0.4407414,2.0804646,1.9775683,0.0,0.0,1.0,1.0
6057,-0.4407414,2.0372066,1.9482081,0.0,0.0,1.0,1.0
6058,-0.4407414,2.0241206,1.9157729,0.0,0.0,1.0,1.0
6059,-0.4407414,1.9333951,1.874158,0.0,0.0,1.0,1.0
6060,-0.4407414,1.8888799,1.8306664,0.0,0.0,1.0,1.0
6061,-0.15266378,1.7800459,1.7817332,0.0,0.0,1.0,1.0
6062,0.12689714,1.6491195,1.7288158,0.0,0.0,1.0,1.0
6063,0.12689714,1.5666643,1.6674173,0.0,0.0,1.0,1.0
6064,0.12689714,1.4757,1.6039323,0.0,0.0,1.0,1.0
6065,0.12689714,1.4662156,1.5393395,0.0,0.0,1.0,1.0
6066,0.4150101,1.4278747,1.4770671,0.0,0.0,0.0,1.0
6067,0.4150101,1.4161028,1.4204453,0.0,0.0,0.0,1.0
6068,0.4150101,1.343683,1.3718907,0.0,0.0,0.0,1.0
6069,0.4150101,1.2753855,1.3339232,0.0,0.0,0.0,1.0
6070,0.7031584,1.2490083,1.3102149,0.0,0.0,0.0,1.0
6071,0.7031584,1.1861261,1.2974873,0.0,0.0,0.0,1.0
6072,0.7031584,1.2094183,1.2858528,0.0,0.0,0.0,1.0
6073,0.7031584,1.1973906,1.284905,0.0,0.0,1.0,1.0
6074,0.7031584,1.1935099,1.2887549,0.0,0.0,1.0,1.0
6075,0.7031584,1.2821631,1.3012387,0.0,0.0,1.0,1.0
6076,0.42359743,1.3229688,1.3206996,0.0,0.0,1.0,1.0
6077,0.99134195,1.3266017,1.3463033,0.0,0.0,1.0,1.0
6078,0.711781,1.4165015,1.3741567,0.0,0.0,1.0,1.0
6079,0.711781,1.4623017,1.408683,0.0,0.0,1.0,1.0
6080,0.711781,1.4934888,1.4528774,0.0,0.0,1.0,1.0
6081,0.711781,1.5089159,1.4980048,0.0,0.0,1.0,1.0
6082,0.711781,1.5562534,1.5394007,0.0,0.0,1.0,1.0
6083,0.711781,1.5203674,1.5779757,0.0,0.0,1.0,1.0
6084,0.711781,1.6237324,1.614703,0.0,0.0,1.0,1.0
6085,0.711781,1.7277238,1.6431079,0.0,0.0,1.0,1.0
6086,0.711781,1.7350386,1.6589994,0.0,0.0,1.0,1.0
6087,0.43216124,1.7789147,1.6690516,0.0,0.0,1.0,1.0
6088,0.711781,1.7858682,1.6755323,0.0,0.0,1.0,1.0
6089,0.7203802,1.7673305,1.6710312,0.0,0.0,0.0,1.0
6090,0.7203802,1.7573587,1.6683934,0.0,0.0,0.0,1.0
6091,0.7203802,1.6530002,1.6557852,0.0,0.0,0.0,1.0
6092,0.15252244,1.6141157,1.632406,0.0,0.0,0.0,1.0
6093,0.4407414,1.5866843,1.5974627,0.0,0.0,0.0,1.0
6094,0.4407414,1.5022398,1.5526195,0.0,0.0,0.0,1.0
6095,0.16105686,1.4887131,1.495129,0.0,0.0,0.0,1.0
6096,0.16105686,1.4724352,1.4366157,0.0,0.0,0.0,1.0
6097,0.16105686,1.4471724,1.3711817,0.0,0.0,0.0,1.0
6098,0.16105686,1.3157195,1.306807,0.0,0.0,0.0,1.0
6099,-0.11863311,1.2407959,1.2401512,0.0,0.0,0.0,1.0
6100,-0.11863311,1.0959829,1.1740974,0.0,0.0,0.0,1.0
6101,-0.11863311,1.0651706,1.1131607,0.0,0.0,0.0,1.0
6102,-0.11863311,0.97215134,1.0591259,0.0,0.0,1.0,1.0
6103,-0.11863311,0.88050336,1.004677,0.0,0.0,1.0,1.0
6104,-0.11863311,0.8142453,0.9528248,0.0,0.0,1.0,1.0
6105,-0.11863311,0.7940392,0.9102656,0.0,0.0,1.0,1.0
6106,-0.11863311,0.77099997,0.8706072,0.0,0.0,1.0,1.0
6107,-0.11863311,0.8402946,0.84094006,0.0,0.0,1.0,1.0
6108,-0.11863311,0.8190502,0.81056637,0.0,0.0,1.0,1.0
6109,-0.11863311,0.82494444,0.79403704,0.0,0.0,1.0,1.0
6110,-0.11863311,0.80501,0.7938748,0.0,0.0,1.0,1.0
6111,-0.11863311,0.7648948,0.80590796,0.0,0.0,1.0,1.0
6112,-0.11863311,0.73997706,0.81498754,0.0,0.0,1.0,1.0
6113,-0.40685207,0.7006864,0.82756233,0.0,0.0,1.0,1.0
6114,-0.40685207,0.7737992,0.8327576,0.0,0.0,1.0,1.0
6115,-0.40685207,0.8785564,0.8400748,0.0,0.0,1.0,1.0
6116,-0.40685207,0.95864356,0.8438652,0.0,0.0,1.0,1.0
6117,-0.40685207,0.902994,0.85189587,0.0,0.0,1.0,1.0
6118,-0.40685207,0.9218977,0.8575462,0.0,0.0,1.0,1.0
6119,-0.40685207,0.9026376,0.86240846,0.0,0.0,1.0,1.0
6120,-0.40685207,0.90685654,0.87078106,0.0,0.0,1.0,1.0
6121,-0.6950357,0.8704296,0.8735347,0.0,0.0,1.0,1.0
6122,-0.6950357,0.9013774,0.87091017,0.0,0.0,1.0,1.0
6123,-0.4153457,0.832699,0.8636018,0.0,0.0,1.0,1.0
6124,-0.4153457,0.79832405,0.8693563,0.0,0.0,1.0,1.0
6125,-0.4153457,0.8011579,0.8747055,0.0,0.0,1.0,1.0
6126,-0.703494,0.80684245,0.87686485,0.0,0.0,1.0,1.0
6127,-0.703494,0.8470622,0.8759655,0.0,0.0,1.0,1.0
6128,-0.703494,0.870943,0.8814857,0.0,0.0,1.0,1.0
6129,-0.42380944,0.97204775,0.89387196,0.0,0.0,1.0,1.0
6130,-0.703494,0.98608845,0.91634715,0.0,0.0,1.0,1.0
6131,-0.42380944,0.92854977,0.9467437,0.0,0.0,1.0,1.0
6132,-0.7119224,0.89606404,0.98606724,0.0,0.0,1.0,1.0
6133,-0.7119224,0.9366727,1.0313895,0.0,0.0,1.0,1.0
6134,-0.7119224,1.050012,1.0796877,0.0,0.0,1.0,1.0
6135,-0.7119224,1.1024011,1.132063,0.0,0.0,1.0,1.0
6136,-0.7119224,1.1630837,1.1802301,0.0,0.0,1.0,1.0
6137,-0.7203612,1.2730399,1.2336587,0.0,0.0,1.0,1.0
6138,-0.7203612,1.3507084,1.3030444,0.0,0.0,1.0,1.0
6139,-0.43228358,1.4266417,1.3778505,0.0,0.0,1.0,1.0
6140,-0.7203612,1.4994473,1.4448018,0.0,0.0,1.0,1.0
6141,-0.7203612,1.550052,1.5099994,0.0,0.0,1.0,1.0
6142,-0.4407414,1.627232,1.5815301,0.0,0.0,1.0,1.0
6143,-0.4407414,1.7611785,1.6559241,0.0,0.0,1.0,1.0
6144,-0.4407414,1.7937366,1.7228028,0.0,0.0,1.0,1.0
6145,-0.4407414,1.7400889,1.7828947,0.0,0.0,1.0,1.0
6146,-0.4407414,1.8323826,1.8384556,0.0,0.0,1.0,1.0
6147,-0.4407414,1.9607692,1.8848021,0.0,0.0,1.0,1.0
6148,-0.4407414,2.0558112,1.9239347,0.0,0.0,0.0,1.0
6149,-0.4407414,2.0755844,1.9507049,0.0,0.0,0.0,1.0
6150,-0.4407414,2.071812,1.9656444,0.0,0.0,0.0,1.0
6151,-0.15266378,2.093372,1.976215,0.0,0.0,0.0,1.0
6152,-0.15266378,2.0556064,1.9906399,0.0,0.0,0.0,1.0
6153,-0.15266378,2.0196424,1.9962772,0.0,0.0,0.0,1.0
6154,0.12689714,1.9484751,1.9808558,0.0,0.0,0.0,1.0
6155,-0.15266378,1.9404519,1.9542975,0.0,0.0,0.0,1.0
6156,0.4150101,1.920584,1.9278592,0.0,0.0,0.0,1.0
6157,0.4150101,1.9131885,1.8953077,0.0,0.0,0.0,1.0
6158,0.4150101,1.9000298,1.8530806,0.0,0.0,0.0,1.0
6159,0.4150101,1.7757127,1.8088704,0.0,0.0,0.0,1.0
6160,0.4150101,1.7371109,1.7681651,0.0,0.0,0.0,1.0
6161,0.7031584,1.7583251,1.7335172,0.0,0.0,0.0,1.0
6162,0.13544916,1.6811929,1.7022357,0.0,0.0,0.0,1.0
6163,0.7031584,1.5866485,1.6737748,0.0,0.0,0.0,1.0
6164,0.7031584,1.5250832,1.6517079,0.0,0.0,0.0,1.0
6165,0.7031584,1.5311794,1.6301503,0.0,0.0,0.0,1.0
6166,0.7031584,1.5327001,1.6217319,0.0,0.0,0.0,1.0
6167,0.42359743,1.5650741,1.6188974,0.0,0.0,0.0,1.0
6168,0.7031584,1.5790527,1.6142882,0.0,0.0,0.0,1.0
6169,0.42359743,1.6483847,1.6137625,0.0,0.0,0.0,1.0
6170,0.42359743,1.6413395,1.6198071,0.0,0.0,0.0,1.0
6171,0.711781,1.6746911,1.6312561,0.0,0.0,0.0,1.0
6172,0.711781,1.7030982,1.6374229,0.0,0.0,0.0,1.0
6173,0.711781,1.7030149,1.6414076,0.0,0.0,0.0,1.0
6174,0.711781,1.6748834,1.6434472,0.0,0.0,0.0,1.0
6175,0.711781,1.6591846,1.6459365,0.0,0.0,0.0,1.0
6176,0.711781,1.6624705,1.641177,0.0,0.0,0.0,1.0
6177,0.711781,1.605182,1.6343391,0.0,0.0,0.0,1.0
6178,0.711781,1.5805161,1.6196486,0.0,0.0,0.0,1.0
6179,0.711781,1.5895483,1.6020026,0.0,0.0,0.0,1.0
6180,0.43216124,1.6089242,1.5827789,0.0,0.0,0.0,1.0
6181,0.7203802,1.591272,1.5617241,0.0,0.0,0.0,1.0
6182,0.7203802,1.5592839,1.5350505,0.0,0.0,0.0,1.0
6183,0.4407414,1.4984044,1.4987254,0.0,0.0,0.0,1.0
6184,0.4407414,1.4913477,1.4616232,0.0,0.0,0.0,1.0
6185,0.4407414,1.4723296,1.4237001,0.0,0.0,0.0,1.0
6186,0.4407414,1.4222257,1.3833345,0.0,0.0,0.0,1.0
6187,0.4407414,1.3391019,1.3396913,0.0,0.0,0.0,1.0
6188,0.16105686,1.2265689,1.2953755,0.0,0.0,0.0,1.0
6189,0.16105686,1.1599549,1.2506349,0.0,0.0,0.0,1.0
6190,0.16105686,1.1254394,1.2195127,0.0,0.0,0.0,1.0
6191,0.16105686,1.1051619,1.195409,0.0,0.0,0.0,1.0
6192,-0.11863311,1.0852057,1.1726439,0.0,0.0,0.0,1.0
6193,-0.11863311,1.0594811,1.1564918,0.0,0.0,1.0,1.0
6194,-0.11863311,1.0223974,1.1448653,0.0,0.0,1.0,1.0
6195,-0.11863311,1.1249386,1.1406782,0.0,0.0,1.0,1.0
6196,-0.11863311,1.2021031,1.1411675,0.0,0.0,1.0,1.0
6197,-0.11863311,1.1991485,1.1540835,0.0,0.0,1.0,1.0
6198,-0.11863311,1.2283998,1.1733983,0.0,0.0,1.0,1.0
6199,-0.11863311,1.1995836,1.1992657,0.0,0.0,1.0,1.0
6200,-0.11863311,1.1763242,1.2373959,0.0,0.0,1.0,1.0
6201,-0.11863311,1.1658268,1.2817826,0.0,0.0,1.0,1.0
6202,-0.11863311,1.2804313,1.3219732,0.0,0.0,1.0,1.0
6203,-0.11863311,1.3369391,1.3617407,0.0,0.0,1.0,1.0
6204,-0.11863311,1.3956147,1.4061786,0.0,0.0,1.0,1.0
6205,-0.11863311,1.5170436,1.4591569,0.0,0.0,1.0,1.0
6206,-0.11863311,1.5550387,1.5144372,0.0,0.0,1.0,1.0
6207,-0.40685207,1.6072247,1.5728201,0.0,0.0,1.0,1.0
6208,-0.40685207,1.6793139,1.637128,0.0,0.0,1.0,1.0
6209,-0.40685207,1.7324028,1.6913062,0.0,0.0,1.0,1.0
6210,-0.40685207,1.8641391,1.7547289,0.0,0.0,1.0,1.0
6211,-0.40685207,1.8629481,1.8183789,0.0,0.0,1.0,1.0
6212,-0.40685207,1.8769186,1.8756506,0.0,0.0,1.0,1.0
6213,-0.40685207,1.9375213,1.9263841,0.0,0.0,1.0,1.0
6214,-0.40685207,1.9305701,1.9768677,0.0,0.0,1.0,1.0
6215,-0.6950357,2.0980115,2.028907,0.0,0.0,1.0,1.0
6216,-0.6950357,2.1594152,2.0716872,0.0,0.0,1.0,1.0
6217,-0.4153457,2.2043042,2.1062937,0.0,0.0,1.0,1.0
6218,-0.4153457,2.1638396,2.1433706,0.0,0.0,1.0,1.0
6219,-0.4153457,2.2130272,2.1854846,0.0,0.0,1.0,1.0
6220,-0.4153457,2.303788,2.2342856,0.0,0.0,1.0,1.0
6221,-0.703494,2.2457652,2.2833786,0.0,0.0,1.0,1.0
6222,-0.703494,2.2794144,2.308127,0.0,0.0,1.0,1.0
6223,-0.703494,2.3078713,2.3209913,0.0,0.0,1.0,1.0
6224,-0.703494,2.382289,2.3270068,0.0,0.0,1.0,1.0
6225,-0.42380944,2.5231326,2.3396204,0.0,0.0,1.0,1.0
6226,-0.7119224,2.5196846,2.349706,0.0,0.0,1.0,1.0
6227,-0.7119224,2.394991,2.3494375,0.0,0.0,1.0,1.0
6228,-0.7119224,2.3137894,2.3499851,0.0,0.0,1.0,1.0
6229,-0.43228358,2.27649,2.3443432,0.0,0.0,1.0,1.0
6230,-0.7119224,2.3152018,2.3399189,0.0,0.0,1.0,1.0
6231,-0.43228358,2.3340533,2.3308218,0.0,0.0,1.0,1.0
6232,-0.7203612,2.3005679,2.3145576,0.0,0.0,1.0,1.0
6233,-0.7203612,2.2523353,2.3020759,0.0,0.0,1.0,1.0
6234,-0.43228358,2.2117124,2.3008325,0.0,0.0,0.0,1.0
6235,-0.7203612,2.2547803,2.3054419,0.0,0.0,0.0,1.0
6236,-0.7203612,2.273124,2.3123057,0.0,0.0,0.0,1.0
6237,-0.4407414,2.327961,2.3089736,0.0,0.0,0.0,1.0
6238,-0.4407414,2.3699052,2.3023806,0.0,0.0,0.0,1.0
6239,-0.4407414,2.3800697,2.2954757,0.0,0.0,0.0,1.0
6240,-0.4407414,2.369101,2.286652,0.0,0.0,0.0,1.0
6241,-0.4407414,2.3588555,2.2713888,0.0,0.0,0.0,1.0
6242,-0.4407414,2.2752159,2.2443328,0.0,0.0,0.0,1.0
6243,-0.15266378,2.2549393,2.210789,0.0,0.0,0.0,1.0
6244,-0.15266378,2.2177086,2.1760197,0.0,0.0,0.0,1.0
6245,-0.15266378,2.1464522,2.143064,0.0,0.0,0.0,1.0
6246,0.13544916,2.0285523,2.0977776,0.0,0.0,0.0,1.0
6247,0.4150101,1.9301101,2.0498617,0.0,0.0,0.0,1.0
6248,0.13544916,1.8705971,1.9949242,0.0,0.0,0.0,1.0
6249,0.4150101,1.9107288,1.9424943,0.0,0.0,0.0,1.0
6250,0.13544916,1.9744372,1.8861946,0.0,0.0,0.0,1.0
6251,0.13544916,1.8366339,1.830479,0.0,0.0,0.0,1.0
6252,0.4150101,1.7941079,1.7689819,0.0,0.0,0.0,1.0
6253,0.42359743,1.6996065,1.7234873,0.0,0.0,0.0,1.0
6254,0.42359743,1.6460567,1.6895312,0.0,0.0,0.0,1.0
6255,0.42359743,1.5793443,1.6664805,0.0,0.0,0.0,1.0
6256,0.7031584,1.549121,1.646794,0.0,0.0,0.0,1.0
6257,0.42359743,1.4084876,1.6232141,0.0,0.0,0.0,1.0
6258,0.42359743,1.4826161,1.6087157,0.0,0.0,0.0,1.0
6259,0.7031584,1.5226375,1.6012399,0.0,0.0,0.0,1.0
6260,0.711781,1.5939883,1.5949718,0.0,0.0,0.0,1.0
6261,0.711781,1.6744908,1.5855442,0.0,0.0,0.0,1.0
6262,0.711781,1.6914794,1.5823447,0.0,0.0,0.0,1.0
6263,0.711781,1.6626515,1.5777394,0.0,0.0,0.0,1.0
6264,0.711781,1.7043991,1.5872376,0.0,0.0,0.0,1.0
6265,0.711781,1.6243886,1.591479,0.0,0.0,0.0,1.0
6266,0.711781,1.532927,1.5893447,0.0,0.0,0.0,1.0
6267,0.711781,1.5409493,1.5697638,0.0,0.0,0.0,1.0
6268,0.43216124,1.4938575,1.5396469,0.0,0.0,0.0,1.0
6269,0.43216124,1.522466,1.496016,0.0,0.0,0.0,1.0
6270,0.7203802,1.5335122,1.454692,0.0,0.0,0.0,1.0
6271,0.7203802,1.497027,1.4073765,0.0,0.0,0.0,1.0
6272,0.7203802,1.3590174,1.365149,0.0,0.0,0.0,1.0
6273,0.7203802,1.3130869,1.339125,0.0,0.0,0.0,1.0
6274,0.4407414,1.1679091,1.3179457,0.0,0.0,0.0,1.0
6275,0.4407414,1.1667634,1.3061858,0.0,0.0,0.0,1.0
6276,0.16105686,1.136614,1.2944437,0.0,0.0,0.0,1.0
6277,0.16105686,1.1176579,1.2809615,0.0,0.0,0.0,1.0
6278,0.16105686,1.2206397,1.2703912,0.0,0.0,0.0,1.0
6279,-0.11863311,1.2867972,1.2699358,0.0,0.0,0.0,1.0
6280,-0.11863311,1.3527395,1.2734004,0.0,0.0,0.0,1.0
6281,-0.11863311,1.3815606,1.2929771,0.0,0.0,0.0,1.0
6282,-0.11863311,1.3717257,1.3161834,0.0,0.0,0.0,1.0
6283,-0.11863311,1.3701828,1.3421538,0.0,0.0,0.0,1.0
6284,-0.11863311,1.353554,1.373248,0.0,0.0,0.0,1.0
6285,-0.11863311,1.3546615,1.4015105,0.0,0.0,1.0,1.0
6286,-0.11863311,1.4028289,1.4199514,0.0,0.0,1.0,1.0
6287,-0.11863311,1.4452393,1.429712,0.0,0.0,1.0,1.0
6288,-0.11863311,1.4482579,1.4349558,0.0,0.0,1.0,1.0
6289,-0.11863311,1.4907888,1.4345136,0.0,0.0,1.0,1.0
6290,-0.11863311,1.5597901,1.4280913,0.0,0.0,1.0,1.0
6291,-0.11863311,1.508088,1.4202482,0.0,0.0,1.0,1.0
6292,-0.11863311,1.4698666,1.4114677,0.0,0.0,1.0,1.0
6293,-0.40685207,1.4444859,1.4069823,0.0,0.0,1.0,1.0
6294,-0.40685207,1.3664188,1.4020784,0.0,0.0,1.0,1.0
6295,-0.40685207,1.2931157,1.3986257,0.0,0.0,1.0,1.0
6296,-0.40685207,1.2594362,1.3900031,0.0,0.0,1.0,1.0
6297,-0.40685207,1.249296,1.3726141,0.0,0.0,1.0,1.0
6298,-0.40685207,1.3490046,1.3610154,0.0,0.0,1.0,1.0
6299,-0.40685207,1.386392,1.3577856,0.0,0.0,1.0,1.0
6300,-0.6950357,1.4068253,1.3587554,0.0,0.0,1.0,1.0
6301,-0.6950357,1.3873173,1.3676068,0.0,0.0,1.0,1.0
6302,-0.6950357,1.3511231,1.3906823,0.0,0.0,1.0,1.0
6303,-0.6950357,1.3689033,1.4192343,0.0,0.0,1.0,1.0
6304,-0.4153457,1.431109,1.4523612,0.0,0.0,1.0,1.0
6305,-0.4153457,1.4561232,1.4837333,0.0,0.0,1.0,1.0
6306,-0.703494,1.4726348,1.5121083,0.0,0.0,1.0,1.0
6307,-0.703494,1.5700238,1.5409566,0.0,0.0,1.0,1.0
6308,-0.703494,1.6020589,1.5714582,0.0,0.0,1.0,1.0
6309,-0.703494,1.6468191,1.6067327,0.0,0.0,1.0,1.0
6310,-0.42380944,1.7254695,1.6452308,0.0,0.0,1.0,1.0
6311,-0.42380944,1.7268925,1.6821833,0.0,0.0,1.0,1.0
6312,-0.7119224,1.7530046,1.7194287,0.0,0.0,1.0,1.0
6313,-0.7119224,1.7533365,1.7599927,0.0,0.0,1.0,1.0
6314,-0.7119224,1.7744173,1.7979944,0.0,0.0,1.0,1.0
6315,-0.7119224,1.8308798,1.8383476,0.0,0.0,1.0,1.0
6316,-0.43228358,1.8745387,1.8783948,0.0,0.0,1.0,1.0
6317,-0.43228358,1.9030685,1.9112381,0.0,0.0,1.0,1.0
6318,-0.43228358,1.959403,1.9429467,0.0,0.0,1.0,1.0
6319,-0.7203612,2.0260448,1.978369,0.0,0.0,1.0,1.0
6320,-0.7203612,2.0862963,2.0092134,0.0,0.0,1.0,1.0
6321,-0.7203612,2.127387,2.0360498,0.0,0.0,1.0,1.0
6322,-0.15266378,2.1195877,2.06006,0.0,0.0,0.0,1.0
6323,-0.4407414,2.107396,2.081816,0.0,0.0,0.0,1.0
6324,-0.4407414,2.1780717,2.1078246,0.0,0.0,0.0,1.0
6325,-0.4407414,2.1234713,2.1216602,0.0,0.0,0.0,1.0
6326,-0.4407414,2.096452,2.1248548,0.0,0.0,0.0,1.0
6327,-0.4407414,2.1190033,2.119991,0.0,0.0,0.0,1.0
6328,-0.4407414,2.1356094,2.110119,0.0,0.0,0.0,1.0
6329,-0.4407414,2.2151713,2.0920057,0.0,0.0,0.0,1.0
6330,-0.15266378,2.125431,2.068075,0.0,0.0,0.0,1.0
6331,-0.15266378,2.0643804,2.034298,0.0,0.0,0.0,1.0
6332,-0.15266378,2.0279312,2.0011418,0.0,0.0,0.0,1.0
6333,-0.15266378,2.0089254,1.9698905,0.0,0.0,0.0,1.0
6334,0.4150101,1.9022261,1.9353935,0.0,0.0,0.0,1.0
6335,0.4150101,1.8202262,1.8913136,0.0,0.0,0.0,1.0
6336,0.13544916,1.772747,1.8422916,0.0,0.0,0.0,1.0
6337,0.13544916,1.7255976,1.7996703,0.0,0.0,0.0,1.0
6338,0.4150101,1.7214367,1.7622943,0.0,0.0,0.0,1.0
6339,0.13544916,1.7050391,1.7243733,0.0,0.0,0.0,1.0
6340,0.4150101,1.6066506,1.689171,0.0,0.0,0.0,1.0
6341,0.7031584,1.626908,1.6635709,0.0,0.0,0.0,1.0
6342,0.7031584,1.6139754,1.6468952,0.0,0.0,0.0,1.0
6343,0.7031584,1.6158681,1.6337868,0.0,0.0,0.0,1.0
6344,0.7031584,1.57288,1.6262901,0.0,0.0,0.0,1.0
6345,0.42359743,1.5864966,1.6200984,0.0,0.0,0.0,1.0
6346,0.7031584,1.5950253,1.619217,0.0,0.0,0.0,1.0
6347,0.99134195,1.6201171,1.6241895,0.0,0.0,0.0,1.0
6348,0.711781,1.6154464,1.6253309,0.0,0.0,0.0,1.0
6349,0.711781,1.635637,1.6265956,0.0,0.0,0.0,1.0
6350,0.711781,1.6471372,1.6245886,0.0,0.0,0.0,1.0
6351,0.711781,1.694463,1.6286551,0.0,0.0,0.0,1.0
6352,0.711781,1.6663196,1.6259085,0.0,0.0,0.0,1.0
6353,0.711781,1.6406056,1.6150903,0.0,0.0,0.0,1.0
6354,0.711781,1.6291513,1.5955788,0.0,0.0,0.0,1.0
6355,0.711781,1.591784,1.5702684,0.0,0.0,0.0,1.0
6356,0.43216124,1.6216782,1.5310473,0.0,0.0,0.0,1.0
6357,0.43216124,1.5535365,1.4860879,0.0,0.0,0.0,1.0
6358,0.7203802,1.4652064,1.4294934,0.0,0.0,0.0,1.0
6359,0.7203802,1.3859799,1.3773105,0.0,0.0,0.0,1.0
6360,0.7203802,1.3117223,1.3300261,0.0,0.0,0.0,1.0
6361,0.7203802,1.1649836,1.2839941,0.0,0.0,0.0,1.0
6362,0.15252244,1.1076244,1.2302973,0.0,0.0,0.0,1.0
6363,0.4407414,1.0153289,1.1682944,0.0,0.0,0.0,1.0
6364,0.4407414,1.0401255,1.1096681,0.0,0.0,0.0,1.0
6365,0.16105686,1.0731926,1.0543457,0.0,0.0,0.0,1.0
6366,0.16105686,1.076767,0.9998215,0.0,0.0,0.0,1.0
6367,0.16105686,0.9474226,0.9428662,0.0,0.0,0.0,1.0
6368,0.16105686,0.8776436,0.89501965,0.0,0.0,0.0,1.0
6369,-0.11863311,0.850021,0.85104823,0.0,0.0,0.0,1.0
6370,-0.11863311,0.8013375,0.81441003,0.0,0.0,0.0,1.0
6371,-0.11863311,0.73168874,0.7838046,0.0,0.0,0.0,1.0
6372,-0.11863311,0.62825894,0.74934363,0.0,0.0,0.0,1.0
6373,-0.11863311,0.5908251,0.7118104,0.0,0.0,0.0,1.0
6374,-0.11863311,0.57996774,0.6854891,0.0,0.0,0.0,1.0
6375,-0.11863311,0.57566994,0.6602887,0.0,0.0,1.0,1.0
6376,-0.11863311,0.67286074,0.63313085,0.0,0.0,1.0,1.0
6377,-0.11863311,0.65966094,0.6088095,0.0,0.0,1.0,1.0
6378,-0.11863311,0.6263683,0.596827,0.0,0.0,1.0,1.0
6379,-0.11863311,0.6315667,0.5989529,0.0,0.0,1.0,1.0
6380,-0.11863311,0.57523835,0.60751694,0.0,0.0,1.0,1.0
6381,-0.11863311,0.52412707,0.62048423,0.0,0.0,1.0,1.0
6382,-0.11863311,0.5094813,0.640887,0.0,0.0,1.0,1.0
6383,-0.11863311,0.5878983,0.658235,0.0,0.0,1.0,1.0
6384,-0.11863311,0.6537704,0.68472975,0.0,0.0,1.0,1.0
6385,-0.11863311,0.6935936,0.7200198,0.0,0.0,1.0,1.0
6386,-0.40685207,0.7355755,0.76413846,0.0,0.0,1.0,1.0
6387,-0.40685207,0.8205029,0.8077569,0.0,0.0,1.0,1.0
6388,-0.40685207,0.88103676,0.85584265,0.0,0.0,1.0,1.0
6389,-0.40685207,0.9775981,0.9096662,0.0,0.0,1.0,1.0
6390,-0.40685207,1.0498486,0.9600828,0.0,0.0,1.0,1.0
6391,-0.6950357,1.1609911,1.0091124,0.0,0.0,1.0,1.0
6392,-0.6950357,1.0986593,1.0532339,0.0,0.0,1.0,1.0
6393,-0.6950357,1.101156,1.0927451,0.0,0.0,1.0,1.0
6394,-0.4153457,1.155364,1.12508,0.0,0.0,1.0,1.0
6395,-0.4153457,1.192898,1.1533207,0.0,0.0,1.0,1.0
6396,-0.4153457,1.2421252,1.1753163,0.0,0.0,1.0,1.0
6397,-0.4153457,1.2230505,1.1892748,0.0,0.0,1.0,1.0
6398,-0.703494,1.2097104,1.1950545,0.0,0.0,1.0,1.0
6399,-0.703494,1.2085226,1.208657,0.0,0.0,1.0,1.0
6400,-0.703494,1.2199249,1.2223024,0.0,0.0,1.0,1.0
6401,-0.42380944,1.2415463,1.229453,0.0,0.0,1.0,1.0
6402,-0.7119224,1.217349,1.2324903,0.0,0.0,1.0,1.0
6403,-0.7119224,1.2303483,1.2310307,0.0,0.0,1.0,1.0
6404,-0.7119224,1.2618892,1.2354038,0.0,0.0,1.0,1.0
6405,-0.7119224,1.264901,1.2478043,0.0,0.0,1.0,1.0
6406,-0.7119224,1.2411699,1.2637982,0.0,0.0,1.0,1.0
6407,-0.43228358,1.2293459,1.2855089,0.0,0.0,1.0,1.0
6408,-0.43228358,1.2246106,1.3059909,0.0,0.0,1.0,1.0
6409,-0.7203612,1.2755271,1.3307734,0.0,0.0,1.0,1.0
6410,-0.43228358,1.3585169,1.355315,0.0,0.0,1.0,1.0
6411,-0.7203612,1.4004498,1.3763573,0.0,0.0,1.0,1.0
6412,-0.7203612,1.4804527,1.4044223,0.0,0.0,1.0,1.0
6413,-0.7203612,1.4873314,1.4395233,0.0,0.0,1.0,1.0
6414,-0.4407414,1.5147368,1.4835788,0.0,0.0,1.0,1.0
6415,-0.4407414,1.5248482,1.5265574,0.0,0.0,1.0,1.0
6416,-0.4407414,1.5143974,1.5636412,0.0,0.0,1.0,1.0
6417,-0.4407414,1.6016805,1.595798,0.0,0.0,1.0,1.0
6418,-0.15266378,1.6623825,1.621477,0.0,0.0,1.0,1.0
6419,-0.4407414,1.7580116,1.6499256,0.0,0.0,1.0,1.0
6420,-0.15266378,1.7403548,1.6850537,0.0,0.0,0.0,1.0
6421,-0.15266378,1.7205323,1.7152569,0.0,0.0,0.0,1.0
6422,-0.15266378,1.7443985,1.7453392,0.0,0.0,0.0,1.0
6423,-0.15266378,1.7085972,1.7707455,0.0,0.0,0.0,1.0
6424,0.13544916,1.8218354,1.7973288,0.0,0.0,0.0,1.0
6425,0.13544916,1.9088691,1.8269701,0.0,0.0,0.0,1.0
6426,0.4150101,1.877176,1.8543634,0.0,0.0,0.0,1.0
6427,0.4150101,1.8858341,1.8920984,0.0,0.0,0.0,1.0
6428,0.4150101,1.8192747,1.9299401,0.0,0.0,0.0,1.0
6429,0.4150101,1.9206792,1.9688871,0.0,0.0,0.0,1.0
6430,0.4150101,2.0180776,2.012338,0.0,0.0,0.0,1.0
6431,0.4150101,2.0867321,2.0585568,0.0,0.0,0.0,1.0
6432,0.4150101,2.1931744,2.1083868,0.0,0.0,0.0,1.0
6433,0.4150101,2.174633,2.1675255,0.0,0.0,0.0,1.0
6434,0.4150101,2.211763,2.2350209,0.0,0.0,0.0,1.0
6435,0.4150101,2.2300072,2.312875,0.0,0.0,0.0,1.0
6436,0.4150101,2.3764615,2.3894243,0.0,0.0,1.0,1.0
6437,0.4150101,2.5068293,2.4617684,0.0,0.0,1.0,1.0
6438,0.4150101,2.5868413,2.5307689,0.0,0.0,1.0,1.0
6439,0.4150101,2.6957762,2.5898755,0.0,0.0,1.0,1.0
6440,0.4150101,2.7535264,2.6535635,0.0,0.0,1.0,1.0
6441,0.4150101,2.8392713,2.7090828,0.0,0.0,1.0,1.0
6442,0.711781,2.8862057,2.7667115,0.0,0.0,1.0,1.0
6443,0.711781,2.9147375,2.8069196,0.0,0.0,1.0,1.0
6444,0.711781,2.9024527,2.829541,0.0,0.0,1.0,1.0
6445,0.43216124,2.9388888,2.8437943,0.0,0.0,1.0,1.0
6446,0.7203802,2.877997,2.8412766,0.0,0.0,1.0,1.0
6447,0.43216124,2.921549,2.8259265,0.0,0.0,1.0,1.0
6448,0.7203802,2.8589606,2.8041844,0.0,0.0,1.0,1.0
6449,0.15252244,2.7782865,2.7765021,0.0,0.0,1.0,1.0
6450,0.7203802,2.7578812,2.7365682,0.0,0.0,1.0,1.0
6451,0.4407414,2.6655636,2.6898272,0.0,0.0,1.0,1.0
6452,0.4407414,2.5693238,2.6288593,0.0,0.0,1.0,1.0
6453,0.16105686,2.5783656,2.5714824,0.0,0.0,1.0,1.0
6454,0.16105686,2.5540202,2.5092173,0.0,0.0,1.0,1.0
6455,0.16105686,2.4355292,2.4544163,0.0,0.0,1.0,1.0
6456,-0.11863311,2.3415623,2.404851,0.0,0.0,1.0,1.0
6457,-0.11863311,2.2072728,2.3620648,0.0,0.0,0.0,1.0
6458,-0.11863311,2.1894755,2.3202791,0.0,0.0,1.0,1.0
6459,-0.11863311,2.1743674,2.2865615,0.0,0.0,1.0,1.0
6460,-0.11863311,2.2013474,2.2602382,0.0,0.0,1.0,1.0
6461,-0.11863311,2.1835017,2.2365768,0.0,0.0,1.0,1.0
6462,-0.11863311,2.24445,2.221465,0.0,0.0,1.0,1.0
6463,-0.11863311,2.1641347,2.2166831,0.0,0.0,1.0,1.0
6464,-0.11863311,2.16471,2.215188,0.0,0.0,1.0,1.0
6465,-0.11863311,2.262487,2.2156465,0.0,0.0,1.0,1.0
6466,-0.11863311,2.2700834,2.218364,0.0,0.0,1.0,1.0
6467,-0.11863311,2.2541902,2.219774,0.0,0.0,1.0,1.0
6468,-0.11863311,2.2841785,2.2341998,0.0,0.0,1.0,1.0
6469,-0.11863311,2.1893299,2.2499576,0.0,0.0,1.0,1.0
6470,-0.11863311,2.1949787,2.279025,0.0,0.0,1.0,1.0
6471,-0.11863311,2.2069776,2.3077965,0.0,0.0,1.0,1.0
6472,-0.11863311,2.218266,2.3273923,0.0,0.0,1.0,1.0
6473,-0.11863311,2.3566122,2.3470867,0.0,0.0,1.0,1.0
6474,-0.40685207,2.433541,2.3697643,0.0,0.0,1.0,1.0
6475,-0.40685207,2.5129452,2.3926828,0.0,0.0,1.0,1.0
6476,-0.40685207,2.509968,2.4198837,0.0,0.0,1.0,1.0
6477,-0.40685207,2.4976363,2.4471946,0.0,0.0,1.0,1.0
6478,-0.40685207,2.5064166,2.476754,0.0,0.0,1.0,1.0
6479,-0.40685207,2.5263207,2.5028265,0.0,0.0,1.0,1.0
6480,-0.6950357,2.559202,2.5155995,0.0,0.0,1.0,1.0
6481,-0.6950357,2.515741,2.518488,0.0,0.0,1.0,1.0
6482,-0.4153457,2.5227087,2.5165133,0.0,0.0,1.0,1.0
6483,-0.4153457,2.5616903,2.5112636,0.0,0.0,1.0,1.0
6484,-0.4153457,2.5311353,2.4967616,0.0,0.0,1.0,1.0
6485,-0.4153457,2.5098886,2.4756343,0.0,0.0,1.0,1.0
6486,-0.703494,2.4682014,2.447875,0.0,0.0,1.0,1.0
6487,-0.703494,2.4892502,2.4232657,0.0,0.0,1.0,1.0
6488,-0.703494,2.4469714,2.407802,0.0,0.0,1.0,1.0
6489,-0.42380944,2.3236134,2.3969982,0.0,0.0,1.0,1.0
6490,-0.42380944,2.2528887,2.3842275,0.0,0.0,1.0,1.0
6491,-0.7119224,2.1932094,2.3751354,0.0,0.0,1.0,1.0
6492,-0.7119224,2.2638905,2.3747172,0.0,0.0,1.0,1.0
6493,-0.7119224,2.3301778,2.384723,0.0,0.0,1.0,1.0
6494,-0.43228358,2.393061,2.3944752,0.0,0.0,1.0,1.0
6495,-0.43228358,2.4084437,2.4157822,0.0,0.0,1.0,1.0
6496,-0.43228358,2.422029,2.4574013,0.0,0.0,1.0,1.0
6497,-0.43228358,2.5048716,2.5122468,0.0,0.0,1.0,1.0
6498,-0.7203612,2.58827,2.5782146,0.0,0.0,1.0,1.0
6499,-0.7203612,2.6062753,2.6447008,0.0,0.0,1.0,1.0
6500,-0.7203612,2.7026565,2.709354,0.0,0.0,1.0,1.0
6501,-0.4407414,2.8230426,2.7713802,0.0,0.0,1.0,1.0
6502,-0.4407414,2.9110363,2.8284621,0.0,0.0,1.0,1.0
6503,-0.4407414,2.9848218,2.8767664,0.0,0.0,1.0,1.0
6504,-0.4407414,3.0617232,2.9038627,0.0,0.0,1.0,1.0
6505,-0.4407414,3.1060147,2.909291,0.0,0.0,1.0,1.0
6506,-0.4407414,3.137377,2.9043632,0.0,0.0,1.0,1.0
6507,-0.4407414,3.0934267,2.890425,0.0,0.0,1.0,1.0
6508,-0.4407414,3.0016806,2.8529596,0.0,0.0,1.0,1.0
6509,-0.15266378,2.830028,2.798146,0.0,0.0,1.0,1.0
6510,-0.15266378,2.6534104,2.7303262,0.0,0.0,1.0,1.0
6511,0.12689714,2.5471413,2.6434743,0.0,0.0,1.0,1.0
6512,0.12689714,2.535398,2.538066,0.0,0.0,1.0,1.0
6513,0.12689714,2.3734567,2.4174752,0.0,0.0,1.0,1.0
6514,0.4150101,2.2532744,2.291823,0.0,0.0,1.0,1.0
6515,0.4150101,2.170984,2.1662755,0.0,0.0,1.0,1.0
6516,0.4150101,2.019501,2.0480654,0.0,0.0,1.0,1.0
6517,0.4150101,1.8411136,1.9373881,0.0,0.0,1.0,1.0
6518,0.4150101,1.6902865,1.8322613,0.0,0.0,0.0,1.0
6519,0.4150101,1.5856005,1.7272533,0.0,0.0,0.0,1.0
6520,0.4150101,1.4951108,1.6334454,0.0,0.0,0.0,1.0
6521,0.7031584,1.4115088,1.5521358,0.0,0.0,0.0,1.0
6522,0.7031584,1.3252816,1.4810404,0.0,0.0,0.0,1.0
6523,0.7031584,1.2856197,1.4186916,0.0,0.0,0.0,1.0
6524,0.7031584,1.2753019,1.3729458,0.0,0.0,0.0,1.0
6525,0.7031584,1.2477623,1.3375703,0.0,0.0,0.0,1.0
6526,0.7031584,1.2775598,1.3095468,0.0,0.0,0.0,1.0
6527,0.7031584,1.3178384,1.2907182,0.0,0.0,0.0,1.0
6528,0.99134195,1.2713153,1.2806165,0.0,0.0,0.0,1.0
6529,0.99134195,1.2921631,1.2783227,0.0,0.0,0.0,1.0
6530,0.99134195,1.2657813,1.2808937,0.0,0.0,0.0,1.0
6531,0.42359743,1.2493187,1.2852157,0.0,0.0,0.0,1.0
6532,0.711781,1.2691674,1.2893558,0.0,0.0,0.0,1.0
6533,0.711781,1.2902881,1.2896367,0.0,0.0,0.0,1.0
6534,0.711781,1.2977564,1.2894648,0.0,0.0,0.0,1.0
6535,0.711781,1.3164709,1.2938013,0.0,0.0,0.0,1.0
6536,0.711781,1.3271676,1.2991649,0.0,0.0,0.0,1.0
6537,0.711781,1.297442,1.306672,0.0,0.0,0.0,1.0
6538,0.43216124,1.2809309,1.315123,0.0,0.0,0.0,1.0
6539,0.7203802,1.3157766,1.3188732,0.0,0.0,0.0,1.0
6540,0.7203802,1.3233527,1.3211852,0.0,0.0,1.0,1.0
6541,0.7203802,1.3565265,1.3214662,0.0,0.0,1.0,1.0
6542,0.15252244,1.3558657,1.3232378,0.0,0.0,1.0,1.0
6543,0.4407414,1.3507304,1.3214488,0.0,0.0,1.0,1.0
6544,0.4407414,1.3141708,1.3234915,0.0,0.0,1.0,1.0
6545,0.16105686,1.3180324,1.3294173,0.0,0.0,1.0,1.0
6546,0.16105686,1.3011278,1.3327743,0.0,0.0,1.0,1.0
6547,0.16105686,1.3377303,1.334964,0.0,0.0,1.0,1.0
6548,0.16105686,1.3056991,1.336149,0.0,0.0,1.0,1.0
6549,0.16105686,1.3219548,1.3402342,0.0,0.0,1.0,1.0
6550,-0.11863311,1.3520405,1.3457553,0.0,0.0,1.0,1.0
6551,0.16105686,1.3560609,1.3663384,0.0,0.0,1.0,1.0
6552,-0.11863311,1.3496286,1.387367,0.0,0.0,1.0,1.0
6553,-0.11863311,1.3707466,1.40787,0.0,0.0,1.0,1.0
6554,0.16105686,1.404888,1.4257481,0.0,0.0,1.0,1.0
6555,-0.11863311,1.4169836,1.4477981,0.0,0.0,1.0,1.0
6556,-0.11863311,1.5611681,1.4702451,0.0,0.0,1.0,1.0
6557,-0.11863311,1.5703762,1.4947532,0.0,0.0,1.0,1.0
6558,-0.11863311,1.5471642,1.5194912,0.0,0.0,1.0,1.0
6559,-0.11863311,1.5522661,1.5481,0.0,0.0,1.0,1.0
6560,-0.11863311,1.5703003,1.5804877,0.0,0.0,1.0,1.0
6561,0.16105686,1.591318,1.6132191,0.0,0.0,1.0,1.0
6562,-0.11863311,1.6461378,1.6475612,0.0,0.0,1.0,1.0
6563,-0.11863311,1.6529175,1.6722118,0.0,0.0,1.0,1.0
6564,0.16105686,1.6929342,1.6977046,0.0,0.0,1.0,1.0
6565,-0.11863311,1.7593982,1.7237633,0.0,0.0,1.0,1.0
6566,-0.40685207,1.797665,1.7510515,0.0,0.0,1.0,1.0
6567,-0.40685207,1.8290886,1.7676619,0.0,0.0,1.0,1.0
6568,-0.40685207,1.8569748,1.7871925,0.0,0.0,1.0,1.0
6569,-0.40685207,1.8762896,1.8061647,0.0,0.0,1.0,1.0
6570,-0.40685207,1.8598704,1.8235604,0.0,0.0,1.0,1.0
6571,-0.40685207,1.8797235,1.8421626,0.0,0.0,1.0,1.0
6572,-0.40685207,1.7696255,1.8549371,0.0,0.0,1.0,1.0
6573,-0.6950357,1.8256847,1.8642657,0.0,0.0,1.0,1.0
6574,-0.4153457,1.8738052,1.8698459,0.0,0.0,1.0,1.0
6575,-0.4153457,1.861664,1.8729931,0.0,0.0,1.0,1.0
6576,-0.4153457,1.9161618,1.8710097,0.0,0.0,1.0,1.0
6577,-0.703494,1.9126922,1.8697168,0.0,0.0,1.0,1.0
6578,-0.703494,1.9096076,1.8603717,0.0,0.0,1.0,1.0
6579,-0.42380944,1.8960513,1.8596154,0.0,0.0,1.0,1.0
6580,-0.42380944,1.8947421,1.8573151,0.0,0.0,1.0,1.0
6581,-0.42380944,1.8524884,1.8517258,0.0,0.0,1.0,1.0
6582,-0.7119224,1.8443542,1.8490843,0.0,0.0,1.0,1.0
6583,-0.7119224,1.767584,1.8402802,0.0,0.0,1.0,1.0
6584,-0.7119224,1.7605505,1.8290106,0.0,0.0,1.0,1.0
6585,-0.7119224,1.7980798,1.8221306,0.0,0.0,1.0,1.0
6586,-0.43228358,1.8067343,1.8203182,0.0,0.0,1.0,1.0
6587,-0.43228358,1.8299643,1.8164951,0.0,0.0,1.0,1.0
6588,-0.43228358,1.8105135,1.8166683,0.0,0.0,1.0,1.0
6589,-0.43228358,1.7774568,1.8166099,0.0,0.0,1.0,1.0
6590,-0.7203612,1.8270477,1.8232251,0.0,0.0,1.0,1.0
6591,-0.7203612,1.8743038,1.8298156,0.0,0.0,1.0,1.0
6592,-0.7203612,1.8488632,1.8371376,0.0,0.0,1.0,1.0
6593,-0.4407414,1.8545672,1.8466818,0.0,0.0,1.0,1.0
6594,-0.4407414,1.8436526,1.8610615,0.0,0.0,0.0,1.0
6595,-0.4407414,1.8469673,1.8801342,0.0,0.0,0.0,1.0
6596,-0.4407414,1.8396372,1.8971405,0.0,0.0,0.0,1.0
6597,-0.4407414,1.8859433,1.9122776,0.0,0.0,0.0,1.0
6598,-0.4407414,1.9212648,1.9217798,0.0,0.0,0.0,1.0
6599,-0.4407414,2.00252,1.9273081,0.0,0.0,0.0,1.0
6600,-0.4407414,2.0393863,1.9314904,0.0,0.0,0.0,1.0
6601,-0.4407414,1.9815329,1.9296291,0.0,0.0,0.0,1.0
6602,-0.15266378,2.0086925,1.920946,0.0,0.0,0.0,1.0
6603,0.12689714,1.9883298,1.9084435,0.0,0.0,0.0,1.0
6604,-0.15266378,1.9152027,1.8869305,0.0,0.0,0.0,1.0
6605,-0.15266378,1.904755,1.8624704,0.0,0.0,0.0,1.0
6606,0.12689714,1.8213166,1.8332359,0.0,0.0,0.0,1.0
6607,0.4150101,1.7427706,1.802465,0.0,0.0,0.0,1.0
6608,0.4150101,1.6896071,1.7742703,0.0,0.0,0.0,1.0
6609,0.4150101,1.6277868,1.7389835,0.0,0.0,0.0,1.0
6610,0.4150101,1.6277442,1.7022011,0.0,0.0,0.0,1.0
6611,0.7031584,1.6517063,1.6713542,0.0,0.0,0.0,1.0
6612,0.7031584,1.6701353,1.6378258,0.0,0.0,0.0,1.0
6613,0.7031584,1.643197,1.6110071,0.0,0.0,0.0,1.0
6614,0.7031584,1.5852509,1.5899204,0.0,0.0,0.0,1.0
6615,0.7031584,1.5469414,1.5754583,0.0,0.0,0.0,1.0
6616,0.7031584,1.5450398,1.5681837,0.0,0.0,1.0,1.0
6617,0.7031584,1.502414,1.566811,0.0,0.0,1.0,1.0
6618,0.7031584,1.4994923,1.5662514,0.0,0.0,1.0,1.0
6619,0.99134195,1.4897302,1.5658455,0.0,0.0,1.0,1.0
6620,0.99134195,1.5160612,1.5716368,0.0,0.0,1.0,1.0
6621,0.99134195,1.5404916,1.5775639,0.0,0.0,1.0,1.0
6622,0.7031584,1.6112711,1.5804654,0.0,0.0,1.0,1.0
6623,0.99134195,1.6449925,1.5786303,0.0,0.0,1.0,1.0
6624,0.711781,1.6652646,1.5746207,0.0,0.0,1.0,1.0
6625,0.711781,1.7126923,1.5694934,0.0,0.0,1.0,1.0
6626,0.711781,1.6563754,1.561037,0.0,0.0,1.0,1.0
6627,0.711781,1.5817604,1.545363,0.0,0.0,1.0,1.0
6628,0.711781,1.5230179,1.5347593,0.0,0.0,1.0,1.0
6629,0.711781,1.4542998,1.5136089,0.0,0.0,1.0,1.0
6630,0.43216124,1.4379646,1.4830476,0.0,0.0,1.0,1.0
6631,0.711781,1.3882519,1.4532135,0.0,0.0,1.0,1.0
6632,0.7203802,1.3279731,1.4127581,0.0,0.0,1.0,1.0
6633,0.7203802,1.413248,1.3681147,0.0,0.0,1.0,1.0
6634,0.7203802,1.3574673,1.3291597,0.0,0.0,0.0,1.0
6635,0.4407414,1.2782557,1.2961593,0.0,0.0,0.0,1.0
6636,0.4407414,1.3072557,1.2705997,0.0,0.0,0.0,1.0
6637,0.4407414,1.2272273,1.2525022,0.0,0.0,0.0,1.0
6638,0.16105686,1.1206545,1.2422003,0.0,0.0,0.0,1.0
6639,0.16105686,1.1143013,1.2388517,0.0,0.0,0.0,1.0
6640,0.16105686,1.1270119,1.2353061,0.0,0.0,0.0,1.0
6641,0.16105686,1.1475856,1.2389964,0.0,0.0,0.0,1.0
6642,0.16105686,1.2207942,1.2509692,0.0,0.0,0.0,1.0
6643,-0.11863311,1.264628,1.2616267,0.0,0.0,0.0,1.0
6644,0.16105686,1.2877907,1.2745951,0.0,0.0,1.0,1.0
6645,0.16105686,1.3707017,1.297545,0.0,0.0,1.0,1.0
6646,0.16105686,1.4017504,1.3237231,0.0,0.0,1.0,1.0
6647,-0.11863311,1.4219282,1.3468561,0.0,0.0,1.0,1.0
6648,0.16105686,1.4351463,1.3704993,0.0,0.0,1.0,1.0
6649,0.16105686,1.3828495,1.3885218,0.0,0.0,1.0,1.0
6650,0.16105686,1.396052,1.408705,0.0,0.0,1.0,1.0
6651,0.16105686,1.4284383,1.431327,0.0,0.0,1.0,1.0
6652,0.16105686,1.404608,1.4481002,0.0,0.0,1.0,1.0
6653,0.16105686,1.4313031,1.465097,0.0,0.0,1.0,1.0
6654,0.16105686,1.4370657,1.4822396,0.0,0.0,1.0,1.0
6655,0.16105686,1.5068258,1.5012426,0.0,0.0,1.0,1.0
6656,-0.40685207,1.5592544,1.5239859,0.0,0.0,1.0,1.0
6657,-0.40685207,1.57198,1.5473058,0.0,0.0,1.0,1.0
6658,-0.40685207,1.6057118,1.5734547,0.0,0.0,1.0,1.0
6659,-0.40685207,1.6276397,1.6042951,0.0,0.0,1.0,1.0
6660,-0.40685207,1.6631832,1.6373354,0.0,0.0,1.0,1.0
6661,-0.1271621,1.6557683,1.6767653,0.0,0.0,1.0,1.0
6662,-0.4153457,1.6758908,1.7148695,0.0,0.0,1.0,1.0
6663,-0.4153457,1.7422254,1.7515512,0.0,0.0,0.0,1.0
6664,-0.4153457,1.7746938,1.7889006,0.0,0.0,0.0,1.0
6665,-0.4153457,1.8277856,1.8320117,0.0,0.0,0.0,1.0
6666,-0.4153457,1.9102255,1.875508,0.0,0.0,0.0,1.0
6667,-0.4153457,1.9640751,1.9209511,0.0,0.0,0.0,1.0
6668,-0.703494,1.9994351,1.9706484,0.0,0.0,0.0,1.0
6669,-0.42380944,2.0201735,2.0236802,0.0,0.0,0.0,1.0
6670,-0.42380944,2.123045,2.074814,0.0,0.0,0.0,1.0
6671,-0.42380944,2.1495948,2.1261148,0.0,0.0,0.0,1.0
6672,-0.42380944,2.2085006,2.1752608,0.0,0.0,0.0,1.0
6673,-0.7119224,2.252135,2.2226124,0.0,0.0,0.0,1.0
6674,-0.7119224,2.3122735,2.2674398,0.0,0.0,0.0,1.0
6675,-0.7119224,2.3558314,2.312126,0.0,0.0,0.0,1.0
6676,-0.43228358,2.390304,2.356953,0.0,0.0,0.0,1.0
6677,-0.43228358,2.4175348,2.3879151,0.0,0.0,0.0,1.0
6678,-0.43228358,2.4784462,2.4166887,0.0,0.0,0.0,1.0
6679,-0.43228358,2.5020049,2.4428506,0.0,0.0,0.0,1.0
6680,-0.7203612,2.5356665,2.465501,0.0,0.0,0.0,1.0
6681,-0.7203612,2.5580993,2.4843955,0.0,0.0,0.0,1.0
6682,-0.7203612,2.4945893,2.4986968,0.0,0.0,0.0,1.0
6683,-0.4407414,2.4948776,2.5057142,0.0,0.0,0.0,1.0
6684,-0.4407414,2.5224438,2.50489,0.0,0.0,0.0,1.0
6685,-0.4407414,2.5239413,2.485497,0.0,0.0,0.0,1.0
6686,-0.4407414,2.5390072,2.4643354,0.0,0.0,0.0,1.0
6687,-0.4407414,2.5274472,2.4304347,0.0,0.0,1.0,1.0
6688,-0.4407414,2.474513,2.3831723,0.0,0.0,1.0,1.0
6689,-0.15266378,2.407644,2.327302,0.0,0.0,1.0,1.0
6690,-0.4407414,2.2457292,2.26127,0.0,0.0,1.0,1.0
6691,-0.4407414,2.2480664,2.182932,0.0,0.0,1.0,1.0
6692,-0.4407414,2.1288593,2.0954273,0.0,0.0,1.0,1.0
6693,0.12689714,1.9909497,2.0024202,0.0,0.0,1.0,1.0
6694,0.12689714,1.8241438,1.9031243,0.0,0.0,1.0,1.0
6695,-0.15266378,1.7024969,1.8003707,0.0,0.0,1.0,1.0
6696,0.12689714,1.582386,1.6992869,0.0,0.0,1.0,1.0
6697,0.4150101,1.4738836,1.6003258,0.0,0.0,1.0,1.0
6698,0.4150101,1.4229233,1.4953858,0.0,0.0,1.0,1.0
6699,0.4150101,1.3358963,1.393233,0.0,0.0,1.0,1.0
6700,0.4150101,1.2414693,1.3014184,0.0,0.0,1.0,1.0
6701,0.4150101,1.1946398,1.227229,0.0,0.0,1.0,1.0
6702,0.7031584,1.0581955,1.1583415,0.0,0.0,1.0,1.0
6703,0.7031584,0.98878634,1.1010182,0.0,0.0,0.0,1.0
6704,0.7031584,0.9030243,1.0592773,0.0,0.0,0.0,1.0
6705,0.7031584,0.8891757,1.026178,0.0,0.0,0.0,1.0
6706,0.7031584,0.93387073,1.0052009,0.0,0.0,0.0,1.0
6707,0.7031584,0.8758479,1.0003754,0.0,0.0,0.0,1.0
6708,0.7031584,0.8945051,1.0009077,0.0,0.0,0.0,1.0
6709,0.7031584,0.97299397,1.0107749,0.0,0.0,0.0,1.0
6710,0.99134195,1.0257311,1.0258598,0.0,0.0,0.0,1.0
6711,0.99134195,1.0841702,1.0496688,0.0,0.0,0.0,1.0
6712,0.99134195,1.1835637,1.0741433,0.0,0.0,0.0,1.0
6713,0.711781,1.2010273,1.095632,0.0,0.0,0.0,1.0
6714,0.42359743,1.1766025,1.1186825,0.0,0.0,0.0,1.0
6715,0.711781,1.1698061,1.1430209,0.0,0.0,0.0,1.0
6716,0.711781,1.1887305,1.158387,0.0,0.0,0.0,1.0
6717,0.711781,1.1828707,1.1640978,0.0,0.0,0.0,1.0
6718,0.711781,1.1917341,1.1616794,0.0,0.0,1.0,1.0
6719,0.711781,1.1524541,1.1504428,0.0,0.0,1.0,1.0
6720,0.711781,1.1865661,1.131585,0.0,0.0,1.0,1.0
6721,0.43216124,1.1573868,1.1129068,0.0,0.0,1.0,1.0
6722,0.7203802,1.094262,1.091239,0.0,0.0,1.0,1.0
6723,0.7203802,1.0551484,1.0607364,0.0,0.0,1.0,1.0
6724,0.4407414,1.0487249,1.0311804,0.0,0.0,1.0,1.0
6725,0.4407414,0.9747344,1.005499,0.0,0.0,1.0,1.0
6726,0.4407414,0.95246315,0.98756814,0.0,0.0,1.0,1.0
6727,0.16105686,0.9097928,0.9699389,0.0,0.0,1.0,1.0
6728,0.16105686,0.82269937,0.9591325,0.0,0.0,1.0,1.0
6729,0.16105686,0.8281992,0.9565581,0.0,0.0,1.0,1.0
6730,0.16105686,0.8835566,0.9586472,0.0,0.0,1.0,1.0
6731,0.16105686,0.93728375,0.96014756,0.0,0.0,1.0,1.0
6732,-0.11863311,0.9750152,0.9690866,0.0,0.0,1.0,1.0
6733,-0.11863311,1.0277101,0.9848169,0.0,0.0,1.0,1.0
6734,-0.11863311,1.0633698,1.0048563,0.0,0.0,1.0,1.0
6735,-0.11863311,1.0802171,1.0367154,0.0,0.0,1.0,1.0
6736,-0.11863311,1.0667291,1.0726906,0.0,0.0,1.0,1.0
6737,0.16105686,1.0820031,1.1056218,0.0,0.0,1.0,1.0
6738,-0.11863311,1.1412266,1.1375697,0.0,0.0,1.0,1.0
6739,-0.11863311,1.1502659,1.167321,0.0,0.0,1.0,1.0
6740,-0.11863311,1.2050083,1.1935585,0.0,0.0,1.0,1.0
6741,-0.11863311,1.2599012,1.2129583,0.0,0.0,1.0,1.0
6742,-0.11863311,1.2787311,1.231012,0.0,0.0,1.0,1.0
6743,-0.11863311,1.3206587,1.2473222,0.0,0.0,1.0,1.0
6744,-0.11863311,1.3320311,1.257171,0.0,0.0,1.0,1.0
6745,-0.11863311,1.3425602,1.2576895,0.0,0.0,1.0,1.0
6746,-0.40685207,1.2961679,1.2576227,0.0,0.0,1.0,1.0
6747,-0.40685207,1.2968608,1.2500924,0.0,0.0,1.0,1.0
6748,-0.40685207,1.262452,1.2394465,0.0,0.0,1.0,1.0
6749,-0.40685207,1.2001885,1.2245535,0.0,0.0,1.0,1.0
6750,-0.40685207,1.1474485,1.2138782,0.0,0.0,1.0,1.0
6751,-0.40685207,1.1494644,1.1980338,0.0,0.0,1.0,1.0
6752,-0.40685207,1.1146448,1.185272,0.0,0.0,1.0,1.0
6753,-0.6950357,1.1321507,1.1702865,0.0,0.0,1.0,1.0
6754,-0.6950357,1.1000141,1.1533295,0.0,0.0,1.0,1.0
6755,-0.6950357,1.1925551,1.1383245,0.0,0.0,1.0,1.0
6756,-0.4153457,1.141899,1.1275966,0.0,0.0,1.0,1.0
6757,-0.4153457,1.1894186,1.1208411,0.0,0.0,1.0,1.0
6758,-0.4153457,1.1163421,1.1155574,0.0,0.0,1.0,1.0
6759,-0.4153457,1.0933765,1.1137156,0.0,0.0,1.0,1.0
6760,-0.703494,1.0823915,1.1108011,0.0,0.0,1.0,1.0
6761,-0.703494,1.0714542,1.115841,0.0,0.0,1.0,1.0
6762,-0.703494,1.0663824,1.1205279,0.0,0.0,1.0,1.0
6763,-0.703494,1.0860602,1.1316258,0.0,0.0,1.0,1.0
6764,-0.42380944,1.0925438,1.1385776,0.0,0.0,1.0,1.0
6765,-0.42380944,1.0971755,1.157686,0.0,0.0,1.0,1.0
6766,-0.7119224,1.1604941,1.172029,0.0,0.0,1.0,1.0
6767,-0.7119224,1.2487972,1.1897862,0.0,0.0,1.0,1.0
6768,-0.7119224,1.2750736,1.202162,0.0,0.0,1.0,1.0
6769,-0.7119224,1.2728398,1.222075,0.0,0.0,1.0,1.0
6770,-0.43228358,1.3456432,1.2392256,0.0,0.0,1.0,1.0
6771,-0.7203612,1.2654932,1.2570256,0.0,0.0,0.0,1.0
6772,-0.7203612,1.295477,1.2736717,0.0,0.0,0.0,1.0
6773,-0.7203612,1.2199651,1.2880256,0.0,0.0,0.0,1.0
6774,-0.7203612,1.3053379,1.2918338,0.0,0.0,0.0,1.0
6775,-0.7203612,1.2918668,1.2922112,0.0,0.0,0.0,1.0
6776,-0.7203612,1.3061433,1.2930585,0.0,0.0,0.0,1.0
6777,-0.4407414,1.29693,1.2932364,0.0,0.0,0.0,1.0
6778,-0.4407414,1.3327408,1.2923176,0.0,0.0,0.0,1.0
6779,-0.4407414,1.2944952,1.2878673,0.0,0.0,0.0,1.0
6780,-0.4407414,1.2796023,1.2854677,0.0,0.0,0.0,1.0
6781,-0.4407414,1.2830074,1.269316,0.0,0.0,0.0,1.0
6782,-0.4407414,1.3477776,1.2538135,0.0,0.0,0.0,1.0
6783,-0.15266378,1.2544678,1.2376871,0.0,0.0,0.0,1.0
6784,-0.15266378,1.2420729,1.2237647,0.0,0.0,0.0,1.0
6785,-0.15266378,1.1911713,1.2054075,0.0,0.0,0.0,1.0
6786,0.13544916,1.111516,1.1892703,0.0,0.0,0.0,1.0
6787,0.13544916,1.1058371,1.1760215,0.0,0.0,0.0,1.0
6788,0.13544916,1.1126275,1.164692,0.0,0.0,0.0,1.0
6789,0.13544916,1.1298604,1.1490362,0.0,0.0,0.0,1.0
6790,0.4150101,1.1124551,1.1421329,0.0,0.0,0.0,1.0
6791,0.4150101,1.100847,1.1364305,0.0,0.0,0.0,1.0
6792,0.4150101,1.1206167,1.1431485,0.0,0.0,0.0,1.0
6793,0.7031584,1.1470554,1.1486473,0.0,0.0,0.0,1.0
6794,0.7031584,1.1599072,1.1575439,0.0,0.0,0.0,1.0
6795,0.42359743,1.1716284,1.1678343,0.0,0.0,1.0,1.0
6796,0.7031584,1.1736441,1.1850225,0.0,0.0,1.0,1.0
6797,0.7031584,1.2717876,1.2140504,0.0,0.0,1.0,1.0
6798,0.42359743,1.1775013,1.247743,0.0,0.0,1.0,1.0
6799,0.7031584,1.2125963,1.278246,0.0,0.0,1.0,1.0
6800,0.711781,1.2361119,1.3049672,0.0,0.0,1.0,1.0
6801,0.711781,1.3361187,1.3318472,0.0,0.0,1.0,1.0
6802,0.711781,1.4607898,1.3635027,0.0,0.0,1.0,1.0
6803,0.42359743,1.5051587,1.3978322,0.0,0.0,1.0,1.0
6804,0.711781,1.4866537,1.4270208,0.0,0.0,1.0,1.0
6805,0.711781,1.4677085,1.4605994,0.0,0.0,1.0,1.0
6806,0.711781,1.4824675,1.4872632,0.0,0.0,1.0,1.0
6807,0.711781,1.5514946,1.5101249,0.0,0.0,1.0,1.0
6808,0.711781,1.5855978,1.5159374,0.0,0.0,1.0,1.0
6809,0.43216124,1.6220514,1.5077485,0.0,0.0,1.0,1.0
6810,0.43216124,1.5804448,1.4923394,0.0,0.0,1.0,1.0
6811,0.7203802,1.532561,1.4713354,0.0,0.0,0.0,1.0
6812,0.4407414,1.5104523,1.4399555,0.0,0.0,0.0,1.0
6813,0.15252244,1.4058692,1.3942573,0.0,0.0,0.0,1.0
6814,0.4407414,1.3625227,1.3378453,0.0,0.0,0.0,1.0
6815,0.4407414,1.3202496,1.2757702,0.0,0.0,0.0,1.0
6816,0.16105686,1.234606,1.2142084,0.0,0.0,0.0,1.0
6817,0.16105686,1.0911489,1.1572824,0.0,0.0,0.0,1.0
6818,0.16105686,0.9340899,1.0999465,0.0,0.0,0.0,1.0
6819,-0.11863311,0.87455064,1.0383875,0.0,0.0,0.0,1.0
6820,-0.11863311,0.8406952,0.97672546,0.0,0.0,0.0,1.0
6821,-0.11863311,0.8833104,0.9251025,0.0,0.0,0.0,1.0
6822,-0.11863311,0.8973324,0.88509,0.0,0.0,0.0,1.0
6823,-0.11863311,0.8445309,0.8594994,0.0,0.0,0.0,1.0
6824,-0.11863311,0.77174443,0.8463209,0.0,0.0,0.0,1.0
6825,-0.11863311,0.66592425,0.85101604,0.0,0.0,0.0,1.0
6826,-0.11863311,0.7430475,0.8633287,0.0,0.0,0.0,1.0
6827,-0.11863311,0.84009916,0.8836599,0.0,0.0,0.0,1.0
6828,-0.11863311,0.9275194,0.9068425,0.0,0.0,0.0,1.0
6829,-0.11863311,0.9330071,0.9285303,0.0,0.0,0.0,1.0
6830,-0.11863311,0.99043137,0.9557608,0.0,0.0,1.0,1.0
6831,-0.11863311,1.022302,0.994676,0.0,0.0,1.0,1.0
6832,-0.11863311,1.0846701,1.0360221,0.0,0.0,1.0,1.0
6833,-0.11863311,1.1615021,1.0694104,0.0,0.0,1.0,1.0
6834,-0.11863311,1.1575854,1.0943872,0.0,0.0,1.0,1.0
6835,-0.11863311,1.1712966,1.1141671,0.0,0.0,1.0,1.0
6836,-0.40685207,1.2387267,1.1381472,0.0,0.0,1.0,1.0
6837,-0.40685207,1.162078,1.1504936,0.0,0.0,1.0,1.0
6838,-0.11863311,1.1437074,1.1578124,0.0,0.0,1.0,1.0
6839,-0.40685207,1.1398199,1.1543401,0.0,0.0,1.0,1.0
6840,-0.40685207,1.1648782,1.1446579,0.0,0.0,1.0,1.0
6841,-0.40685207,1.2207689,1.1353476,0.0,0.0,1.0,1.0
6842,-0.40685207,1.1385887,1.1243497,0.0,0.0,1.0,1.0
6843,-0.6950357,1.1101263,1.1115819,0.0,0.0,1.0,1.0
6844,-0.6950357,1.0430036,1.1075158,0.0,0.0,1.0,1.0
6845,-0.6950357,1.045314,1.1142689,0.0,0.0,1.0,1.0
6846,-0.6950357,1.0458624,1.122419,0.0,0.0,1.0,1.0
6847,-0.4153457,1.0393229,1.1268237,0.0,0.0,1.0,1.0
6848,-0.703494,1.0855124,1.1361907,0.0,0.0,1.0,1.0
6849,-0.703494,1.113285,1.1513556,0.0,0.0,1.0,1.0
6850,-0.703494,1.2247449,1.1767325,0.0,0.0,1.0,1.0
6851,-0.703494,1.2376212,1.2060925,0.0,0.0,1.0,1.0
6852,-0.703494,1.2177341,1.236133,0.0,0.0,1.0,1.0
6853,-0.703494,1.3331729,1.2711968,0.0,0.0,1.0,1.0
6854,-0.7119224,1.3205675,1.3134555,0.0,0.0,1.0,1.0
6855,-0.7119224,1.4146504,1.3566804,0.0,0.0,1.0,1.0
6856,-0.7119224,1.3953226,1.3996329,0.0,0.0,1.0,1.0
6857,-0.7119224,1.4057994,1.4381193,0.0,0.0,1.0,1.0
6858,-0.7119224,1.4666293,1.4809337,0.0,0.0,1.0,1.0
6859,-0.43228358,1.5464259,1.5275335,0.0,0.0,1.0,1.0
6860,-0.43228358,1.6042113,1.5611353,0.0,0.0,1.0,1.0
6861,-0.43228358,1.6287159,1.6036779,0.0,0.0,1.0,1.0
6862,-0.43228358,1.6865815,1.647309,0.0,0.0,1.0,1.0
6863,-0.7203612,1.7513926,1.6948125,0.0,0.0,1.0,1.0
6864,-0.7203612,1.7769337,1.734595,0.0,0.0,1.0,1.0
6865,-0.7203612,1.7363932,1.7721559,0.0,0.0,1.0,1.0
6866,-0.7203612,1.8310794,1.7934661,0.0,0.0,1.0,1.0
6867,-0.15266378,1.938222,1.8088083,0.0,0.0,1.0,1.0
6868,-0.7203612,1.9653668,1.8260365,0.0,0.0,1.0,1.0
6869,-0.4407414,1.8831874,1.8362567,0.0,0.0,1.0,1.0
6870,-0.4407414,1.9173605,1.8310663,0.0,0.0,1.0,1.0
6871,-0.4407414,1.8021488,1.8197169,0.0,0.0,0.0,1.0
6872,-0.4407414,1.7883179,1.8104432,0.0,0.0,0.0,1.0
6873,-0.15266378,1.8354533,1.7863188,0.0,0.0,0.0,1.0
6874,-0.15266378,1.8092246,1.7444991,0.0,0.0,0.0,1.0
6875,-0.15266378,1.689107,1.7020466,0.0,0.0,0.0,1.0
6876,-0.15266378,1.6407425,1.666807,0.0,0.0,0.0,1.0
6877,-0.15266378,1.6251073,1.6171579,0.0,0.0,0.0,1.0
6878,0.13544916,1.541587,1.5725528,0.0,0.0,0.0,1.0
6879,0.13544916,1.4363854,1.528254,0.0,0.0,0.0,1.0
6880,0.13544916,1.455938,1.4887247,0.0,0.0,0.0,1.0
6881,0.13544916,1.4603131,1.4546676,0.0,0.0,0.0,1.0
6882,0.4150101,1.3215711,1.4350617,0.0,0.0,0.0,1.0
6883,0.13544916,1.2668862,1.4250524,0.0,0.0,0.0,1.0
6884,0.42359743,1.2567322,1.412176,0.0,0.0,0.0,1.0
6885,0.42359743,1.3611014,1.4087324,0.0,0.0,0.0,1.0
6886,0.7031584,1.4005396,1.418686,0.0,0.0,0.0,1.0
6887,0.42359743,1.4538357,1.4285237,0.0,0.0,0.0,1.0
6888,0.42359743,1.5206314,1.4483876,0.0,0.0,0.0,1.0
6889,0.42359743,1.4705904,1.4812679,0.0,0.0,0.0,1.0
6890,0.711781,1.5002649,1.5209193,0.0,0.0,0.0,1.0
6891,0.711781,1.5558281,1.5636942,0.0,0.0,0.0,1.0
6892,0.711781,1.57399,1.5991646,0.0,0.0,0.0,1.0
6893,0.711781,1.6986805,1.6302713,0.0,0.0,0.0,1.0
6894,0.711781,1.7161351,1.6501358,0.0,0.0,0.0,1.0
6895,0.711781,1.7427026,1.6668494,0.0,0.0,0.0,1.0
6896,0.711781,1.7700311,1.6791273,0.0,0.0,0.0,1.0
6897,0.711781,1.7867459,1.6817383,0.0,0.0,0.0,1.0
6898,0.711781,1.7738202,1.6755337,0.0,0.0,0.0,1.0
6899,0.711781,1.6922085,1.6677697,0.0,0.0,0.0,1.0
6900,0.43216124,1.7211955,1.6451895,0.0,0.0,0.0,1.0
6901,0.43216124,1.6179255,1.6241192,0.0,0.0,0.0,1.0
6902,0.7203802,1.5315968,1.6003246,0.0,0.0,0.0,1.0
6903,0.7203802,1.4813726,1.5773321,0.0,0.0,0.0,1.0
6904,0.7203802,1.4808215,1.5497077,0.0,0.0,0.0,1.0
6905,0.4407414,1.4277191,1.5274811,0.0,0.0,0.0,1.0
6906,0.4407414,1.4632907,1.5177103,0.0,0.0,0.0,1.0
6907,0.4407414,1.4571689,1.4904423,0.0,0.0,0.0,1.0
6908,0.16105686,1.4941199,1.478081,0.0,0.0,0.0,1.0
6909,0.16105686,1.4552534,1.4716016,0.0,0.0,0.0,1.0
6910,0.16105686,1.5071008,1.470655,0.0,0.0,0.0,1.0
6911,0.16105686,1.5749592,1.4671572,0.0,0.0,0.0,1.0
6912,-0.11863311,1.3939793,1.4774584,0.0,0.0,0.0,1.0
6913,-0.11863311,1.4695902,1.4887677,0.0,0.0,0.0,1.0
6914,-0.11863311,1.4538436,1.508306,0.0,0.0,0.0,1.0
6915,-0.11863311,1.4700131,1.5262157,0.0,0.0,1.0,1.0
6916,-0.11863311,1.4388485,1.5536755,0.0,0.0,1.0,1.0
6917,-0.11863311,1.5513326,1.5741198,0.0,0.0,1.0,1.0
6918,-0.11863311,1.5990031,1.5932901,0.0,0.0,1.0,1.0
6919,-0.11863311,1.6916289,1.6219723,0.0,0.0,1.0,1.0
6920,-0.11863311,1.7090349,1.646252,0.0,0.0,1.0,1.0
6921,-0.11863311,1.7847723,1.6681374,0.0,0.0,1.0,1.0
6922,-0.11863311,1.7524313,1.6865498,0.0,0.0,1.0,1.0
6923,-0.11863311,1.8050027,1.7166855,0.0,0.0,1.0,1.0
6924,-0.11863311,1.738166,1.7333995,0.0,0.0,1.0,1.0
6925,-0.11863311,1.7609475,1.7499516,0.0,0.0,1.0,1.0
6926,-0.11863311,1.716468,1.7631592,0.0,0.0,1.0,1.0
6927,-0.11863311,1.6909614,1.7766931,0.0,0.0,1.0,1.0
6928,-0.11863311,1.8004779,1.7779963,0.0,0.0,1.0,1.0
6929,-0.40685207,1.7519008,1.7804021,0.0,0.0,1.0,1.0
6930,-0.40685207,1.7976279,1.7742791,0.0,0.0,1.0,1.0
6931,-0.40685207,1.8501198,1.7703104,0.0,0.0,1.0,1.0
6932,-0.40685207,1.8714417,1.7658358,0.0,0.0,1.0,1.0
6933,-0.40685207,1.800411,1.767387,0.0,0.0,1.0,1.0
6934,-0.40685207,1.7812998,1.764134,0.0,0.0,1.0,1.0
6935,-0.40685207,1.7315278,1.754299,0.0,0.0,1.0,1.0
6936,-0.40685207,1.6905407,1.7420642,0.0,0.0,1.0,1.0
6937,-0.6950357,1.7072517,1.725302,0.0,0.0,1.0,1.0
6938,-0.6950357,1.7350845,1.7052227,0.0,0.0,1.0,1.0
6939,-0.6950357,1.6519247,1.6894679,0.0,0.0,1.0,1.0
6940,-0.4153457,1.6824586,1.6847332,0.0,0.0,1.0,1.0
6941,-0.4153457,1.6050825,1.6850711,0.0,0.0,1.0,1.0
6942,-0.4153457,1.5964808,1.6899887,0.0,0.0,1.0,1.0
6943,-0.703494,1.6091691,1.7012659,0.0,0.0,1.0,1.0
6944,-0.703494,1.682384,1.7147981,0.0,0.0,1.0,1.0
6945,-0.703494,1.7435931,1.7283834,0.0,0.0,1.0,1.0
6946,-0.703494,1.7853562,1.7527336,0.0,0.0,1.0,1.0
6947,-0.42380944,1.7905385,1.7792941,0.0,0.0,1.0,1.0
6948,-0.703494,1.8258679,1.8145576,0.0,0.0,1.0,1.0
6949,-0.7119224,1.8696364,1.8504131,0.0,0.0,1.0,1.0
6950,-0.7119224,1.8981085,1.8916343,0.0,0.0,1.0,1.0
6951,-0.7119224,1.944128,1.9330256,0.0,0.0,1.0,1.0
6952,-0.7119224,2.0011852,1.9715021,0.0,0.0,1.0,1.0
6953,-0.43228358,2.0282435,2.0134578,0.0,0.0,1.0,1.0
6954,-0.43228358,2.0267463,2.0577564,0.0,0.0,1.0,1.0
6955,-0.7203612,2.1038244,2.0988972,0.0,0.0,1.0,1.0
6956,-0.7203612,2.179079,2.1361296,0.0,0.0,1.0,1.0
6957,-0.7203612,2.2053106,2.1785758,0.0,0.0,1.0,1.0
6958,-0.7203612,2.2888253,2.2198303,0.0,0.0,1.0,1.0
6959,-0.7203612,2.322123,2.2561214,0.0,0.0,1.0,1.0
6960,-0.7203612,2.3195558,2.2905498,0.0,0.0,1.0,1.0
6961,-0.4407414,2.3164256,2.324398,0.0,0.0,1.0,1.0
6962,-0.4407414,2.407462,2.3552074,0.0,0.0,1.0,1.0
6963,-0.4407414,2.4391828,2.3805,0.0,0.0,1.0,1.0
6964,-0.4407414,2.4366798,2.3988633,0.0,0.0,0.0,1.0
6965,-0.15266378,2.4413824,2.4051263,0.0,0.0,0.0,1.0
6966,-0.15266378,2.4329252,2.4003303,0.0,0.0,0.0,1.0
6967,-0.15266378,2.4735372,2.3961558,0.0,0.0,0.0,1.0
6968,-0.15266378,2.4825902,2.3886728,0.0,0.0,0.0,1.0
6969,0.13544916,2.4256692,2.366691,0.0,0.0,0.0,1.0
6970,0.13544916,2.363982,2.3319178,0.0,0.0,0.0,1.0
6971,0.13544916,2.2645707,2.285392,0.0,0.0,0.0,1.0
6972,0.13544916,2.2694633,2.232617,0.0,0.0,0.0,1.0
6973,0.13544916,2.2266297,2.1717544,0.0,0.0,0.0,1.0
6974,0.13544916,2.1436815,2.105888,0.0,0.0,0.0,1.0
6975,0.42359743,2.021902,2.0406456,0.0,0.0,0.0,1.0
6976,0.42359743,1.8783697,1.9754857,0.0,0.0,0.0,1.0
6977,0.42359743,1.8080827,1.9122413,0.0,0.0,0.0,1.0
6978,0.42359743,1.7025754,1.8514913,0.0,0.0,0.0,1.0
6979,0.42359743,1.6831396,1.7830487,0.0,0.0,0.0,1.0
6980,0.42359743,1.6996799,1.7165701,0.0,0.0,0.0,1.0
6981,0.42359743,1.643752,1.6580544,0.0,0.0,1.0,1.0
6982,0.711781,1.6050496,1.611128,0.0,0.0,1.0,1.0
6983,0.711781,1.5355709,1.5668896,0.0,0.0,1.0,1.0
6984,0.711781,1.448152,1.5273489,0.0,0.0,1.0,1.0
6985,0.711781,1.4288867,1.4937114,0.0,0.0,1.0,1.0
6986,0.711781,1.4414912,1.4632375,0.0,0.0,1.0,1.0
6987,0.711781,1.4587866,1.4362923,0.0,0.0,1.0,1.0
6988,0.711781,1.3475096,1.4072385,0.0,0.0,1.0,1.0
6989,0.711781,1.333593,1.3735033,0.0,0.0,1.0,1.0
6990,0.43216124,1.2989247,1.3350708,0.0,0.0,1.0,1.0
6991,0.7203802,1.3174537,1.3018231,0.0,0.0,1.0,1.0
6992,0.7203802,1.3763369,1.2741302,0.0,0.0,1.0,1.0
6993,0.7203802,1.2951072,1.2452567,0.0,0.0,1.0,1.0
6994,0.4407414,1.2002274,1.2136142,0.0,0.0,1.0,1.0
6995,0.4407414,1.0743804,1.1985688,0.0,0.0,1.0,1.0
6996,0.4407414,1.0491804,1.1941773,0.0,0.0,1.0,1.0
6997,0.16105686,1.0965716,1.2001427,0.0,0.0,0.0,1.0
6998,0.16105686,1.095009,1.2024245,0.0,0.0,0.0,1.0
6999,0.16105686,1.0790768,1.1984627,0.0,0.0,0.0,1.0
7000,0.16105686,1.166965,1.202264,0.0,0.0,0.0,1.0
7001,-0.11863311,1.280894,1.2132362,0.0,0.0,0.0,1.0
7002,-0.11863311,1.3705102,1.236351,0.0,0.0,0.0,1.0
7003,-0.11863311,1.3448352,1.2567413,0.0,0.0,0.0,1.0
7004,-0.11863311,1.3287953,1.2848891,0.0,0.0,0.0,1.0
7005,-0.11863311,1.3407221,1.3229265,0.0,0.0,0.0,1.0
7006,-0.11863311,1.331894,1.3729614,0.0,0.0,0.0,1.0
7007,-0.11863311,1.3517587,1.4161594,0.0,0.0,1.0,1.0
7008,-0.11863311,1.2938643,1.4461848,0.0,0.0,1.0,1.0
7009,-0.11863311,1.4343446,1.475983,0.0,0.0,1.0,1.0
7010,-0.11863311,1.5514576,1.51098,0.0,0.0,1.0,1.0
7011,-0.11863311,1.6794957,1.5392313,0.0,0.0,1.0,1.0
7012,-0.11863311,1.685341,1.55376,0.0,0.0,1.0,1.0
7013,-0.11863311,1.6411988,1.561325,0.0,0.0,1.0,1.0
7014,-0.11863311,1.7280889,1.5701566,0.0,0.0,1.0,1.0
7015,-0.11863311,1.7647989,1.5872879,0.0,0.0,1.0,1.0
7016,-0.11863311,1.6678118,1.594084,0.0,0.0,1.0,1.0
7017,-0.11863311,1.5150659,1.5938745,0.0,0.0,1.0,1.0
7018,-0.11863311,1.4226727,1.5824957,0.0,0.0,1.0,1.0
7019,-0.40685207,1.457738,1.573753,0.0,0.0,1.0,1.0
7020,-0.40685207,1.4994402,1.5621221,0.0,0.0,1.0,1.0
7021,-0.11863311,1.5158995,1.5367166,0.0,0.0,1.0,1.0
7022,-0.40685207,1.5489416,1.5053827,0.0,0.0,1.0,1.0
7023,-0.40685207,1.5429512,1.4767475,0.0,0.0,0.0,1.0
7024,-0.40685207,1.5804282,1.4581791,0.0,0.0,1.0,1.0
7025,-0.40685207,1.501629,1.4404396,0.0,0.0,1.0,1.0
7026,-0.6950357,1.4232217,1.4179798,0.0,0.0,1.0,1.0
7027,-0.6950357,1.3887919,1.3920453,0.0,0.0,1.0,1.0
7028,-0.6950357,1.3241899,1.3704119,0.0,0.0,1.0,1.0
7029,-0.6950357,1.2922449,1.3433135,0.0,0.0,1.0,1.0
7030,-0.6950357,1.2097982,1.3150413,0.0,0.0,1.0,1.0
7031,-0.4153457,1.1882216,1.2822567,0.0,0.0,1.0,1.0
7032,-0.703494,1.1882259,1.2545301,0.0,0.0,1.0,1.0
7033,-0.703494,1.2562984,1.232165,0.0,0.0,1.0,1.0
7034,-0.703494,1.22376,1.2122157,0.0,0.0,1.0,1.0
7035,-0.703494,1.2036852,1.1994638,0.0,0.0,1.0,1.0
7036,-0.703494,1.1870143,1.1892077,0.0,0.0,1.0,1.0
7037,-0.42380944,1.1689087,1.1900947,0.0,0.0,1.0,1.0
7038,-0.7119224,1.154841,1.1888998,0.0,0.0,1.0,1.0
7039,-0.7119224,1.1494,1.1903982,0.0,0.0,1.0,1.0
7040,-0.7119224,1.1711683,1.1873413,0.0,0.0,1.0,1.0
7041,-0.7119224,1.1691707,1.1866637,0.0,0.0,0.0,1.0
7042,-0.7119224,1.2204423,1.1871587,0.0,0.0,0.0,1.0
7043,-0.43228358,1.1738828,1.1902428,0.0,0.0,0.0,1.0
7044,-0.7203612,1.2062073,1.1912335,0.0,0.0,0.0,1.0
7045,-0.43228358,1.2196157,1.2056667,0.0,0.0,0.0,1.0
7046,-0.7203612,1.215629,1.225531,0.0,0.0,0.0,1.0
7047,-0.7203612,1.209624,1.2445416,0.0,0.0,0.0,1.0
7048,-0.7203612,1.2240233,1.2701405,0.0,0.0,0.0,1.0
7049,-0.7203612,1.1807979,1.2943105,0.0,0.0,0.0,1.0
7050,-0.7203612,1.328039,1.3236187,0.0,0.0,0.0,1.0
7051,-0.4407414,1.3877707,1.344159,0.0,0.0,0.0,1.0
7052,-0.4407414,1.3992969,1.359496,0.0,0.0,0.0,1.0
7053,-0.15266378,1.4763576,1.3724868,0.0,0.0,0.0,1.0
7054,-0.15266378,1.510481,1.3883928,0.0,0.0,0.0,1.0
7055,-0.15266378,1.5255821,1.3959309,0.0,0.0,0.0,1.0
7056,-0.15266378,1.4526904,1.4041013,0.0,0.0,0.0,1.0
7057,-0.15266378,1.4036597,1.3976166,0.0,0.0,0.0,1.0
7058,0.13544916,1.37152,1.3832175,0.0,0.0,0.0,1.0
7059,-0.15266378,1.4004947,1.3680978,0.0,0.0,0.0,1.0
7060,0.13544916,1.3144805,1.3515295,0.0,0.0,0.0,1.0
7061,0.13544916,1.2788426,1.3288634,0.0,0.0,0.0,1.0
7062,0.13544916,1.2502236,1.3071043,0.0,0.0,0.0,1.0
7063,0.13544916,1.2149804,1.2971612,0.0,0.0,0.0,1.0
7064,0.42359743,1.2178603,1.293787,0.0,0.0,0.0,1.0
7065,0.42359743,1.2775378,1.2957339,0.0,0.0,0.0,1.0
7066,0.42359743,1.238489,1.2967082,0.0,0.0,0.0,1.0
7067,0.42359743,1.2644738,1.3146266,0.0,0.0,0.0,1.0
7068,0.42359743,1.3333724,1.3471829,0.0,0.0,0.0,1.0
7069,0.42359743,1.3631684,1.3820666,0.0,0.0,0.0,1.0
7070,0.42359743,1.3948835,1.4189249,0.0,0.0,0.0,1.0
7071,0.711781,1.4121858,1.4609536,0.0,0.0,0.0,1.0
7072,0.711781,1.5295019,1.5074347,0.0,0.0,1.0,1.0
7073,0.711781,1.669517,1.5611302,0.0,0.0,1.0,1.0
7074,0.711781,1.6688294,1.6149104,0.0,0.0,1.0,1.0
7075,0.711781,1.6572793,1.662787,0.0,0.0,1.0,1.0
7076,0.711781,1.7222043,1.7063417,0.0,0.0,1.0,1.0
7077,0.711781,1.8353121,1.7435702,0.0,0.0,1.0,1.0
7078,0.711781,1.8828348,1.7747678,0.0,0.0,1.0,1.0
7079,0.711781,1.909835,1.7903049,0.0,0.0,1.0,1.0
7080,0.43216124,1.9078927,1.7925849,0.0,0.0,1.0,1.0
7081,0.7203802,1.8858246,1.7923365,0.0,0.0,1.0,1.0
7082,0.7203802,1.841626,1.798478,0.0,0.0,1.0,1.0
7083,0.7203802,1.7865565,1.7942108,0.0,0.0,1.0,1.0
7084,0.15252244,1.7159467,1.775602,0.0,0.0,1.0,1.0
7085,0.4407414,1.6968769,1.7602198,0.0,0.0,1.0,1.0
7086,0.4407414,1.6658489,1.7514645,0.0,0.0,1.0,1.0
7087,0.4407414,1.7309783,1.748537,0.0,0.0,1.0,1.0
7088,0.16105686,1.6709967,1.7459816,0.0,0.0,0.0,1.0
7089,0.16105686,1.6120076,1.7515152,0.0,0.0,0.0,1.0
7090,0.16105686,1.6982486,1.7642556,0.0,0.0,0.0,1.0
7091,0.16105686,1.80477,1.7871158,0.0,0.0,0.0,1.0
7092,-0.11863311,1.8727632,1.8154975,0.0,0.0,0.0,1.0
7093,-0.11863311,1.8551595,1.8540579,0.0,0.0,0.0,1.0
7094,-0.11863311,1.9080293,1.8907585,0.0,0.0,0.0,1.0
7095,-0.11863311,1.9394418,1.9417906,0.0,0.0,0.0,1.0
7096,-0.11863311,1.9902694,2.0031781,0.0,0.0,1.0,1.0
7097,-0.11863311,2.0374568,2.059293,0.0,0.0,1.0,1.0
7098,-0.11863311,2.1285744,2.1028545,0.0,0.0,1.0,1.0
7099,0.16962118,2.171385,2.1427083,0.0,0.0,1.0,1.0
7100,-0.11863311,2.2833807,2.1823554,0.0,0.0,1.0,1.0
7101,-0.11863311,2.348659,2.2100842,0.0,0.0,1.0,1.0
7102,-0.11863311,2.371626,2.2340295,0.0,0.0,1.0,1.0
7103,-0.11863311,2.3275096,2.2539334,0.0,0.0,1.0,1.0
7104,-0.11863311,2.3510091,2.272961,0.0,0.0,1.0,1.0
7105,-0.11863311,2.3309245,2.2813592,0.0,0.0,1.0,1.0
7106,-0.11863311,2.240773,2.287379,0.0,0.0,1.0,1.0
7107,-0.11863311,2.226786,2.2895844,0.0,0.0,1.0,1.0
7108,-0.11863311,2.229116,2.2877095,0.0,0.0,1.0,1.0
7109,-0.11863311,2.265787,2.27676,0.0,0.0,1.0,1.0
7110,-0.11863311,2.2293534,2.267216,0.0,0.0,1.0,1.0
7111,-0.11863311,2.2436242,2.248706,0.0,0.0,1.0,1.0
7112,-0.11863311,2.3098457,2.231005,0.0,0.0,1.0,1.0
7113,-0.40685207,2.3261602,2.2188904,0.0,0.0,1.0,1.0
7114,-0.40685207,2.240234,2.2130127,0.0,0.0,1.0,1.0
7115,-0.40685207,2.2129793,2.206797,0.0,0.0,1.0,1.0
7116,-0.40685207,2.1288896,2.2002196,0.0,0.0,1.0,1.0
7117,-0.40685207,2.118511,2.2076952,0.0,0.0,1.0,1.0
7118,-0.6950357,2.0953987,2.206317,0.0,0.0,1.0,1.0
7119,-0.6950357,2.156253,2.1945238,0.0,0.0,1.0,1.0
7120,-0.6950357,2.154527,2.17545,0.0,0.0,1.0,1.0
7121,-0.6950357,2.1868584,2.1607301,0.0,0.0,1.0,1.0
7122,-0.4153457,2.3190634,2.1452196,0.0,0.0,1.0,1.0
7123,-0.4153457,2.227083,2.129664,0.0,0.0,1.0,1.0
7124,-0.703494,2.168329,2.1094615,0.0,0.0,1.0,1.0
7125,-0.703494,2.0972743,2.0911736,0.0,0.0,1.0,1.0
7126,-0.703494,2.0635953,2.068698,0.0,0.0,1.0,1.0
7127,-0.703494,2.0268514,2.0465481,0.0,0.0,1.0,1.0
7128,-0.703494,1.9422225,2.01932,0.0,0.0,1.0,1.0
7129,-0.7119224,1.8760829,1.984427,0.0,0.0,1.0,1.0
7130,-0.7119224,1.8759446,1.9582653,0.0,0.0,1.0,1.0
7131,-0.7119224,1.8865421,1.943077,0.0,0.0,1.0,1.0
7132,-0.7119224,1.8887295,1.9368932,0.0,0.0,1.0,1.0
7133,-0.7119224,1.860122,1.9332548,0.0,0.0,1.0,1.0
7134,-0.43228358,1.9003469,1.9432036,0.0,0.0,1.0,1.0
7135,-0.43228358,1.9131435,1.9651304,0.0,0.0,1.0,1.0
7136,-0.7203612,1.9860693,2.0034351,0.0,0.0,1.0,1.0
7137,-0.7203612,2.0230684,2.0437233,0.0,0.0,1.0,1.0
7138,-0.7203612,2.0199351,2.0836325,0.0,0.0,1.0,1.0
7139,-0.7203612,2.146236,2.1213777,0.0,0.0,1.0,1.0
7140,-0.7203612,2.2053454,2.1693463,0.0,0.0,1.0,1.0
7141,-0.15266378,2.3357384,2.2153208,0.0,0.0,1.0,1.0
7142,-0.7203612,2.3594043,2.2586493,0.0,0.0,1.0,1.0
7143,-0.7203612,2.3654504,2.2954273,0.0,0.0,1.0,1.0
7144,-0.15266378,2.3416736,2.3205366,0.0,0.0,0.0,1.0
7145,-0.4407414,2.435746,2.3485594,0.0,0.0,0.0,1.0
7146,-0.15266378,2.452039,2.3621302,0.0,0.0,0.0,1.0
7147,-0.15266378,2.433087,2.3661828,0.0,0.0,0.0,1.0
7148,-0.15266378,2.427404,2.3565247,0.0,0.0,0.0,1.0
7149,-0.15266378,2.3243809,2.3375435,0.0,0.0,0.0,1.0
7150,-0.15266378,2.3562067,2.3113694,0.0,0.0,0.0,1.0
7151,0.13544916,2.3090868,2.2801533,0.0,0.0,0.0,1.0
7152,0.13544916,2.2539756,2.2267852,0.0,0.0,1.0,1.0
7153,0.13544916,2.2198412,2.174273,0.0,0.0,1.0,1.0
7154,0.13544916,2.1316297,2.1263714,0.0,0.0,1.0,1.0
7155,0.13544916,2.0513625,2.081109,0.0,0.0,1.0,1.0
7156,0.13544916,1.9670807,2.0376425,0.0,0.0,1.0,1.0
7157,0.42359743,1.7953285,1.9933927,0.0,0.0,1.0,1.0
7158,0.42359743,1.8218919,1.9529585,0.0,0.0,1.0,1.0
7159,0.42359743,1.8582687,1.9221315,0.0,0.0,1.0,1.0
7160,0.42359743,1.8842548,1.8992668,0.0,0.0,1.0,1.0
7161,0.42359743,1.8027831,1.8819559,0.0,0.0,1.0,1.0
7162,0.42359743,1.8252082,1.8699962,0.0,0.0,1.0,1.0
7163,0.711781,1.8238763,1.8615457,0.0,0.0,1.0,1.0
7164,0.711781,1.8840525,1.8655326,0.0,0.0,1.0,1.0
7165,0.711781,1.945465,1.8719478,0.0,0.0,1.0,1.0
7166,0.711781,1.9238986,1.8725039,0.0,0.0,1.0,1.0
7167,0.711781,1.9078459,1.8784262,0.0,0.0,1.0,1.0
7168,0.711781,1.8656741,1.8917034,0.0,0.0,1.0,1.0
7169,0.711781,1.8431731,1.89828,0.0,0.0,1.0,1.0
7170,0.711781,1.8988724,1.8961737,0.0,0.0,1.0,1.0
7171,0.711781,1.8649427,1.8827193,0.0,0.0,1.0,1.0
7172,0.711781,1.9553221,1.863321,0.0,0.0,1.0,1.0
7173,0.711781,1.9621102,1.842402,0.0,0.0,1.0,1.0
7174,0.7203802,1.904127,1.8208619,0.0,0.0,1.0,1.0
7175,0.7203802,1.7986017,1.7946992,0.0,0.0,1.0,1.0
7176,0.7203802,1.7225989,1.7662166,0.0,0.0,1.0,1.0
7177,0.7203802,1.712684,1.7312897,0.0,0.0,1.0,1.0
7178,0.4407414,1.6728712,1.7042991,0.0,0.0,1.0,1.0
7179,0.4407414,1.6493658,1.6772068,0.0,0.0,1.0,1.0
7180,0.4407414,1.5517206,1.6543177,0.0,0.0,1.0,1.0
7181,0.4407414,1.5013834,1.6279422,0.0,0.0,0.0,1.0
7182,0.16105686,1.4797496,1.6149505,0.0,0.0,0.0,1.0
7183,0.16105686,1.5410548,1.6023915,0.0,0.0,1.0,1.0
7184,0.16105686,1.6302131,1.5959284,0.0,0.0,1.0,1.0
7185,0.16105686,1.6874425,1.5988963,0.0,0.0,1.0,1.0
7186,-0.11863311,1.58762,1.6114821,0.0,0.0,1.0,1.0
7187,-0.11863311,1.6427028,1.6397915,0.0,0.0,1.0,1.0
7188,-0.11863311,1.5718894,1.6767167,0.0,0.0,1.0,1.0
7189,-0.11863311,1.6351283,1.7249589,0.0,0.0,1.0,1.0
7190,-0.11863311,1.7084842,1.7757794,0.0,0.0,1.0,1.0
7191,-0.11863311,1.8003973,1.8279831,0.0,0.0,1.0,1.0
7192,-0.11863311,1.891433,1.8832632,0.0,0.0,1.0,1.0
7193,-0.11863311,1.9444855,1.949486,0.0,0.0,1.0,1.0
7194,-0.11863311,2.0586557,2.0086658,0.0,0.0,1.0,1.0
7195,-0.11863311,2.1509001,2.072712,0.0,0.0,1.0,1.0
7196,0.16962118,2.2566593,2.1306381,0.0,0.0,1.0,1.0
7197,-0.11863311,2.3508039,2.1827579,0.0,0.0,1.0,1.0
7198,-0.11863311,2.382293,2.225445,0.0,0.0,1.0,1.0
7199,-0.11863311,2.352859,2.2612834,0.0,0.0,1.0,1.0
7200,-0.11863311,2.3404453,2.291212,0.0,0.0,1.0,1.0
7201,-0.11863311,2.3302417,2.3095362,0.0,0.0,1.0,1.0
7202,-0.11863311,2.33392,2.324972,0.0,0.0,1.0,1.0
7203,-0.11863311,2.3126433,2.3292456,0.0,0.0,1.0,1.0
7204,-0.11863311,2.321493,2.3217833,0.0,0.0,1.0,1.0
7205,-0.40685207,2.3036304,2.300818,0.0,0.0,1.0,1.0
7206,-0.40685207,2.278546,2.2743773,0.0,0.0,1.0,1.0
7207,-0.40685207,2.3361282,2.245655,0.0,0.0,1.0,1.0
7208,-0.40685207,2.307944,2.211695,0.0,0.0,1.0,1.0
7209,-0.6950357,2.2612545,2.174682,0.0,0.0,1.0,1.0
7210,-0.6950357,2.1307106,2.1382475,0.0,0.0,1.0,1.0
7211,-0.4153457,2.035572,2.0996678,0.0,0.0,1.0,1.0
7212,-0.4153457,1.9957768,2.0621445,0.0,0.0,1.0,1.0
7213,-0.4153457,1.9227217,2.031347,0.0,0.0,1.0,1.0
7214,-0.4153457,1.8897623,1.9963285,0.0,0.0,1.0,1.0
7215,-0.703494,1.875431,1.9653982,0.0,0.0,1.0,1.0
7216,-0.703494,1.8585352,1.9381117,0.0,0.0,1.0,1.0
7217,-0.703494,1.853353,1.9225414,0.0,0.0,1.0,1.0
7218,-0.42380944,1.9089761,1.9095769,0.0,0.0,1.0,1.0
7219,-0.42380944,1.9159048,1.9039596,0.0,0.0,1.0,1.0
7220,-0.42380944,1.9367809,1.9075022,0.0,0.0,1.0,1.0
7221,-0.7119224,1.9338152,1.9151261,0.0,0.0,1.0,1.0
7222,-0.7119224,1.9438671,1.9309273,0.0,0.0,1.0,1.0
7223,-0.7119224,1.8799982,1.9535992,0.0,0.0,1.0,1.0
7224,-0.7119224,1.9283698,1.9839108,0.0,0.0,1.0,1.0
7225,-0.43228358,1.9652319,2.0135586,0.0,0.0,1.0,1.0
7226,-0.43228358,1.9812502,2.0420501,0.0,0.0,1.0,1.0
7227,-0.43228358,2.0650449,2.068367,0.0,0.0,1.0,1.0
7228,-0.43228358,2.1305993,2.0967605,0.0,0.0,1.0,1.0
7229,-0.43228358,2.2170916,2.1240013,0.0,0.0,1.0,1.0
7230,-0.7203612,2.2647486,2.1650772,0.0,0.0,1.0,1.0
7231,-0.15266378,2.2578032,2.2094886,0.0,0.0,1.0,1.0
7232,-0.7203612,2.2525852,2.2568133,0.0,0.0,1.0,1.0
7233,-0.15266378,2.2745357,2.3031456,0.0,0.0,1.0,1.0
7234,-0.4407414,2.270756,2.3425918,0.0,0.0,1.0,1.0
7235,-0.4407414,2.37291,2.3771656,0.0,0.0,1.0,1.0
7236,-0.15266378,2.461308,2.4032652,0.0,0.0,1.0,1.0
7237,-0.15266378,2.533126,2.4268239,0.0,0.0,1.0,1.0
7238,-0.15266378,2.5372393,2.447138,0.0,0.0,1.0,1.0
7239,-0.15266378,2.5383976,2.4610353,0.0,0.0,1.0,1.0
7240,-0.15266378,2.5454857,2.4713545,0.0,0.0,1.0,1.0
7241,-0.15266378,2.530286,2.482115,0.0,0.0,0.0,1.0
7242,0.13544916,2.5474522,2.4853415,0.0,0.0,0.0,1.0
7243,0.13544916,2.5015738,2.4826088,0.0,0.0,0.0,1.0
7244,0.13544916,2.4193513,2.4691935,0.0,0.0,0.0,1.0
7245,0.13544916,2.398369,2.451466,0.0,0.0,0.0,1.0
7246,0.4150101,2.399882,2.4216483,0.0,0.0,0.0,1.0
7247,0.7031584,2.411626,2.381455,0.0,0.0,0.0,1.0
7248,0.13544916,2.4285164,2.3345776,0.0,0.0,0.0,1.0
7249,0.42359743,2.3721426,2.2827375,0.0,0.0,0.0,1.0
7250,0.7031584,2.3245113,2.2305877,0.0,0.0,0.0,1.0
7251,0.7031584,2.180583,2.1785817,0.0,0.0,0.0,1.0
7252,0.7031584,2.0631666,2.125274,0.0,0.0,0.0,1.0
7253,0.99134195,1.9677551,2.069821,0.0,0.0,0.0,1.0
7254,0.99134195,1.9253732,2.011971,0.0,0.0,0.0,1.0
7255,0.99134195,1.8757757,1.9464445,0.0,0.0,0.0,1.0
7256,0.711781,1.7952796,1.8740959,0.0,0.0,0.0,1.0
7257,0.711781,1.7586768,1.80326,0.0,0.0,0.0,1.0
7258,0.711781,1.7344439,1.7421992,0.0,0.0,0.0,1.0
7259,0.711781,1.7174275,1.6813408,0.0,0.0,0.0,1.0
7260,0.711781,1.6421996,1.6200283,0.0,0.0,0.0,1.0
7261,0.711781,1.5039587,1.5607644,0.0,0.0,0.0,1.0
7262,0.711781,1.4744799,1.50592,0.0,0.0,0.0,1.0
7263,1.0,1.447854,1.4554589,0.0,0.0,0.0,1.0
7264,1.0,1.3328658,1.404103,0.0,0.0,0.0,1.0
7265,0.7203802,1.232004,1.3529408,0.0,0.0,0.0,1.0
7266,0.7203802,1.2142081,1.3029172,0.0,0.0,0.0,1.0
7267,0.7203802,1.2176425,1.2590296,0.0,0.0,0.0,1.0
7268,0.7203802,1.1897459,1.2222724,0.0,0.0,0.0,1.0
7269,0.7203802,1.1424061,1.1818988,0.0,0.0,0.0,1.0
7270,0.4407414,1.1204973,1.1381785,0.0,0.0,0.0,1.0
7271,0.4407414,1.1171453,1.1087676,0.0,0.0,0.0,1.0
7272,0.4407414,1.115548,1.092549,0.0,0.0,0.0,1.0
7273,0.16105686,1.0628717,1.0696005,0.0,0.0,0.0,1.0
7274,0.16105686,0.98999727,1.0377297,0.0,0.0,0.0,1.0
7275,0.16105686,0.9232095,1.005786,0.0,0.0,0.0,1.0
7276,0.16105686,0.9799352,0.98043114,0.0,0.0,0.0,1.0
7277,-0.11863311,1.03738,0.95775986,0.0,0.0,0.0,1.0
7278,-0.11863311,0.9388263,0.93516964,0.0,0.0,1.0,1.0
7279,-0.11863311,0.83519495,0.9135185,0.0,0.0,1.0,1.0
7280,-0.11863311,0.8064199,0.89957166,0.0,0.0,1.0,1.0
7281,-0.11863311,0.83814806,0.89239275,0.0,0.0,1.0,1.0
7282,-0.11863311,0.8484421,0.8913892,0.0,0.0,1.0,1.0
7283,-0.11863311,0.84606254,0.8846059,0.0,0.0,1.0,1.0
7284,-0.11863311,0.85573405,0.8802257,0.0,0.0,1.0,1.0
7285,-0.11863311,0.8955104,0.8892337,0.0,0.0,1.0,1.0
7286,-0.11863311,0.90385044,0.9170188,0.0,0.0,1.0,1.0
7287,-0.11863311,0.91116637,0.94784206,0.0,0.0,1.0,1.0
7288,-0.11863311,0.89853555,0.9774322,0.0,0.0,1.0,1.0
7289,-0.11863311,0.98481774,1.0197226,0.0,0.0,1.0,1.0
7290,-0.11863311,1.0469228,1.078012,0.0,0.0,1.0,1.0
7291,-0.11863311,1.1686152,1.1503667,0.0,0.0,1.0,1.0
7292,-0.11863311,1.1762993,1.227599,0.0,0.0,1.0,1.0
7293,-0.11863311,1.1932299,1.3078605,0.0,0.0,1.0,1.0
7294,-0.11863311,1.3559262,1.3895907,0.0,0.0,1.0,1.0
7295,-0.40685207,1.5455354,1.4738257,0.0,0.0,1.0,1.0
7296,-0.11863311,1.7239912,1.5533178,0.0,0.0,1.0,1.0
7297,-0.40685207,1.8222985,1.6359899,0.0,0.0,1.0,1.0
7298,-0.40685207,1.8669881,1.7211299,0.0,0.0,1.0,1.0
7299,-0.40685207,1.8919283,1.8093812,0.0,0.0,1.0,1.0
7300,-0.40685207,1.909356,1.9043609,0.0,0.0,1.0,1.0
7301,-0.1271621,1.9387228,1.9870003,0.0,0.0,1.0,1.0
7302,-0.4153457,2.0389876,2.051587,0.0,0.0,1.0,1.0
7303,-0.4153457,2.1902955,2.0997946,0.0,0.0,1.0,1.0
7304,-0.4153457,2.235316,2.1390254,0.0,0.0,1.0,1.0
7305,-0.4153457,2.3329847,2.1716666,0.0,0.0,1.0,1.0
7306,-0.703494,2.3476,2.193673,0.0,0.0,1.0,1.0
7307,-0.703494,2.3205764,2.207301,0.0,0.0,1.0,1.0
7308,-0.703494,2.3024805,2.217436,0.0,0.0,1.0,1.0
7309,-0.42380944,2.2930682,2.2180185,0.0,0.0,1.0,1.0
7310,-0.42380944,2.258682,2.2078655,0.0,0.0,1.0,1.0
7311,-0.42380944,2.1560059,2.1948519,0.0,0.0,1.0,1.0
7312,-0.42380944,2.0728905,2.1797464,0.0,0.0,1.0,1.0
7313,-0.7119224,2.0603445,2.157257,0.0,0.0,1.0,1.0
7314,-0.7119224,2.045977,2.1373248,0.0,0.0,1.0,1.0
7315,-0.43228358,2.0684588,2.118783,0.0,0.0,1.0,1.0
7316,-0.43228358,2.079153,2.0941212,0.0,0.0,1.0,1.0
7317,-0.43228358,2.1517205,2.0742295,0.0,0.0,1.0,1.0
7318,-0.43228358,2.0777283,2.0749555,0.0,0.0,1.0,1.0
7319,-0.7203612,2.0813885,2.0891297,0.0,0.0,1.0,1.0
7320,-0.7203612,2.0799782,2.1172583,0.0,0.0,1.0,1.0
7321,-0.4407414,1.9971275,2.1416817,0.0,0.0,0.0,1.0
7322,-0.4407414,2.019981,2.1666505,0.0,0.0,0.0,1.0
7323,-0.15266378,2.1647165,2.1925635,0.0,0.0,0.0,1.0
7324,-0.4407414,2.242983,2.2167144,0.0,0.0,0.0,1.0
7325,-0.15266378,2.3978872,2.2480886,0.0,0.0,0.0,1.0
7326,-0.4407414,2.3390582,2.2777095,0.0,0.0,0.0,1.0
7327,-0.15266378,2.3680832,2.3074262,0.0,0.0,0.0,1.0
7328,-0.15266378,2.3901117,2.3388326,0.0,0.0,0.0,1.0
7329,-0.15266378,2.4415295,2.3691976,0.0,0.0,0.0,1.0
7330,-0.15266378,2.4542193,2.3742037,0.0,0.0,0.0,1.0
7331,-0.15266378,2.436839,2.3747435,0.0,0.0,0.0,1.0
7332,0.4150101,2.4365785,2.3597257,0.0,0.0,0.0,1.0
7333,0.4150101,2.3740044,2.34663,0.0,0.0,0.0,1.0
7334,0.4150101,2.384362,2.3172233,0.0,0.0,0.0,1.0
7335,0.4150101,2.2247882,2.2785697,0.0,0.0,0.0,1.0
7336,0.4150101,2.249461,2.2216055,0.0,0.0,0.0,1.0
7337,0.4150101,2.2176738,2.1610394,0.0,0.0,0.0,1.0
7338,0.7031584,2.1819115,2.097465,0.0,0.0,0.0,1.0
7339,0.7031584,2.0152006,2.03172,0.0,0.0,0.0,1.0
7340,0.7031584,1.9262677,1.9685848,0.0,0.0,0.0,1.0
7341,0.7031584,1.7579597,1.9042934,0.0,0.0,0.0,1.0
7342,0.7031584,1.7274262,1.8528953,0.0,0.0,0.0,1.0
7343,0.7031584,1.6739465,1.8043482,0.0,0.0,0.0,1.0
7344,0.7031584,1.6476388,1.7559512,0.0,0.0,0.0,1.0
7345,0.7031584,1.616382,1.709636,0.0,0.0,0.0,1.0
7346,0.99134195,1.6128646,1.6781331,0.0,0.0,0.0,1.0
7347,0.99134195,1.6080104,1.6513879,0.0,0.0,0.0,1.0
7348,0.99134195,1.6668966,1.636689,0.0,0.0,0.0,1.0
7349,0.99134195,1.6369089,1.6231034,0.0,0.0,0.0,1.0
7350,0.711781,1.6261297,1.6113243,0.0,0.0,0.0,1.0
7351,0.711781,1.6371658,1.6001315,0.0,0.0,0.0,1.0
7352,0.711781,1.605326,1.5886666,0.0,0.0,0.0,1.0
7353,0.711781,1.5815712,1.5759352,0.0,0.0,0.0,1.0
7354,0.711781,1.5643997,1.5624037,0.0,0.0,0.0,1.0
7355,0.711781,1.5325985,1.5368613,0.0,0.0,0.0,1.0
7356,0.711781,1.5133252,1.5024086,0.0,0.0,0.0,1.0
7357,1.0,1.4788015,1.4593872,0.0,0.0,0.0,1.0
7358,0.7203802,1.4600897,1.4062979,0.0,0.0,0.0,1.0
7359,0.7203802,1.445632,1.3438532,0.0,0.0,0.0,1.0
7360,0.7203802,1.3603868,1.2781057,0.0,0.0,0.0,1.0
7361,0.7203802,1.2234775,1.2124841,0.0,0.0,0.0,1.0
7362,0.4407414,1.1098722,1.1463084,0.0,0.0,0.0,1.0
7363,0.4407414,1.0000942,1.0777836,0.0,0.0,0.0,1.0
7364,0.4407414,0.8559898,1.0097966,0.0,0.0,0.0,1.0
7365,0.16105686,0.7926019,0.9417585,0.0,0.0,0.0,1.0
7366,0.16105686,0.7769403,0.87373364,0.0,0.0,0.0,1.0
7367,0.16105686,0.7384903,0.8140688,0.0,0.0,1.0,1.0
7368,0.16105686,0.6910274,0.7681535,0.0,0.0,1.0,1.0
7369,-0.11863311,0.662958,0.73329204,0.0,0.0,1.0,1.0
7370,0.16105686,0.64363146,0.70858014,0.0,0.0,1.0,1.0
7371,-0.11863311,0.629334,0.69865805,0.0,0.0,1.0,1.0
7372,-0.11863311,0.6444085,0.70113593,0.0,0.0,1.0,1.0
7373,-0.11863311,0.6724935,0.71126443,0.0,0.0,1.0,1.0
7374,-0.11863311,0.69153523,0.7292207,0.0,0.0,1.0,1.0
7375,-0.11863311,0.7035514,0.75728714,0.0,0.0,1.0,1.0
7376,-0.11863311,0.7369243,0.7929947,0.0,0.0,1.0,1.0
7377,0.16105686,0.82233655,0.8330056,0.0,0.0,1.0,1.0
7378,-0.11863311,0.8984824,0.8804781,0.0,0.0,1.0,1.0
7379,-0.11863311,0.9539655,0.94762367,0.0,0.0,1.0,1.0
7380,-0.11863311,1.0278249,1.0155386,0.0,0.0,1.0,1.0
7381,-0.11863311,1.0914483,1.0858368,0.0,0.0,1.0,1.0
7382,0.16105686,1.123763,1.1578804,0.0,0.0,1.0,1.0
7383,-0.11863311,1.1990037,1.2294816,0.0,0.0,1.0,1.0
7384,-0.11863311,1.4501555,1.2943007,0.0,0.0,1.0,1.0
7385,-0.11863311,1.4874728,1.3542013,0.0,0.0,1.0,1.0
7386,-0.40685207,1.5351135,1.4123329,0.0,0.0,1.0,1.0
7387,-0.40685207,1.5680745,1.465154,0.0,0.0,1.0,1.0
7388,-0.40685207,1.596138,1.5104709,0.0,0.0,1.0,1.0
7389,-0.40685207,1.6001661,1.5523083,0.0,0.0,1.0,1.0
7390,-0.40685207,1.6172899,1.59429,0.0,0.0,1.0,1.0
7391,-0.1271621,1.6515445,1.6168549,0.0,0.0,1.0,1.0
7392,-0.4153457,1.6616791,1.6382501,0.0,0.0,1.0,1.0
7393,-0.4153457,1.6352495,1.6545377,0.0,0.0,1.0,1.0
7394,-0.4153457,1.6258131,1.6661569,0.0,0.0,1.0,1.0
7395,-0.4153457,1.7027842,1.662218,0.0,0.0,1.0,1.0
7396,-0.4153457,1.7209334,1.6564746,0.0,0.0,1.0,1.0
7397,-0.703494,1.7442157,1.6478981,0.0,0.0,1.0,1.0
7398,-0.4153457,1.7305636,1.6370735,0.0,0.0,1.0,1.0
7399,-0.703494,1.7075049,1.628973,0.0,0.0,1.0,1.0
7400,-0.703494,1.5488713,1.6275573,0.0,0.0,1.0,1.0
7401,-0.42380944,1.5312464,1.6318202,0.0,0.0,1.0,1.0
7402,-0.42380944,1.5143714,1.6336877,0.0,0.0,1.0,1.0
7403,-0.7119224,1.52165,1.6397188,0.0,0.0,1.0,1.0
7404,-0.7119224,1.5644727,1.6508996,0.0,0.0,1.0,1.0
7405,-0.7119224,1.6182601,1.6696048,0.0,0.0,1.0,1.0
7406,-0.43228358,1.6769689,1.6892258,0.0,0.0,1.0,1.0
7407,-0.43228358,1.7251942,1.7285185,0.0,0.0,1.0,1.0
7408,-0.43228358,1.7933061,1.7741354,0.0,0.0,1.0,1.0
7409,-0.7203612,1.8783867,1.8217988,0.0,0.0,1.0,1.0
7410,-0.7203612,1.9550251,1.8694266,0.0,0.0,1.0,1.0
7411,-0.15266378,1.9429561,1.9119694,0.0,0.0,1.0,1.0
7412,-0.7203612,2.0203838,1.9533821,0.0,0.0,1.0,1.0
7413,-0.4407414,2.0786486,1.9947697,0.0,0.0,1.0,1.0
7414,-0.4407414,2.0863328,2.0340858,0.0,0.0,1.0,1.0
7415,-0.4407414,2.0931835,2.066904,0.0,0.0,1.0,1.0
7416,-0.15266378,2.0749876,2.091172,0.0,0.0,1.0,1.0
7417,-0.15266378,2.1152127,2.104405,0.0,0.0,1.0,1.0
7418,-0.15266378,2.173619,2.1176057,0.0,0.0,1.0,1.0
7419,-0.15266378,2.196986,2.126341,0.0,0.0,1.0,1.0
7420,0.13544916,2.1871262,2.1284761,0.0,0.0,1.0,1.0
7421,0.4150101,2.1696017,2.1259706,0.0,0.0,0.0,1.0
7422,0.13544916,2.1138198,2.1215756,0.0,0.0,0.0,1.0
7423,0.13544916,2.1013665,2.1117435,0.0,0.0,0.0,1.0
7424,0.13544916,2.1252086,2.0941787,0.0,0.0,0.0,1.0
7425,0.4150101,2.1042688,2.0720813,0.0,0.0,0.0,1.0
7426,0.13544916,2.056268,2.0501273,0.0,0.0,0.0,1.0
7427,0.7031584,2.0404422,2.028396,0.0,0.0,0.0,1.0
7428,0.7031584,1.9570026,2.007795,0.0,0.0,0.0,1.0
7429,0.7031584,1.9044348,1.9894333,0.0,0.0,0.0,1.0
7430,0.7031584,1.9084502,1.9716,0.0,0.0,0.0,1.0
7431,0.42359743,1.9335371,1.951359,0.0,0.0,0.0,1.0
7432,0.7031584,1.9263511,1.9326093,0.0,0.0,0.0,1.0
7433,0.42359743,1.92239,1.9176525,0.0,0.0,0.0,1.0
7434,0.99134195,1.8934802,1.9007559,0.0,0.0,0.0,1.0
7435,0.711781,1.8873668,1.8863235,0.0,0.0,1.0,1.0
7436,0.711781,1.8823166,1.8722831,0.0,0.0,1.0,1.0
7437,0.711781,1.8792728,1.8558391,0.0,0.0,1.0,1.0
7438,0.711781,1.8767854,1.8387445,0.0,0.0,1.0,1.0
7439,0.711781,1.8376827,1.821505,0.0,0.0,1.0,1.0
7440,0.711781,1.7838131,1.804569,0.0,0.0,1.0,1.0
7441,0.711781,1.7359517,1.7841924,0.0,0.0,1.0,1.0
7442,0.711781,1.7111225,1.7570299,0.0,0.0,1.0,1.0
7443,0.7203802,1.7284018,1.721043,0.0,0.0,1.0,1.0
7444,0.7203802,1.7194756,1.6775697,0.0,0.0,1.0,1.0
7445,0.7203802,1.7191585,1.6278424,0.0,0.0,1.0,1.0
7446,0.7203802,1.648962,1.5749303,0.0,0.0,1.0,1.0
7447,0.7203802,1.5614157,1.5202439,0.0,0.0,1.0,1.0
7448,0.7203802,1.4504737,1.4706614,0.0,0.0,1.0,1.0
7449,0.4407414,1.357594,1.4211168,0.0,0.0,1.0,1.0
7450,0.4407414,1.2800579,1.3612041,0.0,0.0,1.0,1.0
7451,0.4407414,1.2027372,1.3014528,0.0,0.0,0.0,1.0
7452,0.16105686,1.1275767,1.2422488,0.0,0.0,0.0,1.0
7453,0.16105686,1.1409605,1.1840384,0.0,0.0,0.0,1.0
7454,0.16105686,1.1165878,1.1277343,0.0,0.0,0.0,1.0
7455,0.16105686,1.0094507,1.0723375,0.0,0.0,0.0,1.0
7456,-0.11863311,1.002459,1.0167143,0.0,0.0,0.0,1.0
7457,-0.11863311,1.0087099,0.96467733,0.0,0.0,0.0,1.0
7458,-0.11863311,0.95043755,0.9154189,0.0,0.0,1.0,1.0
7459,-0.11863311,0.88576645,0.8815539,0.0,0.0,1.0,1.0
7460,-0.11863311,0.7857124,0.8525675,0.0,0.0,1.0,1.0
7461,-0.11863311,0.69011575,0.8357897,0.0,0.0,1.0,1.0
7462,-0.11863311,0.65561444,0.8293959,0.0,0.0,1.0,1.0
7463,-0.11863311,0.6116362,0.8354667,0.0,0.0,1.0,1.0
7464,-0.11863311,0.7211959,0.8390541,0.0,0.0,1.0,1.0
7465,-0.11863311,0.79312414,0.84471166,0.0,0.0,1.0,1.0
7466,-0.11863311,0.915254,0.8691222,0.0,0.0,1.0,1.0
7467,-0.11863311,0.9327251,0.90004337,0.0,0.0,1.0,1.0
7468,-0.11863311,1.0753084,0.9387411,0.0,0.0,1.0,1.0
7469,-0.11863311,1.0517586,0.9829891,0.0,0.0,1.0,1.0
7470,-0.11863311,1.0183284,1.0312021,0.0,0.0,1.0,1.0
7471,-0.11863311,1.1786929,1.0786601,0.0,0.0,1.0,1.0
7472,-0.11863311,1.1567665,1.1277955,0.0,0.0,1.0,1.0
7473,-0.40685207,1.1544882,1.1762503,0.0,0.0,1.0,1.0
7474,-0.40685207,1.1865904,1.2314245,0.0,0.0,1.0,1.0
7475,-0.40685207,1.1901922,1.2743124,0.0,0.0,1.0,1.0
7476,-0.40685207,1.2906927,1.3147407,0.0,0.0,1.0,1.0
7477,-0.40685207,1.3827482,1.356477,0.0,0.0,1.0,1.0
7478,-0.40685207,1.4967122,1.3866627,0.0,0.0,1.0,1.0
7479,-0.40685207,1.594814,1.4100341,0.0,0.0,1.0,1.0
7480,-0.6950357,1.5899645,1.4407327,0.0,0.0,1.0,1.0
7481,-0.6950357,1.5368968,1.4761972,0.0,0.0,1.0,1.0
7482,-0.4153457,1.5191658,1.5070426,0.0,0.0,1.0,1.0
7483,-0.4153457,1.5409211,1.5399249,0.0,0.0,1.0,1.0
7484,-0.4153457,1.4372228,1.5667639,0.0,0.0,1.0,1.0
7485,-0.4153457,1.5228723,1.5895033,0.0,0.0,1.0,1.0
7486,-0.703494,1.6121647,1.6084114,0.0,0.0,1.0,1.0
7487,-0.703494,1.5603362,1.6299964,0.0,0.0,1.0,1.0
7488,-0.703494,1.6852789,1.6609555,0.0,0.0,1.0,1.0
7489,-0.703494,1.7048175,1.6941622,0.0,0.0,1.0,1.0
7490,-0.42380944,1.7695844,1.7247112,0.0,0.0,1.0,1.0
7491,-0.42380944,1.8217126,1.7720304,0.0,0.0,1.0,1.0
7492,-0.7119224,1.8489832,1.8266622,0.0,0.0,1.0,1.0
7493,-0.7119224,1.908407,1.8768826,0.0,0.0,1.0,1.0
7494,-0.7119224,1.9176456,1.9411058,0.0,0.0,1.0,1.0
7495,-0.43228358,1.907509,2.0042503,0.0,0.0,1.0,1.0
7496,-0.43228358,2.0050533,2.0699263,0.0,0.0,1.0,1.0
7497,-0.43228358,2.1784542,2.1350138,0.0,0.0,1.0,1.0
7498,-0.43228358,2.2148087,2.201735,0.0,0.0,1.0,1.0
7499,-0.43228358,2.3310158,2.2680802,0.0,0.0,1.0,1.0
7500,-0.7203612,2.443012,2.3323987,0.0,0.0,1.0,1.0
7501,-0.7203612,2.49293,2.398844,0.0,0.0,1.0,1.0
7502,-0.4407414,2.5506344,2.4747899,0.0,0.0,1.0,1.0
7503,-0.4407414,2.622367,2.55025,0.0,0.0,1.0,1.0
7504,-0.4407414,2.645125,2.6164322,0.0,0.0,1.0,1.0
7505,-0.4407414,2.6802294,2.6789947,0.0,0.0,1.0,1.0
7506,-0.15266378,2.7149892,2.7429917,0.0,0.0,1.0,1.0
7507,-0.15266378,2.8188598,2.7921748,0.0,0.0,1.0,1.0
7508,-0.15266378,2.9105768,2.8324625,0.0,0.0,1.0,1.0
7509,-0.15266378,2.972639,2.8616233,0.0,0.0,1.0,1.0
7510,-0.15266378,2.965559,2.8768358,0.0,0.0,1.0,1.0
7511,-0.15266378,3.09898,2.8817222,0.0,0.0,1.0,1.0
7512,-0.15266378,3.0332084,2.871922,0.0,0.0,1.0,1.0
7513,0.13544916,2.9763815,2.853845,0.0,0.0,1.0,1.0
7514,0.13544916,2.9005647,2.820817,0.0,0.0,1.0,1.0
7515,0.4150101,2.8049173,2.776238,0.0,0.0,1.0,1.0
7516,0.13544916,2.7037604,2.7245123,0.0,0.0,1.0,1.0
7517,0.42359743,2.5626273,2.672505,0.0,0.0,1.0,1.0
7518,0.7031584,2.4980648,2.6021523,0.0,0.0,1.0,1.0
7519,0.42359743,2.4225252,2.534214,0.0,0.0,1.0,1.0
7520,0.42359743,2.3756275,2.4590573,0.0,0.0,0.0,1.0
7521,0.42359743,2.3519316,2.3911676,0.0,0.0,0.0,1.0
7522,0.42359743,2.3414705,2.3233109,0.0,0.0,0.0,1.0
7523,0.42359743,2.2547483,2.2641523,0.0,0.0,0.0,1.0
7524,0.42359743,2.2179487,2.2146273,0.0,0.0,0.0,1.0
7525,0.99134195,2.0745013,2.1738389,0.0,0.0,0.0,1.0
7526,0.711781,2.0858896,2.1436167,0.0,0.0,0.0,1.0
7527,0.711781,1.9906338,2.120286,0.0,0.0,0.0,1.0
7528,0.711781,1.9938583,2.1046999,0.0,0.0,0.0,1.0
7529,0.711781,1.968328,2.0956028,0.0,0.0,0.0,1.0
7530,0.711781,2.008603,2.092467,0.0,0.0,0.0,1.0
7531,0.711781,2.0598602,2.0916395,0.0,0.0,0.0,1.0
7532,0.711781,2.095658,2.1054006,0.0,0.0,0.0,1.0
7533,0.711781,2.1648993,2.1122735,0.0,0.0,0.0,1.0
7534,0.711781,2.2323055,2.1249616,0.0,0.0,0.0,1.0
7535,0.7203802,2.2171202,2.1279905,0.0,0.0,0.0,1.0
7536,0.7203802,2.2080176,2.136342,0.0,0.0,0.0,1.0
7537,0.7203802,2.2396333,2.140405,0.0,0.0,0.0,1.0
7538,0.7203802,2.1683643,2.1357503,0.0,0.0,0.0,1.0
7539,0.7203802,2.142892,2.1236112,0.0,0.0,0.0,1.0
7540,0.7203802,2.0302048,2.1082375,0.0,0.0,0.0,1.0
7541,0.4407414,2.0685468,2.089759,0.0,0.0,0.0,1.0
7542,0.4407414,2.057356,2.0660765,0.0,0.0,0.0,1.0
7543,0.4407414,2.0040047,2.038573,0.0,0.0,1.0,1.0
7544,0.16105686,1.9499898,2.0047653,0.0,0.0,1.0,1.0
7545,0.16105686,1.9804159,1.9699917,0.0,0.0,1.0,1.0
7546,0.16105686,2.0105648,1.9431902,0.0,0.0,1.0,1.0
7547,-0.11863311,1.9329273,1.924502,0.0,0.0,1.0,1.0
7548,-0.11863311,1.8779774,1.9015127,0.0,0.0,1.0,1.0
7549,-0.11863311,1.8339406,1.8879005,0.0,0.0,1.0,1.0
7550,-0.11863311,1.7510803,1.8832363,0.0,0.0,1.0,1.0
7551,-0.11863311,1.8212744,1.8881453,0.0,0.0,1.0,1.0
7552,-0.11863311,1.8059467,1.8859947,0.0,0.0,1.0,1.0
7553,-0.11863311,1.7926755,1.8792001,0.0,0.0,1.0,1.0
7554,-0.11863311,1.8940085,1.8813066,0.0,0.0,1.0,1.0
7555,0.16962118,1.9480342,1.8890679,0.0,0.0,1.0,1.0
7556,-0.11863311,2.008898,1.8948863,0.0,0.0,1.0,1.0
7557,-0.11863311,1.9546078,1.9020206,0.0,0.0,1.0,1.0
7558,-0.11863311,1.9290308,1.9060072,0.0,0.0,1.0,1.0
7559,-0.11863311,1.9582063,1.9149994,0.0,0.0,1.0,1.0
7560,-0.11863311,1.9711113,1.9176903,0.0,0.0,1.0,1.0
7561,-0.11863311,1.9037614,1.9184682,0.0,0.0,1.0,1.0
7562,-0.11863311,1.8366927,1.9130477,0.0,0.0,1.0,1.0
7563,-0.11863311,1.8691123,1.9014208,0.0,0.0,1.0,1.0
7564,-0.11863311,1.9138536,1.8905997,0.0,0.0,1.0,1.0
7565,-0.40685207,1.8249669,1.8788671,0.0,0.0,1.0,1.0
7566,-0.40685207,1.9033436,1.8615819,0.0,0.0,1.0,1.0
7567,-0.40685207,1.8829874,1.8479764,0.0,0.0,1.0,1.0
7568,-0.40685207,1.8693764,1.8412727,0.0,0.0,1.0,1.0
7569,-0.40685207,1.8247541,1.8417417,0.0,0.0,1.0,1.0
7570,-0.40685207,1.7882392,1.840559,0.0,0.0,1.0,1.0
7571,-0.40685207,1.7507846,1.8392326,0.0,0.0,1.0,1.0
7572,-0.40685207,1.8078456,1.8471547,0.0,0.0,1.0,1.0
7573,-0.6950357,1.8233159,1.8482732,0.0,0.0,1.0,1.0
7574,-0.1271621,1.8423204,1.8499584,0.0,0.0,1.0,1.0
7575,-0.4153457,1.8549199,1.8528634,0.0,0.0,1.0,1.0
7576,-0.4153457,1.8979361,1.8716217,0.0,0.0,1.0,1.0
7577,-0.4153457,1.9200336,1.8864201,0.0,0.0,1.0,1.0
7578,-0.703494,1.9167644,1.9039111,0.0,0.0,1.0,1.0
7579,-0.703494,1.903211,1.9175887,0.0,0.0,1.0,1.0
7580,-0.703494,1.9042357,1.9386778,0.0,0.0,1.0,1.0
7581,-0.703494,2.0498545,1.9617018,0.0,0.0,0.0,1.0
7582,-0.42380944,1.9658206,1.9903196,0.0,0.0,0.0,1.0
7583,-0.42380944,1.9606761,2.0184712,0.0,0.0,0.0,1.0
7584,-0.7119224,1.9719762,2.046169,0.0,0.0,1.0,1.0
7585,-0.7119224,2.0763848,2.0810297,0.0,0.0,1.0,1.0
7586,-0.7119224,2.1186085,2.12547,0.0,0.0,1.0,1.0
7587,-0.43228358,2.1983335,2.1735277,0.0,0.0,1.0,1.0
7588,-0.43228358,2.235757,2.2176611,0.0,0.0,1.0,1.0
7589,-0.43228358,2.2524056,2.2774503,0.0,0.0,1.0,1.0
7590,-0.43228358,2.3350923,2.3460147,0.0,0.0,1.0,1.0
7591,-0.43228358,2.4364939,2.4278939,0.0,0.0,1.0,1.0
7592,-0.43228358,2.4809282,2.4985352,0.0,0.0,1.0,1.0
7593,-0.7203612,2.579457,2.569368,0.0,0.0,1.0,1.0
7594,-0.7203612,2.6832895,2.6304243,0.0,0.0,1.0,1.0
7595,-0.15266378,2.7834501,2.6850846,0.0,0.0,1.0,1.0
7596,-0.4407414,2.9545262,2.7274222,0.0,0.0,1.0,1.0
7597,-0.15266378,2.9240801,2.753688,0.0,0.0,1.0,1.0
7598,-0.15266378,2.9686012,2.7604592,0.0,0.0,1.0,1.0
7599,-0.15266378,2.9310105,2.7528157,0.0,0.0,1.0,1.0
7600,-0.15266378,2.8916793,2.7365458,0.0,0.0,1.0,1.0
7601,-0.15266378,2.7604575,2.6999862,0.0,0.0,1.0,1.0
7602,-0.15266378,2.650283,2.6482399,0.0,0.0,1.0,1.0
7603,0.13544916,2.5177472,2.5699906,0.0,0.0,0.0,1.0
7604,0.13544916,2.389206,2.4897435,0.0,0.0,0.0,1.0
7605,0.13544916,2.3842185,2.3950193,0.0,0.0,0.0,1.0
7606,0.13544916,2.2445753,2.2969434,0.0,0.0,0.0,1.0
7607,0.13544916,2.162495,2.1879127,0.0,0.0,0.0,1.0
7608,0.13544916,2.0155349,2.0855036,0.0,0.0,0.0,1.0
7609,0.42359743,1.9611136,1.986559,0.0,0.0,0.0,1.0
7610,0.7031584,1.8319103,1.9045618,0.0,0.0,0.0,1.0
7611,0.42359743,1.7541,1.8320986,0.0,0.0,0.0,1.0
7612,0.42359743,1.5833106,1.7620806,0.0,0.0,0.0,1.0
7613,0.42359743,1.5315478,1.7021435,0.0,0.0,0.0,1.0
7614,0.42359743,1.4629493,1.6507583,0.0,0.0,0.0,1.0
7615,0.42359743,1.5337796,1.6100602,0.0,0.0,0.0,1.0
7616,0.711781,1.5196481,1.5720379,0.0,0.0,0.0,1.0
7617,0.711781,1.5440024,1.5460039,0.0,0.0,0.0,1.0
7618,0.711781,1.525331,1.5177324,0.0,0.0,0.0,1.0
7619,0.711781,1.5458724,1.5049231,0.0,0.0,0.0,1.0
7620,0.711781,1.5271572,1.4850531,0.0,0.0,0.0,1.0
7621,0.711781,1.5048467,1.465533,0.0,0.0,0.0,1.0
7622,0.711781,1.5195017,1.4333353,0.0,0.0,0.0,1.0
7623,1.0,1.4148422,1.3923619,0.0,0.0,0.0,1.0
7624,0.43216124,1.4295989,1.3412601,0.0,0.0,0.0,1.0
7625,0.7203802,1.2931074,1.2879059,0.0,0.0,0.0,1.0
7626,0.7203802,1.2287078,1.2192079,0.0,0.0,0.0,1.0
7627,0.7203802,1.147408,1.1533543,0.0,0.0,0.0,1.0
7628,0.7203802,1.0279664,1.0873442,0.0,0.0,0.0,1.0
7629,0.4407414,0.9307812,1.0289313,0.0,0.0,0.0,1.0
7630,0.4407414,0.8850805,0.9872978,0.0,0.0,0.0,1.0
7631,0.4407414,0.72149724,0.95067817,0.0,0.0,0.0,1.0
7632,0.4407414,0.7369128,0.93311805,0.0,0.0,0.0,1.0
7633,0.16105686,0.7127259,0.9207842,0.0,0.0,0.0,1.0
7634,0.16105686,0.81854635,0.9201733,0.0,0.0,0.0,1.0
7635,0.16105686,0.9152406,0.93341976,0.0,0.0,0.0,1.0
7636,0.16105686,0.9901642,0.9614005,0.0,0.0,0.0,1.0
7637,-0.11863311,1.0823854,1.0007557,0.0,0.0,0.0,1.0
7638,-0.11863311,1.0807016,1.0595121,0.0,0.0,0.0,1.0
7639,-0.11863311,1.1400775,1.1324078,0.0,0.0,0.0,1.0
7640,-0.11863311,1.1869239,1.2162342,0.0,0.0,0.0,1.0
7641,-0.11863311,1.2665501,1.2980117,0.0,0.0,0.0,1.0
7642,-0.11863311,1.357342,1.379424,0.0,0.0,0.0,1.0
7643,-0.11863311,1.4265754,1.4516267,0.0,0.0,0.0,1.0
7644,-0.11863311,1.6116601,1.5159941,0.0,0.0,0.0,1.0
7645,-0.11863311,1.7186435,1.5748203,0.0,0.0,0.0,1.0
7646,0.16962118,1.7998754,1.6181383,0.0,0.0,0.0,1.0
7647,-0.11863311,1.8921893,1.6501697,0.0,0.0,0.0,1.0
7648,-0.11863311,1.8565952,1.6716312,0.0,0.0,0.0,1.0
7649,0.16962118,1.8547946,1.6860545,0.0,0.0,0.0,1.0
7650,-0.11863311,1.7866163,1.6932088,0.0,0.0,0.0,1.0
7651,-0.11863311,1.6598943,1.6946672,0.0,0.0,0.0,1.0
7652,-0.11863311,1.5713009,1.6961837,0.0,0.0,0.0,1.0
7653,-0.11863311,1.5240872,1.7077907,0.0,0.0,1.0,1.0
7654,-0.11863311,1.5304215,1.7135359,0.0,0.0,1.0,1.0
7655,-0.11863311,1.5124273,1.7199965,0.0,0.0,1.0,1.0
7656,-0.40685207,1.6291617,1.7277535,0.0,0.0,1.0,1.0
7657,-0.11863311,1.7368401,1.7434871,0.0,0.0,1.0,1.0
7658,-0.40685207,1.9391608,1.7707165,0.0,0.0,1.0,1.0
7659,-0.40685207,1.9611305,1.8089895,0.0,0.0,1.0,1.0
7660,-0.40685207,1.9341217,1.8510805,0.0,0.0,1.0,1.0
7661,-0.40685207,1.9478794,1.892372,0.0,0.0,1.0,1.0
7662,-0.40685207,1.9754206,1.9378994,0.0,0.0,1.0,1.0
7663,-0.6950357,1.9866465,1.9750885,0.0,0.0,1.0,1.0
7664,-0.4153457,2.0305767,1.9993049,0.0,0.0,1.0,1.0
7665,-0.4153457,2.0291793,2.0099285,0.0,0.0,1.0,1.0
7666,-0.4153457,2.025919,2.027488,0.0,0.0,1.0,1.0
7667,-0.703494,2.0587552,2.0437212,0.0,0.0,1.0,1.0
7668,-0.703494,2.0754316,2.0562818,0.0,0.0,1.0,1.0
7669,-0.703494,2.027437,2.052789,0.0,0.0,1.0,1.0
7670,-0.42380944,2.0666432,2.048666,0.0,0.0,1.0,1.0
7671,-0.7119224,2.1718457,2.0406194,0.0,0.0,1.0,1.0
7672,-0.7119224,2.1289215,2.0292883,0.0,0.0,1.0,1.0
7673,-0.7119224,2.0986052,2.0203717,0.0,0.0,1.0,1.0
7674,-0.7119224,1.9335076,2.014731,0.0,0.0,1.0,1.0
7675,-0.43228358,1.937169,2.0163848,0.0,0.0,1.0,1.0
7676,-0.43228358,1.934018,2.0308545,0.0,0.0,1.0,1.0
7677,-0.43228358,1.893208,2.0521564,0.0,0.0,1.0,1.0
7678,-0.43228358,1.9189178,2.0741599,0.0,0.0,1.0,1.0
7679,-0.43228358,1.9910667,2.104052,0.0,0.0,1.0,1.0
7680,-0.7203612,2.0952773,2.1457026,0.0,0.0,1.0,1.0
7681,-0.7203612,2.2010741,2.2130098,0.0,0.0,1.0,1.0
7682,-0.7203612,2.3222651,2.2749748,0.0,0.0,1.0,1.0
7683,-0.4407414,2.435888,2.3410075,0.0,0.0,1.0,1.0
7684,-0.4407414,2.487628,2.4160326,0.0,0.0,1.0,1.0
7685,-0.15266378,2.5984118,2.4824874,0.0,0.0,1.0,1.0
7686,-0.4407414,2.7411933,2.5442038,0.0,0.0,1.0,1.0
7687,-0.15266378,2.6807508,2.5865276,0.0,0.0,1.0,1.0
7688,-0.15266378,2.7264097,2.6284084,0.0,0.0,1.0,1.0
7689,-0.15266378,2.7935088,2.656844,0.0,0.0,1.0,1.0
7690,-0.15266378,2.7163749,2.6733072,0.0,0.0,1.0,1.0
7691,0.13544916,2.731662,2.6940432,0.0,0.0,1.0,1.0
7692,0.13544916,2.6031644,2.7031312,0.0,0.0,1.0,1.0
7693,0.13544916,2.7036443,2.6938136,0.0,0.0,1.0,1.0
7694,0.13544916,2.663492,2.6839612,0.0,0.0,1.0,1.0
7695,0.13544916,2.633447,2.673956,0.0,0.0,1.0,1.0
7696,0.13544916,2.7364602,2.6545753,0.0,0.0,1.0,1.0
7697,0.42359743,2.7074676,2.6375856,0.0,0.0,1.0,1.0
7698,0.42359743,2.6293812,2.618846,0.0,0.0,1.0,1.0
7699,0.42359743,2.5625215,2.6034763,0.0,0.0,1.0,1.0
7700,0.42359743,2.6063461,2.57104,0.0,0.0,1.0,1.0
7701,0.711781,2.5609417,2.5453866,0.0,0.0,1.0,1.0
7702,0.711781,2.512501,2.524986,0.0,0.0,1.0,1.0
7703,0.711781,2.5067859,2.502039,0.0,0.0,1.0,1.0
7704,0.711781,2.4187284,2.475803,0.0,0.0,1.0,1.0
7705,0.711781,2.3144073,2.452627,0.0,0.0,1.0,1.0
7706,0.711781,2.3556514,2.4345374,0.0,0.0,1.0,1.0
7707,0.711781,2.388641,2.394299,0.0,0.0,1.0,1.0
7708,0.711781,2.461093,2.3529577,0.0,0.0,0.0,1.0
7709,0.711781,2.3926363,2.3105671,0.0,0.0,0.0,1.0
7710,0.711781,2.3512702,2.2621264,0.0,0.0,0.0,1.0
7711,0.43216124,2.345448,2.2116137,0.0,0.0,0.0,1.0
7712,0.7203802,2.1234827,2.1666994,0.0,0.0,0.0,1.0
7713,0.7203802,2.064849,2.1062589,0.0,0.0,0.0,1.0
7714,0.43216124,2.0038128,2.0452683,0.0,0.0,0.0,1.0
7715,0.7203802,1.9254968,1.9838195,0.0,0.0,0.0,1.0
7716,0.7203802,1.8125758,1.9300339,0.0,0.0,0.0,1.0
7717,0.4407414,1.7754371,1.8872312,0.0,0.0,1.0,1.0
7718,0.4407414,1.6303643,1.8397509,0.0,0.0,1.0,1.0
7719,0.4407414,1.6567535,1.8175404,0.0,0.0,1.0,1.0
7720,0.16105686,1.7237068,1.8035258,0.0,0.0,1.0,1.0
7721,0.16105686,1.7472103,1.8014342,0.0,0.0,1.0,1.0
7722,0.16105686,1.8376381,1.8013871,0.0,0.0,1.0,1.0
7723,0.16105686,1.7756828,1.8082495,0.0,0.0,1.0,1.0
7724,-0.11863311,1.8569576,1.8232211,0.0,0.0,1.0,1.0
7725,-0.11863311,1.8966737,1.8562032,0.0,0.0,1.0,1.0
7726,-0.11863311,1.9787136,1.8934829,0.0,0.0,1.0,1.0
7727,-0.11863311,1.9249315,1.9286686,0.0,0.0,1.0,1.0
7728,0.16962118,1.8949238,1.9681844,0.0,0.0,1.0,1.0
7729,0.16962118,1.9550964,2.0097106,0.0,0.0,1.0,1.0
7730,0.16962118,2.0261507,2.0518794,0.0,0.0,1.0,1.0
7731,0.16962118,2.1041102,2.0774837,0.0,0.0,1.0,1.0
7732,0.16962118,2.1459346,2.091563,0.0,0.0,1.0,1.0
7733,-0.11863311,2.2213993,2.0875752,0.0,0.0,0.0,1.0
7734,-0.11863311,2.3359528,2.084987,0.0,0.0,0.0,1.0
7735,-0.11863311,2.2817073,2.077851,0.0,0.0,1.0,1.0
7736,-0.11863311,2.1642106,2.0644755,0.0,0.0,1.0,1.0
7737,-0.11863311,2.0656257,2.047361,0.0,0.0,1.0,1.0
7738,-0.11863311,1.9308583,2.0301595,0.0,0.0,1.0,1.0
7739,-0.11863311,1.8938732,2.0184228,0.0,0.0,1.0,1.0
7740,-0.11863311,1.8092942,2.0001357,0.0,0.0,1.0,1.0
7741,-0.11863311,1.7945898,1.9737025,0.0,0.0,1.0,1.0
7742,-0.40685207,1.8207752,1.9695765,0.0,0.0,1.0,1.0
7743,-0.40685207,1.8976918,1.9993618,0.0,0.0,1.0,1.0
7744,-0.40685207,2.0050962,2.0342705,0.0,0.0,1.0,1.0
7745,-0.40685207,2.001954,2.077331,0.0,0.0,1.0,1.0
7746,-0.40685207,2.018754,2.1315458,0.0,0.0,1.0,1.0
7747,-0.40685207,2.2321947,2.2015626,0.0,0.0,1.0,1.0
7748,-0.6950357,2.5216346,2.2831748,0.0,0.0,1.0,1.0
7749,-0.6950357,2.4845316,2.3777926,0.0,0.0,1.0,1.0
7750,-0.4153457,2.447583,2.4729822,0.0,0.0,1.0,1.0
7751,-0.4153457,2.5444503,2.5654411,0.0,0.0,1.0,1.0
7752,-0.4153457,2.6494966,2.6617854,0.0,0.0,1.0,1.0
7753,-0.703494,2.7739363,2.7543085,0.0,0.0,1.0,1.0
7754,-0.703494,2.9561884,2.8304465,0.0,0.0,1.0,1.0
7755,-0.703494,3.039967,2.8865213,0.0,0.0,1.0,1.0
7756,-0.42380944,3.1146035,2.948065,0.0,0.0,1.0,1.0
7757,-0.42380944,3.158084,3.0143094,0.0,0.0,1.0,1.0
7758,-0.42380944,3.1290324,3.0582654,0.0,0.0,1.0,1.0
7759,-0.42380944,3.1458495,3.0757494,0.0,0.0,1.0,1.0
7760,-0.7119224,3.1945333,3.091779,0.0,0.0,1.0,1.0
7761,-0.7119224,3.223055,3.095458,0.0,0.0,1.0,1.0
7762,-0.7119224,3.2425156,3.0991244,0.0,0.0,1.0,1.0
7763,-0.43228358,3.071923,3.091145,0.0,0.0,1.0,1.0
7764,-0.43228358,2.8593054,3.0750818,0.0,0.0,1.0,1.0
7765,-0.43228358,2.9662907,3.0599997,0.0,0.0,1.0,1.0
7766,-0.43228358,3.0003383,3.0441794,0.0,0.0,1.0,1.0
7767,-0.43228358,3.083962,3.0240057,0.0,0.0,1.0,1.0
7768,-0.43228358,3.0188525,3.00352,0.0,0.0,1.0,1.0
7769,-0.43228358,2.9653232,2.980894,0.0,0.0,1.0,1.0
7770,-0.4407414,2.948048,2.9725893,0.0,0.0,1.0,1.0
7771,-0.4407414,2.9560058,2.9728005,0.0,0.0,1.0,1.0
7772,-0.15266378,2.9524474,2.9591234,0.0,0.0,1.0,1.0
7773,-0.15266378,2.9772277,2.9432547,0.0,0.0,1.0,1.0
7774,-0.15266378,2.9710047,2.9136817,0.0,0.0,1.0,1.0
7775,-0.15266378,2.9722643,2.8845098,0.0,0.0,1.0,1.0
7776,-0.15266378,2.8618402,2.854538,0.0,0.0,1.0,1.0
7777,-0.15266378,2.802166,2.823088,0.0,0.0,1.0,1.0
7778,0.13544916,2.8099136,2.778769,0.0,0.0,1.0,1.0
7779,0.13544916,2.7290876,2.7357523,0.0,0.0,1.0,1.0
7780,0.13544916,2.66879,2.6916752,0.0,0.0,0.0,1.0
7781,0.13544916,2.6056602,2.6416245,0.0,0.0,0.0,1.0
7782,0.4150101,2.5706482,2.5889883,0.0,0.0,0.0,1.0
7783,0.13544916,2.4241786,2.5431666,0.0,0.0,1.0,1.0
7784,0.42359743,2.436246,2.5004518,0.0,0.0,1.0,1.0
7785,0.7031584,2.448303,2.4577003,0.0,0.0,1.0,1.0
7786,0.7031584,2.3703952,2.4207623,0.0,0.0,1.0,1.0
7787,0.42359743,2.340632,2.3911188,0.0,0.0,1.0,1.0
7788,0.42359743,2.31198,2.3710842,0.0,0.0,1.0,1.0
7789,0.42359743,2.2895877,2.35061,0.0,0.0,1.0,1.0
7790,0.42359743,2.2968938,2.3488739,0.0,0.0,1.0,1.0
7791,0.42359743,2.2858322,2.3464751,0.0,0.0,1.0,1.0
7792,0.711781,2.3130689,2.345334,0.0,0.0,1.0,1.0
7793,0.711781,2.3652442,2.356854,0.0,0.0,1.0,1.0
7794,0.711781,2.3249595,2.3767385,0.0,0.0,1.0,1.0
7795,0.711781,2.4033449,2.3970168,0.0,0.0,1.0,1.0
7796,0.711781,2.4074597,2.4163969,0.0,0.0,1.0,1.0
7797,0.711781,2.4346092,2.4296901,0.0,0.0,1.0,1.0
7798,0.711781,2.5086365,2.437852,0.0,0.0,1.0,1.0
7799,0.711781,2.5792458,2.4382172,0.0,0.0,0.0,1.0
7800,0.711781,2.5553195,2.424785,0.0,0.0,0.0,1.0
7801,0.7203802,2.5221493,2.4107761,0.0,0.0,0.0,1.0
7802,0.7203802,2.4564128,2.3874269,0.0,0.0,0.0,1.0
7803,0.7203802,2.3837721,2.3625638,0.0,0.0,0.0,1.0
7804,0.7203802,2.3174517,2.3291793,0.0,0.0,0.0,1.0
7805,0.7203802,2.2040567,2.296867,0.0,0.0,0.0,1.0
7806,0.7203802,2.156854,2.2533631,0.0,0.0,0.0,1.0
7807,0.4407414,2.1231549,2.2219245,0.0,0.0,0.0,1.0
7808,0.4407414,2.1091027,2.1897054,0.0,0.0,0.0,1.0
7809,0.4407414,2.0339954,2.1611145,0.0,0.0,0.0,1.0
7810,0.16105686,2.1208873,2.1415806,0.0,0.0,0.0,1.0
7811,0.16105686,2.0572016,2.137826,0.0,0.0,1.0,1.0
7812,0.16105686,2.1780548,2.144215,0.0,0.0,1.0,1.0
7813,-0.11863311,2.1355214,2.158079,0.0,0.0,1.0,1.0
7814,-0.11863311,2.11332,2.1791441,0.0,0.0,1.0,1.0
7815,-0.11863311,2.1493676,2.2078574,0.0,0.0,1.0,1.0
7816,-0.11863311,2.2723942,2.2508156,0.0,0.0,1.0,1.0
7817,-0.11863311,2.2807283,2.2908127,0.0,0.0,1.0,1.0
7818,-0.11863311,2.3232198,2.3540218,0.0,0.0,1.0,1.0
7819,-0.11863311,2.3759356,2.4161465,0.0,0.0,1.0,1.0
7820,-0.11863311,2.4536624,2.484455,0.0,0.0,1.0,1.0
7821,0.16962118,2.5494952,2.545234,0.0,0.0,1.0,1.0
7822,-0.11863311,2.600852,2.601809,0.0,0.0,1.0,1.0
7823,0.16962118,2.8157089,2.6417305,0.0,0.0,1.0,1.0
7824,-0.11863311,2.923552,2.6800323,0.0,0.0,1.0,1.0
7825,-0.11863311,2.955224,2.7120855,0.0,0.0,1.0,1.0
7826,-0.11863311,2.842667,2.7352545,0.0,0.0,1.0,1.0
7827,-0.11863311,2.828268,2.749433,0.0,0.0,1.0,1.0
7828,-0.11863311,2.751453,2.7607977,0.0,0.0,1.0,1.0
7829,-0.11863311,2.7403495,2.7705498,0.0,0.0,1.0,1.0
7830,-0.11863311,2.7078571,2.7641315,0.0,0.0,1.0,1.0
7831,-0.11863311,2.653966,2.7458544,0.0,0.0,1.0,1.0
7832,-0.11863311,2.6238034,2.726731,0.0,0.0,1.0,1.0
7833,-0.40685207,2.6858723,2.7128818,0.0,0.0,1.0,1.0
7834,-0.40685207,2.717877,2.6836364,0.0,0.0,1.0,1.0
7835,-0.40685207,2.7386882,2.6492622,0.0,0.0,1.0,1.0
7836,-0.40685207,2.704226,2.6178296,0.0,0.0,1.0,1.0
7837,-0.6950357,2.7257452,2.5910063,0.0,0.0,1.0,1.0
7838,-0.4153457,2.676475,2.571569,0.0,0.0,1.0,1.0
7839,-0.4153457,2.477325,2.550284,0.0,0.0,1.0,1.0
7840,-0.4153457,2.338962,2.5221045,0.0,0.0,1.0,1.0
7841,-0.4153457,2.3631563,2.489122,0.0,0.0,1.0,1.0
7842,-0.4153457,2.385979,2.4519815,0.0,0.0,1.0,1.0
7843,-0.4153457,2.4207175,2.4115996,0.0,0.0,1.0,1.0
7844,-0.703494,2.368384,2.3695621,0.0,0.0,1.0,1.0
7845,-0.703494,2.3477182,2.3356197,0.0,0.0,1.0,1.0
7846,-0.703494,2.3220873,2.3251977,0.0,0.0,1.0,1.0
7847,-0.42380944,2.2930026,2.3345578,0.0,0.0,1.0,1.0
7848,-0.42380944,2.2196438,2.3460321,0.0,0.0,1.0,1.0
7849,-0.42380944,2.2212958,2.3619938,0.0,0.0,1.0,1.0
7850,-0.7119224,2.2691643,2.377924,0.0,0.0,1.0,1.0
7851,-0.7119224,2.3522625,2.4102223,0.0,0.0,1.0,1.0
7852,-0.7119224,2.4512815,2.4542096,0.0,0.0,1.0,1.0
7853,-0.43228358,2.5008502,2.5048766,0.0,0.0,1.0,1.0
7854,-0.43228358,2.5775182,2.5636442,0.0,0.0,1.0,1.0
7855,-0.43228358,2.6118803,2.636454,0.0,0.0,1.0,1.0
7856,-0.43228358,2.7559633,2.7124894,0.0,0.0,1.0,1.0
7857,-0.43228358,2.875566,2.7914326,0.0,0.0,1.0,1.0
7858,-0.7203612,2.930091,2.8688679,0.0,0.0,1.0,1.0
7859,-0.7203612,2.9982142,2.9430594,0.0,0.0,1.0,1.0
7860,-0.15266378,3.0933619,3.0134838,0.0,0.0,1.0,1.0
7861,-0.7203612,3.133719,3.074588,0.0,0.0,1.0,1.0
7862,-0.15266378,3.2164836,3.1309974,0.0,0.0,1.0,1.0
7863,-0.15266378,3.2814858,3.1655958,0.0,0.0,1.0,1.0
7864,-0.15266378,3.3415785,3.17818,0.0,0.0,1.0,1.0
7865,-0.15266378,3.3459446,3.1853623,0.0,0.0,1.0,1.0
7866,-0.15266378,3.3107688,3.1830325,0.0,0.0,1.0,1.0
7867,-0.15266378,3.2887914,3.1644394,0.0,0.0,1.0,1.0
7868,-0.15266378,3.1711438,3.1325657,0.0,0.0,1.0,1.0
7869,-0.15266378,3.0265784,3.0876026,0.0,0.0,1.0,1.0
7870,0.13544916,3.0162792,3.0297976,0.0,0.0,1.0,1.0
7871,0.13544916,2.970254,2.9608421,0.0,0.0,1.0,1.0
7872,0.4150101,2.8702455,2.8899586,0.0,0.0,1.0,1.0
7873,0.13544916,2.7512355,2.8173065,0.0,0.0,1.0,1.0
7874,0.13544916,2.676927,2.7437384,0.0,0.0,1.0,1.0
7875,0.13544916,2.5878224,2.6792257,0.0,0.0,1.0,1.0
7876,0.7031584,2.5141144,2.62647,0.0,0.0,1.0,1.0
7877,0.7031584,2.4953425,2.572586,0.0,0.0,1.0,1.0
7878,0.7031584,2.438945,2.5206661,0.0,0.0,1.0,1.0
7879,0.42359743,2.4059732,2.4803011,0.0,0.0,1.0,1.0
7880,0.42359743,2.3969908,2.4549618,0.0,0.0,1.0,1.0
7881,0.7031584,2.3935103,2.434787,0.0,0.0,1.0,1.0
7882,0.42359743,2.3696709,2.4240313,0.0,0.0,1.0,1.0
7883,0.42359743,2.3472166,2.4211628,0.0,0.0,1.0,1.0
7884,0.99134195,2.3858643,2.4213183,0.0,0.0,1.0,1.0
7885,0.711781,2.4471633,2.4322984,0.0,0.0,1.0,1.0
7886,0.711781,2.4348297,2.446936,0.0,0.0,1.0,1.0
7887,0.711781,2.4587545,2.461985,0.0,0.0,1.0,1.0
7888,0.711781,2.479694,2.4761314,0.0,0.0,1.0,1.0
7889,0.711781,2.4972079,2.4878662,0.0,0.0,1.0,1.0
7890,0.711781,2.5707066,2.4953604,0.0,0.0,1.0,1.0
7891,0.711781,2.581623,2.496232,0.0,0.0,1.0,1.0
7892,0.711781,2.5775814,2.484939,0.0,0.0,1.0,1.0
7893,1.0,2.5632644,2.4759645,0.0,0.0,1.0,1.0
7894,0.7203802,2.510489,2.461978,0.0,0.0,1.0,1.0
7895,0.7203802,2.4371474,2.446508,0.0,0.0,1.0,1.0
7896,0.7203802,2.3963246,2.428582,0.0,0.0,0.0,1.0
7897,0.7203802,2.3116467,2.4014676,0.0,0.0,0.0,1.0
7898,0.7203802,2.327135,2.370074,0.0,0.0,0.0,1.0
7899,0.4407414,2.2909148,2.3363357,0.0,0.0,0.0,1.0
7900,0.4407414,2.2940538,2.300106,0.0,0.0,0.0,1.0
7901,0.4407414,2.2820954,2.259117,0.0,0.0,0.0,1.0
7902,0.16105686,2.2453356,2.2226,0.0,0.0,0.0,1.0
7903,0.16105686,2.2048998,2.1871793,0.0,0.0,0.0,1.0
7904,0.16105686,2.1727207,2.1537418,0.0,0.0,0.0,1.0
7905,-0.11863311,2.1285102,2.1239781,0.0,0.0,0.0,1.0
7906,-0.11863311,2.0186174,2.1083202,0.0,0.0,0.0,1.0
7907,-0.11863311,1.9989469,2.0870738,0.0,0.0,0.0,1.0
7908,-0.11863311,1.9712769,2.1066191,0.0,0.0,0.0,1.0
7909,-0.11863311,1.9103955,1.919508,0.0,0.0,0.0,1.0
7910,-0.11863311,1.9699707,1.7357663,0.0,0.0,0.0,1.0
7911,-0.11863311,2.1030211,1.5547062,0.0,0.0,0.0,1.0
7912,-0.11863311,2.039094,1.3773303,0.0,0.0,0.0,1.0
7913,-0.11863311,2.5166419,1.2091123,0.0,0.0,0.0,1.0
