time_index,telemetry,point_score,smoothed_score,prediction,label,context_ood,valid_score
0,0.97730654,0.0,0.0,0.0,0.0,0.0,0.0
1,0.9791195,0.0,0.0,0.0,0.0,0.0,0.0
2,0.9790588,0.0,0.0,0.0,0.0,0.0,0.0
3,0.8428023,0.0,0.0,0.0,0.0,0.0,0.0
4,0.9774743,0.0,0.0,0.0,0.0,0.0,0.0
5,0.97824067,0.0,0.0,0.0,0.0,0.0,0.0
6,0.97036594,0.0,0.0,0.0,0.0,0.0,0.0
7,0.96853626,0.0,0.0,0.0,0.0,0.0,0.0
8,0.9608361,0.0,0.0,0.0,0.0,0.0,0.0
9,0.9568015,0.0,0.0,0.0,0.0,0.0,0.0
10,0.80698526,0.0,0.0,0.0,0.0,0.0,0.0
11,0.9504557,0.0,0.0,0.0,0.0,0.0,0.0
12,0.9454468,0.0,0.0,0.0,0.0,0.0,0.0
13,0.9337501,0.0,0.0,0.0,0.0,0.0,0.0
14,0.922873,0.0,0.0,0.0,0.0,0.0,0.0
15,0.90887856,0.0,0.0,0.0,0.0,0.0,0.0
16,0.89605993,0.0,0.0,0.0,0.0,0.0,0.0
17,0.75941473,0.0,0.0,0.0,0.0,0.0,0.0
18,0.88452333,0.0,0.0,0.0,0.0,0.0,0.0
19,0.87899226,0.0,0.0,0.0,0.0,0.0,0.0
20,0.8753113,0.0,0.0,0.0,0.0,0.0,0.0
21,0.8675637,0.0,0.0,0.0,0.0,0.0,0.0
22,0.855633,0.0,0.0,0.0,0.0,0.0,0.0
23,0.8353029,0.0,0.0,0.0,0.0,0.0,0.0
24,0.6684238,0.0,0.0,0.0,0.0,0.0,0.0
25,0.8093739,0.0,0.0,0.0,0.0,0.0,0.0
26,0.5943195,0.0,0.0,0.0,0.0,0.0,0.0
27,0.7738664,0.0,0.0,0.0,0.0,0.0,0.0
28,0.7593629,0.0,0.0,0.0,0.0,0.0,0.0
29,0.74941677,0.0,0.0,0.0,0.0,0.0,0.0
30,0.7437433,0.0,0.0,0.0,0.0,0.0,0.0
31,0.7404348,0.0,0.0,0.0,0.0,0.0,0.0
32,0.73034596,0.0,0.0,0.0,0.0,0.0,0.0
33,0.6701099,0.0,0.0,0.0,0.0,0.0,0.0
34,0.7192857,0.0,0.0,0.0,0.0,0.0,0.0
35,0.7018248,0.0,0.0,0.0,0.0,0.0,0.0
36,0.68536997,0.0,0.0,0.0,0.0,0.0,0.0
37,0.6693448,0.0,0.0,0.0,0.0,0.0,0.0
38,0.6507449,0.0,0.0,0.0,0.0,0.0,0.0
39,0.6202839,0.0,0.0,0.0,0.0,0.0,0.0
40,0.6400703,0.0,0.0,0.0,0.0,0.0,0.0
41,0.62780863,0.0,0.0,0.0,0.0,0.0,0.0
42,0.626131,0.0,0.0,0.0,0.0,0.0,0.0
43,0.47653517,0.0,0.0,0.0,0.0,0.0,0.0
44,0.62842,0.0,0.0,0.0,0.0,0.0,0.0
45,0.6281515,0.0,0.0,0.0,0.0,0.0,0.0
46,0.6279536,0.0,0.0,0.0,0.0,0.0,0.0
47,0.627542,0.0,0.0,0.0,0.0,0.0,0.0
48,0.631128,0.0,0.0,0.0,0.0,0.0,0.0
49,0.5052154,0.0,0.0,0.0,0.0,0.0,0.0
50,0.6336431,0.0,0.0,0.0,0.0,0.0,0.0
51,0.6413601,0.0,0.0,0.0,0.0,0.0,0.0
52,0.6404705,0.0,0.0,0.0,0.0,0.0,0.0
53,0.6624095,0.0,0.0,0.0,0.0,0.0,0.0
54,0.6805873,0.0,0.0,0.0,0.0,0.0,0.0
55,0.6985817,0.0,0.0,0.0,0.0,0.0,0.0
56,0.7216824,0.0,0.0,0.0,0.0,0.0,0.0
57,0.73915535,0.0,0.0,0.0,0.0,0.0,0.0
58,0.63291615,0.0,0.0,0.0,0.0,0.0,0.0
59,0.7625422,0.0,0.0,0.0,0.0,0.0,0.0
60,0.78672856,0.0,0.0,0.0,0.0,0.0,0.0
61,0.8041426,0.0,0.0,0.0,0.0,0.0,0.0
62,0.81916505,0.0,0.0,0.0,0.0,0.0,0.0
63,0.83169633,0.0,0.0,0.0,0.0,0.0,0.0
64,0.8462741,0.0,0.0,0.0,0.0,0.0,0.0
65,0.7161342,0.0,0.0,0.0,0.0,0.0,0.0
66,0.861404,0.0,0.0,0.0,0.0,0.0,0.0
67,0.8718951,0.0,0.0,0.0,0.0,0.0,0.0
68,0.8886828,0.0,0.0,0.0,0.0,0.0,0.0
69,0.91119343,0.0,0.0,0.0,0.0,0.0,0.0
70,0.92968947,0.0,0.0,0.0,0.0,0.0,0.0
71,0.9492707,0.0,0.0,0.0,0.0,0.0,0.0
72,0.96673685,0.0,0.0,0.0,0.0,0.0,0.0
73,0.7759172,0.0,0.0,0.0,0.0,0.0,0.0
74,0.9804925,0.0,0.0,0.0,0.0,0.0,0.0
75,0.9860577,0.0,0.0,0.0,0.0,0.0,0.0
76,0.982356,0.0,0.0,0.0,0.0,0.0,0.0
77,0.9736598,0.0,0.0,0.0,0.0,0.0,0.0
78,0.96195215,0.0,0.0,0.0,0.0,0.0,0.0
79,0.79319966,0.0,0.0,0.0,0.0,0.0,0.0
80,0.9645957,0.0,0.0,0.0,0.0,0.0,0.0
81,0.7949196,0.0,0.0,0.0,0.0,0.0,0.0
82,0.9729677,0.0,0.0,0.0,0.0,0.0,0.0
83,0.98560035,0.0,0.0,0.0,0.0,0.0,0.0
84,0.9923855,0.0,0.0,0.0,0.0,0.0,0.0
85,1.0,0.0,0.0,0.0,0.0,0.0,0.0
86,0.9982131,0.0,0.0,0.0,0.0,0.0,0.0
87,0.99408746,0.0,0.0,0.0,0.0,0.0,0.0
88,0.98481977,0.0,0.0,0.0,0.0,0.0,0.0
89,0.9782664,0.0,0.0,0.0,0.0,0.0,0.0
90,0.97116965,0.0,0.0,0.0,0.0,0.0,0.0
91,0.9683925,0.0,0.0,0.0,0.0,0.0,0.0
92,0.9702492,0.0,0.0,0.0,0.0,0.0,0.0
93,0.9696223,0.0,0.0,0.0,0.0,0.0,0.0
94,0.9730144,0.0,0.0,0.0,0.0,0.0,0.0
95,0.97256404,0.0,0.0,0.0,0.0,0.0,0.0
96,0.9721318,0.0,0.0,0.0,0.0,0.0,0.0
97,0.827388,0.0,0.0,0.0,0.0,0.0,0.0
98,0.96932834,0.0,0.0,0.0,0.0,0.0,0.0
99,0.9647895,0.0,0.0,0.0,0.0,0.0,0.0
100,0.9586088,0.0,0.0,0.0,0.0,0.0,0.0
101,0.94790536,0.0,0.0,0.0,0.0,0.0,0.0
102,0.9350581,0.0,0.0,0.0,0.0,0.0,0.0
103,0.82136506,0.0,0.0,0.0,0.0,0.0,0.0
104,0.92475647,0.0,0.0,0.0,0.0,0.0,0.0
105,0.8124043,0.0,0.0,0.0,0.0,0.0,0.0
106,0.9276443,0.0,0.0,0.0,0.0,0.0,0.0
107,0.92748946,0.0,0.0,0.0,0.0,0.0,0.0
108,0.9215592,0.0,0.0,0.0,0.0,0.0,0.0
109,0.9129774,0.0,0.0,0.0,0.0,0.0,0.0
110,0.9026245,0.0,0.0,0.0,0.0,0.0,0.0
111,0.76116973,0.0,0.0,0.0,0.0,0.0,0.0
112,0.8926273,0.0,0.0,0.0,0.0,0.0,0.0
113,0.87939143,0.0,0.0,0.0,0.0,0.0,0.0
114,0.8667973,0.0,0.0,0.0,0.0,0.0,0.0
115,0.85208714,0.0,0.0,0.0,0.0,0.0,0.0
116,0.839958,0.0,0.0,0.0,0.0,0.0,0.0
117,0.83764863,0.0,0.0,0.0,0.0,0.0,0.0
118,0.8359054,0.0,0.0,0.0,0.0,0.0,0.0
119,0.8299159,0.0,0.0,0.0,0.0,0.0,0.0
120,0.63618445,0.0,0.0,0.0,0.0,0.0,0.0
121,0.8222255,0.0,0.0,0.0,0.0,0.0,0.0
122,0.80894905,0.0,0.0,0.0,0.0,0.0,0.0
123,0.795695,0.0,0.0,0.0,0.0,0.0,0.0
124,0.7828995,0.0,0.0,0.0,0.0,0.0,0.0
125,0.76668316,0.0,0.0,0.0,0.0,0.0,0.0
126,0.57781976,0.0,0.0,0.0,0.0,0.0,0.0
127,0.746825,0.0,0.0,0.0,0.0,0.0,0.0
128,0.71612775,0.0,0.0,0.0,0.0,0.0,0.0
129,0.69804275,0.0,0.0,0.0,0.0,0.0,0.0
130,0.6762775,0.0,0.0,0.0,0.0,0.0,0.0
131,0.65377253,0.0,0.0,0.0,0.0,0.0,0.0
132,0.6471587,0.0,0.0,0.0,0.0,0.0,0.0
133,0.65280753,0.0,0.0,0.0,0.0,0.0,0.0
134,0.6336238,0.0,0.0,0.0,0.0,0.0,0.0
135,0.6278821,0.0,0.0,0.0,0.0,0.0,0.0
136,0.55881274,0.0,0.0,0.0,0.0,0.0,0.0
137,0.62369317,0.0,0.0,0.0,0.0,0.0,0.0
138,0.6182522,0.0,0.0,0.0,0.0,0.0,0.0
139,0.61440027,0.0,0.0,0.0,0.0,0.0,0.0
140,0.6121181,0.0,0.0,0.0,0.0,0.0,0.0
141,0.613324,0.0,0.0,0.0,0.0,0.0,0.0
142,0.6195476,0.0,0.0,0.0,0.0,0.0,0.0
143,0.628334,0.0,0.0,0.0,0.0,0.0,0.0
144,0.64301467,0.0,0.0,0.0,0.0,0.0,0.0
145,0.50981814,0.0,0.0,0.0,0.0,0.0,0.0
146,0.65296215,0.0,0.0,0.0,0.0,0.0,0.0
147,0.66780937,0.0,0.0,0.0,0.0,0.0,0.0
148,0.6811749,0.0,0.0,0.0,0.0,0.0,0.0
149,0.68996876,0.0,0.0,0.0,0.0,0.0,0.0
150,0.69645333,0.0,0.0,0.0,0.0,0.0,0.0
151,0.5835942,0.0,0.0,0.0,0.0,0.0,0.0
152,0.70639235,0.0,0.0,0.0,0.0,0.0,0.0
153,0.71555144,0.0,0.0,0.0,0.0,0.0,0.0
154,0.7244871,0.0,0.0,0.0,0.0,0.0,0.0
155,0.74133396,0.0,0.0,0.0,0.0,0.0,0.0
156,0.76003414,0.0,0.0,0.0,0.0,0.0,0.0
157,0.7852735,0.0,0.0,0.0,0.0,0.0,0.0
158,0.8047315,0.0,0.0,0.0,0.0,0.0,0.0
159,0.6921939,0.0,0.0,0.0,0.0,0.0,0.0
160,0.8261618,0.0,0.0,0.0,0.0,0.0,0.0
161,0.8464183,0.0,0.0,0.0,0.0,0.0,0.0
162,0.8677954,0.0,0.0,0.0,0.0,0.0,0.0
163,0.8807189,0.0,0.0,0.0,0.0,0.0,0.0
164,0.8884175,0.0,0.0,0.0,0.0,0.0,0.0
165,0.7588124,0.0,0.0,0.0,0.0,0.0,0.0
166,0.9006756,0.0,0.0,0.0,0.0,0.0,0.0
167,0.90463036,0.0,0.0,0.0,0.0,0.0,0.0
168,0.90490365,0.0,0.0,0.0,0.0,0.0,0.0
169,0.75789386,0.0,0.0,0.0,0.0,0.0,0.0
170,0.9241599,0.0,0.0,0.0,0.0,0.0,0.0
171,0.9476987,0.0,0.0,0.0,0.0,0.0,0.0
172,0.9697421,0.0,0.0,0.0,0.0,0.0,0.0
173,0.97976786,0.0,0.0,0.0,0.0,0.0,0.0
174,0.7805355,0.0,0.0,0.0,0.0,0.0,0.0
175,0.9908088,0.0,0.0,0.0,0.0,0.0,0.0
176,0.99181944,0.0,0.0,0.0,0.0,0.0,0.0
177,0.9919893,0.0,0.0,0.0,0.0,0.0,0.0
178,0.99260765,0.0,0.0,0.0,0.0,0.0,0.0
179,0.98549575,0.0,0.0,0.0,0.0,0.0,0.0
180,0.98332506,0.0,0.0,0.0,0.0,0.0,0.0
181,0.80038273,0.0,0.0,0.0,0.0,0.0,0.0
182,0.97243893,0.0,0.0,0.0,0.0,0.0,0.0
183,0.9617428,0.0,0.0,0.0,0.0,0.0,0.0
184,0.95518804,0.0,0.0,0.0,0.0,0.0,0.0
185,0.955648,0.0,0.0,0.0,0.0,0.0,0.0
186,0.9563189,0.0,0.0,0.0,0.0,0.0,0.0
187,0.9556961,0.0,0.0,0.0,0.0,0.0,0.0
188,0.9539851,0.0,0.0,0.0,0.0,0.0,0.0
189,0.9503061,0.0,0.0,0.0,0.0,0.0,0.0
190,0.8033365,0.0,0.0,0.0,0.0,0.0,0.0
191,0.9436217,0.0,0.0,0.0,0.0,0.0,0.0
192,0.934801,0.0,0.0,0.0,0.0,0.0,0.0
193,0.9293653,0.0,0.0,0.0,0.0,0.0,0.0
194,0.7962067,0.0,0.0,0.0,0.0,0.0,0.0
195,0.93743694,0.0,0.0,0.0,0.0,0.0,0.0
196,0.94182175,0.0,0.0,0.0,0.0,0.0,0.0
197,0.94791234,0.0,0.0,0.0,0.0,0.0,0.0
198,0.94676423,0.0,0.0,0.0,0.0,0.0,0.0
199,0.8096014,0.0,0.0,0.0,0.0,0.0,0.0
200,0.94147414,0.0,0.0,0.0,0.0,0.0,0.0
201,0.93607575,0.0,0.0,0.0,0.0,0.0,0.0
202,0.9228014,0.0,0.0,0.0,0.0,0.0,0.0
203,0.90928686,0.0,0.0,0.0,0.0,0.0,0.0
204,0.90109867,0.0,0.0,0.0,0.0,0.0,0.0
205,0.8931125,0.0,0.0,0.0,0.0,0.0,0.0
206,0.78702235,0.0,0.0,0.0,0.0,0.0,0.0
207,0.88784236,0.0,0.0,0.0,0.0,0.0,0.0
208,0.8844962,0.0,0.0,0.0,0.0,0.0,0.0
209,0.88154364,0.0,0.0,0.0,0.0,0.0,0.0
210,0.87952733,0.0,0.0,0.0,0.0,0.0,0.0
211,0.8695682,0.0,0.0,0.0,0.0,0.0,0.0
212,0.8596162,0.0,0.0,0.0,0.0,0.0,0.0
213,0.7014647,0.0,0.0,0.0,0.0,0.0,0.0
214,0.8433641,0.0,0.0,0.0,0.0,0.0,0.0
215,0.8233631,0.0,0.0,0.0,0.0,0.0,0.0
216,0.80944955,0.0,0.0,0.0,0.0,0.0,0.0
217,0.8022842,0.0,0.0,0.0,0.0,0.0,0.0
218,0.79746795,0.0,0.0,0.0,0.0,0.0,0.0
219,0.77733296,0.0,0.0,0.0,0.0,0.0,0.0
220,0.76001173,0.0,0.0,0.0,0.0,0.0,0.0
221,0.5390834,0.0,0.0,0.0,0.0,0.0,0.0
222,0.73538077,0.0,0.0,0.0,0.0,0.0,0.0
223,0.7046735,0.0,0.0,0.0,0.0,0.0,0.0
224,0.6794019,0.0,0.0,0.0,0.0,0.0,0.0
225,0.6995947,0.0,0.0,0.0,0.0,0.0,0.0
226,0.6700909,0.0,0.0,0.0,0.0,0.0,0.0
227,0.66322863,0.0,0.0,0.0,0.0,0.0,0.0
228,0.6555639,0.0,0.0,0.0,0.0,0.0,0.0
229,0.57977253,0.0,0.0,0.0,0.0,0.0,0.0
230,0.65093994,0.0,0.0,0.0,0.0,0.0,0.0
231,0.6389418,0.0,0.0,0.0,0.0,0.0,0.0
232,0.63156563,0.0,0.0,0.0,0.0,0.0,0.0
233,0.6191179,0.0,0.0,0.0,0.0,0.0,0.0
234,0.45332086,0.0,0.0,0.0,0.0,0.0,0.0
235,0.60973966,0.0,0.0,0.0,0.0,0.0,0.0
236,0.6039802,0.0,0.0,0.0,0.0,0.0,0.0
237,0.6060916,0.0,0.0,0.0,0.0,0.0,0.0
238,0.61005926,0.0,0.0,0.0,0.0,0.0,0.0
239,0.47231975,0.0,0.0,0.0,0.0,0.0,0.0
240,0.6147675,0.0,0.0,0.0,0.0,0.0,0.0
241,0.6239247,0.0,0.0,0.0,0.0,0.0,0.0
242,0.630569,0.0,0.0,0.0,0.0,0.0,0.0
243,0.63524187,0.0,0.0,0.0,0.0,0.0,0.0
244,0.64152503,0.0,0.0,0.0,0.0,0.0,0.0
245,0.65104187,0.0,0.0,0.0,0.0,0.0,0.0
246,0.51729435,0.0,0.0,0.0,0.0,0.0,0.0
247,0.6628222,0.0,0.0,0.0,0.0,0.0,0.0
248,0.6689971,0.0,0.0,0.0,0.0,0.0,0.0
249,0.67168015,0.0,0.0,0.0,0.0,0.0,0.0
250,0.69098145,0.0,0.0,0.0,0.0,0.0,0.0
251,0.7042456,0.0,0.0,0.0,0.0,0.0,0.0
252,0.7233069,0.0,0.0,0.0,0.0,0.0,0.0
253,0.73698056,0.0,0.0,0.0,0.0,0.0,0.0
254,0.66714185,0.0,0.0,0.0,0.0,0.0,0.0
255,0.7578343,0.0,0.0,0.0,0.0,0.0,0.0
256,0.77198887,0.0,0.0,0.0,0.0,0.0,0.0
257,0.7932145,0.0,0.0,0.0,0.0,0.0,0.0
258,0.8165832,0.0,0.0,0.0,0.0,0.0,0.0
259,0.83585894,0.0,0.0,0.0,0.0,0.0,0.0
260,0.8495751,0.0,0.0,0.0,0.0,0.0,0.0
261,0.7159536,0.0,0.0,0.0,0.0,0.0,0.0
262,0.85630554,0.0,0.0,0.0,0.0,0.0,0.0
263,0.86739784,0.0,0.0,0.0,0.0,0.0,0.0
264,0.88123643,0.0,0.0,0.0,0.0,0.0,0.0
265,0.8959994,0.0,0.0,0.0,0.0,0.0,0.0
266,0.9182681,0.0,0.0,0.0,0.0,0.0,0.0
267,0.9350221,0.0,0.0,0.0,0.0,0.0,0.0
268,0.9467937,0.0,0.0,0.0,0.0,0.0,0.0
269,0.79146004,0.0,0.0,0.0,0.0,0.0,0.0
270,0.9594512,0.0,0.0,0.0,0.0,0.0,0.0
271,0.97083956,0.0,0.0,0.0,0.0,0.0,0.0
272,0.97961915,0.0,0.0,0.0,0.0,0.0,0.0
273,0.97368175,0.0,0.0,0.0,0.0,0.0,0.0
274,0.96877944,0.0,0.0,0.0,0.0,0.0,0.0
275,0.77016824,0.0,0.0,0.0,0.0,0.0,0.0
276,0.95807755,0.0,0.0,0.0,0.0,0.0,0.0
277,0.9417376,0.0,0.0,0.0,0.0,0.0,0.0
278,0.9384942,0.0,0.0,0.0,0.0,0.0,0.0
279,0.7820062,0.0,2.0222483,0.0,0.0,0.0,0.0
280,0.9427221,0.0,4.01385,0.0,0.0,0.0,0.0
281,0.95168227,0.0,6.0730133,0.0,0.0,0.0,0.0
282,0.9554048,0.0,8.124882,0.0,0.0,0.0,0.0
283,0.9544195,0.0,10.157143,0.0,0.0,0.0,0.0
284,0.9465431,24.26698,12.182408,0.0,0.0,1.0,1.0
285,0.9121471,23.899223,14.166338,0.0,0.0,1.0,1.0
286,0.9422236,24.709959,16.166811,0.0,0.0,1.0,1.0
287,0.943918,24.622414,18.162703,0.0,0.0,1.0,1.0
288,0.9389045,24.387136,20.171177,0.0,0.0,1.0,1.0
289,0.9244934,24.303188,22.196505,1.0,0.0,1.0,1.0
290,0.9395397,23.80716,24.238825,1.0,0.0,1.0,1.0
291,0.9426891,24.005669,24.271177,1.0,0.0,1.0,1.0
292,0.94254327,23.950695,24.349915,1.0,0.0,1.0,1.0
293,0.9427699,24.101692,24.377687,1.0,0.0,1.0,1.0
294,0.94446594,24.303928,24.427763,1.0,0.0,1.0,1.0
295,0.8103391,24.507849,24.51472,1.0,0.0,1.0,1.0
296,0.9399677,24.655216,24.627783,1.0,0.0,1.0,1.0
297,0.9383518,24.84406,24.786083,1.0,0.0,1.0,1.0
298,0.9325011,25.043243,24.895803,1.0,0.0,1.0,1.0
299,0.92034525,25.223316,24.981102,1.0,0.0,1.0,1.0
300,0.908314,25.430632,25.021132,1.0,0.0,1.0,1.0
301,0.8910119,25.659939,25.027079,1.0,0.0,1.0,1.0
302,0.7926619,25.70675,24.978447,1.0,0.0,1.0,1.0
303,0.87431794,25.322319,24.884655,1.0,0.0,1.0,1.0
304,0.8671322,24.97427,24.734327,1.0,0.0,1.0,1.0
305,0.8627558,24.582054,24.523901,1.0,0.0,1.0,1.0
306,0.8671508,24.375294,24.256908,1.0,0.0,1.0,1.0
307,0.8665642,23.924273,23.926464,1.0,0.0,1.0,1.0
308,0.8626653,23.5297,23.528515,1.0,0.0,1.0,1.0
309,0.8543389,23.040134,23.075935,1.0,0.0,1.0,1.0
310,0.6979866,22.518127,22.604918,1.0,0.0,1.0,1.0
311,0.8417584,22.019419,22.120728,1.0,0.0,1.0,1.0
312,0.8234271,21.4653,21.622974,1.0,0.0,1.0,1.0
313,0.80471075,20.884533,21.094328,0.0,0.0,1.0,1.0
314,0.7870003,20.275803,20.612434,0.0,0.0,1.0,1.0
315,0.7591195,19.670107,20.166847,0.0,0.0,1.0,1.0
316,0.74421847,19.163996,19.764713,0.0,0.0,1.0,1.0
317,0.74114275,18.608997,19.408165,0.0,0.0,1.0,1.0
318,0.5720999,18.031555,19.093433,0.0,0.0,1.0,1.0
319,0.73934424,18.141533,18.825504,0.0,0.0,1.0,1.0
320,0.73404974,18.182653,18.596266,0.0,0.0,1.0,1.0
321,0.7254799,18.214529,18.411352,0.0,0.0,1.0,1.0
322,0.7152395,18.239563,18.263905,0.0,0.0,1.0,1.0
323,0.7015928,18.242628,18.158875,0.0,0.0,1.0,1.0
324,0.6861486,18.250143,18.093882,0.0,0.0,1.0,1.0
325,0.66892314,18.13369,18.083565,0.0,0.0,1.0,1.0
326,0.65163594,18.056824,18.086727,0.0,0.0,1.0,1.0
327,0.6301714,17.90075,18.086807,0.0,0.0,1.0,1.0
328,0.6122701,17.90364,18.078165,0.0,0.0,1.0,1.0
329,0.44418073,17.829063,18.074667,0.0,0.0,1.0,1.0
330,0.60336596,17.907759,18.065536,0.0,0.0,1.0,1.0
331,0.59062874,18.179491,18.053877,0.0,0.0,1.0,1.0
332,0.59005404,18.183607,18.053741,0.0,0.0,1.0,1.0
333,0.51662767,18.110819,18.066195,0.0,0.0,1.0,1.0
334,0.5887782,18.197582,18.104147,0.0,0.0,1.0,1.0
335,0.59647185,18.13308,18.150927,0.0,0.0,1.0,1.0
336,0.5915225,18.110216,18.228512,0.0,0.0,1.0,1.0
337,0.5923986,18.132074,18.323586,0.0,0.0,1.0,1.0
338,0.58993095,18.206257,18.421309,0.0,0.0,1.0,1.0
339,0.61988765,18.356182,18.52928,0.0,0.0,1.0,1.0
340,0.601471,18.464987,18.65496,0.0,0.0,1.0,1.0
341,0.6173204,18.76009,18.777496,0.0,0.0,1.0,1.0
342,0.63862145,19.048649,18.887745,0.0,0.0,1.0,1.0
343,0.5142238,19.352158,18.998413,0.0,0.0,1.0,1.0
344,0.6566777,19.479275,19.129368,0.0,0.0,1.0,1.0
345,0.67594373,19.618969,19.25856,0.0,0.0,1.0,1.0
346,0.69429195,19.668015,19.391405,0.0,0.0,1.0,1.0
347,0.70985115,19.456062,19.530416,0.0,0.0,1.0,1.0
348,0.7154685,19.43825,19.658592,0.0,0.0,1.0,1.0
349,0.6103511,19.703518,19.768652,0.0,0.0,1.0,1.0
350,0.72480285,19.75656,19.844625,0.0,0.0,1.0,1.0
351,0.7360437,19.950335,19.916603,0.0,0.0,1.0,1.0
352,0.7511075,20.133114,19.985634,0.0,0.0,1.0,1.0
353,0.7616833,20.298214,20.05185,0.0,0.0,1.0,1.0
354,0.7792495,20.369349,20.144787,0.0,0.0,1.0,1.0
355,0.805667,20.263842,20.2483,0.0,0.0,1.0,1.0
356,0.8216211,20.343,20.33754,0.0,0.0,1.0,1.0
357,0.69838923,20.447351,20.427483,0.0,0.0,1.0,1.0
358,0.8487788,20.462593,20.509125,0.0,0.0,1.0,1.0
359,0.8718517,20.571308,20.589962,0.0,0.0,1.0,1.0
360,0.88790417,20.68043,20.657936,0.0,0.0,1.0,1.0
361,0.8999311,20.774391,20.731855,0.0,0.0,1.0,1.0
362,0.907021,20.83586,20.81806,0.0,0.0,1.0,1.0
363,0.9135961,20.930048,20.905594,0.0,0.0,1.0,1.0
364,0.761768,21.103167,20.99163,0.0,0.0,1.0,1.0
365,0.9150482,21.113901,21.088165,0.0,0.0,1.0,1.0
366,0.91226655,21.256382,21.192598,1.0,0.0,1.0,1.0
367,0.9155417,21.2983,21.300241,1.0,0.0,1.0,1.0
368,0.90664226,21.3934,21.402674,1.0,0.0,1.0,1.0
369,0.90737337,21.479784,21.501856,1.0,0.0,1.0,1.0
370,0.9202327,21.621017,21.593342,1.0,0.0,1.0,1.0
371,0.9313723,21.824507,21.677975,1.0,0.0,1.0,1.0
372,0.75283176,21.972134,21.773998,1.0,0.0,1.0,1.0
373,0.94459724,22.003593,21.866648,1.0,0.0,1.0,1.0
374,0.94927907,22.02604,21.982157,1.0,0.0,1.0,1.0
375,0.9550512,22.02787,22.084051,1.0,0.0,1.0,1.0
376,0.9573714,22.118773,22.180492,1.0,0.0,1.0,1.0
377,0.95577264,22.266178,22.253891,1.0,0.0,1.0,1.0
378,0.9488684,22.36818,22.308243,1.0,0.0,1.0,1.0
379,0.9202041,22.684406,22.345152,1.0,0.0,1.0,1.0
380,0.9425601,22.616138,22.374725,1.0,0.0,1.0,1.0
381,0.93758726,22.637072,22.389166,1.0,0.0,1.0,1.0
382,0.93373865,22.5018,22.379297,1.0,0.0,1.0,1.0
383,0.92636603,22.476738,22.343472,1.0,0.0,1.0,1.0
384,0.9338282,22.41503,22.266376,1.0,0.0,1.0,1.0
385,0.93841255,22.358477,22.1656,1.0,0.0,1.0,1.0
386,0.9384325,22.199324,22.023987,1.0,0.0,1.0,1.0
387,0.93681353,21.909458,21.876919,1.0,0.0,1.0,1.0
388,0.932961,21.688852,21.70822,1.0,0.0,1.0,1.0
389,0.8943769,21.34104,21.523846,1.0,0.0,1.0,1.0
390,0.9262851,21.158869,21.297096,1.0,0.0,1.0,1.0
391,0.9152998,20.98504,21.057201,0.0,0.0,1.0,1.0
392,0.90350443,20.851318,20.79865,0.0,0.0,1.0,1.0
393,0.77399063,20.612686,20.545042,0.0,0.0,1.0,1.0
394,0.898221,20.289305,20.299305,0.0,0.0,1.0,1.0
395,0.9023701,19.755753,20.058538,0.0,0.0,1.0,1.0
396,0.89952487,19.536304,19.828184,0.0,0.0,1.0,1.0
397,0.8981312,19.255869,19.600924,0.0,0.0,1.0,1.0
398,0.76408976,19.15601,19.390003,0.0,0.0,1.0,1.0
399,0.8963447,18.960611,19.174763,0.0,0.0,1.0,1.0
400,0.89103854,18.799654,18.98359,0.0,0.0,1.0,1.0
401,0.88644314,18.57679,18.813807,0.0,0.0,1.0,1.0
402,0.86664194,18.431751,18.679874,0.0,0.0,1.0,1.0
403,0.84985155,18.453976,18.560629,0.0,0.0,1.0,1.0
404,0.83920544,18.268448,18.46351,0.0,0.0,1.0,1.0
405,0.72394997,18.318594,18.379269,0.0,0.0,1.0,1.0
406,0.83294904,18.251928,18.32254,0.0,0.0,1.0,1.0
407,0.82901585,18.148561,18.28144,0.0,0.0,1.0,1.0
408,0.82676697,18.105345,18.258673,0.0,0.0,1.0,1.0
409,0.8203407,18.090464,18.244875,0.0,0.0,1.0,1.0
410,0.80781573,18.145105,18.229498,0.0,0.0,1.0,1.0
411,0.79471475,18.279871,18.217924,0.0,0.0,1.0,1.0
412,0.78498924,18.306465,18.197853,0.0,0.0,1.0,1.0
413,0.61315227,18.30356,18.180395,0.0,0.0,1.0,1.0
414,0.7708931,18.266191,18.17213,0.0,0.0,1.0,1.0
415,0.7551749,18.269438,18.172577,0.0,0.0,1.0,1.0
416,0.7410329,18.129576,18.171305,0.0,0.0,1.0,1.0
417,0.7231184,18.077738,18.170794,0.0,0.0,1.0,1.0
418,0.70750344,18.04242,18.183233,0.0,0.0,1.0,1.0
419,0.53253794,18.049397,18.201584,0.0,0.0,1.0,1.0
420,0.6860285,18.11069,18.217035,0.0,0.0,1.0,1.0
421,0.6702862,18.075214,18.257511,0.0,0.0,1.0,1.0
422,0.6484723,18.13897,18.295786,0.0,0.0,1.0,1.0
423,0.6243908,18.42915,18.350462,0.0,0.0,1.0,1.0
424,0.59897834,18.526653,18.409348,0.0,0.0,1.0,1.0
425,0.59603536,18.488983,18.476831,0.0,0.0,1.0,1.0
426,0.5934619,18.751919,18.542973,0.0,0.0,1.0,1.0
427,0.5925423,18.728714,18.61116,0.0,0.0,1.0,1.0
428,0.5905095,18.785707,18.684143,0.0,0.0,1.0,1.0
429,0.58469266,18.784346,18.768602,0.0,0.0,1.0,1.0
430,0.58719087,18.85223,18.837929,0.0,0.0,1.0,1.0
431,0.58188057,18.84309,18.921627,0.0,0.0,1.0,1.0
432,0.57806337,18.928957,19.029934,0.0,0.0,1.0,1.0
433,0.49647835,18.95101,19.124159,0.0,0.0,1.0,1.0
434,0.58123165,19.152464,19.205349,0.0,0.0,1.0,1.0
435,0.5818005,19.261078,19.276857,0.0,0.0,1.0,1.0
436,0.5942885,19.531038,19.35438,0.0,0.0,1.0,1.0
437,0.6088221,19.788652,19.414652,0.0,0.0,1.0,1.0
438,0.6161106,19.882616,19.487686,0.0,0.0,1.0,1.0
439,0.5775586,19.703,19.567766,0.0,0.0,1.0,1.0
440,0.62784266,19.643812,19.667166,0.0,0.0,1.0,1.0
441,0.6410275,19.714613,19.751244,0.0,0.0,1.0,1.0
442,0.65050375,19.5755,19.828127,0.0,0.0,1.0,1.0
443,0.6651172,19.719505,19.896969,0.0,0.0,1.0,1.0
444,0.67310786,19.889915,19.955265,0.0,0.0,1.0,1.0
445,0.6864479,20.143795,20.012993,0.0,0.0,1.0,1.0
446,0.5498651,20.161406,20.081646,0.0,0.0,1.0,1.0
447,0.7023058,20.183678,20.1424,0.0,0.0,1.0,1.0
448,0.715768,20.357145,20.195812,0.0,0.0,1.0,1.0
449,0.72866523,20.488184,20.264881,0.0,0.0,1.0,1.0
450,0.7451501,20.57536,20.325672,0.0,0.0,1.0,1.0
451,0.75960255,20.526833,20.369596,0.0,0.0,1.0,1.0
452,0.7776287,20.372868,20.402851,0.0,0.0,1.0,1.0
453,0.67260975,20.355556,20.43821,0.0,0.0,1.0,1.0
454,0.78789616,20.404318,20.472946,0.0,0.0,1.0,1.0
455,0.8000452,20.449017,20.486452,0.0,0.0,1.0,1.0
456,0.8131111,20.416992,20.489443,0.0,0.0,1.0,1.0
457,0.8302353,20.542852,20.486872,0.0,0.0,1.0,1.0
458,0.84603703,20.585718,20.488188,0.0,0.0,1.0,1.0
459,0.8648903,20.600512,20.498901,0.0,0.0,1.0,1.0
460,0.8689173,20.519222,20.517046,0.0,0.0,1.0,1.0
461,0.7050444,20.524073,20.526943,0.0,0.0,1.0,1.0
462,0.8766926,20.5445,20.540298,0.0,0.0,1.0,1.0
463,0.87986124,20.542633,20.561424,0.0,0.0,1.0,1.0
464,0.8868424,20.501423,20.561453,0.0,0.0,1.0,1.0
465,0.9026141,20.573292,20.551802,0.0,0.0,1.0,1.0
466,0.91846913,20.523096,20.532364,0.0,0.0,1.0,1.0
467,0.9325388,20.609264,20.51635,0.0,0.0,1.0,1.0
468,0.93641835,20.670513,20.490063,0.0,0.0,1.0,1.0
469,0.7836088,20.543192,20.455818,0.0,0.0,1.0,1.0
470,0.94281054,20.469902,20.411615,0.0,0.0,1.0,1.0
471,0.94393057,20.367268,20.359287,0.0,0.0,1.0,1.0
472,0.9399482,20.327036,20.28699,0.0,0.0,1.0,1.0
473,0.9408787,20.20864,20.210762,0.0,0.0,1.0,1.0
474,0.760121,20.133556,20.124817,0.0,0.0,1.0,1.0
475,0.9342401,20.012197,20.022003,0.0,0.0,1.0,1.0
476,0.9278805,19.873486,19.92121,0.0,0.0,1.0,1.0
477,0.9195343,19.705719,19.804914,0.0,0.0,1.0,1.0
478,0.75894064,19.608362,19.685045,0.0,0.0,1.0,1.0
479,0.91469723,19.577925,19.556067,0.0,0.0,1.0,1.0
480,0.920183,19.436756,19.430239,0.0,0.0,1.0,1.0
481,0.9177352,19.333672,19.297806,0.0,0.0,1.0,1.0
482,0.91512126,19.074368,19.165308,0.0,0.0,1.0,1.0
483,0.91150755,18.92882,19.038027,0.0,0.0,1.0,1.0
484,0.9046205,18.779306,18.906544,0.0,0.0,1.0,1.0
485,0.7641957,18.698708,18.777222,0.0,0.0,1.0,1.0
486,0.8971634,18.544363,18.636934,0.0,0.0,1.0,1.0
487,0.74972284,18.422215,18.502695,0.0,0.0,1.0,1.0
488,0.90385836,18.346111,18.363562,0.0,0.0,1.0,1.0
489,0.91057,18.127918,18.235552,0.0,0.0,1.0,1.0
490,0.9134954,18.05651,18.10228,0.0,0.0,1.0,1.0
491,0.90994376,17.894474,17.956453,0.0,0.0,1.0,1.0
492,0.91285414,17.825886,17.804733,0.0,0.0,1.0,1.0
493,0.9093785,17.664068,17.656828,0.0,0.0,1.0,1.0
494,0.7838924,17.53825,17.514969,0.0,0.0,1.0,1.0
495,0.9076466,17.329557,17.372473,0.0,0.0,1.0,1.0
496,0.89998245,17.029375,17.236904,0.0,0.0,1.0,1.0
497,0.89605105,16.878078,17.094135,0.0,0.0,1.0,1.0
498,0.8939805,16.7695,16.954971,0.0,0.0,1.0,1.0
499,0.8783417,16.719894,16.812275,0.0,0.0,1.0,1.0
500,0.8714555,16.636158,16.682245,0.0,0.0,1.0,1.0
501,0.7392719,16.501095,16.554747,0.0,0.0,1.0,1.0
502,0.8619961,16.343292,16.446764,0.0,0.0,1.0,1.0
503,0.84664524,16.224493,16.35943,0.0,0.0,1.0,1.0
504,0.8293818,16.11353,16.28187,0.0,0.0,1.0,1.0
505,0.81778747,16.103722,16.211092,0.0,0.0,1.0,1.0
506,0.8256522,16.008268,16.144413,0.0,0.0,1.0,1.0
507,0.8210662,16.033756,16.105673,0.0,0.0,1.0,1.0
508,0.8115313,15.981369,16.075108,0.0,0.0,1.0,1.0
509,0.650569,15.947361,16.06202,0.0,0.0,1.0,1.0
510,0.8032318,15.920164,16.047596,0.0,0.0,1.0,1.0
511,0.7815644,15.919753,16.02847,0.0,0.0,1.0,1.0
512,0.7593847,16.171274,16.006199,0.0,0.0,1.0,1.0
513,0.7368973,16.134315,15.98841,0.0,0.0,1.0,1.0
514,0.70506823,16.186232,15.966038,0.0,0.0,1.0,1.0
515,0.5449313,16.05141,15.939976,0.0,0.0,1.0,1.0
516,0.6827066,15.884008,15.908695,0.0,0.0,1.0,1.0
517,0.6613233,15.836468,15.869198,0.0,0.0,1.0,1.0
518,0.4860578,15.794814,15.818371,0.0,0.0,1.0,1.0
519,0.6526772,15.765281,15.747739,0.0,0.0,1.0,1.0
520,0.64593154,15.668627,15.686419,0.0,0.0,1.0,1.0
521,0.6343178,15.571995,15.628392,0.0,0.0,1.0,1.0
522,0.6258507,15.446192,15.593468,0.0,0.0,1.0,1.0
523,0.44478235,15.309837,15.570115,0.0,0.0,1.0,1.0
524,0.61716306,15.323685,15.567187,0.0,0.0,1.0,1.0
525,0.60723287,15.398475,15.566724,0.0,0.0,1.0,1.0
526,0.59303695,15.489914,15.60008,0.0,0.0,1.0,1.0
527,0.58025867,15.63232,15.6570635,0.0,0.0,1.0,1.0
528,0.5697724,15.603777,15.746074,0.0,0.0,1.0,1.0
529,0.56363136,15.801335,15.86953,0.0,0.0,1.0,1.0
530,0.563697,15.78925,16.029402,0.0,0.0,1.0,1.0
531,0.56855166,16.165543,16.212122,0.0,0.0,1.0,1.0
532,0.5770822,16.35244,16.417398,0.0,0.0,1.0,1.0
533,0.58431023,16.640116,16.640812,0.0,0.0,1.0,1.0
534,0.5924699,16.927664,16.882448,0.0,0.0,1.0,1.0
535,0.6007185,17.228308,17.141708,0.0,0.0,1.0,1.0
536,0.60852945,17.516312,17.399778,0.0,0.0,1.0,1.0
537,0.6127043,17.861803,17.666052,0.0,0.0,1.0,1.0
538,0.6131033,18.17087,17.906162,0.0,0.0,1.0,1.0
539,0.48401663,18.531963,18.14549,0.0,0.0,1.0,1.0
540,0.63309914,18.714888,18.36404,0.0,0.0,1.0,1.0
541,0.52384096,18.898191,18.582008,0.0,0.0,1.0,1.0
542,0.6587867,18.984528,18.770565,0.0,0.0,1.0,1.0
543,0.6837044,19.046854,18.95104,0.0,0.0,1.0,1.0
544,0.7043306,19.224398,19.10308,0.0,0.0,1.0,1.0
545,0.7298789,19.262712,19.227083,0.0,0.0,1.0,1.0
546,0.7404833,19.543285,19.313505,0.0,0.0,1.0,1.0
547,0.59413606,19.490976,19.385384,0.0,0.0,1.0,1.0
548,0.7477742,19.682024,19.440866,0.0,0.0,1.0,1.0
549,0.7586066,19.686272,19.49004,0.0,0.0,1.0,1.0
550,0.76558644,19.658913,19.531439,0.0,0.0,1.0,1.0
551,0.7729758,19.56903,19.555656,0.0,0.0,1.0,1.0
552,0.78696114,19.57743,19.570272,0.0,0.0,1.0,1.0
553,0.80369425,19.563974,19.56719,0.0,0.0,1.0,1.0
554,0.82080245,19.574615,19.577906,0.0,0.0,1.0,1.0
555,0.8433436,19.543636,19.573835,0.0,0.0,1.0,1.0
556,0.6974055,19.515015,19.556007,0.0,0.0,1.0,1.0
557,0.8661553,19.438097,19.534418,0.0,0.0,1.0,1.0
558,0.8838383,19.506296,19.515211,0.0,0.0,1.0,1.0
559,0.90399873,19.619562,19.50175,0.0,0.0,1.0,1.0
560,0.9153012,19.633186,19.4976,0.0,0.0,1.0,1.0
561,0.918639,19.472326,19.503836,0.0,0.0,1.0,1.0
562,0.7528425,19.399857,19.52208,0.0,0.0,1.0,1.0
563,0.9158301,19.338537,19.544926,0.0,0.0,1.0,1.0
564,0.90901446,19.415903,19.578754,0.0,0.0,1.0,1.0
565,0.90619063,19.514185,19.60877,0.0,0.0,1.0,1.0
566,0.9002572,19.649426,19.655972,0.0,0.0,1.0,1.0
567,0.90159243,19.762556,19.709515,0.0,0.0,1.0,1.0
568,0.89359546,19.789171,19.789095,0.0,0.0,1.0,1.0
569,0.9032303,19.844055,19.879416,0.0,0.0,1.0,1.0
570,0.73572046,19.86647,19.975855,0.0,0.0,1.0,1.0
571,0.9089412,20.18599,20.09769,0.0,0.0,1.0,1.0
572,0.9130128,20.27571,20.244677,0.0,0.0,1.0,1.0
573,0.9116013,20.427279,20.380714,0.0,0.0,1.0,1.0
574,0.90786654,20.483704,20.505219,0.0,0.0,1.0,1.0
575,0.9047772,20.49581,20.620768,0.0,0.0,1.0,1.0
576,0.850088,20.877928,20.718739,0.0,0.0,1.0,1.0
577,0.9014195,21.278028,20.79385,0.0,0.0,1.0,1.0
578,0.89932674,21.281885,20.842379,0.0,0.0,1.0,1.0
579,0.8995528,21.256588,20.880192,0.0,0.0,1.0,1.0
580,0.90359044,21.17576,20.900137,0.0,0.0,1.0,1.0
581,0.85498774,21.019705,20.889288,0.0,0.0,1.0,1.0
582,0.91069597,20.76781,20.844925,0.0,0.0,1.0,1.0
583,0.91621953,20.768345,20.753483,0.0,0.0,1.0,1.0
584,0.9188482,20.729471,20.609121,0.0,0.0,1.0,1.0
585,0.91630554,20.666615,20.4519,0.0,0.0,1.0,1.0
586,0.91238475,20.353514,20.27103,0.0,0.0,1.0,1.0
587,0.7558101,19.963459,20.045715,0.0,0.0,1.0,1.0
588,0.90474814,19.780605,19.785658,0.0,0.0,1.0,1.0
589,0.890375,19.545696,19.52796,0.0,0.0,1.0,1.0
590,0.8783043,19.395237,19.260351,0.0,0.0,1.0,1.0
591,0.86168075,19.086142,18.979504,0.0,0.0,1.0,1.0
592,0.8585185,18.471973,18.697653,0.0,0.0,1.0,1.0
593,0.85194576,17.899017,18.438795,0.0,0.0,1.0,1.0
594,0.8526407,17.67544,18.192627,0.0,0.0,1.0,1.0
595,0.7050047,17.55704,17.939667,0.0,0.0,1.0,1.0
596,0.8484721,17.359297,17.688242,0.0,0.0,1.0,1.0
597,0.8484169,17.284409,17.452925,0.0,0.0,1.0,1.0
598,0.8452921,17.247225,17.226505,0.0,0.0,1.0,1.0
599,0.84005535,17.009438,17.044954,0.0,0.0,1.0,1.0
600,0.8283617,16.745079,16.907507,0.0,0.0,1.0,1.0
601,0.8130533,16.528599,16.783104,0.0,0.0,1.0,1.0
602,0.6437423,16.571434,16.675898,0.0,0.0,1.0,1.0
603,0.78933024,16.369122,16.59908,0.0,0.0,1.0,1.0
604,0.76092446,16.293362,16.544819,0.0,0.0,1.0,1.0
605,0.7454824,16.24964,16.497652,0.0,0.0,1.0,1.0
606,0.74111384,16.182617,16.462185,0.0,0.0,1.0,1.0
607,0.73451114,16.270561,16.456017,0.0,0.0,1.0,1.0
608,0.7235804,16.437473,16.463684,0.0,0.0,1.0,1.0
609,0.7153329,16.633278,16.473307,0.0,0.0,1.0,1.0
610,0.517247,16.681215,16.5055,0.0,0.0,1.0,1.0
611,0.69956326,16.583849,16.559978,0.0,0.0,1.0,1.0
612,0.68814564,16.671045,16.626495,0.0,0.0,1.0,1.0
613,0.6683093,16.620602,16.701092,0.0,0.0,1.0,1.0
614,0.6481384,16.686926,16.775457,0.0,0.0,1.0,1.0
615,0.6327348,16.755444,16.851135,0.0,0.0,1.0,1.0
616,0.6121724,16.947092,16.927444,0.0,0.0,1.0,1.0
617,0.594583,17.047844,16.998966,0.0,0.0,1.0,1.0
618,0.57866406,17.077778,17.078163,0.0,0.0,1.0,1.0
619,0.5643555,17.162933,17.143642,0.0,0.0,1.0,1.0
620,0.5474497,17.345608,17.204142,0.0,0.0,1.0,1.0
621,0.5454818,17.549007,17.26976,0.0,0.0,1.0,1.0
622,0.5431585,17.53946,17.335575,0.0,0.0,1.0,1.0
623,0.5428259,17.534222,17.39943,0.0,0.0,1.0,1.0
624,0.54221976,17.456787,17.469845,0.0,0.0,1.0,1.0
625,0.3948322,17.3466,17.54981,0.0,0.0,1.0,1.0
626,0.54169923,17.474337,17.629738,0.0,0.0,1.0,1.0
627,0.54118884,17.545227,17.702322,0.0,0.0,1.0,1.0
628,0.3982448,17.713354,17.772812,0.0,0.0,1.0,1.0
629,0.5395312,17.892815,17.86141,0.0,0.0,1.0,1.0
630,0.55632734,18.037376,17.97025,0.0,0.0,1.0,1.0
631,0.5745251,18.122068,18.094746,0.0,0.0,1.0,1.0
632,0.59854513,18.216612,18.23394,0.0,0.0,1.0,1.0
633,0.5409728,18.394896,18.378187,0.0,0.0,1.0,1.0
634,0.61873734,18.602629,18.52171,0.0,0.0,1.0,1.0
635,0.6351485,18.840286,18.660667,0.0,0.0,1.0,1.0
636,0.647185,18.950747,18.80551,0.0,0.0,1.0,1.0
637,0.6632555,19.016933,18.95093,0.0,0.0,1.0,1.0
638,0.6774803,19.2053,19.107092,0.0,0.0,1.0,1.0
639,0.6917501,19.267487,19.252693,0.0,0.0,1.0,1.0
640,0.682379,19.380867,19.377138,0.0,0.0,1.0,1.0
641,0.7075722,19.630905,19.473558,0.0,0.0,1.0,1.0
642,0.7251558,19.782429,19.552769,0.0,0.0,1.0,1.0
643,0.73994553,19.996012,19.628796,0.0,0.0,1.0,1.0
644,0.76442677,19.963839,19.695435,0.0,0.0,1.0,1.0
645,0.7821246,19.888216,19.746983,0.0,0.0,1.0,1.0
646,0.79502124,19.759684,19.786718,0.0,0.0,1.0,1.0
647,0.8062574,19.790802,19.812653,0.0,0.0,1.0,1.0
648,0.6585578,19.863066,19.811434,0.0,0.0,1.0,1.0
649,0.81781435,19.8166,19.782146,0.0,0.0,1.0,1.0
650,0.82786936,19.823895,19.743502,0.0,0.0,1.0,1.0
651,0.8346129,19.744312,19.712984,0.0,0.0,1.0,1.0
652,0.83929676,19.69208,19.693449,0.0,0.0,1.0,1.0
653,0.8457959,19.616266,19.683802,0.0,0.0,1.0,1.0
654,0.8486275,19.430977,19.671795,0.0,0.0,1.0,1.0
655,0.68495804,19.532282,19.648594,0.0,0.0,1.0,1.0
656,0.85273373,19.597637,19.634052,0.0,0.0,1.0,1.0
657,0.85101426,19.653778,19.6267,0.0,0.0,1.0,1.0
658,0.8567453,19.643936,19.63158,0.0,0.0,1.0,1.0
659,0.86415225,19.646704,19.655127,0.0,0.0,1.0,1.0
660,0.87216175,19.584656,19.699348,0.0,0.0,1.0,1.0
661,0.8824712,19.642103,19.755554,0.0,0.0,1.0,1.0
662,0.8897897,19.735664,19.827984,0.0,0.0,1.0,1.0
663,0.7175942,19.80287,19.893147,0.0,0.0,1.0,1.0
664,0.897146,19.974644,19.942524,0.0,0.0,1.0,1.0
665,0.90559804,20.146933,20.007912,0.0,0.0,1.0,1.0
666,0.9082514,20.105438,20.063969,0.0,0.0,1.0,1.0
667,0.90426105,20.401436,20.111816,0.0,0.0,1.0,1.0
668,0.8984805,20.379606,20.223457,0.0,0.0,1.0,1.0
669,0.83720994,20.246294,20.316864,0.0,0.0,1.0,1.0
670,0.89173293,20.4286,20.421658,0.0,0.0,1.0,1.0
671,0.88801986,20.31938,20.500353,0.0,0.0,1.0,1.0
672,0.88237935,20.158833,20.545517,0.0,0.0,1.0,1.0
673,0.88190085,20.981802,20.599916,0.0,0.0,1.0,1.0
674,0.8208035,20.856544,20.61836,0.0,0.0,1.0,1.0
675,0.88623613,21.060387,20.60878,0.0,0.0,1.0,1.0
676,0.8856579,20.918978,20.596169,0.0,0.0,1.0,1.0
677,0.8830457,20.6889,20.559378,0.0,0.0,1.0,1.0
678,0.8802416,20.758238,20.490852,0.0,0.0,1.0,1.0
679,0.8740152,20.622759,20.421293,0.0,0.0,1.0,1.0
680,0.8546865,20.264645,20.278856,0.0,0.0,1.0,1.0
681,0.86678565,20.094952,20.131762,0.0,0.0,1.0,1.0
682,0.8628246,19.987118,19.958206,0.0,0.0,1.0,1.0
683,0.8521132,19.497076,19.78747,0.0,0.0,1.0,1.0
684,0.8566568,19.324127,19.54595,0.0,0.0,1.0,1.0
685,0.86901784,19.272545,19.283752,0.0,0.0,1.0,1.0
686,0.86604536,19.09141,18.99743,0.0,0.0,1.0,1.0
687,0.860892,18.977718,18.728327,0.0,0.0,1.0,1.0
688,0.851319,18.870148,18.479244,0.0,0.0,1.0,1.0
689,0.7105228,17.79067,18.220556,0.0,0.0,1.0,1.0
690,0.8405436,17.611858,17.981327,0.0,0.0,1.0,1.0
691,0.83332646,17.186907,17.748968,0.0,0.0,1.0,1.0
692,0.82989687,17.035393,17.495226,0.0,0.0,1.0,1.0
693,0.82747597,17.105963,17.242023,0.0,0.0,1.0,1.0
694,0.82150877,16.882856,16.994295,0.0,0.0,1.0,1.0
695,0.81651956,16.62634,16.7507,0.0,0.0,1.0,1.0
696,0.6304191,16.535812,16.588192,0.0,0.0,1.0,1.0
697,0.8061939,16.227633,16.444029,0.0,0.0,1.0,1.0
698,0.79715806,16.052984,16.332336,0.0,0.0,1.0,1.0
699,0.787486,16.00498,16.235651,0.0,0.0,1.0,1.0
700,0.7731174,15.946998,16.128233,0.0,0.0,1.0,1.0
701,0.75411004,15.840568,16.040985,0.0,0.0,1.0,1.0
702,0.74153316,15.881916,15.981437,0.0,0.0,1.0,1.0
703,0.7308361,15.846603,15.936386,0.0,0.0,1.0,1.0
704,0.5745993,15.875151,15.908232,0.0,0.0,1.0,1.0
705,0.72945124,15.816954,15.86816,0.0,0.0,1.0,1.0
706,0.7187998,15.835882,15.840193,0.0,0.0,1.0,1.0
707,0.7016466,15.911763,15.811201,0.0,0.0,1.0,1.0
708,0.6780126,15.995206,15.795513,0.0,0.0,1.0,1.0
709,0.64842653,15.889782,15.78208,0.0,0.0,1.0,1.0
710,0.45297882,15.572125,15.765838,0.0,0.0,1.0,1.0
711,0.62185687,15.66937,15.7478695,0.0,0.0,1.0,1.0
712,0.5899916,15.5990925,15.738711,0.0,0.0,1.0,1.0
713,0.4101141,15.652312,15.742432,0.0,0.0,1.0,1.0
714,0.5682526,15.720717,15.766132,0.0,0.0,1.0,1.0
715,0.56578773,15.651703,15.813215,0.0,0.0,1.0,1.0
716,0.5628963,15.659523,15.879907,0.0,0.0,1.0,1.0
717,0.5557302,15.707066,15.975164,0.0,0.0,1.0,1.0
718,0.5482019,15.880518,16.064901,0.0,0.0,1.0,1.0
719,0.53892535,16.19617,16.170568,0.0,0.0,1.0,1.0
720,0.5316962,16.560205,16.281012,0.0,0.0,1.0,1.0
721,0.52583873,16.690077,16.420256,0.0,0.0,1.0,1.0
722,0.5220208,16.715216,16.577362,0.0,0.0,1.0,1.0
723,0.37771508,16.746223,16.746346,0.0,0.0,1.0,1.0
724,0.52528435,16.867092,16.929451,0.0,0.0,1.0,1.0
725,0.5316411,16.977625,17.12993,0.0,0.0,1.0,1.0
726,0.54420674,17.391653,17.329752,0.0,0.0,1.0,1.0
727,0.55618596,17.536983,17.51652,0.0,0.0,1.0,1.0
728,0.55028427,17.687307,17.710867,0.0,0.0,1.0,1.0
729,0.5677583,17.904337,17.892511,0.0,0.0,1.0,1.0
730,0.5782321,18.286266,18.056067,0.0,0.0,1.0,1.0
731,0.5934779,18.594028,18.195375,0.0,0.0,1.0,1.0
732,0.6129942,18.801435,18.32894,0.0,0.0,1.0,1.0
733,0.6336612,19.022232,18.445574,0.0,0.0,1.0,1.0
734,0.6484527,18.894957,18.561237,0.0,0.0,1.0,1.0
735,0.6589992,18.70889,18.674664,0.0,0.0,1.0,1.0
736,0.66017145,18.53878,18.784279,0.0,0.0,1.0,1.0
737,0.6689537,18.580397,18.862627,0.0,0.0,1.0,1.0
738,0.67747885,18.79128,18.91584,0.0,0.0,1.0,1.0
739,0.68929327,18.92493,18.957367,0.0,0.0,1.0,1.0
740,0.70747286,19.048431,18.985426,0.0,0.0,1.0,1.0
741,0.7294932,19.219728,19.01231,0.0,0.0,1.0,1.0
742,0.7510088,19.226423,19.055338,0.0,0.0,1.0,1.0
743,0.5988557,19.232605,19.119791,0.0,0.0,1.0,1.0
744,0.7720371,19.299759,19.185463,0.0,0.0,1.0,1.0
745,0.7911393,19.35892,19.236746,0.0,0.0,1.0,1.0
746,0.79612625,19.21758,19.27944,0.0,0.0,1.0,1.0
747,0.8056151,19.225218,19.305483,0.0,0.0,1.0,1.0
748,0.8025216,19.312212,19.326752,0.0,0.0,1.0,1.0
749,0.8023746,19.368473,19.35165,0.0,0.0,1.0,1.0
750,0.814696,19.406662,19.367195,0.0,0.0,1.0,1.0
751,0.66976464,19.437262,19.367764,0.0,0.0,1.0,1.0
752,0.82903993,19.360952,19.355747,0.0,0.0,1.0,1.0
753,0.8493637,19.474943,19.364788,0.0,0.0,1.0,1.0
754,0.865138,19.525225,19.37966,0.0,0.0,1.0,1.0
755,0.87647724,19.419127,19.385489,0.0,0.0,1.0,1.0
756,0.8891468,19.306578,19.40303,0.0,0.0,1.0,1.0
757,0.89514655,19.214727,19.413918,0.0,0.0,1.0,1.0
758,0.7200406,19.326084,19.416931,0.0,0.0,1.0,1.0
759,0.8979589,19.403671,19.413584,0.0,0.0,1.0,1.0
760,0.8952441,19.38215,19.39179,0.0,0.0,1.0,1.0
761,0.8883084,19.578993,19.364218,0.0,0.0,1.0,1.0
762,0.8814509,19.537302,19.34629,0.0,0.0,1.0,1.0
763,0.87111956,19.473412,19.368624,0.0,0.0,1.0,1.0
764,0.70223,19.320784,19.413824,0.0,0.0,1.0,1.0
765,0.86624014,19.213438,19.429573,0.0,0.0,1.0,1.0
766,0.8697152,19.194347,19.433031,0.0,0.0,1.0,1.0
767,0.86611414,19.204006,19.440027,0.0,0.0,1.0,1.0
768,0.8651957,19.57457,19.430685,0.0,0.0,1.0,1.0
769,0.8640034,19.75713,19.412096,0.0,0.0,1.0,1.0
770,0.8633752,19.51508,19.390768,0.0,0.0,1.0,1.0
771,0.8595509,19.445162,19.377111,0.0,0.0,1.0,1.0
772,0.8565075,19.46611,19.338377,0.0,0.0,1.0,1.0
773,0.7088575,19.466888,19.293224,0.0,0.0,1.0,1.0
774,0.8491799,19.314234,19.236235,0.0,0.0,1.0,1.0
775,0.84642494,19.217466,19.14025,0.0,0.0,1.0,1.0
776,0.7113664,19.156912,19.020462,0.0,0.0,1.0,1.0
777,0.8514955,18.748627,18.911182,0.0,0.0,1.0,1.0
778,0.85985035,18.652508,18.797926,0.0,0.0,1.0,1.0
779,0.8671,18.52012,18.632795,0.0,0.0,1.0,1.0
780,0.87136894,18.422745,18.44256,0.0,0.0,1.0,1.0
781,0.8705855,18.3197,18.257946,0.0,0.0,1.0,1.0
782,0.87097555,18.203728,18.081104,0.0,0.0,1.0,1.0
783,0.7066981,18.086075,17.896217,0.0,0.0,1.0,1.0
784,0.86210716,17.484547,17.73602,0.0,0.0,1.0,1.0
785,0.85054314,17.184052,17.574852,0.0,0.0,1.0,1.0
786,0.8404679,17.098879,17.416204,0.0,0.0,1.0,1.0
787,0.8271103,17.09537,17.261524,0.0,0.0,1.0,1.0
788,0.8155717,16.93826,17.115856,0.0,0.0,1.0,1.0
789,0.8063953,16.82624,16.96015,0.0,0.0,1.0,1.0
790,0.6986919,16.718502,16.81518,0.0,0.0,1.0,1.0
791,0.8017391,16.616352,16.71668,0.0,0.0,1.0,1.0
792,0.7970664,16.566576,16.63881,0.0,0.0,1.0,1.0
793,0.7968739,16.571707,16.58814,0.0,0.0,1.0,1.0
794,0.7895908,16.335249,16.531544,0.0,0.0,1.0,1.0
795,0.78034586,16.346432,16.496033,0.0,0.0,1.0,1.0
796,0.7736498,16.302559,16.47619,0.0,0.0,1.0,1.0
797,0.5754486,16.249598,16.470167,0.0,0.0,1.0,1.0
798,0.76011086,16.490852,16.469963,0.0,0.0,1.0,1.0
799,0.7423661,16.416197,16.477505,0.0,0.0,1.0,1.0
800,0.72709966,16.512125,16.483246,0.0,0.0,1.0,1.0
801,0.69825643,16.588144,16.549236,0.0,0.0,1.0,1.0
802,0.6622045,16.646221,16.616903,0.0,0.0,1.0,1.0
803,0.6421654,16.6139,16.69286,0.0,0.0,1.0,1.0
804,0.63668275,16.657078,16.774664,0.0,0.0,1.0,1.0
805,0.6366246,16.64059,16.852112,0.0,0.0,1.0,1.0
806,0.44064224,17.12713,16.940454,0.0,0.0,1.0,1.0
807,0.6314432,17.158443,17.029604,0.0,0.0,1.0,1.0
808,0.6172535,17.214046,17.117897,0.0,0.0,1.0,1.0
809,0.60787994,17.231234,17.184618,0.0,0.0,1.0,1.0
810,0.59220964,17.420223,17.268093,0.0,0.0,1.0,1.0
811,0.5740758,17.476318,17.356585,0.0,0.0,1.0,1.0
812,0.53591293,17.58192,17.441936,0.0,0.0,1.0,1.0
813,0.55744964,17.647661,17.492426,0.0,0.0,1.0,1.0
814,0.5415101,17.446861,17.550497,0.0,0.0,1.0,1.0
815,0.52873945,17.6156,17.623917,0.0,0.0,1.0,1.0
816,0.51888347,17.71898,17.701805,0.0,0.0,1.0,1.0
817,0.5165717,17.66482,17.742615,0.0,0.0,1.0,1.0
818,0.51460516,17.732996,17.775171,0.0,0.0,1.0,1.0
819,0.5135318,17.855312,17.823084,0.0,0.0,1.0,1.0
820,0.5188089,18.095078,17.86965,0.0,0.0,1.0,1.0
821,0.5239338,18.165901,17.946861,0.0,0.0,1.0,1.0
822,0.5278261,17.909935,18.021814,0.0,0.0,1.0,1.0
823,0.39781633,17.867,18.100128,0.0,0.0,1.0,1.0
824,0.53605115,18.156855,18.191587,0.0,0.0,1.0,1.0
825,0.5417196,18.206455,18.286407,0.0,0.0,1.0,1.0
826,0.544446,18.373396,18.380962,0.0,0.0,1.0,1.0
827,0.5453681,18.515045,18.466942,0.0,0.0,1.0,1.0
828,0.54516685,18.658752,18.553196,0.0,0.0,1.0,1.0
829,0.5638646,18.76233,18.672468,0.0,0.0,1.0,1.0
830,0.5921641,18.870842,18.798166,0.0,0.0,1.0,1.0
831,0.45675856,18.989954,18.896326,0.0,0.0,1.0,1.0
832,0.61434996,19.12683,19.003408,0.0,0.0,1.0,1.0
833,0.6394472,19.200962,19.084707,0.0,0.0,1.0,1.0
834,0.6673156,19.341202,19.167309,0.0,0.0,1.0,1.0
835,0.680831,19.375381,19.226913,0.0,0.0,1.0,1.0
836,0.69201607,19.334764,19.278784,0.0,0.0,1.0,1.0
837,0.7017778,19.491444,19.317331,0.0,0.0,1.0,1.0
838,0.7152429,19.348984,19.341585,0.0,0.0,1.0,1.0
839,0.59221715,19.50625,19.339584,0.0,0.0,1.0,1.0
840,0.7373368,19.37402,19.331425,0.0,0.0,1.0,1.0
841,0.7573599,19.384773,19.310598,0.0,0.0,1.0,1.0
842,0.7766004,19.333403,19.279821,0.0,0.0,1.0,1.0
843,0.79527813,19.281015,19.235682,0.0,0.0,1.0,1.0
844,0.8134361,19.102812,19.170883,0.0,0.0,1.0,1.0
845,0.82854,19.10304,19.112675,0.0,0.0,1.0,1.0
846,0.8434052,19.091295,19.036734,0.0,0.0,1.0,1.0
847,0.6587785,19.006065,18.958096,0.0,0.0,1.0,1.0
848,0.8510459,18.805082,18.866167,0.0,0.0,1.0,1.0
849,0.8562146,18.71385,18.784557,0.0,0.0,1.0,1.0
850,0.8616619,18.650497,18.705906,0.0,0.0,1.0,1.0
851,0.8583004,18.59495,18.633884,0.0,0.0,1.0,1.0
852,0.8526493,18.43037,18.561863,0.0,0.0,1.0,1.0
853,0.70059246,18.281614,18.48207,0.0,0.0,1.0,1.0
854,0.8504437,18.354088,18.402048,0.0,0.0,1.0,1.0
855,0.8451225,18.337215,18.345572,0.0,0.0,1.0,1.0
856,0.66565233,18.238543,18.294197,0.0,0.0,1.0,1.0
857,0.8432254,18.238783,18.244143,0.0,0.0,1.0,1.0
858,0.8497101,18.133793,18.189617,0.0,0.0,1.0,1.0
859,0.8545803,18.04579,18.15457,0.0,0.0,1.0,1.0
860,0.8597729,18.127367,18.124815,0.0,0.0,1.0,1.0
861,0.8620546,18.097353,18.07441,0.0,0.0,1.0,1.0
862,0.69315374,18.049843,18.011105,0.0,0.0,1.0,1.0
863,0.865935,17.940649,17.96105,0.0,0.0,1.0,1.0
864,0.8652819,18.009789,17.921473,0.0,0.0,1.0,1.0
865,0.86460805,17.92456,17.882105,0.0,0.0,1.0,1.0
866,0.8613674,17.74922,17.837008,0.0,0.0,1.0,1.0
867,0.85543054,17.577572,17.778946,0.0,0.0,1.0,1.0
868,0.7025261,17.637877,17.71591,0.0,0.0,1.0,1.0
869,0.85283494,17.763853,17.658894,0.0,0.0,1.0,1.0
870,0.85381323,17.661392,17.610926,0.0,0.0,1.0,1.0
871,0.8553658,17.50461,17.579224,0.0,0.0,1.0,1.0
872,0.70987564,17.430632,17.537888,0.0,0.0,1.0,1.0
873,0.8583926,17.34093,17.499813,0.0,0.0,1.0,1.0
874,0.8596388,17.365644,17.466675,0.0,0.0,1.0,1.0
875,0.85892916,17.36502,17.414429,0.0,0.0,1.0,1.0
876,0.855102,17.629377,17.336115,0.0,0.0,1.0,1.0
877,0.84630024,17.428522,17.256256,0.0,0.0,1.0,1.0
878,0.84108245,17.292326,17.185595,0.0,0.0,1.0,1.0
879,0.70113695,17.179918,17.112011,0.0,0.0,1.0,1.0
880,0.8337793,17.010921,17.017899,0.0,0.0,1.0,1.0
881,0.827381,16.824074,16.918447,0.0,0.0,1.0,1.0
882,0.82028866,16.703087,16.81727,0.0,0.0,1.0,1.0
883,0.81713206,16.656677,16.686275,0.0,0.0,1.0,1.0
884,0.82304364,16.547623,16.56885,0.0,0.0,1.0,1.0
885,0.82122904,16.211603,16.438433,0.0,0.0,1.0,1.0
886,0.8150654,16.172226,16.304853,0.0,0.0,1.0,1.0
887,0.65689003,16.150885,16.14179,0.0,0.0,1.0,1.0
888,0.80586696,16.057446,15.998041,0.0,0.0,1.0,1.0
889,0.7836695,16.019413,15.856123,0.0,0.0,1.0,1.0
890,0.76294684,15.727315,15.72208,0.0,0.0,1.0,1.0
891,0.75209135,15.5769825,15.59225,0.0,0.0,1.0,1.0
892,0.7459637,15.054165,15.4936495,0.0,0.0,1.0,1.0
893,0.7374718,15.09907,15.387916,0.0,0.0,1.0,1.0
894,0.5739564,15.000073,15.287236,0.0,0.0,1.0,1.0
895,0.73061174,15.048161,15.192286,0.0,0.0,1.0,1.0
896,0.72629577,14.989663,15.104156,0.0,0.0,1.0,1.0
897,0.71726775,15.028397,15.031633,0.0,0.0,1.0,1.0
898,0.71022046,14.903415,14.969777,0.0,0.0,1.0,1.0
899,0.69618106,14.942731,14.939964,0.0,0.0,1.0,1.0
900,0.6837188,14.918043,14.898074,0.0,0.0,1.0,1.0
901,0.49400765,14.961852,14.867529,0.0,0.0,1.0,1.0
902,0.66593957,14.857046,14.819456,0.0,0.0,1.0,1.0
903,0.64840186,14.834711,14.780057,0.0,0.0,1.0,1.0
904,0.6347016,14.696405,14.729436,0.0,0.0,1.0,1.0
905,0.62553465,14.596388,14.688013,0.0,0.0,1.0,1.0
906,0.6122663,14.633538,14.635243,0.0,0.0,1.0,1.0
907,0.5955299,14.471288,14.584411,0.0,0.0,1.0,1.0
908,0.3825461,14.5168705,14.542434,0.0,0.0,1.0,1.0
909,0.57253665,14.420943,14.534006,0.0,0.0,1.0,1.0
910,0.5454857,14.406345,14.534932,0.0,0.0,1.0,1.0
911,0.5254852,14.309496,14.563272,0.0,0.0,1.0,1.0
912,0.5123618,14.308048,14.62039,0.0,0.0,1.0,1.0
913,0.34937665,14.458127,14.696991,0.0,0.0,1.0,1.0
914,0.50651556,14.755913,14.804176,0.0,0.0,1.0,1.0
915,0.5066546,14.845826,14.939205,0.0,0.0,1.0,1.0
916,0.503211,15.03649,15.10553,0.0,0.0,1.0,1.0
917,0.5003976,15.281788,15.29967,0.0,0.0,1.0,1.0
918,0.49986985,15.552754,15.531691,0.0,0.0,1.0,1.0
919,0.5120105,15.757519,15.777622,0.0,0.0,1.0,1.0
920,0.49784106,16.137209,16.032701,0.0,0.0,1.0,1.0
921,0.5116484,16.41684,16.28233,0.0,0.0,1.0,1.0
922,0.5091674,16.73603,16.539865,0.0,0.0,1.0,1.0
923,0.52264583,17.09374,16.799507,0.0,0.0,1.0,1.0
924,0.5443749,17.259228,17.046062,0.0,0.0,1.0,1.0
925,0.5590526,17.519083,17.285715,0.0,0.0,1.0,1.0
926,0.53271097,17.751442,17.512058,0.0,0.0,1.0,1.0
927,0.5747149,17.936264,17.699364,0.0,0.0,1.0,1.0
928,0.5867234,18.152185,17.862827,0.0,0.0,1.0,1.0
929,0.60164016,18.240446,17.989235,0.0,0.0,1.0,1.0
930,0.61849487,18.428589,18.084892,0.0,0.0,1.0,1.0
931,0.6341536,18.473635,18.179548,0.0,0.0,1.0,1.0
932,0.6577642,18.38488,18.244892,0.0,0.0,1.0,1.0
933,0.5126484,18.378399,18.286783,0.0,0.0,1.0,1.0
934,0.681229,18.25293,18.31185,0.0,0.0,1.0,1.0
935,0.7097915,18.241623,18.320866,0.0,0.0,1.0,1.0
936,0.72331387,18.395113,18.322027,0.0,0.0,1.0,1.0
937,0.73669004,18.303205,18.304718,0.0,0.0,1.0,1.0
938,0.746179,18.254122,18.286028,0.0,0.0,1.0,1.0
939,0.75562114,18.237059,18.273823,0.0,0.0,1.0,1.0
940,0.7729043,18.260378,18.253254,0.0,0.0,1.0,1.0
941,0.635275,18.254404,18.230803,0.0,0.0,1.0,1.0
942,0.79724115,18.220867,18.209082,0.0,0.0,1.0,1.0
943,0.8109695,18.249348,18.180828,0.0,0.0,1.0,1.0
944,0.8243211,18.238434,18.162113,0.0,0.0,1.0,1.0
945,0.8329227,18.13156,18.15842,0.0,0.0,1.0,1.0
946,0.8377896,17.983522,18.155426,0.0,0.0,1.0,1.0
947,0.8322243,17.980976,18.128307,0.0,0.0,1.0,1.0
948,0.6453007,18.056068,18.10365,0.0,0.0,1.0,1.0
949,0.8207606,18.078617,18.088192,0.0,0.0,1.0,1.0
950,0.82119733,18.209818,18.064373,0.0,0.0,1.0,1.0
951,0.83800334,18.201109,18.036755,0.0,0.0,1.0,1.0
952,0.85151833,17.934975,18.021767,0.0,0.0,1.0,1.0
953,0.86184555,17.958488,18.023607,0.0,0.0,1.0,1.0
954,0.8694092,18.035381,18.059359,0.0,0.0,1.0,1.0
955,0.87597305,17.963526,18.089329,0.0,0.0,1.0,1.0
956,0.69749147,17.90702,18.115248,0.0,0.0,1.0,1.0
957,0.8722507,17.9517,18.128592,0.0,0.0,1.0,1.0
958,0.8730233,18.005608,18.171827,0.0,0.0,1.0,1.0
959,0.8696228,18.409986,18.22699,0.0,0.0,1.0,1.0
960,0.86257935,18.415726,18.267645,0.0,0.0,1.0,1.0
961,0.8572718,18.389633,18.324415,0.0,0.0,1.0,1.0
962,0.68681294,18.369944,18.376392,0.0,0.0,1.0,1.0
963,0.849656,18.719934,18.430607,0.0,0.0,1.0,1.0
964,0.8451467,18.59694,18.466492,0.0,0.0,1.0,1.0
965,0.84363836,18.446342,18.472544,0.0,0.0,1.0,1.0
966,0.84454876,18.716614,18.439404,0.0,0.0,1.0,1.0
967,0.84355766,18.587265,18.392378,0.0,0.0,1.0,1.0
968,0.8454556,18.557579,18.326225,0.0,0.0,1.0,1.0
969,0.8407205,18.382334,18.248613,0.0,0.0,1.0,1.0
970,0.8379708,18.078232,18.1031,0.0,0.0,1.0,1.0
971,0.82924265,18.012291,17.964844,0.0,0.0,1.0,1.0
972,0.69165,17.85142,17.839167,0.0,0.0,1.0,1.0
973,0.8202701,17.595818,17.686129,0.0,0.0,1.0,1.0
974,0.81249326,17.438587,17.495481,0.0,0.0,1.0,1.0
975,0.6869251,16.973783,17.302523,0.0,0.0,1.0,1.0
976,0.8111504,16.937859,17.11893,0.0,0.0,1.0,1.0
977,0.81338024,16.938215,16.916069,0.0,0.0,1.0,1.0
978,0.816969,16.880161,16.72284,0.0,0.0,1.0,1.0
979,0.8224215,16.299498,16.537025,0.0,0.0,1.0,1.0
980,0.8252903,16.242065,16.371164,0.0,0.0,1.0,1.0
981,0.67521137,16.179241,16.223309,0.0,0.0,1.0,1.0
982,0.82072157,15.64389,16.108492,0.0,0.0,1.0,1.0
983,0.81978625,15.693525,16.000671,0.0,0.0,1.0,1.0
984,0.80872047,15.621665,15.892799,0.0,0.0,1.0,1.0
985,0.7962755,15.605476,15.779587,0.0,0.0,1.0,1.0
986,0.7814982,15.664316,15.708902,0.0,0.0,1.0,1.0
987,0.7631984,15.595988,15.635007,0.0,0.0,1.0,1.0
988,0.611503,15.644015,15.56995,0.0,0.0,1.0,1.0
989,0.7458374,15.643749,15.547417,0.0,0.0,1.0,1.0
990,0.7400522,15.521609,15.52647,0.0,0.0,1.0,1.0
991,0.73423266,15.45129,15.517843,0.0,0.0,1.0,1.0
992,0.7304227,15.355318,15.507499,0.0,0.0,1.0,1.0
993,0.7281258,15.398556,15.5169325,0.0,0.0,1.0,1.0
994,0.7128514,15.373497,15.52973,0.0,0.0,1.0,1.0
995,0.7000207,15.442164,15.53311,0.0,0.0,1.0,1.0
996,0.48696673,15.518137,15.535846,0.0,0.0,1.0,1.0
997,0.67933416,15.481348,15.542795,0.0,0.0,1.0,1.0
998,0.6617048,15.777522,15.552505,0.0,0.0,1.0,1.0
999,0.64253664,15.749557,15.567583,0.0,0.0,1.0,1.0
1000,0.62033916,15.684567,15.573324,0.0,0.0,1.0,1.0
1001,0.5933807,15.676589,15.596354,0.0,0.0,1.0,1.0
1002,0.3971231,15.604995,15.605702,0.0,0.0,1.0,1.0
1003,0.56467825,15.567801,15.608905,0.0,0.0,1.0,1.0
1004,0.36800766,15.536259,15.606495,0.0,0.0,1.0,1.0
1005,0.548064,15.467452,15.580757,0.0,0.0,1.0,1.0
1006,0.5438713,15.649845,15.560618,0.0,0.0,1.0,1.0
1007,0.5358721,15.554361,15.545962,0.0,0.0,1.0,1.0
1008,0.53057617,15.556559,15.54109,0.0,0.0,1.0,1.0
1009,0.5218308,15.452432,15.531221,0.0,0.0,1.0,1.0
1010,0.51228887,15.468669,15.532682,0.0,0.0,1.0,1.0
1011,0.5026737,15.507894,15.560033,0.0,0.0,1.0,1.0
1012,0.4927572,15.508689,15.6132965,0.0,0.0,1.0,1.0
1013,0.49111748,15.61813,15.680592,0.0,0.0,1.0,1.0
1014,0.4905616,15.48657,15.78393,0.0,0.0,1.0,1.0
1015,0.45352882,15.585325,15.90982,0.0,0.0,1.0,1.0
1016,0.49564028,15.8644705,16.07542,0.0,0.0,1.0,1.0
1017,0.5056702,16.106617,16.254482,0.0,0.0,1.0,1.0
1018,0.51745373,16.457388,16.463709,0.0,0.0,1.0,1.0
1019,0.53179973,16.79442,16.693901,0.0,0.0,1.0,1.0
1020,0.5117235,17.067236,16.919258,0.0,0.0,1.0,1.0
1021,0.53988427,17.43963,17.170855,0.0,0.0,1.0,1.0
1022,0.55468655,17.617424,17.425848,0.0,0.0,1.0,1.0
1023,0.56054926,18.01861,17.662169,0.0,0.0,1.0,1.0
1024,0.5674585,18.270992,17.890604,0.0,0.0,1.0,1.0
1025,0.57465994,18.322418,18.101116,0.0,0.0,1.0,1.0
1026,0.58142203,18.505714,18.290436,0.0,0.0,1.0,1.0
1027,0.47333622,18.645247,18.466133,0.0,0.0,1.0,1.0
1028,0.59114337,18.700323,18.603659,0.0,0.0,1.0,1.0
1029,0.606563,18.847855,18.720474,0.0,0.0,1.0,1.0
1030,0.6295831,18.98352,18.804482,0.0,0.0,1.0,1.0
1031,0.65643543,19.066263,18.871864,0.0,0.0,1.0,1.0
1032,0.67827576,19.175608,18.935503,0.0,0.0,1.0,1.0
1033,0.69613117,19.089937,18.9862,0.0,0.0,1.0,1.0
1034,0.5605648,19.019209,19.01851,0.0,0.0,1.0,1.0
1035,0.7184987,19.026703,19.050709,0.0,0.0,1.0,1.0
1036,0.733684,19.079578,19.077316,0.0,0.0,1.0,1.0
1037,0.7435081,19.08607,19.097025,0.0,0.0,1.0,1.0
1038,0.7522798,19.114103,19.115961,0.0,0.0,1.0,1.0
1039,0.7657188,19.03296,19.134407,0.0,0.0,1.0,1.0
1040,0.78324103,19.086699,19.15376,0.0,0.0,1.0,1.0
1041,0.80211437,19.167156,19.203653,0.0,0.0,1.0,1.0
1042,0.628443,19.220022,19.26874,0.0,0.0,1.0,1.0
1043,0.81776786,19.293482,19.316414,0.0,0.0,1.0,1.0
1044,0.8410852,19.396954,19.376934,0.0,0.0,1.0,1.0
1045,0.8638392,19.32219,19.43808,0.0,0.0,1.0,1.0
1046,0.87239385,19.617931,19.500414,0.0,0.0,1.0,1.0
1047,0.87850857,19.807743,19.548588,0.0,0.0,1.0,1.0
1048,0.87541264,19.651665,19.586452,0.0,0.0,1.0,1.0
1049,0.86774904,19.812296,19.616787,0.0,0.0,1.0,1.0
1050,0.6842217,19.84787,19.6343,0.0,0.0,1.0,1.0
1051,0.8574025,19.780964,19.635592,0.0,0.0,1.0,1.0
1052,0.8484167,19.66478,19.63278,0.0,0.0,1.0,1.0
1053,0.8367042,19.621542,19.59669,0.0,0.0,1.0,1.0
1054,0.82661915,19.584032,19.539387,0.0,0.0,1.0,1.0
1055,0.82130706,19.503628,19.48932,0.0,0.0,1.0,1.0
1056,0.8234559,19.412466,19.42216,0.0,0.0,1.0,1.0
1057,0.83111346,19.288445,19.316162,0.0,0.0,1.0,1.0
1058,0.8334778,19.184843,19.188929,0.0,0.0,1.0,1.0
1059,0.6714756,19.120108,19.095898,0.0,0.0,1.0,1.0
1060,0.83548,19.050873,18.99763,0.0,0.0,1.0,1.0
1061,0.83380616,19.006361,18.88953,0.0,0.0,1.0,1.0
1062,0.8316939,18.575901,18.768522,0.0,0.0,1.0,1.0
1063,0.83189964,18.254177,18.64548,0.0,0.0,1.0,1.0
1064,0.82538724,18.548388,18.514648,0.0,0.0,1.0,1.0
1065,0.82865065,18.44233,18.363073,0.0,0.0,1.0,1.0
1066,0.8252225,18.286848,18.203465,0.0,0.0,1.0,1.0
1067,0.82544416,18.051521,18.042562,0.0,0.0,1.0,1.0
1068,0.8270094,17.935953,17.882055,0.0,0.0,1.0,1.0
1069,0.74490196,17.718487,17.755154,0.0,0.0,1.0,1.0
1070,0.83154327,17.365936,17.640266,0.0,0.0,1.0,1.0
1071,0.8348205,17.204794,17.479914,0.0,0.0,1.0,1.0
1072,0.82971996,17.120054,17.307274,0.0,0.0,1.0,1.0
1073,0.82507807,17.080282,17.121473,0.0,0.0,1.0,1.0
1074,0.8173277,17.05308,16.943287,0.0,0.0,1.0,1.0
1075,0.7010556,16.875515,16.719084,0.0,0.0,1.0,1.0
1076,0.81206167,16.62417,16.494707,0.0,0.0,1.0,1.0
1077,0.80575275,16.370636,16.286322,0.0,0.0,1.0,1.0
1078,0.7920746,16.057255,16.094965,0.0,0.0,1.0,1.0
1079,0.78444916,15.913282,15.888359,0.0,0.0,1.0,1.0
1080,0.7847752,15.245508,15.68989,0.0,0.0,1.0,1.0
1081,0.77984697,15.025968,15.510611,0.0,0.0,1.0,1.0
1082,0.7789699,14.865311,15.352618,0.0,0.0,1.0,1.0
1083,0.62755686,14.908514,15.204262,0.0,0.0,1.0,1.0
1084,0.7679878,14.640789,15.092316,0.0,0.0,1.0,1.0
1085,0.75882965,14.698648,14.999404,0.0,0.0,1.0,1.0
1086,0.75321794,14.901733,14.926654,0.0,0.0,1.0,1.0
1087,0.7401532,14.979607,14.9191885,0.0,0.0,1.0,1.0
1088,0.72544974,14.843892,14.948939,0.0,0.0,1.0,1.0
1089,0.7044483,15.027277,15.01268,0.0,0.0,1.0,1.0
1090,0.55763966,14.942314,15.081623,0.0,0.0,1.0,1.0
1091,0.6829264,15.040286,15.187432,0.0,0.0,1.0,1.0
1092,0.6659759,15.155923,15.295307,0.0,0.0,1.0,1.0
1093,0.6475791,15.382982,15.393861,0.0,0.0,1.0,1.0
1094,0.62321055,15.630199,15.494901,0.0,0.0,1.0,1.0
1095,0.6244232,15.735823,15.63233,0.0,0.0,1.0,1.0
1096,0.6183381,15.910508,15.748023,0.0,0.0,1.0,1.0
1097,0.6065779,15.993137,15.860522,0.0,0.0,1.0,1.0
1098,0.59701985,16.084385,15.970528,0.0,0.0,1.0,1.0
1099,0.3886878,16.19208,16.077883,0.0,0.0,1.0,1.0
1100,0.5805597,16.493042,16.154154,0.0,0.0,1.0,1.0
1101,0.5666388,16.415602,16.21001,0.0,0.0,1.0,1.0
1102,0.5508648,16.292301,16.25729,0.0,0.0,1.0,1.0
1103,0.5403155,16.360348,16.304531,0.0,0.0,1.0,1.0
1104,0.524522,16.444197,16.36095,0.0,0.0,1.0,1.0
1105,0.34696007,16.29823,16.405592,0.0,0.0,1.0,1.0
1106,0.5148967,16.300482,16.443518,0.0,0.0,1.0,1.0
1107,0.50070345,16.303165,16.461649,0.0,0.0,1.0,1.0
1108,0.48489568,16.477413,16.490211,0.0,0.0,1.0,1.0
1109,0.47749302,16.670155,16.546387,0.0,0.0,1.0,1.0
1110,0.45343158,16.620087,16.594929,0.0,0.0,1.0,1.0
1111,0.4767854,16.647192,16.650051,0.0,0.0,1.0,1.0
1112,0.47823906,16.710625,16.73404,0.0,0.0,1.0,1.0
1113,0.47883606,16.758348,16.829327,0.0,0.0,1.0,1.0
1114,0.4787098,16.966393,16.920765,0.0,0.0,1.0,1.0
1115,0.43747023,16.942856,17.001328,0.0,0.0,1.0,1.0
1116,0.47940654,17.105677,17.07848,0.0,0.0,1.0,1.0
1117,0.50355977,17.30609,17.177212,0.0,0.0,1.0,1.0
1118,0.48568955,17.443924,17.278002,0.0,0.0,1.0,1.0
1119,0.48403907,17.400429,17.370985,0.0,0.0,1.0,1.0
1120,0.49989274,17.444168,17.45477,0.0,0.0,1.0,1.0
1121,0.5292678,17.595972,17.53194,0.0,0.0,1.0,1.0
1122,0.5378123,17.804873,17.619648,0.0,0.0,1.0,1.0
1123,0.5539634,17.856672,17.713226,0.0,0.0,1.0,1.0
1124,0.43734068,17.82643,17.797413,0.0,0.0,1.0,1.0
1125,0.57288855,17.76376,17.873909,0.0,0.0,1.0,1.0
1126,0.589209,17.892448,17.962353,0.0,0.0,1.0,1.0
1127,0.604294,17.99533,18.04907,0.0,0.0,1.0,1.0
1128,0.61646134,18.228611,18.131397,0.0,0.0,1.0,1.0
1129,0.63074535,18.316345,18.210276,0.0,0.0,1.0,1.0
1130,0.64725125,18.361872,18.295403,0.0,0.0,1.0,1.0
1131,0.66924644,18.461758,18.38959,0.0,0.0,1.0,1.0
1132,0.55899304,18.484783,18.497982,0.0,0.0,1.0,1.0
1133,0.6908802,18.583874,18.591845,0.0,0.0,1.0,1.0
1134,0.7177159,18.751432,18.682594,0.0,0.0,1.0,1.0
1135,0.7376536,18.878178,18.763683,0.0,0.0,1.0,1.0
1136,0.75950265,18.956676,18.844679,0.0,0.0,1.0,1.0
1137,0.77429104,19.064486,18.938963,0.0,0.0,1.0,1.0
1138,0.61424965,19.018785,19.053705,0.0,0.0,1.0,1.0
1139,0.7834263,19.084322,19.17959,0.0,0.0,1.0,1.0
1140,0.79393125,19.201687,19.297098,0.0,0.0,1.0,1.0
1141,0.8116113,19.288303,19.402111,0.0,0.0,1.0,1.0
1142,0.8229759,19.493263,19.498056,0.0,0.0,1.0,1.0
1143,0.8368032,19.83868,19.587885,0.0,0.0,1.0,1.0
1144,0.84161615,19.995388,19.663792,0.0,0.0,1.0,1.0
1145,0.8417004,19.993988,19.73548,0.0,0.0,1.0,1.0
1146,0.63465905,20.011568,19.80147,0.0,0.0,1.0,1.0
1147,0.8357635,20.029535,19.860437,0.0,0.0,1.0,1.0
1148,0.8217344,20.034613,19.937876,0.0,0.0,1.0,1.0
1149,0.8077343,19.975368,19.998236,0.0,0.0,1.0,1.0
1150,0.80729115,19.879032,20.03416,0.0,0.0,1.0,1.0
1151,0.8189998,19.876204,20.048042,0.0,0.0,1.0,1.0
1152,0.8300263,19.909313,20.047216,0.0,0.0,1.0,1.0
1153,0.8394938,20.217558,20.027977,0.0,0.0,1.0,1.0
1154,0.6633705,20.217577,19.971304,0.0,0.0,1.0,1.0
1155,0.8390874,20.269773,19.920382,0.0,0.0,1.0,1.0
1156,0.8408083,20.161976,19.875563,0.0,0.0,1.0,1.0
1157,0.8350363,19.984072,19.824738,0.0,0.0,1.0,1.0
1158,0.82764757,19.7807,19.753407,0.0,0.0,1.0,1.0
1159,0.8211669,19.349466,19.65823,0.0,0.0,1.0,1.0
1160,0.8154449,19.423544,19.514711,0.0,0.0,1.0,1.0
1161,0.81764436,19.437538,19.35577,0.0,0.0,1.0,1.0
1162,0.81860375,19.269135,19.173403,0.0,0.0,1.0,1.0
1163,0.820558,19.020237,18.978067,0.0,0.0,1.0,1.0
1164,0.81856215,18.76719,18.74529,0.0,0.0,1.0,1.0
1165,0.79252535,18.49533,18.510597,0.0,0.0,1.0,1.0
1166,0.8183461,18.31028,18.292463,0.0,0.0,1.0,1.0
1167,0.8169511,18.081373,18.04866,0.0,0.0,1.0,1.0
1168,0.8104123,17.817951,17.787973,0.0,0.0,1.0,1.0
1169,0.8030723,17.190735,17.516544,0.0,0.0,1.0,1.0
1170,0.80802524,16.96438,17.259336,0.0,0.0,1.0,1.0
1171,0.6764966,16.731865,16.96049,0.0,0.0,1.0,1.0
1172,0.7937425,16.497915,16.672184,0.0,0.0,1.0,1.0
1173,0.78473383,16.309294,16.394201,0.0,0.0,1.0,1.0
1174,0.7797575,16.011978,16.139414,0.0,0.0,1.0,1.0
1175,0.770933,15.933743,15.904577,0.0,0.0,1.0,1.0
1176,0.76763105,15.181019,15.72419,0.0,0.0,1.0,1.0
1177,0.7583191,15.035685,15.564013,0.0,0.0,1.0,1.0
1178,0.74941766,14.974476,15.418286,0.0,0.0,1.0,1.0
1179,0.7436059,15.023925,15.299935,0.0,0.0,1.0,1.0
1180,0.6494794,14.999912,15.19405,0.0,0.0,1.0,1.0
1181,0.7411696,15.026089,15.118425,0.0,0.0,1.0,1.0
1182,0.73859423,15.042256,15.048276,0.0,0.0,1.0,1.0
1183,0.7355796,14.983141,15.041475,0.0,0.0,1.0,1.0
1184,0.7281851,15.077708,15.049032,0.0,0.0,1.0,1.0
1185,0.719593,15.038665,15.069233,0.0,0.0,1.0,1.0
1186,0.70520324,15.104485,15.093053,0.0,0.0,1.0,1.0
1187,0.5338202,15.09195,15.133622,0.0,0.0,1.0,1.0
1188,0.68237126,15.099414,15.170724,0.0,0.0,1.0,1.0
1189,0.66745067,15.126361,15.197368,0.0,0.0,1.0,1.0
1190,0.65549344,15.216888,15.22743,0.0,0.0,1.0,1.0
1191,0.64697915,15.309769,15.253698,0.0,0.0,1.0,1.0
1192,0.64117366,15.486738,15.285575,0.0,0.0,1.0,1.0
1193,0.6378136,15.471314,15.319599,0.0,0.0,1.0,1.0
1194,0.6302351,15.3619795,15.354797,0.0,0.0,1.0,1.0
1195,0.44931573,15.343893,15.377748,0.0,0.0,1.0,1.0
1196,0.6127568,15.392923,15.399273,0.0,0.0,1.0,1.0
1197,0.5934777,15.421187,15.41536,0.0,0.0,1.0,1.0
1198,0.573594,15.512772,15.42139,0.0,0.0,1.0,1.0
1199,0.55122006,15.514333,15.41501,0.0,0.0,1.0,1.0
1200,0.34911674,15.374807,15.427154,0.0,0.0,1.0,1.0
1201,0.53148204,15.384673,15.465271,0.0,0.0,1.0,1.0
1202,0.51035994,15.409932,15.502004,0.0,0.0,1.0,1.0
1203,0.4874365,15.382123,15.549177,0.0,0.0,1.0,1.0
1204,0.3075091,15.410193,15.6035595,0.0,0.0,1.0,1.0
1205,0.47145522,15.617025,15.669624,0.0,0.0,1.0,1.0
1206,0.4714355,15.819395,15.751784,0.0,0.0,1.0,1.0
1207,0.46881717,15.784681,15.852909,0.0,0.0,1.0,1.0
1208,0.46509066,15.959009,15.961654,0.0,0.0,1.0,1.0
1209,0.45993593,16.07377,16.076887,0.0,0.0,1.0,1.0
1210,0.45604548,16.305544,16.210602,0.0,0.0,1.0,1.0
1211,0.45572132,16.500257,16.365368,0.0,0.0,1.0,1.0
1212,0.45892638,16.588303,16.55648,0.0,0.0,1.0,1.0
1213,0.46911067,16.689606,16.743086,0.0,0.0,1.0,1.0
1214,0.3409523,16.792732,16.953178,0.0,0.0,1.0,1.0
1215,0.47987646,16.986712,17.161915,0.0,0.0,1.0,1.0
1216,0.49198753,17.26737,17.365808,0.0,0.0,1.0,1.0
1217,0.5044664,17.910374,17.555471,0.0,0.0,1.0,1.0
1218,0.5196652,18.058674,17.733751,0.0,0.0,1.0,1.0
1219,0.4153109,18.305784,17.90673,0.0,0.0,1.0,1.0
1220,0.53663075,18.463844,18.078646,0.0,0.0,1.0,1.0
1221,0.55532837,18.52051,18.237316,0.0,0.0,1.0,1.0
1222,0.57063365,18.5815,18.377934,0.0,0.0,1.0,1.0
1223,0.5816392,18.639603,18.500385,0.0,0.0,1.0,1.0
1224,0.59501725,18.664068,18.583357,0.0,0.0,1.0,1.0
1225,0.58943003,18.75257,18.65476,0.0,0.0,1.0,1.0
1226,0.6069044,18.696796,18.712296,0.0,0.0,1.0,1.0
1227,0.51932263,18.674107,18.761948,0.0,0.0,1.0,1.0
1228,0.6260963,18.736797,18.771715,0.0,0.0,1.0,1.0
1229,0.6530021,18.90604,18.777058,0.0,0.0,1.0,1.0
1230,0.6750277,18.915506,18.76898,0.0,0.0,1.0,1.0
1231,0.6975224,18.996197,18.769371,0.0,0.0,1.0,1.0
1232,0.7164223,19.059689,18.768744,0.0,0.0,1.0,1.0
1233,0.7392546,18.637714,18.786022,0.0,0.0,1.0,1.0
1234,0.5855803,18.645613,18.804588,0.0,0.0,1.0,1.0
1235,0.7466611,18.54266,18.821516,0.0,0.0,1.0,1.0
1236,0.7521373,18.668776,18.821234,0.0,0.0,1.0,1.0
1237,0.7651356,18.745037,18.8277,0.0,0.0,1.0,1.0
1238,0.7705628,18.904135,18.831652,0.0,0.0,1.0,1.0
1239,0.7717167,18.896893,18.830883,0.0,0.0,1.0,1.0
1240,0.61782444,18.939926,18.862535,0.0,0.0,1.0,1.0
1241,0.77563065,18.902666,18.895336,0.0,0.0,1.0,1.0
1242,0.6133558,18.993093,18.939987,0.0,0.0,1.0,1.0
1243,0.792658,19.043615,18.965866,0.0,0.0,1.0,1.0
1244,0.80551827,19.050467,18.98514,0.0,0.0,1.0,1.0
1245,0.8207667,19.01755,18.98439,0.0,0.0,1.0,1.0
1246,0.8353087,19.039219,18.99097,0.0,0.0,1.0,1.0
1247,0.8427372,19.07846,18.976517,0.0,0.0,1.0,1.0
1248,0.84460986,18.979332,18.948864,0.0,0.0,1.0,1.0
1249,0.66508615,18.976334,18.89932,0.0,0.0,1.0,1.0
1250,0.83699733,18.895126,18.852385,0.0,0.0,1.0,1.0
1251,0.82792974,18.975851,18.788525,0.0,0.0,1.0,1.0
1252,0.8186583,18.766481,18.752516,0.0,0.0,1.0,1.0
1253,0.8082302,18.57084,18.704132,0.0,0.0,1.0,1.0
1254,0.765747,18.398567,18.634771,0.0,0.0,1.0,1.0
1255,0.8000566,18.480385,18.56073,0.0,0.0,1.0,1.0
1256,0.7981847,18.284143,18.471277,0.0,0.0,1.0,1.0
1257,0.79848635,18.585445,18.370564,0.0,0.0,1.0,1.0
1258,0.80118847,18.458609,18.245415,0.0,0.0,1.0,1.0
1259,0.79842025,18.24615,18.122753,0.0,0.0,1.0,1.0
1260,0.8006548,18.090822,18.006063,0.0,0.0,1.0,1.0
1261,0.8006044,17.902905,17.894747,0.0,0.0,1.0,1.0
1262,0.7930126,17.686562,17.7611,0.0,0.0,1.0,1.0
1263,0.7860199,17.474072,17.639296,0.0,0.0,1.0,1.0
1264,0.7976257,17.294533,17.482775,0.0,0.0,1.0,1.0
1265,0.7769749,17.170582,17.309063,0.0,0.0,1.0,1.0
1266,0.77987117,17.06275,17.129488,0.0,0.0,1.0,1.0
1267,0.7836944,16.876635,16.972528,0.0,0.0,1.0,1.0
1268,0.78473896,16.822477,16.800219,0.0,0.0,1.0,1.0
1269,0.6431232,16.707195,16.636806,0.0,0.0,1.0,1.0
1270,0.7886789,16.374083,16.483852,0.0,0.0,1.0,1.0
1271,0.79028267,16.09125,16.332804,0.0,0.0,1.0,1.0
1272,0.78383386,16.207304,16.192745,0.0,0.0,1.0,1.0
1273,0.775197,15.83518,16.06605,0.0,0.0,1.0,1.0
1274,0.7590221,15.725624,15.963169,0.0,0.0,1.0,1.0
1275,0.6416161,15.638609,15.868638,0.0,0.0,1.0,1.0
1276,0.7497159,15.481953,15.794429,0.0,0.0,1.0,1.0
1277,0.7373163,15.489892,15.753422,0.0,0.0,1.0,1.0
1278,0.72216374,15.542384,15.746548,0.0,0.0,1.0,1.0
1279,0.71253985,15.642082,15.733579,0.0,0.0,1.0,1.0
1280,0.70974666,15.688098,15.770253,0.0,0.0,1.0,1.0
1281,0.70502394,15.816692,15.833639,0.0,0.0,1.0,1.0
1282,0.7015356,15.881998,15.945612,0.0,0.0,1.0,1.0
1283,0.5612755,16.008759,16.071596,0.0,0.0,1.0,1.0
1284,0.6933984,16.051672,16.208622,0.0,0.0,1.0,1.0
1285,0.68625534,16.275276,16.361553,0.0,0.0,1.0,1.0
1286,0.67993706,16.48625,16.528133,0.0,0.0,1.0,1.0
1287,0.6767417,16.982285,16.713017,0.0,0.0,1.0,1.0
1288,0.65666246,16.993765,16.89264,0.0,0.0,1.0,1.0
1289,0.6100768,17.13421,17.07214,0.0,0.0,1.0,1.0
1290,0.63909763,17.377546,17.246443,0.0,0.0,1.0,1.0
1291,0.6161592,17.64105,17.427011,0.0,0.0,1.0,1.0
1292,0.58805615,17.906687,17.595055,0.0,0.0,1.0,1.0
1293,0.5728709,17.972166,17.752293,0.0,0.0,1.0,1.0
1294,0.53093576,18.03601,17.87574,0.0,0.0,1.0,1.0
1295,0.53362507,18.100399,18.009827,0.0,0.0,1.0,1.0
1296,0.5426742,18.218485,18.127735,0.0,0.0,1.0,1.0
1297,0.4112421,18.291805,18.236053,0.0,0.0,1.0,1.0
1298,0.5119636,18.37311,18.299871,0.0,0.0,1.0,1.0
1299,0.50644034,18.463652,18.343306,0.0,0.0,1.0,1.0
1300,0.4948626,18.602789,18.375856,0.0,0.0,1.0,1.0
1301,0.48701665,18.54911,18.399353,0.0,0.0,1.0,1.0
1302,0.4749673,18.677387,18.416965,0.0,0.0,1.0,1.0
1303,0.46292573,18.406862,18.432999,0.0,0.0,1.0,1.0
1304,0.4543781,18.427895,18.447771,0.0,0.0,1.0,1.0
1305,0.44843763,18.362764,18.464315,0.0,0.0,1.0,1.0
1306,0.4450563,18.317987,18.489088,0.0,0.0,1.0,1.0
1307,0.4504354,18.311735,18.515202,0.0,0.0,1.0,1.0
1308,0.30905056,18.410892,18.538565,0.0,0.0,1.0,1.0
1309,0.45736584,18.469065,18.548962,0.0,0.0,1.0,1.0
1310,0.46383113,18.571651,18.573952,0.0,0.0,1.0,1.0
1311,0.47006428,18.760927,18.595352,0.0,0.0,1.0,1.0
1312,0.47284818,18.91614,18.633158,0.0,0.0,1.0,1.0
1313,0.47590974,18.829462,18.670752,0.0,0.0,1.0,1.0
1314,0.35257658,18.802162,18.712677,0.0,0.0,1.0,1.0
1315,0.4801945,18.706734,18.745192,0.0,0.0,1.0,1.0
1316,0.48543677,18.684713,18.77327,0.0,0.0,1.0,1.0
1317,0.48171315,18.816422,18.797832,0.0,0.0,1.0,1.0
1318,0.4959978,18.769127,18.808702,0.0,0.0,1.0,1.0
1319,0.5161851,18.81483,18.802523,0.0,0.0,1.0,1.0
1320,0.5387651,18.801071,18.810644,0.0,0.0,1.0,1.0
1321,0.5591156,18.806007,18.823841,0.0,0.0,1.0,1.0
1322,0.44819677,18.866405,18.830791,0.0,0.0,1.0,1.0
1323,0.5747213,18.891361,18.833197,0.0,0.0,1.0,1.0
1324,0.59285706,18.841972,18.832718,0.0,0.0,1.0,1.0
1325,0.6032744,18.926933,18.845306,0.0,0.0,1.0,1.0
1326,0.62332505,18.960524,18.877369,0.0,0.0,1.0,1.0
1327,0.63785243,18.790133,18.930704,0.0,0.0,1.0,1.0
1328,0.6516301,18.713583,18.975311,0.0,0.0,1.0,1.0
1329,0.55596477,18.810675,19.02617,0.0,0.0,1.0,1.0
1330,0.6629386,18.920185,19.075409,0.0,0.0,1.0,1.0
1331,0.6791398,19.199585,19.135216,0.0,0.0,1.0,1.0
1332,0.6941647,19.441093,19.191063,0.0,0.0,1.0,1.0
1333,0.7195715,19.34129,19.242834,0.0,0.0,1.0,1.0
1334,0.73570925,19.476706,19.309025,0.0,0.0,1.0,1.0
1335,0.75125694,19.482218,19.40575,0.0,0.0,1.0,1.0
1336,0.57930934,19.559675,19.485996,0.0,0.0,1.0,1.0
1337,0.761058,19.597095,19.545427,0.0,0.0,1.0,1.0
1338,0.77434784,19.581781,19.579615,0.0,0.0,1.0,1.0
1339,0.7830654,19.584417,19.592363,0.0,0.0,1.0,1.0
1340,0.7889813,19.874283,19.610647,0.0,0.0,1.0,1.0
1341,0.79494786,19.773634,19.611082,0.0,0.0,1.0,1.0
1342,0.80237186,19.633343,19.588861,0.0,0.0,1.0,1.0
1343,0.62465215,19.609829,19.539597,0.0,0.0,1.0,1.0
1344,0.80180454,19.594091,19.483076,0.0,0.0,1.0,1.0
1345,0.79993355,19.560701,19.418966,0.0,0.0,1.0,1.0
1346,0.7944996,19.481924,19.350958,0.0,0.0,1.0,1.0
1347,0.78621966,19.215557,19.24397,0.0,0.0,1.0,1.0
1348,0.7741775,18.96849,19.129295,0.0,0.0,1.0,1.0
1349,0.6048821,18.918867,19.01595,0.0,0.0,1.0,1.0
1350,0.7741903,18.81245,18.896585,0.0,0.0,1.0,1.0
1351,0.78165215,18.768322,18.749495,0.0,0.0,1.0,1.0
1352,0.7843342,18.590445,18.586317,0.0,0.0,1.0,1.0
1353,0.7846935,18.397528,18.417044,0.0,0.0,1.0,1.0
1354,0.7823383,18.273188,18.255701,0.0,0.0,1.0,1.0
1355,0.77762204,18.177462,18.094467,0.0,0.0,1.0,1.0
1356,0.7764377,17.829008,17.917597,0.0,0.0,1.0,1.0
1357,0.62373203,17.602554,17.736116,0.0,0.0,1.0,1.0
1358,0.77492195,17.450655,17.538576,0.0,0.0,1.0,1.0
1359,0.779362,17.279438,17.32511,0.0,0.0,1.0,1.0
1360,0.78075784,17.03369,17.12146,0.0,0.0,1.0,1.0
1361,0.78361064,16.796421,16.906698,0.0,0.0,1.0,1.0
1362,0.6396065,16.634691,16.684597,0.0,0.0,1.0,1.0
1363,0.7815646,16.39784,16.48196,0.0,0.0,1.0,1.0
1364,0.77517974,16.028841,16.289932,0.0,0.0,1.0,1.0
1365,0.7705287,15.953733,16.092897,0.0,0.0,1.0,1.0
1366,0.7642765,15.696039,15.888355,0.0,0.0,1.0,1.0
1367,0.7575348,15.512243,15.669937,0.0,0.0,1.0,1.0
1368,0.75480485,15.397383,15.48341,0.0,0.0,1.0,1.0
1369,0.6225967,15.298216,15.319363,0.0,0.0,1.0,1.0
1370,0.7459699,15.086229,15.187381,0.0,0.0,1.0,1.0
1371,0.7410865,14.824935,15.093018,0.0,0.0,1.0,1.0
1372,0.73686683,14.412672,15.016477,0.0,0.0,1.0,1.0
1373,0.72814536,14.558093,14.958754,0.0,0.0,1.0,1.0
1374,0.71632123,14.666131,14.930947,0.0,0.0,1.0,1.0
1375,0.70033526,14.814056,14.930184,0.0,0.0,1.0,1.0
1376,0.6924658,14.89648,14.9306345,0.0,0.0,1.0,1.0
1377,0.5910764,15.035238,14.969572,0.0,0.0,1.0,1.0
1378,0.6817551,15.00337,15.041905,0.0,0.0,1.0,1.0
1379,0.678056,15.178563,15.166392,0.0,0.0,1.0,1.0
1380,0.6712056,15.388226,15.292725,0.0,0.0,1.0,1.0
1381,0.6625422,15.303623,15.420759,0.0,0.0,1.0,1.0
1382,0.6534291,15.553481,15.556608,0.0,0.0,1.0,1.0
1383,0.6362179,15.692933,15.714915,0.0,0.0,1.0,1.0
1384,0.61061066,15.906516,15.863993,0.0,0.0,1.0,1.0
1385,0.6173588,16.074083,16.021032,0.0,0.0,1.0,1.0
1386,0.5974169,16.20254,16.161486,0.0,0.0,1.0,1.0
1387,0.56792104,16.44425,16.288895,0.0,0.0,1.0,1.0
1388,0.5519955,16.796164,16.417868,0.0,0.0,1.0,1.0
1389,0.5498441,16.82417,16.531218,0.0,0.0,1.0,1.0
1390,0.54071,16.887844,16.630579,0.0,0.0,1.0,1.0
1391,0.5356183,16.86399,16.718458,0.0,0.0,1.0,1.0
1392,0.46653423,16.917143,16.807531,0.0,0.0,1.0,1.0
1393,0.5260326,16.851294,16.87696,0.0,0.0,1.0,1.0
1394,0.5168138,16.913692,16.924313,0.0,0.0,1.0,1.0
1395,0.5017238,16.885252,16.940739,0.0,0.0,1.0,1.0
1396,0.4876124,16.961084,16.955664,0.0,0.0,1.0,1.0
1397,0.46820885,17.142956,16.97806,0.0,0.0,1.0,1.0
1398,0.29517344,17.035679,16.99601,0.0,0.0,1.0,1.0
1399,0.44846815,17.012493,17.016031,0.0,0.0,1.0,1.0
1400,0.43782073,16.993269,17.039215,0.0,0.0,1.0,1.0
1401,0.42786252,17.003265,17.054949,0.0,0.0,1.0,1.0
1402,0.42701796,17.156599,17.084055,0.0,0.0,1.0,1.0
1403,0.42646223,17.079388,17.128138,0.0,0.0,1.0,1.0
1404,0.42737898,17.157396,17.182266,0.0,0.0,1.0,1.0
1405,0.42708546,17.12951,17.257881,0.0,0.0,1.0,1.0
1406,0.426749,17.102495,17.341099,0.0,0.0,1.0,1.0
1407,0.27940705,17.23452,17.437992,0.0,0.0,1.0,1.0
1408,0.42667434,17.49007,17.543535,0.0,0.0,1.0,1.0
1409,0.435302,17.792517,17.648638,0.0,0.0,1.0,1.0
1410,0.3061324,17.943048,17.772997,0.0,0.0,1.0,1.0
1411,0.45272747,18.011103,17.896528,0.0,0.0,1.0,1.0
1412,0.46968657,18.155987,18.031681,0.0,0.0,1.0,1.0
1413,0.48649526,18.269787,18.173227,0.0,0.0,1.0,1.0
1414,0.5033658,18.417835,18.324316,0.0,0.0,1.0,1.0
1415,0.5171119,18.571703,18.4619,0.0,0.0,1.0,1.0
1416,0.5337866,18.639767,18.57023,0.0,0.0,1.0,1.0
1417,0.43104577,18.75133,18.676638,0.0,0.0,1.0,1.0
1418,0.554083,18.80106,18.766582,0.0,0.0,1.0,1.0
1419,0.57781273,19.047588,18.819132,0.0,0.0,1.0,1.0
1420,0.5956136,19.141077,18.856674,0.0,0.0,1.0,1.0
1421,0.61156,19.092476,18.884594,0.0,0.0,1.0,1.0
1422,0.6241801,19.219946,18.919817,0.0,0.0,1.0,1.0
1423,0.6320088,19.090427,18.958723,0.0,0.0,1.0,1.0
1424,0.50877637,18.786585,18.989424,0.0,0.0,1.0,1.0
1425,0.64183515,18.720299,19.022812,0.0,0.0,1.0,1.0
1426,0.65449387,18.752878,19.02693,0.0,0.0,1.0,1.0
1427,0.67182934,18.994368,19.010439,0.0,0.0,1.0,1.0
1428,0.6898336,19.106646,19.001776,0.0,0.0,1.0,1.0
1429,0.71269137,19.11974,18.987902,0.0,0.0,1.0,1.0
1430,0.7318989,19.201721,18.970049,0.0,0.0,1.0,1.0
1431,0.7478661,19.096998,18.966125,0.0,0.0,1.0,1.0
1432,0.58862835,18.94318,18.9778,0.0,0.0,1.0,1.0
1433,0.7571959,18.988514,18.983612,0.0,0.0,1.0,1.0
1434,0.76533055,19.053467,18.972597,0.0,0.0,1.0,1.0
1435,0.7598006,18.876194,18.963749,0.0,0.0,1.0,1.0
1436,0.7600802,18.739494,18.942486,0.0,0.0,1.0,1.0
1437,0.59001935,18.860416,18.907558,0.0,0.0,1.0,1.0
1438,0.75799656,18.822613,18.863064,0.0,0.0,1.0,1.0
1439,0.7508222,18.862188,18.816135,0.0,0.0,1.0,1.0
1440,0.59124494,19.000452,18.748898,0.0,0.0,1.0,1.0
1441,0.7516687,18.864594,18.660557,0.0,0.0,1.0,1.0
1442,0.76208806,18.782587,18.581272,0.0,0.0,1.0,1.0
1443,0.7733577,18.563065,18.51361,0.0,0.0,1.0,1.0
1444,0.7836694,18.380037,18.420086,0.0,0.0,1.0,1.0
1445,0.78782505,18.181671,18.311522,0.0,0.0,1.0,1.0
1446,0.74284714,17.993378,18.193619,0.0,0.0,1.0,1.0
1447,0.7887246,17.924767,18.050606,0.0,0.0,1.0,1.0
1448,0.7872476,17.927567,17.897018,0.0,0.0,1.0,1.0
1449,0.7807514,17.73812,17.72878,0.0,0.0,1.0,1.0
1450,0.77262527,17.519842,17.559711,0.0,0.0,1.0,1.0
1451,0.7613579,17.447344,17.380375,0.0,0.0,1.0,1.0
1452,0.763863,17.284288,17.19769,0.0,0.0,1.0,1.0
1453,0.76349163,17.02156,17.006594,0.0,0.0,1.0,1.0
1454,0.7691288,16.76374,16.798409,0.0,0.0,1.0,1.0
1455,0.7681493,16.534214,16.567402,0.0,0.0,1.0,1.0
1456,0.76950055,16.22802,16.33414,0.0,0.0,1.0,1.0
1457,0.6262035,15.989438,16.101679,0.0,0.0,1.0,1.0
1458,0.76853853,15.700235,15.861861,0.0,0.0,1.0,1.0
1459,0.7648861,15.426527,15.624922,0.0,0.0,1.0,1.0
1460,0.7611501,15.155505,15.39383,0.0,0.0,1.0,1.0
1461,0.75092745,14.938969,15.159624,0.0,0.0,1.0,1.0
1462,0.7430996,14.730303,14.919974,0.0,0.0,1.0,1.0
1463,0.7309248,14.56953,14.687595,0.0,0.0,1.0,1.0
1464,0.71875334,14.441014,14.47929,0.0,0.0,1.0,1.0
1465,0.726614,14.248473,14.283718,0.0,0.0,1.0,1.0
1466,0.59633756,13.953264,14.107505,0.0,0.0,1.0,1.0
1467,0.7274267,13.658412,13.950654,0.0,0.0,1.0,1.0
1468,0.728597,13.43948,13.802284,0.0,0.0,1.0,1.0
1469,0.7237919,13.489774,13.679164,0.0,0.0,1.0,1.0
1470,0.71683365,13.353368,13.559988,0.0,0.0,1.0,1.0
1471,0.70434606,13.311973,13.463254,0.0,0.0,1.0,1.0
1472,0.56296307,13.273291,13.392178,0.0,0.0,1.0,1.0
1473,0.6926098,13.158534,13.361222,0.0,0.0,1.0,1.0
1474,0.6813736,13.252854,13.359913,0.0,0.0,1.0,1.0
1475,0.66327727,13.139422,13.383242,0.0,0.0,1.0,1.0
1476,0.6554224,13.280199,13.40698,0.0,0.0,1.0,1.0
1477,0.6490995,13.395558,13.459211,0.0,0.0,1.0,1.0
1478,0.6378319,13.581802,13.550471,0.0,0.0,1.0,1.0
1479,0.6332567,13.642704,13.663614,0.0,0.0,1.0,1.0
1480,0.47559747,13.719419,13.793755,0.0,0.0,1.0,1.0
1481,0.62488455,13.774633,13.928924,0.0,0.0,1.0,1.0
1482,0.6148487,13.98015,14.092837,0.0,0.0,1.0,1.0
1483,0.6035753,14.407092,14.263135,0.0,0.0,1.0,1.0
1484,0.59063107,14.630999,14.457077,0.0,0.0,1.0,1.0
1485,0.57612145,14.720224,14.648737,0.0,0.0,1.0,1.0
1486,0.4113244,14.874879,14.860074,0.0,0.0,1.0,1.0
1487,0.56190866,15.10639,15.07446,0.0,0.0,1.0,1.0
1488,0.5416245,15.323773,15.297538,0.0,0.0,1.0,1.0
1489,0.5219508,15.722857,15.503611,0.0,0.0,1.0,1.0
1490,0.49717245,15.881728,15.69026,0.0,0.0,1.0,1.0
1491,0.4755079,16.178745,15.865683,0.0,0.0,1.0,1.0
1492,0.44762787,16.292046,16.043468,0.0,0.0,1.0,1.0
1493,0.46050942,16.451569,16.216389,0.0,0.0,1.0,1.0
1494,0.4308432,16.45303,16.360521,0.0,0.0,1.0,1.0
1495,0.4267262,16.64688,16.49724,0.0,0.0,1.0,1.0
1496,0.34508932,16.73607,16.608137,0.0,0.0,1.0,1.0
1497,0.43268543,16.853657,16.725473,0.0,0.0,1.0,1.0
1498,0.4190201,16.949915,16.818848,0.0,0.0,1.0,1.0
1499,0.41423646,16.83598,16.913794,0.0,0.0,1.0,1.0
1500,0.4105503,16.964409,16.997551,0.0,0.0,1.0,1.0
1501,0.26305708,17.053625,17.082245,0.0,0.0,1.0,1.0
1502,0.40647706,17.289753,17.154007,0.0,0.0,1.0,1.0
1503,0.40438247,17.299236,17.221218,0.0,0.0,1.0,1.0
1504,0.40908006,17.431404,17.279255,0.0,0.0,1.0,1.0
1505,0.42319748,17.45666,17.346178,0.0,0.0,1.0,1.0
1506,0.2862643,17.469349,17.419773,0.0,0.0,1.0,1.0
1507,0.44175965,17.508024,17.486383,0.0,0.0,1.0,1.0
1508,0.45772973,17.542608,17.54995,0.0,0.0,1.0,1.0
1509,0.47284624,17.5501,17.599844,0.0,0.0,1.0,1.0
1510,0.4832128,17.752987,17.660294,0.0,0.0,1.0,1.0
1511,0.49214086,17.719133,17.712568,0.0,0.0,1.0,1.0
1512,0.4983748,17.763712,17.76855,0.0,0.0,1.0,1.0
1513,0.36233184,17.816435,17.819502,0.0,0.0,1.0,1.0
1514,0.5063502,17.888477,17.86549,0.0,0.0,1.0,1.0
1515,0.51642734,18.024641,17.896845,0.0,0.0,1.0,1.0
1516,0.5306041,18.058702,17.914597,0.0,0.0,1.0,1.0
1517,0.5479887,18.128431,17.90077,0.0,0.0,1.0,1.0
1518,0.55739033,18.08078,17.897049,0.0,0.0,1.0,1.0
1519,0.5727267,18.059872,17.892015,0.0,0.0,1.0,1.0
1520,0.5975756,17.918877,17.888222,0.0,0.0,1.0,1.0
1521,0.47213998,17.76312,17.872717,0.0,0.0,1.0,1.0
1522,0.61879176,17.587072,17.849888,0.0,0.0,1.0,1.0
1523,0.63936925,17.674458,17.826035,0.0,0.0,1.0,1.0
1524,0.6537923,17.70331,17.796192,0.0,0.0,1.0,1.0
1525,0.66119236,17.770924,17.764582,0.0,0.0,1.0,1.0
1526,0.6719438,17.702408,17.729837,0.0,0.0,1.0,1.0
1527,0.5601609,17.750706,17.70917,0.0,0.0,1.0,1.0
1528,0.6845607,17.772465,17.692041,0.0,0.0,1.0,1.0
1529,0.68882626,17.77031,17.687353,0.0,0.0,1.0,1.0
1530,0.6922178,17.701452,17.66777,0.0,0.0,1.0,1.0
1531,0.699333,17.642954,17.650877,0.0,0.0,1.0,1.0
1532,0.7218708,17.67086,17.633915,0.0,0.0,1.0,1.0
1533,0.7355514,17.557587,17.63948,0.0,0.0,1.0,1.0
1534,0.75453174,17.530798,17.634428,0.0,0.0,1.0,1.0
1535,0.584108,17.439465,17.61815,0.0,0.0,1.0,1.0
1536,0.7659794,17.500595,17.589624,0.0,0.0,1.0,1.0
1537,0.77315396,17.56737,17.5568,0.0,0.0,1.0,1.0
1538,0.7695076,17.769217,17.51762,0.0,0.0,1.0,1.0
1539,0.77191013,17.690073,17.468807,0.0,0.0,1.0,1.0
1540,0.76970285,17.577131,17.42328,0.0,0.0,1.0,1.0
1541,0.76379764,17.427984,17.375841,0.0,0.0,1.0,1.0
1542,0.59698486,17.307585,17.32589,0.0,0.0,1.0,1.0
1543,0.7661937,17.172787,17.254763,0.0,0.0,1.0,1.0
1544,0.76402557,17.085106,17.17083,0.0,0.0,1.0,1.0
1545,0.7605004,17.011267,17.057163,0.0,0.0,1.0,1.0
1546,0.7659215,16.961515,16.93907,0.0,0.0,1.0,1.0
1547,0.7137562,16.840057,16.815159,0.0,0.0,1.0,1.0
1548,0.74854743,16.647066,16.684649,0.0,0.0,1.0,1.0
1549,0.7500247,16.560171,16.546192,0.0,0.0,1.0,1.0
1550,0.7500847,16.405214,16.403418,0.0,0.0,1.0,1.0
1551,0.7516702,16.272963,16.245365,0.0,0.0,1.0,1.0
1552,0.7122533,16.0902,16.096113,0.0,0.0,1.0,1.0
1553,0.7479072,15.861845,15.942365,0.0,0.0,1.0,1.0
1554,0.7417843,15.646111,15.79003,0.0,0.0,1.0,1.0
1555,0.73089623,15.459502,15.641368,0.0,0.0,1.0,1.0
1556,0.5813494,15.188473,15.4847355,0.0,0.0,1.0,1.0
1557,0.73028,15.220247,15.331647,0.0,0.0,1.0,1.0
1558,0.736261,15.116523,15.175727,0.0,0.0,1.0,1.0
1559,0.73990554,15.012041,15.02081,0.0,0.0,1.0,1.0
1560,0.7431704,14.863126,14.879394,0.0,0.0,1.0,1.0
1561,0.58214134,14.680584,14.743591,0.0,0.0,1.0,1.0
1562,0.74427044,14.568146,14.623729,0.0,0.0,1.0,1.0
1563,0.7407026,14.401923,14.520003,0.0,0.0,1.0,1.0
1564,0.7351837,14.231205,14.405976,0.0,0.0,1.0,1.0
1565,0.72623247,14.164839,14.283462,0.0,0.0,1.0,1.0
1566,0.71157366,14.016485,14.199638,0.0,0.0,1.0,1.0
1567,0.7074201,14.021154,14.124028,0.0,0.0,1.0,1.0
1568,0.7069268,13.943772,14.053166,0.0,0.0,1.0,1.0
1569,0.5759251,13.85192,13.997875,0.0,0.0,1.0,1.0
1570,0.7042258,13.646339,13.965372,0.0,0.0,1.0,1.0
1571,0.70036113,14.006172,13.962391,0.0,0.0,1.0,1.0
1572,0.6958097,13.955796,13.976069,0.0,0.0,1.0,1.0
1573,0.6917795,13.830239,14.0035095,0.0,0.0,1.0,1.0
1574,0.6794716,13.904661,14.042894,0.0,0.0,1.0,1.0
1575,0.6650259,14.011883,14.104186,0.0,0.0,1.0,1.0
1576,0.5111751,14.195426,14.1775675,0.0,0.0,1.0,1.0
1577,0.6473589,14.328987,14.282537,0.0,0.0,1.0,1.0
1578,0.6259941,14.345769,14.359228,0.0,0.0,1.0,1.0
1579,0.605506,14.493769,14.443432,0.0,0.0,1.0,1.0
1580,0.5926634,14.679274,14.568398,0.0,0.0,1.0,1.0
1581,0.58266574,14.732492,14.719299,0.0,0.0,1.0,1.0
1582,0.56366205,14.90598,14.845778,0.0,0.0,1.0,1.0
1583,0.39870518,14.926465,14.982498,0.0,0.0,1.0,1.0
1584,0.54377365,14.966236,15.107603,0.0,0.0,1.0,1.0
1585,0.52290636,15.32984,15.228392,0.0,0.0,1.0,1.0
1586,0.49728736,15.71547,15.346062,0.0,0.0,1.0,1.0
1587,0.48982677,15.529632,15.445753,0.0,0.0,1.0,1.0
1588,0.47862208,15.836069,15.551066,0.0,0.0,1.0,1.0
1589,0.46704495,15.830236,15.656516,0.0,0.0,1.0,1.0
1590,0.45800668,15.7952385,15.773233,0.0,0.0,1.0,1.0
1591,0.28032187,15.905804,15.901927,0.0,0.0,1.0,1.0
1592,0.45147493,15.875568,16.004738,0.0,0.0,1.0,1.0
1593,0.4425713,15.99626,16.081615,0.0,0.0,1.0,1.0
1594,0.4341348,16.17137,16.184156,0.0,0.0,1.0,1.0
1595,0.4235532,16.327078,16.270702,0.0,0.0,1.0,1.0
1596,0.41303384,16.510553,16.348057,0.0,0.0,1.0,1.0
1597,0.25225875,16.563587,16.424278,0.0,0.0,1.0,1.0
1598,0.40367708,16.637985,16.491299,0.0,0.0,1.0,1.0
1599,0.39640787,16.760132,16.565186,0.0,0.0,1.0,1.0
1600,0.3972755,16.874607,16.64955,0.0,0.0,1.0,1.0
1601,0.25734466,16.758488,16.73625,0.0,0.0,1.0,1.0
1602,0.40355963,16.709908,16.809118,0.0,0.0,1.0,1.0
1603,0.40786302,16.71006,16.871983,0.0,0.0,1.0,1.0
1604,0.4182568,16.762197,16.9328,0.0,0.0,1.0,1.0
1605,0.42601866,17.008633,16.985136,0.0,0.0,1.0,1.0
1606,0.4328867,17.211773,17.021164,0.0,0.0,1.0,1.0
1607,0.44017184,17.201492,17.049269,0.0,0.0,1.0,1.0
1608,0.29005027,17.264925,17.092693,0.0,0.0,1.0,1.0
1609,0.44702637,17.293406,17.147184,0.0,0.0,1.0,1.0
1610,0.45949414,17.266016,17.202946,0.0,0.0,1.0,1.0
1611,0.46667233,17.192457,17.264645,0.0,0.0,1.0,1.0
1612,0.4809097,17.211868,17.304321,0.0,0.0,1.0,1.0
1613,0.49959856,17.279585,17.342966,0.0,0.0,1.0,1.0
1614,0.5175858,17.36379,17.386242,0.0,0.0,1.0,1.0
1615,0.5336573,17.37921,17.428488,0.0,0.0,1.0,1.0
1616,0.40840316,17.50258,17.464767,0.0,0.0,1.0,1.0
1617,0.5409117,17.48476,17.489435,0.0,0.0,1.0,1.0
1618,0.55791444,17.675493,17.514011,0.0,0.0,1.0,1.0
1619,0.5734909,17.72081,17.52781,0.0,0.0,1.0,1.0
1620,0.59313303,17.77187,17.5263,0.0,0.0,1.0,1.0
1621,0.61832577,17.728775,17.527124,0.0,0.0,1.0,1.0
1622,0.64413005,17.562014,17.536562,0.0,0.0,1.0,1.0
1623,0.659017,17.487389,17.532158,0.0,0.0,1.0,1.0
1624,0.48066497,17.377445,17.525095,0.0,0.0,1.0,1.0
1625,0.6680831,17.261465,17.500305,0.0,0.0,1.0,1.0
1626,0.67257845,17.37369,17.473091,0.0,0.0,1.0,1.0
1627,0.6876962,17.492455,17.44027,0.0,0.0,1.0,1.0
1628,0.7049868,17.449728,17.416464,0.0,0.0,1.0,1.0
1629,0.71946174,17.400017,17.398758,0.0,0.0,1.0,1.0
1630,0.7403134,17.37801,17.38266,0.0,0.0,1.0,1.0
1631,0.58486104,17.39423,17.370827,0.0,0.0,1.0,1.0
1632,0.7501155,17.378025,17.364408,0.0,0.0,1.0,1.0
1633,0.76155746,17.443106,17.345148,0.0,0.0,1.0,1.0
1634,0.7600817,17.349545,17.310078,0.0,0.0,1.0,1.0
1635,0.76095283,17.294193,17.280304,0.0,0.0,1.0,1.0
1636,0.75512785,17.23545,17.254208,0.0,0.0,1.0,1.0
1637,0.5859069,17.18445,17.217705,0.0,0.0,1.0,1.0
1638,0.74979264,17.142576,17.166552,0.0,0.0,1.0,1.0
1639,0.7351528,17.071613,17.106646,0.0,0.0,1.0,1.0
1640,0.734793,17.092436,17.0388,0.0,0.0,1.0,1.0
1641,0.7411798,17.086853,16.969452,0.0,0.0,1.0,1.0
1642,0.7038103,16.939983,16.898296,0.0,0.0,1.0,1.0
1643,0.74022657,16.780384,16.81914,0.0,0.0,1.0,1.0
1644,0.7437042,16.659147,16.73016,0.0,0.0,1.0,1.0
1645,0.74706215,16.628967,16.623175,0.0,0.0,1.0,1.0
1646,0.74514496,16.517359,16.505213,0.0,0.0,1.0,1.0
1647,0.69456124,16.440332,16.376007,0.0,0.0,1.0,1.0
1648,0.7415485,16.28557,16.235344,0.0,0.0,1.0,1.0
1649,0.7385797,16.116684,16.103708,0.0,0.0,1.0,1.0
1650,0.73263735,15.858769,15.980291,0.0,0.0,1.0,1.0
1651,0.5786661,15.656073,15.857592,0.0,0.0,1.0,1.0
1652,0.7314521,15.5419655,15.730234,0.0,0.0,1.0,1.0
1653,0.7358231,15.398882,15.604409,0.0,0.0,1.0,1.0
1654,0.7378634,15.360366,15.464385,0.0,0.0,1.0,1.0
1655,0.73894435,15.299379,15.324579,0.0,0.0,1.0,1.0
1656,0.7395052,15.186748,15.186521,0.0,0.0,1.0,1.0
1657,0.6120113,15.100686,15.057569,0.0,0.0,1.0,1.0
1658,0.7434341,15.007458,14.937039,0.0,0.0,1.0,1.0
1659,0.743425,14.760041,14.813256,0.0,0.0,1.0,1.0
1660,0.74113774,14.607899,14.692622,0.0,0.0,1.0,1.0
1661,0.7355306,14.459981,14.566161,0.0,0.0,1.0,1.0
1662,0.72824186,14.311342,14.430678,0.0,0.0,1.0,1.0
1663,0.71861494,14.209722,14.2775755,0.0,0.0,1.0,1.0
1664,0.5707384,14.056573,14.130908,0.0,0.0,1.0,1.0
1665,0.7079129,13.951272,13.973838,0.0,0.0,1.0,1.0
1666,0.6975488,13.842835,13.837833,0.0,0.0,1.0,1.0
1667,0.6840378,13.673589,13.715534,0.0,0.0,1.0,1.0
1668,0.669375,13.349504,13.5980425,0.0,0.0,1.0,1.0
1669,0.6642173,13.340686,13.469028,0.0,0.0,1.0,1.0
1670,0.67686045,13.122605,13.367553,0.0,0.0,1.0,1.0
1671,0.6701751,13.127993,13.293342,0.0,0.0,1.0,1.0
1672,0.49296257,13.140308,13.230104,0.0,0.0,1.0,1.0
1673,0.66504586,13.050086,13.189773,0.0,0.0,1.0,1.0
1674,0.6519437,12.763166,13.178756,0.0,0.0,1.0,1.0
1675,0.6323843,12.992019,13.207318,0.0,0.0,1.0,1.0
1676,0.6088013,13.166037,13.2638,0.0,0.0,1.0,1.0
1677,0.58501124,13.192428,13.353779,0.0,0.0,1.0,1.0
1678,0.56625503,13.35885,13.47184,0.0,0.0,1.0,1.0
1679,0.55578023,13.541389,13.623026,0.0,0.0,1.0,1.0
1680,0.55574656,13.692253,13.795707,0.0,0.0,1.0,1.0
1681,0.376637,14.018461,14.027881,0.0,0.0,1.0,1.0
1682,0.54927355,14.202361,14.261951,0.0,0.0,1.0,1.0
1683,0.54553354,14.544722,14.51666,0.0,0.0,1.0,1.0
1684,0.5324986,14.954534,14.802667,0.0,0.0,1.0,1.0
1685,0.521678,15.122267,15.108438,0.0,0.0,1.0,1.0
1686,0.501555,15.54925,15.415342,0.0,0.0,1.0,1.0
1687,0.42646542,15.800867,15.717518,0.0,0.0,1.0,1.0
1688,0.48669475,16.222536,16.006681,0.0,0.0,1.0,1.0
1689,0.46720982,16.624508,16.290133,0.0,0.0,1.0,1.0
1690,0.4493479,17.028105,16.554276,0.0,0.0,1.0,1.0
1691,0.42959785,17.224243,16.80035,0.0,0.0,1.0,1.0
1692,0.41009265,17.318363,17.037895,0.0,0.0,1.0,1.0
1693,0.41187823,17.488413,17.253391,0.0,0.0,1.0,1.0
1694,0.3940629,17.603786,17.453781,0.0,0.0,1.0,1.0
1695,0.38820305,17.714432,17.631617,0.0,0.0,1.0,1.0
1696,0.38545042,17.907438,17.784456,0.0,0.0,1.0,1.0
1697,0.3839922,17.9728,17.90529,0.0,0.0,1.0,1.0
1698,0.38342983,18.135214,17.99792,0.0,0.0,1.0,1.0
1699,0.38635385,18.205547,18.059822,0.0,0.0,1.0,1.0
1700,0.38618305,18.356544,18.093676,0.0,0.0,1.0,1.0
1701,0.39062417,18.45858,18.116709,0.0,0.0,1.0,1.0
1702,0.26421615,18.478128,18.12725,0.0,0.0,1.0,1.0
1703,0.3915935,18.335781,18.123594,0.0,0.0,1.0,1.0
1704,0.4073226,18.0612,18.12433,0.0,0.0,1.0,1.0
1705,0.28491768,17.89466,18.105549,0.0,0.0,1.0,1.0
1706,0.43050966,17.880178,18.0682,0.0,0.0,1.0,1.0
1707,0.45500726,17.840933,18.010849,0.0,0.0,1.0,1.0
1708,0.48271725,17.863558,17.924822,0.0,0.0,1.0,1.0
1709,0.50503004,17.98165,17.839909,0.0,0.0,1.0,1.0
1710,0.5260936,17.909828,17.770287,0.0,0.0,1.0,1.0
1711,0.54156566,17.757357,17.712679,0.0,0.0,1.0,1.0
1712,0.38030514,17.668344,17.65371,0.0,0.0,1.0,1.0
1713,0.546651,17.42624,17.58959,0.0,0.0,1.0,1.0
1714,0.5529005,17.459185,17.525278,0.0,0.0,1.0,1.0
1715,0.56483716,17.500313,17.459064,0.0,0.0,1.0,1.0
1716,0.57367146,17.369896,17.393324,0.0,0.0,1.0,1.0
1717,0.59334457,17.187033,17.338013,0.0,0.0,1.0,1.0
1718,0.61261225,17.110744,17.28665,0.0,0.0,1.0,1.0
1719,0.4859747,17.069195,17.241417,0.0,0.0,1.0,1.0
1720,0.62914133,17.068981,17.202095,0.0,0.0,1.0,1.0
1721,0.64856064,17.19276,17.162497,0.0,0.0,1.0,1.0
1722,0.67870533,17.246094,17.113083,0.0,0.0,1.0,1.0
1723,0.69416845,17.141016,17.07778,0.0,0.0,1.0,1.0
1724,0.7104508,17.125546,17.069265,0.0,0.0,1.0,1.0
1725,0.7137589,16.954384,17.068026,0.0,0.0,1.0,1.0
1726,0.52556866,16.984007,17.06444,0.0,0.0,1.0,1.0
1727,0.7155153,16.907343,17.055454,0.0,0.0,1.0,1.0
1728,0.71541065,16.946257,17.03156,0.0,0.0,1.0,1.0
1729,0.7126876,17.08485,17.001085,0.0,0.0,1.0,1.0
1730,0.70474,17.09587,16.987053,0.0,0.0,1.0,1.0
1731,0.5373788,17.026176,16.960785,0.0,0.0,1.0,1.0
1732,0.71294653,16.961147,16.94691,0.0,0.0,1.0,1.0
1733,0.7258688,16.906046,16.92253,0.0,0.0,1.0,1.0
1734,0.53946525,16.880392,16.903294,0.0,0.0,1.0,1.0
1735,0.73198766,16.972609,16.870125,0.0,0.0,1.0,1.0
1736,0.7419429,16.810339,16.81673,0.0,0.0,1.0,1.0
1737,0.7482648,16.787897,16.75507,0.0,0.0,1.0,1.0
1738,0.7500794,16.691422,16.70177,0.0,0.0,1.0,1.0
1739,0.74726164,16.67653,16.642023,0.0,0.0,1.0,1.0
1740,0.7431027,16.548227,16.574915,0.0,0.0,1.0,1.0
1741,0.58200794,16.444101,16.493351,0.0,0.0,1.0,1.0
1742,0.7398245,16.355957,16.397667,0.0,0.0,1.0,1.0
1743,0.7329441,16.38658,16.307837,0.0,0.0,1.0,1.0
1744,0.7298976,16.244175,16.222008,0.0,0.0,1.0,1.0
1745,0.7274275,16.100754,16.135315,0.0,0.0,1.0,1.0
1746,0.67504925,15.901611,16.041668,0.0,0.0,1.0,1.0
1747,0.72530764,15.824405,15.9604225,0.0,0.0,1.0,1.0
1748,0.7295019,15.732387,15.874083,0.0,0.0,1.0,1.0
1749,0.7334768,15.757947,15.803087,0.0,0.0,1.0,1.0
1750,0.7358904,15.651113,15.72105,0.0,0.0,1.0,1.0
1751,0.6881378,15.552765,15.646463,0.0,0.0,1.0,1.0
1752,0.7327108,15.573277,15.588045,0.0,0.0,1.0,1.0
1753,0.72646844,15.408027,15.538916,0.0,0.0,1.0,1.0
1754,0.71569973,15.504013,15.491536,0.0,0.0,1.0,1.0
1755,0.70616007,15.402128,15.445893,0.0,0.0,1.0,1.0
1756,0.6962113,15.3491335,15.382919,0.0,0.0,1.0,1.0
1757,0.69014287,15.39974,15.327573,0.0,0.0,1.0,1.0
1758,0.6978975,15.312057,15.2614155,0.0,0.0,1.0,1.0
1759,0.7057881,15.255851,15.19425,0.0,0.0,1.0,1.0
1760,0.5414909,15.184669,15.1357765,0.0,0.0,1.0,1.0
1761,0.7069308,15.002256,15.069277,0.0,0.0,1.0,1.0
1762,0.7026334,14.986956,14.993399,0.0,0.0,1.0,1.0
1763,0.6944933,14.758879,14.923629,0.0,0.0,1.0,1.0
1764,0.69276756,14.767292,14.849775,0.0,0.0,1.0,1.0
1765,0.67604756,14.706348,14.772219,0.0,0.0,1.0,1.0
1766,0.66051906,14.706009,14.707499,0.0,0.0,1.0,1.0
1767,0.5108714,14.491593,14.648739,0.0,0.0,1.0,1.0
1768,0.6491696,14.511898,14.606436,0.0,0.0,1.0,1.0
1769,0.636674,14.513499,14.572021,0.0,0.0,1.0,1.0
1770,0.6278794,14.381379,14.565704,0.0,0.0,1.0,1.0
1771,0.6266478,14.479199,14.575189,0.0,0.0,1.0,1.0
1772,0.62410593,14.479557,14.60351,0.0,0.0,1.0,1.0
1773,0.61696965,14.4946165,14.61355,0.0,0.0,1.0,1.0
1774,0.44477805,14.573973,14.667185,0.0,0.0,1.0,1.0
1775,0.60937595,14.683086,14.729101,0.0,0.0,1.0,1.0
1776,0.5978573,14.881101,14.797932,0.0,0.0,1.0,1.0
1777,0.58521336,15.046207,14.887374,0.0,0.0,1.0,1.0
1778,0.5699343,14.826488,15.000099,0.0,0.0,1.0,1.0
1779,0.54852855,15.135209,15.136232,0.0,0.0,1.0,1.0
1780,0.52921826,15.254899,15.290573,0.0,0.0,1.0,1.0
1781,0.3479706,15.33946,15.455795,0.0,0.0,1.0,1.0
1782,0.50468695,15.454692,15.632498,0.0,0.0,1.0,1.0
1783,0.48571983,15.831907,15.806907,0.0,0.0,1.0,1.0
1784,0.4617671,16.113148,15.982609,0.0,0.0,1.0,1.0
1785,0.44026053,16.346703,16.202047,0.0,0.0,1.0,1.0
1786,0.41830558,16.55664,16.408916,0.0,0.0,1.0,1.0
1787,0.40975982,16.803514,16.608442,0.0,0.0,1.0,1.0
1788,0.40447864,16.974014,16.815125,0.0,0.0,1.0,1.0
1789,0.39877003,17.154634,17.052864,0.0,0.0,1.0,1.0
1790,0.39247176,17.459745,17.266293,0.0,0.0,1.0,1.0
1791,0.38693115,17.617643,17.470108,0.0,0.0,1.0,1.0
1792,0.3809769,17.649204,17.673916,0.0,0.0,1.0,1.0
1793,0.37424323,17.81965,17.882278,0.0,0.0,1.0,1.0
1794,0.37117198,18.307554,18.076427,0.0,0.0,1.0,1.0
1795,0.36935478,18.393047,18.257524,0.0,0.0,1.0,1.0
1796,0.3723205,18.55895,18.428642,0.0,0.0,1.0,1.0
1797,0.38366407,18.792385,18.581722,0.0,0.0,1.0,1.0
1798,0.39699152,19.057,18.71287,0.0,0.0,1.0,1.0
1799,0.25838292,19.133308,18.849154,0.0,0.0,1.0,1.0
1800,0.40718678,19.147163,18.972826,0.0,0.0,1.0,1.0
1801,0.42136085,19.208057,19.045498,0.0,0.0,1.0,1.0
1802,0.4309938,19.296707,19.113369,0.0,0.0,1.0,1.0
1803,0.4422449,19.191418,19.172857,0.0,0.0,1.0,1.0
1804,0.45454273,19.284607,19.221512,0.0,0.0,1.0,1.0
1805,0.32262745,19.303709,19.247099,0.0,0.0,1.0,1.0
1806,0.46821406,19.179632,19.27183,0.0,0.0,1.0,1.0
1807,0.48734242,19.20748,19.292227,0.0,0.0,1.0,1.0
1808,0.49926892,19.272833,19.294113,0.0,0.0,1.0,1.0
1809,0.51823753,19.376236,19.271976,0.0,0.0,1.0,1.0
1810,0.54000294,19.36404,19.25342,0.0,0.0,1.0,1.0
1811,0.56085694,19.430065,19.225508,0.0,0.0,1.0,1.0
1812,0.5740002,19.391933,19.185888,0.0,0.0,1.0,1.0
1813,0.4167502,19.230698,19.153522,0.0,0.0,1.0,1.0
1814,0.58506256,19.031075,19.117826,0.0,0.0,1.0,1.0
1815,0.59873956,18.968735,19.069204,0.0,0.0,1.0,1.0
1816,0.6083711,18.949648,19.004477,0.0,0.0,1.0,1.0
1817,0.6176754,18.828278,18.935051,0.0,0.0,1.0,1.0
1818,0.6330173,18.791239,18.85345,0.0,0.0,1.0,1.0
1819,0.6477573,18.779133,18.771276,0.0,0.0,1.0,1.0
1820,0.6632013,18.689375,18.697409,0.0,0.0,1.0,1.0
1821,0.67978984,18.5995,18.635626,0.0,0.0,1.0,1.0
1822,0.4905627,18.530926,18.568235,0.0,0.0,1.0,1.0
1823,0.69131505,18.450878,18.492037,0.0,0.0,1.0,1.0
1824,0.6994099,18.405834,18.429157,0.0,0.0,1.0,1.0
1825,0.7025091,18.34429,18.370485,0.0,0.0,1.0,1.0
1826,0.71399516,18.289684,18.307806,0.0,0.0,1.0,1.0
1827,0.7239454,18.160042,18.237476,0.0,0.0,1.0,1.0
1828,0.7305176,18.035261,18.169296,0.0,0.0,1.0,1.0
1829,0.55651486,18.07372,18.097094,0.0,0.0,1.0,1.0
1830,0.7391281,18.08717,18.02945,0.0,0.0,1.0,1.0
1831,0.7369381,18.026995,17.961067,0.0,0.0,1.0,1.0
1832,0.73729396,17.84542,17.890461,0.0,0.0,1.0,1.0
1833,0.73647463,17.781326,17.810966,0.0,0.0,1.0,1.0
1834,0.73095727,17.664492,17.725796,0.0,0.0,1.0,1.0
1835,0.67267317,17.639158,17.629818,0.0,0.0,1.0,1.0
1836,0.72608453,17.585238,17.519344,0.0,0.0,1.0,1.0
1837,0.71163875,17.497036,17.390572,0.0,0.0,1.0,1.0
1838,0.71194726,17.335728,17.246344,0.0,0.0,1.0,1.0
1839,0.6499706,17.137993,17.102453,0.0,0.0,1.0,1.0
1840,0.711997,16.883535,16.94176,0.0,0.0,1.0,1.0
1841,0.7141304,16.74805,16.769394,0.0,0.0,1.0,1.0
1842,0.7112548,16.54188,16.580307,0.0,0.0,1.0,1.0
1843,0.7117464,16.296276,16.37606,0.0,0.0,1.0,1.0
1844,0.70582503,16.118736,16.158815,0.0,0.0,1.0,1.0
1845,0.6997015,15.852995,15.9380245,0.0,0.0,1.0,1.0
1846,0.6929419,15.596102,15.709506,0.0,0.0,1.0,1.0
1847,0.5444027,15.370126,15.488758,0.0,0.0,1.0,1.0
1848,0.69659877,15.134268,15.270679,0.0,0.0,1.0,1.0
1849,0.7007772,14.890094,15.058509,0.0,0.0,1.0,1.0
1850,0.70602375,14.686237,14.8443365,0.0,0.0,1.0,1.0
1851,0.7098607,14.395774,14.634672,0.0,0.0,1.0,1.0
1852,0.70812726,14.234554,14.426648,0.0,0.0,1.0,1.0
1853,0.5594769,14.131113,14.238704,0.0,0.0,1.0,1.0
1854,0.7026513,13.995833,14.079777,0.0,0.0,1.0,1.0
1855,0.69944865,13.726209,13.937152,0.0,0.0,1.0,1.0
1856,0.6971243,13.602757,13.822489,0.0,0.0,1.0,1.0
1857,0.6930761,13.356708,13.720507,0.0,0.0,1.0,1.0
1858,0.69045633,13.3407755,13.626694,0.0,0.0,1.0,1.0
1859,0.6851303,13.462996,13.530286,0.0,0.0,1.0,1.0
1860,0.51196605,13.422768,13.4391165,0.0,0.0,1.0,1.0
1861,0.6767547,13.51414,13.365434,0.0,0.0,1.0,1.0
1862,0.6629695,13.462455,13.316839,0.0,0.0,1.0,1.0
1863,0.6495905,13.270017,13.289823,0.0,0.0,1.0,1.0
1864,0.6345659,13.077663,13.291425,0.0,0.0,1.0,1.0
1865,0.6172952,13.037078,13.298831,0.0,0.0,1.0,1.0
1866,0.6060429,13.111643,13.322968,0.0,0.0,1.0,1.0
1867,0.59625125,13.143068,13.366034,0.0,0.0,1.0,1.0
1868,0.4331004,13.278556,13.419398,0.0,0.0,1.0,1.0
1869,0.5972258,13.375942,13.477592,0.0,0.0,1.0,1.0
1870,0.5876846,13.42965,13.552205,0.0,0.0,1.0,1.0
1871,0.5800124,13.752634,13.653075,0.0,0.0,1.0,1.0
1872,0.5621267,13.939552,13.755081,0.0,0.0,1.0,1.0
1873,0.5431182,14.154526,13.868185,0.0,0.0,1.0,1.0
1874,0.3362859,14.160784,14.011767,0.0,0.0,1.0,1.0
1875,0.51611555,14.165366,14.179386,0.0,0.0,1.0,1.0
1876,0.4827388,14.288109,14.363323,0.0,0.0,1.0,1.0
1877,0.29224262,14.2611475,14.548599,0.0,0.0,1.0,1.0
1878,0.46135646,14.46889,14.729026,0.0,0.0,1.0,1.0
1879,0.4557329,14.8660555,14.895737,0.0,0.0,1.0,1.0
1880,0.4497428,15.289983,15.058859,0.0,0.0,1.0,1.0
1881,0.44241935,15.583181,15.237836,0.0,0.0,1.0,1.0
1882,0.43109775,15.652965,15.437845,0.0,0.0,1.0,1.0
1883,0.4217033,15.917749,15.636257,0.0,0.0,1.0,1.0
1884,0.40535018,15.940082,15.838478,0.0,0.0,1.0,1.0
1885,0.3919351,16.111996,16.031162,0.0,0.0,1.0,1.0
1886,0.37613606,16.308506,16.192596,0.0,0.0,1.0,1.0
1887,0.3660059,16.565485,16.336666,0.0,0.0,1.0,1.0
1888,0.345502,16.669046,16.475752,0.0,0.0,1.0,1.0
1889,0.35898438,16.687794,16.623817,0.0,0.0,1.0,1.0
1890,0.35744977,16.781109,16.752642,0.0,0.0,1.0,1.0
1891,0.3590589,16.803268,16.892014,0.0,0.0,1.0,1.0
1892,0.3505938,17.018816,17.027206,0.0,0.0,1.0,1.0
1893,0.3632923,17.252216,17.157387,0.0,0.0,1.0,1.0
1894,0.36571708,17.429752,17.273981,0.0,0.0,1.0,1.0
1895,0.37138033,17.463634,17.39555,0.0,0.0,1.0,1.0
1896,0.37957773,17.612534,17.521479,0.0,0.0,1.0,1.0
1897,0.39539552,17.734312,17.641258,0.0,0.0,1.0,1.0
1898,0.25939324,17.870678,17.740828,0.0,0.0,1.0,1.0
1899,0.39976868,17.96461,17.825106,0.0,0.0,1.0,1.0
1900,0.41207594,18.127886,17.8963,0.0,0.0,1.0,1.0
1901,0.42473143,18.198925,17.965446,0.0,0.0,1.0,1.0
1902,0.30837142,18.21848,18.042044,0.0,0.0,1.0,1.0
1903,0.44191292,17.99809,18.09911,0.0,0.0,1.0,1.0
1904,0.46475923,18.03014,18.141647,0.0,0.0,1.0,1.0
1905,0.48920473,18.106548,18.162485,0.0,0.0,1.0,1.0
1906,0.51061535,18.259533,18.172518,0.0,0.0,1.0,1.0
1907,0.37553334,18.382795,18.173903,0.0,0.0,1.0,1.0
1908,0.54235303,18.297323,18.153145,0.0,0.0,1.0,1.0
1909,0.55858785,18.244764,18.123562,0.0,0.0,1.0,1.0
1910,0.57558435,18.120722,18.098127,0.0,0.0,1.0,1.0
1911,0.5907827,18.085009,18.0595,0.0,0.0,1.0,1.0
1912,0.5964039,18.144503,17.99096,0.0,0.0,1.0,1.0
1913,0.6112749,17.949835,17.898972,0.0,0.0,1.0,1.0
1914,0.6304001,17.863487,17.809647,0.0,0.0,1.0,1.0
1915,0.48797554,17.692873,17.727636,0.0,0.0,1.0,1.0
1916,0.64265513,17.566603,17.64828,0.0,0.0,1.0,1.0
1917,0.66395956,17.284052,17.575672,0.0,0.0,1.0,1.0
1918,0.678907,17.1557,17.502005,0.0,0.0,1.0,1.0
1919,0.69193125,17.310888,17.426968,0.0,0.0,1.0,1.0
1920,0.70459265,17.313202,17.364569,0.0,0.0,1.0,1.0
1921,0.7176838,17.292477,17.310522,0.0,0.0,1.0,1.0
1922,0.52376616,17.24943,17.268305,0.0,0.0,1.0,1.0
1923,0.72294325,17.200998,17.230074,0.0,0.0,1.0,1.0
1924,0.72146064,17.244059,17.217749,0.0,0.0,1.0,1.0
1925,0.7148644,17.201067,17.217316,0.0,0.0,1.0,1.0
1926,0.703321,17.214914,17.21066,0.0,0.0,1.0,1.0
1927,0.6924644,17.186275,17.201647,0.0,0.0,1.0,1.0
1928,0.52876455,17.10782,17.194742,0.0,0.0,1.0,1.0
1929,0.6924406,17.136143,17.197342,0.0,0.0,1.0,1.0
1930,0.7031645,17.150524,17.188663,0.0,0.0,1.0,1.0
1931,0.7097553,17.23102,17.170244,0.0,0.0,1.0,1.0
1932,0.52938724,17.205044,17.15148,0.0,0.0,1.0,1.0
1933,0.7138959,17.20962,17.113764,0.0,0.0,1.0,1.0
1934,0.7153066,17.28063,17.065462,0.0,0.0,1.0,1.0
1935,0.7119394,17.096851,17.00466,0.0,0.0,1.0,1.0
1936,0.70525825,17.023031,16.932175,0.0,0.0,1.0,1.0
1937,0.7029772,16.975891,16.841177,0.0,0.0,1.0,1.0
1938,0.697412,16.762308,16.734686,0.0,0.0,1.0,1.0
1939,0.6927089,16.606667,16.604544,0.0,0.0,1.0,1.0
1940,0.6923772,16.37819,16.459137,0.0,0.0,1.0,1.0
1941,0.54975265,16.266327,16.291767,0.0,0.0,1.0,1.0
1942,0.6970186,16.058548,16.122652,0.0,0.0,1.0,1.0
1943,0.7013172,15.953132,15.950929,0.0,0.0,1.0,1.0
1944,0.6995885,15.64333,15.784657,0.0,0.0,1.0,1.0
1945,0.70502836,15.464749,15.612014,0.0,0.0,1.0,1.0
1946,0.7063222,15.272193,15.432991,0.0,0.0,1.0,1.0
1947,0.55704206,15.067457,15.256261,0.0,0.0,1.0,1.0
1948,0.70091677,14.962357,15.070716,0.0,0.0,1.0,1.0
1949,0.6960571,14.980622,14.900546,0.0,0.0,1.0,1.0
1950,0.6868363,14.6905985,14.72374,0.0,0.0,1.0,1.0
1951,0.6758012,14.45839,14.567426,0.0,0.0,1.0,1.0
1952,0.6610955,14.25743,14.4004965,0.0,0.0,1.0,1.0
1953,0.64877087,14.03978,14.233371,0.0,0.0,1.0,1.0
1954,0.642629,14.016514,14.083106,0.0,0.0,1.0,1.0
1955,0.5190824,13.831459,13.94835,0.0,0.0,1.0,1.0
1956,0.6431444,13.767561,13.822234,0.0,0.0,1.0,1.0
1957,0.6424659,13.4615965,13.720609,0.0,0.0,1.0,1.0
1958,0.6356681,13.266683,13.636403,0.0,0.0,1.0,1.0
1959,0.6306547,13.264288,13.574504,0.0,0.0,1.0,1.0
1960,0.615899,13.345283,13.5269,0.0,0.0,1.0,1.0
1961,0.607124,13.467223,13.505906,0.0,0.0,1.0,1.0
1962,0.42949802,13.471104,13.517819,0.0,0.0,1.0,1.0
1963,0.59701645,13.447918,13.545038,0.0,0.0,1.0,1.0
1964,0.5792185,13.514638,13.612503,0.0,0.0,1.0,1.0
1965,0.55501366,13.46854,13.701187,0.0,0.0,1.0,1.0
1966,0.5425228,13.764576,13.815283,0.0,0.0,1.0,1.0
1967,0.54266864,13.974424,13.942151,0.0,0.0,1.0,1.0
1968,0.5378561,14.09419,14.092589,0.0,0.0,1.0,1.0
1969,0.527502,14.271175,14.26899,0.0,0.0,1.0,1.0
1970,0.32281733,14.330886,14.471868,0.0,0.0,1.0,1.0
1971,0.52341074,14.633437,14.659516,0.0,0.0,1.0,1.0
1972,0.50994533,14.867698,14.862956,0.0,0.0,1.0,1.0
1973,0.4963605,15.272488,15.052917,0.0,0.0,1.0,1.0
1974,0.48133224,15.587909,15.244838,0.0,0.0,1.0,1.0
1975,0.45877442,15.88245,15.415179,0.0,0.0,1.0,1.0
1976,0.27840695,15.766423,15.596913,0.0,0.0,1.0,1.0
1977,0.44328067,15.909818,15.796601,0.0,0.0,1.0,1.0
1978,0.41728142,16.0441,15.983241,0.0,0.0,1.0,1.0
1979,0.39770105,16.277481,16.179203,0.0,0.0,1.0,1.0
1980,0.3754074,16.138285,16.372204,0.0,0.0,1.0,1.0
1981,0.35747883,16.451982,16.558147,0.0,0.0,1.0,1.0
1982,0.34455737,16.72714,16.734074,0.0,0.0,1.0,1.0
1983,0.34157056,16.873116,16.930159,0.0,0.0,1.0,1.0
1984,0.3514418,17.219244,17.130001,0.0,0.0,1.0,1.0
1985,0.33979937,17.588493,17.339977,0.0,0.0,1.0,1.0
1986,0.34141493,17.819227,17.522484,0.0,0.0,1.0,1.0
1987,0.3387609,17.993563,17.745258,0.0,0.0,1.0,1.0
1988,0.33798316,18.119463,17.93708,0.0,0.0,1.0,1.0
1989,0.33840021,18.307917,18.118813,0.0,0.0,1.0,1.0
1990,0.33635956,18.563812,18.299854,0.0,0.0,1.0,1.0
1991,0.34543693,18.46757,18.480404,0.0,0.0,1.0,1.0
1992,0.34148315,18.811563,18.63235,0.0,0.0,1.0,1.0
1993,0.34509283,18.753868,18.754833,0.0,0.0,1.0,1.0
1994,0.35804823,18.907906,18.883127,0.0,0.0,1.0,1.0
1995,0.23232763,19.045614,19.014204,0.0,0.0,1.0,1.0
1996,0.37950164,19.38585,19.1131,0.0,0.0,1.0,1.0
1997,0.4000719,19.411861,19.187689,0.0,0.0,1.0,1.0
1998,0.41497827,19.289011,19.260406,0.0,0.0,1.0,1.0
1999,0.42698577,19.533094,19.309254,0.0,0.0,1.0,1.0
2000,0.43821597,19.692371,19.364376,0.0,0.0,1.0,1.0
2001,0.4536286,19.494669,19.40844,0.0,0.0,1.0,1.0
2002,0.34118512,19.458878,19.456678,0.0,0.0,1.0,1.0
2003,0.4634667,19.340195,19.485722,0.0,0.0,1.0,1.0
2004,0.48090735,19.397732,19.524958,0.0,0.0,1.0,1.0
2005,0.49746108,19.415321,19.582237,0.0,0.0,1.0,1.0
2006,0.51888484,19.436668,19.61269,0.0,0.0,1.0,1.0
2007,0.53758687,19.624495,19.607811,0.0,0.0,1.0,1.0
2008,0.5645222,19.73436,19.624811,0.0,0.0,1.0,1.0
2009,0.4214614,19.882704,19.651592,0.0,0.0,1.0,1.0
2010,0.58952576,19.97635,19.677317,0.0,0.0,1.0,1.0
2011,0.61398035,19.898533,19.67575,0.0,0.0,1.0,1.0
2012,0.6330566,19.63383,19.68663,0.0,0.0,1.0,1.0
2013,0.6426898,19.69866,19.698994,0.0,0.0,1.0,1.0
2014,0.6461159,19.78025,19.702585,0.0,0.0,1.0,1.0
2015,0.64716035,19.648893,19.699518,0.0,0.0,1.0,1.0
2016,0.65193635,19.378952,19.686329,0.0,0.0,1.0,1.0
2017,0.48715317,19.545872,19.660591,0.0,0.0,1.0,1.0
2018,0.65338445,19.585014,19.63372,0.0,0.0,1.0,1.0
2019,0.6542677,19.667603,19.623875,0.0,0.0,1.0,1.0
2020,0.6494813,19.697569,19.610085,0.0,0.0,1.0,1.0
2021,0.6733874,19.724424,19.578146,0.0,0.0,1.0,1.0
2022,0.690026,19.66749,19.555513,0.0,0.0,1.0,1.0
2023,0.69591874,19.576094,19.572577,0.0,0.0,1.0,1.0
2024,0.6994262,19.51568,19.556953,0.0,0.0,1.0,1.0
2025,0.4925969,19.533167,19.52532,0.0,0.0,1.0,1.0
2026,0.70535827,19.396996,19.472322,0.0,0.0,1.0,1.0
2027,0.7083867,19.377304,19.405462,0.0,0.0,1.0,1.0
2028,0.7080744,19.58371,19.312992,0.0,0.0,1.0,1.0
2029,0.70768774,19.358397,19.209248,0.0,0.0,1.0,1.0
2030,0.7021096,19.20541,19.097462,0.0,0.0,1.0,1.0
2031,0.6948588,19.03162,18.96043,0.0,0.0,1.0,1.0
2032,0.6892211,18.895248,18.79354,0.0,0.0,1.0,1.0
2033,0.68091106,18.6148,18.611538,0.0,0.0,1.0,1.0
2034,0.678032,18.422543,18.400633,0.0,0.0,1.0,1.0
2035,0.6780232,18.234663,18.147148,0.0,0.0,1.0,1.0
2036,0.67872256,17.871307,17.88154,0.0,0.0,1.0,1.0
2037,0.67991954,17.530466,17.603472,0.0,0.0,1.0,1.0
2038,0.67705816,17.212992,17.310204,0.0,0.0,1.0,1.0
2039,0.6728747,16.846436,16.991804,0.0,0.0,1.0,1.0
2040,0.53217155,16.54189,16.6753,0.0,0.0,1.0,1.0
2041,0.6656264,16.17112,16.348394,0.0,0.0,1.0,1.0
2042,0.6560372,15.868582,16.01815,0.0,0.0,1.0,1.0
2043,0.6468821,15.512396,15.699516,0.0,0.0,1.0,1.0
2044,0.51714617,15.074458,15.388461,0.0,0.0,1.0,1.0
2045,0.6535869,14.8167515,15.137611,0.0,0.0,1.0,1.0
2046,0.65583915,14.499676,14.914258,0.0,0.0,1.0,1.0
2047,0.66113544,14.2717285,14.726128,0.0,0.0,1.0,1.0
2048,0.66147226,14.047699,14.55115,0.0,0.0,1.0,1.0
2049,0.51459694,13.797808,14.385468,0.0,0.0,1.0,1.0
2050,0.6531156,14.20279,14.238784,0.0,0.0,1.0,1.0
2051,0.64552873,14.166199,14.124564,0.0,0.0,1.0,1.0
2052,0.6300747,14.284327,14.014622,0.0,0.0,1.0,1.0
2053,0.614115,14.071393,13.942731,0.0,0.0,1.0,1.0
2054,0.61292577,13.880384,13.884543,0.0,0.0,1.0,1.0
2055,0.6123877,13.752196,13.844731,0.0,0.0,1.0,1.0
2056,0.475399,13.703819,13.832853,0.0,0.0,1.0,1.0
2057,0.6050882,13.497441,13.797249,0.0,0.0,1.0,1.0
2058,0.6003041,13.636989,13.770678,0.0,0.0,1.0,1.0
2059,0.590935,13.573471,13.753201,0.0,0.0,1.0,1.0
2060,0.58064866,13.569962,13.7391,0.0,0.0,1.0,1.0
2061,0.5674758,13.655266,13.714452,0.0,0.0,1.0,1.0
2062,0.55368793,13.775545,13.711404,0.0,0.0,1.0,1.0
2063,0.38214967,13.847341,13.713429,0.0,0.0,1.0,1.0
2064,0.5410712,14.074595,13.749192,0.0,0.0,1.0,1.0
2065,0.51781917,13.902195,13.791347,0.0,0.0,1.0,1.0
2066,0.50876606,13.584601,13.863089,0.0,0.0,1.0,1.0
2067,0.4983984,13.715623,13.946058,0.0,0.0,1.0,1.0
2068,0.48304966,13.728128,14.05203,0.0,0.0,1.0,1.0
2069,0.46145877,13.926592,14.161999,0.0,0.0,1.0,1.0
2070,0.2520002,14.1428385,14.290082,0.0,0.0,1.0,1.0
2071,0.4442308,14.434381,14.442667,0.0,0.0,1.0,1.0
2072,0.42036328,14.565599,14.631947,0.0,0.0,1.0,1.0
2073,0.39292437,14.926917,14.860268,0.0,0.0,1.0,1.0
2074,0.36509743,15.095171,15.107374,0.0,0.0,1.0,1.0
2075,0.36433768,15.384344,15.363957,0.0,0.0,1.0,1.0
2076,0.3590632,15.905611,15.658751,0.0,0.0,1.0,1.0
2077,0.35648233,16.173548,15.9355345,0.0,0.0,1.0,1.0
2078,0.3517159,16.324465,16.199764,0.0,0.0,1.0,1.0
2079,0.18051025,16.680895,16.472042,0.0,0.0,1.0,1.0
2080,0.3447699,16.80713,16.731174,0.0,0.0,1.0,1.0
2081,0.3380393,17.464111,16.991016,0.0,0.0,1.0,1.0
2082,0.32932663,17.464245,17.23063,0.0,0.0,1.0,1.0
2083,0.32132733,17.605127,17.447878,0.0,0.0,1.0,1.0
2084,0.31803918,17.832937,17.646185,0.0,0.0,1.0,1.0
2085,0.3200384,18.036516,17.839327,0.0,0.0,1.0,1.0
2086,0.32386816,18.213274,18.012655,0.0,0.0,1.0,1.0
2087,0.3338165,18.25971,18.160164,0.0,0.0,1.0,1.0
2088,0.34090126,18.512568,18.249794,0.0,0.0,1.0,1.0
2089,0.3501625,18.553232,18.346533,0.0,0.0,1.0,1.0
2090,0.3627301,18.642164,18.415651,0.0,0.0,1.0,1.0
2091,0.37414864,18.76084,18.47074,0.0,0.0,1.0,1.0
2092,0.38408574,18.57723,18.50494,0.0,0.0,1.0,1.0
2093,0.3991699,18.53969,18.531197,0.0,0.0,1.0,1.0
2094,0.353357,18.625097,18.5443,0.0,0.0,1.0,1.0
2095,0.4210667,18.434555,18.53227,0.0,0.0,1.0,1.0
2096,0.420107,18.493998,18.516066,0.0,0.0,1.0,1.0
2097,0.43479085,18.446926,18.50273,0.0,0.0,1.0,1.0
2098,0.4501618,18.528353,18.489,0.0,0.0,1.0,1.0
2099,0.46346027,18.416946,18.489208,0.0,0.0,1.0,1.0
2100,0.42775485,18.368217,18.509544,0.0,0.0,1.0,1.0
2101,0.48720676,18.358776,18.520887,0.0,0.0,1.0,1.0
2102,0.511066,18.482132,18.550274,0.0,0.0,1.0,1.0
2103,0.40372124,18.596077,18.573704,0.0,0.0,1.0,1.0
2104,0.5309672,18.579737,18.593155,0.0,0.0,1.0,1.0
2105,0.55322546,18.783726,18.590542,0.0,0.0,1.0,1.0
2106,0.5776067,18.761208,18.60356,0.0,0.0,1.0,1.0
2107,0.5920032,18.787182,18.622086,0.0,0.0,1.0,1.0
2108,0.6010204,18.775154,18.638456,0.0,0.0,1.0,1.0
2109,0.43846738,18.680344,18.650621,0.0,0.0,1.0,1.0
2110,0.60236865,18.497002,18.660282,0.0,0.0,1.0,1.0
2111,0.6103796,18.573156,18.666744,0.0,0.0,1.0,1.0
2112,0.6261748,18.590544,18.661613,0.0,0.0,1.0,1.0
2113,0.6393411,18.55522,18.654242,0.0,0.0,1.0,1.0
2114,0.6586666,18.628101,18.64448,0.0,0.0,1.0,1.0
2115,0.6726819,18.712019,18.629688,0.0,0.0,1.0,1.0
2116,0.685514,18.657282,18.615887,0.0,0.0,1.0,1.0
2117,0.51454103,18.72214,18.60621,0.0,0.0,1.0,1.0
2118,0.69887006,18.672747,18.594917,0.0,0.0,1.0,1.0
2119,0.70100904,18.67005,18.586708,0.0,0.0,1.0,1.0
2120,0.6967108,18.597647,18.584003,0.0,0.0,1.0,1.0
2121,0.69393605,18.514727,18.587452,0.0,0.0,1.0,1.0
2122,0.6787029,18.380892,18.578583,0.0,0.0,1.0,1.0
2123,0.49534136,18.43764,18.588095,0.0,0.0,1.0,1.0
2124,0.66614175,18.492027,18.599407,0.0,0.0,1.0,1.0
2125,0.65656793,18.52278,18.594503,0.0,0.0,1.0,1.0
2126,0.6556046,18.66948,18.577845,0.0,0.0,1.0,1.0
2127,0.49471745,18.605577,18.549496,0.0,0.0,1.0,1.0
2128,0.6582263,18.771437,18.509417,0.0,0.0,1.0,1.0
2129,0.66082764,18.857882,18.457445,0.0,0.0,1.0,1.0
2130,0.65872633,18.613907,18.389711,0.0,0.0,1.0,1.0
2131,0.6538991,18.470133,18.3006,0.0,0.0,1.0,1.0
2132,0.6510494,18.257463,18.193922,0.0,0.0,1.0,1.0
2133,0.64881384,18.033777,18.074509,0.0,0.0,1.0,1.0
2134,0.6416107,17.75725,17.943747,0.0,0.0,1.0,1.0
2135,0.6398322,17.624815,17.78464,0.0,0.0,1.0,1.0
2136,0.50869066,17.422695,17.602953,0.0,0.0,1.0,1.0
2137,0.64038295,17.242655,17.439804,0.0,0.0,1.0,1.0
2138,0.6459712,17.236502,17.267427,0.0,0.0,1.0,1.0
2139,0.6539888,17.036446,17.089693,0.0,0.0,1.0,1.0
2140,0.6583161,16.862148,16.900974,0.0,0.0,1.0,1.0
2141,0.65864784,16.677639,16.724474,0.0,0.0,1.0,1.0
2142,0.52907765,16.656115,16.545805,0.0,0.0,1.0,1.0
2143,0.6507919,16.401623,16.380383,0.0,0.0,1.0,1.0
2144,0.64513475,16.12465,16.220776,0.0,0.0,1.0,1.0
2145,0.6369136,15.769165,16.06919,0.0,0.0,1.0,1.0
2146,0.62621665,15.639239,15.933081,0.0,0.0,1.0,1.0
2147,0.6168761,15.4807825,15.820349,0.0,0.0,1.0,1.0
2148,0.5050316,15.437637,15.727946,0.0,0.0,1.0,1.0
2149,0.600314,15.327363,15.63727,0.0,0.0,1.0,1.0
2150,0.58742356,15.417463,15.568233,0.0,0.0,1.0,1.0
2151,0.5785659,15.403148,15.529285,0.0,0.0,1.0,1.0
2152,0.5756503,15.509362,15.541463,0.0,0.0,1.0,1.0
2153,0.5730712,15.56881,15.556815,0.0,0.0,1.0,1.0
2154,0.56876594,15.567991,15.607901,0.0,0.0,1.0,1.0
2155,0.5614682,15.573176,15.662375,0.0,0.0,1.0,1.0
2156,0.42338845,15.657281,15.737567,0.0,0.0,1.0,1.0
2157,0.5549758,15.915297,15.843747,0.0,0.0,1.0,1.0
2158,0.53885233,15.82347,15.975199,0.0,0.0,1.0,1.0
2159,0.52133614,16.093811,16.111477,0.0,0.0,1.0,1.0
2160,0.5039727,16.091331,16.264515,0.0,0.0,1.0,1.0
2161,0.47666752,16.229664,16.416035,0.0,0.0,1.0,1.0
2162,0.4492423,16.69162,16.570337,0.0,0.0,1.0,1.0
2163,0.42184886,16.980566,16.723684,0.0,0.0,1.0,1.0
2164,0.42012146,17.144714,16.866676,0.0,0.0,1.0,1.0
2165,0.2288339,17.40526,17.027468,0.0,0.0,1.0,1.0
2166,0.42108783,17.386225,17.184464,0.0,0.0,1.0,1.0
2167,0.41506425,17.424812,17.370594,0.0,0.0,1.0,1.0
2168,0.40779054,17.497437,17.559507,0.0,0.0,1.0,1.0
2169,0.39536902,17.631195,17.743639,0.0,0.0,1.0,1.0
2170,0.3847994,17.75297,17.923897,0.0,0.0,1.0,1.0
2171,0.36835256,17.977774,18.111584,0.0,0.0,1.0,1.0
2172,0.31076667,18.324896,18.308563,0.0,0.0,1.0,1.0
2173,0.35593396,18.496613,18.505898,0.0,0.0,1.0,1.0
2174,0.3376589,18.9012,18.695852,0.0,0.0,1.0,1.0
2175,0.32339603,19.14366,18.891382,0.0,0.0,1.0,1.0
2176,0.31248847,19.396973,19.089512,0.0,0.0,1.0,1.0
2177,0.2726328,19.769003,19.302305,0.0,0.0,1.0,1.0
2178,0.30445838,19.75425,19.504055,0.0,0.0,1.0,1.0
2179,0.30157667,19.704262,19.676697,0.0,0.0,1.0,1.0
2180,0.30368146,19.8438,19.847244,0.0,0.0,1.0,1.0
2181,0.31053776,20.008753,19.988008,0.0,0.0,1.0,1.0
2182,0.27958965,20.30648,20.102137,0.0,0.0,1.0,1.0
2183,0.31248686,20.398785,20.180239,0.0,0.0,1.0,1.0
2184,0.3171937,20.396597,20.209448,0.0,0.0,1.0,1.0
2185,0.31792304,20.543163,20.229296,0.0,0.0,1.0,1.0
2186,0.3222925,20.590374,20.243752,0.0,0.0,1.0,1.0
2187,0.18809275,20.513199,20.239107,0.0,0.0,1.0,1.0
2188,0.3278685,20.334204,20.193014,0.0,0.0,1.0,1.0
2189,0.34078386,20.119507,20.134968,0.0,0.0,1.0,1.0
2190,0.35920572,19.992418,20.066748,0.0,0.0,1.0,1.0
2191,0.25431558,19.877747,19.99569,0.0,0.0,1.0,1.0
2192,0.3826231,19.788054,19.906107,0.0,0.0,1.0,1.0
2193,0.40491107,19.455643,19.793892,0.0,0.0,1.0,1.0
2194,0.42236534,19.609934,19.697102,0.0,0.0,1.0,1.0
2195,0.43971834,19.58013,19.612186,0.0,0.0,1.0,1.0
2196,0.45427182,19.543911,19.522781,0.0,0.0,1.0,1.0
2197,0.35297403,19.468174,19.432169,0.0,0.0,1.0,1.0
2198,0.4644006,19.243784,19.343254,0.0,0.0,1.0,1.0
2199,0.47663417,19.351706,19.252436,0.0,0.0,1.0,1.0
2200,0.48223755,19.315222,19.20093,0.0,0.0,1.0,1.0
2201,0.5014673,19.046646,19.134138,0.0,0.0,1.0,1.0
2202,0.5224628,18.905083,19.073645,0.0,0.0,1.0,1.0
2203,0.54487413,18.810757,19.000074,0.0,0.0,1.0,1.0
2204,0.5645022,18.698242,18.957407,0.0,0.0,1.0,1.0
2205,0.42717522,18.837566,18.91184,0.0,0.0,1.0,1.0
2206,0.5832364,18.808441,18.873714,0.0,0.0,1.0,1.0
2207,0.6049936,18.85421,18.840525,0.0,0.0,1.0,1.0
2208,0.6276805,18.66107,18.8289,0.0,0.0,1.0,1.0
2209,0.6410309,18.95617,18.839848,0.0,0.0,1.0,1.0
2210,0.6494823,18.696976,18.855085,0.0,0.0,1.0,1.0
2211,0.48685688,18.894203,18.890657,0.0,0.0,1.0,1.0
2212,0.65491164,18.916937,18.925304,0.0,0.0,1.0,1.0
2213,0.65315634,18.907139,18.96761,0.0,0.0,1.0,1.0
2214,0.64990574,19.036457,19.008287,0.0,0.0,1.0,1.0
2215,0.644746,18.993618,19.076046,0.0,0.0,1.0,1.0
2216,0.63605917,19.125095,19.105915,0.0,0.0,1.0,1.0
2217,0.62549686,19.25334,19.149292,0.0,0.0,1.0,1.0
2218,0.6323523,19.316107,19.164244,0.0,0.0,1.0,1.0
2219,0.64421505,19.34233,19.180582,0.0,0.0,1.0,1.0
2220,0.6519133,19.474192,19.177477,0.0,0.0,1.0,1.0
2221,0.47301206,19.314577,19.156235,0.0,0.0,1.0,1.0
2222,0.6595889,19.217514,19.11848,0.0,0.0,1.0,1.0
2223,0.6599762,19.073622,19.056496,0.0,0.0,1.0,1.0
2224,0.660372,19.112988,18.971647,0.0,0.0,1.0,1.0
2225,0.65414846,18.869884,18.867556,0.0,0.0,1.0,1.0
2226,0.6523175,18.781559,18.740261,0.0,0.0,1.0,1.0
2227,0.64372706,18.540558,18.580006,0.0,0.0,1.0,1.0
2228,0.64360684,18.38128,18.409616,0.0,0.0,1.0,1.0
2229,0.6435318,18.235146,18.247808,0.0,0.0,1.0,1.0
2230,0.64583755,18.067013,18.077383,0.0,0.0,1.0,1.0
2231,0.6460067,17.814804,17.884521,0.0,0.0,1.0,1.0
2232,0.64696527,17.55113,17.697409,0.0,0.0,1.0,1.0
2233,0.6451395,17.269905,17.494064,0.0,0.0,1.0,1.0
2234,0.64043677,17.275805,17.282944,0.0,0.0,1.0,1.0
2235,0.63196176,17.02852,17.063963,0.0,0.0,1.0,1.0
2236,0.50117946,16.798645,16.836948,0.0,0.0,1.0,1.0
2237,0.6251959,16.624533,16.600163,0.0,0.0,1.0,1.0
2238,0.6085615,16.341434,16.36907,0.0,0.0,1.0,1.0
2239,0.5982744,16.007105,16.153774,0.0,0.0,1.0,1.0
2240,0.59871846,15.753518,15.935931,0.0,0.0,1.0,1.0
2241,0.59914136,15.510974,15.7204,0.0,0.0,1.0,1.0
2242,0.60176235,15.225587,15.509206,0.0,0.0,1.0,1.0
2243,0.59775156,15.041683,15.303113,0.0,0.0,1.0,1.0
2244,0.46901694,14.967573,15.101754,0.0,0.0,1.0,1.0
2245,0.59400314,14.655802,14.918222,0.0,0.0,1.0,1.0
2246,0.58110076,14.689429,14.775803,0.0,0.0,1.0,1.0
2247,0.5691119,14.494186,14.659443,0.0,0.0,1.0,1.0
2248,0.5581146,14.325528,14.574989,0.0,0.0,1.0,1.0
2249,0.54072154,14.208226,14.5281105,0.0,0.0,1.0,1.0
2250,0.5282713,14.139061,14.527754,0.0,0.0,1.0,1.0
2251,0.40434527,14.298068,14.549136,0.0,0.0,1.0,1.0
2252,0.518439,14.357201,14.609214,0.0,0.0,1.0,1.0
2253,0.5139143,14.497524,14.685511,0.0,0.0,1.0,1.0
2254,0.49986562,14.663049,14.797447,0.0,0.0,1.0,1.0
2255,0.5019328,15.037395,14.941595,0.0,0.0,1.0,1.0
2256,0.49070972,15.224165,15.125426,0.0,0.0,1.0,1.0
2257,0.4790403,15.37673,15.32028,0.0,0.0,1.0,1.0
2258,0.2757555,15.604992,15.526932,0.0,0.0,1.0,1.0
2259,0.46699715,15.837424,15.762779,0.0,0.0,1.0,1.0
2260,0.45355147,16.05531,16.01524,0.0,0.0,1.0,1.0
2261,0.43376794,16.414198,16.232618,0.0,0.0,1.0,1.0
2262,0.4213847,16.477312,16.433197,0.0,0.0,1.0,1.0
2263,0.4057269,16.777885,16.634445,0.0,0.0,1.0,1.0
2264,0.39580908,17.187363,16.84562,0.0,0.0,1.0,1.0
2265,0.3765801,17.527054,17.059711,0.0,0.0,1.0,1.0
2266,0.32222298,17.2716,17.24333,0.0,0.0,1.0,1.0
2267,0.3566734,17.444323,17.401129,0.0,0.0,1.0,1.0
2268,0.33563375,17.639153,17.549744,0.0,0.0,1.0,1.0
2269,0.34010422,17.910807,17.70567,0.0,0.0,1.0,1.0
2270,0.30124524,18.174109,17.842516,0.0,0.0,1.0,1.0
2271,0.29253244,18.04085,17.94556,0.0,0.0,1.0,1.0
2272,0.3064207,17.948898,18.014523,0.0,0.0,1.0,1.0
2273,0.2924079,18.197582,18.101143,0.0,0.0,1.0,1.0
2274,0.2916794,18.348417,18.1823,0.0,0.0,1.0,1.0
2275,0.24425964,18.420038,18.247278,0.0,0.0,1.0,1.0
2276,0.289441,18.423899,18.284067,0.0,0.0,1.0,1.0
2277,0.29688704,18.354603,18.32381,0.0,0.0,1.0,1.0
2278,0.28227568,18.311033,18.367388,0.0,0.0,1.0,1.0
2279,0.14661513,18.418213,18.406141,0.0,0.0,1.0,1.0
2280,0.29024205,18.418886,18.40917,0.0,0.0,1.0,1.0
2281,0.30476353,18.352287,18.389736,0.0,0.0,1.0,1.0
2282,0.31438845,18.65101,18.374208,0.0,0.0,1.0,1.0
2283,0.3272,18.563793,18.374636,0.0,0.0,1.0,1.0
2284,0.33985317,18.413925,18.358425,0.0,0.0,1.0,1.0
2285,0.22375676,18.233946,18.330193,0.0,0.0,1.0,1.0
2286,0.35191363,18.115206,18.284615,0.0,0.0,1.0,1.0
2287,0.3637984,18.23369,18.232159,0.0,0.0,1.0,1.0
2288,0.3785743,18.429028,18.19926,0.0,0.0,1.0,1.0
2289,0.3917209,18.160095,18.13669,0.0,0.0,1.0,1.0
2290,0.4033457,17.972239,18.071089,0.0,0.0,1.0,1.0
2291,0.42614695,17.871275,18.023445,0.0,0.0,1.0,1.0
2292,0.303172,17.789412,17.98732,0.0,0.0,1.0,1.0
2293,0.44391403,17.957514,17.953854,0.0,0.0,1.0,1.0
2294,0.4627793,17.90015,17.927372,0.0,0.0,1.0,1.0
2295,0.48022202,17.776579,17.899265,0.0,0.0,1.0,1.0
2296,0.49719483,17.842197,17.895952,0.0,0.0,1.0,1.0
2297,0.5026137,17.800459,17.911728,0.0,0.0,1.0,1.0
2298,0.5206358,17.7136,17.939777,0.0,0.0,1.0,1.0
2299,0.41568646,17.91591,17.979214,0.0,0.0,1.0,1.0
2300,0.5278633,18.091753,18.009516,0.0,0.0,1.0,1.0
2301,0.5504994,18.120348,18.040724,0.0,0.0,1.0,1.0
2302,0.565833,18.161547,18.087923,0.0,0.0,1.0,1.0
2303,0.5789818,18.207869,18.139484,0.0,0.0,1.0,1.0
2304,0.596802,18.262632,18.188465,0.0,0.0,1.0,1.0
2305,0.59849375,18.32114,18.264334,0.0,0.0,1.0,1.0
2306,0.42751613,18.27465,18.333206,0.0,0.0,1.0,1.0
2307,0.6032207,18.342978,18.377104,0.0,0.0,1.0,1.0
2308,0.60854733,18.460918,18.427485,0.0,0.0,1.0,1.0
2309,0.6052682,18.388237,18.486914,0.0,0.0,1.0,1.0
2310,0.62178886,18.624022,18.527563,0.0,0.0,1.0,1.0
2311,0.63206923,18.742388,18.549158,0.0,0.0,1.0,1.0
2312,0.64602906,18.618517,18.560373,0.0,0.0,1.0,1.0
2313,0.48135528,18.724907,18.55881,0.0,0.0,1.0,1.0
2314,0.65592206,18.87471,18.533468,0.0,0.0,1.0,1.0
2315,0.65865046,18.695663,18.538528,0.0,0.0,1.0,1.0
2316,0.66195005,18.521774,18.551004,0.0,0.0,1.0,1.0
2317,0.66069,18.45572,18.54342,0.0,0.0,1.0,1.0
2318,0.6543297,18.255867,18.516352,0.0,0.0,1.0,1.0
2319,0.47752556,18.038904,18.479015,0.0,0.0,1.0,1.0
2320,0.6443184,18.521622,18.426441,0.0,0.0,1.0,1.0
2321,0.63592315,18.537964,18.35042,0.0,0.0,1.0,1.0
2322,0.6320244,18.533024,18.27721,0.0,0.0,1.0,1.0
2323,0.630637,18.417543,18.200972,0.0,0.0,1.0,1.0
2324,0.6305534,18.170485,18.11717,0.0,0.0,1.0,1.0
2325,0.62885875,18.09402,18.027786,0.0,0.0,1.0,1.0
2326,0.6268867,17.962446,17.93718,0.0,0.0,1.0,1.0
2327,0.62227124,17.817144,17.79827,0.0,0.0,1.0,1.0
2328,0.6149724,17.60692,17.631926,0.0,0.0,1.0,1.0
2329,0.46395922,17.450111,17.469595,0.0,0.0,1.0,1.0
2330,0.60561776,17.183262,17.310318,0.0,0.0,1.0,1.0
2331,0.60228634,16.951609,17.106876,0.0,0.0,1.0,1.0
2332,0.4727775,16.854702,16.890184,0.0,0.0,1.0,1.0
2333,0.6070505,16.541847,16.670853,0.0,0.0,1.0,1.0
2334,0.6019305,16.585054,16.448895,0.0,0.0,1.0,1.0
2335,0.60004085,16.506216,16.218596,0.0,0.0,1.0,1.0
2336,0.5993547,15.729184,15.982183,0.0,0.0,1.0,1.0
2337,0.5957137,15.493717,15.74112,0.0,0.0,1.0,1.0
2338,0.49223793,15.330475,15.506431,0.0,0.0,1.0,1.0
2339,0.59476894,15.153634,15.275206,0.0,0.0,1.0,1.0
2340,0.5946465,14.843336,15.070331,0.0,0.0,1.0,1.0
2341,0.5910592,14.613164,14.850772,0.0,0.0,1.0,1.0
2342,0.58702296,14.290509,14.6416,0.0,0.0,1.0,1.0
2343,0.57221645,14.135326,14.481305,0.0,0.0,1.0,1.0
2344,0.5587448,14.080007,14.339443,0.0,0.0,1.0,1.0
2345,0.42461324,14.0833435,14.2160425,0.0,0.0,1.0,1.0
2346,0.54265445,13.950351,14.121482,0.0,0.0,1.0,1.0
2347,0.5287987,13.996152,14.068044,0.0,0.0,1.0,1.0
2348,0.5167999,13.805651,14.059103,0.0,0.0,1.0,1.0
2349,0.50778717,13.791365,14.091528,0.0,0.0,1.0,1.0
2350,0.5050209,13.84967,14.162699,0.0,0.0,1.0,1.0
2351,0.49987224,14.018914,14.266184,0.0,0.0,1.0,1.0
2352,0.49104708,14.202072,14.389129,0.0,0.0,1.0,1.0
2353,0.3450434,14.505877,14.540866,0.0,0.0,1.0,1.0
2354,0.48267102,14.679613,14.710437,0.0,0.0,1.0,1.0
2355,0.46984166,14.989366,14.924731,0.0,0.0,1.0,1.0
2356,0.45214745,15.321835,15.157772,0.0,0.0,1.0,1.0
2357,0.4280399,15.558677,15.415908,0.0,0.0,1.0,1.0
2358,0.4001748,15.771206,15.686607,0.0,0.0,1.0,1.0
2359,0.2214834,16.031,15.979578,0.0,0.0,1.0,1.0
2360,0.37574643,16.377178,16.285591,0.0,0.0,1.0,1.0
2361,0.3417719,16.587862,16.589746,0.0,0.0,1.0,1.0
2362,0.32384852,16.947294,16.891644,0.0,0.0,1.0,1.0
2363,0.3309678,17.267315,17.182173,0.0,0.0,1.0,1.0
2364,0.32671195,17.71771,17.46104,0.0,0.0,1.0,1.0
2365,0.32425416,18.17803,17.74657,0.0,0.0,1.0,1.0
2366,0.32034615,18.329494,18.020267,0.0,0.0,1.0,1.0
2367,0.31196564,18.612123,18.264309,0.0,0.0,1.0,1.0
2368,0.24760123,18.808172,18.50892,0.0,0.0,1.0,1.0
2369,0.3002979,18.905106,18.73661,0.0,0.0,1.0,1.0
2370,0.28969032,19.197569,18.940952,0.0,0.0,1.0,1.0
2371,0.28198975,19.315361,19.109282,0.0,0.0,1.0,1.0
2372,0.27625188,19.30567,19.2482,0.0,0.0,1.0,1.0
2373,0.22561334,19.523203,19.385391,0.0,0.0,1.0,1.0
2374,0.27910182,19.67957,19.49475,0.0,0.0,1.0,1.0
2375,0.28524616,19.71942,19.563002,0.0,0.0,1.0,1.0
2376,0.29565227,19.737658,19.599276,0.0,0.0,1.0,1.0
2377,0.30505073,19.845053,19.604343,0.0,0.0,1.0,1.0
2378,0.31543592,19.975792,19.593655,0.0,0.0,1.0,1.0
2379,0.17203486,19.92441,19.575844,0.0,0.0,1.0,1.0
2380,0.32513452,19.627214,19.530947,0.0,0.0,1.0,1.0
2381,0.33375368,19.340382,19.465029,0.0,0.0,1.0,1.0
2382,0.34470186,19.258392,19.392195,0.0,0.0,1.0,1.0
2383,0.34882098,19.1871,19.318039,0.0,0.0,1.0,1.0
2384,0.34802437,19.091925,19.213886,0.0,0.0,1.0,1.0
2385,0.2394557,18.984451,19.088017,0.0,0.0,1.0,1.0
2386,0.3679553,18.88854,18.976906,0.0,0.0,1.0,1.0
2387,0.2752462,18.845425,18.877106,0.0,0.0,1.0,1.0
2388,0.3914103,18.847784,18.796743,0.0,0.0,1.0,1.0
2389,0.40703848,18.59522,18.699697,0.0,0.0,1.0,1.0
2390,0.43225473,18.465355,18.605625,0.0,0.0,1.0,1.0
2391,0.45048746,18.591076,18.529861,0.0,0.0,1.0,1.0
2392,0.47401237,18.429623,18.470543,0.0,0.0,1.0,1.0
2393,0.35799342,18.376032,18.40999,0.0,0.0,1.0,1.0
2394,0.49192497,18.093842,18.326002,0.0,0.0,1.0,1.0
2395,0.50868034,18.058235,18.24099,0.0,0.0,1.0,1.0
2396,0.51603717,18.182766,18.18052,0.0,0.0,1.0,1.0
2397,0.52317655,18.272629,18.132524,0.0,0.0,1.0,1.0
2398,0.52870274,18.161888,18.068895,0.0,0.0,1.0,1.0
2399,0.53282124,17.83758,18.016525,0.0,0.0,1.0,1.0
2400,0.5515701,17.827642,17.97567,0.0,0.0,1.0,1.0
2401,0.5690913,17.869564,17.970385,0.0,0.0,1.0,1.0
2402,0.4297367,17.88941,17.956602,0.0,0.0,1.0,1.0
2403,0.59603375,17.827526,17.938307,0.0,0.0,1.0,1.0
2404,0.61565787,17.801197,17.901508,0.0,0.0,1.0,1.0
2405,0.6309028,17.885752,17.886456,0.0,0.0,1.0,1.0
2406,0.6401331,18.030424,17.88794,0.0,0.0,1.0,1.0
2407,0.46042582,17.892845,17.890638,0.0,0.0,1.0,1.0
2408,0.6435108,17.963224,17.88999,0.0,0.0,1.0,1.0
2409,0.64662683,17.831049,17.888184,0.0,0.0,1.0,1.0
2410,0.6426167,17.981262,17.90507,0.0,0.0,1.0,1.0
2411,0.63852984,17.855368,17.912416,0.0,0.0,1.0,1.0
2412,0.6301692,17.86004,17.899826,0.0,0.0,1.0,1.0
2413,0.6214614,17.861788,17.862799,0.0,0.0,1.0,1.0
2414,0.46107283,17.867731,17.826824,0.0,0.0,1.0,1.0
2415,0.61108315,18.030155,17.782726,0.0,0.0,1.0,1.0
2416,0.6147864,17.88936,17.743513,0.0,0.0,1.0,1.0
2417,0.45500067,17.734661,17.68209,0.0,0.0,1.0,1.0
2418,0.6183307,17.586103,17.614923,0.0,0.0,1.0,1.0
2419,0.62049055,17.461151,17.53265,0.0,0.0,1.0,1.0
2420,0.6195057,17.43405,17.434137,0.0,0.0,1.0,1.0
2421,0.61817414,17.360485,17.318066,0.0,0.0,1.0,1.0
2422,0.61703676,17.2442,17.176691,0.0,0.0,1.0,1.0
2423,0.613774,17.049358,17.02094,0.0,0.0,1.0,1.0
2424,0.6102606,16.87276,16.858665,0.0,0.0,1.0,1.0
2425,0.61741877,16.679634,16.687859,0.0,0.0,1.0,1.0
2426,0.4662847,16.474878,16.509111,0.0,0.0,1.0,1.0
2427,0.62196773,16.333658,16.319519,0.0,0.0,1.0,1.0
2428,0.62801117,16.020344,16.126894,0.0,0.0,1.0,1.0
2429,0.63317585,15.7873535,15.92369,0.0,0.0,1.0,1.0
2430,0.63095725,15.536439,15.710683,0.0,0.0,1.0,1.0
2431,0.625555,15.316183,15.499279,0.0,0.0,1.0,1.0
2432,0.6158299,15.158927,15.288287,0.0,0.0,1.0,1.0
2433,0.48230067,15.048984,15.09142,0.0,0.0,1.0,1.0
2434,0.6048467,14.805763,14.897196,0.0,0.0,1.0,1.0
2435,0.5949139,14.493273,14.716371,0.0,0.0,1.0,1.0
2436,0.57938695,14.335909,14.543503,0.0,0.0,1.0,1.0
2437,0.57213604,14.147732,14.377014,0.0,0.0,1.0,1.0
2438,0.5670493,14.112475,14.253907,0.0,0.0,1.0,1.0
2439,0.56215703,14.002972,14.142149,0.0,0.0,1.0,1.0
2440,0.5531049,13.850432,14.035928,0.0,0.0,1.0,1.0
2441,0.42813465,13.712951,13.969187,0.0,0.0,1.0,1.0
2442,0.55470216,13.538572,13.946171,0.0,0.0,1.0,1.0
2443,0.5543571,13.838895,13.945174,0.0,0.0,1.0,1.0
2444,0.54918975,13.817827,13.966501,0.0,0.0,1.0,1.0
2445,0.5413462,13.774336,14.003455,0.0,0.0,1.0,1.0
2446,0.52011836,14.004872,14.084876,0.0,0.0,1.0,1.0
2447,0.36753893,14.217074,14.206067,0.0,0.0,1.0,1.0
2448,0.4999084,14.323947,14.34892,0.0,0.0,1.0,1.0
2449,0.47692594,14.403665,14.514928,0.0,0.0,1.0,1.0
2450,0.45241836,14.55592,14.66362,0.0,0.0,1.0,1.0
2451,0.42657873,14.9800205,14.828407,0.0,0.0,1.0,1.0
2452,0.41063055,15.304723,15.019685,0.0,0.0,1.0,1.0
2453,0.4063554,15.427189,15.222149,0.0,0.0,1.0,1.0
2454,0.39755648,15.53067,15.407849,0.0,0.0,1.0,1.0
2455,0.389538,15.623197,15.601534,0.0,0.0,1.0,1.0
2456,0.20095296,15.795272,15.826504,0.0,0.0,1.0,1.0
2457,0.37617233,16.069668,16.055376,0.0,0.0,1.0,1.0
2458,0.36700514,16.434444,16.244257,0.0,0.0,1.0,1.0
2459,0.3542595,16.445473,16.442827,0.0,0.0,1.0,1.0
2460,0.34232178,16.648165,16.63622,0.0,0.0,1.0,1.0
2461,0.3245093,17.103302,16.837605,0.0,0.0,1.0,1.0
2462,0.31480154,17.302383,17.046453,0.0,0.0,1.0,1.0
2463,0.30105823,17.246607,17.255386,0.0,0.0,1.0,1.0
2464,0.2834987,17.687561,17.465576,0.0,0.0,1.0,1.0
2465,0.27312922,17.747913,17.656609,0.0,0.0,1.0,1.0
2466,0.2661033,17.947262,17.85143,0.0,0.0,1.0,1.0
2467,0.26422665,18.129389,18.062485,0.0,0.0,1.0,1.0
2468,0.26640686,18.302473,18.25054,0.0,0.0,1.0,1.0
2469,0.26938003,18.591946,18.432266,0.0,0.0,1.0,1.0
2470,0.2117174,18.726831,18.600357,0.0,0.0,1.0,1.0
2471,0.27166447,18.783337,18.753399,0.0,0.0,1.0,1.0
2472,0.2806729,19.180803,18.90015,0.0,0.0,1.0,1.0
2473,0.27087808,19.359976,19.022762,0.0,0.0,1.0,1.0
2474,0.26028985,19.483086,19.13327,0.0,0.0,1.0,1.0
2475,0.27241114,19.263697,19.209066,0.0,0.0,1.0,1.0
2476,0.30843344,19.524067,19.277527,0.0,0.0,1.0,1.0
2477,0.31864828,19.508936,19.335274,0.0,0.0,1.0,1.0
2478,0.34381565,19.418617,19.374165,0.0,0.0,1.0,1.0
2479,0.3626627,19.455463,19.371193,0.0,0.0,1.0,1.0
2480,0.21505502,19.212042,19.335001,0.0,0.0,1.0,1.0
2481,0.37375832,19.413473,19.268585,0.0,0.0,1.0,1.0
2482,0.3883066,19.4198,19.222643,0.0,0.0,1.0,1.0
2483,0.39983574,19.250023,19.12645,0.0,0.0,1.0,1.0
2484,0.41078025,19.145145,19.022621,0.0,0.0,1.0,1.0
2485,0.4299479,18.925667,18.907763,0.0,0.0,1.0,1.0
2486,0.4459974,18.686102,18.791077,0.0,0.0,1.0,1.0
2487,0.45671076,18.712381,18.68298,0.0,0.0,1.0,1.0
2488,0.3402541,18.369747,18.549795,0.0,0.0,1.0,1.0
2489,0.47940817,18.262981,18.41528,0.0,0.0,1.0,1.0
2490,0.5044579,18.040323,18.293325,0.0,0.0,1.0,1.0
2491,0.5186071,18.05523,18.177635,0.0,0.0,1.0,1.0
2492,0.5353245,17.914873,18.07116,0.0,0.0,1.0,1.0
2493,0.5469671,17.815271,17.968678,0.0,0.0,1.0,1.0
2494,0.40221098,17.80562,17.859015,0.0,0.0,1.0,1.0
2495,0.5560658,17.786556,17.781921,0.0,0.0,1.0,1.0
2496,0.5634791,17.756878,17.722149,0.0,0.0,1.0,1.0
2497,0.57302916,17.647959,17.68979,0.0,0.0,1.0,1.0
2498,0.58528054,17.456299,17.659761,0.0,0.0,1.0,1.0
2499,0.59349495,17.39644,17.65593,0.0,0.0,1.0,1.0
2500,0.5973568,17.444618,17.650784,0.0,0.0,1.0,1.0
2501,0.4341075,17.545712,17.658413,0.0,0.0,1.0,1.0
2502,0.59799814,17.652025,17.679138,0.0,0.0,1.0,1.0
2503,0.59720033,17.694891,17.70544,0.0,0.0,1.0,1.0
2504,0.5944639,17.868887,17.742256,0.0,0.0,1.0,1.0
2505,0.593347,17.753525,17.792183,0.0,0.0,1.0,1.0
2506,0.4225227,17.897177,17.84464,0.0,0.0,1.0,1.0
2507,0.59906995,18.03525,17.890997,0.0,0.0,1.0,1.0
2508,0.6098503,18.072496,17.921967,0.0,0.0,1.0,1.0
2509,0.6199402,18.089756,17.944881,0.0,0.0,1.0,1.0
2510,0.44922265,18.055424,17.955957,0.0,0.0,1.0,1.0
2511,0.6212439,18.025936,17.944252,0.0,0.0,1.0,1.0
2512,0.6197113,18.000877,17.933382,0.0,0.0,1.0,1.0
2513,0.6185213,17.917345,17.896433,0.0,0.0,1.0,1.0
2514,0.6153216,17.927013,17.843075,0.0,0.0,1.0,1.0
2515,0.61046493,17.827795,17.764807,0.0,0.0,1.0,1.0
2516,0.5829063,17.728426,17.68369,0.0,0.0,1.0,1.0
2517,0.60569805,17.623087,17.592827,0.0,0.0,1.0,1.0
2518,0.605862,17.453796,17.490578,0.0,0.0,1.0,1.0
2519,0.6091837,17.394941,17.385063,0.0,0.0,1.0,1.0
2520,0.583492,17.133287,17.27025,0.0,0.0,1.0,1.0
2521,0.6114027,17.116348,17.134588,0.0,0.0,1.0,1.0
2522,0.61207867,16.965061,16.99985,0.0,0.0,1.0,1.0
2523,0.61045563,16.798944,16.85113,0.0,0.0,1.0,1.0
2524,0.6028579,16.734716,16.69361,0.0,0.0,1.0,1.0
2525,0.6021807,16.539577,16.538515,0.0,0.0,1.0,1.0
2526,0.594237,16.299076,16.377295,0.0,0.0,1.0,1.0
2527,0.5146784,16.210926,16.217028,0.0,0.0,1.0,1.0
2528,0.59087753,15.943801,16.057514,0.0,0.0,1.0,1.0
2529,0.5846344,15.732829,15.899745,0.0,0.0,1.0,1.0
2530,0.5786619,15.592678,15.754615,0.0,0.0,1.0,1.0
2531,0.57025474,15.460294,15.609408,0.0,0.0,1.0,1.0
2532,0.566415,15.210072,15.489365,0.0,0.0,1.0,1.0
2533,0.5540532,15.202205,15.400306,0.0,0.0,1.0,1.0
2534,0.5381654,15.071821,15.33096,0.0,0.0,1.0,1.0
2535,0.53345895,15.057383,15.28752,0.0,0.0,1.0,1.0
2536,0.42609012,14.992235,15.279697,0.0,0.0,1.0,1.0
2537,0.53386754,15.099055,15.302765,0.0,0.0,1.0,1.0
2538,0.5301087,15.230375,15.344021,0.0,0.0,1.0,1.0
2539,0.530069,15.378771,15.426942,0.0,0.0,1.0,1.0
2540,0.52304703,15.422531,15.527432,0.0,0.0,1.0,1.0
2541,0.5152245,15.638955,15.661767,0.0,0.0,1.0,1.0
2542,0.34048635,15.869485,15.826746,0.0,0.0,1.0,1.0
2543,0.49761233,15.955365,16.032564,0.0,0.0,1.0,1.0
2544,0.4831375,16.205118,16.243206,0.0,0.0,1.0,1.0
2545,0.4663488,16.408094,16.44154,0.0,0.0,1.0,1.0
2546,0.45296767,16.683838,16.63288,0.0,0.0,1.0,1.0
2547,0.43809015,17.037134,16.834167,0.0,0.0,1.0,1.0
2548,0.43117663,17.462055,17.035675,0.0,0.0,1.0,1.0
2549,0.4235394,17.626745,17.212755,0.0,0.0,1.0,1.0
2550,0.41466594,17.61038,17.38637,0.0,0.0,1.0,1.0
2551,0.39919207,17.674849,17.529892,0.0,0.0,1.0,1.0
2552,0.37891486,17.83799,17.662617,0.0,0.0,1.0,1.0
2553,0.36048687,18.057053,17.752216,0.0,0.0,1.0,1.0
2554,0.33996758,17.994442,17.828224,0.0,0.0,1.0,1.0
2555,0.15310049,18.038748,17.879036,0.0,0.0,1.0,1.0
2556,0.3186241,17.927366,17.938572,0.0,0.0,1.0,1.0
2557,0.2911431,18.000807,18.011345,0.0,0.0,1.0,1.0
2558,0.27344567,17.759022,18.07614,0.0,0.0,1.0,1.0
2559,0.26733232,17.949226,18.129297,0.0,0.0,1.0,1.0
2560,0.26138517,18.07181,18.176535,0.0,0.0,1.0,1.0
2561,0.25580922,18.341175,18.260393,0.0,0.0,1.0,1.0
2562,0.25225186,18.483658,18.351555,0.0,0.0,1.0,1.0
2563,0.18254659,18.452381,18.475124,0.0,0.0,1.0,1.0
2564,0.24802159,18.47589,18.57507,0.0,0.0,1.0,1.0
2565,0.25326204,18.623898,18.718685,0.0,0.0,1.0,1.0
2566,0.24080062,19.000734,18.842062,0.0,0.0,1.0,1.0
2567,0.24174874,19.132694,18.978628,0.0,0.0,1.0,1.0
2568,0.17689812,19.410206,19.087852,0.0,0.0,1.0,1.0
2569,0.27428558,19.200146,19.20671,0.0,0.0,1.0,1.0
2570,0.27071398,19.482395,19.33407,0.0,0.0,1.0,1.0
2571,0.28463516,19.429754,19.459948,0.0,0.0,1.0,1.0
2572,0.30041558,19.710604,19.550234,0.0,0.0,1.0,1.0
2573,0.17807665,19.65188,19.612768,0.0,0.0,1.0,1.0
2574,0.31435537,19.909948,19.669676,0.0,0.0,1.0,1.0
2575,0.33408028,19.980688,19.706604,0.0,0.0,1.0,1.0
2576,0.350711,19.986433,19.742702,0.0,0.0,1.0,1.0
2577,0.37154815,19.70732,19.755453,0.0,0.0,1.0,1.0
2578,0.3905883,19.751146,19.772,0.0,0.0,1.0,1.0
2579,0.40239897,19.81559,19.739197,0.0,0.0,1.0,1.0
2580,0.2558924,19.853334,19.701843,0.0,0.0,1.0,1.0
2581,0.409716,19.633343,19.635014,0.0,0.0,1.0,1.0
2582,0.40964222,19.635399,19.587978,0.0,0.0,1.0,1.0
2583,0.42504627,19.628302,19.545181,0.0,0.0,1.0,1.0
2584,0.4450279,19.316967,19.52963,0.0,0.0,1.0,1.0
2585,0.46325386,19.203644,19.51872,0.0,0.0,1.0,1.0
2586,0.48412463,19.108002,19.495342,0.0,0.0,1.0,1.0
2587,0.5013077,19.416271,19.477604,0.0,0.0,1.0,1.0
2588,0.34325603,19.472862,19.478724,0.0,0.0,1.0,1.0
2589,0.51807266,19.5207,19.459854,0.0,0.0,1.0,1.0
2590,0.5349861,19.620224,19.4347,0.0,0.0,1.0,1.0
2591,0.5425772,19.535057,19.423294,0.0,0.0,1.0,1.0
2592,0.54517746,19.640484,19.42244,0.0,0.0,1.0,1.0
2593,0.5498435,19.646774,19.431187,0.0,0.0,1.0,1.0
2594,0.38306567,19.408962,19.401161,0.0,0.0,1.0,1.0
2595,0.54637754,19.326447,19.365458,0.0,0.0,1.0,1.0
2596,0.5396501,19.180113,19.328867,0.0,0.0,1.0,1.0
2597,0.55228436,19.193378,19.268412,0.0,0.0,1.0,1.0
2598,0.5669956,19.212961,19.185263,0.0,0.0,1.0,1.0
2599,0.5803928,19.055964,19.07508,0.0,0.0,1.0,1.0
2600,0.596154,19.04442,18.966139,0.0,0.0,1.0,1.0
2601,0.61096764,19.08161,18.860653,0.0,0.0,1.0,1.0
2602,0.61983544,18.89476,18.749134,0.0,0.0,1.0,1.0
2603,0.4441484,18.537289,18.637592,0.0,0.0,1.0,1.0
2604,0.62318057,18.31829,18.521116,0.0,0.0,1.0,1.0
2605,0.6177374,18.339468,18.406715,0.0,0.0,1.0,1.0
2606,0.6122085,18.143127,18.292713,0.0,0.0,1.0,1.0
2607,0.60280293,17.988237,18.16142,0.0,0.0,1.0,1.0
2608,0.5998107,17.841595,18.011507,0.0,0.0,1.0,1.0
2609,0.59437853,17.795671,17.861992,0.0,0.0,1.0,1.0
2610,0.58944863,17.84015,17.739359,0.0,0.0,1.0,1.0
2611,0.58825755,17.687939,17.63858,0.0,0.0,1.0,1.0
2612,0.5889431,17.46892,17.534771,0.0,0.0,1.0,1.0
2613,0.55925775,17.282635,17.438128,0.0,0.0,1.0,1.0
2614,0.59123313,17.100592,17.34345,0.0,0.0,1.0,1.0
2615,0.59095424,17.065685,17.25927,0.0,0.0,1.0,1.0
2616,0.5847714,17.108942,17.159958,0.0,0.0,1.0,1.0
2617,0.5837452,17.09375,17.049059,0.0,0.0,1.0,1.0
2618,0.5482569,16.983416,16.94131,0.0,0.0,1.0,1.0
2619,0.5693494,16.852118,16.829699,0.0,0.0,1.0,1.0
2620,0.57370675,16.83143,16.725214,0.0,0.0,1.0,1.0
2621,0.57316977,16.603914,16.617947,0.0,0.0,1.0,1.0
2622,0.5463445,16.509365,16.4969,0.0,0.0,1.0,1.0
2623,0.5770405,16.39496,16.363644,0.0,0.0,1.0,1.0
2624,0.58411634,16.129568,16.240303,0.0,0.0,1.0,1.0
2625,0.5832158,16.028822,16.10951,0.0,0.0,1.0,1.0
2626,0.583613,15.813397,15.973749,0.0,0.0,1.0,1.0
2627,0.5766479,15.613127,15.818795,0.0,0.0,1.0,1.0
2628,0.41314363,15.509858,15.681061,0.0,0.0,1.0,1.0
2629,0.56543124,15.613655,15.561301,0.0,0.0,1.0,1.0
2630,0.55706763,15.413917,15.455083,0.0,0.0,1.0,1.0
2631,0.54748744,15.222973,15.353489,0.0,0.0,1.0,1.0
2632,0.5375355,14.971989,15.254414,0.0,0.0,1.0,1.0
2633,0.52133995,14.951095,15.181294,0.0,0.0,1.0,1.0
2634,0.5145521,15.072259,15.140554,0.0,0.0,1.0,1.0
2635,0.511161,15.120336,15.117787,0.0,0.0,1.0,1.0
2636,0.3652519,14.910446,15.103819,0.0,0.0,1.0,1.0
2637,0.50829846,14.839912,15.114218,0.0,0.0,1.0,1.0
2638,0.49995807,14.935968,15.158637,0.0,0.0,1.0,1.0
2639,0.49589095,15.124246,15.24041,0.0,0.0,1.0,1.0
2640,0.48546445,15.2366495,15.330147,0.0,0.0,1.0,1.0
2641,0.4780314,15.446039,15.419713,0.0,0.0,1.0,1.0
2642,0.46223396,15.538702,15.532022,0.0,0.0,1.0,1.0
2643,0.28800642,15.756001,15.68751,0.0,0.0,1.0,1.0
2644,0.43995252,15.95327,15.853537,0.0,0.0,1.0,1.0
2645,0.4079184,16.027927,16.012531,0.0,0.0,1.0,1.0
2646,0.37829706,16.147062,16.155794,0.0,0.0,1.0,1.0
2647,0.34447366,16.468048,16.322208,0.0,0.0,1.0,1.0
2648,0.32148272,16.776283,16.497396,0.0,0.0,1.0,1.0
2649,0.32164428,16.832243,16.67939,0.0,0.0,1.0,1.0
2650,0.31666902,16.843914,16.82525,0.0,0.0,1.0,1.0
2651,0.30335125,16.843397,16.946156,0.0,0.0,1.0,1.0
2652,0.11294284,17.233614,17.046133,0.0,0.0,1.0,1.0
2653,0.2931072,17.5483,17.147966,0.0,0.0,1.0,1.0
2654,0.2830403,17.72262,17.213566,0.0,0.0,1.0,1.0
2655,0.27381313,17.506338,17.258965,0.0,0.0,1.0,1.0
2656,0.26003087,17.404123,17.302183,0.0,0.0,1.0,1.0
2657,0.090736605,17.227654,17.362152,0.0,0.0,1.0,1.0
2658,0.25041822,17.369053,17.42583,0.0,0.0,1.0,1.0
2659,0.24288438,17.25526,17.459063,0.0,0.0,1.0,1.0
2660,0.2341441,17.321062,17.467793,0.0,0.0,1.0,1.0
2661,0.22880493,17.350863,17.462906,0.0,0.0,1.0,1.0
2662,0.08387494,17.563547,17.478727,0.0,0.0,1.0,1.0
2663,0.2324591,17.60754,17.498074,0.0,0.0,1.0,1.0
2664,0.23839681,17.632385,17.512505,0.0,0.0,1.0,1.0
2665,0.24820495,17.65307,17.514767,0.0,0.0,1.0,1.0
2666,0.26008868,17.663975,17.544847,0.0,0.0,1.0,1.0
2667,0.26568046,17.696194,17.58115,0.0,0.0,1.0,1.0
2668,0.12035632,17.636282,17.615036,0.0,0.0,1.0,1.0
2669,0.27581635,17.400822,17.613895,0.0,0.0,1.0,1.0
2670,0.28038117,17.396202,17.609268,0.0,0.0,1.0,1.0
2671,0.28461707,17.616224,17.589329,0.0,0.0,1.0,1.0
2672,0.29416814,17.75669,17.570166,0.0,0.0,1.0,1.0
2673,0.3071731,17.757507,17.5277,0.0,0.0,1.0,1.0
2674,0.32010958,17.549843,17.47829,0.0,0.0,1.0,1.0
2675,0.33250567,17.552032,17.430662,0.0,0.0,1.0,1.0
2676,0.36041656,17.3931,17.38975,0.0,0.0,1.0,1.0
2677,0.22216533,17.42311,17.337648,0.0,0.0,1.0,1.0
2678,0.38270438,17.15439,17.266157,0.0,0.0,1.0,1.0
2679,0.3997027,17.103287,17.19806,0.0,0.0,1.0,1.0
2680,0.41101086,17.064735,17.12507,0.0,0.0,1.0,1.0
2681,0.42245167,16.909866,17.067822,0.0,0.0,1.0,1.0
2682,0.43525022,16.771,17.00063,0.0,0.0,1.0,1.0
2683,0.30073252,16.758322,16.938515,0.0,0.0,1.0,1.0
2684,0.44374454,16.93952,16.889841,0.0,0.0,1.0,1.0
2685,0.4608344,16.881632,16.866234,0.0,0.0,1.0,1.0
2686,0.4833593,16.862875,16.8631,0.0,0.0,1.0,1.0
2687,0.50328326,16.745722,16.857655,0.0,0.0,1.0,1.0
2688,0.52062726,16.647724,16.860958,0.0,0.0,1.0,1.0
2689,0.5425289,16.839016,16.884096,0.0,0.0,1.0,1.0
2690,0.55479497,16.871105,16.904974,0.0,0.0,1.0,1.0
2691,0.3587761,17.065693,16.932175,0.0,0.0,1.0,1.0
2692,0.5666766,16.999392,16.972233,0.0,0.0,1.0,1.0
2693,0.5708939,16.949493,17.030102,0.0,0.0,1.0,1.0
2694,0.57474375,17.04866,17.090267,0.0,0.0,1.0,1.0
2695,0.5746534,17.008858,17.124441,0.0,0.0,1.0,1.0
2696,0.5772525,17.265926,17.143877,0.0,0.0,1.0,1.0
2697,0.57946515,17.362333,17.149483,0.0,0.0,1.0,1.0
2698,0.40583074,17.55731,17.135956,0.0,0.0,1.0,1.0
2699,0.57658345,17.467703,17.127241,0.0,0.0,1.0,1.0
2700,0.57608604,17.057812,17.11113,0.0,0.0,1.0,1.0
2701,0.5701477,17.072235,17.091444,0.0,0.0,1.0,1.0
2702,0.55855453,16.938374,17.063992,0.0,0.0,1.0,1.0
2703,0.3879946,16.903374,17.022472,0.0,0.0,1.0,1.0
2704,0.5613391,16.89481,16.964285,0.0,0.0,1.0,1.0
2705,0.5652052,16.756159,16.883179,0.0,0.0,1.0,1.0
2706,0.5682482,16.812428,16.803537,0.0,0.0,1.0,1.0
2707,0.5453244,16.67944,16.728735,0.0,0.0,1.0,1.0
2708,0.5719332,16.767685,16.647549,0.0,0.0,1.0,1.0
2709,0.57138795,16.664091,16.56004,0.0,0.0,1.0,1.0
2710,0.5679875,16.584042,16.472275,0.0,0.0,1.0,1.0
2711,0.56569153,16.511995,16.382582,0.0,0.0,1.0,1.0
2712,0.5632203,16.16019,16.304525,0.0,0.0,1.0,1.0
2713,0.51920325,16.098005,16.220205,0.0,0.0,1.0,1.0
2714,0.55850196,15.888252,16.144524,0.0,0.0,1.0,1.0
2715,0.57126766,15.850191,16.062187,0.0,0.0,1.0,1.0
2716,0.56675935,15.8185005,15.982142,0.0,0.0,1.0,1.0
2717,0.52619797,15.8194895,15.901855,0.0,0.0,1.0,1.0
2718,0.5717483,15.800583,15.820708,0.0,0.0,1.0,1.0
2719,0.5740148,15.771266,15.760632,0.0,0.0,1.0,1.0
2720,0.5739518,15.779639,15.688964,0.0,0.0,1.0,1.0
2721,0.5672867,15.703553,15.626185,0.0,0.0,1.0,1.0
2722,0.5585651,15.620597,15.55707,0.0,0.0,1.0,1.0
2723,0.54836357,15.53823,15.482602,0.0,0.0,1.0,1.0
2724,0.42593408,15.439276,15.410736,0.0,0.0,1.0,1.0
2725,0.54476106,15.237986,15.334635,0.0,0.0,1.0,1.0
2726,0.54074377,15.134919,15.269108,0.0,0.0,1.0,1.0
2727,0.5414725,15.020804,15.192908,0.0,0.0,1.0,1.0
2728,0.5410352,14.924889,15.106502,0.0,0.0,1.0,1.0
2729,0.53073096,14.957096,15.009074,0.0,0.0,1.0,1.0
2730,0.52309996,14.887362,14.934995,0.0,0.0,1.0,1.0
2731,0.3572344,14.9849415,14.881264,0.0,0.0,1.0,1.0
2732,0.51443386,14.865246,14.831497,0.0,0.0,1.0,1.0
2733,0.5044134,14.666676,14.776991,0.0,0.0,1.0,1.0
2734,0.48873308,14.451462,14.75142,0.0,0.0,1.0,1.0
2735,0.47734436,14.649284,14.747458,0.0,0.0,1.0,1.0
2736,0.4615395,14.794505,14.75938,0.0,0.0,1.0,1.0
2737,0.45040596,14.640785,14.80078,0.0,0.0,1.0,1.0
2738,0.28042772,14.480843,14.858109,0.0,0.0,1.0,1.0
2739,0.44254282,14.713948,14.947528,0.0,0.0,1.0,1.0
2740,0.4313769,14.8773575,15.069638,0.0,0.0,1.0,1.0
2741,0.41152754,15.10015,15.231467,0.0,0.0,1.0,1.0
2742,0.39053798,15.384161,15.381078,0.0,0.0,1.0,1.0
2743,0.37608093,15.672892,15.557794,0.0,0.0,1.0,1.0
2744,0.37046015,15.938267,15.789797,0.0,0.0,1.0,1.0
2745,0.3531485,16.132006,16.073324,0.0,0.0,1.0,1.0
2746,0.34803838,16.393406,16.355474,0.0,0.0,1.0,1.0
2747,0.24824604,16.444614,16.65818,0.0,0.0,1.0,1.0
2748,0.3329146,16.9151,16.995646,0.0,0.0,1.0,1.0
2749,0.32587454,17.424814,17.36704,0.0,0.0,1.0,1.0
2750,0.31175545,17.883165,17.722988,0.0,0.0,1.0,1.0
2751,0.29514185,18.09976,18.061731,0.0,0.0,1.0,1.0
2752,0.27609396,18.509823,18.401966,0.0,0.0,1.0,1.0
2753,0.09160008,19.149736,18.734287,0.0,0.0,1.0,1.0
2754,0.25876355,19.8409,19.075663,0.0,0.0,1.0,1.0
2755,0.23983899,19.944254,19.379984,0.0,0.0,1.0,1.0
2756,0.22571376,20.003193,19.631706,0.0,0.0,1.0,1.0
2757,0.21720847,20.214828,19.83988,0.0,0.0,1.0,1.0
2758,0.21360789,20.381266,20.052284,0.0,0.0,1.0,1.0
2759,0.21240471,20.54111,20.22987,0.0,0.0,1.0,1.0
2760,0.21485941,20.566963,20.344292,0.0,0.0,1.0,1.0
2761,0.21750373,20.445477,20.393154,0.0,0.0,1.0,1.0
2762,0.2179788,20.381247,20.415054,0.0,0.0,1.0,1.0
2763,0.22053611,20.648607,20.38825,0.0,0.0,1.0,1.0
2764,0.22260758,20.640856,20.31238,0.0,0.0,1.0,1.0
2765,0.085791536,20.522789,20.206905,0.0,0.0,1.0,1.0
2766,0.2384423,20.42727,20.084085,0.0,0.0,1.0,1.0
2767,0.25755167,20.207043,19.962029,0.0,0.0,1.0,1.0
2768,0.27664882,19.68155,19.825497,0.0,0.0,1.0,1.0
2769,0.29549682,19.304373,19.674128,0.0,0.0,1.0,1.0
2770,0.16381642,19.115572,19.4792,0.0,0.0,1.0,1.0
2771,0.31428155,19.067278,19.286598,0.0,0.0,1.0,1.0
2772,0.33234397,19.102293,19.098986,0.0,0.0,1.0,1.0
2773,0.349211,18.807076,18.930576,0.0,0.0,1.0,1.0
2774,0.36642084,18.56482,18.76555,0.0,0.0,1.0,1.0
2775,0.3873786,18.309483,18.634022,0.0,0.0,1.0,1.0
2776,0.4162433,18.329628,18.513767,0.0,0.0,1.0,1.0
2777,0.43469214,18.271448,18.433968,0.0,0.0,1.0,1.0
2778,0.2726508,18.40636,18.367195,0.0,0.0,1.0,1.0
2779,0.4525728,18.226728,18.303415,0.0,0.0,1.0,1.0
2780,0.45708406,18.103195,18.297564,0.0,0.0,1.0,1.0
2781,0.46899858,17.86132,18.30132,0.0,0.0,1.0,1.0
2782,0.4817685,18.157988,18.345642,0.0,0.0,1.0,1.0
2783,0.49838427,18.26601,18.380337,0.0,0.0,1.0,1.0
2784,0.5175524,18.336935,18.424124,0.0,0.0,1.0,1.0
2785,0.53142715,18.736856,18.465904,0.0,0.0,1.0,1.0
2786,0.3540681,18.609884,18.514294,0.0,0.0,1.0,1.0
2787,0.5438878,18.841341,18.54597,0.0,0.0,1.0,1.0
2788,0.5506527,18.74597,18.612143,0.0,0.0,1.0,1.0
2789,0.552143,18.796894,18.650888,0.0,0.0,1.0,1.0
2790,0.55183005,18.907738,18.672575,0.0,0.0,1.0,1.0
2791,0.54890454,18.807392,18.678679,0.0,0.0,1.0,1.0
2792,0.3567788,18.483328,18.655693,0.0,0.0,1.0,1.0
2793,0.54382473,18.655373,18.603802,0.0,0.0,1.0,1.0
2794,0.36174256,18.62293,18.514965,0.0,0.0,1.0,1.0
2795,0.5339663,18.526253,18.448174,0.0,0.0,1.0,1.0
2796,0.54575443,18.410173,18.342243,0.0,0.0,1.0,1.0
2797,0.5549173,18.46104,18.214352,0.0,0.0,1.0,1.0
2798,0.5628665,17.987186,18.058414,0.0,0.0,1.0,1.0
2799,0.5679813,17.775305,17.922455,0.0,0.0,1.0,1.0
2800,0.571326,17.944473,17.767914,0.0,0.0,1.0,1.0
2801,0.57119584,17.525723,17.600447,0.0,0.0,1.0,1.0
2802,0.57123995,17.373047,17.436604,0.0,0.0,1.0,1.0
2803,0.5631218,16.936152,17.289198,0.0,0.0,1.0,1.0
2804,0.5560207,16.851795,17.11393,0.0,0.0,1.0,1.0
2805,0.39984158,16.800898,16.957844,0.0,0.0,1.0,1.0
2806,0.55187345,16.613325,16.806799,0.0,0.0,1.0,1.0
2807,0.5497822,16.560116,16.636864,0.0,0.0,1.0,1.0
2808,0.5531964,16.641314,16.496721,0.0,0.0,1.0,1.0
2809,0.5530866,16.35783,16.361204,0.0,0.0,1.0,1.0
2810,0.5550208,16.114153,16.247486,0.0,0.0,1.0,1.0
2811,0.55661505,15.962766,16.10649,0.0,0.0,1.0,1.0
2812,0.55069137,15.905236,15.952672,0.0,0.0,1.0,1.0
2813,0.5500623,15.844022,15.793895,0.0,0.0,1.0,1.0
2814,0.543302,15.746848,15.618457,0.0,0.0,1.0,1.0
2815,0.53250414,15.571542,15.421449,0.0,0.0,1.0,1.0
2816,0.38199693,15.159828,15.233067,0.0,0.0,1.0,1.0
2817,0.5202801,14.955087,15.050399,0.0,0.0,1.0,1.0
2818,0.5086423,14.708001,14.870768,0.0,0.0,1.0,1.0
2819,0.5042542,14.454853,14.693489,0.0,0.0,1.0,1.0
2820,0.5134627,14.277223,14.503731,0.0,0.0,1.0,1.0
2821,0.5175625,14.0972395,14.322638,0.0,0.0,1.0,1.0
2822,0.5181294,13.922143,14.146513,0.0,0.0,1.0,1.0
2823,0.5194078,13.807193,13.989717,0.0,0.0,1.0,1.0
2824,0.34005532,13.777888,13.863624,0.0,0.0,1.0,1.0
2825,0.5109432,13.566919,13.755471,0.0,0.0,1.0,1.0
2826,0.4988055,13.573738,13.668055,0.0,0.0,1.0,1.0
2827,0.48293194,13.458041,13.591602,0.0,0.0,1.0,1.0
2828,0.46889415,13.278271,13.528854,0.0,0.0,1.0,1.0
2829,0.45557427,13.44197,13.501086,0.0,0.0,1.0,1.0
2830,0.4429753,13.410175,13.517705,0.0,0.0,1.0,1.0
2831,0.274182,13.405849,13.529365,0.0,0.0,1.0,1.0
2832,0.42681915,13.359803,13.559642,0.0,0.0,1.0,1.0
2833,0.41641045,13.344263,13.6181,0.0,0.0,1.0,1.0
2834,0.4118227,13.588924,13.70668,0.0,0.0,1.0,1.0
2835,0.40605858,14.006618,13.825272,0.0,0.0,1.0,1.0
2836,0.40046445,13.9178,13.96104,0.0,0.0,1.0,1.0
2837,0.39052463,13.930249,14.121345,0.0,0.0,1.0,1.0
2838,0.20024346,14.275235,14.325313,0.0,0.0,1.0,1.0
2839,0.38277453,14.521001,14.581224,0.0,0.0,1.0,1.0
2840,0.37146938,14.701369,14.856087,0.0,0.0,1.0,1.0
2841,0.3522449,15.071184,15.117775,0.0,0.0,1.0,1.0
2842,0.32985765,15.333835,15.372041,0.0,0.0,1.0,1.0
2843,0.29838425,15.853475,15.679907,0.0,0.0,1.0,1.0
2844,0.2672704,16.430746,16.032331,0.0,0.0,1.0,1.0
2845,0.23875934,16.642601,16.385464,0.0,0.0,1.0,1.0
2846,0.2400283,16.729183,16.70416,0.0,0.0,1.0,1.0
2847,0.2231205,17.057816,17.046547,0.0,0.0,1.0,1.0
2848,0.123402804,17.612192,17.396687,0.0,0.0,1.0,1.0
2849,0.22885068,18.15933,17.71291,0.0,0.0,1.0,1.0
2850,0.21601017,18.512827,17.990025,0.0,0.0,1.0,1.0
2851,0.21016166,18.345367,18.232786,0.0,0.0,1.0,1.0
2852,0.20364553,18.809996,18.467152,0.0,0.0,1.0,1.0
2853,0.19677643,19.27286,18.691414,0.0,0.0,1.0,1.0
2854,0.19173197,19.128532,18.872444,0.0,0.0,1.0,1.0
2855,0.19236338,19.178835,18.994354,0.0,0.0,1.0,1.0
2856,0.19014199,19.343895,19.059353,0.0,0.0,1.0,1.0
2857,0.1893234,19.454994,19.105032,0.0,0.0,1.0,1.0
2858,0.055275675,19.420311,19.16776,0.0,0.0,1.0,1.0
2859,0.20010905,19.230183,19.190727,0.0,0.0,1.0,1.0
2860,0.2129773,19.075119,19.160637,0.0,0.0,1.0,1.0
2861,0.22975832,18.939323,19.13183,0.0,0.0,1.0,1.0
2862,0.24780965,19.060978,19.122387,0.0,0.0,1.0,1.0
2863,0.26474145,19.098103,19.083008,0.0,0.0,1.0,1.0
2864,0.13125415,19.085594,19.01779,0.0,0.0,1.0,1.0
2865,0.27748254,18.91177,18.983295,0.0,0.0,1.0,1.0
2866,0.2912373,18.782862,18.971205,0.0,0.0,1.0,1.0
2867,0.30344275,19.065516,18.963032,0.0,0.0,1.0,1.0
2868,0.31157598,18.871332,18.964504,0.0,0.0,1.0,1.0
2869,0.32468262,18.67239,18.976522,0.0,0.0,1.0,1.0
2870,0.33941728,19.006372,19.034237,0.0,0.0,1.0,1.0
2871,0.20500793,19.085098,19.097717,0.0,0.0,1.0,1.0
2872,0.35186264,18.977055,19.17686,0.0,0.0,1.0,1.0
2873,0.36921367,18.956982,19.281384,0.0,0.0,1.0,1.0
2874,0.38474548,19.205204,19.353188,0.0,0.0,1.0,1.0
2875,0.40324003,19.790659,19.45189,0.0,0.0,1.0,1.0
2876,0.43535197,19.847368,19.602186,0.0,0.0,1.0,1.0
2877,0.4561227,19.861494,19.750042,0.0,0.0,1.0,1.0
2878,0.47442353,20.037138,19.913982,0.0,0.0,1.0,1.0
2879,0.29216877,19.927149,20.132504,0.0,0.0,1.0,1.0
2880,0.48061404,20.05579,20.358383,0.0,0.0,1.0,1.0
2881,0.48736057,20.475933,20.557034,0.0,0.0,1.0,1.0
2882,0.48213455,20.780638,20.699984,0.0,0.0,1.0,1.0
2883,0.48122698,21.052376,20.841497,0.0,0.0,1.0,1.0
2884,0.49754313,21.5993,20.975504,0.0,0.0,1.0,1.0
2885,0.516545,21.667547,21.069517,0.0,0.0,1.0,1.0
2886,0.5405297,21.589,21.129517,0.0,0.0,1.0,1.0
2887,0.554377,21.506063,21.165627,0.0,0.0,1.0,1.0
2888,0.3393432,21.545547,21.158108,0.0,0.0,1.0,1.0
2889,0.5658068,21.469568,21.111938,0.0,0.0,1.0,1.0
2890,0.56528664,21.165302,21.036106,0.0,0.0,1.0,1.0
2891,0.5694,20.647133,20.87957,0.0,0.0,1.0,1.0
2892,0.56309575,20.489117,20.679981,0.0,0.0,1.0,1.0
2893,0.5624462,20.385695,20.452072,0.0,0.0,1.0,1.0
2894,0.55312526,20.226606,20.18837,0.0,0.0,1.0,1.0
2895,0.5466644,20.142403,19.87775,0.0,0.0,1.0,1.0
2896,0.540125,19.72085,19.5688,0.0,0.0,1.0,1.0
2897,0.5350587,19.272501,19.271612,0.0,0.0,1.0,1.0
2898,0.4851549,18.854069,19.011961,0.0,0.0,1.0,1.0
2899,0.52918226,18.341658,18.752111,0.0,0.0,1.0,1.0
2900,0.53970975,17.818096,18.496912,0.0,0.0,1.0,1.0
2901,0.5326395,17.762173,18.245255,0.0,0.0,1.0,1.0
2902,0.53251433,17.599045,17.981487,0.0,0.0,1.0,1.0
2903,0.48032027,17.53133,17.74408,0.0,0.0,1.0,1.0
2904,0.53322035,17.370918,17.530075,0.0,0.0,1.0,1.0
2905,0.5326583,17.323301,17.338745,0.0,0.0,1.0,1.0
2906,0.5275397,17.206713,17.183975,0.0,0.0,1.0,1.0
2907,0.52281183,16.9772,17.060904,0.0,0.0,1.0,1.0
2908,0.5122665,16.871958,16.928116,0.0,0.0,1.0,1.0
2909,0.51292986,16.704443,16.790653,0.0,0.0,1.0,1.0
2910,0.51588434,16.558119,16.645489,0.0,0.0,1.0,1.0
2911,0.5218555,16.484415,16.502047,0.0,0.0,1.0,1.0
2912,0.3783709,16.341225,16.348333,0.0,0.0,1.0,1.0
2913,0.5261191,16.168726,16.187956,0.0,0.0,1.0,1.0
2914,0.5259086,15.949486,16.030033,0.0,0.0,1.0,1.0
2915,0.5247847,15.7893505,15.866171,0.0,0.0,1.0,1.0
2916,0.51989365,15.649632,15.698759,0.0,0.0,1.0,1.0
2917,0.5105124,15.478741,15.534236,0.0,0.0,1.0,1.0
2918,0.37717322,15.282169,15.378858,0.0,0.0,1.0,1.0
2919,0.49855053,15.082145,15.232233,0.0,0.0,1.0,1.0
2920,0.4915854,14.905602,15.125556,0.0,0.0,1.0,1.0
2921,0.47781137,14.695503,15.036538,0.0,0.0,1.0,1.0
2922,0.47677082,14.58384,14.964442,0.0,0.0,1.0,1.0
2923,0.47413644,14.619868,14.897026,0.0,0.0,1.0,1.0
2924,0.46572152,14.581728,14.838372,0.0,0.0,1.0,1.0
2925,0.4570386,14.888608,14.812949,0.0,0.0,1.0,1.0
2926,0.27949652,14.881271,14.800723,0.0,0.0,1.0,1.0
2927,0.4470317,14.924202,14.798619,0.0,0.0,1.0,1.0
2928,0.43207148,14.840637,14.827012,0.0,0.0,1.0,1.0
2929,0.415844,14.774888,14.86596,0.0,0.0,1.0,1.0
2930,0.39624888,14.977102,14.920933,0.0,0.0,1.0,1.0
2931,0.3776415,14.935421,14.99423,0.0,0.0,1.0,1.0
2932,0.22623569,14.880365,15.072272,0.0,0.0,1.0,1.0
2933,0.3556353,15.036215,15.181165,0.0,0.0,1.0,1.0
2934,0.3430343,15.051211,15.318213,0.0,0.0,1.0,1.0
2935,0.32520285,15.279548,15.492897,0.0,0.0,1.0,1.0
2936,0.30981612,15.461289,15.673503,0.0,0.0,1.0,1.0
2937,0.28918937,15.825122,15.873943,0.0,0.0,1.0,1.0
2938,0.27832115,16.187971,16.1022,0.0,0.0,1.0,1.0
2939,0.26910138,16.568794,16.378763,0.0,0.0,1.0,1.0
2940,0.26041427,16.936838,16.689352,0.0,0.0,1.0,1.0
2941,0.15884669,16.942152,17.025742,0.0,0.0,1.0,1.0
2942,0.2532797,17.382387,17.393648,0.0,0.0,1.0,1.0
2943,0.23918527,17.67449,17.790257,0.0,0.0,1.0,1.0
2944,0.23021044,18.19914,18.171263,0.0,0.0,1.0,1.0
2945,0.21935618,18.76329,18.55203,0.0,0.0,1.0,1.0
2946,0.20895989,19.087872,18.919739,0.0,0.0,1.0,1.0
2947,0.19571388,19.69443,19.282045,0.0,0.0,1.0,1.0
2948,0.17782705,20.22059,19.656715,0.0,0.0,1.0,1.0
2949,0.18502876,20.397188,20.001726,0.0,0.0,1.0,1.0
2950,0.17774232,20.757206,20.320866,0.0,0.0,1.0,1.0
2951,0.1774897,20.98128,20.599539,0.0,0.0,1.0,1.0
2952,0.1820855,21.284523,20.83946,0.0,0.0,1.0,1.0
2953,0.18491568,21.438198,21.038336,0.0,0.0,1.0,1.0
2954,0.19039874,21.522518,21.180595,1.0,0.0,1.0,1.0
2955,0.19909716,21.504158,21.283466,1.0,0.0,1.0,1.0
2956,0.20483083,21.543205,21.36276,1.0,0.0,1.0,1.0
2957,0.0735934,21.64235,21.404757,1.0,0.0,1.0,1.0
2958,0.20881456,21.474382,21.415476,1.0,0.0,1.0,1.0
2959,0.21656017,21.401543,21.399244,1.0,0.0,1.0,1.0
2960,0.22834812,21.455044,21.382006,1.0,0.0,1.0,1.0
2961,0.2364831,21.348713,21.378805,1.0,0.0,1.0,1.0
2962,0.2540115,21.261173,21.391987,1.0,0.0,1.0,1.0
2963,0.27100947,21.109903,21.412432,1.0,0.0,1.0,1.0
2964,0.29070902,21.08975,21.437674,1.0,0.0,1.0,1.0
2965,0.15889421,21.231327,21.489697,1.0,0.0,1.0,1.0
2966,0.30249843,21.484108,21.560514,1.0,0.0,1.0,1.0
2967,0.32056224,21.662355,21.641758,1.0,0.0,1.0,1.0
2968,0.3338999,21.788536,21.74403,1.0,0.0,1.0,1.0
2969,0.3489373,21.945238,21.843838,1.0,0.0,1.0,1.0
2970,0.36810955,22.098675,21.963924,1.0,0.0,1.0,1.0
2971,0.38869882,22.251354,22.060127,1.0,0.0,1.0,1.0
2972,0.2672531,22.429953,22.149668,1.0,0.0,1.0,1.0
2973,0.41529316,22.575994,22.22885,1.0,0.0,1.0,1.0
2974,0.4434644,22.458858,22.279694,1.0,0.0,1.0,1.0
2975,0.4711818,22.55094,22.316925,1.0,0.0,1.0,1.0
2976,0.48390016,22.24419,22.319054,1.0,0.0,1.0,1.0
2977,0.49938485,22.305817,22.28939,1.0,0.0,1.0,1.0
2978,0.5033202,22.434275,22.227228,1.0,0.0,1.0,1.0
2979,0.32529697,22.272488,22.152388,1.0,0.0,1.0,1.0
2980,0.5119246,22.235313,22.037716,1.0,0.0,1.0,1.0
2981,0.53117776,21.970776,21.911621,1.0,0.0,1.0,1.0
2982,0.5443905,21.742733,21.773436,1.0,0.0,1.0,1.0
2983,0.5504997,21.505392,21.632195,1.0,0.0,1.0,1.0
2984,0.5545178,21.531885,21.461555,1.0,0.0,1.0,1.0
2985,0.54851496,21.199924,21.273232,1.0,0.0,1.0,1.0
2986,0.5419317,20.945723,21.089195,0.0,0.0,1.0,1.0
2987,0.34926882,20.892717,20.90465,0.0,0.0,1.0,1.0
2988,0.5322304,20.54928,20.714405,0.0,0.0,1.0,1.0
2989,0.5225158,20.25816,20.518013,0.0,0.0,1.0,1.0
2990,0.5102856,20.17439,20.333157,0.0,0.0,1.0,1.0
2991,0.34176436,20.064049,20.125135,0.0,0.0,1.0,1.0
2992,0.5152673,20.020775,19.941162,0.0,0.0,1.0,1.0
2993,0.5323125,19.687832,19.76219,0.0,0.0,1.0,1.0
2994,0.52761424,19.386026,19.567385,0.0,0.0,1.0,1.0
2995,0.5297319,19.28712,19.360407,0.0,0.0,1.0,1.0
2996,0.46400625,19.035625,19.166166,0.0,0.0,1.0,1.0
2997,0.5275041,18.992239,18.959805,0.0,0.0,1.0,1.0
2998,0.5216323,18.798061,18.722015,0.0,0.0,1.0,1.0
2999,0.5184471,18.555048,18.47383,0.0,0.0,1.0,1.0
3000,0.5138162,18.06555,18.237347,0.0,0.0,1.0,1.0
3001,0.44742328,17.927273,18.013718,0.0,0.0,1.0,1.0
3002,0.51293564,17.698063,17.7763,0.0,0.0,1.0,1.0
3003,0.5123775,17.21058,17.550516,0.0,0.0,1.0,1.0
3004,0.5169329,17.04252,17.319756,0.0,0.0,1.0,1.0
3005,0.5149055,16.850046,17.098946,0.0,0.0,1.0,1.0
3006,0.37742695,16.702488,16.893137,0.0,0.0,1.0,1.0
3007,0.51255167,16.438114,16.721653,0.0,0.0,1.0,1.0
3008,0.5118481,16.3262,16.54172,0.0,0.0,1.0,1.0
3009,0.511638,16.223114,16.36297,0.0,0.0,1.0,1.0
3010,0.51049596,16.148354,16.211422,0.0,0.0,1.0,1.0
3011,0.507425,16.085333,16.05829,0.0,0.0,1.0,1.0
3012,0.36532164,16.00776,15.908184,0.0,0.0,1.0,1.0
3013,0.50275224,15.768062,15.763712,0.0,0.0,1.0,1.0
3014,0.49599662,15.553082,15.643828,0.0,0.0,1.0,1.0
3015,0.4929287,15.391985,15.522531,0.0,0.0,1.0,1.0
3016,0.4761909,15.204951,15.400752,0.0,0.0,1.0,1.0
3017,0.4656986,15.048764,15.30238,0.0,0.0,1.0,1.0
3018,0.45166212,14.968822,15.199595,0.0,0.0,1.0,1.0
3019,0.43806705,14.999512,15.097735,0.0,0.0,1.0,1.0
3020,0.3434476,14.870625,15.011835,0.0,0.0,1.0,1.0
3021,0.43439615,14.761775,14.935045,0.0,0.0,1.0,1.0
3022,0.43365148,14.967885,14.872671,0.0,0.0,1.0,1.0
3023,0.43220037,14.85193,14.842967,0.0,0.0,1.0,1.0
3024,0.42716756,14.785437,14.85673,0.0,0.0,1.0,1.0
3025,0.41510108,14.737258,14.891254,0.0,0.0,1.0,1.0
3026,0.39915493,14.631598,14.925628,0.0,0.0,1.0,1.0
3027,0.215893,14.643503,15.002934,0.0,0.0,1.0,1.0
3028,0.37775558,14.848495,15.106338,0.0,0.0,1.0,1.0
3029,0.3544372,15.213928,15.187566,0.0,0.0,1.0,1.0
3030,0.34223807,15.383113,15.299621,0.0,0.0,1.0,1.0
3031,0.33188727,15.411989,15.420483,0.0,0.0,1.0,1.0
3032,0.3182656,15.798306,15.565897,0.0,0.0,1.0,1.0
3033,0.31713727,16.00261,15.742272,0.0,0.0,1.0,1.0
3034,0.3097882,15.942621,15.961495,0.0,0.0,1.0,1.0
3035,0.29482955,16.196589,16.199734,0.0,0.0,1.0,1.0
3036,0.17402497,16.235785,16.440638,0.0,0.0,1.0,1.0
3037,0.28348565,16.482227,16.69538,0.0,0.0,1.0,1.0
3038,0.2697536,16.7481,16.968645,0.0,0.0,1.0,1.0
3039,0.25504926,17.274178,17.222958,0.0,0.0,1.0,1.0
3040,0.23778026,17.707367,17.473034,0.0,0.0,1.0,1.0
3041,0.21822038,18.104769,17.743948,0.0,0.0,1.0,1.0
3042,0.18549931,18.440006,18.012058,0.0,0.0,1.0,1.0
3043,0.19693892,18.691185,18.259062,0.0,0.0,1.0,1.0
3044,0.17609462,18.85006,18.496405,0.0,0.0,1.0,1.0
3045,0.16872418,19.00353,18.755196,0.0,0.0,1.0,1.0
3046,0.17099623,19.193583,18.974558,0.0,0.0,1.0,1.0
3047,0.16483085,19.413918,19.18686,0.0,0.0,1.0,1.0
3048,0.16314772,19.199825,19.385906,0.0,0.0,1.0,1.0
3049,0.16299182,19.330341,19.556877,0.0,0.0,1.0,1.0
3050,0.16179858,19.853598,19.69839,0.0,0.0,1.0,1.0
3051,0.15834825,19.90651,19.800657,0.0,0.0,1.0,1.0
3052,0.015012929,20.25498,19.88809,0.0,0.0,1.0,1.0
3053,0.16290651,20.493328,19.952751,0.0,0.0,1.0,1.0
3054,0.16869888,20.491663,19.987051,0.0,0.0,1.0,1.0
3055,0.048968323,20.389336,20.0116,0.0,0.0,1.0,1.0
3056,0.17679565,20.077282,20.006233,0.0,0.0,1.0,1.0
3057,0.19189732,20.052723,19.96001,0.0,0.0,1.0,1.0
3058,0.21150054,19.96952,19.903976,0.0,0.0,1.0,1.0
3059,0.22818822,19.825512,19.868437,0.0,0.0,1.0,1.0
3060,0.2503861,19.494425,19.814718,0.0,0.0,1.0,1.0
3061,0.14051276,19.265917,19.745228,0.0,0.0,1.0,1.0
3062,0.26828313,19.298925,19.670578,0.0,0.0,1.0,1.0
3063,0.2853948,19.23411,19.628433,0.0,0.0,1.0,1.0
3064,0.30707604,19.828493,19.571964,0.0,0.0,1.0,1.0
3065,0.31757304,19.848715,19.522724,0.0,0.0,1.0,1.0
3066,0.3319061,19.657785,19.467403,0.0,0.0,1.0,1.0
3067,0.34147716,19.49353,19.44168,0.0,0.0,1.0,1.0
3068,0.22885513,19.571548,19.415411,0.0,0.0,1.0,1.0
3069,0.35801354,19.375086,19.397112,0.0,0.0,1.0,1.0
3070,0.37274256,19.378635,19.394125,0.0,0.0,1.0,1.0
3071,0.38564625,19.161682,19.358452,0.0,0.0,1.0,1.0
3072,0.4107667,19.185753,19.329403,0.0,0.0,1.0,1.0
3073,0.43595424,18.950672,19.346779,0.0,0.0,1.0,1.0
3074,0.45170406,19.079338,19.37796,0.0,0.0,1.0,1.0
3075,0.48058897,19.198267,19.351452,0.0,0.0,1.0,1.0
3076,0.30837858,19.400406,19.322653,0.0,0.0,1.0,1.0
3077,0.50311023,19.500134,19.282045,0.0,0.0,1.0,1.0
3078,0.5114682,19.866285,19.25825,0.0,0.0,1.0,1.0
3079,0.51803964,19.867712,19.242382,0.0,0.0,1.0,1.0
3080,0.51193225,19.253445,19.239407,0.0,0.0,1.0,1.0
3081,0.50225216,19.029507,19.199127,0.0,0.0,1.0,1.0
3082,0.48961663,18.891336,19.154436,0.0,0.0,1.0,1.0
3083,0.48710698,18.876127,19.095713,0.0,0.0,1.0,1.0
3084,0.33176494,18.995352,19.02844,0.0,0.0,1.0,1.0
3085,0.5074489,18.914967,18.916113,0.0,0.0,1.0,1.0
3086,0.52286327,18.595997,18.795074,0.0,0.0,1.0,1.0
3087,0.536681,18.661976,18.722496,0.0,0.0,1.0,1.0
3088,0.5443275,18.695717,18.653877,0.0,0.0,1.0,1.0
3089,0.54694647,18.692867,18.549824,0.0,0.0,1.0,1.0
3090,0.5389844,18.518356,18.443386,0.0,0.0,1.0,1.0
3091,0.36090243,18.41524,18.326208,0.0,0.0,1.0,1.0
3092,0.53131664,18.382523,18.2173,0.0,0.0,1.0,1.0
3093,0.5256076,18.206059,18.126781,0.0,0.0,1.0,1.0
3094,0.51557964,17.6427,18.024763,0.0,0.0,1.0,1.0
3095,0.5105729,17.59889,17.880135,0.0,0.0,1.0,1.0
3096,0.5068923,17.589207,17.724363,0.0,0.0,1.0,1.0
3097,0.50520575,17.60807,17.573433,0.0,0.0,1.0,1.0
3098,0.50785065,17.509783,17.411188,0.0,0.0,1.0,1.0
3099,0.50830024,17.43774,17.239824,0.0,0.0,1.0,1.0
3100,0.512285,16.96019,17.06885,0.0,0.0,1.0,1.0
3101,0.50751954,16.823599,16.922243,0.0,0.0,1.0,1.0
3102,0.501355,16.707184,16.762463,0.0,0.0,1.0,1.0
3103,0.49261227,16.46831,16.575829,0.0,0.0,1.0,1.0
3104,0.48405996,16.326166,16.365137,0.0,0.0,1.0,1.0
3105,0.4735287,16.154352,16.146328,0.0,0.0,1.0,1.0
3106,0.46900487,15.883432,15.925572,0.0,0.0,1.0,1.0
3107,0.47744182,15.681509,15.737492,0.0,0.0,1.0,1.0
3108,0.3436029,15.349599,15.550715,0.0,0.0,1.0,1.0
3109,0.48164862,15.079784,15.367395,0.0,0.0,1.0,1.0
3110,0.48094037,14.884069,15.180619,0.0,0.0,1.0,1.0
3111,0.47408506,14.7886715,14.989257,0.0,0.0,1.0,1.0
3112,0.46760535,14.703222,14.798862,0.0,0.0,1.0,1.0
3113,0.46212798,14.582291,14.626423,0.0,0.0,1.0,1.0
3114,0.33533096,14.507338,14.471438,0.0,0.0,1.0,1.0
3115,0.45263726,14.226996,14.339343,0.0,0.0,1.0,1.0
3116,0.4393938,14.029815,14.248799,0.0,0.0,1.0,1.0
3117,0.4243449,13.869626,14.1599045,0.0,0.0,1.0,1.0
3118,0.40846717,13.814159,14.072293,0.0,0.0,1.0,1.0
3119,0.39912146,13.821691,13.991925,0.0,0.0,1.0,1.0
3120,0.39504182,13.764454,13.92222,0.0,0.0,1.0,1.0
3121,0.39468798,13.9932575,13.861059,0.0,0.0,1.0,1.0
3122,0.23606203,13.817332,13.821527,0.0,0.0,1.0,1.0
3123,0.39121127,13.737341,13.822894,0.0,0.0,1.0,1.0
3124,0.39015204,13.738799,13.836662,0.0,0.0,1.0,1.0
3125,0.38296357,13.745834,13.846424,0.0,0.0,1.0,1.0
3126,0.36463082,13.773408,13.89896,0.0,0.0,1.0,1.0
3127,0.35650924,13.7526,13.967668,0.0,0.0,1.0,1.0
3128,0.33375612,14.046225,14.028881,0.0,0.0,1.0,1.0
3129,0.31310636,14.034844,14.114321,0.0,0.0,1.0,1.0
3130,0.123453274,13.931305,14.239058,0.0,0.0,1.0,1.0
3131,0.27927303,14.452123,14.374644,0.0,0.0,1.0,1.0
3132,0.25796008,14.588938,14.49936,0.0,0.0,1.0,1.0
3133,0.23664857,14.727828,14.6436405,0.0,0.0,1.0,1.0
3134,0.21412243,14.842604,14.804251,0.0,0.0,1.0,1.0
3135,0.032695174,15.234185,14.951361,0.0,0.0,1.0,1.0
3136,0.19645506,15.365838,15.116113,0.0,0.0,1.0,1.0
3137,0.18301176,15.242422,15.297842,0.0,0.0,1.0,1.0
3138,0.002192407,15.504779,15.460735,0.0,0.0,1.0,1.0
3139,0.18001871,15.679916,15.613876,0.0,0.0,1.0,1.0
3140,0.1741516,15.811543,15.776946,0.0,0.0,1.0,1.0
3141,0.16873948,16.011877,15.948734,0.0,0.0,1.0,1.0
3142,0.16106774,16.11205,16.062567,0.0,0.0,1.0,1.0
3143,0.0031212314,16.406847,16.188942,0.0,0.0,1.0,1.0
3144,-0.00016110382,16.426628,16.335997,0.0,0.0,1.0,1.0
3145,0.00038970858,16.684662,16.464302,0.0,0.0,1.0,1.0
3146,0.005567523,16.904066,16.560534,0.0,0.0,1.0,1.0
3147,0.16281593,16.600174,16.65515,0.0,0.0,1.0,1.0
3148,0.025241066,16.882349,16.737312,0.0,0.0,1.0,1.0
3149,0.17185417,17.00707,16.823174,0.0,0.0,1.0,1.0
3150,0.17938964,17.044449,16.895786,0.0,0.0,1.0,1.0
3151,0.19066647,16.834694,16.979364,0.0,0.0,1.0,1.0
3152,0.19892569,16.946936,17.04959,0.0,0.0,1.0,1.0
3153,0.20660166,16.997822,17.120073,0.0,0.0,1.0,1.0
3154,0.091445126,17.142374,17.22457,0.0,0.0,1.0,1.0
3155,0.21684642,17.278202,17.303852,0.0,0.0,1.0,1.0
3156,0.2199195,17.429573,17.35529,0.0,0.0,1.0,1.0
3157,0.23133282,17.527359,17.439667,0.0,0.0,1.0,1.0
3158,0.24400982,17.74987,17.567776,0.0,0.0,1.0,1.0
3159,0.25634196,17.854136,17.667519,0.0,0.0,1.0,1.0
3160,0.27966067,17.833738,17.790262,0.0,0.0,1.0,1.0
3161,0.3089649,17.624311,17.933777,0.0,0.0,1.0,1.0
3162,0.18681824,18.056976,18.087965,0.0,0.0,1.0,1.0
3163,0.32279688,18.372015,18.219397,0.0,0.0,1.0,1.0
3164,0.3421833,18.143835,18.347101,0.0,0.0,1.0,1.0
3165,0.35675567,18.470755,18.462994,0.0,0.0,1.0,1.0
3166,0.37187302,18.864557,18.577019,0.0,0.0,1.0,1.0
3167,0.26111448,19.128447,18.691936,0.0,0.0,1.0,1.0
3168,0.39378658,19.006762,18.817375,0.0,0.0,1.0,1.0
3169,0.2802186,19.059805,18.915487,0.0,0.0,1.0,1.0
3170,0.40709436,19.140585,18.995892,0.0,0.0,1.0,1.0
3171,0.417563,19.222435,19.096285,0.0,0.0,1.0,1.0
3172,0.27963024,19.212763,19.208595,0.0,0.0,1.0,1.0
3173,0.44291723,19.129564,19.24753,0.0,0.0,1.0,1.0
3174,0.46637046,19.234333,19.238272,0.0,0.0,1.0,1.0
3175,0.48599046,19.336847,19.23174,0.0,0.0,1.0,1.0
3176,0.30013198,19.348566,19.184126,0.0,0.0,1.0,1.0
3177,0.49288335,19.818485,19.102459,0.0,0.0,1.0,1.0
3178,0.5013337,19.331758,18.98418,0.0,0.0,1.0,1.0
3179,0.5165935,19.017359,18.858473,0.0,0.0,1.0,1.0
3180,0.5223172,18.928389,18.717566,0.0,0.0,1.0,1.0
3181,0.52815783,18.488426,18.540676,0.0,0.0,1.0,1.0
3182,0.52863675,18.160587,18.331207,0.0,0.0,1.0,1.0
3183,0.5262117,17.803078,18.099121,0.0,0.0,1.0,1.0
3184,0.4591884,17.70428,17.82309,0.0,0.0,1.0,1.0
3185,0.5164064,17.438671,17.553534,0.0,0.0,1.0,1.0
3186,0.5047107,17.11167,17.271654,0.0,0.0,1.0,1.0
3187,0.4948877,16.823221,16.977327,0.0,0.0,1.0,1.0
3188,0.4166247,16.56353,16.685202,0.0,0.0,1.0,1.0
3189,0.49732873,16.506105,16.420015,0.0,0.0,1.0,1.0
3190,0.49258375,16.097088,16.184937,0.0,0.0,1.0,1.0
3191,0.48892573,15.63481,15.960755,0.0,0.0,1.0,1.0
3192,0.49076793,15.396464,15.756576,0.0,0.0,1.0,1.0
3193,0.41458336,14.982924,15.560213,0.0,0.0,1.0,1.0
3194,0.48800597,14.978347,15.383564,0.0,0.0,1.0,1.0
3195,0.4859703,14.982123,15.229316,0.0,0.0,1.0,1.0
3196,0.4788139,15.014109,15.086379,0.0,0.0,1.0,1.0
3197,0.47737977,14.988514,14.97869,0.0,0.0,1.0,1.0
3198,0.33008456,14.755315,14.909719,0.0,0.0,1.0,1.0
3199,0.4780053,14.703443,14.859277,0.0,0.0,1.0,1.0
3200,0.47763258,14.712549,14.834892,0.0,0.0,1.0,1.0
3201,0.48204044,14.790865,14.807492,0.0,0.0,1.0,1.0
3202,0.4915064,14.804815,14.780262,0.0,0.0,1.0,1.0
3203,0.34038207,14.807168,14.743781,0.0,0.0,1.0,1.0
3204,0.48948476,14.791154,14.703003,0.0,0.0,1.0,1.0
3205,0.48328766,14.6903105,14.671272,0.0,0.0,1.0,1.0
3206,0.46892256,14.649544,14.635521,0.0,0.0,1.0,1.0
3207,0.4606745,14.65536,14.580829,0.0,0.0,1.0,1.0
3208,0.45545536,14.576339,14.510178,0.0,0.0,1.0,1.0
3209,0.44855013,14.499168,14.461314,0.0,0.0,1.0,1.0
3210,0.340222,14.37455,14.407135,0.0,0.0,1.0,1.0
3211,0.44522002,14.2744255,14.365107,0.0,0.0,1.0,1.0
3212,0.4398719,14.056241,14.326675,0.0,0.0,1.0,1.0
3213,0.43108153,13.943057,14.303322,0.0,0.0,1.0,1.0
3214,0.42113915,14.218458,14.268465,0.0,0.0,1.0,1.0
3215,0.40816215,14.157012,14.226294,0.0,0.0,1.0,1.0
3216,0.39921737,14.286812,14.192576,0.0,0.0,1.0,1.0
3217,0.28408062,14.229134,14.192566,0.0,0.0,1.0,1.0
3218,0.38616818,14.369302,14.2212715,0.0,0.0,1.0,1.0
3219,0.37208307,14.2370825,14.293395,0.0,0.0,1.0,1.0
3220,0.36171103,14.070286,14.382968,0.0,0.0,1.0,1.0
3221,0.3699283,14.09456,14.46902,0.0,0.0,1.0,1.0
3222,0.36092502,14.374425,14.559051,0.0,0.0,1.0,1.0
3223,0.34327245,14.61889,14.645609,0.0,0.0,1.0,1.0
3224,0.32685226,14.921722,14.768541,0.0,0.0,1.0,1.0
3225,0.12111792,15.017928,14.882122,0.0,0.0,1.0,1.0
3226,0.3011081,15.251082,15.018255,0.0,0.0,1.0,1.0
3227,0.27393842,15.23738,15.192115,0.0,0.0,1.0,1.0
3228,0.2435835,15.325517,15.381845,0.0,0.0,1.0,1.0
3229,0.23642725,15.704323,15.546147,0.0,0.0,1.0,1.0
3230,0.2279472,15.732269,15.737761,0.0,0.0,1.0,1.0
3231,0.22085011,15.870679,15.956803,0.0,0.0,1.0,1.0
3232,0.21652536,16.156599,16.22502,0.0,0.0,1.0,1.0
3233,0.03553404,16.371326,16.478937,0.0,0.0,1.0,1.0
3234,0.21177311,16.346056,16.757927,0.0,0.0,1.0,1.0
3235,0.1992329,16.918243,17.033846,0.0,0.0,1.0,1.0
3236,0.18825226,17.550238,17.279995,0.0,0.0,1.0,1.0
3237,0.17338084,18.23653,17.51952,0.0,0.0,1.0,1.0
3238,0.1610901,18.298094,17.777166,0.0,0.0,1.0,1.0
3239,-0.018323062,18.585255,18.033768,0.0,0.0,1.0,1.0
3240,-0.014527532,18.636532,18.264162,0.0,0.0,1.0,1.0
3241,-0.017190922,18.658112,18.494528,0.0,0.0,1.0,1.0
3242,-0.012640527,18.606564,18.689646,0.0,0.0,1.0,1.0
3243,0.14068948,18.962439,18.82435,0.0,0.0,1.0,1.0
3244,-0.0089172665,19.235819,18.901789,0.0,0.0,1.0,1.0
3245,-0.003235692,19.136068,18.972214,0.0,0.0,1.0,1.0
3246,0.00033098395,19.110447,19.011782,0.0,0.0,1.0,1.0
3247,0.0029142997,19.259659,19.026167,0.0,0.0,1.0,1.0
3248,0.16665019,19.166695,18.999918,0.0,0.0,1.0,1.0
3249,0.16039078,19.165775,18.987932,0.0,0.0,1.0,1.0
3250,0.11058101,19.143198,18.939535,0.0,0.0,1.0,1.0
3251,0.16609426,19.06007,18.873837,0.0,0.0,1.0,1.0
3252,0.17707922,18.80917,18.832132,0.0,0.0,1.0,1.0
3253,0.17049925,18.343111,18.82045,0.0,0.0,1.0,1.0
3254,0.18671148,18.46273,18.823448,0.0,0.0,1.0,1.0
3255,0.19242653,18.381668,18.874638,0.0,0.0,1.0,1.0
3256,0.22357999,18.447447,18.975786,0.0,0.0,1.0,1.0
3257,0.24594347,18.635607,19.111485,0.0,0.0,1.0,1.0
3258,0.1558169,18.97028,19.28305,0.0,0.0,1.0,1.0
3259,0.26578376,19.295618,19.490993,0.0,0.0,1.0,1.0
3260,0.28429633,19.780972,19.768517,0.0,0.0,1.0,1.0
3261,0.30809414,20.379564,20.078587,0.0,0.0,1.0,1.0
3262,0.3277325,20.771574,20.420786,0.0,0.0,1.0,1.0
3263,0.3380991,21.118868,20.804222,0.0,0.0,1.0,1.0
3264,0.35464546,21.304474,21.188522,1.0,0.0,1.0,1.0
3265,0.35998422,21.6734,21.549797,1.0,0.0,1.0,1.0
3266,0.24400516,22.183556,21.86948,1.0,0.0,1.0,1.0
3267,0.37037957,22.48807,22.149128,1.0,0.0,1.0,1.0
3268,0.38749346,23.048674,22.37724,1.0,0.0,1.0,1.0
3269,0.41185182,23.247229,22.568237,1.0,0.0,1.0,1.0
3270,0.43390578,23.305561,22.714418,1.0,0.0,1.0,1.0
3271,0.44789505,23.131826,22.821457,1.0,0.0,1.0,1.0
3272,0.46336895,23.13675,22.843231,1.0,0.0,1.0,1.0
3273,0.30839556,23.116882,22.801115,1.0,0.0,1.0,1.0
3274,0.4773701,23.063564,22.704178,1.0,0.0,1.0,1.0
3275,0.48364535,22.87303,22.548698,1.0,0.0,1.0,1.0
3276,0.4940055,22.588947,22.35064,1.0,0.0,1.0,1.0
3277,0.50315887,21.934694,22.11132,1.0,0.0,1.0,1.0
3278,0.50116235,21.678165,21.837461,1.0,0.0,1.0,1.0
3279,0.30475864,21.324812,21.522696,1.0,0.0,1.0,1.0
3280,0.4925556,21.182919,21.19198,1.0,0.0,1.0,1.0
3281,0.47803646,20.870512,20.844103,0.0,0.0,1.0,1.0
3282,0.46389806,20.433744,20.502867,0.0,0.0,1.0,1.0
3283,0.30786768,19.845516,20.165495,0.0,0.0,1.0,1.0
3284,0.4736082,19.359552,19.874443,0.0,0.0,1.0,1.0
3285,0.4844045,19.14831,19.588558,0.0,0.0,1.0,1.0
3286,0.49287912,18.889034,19.309587,0.0,0.0,1.0,1.0
3287,0.49512446,18.77819,19.013666,0.0,0.0,1.0,1.0
3288,0.325844,18.54048,18.738577,0.0,0.0,1.0,1.0
3289,0.49254572,18.442072,18.495102,0.0,0.0,1.0,1.0
3290,0.48586473,18.24755,18.293463,0.0,0.0,1.0,1.0
3291,0.47671264,17.97717,18.11092,0.0,0.0,1.0,1.0
3292,0.47315842,17.631866,17.934393,0.0,0.0,1.0,1.0
3293,0.4727707,17.569447,17.770283,0.0,0.0,1.0,1.0
3294,0.47459462,17.512026,17.609356,0.0,0.0,1.0,1.0
3295,0.47953933,17.425863,17.44493,0.0,0.0,1.0,1.0
3296,0.48142737,17.169022,17.2786,0.0,0.0,1.0,1.0
3297,0.4824707,17.029985,17.113066,0.0,0.0,1.0,1.0
3298,0.33855498,16.919722,16.962206,0.0,0.0,1.0,1.0
3299,0.47885865,16.847067,16.829975,0.0,0.0,1.0,1.0
3300,0.4767337,16.567362,16.694893,0.0,0.0,1.0,1.0
3301,0.4704604,16.446123,16.549551,0.0,0.0,1.0,1.0
3302,0.46188354,16.261133,16.399817,0.0,0.0,1.0,1.0
3303,0.4486919,16.166859,16.261194,0.0,0.0,1.0,1.0
3304,0.43471426,16.045103,16.128166,0.0,0.0,1.0,1.0
3305,0.32547426,15.94845,16.009243,0.0,0.0,1.0,1.0
3306,0.41947114,15.767918,15.891016,0.0,0.0,1.0,1.0
3307,0.41460392,15.629049,15.7939415,0.0,0.0,1.0,1.0
3308,0.41526186,15.505569,15.706795,0.0,0.0,1.0,1.0
3309,0.41300547,15.433633,15.62762,0.0,0.0,1.0,1.0
3310,0.40992975,15.49266,15.554986,0.0,0.0,1.0,1.0
3311,0.4040509,15.428333,15.525481,0.0,0.0,1.0,1.0
3312,0.39633188,15.402467,15.527829,0.0,0.0,1.0,1.0
3313,0.257009,15.400361,15.562854,0.0,0.0,1.0,1.0
3314,0.38256565,15.311039,15.627175,0.0,0.0,1.0,1.0
3315,0.3712826,15.295245,15.720655,0.0,0.0,1.0,1.0
3316,0.35882723,15.691053,15.814224,0.0,0.0,1.0,1.0
3317,0.34381908,15.976624,15.898496,0.0,0.0,1.0,1.0
3318,0.32527095,16.188213,15.992206,0.0,0.0,1.0,1.0
3319,0.18902518,16.400911,16.122543,0.0,0.0,1.0,1.0
3320,0.3017741,16.627323,16.28044,0.0,0.0,1.0,1.0
3321,0.15036942,16.556463,16.427998,0.0,0.0,1.0,1.0
3322,0.29127488,16.503912,16.603958,0.0,0.0,1.0,1.0
3323,0.28581065,16.55285,16.779116,0.0,0.0,1.0,1.0
3324,0.28452614,16.966516,16.943403,0.0,0.0,1.0,1.0
3325,0.2762215,17.29511,17.137943,0.0,0.0,1.0,1.0
3326,0.2636654,17.081753,17.359877,0.0,0.0,1.0,1.0
3327,0.0765711,17.406778,17.585646,0.0,0.0,1.0,1.0
3328,0.24530593,17.79293,17.84441,0.0,0.0,1.0,1.0
3329,0.23091447,17.948082,18.130249,0.0,0.0,1.0,1.0
3330,0.2104614,18.522686,18.441292,0.0,0.0,1.0,1.0
3331,0.18398906,19.064108,18.734797,0.0,0.0,1.0,1.0
3332,0.15879507,19.336565,19.041925,0.0,0.0,1.0,1.0
3333,-0.012447332,19.66162,19.398397,0.0,0.0,1.0,1.0
3334,-0.026031539,19.93399,19.744175,0.0,0.0,1.0,1.0
3335,-0.035806544,20.285374,20.073067,0.0,0.0,1.0,1.0
3336,-0.04000927,20.48856,20.372078,0.0,0.0,1.0,1.0
3337,-0.038422864,20.98066,20.622883,0.0,0.0,1.0,1.0
3338,-0.022447323,21.359413,20.809288,0.0,0.0,1.0,1.0
3339,-0.031814568,21.55611,20.958147,0.0,0.0,1.0,1.0
3340,-0.030562814,21.739632,21.084846,0.0,0.0,1.0,1.0
3341,-0.029050564,21.53621,21.158655,0.0,0.0,1.0,1.0
3342,-0.027150366,21.53236,21.198532,1.0,0.0,1.0,1.0
3343,0.07846745,21.300953,21.176022,1.0,0.0,1.0,1.0
3344,-0.0233838,21.122894,21.06413,0.0,0.0,1.0,1.0
3345,-0.010544824,21.182003,20.908995,0.0,0.0,1.0,1.0
3346,-0.004147129,20.819685,20.742266,0.0,0.0,1.0,1.0
3347,0.10913947,20.763916,20.558382,0.0,0.0,1.0,1.0
3348,0.1638232,20.218418,20.378698,0.0,0.0,1.0,1.0
3349,0.18150353,19.637987,20.210548,0.0,0.0,1.0,1.0
3350,0.19700386,19.497765,20.08375,0.0,0.0,1.0,1.0
3351,0.20887612,19.55537,19.968782,0.0,0.0,1.0,1.0
3352,0.21603289,19.533026,19.884897,0.0,0.0,1.0,1.0
3353,0.23248203,19.380003,19.848524,0.0,0.0,1.0,1.0
3354,0.11916883,19.51455,19.842535,0.0,0.0,1.0,1.0
3355,0.24116594,19.779377,19.90672,0.0,0.0,1.0,1.0
3356,0.24978644,19.743292,20.03257,0.0,0.0,1.0,1.0
3357,0.26447022,20.17538,20.203453,0.0,0.0,1.0,1.0
3358,0.27654225,20.383211,20.375336,0.0,0.0,1.0,1.0
3359,0.28798106,20.692034,20.5852,0.0,0.0,1.0,1.0
3360,0.3119755,20.988642,20.835966,0.0,0.0,1.0,1.0
3361,0.20151411,21.148188,21.070797,0.0,0.0,1.0,1.0
3362,0.3366144,21.548374,21.25861,1.0,0.0,1.0,1.0
3363,0.36488706,21.617949,21.439869,1.0,0.0,1.0,1.0
3364,0.38581187,22.051395,21.586311,1.0,0.0,1.0,1.0
3365,0.4004638,22.389214,21.702791,1.0,0.0,1.0,1.0
3366,0.40854985,22.332508,21.783188,1.0,0.0,1.0,1.0
3367,0.41450354,22.03313,21.848843,1.0,0.0,1.0,1.0
3368,0.27847278,21.9184,21.873623,1.0,0.0,1.0,1.0
3369,0.4179646,21.932693,21.844776,1.0,0.0,1.0,1.0
3370,0.41975766,21.780972,21.783243,1.0,0.0,1.0,1.0
3371,0.423568,21.65678,21.657753,1.0,0.0,1.0,1.0
3372,0.42807618,21.776512,21.470612,1.0,0.0,1.0,1.0
3373,0.43056518,21.445557,21.24626,1.0,0.0,1.0,1.0
3374,0.44490278,21.202202,21.001183,0.0,0.0,1.0,1.0
3375,0.45332816,20.87956,20.732798,0.0,0.0,1.0,1.0
3376,0.46126735,20.545496,20.443108,0.0,0.0,1.0,1.0
3377,0.27884817,20.143526,20.149931,0.0,0.0,1.0,1.0
3378,0.46558887,19.640295,19.833916,0.0,0.0,1.0,1.0
3379,0.47273344,19.092205,19.49039,0.0,0.0,1.0,1.0
3380,0.4769973,18.697779,19.150593,0.0,0.0,1.0,1.0
3381,0.48016992,18.456413,18.814844,0.0,0.0,1.0,1.0
3382,0.31305608,18.262846,18.470974,0.0,0.0,1.0,1.0
3383,0.48424196,17.864609,18.10965,0.0,0.0,1.0,1.0
3384,0.48196006,17.654192,17.77695,0.0,0.0,1.0,1.0
3385,0.47455877,17.367994,17.487017,0.0,0.0,1.0,1.0
3386,0.466642,17.17322,17.238272,0.0,0.0,1.0,1.0
3387,0.45972562,16.753105,17.012066,0.0,0.0,1.0,1.0
3388,0.4573301,16.209608,16.812986,0.0,0.0,1.0,1.0
3389,0.4591807,16.151152,16.62823,0.0,0.0,1.0,1.0
3390,0.46218327,16.161077,16.480932,0.0,0.0,1.0,1.0
3391,0.4609875,16.107267,16.341522,0.0,0.0,1.0,1.0
3392,0.31150463,15.983299,16.22179,0.0,0.0,1.0,1.0
3393,0.45632973,16.067476,16.11234,0.0,0.0,1.0,1.0
3394,0.44785118,16.045746,16.047915,0.0,0.0,1.0,1.0
3395,0.43980527,16.09705,16.027346,0.0,0.0,1.0,1.0
3396,0.42677936,15.981277,16.012173,0.0,0.0,1.0,1.0
3397,0.42279094,15.931201,15.984939,0.0,0.0,1.0,1.0
3398,0.43381396,15.859838,16.00142,0.0,0.0,1.0,1.0
3399,0.4343108,15.979976,16.065578,0.0,0.0,1.0,1.0
3400,0.43448806,15.962797,16.151423,0.0,0.0,1.0,1.0
3401,0.28735647,15.969074,16.228062,0.0,0.0,1.0,1.0
3402,0.43381706,15.834259,16.299833,0.0,0.0,1.0,1.0
3403,0.43087906,16.305033,16.37502,0.0,0.0,1.0,1.0
3404,0.42258954,16.753222,16.444208,0.0,0.0,1.0,1.0
3405,0.40812692,17.097597,16.513975,0.0,0.0,1.0,1.0
3406,0.3923692,16.965427,16.566835,0.0,0.0,1.0,1.0
3407,0.387211,16.958303,16.623154,0.0,0.0,1.0,1.0
3408,0.3865256,16.883505,16.673489,0.0,0.0,1.0,1.0
3409,0.26176485,16.761461,16.746443,0.0,0.0,1.0,1.0
3410,0.38934004,16.697054,16.773888,0.0,0.0,1.0,1.0
3411,0.3845897,16.6143,16.756632,0.0,0.0,1.0,1.0
3412,0.3752506,16.638617,16.694857,0.0,0.0,1.0,1.0
3413,0.3577,16.573076,16.638733,0.0,0.0,1.0,1.0
3414,0.34325227,16.709723,16.535324,0.0,0.0,1.0,1.0
3415,0.32187086,16.634356,16.39513,0.0,0.0,1.0,1.0
3416,0.17721137,16.546164,16.223503,0.0,0.0,1.0,1.0
3417,0.30898482,16.356304,16.060123,0.0,0.0,1.0,1.0
3418,0.2921182,16.291925,15.90364,0.0,0.0,1.0,1.0
3419,0.2832249,15.71741,15.747339,0.0,0.0,1.0,1.0
3420,0.2702261,15.201181,15.602997,0.0,0.0,1.0,1.0
3421,0.26183718,14.70192,15.463979,0.0,0.0,1.0,1.0
3422,0.08227337,14.736517,15.350062,0.0,0.0,1.0,1.0
3423,0.24549833,14.736486,15.259289,0.0,0.0,1.0,1.0
3424,0.22484848,14.763009,15.201232,0.0,0.0,1.0,1.0
3425,0.20365125,14.840967,15.148994,0.0,0.0,1.0,1.0
3426,0.1811841,15.041501,15.178974,0.0,0.0,1.0,1.0
3427,-0.005286771,15.267359,15.270655,0.0,0.0,1.0,1.0
3428,-0.02217846,15.456889,15.429618,0.0,0.0,1.0,1.0
3429,-0.030819604,15.659619,15.605077,0.0,0.0,1.0,1.0
3430,-0.038526256,15.665079,15.801018,0.0,0.0,1.0,1.0
3431,-0.044760235,16.077164,16.003838,0.0,0.0,1.0,1.0
3432,0.12856863,16.301346,16.222885,0.0,0.0,1.0,1.0
3433,-0.042075813,16.60948,16.448254,0.0,0.0,1.0,1.0
3434,-0.04099079,16.84202,16.652403,0.0,0.0,1.0,1.0
3435,-0.046405192,17.087776,16.848581,0.0,0.0,1.0,1.0
3436,-0.050153382,17.19686,17.0408,0.0,0.0,1.0,1.0
3437,-0.05057745,17.46954,17.230816,0.0,0.0,1.0,1.0
3438,-0.04843696,17.745901,17.38826,0.0,0.0,1.0,1.0
3439,-0.04375091,17.717169,17.526815,0.0,0.0,1.0,1.0
3440,-0.030753735,17.811018,17.646172,0.0,0.0,1.0,1.0
3441,-0.014354527,17.966242,17.75102,0.0,0.0,1.0,1.0
3442,0.0028268995,17.945269,17.828136,0.0,0.0,1.0,1.0
3443,0.0050255577,17.966507,17.89895,0.0,0.0,1.0,1.0
3444,0.15700155,17.964,17.962603,0.0,0.0,1.0,1.0
3445,0.16718069,18.04176,18.02455,0.0,0.0,1.0,1.0
3446,0.18111297,18.100197,18.11023,0.0,0.0,1.0,1.0
3447,0.19330908,18.013176,18.212635,0.0,0.0,1.0,1.0
3448,0.1981271,18.046638,18.317232,0.0,0.0,1.0,1.0
3449,0.20971912,18.233356,18.42239,0.0,0.0,1.0,1.0
3450,0.21891004,18.489258,18.552126,0.0,0.0,1.0,1.0
3451,0.22334321,18.74533,18.69365,0.0,0.0,1.0,1.0
3452,0.23183276,19.039875,18.84292,0.0,0.0,1.0,1.0
3453,0.2447208,19.221422,18.997883,0.0,0.0,1.0,1.0
3454,0.19284126,19.207159,19.16319,0.0,0.0,1.0,1.0
3455,0.2582262,19.523338,19.346918,0.0,0.0,1.0,1.0
3456,0.2778504,19.662287,19.512936,0.0,0.0,1.0,1.0
3457,0.2884631,19.833,19.665777,0.0,0.0,1.0,1.0
3458,0.3130496,19.959745,19.805391,0.0,0.0,1.0,1.0
3459,0.33286995,19.996878,19.92076,0.0,0.0,1.0,1.0
3460,0.35136482,20.251375,20.009743,0.0,0.0,1.0,1.0
3461,0.20914851,20.22557,20.084705,0.0,0.0,1.0,1.0
3462,0.36494878,20.323355,20.12494,0.0,0.0,1.0,1.0
3463,0.36899877,20.420689,20.142647,0.0,0.0,1.0,1.0
3464,0.3788006,20.424288,20.144426,0.0,0.0,1.0,1.0
3465,0.39661354,20.289217,20.126259,0.0,0.0,1.0,1.0
3466,0.4140976,20.106714,20.096153,0.0,0.0,1.0,1.0
3467,0.43059433,20.00618,20.03731,0.0,0.0,1.0,1.0
3468,0.44769746,19.874754,19.962738,0.0,0.0,1.0,1.0
3469,0.2802738,19.854359,19.87426,0.0,0.0,1.0,1.0
3470,0.45560694,19.74174,19.771759,0.0,0.0,1.0,1.0
3471,0.46312565,19.635603,19.654116,0.0,0.0,1.0,1.0
3472,0.4640131,19.545242,19.537674,0.0,0.0,1.0,1.0
3473,0.46554223,19.330708,19.421402,0.0,0.0,1.0,1.0
3474,0.45854893,19.261625,19.286974,0.0,0.0,1.0,1.0
3475,0.28069535,19.190685,19.15365,0.0,0.0,1.0,1.0
3476,0.45462343,19.012568,19.02073,0.0,0.0,1.0,1.0
3477,0.4526955,18.891901,18.893566,0.0,0.0,1.0,1.0
3478,0.44565204,18.71145,18.766838,0.0,0.0,1.0,1.0
3479,0.43618792,18.393047,18.639818,0.0,0.0,1.0,1.0
3480,0.43457636,18.274866,18.508577,0.0,0.0,1.0,1.0
3481,0.4377941,18.259317,18.387068,0.0,0.0,1.0,1.0
3482,0.43708265,18.215769,18.251972,0.0,0.0,1.0,1.0
3483,0.43379807,18.114882,18.119926,0.0,0.0,1.0,1.0
3484,0.42925754,18.021004,18.000397,0.0,0.0,1.0,1.0
3485,0.42377874,17.75581,17.881464,0.0,0.0,1.0,1.0
3486,0.41861174,17.803516,17.787825,0.0,0.0,1.0,1.0
3487,0.2676898,17.569544,17.684961,0.0,0.0,1.0,1.0
3488,0.42112383,17.428015,17.5742,0.0,0.0,1.0,1.0
3489,0.4248564,17.457542,17.474644,0.0,0.0,1.0,1.0
3490,0.4290231,17.284262,17.36613,0.0,0.0,1.0,1.0
3491,0.43249604,17.26936,17.266083,0.0,0.0,1.0,1.0
3492,0.43815386,17.04051,17.181593,0.0,0.0,1.0,1.0
3493,0.43827185,16.930172,17.099062,0.0,0.0,1.0,1.0
3494,0.29873458,17.02112,17.039423,0.0,0.0,1.0,1.0
3495,0.43525547,16.812725,17.009428,0.0,0.0,1.0,1.0
3496,0.43162704,16.820408,16.97329,0.0,0.0,1.0,1.0
3497,0.42324573,16.74194,16.934385,0.0,0.0,1.0,1.0
3498,0.41305682,16.81314,16.886831,0.0,0.0,1.0,1.0
3499,0.40429875,16.853882,16.872534,0.0,0.0,1.0,1.0
3500,0.26896662,17.068068,16.887894,0.0,0.0,1.0,1.0
3501,0.38954654,17.02389,16.935163,0.0,0.0,1.0,1.0
3502,0.3749818,16.817408,17.024633,0.0,0.0,1.0,1.0
3503,0.36896458,16.698708,17.14719,0.0,0.0,1.0,1.0
3504,0.36706665,16.868942,17.270859,0.0,0.0,1.0,1.0
3505,0.3617351,17.114498,17.378895,0.0,0.0,1.0,1.0
3506,0.35776377,17.588345,17.501013,0.0,0.0,1.0,1.0
3507,0.3524636,17.886377,17.611162,0.0,0.0,1.0,1.0
3508,0.20503382,18.291077,17.755066,0.0,0.0,1.0,1.0
3509,0.33746883,18.22597,17.938587,0.0,0.0,1.0,1.0
3510,0.3217177,18.109577,18.15244,0.0,0.0,1.0,1.0
3511,0.3007112,18.319294,18.362814,0.0,0.0,1.0,1.0
3512,0.27825326,18.38987,18.5352,0.0,0.0,1.0,1.0
3513,0.25397485,18.750727,18.680763,0.0,0.0,1.0,1.0
3514,0.09977,19.019655,18.814194,0.0,0.0,1.0,1.0
3515,0.23097683,19.264944,18.906275,0.0,0.0,1.0,1.0
3516,0.046373244,19.393425,18.98886,0.0,0.0,1.0,1.0
3517,0.20386843,19.183144,19.06308,0.0,0.0,1.0,1.0
3518,0.19855998,19.335106,19.084976,0.0,0.0,1.0,1.0
3519,0.19372423,19.487549,19.077791,0.0,0.0,1.0,1.0
3520,0.18645841,19.396034,19.063765,0.0,0.0,1.0,1.0
3521,0.17482738,19.216993,19.036007,0.0,0.0,1.0,1.0
3522,-0.015754882,19.000225,19.01231,0.0,0.0,1.0,1.0
3523,-0.022399649,18.58204,18.98317,0.0,0.0,1.0,1.0
3524,0.15052247,18.30365,18.963898,0.0,0.0,1.0,1.0
3525,-0.03360701,18.582409,18.90262,0.0,0.0,1.0,1.0
3526,-0.049197335,18.68656,18.82788,0.0,0.0,1.0,1.0
3527,0.10516851,18.980593,18.744606,0.0,0.0,1.0,1.0
3528,-0.062133204,19.043736,18.694706,0.0,0.0,1.0,1.0
3529,-0.07018732,18.951883,18.659248,0.0,0.0,1.0,1.0
3530,-0.073465355,18.59977,18.665298,0.0,0.0,1.0,1.0
3531,-0.07249347,18.590666,18.692596,0.0,0.0,1.0,1.0
3532,-0.06814836,18.396744,18.680902,0.0,0.0,1.0,1.0
3533,-0.059552588,18.618202,18.65428,0.0,0.0,1.0,1.0
3534,-0.05876966,18.574736,18.61136,0.0,0.0,1.0,1.0
3535,-0.055244345,18.654642,18.566196,0.0,0.0,1.0,1.0
3536,-0.050980523,18.63122,18.519924,0.0,0.0,1.0,1.0
3537,0.10304143,18.442074,18.507917,0.0,0.0,1.0,1.0
3538,-0.042242125,18.367098,18.478065,0.0,0.0,1.0,1.0
3539,-0.03436618,18.46555,18.482405,0.0,0.0,1.0,1.0
3540,-0.018301066,18.501762,18.448057,0.0,0.0,1.0,1.0
3541,0.09059134,18.396616,18.430725,0.0,0.0,1.0,1.0
3542,0.14562012,18.455706,18.399529,0.0,0.0,1.0,1.0
3543,0.17283805,18.232428,18.387302,0.0,0.0,1.0,1.0
3544,0.194751,18.448828,18.405647,0.0,0.0,1.0,1.0
3545,0.21389717,18.206034,18.451681,0.0,0.0,1.0,1.0
3546,0.23282555,18.366749,18.508228,0.0,0.0,1.0,1.0
3547,0.20463501,18.280277,18.589949,0.0,0.0,1.0,1.0
3548,0.24145383,18.484505,18.695927,0.0,0.0,1.0,1.0
3549,0.255452,18.662224,18.796991,0.0,0.0,1.0,1.0
3550,0.25949395,18.919506,18.919073,0.0,0.0,1.0,1.0
3551,0.27497935,19.144096,19.028374,0.0,0.0,1.0,1.0
3552,0.28464815,19.482409,19.176985,0.0,0.0,1.0,1.0
3553,0.29857084,19.66837,19.322144,0.0,0.0,1.0,1.0
3554,0.31577554,19.668484,19.483507,0.0,0.0,1.0,1.0
3555,0.3356157,19.697405,19.60177,0.0,0.0,1.0,1.0
3556,0.19251996,19.760435,19.703554,0.0,0.0,1.0,1.0
3557,0.35993046,19.98935,19.777302,0.0,0.0,1.0,1.0
3558,0.38151485,20.108656,19.806803,0.0,0.0,1.0,1.0
3559,0.40765512,20.216646,19.78667,0.0,0.0,1.0,1.0
3560,0.41951728,19.903666,19.739012,0.0,0.0,1.0,1.0
3561,0.42495605,19.883635,19.676666,0.0,0.0,1.0,1.0
3562,0.24444234,19.804476,19.591558,0.0,0.0,1.0,1.0
3563,0.42775005,19.498112,19.478178,0.0,0.0,1.0,1.0
3564,0.42412823,19.240808,19.344423,0.0,0.0,1.0,1.0
3565,0.42054147,19.096462,19.196758,0.0,0.0,1.0,1.0
3566,0.41325334,18.92035,19.039503,0.0,0.0,1.0,1.0
3567,0.40488887,18.676104,18.897533,0.0,0.0,1.0,1.0
3568,0.40552312,18.399878,18.734976,0.0,0.0,1.0,1.0
3569,0.41366383,18.38428,18.555733,0.0,0.0,1.0,1.0
3570,0.24110645,18.336681,18.386843,0.0,0.0,1.0,1.0
3571,0.42291614,18.32959,18.237625,0.0,0.0,1.0,1.0
3572,0.42526853,18.200022,18.103989,0.0,0.0,1.0,1.0
3573,0.4287156,17.93294,17.97458,0.0,0.0,1.0,1.0
3574,0.43057764,17.653559,17.87471,0.0,0.0,1.0,1.0
3575,0.42750323,17.471447,17.79442,0.0,0.0,1.0,1.0
3576,0.4235094,17.45019,17.720472,0.0,0.0,1.0,1.0
3577,0.4196405,17.492838,17.644686,0.0,0.0,1.0,1.0
3578,0.4155287,17.367453,17.574646,0.0,0.0,1.0,1.0
3579,0.41597182,17.477657,17.513046,0.0,0.0,1.0,1.0
3580,0.26633486,17.436384,17.462742,0.0,0.0,1.0,1.0
3581,0.42074275,17.496899,17.44096,0.0,0.0,1.0,1.0
3582,0.42496184,17.42726,17.43832,0.0,0.0,1.0,1.0
3583,0.42879945,17.489113,17.43835,0.0,0.0,1.0,1.0
3584,0.42530563,17.460808,17.420391,0.0,0.0,1.0,1.0
3585,0.42535776,17.329296,17.39844,0.0,0.0,1.0,1.0
3586,0.42100516,17.392168,17.355835,0.0,0.0,1.0,1.0
3587,0.41382256,17.439781,17.322475,0.0,0.0,1.0,1.0
3588,0.4053274,17.450544,17.28825,0.0,0.0,1.0,1.0
3589,0.39003983,17.277323,17.276163,0.0,0.0,1.0,1.0
3590,0.38080108,17.10403,17.267254,0.0,0.0,1.0,1.0
3591,0.37570196,16.966412,17.272964,0.0,0.0,1.0,1.0
3592,0.37387,17.03607,17.301434,0.0,0.0,1.0,1.0
3593,0.23008499,17.086193,17.334332,0.0,0.0,1.0,1.0
3594,0.37455338,17.28221,17.353909,0.0,0.0,1.0,1.0
3595,0.36654696,17.382215,17.396841,0.0,0.0,1.0,1.0
3596,0.36841196,17.52932,17.491175,0.0,0.0,1.0,1.0
3597,0.36690766,17.670927,17.622831,0.0,0.0,1.0,1.0
3598,0.35591403,17.78695,17.768484,0.0,0.0,1.0,1.0
3599,0.20319463,17.674713,17.94197,0.0,0.0,1.0,1.0
3600,0.34917933,17.96574,18.15953,0.0,0.0,1.0,1.0
3601,0.32601976,18.409313,18.411566,0.0,0.0,1.0,1.0
3602,0.30044267,18.683907,18.710182,0.0,0.0,1.0,1.0
3603,0.28402135,18.714254,19.032461,0.0,0.0,1.0,1.0
3604,0.2931833,19.117905,19.372566,0.0,0.0,1.0,1.0
3605,0.29211542,19.696905,19.724083,0.0,0.0,1.0,1.0
3606,0.28001058,20.306639,20.059212,0.0,0.0,1.0,1.0
3607,0.26890603,20.965618,20.39568,0.0,0.0,1.0,1.0
3608,0.057597794,21.39667,20.727943,0.0,0.0,1.0,1.0
3609,0.2571901,21.75217,21.079239,0.0,0.0,1.0,1.0
3610,0.24353443,22.005165,21.440216,1.0,0.0,1.0,1.0
3611,0.21966508,21.696253,21.786966,1.0,0.0,1.0,1.0
3612,0.20237383,22.003347,22.05175,1.0,0.0,1.0,1.0
3613,0.18361884,22.396482,22.246176,1.0,0.0,1.0,1.0
3614,0.16439888,22.899462,22.420675,1.0,0.0,1.0,1.0
3615,-0.004952524,23.045967,22.557161,1.0,0.0,1.0,1.0
3616,-0.029467102,23.278923,22.6768,1.0,0.0,1.0,1.0
3617,-0.05297771,22.874302,22.778786,1.0,0.0,1.0,1.0
3618,-0.07262594,22.63976,22.904583,1.0,0.0,1.0,1.0
3619,-0.03172817,23.059605,22.992487,1.0,0.0,1.0,1.0
3620,-0.0822035,23.034502,23.019276,1.0,0.0,1.0,1.0
3621,-0.086940974,23.187822,23.000326,1.0,0.0,1.0,1.0
3622,-0.090756275,23.229002,22.98941,1.0,0.0,1.0,1.0
3623,-0.08945652,23.20582,22.935316,1.0,0.0,1.0,1.0
3624,0.006665766,23.058197,22.874138,1.0,0.0,1.0,1.0
3625,-0.089399196,22.717945,22.804129,1.0,0.0,1.0,1.0
3626,-0.087374896,22.67208,22.709246,1.0,0.0,1.0,1.0
3627,-0.08566082,22.914978,22.581528,1.0,0.0,1.0,1.0
3628,-0.08768101,22.629774,22.440025,1.0,0.0,1.0,1.0
3629,-0.004406495,22.140171,22.28895,1.0,0.0,1.0,1.0
3630,0.071497,21.799644,22.109684,1.0,0.0,1.0,1.0
3631,-0.07728825,21.921015,21.919453,1.0,0.0,1.0,1.0
3632,-0.069177516,21.501888,21.716715,1.0,0.0,1.0,1.0
3633,-0.055246435,21.48978,21.488111,1.0,0.0,1.0,1.0
3634,-0.038620565,21.416111,21.209621,1.0,0.0,1.0,1.0
3635,-0.019185083,21.054619,20.920359,0.0,0.0,1.0,1.0
3636,0.13823591,20.77543,20.6538,0.0,0.0,1.0,1.0
3637,0.002516859,20.285084,20.370008,0.0,0.0,1.0,1.0
3638,0.16957277,19.928854,20.085876,0.0,0.0,1.0,1.0
3639,0.18286937,19.573084,19.82778,0.0,0.0,1.0,1.0
3640,0.20241117,19.158623,19.573095,0.0,0.0,1.0,1.0
3641,0.048839815,18.941456,19.294786,0.0,0.0,1.0,1.0
3642,0.21559507,18.394161,19.049557,0.0,0.0,1.0,1.0
3643,0.2327806,18.511433,18.842157,0.0,0.0,1.0,1.0
3644,0.25016993,18.404722,18.689484,0.0,0.0,1.0,1.0
3645,0.27037838,18.43357,18.576693,0.0,0.0,1.0,1.0
3646,0.28284982,18.076395,18.492226,0.0,0.0,1.0,1.0
3647,0.29342213,18.111862,18.442993,0.0,0.0,1.0,1.0
3648,0.14952277,18.28664,18.419321,0.0,0.0,1.0,1.0
3649,0.3019728,18.452991,18.42917,0.0,0.0,1.0,1.0
3650,0.31217572,18.575384,18.43295,0.0,0.0,1.0,1.0
3651,0.3315286,18.559479,18.46358,0.0,0.0,1.0,1.0
3652,0.34403843,18.567812,18.50286,0.0,0.0,1.0,1.0
3653,0.3549697,18.657393,18.59386,0.0,0.0,1.0,1.0
3654,0.36271903,18.51237,18.660393,0.0,0.0,1.0,1.0
3655,0.19021043,18.556774,18.703495,0.0,0.0,1.0,1.0
3656,0.37159747,18.77227,18.717737,0.0,0.0,1.0,1.0
3657,0.37110862,18.904947,18.730017,0.0,0.0,1.0,1.0
3658,0.37206686,19.168398,18.732382,0.0,0.0,1.0,1.0
3659,0.374738,18.910267,18.708654,0.0,0.0,1.0,1.0
3660,0.3816922,18.803846,18.663424,0.0,0.0,1.0,1.0
3661,0.3916003,18.623915,18.614527,0.0,0.0,1.0,1.0
3662,0.40270576,18.72274,18.53958,0.0,0.0,1.0,1.0
3663,0.23209123,18.587854,18.436207,0.0,0.0,1.0,1.0
3664,0.41602224,18.283072,18.315727,0.0,0.0,1.0,1.0
3665,0.4237018,18.114632,18.175653,0.0,0.0,1.0,1.0
3666,0.42784446,17.925617,18.03972,0.0,0.0,1.0,1.0
3667,0.4266609,17.657387,17.889946,0.0,0.0,1.0,1.0
3668,0.42529857,17.53181,17.749842,0.0,0.0,1.0,1.0
3669,0.41976377,17.459192,17.590792,0.0,0.0,1.0,1.0
3670,0.25245363,17.487514,17.452404,0.0,0.0,1.0,1.0
3671,0.4121007,17.279072,17.337622,0.0,0.0,1.0,1.0
3672,0.40611786,17.006554,17.238493,0.0,0.0,1.0,1.0
3673,0.40433806,16.942654,17.15818,0.0,0.0,1.0,1.0
3674,0.40210384,16.814152,17.103653,0.0,0.0,1.0,1.0
3675,0.40232426,16.927185,17.064959,0.0,0.0,1.0,1.0
3676,0.40389335,16.905691,17.0378,0.0,0.0,1.0,1.0
3677,0.40086088,16.925083,17.01078,0.0,0.0,1.0,1.0
3678,0.39628053,16.961868,17.01797,0.0,0.0,1.0,1.0
3679,0.24930565,17.003063,17.048834,0.0,0.0,1.0,1.0
3680,0.39071628,17.067478,17.079672,0.0,0.0,1.0,1.0
3681,0.38605303,17.13328,17.132113,0.0,0.0,1.0,1.0
3682,0.37805808,17.163292,17.182278,0.0,0.0,1.0,1.0
3683,0.3835228,17.36532,17.240658,0.0,0.0,1.0,1.0
3684,0.38833883,17.376936,17.299791,0.0,0.0,1.0,1.0
3685,0.39021146,17.312721,17.370083,0.0,0.0,1.0,1.0
3686,0.23040675,17.44343,17.446352,0.0,0.0,1.0,1.0
3687,0.38326114,17.529171,17.524834,0.0,0.0,1.0,1.0
3688,0.37675443,17.60624,17.612432,0.0,0.0,1.0,1.0
3689,0.3775335,17.634697,17.709078,0.0,0.0,1.0,1.0
3690,0.3798311,17.805376,17.784721,0.0,0.0,1.0,1.0
3691,0.37337628,17.918274,17.86486,0.0,0.0,1.0,1.0
3692,0.36604533,18.009264,17.962162,0.0,0.0,1.0,1.0
3693,0.35910255,18.18446,18.080538,0.0,0.0,1.0,1.0
3694,0.18617377,18.323055,18.213928,0.0,0.0,1.0,1.0
3695,0.34462196,18.27304,18.345453,0.0,0.0,1.0,1.0
3696,0.33094656,18.338602,18.492678,0.0,0.0,1.0,1.0
3697,0.3249488,18.480345,18.650475,0.0,0.0,1.0,1.0
3698,0.3135823,18.863935,18.832628,0.0,0.0,1.0,1.0
3699,0.300168,19.12984,19.044905,0.0,0.0,1.0,1.0
3700,0.2835171,19.184547,19.283794,0.0,0.0,1.0,1.0
3701,0.13876766,19.401388,19.505188,0.0,0.0,1.0,1.0
3702,0.27320042,19.69894,19.72555,0.0,0.0,1.0,1.0
3703,0.27213123,20.104116,19.951986,0.0,0.0,1.0,1.0
3704,0.2630911,20.556587,20.170689,0.0,0.0,1.0,1.0
3705,0.25072992,21.051126,20.366816,0.0,0.0,1.0,1.0
3706,0.22803597,20.979788,20.541088,0.0,0.0,1.0,1.0
3707,0.20843852,20.917381,20.718037,0.0,0.0,1.0,1.0
3708,0.006400135,21.055832,20.883928,0.0,0.0,1.0,1.0
3709,0.17984739,21.104784,21.008602,0.0,0.0,1.0,1.0
3710,-0.030687377,21.21746,21.076204,0.0,0.0,1.0,1.0
3711,-0.046219185,21.22111,21.128212,0.0,0.0,1.0,1.0
3712,-0.05498734,21.307936,21.135181,0.0,0.0,1.0,1.0
3713,-0.06637628,21.392084,21.11926,0.0,0.0,1.0,1.0
3714,-0.069130175,21.195023,21.100582,0.0,0.0,1.0,1.0
3715,-0.074852146,20.915346,21.065351,0.0,0.0,1.0,1.0
3716,-0.08126827,21.180683,21.014751,0.0,0.0,1.0,1.0
3717,-0.08998855,21.134747,20.975037,0.0,0.0,1.0,1.0
3718,-0.095127165,20.788754,20.949903,0.0,0.0,1.0,1.0
3719,-0.09723679,20.693228,20.918745,0.0,0.0,1.0,1.0
3720,0.048324578,20.633062,20.877398,0.0,0.0,1.0,1.0
3721,-0.100116596,20.497591,20.843094,0.0,0.0,1.0,1.0
3722,-0.10044305,20.740866,20.8482,0.0,0.0,1.0,1.0
3723,-0.09270323,20.91953,20.82221,0.0,0.0,1.0,1.0
3724,-0.08217414,20.934036,20.776814,0.0,0.0,1.0,1.0
3725,0.005424868,20.895906,20.74765,0.0,0.0,1.0,1.0
3726,-0.057725463,20.783371,20.736725,0.0,0.0,1.0,1.0
3727,-0.05444727,20.976625,20.704088,0.0,0.0,1.0,1.0
3728,-0.0529215,20.86881,20.675592,0.0,0.0,1.0,1.0
3729,-0.045325376,20.58999,20.614088,0.0,0.0,1.0,1.0
3730,4.745775e-05,20.43879,20.527082,0.0,0.0,1.0,1.0
3731,-0.037288267,20.562115,20.426025,0.0,0.0,1.0,1.0
3732,-0.022332964,20.241428,20.287106,0.0,0.0,1.0,1.0
3733,-0.006746907,20.155636,20.149628,0.0,0.0,1.0,1.0
3734,0.14979988,20.00281,19.971504,0.0,0.0,1.0,1.0
3735,0.1522058,19.875473,19.777573,0.0,0.0,1.0,1.0
3736,0.1711194,19.72135,19.598244,0.0,0.0,1.0,1.0
3737,0.19021942,19.228863,19.423042,0.0,0.0,1.0,1.0
3738,0.21795622,19.133644,19.225214,0.0,0.0,1.0,1.0
3739,0.23604396,18.83915,19.052994,0.0,0.0,1.0,1.0
3740,0.09397933,18.541634,18.900904,0.0,0.0,1.0,1.0
3741,0.25922403,18.438042,18.765532,0.0,0.0,1.0,1.0
3742,0.2740643,18.336357,18.6274,0.0,0.0,1.0,1.0
3743,0.2929428,18.188189,18.518726,0.0,0.0,1.0,1.0
3744,0.30556574,18.17477,18.439384,0.0,0.0,1.0,1.0
3745,0.31170622,18.330557,18.38233,0.0,0.0,1.0,1.0
3746,0.31770092,18.378363,18.330164,0.0,0.0,1.0,1.0
3747,0.33105043,18.217873,18.279953,0.0,0.0,1.0,1.0
3748,0.1800771,18.417267,18.248585,0.0,0.0,1.0,1.0
3749,0.34581488,18.27678,18.206337,0.0,0.0,1.0,1.0
3750,0.36050418,18.448977,18.178633,0.0,0.0,1.0,1.0
3751,0.3738908,18.213154,18.143805,0.0,0.0,1.0,1.0
3752,0.39035594,17.939121,18.087706,0.0,0.0,1.0,1.0
3753,0.40624434,18.0616,18.016087,0.0,0.0,1.0,1.0
3754,0.41397318,17.829401,17.941994,0.0,0.0,1.0,1.0
3755,0.22955942,17.855732,17.841036,0.0,0.0,1.0,1.0
3756,0.4211888,17.756823,17.734991,0.0,0.0,1.0,1.0
3757,0.41945654,17.657387,17.60418,0.0,0.0,1.0,1.0
3758,0.41312763,17.518917,17.485445,0.0,0.0,1.0,1.0
3759,0.4079641,17.328777,17.37413,0.0,0.0,1.0,1.0
3760,0.40052456,17.205761,17.255985,0.0,0.0,1.0,1.0
3761,0.22876652,17.004244,17.144846,0.0,0.0,1.0,1.0
3762,0.39114514,16.879242,17.024235,0.0,0.0,1.0,1.0
3763,0.39136446,16.78834,16.910044,0.0,0.0,1.0,1.0
3764,0.39387825,16.60335,16.797503,0.0,0.0,1.0,1.0
3765,0.22649726,16.643852,16.701155,0.0,0.0,1.0,1.0
3766,0.3924343,16.495724,16.621742,0.0,0.0,1.0,1.0
3767,0.39334357,16.408394,16.562614,0.0,0.0,1.0,1.0
3768,0.3918959,16.386532,16.517513,0.0,0.0,1.0,1.0
3769,0.39188552,16.3069,16.485912,0.0,0.0,1.0,1.0
3770,0.38799962,16.362738,16.467205,0.0,0.0,1.0,1.0
3771,0.23738062,16.375822,16.469524,0.0,0.0,1.0,1.0
3772,0.38336608,16.496246,16.47807,0.0,0.0,1.0,1.0
3773,0.3772486,16.463026,16.506735,0.0,0.0,1.0,1.0
3774,0.3813027,16.50002,16.54684,0.0,0.0,1.0,1.0
3775,0.23528717,16.563847,16.593962,0.0,0.0,1.0,1.0
3776,0.38732967,16.631197,16.655748,0.0,0.0,1.0,1.0
3777,0.39114097,16.746395,16.71521,0.0,0.0,1.0,1.0
3778,0.39656094,16.839712,16.784403,0.0,0.0,1.0,1.0
3779,0.39886263,16.889664,16.85341,0.0,0.0,1.0,1.0
3780,0.40363315,16.951977,16.931307,0.0,0.0,1.0,1.0
3781,0.24452287,17.048346,17.007376,0.0,0.0,1.0,1.0
3782,0.39437082,17.076258,17.073204,0.0,0.0,1.0,1.0
3783,0.386965,17.206142,17.13627,0.0,0.0,1.0,1.0
3784,0.38078576,17.324347,17.208103,0.0,0.0,1.0,1.0
3785,0.37321073,17.397783,17.29133,0.0,0.0,1.0,1.0
3786,0.35833514,17.412848,17.3778,0.0,0.0,1.0,1.0
3787,0.34201607,17.353771,17.483212,0.0,0.0,1.0,1.0
3788,0.20559748,17.387997,17.574215,0.0,0.0,1.0,1.0
3789,0.33418533,17.608383,17.6568,0.0,0.0,1.0,1.0
3790,0.32778373,17.838442,17.750515,0.0,0.0,1.0,1.0
3791,0.3269456,17.927298,17.861462,0.0,0.0,1.0,1.0
3792,0.32150352,18.216932,17.9939,0.0,0.0,1.0,1.0
3793,0.31824932,18.14038,18.16195,0.0,0.0,1.0,1.0
3794,0.30882654,18.06727,18.366,0.0,0.0,1.0,1.0
3795,0.11826967,18.330732,18.59842,0.0,0.0,1.0,1.0
3796,0.29787138,18.655714,18.846582,0.0,0.0,1.0,1.0
3797,0.28333682,18.987034,19.074911,0.0,0.0,1.0,1.0
3798,0.26821002,19.429438,19.305927,0.0,0.0,1.0,1.0
3799,0.24555902,19.802378,19.515257,0.0,0.0,1.0,1.0
3800,0.21619152,20.177038,19.727156,0.0,0.0,1.0,1.0
3801,0.19726403,20.586325,19.937181,0.0,0.0,1.0,1.0
3802,0.19915892,20.578386,20.106083,0.0,0.0,1.0,1.0
3803,0.19020946,20.699507,20.240335,0.0,0.0,1.0,1.0
3804,-0.017886423,20.728876,20.351425,0.0,0.0,1.0,1.0
3805,-0.029192805,20.683168,20.44437,0.0,0.0,1.0,1.0
3806,0.17439099,20.587578,20.489573,0.0,0.0,1.0,1.0
3807,-0.0355156,20.357553,20.51114,0.0,0.0,1.0,1.0
3808,-0.043347023,20.266754,20.504765,0.0,0.0,1.0,1.0
3809,-0.048747532,20.320099,20.496088,0.0,0.0,1.0,1.0
3810,-0.06377694,20.544771,20.479301,0.0,0.0,1.0,1.0
3811,-0.08325686,20.344812,20.456963,0.0,0.0,1.0,1.0
3812,-0.09736134,20.435856,20.432278,0.0,0.0,1.0,1.0
3813,-0.10649559,20.509815,20.439758,0.0,0.0,1.0,1.0
3814,0.044401444,20.474257,20.470722,0.0,0.0,1.0,1.0
3815,-0.11815901,20.498068,20.528654,0.0,0.0,1.0,1.0
3816,-0.11856665,20.460814,20.589119,0.0,0.0,1.0,1.0
3817,-0.115687646,20.386967,20.62741,0.0,0.0,1.0,1.0
3818,-0.113724485,20.677345,20.693258,0.0,0.0,1.0,1.0
3819,-0.108458556,20.729118,20.751541,0.0,0.0,1.0,1.0
3820,-0.107046336,20.961935,20.808718,0.0,0.0,1.0,1.0
3821,-0.10329464,21.045664,20.875965,0.0,0.0,1.0,1.0
3822,-0.10039175,21.00428,20.962305,0.0,0.0,1.0,1.0
3823,-0.09320178,21.134981,21.029789,0.0,0.0,1.0,1.0
3824,0.049873043,21.135258,21.082783,0.0,0.0,1.0,1.0
3825,-0.08997811,21.195919,21.092194,0.0,0.0,1.0,1.0
3826,-0.08033197,21.281237,21.083702,0.0,0.0,1.0,1.0
3827,-0.0715342,21.534134,21.039314,0.0,0.0,1.0,1.0
3828,-0.056224104,21.270632,20.977697,0.0,0.0,1.0,1.0
3829,-0.036088448,21.022892,20.919708,0.0,0.0,1.0,1.0
3830,-0.019239925,20.79027,20.837967,0.0,0.0,1.0,1.0
3831,0.1490049,20.627226,20.73282,0.0,0.0,1.0,1.0
3832,0.16716166,20.429274,20.600924,0.0,0.0,1.0,1.0
3833,0.1798214,20.306273,20.483416,0.0,0.0,1.0,1.0
3834,0.19431241,20.308403,20.362953,0.0,0.0,1.0,1.0
3835,0.15174119,20.154095,20.265339,0.0,0.0,1.0,1.0
3836,0.2044582,19.873491,20.189945,0.0,0.0,1.0,1.0
3837,0.22254807,19.613152,20.110779,0.0,0.0,1.0,1.0
3838,0.2402785,19.871153,20.031183,0.0,0.0,1.0,1.0
3839,0.2629762,20.088577,19.965408,0.0,0.0,1.0,1.0
3840,0.2856066,20.099257,19.89981,0.0,0.0,1.0,1.0
3841,0.31579787,20.118183,19.839855,0.0,0.0,1.0,1.0
3842,0.33718896,19.840265,19.775114,0.0,0.0,1.0,1.0
3843,0.1464792,19.67208,19.728321,0.0,0.0,1.0,1.0
3844,0.35423777,19.639967,19.693632,0.0,0.0,1.0,1.0
3845,0.36061358,19.519115,19.612019,0.0,0.0,1.0,1.0
3846,0.36409476,19.588919,19.511988,0.0,0.0,1.0,1.0
3847,0.37096566,19.377207,19.418152,0.0,0.0,1.0,1.0
3848,0.37064108,19.311989,19.330217,0.0,0.0,1.0,1.0
3849,0.37518132,19.196865,19.243328,0.0,0.0,1.0,1.0
3850,0.2045204,18.891792,19.153101,0.0,0.0,1.0,1.0
3851,0.37377107,18.88822,19.043758,0.0,0.0,1.0,1.0
3852,0.3730313,18.973227,18.936218,0.0,0.0,1.0,1.0
3853,0.36530915,19.062958,18.825132,0.0,0.0,1.0,1.0
3854,0.3590076,18.797606,18.732384,0.0,0.0,1.0,1.0
3855,0.36794004,18.589354,18.627575,0.0,0.0,1.0,1.0
3856,0.3766881,18.327847,18.52094,0.0,0.0,1.0,1.0
3857,0.38397723,18.228638,18.418888,0.0,0.0,1.0,1.0
3858,0.38878414,18.255884,18.31095,0.0,0.0,1.0,1.0
3859,0.20679227,18.264236,18.180977,0.0,0.0,1.0,1.0
3860,0.39420083,18.054285,18.029531,0.0,0.0,1.0,1.0
3861,0.3957915,17.917252,17.902023,0.0,0.0,1.0,1.0
3862,0.39762363,17.667164,17.787138,0.0,0.0,1.0,1.0
3863,0.39521563,17.592941,17.684875,0.0,0.0,1.0,1.0
3864,0.38591918,17.413563,17.584314,0.0,0.0,1.0,1.0
3865,0.38301435,17.245613,17.466085,0.0,0.0,1.0,1.0
3866,0.3776203,17.267498,17.337082,0.0,0.0,1.0,1.0
3867,0.3757587,17.210737,17.220516,0.0,0.0,1.0,1.0
3868,0.3813911,17.100693,17.112787,0.0,0.0,1.0,1.0
3869,0.34539896,17.021898,17.020563,0.0,0.0,1.0,1.0
3870,0.38243523,16.83714,16.923006,0.0,0.0,1.0,1.0
3871,0.3827009,16.716192,16.83771,0.0,0.0,1.0,1.0
3872,0.3775204,16.655499,16.784622,0.0,0.0,1.0,1.0
3873,0.37654504,16.624521,16.734528,0.0,0.0,1.0,1.0
3874,0.32033926,16.560467,16.69332,0.0,0.0,1.0,1.0
3875,0.3699222,16.422249,16.661488,0.0,0.0,1.0,1.0
3876,0.36268267,16.390013,16.645672,0.0,0.0,1.0,1.0
3877,0.35302737,16.608551,16.642117,0.0,0.0,1.0,1.0
3878,0.35023925,16.666363,16.669224,0.0,0.0,1.0,1.0
3879,0.3440678,16.716257,16.711134,0.0,0.0,1.0,1.0
3880,0.3455835,16.71871,16.76888,0.0,0.0,1.0,1.0
3881,0.34640786,16.832106,16.852081,0.0,0.0,1.0,1.0
3882,0.34286025,16.79446,16.959192,0.0,0.0,1.0,1.0
3883,0.18872066,17.041485,17.097502,0.0,0.0,1.0,1.0
3884,0.33360398,17.158426,17.252512,0.0,0.0,1.0,1.0
3885,0.32175484,17.317478,17.440126,0.0,0.0,1.0,1.0
3886,0.30735698,17.558882,17.664183,0.0,0.0,1.0,1.0
3887,0.3023968,17.707575,17.931034,0.0,0.0,1.0,1.0
3888,0.29210076,18.049736,18.198128,0.0,0.0,1.0,1.0
3889,0.28794277,18.46867,18.473984,0.0,0.0,1.0,1.0
3890,0.2828426,18.917728,18.729368,0.0,0.0,1.0,1.0
3891,0.10290549,19.404945,19.019945,0.0,0.0,1.0,1.0
3892,0.2709395,19.920927,19.33889,0.0,0.0,1.0,1.0
3893,0.25984496,20.037228,19.68785,0.0,0.0,1.0,1.0
3894,0.2519371,20.104721,20.053442,0.0,0.0,1.0,1.0
3895,0.24098705,20.106094,20.438198,0.0,0.0,1.0,1.0
3896,0.22565871,20.64535,20.830456,0.0,0.0,1.0,1.0
3897,0.2098211,21.144833,21.227121,1.0,0.0,1.0,1.0
3898,0.036644395,21.746399,21.633148,1.0,0.0,1.0,1.0
3899,0.19673605,22.094666,22.005377,1.0,0.0,1.0,1.0
3900,0.18589339,22.666807,22.351818,1.0,0.0,1.0,1.0
3901,-0.021022534,23.175766,22.659782,1.0,0.0,1.0,1.0
3902,0.16233957,23.677727,22.96687,1.0,0.0,1.0,1.0
3903,-0.04875975,24.277258,23.223705,1.0,0.0,1.0,1.0
3904,-0.07080167,24.387663,23.455462,1.0,0.0,1.0,1.0
3905,-0.08923069,24.194542,23.635326,1.0,0.0,1.0,1.0
3906,-0.104635015,23.800282,23.812237,1.0,0.0,1.0,1.0
3907,-0.11576848,23.791147,23.915495,1.0,0.0,1.0,1.0
3908,-0.12175452,23.727364,23.951471,1.0,0.0,1.0,1.0
3909,-0.12515152,23.925919,23.900074,1.0,0.0,1.0,1.0
3910,-0.12871684,23.904774,23.777462,1.0,0.0,1.0,1.0
3911,-0.12857984,24.217588,23.610037,1.0,0.0,1.0,1.0
3912,-0.12757619,23.905901,23.42868,1.0,0.0,1.0,1.0
3913,-0.09540809,23.607494,23.23866,1.0,0.0,1.0,1.0
3914,-0.12837745,23.060959,22.99993,1.0,0.0,1.0,1.0
3915,-0.12939087,22.805923,22.747465,1.0,0.0,1.0,1.0
3916,-0.13144346,22.378542,22.465067,1.0,0.0,1.0,1.0
3917,-0.12827878,22.018274,22.199265,1.0,0.0,1.0,1.0
3918,-0.090650536,21.520048,21.88276,1.0,0.0,1.0,1.0
3919,-0.1228639,20.926373,21.566774,1.0,0.0,1.0,1.0
3920,-0.11360719,20.697779,21.232141,1.0,0.0,1.0,1.0
3921,-0.10263782,20.53714,20.927225,0.0,0.0,1.0,1.0
3922,0.00013478786,20.715164,20.617983,0.0,0.0,1.0,1.0
3923,-0.058167245,20.419512,20.316954,0.0,0.0,1.0,1.0
3924,0.07080599,20.114088,20.012218,0.0,0.0,1.0,1.0
3925,0.08492638,19.591906,19.729675,0.0,0.0,1.0,1.0
3926,0.10014417,19.401947,19.493582,0.0,0.0,1.0,1.0
3927,-0.020535257,19.095022,19.274721,0.0,0.0,1.0,1.0
3928,-0.013050648,18.766191,19.044052,0.0,0.0,1.0,1.0
3929,-0.0006238943,18.361452,18.79335,0.0,0.0,1.0,1.0
3930,0.15535066,18.129536,18.582754,0.0,0.0,1.0,1.0
3931,0.17421085,18.09325,18.405344,0.0,0.0,1.0,1.0
3932,0.19375226,18.071442,18.273779,0.0,0.0,1.0,1.0
3933,0.20193009,17.769117,18.147055,0.0,0.0,1.0,1.0
3934,0.21229419,17.706743,18.0489,0.0,0.0,1.0,1.0
3935,0.23513256,17.892351,17.977577,0.0,0.0,1.0,1.0
3936,0.11137998,17.985163,17.944735,0.0,0.0,1.0,1.0
3937,0.25746956,18.013134,17.945864,0.0,0.0,1.0,1.0
3938,0.28151616,17.881254,17.948496,0.0,0.0,1.0,1.0
3939,0.3032788,17.917175,17.969109,0.0,0.0,1.0,1.0
3940,0.3156221,17.910316,18.03529,0.0,0.0,1.0,1.0
3941,0.323833,17.96734,18.116407,0.0,0.0,1.0,1.0
3942,0.33421698,18.143072,18.168634,0.0,0.0,1.0,1.0
3943,0.33812663,18.124832,18.197477,0.0,0.0,1.0,1.0
3944,0.15282066,18.318808,18.233545,0.0,0.0,1.0,1.0
3945,0.33385745,18.5633,18.279661,0.0,0.0,1.0,1.0
3946,0.32701874,18.680138,18.31142,0.0,0.0,1.0,1.0
3947,0.34453347,18.519075,18.328127,0.0,0.0,1.0,1.0
3948,0.35877022,18.331282,18.326408,0.0,0.0,1.0,1.0
3949,0.37435678,18.445944,18.299856,0.0,0.0,1.0,1.0
3950,0.38302323,18.43465,18.25253,0.0,0.0,1.0,1.0
3951,0.39318752,18.298279,18.180273,0.0,0.0,1.0,1.0
3952,0.2011314,18.110794,18.090199,0.0,0.0,1.0,1.0
3953,0.40160674,17.946728,17.990599,0.0,0.0,1.0,1.0
3954,0.40735686,17.824444,17.9024,0.0,0.0,1.0,1.0
3955,0.4006794,17.55692,17.828184,0.0,0.0,1.0,1.0
3956,0.39155963,17.451721,17.740286,0.0,0.0,1.0,1.0
3957,0.3836138,17.482414,17.652315,0.0,0.0,1.0,1.0
3958,0.20407434,17.48494,17.56895,0.0,0.0,1.0,1.0
3959,0.37337086,17.460667,17.497467,0.0,0.0,1.0,1.0
3960,0.3653429,17.440706,17.44077,0.0,0.0,1.0,1.0
3961,0.36067086,17.391165,17.396608,0.0,0.0,1.0,1.0
3962,0.3607583,17.37901,17.365353,0.0,0.0,1.0,1.0
3963,0.3167574,17.297913,17.348663,0.0,0.0,1.0,1.0
3964,0.361005,17.252983,17.331232,0.0,0.0,1.0,1.0
3965,0.35887757,17.266346,17.33228,0.0,0.0,1.0,1.0
3966,0.36010486,17.294523,17.337807,0.0,0.0,1.0,1.0
3967,0.35564843,17.181839,17.34158,0.0,0.0,1.0,1.0
3968,0.31672338,17.25146,17.34694,0.0,0.0,1.0,1.0
3969,0.35065234,17.273237,17.35274,0.0,0.0,1.0,1.0
3970,0.34651232,17.497498,17.37451,0.0,0.0,1.0,1.0
3971,0.33375007,17.526999,17.407,0.0,0.0,1.0,1.0
3972,0.33732727,17.485987,17.447868,0.0,0.0,1.0,1.0
3973,0.33282292,17.45547,17.520695,0.0,0.0,1.0,1.0
3974,0.33938777,17.448627,17.61734,0.0,0.0,1.0,1.0
3975,0.34581992,17.559153,17.720675,0.0,0.0,1.0,1.0
3976,0.34648663,17.642857,17.823435,0.0,0.0,1.0,1.0
3977,0.34277642,17.756777,17.907574,0.0,0.0,1.0,1.0
3978,0.20586246,18.16844,18.001047,0.0,0.0,1.0,1.0
3979,0.3422648,18.341583,18.11249,0.0,0.0,1.0,1.0
3980,0.33617905,18.491467,18.249237,0.0,0.0,1.0,1.0
3981,0.33122903,18.50636,18.374073,0.0,0.0,1.0,1.0
3982,0.3233107,18.507164,18.491903,0.0,0.0,1.0,1.0
3983,0.31262833,18.648684,18.617485,0.0,0.0,1.0,1.0
3984,0.29922253,18.823309,18.743889,0.0,0.0,1.0,1.0
3985,0.15645014,19.096437,18.83723,0.0,0.0,1.0,1.0
3986,0.28409135,18.946644,18.943596,0.0,0.0,1.0,1.0
3987,0.27689075,18.973114,19.038181,0.0,0.0,1.0,1.0
3988,0.26434717,19.149855,19.13261,0.0,0.0,1.0,1.0
3989,0.2606821,19.273611,19.202415,0.0,0.0,1.0,1.0
3990,0.25366792,19.288532,19.262135,0.0,0.0,1.0,1.0
3991,0.24678119,19.61798,19.325172,0.0,0.0,1.0,1.0
3992,0.23920217,19.626486,19.4036,0.0,0.0,1.0,1.0
3993,0.040314537,19.6395,19.530375,0.0,0.0,1.0,1.0
3994,0.22571756,19.344837,19.690166,0.0,0.0,1.0,1.0
3995,0.21080789,19.365318,19.856577,0.0,0.0,1.0,1.0
3996,0.1881104,19.57976,19.989092,0.0,0.0,1.0,1.0
3997,-0.025616657,20.037567,20.122536,0.0,0.0,1.0,1.0
3998,-0.045983423,20.467928,20.259352,0.0,0.0,1.0,1.0
3999,-0.06701137,20.890627,20.395887,0.0,0.0,1.0,1.0
4000,-0.086954944,21.146772,20.544939,0.0,0.0,1.0,1.0
4001,-0.10273337,20.863796,20.723938,0.0,0.0,1.0,1.0
4002,-0.114972964,20.889847,20.872547,0.0,0.0,1.0,1.0
4003,0.08303572,21.25978,20.999767,0.0,0.0,1.0,1.0
4004,-0.12067367,21.264912,21.10008,0.0,0.0,1.0,1.0
4005,-0.12374516,21.428127,21.164722,0.0,0.0,1.0,1.0
4006,-0.12593424,21.492832,21.179811,0.0,0.0,1.0,1.0
4007,-0.12643409,21.14862,21.147934,0.0,0.0,1.0,1.0
4008,-0.13137825,21.106388,21.105062,0.0,0.0,1.0,1.0
4009,-0.13913822,21.241337,21.048717,0.0,0.0,1.0,1.0
4010,-0.14565422,21.243618,20.92638,0.0,0.0,1.0,1.0
4011,-0.1468761,21.071716,20.781054,0.0,0.0,1.0,1.0
4012,0.001629603,20.764238,20.636553,0.0,0.0,1.0,1.0
4013,-0.14539455,20.349329,20.480982,0.0,0.0,1.0,1.0
4014,-0.14341864,20.2137,20.317728,0.0,0.0,1.0,1.0
4015,-0.12778986,19.79175,20.142403,0.0,0.0,1.0,1.0
4016,-0.115010425,19.52099,19.923172,0.0,0.0,1.0,1.0
4017,0.0028676596,19.694118,19.680891,0.0,0.0,1.0,1.0
4018,-0.113136046,19.625977,19.449678,0.0,0.0,1.0,1.0
4019,-0.10596753,19.18958,19.24479,0.0,0.0,1.0,1.0
4020,-0.09743725,19.002474,19.049461,0.0,0.0,1.0,1.0
4021,-0.0857584,18.610567,18.846888,0.0,0.0,1.0,1.0
4022,-0.06573312,18.336254,18.670502,0.0,0.0,1.0,1.0
4023,0.0644306,18.297169,18.507076,0.0,0.0,1.0,1.0
4024,0.06882292,18.305553,18.308498,0.0,0.0,1.0,1.0
4025,0.08027562,18.005392,18.081478,0.0,0.0,1.0,1.0
4026,0.10017611,17.78283,17.89256,0.0,0.0,1.0,1.0
4027,0.12707877,17.675117,17.711407,0.0,0.0,1.0,1.0
4028,0.15433158,17.559875,17.565722,0.0,0.0,1.0,1.0
4029,0.17321986,17.311193,17.457542,0.0,0.0,1.0,1.0
4030,0.19607487,16.901728,17.357845,0.0,0.0,1.0,1.0
4031,0.06441614,16.922544,17.277287,0.0,0.0,1.0,1.0
4032,0.20393108,16.828655,17.231203,0.0,0.0,1.0,1.0
4033,0.21600708,16.862354,17.219223,0.0,0.0,1.0,1.0
4034,0.23010337,17.038095,17.224983,0.0,0.0,1.0,1.0
4035,0.23658136,17.100813,17.24244,0.0,0.0,1.0,1.0
4036,0.26179948,17.338844,17.288097,0.0,0.0,1.0,1.0
4037,0.27747557,17.452383,17.391361,0.0,0.0,1.0,1.0
4038,0.30130607,17.639074,17.506187,0.0,0.0,1.0,1.0
4039,0.1335178,17.74424,17.638842,0.0,0.0,1.0,1.0
4040,0.3269289,17.769344,17.785206,0.0,0.0,1.0,1.0
4041,0.35095406,17.859093,17.928034,0.0,0.0,1.0,1.0
4042,0.36660233,18.140884,18.0598,0.0,0.0,1.0,1.0
4043,0.37543833,18.300459,18.163267,0.0,0.0,1.0,1.0
4044,0.37435105,18.42051,18.25348,0.0,0.0,1.0,1.0
4045,0.37470886,18.618738,18.316872,0.0,0.0,1.0,1.0
4046,0.20273638,18.752014,18.377756,0.0,0.0,1.0,1.0
4047,0.3727511,18.682013,18.42914,0.0,0.0,1.0,1.0
4048,0.3672158,18.580458,18.468603,0.0,0.0,1.0,1.0
4049,0.36047024,18.534946,18.482042,0.0,0.0,1.0,1.0
4050,0.35052794,18.399773,18.47375,0.0,0.0,1.0,1.0
4051,0.33583194,18.474842,18.450434,0.0,0.0,1.0,1.0
4052,0.16531643,18.385948,18.406937,0.0,0.0,1.0,1.0
4053,0.3310375,18.332655,18.348438,0.0,0.0,1.0,1.0
4054,0.336547,18.302156,18.3036,0.0,0.0,1.0,1.0
4055,0.1713537,18.200935,18.273973,0.0,0.0,1.0,1.0
4056,0.34588206,18.140722,18.25238,0.0,0.0,1.0,1.0
4057,0.34955698,18.096786,18.243397,0.0,0.0,1.0,1.0
4058,0.34706146,18.050034,18.22723,0.0,0.0,1.0,1.0
4059,0.34464416,18.143951,18.222713,0.0,0.0,1.0,1.0
4060,0.33918527,18.22493,18.230247,0.0,0.0,1.0,1.0
4061,0.28269836,18.275835,18.252863,0.0,0.0,1.0,1.0
4062,0.3374427,18.291962,18.289532,0.0,0.0,1.0,1.0
4063,0.34170583,18.280834,18.340363,0.0,0.0,1.0,1.0
4064,0.33707014,18.331753,18.4064,0.0,0.0,1.0,1.0
4065,0.33817375,18.423065,18.490894,0.0,0.0,1.0,1.0
4066,0.2808149,18.573557,18.58204,0.0,0.0,1.0,1.0
4067,0.34059057,18.64096,18.6911,0.0,0.0,1.0,1.0
4068,0.3429881,18.75068,18.812078,0.0,0.0,1.0,1.0
4069,0.34061253,18.889254,18.94242,0.0,0.0,1.0,1.0
4070,0.3415949,19.063946,19.072,0.0,0.0,1.0,1.0
4071,0.21679196,19.237722,19.204584,0.0,0.0,1.0,1.0
4072,0.32834813,19.533628,19.342897,0.0,0.0,1.0,1.0
4073,0.3188048,19.727587,19.491283,0.0,0.0,1.0,1.0
4074,0.3052342,19.856037,19.66933,0.0,0.0,1.0,1.0
4075,0.2986935,19.835817,19.84612,0.0,0.0,1.0,1.0
4076,0.2901434,19.922758,20.011862,0.0,0.0,1.0,1.0
4077,0.29002216,20.082825,20.164217,0.0,0.0,1.0,1.0
4078,0.28766245,20.354174,20.308353,0.0,0.0,1.0,1.0
4079,0.15442981,20.777548,20.448229,0.0,0.0,1.0,1.0
4080,0.28270257,20.872145,20.598803,0.0,0.0,1.0,1.0
4081,0.27601188,20.87815,20.771214,0.0,0.0,1.0,1.0
4082,0.26992637,20.892202,20.945194,0.0,0.0,1.0,1.0
4083,0.25908643,20.967363,21.104332,0.0,0.0,1.0,1.0
4084,0.24542005,21.212132,21.248693,1.0,0.0,1.0,1.0
4085,0.22905701,21.534472,21.371677,1.0,0.0,1.0,1.0
4086,0.21444361,21.924967,21.459988,1.0,0.0,1.0,1.0
4087,0.0744223,21.923586,21.539585,1.0,0.0,1.0,1.0
4088,0.20468041,21.832415,21.619062,1.0,0.0,1.0,1.0
4089,0.19813147,21.815159,21.716272,1.0,0.0,1.0,1.0
4090,0.1843456,21.82998,21.814695,1.0,0.0,1.0,1.0
4091,-0.0075219767,21.83727,21.879786,1.0,0.0,1.0,1.0
4092,-0.038450215,21.827328,21.908047,1.0,0.0,1.0,1.0
4093,-0.05782234,21.831875,21.892437,1.0,0.0,1.0,1.0
4094,-0.069085844,22.058718,21.912722,1.0,0.0,1.0,1.0
4095,-0.07660353,22.14845,21.948338,1.0,0.0,1.0,1.0
4096,-0.055137634,21.993202,21.980057,1.0,0.0,1.0,1.0
4097,-0.08227923,21.873615,21.994528,1.0,0.0,1.0,1.0
4098,-0.096481346,21.737638,22.011438,1.0,0.0,1.0,1.0
4099,-0.077709444,22.167004,22.041822,1.0,0.0,1.0,1.0
4100,-0.114675455,22.25981,22.077662,1.0,0.0,1.0,1.0
4101,-0.11683451,22.195797,22.086414,1.0,0.0,1.0,1.0
4102,-0.13959546,22.003622,22.09139,1.0,0.0,1.0,1.0
4103,-0.15942937,22.040195,22.110476,1.0,0.0,1.0,1.0
4104,-0.16807756,22.191944,22.131079,1.0,0.0,1.0,1.0
4105,-0.17263626,22.261948,22.12093,1.0,0.0,1.0,1.0
4106,-0.013278223,22.163754,22.043533,1.0,0.0,1.0,1.0
4107,-0.17377111,22.20816,21.962255,1.0,0.0,1.0,1.0
4108,-0.17004676,22.222214,21.9009,1.0,0.0,1.0,1.0
4109,-0.16806014,22.120863,21.86344,1.0,0.0,1.0,1.0
4110,-0.16415821,21.615854,21.785326,1.0,0.0,1.0,1.0
4111,-0.16000742,21.238249,21.651165,1.0,0.0,1.0,1.0
4112,-0.16040818,21.284458,21.489,1.0,0.0,1.0,1.0
4113,-0.15242334,21.45953,21.303032,1.0,0.0,1.0,1.0
4114,-0.14762434,21.55411,21.098473,0.0,0.0,1.0,1.0
4115,-0.015143321,21.102823,20.874243,0.0,0.0,1.0,1.0
4116,-0.14009544,20.582024,20.639166,0.0,0.0,1.0,1.0
4117,-0.1295615,20.315964,20.43585,0.0,0.0,1.0,1.0
4118,-0.111901,19.932144,20.249,0.0,0.0,1.0,1.0
4119,-0.09007602,19.753428,20.051573,0.0,0.0,1.0,1.0
4120,0.047235563,19.531475,19.843967,0.0,0.0,1.0,1.0
4121,0.061437782,19.299925,19.654057,0.0,0.0,1.0,1.0
4122,-0.04069095,19.176067,19.506287,0.0,0.0,1.0,1.0
4123,0.09189544,18.996067,19.411955,0.0,0.0,1.0,1.0
4124,0.11306335,18.915327,19.333801,0.0,0.0,1.0,1.0
4125,0.012612131,18.968264,19.277863,0.0,0.0,1.0,1.0
4126,0.024968006,19.275164,19.236158,0.0,0.0,1.0,1.0
4127,0.14947,19.329582,19.225498,0.0,0.0,1.0,1.0
4128,0.16885528,19.45005,19.233065,0.0,0.0,1.0,1.0
4129,0.18238188,19.378124,19.260225,0.0,0.0,1.0,1.0
4130,0.2005087,19.260872,19.309515,0.0,0.0,1.0,1.0
4131,0.21633087,19.252981,19.368116,0.0,0.0,1.0,1.0
4132,0.22247578,19.403564,19.433859,0.0,0.0,1.0,1.0
4133,0.10949375,19.390707,19.487566,0.0,0.0,1.0,1.0
4134,0.24048854,19.50201,19.553831,0.0,0.0,1.0,1.0
4135,0.25255892,19.587542,19.61266,0.0,0.0,1.0,1.0
4136,0.27397084,19.618546,19.67286,0.0,0.0,1.0,1.0
4137,0.29243976,19.75716,19.720339,0.0,0.0,1.0,1.0
4138,0.31041238,19.919659,19.764149,0.0,0.0,1.0,1.0
4139,0.31955296,20.124752,19.781635,0.0,0.0,1.0,1.0
4140,0.13774496,20.156002,19.79324,0.0,0.0,1.0,1.0
4141,0.33000267,20.100517,19.805412,0.0,0.0,1.0,1.0
4142,0.3304953,19.83062,19.810974,0.0,0.0,1.0,1.0
4143,0.32901743,19.778708,19.818909,0.0,0.0,1.0,1.0
4144,0.32144344,19.613407,19.818493,0.0,0.0,1.0,1.0
4145,0.3054546,19.529959,19.795713,0.0,0.0,1.0,1.0
4146,0.31230846,19.64808,19.742615,0.0,0.0,1.0,1.0
4147,0.32672483,19.65427,19.684675,0.0,0.0,1.0,1.0
4148,0.3330817,19.71377,19.630161,0.0,0.0,1.0,1.0
4149,0.16034119,19.752167,19.595118,0.0,0.0,1.0,1.0
4150,0.33941785,19.646317,19.562263,0.0,0.0,1.0,1.0
4151,0.3446521,19.487558,19.54091,0.0,0.0,1.0,1.0
4152,0.34664488,19.460724,19.520023,0.0,0.0,1.0,1.0
4153,0.3450968,19.446358,19.479105,0.0,0.0,1.0,1.0
4154,0.33820403,19.410088,19.42986,0.0,0.0,1.0,1.0
4155,0.17509691,19.384464,19.381918,0.0,0.0,1.0,1.0
4156,0.32874152,19.357168,19.329283,0.0,0.0,1.0,1.0
4157,0.3226465,19.27931,19.282152,0.0,0.0,1.0,1.0
4158,0.32063448,19.15707,19.243294,0.0,0.0,1.0,1.0
4159,0.3198714,19.063324,19.200428,0.0,0.0,1.0,1.0
4160,0.25987944,19.138464,19.14805,0.0,0.0,1.0,1.0
4161,0.32078975,19.120544,19.103037,0.0,0.0,1.0,1.0
4162,0.31967083,19.080757,19.08323,0.0,0.0,1.0,1.0
4163,0.3189484,19.021248,19.070257,0.0,0.0,1.0,1.0
4164,0.31618944,18.946339,19.058083,0.0,0.0,1.0,1.0
4165,0.31100187,18.817827,19.060198,0.0,0.0,1.0,1.0
4166,0.16135795,18.869923,19.06731,0.0,0.0,1.0,1.0
4167,0.3037881,19.146776,19.071777,0.0,0.0,1.0,1.0
4168,0.29651785,19.2015,19.086645,0.0,0.0,1.0,1.0
4169,0.28508216,19.133215,19.130692,0.0,0.0,1.0,1.0
4170,0.2738352,19.182465,19.21923,0.0,0.0,1.0,1.0
4171,0.2766657,19.148676,19.317364,0.0,0.0,1.0,1.0
4172,0.27318203,19.192049,19.43259,0.0,0.0,1.0,1.0
4173,0.27329004,19.298967,19.548254,0.0,0.0,1.0,1.0
4174,0.26707092,19.609304,19.650423,0.0,0.0,1.0,1.0
4175,0.1608294,20.083723,19.761633,0.0,0.0,1.0,1.0
4176,0.26475254,20.123932,19.91828,0.0,0.0,1.0,1.0
4177,0.2630075,20.200552,20.091692,0.0,0.0,1.0,1.0
4178,0.2538035,20.257893,20.258385,0.0,0.0,1.0,1.0
4179,0.24593349,20.372795,20.44694,0.0,0.0,1.0,1.0
4180,0.23295754,20.53603,20.628462,0.0,0.0,1.0,1.0
4181,0.2205071,21.012964,20.786385,0.0,0.0,1.0,1.0
4182,0.08300943,21.263424,20.900969,0.0,0.0,1.0,1.0
4183,0.212332,21.148987,21.014095,0.0,0.0,1.0,1.0
4184,0.20061004,21.454704,21.14822,0.0,0.0,1.0,1.0
4185,0.18469068,21.47723,21.29754,1.0,0.0,1.0,1.0
4186,0.17046817,21.504393,21.440002,1.0,0.0,1.0,1.0
4187,0.16088389,21.458714,21.599771,1.0,0.0,1.0,1.0
4188,0.1593457,21.481453,21.753849,1.0,0.0,1.0,1.0
4189,-0.021156,21.810059,21.913876,1.0,0.0,1.0,1.0
4190,0.05555644,22.049747,22.09152,1.0,0.0,1.0,1.0
4191,-0.031396233,22.082333,22.259281,1.0,0.0,1.0,1.0
4192,-0.10941692,22.453241,22.401686,1.0,0.0,1.0,1.0
4193,8.0557555e-05,22.861904,22.553286,1.0,0.0,1.0,1.0
4194,-0.08883793,23.18375,22.722034,1.0,0.0,1.0,1.0
4195,-0.11110838,23.280714,22.884691,1.0,0.0,1.0,1.0
4196,-0.13102028,23.46784,23.016838,1.0,0.0,1.0,1.0
4197,-0.14866327,23.186077,23.126692,1.0,0.0,1.0,1.0
4198,-0.16405275,23.323586,23.232325,1.0,0.0,1.0,1.0
4199,-0.1761965,23.483706,23.301497,1.0,0.0,1.0,1.0
4200,-0.18270314,23.433346,23.318644,1.0,0.0,1.0,1.0
4201,-0.18422577,23.395807,23.275833,1.0,0.0,1.0,1.0
4202,-0.18541075,23.368,23.189634,1.0,0.0,1.0,1.0
4203,-0.18418929,23.349934,23.047611,1.0,0.0,1.0,1.0
4204,-0.1829628,23.283298,22.895817,1.0,0.0,1.0,1.0
4205,-0.18502095,23.067661,22.699102,1.0,0.0,1.0,1.0
4206,-0.18573408,22.670036,22.473595,1.0,0.0,1.0,1.0
4207,-0.18331781,22.246311,22.228119,1.0,0.0,1.0,1.0
4208,-0.17426233,21.763582,21.982403,1.0,0.0,1.0,1.0
4209,-0.030330341,21.364532,21.715267,1.0,0.0,1.0,1.0
4210,-0.16069818,20.963026,21.436314,1.0,0.0,1.0,1.0
4211,-0.14260072,20.777596,21.131275,0.0,0.0,1.0,1.0
4212,-0.12525463,20.487638,20.838776,0.0,0.0,1.0,1.0
4213,-0.10495784,20.447222,20.566525,0.0,0.0,1.0,1.0
4214,-0.10172793,20.16236,20.337572,0.0,0.0,1.0,1.0
4215,-0.095284134,20.00251,20.157495,0.0,0.0,1.0,1.0
4216,-0.08620418,19.622822,19.997248,0.0,0.0,1.0,1.0
4217,0.061419114,19.55767,19.856829,0.0,0.0,1.0,1.0
4218,-0.07803239,19.40302,19.71539,0.0,0.0,1.0,1.0
4219,-0.06488745,19.498896,19.590658,0.0,0.0,1.0,1.0
4220,-0.04472426,19.602648,19.44392,0.0,0.0,1.0,1.0
4221,-0.019810375,19.441557,19.303015,0.0,0.0,1.0,1.0
4222,0.099308096,19.278006,19.183113,0.0,0.0,1.0,1.0
4223,0.11755626,19.080322,19.09506,0.0,0.0,1.0,1.0
4224,0.13711257,18.99087,19.006422,0.0,0.0,1.0,1.0
4225,0.15809913,18.686357,18.932495,0.0,0.0,1.0,1.0
4226,0.1809624,18.471498,18.84977,0.0,0.0,1.0,1.0
4227,0.20186876,18.563702,18.76655,0.0,0.0,1.0,1.0
4228,0.0672629,18.566181,18.700079,0.0,0.0,1.0,1.0
4229,0.22390322,18.494017,18.663504,0.0,0.0,1.0,1.0
4230,0.2393508,18.515898,18.641804,0.0,0.0,1.0,1.0
4231,0.2486509,18.506168,18.618835,0.0,0.0,1.0,1.0
4232,0.2458592,18.604027,18.61747,0.0,0.0,1.0,1.0
4233,0.09605402,18.643894,18.628468,0.0,0.0,1.0,1.0
4234,0.24469253,18.839117,18.62906,0.0,0.0,1.0,1.0
4235,0.24414724,18.819912,18.647085,0.0,0.0,1.0,1.0
4236,0.1152491,18.715254,18.694622,0.0,0.0,1.0,1.0
4237,0.26398146,18.669962,18.76544,0.0,0.0,1.0,1.0
4238,0.29001907,18.603487,18.827171,0.0,0.0,1.0,1.0
4239,0.30806118,18.570824,18.856533,0.0,0.0,1.0,1.0
4240,0.3201859,18.782454,18.88652,0.0,0.0,1.0,1.0
4241,0.33254576,19.064466,18.899721,0.0,0.0,1.0,1.0
4242,0.13485795,19.365707,18.909554,0.0,0.0,1.0,1.0
4243,0.3389787,19.246954,18.918707,0.0,0.0,1.0,1.0
4244,0.3426045,18.956371,18.946348,0.0,0.0,1.0,1.0
4245,0.33477572,19.003727,18.967728,0.0,0.0,1.0,1.0
4246,0.3315,18.997541,19.000523,0.0,0.0,1.0,1.0
4247,0.32081145,18.93789,19.011559,0.0,0.0,1.0,1.0
4248,0.30869845,18.825108,19.006163,0.0,0.0,1.0,1.0
4249,0.1396701,19.00166,18.992247,0.0,0.0,1.0,1.0
4250,0.30107182,18.860022,19.005058,0.0,0.0,1.0,1.0
4251,0.29701424,18.964367,19.0428,0.0,0.0,1.0,1.0
4252,0.29827687,18.914902,19.082788,0.0,0.0,1.0,1.0
4253,0.30100057,18.999714,19.116835,0.0,0.0,1.0,1.0
4254,0.30144998,19.198711,19.154242,0.0,0.0,1.0,1.0
4255,0.29936254,19.400688,19.220139,0.0,0.0,1.0,1.0
4256,0.29674995,19.409286,19.272844,0.0,0.0,1.0,1.0
4257,0.28753796,19.483583,19.340908,0.0,0.0,1.0,1.0
4258,0.1420624,19.406086,19.409973,0.0,0.0,1.0,1.0
4259,0.2825887,19.386776,19.490513,0.0,0.0,1.0,1.0
4260,0.2863641,19.615877,19.555864,0.0,0.0,1.0,1.0
4261,0.29243907,19.63412,19.602955,0.0,0.0,1.0,1.0
4262,0.14515898,19.676788,19.6313,0.0,0.0,1.0,1.0
4263,0.29828286,19.793144,19.664352,0.0,0.0,1.0,1.0
4264,0.29632786,19.881372,19.721478,0.0,0.0,1.0,1.0
4265,0.29736686,19.783928,19.804625,0.0,0.0,1.0,1.0
4266,0.291701,19.763819,19.89113,0.0,0.0,1.0,1.0
4267,0.28447154,19.74082,19.951342,0.0,0.0,1.0,1.0
4268,0.15941203,19.805904,20.014128,0.0,0.0,1.0,1.0
4269,0.2698125,20.169092,20.096237,0.0,0.0,1.0,1.0
4270,0.25955442,20.403852,20.183054,0.0,0.0,1.0,1.0
4271,0.24085546,20.424852,20.284063,0.0,0.0,1.0,1.0
4272,0.22919817,20.338404,20.389145,0.0,0.0,1.0,1.0
4273,0.22124295,20.387568,20.495296,0.0,0.0,1.0,1.0
4274,0.21977174,20.662102,20.610775,0.0,0.0,1.0,1.0
4275,0.22015877,20.834934,20.749823,0.0,0.0,1.0,1.0
4276,0.08749819,21.093477,20.859808,0.0,0.0,1.0,1.0
4277,0.21597084,21.044903,20.960539,0.0,0.0,1.0,1.0
4278,0.20779172,21.037643,21.062912,0.0,0.0,1.0,1.0
4279,0.19753182,21.126558,21.216972,1.0,0.0,1.0,1.0
4280,0.1871431,21.474485,21.36251,1.0,0.0,1.0,1.0
4281,0.17728819,21.488918,21.502613,1.0,0.0,1.0,1.0
4282,0.035159014,21.612621,21.617382,1.0,0.0,1.0,1.0
4283,0.1638666,21.65334,21.743025,1.0,0.0,1.0,1.0
4284,-0.024530722,22.187126,21.9001,1.0,0.0,1.0,1.0
4285,-0.052610885,22.134026,22.031647,1.0,0.0,1.0,1.0
4286,-0.08074464,22.34333,22.130417,1.0,0.0,1.0,1.0
4287,0.081358545,22.212156,22.174202,1.0,0.0,1.0,1.0
4288,-0.10435875,22.601189,22.208685,1.0,0.0,1.0,1.0
4289,-0.12273051,22.929806,22.220598,1.0,0.0,1.0,1.0
4290,-0.14596194,22.616194,22.221195,1.0,0.0,1.0,1.0
4291,-0.16054066,22.311813,22.166414,1.0,0.0,1.0,1.0
4292,-0.17198198,21.999897,22.113588,1.0,0.0,1.0,1.0
4293,-0.11625936,21.902721,22.048927,1.0,0.0,1.0,1.0
4294,-0.17997587,21.755583,21.997133,1.0,0.0,1.0,1.0
4295,-0.17939179,21.660505,21.861248,1.0,0.0,1.0,1.0
4296,-0.1784109,21.529757,21.67301,1.0,0.0,1.0,1.0
4297,-0.04159019,21.500116,21.474121,1.0,0.0,1.0,1.0
4298,-0.19876401,21.567394,21.32748,1.0,0.0,1.0,1.0
4299,-0.19951946,21.590622,21.196741,1.0,0.0,1.0,1.0
4300,-0.2029549,20.970573,21.032825,0.0,0.0,1.0,1.0
4301,-0.20446569,20.67095,20.88099,0.0,0.0,1.0,1.0
4302,-0.20335037,20.229515,20.752045,0.0,0.0,1.0,1.0
4303,-0.054794334,20.55213,20.655579,0.0,0.0,1.0,1.0
4304,-0.19765374,20.43103,20.566282,0.0,0.0,1.0,1.0
4305,-0.18816924,19.935719,20.500914,0.0,0.0,1.0,1.0
4306,-0.17981912,19.933561,20.430544,0.0,0.0,1.0,1.0
4307,-0.030785898,20.113178,20.396503,0.0,0.0,1.0,1.0
4308,-0.17629047,20.372164,20.373236,0.0,0.0,1.0,1.0
4309,-0.17174764,20.428556,20.390663,0.0,0.0,1.0,1.0
4310,-0.16443442,20.782967,20.357544,0.0,0.0,1.0,1.0
4311,-0.15223002,20.74619,20.339958,0.0,0.0,1.0,1.0
4312,-0.1411767,20.562078,20.353775,0.0,0.0,1.0,1.0
4313,-0.012458829,20.391731,20.355072,0.0,0.0,1.0,1.0
4314,-0.12738091,20.438663,20.307701,0.0,0.0,1.0,1.0
4315,-0.106344886,20.154678,20.203457,0.0,0.0,1.0,1.0
4316,-0.09197058,20.220003,20.096537,0.0,0.0,1.0,1.0
4317,-0.06751835,20.101524,19.961117,0.0,0.0,1.0,1.0
4318,0.064632826,19.949121,19.825527,0.0,0.0,1.0,1.0
4319,0.07656014,19.544731,19.689005,0.0,0.0,1.0,1.0
4320,0.08543671,19.121246,19.564953,0.0,0.0,1.0,1.0
4321,0.10209945,19.14551,19.401834,0.0,0.0,1.0,1.0
4322,0.11985147,19.157932,19.249037,0.0,0.0,1.0,1.0
4323,0.13855359,19.119106,19.090683,0.0,0.0,1.0,1.0
4324,0.03180498,18.92381,18.960827,0.0,0.0,1.0,1.0
4325,0.15676875,18.903116,18.839066,0.0,0.0,1.0,1.0
4326,0.18140112,18.481237,18.761787,0.0,0.0,1.0,1.0
4327,0.20312278,18.321098,18.732918,0.0,0.0,1.0,1.0
4328,0.21856464,18.319756,18.712563,0.0,0.0,1.0,1.0
4329,0.22987504,18.543266,18.708797,0.0,0.0,1.0,1.0
4330,0.24002016,18.487984,18.736324,0.0,0.0,1.0,1.0
4331,0.09025892,18.617382,18.813461,0.0,0.0,1.0,1.0
4332,0.2489791,18.77482,18.89781,0.0,0.0,1.0,1.0
4333,0.26252276,18.901249,19.023003,0.0,0.0,1.0,1.0
4334,0.27395743,19.112745,19.17391,0.0,0.0,1.0,1.0
4335,0.28468025,19.449423,19.331633,0.0,0.0,1.0,1.0
4336,0.29153484,19.849453,19.483326,0.0,0.0,1.0,1.0
4337,0.13962336,19.915302,19.66483,0.0,0.0,1.0,1.0
4338,0.2981332,19.983551,19.853287,0.0,0.0,1.0,1.0
4339,0.30246845,20.13198,20.030704,0.0,0.0,1.0,1.0
4340,0.30240938,20.212446,20.194077,0.0,0.0,1.0,1.0
4341,0.297292,20.363571,20.333565,0.0,0.0,1.0,1.0
4342,0.28727868,20.666033,20.445713,0.0,0.0,1.0,1.0
4343,0.12600504,20.878859,20.512356,0.0,0.0,1.0,1.0
4344,0.27755156,20.903845,20.573088,0.0,0.0,1.0,1.0
4345,0.28244543,20.861712,20.611713,0.0,0.0,1.0,1.0
4346,0.28451815,20.786613,20.624407,0.0,0.0,1.0,1.0
4347,0.2137487,20.795183,20.613857,0.0,0.0,1.0,1.0
4348,0.29248425,20.649178,20.584333,0.0,0.0,1.0,1.0
4349,0.29138777,20.644083,20.526215,0.0,0.0,1.0,1.0
4350,0.29113087,20.447046,20.46612,0.0,0.0,1.0,1.0
4351,0.28648663,20.284323,20.389395,0.0,0.0,1.0,1.0
4352,0.20286366,20.085848,20.311565,0.0,0.0,1.0,1.0
4353,0.28452885,20.009283,20.226383,0.0,0.0,1.0,1.0
4354,0.27827024,19.968605,20.134361,0.0,0.0,1.0,1.0
4355,0.28182298,20.157715,20.03963,0.0,0.0,1.0,1.0
4356,0.2859161,19.983154,19.946005,0.0,0.0,1.0,1.0
4357,0.13605103,19.927763,19.85681,0.0,0.0,1.0,1.0
4358,0.287081,19.764423,19.805855,0.0,0.0,1.0,1.0
4359,0.2861568,19.690907,19.773695,0.0,0.0,1.0,1.0
4360,0.28294304,19.51242,19.74141,0.0,0.0,1.0,1.0
4361,0.2803472,19.520582,19.726326,0.0,0.0,1.0,1.0
4362,0.27821797,19.376698,19.700031,0.0,0.0,1.0,1.0
4363,0.27663645,19.67287,19.68783,0.0,0.0,1.0,1.0
4364,0.1293276,19.699926,19.698507,0.0,0.0,1.0,1.0
4365,0.27179223,19.621843,19.732592,0.0,0.0,1.0,1.0
4366,0.26705086,19.78762,19.73356,0.0,0.0,1.0,1.0
4367,0.25774744,19.842161,19.756765,0.0,0.0,1.0,1.0
4368,0.24355966,19.836744,19.7846,0.0,0.0,1.0,1.0
4369,0.23040602,20.055882,19.82721,0.0,0.0,1.0,1.0
4370,0.22081685,20.173449,19.849005,0.0,0.0,1.0,1.0
4371,0.11555319,19.702522,19.876896,0.0,0.0,1.0,1.0
4372,0.21409877,19.790882,19.918886,0.0,0.0,1.0,1.0
4373,0.20403995,19.854586,19.965578,0.0,0.0,1.0,1.0
4374,0.20208459,19.88802,19.99452,0.0,0.0,1.0,1.0
4375,0.20062464,19.934416,20.030197,0.0,0.0,1.0,1.0
4376,0.19251256,20.034622,20.057938,0.0,0.0,1.0,1.0
4377,0.18203413,20.12574,20.07978,0.0,0.0,1.0,1.0
4378,0.16631109,20.34792,20.171234,0.0,0.0,1.0,1.0
4379,-0.010844431,20.189457,20.280733,0.0,0.0,1.0,1.0
4380,-0.026019465,20.264875,20.401594,0.0,0.0,1.0,1.0
4381,-0.04835482,20.388758,20.522928,0.0,0.0,1.0,1.0
4382,0.10836584,20.43557,20.668285,0.0,0.0,1.0,1.0
4383,-0.05855911,20.799965,20.832449,0.0,0.0,1.0,1.0
4384,-0.07617711,21.10486,20.98527,0.0,0.0,1.0,1.0
4385,-0.09066215,21.304926,21.120316,0.0,0.0,1.0,1.0
4386,-0.1007085,21.344027,21.277191,1.0,0.0,1.0,1.0
4387,-0.11393011,21.678713,21.440552,1.0,0.0,1.0,1.0
4388,-0.1619659,22.004587,21.600124,1.0,0.0,1.0,1.0
4389,-0.13866647,21.959583,21.74882,1.0,0.0,1.0,1.0
4390,-0.13308015,21.968473,21.858744,1.0,0.0,1.0,1.0
4391,-0.16020875,22.071945,21.941858,1.0,0.0,1.0,1.0
4392,-0.1980572,22.225224,22.004597,1.0,0.0,1.0,1.0
4393,-0.19506334,22.30361,22.059881,1.0,0.0,1.0,1.0
4394,-0.20870054,22.219929,22.060482,1.0,0.0,1.0,1.0
4395,-0.21854666,22.119045,22.01209,1.0,0.0,1.0,1.0
4396,-0.051323608,22.102232,21.940575,1.0,0.0,1.0,1.0
4397,-0.22439533,22.057789,21.856398,1.0,0.0,1.0,1.0
4398,-0.22558163,22.007442,21.774113,1.0,0.0,1.0,1.0
4399,-0.2222907,21.685917,21.649921,1.0,0.0,1.0,1.0
4400,-0.22005394,21.4239,21.5238,1.0,0.0,1.0,1.0
4401,-0.07114322,21.101381,21.393757,1.0,0.0,1.0,1.0
4402,-0.22032702,20.958351,21.26244,1.0,0.0,1.0,1.0
4403,-0.22077458,21.084538,21.148577,0.0,0.0,1.0,1.0
4404,-0.21987268,20.73493,21.021412,0.0,0.0,1.0,1.0
4405,-0.21223971,20.790146,20.892479,0.0,0.0,1.0,1.0
4406,-0.2041271,20.659414,20.792439,0.0,0.0,1.0,1.0
4407,-0.057336472,20.54324,20.700773,0.0,0.0,1.0,1.0
4408,-0.18708523,20.735872,20.622532,0.0,0.0,1.0,1.0
4409,-0.16492961,20.531815,20.546192,0.0,0.0,1.0,1.0
4410,-0.1417954,20.460238,20.459602,0.0,0.0,1.0,1.0
4411,-0.12357545,20.48544,20.402443,0.0,0.0,1.0,1.0
4412,-0.10428668,20.323915,20.337278,0.0,0.0,1.0,1.0
4413,-0.088847876,20.162493,20.279903,0.0,0.0,1.0,1.0
4414,0.05742917,20.042263,20.206339,0.0,0.0,1.0,1.0
4415,-0.07427176,20.045475,20.104342,0.0,0.0,1.0,1.0
4416,-0.05406194,20.048994,19.992504,0.0,0.0,1.0,1.0
4417,-0.04325243,20.00818,19.8757,0.0,0.0,1.0,1.0
4418,-0.026895504,19.97091,19.755764,0.0,0.0,1.0,1.0
4419,-0.012120963,19.66048,19.62277,0.0,0.0,1.0,1.0
4420,0.0012346108,19.511906,19.504217,0.0,0.0,1.0,1.0
4421,0.136716,19.189747,19.389215,0.0,0.0,1.0,1.0
4422,0.1545365,19.058598,19.257343,0.0,0.0,1.0,1.0
4423,0.17373689,19.046211,19.130201,0.0,0.0,1.0,1.0
4424,0.19031572,18.72799,19.013987,0.0,0.0,1.0,1.0
4425,0.068885095,18.739857,18.900726,0.0,0.0,1.0,1.0
4426,0.20693241,18.66224,18.80697,0.0,0.0,1.0,1.0
4427,0.22578351,18.463015,18.720625,0.0,0.0,1.0,1.0
4428,0.24917813,18.523285,18.665167,0.0,0.0,1.0,1.0
4429,0.25657988,18.613594,18.63559,0.0,0.0,1.0,1.0
4430,0.26127666,18.611792,18.614054,0.0,0.0,1.0,1.0
4431,0.2643145,18.535408,18.6285,0.0,0.0,1.0,1.0
4432,0.09525081,18.475756,18.667627,0.0,0.0,1.0,1.0
4433,0.26066333,18.524271,18.741814,0.0,0.0,1.0,1.0
4434,0.25678223,18.703667,18.835546,0.0,0.0,1.0,1.0
4435,0.25823474,18.787775,18.921488,0.0,0.0,1.0,1.0
4436,0.1044727,18.901352,19.006205,0.0,0.0,1.0,1.0
4437,0.26064503,19.20937,19.11525,0.0,0.0,1.0,1.0
4438,0.27759537,19.552488,19.243587,0.0,0.0,1.0,1.0
4439,0.28973618,19.587795,19.391405,0.0,0.0,1.0,1.0
4440,0.29443407,19.554588,19.539843,0.0,0.0,1.0,1.0
4441,0.21345523,19.630198,19.681274,0.0,0.0,1.0,1.0
4442,0.29761675,19.920326,19.811869,0.0,0.0,1.0,1.0
4443,0.29424813,20.075476,19.934391,0.0,0.0,1.0,1.0
4444,0.2902636,20.249565,20.02781,0.0,0.0,1.0,1.0
4445,0.287908,20.305508,20.05831,0.0,0.0,1.0,1.0
4446,0.2826741,20.40085,20.073719,0.0,0.0,1.0,1.0
4447,0.27476728,20.354914,20.08718,0.0,0.0,1.0,1.0
4448,0.27377546,20.371609,20.083473,0.0,0.0,1.0,1.0
4449,0.27183127,20.330381,20.041756,0.0,0.0,1.0,1.0
4450,0.27220526,19.918509,19.96781,0.0,0.0,1.0,1.0
4451,0.27762172,19.772713,19.867338,0.0,0.0,1.0,1.0
4452,0.13115239,19.716097,19.75486,0.0,0.0,1.0,1.0
4453,0.27817538,19.58573,19.619963,0.0,0.0,1.0,1.0
4454,0.27825308,19.419708,19.493647,0.0,0.0,1.0,1.0
4455,0.2732003,19.188131,19.350494,0.0,0.0,1.0,1.0
4456,0.26624638,19.043917,19.21208,0.0,0.0,1.0,1.0
4457,0.2566759,18.955755,19.112123,0.0,0.0,1.0,1.0
4458,0.118288316,18.782084,19.019375,0.0,0.0,1.0,1.0
4459,0.24858971,18.83913,18.932425,0.0,0.0,1.0,1.0
4460,0.23594877,18.653788,18.862211,0.0,0.0,1.0,1.0
4461,0.100349896,18.669405,18.846195,0.0,0.0,1.0,1.0
4462,0.24085483,18.719034,18.860918,0.0,0.0,1.0,1.0
4463,0.24183185,18.659721,18.908606,0.0,0.0,1.0,1.0
4464,0.24387932,18.67269,18.9754,0.0,0.0,1.0,1.0
4465,0.2418596,18.743162,19.067492,0.0,0.0,1.0,1.0
4466,0.2332335,19.227524,19.172132,0.0,0.0,1.0,1.0
4467,0.08011728,19.3648,19.33122,0.0,0.0,1.0,1.0
4468,0.22696713,19.616169,19.490309,0.0,0.0,1.0,1.0
4469,0.21591398,19.757305,19.679312,0.0,0.0,1.0,1.0
4470,0.20106445,19.88717,19.876915,0.0,0.0,1.0,1.0
4471,0.18602285,20.094822,20.072762,0.0,0.0,1.0,1.0
4472,0.17089428,20.562853,20.266537,0.0,0.0,1.0,1.0
4473,0.1678902,20.578445,20.412357,0.0,0.0,1.0,1.0
4474,0.16492747,20.987085,20.558994,0.0,0.0,1.0,1.0
4475,0.019085623,21.030956,20.67844,0.0,0.0,1.0,1.0
4476,0.16283564,21.022839,20.770613,0.0,0.0,1.0,1.0
4477,-0.017811675,21.068476,20.863956,0.0,0.0,1.0,1.0
4478,0.1545817,20.977371,20.963804,0.0,0.0,1.0,1.0
4479,-0.0404792,21.12444,21.049381,0.0,0.0,1.0,1.0
4480,-0.052570388,21.049524,21.157522,0.0,0.0,1.0,1.0
4481,-0.06193282,20.863369,21.255997,1.0,0.0,1.0,1.0
4482,-0.09272407,21.007292,21.367739,1.0,0.0,1.0,1.0
4483,-0.116655156,21.293007,21.47167,1.0,0.0,1.0,1.0
4484,-0.1467115,21.58978,21.579857,1.0,0.0,1.0,1.0
4485,0.017346583,21.876122,21.657885,1.0,0.0,1.0,1.0
4486,-0.16997129,22.168793,21.707245,1.0,0.0,1.0,1.0
4487,-0.19158772,22.37186,21.755228,1.0,0.0,1.0,1.0
4488,-0.2085845,22.270004,21.836208,1.0,0.0,1.0,1.0
4489,-0.21773762,22.366728,21.899849,1.0,0.0,1.0,1.0
4490,-0.22356981,21.913706,21.943668,1.0,0.0,1.0,1.0
4491,-0.18259276,21.716747,21.97873,1.0,0.0,1.0,1.0
4492,-0.22868595,21.625328,21.9842,1.0,0.0,1.0,1.0
4493,-0.23320508,21.835144,21.950718,1.0,0.0,1.0,1.0
4494,-0.23673299,21.770979,21.888266,1.0,0.0,1.0,1.0
4495,-0.23246299,21.81883,21.790703,1.0,0.0,1.0,1.0
4496,-0.07809382,22.010504,21.657133,1.0,0.0,1.0,1.0
4497,-0.23365346,21.941763,21.527452,1.0,0.0,1.0,1.0
4498,-0.23660456,21.767027,21.407448,1.0,0.0,1.0,1.0
4499,-0.23351456,21.622425,21.288813,1.0,0.0,1.0,1.0
4500,-0.22775812,21.099243,21.136068,0.0,0.0,1.0,1.0
4501,-0.21849921,20.763905,21.01161,0.0,0.0,1.0,1.0
4502,-0.06446127,20.357529,20.921621,0.0,0.0,1.0,1.0
4503,-0.20352153,20.276703,20.836485,0.0,0.0,1.0,1.0
4504,-0.189176,20.201706,20.727358,0.0,0.0,1.0,1.0
4505,-0.17224486,20.002213,20.634779,0.0,0.0,1.0,1.0
4506,-0.16591896,20.277477,20.557358,0.0,0.0,1.0,1.0
4507,-0.15781628,20.738972,20.521051,0.0,0.0,1.0,1.0
4508,-0.14576328,20.988865,20.52996,0.0,0.0,1.0,1.0
4509,-0.12759441,20.632221,20.549732,0.0,0.0,1.0,1.0
4510,0.015089637,20.656084,20.565393,0.0,0.0,1.0,1.0
4511,-0.11712585,20.693367,20.589426,0.0,0.0,1.0,1.0
4512,-0.1013974,20.663574,20.633686,0.0,0.0,1.0,1.0
4513,-0.0861753,20.870827,20.669468,0.0,0.0,1.0,1.0
4514,-0.073072165,20.59477,20.670223,0.0,0.0,1.0,1.0
4515,-0.057904262,20.46464,20.643513,0.0,0.0,1.0,1.0
4516,-0.04351687,20.490099,20.664747,0.0,0.0,1.0,1.0
4517,0.12005192,20.533327,20.672113,0.0,0.0,1.0,1.0
4518,-0.024548046,20.70687,20.647778,0.0,0.0,1.0,1.0
4519,-0.011145984,20.748043,20.626255,0.0,0.0,1.0,1.0
4520,0.00912722,20.668331,20.594402,0.0,0.0,1.0,1.0
4521,0.14972775,20.88704,20.597248,0.0,0.0,1.0,1.0
4522,0.1593481,20.744465,20.6045,0.0,0.0,1.0,1.0
4523,0.16733211,20.401346,20.60889,0.0,0.0,1.0,1.0
4524,0.038720846,20.405312,20.60944,0.0,0.0,1.0,1.0
4525,0.1903745,20.488588,20.615408,0.0,0.0,1.0,1.0
4526,0.20977135,20.628906,20.63349,0.0,0.0,1.0,1.0
4527,0.22836035,20.551674,20.676952,0.0,0.0,1.0,1.0
4528,0.2401954,20.542774,20.713806,0.0,0.0,1.0,1.0
4529,0.059853323,20.539934,20.773228,0.0,0.0,1.0,1.0
4530,0.24724953,20.778494,20.86812,0.0,0.0,1.0,1.0
4531,0.25918198,20.965002,20.96246,0.0,0.0,1.0,1.0
4532,0.26861602,21.189896,21.0569,0.0,0.0,1.0,1.0
4533,0.27259892,21.329283,21.157253,0.0,0.0,1.0,1.0
4534,0.27745813,21.45752,21.282988,1.0,0.0,1.0,1.0
4535,0.19873315,21.540052,21.422443,1.0,0.0,1.0,1.0
4536,0.2771886,21.537403,21.562439,1.0,0.0,1.0,1.0
4537,0.27764308,21.621874,21.692394,1.0,0.0,1.0,1.0
4538,0.2744371,21.833122,21.801533,1.0,0.0,1.0,1.0
4539,0.26578408,22.060488,21.895536,1.0,0.0,1.0,1.0
4540,0.26155722,22.21626,21.975471,1.0,0.0,1.0,1.0
4541,0.25458333,22.219875,22.032425,1.0,0.0,1.0,1.0
4542,0.26286694,22.337967,22.057867,1.0,0.0,1.0,1.0
4543,0.25307873,22.274652,22.058619,1.0,0.0,1.0,1.0
4544,0.25370198,22.317942,22.028378,1.0,0.0,1.0,1.0
4545,0.25443617,22.288494,21.943995,1.0,0.0,1.0,1.0
4546,0.25546125,22.140974,21.808575,1.0,0.0,1.0,1.0
4547,0.2556051,21.845358,21.647627,1.0,0.0,1.0,1.0
4548,0.25626105,21.546421,21.460144,1.0,0.0,1.0,1.0
4549,0.2502655,21.258974,21.225529,1.0,0.0,1.0,1.0
4550,0.24181227,20.820532,20.956354,0.0,0.0,1.0,1.0
4551,0.23429541,20.435434,20.648111,0.0,0.0,1.0,1.0
4552,0.24305299,20.2849,20.32159,0.0,0.0,1.0,1.0
4553,0.24659222,19.970085,19.986107,0.0,0.0,1.0,1.0
4554,0.08733573,19.522568,19.675774,0.0,0.0,1.0,1.0
4555,0.2533134,19.04456,19.363508,0.0,0.0,1.0,1.0
4556,0.25424236,18.619034,19.066833,0.0,0.0,1.0,1.0
4557,0.25042877,18.370235,18.79943,0.0,0.0,1.0,1.0
4558,0.24124387,18.115185,18.560858,0.0,0.0,1.0,1.0
4559,0.23251665,18.121351,18.344814,0.0,0.0,1.0,1.0
4560,0.22701406,17.799234,18.170416,0.0,0.0,1.0,1.0
4561,0.10150535,17.698887,18.051807,0.0,0.0,1.0,1.0
4562,0.22983463,17.611687,17.984379,0.0,0.0,1.0,1.0
4563,0.22848058,17.572563,17.940514,0.0,0.0,1.0,1.0
4564,0.22248092,17.692394,17.91509,0.0,0.0,1.0,1.0
4565,0.22252548,17.877285,17.906649,0.0,0.0,1.0,1.0
4566,0.2135269,18.099276,17.910683,0.0,0.0,1.0,1.0
4567,0.20211895,18.23542,17.950182,0.0,0.0,1.0,1.0
4568,0.048295066,18.092653,18.021637,0.0,0.0,1.0,1.0
4569,0.19138317,18.065153,18.118763,0.0,0.0,1.0,1.0
4570,0.17963855,18.013887,18.249672,0.0,0.0,1.0,1.0
4571,0.1632796,18.169764,18.423513,0.0,0.0,1.0,1.0
4572,-0.0016666014,18.273222,18.61866,0.0,0.0,1.0,1.0
4573,0.13712291,18.556335,18.83103,0.0,0.0,1.0,1.0
4574,-0.026427852,18.777197,19.043777,0.0,0.0,1.0,1.0
4575,-0.05329039,19.143467,19.278385,0.0,0.0,1.0,1.0
4576,-0.043086674,19.778492,19.505388,0.0,0.0,1.0,1.0
4577,-0.10857011,20.219048,19.714355,0.0,0.0,1.0,1.0
4578,-0.12960318,20.647726,19.919655,0.0,0.0,1.0,1.0
4579,0.04503078,20.788393,20.142523,0.0,0.0,1.0,1.0
4580,-0.1517484,20.907942,20.347464,0.0,0.0,1.0,1.0
4581,-0.16610587,20.789179,20.563076,0.0,0.0,1.0,1.0
4582,-0.1787394,20.521511,20.757002,0.0,0.0,1.0,1.0
4583,-0.18670335,20.633337,20.89842,0.0,0.0,1.0,1.0
4584,-0.19396928,20.947657,20.989439,0.0,0.0,1.0,1.0
4585,-0.021206345,21.015615,21.028715,0.0,0.0,1.0,1.0
4586,-0.20011277,21.364546,21.008755,0.0,0.0,1.0,1.0
4587,-0.20388815,21.470581,20.926195,0.0,0.0,1.0,1.0
4588,-0.21870571,21.47551,20.802013,0.0,0.0,1.0,1.0
4589,-0.061683625,21.311281,20.66925,0.0,0.0,1.0,1.0
4590,-0.22771947,21.11902,20.498446,0.0,0.0,1.0,1.0
4591,-0.23903258,20.548882,20.277367,0.0,0.0,1.0,1.0
4592,-0.246475,19.91723,20.062244,0.0,0.0,1.0,1.0
4593,-0.24881476,19.298988,19.822678,0.0,0.0,1.0,1.0
4594,-0.098483086,18.92835,19.572792,0.0,0.0,1.0,1.0
4595,-0.24715886,18.583687,19.299835,0.0,0.0,1.0,1.0
4596,-0.24442746,18.294716,19.039291,0.0,0.0,1.0,1.0
4597,-0.23745085,18.434149,18.766312,0.0,0.0,1.0,1.0
4598,-0.23142052,18.489746,18.55653,0.0,0.0,1.0,1.0
4599,-0.07873656,18.471952,18.428724,0.0,0.0,1.0,1.0
4600,-0.22600998,18.20001,18.346766,0.0,0.0,1.0,1.0
4601,-0.22256774,18.184772,18.28078,0.0,0.0,1.0,1.0
4602,-0.22226933,17.843254,18.250187,0.0,0.0,1.0,1.0
4603,-0.21527189,18.031502,18.242905,0.0,0.0,1.0,1.0
4604,-0.2014873,18.383554,18.235239,0.0,0.0,1.0,1.0
4605,-0.036398187,18.315496,18.210857,0.0,0.0,1.0,1.0
4606,-0.18697226,18.13652,18.196098,0.0,0.0,1.0,1.0
4607,-0.16715693,18.216574,18.207302,0.0,0.0,1.0,1.0
4608,-0.14557822,18.207335,18.199978,0.0,0.0,1.0,1.0
4609,-0.11871494,18.342155,18.237986,0.0,0.0,1.0,1.0
4610,-0.09362365,18.197166,18.246424,0.0,0.0,1.0,1.0
4611,-0.07707398,18.294851,18.239672,0.0,0.0,1.0,1.0
4612,-0.06462858,18.334446,18.251577,0.0,0.0,1.0,1.0
4613,0.080232464,18.096878,18.295238,0.0,0.0,1.0,1.0
4614,-0.052823585,18.299356,18.316198,0.0,0.0,1.0,1.0
4615,-0.042532463,18.13276,18.317017,0.0,0.0,1.0,1.0
4616,-0.03322683,18.30253,18.31477,0.0,0.0,1.0,1.0
4617,-0.024402,18.45835,18.348879,0.0,0.0,1.0,1.0
4618,-0.014799993,18.660467,18.387905,0.0,0.0,1.0,1.0
4619,-0.0030963721,18.468077,18.445017,0.0,0.0,1.0,1.0
4620,0.170341,18.217163,18.530886,0.0,0.0,1.0,1.0
4621,0.1845401,18.315184,18.617214,0.0,0.0,1.0,1.0
4622,0.20543158,18.606482,18.722492,0.0,0.0,1.0,1.0
4623,0.2201154,18.763172,18.821241,0.0,0.0,1.0,1.0
4624,0.06122417,19.019793,18.909588,0.0,0.0,1.0,1.0
4625,0.23315868,19.127304,18.974726,0.0,0.0,1.0,1.0
4626,0.24324289,19.335283,19.063684,0.0,0.0,1.0,1.0
4627,0.25219965,19.396103,19.166304,0.0,0.0,1.0,1.0
4628,0.2640505,19.487524,19.254675,0.0,0.0,1.0,1.0
4629,0.2680865,19.518503,19.319118,0.0,0.0,1.0,1.0
4630,0.26425517,19.442123,19.371496,0.0,0.0,1.0,1.0
4631,0.055351395,19.53557,19.41225,0.0,0.0,1.0,1.0
4632,0.25651988,19.4486,19.44132,0.0,0.0,1.0,1.0
4633,0.24779095,19.375631,19.440174,0.0,0.0,1.0,1.0
4634,0.23709,19.379803,19.421951,0.0,0.0,1.0,1.0
4635,0.2580367,19.391724,19.386822,0.0,0.0,1.0,1.0
4636,0.23858285,19.508842,19.342155,0.0,0.0,1.0,1.0
4637,0.2431534,19.476133,19.294737,0.0,0.0,1.0,1.0
4638,0.25063017,19.32154,19.239384,0.0,0.0,1.0,1.0
4639,0.1579201,19.177416,19.184124,0.0,0.0,1.0,1.0
4640,0.25304377,19.06597,19.128717,0.0,0.0,1.0,1.0
4641,0.25219357,18.982523,19.063707,0.0,0.0,1.0,1.0
4642,0.24933498,18.873095,18.981863,0.0,0.0,1.0,1.0
4643,0.24387002,18.871336,18.895344,0.0,0.0,1.0,1.0
4644,0.23803899,18.785473,18.798052,0.0,0.0,1.0,1.0
4645,0.23587924,18.710747,18.693933,0.0,0.0,1.0,1.0
4646,0.23506184,18.59968,18.57482,0.0,0.0,1.0,1.0
4647,0.24039838,18.40961,18.43108,0.0,0.0,1.0,1.0
4648,0.24512164,18.470592,18.288452,0.0,0.0,1.0,1.0
4649,0.10417084,18.308641,18.156918,0.0,0.0,1.0,1.0
4650,0.2474385,18.07213,18.014029,0.0,0.0,1.0,1.0
4651,0.25068074,17.74804,17.876799,0.0,0.0,1.0,1.0
4652,0.24739712,17.341095,17.738571,0.0,0.0,1.0,1.0
4653,0.24346566,17.270985,17.601967,0.0,0.0,1.0,1.0
4654,0.23508602,17.29468,17.49388,0.0,0.0,1.0,1.0
4655,0.080366686,17.156673,17.379936,0.0,0.0,1.0,1.0
4656,0.22465923,17.138721,17.280954,0.0,0.0,1.0,1.0
4657,0.21637101,17.05201,17.202671,0.0,0.0,1.0,1.0
4658,0.2085434,16.96043,17.15177,0.0,0.0,1.0,1.0
4659,0.20062068,17.112558,17.125118,0.0,0.0,1.0,1.0
4660,0.18501022,17.103277,17.110981,0.0,0.0,1.0,1.0
4661,0.1842671,17.120844,17.10453,0.0,0.0,1.0,1.0
4662,0.18084042,17.13273,17.121624,0.0,0.0,1.0,1.0
4663,0.02311025,17.137228,17.144878,0.0,0.0,1.0,1.0
4664,0.1794972,17.021286,17.158934,0.0,0.0,1.0,1.0
4665,0.17167814,17.10133,17.204016,0.0,0.0,1.0,1.0
4666,-0.016289417,17.217285,17.284801,0.0,0.0,1.0,1.0
4667,0.15875404,17.361782,17.377785,0.0,0.0,1.0,1.0
4668,-0.025609078,17.41777,17.478107,0.0,0.0,1.0,1.0
4669,-0.037149392,17.220678,17.583357,0.0,0.0,1.0,1.0
4670,-0.046053197,17.501429,17.673796,0.0,0.0,1.0,1.0
4671,-0.06346581,18.081972,17.783113,0.0,0.0,1.0,1.0
4672,-0.076091714,18.219088,17.867874,0.0,0.0,1.0,1.0
4673,-0.09222189,18.324715,17.92539,0.0,0.0,1.0,1.0
4674,0.060443617,18.395714,17.959467,0.0,0.0,1.0,1.0
4675,-0.10638828,18.222504,17.995878,0.0,0.0,1.0,1.0
4676,-0.12305038,18.333088,18.032814,0.0,0.0,1.0,1.0
4677,-0.13107267,18.118458,18.03095,0.0,0.0,1.0,1.0
4678,-0.14687032,17.907495,17.979439,0.0,0.0,1.0,1.0
4679,-0.15670452,17.770693,17.925442,0.0,0.0,1.0,1.0
4680,0.027844561,17.854713,17.874592,0.0,0.0,1.0,1.0
4681,-0.17769447,17.663906,17.788746,0.0,0.0,1.0,1.0
4682,-0.20063122,17.479052,17.671478,0.0,0.0,1.0,1.0
4683,-0.03864057,17.463837,17.525623,0.0,0.0,1.0,1.0
4684,-0.2230829,17.571136,17.406113,0.0,0.0,1.0,1.0
4685,-0.24174322,17.714506,17.302805,0.0,0.0,1.0,1.0
4686,-0.25412887,17.365551,17.263569,0.0,0.0,1.0,1.0
4687,-0.2642082,16.815292,17.209036,0.0,0.0,1.0,1.0
4688,-0.2701399,16.582829,17.181673,0.0,0.0,1.0,1.0
4689,-0.16259244,16.684347,17.193274,0.0,0.0,1.0,1.0
4690,-0.26917222,16.6678,17.216862,0.0,0.0,1.0,1.0
4691,-0.2678696,17.299868,17.218504,0.0,0.0,1.0,1.0
4692,-0.26547283,17.2003,17.218197,0.0,0.0,1.0,1.0
4693,-0.26471668,17.335554,17.29877,0.0,0.0,1.0,1.0
4694,-0.16514651,17.61826,17.45103,0.0,0.0,1.0,1.0
4695,-0.2638765,17.746891,17.619804,0.0,0.0,1.0,1.0
4696,-0.25834095,17.590841,17.790102,0.0,0.0,1.0,1.0
4697,-0.25203538,17.710835,18.000128,0.0,0.0,1.0,1.0
4698,-0.24176861,18.33243,18.196909,0.0,0.0,1.0,1.0
4699,-0.22869888,18.642408,18.418356,0.0,0.0,1.0,1.0
4700,-0.0820312,18.608114,18.614546,0.0,0.0,1.0,1.0
4701,-0.21404685,18.727919,18.7835,0.0,0.0,1.0,1.0
4702,-0.19650176,19.188124,18.887907,0.0,0.0,1.0,1.0
4703,-0.17814839,19.661224,19.020748,0.0,0.0,1.0,1.0
4704,-0.15701932,19.857672,19.15948,0.0,0.0,1.0,1.0
4705,-0.14229022,19.689842,19.236547,0.0,0.0,1.0,1.0
4706,-0.13390598,19.645708,19.283667,0.0,0.0,1.0,1.0
4707,-0.11974848,18.999777,19.339748,0.0,0.0,1.0,1.0
4708,0.049326114,19.184937,19.388304,0.0,0.0,1.0,1.0
4709,-0.10207893,19.375591,19.357012,0.0,0.0,1.0,1.0
4710,-0.07955845,19.257254,19.275112,0.0,0.0,1.0,1.0
4711,-0.058120996,19.207848,19.20346,0.0,0.0,1.0,1.0
4712,-0.04740297,19.281076,19.16513,0.0,0.0,1.0,1.0
4713,-0.031899888,19.310587,19.109343,0.0,0.0,1.0,1.0
4714,-0.022681532,18.812618,19.094145,0.0,0.0,1.0,1.0
4715,-0.010836037,18.67844,19.069237,0.0,0.0,1.0,1.0
4716,0.16771775,18.997852,19.048603,0.0,0.0,1.0,1.0
4717,0.18783268,19.229877,19.066462,0.0,0.0,1.0,1.0
4718,0.19921422,18.97626,19.110527,0.0,0.0,1.0,1.0
4719,0.016273826,18.817396,19.15284,0.0,0.0,1.0,1.0
4720,0.20369752,18.88603,19.197994,0.0,0.0,1.0,1.0
4721,0.1998003,19.127993,19.306408,0.0,0.0,1.0,1.0
4722,0.2008297,19.471552,19.450283,0.0,0.0,1.0,1.0
4723,0.1997244,19.736652,19.591629,0.0,0.0,1.0,1.0
4724,0.19299096,19.788818,19.738998,0.0,0.0,1.0,1.0
4725,0.20225635,19.852453,19.935772,0.0,0.0,1.0,1.0
4726,0.21668954,20.113573,20.1629,0.0,0.0,1.0,1.0
4727,0.22688589,20.404936,20.382494,0.0,0.0,1.0,1.0
4728,0.029354567,20.69402,20.574135,0.0,0.0,1.0,1.0
4729,0.23560822,20.9983,20.762394,0.0,0.0,1.0,1.0
4730,0.23782393,21.33754,20.930656,0.0,0.0,1.0,1.0
4731,0.2408805,21.542952,21.104841,0.0,0.0,1.0,1.0
4732,0.2425027,21.521141,21.270645,1.0,0.0,1.0,1.0
4733,0.24452707,21.427673,21.403494,1.0,0.0,1.0,1.0
4734,0.08350237,21.73066,21.507402,1.0,0.0,1.0,1.0
4735,0.24324484,21.755812,21.597473,1.0,0.0,1.0,1.0
4736,0.23736103,21.879036,21.665344,1.0,0.0,1.0,1.0
4737,0.23484097,21.842106,21.698196,1.0,0.0,1.0,1.0
4738,0.22973841,21.70776,21.700016,1.0,0.0,1.0,1.0
4739,0.22516392,21.651838,21.686478,1.0,0.0,1.0,1.0
4740,0.22338666,21.774853,21.64075,1.0,0.0,1.0,1.0
4741,0.22516616,21.812769,21.548922,1.0,0.0,1.0,1.0
4742,0.2281177,21.731764,21.428555,1.0,0.0,1.0,1.0
4743,0.22862053,21.564783,21.279312,1.0,0.0,1.0,1.0
4744,0.22848475,21.358671,21.128199,0.0,0.0,1.0,1.0
4745,0.22653146,20.878952,20.958662,0.0,0.0,1.0,1.0
4746,0.21901721,20.628723,20.75611,0.0,0.0,1.0,1.0
4747,0.21093112,20.311396,20.524008,0.0,0.0,1.0,1.0
4748,0.1952328,20.088137,20.280481,0.0,0.0,1.0,1.0
4749,0.18909243,20.028734,20.036442,0.0,0.0,1.0,1.0
4750,0.19505885,19.673326,19.804224,0.0,0.0,1.0,1.0
4751,0.055322234,19.221214,19.572199,0.0,0.0,1.0,1.0
4752,0.20643255,18.989624,19.367596,0.0,0.0,1.0,1.0
4753,0.20753351,18.890448,19.173874,0.0,0.0,1.0,1.0
4754,0.20716882,18.803288,18.987988,0.0,0.0,1.0,1.0
4755,0.20484759,18.778183,18.806627,0.0,0.0,1.0,1.0
4756,0.19040012,18.574371,18.651785,0.0,0.0,1.0,1.0
4757,0.18068734,18.423697,18.518745,0.0,0.0,1.0,1.0
4758,0.033468492,18.304077,18.42742,0.0,0.0,1.0,1.0
4759,0.16623856,18.08075,18.355553,0.0,0.0,1.0,1.0
4760,0.1556054,17.91181,18.285433,0.0,0.0,1.0,1.0
4761,0.14864206,18.170633,18.222366,0.0,0.0,1.0,1.0
4762,-0.01076383,18.076849,18.18283,0.0,0.0,1.0,1.0
4763,-0.024860507,18.1253,18.15715,0.0,0.0,1.0,1.0
4764,-0.049588628,18.12722,18.148893,0.0,0.0,1.0,1.0
4765,-0.06874046,18.049019,18.146927,0.0,0.0,1.0,1.0
4766,-0.077840194,18.04649,18.15361,0.0,0.0,1.0,1.0
4767,-0.083807945,18.303759,18.160938,0.0,0.0,1.0,1.0
4768,0.09601806,18.266209,18.142212,0.0,0.0,1.0,1.0
4769,-0.080582656,18.324604,18.14165,0.0,0.0,1.0,1.0
4770,-0.0804621,18.280476,18.158537,0.0,1.0,1.0,1.0
4771,-0.1002907,18.160948,18.19615,0.0,1.0,1.0,1.0
4772,-0.12559879,17.999756,18.24235,0.0,1.0,1.0,1.0
4773,-0.14988405,17.945923,18.298141,0.0,1.0,1.0,1.0
4774,-0.17946462,18.070093,18.351194,0.0,1.0,1.0,1.0
4775,-0.20686056,18.327942,18.43718,0.0,1.0,1.0,1.0
4776,-0.01749199,18.578577,18.531107,0.0,1.0,1.0,1.0
4777,-0.22488405,18.60343,18.63095,0.0,1.0,1.0,1.0
4778,-0.24342874,18.71599,18.75135,0.0,1.0,1.0,1.0
4779,-0.25667563,18.940378,18.896242,0.0,1.0,1.0,1.0
4780,-0.2640857,19.298035,19.040722,0.0,1.0,1.0,1.0
4781,-0.26758215,19.451735,19.187494,0.0,1.0,1.0,1.0
4782,-0.27053002,19.478607,19.333862,0.0,1.0,1.0,1.0
4783,-0.24726894,19.605743,19.480696,0.0,1.0,1.0,1.0
4784,-0.21395922,19.738451,19.642843,0.0,1.0,1.0,1.0
4785,-0.26385158,19.679693,19.792274,0.0,1.0,1.0,1.0
4786,-0.15074342,19.831356,19.920528,0.0,1.0,1.0,1.0
4787,-0.2893855,20.084347,20.011242,0.0,1.0,1.0,1.0
4788,-0.2645307,20.340574,20.083408,0.0,1.0,1.0,1.0
4789,-0.2377545,20.54921,20.173927,0.0,1.0,1.0,1.0
4790,-0.26293477,20.50916,20.231277,0.0,1.0,1.0,1.0
4791,-0.16176455,20.47942,20.24361,0.0,1.0,1.0,1.0
4792,-0.27130234,20.386616,20.280365,0.0,1.0,1.0,1.0
4793,-0.252792,20.317722,20.295202,0.0,1.0,1.0,1.0
4794,-0.14555943,20.564844,20.304264,0.0,1.0,1.0,1.0
4795,-0.22766502,20.293947,20.294088,0.0,1.0,1.0,1.0
4796,-0.021555968,19.886438,20.287909,0.0,1.0,1.0,1.0
4797,-0.021555968,20.120756,20.290512,0.0,1.0,1.0,1.0
4798,-0.021555968,20.009401,20.302767,0.0,1.0,1.0,1.0
4799,-0.021555968,20.193083,20.33252,0.0,1.0,1.0,1.0
4800,-0.021555968,20.21846,20.373442,0.0,1.0,1.0,1.0
4801,-0.021555968,20.475061,20.402565,0.0,1.0,1.0,1.0
4802,-0.021555968,20.540396,20.484804,0.0,1.0,1.0,1.0
4803,-0.021555968,20.626472,20.629314,0.0,1.0,1.0,1.0
4804,-0.021555968,20.74366,20.800259,0.0,1.0,1.0,1.0
4805,-0.021555968,20.808779,20.985214,0.0,1.0,1.0,1.0
4806,-0.021555968,20.914318,21.201275,1.0,1.0,1.0,1.0
4807,-0.021555968,21.280836,21.463692,1.0,1.0,1.0,1.0
4808,-0.021555968,21.620544,21.721054,1.0,1.0,1.0,1.0
4809,-0.021555968,22.172089,22.031559,1.0,1.0,1.0,1.0
4810,-0.021555968,22.228867,22.363012,1.0,1.0,1.0,1.0
4811,-0.021555968,22.785824,22.733202,1.0,1.0,1.0,1.0
4812,-0.021555968,23.367462,23.13356,1.0,1.0,1.0,1.0
4813,-0.021555968,23.563402,23.574251,1.0,1.0,1.0,1.0
4814,-0.021555968,24.266455,24.024834,1.0,1.0,1.0,1.0
4815,-0.021555968,24.603907,24.492489,1.0,1.0,1.0,1.0
4816,-0.021555968,25.185944,24.96088,1.0,1.0,1.0,1.0
4817,-0.021555968,25.613085,25.481855,1.0,1.0,1.0,1.0
4818,-0.021555968,26.202606,25.985664,1.0,1.0,1.0,1.0
4819,-0.021555968,26.687822,26.485369,1.0,1.0,1.0,1.0
4820,-0.021555968,27.232397,26.990122,1.0,1.0,1.0,1.0
4821,-0.021555968,27.792795,27.48889,1.0,1.0,1.0,1.0
4822,-0.021555968,28.48057,27.987068,1.0,1.0,1.0,1.0
4823,-0.021555968,28.831533,28.462793,1.0,1.0,1.0,1.0
4824,-0.021555968,29.363907,28.914042,1.0,1.0,1.0,1.0
4825,-0.021555968,29.620432,29.330706,1.0,1.0,1.0,1.0
4826,-0.021555968,30.25169,29.722408,1.0,1.0,1.0,1.0
4827,-0.021555968,30.58204,30.075949,1.0,1.0,1.0,1.0
4828,-0.021555968,30.894646,30.393555,1.0,1.0,1.0,1.0
4829,-0.021555968,31.028063,30.653889,1.0,1.0,1.0,1.0
4830,-0.021555968,31.202578,30.88758,1.0,1.0,1.0,1.0
4831,-0.021555968,31.388252,31.06385,1.0,1.0,1.0,1.0
4832,-0.021555968,31.474878,31.226425,1.0,1.0,1.0,1.0
4833,-0.021555968,31.60407,31.31365,1.0,1.0,1.0,1.0
4834,-0.021555968,31.604567,31.377384,1.0,1.0,1.0,1.0
4835,-0.021555968,31.63585,31.394976,1.0,1.0,1.0,1.0
4836,-0.021555968,31.47913,31.395126,1.0,1.0,1.0,1.0
4837,-0.021555968,31.571335,31.353806,1.0,1.0,1.0,1.0
4838,-0.021555968,31.298403,31.28535,1.0,1.0,1.0,1.0
4839,-0.021555968,31.346842,31.201012,1.0,1.0,1.0,1.0
4840,-0.021555968,31.105734,31.10953,1.0,1.0,1.0,1.0
4841,-0.021555968,31.029888,31.01043,1.0,1.0,1.0,1.0
4842,-0.021555968,30.706717,30.893787,1.0,1.0,1.0,1.0
4843,-0.021555968,30.566807,30.773846,1.0,1.0,1.0,1.0
4844,-0.021555968,30.462803,30.63986,1.0,1.0,1.0,1.0
4845,-0.021555968,30.506285,30.521345,1.0,1.0,1.0,1.0
4846,-0.021555968,30.415354,30.39338,1.0,1.0,1.0,1.0
4847,-0.021555968,30.236149,30.309202,1.0,1.0,1.0,1.0
4848,-0.021555968,30.039839,30.232306,1.0,1.0,1.0,1.0
4849,-0.021555968,29.963503,30.196884,1.0,1.0,1.0,1.0
4850,-0.021555968,29.876223,30.176748,1.0,1.0,1.0,1.0
4851,-0.021555968,29.811241,30.194508,1.0,1.0,1.0,1.0
4852,-0.021555968,30.095615,30.224924,1.0,1.0,1.0,1.0
4853,-0.021555968,30.107134,30.27153,1.0,1.0,1.0,1.0
4854,-0.021555968,30.28165,30.330517,1.0,1.0,1.0,1.0
4855,-0.021555968,30.325188,30.409792,1.0,1.0,1.0,1.0
4856,-0.021555968,30.675922,30.49504,1.0,1.0,1.0,1.0
4857,-0.021555968,30.871264,30.58751,1.0,1.0,1.0,1.0
4858,-0.021555968,30.974646,30.6934,1.0,1.0,1.0,1.0
4859,-0.021555968,30.943989,30.77888,1.0,1.0,1.0,1.0
4860,-0.021555968,30.991127,30.858053,1.0,1.0,1.0,1.0
4861,-0.021555968,30.986498,30.926634,1.0,1.0,1.0,1.0
4862,-0.021555968,30.985844,30.987242,1.0,1.0,1.0,1.0
4863,-0.021555968,31.081928,30.999462,1.0,1.0,1.0,1.0
4864,-0.021555968,31.121368,30.993605,1.0,1.0,1.0,1.0
4865,-0.021555968,31.05722,30.980951,1.0,1.0,1.0,1.0
4866,-0.021555968,31.104609,30.963633,1.0,1.0,1.0,1.0
4867,-0.021555968,31.052496,30.911793,1.0,1.0,1.0,1.0
4868,-0.021555968,30.82256,30.82148,1.0,1.0,1.0,1.0
4869,-0.021555968,30.800968,30.699076,1.0,1.0,1.0,1.0
4870,-0.021555968,30.822807,30.528694,1.0,1.0,1.0,1.0
4871,-0.26517585,30.736168,30.306152,1.0,1.0,1.0,1.0
4872,-0.25400868,30.369051,30.069756,1.0,1.0,1.0,1.0
4873,-0.23749837,29.902733,29.808598,1.0,1.0,1.0,1.0
4874,-0.19995648,29.51699,29.519901,1.0,1.0,1.0,1.0
4875,-0.21825357,29.037369,29.208055,1.0,1.0,1.0,1.0
4876,-0.19817673,28.450846,28.868298,1.0,1.0,1.0,1.0
4877,-0.18294735,28.220476,28.517242,1.0,1.0,1.0,1.0
4878,-0.062263507,27.97071,28.185055,1.0,1.0,1.0,1.0
4879,-0.1493868,27.588137,27.849962,1.0,1.0,1.0,1.0
4880,-0.1367235,27.080414,27.518526,1.0,1.0,1.0,1.0
4881,-0.12905088,26.723879,27.197433,1.0,1.0,1.0,1.0
4882,-0.11692774,26.610144,26.898237,1.0,1.0,1.0,1.0
4883,-0.09852993,26.7499,26.635672,1.0,1.0,1.0,1.0
4884,-0.08274565,26.34795,26.408087,1.0,1.0,1.0,1.0
4885,-0.069642134,25.925505,26.20735,1.0,1.0,1.0,1.0
4886,-0.054155592,25.663883,26.045795,1.0,1.0,1.0,1.0
4887,-0.039677948,25.447,25.933329,1.0,1.0,1.0,1.0
4888,-0.03110648,25.30005,25.831112,1.0,1.0,1.0,1.0
4889,0.12766692,25.489471,25.73119,1.0,1.0,1.0,1.0
4890,-0.021119647,25.561872,25.61761,1.0,0.0,1.0,1.0
4891,-0.015373097,25.649479,25.537018,1.0,0.0,1.0,1.0
4892,-0.0052070636,25.730804,25.487728,1.0,0.0,1.0,1.0
4893,0.19526222,25.497272,25.417793,1.0,0.0,1.0,1.0
4894,0.20963034,25.411087,25.311432,1.0,0.0,1.0,1.0
4895,0.2162368,25.386957,25.203789,1.0,0.0,1.0,1.0
4896,0.20991418,25.380829,25.043854,1.0,0.0,1.0,1.0
4897,0.20052573,25.334028,24.832972,1.0,0.0,1.0,1.0
4898,0.19096127,24.82466,24.579779,1.0,0.0,1.0,1.0
4899,0.015321754,24.170681,24.277208,1.0,0.0,1.0,1.0
4900,0.17970566,24.008333,23.976952,1.0,0.0,1.0,1.0
4901,0.16118127,23.570236,23.64766,1.0,0.0,1.0,1.0
4902,0.1722855,23.03129,23.318968,1.0,0.0,1.0,1.0
4903,0.18586108,22.611166,22.970263,1.0,0.0,1.0,1.0
4904,0.19272053,22.099958,22.597628,1.0,0.0,1.0,1.0
4905,0.19779341,21.894188,22.23074,1.0,0.0,1.0,1.0
4906,0.20033057,21.459585,21.88807,1.0,0.0,1.0,1.0
4907,0.19656937,21.442667,21.542429,1.0,0.0,1.0,1.0
4908,0.030115498,21.196356,21.209019,1.0,0.0,1.0,1.0
4909,0.1943487,20.862413,20.91422,0.0,0.0,1.0,1.0
4910,0.18956989,20.42201,20.63969,0.0,0.0,1.0,1.0
4911,0.18719676,20.058617,20.397635,0.0,0.0,1.0,1.0
4912,0.18194382,19.860664,20.175148,0.0,0.0,1.0,1.0
4913,0.029880363,19.569313,19.999903,0.0,0.0,1.0,1.0
4914,0.17887755,19.49372,19.82571,0.0,0.0,1.0,1.0
4915,0.17769255,19.3168,19.684551,0.0,0.0,1.0,1.0
4916,0.18185392,19.195286,19.545088,0.0,0.0,1.0,1.0
4917,0.18665116,19.224337,19.458183,0.0,0.0,1.0,1.0
4918,0.1850306,19.356647,19.384209,0.0,0.0,1.0,1.0
4919,0.18570593,19.352358,19.332134,0.0,0.0,1.0,1.0
4920,0.18458016,19.502447,19.322159,0.0,0.0,1.0,1.0
4921,0.1807804,19.188858,19.332647,0.0,0.0,1.0,1.0
4922,0.17335483,19.379145,19.369947,0.0,0.0,1.0,1.0
4923,0.16287999,19.170935,19.432322,0.0,0.0,1.0,1.0
4924,0.037805825,19.235773,19.501392,0.0,0.0,1.0,1.0
4925,0.15150146,19.449604,19.57079,0.0,0.0,1.0,1.0
4926,0.13873415,19.619574,19.649797,0.0,0.0,1.0,1.0
4927,0.13060793,19.764416,19.763203,0.0,0.0,1.0,1.0
4928,0.014645984,19.943758,19.949715,0.0,0.0,1.0,1.0
4929,0.13391946,20.053185,20.155764,0.0,0.0,1.0,1.0
4930,-0.0029429833,20.189417,20.41393,0.0,0.0,1.0,1.0
4931,-0.015305002,20.300465,20.70405,0.0,0.0,1.0,1.0
4932,-0.028254582,20.863304,21.011267,0.0,0.0,1.0,1.0
4933,-0.043994937,21.426996,21.351177,1.0,0.0,1.0,1.0
4934,-0.05217019,21.85174,21.674744,1.0,0.0,1.0,1.0
4935,0.08636933,22.26895,22.020039,1.0,0.0,1.0,1.0
4936,-0.06794881,22.71719,22.35507,1.0,0.0,1.0,1.0
4937,-0.08034384,23.136215,22.705322,1.0,0.0,1.0,1.0
4938,-0.10616014,23.698494,23.08197,1.0,0.0,1.0,1.0
4939,-0.13196002,23.647223,23.44941,1.0,0.0,1.0,1.0
4940,-0.15910102,24.087282,23.815292,1.0,0.0,1.0,1.0
4941,-0.17849188,24.073566,24.147427,1.0,0.0,1.0,1.0
4942,-0.1934093,24.392447,24.441011,1.0,0.0,1.0,1.0
4943,0.020600934,24.82024,24.705952,1.0,0.0,1.0,1.0
4944,-0.20556502,25.272573,24.896742,1.0,0.0,1.0,1.0
4945,-0.20664546,25.817587,25.033373,1.0,0.0,1.0,1.0
4946,-0.20364687,25.837347,25.147816,1.0,0.0,1.0,1.0
4947,-0.20260365,25.791975,25.1848,1.0,0.0,1.0,1.0
4948,-0.049222715,25.896477,25.205158,1.0,0.0,1.0,1.0
4949,-0.24936046,25.425695,25.147821,1.0,0.0,1.0,1.0
4950,-0.27420762,25.33806,25.079245,1.0,0.0,1.0,1.0
4951,-0.29512772,25.020546,24.955051,1.0,0.0,1.0,1.0
4952,-0.12050526,24.53108,24.779858,1.0,0.0,1.0,1.0
4953,-0.31677973,24.31786,24.592182,1.0,0.0,1.0,1.0
4954,-0.3271879,23.704414,24.387218,1.0,0.0,1.0,1.0
4955,-0.33020836,23.99731,24.149027,1.0,0.0,1.0,1.0
4956,-0.33457592,23.78226,23.915672,1.0,0.0,1.0,1.0
4957,-0.33323616,23.715256,23.692244,1.0,0.0,1.0,1.0
4958,-0.17506517,23.585245,23.513079,1.0,0.0,1.0,1.0
4959,-0.32904822,23.332422,23.337563,1.0,0.0,1.0,1.0
4960,-0.32804823,23.038176,23.19329,1.0,0.0,1.0,1.0
4961,-0.32546118,22.625425,23.08476,1.0,0.0,1.0,1.0
4962,-0.32529685,22.656929,22.953743,1.0,0.0,1.0,1.0
4963,-0.17874302,22.87056,22.846935,1.0,0.0,1.0,1.0
4964,-0.32071885,22.424896,22.74221,1.0,0.0,1.0,1.0
4965,-0.3152503,22.586596,22.646646,1.0,0.0,1.0,1.0
4966,-0.3069572,22.402063,22.563732,1.0,0.0,1.0,1.0
4967,-0.29212743,22.42508,22.495676,1.0,0.0,1.0,1.0
4968,-0.27540478,22.500565,22.479042,1.0,0.0,1.0,1.0
4969,-0.12920944,22.458565,22.45895,1.0,0.0,1.0,1.0
4970,-0.25795782,22.43849,22.416391,1.0,0.0,1.0,1.0
4971,-0.23770657,22.337439,22.38882,1.0,0.0,1.0,1.0
4972,-0.15888572,22.221506,22.355593,1.0,0.0,1.0,1.0
4973,-0.09143696,22.42581,22.34378,1.0,0.0,1.0,1.0
4974,-0.079362795,22.415844,22.33236,1.0,0.0,1.0,1.0
4975,-0.06505055,22.359854,22.315237,1.0,0.0,1.0,1.0
4976,-0.056033265,22.09405,22.30535,1.0,0.0,1.0,1.0
4977,-0.037048977,22.18784,22.306532,1.0,0.0,1.0,1.0
4978,-0.14828965,22.260338,22.304176,1.0,0.0,1.0,1.0
4979,-0.14034027,22.288015,22.330349,1.0,0.0,1.0,1.0
4980,-0.12687618,22.295103,22.352097,1.0,0.0,1.0,1.0
4981,-0.10994103,22.33991,22.398485,1.0,0.0,1.0,1.0
4982,-0.09109399,22.452675,22.46165,1.0,0.0,1.0,1.0
4983,-0.08074924,22.309162,22.56431,1.0,0.0,1.0,1.0
4984,0.089978375,22.535582,22.666824,1.0,0.0,1.0,1.0
4985,-0.061340168,22.686783,22.76661,1.0,0.0,1.0,1.0
4986,-0.043386973,22.972513,22.87442,1.0,0.0,1.0,1.0
4987,-0.035262473,23.117838,23.008114,1.0,0.0,1.0,1.0
4988,-0.0380342,23.325958,23.139385,1.0,0.0,1.0,1.0
4989,-0.037562393,23.418018,23.25246,1.0,0.0,1.0,1.0
4990,-0.04379713,23.457762,23.383572,1.0,0.0,1.0,1.0
4991,-0.040504802,23.581736,23.499754,1.0,0.0,1.0,1.0
4992,0.14286895,23.899427,23.581913,1.0,0.0,1.0,1.0
4993,-0.04057105,23.915176,23.63935,1.0,0.0,1.0,1.0
4994,-0.039931644,23.809578,23.67593,1.0,0.0,1.0,1.0
4995,-0.031430107,23.882494,23.653477,1.0,0.0,1.0,1.0
4996,-0.02133628,23.929754,23.616358,1.0,0.0,1.0,1.0
4997,0.17655864,23.672709,23.571533,1.0,0.0,1.0,1.0
4998,0.18622203,23.661749,23.484634,1.0,0.0,1.0,1.0
4999,0.19272923,23.5568,23.333067,1.0,0.0,1.0,1.0
5000,0.19644983,23.056517,23.151592,1.0,0.0,1.0,1.0
5001,0.19713542,22.972586,22.977837,1.0,0.0,1.0,1.0
5002,0.19347166,22.919863,22.798435,1.0,0.0,1.0,1.0
5003,0.02124185,22.538958,22.616217,1.0,0.0,1.0,1.0
5004,0.18668488,22.08062,22.459032,1.0,0.0,1.0,1.0
5005,0.17700084,21.737486,22.292624,1.0,0.0,1.0,1.0
5006,0.17083779,21.724499,22.103909,1.0,0.0,1.0,1.0
5007,0.16500129,21.729689,21.937822,1.0,0.0,1.0,1.0
5008,0.0049010864,21.743135,21.777998,1.0,0.0,1.0,1.0
5009,0.16044286,21.786478,21.601349,1.0,0.0,1.0,1.0
5010,0.16137521,21.664862,21.467226,1.0,0.0,1.0,1.0
5011,0.1636471,21.292208,21.396683,1.0,0.0,1.0,1.0
5012,0.16029267,21.063486,21.340025,1.0,0.0,1.0,1.0
5013,0.15593459,21.054688,21.26825,1.0,0.0,1.0,1.0
5014,0.008760225,20.800089,21.201712,1.0,0.0,1.0,1.0
5015,0.0055248053,20.929482,21.145874,0.0,0.0,1.0,1.0
5016,-0.0009559932,21.234093,21.09968,0.0,0.0,1.0,1.0
5017,0.12569027,21.057602,21.049284,0.0,0.0,1.0,1.0
5018,-0.0045123887,20.863195,21.018862,0.0,0.0,1.0,1.0
5019,-0.005312059,20.931221,20.989428,0.0,0.0,1.0,1.0
5020,-0.002066428,21.073088,20.941711,0.0,0.0,1.0,1.0
5021,0.005779031,21.23215,20.92866,0.0,0.0,1.0,1.0
5022,0.012600905,21.06011,20.923134,0.0,0.0,1.0,1.0
5023,0.015178822,20.927135,20.907267,0.0,0.0,1.0,1.0
5024,0.12638657,20.710285,20.906204,0.0,0.0,1.0,1.0
5025,0.11923243,20.482084,20.931864,0.0,0.0,1.0,1.0
5026,0.116788015,20.643476,20.951668,0.0,0.0,1.0,1.0
5027,-0.0044854297,20.863163,20.966875,0.0,0.0,1.0,1.0
5028,-0.011115883,21.0437,20.964567,0.0,0.0,1.0,1.0
5029,-0.024602873,21.044838,20.988214,0.0,0.0,1.0,1.0
5030,-0.03810135,21.171118,21.030306,0.0,0.0,1.0,1.0
5031,0.08687791,21.16886,21.093475,0.0,0.0,1.0,1.0
5032,-0.058003724,21.255579,21.17029,0.0,0.0,1.0,1.0
5033,-0.070513695,21.204454,21.22777,1.0,0.0,1.0,1.0
5034,-0.088592365,21.34388,21.254797,1.0,0.0,1.0,1.0
5035,-0.10233266,21.432234,21.258991,1.0,0.0,1.0,1.0
5036,-0.116193,21.468311,21.256622,1.0,0.0,1.0,1.0
5037,0.03268092,21.403862,21.242512,1.0,0.0,1.0,1.0
5038,-0.12642772,21.33325,21.265669,1.0,0.0,1.0,1.0
5039,-0.13769373,21.187489,21.308123,1.0,0.0,1.0,1.0
5040,-0.15617639,21.094028,21.411066,1.0,0.0,1.0,1.0
5041,-0.18391714,21.016415,21.54479,1.0,0.0,1.0,1.0
5042,-0.216173,21.001772,21.671577,1.0,0.0,1.0,1.0
5043,-0.2414532,21.44675,21.81933,1.0,0.0,1.0,1.0
5044,-0.2669972,21.765022,21.981236,1.0,0.0,1.0,1.0
5045,-0.28647187,22.439789,22.175209,1.0,0.0,1.0,1.0
5046,-0.1037952,22.948568,22.41626,1.0,0.0,1.0,1.0
5047,-0.30366206,22.953676,22.695969,1.0,0.0,1.0,1.0
5048,-0.31264496,23.241352,23.01278,1.0,0.0,1.0,1.0
5049,-0.31668034,23.346725,23.366667,1.0,0.0,1.0,1.0
5050,-0.31947893,23.660917,23.721827,1.0,0.0,1.0,1.0
5051,-0.23172404,24.080109,24.092564,1.0,0.0,1.0,1.0
5052,-0.29815274,24.450518,24.435568,1.0,0.0,1.0,1.0
5053,-0.3199321,24.818146,24.749311,1.0,0.0,1.0,1.0
5054,-0.33941913,25.24843,25.05345,1.0,0.0,1.0,1.0
5055,-0.32867494,25.708666,25.333633,1.0,0.0,1.0,1.0
5056,-0.3385969,26.213863,25.556019,1.0,0.0,1.0,1.0
5057,-0.19399843,26.555834,25.713299,1.0,0.0,1.0,1.0
5058,-0.3394712,26.713507,25.872585,1.0,0.0,1.0,1.0
5059,-0.33921096,26.603323,25.997864,1.0,0.0,1.0,1.0
5060,-0.33679104,26.60357,26.118143,1.0,0.0,1.0,1.0
5061,-0.32701877,26.015345,26.162422,1.0,0.0,1.0,1.0
5062,-0.31312394,25.548277,26.170218,1.0,0.0,1.0,1.0
5063,-0.30130628,25.991545,26.1408,1.0,0.0,1.0,1.0
5064,-0.29081818,25.953857,26.085918,1.0,0.0,1.0,1.0
5065,-0.14227495,26.261492,26.021362,1.0,0.0,1.0,1.0
5066,-0.2825593,25.779799,25.93332,1.0,0.0,1.0,1.0
5067,-0.2715577,25.80219,25.820015,1.0,0.0,1.0,1.0
5068,-0.2662001,25.860868,25.763493,1.0,0.0,1.0,1.0
5069,-0.25171348,25.897251,25.762024,1.0,0.0,1.0,1.0
5070,-0.2264954,25.938828,25.674875,1.0,0.0,1.0,1.0
5071,-0.09817388,25.546808,25.564795,1.0,0.0,1.0,1.0
5072,-0.20701525,25.243925,25.445099,1.0,0.0,1.0,1.0
5073,-0.07735072,25.337078,25.382504,1.0,0.0,1.0,1.0
5074,-0.05523737,25.530645,25.286589,1.0,0.0,1.0,1.0
5075,-0.13587545,24.945757,25.184967,1.0,0.0,1.0,1.0
5076,-0.039391328,24.632898,25.059303,1.0,0.0,1.0,1.0
5077,-0.019093156,24.825148,24.94796,1.0,0.0,1.0,1.0
5078,0.0011904777,25.028635,24.853045,1.0,0.0,1.0,1.0
5079,-0.100449614,24.651217,24.768936,1.0,0.0,1.0,1.0
5080,-0.09182622,24.641405,24.672785,1.0,0.0,1.0,1.0
5081,-0.08443446,24.389286,24.5517,1.0,0.0,1.0,1.0
5082,-0.07874283,24.60271,24.504688,1.0,0.0,1.0,1.0
5083,-0.07734078,24.407831,24.496353,1.0,0.0,1.0,1.0
5084,-0.074369565,24.234627,24.469198,1.0,0.0,1.0,1.0
5085,0.08537138,24.183262,24.41929,1.0,0.0,1.0,1.0
5086,-0.057666488,24.07764,24.442482,1.0,0.0,1.0,1.0
5087,-0.046734657,24.381607,24.484562,1.0,0.0,1.0,1.0
5088,-0.035647243,24.532864,24.56034,1.0,0.0,1.0,1.0
5089,-0.022609564,24.49929,24.62216,1.0,0.0,1.0,1.0
5090,-0.016038237,24.429747,24.72466,1.0,0.0,1.0,1.0
5091,-0.007126323,24.929518,24.822742,1.0,0.0,1.0,1.0
5092,0.17796782,25.146353,24.926666,1.0,0.0,1.0,1.0
5093,0.19067036,25.29864,25.038202,1.0,0.0,1.0,1.0
5094,0.19436207,25.344536,25.112108,1.0,0.0,1.0,1.0
5095,0.18798985,25.637854,25.16389,1.0,0.0,1.0,1.0
5096,-0.0029754261,25.41161,25.198217,1.0,0.0,1.0,1.0
5097,0.1780201,25.430347,25.221941,1.0,0.0,1.0,1.0
5098,-0.013020886,25.416054,25.190128,1.0,0.0,1.0,1.0
5099,-0.015176808,25.268478,25.13662,1.0,0.0,1.0,1.0
5100,-0.017022457,25.154276,25.04449,1.0,0.0,1.0,1.0
5101,-0.017413396,24.911207,24.937386,1.0,0.0,1.0,1.0
5102,-0.013699431,24.714417,24.81215,1.0,0.0,1.0,1.0
5103,-0.007996232,24.547764,24.69562,1.0,0.0,1.0,1.0
5104,-0.004397447,24.504261,24.56086,1.0,0.0,1.0,1.0
5105,-0.0044224123,24.193096,24.410307,1.0,0.0,1.0,1.0
5106,-0.005533987,24.059267,24.25941,1.0,0.0,1.0,1.0
5107,-0.006902638,24.135023,24.123293,1.0,0.0,1.0,1.0
5108,-0.0066676303,24.013239,24.014147,1.0,0.0,1.0,1.0
5109,-0.004380234,23.813238,23.92859,1.0,0.0,1.0,1.0
5110,0.0018737345,23.609415,23.869907,1.0,0.0,1.0,1.0
5111,0.0050680703,23.457724,23.831535,1.0,0.0,1.0,1.0
5112,0.010158821,23.52086,23.842192,1.0,0.0,1.0,1.0
5113,0.019848604,23.601454,23.883434,1.0,0.0,1.0,1.0
5114,0.15282522,23.687746,23.937,1.0,0.0,1.0,1.0
5115,0.14981174,23.843573,24.024338,1.0,0.0,1.0,1.0
5116,0.005406339,24.043783,24.16521,1.0,0.0,1.0,1.0
5117,0.13574526,24.320969,24.341213,1.0,0.0,1.0,1.0
5118,0.0038427098,24.554186,24.526419,1.0,0.0,1.0,1.0
5119,0.008975382,24.77782,24.72086,1.0,0.0,1.0,1.0
5120,0.11205716,25.061275,24.938725,1.0,0.0,1.0,1.0
5121,0.096904315,25.50372,25.19141,1.0,0.0,1.0,1.0
5122,0.080617405,25.721447,25.471205,1.0,0.0,1.0,1.0
5123,0.06612754,25.680202,25.773043,1.0,0.0,1.0,1.0
5124,0.063491166,25.854137,26.092049,1.0,0.0,1.0,1.0
5125,0.061633524,26.215841,26.432068,1.0,0.0,1.0,1.0
5126,0.057693135,26.719957,26.780203,1.0,0.0,1.0,1.0
5127,-0.057990048,27.201124,27.124962,1.0,0.0,1.0,1.0
5128,-0.08632097,27.665833,27.4441,1.0,0.0,1.0,1.0
5129,-0.10791326,28.14904,27.758158,1.0,0.0,1.0,1.0
5130,-0.12068668,28.634415,28.081507,1.0,0.0,1.0,1.0
5131,0.026199719,28.955433,28.392727,1.0,0.0,1.0,1.0
5132,-0.13831204,29.1984,28.668047,1.0,0.0,1.0,1.0
5133,-0.149591,29.333368,28.909243,1.0,0.0,1.0,1.0
5134,-0.17216198,29.490133,29.107693,1.0,0.0,1.0,1.0
5135,-0.20535502,29.560396,29.25292,1.0,0.0,1.0,1.0
5136,-0.23194247,29.588783,29.345648,1.0,0.0,1.0,1.0
5137,-0.254425,29.519682,29.354446,1.0,0.0,1.0,1.0
5138,-0.07496791,29.614298,29.287205,1.0,0.0,1.0,1.0
5139,-0.27694306,29.582535,29.149464,1.0,0.0,1.0,1.0
5140,-0.29120928,29.408567,28.953936,1.0,0.0,1.0,1.0
5141,-0.30008596,29.26177,28.700294,1.0,0.0,1.0,1.0
5142,-0.30158335,28.739985,28.418547,1.0,0.0,1.0,1.0
5143,-0.30053946,28.14854,28.122566,1.0,0.0,1.0,1.0
5144,-0.12747478,27.545496,27.811062,1.0,0.0,1.0,1.0
5145,-0.3087377,26.987032,27.470957,1.0,0.0,1.0,1.0
5146,-0.32600573,26.446447,27.132267,1.0,0.0,1.0,1.0
5147,-0.1783999,26.179428,26.763565,1.0,0.0,1.0,1.0
5148,-0.34438267,26.037008,26.371891,1.0,0.0,1.0,1.0
5149,-0.3567326,25.781645,25.993073,1.0,0.0,1.0,1.0
5150,-0.36053666,25.533031,25.67643,1.0,0.0,1.0,1.0
5151,-0.35987523,25.518255,25.407627,1.0,0.0,1.0,1.0
5152,-0.35466996,24.984142,25.16518,1.0,0.0,1.0,1.0
5153,-0.2497692,24.56168,24.987692,1.0,0.0,1.0,1.0
5154,-0.35161465,24.194157,24.846983,1.0,0.0,1.0,1.0
5155,-0.35052583,24.348839,24.751328,1.0,0.0,1.0,1.0
5156,-0.34164786,24.319864,24.692965,1.0,0.0,1.0,1.0
5157,-0.33762982,24.077656,24.659033,1.0,0.0,1.0,1.0
5158,-0.18211637,24.31659,24.629967,1.0,0.0,1.0,1.0
5159,-0.32807156,24.490925,24.620014,1.0,0.0,1.0,1.0
5160,-0.3175005,24.889154,24.641369,1.0,0.0,1.0,1.0
5161,-0.30413333,25.08129,24.687235,1.0,0.0,1.0,1.0
5162,-0.23148346,25.125849,24.670841,1.0,0.0,1.0,1.0
5163,-0.15643372,25.169464,24.643173,1.0,0.0,1.0,1.0
5164,-0.25990027,24.86471,24.62486,1.0,0.0,1.0,1.0
5165,-0.11339778,24.817923,24.556368,1.0,0.0,1.0,1.0
5166,-0.24065697,24.744564,24.437643,1.0,0.0,1.0,1.0
5167,-0.21945888,24.152103,24.249094,1.0,0.0,1.0,1.0
5168,-0.19732977,23.98784,24.016483,1.0,0.0,1.0,1.0
5169,-0.06847309,23.857914,23.736439,1.0,0.0,1.0,1.0
5170,-0.05846322,23.49469,23.40821,1.0,0.0,1.0,1.0
5171,-0.050600313,23.066217,23.051489,1.0,0.0,1.0,1.0
5172,-0.043136723,22.626568,22.654264,1.0,0.0,1.0,1.0
5173,-0.025879012,22.289957,22.249512,1.0,0.0,1.0,1.0
5174,-0.0048290924,21.765322,21.87393,1.0,0.0,1.0,1.0
5175,-0.10071385,21.23073,21.514688,1.0,0.0,1.0,1.0
5176,-0.09518063,20.584034,21.15374,0.0,0.0,1.0,1.0
5177,-0.090208605,20.051228,20.812197,0.0,0.0,1.0,1.0
5178,-0.08629499,19.88754,20.527136,0.0,0.0,1.0,1.0
5179,0.09431502,19.645117,20.289139,0.0,0.0,1.0,1.0
5180,-0.07632721,19.676952,20.085646,0.0,0.0,1.0,1.0
5181,-0.06389502,19.526518,19.940636,0.0,0.0,1.0,1.0
5182,-0.047421757,19.396187,19.837381,0.0,0.0,1.0,1.0
5183,-0.03036634,19.645472,19.8047,0.0,0.0,1.0,1.0
5184,-0.017799705,19.7706,19.833445,0.0,0.0,1.0,1.0
5185,-0.026383238,19.848047,19.887535,0.0,0.0,1.0,1.0
5186,-0.034171578,20.025211,19.994537,0.0,0.0,1.0,1.0
5187,0.13672681,19.991663,20.143194,0.0,0.0,1.0,1.0
5188,-0.044207472,20.191868,20.340689,0.0,0.0,1.0,1.0
5189,-0.051915023,20.39615,20.549784,0.0,0.0,1.0,1.0
5190,-0.053706877,20.536633,20.749222,0.0,0.0,1.0,1.0
5191,-0.05165832,20.929138,20.924414,0.0,0.0,1.0,1.0
5192,-0.04215883,21.460854,21.09981,0.0,0.0,1.0,1.0
5193,0.13020547,21.896435,21.268055,1.0,0.0,1.0,1.0
5194,-0.03607894,21.90533,21.455595,1.0,0.0,1.0,1.0
5195,-0.0277638,22.038729,21.644896,1.0,0.0,1.0,1.0
5196,-0.021492233,21.872896,21.8498,1.0,0.0,1.0,1.0
5197,-0.015797192,21.952814,22.071993,1.0,0.0,1.0,1.0
5198,0.1538319,22.04416,22.269999,1.0,0.0,1.0,1.0
5199,-0.013864224,22.242142,22.443531,1.0,0.0,1.0,1.0
5200,-0.0134611055,22.463463,22.595715,1.0,0.0,1.0,1.0
5201,-0.016100023,22.855003,22.764204,1.0,0.0,1.0,1.0
5202,-0.016088873,23.202951,22.917284,1.0,0.0,1.0,1.0
5203,-0.011930953,23.305212,23.07104,1.0,0.0,1.0,1.0
5204,0.1396037,23.543236,23.224503,1.0,0.0,1.0,1.0
5205,-0.005792024,23.722649,23.38866,1.0,0.0,1.0,1.0
5206,-0.00028003522,23.927195,23.54951,1.0,0.0,1.0,1.0
5207,0.13991326,23.875683,23.708055,1.0,0.0,1.0,1.0
5208,0.0020901056,23.71795,23.857393,1.0,0.0,1.0,1.0
5209,-0.0047507794,23.794386,24.016254,1.0,0.0,1.0,1.0
5210,-0.007411959,24.01406,24.196455,1.0,0.0,1.0,1.0
5211,-0.016676987,24.172321,24.362473,1.0,0.0,1.0,1.0
5212,-0.016114535,24.366013,24.510942,1.0,0.0,1.0,1.0
5213,0.09980197,24.647068,24.613657,1.0,0.0,1.0,1.0
5214,-0.02280404,25.109282,24.766573,1.0,0.0,1.0,1.0
5215,-0.03270344,25.46762,24.94203,1.0,0.0,1.0,1.0
5216,-0.038530942,25.535448,25.157528,1.0,0.0,1.0,1.0
5217,-0.04324332,25.504278,25.402163,1.0,0.0,1.0,1.0
5218,-0.04205991,25.159779,25.654024,1.0,0.0,1.0,1.0
5219,0.09169344,25.710672,25.900843,1.0,0.0,1.0,1.0
5220,-0.038084734,25.823423,26.120247,1.0,0.0,1.0,1.0
5221,0.064176366,26.380375,26.300793,1.0,0.0,1.0,1.0
5222,-0.03785711,26.949673,26.437304,1.0,0.0,1.0,1.0
5223,0.042488158,27.194654,26.573988,1.0,0.0,1.0,1.0
5224,-0.07656554,27.32785,26.737247,1.0,0.0,1.0,1.0
5225,-0.09373969,27.279907,26.87852,1.0,0.0,1.0,1.0
5226,-0.11826993,27.275833,26.939222,1.0,0.0,1.0,1.0
5227,0.017283026,27.105755,26.997297,1.0,0.0,1.0,1.0
5228,-0.14199185,27.175663,26.976274,1.0,0.0,1.0,1.0
5229,-0.1605799,27.463385,26.909739,1.0,0.0,1.0,1.0
5230,-0.17390591,26.855045,26.80887,1.0,0.0,1.0,1.0
5231,-0.19012341,26.439104,26.662941,1.0,0.0,1.0,1.0
5232,-0.1936209,26.520317,26.454487,1.0,0.0,1.0,1.0
5233,-0.038316306,26.128098,26.1772,1.0,0.0,1.0,1.0
5234,-0.20779124,26.151245,25.872103,1.0,0.0,1.0,1.0
5235,-0.2147519,25.98425,25.532675,1.0,0.0,1.0,1.0
5236,-0.22510453,25.57669,25.135921,1.0,0.0,1.0,1.0
5237,-0.084865496,24.77846,24.768263,1.0,0.0,1.0,1.0
5238,-0.24506652,23.948404,24.40656,1.0,0.0,1.0,1.0
5239,-0.27929047,23.444567,24.010944,1.0,0.0,1.0,1.0
5240,-0.30575356,23.102524,23.583612,1.0,0.0,1.0,1.0
5241,-0.33142257,22.702349,23.193157,1.0,0.0,1.0,1.0
5242,-0.15810178,22.443151,22.80978,1.0,0.0,1.0,1.0
5243,-0.34978634,22.098679,22.416508,1.0,0.0,1.0,1.0
5244,-0.35427466,21.772923,22.089464,1.0,0.0,1.0,1.0
5245,-0.3734284,21.000116,21.812819,1.0,0.0,1.0,1.0
5246,-0.37647894,21.46578,21.54058,1.0,0.0,1.0,1.0
5247,-0.3753788,21.383718,21.301811,1.0,0.0,1.0,1.0
5248,-0.21539675,20.85743,21.089207,0.0,0.0,1.0,1.0
5249,-0.37349474,20.853933,20.898884,0.0,0.0,1.0,1.0
5250,-0.37074748,20.628658,20.748316,0.0,0.0,1.0,1.0
5251,-0.37175736,20.177704,20.626694,0.0,0.0,1.0,1.0
5252,-0.37225842,20.237288,20.576601,0.0,0.0,1.0,1.0
5253,-0.21522234,20.151102,20.486145,0.0,0.0,1.0,1.0
5254,-0.3733027,20.159264,20.39894,0.0,0.0,1.0,1.0
5255,-0.3657664,20.291872,20.34878,0.0,0.0,1.0,1.0
5256,-0.35656738,20.31345,20.305016,0.0,0.0,1.0,1.0
5257,-0.3410059,20.39902,20.221804,0.0,0.0,1.0,1.0
5258,-0.20843236,20.380297,20.152143,0.0,0.0,1.0,1.0
5259,-0.29921576,20.337257,20.13081,0.0,0.0,1.0,1.0
5260,-0.30184567,20.255516,20.114933,0.0,0.0,1.0,1.0
5261,-0.2717647,20.32876,20.127691,0.0,0.0,1.0,1.0
5262,-0.13910621,19.630123,20.111082,0.0,0.0,1.0,1.0
5263,-0.26397315,19.341782,20.119965,0.0,0.0,1.0,1.0
5264,-0.25851837,19.981285,20.147923,0.0,0.0,1.0,1.0
5265,-0.24263453,19.960564,20.20008,0.0,0.0,1.0,1.0
5266,-0.2254786,20.312368,20.286566,0.0,0.0,1.0,1.0
5267,-0.20446827,20.092554,20.404285,0.0,0.0,1.0,1.0
5268,-0.07025666,20.42005,20.534065,0.0,0.0,1.0,1.0
5269,-0.05805737,20.734526,20.737392,0.0,0.0,1.0,1.0
5270,-0.23318398,21.006195,21.006489,0.0,0.0,1.0,1.0
5271,-0.23318398,21.375074,21.268654,1.0,0.0,1.0,1.0
5272,-0.23318398,21.668156,21.571144,1.0,0.0,1.0,1.0
5273,-0.23318398,21.8861,21.907978,1.0,0.0,1.0,1.0
5274,-0.23318398,22.070059,22.317627,1.0,0.0,1.0,1.0
5275,-0.23318398,22.570946,22.677935,1.0,0.0,1.0,1.0
5276,-0.23318398,23.127254,23.0355,1.0,0.0,1.0,1.0
5277,-0.23318398,23.59045,23.373943,1.0,0.0,1.0,1.0
5278,-0.23318398,24.354372,23.739153,1.0,0.0,1.0,1.0
5279,-0.23318398,25.00834,24.101439,1.0,0.0,1.0,1.0
5280,-0.23318398,24.743752,24.468948,1.0,0.0,1.0,1.0
5281,-0.23318398,25.025305,24.84423,1.0,0.0,1.0,1.0
5282,-0.23318398,25.06751,25.189022,1.0,0.0,1.0,1.0
5283,0.13607697,25.757599,25.474798,1.0,0.0,1.0,1.0
5284,-0.029997587,26.015574,25.721788,1.0,0.0,1.0,1.0
5285,-0.017232604,26.29623,25.916748,1.0,0.0,1.0,1.0
5286,-0.01396464,26.573431,26.047892,1.0,0.0,1.0,1.0
5287,-0.022907158,26.708435,26.181273,1.0,0.0,1.0,1.0
5288,-0.030984374,26.556587,26.274296,1.0,0.0,1.0,1.0
5289,-0.033674166,26.55433,26.348368,1.0,0.0,1.0,1.0
5290,-0.035711776,26.693893,26.33589,1.0,0.0,1.0,1.0
5291,-0.03547763,26.582047,26.310791,1.0,0.0,1.0,1.0
5292,-0.021555968,26.344324,26.279049,1.0,0.0,1.0,1.0
5293,-0.035741348,26.141594,26.23573,1.0,0.0,1.0,1.0
5294,-0.03458669,25.956371,26.155516,1.0,0.0,1.0,1.0
5295,-0.029420447,25.607853,26.063581,1.0,0.0,1.0,1.0
5296,-0.03174962,25.714392,25.966898,1.0,0.0,1.0,1.0
5297,-0.022993682,25.915339,25.851595,1.0,0.0,1.0,1.0
5298,-0.03755496,26.053596,25.765083,1.0,0.0,1.0,1.0
5299,-0.04298724,25.745852,25.739307,1.0,0.0,1.0,1.0
5300,-0.046533685,25.453392,25.775206,1.0,0.0,1.0,1.0
5301,-0.049580347,25.394123,25.830267,1.0,0.0,1.0,1.0
5302,-0.04913048,25.31025,25.941027,1.0,0.0,1.0,1.0
5303,-0.012873506,25.543917,26.066736,1.0,0.0,1.0,1.0
5304,-0.041305713,26.035002,26.188934,1.0,0.0,1.0,1.0
5305,-0.035489384,26.572374,26.323727,1.0,0.0,1.0,1.0
5306,-0.031303916,26.61711,26.498877,1.0,0.0,1.0,1.0
5307,-0.03152492,26.93697,26.694778,1.0,0.0,1.0,1.0
5308,-0.027144847,27.22291,26.909185,1.0,0.0,1.0,1.0
5309,-0.03451798,27.38171,27.165178,1.0,0.0,1.0,1.0
5310,0.09369181,27.671122,27.411701,1.0,0.0,1.0,1.0
5311,-0.041382227,27.84765,27.617674,1.0,0.0,1.0,1.0
5312,-0.047915947,27.804203,27.769955,1.0,0.0,1.0,1.0
5313,-0.0612339,27.967014,27.900513,1.0,0.0,1.0,1.0
5314,-0.06703726,28.382154,27.968187,1.0,0.0,1.0,1.0
5315,-0.07562437,28.502207,28.006573,1.0,0.0,1.0,1.0
5316,-0.08653808,28.506664,28.002794,1.0,0.0,1.0,1.0
5317,0.025475996,28.399744,27.962463,1.0,0.0,1.0,1.0
5318,0.01619313,28.183794,27.883314,1.0,0.0,1.0,1.0
5319,-0.109570555,27.749067,27.782927,1.0,0.0,1.0,1.0
5320,-0.121894136,27.68355,27.644447,1.0,0.0,1.0,1.0
5321,-0.13132937,27.336365,27.426477,1.0,0.0,1.0,1.0
5322,-0.14256173,27.18714,27.184422,1.0,0.0,1.0,1.0
5323,-0.16563982,26.89787,26.923143,1.0,0.0,1.0,1.0
5324,-0.19255114,26.599548,26.636057,1.0,0.0,1.0,1.0
5325,-0.03682229,26.305256,26.332794,1.0,0.0,1.0,1.0
5326,-0.21330017,25.766521,26.03224,1.0,0.0,1.0,1.0
5327,-0.23768444,25.597538,25.71139,1.0,0.0,1.0,1.0
5328,-0.238501,25.371336,25.38648,1.0,0.0,1.0,1.0
5329,-0.27522007,24.95469,25.050823,1.0,0.0,1.0,1.0
5330,-0.29577595,24.544643,24.725353,1.0,0.0,1.0,1.0
5331,-0.31520838,24.142418,24.369783,1.0,0.0,1.0,1.0
5332,-0.33238506,23.83334,23.998854,1.0,0.0,1.0,1.0
5333,-0.34975886,23.437456,23.6544,1.0,0.0,1.0,1.0
5334,-0.36237988,23.159266,23.301672,1.0,0.0,1.0,1.0
5335,-0.37366506,22.992222,22.960499,1.0,0.0,1.0,1.0
5336,-0.18806663,22.332722,22.691257,1.0,0.0,1.0,1.0
5337,-0.37277165,21.854084,22.439564,1.0,0.0,1.0,1.0
5338,-0.37460703,21.633091,22.220907,1.0,0.0,1.0,1.0
5339,-0.3763979,21.364801,22.036222,1.0,0.0,1.0,1.0
5340,-0.38546842,21.277248,21.869333,1.0,0.0,1.0,1.0
5341,-0.2360777,21.723803,21.702057,1.0,0.0,1.0,1.0
5342,-0.3869929,21.524323,21.564045,1.0,0.0,1.0,1.0
5343,-0.3880003,21.518522,21.495703,1.0,0.0,1.0,1.0
5344,-0.38454568,21.617123,21.503,1.0,0.0,1.0,1.0
5345,-0.36996937,21.434801,21.526117,1.0,0.0,1.0,1.0
5346,-0.25051174,21.151955,21.57657,1.0,0.0,1.0,1.0
5347,-0.36658454,21.33606,21.650867,1.0,0.0,1.0,1.0
5348,-0.36161113,21.512625,21.702509,1.0,0.0,1.0,1.0
5349,-0.3446178,21.941658,21.774162,1.0,0.0,1.0,1.0
5350,-0.31210876,21.910494,21.853447,1.0,0.0,1.0,1.0
5351,-0.33833972,21.97023,21.922714,1.0,0.0,1.0,1.0
5352,-0.32980528,22.168825,21.965424,1.0,0.0,1.0,1.0
5353,-0.3166331,22.3435,22.047802,1.0,0.0,1.0,1.0
5354,-0.3002271,22.384163,22.105598,1.0,0.0,1.0,1.0
5355,-0.2829839,22.469933,22.146849,1.0,0.0,1.0,1.0
5356,-0.15908754,22.448324,22.160034,1.0,0.0,1.0,1.0
5357,-0.14112982,21.947311,22.175856,1.0,0.0,1.0,1.0
5358,-0.24745099,22.140505,22.177517,1.0,0.0,1.0,1.0
5359,-0.23328014,22.029615,22.159412,1.0,0.0,1.0,1.0
5360,-0.21932378,22.007622,22.106247,1.0,0.0,1.0,1.0
5361,-0.2044712,22.0999,22.083416,1.0,0.0,1.0,1.0
5362,-0.18978931,22.100336,22.041687,1.0,0.0,1.0,1.0
5363,-0.1736089,21.990181,21.992928,1.0,0.0,1.0,1.0
5364,-0.023308998,21.951551,22.006752,1.0,0.0,1.0,1.0
5365,-0.15459739,21.705515,22.00372,1.0,0.0,1.0,1.0
5366,-0.14082903,22.11019,22.005424,1.0,0.0,1.0,1.0
5367,-0.11797912,21.969189,22.008305,1.0,0.0,1.0,1.0
5368,-0.1147054,21.863205,22.02769,1.0,0.0,1.0,1.0
5369,-0.11125893,22.11322,22.0599,1.0,0.0,1.0,1.0
5370,-0.114797026,22.104097,22.09989,1.0,0.0,1.0,1.0
5371,-0.10632853,22.050098,22.16439,1.0,0.0,1.0,1.0
5372,0.079550706,22.042168,22.267218,1.0,0.0,1.0,1.0
5373,-0.095102,22.332531,22.324562,1.0,0.0,1.0,1.0
5374,-0.08711291,22.48686,22.40836,1.0,0.0,1.0,1.0
5375,-0.07679093,22.470057,22.487614,1.0,0.0,1.0,1.0
5376,-0.06355509,22.72556,22.564035,1.0,0.0,1.0,1.0
5377,-0.04670273,22.939442,22.624672,1.0,0.0,1.0,1.0
5378,-0.032862898,22.79831,22.71655,1.0,0.0,1.0,1.0
5379,-0.046137605,22.974756,22.833466,1.0,0.0,1.0,1.0
5380,-0.05116953,22.814268,22.924921,1.0,0.0,1.0,1.0
5381,-0.05968621,23.030283,23.020956,1.0,0.0,1.0,1.0
5382,-0.06689867,22.831736,23.137173,1.0,0.0,1.0,1.0
5383,-0.06928868,23.152645,23.248646,1.0,0.0,1.0,1.0
5384,-0.06819035,23.44513,23.355173,1.0,0.0,1.0,1.0
5385,-0.06801098,23.429998,23.465916,1.0,0.0,1.0,1.0
5386,-0.062791765,23.639292,23.58031,1.0,0.0,1.0,1.0
5387,-0.055852484,23.864666,23.731373,1.0,0.0,1.0,1.0
5388,-0.050841793,24.063236,23.871294,1.0,0.0,1.0,1.0
5389,0.03571975,24.217766,24.055035,1.0,0.0,1.0,1.0
5390,-0.05026169,24.127205,24.218504,1.0,0.0,1.0,1.0
5391,-0.051938135,24.3475,24.374557,1.0,0.0,1.0,1.0
5392,-0.057108503,24.627018,24.531765,1.0,0.0,1.0,1.0
5393,-0.06168681,24.709328,24.676731,1.0,0.0,1.0,1.0
5394,0.03049635,25.036638,24.808487,1.0,0.0,1.0,1.0
5395,-0.032757286,25.114262,24.911827,1.0,0.0,1.0,1.0
5396,-0.0579101,25.317783,25.02007,1.0,0.0,1.0,1.0
5397,-0.055765606,25.316477,25.134945,1.0,0.0,1.0,1.0
5398,-0.052892704,25.378904,25.255114,1.0,0.0,1.0,1.0
5399,-0.057121277,25.445719,25.369184,1.0,0.0,1.0,1.0
5400,-0.03951864,25.303324,25.484657,1.0,0.0,1.0,1.0
5401,-0.033872306,25.516668,25.585272,1.0,0.0,1.0,1.0
5402,-0.03866352,25.50573,25.682278,1.0,0.0,1.0,1.0
5403,-0.048124537,25.789513,25.756681,1.0,0.0,1.0,1.0
5404,0.07230929,25.995861,25.868488,1.0,0.0,1.0,1.0
5405,-0.053053066,26.094997,25.988733,1.0,0.0,1.0,1.0
5406,-0.061334796,26.244019,26.093014,1.0,0.0,1.0,1.0
5407,-0.07518024,26.278332,26.20703,1.0,0.0,1.0,1.0
5408,-0.0889085,26.210625,26.290741,1.0,0.0,1.0,1.0
5409,-0.10257212,26.65817,26.390282,1.0,0.0,1.0,1.0
5410,-0.107868925,26.821835,26.467573,1.0,0.0,1.0,1.0
5411,0.048286464,26.697088,26.52847,1.0,0.0,1.0,1.0
5412,-0.10873307,26.67152,26.55508,1.0,0.0,1.0,1.0
5413,-0.11657,26.5212,26.55763,1.0,0.0,1.0,1.0
5414,-0.123328865,26.700214,26.50921,1.0,0.0,1.0,1.0
5415,-0.13937022,26.717018,26.427853,1.0,0.0,1.0,1.0
5416,-0.16351566,26.726622,26.275013,1.0,0.0,1.0,1.0
5417,-0.18906821,26.41432,26.094336,1.0,0.0,1.0,1.0
5418,-0.042088,26.274622,25.895733,1.0,0.0,1.0,1.0
5419,-0.21269019,25.697298,25.645239,1.0,0.0,1.0,1.0
5420,-0.23976451,25.234324,25.338644,1.0,0.0,1.0,1.0
5421,-0.25874278,24.8241,24.975697,1.0,0.0,1.0,1.0
5422,-0.28418732,24.653702,24.592394,1.0,0.0,1.0,1.0
5423,-0.29822767,24.313864,24.238796,1.0,0.0,1.0,1.0
5424,-0.31025863,23.665577,23.88796,1.0,0.0,1.0,1.0
5425,-0.13211851,22.842075,23.509636,1.0,0.0,1.0,1.0
5426,-0.3161339,22.344831,23.155731,1.0,0.0,1.0,1.0
5427,-0.32135996,22.117382,22.819109,1.0,0.0,1.0,1.0
5428,-0.33974835,22.48345,22.489553,1.0,0.0,1.0,1.0
5429,-0.18215166,22.20429,22.150362,1.0,0.0,1.0,1.0
5430,-0.34648883,21.734737,21.8313,1.0,0.0,1.0,1.0
5431,-0.36041847,21.450436,21.548973,1.0,0.0,1.0,1.0
5432,-0.38295034,21.194862,21.312647,1.0,0.0,1.0,1.0
5433,-0.3971434,20.86943,21.092495,0.0,0.0,1.0,1.0
5434,-0.2377705,20.5834,20.882761,0.0,0.0,1.0,1.0
5435,-0.4094628,20.485128,20.633076,0.0,0.0,1.0,1.0
5436,-0.412312,20.27766,20.4096,0.0,0.0,1.0,1.0
5437,-0.41182894,20.006163,20.23034,0.0,0.0,1.0,1.0
5438,-0.41005602,19.702991,20.072388,0.0,0.0,1.0,1.0
5439,-0.40397978,19.600588,19.894007,0.0,0.0,1.0,1.0
5440,-0.40131748,19.48723,19.737957,0.0,0.0,1.0,1.0
5441,-0.4003831,19.522575,19.594778,0.0,0.0,1.0,1.0
5442,-0.3990152,19.583609,19.434607,0.0,0.0,1.0,1.0
5443,-0.25386253,19.55501,19.272057,0.0,0.0,1.0,1.0
5444,-0.39537582,19.0543,19.12932,0.0,0.0,1.0,1.0
5445,-0.38987646,18.996822,19.00455,0.0,0.0,1.0,1.0
5446,-0.3787834,18.865253,18.883099,0.0,0.0,1.0,1.0
5447,-0.3663491,18.563072,18.780153,0.0,0.0,1.0,1.0
5448,-0.35021102,18.327065,18.671614,0.0,0.0,1.0,1.0
5449,-0.33093232,18.293335,18.561155,0.0,0.0,1.0,1.0
5450,-0.16726445,18.205753,18.456337,0.0,0.0,1.0,1.0
5451,-0.30385467,18.143148,18.401707,0.0,0.0,1.0,1.0
5452,-0.28319985,18.251896,18.347664,0.0,0.0,1.0,1.0
5453,-0.2574564,18.220095,18.306463,0.0,0.0,1.0,1.0
5454,-0.22733808,18.258112,18.311457,0.0,0.0,1.0,1.0
5455,-0.21781842,18.297195,18.347464,0.0,0.0,1.0,1.0
5456,-0.20776032,18.398739,18.406307,0.0,0.0,1.0,1.0
5457,-0.05434143,18.348309,18.48247,0.0,0.0,1.0,1.0
5458,-0.20201086,18.37084,18.588165,0.0,0.0,1.0,1.0
5459,-0.19480075,18.622984,18.707756,0.0,0.0,1.0,1.0
5460,-0.18498361,18.759151,18.838846,0.0,0.0,1.0,1.0
5461,-0.17196359,18.999475,19.001945,0.0,0.0,1.0,1.0
5462,-0.1562637,19.119694,19.219423,0.0,0.0,1.0,1.0
5463,-0.13819169,19.41149,19.44888,0.0,0.0,1.0,1.0
5464,0.0208357,19.68699,19.684004,0.0,0.0,1.0,1.0
5465,-0.12118095,19.793184,19.920721,0.0,0.0,1.0,1.0
5466,-0.10242624,20.215302,20.152882,0.0,0.0,1.0,1.0
5467,-0.095835626,20.906927,20.412388,0.0,0.0,1.0,1.0
5468,-0.09181016,21.152195,20.69863,0.0,0.0,1.0,1.0
5469,-0.10357712,21.169823,21.008757,0.0,0.0,1.0,1.0
5470,-0.107570514,21.211443,21.309265,1.0,0.0,1.0,1.0
5471,-0.11109618,21.408901,21.618378,1.0,0.0,1.0,1.0
5472,-0.10785524,21.873238,21.944042,1.0,0.0,1.0,1.0
5473,0.072295316,22.43436,22.250051,1.0,0.0,1.0,1.0
5474,-0.10690166,22.84123,22.5266,1.0,0.0,1.0,1.0
5475,-0.10275984,23.017578,22.78977,1.0,0.0,1.0,1.0
5476,-0.09889448,23.396347,23.066322,1.0,0.0,1.0,1.0
5477,-0.093415044,23.701172,23.367178,1.0,0.0,1.0,1.0
5478,-0.08730704,23.887413,23.622751,1.0,0.0,1.0,1.0
5479,0.09111158,24.225498,23.818993,1.0,0.0,1.0,1.0
5480,-0.079036295,24.310236,23.970793,1.0,0.0,1.0,1.0
5481,-0.06811068,24.488457,24.129839,1.0,0.0,1.0,1.0
5482,-0.060213465,24.821701,24.304363,1.0,0.0,1.0,1.0
5483,-0.05631476,24.475788,24.417192,1.0,0.0,1.0,1.0
5484,-0.06640786,24.22813,24.479935,1.0,0.0,1.0,1.0
5485,-0.06919311,24.255953,24.522028,1.0,0.0,1.0,1.0
5486,-0.06946989,24.749796,24.52196,1.0,0.0,1.0,1.0
5487,-0.07078319,25.111856,24.505613,1.0,0.0,1.0,1.0
5488,0.0010648975,24.750317,24.49935,1.0,0.0,1.0,1.0
5489,-0.046925634,24.45407,24.494183,1.0,0.0,1.0,1.0
5490,-0.06660139,24.392542,24.535295,1.0,0.0,1.0,1.0
5491,-0.06289994,24.22467,24.619488,1.0,0.0,1.0,1.0
5492,-0.056324612,24.114077,24.732367,1.0,0.0,1.0,1.0
5493,-0.064475894,24.413298,24.825418,1.0,0.0,1.0,1.0
5494,0.049844123,24.759684,24.935974,1.0,0.0,1.0,1.0
5495,-0.07631304,24.969152,25.144861,1.0,0.0,1.0,1.0
5496,-0.08602805,25.238445,25.439571,1.0,0.0,1.0,1.0
5497,-0.09574642,25.610493,25.740278,1.0,0.0,1.0,1.0
5498,0.07145404,25.866413,26.058233,1.0,0.0,1.0,1.0
5499,-0.1001525,26.438536,26.444859,1.0,0.0,1.0,1.0
5500,-0.101950094,27.256952,26.837736,1.0,0.0,1.0,1.0
5501,-0.09893856,27.9906,27.217802,1.0,0.0,1.0,1.0
5502,-0.09504559,28.001026,27.62394,1.0,0.0,1.0,1.0
5503,-0.09706156,28.040125,27.980175,1.0,0.0,1.0,1.0
5504,-0.10172863,28.75359,28.32182,1.0,0.0,1.0,1.0
5505,-0.10532083,29.127817,28.671055,1.0,0.0,1.0,1.0
5506,0.024648,29.320484,28.944328,1.0,0.0,1.0,1.0
5507,-0.11464993,29.842793,29.127922,1.0,0.0,1.0,1.0
5508,-0.12631394,29.51328,29.21066,1.0,0.0,1.0,1.0
5509,-0.14162724,29.710207,29.232407,1.0,0.0,1.0,1.0
5510,-0.16605455,30.05725,29.19764,1.0,0.0,1.0,1.0
5511,-0.17565626,29.717825,29.050102,1.0,0.0,1.0,1.0
5512,-0.18829706,29.460062,28.833677,1.0,0.0,1.0,1.0
5513,-0.025670089,28.983475,28.556185,1.0,0.0,1.0,1.0
5514,-0.20514163,28.261965,28.192455,1.0,0.0,1.0,1.0
5515,-0.21473263,27.622936,27.806154,1.0,0.0,1.0,1.0
5516,-0.22089948,26.983133,27.363989,1.0,0.0,1.0,1.0
5517,-0.23398037,26.530722,26.84584,1.0,0.0,1.0,1.0
5518,-0.12874624,25.990574,26.29129,1.0,0.0,1.0,1.0
5519,-0.24660218,25.478035,25.747387,1.0,0.0,1.0,1.0
5520,-0.27545065,24.877674,25.164013,1.0,0.0,1.0,1.0
5521,-0.28857175,24.404215,24.578402,1.0,0.0,1.0,1.0
5522,-0.2651605,23.839462,24.015429,1.0,0.0,1.0,1.0
5523,-0.3126905,23.063225,23.49724,1.0,0.0,1.0,1.0
5524,-0.34531227,22.93323,23.00758,1.0,0.0,1.0,1.0
5525,-0.35873738,21.982975,22.54903,1.0,0.0,1.0,1.0
5526,-0.37592027,21.234646,22.123787,1.0,0.0,1.0,1.0
5527,-0.38939196,20.867247,21.750711,1.0,0.0,1.0,1.0
5528,-0.23549718,20.764868,21.381002,1.0,0.0,1.0,1.0
5529,-0.40521324,20.654806,21.05033,0.0,0.0,1.0,1.0
5530,-0.4140614,20.487974,20.76866,0.0,0.0,1.0,1.0
5531,-0.41892585,20.375134,20.485712,0.0,0.0,1.0,1.0
5532,-0.42363217,20.400766,20.285147,0.0,0.0,1.0,1.0
5533,-0.4261686,19.9677,20.133398,0.0,0.0,1.0,1.0
5534,-0.26549357,19.871378,19.99841,0.0,0.0,1.0,1.0
5535,-0.42705673,19.683197,19.861984,0.0,0.0,1.0,1.0
5536,-0.42627805,19.537865,19.739885,0.0,0.0,1.0,1.0
5537,-0.42735016,19.576189,19.619825,0.0,0.0,1.0,1.0
5538,-0.4291746,19.413662,19.519672,0.0,0.0,1.0,1.0
5539,-0.42395082,19.24738,19.404072,0.0,0.0,1.0,1.0
5540,-0.4136403,19.12775,19.322985,0.0,0.0,1.0,1.0
5541,-0.40031677,19.189636,19.24548,0.0,0.0,1.0,1.0
5542,-0.38365963,19.04725,19.161776,0.0,0.0,1.0,1.0
5543,-0.36503774,19.173307,19.06517,0.0,0.0,1.0,1.0
5544,-0.34638253,19.013546,18.967506,0.0,0.0,1.0,1.0
5545,-0.34078446,18.994646,18.887743,0.0,0.0,1.0,1.0
5546,-0.18413076,18.941324,18.83195,0.0,0.0,1.0,1.0
5547,-0.33482045,18.678757,18.785017,0.0,0.0,1.0,1.0
5548,-0.32441166,18.37859,18.714031,0.0,0.0,1.0,1.0
5549,-0.3086235,18.404224,18.654608,0.0,0.0,1.0,1.0
5550,-0.2928229,18.456509,18.609451,0.0,0.0,1.0,1.0
5551,-0.27344593,18.577856,18.590153,0.0,0.0,1.0,1.0
5552,-0.25077963,18.564562,18.567879,0.0,0.0,1.0,1.0
5553,-0.10826317,18.337812,18.554998,0.0,0.0,1.0,1.0
5554,-0.22869778,18.334167,18.551708,0.0,0.0,1.0,1.0
5555,-0.21489085,18.631413,18.581009,0.0,0.0,1.0,1.0
5556,-0.20741919,18.781971,18.605965,0.0,0.0,1.0,1.0
5557,-0.19737479,18.727371,18.631083,0.0,0.0,1.0,1.0
5558,-0.194626,18.786755,18.65131,0.0,0.0,1.0,1.0
5559,-0.18874703,18.639275,18.673826,0.0,0.0,1.0,1.0
5560,-0.17860715,18.730204,18.718596,0.0,0.0,1.0,1.0
5561,0.018001687,18.703686,18.77933,0.0,0.0,1.0,1.0
5562,-0.17462066,18.757927,18.82984,0.0,0.0,1.0,1.0
5563,-0.1666937,18.820583,18.8646,0.0,0.0,1.0,1.0
5564,-0.15489358,18.834745,18.89896,0.0,0.0,1.0,1.0
5565,-0.14571467,18.875057,18.955704,0.0,0.0,1.0,1.0
5566,-0.13930602,19.062971,19.027344,0.0,0.0,1.0,1.0
5567,-0.1330371,19.237522,19.104376,0.0,0.0,1.0,1.0
5568,0.034958687,19.1991,19.186745,0.0,0.0,1.0,1.0
5569,-0.12815218,19.139694,19.278868,0.0,0.0,1.0,1.0
5570,-0.13040116,19.467686,19.415306,0.0,0.0,1.0,1.0
5571,-0.120117754,19.498955,19.60213,0.0,0.0,1.0,1.0
5572,-0.10824313,19.654585,19.796125,0.0,0.0,1.0,1.0
5573,-0.09310645,19.692114,20.0085,0.0,0.0,1.0,1.0
5574,0.08956848,19.863394,20.224642,0.0,0.0,1.0,1.0
5575,-0.08263468,20.457846,20.448116,0.0,0.0,1.0,1.0
5576,0.082119405,21.076653,20.675062,0.0,0.0,1.0,1.0
5577,-0.08500383,21.202995,20.900948,0.0,0.0,1.0,1.0
5578,-0.09102394,21.611435,21.163588,0.0,0.0,1.0,1.0
5579,-0.0980442,21.831238,21.456978,1.0,0.0,1.0,1.0
5580,-0.10126476,21.880806,21.77119,1.0,0.0,1.0,1.0
5581,-0.10072746,21.863045,22.083689,1.0,0.0,1.0,1.0
5582,-0.09888439,22.178316,22.33837,1.0,0.0,1.0,1.0
5583,-0.0943617,22.650625,22.532679,1.0,0.0,1.0,1.0
5584,-0.09178713,23.175274,22.731655,1.0,0.0,1.0,1.0
5585,-0.08874771,23.46265,22.894707,1.0,0.0,1.0,1.0
5586,-0.088810965,23.613392,23.007458,1.0,0.0,1.0,1.0
5587,-0.0941599,23.51401,23.073658,1.0,0.0,1.0,1.0
5588,-0.09933,23.408363,23.18625,1.0,0.0,1.0,1.0
5589,-0.1024596,23.59071,23.259851,1.0,0.0,1.0,1.0
5590,-0.10800558,23.568045,23.315924,1.0,0.0,1.0,1.0
5591,0.037331365,23.184258,23.374762,1.0,0.0,1.0,1.0
5592,-0.1076128,22.675209,23.47127,1.0,0.0,1.0,1.0
5593,-0.10595844,23.21416,23.562458,1.0,0.0,1.0,1.0
5594,-0.11433044,23.061518,23.668276,1.0,0.0,1.0,1.0
5595,-0.118087746,23.323488,23.79508,1.0,0.0,1.0,1.0
5596,-0.12550382,23.88134,23.945616,1.0,0.0,1.0,1.0
5597,-0.12495113,24.620733,24.117582,1.0,0.0,1.0,1.0
5598,0.05100907,24.707672,24.349596,1.0,0.0,1.0,1.0
5599,-0.12620488,24.78382,24.651068,1.0,0.0,1.0,1.0
5600,-0.12360934,24.930012,24.940289,1.0,0.0,1.0,1.0
5601,-0.124487914,25.397144,25.280468,1.0,0.0,1.0,1.0
5602,-0.12299947,25.631638,25.636906,1.0,0.0,1.0,1.0
5603,-0.13093998,25.96842,25.979206,1.0,0.0,1.0,1.0
5604,-0.14481945,26.292871,26.261742,1.0,0.0,1.0,1.0
5605,-0.16047804,26.684816,26.533298,1.0,0.0,1.0,1.0
5606,-0.014870465,27.14367,26.804094,1.0,0.0,1.0,1.0
5607,-0.1789773,27.600733,27.031206,1.0,0.0,1.0,1.0
5608,-0.19830939,27.988953,27.193226,1.0,0.0,1.0,1.0
5609,-0.21048768,28.011158,27.3032,1.0,0.0,1.0,1.0
5610,-0.22300602,27.966349,27.371973,1.0,0.0,1.0,1.0
5611,-0.23504601,28.033363,27.370169,1.0,0.0,1.0,1.0
5612,-0.26288134,27.655355,27.276903,1.0,0.0,1.0,1.0
5613,-0.27544436,27.341394,27.092896,1.0,0.0,1.0,1.0
5614,-0.2525446,26.951326,26.850903,1.0,0.0,1.0,1.0
5615,-0.29988468,26.79368,26.592026,1.0,0.0,1.0,1.0
5616,-0.32156107,26.27122,26.280386,1.0,0.0,1.0,1.0
5617,-0.25218213,25.565641,25.920212,1.0,0.0,1.0,1.0
5618,-0.36902377,24.935568,25.503475,1.0,0.0,1.0,1.0
5619,-0.3120774,24.696829,25.086273,1.0,0.0,1.0,1.0
5620,-0.33181322,24.882421,24.658348,1.0,0.0,1.0,1.0
5621,-0.3995834,24.271492,24.247948,1.0,0.0,1.0,1.0
5622,-0.40947783,23.644257,23.812702,1.0,0.0,1.0,1.0
5623,-0.41663122,23.032509,23.409042,1.0,0.0,1.0,1.0
5624,-0.41880715,22.648933,23.050394,1.0,0.0,1.0,1.0
5625,-0.42042145,22.206308,22.739721,1.0,0.0,1.0,1.0
5626,-0.25418144,22.026506,22.420452,1.0,0.0,1.0,1.0
5627,-0.4295925,21.57073,22.072063,1.0,0.0,1.0,1.0
5628,-0.43878546,21.427322,21.77676,1.0,0.0,1.0,1.0
5629,-0.44334522,21.261852,21.544022,1.0,0.0,1.0,1.0
5630,-0.4469045,21.207495,21.339203,1.0,0.0,1.0,1.0
5631,-0.44766518,20.865602,21.108923,0.0,0.0,1.0,1.0
5632,-0.44317773,20.701742,20.91513,0.0,0.0,1.0,1.0
5633,-0.43621868,20.72787,20.732805,0.0,0.0,1.0,1.0
5634,-0.42521462,20.85139,20.58224,0.0,0.0,1.0,1.0
5635,-0.4071264,20.574684,20.434484,0.0,0.0,1.0,1.0
5636,-0.4117528,19.885565,20.284954,0.0,0.0,1.0,1.0
5637,-0.40578678,19.880816,20.138191,0.0,0.0,1.0,1.0
5638,-0.3996526,19.838585,20.01444,0.0,0.0,1.0,1.0
5639,-0.2527387,19.763945,19.897385,0.0,0.0,1.0,1.0
5640,-0.394514,19.65427,19.762331,0.0,0.0,1.0,1.0
5641,-0.37550372,19.467487,19.609972,0.0,0.0,1.0,1.0
5642,-0.37944883,19.44634,19.468351,0.0,0.0,1.0,1.0
5643,-0.3643857,19.3806,19.387732,0.0,0.0,1.0,1.0
5644,-0.3481448,19.297066,19.30988,0.0,0.0,1.0,1.0
5645,-0.33297834,19.107224,19.225863,0.0,0.0,1.0,1.0
5646,-0.15955377,19.023087,19.179749,0.0,0.0,1.0,1.0
5647,-0.31244543,18.875237,19.169388,0.0,0.0,1.0,1.0
5648,-0.2912503,18.918125,19.178625,0.0,0.0,1.0,1.0
5649,-0.26820794,18.946589,19.20311,0.0,0.0,1.0,1.0
5650,-0.24428758,18.830378,19.234919,0.0,0.0,1.0,1.0
5651,-0.22441675,19.21057,19.27683,0.0,0.0,1.0,1.0
5652,-0.20703804,19.529945,19.355143,0.0,0.0,1.0,1.0
5653,-0.19953582,19.578335,19.476295,0.0,0.0,1.0,1.0
5654,-0.05042994,19.740168,19.624086,0.0,0.0,1.0,1.0
5655,-0.19962607,19.76231,19.825457,0.0,0.0,1.0,1.0
5656,-0.19749153,19.800014,20.034143,0.0,0.0,1.0,1.0
5657,-0.1956032,20.046951,20.264286,0.0,0.0,1.0,1.0
5658,-0.18927318,20.476925,20.508068,0.0,0.0,1.0,1.0
5659,-0.17809464,20.648735,20.737236,0.0,0.0,1.0,1.0
5660,0.027983224,21.334568,20.975046,0.0,0.0,1.0,1.0
5661,-0.16538072,21.450817,21.217497,1.0,0.0,1.0,1.0
5662,-0.14815727,21.592104,21.446875,1.0,0.0,1.0,1.0
5663,-0.13308658,22.135948,21.66784,1.0,0.0,1.0,1.0
5664,-0.1146076,22.27995,21.876097,1.0,0.0,1.0,1.0
5665,-0.11273289,22.432055,22.063318,1.0,0.0,1.0,1.0
5666,-0.1237426,22.649578,22.222996,1.0,0.0,1.0,1.0
5667,-0.13208704,22.514843,22.316128,1.0,0.0,1.0,1.0
5668,-0.14098169,22.451591,22.383034,1.0,0.0,1.0,1.0
5669,0.0428538,22.546055,22.444523,1.0,0.0,1.0,1.0
5670,-0.14540829,22.723566,22.48267,1.0,0.0,1.0,1.0
5671,-0.13218227,22.564878,22.486525,1.0,0.0,1.0,1.0
5672,-0.14209147,22.45214,22.481234,1.0,0.0,1.0,1.0
5673,-0.13615783,22.253687,22.450554,1.0,0.0,1.0,1.0
5674,-0.04611872,22.329987,22.420025,1.0,0.0,1.0,1.0
5675,-0.08191748,22.593706,22.426199,1.0,0.0,1.0,1.0
5676,-0.12319756,22.326208,22.443867,1.0,0.0,1.0,1.0
5677,-0.1170156,22.368574,22.485903,1.0,0.0,1.0,1.0
5678,-0.11233894,22.281403,22.558922,1.0,0.0,1.0,1.0
5679,-0.112708256,22.148493,22.631643,1.0,0.0,1.0,1.0
5680,0.0369285,22.52568,22.717632,1.0,0.0,1.0,1.0
5681,-0.11304622,22.75807,22.809467,1.0,0.0,1.0,1.0
5682,-0.11516786,23.228008,22.89767,1.0,0.0,1.0,1.0
5683,-0.11852829,23.4411,23.04032,1.0,0.0,1.0,1.0
5684,-0.107222214,23.324799,23.185644,1.0,0.0,1.0,1.0
5685,-0.12046402,23.285568,23.326124,1.0,0.0,1.0,1.0
5686,0.03736624,23.431997,23.517948,1.0,0.0,1.0,1.0
5687,-0.118446335,23.652138,23.702833,1.0,0.0,1.0,1.0
5688,-0.11275987,24.038,23.876364,1.0,0.0,1.0,1.0
5689,-0.10441778,24.112469,24.067041,1.0,0.0,1.0,1.0
5690,-0.091400646,23.967165,24.261843,1.0,0.0,1.0,1.0
5691,-0.10160923,24.450375,24.44415,1.0,0.0,1.0,1.0
5692,-0.11670489,24.744307,24.624962,1.0,0.0,1.0,1.0
5693,-0.12985608,24.840435,24.815224,1.0,0.0,1.0,1.0
5694,-0.14259057,25.516142,24.978912,1.0,0.0,1.0,1.0
5695,0.020616023,25.778728,25.152906,1.0,0.0,1.0,1.0
5696,-0.15260401,25.51248,25.338894,1.0,0.0,1.0,1.0
5697,-0.16195436,25.455315,25.556002,1.0,0.0,1.0,1.0
5698,-0.13070902,25.715132,25.738756,1.0,0.0,1.0,1.0
5699,-0.16410111,25.6164,25.893904,1.0,0.0,1.0,1.0
5700,-0.16740444,26.125927,26.0487,1.0,0.0,1.0,1.0
5701,-0.17311919,26.344315,26.14356,1.0,0.0,1.0,1.0
5702,-0.04306351,26.572477,26.176308,1.0,0.0,1.0,1.0
5703,-0.18551852,26.643415,26.233143,1.0,0.0,1.0,1.0
5704,-0.20099856,26.606087,26.34726,1.0,0.0,1.0,1.0
5705,-0.17055283,26.697985,26.37514,1.0,0.0,1.0,1.0
5706,-0.24471533,26.65447,26.362112,1.0,0.0,1.0,1.0
5707,-0.27191168,26.171692,26.279,1.0,0.0,1.0,1.0
5708,-0.2952543,26.194494,26.16725,1.0,0.0,1.0,1.0
5709,-0.10631661,26.824718,25.966253,1.0,0.0,1.0,1.0
5710,-0.31019196,26.049694,25.7359,1.0,0.0,1.0,1.0
5711,-0.32432818,25.460075,25.465109,1.0,0.0,1.0,1.0
5712,-0.33767352,25.128561,25.179893,1.0,0.0,1.0,1.0
5713,-0.34369135,25.00332,24.854258,1.0,0.0,1.0,1.0
5714,-0.35506383,24.160517,24.561098,1.0,0.0,1.0,1.0
5715,-0.17933139,23.879206,24.253773,1.0,0.0,1.0,1.0
5716,-0.36246848,23.356564,23.88138,1.0,0.0,1.0,1.0
5717,-0.36715806,23.275404,23.55019,1.0,0.0,1.0,1.0
5718,-0.35501173,22.746841,23.227745,1.0,0.0,1.0,1.0
5719,-0.39200774,22.653793,22.872309,1.0,0.0,1.0,1.0
5720,-0.44293034,22.506578,22.439991,1.0,0.0,1.0,1.0
5721,-0.4341351,22.356005,22.07267,1.0,0.0,1.0,1.0
5722,-0.4467228,22.075422,21.70954,1.0,0.0,1.0,1.0
5723,-0.4593441,21.59073,21.37978,1.0,0.0,1.0,1.0
5724,-0.28830156,20.863323,21.03995,0.0,0.0,1.0,1.0
5725,-0.46543664,19.815504,20.735556,0.0,0.0,1.0,1.0
5726,-0.4685198,19.752665,20.444492,0.0,0.0,1.0,1.0
5727,-0.47060704,19.521652,20.15327,0.0,0.0,1.0,1.0
5728,-0.4709586,19.399437,19.853455,0.0,0.0,1.0,1.0
5729,-0.4666677,19.197432,19.56117,0.0,0.0,1.0,1.0
5730,-0.46610743,19.094124,19.300312,0.0,0.0,1.0,1.0
5731,-0.46536362,19.161037,19.08612,0.0,0.0,1.0,1.0
5732,-0.46455914,19.01191,18.946417,0.0,0.0,1.0,1.0
5733,-0.46055132,18.758223,18.804148,0.0,0.0,1.0,1.0
5734,-0.3079505,18.56801,18.686201,0.0,0.0,1.0,1.0
5735,-0.44026628,18.460426,18.585186,0.0,0.0,1.0,1.0
5736,-0.4427686,18.293026,18.511219,0.0,0.0,1.0,1.0
5737,-0.42893994,18.139061,18.44749,0.0,0.0,1.0,1.0
5738,-0.40657258,18.045433,18.377638,0.0,0.0,1.0,1.0
5739,-0.38139305,18.106285,18.329243,0.0,0.0,1.0,1.0
5740,-0.24133986,18.187275,18.287746,0.0,0.0,1.0,1.0
5741,-0.35663736,18.309814,18.267666,0.0,0.0,1.0,1.0
5742,-0.33401227,18.329393,18.251698,0.0,0.0,1.0,1.0
5743,-0.3113793,18.322794,18.26046,0.0,0.0,1.0,1.0
5744,-0.30580148,18.431181,18.28067,0.0,0.0,1.0,1.0
5745,-0.2961452,18.260254,18.309048,0.0,0.0,1.0,1.0
5746,-0.2815863,18.327045,18.336832,0.0,0.0,1.0,1.0
5747,-0.26165888,18.268812,18.362684,0.0,0.0,1.0,1.0
5748,-0.10234532,18.39817,18.385506,0.0,0.0,1.0,1.0
5749,-0.2516054,18.381588,18.41167,0.0,0.0,1.0,1.0
5750,-0.23705086,18.385954,18.44221,0.0,0.0,1.0,1.0
5751,-0.2202233,18.439713,18.464304,0.0,0.0,1.0,1.0
5752,-0.19830246,18.49749,18.503534,0.0,0.0,1.0,1.0
5753,-0.18209288,18.58368,18.546078,0.0,0.0,1.0,1.0
5754,-0.17596698,18.643362,18.621443,0.0,0.0,1.0,1.0
5755,-0.17405082,18.689264,18.73479,0.0,0.0,1.0,1.0
5756,0.009489845,18.69631,18.913033,0.0,0.0,1.0,1.0
5757,-0.17294717,18.731026,19.105293,0.0,0.0,1.0,1.0
5758,-0.17552158,18.837566,19.289284,0.0,0.0,1.0,1.0
5759,-0.16790515,19.173193,19.483223,0.0,0.0,1.0,1.0
5760,-0.17367601,19.758337,19.675426,0.0,0.0,1.0,1.0
5761,-0.17174435,20.520494,19.86827,0.0,0.0,1.0,1.0
5762,-0.17147468,20.693083,20.077677,0.0,0.0,1.0,1.0
5763,0.005208252,20.6476,20.291676,0.0,0.0,1.0,1.0
5764,-0.16653809,20.82475,20.553764,0.0,0.0,1.0,1.0
5765,-0.16086403,20.890135,20.863962,0.0,0.0,1.0,1.0
5766,-0.15878722,20.957483,21.168163,0.0,0.0,1.0,1.0
5767,-0.15291743,21.202137,21.467361,1.0,0.0,1.0,1.0
5768,-0.15122132,21.264303,21.753435,1.0,0.0,1.0,1.0
5769,-0.13806723,21.876095,22.02681,1.0,0.0,1.0,1.0
5770,0.053908166,22.55993,22.315594,1.0,0.0,1.0,1.0
5771,-0.12859882,22.823618,22.597078,1.0,0.0,1.0,1.0
5772,-0.117616795,23.34871,22.840847,1.0,0.0,1.0,1.0
5773,-0.11936912,23.95337,23.070807,1.0,0.0,1.0,1.0
5774,-0.12819584,23.973589,23.29403,1.0,0.0,1.0,1.0
5775,-0.13090926,24.112995,23.502222,1.0,0.0,1.0,1.0
5776,-0.1290816,24.202568,23.668877,1.0,0.0,1.0,1.0
5777,-0.12906606,23.815376,23.810299,1.0,0.0,1.0,1.0
5778,-0.12367844,23.716995,23.926664,1.0,0.0,1.0,1.0
5779,-0.11792963,23.88079,24.015614,1.0,0.0,1.0,1.0
5780,-0.11647917,23.762638,24.02233,1.0,0.0,1.0,1.0
5781,0.025096804,23.87595,24.035519,1.0,0.0,1.0,1.0
5782,-0.12487057,24.256998,24.02799,1.0,0.0,1.0,1.0
5783,-0.12811206,24.220005,23.979654,1.0,0.0,1.0,1.0
5784,-0.13743408,24.416096,23.984297,1.0,0.0,1.0,1.0
5785,-0.14087707,24.033958,24.060781,1.0,0.0,1.0,1.0
5786,-0.1439257,24.131855,24.116943,1.0,0.0,1.0,1.0
5787,-0.016234338,24.022644,24.17473,1.0,0.0,1.0,1.0
5788,-0.14494587,23.62254,24.250275,1.0,0.0,1.0,1.0
5789,-0.14735636,23.871084,24.303095,1.0,0.0,1.0,1.0
5790,-0.15269957,24.63481,24.425919,1.0,0.0,1.0,1.0
5791,-0.15775552,24.554747,24.58436,1.0,0.0,1.0,1.0
5792,-0.16687617,24.45607,24.789768,1.0,0.0,1.0,1.0
5793,-0.17458636,24.78248,24.967676,1.0,0.0,1.0,1.0
5794,-0.01248175,24.890856,25.157999,1.0,0.0,1.0,1.0
5795,-0.1902174,25.693888,25.371984,1.0,0.0,1.0,1.0
5796,-0.20148094,26.317379,25.569244,1.0,0.0,1.0,1.0
5797,-0.21425834,26.498865,25.698837,1.0,0.0,1.0,1.0
5798,-0.21984725,26.266762,25.843245,1.0,0.0,1.0,1.0
5799,-0.2218447,26.306517,25.99777,1.0,0.0,1.0,1.0
5800,-0.23952243,26.190361,26.080578,1.0,0.0,1.0,1.0
5801,-0.2519092,26.238195,26.111332,1.0,0.0,1.0,1.0
5802,-0.09963489,26.189928,26.073084,1.0,0.0,1.0,1.0
5803,-0.26635432,26.28763,25.953653,1.0,0.0,1.0,1.0
5804,-0.2825089,26.310389,25.773745,1.0,0.0,1.0,1.0
5805,-0.2938116,25.776155,25.59953,1.0,0.0,1.0,1.0
5806,-0.30936107,25.259924,25.368315,1.0,0.0,1.0,1.0
5807,-0.31796733,25.234913,25.11182,1.0,0.0,1.0,1.0
5808,-0.33211538,24.884203,24.839981,1.0,0.0,1.0,1.0
5809,-0.34979662,24.339964,24.572153,1.0,0.0,1.0,1.0
5810,-0.37679124,24.176176,24.28279,1.0,0.0,1.0,1.0
5811,-0.3268283,23.531937,24.002008,1.0,0.0,1.0,1.0
5812,-0.40118268,23.112429,23.749086,1.0,0.0,1.0,1.0
5813,-0.42807165,22.976131,23.491735,1.0,0.0,1.0,1.0
5814,-0.4453386,22.975979,23.230986,1.0,0.0,1.0,1.0
5815,-0.46158996,22.815268,22.98275,1.0,0.0,1.0,1.0
5816,-0.47062764,22.941015,22.754143,1.0,0.0,1.0,1.0
5817,-0.42206198,22.741108,22.526455,1.0,0.0,1.0,1.0
5818,-0.47867155,22.171705,22.331438,1.0,0.0,1.0,1.0
5819,-0.47989902,22.105904,22.163801,1.0,0.0,1.0,1.0
5820,-0.48257914,21.905378,22.011477,1.0,0.0,1.0,1.0
5821,-0.48175448,21.596672,21.859465,1.0,0.0,1.0,1.0
5822,-0.37907523,21.443932,21.706198,1.0,0.0,1.0,1.0
5823,-0.4810697,21.191734,21.51698,1.0,0.0,1.0,1.0
5824,-0.4832931,21.1008,21.34,1.0,0.0,1.0,1.0
5825,-0.48456195,21.148224,21.1966,1.0,0.0,1.0,1.0
5826,-0.4828274,21.151829,21.049646,0.0,0.0,1.0,1.0
5827,-0.47796685,20.976065,20.892008,0.0,0.0,1.0,1.0
5828,-0.46875834,20.6704,20.749151,0.0,0.0,1.0,1.0
5829,-0.45800436,20.61736,20.603218,0.0,0.0,1.0,1.0
5830,-0.44423494,20.450897,20.468805,0.0,0.0,1.0,1.0
5831,-0.42572504,20.34246,20.352812,0.0,0.0,1.0,1.0
5832,-0.40882885,20.013725,20.238005,0.0,0.0,1.0,1.0
5833,-0.40591103,19.882391,20.10899,0.0,0.0,1.0,1.0
5834,-0.39182785,19.69272,19.993605,0.0,0.0,1.0,1.0
5835,-0.24438159,19.578793,19.893284,0.0,0.0,1.0,1.0
5836,-0.37674835,19.708872,19.789686,0.0,0.0,1.0,1.0
5837,-0.35253158,19.770536,19.726152,0.0,0.0,1.0,1.0
5838,-0.34357825,19.60365,19.669365,0.0,0.0,1.0,1.0
5839,-0.21877901,19.59145,19.649368,0.0,0.0,1.0,1.0
5840,-0.22232483,19.466564,19.636066,0.0,0.0,1.0,1.0
5841,-0.30712304,19.374172,19.64289,0.0,0.0,1.0,1.0
5842,-0.16900544,19.688488,19.666464,0.0,0.0,1.0,1.0
5843,-0.2967,19.661013,19.692802,0.0,0.0,1.0,1.0
5844,-0.28368038,19.77377,19.716032,0.0,0.0,1.0,1.0
5845,-0.26903445,19.722765,19.759094,0.0,0.0,1.0,1.0
5846,-0.2509111,19.774616,19.803076,0.0,0.0,1.0,1.0
5847,-0.23566763,19.861673,19.855001,0.0,0.0,1.0,1.0
5848,-0.2213646,20.024942,19.91062,0.0,0.0,1.0,1.0
5849,-0.057511166,20.049273,19.964825,0.0,0.0,1.0,1.0
5850,-0.20533349,20.120415,20.020098,0.0,0.0,1.0,1.0
5851,-0.19504257,20.119211,20.069733,0.0,0.0,1.0,1.0
5852,-0.19241892,20.089682,20.145079,0.0,0.0,1.0,1.0
5853,-0.19693612,20.041582,20.20285,0.0,0.0,1.0,1.0
5854,-0.19560993,20.338963,20.251606,0.0,0.0,1.0,1.0
5855,-0.19677323,20.324276,20.279854,0.0,0.0,1.0,1.0
5856,0.022706728,20.369385,20.317049,0.0,0.0,1.0,1.0
5857,-0.18841352,20.626936,20.363218,0.0,0.0,1.0,1.0
5858,-0.17883784,20.467857,20.422804,0.0,0.0,1.0,1.0
5859,-0.1700822,20.446743,20.499916,0.0,0.0,1.0,1.0
5860,-0.15621752,20.363913,20.602346,0.0,0.0,1.0,1.0
5861,-0.14256418,20.495623,20.699621,0.0,0.0,1.0,1.0
5862,-0.12918256,20.674454,20.817184,0.0,0.0,1.0,1.0
5863,-0.1703954,20.83424,20.93484,0.0,0.0,1.0,1.0
5864,-0.14496416,21.01503,21.042086,0.0,0.0,1.0,1.0
5865,-0.10982585,21.270742,21.16045,0.0,0.0,1.0,1.0
5866,-0.15164533,21.506262,21.283848,1.0,0.0,1.0,1.0
5867,-0.156767,21.735027,21.430984,1.0,0.0,1.0,1.0
5868,-0.16166095,21.781252,21.553242,1.0,0.0,1.0,1.0
5869,-0.16177583,21.913881,21.651081,1.0,0.0,1.0,1.0
5870,-0.1549585,21.888224,21.744759,1.0,0.0,1.0,1.0
5871,0.01735366,21.927525,21.845806,1.0,0.0,1.0,1.0
5872,-0.14867221,22.129559,21.932827,1.0,0.0,1.0,1.0
5873,-0.14521678,21.962708,21.989954,1.0,0.0,1.0,1.0
5874,-0.1435657,21.848536,22.076942,1.0,0.0,1.0,1.0
5875,-0.14298464,21.95836,22.202,1.0,0.0,1.0,1.0
5876,-0.00062860607,22.227587,22.3157,1.0,0.0,1.0,1.0
5877,-0.1471484,22.315002,22.42834,1.0,0.0,1.0,1.0
5878,-0.14743054,22.191782,22.539541,1.0,0.0,1.0,1.0
5879,-0.15040405,22.7789,22.651276,1.0,0.0,1.0,1.0
5880,-0.14959858,23.281944,22.787874,1.0,0.0,1.0,1.0
5881,-0.15072928,23.27829,22.93371,1.0,0.0,1.0,1.0
5882,-0.005296379,23.239891,23.089794,1.0,0.0,1.0,1.0
5883,-0.15246104,23.26194,23.22403,1.0,0.0,1.0,1.0
5884,-0.1529692,23.470358,23.37176,1.0,0.0,1.0,1.0
5885,-0.15333994,23.601894,23.574574,1.0,0.0,1.0,1.0
5886,-0.15055981,23.598564,23.74384,1.0,0.0,1.0,1.0
5887,-0.14080076,23.83137,23.86396,1.0,0.0,1.0,1.0
5888,-0.025880411,23.838413,23.968357,1.0,0.0,1.0,1.0
5889,-0.035035342,24.08776,24.12219,1.0,0.0,1.0,1.0
5890,-0.035753045,24.625559,24.264338,1.0,0.0,1.0,1.0
5891,-0.03680669,24.81009,24.378077,1.0,0.0,1.0,1.0
5892,-0.16500492,24.723383,24.481718,1.0,0.0,1.0,1.0
5893,-0.16506526,24.531073,24.59171,1.0,0.0,1.0,1.0
5894,-0.19470772,25.085888,24.683113,1.0,0.0,1.0,1.0
5895,-0.21511224,24.967697,24.762741,1.0,0.0,1.0,1.0
5896,-0.06056328,24.83523,24.818949,1.0,0.0,1.0,1.0
5897,-0.22839206,24.845581,24.815536,1.0,0.0,1.0,1.0
5898,-0.2391892,24.918463,24.795084,1.0,0.0,1.0,1.0
5899,-0.24562712,24.928223,24.778421,1.0,0.0,1.0,1.0
5900,-0.25664565,24.793951,24.75689,1.0,0.0,1.0,1.0
5901,-0.2780824,24.762257,24.644604,1.0,0.0,1.0,1.0
5902,-0.30125174,24.584612,24.530247,1.0,0.0,1.0,1.0
5903,-0.3240642,24.564646,24.429985,1.0,0.0,1.0,1.0
5904,-0.34871918,24.523447,24.337461,1.0,0.0,1.0,1.0
5905,-0.18062578,24.272673,24.195818,1.0,0.0,1.0,1.0
5906,-0.38245413,23.738474,24.000612,1.0,0.0,1.0,1.0
5907,-0.4131855,23.595406,23.770973,1.0,0.0,1.0,1.0
5908,-0.43246764,23.632092,23.52473,1.0,0.0,1.0,1.0
5909,-0.44361007,23.735306,23.280035,1.0,0.0,1.0,1.0
5910,-0.4547345,23.218735,23.02102,1.0,0.0,1.0,1.0
5911,-0.39452443,22.58576,22.74817,1.0,0.0,1.0,1.0
5912,-0.45618406,22.038282,22.489552,1.0,0.0,1.0,1.0
5913,-0.45810857,21.807333,22.284086,1.0,0.0,1.0,1.0
5914,-0.45788568,21.648266,22.080011,1.0,0.0,1.0,1.0
5915,-0.46151862,21.45648,21.857443,1.0,0.0,1.0,1.0
5916,-0.48599848,21.249245,21.629688,1.0,0.0,1.0,1.0
5917,-0.46762332,21.169239,21.449312,1.0,0.0,1.0,1.0
5918,-0.48574024,21.27289,21.314837,1.0,0.0,1.0,1.0
5919,-0.49590674,21.146511,21.204357,1.0,0.0,1.0,1.0
5920,-0.49858144,20.961271,21.092007,0.0,0.0,1.0,1.0
5921,-0.49859774,21.002254,20.977198,0.0,0.0,1.0,1.0
5922,-0.49383813,21.054222,20.869,0.0,0.0,1.0,1.0
5923,-0.48968306,20.972048,20.764847,0.0,0.0,1.0,1.0
5924,-0.48341128,20.71252,20.661737,0.0,0.0,1.0,1.0
5925,-0.4751085,20.459139,20.536114,0.0,0.0,1.0,1.0
5926,-0.46814135,20.27055,20.403828,0.0,0.0,1.0,1.0
5927,-0.46363115,20.158112,20.27938,0.0,0.0,1.0,1.0
5928,-0.45849174,19.999414,20.122873,0.0,0.0,1.0,1.0
5929,-0.31319562,19.931911,19.939474,0.0,0.0,1.0,1.0
5930,-0.45019466,19.765415,19.75166,0.0,0.0,1.0,1.0
5931,-0.42665547,19.559069,19.587822,0.0,0.0,1.0,1.0
5932,-0.41460615,19.467915,19.436981,0.0,0.0,1.0,1.0
5933,-0.28204012,19.124159,19.290485,0.0,0.0,1.0,1.0
5934,-0.26472104,18.853445,19.13724,0.0,0.0,1.0,1.0
5935,-0.24517645,18.718264,18.99706,0.0,0.0,1.0,1.0
5936,-0.2319208,18.746471,18.864689,0.0,0.0,1.0,1.0
5937,-0.21770988,18.649038,18.755634,0.0,0.0,1.0,1.0
5938,-0.19987947,18.512623,18.67101,0.0,0.0,1.0,1.0
5939,-0.29552922,18.319155,18.602274,0.0,0.0,1.0,1.0
5940,-0.27887318,18.317257,18.57266,0.0,0.0,1.0,1.0
5941,-0.16324846,18.343468,18.574636,0.0,0.0,1.0,1.0
5942,-0.26056638,18.456747,18.597303,0.0,0.0,1.0,1.0
5943,-0.118428625,18.543564,18.626263,0.0,0.0,1.0,1.0
5944,-0.2493863,18.643105,18.675995,0.0,0.0,1.0,1.0
5945,-0.24439773,18.7688,18.743963,0.0,0.0,1.0,1.0
5946,-0.23395261,18.877136,18.825571,0.0,0.0,1.0,1.0
5947,-0.22489055,18.990284,18.908745,0.0,0.0,1.0,1.0
5948,-0.20774582,19.093983,18.990517,0.0,0.0,1.0,1.0
5949,-0.19536063,19.245821,19.063381,0.0,0.0,1.0,1.0
5950,-0.014918025,19.328238,19.135197,0.0,0.0,1.0,1.0
5951,-0.1741916,19.29844,19.202919,0.0,0.0,1.0,1.0
5952,-0.162437,19.315353,19.279846,0.0,0.0,1.0,1.0
5953,-0.16408604,19.324724,19.35924,0.0,0.0,1.0,1.0
5954,-0.17577581,19.331133,19.428223,0.0,0.0,1.0,1.0
5955,-0.1811426,19.40533,19.48873,0.0,0.0,1.0,1.0
5956,-0.18360446,19.455791,19.549324,0.0,0.0,1.0,1.0
5957,-0.18924226,19.691929,19.602148,0.0,0.0,1.0,1.0
5958,-0.18617393,19.829845,19.658237,0.0,0.0,1.0,1.0
5959,-0.002289164,19.81809,19.72652,0.0,0.0,1.0,1.0
5960,-0.18481621,19.820055,19.81369,0.0,0.0,1.0,1.0
5961,-0.18130669,19.97297,19.904032,0.0,0.0,1.0,1.0
5962,-0.17999366,19.962118,20.050451,0.0,0.0,1.0,1.0
5963,-0.17286874,19.971508,20.204638,0.0,0.0,1.0,1.0
5964,-0.17041634,20.134758,20.355854,0.0,0.0,1.0,1.0
5965,0.0040683597,20.370756,20.500984,0.0,0.0,1.0,1.0
5966,-0.1635275,20.415237,20.647882,0.0,0.0,1.0,1.0
5967,-0.15796255,21.162355,20.796711,0.0,0.0,1.0,1.0
5968,-0.15803453,21.306025,20.918444,0.0,0.0,1.0,1.0
5969,-0.16234025,21.506529,21.030195,0.0,0.0,1.0,1.0
5970,-0.16352138,21.571411,21.15096,0.0,0.0,1.0,1.0
5971,-0.16035287,21.580866,21.274046,1.0,0.0,1.0,1.0
5972,-0.15760356,21.606009,21.376278,1.0,0.0,1.0,1.0
5973,-0.15110128,21.433744,21.491081,1.0,0.0,1.0,1.0
5974,-0.012357708,21.303154,21.56097,1.0,0.0,1.0,1.0
5975,-0.14250982,21.420681,21.615652,1.0,0.0,1.0,1.0
5976,-0.14054295,21.61179,21.643253,1.0,0.0,1.0,1.0
5977,-0.01084223,21.597532,21.688171,1.0,0.0,1.0,1.0
5978,-0.1423877,21.792873,21.698803,1.0,0.0,1.0,1.0
5979,-0.14713566,22.001041,21.721838,1.0,0.0,1.0,1.0
5980,-0.15505733,21.962198,21.761095,1.0,0.0,1.0,1.0
5981,-0.16441971,21.837734,21.864536,1.0,0.0,1.0,1.0
5982,-0.17023602,22.11044,21.977352,1.0,0.0,1.0,1.0
5983,-0.042200085,21.708439,22.082155,1.0,0.0,1.0,1.0
5984,-0.17381805,21.882435,22.20786,1.0,0.0,1.0,1.0
5985,-0.062788695,21.904829,22.321583,1.0,0.0,1.0,1.0
5986,-0.17057276,22.544443,22.416216,1.0,0.0,1.0,1.0
5987,-0.07451481,22.774473,22.509382,1.0,0.0,1.0,1.0
5988,-0.085313834,22.869429,22.63046,1.0,0.0,1.0,1.0
5989,-0.09264978,23.105993,22.708992,1.0,0.0,1.0,1.0
5990,-0.09031942,23.157547,22.829756,1.0,0.0,1.0,1.0
5991,-0.21514815,23.136639,22.93112,1.0,0.0,1.0,1.0
5992,-0.23353533,23.080181,23.039213,1.0,0.0,1.0,1.0
5993,-0.2596002,23.29068,23.077208,1.0,0.0,1.0,1.0
5994,-0.2757025,23.052822,23.12364,1.0,0.0,1.0,1.0
5995,-0.29741913,23.157593,23.13618,1.0,0.0,1.0,1.0
5996,-0.31507814,23.098818,23.12086,1.0,0.0,1.0,1.0
5997,-0.14671701,23.201937,23.047556,1.0,0.0,1.0,1.0
5998,-0.3321837,23.00038,22.965603,1.0,0.0,1.0,1.0
5999,-0.34827033,23.331656,22.879725,1.0,0.0,1.0,1.0
6000,-0.36488995,23.019915,22.75387,1.0,0.0,1.0,1.0
6001,-0.38317007,22.922153,22.638762,1.0,0.0,1.0,1.0
6002,-0.39895177,22.277895,22.51232,1.0,0.0,1.0,1.0
6003,-0.40833634,22.153206,22.378817,1.0,0.0,1.0,1.0
6004,-0.21702944,22.049646,22.211082,1.0,0.0,1.0,1.0
6005,-0.4142462,21.780409,22.06921,1.0,0.0,1.0,1.0
6006,-0.423773,21.671532,21.88235,1.0,0.0,1.0,1.0
6007,-0.4265832,21.640297,21.71905,1.0,0.0,1.0,1.0
6008,-0.44691908,21.496777,21.548473,1.0,0.0,1.0,1.0
6009,-0.47030497,21.189125,21.420027,1.0,0.0,1.0,1.0
6010,-0.49118027,21.297903,21.235535,1.0,0.0,1.0,1.0
6011,-0.50656724,21.089352,21.046556,0.0,0.0,1.0,1.0
6012,-0.517826,21.06029,20.876276,0.0,0.0,1.0,1.0
6013,-0.35499758,20.87526,20.718706,0.0,0.0,1.0,1.0
6014,-0.52364844,20.736525,20.552008,0.0,0.0,1.0,1.0
6015,-0.5232465,19.939314,20.384596,0.0,0.0,1.0,1.0
6016,-0.51741254,19.781893,20.245192,0.0,0.0,1.0,1.0
6017,-0.516958,19.737053,20.09051,0.0,0.0,1.0,1.0
6018,-0.51116216,19.780678,19.936682,0.0,0.0,1.0,1.0
6019,-0.515368,19.639921,19.775284,0.0,0.0,1.0,1.0
6020,-0.51184624,19.48784,19.612837,0.0,0.0,1.0,1.0
6021,-0.5106548,19.51627,19.439743,0.0,0.0,1.0,1.0
6022,-0.5030781,19.441713,19.31083,0.0,0.0,1.0,1.0
6023,-0.43238035,19.243425,19.178968,0.0,0.0,1.0,1.0
6024,-0.49342212,19.123507,19.03849,0.0,0.0,1.0,1.0
6025,-0.4769275,18.925903,18.88776,0.0,0.0,1.0,1.0
6026,-0.45742026,18.659395,18.769674,0.0,0.0,1.0,1.0
6027,-0.43896183,18.392355,18.67217,0.0,0.0,1.0,1.0
6028,-0.419534,18.19955,18.558315,0.0,0.0,1.0,1.0
6029,-0.2935369,18.051315,18.433916,0.0,0.0,1.0,1.0
6030,-0.39282423,17.971933,18.332294,0.0,0.0,1.0,1.0
6031,-0.38205782,18.22289,18.240408,0.0,0.0,1.0,1.0
6032,-0.23454976,18.317783,18.168684,0.0,0.0,1.0,1.0
6033,-0.3699282,18.150023,18.149992,0.0,0.0,1.0,1.0
6034,-0.35363334,17.948904,18.166977,0.0,0.0,1.0,1.0
6035,-0.3345981,18.023977,18.21314,0.0,0.0,1.0,1.0
6036,-0.20421645,18.020866,18.28183,0.0,0.0,1.0,1.0
6037,-0.19557813,18.065218,18.373447,0.0,0.0,1.0,1.0
6038,-0.17968157,18.435087,18.457848,0.0,0.0,1.0,1.0
6039,-0.16079594,18.596165,18.550749,0.0,0.0,1.0,1.0
6040,-0.25266585,18.753515,18.672094,0.0,0.0,1.0,1.0
6041,-0.24984702,18.875597,18.82162,0.0,0.0,1.0,1.0
6042,-0.24666111,19.071342,18.956854,0.0,0.0,1.0,1.0
6043,-0.23585415,19.235685,19.094755,0.0,0.0,1.0,1.0
6044,-0.2301056,19.432598,19.235233,0.0,0.0,1.0,1.0
6045,-0.22228563,19.606169,19.354778,0.0,0.0,1.0,1.0
6046,-0.041385133,19.743237,19.475,0.0,0.0,1.0,1.0
6047,-0.21508795,19.64676,19.608288,0.0,0.0,1.0,1.0
6048,-0.2105291,19.675694,19.77909,0.0,0.0,1.0,1.0
6049,-0.20728077,19.750942,19.924206,0.0,0.0,1.0,1.0
6050,-0.20222454,19.869646,20.051586,0.0,0.0,1.0,1.0
6051,-0.20727491,20.038826,20.177475,0.0,0.0,1.0,1.0
6052,-0.2136842,20.352959,20.307379,0.0,0.0,1.0,1.0
6053,-0.04249302,20.92523,20.439034,0.0,0.0,1.0,1.0
6054,-0.21788932,20.812727,20.57953,0.0,0.0,1.0,1.0
6055,-0.21239841,20.764244,20.718466,0.0,0.0,1.0,1.0
6056,-0.20362894,20.943268,20.849834,0.0,0.0,1.0,1.0
6057,-0.11917256,21.16501,20.989105,0.0,0.0,1.0,1.0
6058,-0.18694289,21.323088,21.173662,1.0,0.0,1.0,1.0
6059,-0.15993136,21.332726,21.347254,1.0,0.0,1.0,1.0
6060,-0.19049647,21.342916,21.492577,1.0,0.0,1.0,1.0
6061,-0.16706511,21.327374,21.703556,1.0,0.0,1.0,1.0
6062,-0.17129813,21.540884,21.966633,1.0,0.0,1.0,1.0
6063,-0.014878877,22.253523,22.21978,1.0,0.0,1.0,1.0
6064,-0.17659692,22.436058,22.460312,1.0,0.0,1.0,1.0
6065,-0.18042971,22.66909,22.738827,1.0,0.0,1.0,1.0
6066,-0.17842904,23.344482,23.028406,1.0,0.0,1.0,1.0
6067,-0.17478825,23.921183,23.3138,1.0,0.0,1.0,1.0
6068,-0.17182624,23.98102,23.598198,1.0,0.0,1.0,1.0
6069,-0.16929233,24.051403,23.868847,1.0,0.0,1.0,1.0
6070,-0.17226423,24.665266,24.093628,1.0,0.0,1.0,1.0
6071,-0.17469372,24.807673,24.316135,1.0,0.0,1.0,1.0
6072,-0.031726718,24.767649,24.594673,1.0,0.0,1.0,1.0
6073,-0.17640357,24.740152,24.842886,1.0,0.0,1.0,1.0
6074,-0.1804971,24.788673,25.000849,1.0,0.0,1.0,1.0
6075,-0.18176489,24.950876,25.143032,1.0,0.0,1.0,1.0
6076,-0.1814578,25.106157,25.269192,1.0,0.0,1.0,1.0
6077,-0.18498853,26.011555,25.361504,1.0,0.0,1.0,1.0
6078,-0.18876883,26.323017,25.403358,1.0,0.0,1.0,1.0
6079,-0.052480385,25.816751,25.489973,1.0,0.0,1.0,1.0
6080,-0.18999827,25.68721,25.544281,1.0,0.0,1.0,1.0
6081,-0.19463582,25.565329,25.583132,1.0,0.0,1.0,1.0
6082,-0.19634636,25.773003,25.63338,1.0,0.0,1.0,1.0
6083,-0.19633561,25.309938,25.678719,1.0,0.0,1.0,1.0
6084,-0.07574949,25.807024,25.65171,1.0,0.0,1.0,1.0
6085,-0.09028905,25.391836,25.603062,1.0,0.0,1.0,1.0
6086,-0.109172314,25.254894,25.627806,1.0,0.0,1.0,1.0
6087,-0.12568496,25.553846,25.67144,1.0,0.0,1.0,1.0
6088,-0.12987831,25.650229,25.676163,1.0,0.0,1.0,1.0
6089,-0.12922776,25.687443,25.635641,1.0,0.0,1.0,1.0
6090,-0.2579281,25.739231,25.643108,1.0,0.0,1.0,1.0
6091,-0.28180975,26.113686,25.630568,1.0,0.0,1.0,1.0
6092,-0.3039646,26.210815,25.655872,1.0,0.0,1.0,1.0
6093,-0.14507127,25.62201,25.620945,1.0,0.0,1.0,1.0
6094,-0.32006824,25.286737,25.5613,1.0,0.0,1.0,1.0
6095,-0.33340234,25.399544,25.437141,1.0,0.0,1.0,1.0
6096,-0.3472362,25.656551,25.30963,1.0,0.0,1.0,1.0
6097,-0.3561801,25.69548,25.140764,1.0,0.0,1.0,1.0
6098,-0.36372057,24.83576,24.909355,1.0,0.0,1.0,1.0
6099,-0.3691333,24.838123,24.655243,1.0,0.0,1.0,1.0
6100,-0.39950207,24.160315,24.447412,1.0,0.0,1.0,1.0
6101,-0.24722737,24.157291,24.257315,1.0,0.0,1.0,1.0
6102,-0.4257958,23.71287,24.021679,1.0,0.0,1.0,1.0
6103,-0.45185202,23.336765,23.736673,1.0,0.0,1.0,1.0
6104,-0.46823257,23.16147,23.415707,1.0,0.0,1.0,1.0
6105,-0.5033755,23.128044,23.147087,1.0,0.0,1.0,1.0
6106,-0.52230495,23.005558,22.850853,1.0,0.0,1.0,1.0
6107,-0.5292693,22.57193,22.581474,1.0,0.0,1.0,1.0
6108,-0.34668064,22.236464,22.294855,1.0,0.0,1.0,1.0
6109,-0.5307437,21.84389,22.039276,1.0,0.0,1.0,1.0
6110,-0.53138286,21.612324,21.776115,1.0,0.0,1.0,1.0
6111,-0.5279403,21.283312,21.513699,1.0,0.0,1.0,1.0
6112,-0.44369343,20.927767,21.223074,1.0,0.0,1.0,1.0
6113,-0.49680325,20.717875,20.91582,0.0,0.0,1.0,1.0
6114,-0.5305815,20.64591,20.628834,0.0,0.0,1.0,1.0
6115,-0.53152835,20.178839,20.352993,0.0,0.0,1.0,1.0
6116,-0.5298209,20.012478,20.080708,0.0,0.0,1.0,1.0
6117,-0.45444745,19.640554,19.801039,0.0,0.0,1.0,1.0
6118,-0.37916288,19.31848,19.524506,0.0,0.0,1.0,1.0
6119,-0.52017397,19.128109,19.267214,0.0,0.0,1.0,1.0
6120,-0.51155406,18.926388,19.015623,0.0,0.0,1.0,1.0
6121,-0.49491844,18.576462,18.762264,0.0,0.0,1.0,1.0
6122,-0.4975929,18.25628,18.535984,0.0,0.0,1.0,1.0
6123,-0.38478455,17.964928,18.313652,0.0,0.0,1.0,1.0
6124,-0.45572585,17.840263,18.110422,0.0,0.0,1.0,1.0
6125,-0.4484678,17.698795,17.952642,0.0,0.0,1.0,1.0
6126,-0.32129303,17.605602,17.81457,0.0,0.0,1.0,1.0
6127,-0.30704904,17.463472,17.705149,0.0,0.0,1.0,1.0
6128,-0.4266275,17.344496,17.637728,0.0,0.0,1.0,1.0
6129,-0.41686493,17.201797,17.602467,0.0,0.0,1.0,1.0
6130,-0.40197906,17.425108,17.59713,0.0,0.0,1.0,1.0
6131,-0.38723242,17.471233,17.612574,0.0,0.0,1.0,1.0
6132,-0.36570105,17.613356,17.670721,0.0,0.0,1.0,1.0
6133,-0.22149885,17.7674,17.748344,0.0,0.0,1.0,1.0
6134,-0.34307516,17.83314,17.855145,0.0,0.0,1.0,1.0
6135,-0.3197101,17.900896,17.985958,0.0,0.0,1.0,1.0
6136,-0.29923388,18.025587,18.148949,0.0,0.0,1.0,1.0
6137,-0.2782966,18.396564,18.30574,0.0,0.0,1.0,1.0
6138,-0.26676187,18.53709,18.473087,0.0,0.0,1.0,1.0
6139,-0.26195398,18.745066,18.641933,0.0,0.0,1.0,1.0
6140,-0.2580544,18.914251,18.816965,0.0,0.0,1.0,1.0
6141,-0.25301358,19.157696,18.96802,0.0,0.0,1.0,1.0
6142,-0.10869731,19.306599,19.12754,0.0,0.0,1.0,1.0
6143,-0.25298724,19.479391,19.272034,0.0,0.0,1.0,1.0
6144,-0.24882336,19.639513,19.383827,0.0,0.0,1.0,1.0
6145,-0.24605945,19.867783,19.506237,0.0,0.0,1.0,1.0
6146,-0.23795621,19.645802,19.674934,0.0,0.0,1.0,1.0
6147,-0.2325457,19.81514,19.849413,0.0,0.0,1.0,1.0
6148,-0.056595225,19.759516,19.98938,0.0,0.0,1.0,1.0
6149,-0.22184141,19.738073,20.123987,0.0,0.0,1.0,1.0
6150,-0.21157725,20.006016,20.24866,0.0,0.0,1.0,1.0
6151,-0.1966834,20.769434,20.379622,0.0,0.0,1.0,1.0
6152,-0.18481627,21.008003,20.510466,0.0,0.0,1.0,1.0
6153,-0.18013328,20.837288,20.67741,0.0,0.0,1.0,1.0
6154,-0.19036086,20.92188,20.851171,0.0,0.0,1.0,1.0
6155,-0.2009835,20.97546,21.04713,0.0,0.0,1.0,1.0
6156,-0.20638807,21.211054,21.265854,1.0,0.0,1.0,1.0
6157,-0.023714928,21.437931,21.481867,1.0,0.0,1.0,1.0
6158,-0.21113218,21.649128,21.689692,1.0,0.0,1.0,1.0
6159,-0.21361233,21.900267,21.900137,1.0,0.0,1.0,1.0
6160,-0.2108401,22.111038,22.186817,1.0,0.0,1.0,1.0
6161,-0.20570374,22.362741,22.458408,1.0,0.0,1.0,1.0
6162,-0.20183168,22.598167,22.677834,1.0,0.0,1.0,1.0
6163,-0.1977415,23.26335,22.909233,1.0,0.0,1.0,1.0
6164,-0.1975494,23.533344,23.13575,1.0,0.0,1.0,1.0
6165,-0.20051138,24.27745,23.357864,1.0,0.0,1.0,1.0
6166,-0.058610305,24.180977,23.613659,1.0,0.0,1.0,1.0
6167,-0.20722982,23.608555,23.847708,1.0,0.0,1.0,1.0
6168,-0.21174833,23.98785,24.053839,1.0,0.0,1.0,1.0
6169,-0.21445069,24.156128,24.24495,1.0,0.0,1.0,1.0
6170,-0.20794287,24.3145,24.415966,1.0,0.0,1.0,1.0
6171,-0.20119934,24.969807,24.562502,1.0,0.0,1.0,1.0
6172,-0.19399083,24.919624,24.62991,1.0,0.0,1.0,1.0
6173,-0.05977542,24.836311,24.700174,1.0,0.0,1.0,1.0
6174,-0.18208082,24.891506,24.772291,1.0,0.0,1.0,1.0
6175,-0.0612353,25.31555,24.843513,1.0,0.0,1.0,1.0
6176,-0.06496164,25.291767,24.856657,1.0,0.0,1.0,1.0
6177,-0.179575,25.08635,24.86161,1.0,0.0,1.0,1.0
6178,-0.18675828,25.024134,24.820597,1.0,0.0,1.0,1.0
6179,-0.19638084,24.47396,24.739727,1.0,0.0,1.0,1.0
6180,-0.20578481,24.842512,24.662956,1.0,0.0,1.0,1.0
6181,-0.09036354,24.313864,24.58163,1.0,0.0,1.0,1.0
6182,-0.098157965,24.373947,24.416367,1.0,0.0,1.0,1.0
6183,-0.10881652,24.477636,24.263767,1.0,0.0,1.0,1.0
6184,-0.120848365,23.949184,24.161777,1.0,0.0,1.0,1.0
6185,-0.23933223,23.91506,24.054249,1.0,0.0,1.0,1.0
6186,-0.25116888,23.915606,23.967407,1.0,0.0,1.0,1.0
6187,-0.14129946,23.332375,23.86144,1.0,0.0,1.0,1.0
6188,-0.15099719,23.46058,23.814165,1.0,0.0,1.0,1.0
6189,-0.15816279,23.86247,23.766844,1.0,0.0,1.0,1.0
6190,-0.16518642,23.733788,23.728418,1.0,0.0,1.0,1.0
6191,-0.30927497,23.431868,23.68888,1.0,0.0,1.0,1.0
6192,-0.32097545,23.570911,23.63848,1.0,0.0,1.0,1.0
6193,-0.36624074,23.746553,23.57933,1.0,0.0,1.0,1.0
6194,-0.3903583,23.806084,23.554853,1.0,0.0,1.0,1.0
6195,-0.4102352,24.016537,23.520212,1.0,0.0,1.0,1.0
6196,-0.23509291,23.474731,23.44229,1.0,0.0,1.0,1.0
6197,-0.42862245,23.310255,23.362753,1.0,0.0,1.0,1.0
6198,-0.44572422,23.205818,23.30315,1.0,0.0,1.0,1.0
6199,-0.46521038,23.038647,23.206545,1.0,0.0,1.0,1.0
6200,-0.48262668,23.044878,23.051027,1.0,0.0,1.0,1.0
6201,-0.49343324,22.92741,22.87893,1.0,0.0,1.0,1.0
6202,-0.32106954,22.779352,22.655054,1.0,0.0,1.0,1.0
6203,-0.50452006,22.716625,22.442665,1.0,0.0,1.0,1.0
6204,-0.50919443,22.41165,22.215683,1.0,0.0,1.0,1.0
6205,-0.5121408,21.880344,21.982439,1.0,0.0,1.0,1.0
6206,-0.51639044,21.740911,21.723072,1.0,0.0,1.0,1.0
6207,-0.5305069,21.330023,21.44597,1.0,0.0,1.0,1.0
6208,-0.54320645,20.926075,21.169449,0.0,0.0,1.0,1.0
6209,-0.55133665,20.586464,20.89045,0.0,0.0,1.0,1.0
6210,-0.55544496,20.406889,20.605139,0.0,0.0,1.0,1.0
6211,-0.5516024,19.926243,20.32292,0.0,0.0,1.0,1.0
6212,-0.5487887,19.719652,20.069271,0.0,0.0,1.0,1.0
6213,-0.54355353,19.609161,19.807568,0.0,0.0,1.0,1.0
6214,-0.3889144,19.431355,19.555696,0.0,0.0,1.0,1.0
6215,-0.5413265,19.292896,19.321543,0.0,0.0,1.0,1.0
6216,-0.53890437,19.025017,19.095417,0.0,0.0,1.0,1.0
6217,-0.5308645,18.836567,18.867035,0.0,0.0,1.0,1.0
6218,-0.5234881,18.600466,18.664286,0.0,0.0,1.0,1.0
6219,-0.51327825,18.307566,18.490065,0.0,0.0,1.0,1.0
6220,-0.3662086,18.116243,18.314928,0.0,0.0,1.0,1.0
6221,-0.49465463,17.872944,18.140589,0.0,0.0,1.0,1.0
6222,-0.47414312,17.66631,17.981794,0.0,0.0,1.0,1.0
6223,-0.44828933,17.493246,17.837322,0.0,0.0,1.0,1.0
6224,-0.42993245,17.628998,17.724257,0.0,0.0,1.0,1.0
6225,-0.31124493,17.507534,17.653763,0.0,0.0,1.0,1.0
6226,-0.29361466,17.339283,17.618391,0.0,0.0,1.0,1.0
6227,-0.27387866,17.387365,17.613314,0.0,0.0,1.0,1.0
6228,-0.37991503,17.291344,17.638906,0.0,0.0,1.0,1.0
6229,-0.36180353,17.479773,17.696007,0.0,0.0,1.0,1.0
6230,-0.35248682,17.75455,17.783905,0.0,0.0,1.0,1.0
6231,-0.34188253,17.883099,17.900702,0.0,0.0,1.0,1.0
6232,-0.3267353,18.055311,18.065317,0.0,0.0,1.0,1.0
6233,-0.31394842,18.180067,18.265654,0.0,0.0,1.0,1.0
6234,-0.18031299,18.351519,18.475122,0.0,0.0,1.0,1.0
6235,-0.29560208,18.548021,18.684828,0.0,0.0,1.0,1.0
6236,-0.27426898,19.030561,18.900795,0.0,0.0,1.0,1.0
6237,-0.2578485,19.482906,19.104826,0.0,0.0,1.0,1.0
6238,-0.2589884,19.743317,19.300999,0.0,0.0,1.0,1.0
6239,-0.24923947,19.90101,19.500626,0.0,0.0,1.0,1.0
6240,-0.24487871,19.807808,19.676277,0.0,0.0,1.0,1.0
6241,-0.06744057,20.071379,19.8233,0.0,0.0,1.0,1.0
6242,-0.23579182,20.202923,20.007578,0.0,0.0,1.0,1.0
6243,-0.22764552,20.237152,20.209045,0.0,0.0,1.0,1.0
6244,-0.22270718,20.450848,20.375278,0.0,0.0,1.0,1.0
6245,-0.21925838,20.287882,20.56835,0.0,0.0,1.0,1.0
6246,-0.2260243,20.115791,20.76467,0.0,0.0,1.0,1.0
6247,-0.22959204,20.759348,21.004925,0.0,0.0,1.0,1.0
6248,-0.2307125,21.448175,21.204435,1.0,0.0,1.0,1.0
6249,-0.23850407,21.477707,21.387613,1.0,0.0,1.0,1.0
6250,-0.078961305,22.060177,21.585167,1.0,0.0,1.0,1.0
6251,-0.23930164,22.256836,21.823437,1.0,0.0,1.0,1.0
6252,-0.24078707,22.690882,22.132757,1.0,0.0,1.0,1.0
6253,-0.23825312,22.465502,22.505194,1.0,0.0,1.0,1.0
6254,-0.23284839,22.401054,22.887281,1.0,0.0,1.0,1.0
6255,-0.060767524,22.607798,23.277761,1.0,0.0,1.0,1.0
6256,-0.22319168,23.31009,23.722086,1.0,0.0,1.0,1.0
6257,-0.219991,23.99972,24.127357,1.0,0.0,1.0,1.0
6258,-0.21836945,24.58503,24.527405,1.0,0.0,1.0,1.0
6259,-0.21804598,25.34441,24.85496,1.0,0.0,1.0,1.0
6260,-0.1177822,26.133928,25.20902,1.0,0.0,1.0,1.0
6261,-0.22108102,26.809614,25.530544,1.0,0.0,1.0,1.0
6262,-0.21949506,26.923433,25.832716,1.0,0.0,1.0,1.0
6263,-0.21548463,27.057404,26.021221,1.0,0.0,1.0,1.0
6264,-0.2084527,26.621542,26.169353,1.0,0.0,1.0,1.0
6265,-0.2318767,26.71422,26.29015,1.0,0.0,1.0,1.0
6266,-0.20622107,26.25935,26.348797,1.0,0.0,1.0,1.0
6267,-0.20606743,26.23385,26.300953,1.0,0.0,1.0,1.0
6268,-0.21415924,25.572144,26.186235,1.0,0.0,1.0,1.0
6269,-0.0646422,25.777308,26.029337,1.0,0.0,1.0,1.0
6270,-0.22097465,26.034601,25.861084,1.0,0.0,1.0,1.0
6271,-0.21298423,26.04818,25.697506,1.0,0.0,1.0,1.0
6272,-0.22770214,25.55978,25.473204,1.0,0.0,1.0,1.0
6273,-0.22741617,25.433023,25.294739,1.0,0.0,1.0,1.0
6274,-0.22967842,25.040636,25.073505,1.0,0.0,1.0,1.0
6275,-0.235118,25.038385,24.911072,1.0,0.0,1.0,1.0
6276,-0.12179805,24.658594,24.745096,1.0,0.0,1.0,1.0
6277,-0.24418572,24.0226,24.554241,1.0,0.0,1.0,1.0
6278,-0.25439122,24.117771,24.37521,1.0,0.0,1.0,1.0
6279,-0.2649596,23.579037,24.250244,1.0,0.0,1.0,1.0
6280,-0.2739245,23.622944,24.125511,1.0,0.0,1.0,1.0
6281,-0.28273436,23.78561,24.016943,1.0,0.0,1.0,1.0
6282,-0.28704005,23.744339,23.929047,1.0,0.0,1.0,1.0
6283,-0.15370527,23.8998,23.909855,1.0,0.0,1.0,1.0
6284,-0.2985157,24.06019,23.90031,1.0,0.0,1.0,1.0
6285,-0.31232336,23.936237,23.867945,1.0,0.0,1.0,1.0
6286,-0.3229482,23.73782,23.826174,1.0,0.0,1.0,1.0
6287,-0.34260273,23.983608,23.752117,1.0,0.0,1.0,1.0
6288,-0.36643615,24.42831,23.658867,1.0,0.0,1.0,1.0
6289,-0.38540336,23.90805,23.547216,1.0,0.0,1.0,1.0
6290,-0.2314955,23.729385,23.405241,1.0,0.0,1.0,1.0
6291,-0.40690166,23.077785,23.237808,1.0,0.0,1.0,1.0
6292,-0.43208975,22.734274,23.071358,1.0,0.0,1.0,1.0
6293,-0.44716084,22.666613,22.911222,1.0,0.0,1.0,1.0
6294,-0.4543916,22.404516,22.717072,1.0,0.0,1.0,1.0
6295,-0.28353453,22.196098,22.47286,1.0,0.0,1.0,1.0
6296,-0.46766323,22.050999,22.258266,1.0,0.0,1.0,1.0
6297,-0.47784725,21.938824,22.05817,1.0,0.0,1.0,1.0
6298,-0.3268468,21.816214,21.893633,1.0,0.0,1.0,1.0
6299,-0.50462675,21.653797,21.70073,1.0,0.0,1.0,1.0
6300,-0.52797145,21.497759,21.497044,1.0,0.0,1.0,1.0
6301,-0.5482273,21.332937,21.307022,1.0,0.0,1.0,1.0
6302,-0.56335616,21.328232,21.117186,0.0,0.0,1.0,1.0
6303,-0.57431716,21.103338,20.92657,0.0,0.0,1.0,1.0
6304,-0.42086193,20.419422,20.737295,0.0,0.0,1.0,1.0
6305,-0.57862586,20.222383,20.55494,0.0,0.0,1.0,1.0
6306,-0.58417493,20.124262,20.36502,0.0,0.0,1.0,1.0
6307,-0.5849715,19.91807,20.157688,0.0,0.0,1.0,1.0
6308,-0.58109283,19.763601,19.93425,0.0,0.0,1.0,1.0
6309,-0.57747453,19.667519,19.698288,0.0,0.0,1.0,1.0
6310,-0.57763654,19.62794,19.451984,0.0,0.0,1.0,1.0
6311,-0.57447517,19.37479,19.235558,0.0,0.0,1.0,1.0
6312,-0.5711722,19.009758,19.016956,0.0,0.0,1.0,1.0
6313,-0.5630853,18.651676,18.780434,0.0,0.0,1.0,1.0
6314,-0.41827765,18.49669,18.53225,0.0,0.0,1.0,1.0
6315,-0.5552691,18.147692,18.284958,0.0,0.0,1.0,1.0
6316,-0.54081035,17.822317,18.036661,0.0,0.0,1.0,1.0
6317,-0.52741283,17.599163,17.782166,0.0,0.0,1.0,1.0
6318,-0.51089936,17.28598,17.541683,0.0,0.0,1.0,1.0
6319,-0.41621712,16.939856,17.318539,0.0,0.0,1.0,1.0
6320,-0.46921268,16.796104,17.140596,0.0,0.0,1.0,1.0
6321,-0.46204057,16.687977,16.993652,0.0,0.0,1.0,1.0
6322,-0.44493467,16.57398,16.880497,0.0,0.0,1.0,1.0
6323,-0.42074397,16.489014,16.804863,0.0,0.0,1.0,1.0
6324,-0.40748894,16.332018,16.767311,0.0,0.0,1.0,1.0
6325,-0.39720446,16.51636,16.766794,0.0,0.0,1.0,1.0
6326,-0.30438673,16.733377,16.806335,0.0,0.0,1.0,1.0
6327,-0.25668305,16.789818,16.878683,0.0,0.0,1.0,1.0
6328,-0.3555209,16.914701,16.98214,0.0,0.0,1.0,1.0
6329,-0.20754664,17.14855,17.108473,0.0,0.0,1.0,1.0
6330,-0.3460217,17.279781,17.25493,0.0,0.0,1.0,1.0
6331,-0.33973515,17.41434,17.427635,0.0,0.0,1.0,1.0
6332,-0.32187983,17.664274,17.604876,0.0,0.0,1.0,1.0
6333,-0.30385044,17.929472,17.828705,0.0,0.0,1.0,1.0
6334,-0.28249428,18.08998,18.061344,0.0,0.0,1.0,1.0
6335,-0.27833584,18.246498,18.304821,0.0,0.0,1.0,1.0
6336,-0.2839712,18.404478,18.52428,0.0,0.0,1.0,1.0
6337,-0.2930748,18.643229,18.722528,0.0,0.0,1.0,1.0
6338,-0.115300596,19.419338,18.918926,0.0,0.0,1.0,1.0
6339,-0.29196325,19.581501,19.09733,0.0,0.0,1.0,1.0
6340,-0.28045237,19.836403,19.267033,0.0,0.0,1.0,1.0
6341,-0.28199205,19.782066,19.441418,0.0,0.0,1.0,1.0
6342,-0.27649948,19.658762,19.60837,0.0,0.0,1.0,1.0
6343,-0.27469063,19.77111,19.779825,0.0,0.0,1.0,1.0
6344,-0.10245904,19.805132,19.951979,0.0,0.0,1.0,1.0
6345,-0.26601577,19.965897,20.07113,0.0,0.0,1.0,1.0
6346,-0.26205477,20.182587,20.182215,0.0,0.0,1.0,1.0
6347,-0.25528836,20.249931,20.283003,0.0,0.0,1.0,1.0
6348,-0.24250072,20.46194,20.392424,0.0,0.0,1.0,1.0
6349,-0.23251487,20.709068,20.482765,0.0,0.0,1.0,1.0
6350,-0.22935916,20.849165,20.581467,0.0,0.0,1.0,1.0
6351,-0.23580275,20.914518,20.685905,0.0,0.0,1.0,1.0
6352,-0.24094956,21.045862,20.78317,0.0,0.0,1.0,1.0
6353,-0.24489214,21.095104,20.87118,0.0,0.0,1.0,1.0
6354,-0.13612351,20.742867,20.961523,0.0,0.0,1.0,1.0
6355,-0.24678956,20.955524,21.04888,0.0,0.0,1.0,1.0
6356,-0.24439856,21.05839,21.16718,0.0,0.0,1.0,1.0
6357,-0.2409367,21.133099,21.27348,1.0,0.0,1.0,1.0
6358,-0.23565428,21.238678,21.37813,1.0,0.0,1.0,1.0
6359,-0.14280479,21.334053,21.468517,1.0,0.0,1.0,1.0
6360,-0.23191619,21.510227,21.54444,1.0,0.0,1.0,1.0
6361,-0.23232026,22.128653,21.658182,1.0,0.0,1.0,1.0
6362,-0.24073692,22.124779,21.766087,1.0,0.0,1.0,1.0
6363,-0.2473668,22.17033,21.870115,1.0,0.0,1.0,1.0
6364,-0.10710949,22.130503,21.971495,1.0,0.0,1.0,1.0
6365,-0.25328565,22.006172,22.050577,1.0,0.0,1.0,1.0
6366,-0.26002592,22.107786,22.12788,1.0,0.0,1.0,1.0
6367,-0.2667789,22.250376,22.230492,1.0,0.0,1.0,1.0
6368,-0.27212936,22.306726,22.294,1.0,0.0,1.0,1.0
6369,-0.26766428,22.349663,22.367882,1.0,0.0,1.0,1.0
6370,-0.11522372,22.187666,22.454193,1.0,0.0,1.0,1.0
6371,-0.26056767,22.26168,22.556807,1.0,0.0,1.0,1.0
6372,-0.2570214,22.741573,22.620993,1.0,0.0,1.0,1.0
6373,-0.2595507,22.890753,22.671387,1.0,0.0,1.0,1.0
6374,-0.26199245,23.011354,22.726963,1.0,0.0,1.0,1.0
6375,-0.27161956,23.206068,22.78154,1.0,0.0,1.0,1.0
6376,-0.28352204,23.361868,22.841442,1.0,0.0,1.0,1.0
6377,-0.2914255,22.776394,22.917427,1.0,0.0,1.0,1.0
6378,-0.1505332,22.712523,22.988499,1.0,0.0,1.0,1.0
6379,-0.3063794,22.917292,23.025917,1.0,0.0,1.0,1.0
6380,-0.31622237,22.961641,23.065308,1.0,0.0,1.0,1.0
6381,-0.33346283,23.068504,23.105593,1.0,0.0,1.0,1.0
6382,-0.3416304,23.099466,23.133099,1.0,0.0,1.0,1.0
6383,-0.3492303,23.114555,23.120146,1.0,0.0,1.0,1.0
6384,-0.19518901,23.190594,23.148273,1.0,0.0,1.0,1.0
6385,-0.36130515,23.363432,23.164951,1.0,0.0,1.0,1.0
6386,-0.36840874,23.494776,23.155497,1.0,0.0,1.0,1.0
6387,-0.37774387,23.53613,23.127695,1.0,0.0,1.0,1.0
6388,-0.24789995,23.206446,23.078491,1.0,0.0,1.0,1.0
6389,-0.40882066,23.11392,23.018852,1.0,0.0,1.0,1.0
6390,-0.4415728,22.912651,22.947134,1.0,0.0,1.0,1.0
6391,-0.47030145,22.803844,22.84877,1.0,0.0,1.0,1.0
6392,-0.50204057,22.628029,22.722845,1.0,0.0,1.0,1.0
6393,-0.3197263,22.47805,22.57685,1.0,0.0,1.0,1.0
6394,-0.526005,22.383804,22.406874,1.0,0.0,1.0,1.0
6395,-0.5300528,22.25393,22.241854,1.0,0.0,1.0,1.0
6396,-0.5587484,22.010223,22.047716,1.0,0.0,1.0,1.0
6397,-0.56373113,21.852333,21.846207,1.0,0.0,1.0,1.0
6398,-0.569818,21.742855,21.6225,1.0,0.0,1.0,1.0
6399,-0.5308733,21.496407,21.375372,1.0,0.0,1.0,1.0
6400,-0.5749306,21.226208,21.1154,0.0,0.0,1.0,1.0
6401,-0.5861256,20.784258,20.84585,0.0,0.0,1.0,1.0
6402,-0.5873985,20.494537,20.55339,0.0,0.0,1.0,1.0
6403,-0.5883547,20.11937,20.249243,0.0,0.0,1.0,1.0
6404,-0.44894224,19.662495,19.92927,0.0,0.0,1.0,1.0
6405,-0.59064436,19.358376,19.609777,0.0,0.0,1.0,1.0
6406,-0.5949598,19.149218,19.278479,0.0,0.0,1.0,1.0
6407,-0.5965849,18.74442,18.94914,0.0,0.0,1.0,1.0
6408,-0.53669864,18.36044,18.624939,0.0,0.0,1.0,1.0
6409,-0.588057,18.012657,18.292234,0.0,0.0,1.0,1.0
6410,-0.5574367,17.908945,17.958242,0.0,0.0,1.0,1.0
6411,-0.5769815,17.520815,17.642155,0.0,0.0,1.0,1.0
6412,-0.5593483,17.27416,17.334375,0.0,0.0,1.0,1.0
6413,-0.39958975,16.893827,17.018538,0.0,0.0,1.0,1.0
6414,-0.54000676,16.502085,16.707277,0.0,0.0,1.0,1.0
6415,-0.5316317,16.111467,16.412476,0.0,0.0,1.0,1.0
6416,-0.53119326,15.869454,16.128733,0.0,0.0,1.0,1.0
6417,-0.52381074,15.665017,15.837406,0.0,0.0,1.0,1.0
6418,-0.5127369,15.359172,15.572858,0.0,0.0,1.0,1.0
6419,-0.33570984,15.009277,15.320573,0.0,0.0,1.0,1.0
6420,-0.49809825,14.82283,15.117169,0.0,0.0,1.0,1.0
6421,-0.4831337,14.607731,14.936458,0.0,0.0,1.0,1.0
6422,-0.4635718,14.413037,14.787672,0.0,0.0,1.0,1.0
6423,-0.43827823,14.346241,14.66661,0.0,0.0,1.0,1.0
6424,-0.41426224,14.246731,14.562864,0.0,0.0,1.0,1.0
6425,-0.28037772,14.452995,14.483156,0.0,0.0,1.0,1.0
6426,-0.2610698,14.333533,14.454231,0.0,0.0,1.0,1.0
6427,-0.37786692,14.326046,14.455847,0.0,0.0,1.0,1.0
6428,-0.37203857,14.416709,14.53811,0.0,0.0,1.0,1.0
6429,-0.36437833,14.42007,14.669223,0.0,0.0,1.0,1.0
6430,-0.35693365,14.402668,14.837252,0.0,0.0,1.0,1.0
6431,-0.35270533,14.662187,15.057788,0.0,0.0,1.0,1.0
6432,-0.3500134,14.842214,15.288913,0.0,0.0,1.0,1.0
6433,-0.18171883,15.5948925,15.558771,0.0,0.0,1.0,1.0
6434,-0.34438366,15.986389,15.850506,0.0,0.0,1.0,1.0
6435,-0.33618295,16.362587,16.171312,0.0,0.0,1.0,1.0
6436,-0.3204202,16.893162,16.481556,0.0,0.0,1.0,1.0
6437,-0.3022852,17.226492,16.80867,0.0,0.0,1.0,1.0
6438,-0.2882964,17.571842,17.13184,0.0,0.0,1.0,1.0
6439,-0.27622393,17.826859,17.439716,0.0,0.0,1.0,1.0
6440,-0.10027383,18.266388,17.695656,0.0,0.0,1.0,1.0
6441,-0.26449975,18.142998,17.94407,0.0,0.0,1.0,1.0
6442,-0.2547922,18.328032,18.169432,0.0,0.0,1.0,1.0
6443,-0.06850491,18.54022,18.36056,0.0,0.0,1.0,1.0
6444,-0.2533611,18.536726,18.504387,0.0,0.0,1.0,1.0
6445,-0.26327538,18.666172,18.623455,0.0,0.0,1.0,1.0
6446,-0.26615307,18.967375,18.73453,0.0,0.0,1.0,1.0
6447,-0.26590642,19.066923,18.801294,0.0,0.0,1.0,1.0
6448,-0.26614937,19.186684,18.881279,0.0,0.0,1.0,1.0
6449,-0.26916647,18.952423,18.955732,0.0,0.0,1.0,1.0
6450,-0.26891387,19.000654,19.031178,0.0,0.0,1.0,1.0
6451,-0.2675633,19.159767,19.115505,0.0,0.0,1.0,1.0
6452,-0.2669068,19.067566,19.221075,0.0,0.0,1.0,1.0
6453,-0.2607985,19.102802,19.313618,0.0,0.0,1.0,1.0
6454,-0.26149037,19.221466,19.401674,0.0,0.0,1.0,1.0
6455,-0.26271003,19.445562,19.509943,0.0,0.0,1.0,1.0
6456,-0.26654193,19.548677,19.651695,0.0,0.0,1.0,1.0
6457,-0.12636895,19.93301,19.803947,0.0,0.0,1.0,1.0
6458,-0.26954415,20.07788,19.96019,0.0,0.0,1.0,1.0
6459,-0.27060187,20.1236,20.137064,0.0,0.0,1.0,1.0
6460,-0.2718932,20.485905,20.296524,0.0,0.0,1.0,1.0
6461,-0.26709858,20.653458,20.446102,0.0,0.0,1.0,1.0
6462,-0.26387587,20.827671,20.57411,0.0,0.0,1.0,1.0
6463,-0.1071833,21.03467,20.696205,0.0,0.0,1.0,1.0
6464,-0.25639802,21.190056,20.82218,0.0,0.0,1.0,1.0
6465,-0.25737026,21.01633,20.944807,0.0,0.0,1.0,1.0
6466,-0.25406355,21.016415,21.060547,0.0,0.0,1.0,1.0
6467,-0.25724664,20.981651,21.152433,0.0,0.0,1.0,1.0
6468,-0.27017274,21.013817,21.228157,1.0,0.0,1.0,1.0
6469,-0.27329606,21.444704,21.298935,1.0,0.0,1.0,1.0
6470,-0.28347346,21.549404,21.373983,1.0,0.0,1.0,1.0
6471,-0.2885149,21.512491,21.436956,1.0,0.0,1.0,1.0
6472,-0.14776619,21.588543,21.523754,1.0,0.0,1.0,1.0
6473,-0.29318604,21.56213,21.60868,1.0,0.0,1.0,1.0
6474,-0.29622558,21.677013,21.703756,1.0,0.0,1.0,1.0
6475,-0.30880436,21.935247,21.794817,1.0,0.0,1.0,1.0
6476,-0.32327557,21.945736,21.87025,1.0,0.0,1.0,1.0
6477,-0.34034434,22.0579,21.949722,1.0,0.0,1.0,1.0
6478,-0.35655805,22.035536,22.036053,1.0,0.0,1.0,1.0
6479,-0.3771867,22.122547,22.120222,1.0,0.0,1.0,1.0
6480,-0.19362314,22.106556,22.191784,1.0,0.0,1.0,1.0
6481,-0.39225483,22.349895,22.249485,1.0,0.0,1.0,1.0
6482,-0.40144852,22.503082,22.275698,1.0,0.0,1.0,1.0
6483,-0.41955185,22.54844,22.277327,1.0,0.0,1.0,1.0
6484,-0.43407315,22.598583,22.254625,1.0,0.0,1.0,1.0
6485,-0.4596575,22.420874,22.210047,1.0,0.0,1.0,1.0
6486,-0.47474992,22.369434,22.136543,1.0,0.0,1.0,1.0
6487,-0.33534813,22.249796,22.046997,1.0,0.0,1.0,1.0
6488,-0.5004763,21.965267,21.931402,1.0,0.0,1.0,1.0
6489,-0.51530004,21.785494,21.791374,1.0,0.0,1.0,1.0
6490,-0.5322337,21.500587,21.623701,1.0,0.0,1.0,1.0
6491,-0.5446934,21.240498,21.43552,1.0,0.0,1.0,1.0
6492,-0.5532504,21.032015,21.235966,1.0,0.0,1.0,1.0
6493,-0.360941,20.962755,21.023544,0.0,0.0,1.0,1.0
6494,-0.55762964,20.82274,20.803234,0.0,0.0,1.0,1.0
6495,-0.5672092,20.536379,20.585354,0.0,0.0,1.0,1.0
6496,-0.5817006,20.340397,20.34366,0.0,0.0,1.0,1.0
6497,-0.5923922,20.026226,20.107035,0.0,0.0,1.0,1.0
6498,-0.6040962,19.820374,19.87368,0.0,0.0,1.0,1.0
6499,-0.61152846,19.60607,19.642138,0.0,0.0,1.0,1.0
6500,-0.6124215,19.350704,19.400309,0.0,0.0,1.0,1.0
6501,-0.61191285,18.88518,19.159767,0.0,0.0,1.0,1.0
6502,-0.606619,18.661074,18.912386,0.0,0.0,1.0,1.0
6503,-0.6011263,18.44024,18.656939,0.0,0.0,1.0,1.0
6504,-0.59501946,18.253506,18.399675,0.0,0.0,1.0,1.0
6505,-0.43870744,18.060814,18.140783,0.0,0.0,1.0,1.0
6506,-0.59070927,17.936234,17.873306,0.0,0.0,1.0,1.0
6507,-0.587413,17.567812,17.602983,0.0,0.0,1.0,1.0
6508,-0.5792891,17.275034,17.350416,0.0,0.0,1.0,1.0
6509,-0.5687695,16.939062,17.089087,0.0,0.0,1.0,1.0
6510,-0.5569627,16.713673,16.820835,0.0,0.0,1.0,1.0
6511,-0.4149917,16.396347,16.545736,0.0,0.0,1.0,1.0
6512,-0.53962326,16.106821,16.279495,0.0,0.0,1.0,1.0
6513,-0.526461,15.854367,16.002832,0.0,0.0,1.0,1.0
6514,-0.51121765,15.525131,15.74822,0.0,0.0,1.0,1.0
6515,-0.4955863,15.221212,15.518595,0.0,0.0,1.0,1.0
6516,-0.4769048,14.952321,15.305527,0.0,0.0,1.0,1.0
6517,-0.4552312,14.865928,15.128255,0.0,0.0,1.0,1.0
6518,-0.2858307,14.616286,14.985727,0.0,0.0,1.0,1.0
6519,-0.43803507,14.512467,14.883956,0.0,0.0,1.0,1.0
6520,-0.41777134,14.519519,14.820326,0.0,0.0,1.0,1.0
6521,-0.393384,14.382254,14.783518,0.0,0.0,1.0,1.0
6522,-0.37446508,14.586404,14.78552,0.0,0.0,1.0,1.0
6523,-0.3671458,14.686023,14.820308,0.0,0.0,1.0,1.0
6524,-0.3598737,14.885565,14.870425,0.0,0.0,1.0,1.0
6525,-0.2048057,15.090804,14.951205,0.0,0.0,1.0,1.0
6526,-0.35687515,15.083429,15.053914,0.0,0.0,1.0,1.0
6527,-0.3523798,15.24524,15.177537,0.0,0.0,1.0,1.0
6528,-0.34828934,15.369775,15.327589,0.0,0.0,1.0,1.0
6529,-0.3370192,15.467336,15.480334,0.0,0.0,1.0,1.0
6530,-0.3242727,15.5856495,15.6394415,0.0,0.0,1.0,1.0
6531,-0.3066021,15.744967,15.792234,0.0,0.0,1.0,1.0
6532,-0.28520593,16.002996,15.952169,0.0,0.0,1.0,1.0
6533,-0.2841314,16.182877,16.110785,0.0,0.0,1.0,1.0
6534,-0.11239272,16.419355,16.276102,0.0,0.0,1.0,1.0
6535,-0.28966016,16.595306,16.427256,0.0,0.0,1.0,1.0
6536,-0.2885456,16.719082,16.580027,0.0,0.0,1.0,1.0
6537,-0.30941248,17.010015,16.740074,0.0,0.0,1.0,1.0
6538,-0.3121575,16.986809,16.901596,0.0,0.0,1.0,1.0
6539,-0.30959496,17.229065,17.0542,0.0,0.0,1.0,1.0
6540,-0.30452868,17.183603,17.20515,0.0,0.0,1.0,1.0
6541,-0.12867416,17.300583,17.350855,0.0,0.0,1.0,1.0
6542,-0.29633054,17.506235,17.496983,0.0,0.0,1.0,1.0
6543,-0.2896213,17.683216,17.635109,0.0,0.0,1.0,1.0
6544,-0.28266308,17.834242,17.7537,0.0,0.0,1.0,1.0
6545,-0.27776068,17.994305,17.883009,0.0,0.0,1.0,1.0
6546,-0.111872844,18.167795,17.997494,0.0,0.0,1.0,1.0
6547,-0.27145386,18.348846,18.125475,0.0,0.0,1.0,1.0
6548,-0.2714822,18.376596,18.237158,0.0,0.0,1.0,1.0
6549,-0.27245364,18.433117,18.335217,0.0,0.0,1.0,1.0
6550,-0.2733702,18.538504,18.417477,0.0,0.0,1.0,1.0
6551,-0.12338667,18.602884,18.492535,0.0,0.0,1.0,1.0
6552,-0.27440992,18.71938,18.546448,0.0,0.0,1.0,1.0
6553,-0.27533266,18.640772,18.581413,0.0,0.0,1.0,1.0
6554,-0.27431834,18.682936,18.601168,0.0,0.0,1.0,1.0
6555,-0.26870087,18.670351,18.620672,0.0,0.0,1.0,1.0
6556,-0.26511058,18.734919,18.640509,0.0,0.0,1.0,1.0
6557,-0.10979179,18.641277,18.659235,0.0,0.0,1.0,1.0
6558,-0.25909728,18.587368,18.67402,0.0,0.0,1.0,1.0
6559,-0.1180208,18.5859,18.682991,0.0,0.0,1.0,1.0
6560,-0.2644345,18.61066,18.710463,0.0,0.0,1.0,1.0
6561,-0.2721955,18.671152,18.74255,0.0,0.0,1.0,1.0
6562,-0.2792616,18.763212,18.778696,0.0,0.0,1.0,1.0
6563,-0.2889596,18.78033,18.808023,0.0,0.0,1.0,1.0
6564,-0.3009298,18.827007,18.85923,0.0,0.0,1.0,1.0
6565,-0.31298336,18.97044,18.916042,0.0,0.0,1.0,1.0
6566,-0.1592702,19.067978,18.975195,0.0,0.0,1.0,1.0
6567,-0.3262026,19.104115,19.039509,0.0,0.0,1.0,1.0
6568,-0.32864097,19.08685,19.111128,0.0,0.0,1.0,1.0
6569,-0.32876474,19.255758,19.196896,0.0,0.0,1.0,1.0
6570,-0.32931498,19.269104,19.289736,0.0,0.0,1.0,1.0
6571,-0.3369699,19.295738,19.36968,0.0,0.0,1.0,1.0
6572,-0.34872013,19.382418,19.430769,0.0,0.0,1.0,1.0
6573,-0.21464662,19.530584,19.480007,0.0,0.0,1.0,1.0
6574,-0.36427817,19.79243,19.527685,0.0,0.0,1.0,1.0
6575,-0.38355502,19.894407,19.578264,0.0,0.0,1.0,1.0
6576,-0.4027494,19.786345,19.619507,0.0,0.0,1.0,1.0
6577,-0.42648345,19.703503,19.641106,0.0,0.0,1.0,1.0
6578,-0.44379708,19.658833,19.665707,0.0,0.0,1.0,1.0
6579,-0.45740882,19.676262,19.680862,0.0,0.0,1.0,1.0
6580,-0.26906535,19.693787,19.668375,0.0,0.0,1.0,1.0
6581,-0.47211313,19.750675,19.625576,0.0,0.0,1.0,1.0
6582,-0.48297396,19.528276,19.577362,0.0,0.0,1.0,1.0
6583,-0.4856788,19.590965,19.532284,0.0,0.0,1.0,1.0
6584,-0.4921542,19.564291,19.488691,0.0,0.0,1.0,1.0
6585,-0.4934624,19.380722,19.429102,0.0,0.0,1.0,1.0
6586,-0.33677566,19.278856,19.353369,0.0,0.0,1.0,1.0
6587,-0.5305713,19.31582,19.275696,0.0,0.0,1.0,1.0
6588,-0.55718875,19.24541,19.192003,0.0,0.0,1.0,1.0
6589,-0.3834706,19.180403,19.12259,0.0,0.0,1.0,1.0
6590,-0.5786295,18.943754,19.037498,0.0,0.0,1.0,1.0
6591,-0.6015977,18.767473,18.94739,0.0,0.0,1.0,1.0
6592,-0.6120034,18.7617,18.841843,0.0,0.0,1.0,1.0
6593,-0.6232651,18.746368,18.743198,0.0,0.0,1.0,1.0
6594,-0.63006294,18.695314,18.619389,0.0,0.0,1.0,1.0
6595,-0.6321406,18.56987,18.481295,0.0,0.0,1.0,1.0
6596,-0.6302093,18.482988,18.350002,0.0,0.0,1.0,1.0
6597,-0.62816155,18.114145,18.217745,0.0,0.0,1.0,1.0
6598,-0.62828404,18.09514,18.069479,0.0,0.0,1.0,1.0
6599,-0.6002816,17.830107,17.899513,0.0,0.0,1.0,1.0
6600,-0.62693757,17.58828,17.700397,0.0,0.0,1.0,1.0
6601,-0.62631696,17.60488,17.480614,0.0,0.0,1.0,1.0
6602,-0.624134,17.356682,17.248894,0.0,0.0,1.0,1.0
6603,-0.5682388,16.988276,17.008823,0.0,0.0,1.0,1.0
6604,-0.61018366,16.722115,16.772123,0.0,0.0,1.0,1.0
6605,-0.4610692,16.356981,16.511766,0.0,0.0,1.0,1.0
6606,-0.59590906,16.057913,16.249613,0.0,0.0,1.0,1.0
6607,-0.5766507,15.789207,15.986613,0.0,0.0,1.0,1.0
6608,-0.5556801,15.602161,15.714371,0.0,0.0,1.0,1.0
6609,-0.4562061,15.273731,15.444714,0.0,0.0,1.0,1.0
6610,-0.51989156,14.970869,15.199103,0.0,0.0,1.0,1.0
6611,-0.5023089,14.68425,14.9716625,0.0,0.0,1.0,1.0
6612,-0.4970893,14.432292,14.757927,0.0,0.0,1.0,1.0
6613,-0.32956642,14.33797,14.575829,0.0,0.0,1.0,1.0
6614,-0.48900664,14.120803,14.4319315,0.0,0.0,1.0,1.0
6615,-0.47714838,14.040952,14.3194,0.0,0.0,1.0,1.0
6616,-0.45644596,13.992822,14.26201,0.0,0.0,1.0,1.0
6617,-0.44565904,13.792151,14.255995,0.0,0.0,1.0,1.0
6618,-0.42087764,13.872737,14.284617,0.0,0.0,1.0,1.0
6619,-0.40303415,14.062437,14.341419,0.0,0.0,1.0,1.0
6620,-0.24064626,14.251786,14.4179945,0.0,0.0,1.0,1.0
6621,-0.38575548,14.585047,14.526491,0.0,0.0,1.0,1.0
6622,-0.3661623,14.898693,14.665772,0.0,0.0,1.0,1.0
6623,-0.3582088,15.027722,14.839062,0.0,0.0,1.0,1.0
6624,-0.35089132,15.113911,15.0550165,0.0,0.0,1.0,1.0
6625,-0.34760195,15.256869,15.302195,0.0,0.0,1.0,1.0
6626,-0.34555086,15.422771,15.559585,0.0,0.0,1.0,1.0
6627,-0.34664539,15.71232,15.813648,0.0,0.0,1.0,1.0
6628,-0.1534329,16.0723,16.05225,0.0,0.0,1.0,1.0
6629,-0.35023558,16.383608,16.275106,0.0,0.0,1.0,1.0
6630,-0.35163113,16.838867,16.48598,0.0,0.0,1.0,1.0
6631,-0.3450543,17.151117,16.698353,0.0,0.0,1.0,1.0
6632,-0.34113014,17.300558,16.894342,0.0,0.0,1.0,1.0
6633,-0.3341747,17.44826,17.08075,0.0,0.0,1.0,1.0
6634,-0.3223797,17.572983,17.26506,0.0,0.0,1.0,1.0
6635,-0.12986219,17.558186,17.444427,0.0,0.0,1.0,1.0
6636,-0.30630258,17.662405,17.62702,0.0,0.0,1.0,1.0
6637,-0.29168475,17.60874,17.79228,0.0,0.0,1.0,1.0
6638,-0.28017527,17.659658,17.940441,0.0,0.0,1.0,1.0
6639,-0.27539274,17.924036,18.067171,0.0,0.0,1.0,1.0
6640,-0.28589943,18.224705,18.192467,0.0,0.0,1.0,1.0
6641,-0.29053152,18.57473,18.30414,0.0,0.0,1.0,1.0
6642,-0.29377604,18.821978,18.422443,0.0,0.0,1.0,1.0
6643,-0.292719,18.92906,18.551014,0.0,0.0,1.0,1.0
6644,-0.2901895,18.821321,18.702637,0.0,0.0,1.0,1.0
6645,-0.2900406,18.951809,18.855999,0.0,0.0,1.0,1.0
6646,-0.28633806,18.913055,19.014368,0.0,0.0,1.0,1.0
6647,-0.13813496,18.977835,19.161459,0.0,0.0,1.0,1.0
6648,-0.28452718,19.205246,19.298267,0.0,0.0,1.0,1.0
6649,-0.2824121,19.428202,19.428856,0.0,0.0,1.0,1.0
6650,-0.2881045,19.500015,19.562145,0.0,0.0,1.0,1.0
6651,-0.29355898,19.824453,19.701777,0.0,0.0,1.0,1.0
6652,-0.1496853,19.989796,19.835869,0.0,0.0,1.0,1.0
6653,-0.29892543,20.216429,19.981209,0.0,0.0,1.0,1.0
6654,-0.29517204,20.389042,20.143799,0.0,0.0,1.0,1.0
6655,-0.30170494,20.528528,20.304455,0.0,0.0,1.0,1.0
6656,-0.29854906,20.496918,20.445005,0.0,0.0,1.0,1.0
6657,-0.3015888,20.560905,20.57782,0.0,0.0,1.0,1.0
6658,-0.29832223,20.657146,20.69443,0.0,0.0,1.0,1.0
6659,-0.16055277,20.928913,20.798855,0.0,0.0,1.0,1.0
6660,-0.29835886,21.1331,20.880196,0.0,0.0,1.0,1.0
6661,-0.2992572,21.114824,20.944805,0.0,0.0,1.0,1.0
6662,-0.30471832,21.093794,20.994171,0.0,0.0,1.0,1.0
6663,-0.3131585,21.223751,21.07095,0.0,0.0,1.0,1.0
6664,-0.32413945,21.242916,21.131407,0.0,0.0,1.0,1.0
6665,-0.33752286,21.192507,21.157192,0.0,0.0,1.0,1.0
6666,-0.18744113,21.16435,21.151434,0.0,0.0,1.0,1.0
6667,-0.35232276,21.120926,21.148731,0.0,0.0,1.0,1.0
6668,-0.3659122,21.418255,21.141397,0.0,0.0,1.0,1.0
6669,-0.38254952,21.286404,21.111544,0.0,0.0,1.0,1.0
6670,-0.39001483,20.96656,21.052954,0.0,0.0,1.0,1.0
6671,-0.40308678,20.859821,20.995354,0.0,0.0,1.0,1.0
6672,-0.41229644,21.100668,20.940596,0.0,0.0,1.0,1.0
6673,-0.4246831,21.026829,20.876013,0.0,0.0,1.0,1.0
6674,-0.44427612,20.735535,20.800652,0.0,0.0,1.0,1.0
6675,-0.26744694,20.520676,20.688522,0.0,0.0,1.0,1.0
6676,-0.47147754,20.551702,20.5826,0.0,0.0,1.0,1.0
6677,-0.49628162,20.535412,20.503483,0.0,0.0,1.0,1.0
6678,-0.51376325,20.389366,20.42135,0.0,0.0,1.0,1.0
6679,-0.528562,20.216583,20.27811,0.0,0.0,1.0,1.0
6680,-0.5444116,20.072702,20.13194,0.0,0.0,1.0,1.0
6681,-0.5622028,20.01533,20.010115,0.0,0.0,1.0,1.0
6682,-0.38797742,20.017174,19.901367,0.0,0.0,1.0,1.0
6683,-0.5740795,19.874224,19.758085,0.0,0.0,1.0,1.0
6684,-0.587901,19.38179,19.595127,0.0,0.0,1.0,1.0
6685,-0.6030248,19.272806,19.444061,0.0,0.0,1.0,1.0
6686,-0.6108009,19.273602,19.306574,0.0,0.0,1.0,1.0
6687,-0.61987746,19.215714,19.160765,0.0,0.0,1.0,1.0
6688,-0.44425914,18.832314,19.00724,0.0,0.0,1.0,1.0
6689,-0.623669,18.57991,18.844652,0.0,0.0,1.0,1.0
6690,-0.6258327,18.5766,18.67799,0.0,0.0,1.0,1.0
6691,-0.63047874,18.566721,18.534662,0.0,0.0,1.0,1.0
6692,-0.47889736,18.322998,18.37422,0.0,0.0,1.0,1.0
6693,-0.6394749,18.17304,18.196201,0.0,0.0,1.0,1.0
6694,-0.64335614,18.066118,18.005322,0.0,0.0,1.0,1.0
6695,-0.6439613,17.87426,17.832253,0.0,0.0,1.0,1.0
6696,-0.6427976,17.661856,17.667385,0.0,0.0,1.0,1.0
6697,-0.635036,17.347515,17.484959,0.0,0.0,1.0,1.0
6698,-0.52558035,17.137363,17.273935,0.0,0.0,1.0,1.0
6699,-0.62737465,16.92517,17.058365,0.0,0.0,1.0,1.0
6700,-0.6094291,16.755487,16.849579,0.0,0.0,1.0,1.0
6701,-0.583493,16.601484,16.634619,0.0,0.0,1.0,1.0
6702,-0.59237224,16.387478,16.408554,0.0,0.0,1.0,1.0
6703,-0.60601985,16.03445,16.185171,0.0,0.0,1.0,1.0
6704,-0.5807232,15.736164,15.969613,0.0,0.0,1.0,1.0
6705,-0.5705439,15.667591,15.769275,0.0,0.0,1.0,1.0
6706,-0.5594489,15.48661,15.56758,0.0,0.0,1.0,1.0
6707,-0.39921537,15.161474,15.385686,0.0,0.0,1.0,1.0
6708,-0.54461235,14.98126,15.231602,0.0,0.0,1.0,1.0
6709,-0.52594787,14.760827,15.099342,0.0,0.0,1.0,1.0
6710,-0.5055622,14.733294,14.993825,0.0,0.0,1.0,1.0
6711,-0.48672217,14.504841,14.914353,0.0,0.0,1.0,1.0
6712,-0.47211486,14.572761,14.847345,0.0,0.0,1.0,1.0
6713,-0.4596313,14.752474,14.822899,0.0,0.0,1.0,1.0
6714,-0.44688988,14.800365,14.833795,0.0,0.0,1.0,1.0
6715,-0.28230086,14.768232,14.87694,0.0,0.0,1.0,1.0
6716,-0.43927035,14.782508,14.940813,0.0,0.0,1.0,1.0
6717,-0.4193351,14.8635025,15.025955,0.0,0.0,1.0,1.0
6718,-0.4057853,15.193246,15.146832,0.0,0.0,1.0,1.0
6719,-0.39427692,15.292224,15.27562,0.0,0.0,1.0,1.0
6720,-0.37416148,15.499002,15.404537,0.0,0.0,1.0,1.0
6721,-0.2307888,15.52731,15.535779,0.0,0.0,1.0,1.0
6722,-0.36139062,15.755001,15.693083,0.0,0.0,1.0,1.0
6723,-0.35237402,15.95536,15.861519,0.0,0.0,1.0,1.0
6724,-0.35125878,16.11822,16.019634,0.0,0.0,1.0,1.0
6725,-0.34752613,16.29947,16.1679,0.0,0.0,1.0,1.0
6726,-0.34676602,16.375269,16.33301,0.0,0.0,1.0,1.0
6727,-0.34259996,16.655882,16.502598,0.0,0.0,1.0,1.0
6728,-0.11744096,16.803738,16.690147,0.0,0.0,1.0,1.0
6729,-0.33516973,16.760887,16.854591,0.0,0.0,1.0,1.0
6730,-0.32402167,16.972446,17.011133,0.0,0.0,1.0,1.0
6731,-0.30822495,17.27352,17.159882,0.0,0.0,1.0,1.0
6732,-0.13084912,17.534073,17.294014,0.0,0.0,1.0,1.0
6733,-0.30520132,17.777899,17.420218,0.0,0.0,1.0,1.0
6734,-0.31367847,17.728325,17.52259,0.0,0.0,1.0,1.0
6735,-0.32330102,17.83387,17.620504,0.0,0.0,1.0,1.0
6736,-0.32518196,17.9032,17.727997,0.0,0.0,1.0,1.0
6737,-0.1603658,17.90906,17.827412,0.0,0.0,1.0,1.0
6738,-0.3288712,17.889704,17.904694,0.0,0.0,1.0,1.0
6739,-0.32776934,17.884357,17.953623,0.0,0.0,1.0,1.0
6740,-0.32317978,17.978718,18.002043,0.0,0.0,1.0,1.0
6741,-0.31396785,18.05078,18.056602,0.0,0.0,1.0,1.0
6742,-0.20099688,18.165434,18.102715,0.0,0.0,1.0,1.0
6743,-0.27261314,18.200897,18.135881,0.0,0.0,1.0,1.0
6744,-0.30802327,18.121235,18.153374,0.0,0.0,1.0,1.0
6745,-0.30792683,18.358927,18.18946,0.0,0.0,1.0,1.0
6746,-0.3080197,18.383055,18.23062,0.0,0.0,1.0,1.0
6747,-0.30875853,18.38722,18.263954,0.0,0.0,1.0,1.0
6748,-0.16389298,18.30119,18.3019,0.0,0.0,1.0,1.0
6749,-0.30976677,18.11896,18.34922,0.0,0.0,1.0,1.0
6750,-0.30526793,18.322756,18.412775,0.0,0.0,1.0,1.0
6751,-0.3051421,18.378262,18.484667,0.0,0.0,1.0,1.0
6752,-0.24936332,18.378748,18.549795,0.0,0.0,1.0,1.0
6753,-0.2999873,18.506119,18.618645,0.0,0.0,1.0,1.0
6754,-0.15210661,18.733267,18.703056,0.0,0.0,1.0,1.0
6755,-0.30287156,18.963562,18.810017,0.0,0.0,1.0,1.0
6756,-0.29979914,18.983934,18.924519,0.0,0.0,1.0,1.0
6757,-0.2978388,19.140465,19.015865,0.0,0.0,1.0,1.0
6758,-0.29706037,19.209255,19.118671,0.0,0.0,1.0,1.0
6759,-0.30304742,19.400148,19.244888,0.0,0.0,1.0,1.0
6760,-0.31092852,19.584715,19.37721,0.0,0.0,1.0,1.0
6761,-0.31843126,19.49299,19.48692,0.0,0.0,1.0,1.0
6762,-0.32966504,19.418924,19.591421,0.0,0.0,1.0,1.0
6763,-0.20276058,19.611917,19.705751,0.0,0.0,1.0,1.0
6764,-0.3442938,19.893356,19.816135,0.0,0.0,1.0,1.0
6765,-0.35993624,20.094004,19.909096,0.0,0.0,1.0,1.0
6766,-0.3525405,20.049767,19.980928,0.0,0.0,1.0,1.0
6767,-0.39045724,20.217571,20.033918,0.0,0.0,1.0,1.0
6768,-0.40221256,20.355896,20.08504,0.0,0.0,1.0,1.0
6769,-0.41711748,20.46507,20.13022,0.0,0.0,1.0,1.0
6770,-0.2618729,20.324781,20.14829,0.0,0.0,1.0,1.0
6771,-0.43476242,20.262136,20.139954,0.0,0.0,1.0,1.0
6772,-0.45105198,20.220612,20.120592,0.0,0.0,1.0,1.0
6773,-0.47618762,20.106428,20.09069,0.0,0.0,1.0,1.0
6774,-0.50735176,19.961103,20.014555,0.0,0.0,1.0,1.0
6775,-0.53125244,19.828762,19.896147,0.0,0.0,1.0,1.0
6776,-0.5551259,19.79332,19.74191,0.0,0.0,1.0,1.0
6777,-0.5697062,19.861656,19.580915,0.0,0.0,1.0,1.0
6778,-0.3680983,19.690947,19.408167,0.0,0.0,1.0,1.0
6779,-0.5835538,19.303946,19.229221,0.0,0.0,1.0,1.0
6780,-0.5897372,18.935007,19.050602,0.0,0.0,1.0,1.0
6781,-0.59628004,18.614223,18.871717,0.0,0.0,1.0,1.0
6782,-0.59565663,18.392853,18.68451,0.0,0.0,1.0,1.0
6783,-0.41533202,18.18914,18.48684,0.0,0.0,1.0,1.0
6784,-0.5961133,18.073261,18.26475,0.0,0.0,1.0,1.0
6785,-0.6097721,17.963001,18.048786,0.0,0.0,1.0,1.0
6786,-0.6309947,17.814493,17.845383,0.0,0.0,1.0,1.0
6787,-0.47051594,17.582262,17.647026,0.0,0.0,1.0,1.0
6788,-0.6528962,17.421282,17.459995,0.0,0.0,1.0,1.0
6789,-0.6643741,17.196587,17.27991,0.0,0.0,1.0,1.0
6790,-0.6677585,17.099371,17.116867,0.0,0.0,1.0,1.0
6791,-0.66913605,16.86311,16.952526,0.0,0.0,1.0,1.0
6792,-0.6678366,16.554728,16.786999,0.0,0.0,1.0,1.0
6793,-0.5506009,16.369854,16.621391,0.0,0.0,1.0,1.0
6794,-0.66051304,16.231829,16.459993,0.0,0.0,1.0,1.0
6795,-0.6568071,16.23262,16.29778,0.0,0.0,1.0,1.0
6796,-0.65108645,16.101168,16.135807,0.0,0.0,1.0,1.0
6797,-0.64526284,15.97668,15.983577,0.0,0.0,1.0,1.0
6798,-0.545398,15.827203,15.840052,0.0,0.0,1.0,1.0
6799,-0.64085424,15.645489,15.711316,0.0,0.0,1.0,1.0
6800,-0.63594395,15.47472,15.587816,0.0,0.0,1.0,1.0
6801,-0.62484485,15.252903,15.467271,0.0,0.0,1.0,1.0
6802,-0.61692137,15.272622,15.345457,0.0,0.0,1.0,1.0
6803,-0.47605452,15.140808,15.232655,0.0,0.0,1.0,1.0
6804,-0.60011333,15.009896,15.126053,0.0,0.0,1.0,1.0
6805,-0.5841378,14.887857,15.030509,0.0,0.0,1.0,1.0
6806,-0.56383866,14.785284,14.941421,0.0,0.0,1.0,1.0
6807,-0.5418637,14.77085,14.86234,0.0,0.0,1.0,1.0
6808,-0.51761657,14.747546,14.80585,0.0,0.0,1.0,1.0
6809,-0.38129008,14.69746,14.749034,0.0,0.0,1.0,1.0
6810,-0.36779195,14.680672,14.705192,0.0,0.0,1.0,1.0
6811,-0.47417223,14.576433,14.68474,0.0,0.0,1.0,1.0
6812,-0.4558544,14.5257435,14.698371,0.0,0.0,1.0,1.0
6813,-0.44150025,14.575025,14.728722,0.0,0.0,1.0,1.0
6814,-0.43448958,14.590835,14.775306,0.0,0.0,1.0,1.0
6815,-0.42888895,14.614699,14.833882,0.0,0.0,1.0,1.0
6816,-0.42132628,14.764482,14.918801,0.0,0.0,1.0,1.0
6817,-0.41450065,15.051426,15.012679,0.0,0.0,1.0,1.0
6818,-0.23351625,15.149494,15.127747,0.0,0.0,1.0,1.0
6819,-0.40800288,15.329855,15.265011,0.0,0.0,1.0,1.0
6820,-0.39275616,15.450468,15.409802,0.0,0.0,1.0,1.0
6821,-0.37951866,15.716486,15.57702,0.0,0.0,1.0,1.0
6822,-0.36239928,15.8071995,15.769446,0.0,0.0,1.0,1.0
6823,-0.34244543,15.957252,15.9705925,0.0,0.0,1.0,1.0
6824,-0.34731463,16.172909,16.166931,0.0,0.0,1.0,1.0
6825,-0.3501271,16.312527,16.371313,0.0,0.0,1.0,1.0
6826,-0.16147183,16.59744,16.63221,0.0,0.0,1.0,1.0
6827,-0.35774812,16.923819,16.94953,0.0,0.0,1.0,1.0
6828,-0.36204287,17.178236,17.237589,0.0,0.0,1.0,1.0
6829,-0.3656947,17.407497,17.51403,0.0,0.0,1.0,1.0
6830,-0.36522582,17.602062,17.783535,0.0,0.0,1.0,1.0
6831,-0.36767045,18.460625,18.111214,0.0,0.0,1.0,1.0
6832,-0.36464223,19.258303,18.42268,0.0,0.0,1.0,1.0
6833,-0.17539501,19.173204,18.722597,0.0,0.0,1.0,1.0
6834,-0.35881817,19.124502,18.992775,0.0,0.0,1.0,1.0
6835,-0.3490903,19.191298,19.246555,0.0,0.0,1.0,1.0
6836,-0.33895686,20.105053,19.48444,0.0,0.0,1.0,1.0
6837,-0.32823855,20.050125,19.695757,0.0,0.0,1.0,1.0
6838,-0.1514563,20.196442,19.82567,0.0,0.0,1.0,1.0
6839,-0.3199011,20.165943,19.891216,0.0,0.0,1.0,1.0
6840,-0.33529866,20.223608,19.962893,0.0,0.0,1.0,1.0
6841,-0.32428992,20.262115,20.046246,0.0,0.0,1.0,1.0
6842,-0.32559848,20.13786,20.074663,0.0,0.0,1.0,1.0
6843,-0.17761926,20.01959,19.971497,0.0,0.0,1.0,1.0
6844,-0.32545465,20.044853,19.865007,0.0,0.0,1.0,1.0
6845,-0.3238938,20.033333,19.74207,0.0,0.0,1.0,1.0
6846,-0.32342625,20.12473,19.61389,0.0,0.0,1.0,1.0
6847,-0.25650302,19.53231,19.426224,0.0,0.0,1.0,1.0
6848,-0.17747979,18.86705,19.247667,0.0,0.0,1.0,1.0
6849,-0.31540275,18.772263,19.080238,0.0,0.0,1.0,1.0
6850,-0.31977892,18.721188,18.93553,0.0,0.0,1.0,1.0
6851,-0.31809387,18.627775,18.792858,0.0,0.0,1.0,1.0
6852,-0.18777697,17.971622,18.66416,0.0,0.0,1.0,1.0
6853,-0.32602984,18.119438,18.537783,0.0,0.0,1.0,1.0
6854,-0.3310908,18.128714,18.475254,0.0,0.0,1.0,1.0
6855,-0.33923367,18.283073,18.47849,0.0,0.0,1.0,1.0
6856,-0.34013546,18.33279,18.497946,0.0,0.0,1.0,1.0
6857,-0.34286404,18.488966,18.521818,0.0,0.0,1.0,1.0
6858,-0.21900535,18.608194,18.579554,0.0,0.0,1.0,1.0
6859,-0.34187588,18.781986,18.700714,0.0,0.0,1.0,1.0
6860,-0.22781092,18.905876,18.828968,0.0,0.0,1.0,1.0
6861,-0.2399693,19.005722,18.960266,0.0,0.0,1.0,1.0
6862,-0.3500696,19.007658,19.091234,0.0,0.0,1.0,1.0
6863,-0.24620345,19.320602,19.212019,0.0,0.0,1.0,1.0
6864,-0.2603098,19.425554,19.333527,0.0,0.0,1.0,1.0
6865,-0.38713408,19.658476,19.457867,0.0,0.0,1.0,1.0
6866,-0.26326966,19.704302,19.562155,0.0,0.0,1.0,1.0
6867,-0.41600662,19.854683,19.654167,0.0,0.0,1.0,1.0
6868,-0.4473554,19.782202,19.730434,0.0,0.0,1.0,1.0
6869,-0.4701329,19.94706,19.803455,0.0,0.0,1.0,1.0
6870,-0.49188045,20.100279,19.819593,0.0,0.0,1.0,1.0
6871,-0.5063517,20.033447,19.811302,0.0,0.0,1.0,1.0
6872,-0.5179672,20.010012,19.764156,0.0,0.0,1.0,1.0
6873,-0.34103242,19.920933,19.711525,0.0,0.0,1.0,1.0
6874,-0.5281142,19.883907,19.611004,0.0,0.0,1.0,1.0
6875,-0.534009,19.514275,19.507975,0.0,0.0,1.0,1.0
6876,-0.539678,19.326061,19.386116,0.0,0.0,1.0,1.0
6877,-0.45488495,19.092722,19.266987,0.0,0.0,1.0,1.0
6878,-0.48761272,19.072721,19.15479,0.0,0.0,1.0,1.0
6879,-0.48761272,18.648434,19.05335,0.0,0.0,1.0,1.0
6880,-0.48761272,18.545835,18.952011,0.0,0.0,1.0,1.0
6881,-0.48761272,18.484764,18.852869,0.0,0.0,1.0,1.0
6882,-0.48761272,18.670736,18.787497,0.0,0.0,1.0,1.0
6883,-0.48761272,18.687092,18.743023,0.0,0.0,1.0,1.0
6884,-0.48761272,18.792725,18.716406,0.0,0.0,1.0,1.0
6885,-0.48761272,18.70486,18.699856,0.0,0.0,1.0,1.0
6886,-0.48761272,18.694212,18.74215,0.0,0.0,1.0,1.0
6887,-0.48761272,18.729803,18.795916,0.0,0.0,1.0,1.0
6888,-0.48761272,18.792381,18.862507,0.0,0.0,1.0,1.0
6889,-0.48761272,18.773306,18.907867,0.0,0.0,1.0,1.0
6890,-0.48761272,18.874128,18.949793,0.0,0.0,1.0,1.0
6891,-0.48761272,19.155945,18.967682,0.0,0.0,1.0,1.0
6892,-0.48761272,19.191042,18.991587,0.0,0.0,1.0,1.0
6893,-0.48761272,19.283855,19.009655,0.0,0.0,1.0,1.0
6894,-0.6764234,19.215055,19.009514,0.0,0.0,1.0,1.0
6895,-0.66869855,19.190199,18.99511,0.0,0.0,1.0,1.0
6896,-0.6509892,19.007387,18.963474,0.0,0.0,1.0,1.0
6897,-0.5081951,18.991732,18.907057,0.0,0.0,1.0,1.0
6898,-0.63182294,18.911022,18.81835,0.0,0.0,1.0,1.0
6899,-0.6077137,18.728119,18.724152,0.0,0.0,1.0,1.0
6900,-0.5840602,18.619528,18.61218,0.0,0.0,1.0,1.0
6901,-0.57126564,18.393688,18.492361,0.0,0.0,1.0,1.0
6902,-0.5701143,18.197117,18.35799,0.0,0.0,1.0,1.0
6903,-0.5590353,18.091446,18.239576,0.0,0.0,1.0,1.0
6904,-0.54251385,18.060667,18.1232,0.0,0.0,1.0,1.0
6905,-0.52635354,17.940203,18.023174,0.0,0.0,1.0,1.0
6906,-0.389068,17.777222,17.96566,0.0,0.0,1.0,1.0
6907,-0.5073187,17.57775,17.947897,0.0,0.0,1.0,1.0
6908,-0.4901381,17.586416,17.94827,0.0,0.0,1.0,1.0
6909,-0.3666415,17.595213,17.979607,0.0,0.0,1.0,1.0
6910,-0.35175776,17.71072,18.047182,0.0,0.0,1.0,1.0
6911,-0.33706063,18.037958,18.115784,0.0,0.0,1.0,1.0
6912,-0.3196964,18.406357,18.216516,0.0,0.0,1.0,1.0
6913,-0.29529086,18.398176,18.351133,0.0,0.0,1.0,1.0
6914,-0.42196378,18.573162,18.519213,0.0,0.0,1.0,1.0
6915,-0.4238474,18.90235,18.688446,0.0,0.0,1.0,1.0
6916,-0.4169167,18.883886,18.865147,0.0,0.0,1.0,1.0
6917,-0.4106411,19.14898,19.058249,0.0,0.0,1.0,1.0
6918,-0.40545818,19.392624,19.242283,0.0,0.0,1.0,1.0
6919,-0.40224385,19.594717,19.405638,0.0,0.0,1.0,1.0
6920,-0.20804742,19.617199,19.58338,0.0,0.0,1.0,1.0
6921,-0.39302638,19.71564,19.75476,0.0,0.0,1.0,1.0
6922,-0.38025892,20.027945,19.887331,0.0,0.0,1.0,1.0
6923,-0.37593657,20.246357,20.017881,0.0,0.0,1.0,1.0
6924,-0.37575382,20.366623,20.144098,0.0,0.0,1.0,1.0
6925,-0.37182516,20.531078,20.26233,0.0,0.0,1.0,1.0
6926,-0.36782268,20.629728,20.365385,0.0,0.0,1.0,1.0
6927,-0.1683634,20.493193,20.49145,0.0,0.0,1.0,1.0
6928,-0.36490554,20.450497,20.613003,0.0,0.0,1.0,1.0
6929,-0.35738984,20.663584,20.718008,0.0,0.0,1.0,1.0
6930,-0.34808874,20.8114,20.815228,0.0,0.0,1.0,1.0
6931,-0.33678544,20.831377,20.916477,0.0,0.0,1.0,1.0
6932,-0.34119898,21.129982,21.021086,0.0,0.0,1.0,1.0
6933,-0.3466165,21.174269,21.126799,0.0,0.0,1.0,1.0
6934,-0.3529817,21.288004,21.268547,1.0,0.0,1.0,1.0
6935,-0.3558949,21.412987,21.427452,1.0,0.0,1.0,1.0
6936,-0.3583392,21.581636,21.582428,1.0,0.0,1.0,1.0
6937,-0.35319024,21.78638,21.736034,1.0,0.0,1.0,1.0
6938,-0.35146594,21.898273,21.906694,1.0,0.0,1.0,1.0
6939,-0.34793448,22.194185,22.057924,1.0,0.0,1.0,1.0
6940,-0.20122793,22.357353,22.212538,1.0,0.0,1.0,1.0
6941,-0.34908107,22.523287,22.33839,1.0,0.0,1.0,1.0
6942,-0.35068765,22.654669,22.447336,1.0,0.0,1.0,1.0
6943,-0.3528431,22.879297,22.543612,1.0,0.0,1.0,1.0
6944,-0.35358375,22.944744,22.62212,1.0,0.0,1.0,1.0
6945,-0.20020616,23.02963,22.666077,1.0,0.0,1.0,1.0
6946,-0.3532661,22.798244,22.685574,1.0,0.0,1.0,1.0
6947,-0.3510539,22.720324,22.680546,1.0,0.0,1.0,1.0
6948,-0.34612015,22.736954,22.653208,1.0,0.0,1.0,1.0
6949,-0.34506994,22.728476,22.616594,1.0,0.0,1.0,1.0
6950,-0.34394047,22.425758,22.558859,1.0,0.0,1.0,1.0
6951,-0.34717867,22.428137,22.490864,1.0,0.0,1.0,1.0
6952,-0.21614112,22.29702,22.405848,1.0,0.0,1.0,1.0
6953,-0.35506216,22.195236,22.33823,1.0,0.0,1.0,1.0
6954,-0.36435863,22.215302,22.281712,1.0,0.0,1.0,1.0
6955,-0.36464536,22.186493,22.210281,1.0,0.0,1.0,1.0
6956,-0.36838078,22.128782,22.126202,1.0,0.0,1.0,1.0
6957,-0.3681267,22.009447,22.072325,1.0,0.0,1.0,1.0
6958,-0.25810674,21.986841,22.022438,1.0,0.0,1.0,1.0
6959,-0.27527755,22.0421,21.975874,1.0,0.0,1.0,1.0
6960,-0.29391068,21.879793,21.944283,1.0,0.0,1.0,1.0
6961,-0.29723412,21.719501,21.930508,1.0,0.0,1.0,1.0
6962,-0.4178671,21.77924,21.904537,1.0,0.0,1.0,1.0
6963,-0.43758935,21.82951,21.883413,1.0,0.0,1.0,1.0
6964,-0.45407832,21.738241,21.878815,1.0,0.0,1.0,1.0
6965,-0.47366163,21.816128,21.863861,1.0,0.0,1.0,1.0
6966,-0.48207727,22.050016,21.824282,1.0,0.0,1.0,1.0
6967,-0.48619762,21.874853,21.792341,1.0,0.0,1.0,1.0
6968,-0.49605247,21.875278,21.759117,1.0,0.0,1.0,1.0
6969,-0.50177157,21.954264,21.697994,1.0,0.0,1.0,1.0
6970,-0.56276727,21.807411,21.609125,1.0,0.0,1.0,1.0
6971,-0.55607164,21.567146,21.53439,1.0,0.0,1.0,1.0
6972,-0.5891061,21.496506,21.45522,1.0,0.0,1.0,1.0
6973,-0.6169159,21.3208,21.347828,1.0,0.0,1.0,1.0
6974,-0.56740475,21.04577,21.245277,1.0,0.0,1.0,1.0
6975,-0.6393685,20.76308,21.129967,0.0,0.0,1.0,1.0
6976,-0.66351765,20.841425,20.999119,0.0,0.0,1.0,1.0
6977,-0.6810839,20.866081,20.875172,0.0,0.0,1.0,1.0
6978,-0.6890382,20.76132,20.780903,0.0,0.0,1.0,1.0
6979,-0.6902093,20.644241,20.692373,0.0,0.0,1.0,1.0
6980,-0.694762,20.491566,20.618143,0.0,0.0,1.0,1.0
6981,-0.50842077,20.384089,20.564135,0.0,0.0,1.0,1.0
6982,-0.6893202,20.320024,20.545803,0.0,0.0,1.0,1.0
6983,-0.6918946,20.435938,20.513966,0.0,0.0,1.0,1.0
6984,-0.69548935,20.434143,20.479885,0.0,0.0,1.0,1.0
6985,-0.70112914,20.430038,20.443668,0.0,0.0,1.0,1.0
6986,-0.7047285,20.397665,20.408817,0.0,0.0,1.0,1.0
6987,-0.70212793,20.543095,20.371853,0.0,0.0,1.0,1.0
6988,-0.6935354,20.459398,20.32832,0.0,0.0,1.0,1.0
6989,-0.6817488,20.4571,20.264957,0.0,0.0,1.0,1.0
6990,-0.66957635,20.326727,20.171188,0.0,0.0,1.0,1.0
6991,-0.6651524,20.226017,20.083427,0.0,0.0,1.0,1.0
6992,-0.65867764,20.048008,19.966173,0.0,0.0,1.0,1.0
6993,-0.5156782,19.861681,19.831558,0.0,0.0,1.0,1.0
6994,-0.6482252,19.55968,19.669716,0.0,0.0,1.0,1.0
6995,-0.6376251,19.310715,19.500193,0.0,0.0,1.0,1.0
6996,-0.63097185,19.381,19.302631,0.0,0.0,1.0,1.0
6997,-0.505676,19.022984,19.101068,0.0,0.0,1.0,1.0
6998,-0.49291325,18.782293,18.881016,0.0,0.0,1.0,1.0
6999,-0.48117864,18.600979,18.66473,0.0,0.0,1.0,1.0
7000,-0.59091973,18.425121,18.466812,0.0,0.0,1.0,1.0
7001,-0.57906336,18.08637,18.295464,0.0,0.0,1.0,1.0
7002,-0.55918,17.907969,18.169613,0.0,0.0,1.0,1.0
7003,-0.5391375,17.585379,18.038162,0.0,0.0,1.0,1.0
7004,-0.40802282,17.452583,17.955168,0.0,0.0,1.0,1.0
7005,-0.39446992,17.48667,17.915289,0.0,0.0,1.0,1.0
7006,-0.38208383,17.5035,17.905079,0.0,0.0,1.0,1.0
7007,-0.37177444,17.800514,17.914394,0.0,0.0,1.0,1.0
7008,-0.36536062,17.80358,17.965914,0.0,0.0,1.0,1.0
7009,-0.3438767,18.02705,18.058176,0.0,0.0,1.0,1.0
7010,-0.44124734,18.303747,18.18622,0.0,0.0,1.0,1.0
7011,-0.32805586,18.478468,18.346144,0.0,0.0,1.0,1.0
7012,-0.43528053,18.53691,18.544064,0.0,0.0,1.0,1.0
7013,-0.43771723,18.704597,18.767382,0.0,0.0,1.0,1.0
7014,-0.27082685,19.015123,18.983137,0.0,0.0,1.0,1.0
7015,-0.43327585,19.121891,19.22173,0.0,0.0,1.0,1.0
7016,-0.42376807,19.371685,19.458607,0.0,0.0,1.0,1.0
7017,-0.41624275,19.861696,19.703253,0.0,0.0,1.0,1.0
7018,-0.40632898,20.18331,19.929312,0.0,0.0,1.0,1.0
7019,-0.396687,20.389595,20.175121,0.0,0.0,1.0,1.0
7020,-0.3770606,20.666668,20.40636,0.0,0.0,1.0,1.0
7021,-0.19710472,20.869598,20.619453,0.0,0.0,1.0,1.0
7022,-0.36149493,21.239492,20.844315,0.0,0.0,1.0,1.0
7023,-0.3625898,21.191174,21.072475,0.0,0.0,1.0,1.0
7024,-0.37167838,21.486624,21.292538,1.0,0.0,1.0,1.0
7025,-0.3831627,21.479483,21.496271,1.0,0.0,1.0,1.0
7026,-0.39058092,21.572235,21.693111,1.0,0.0,1.0,1.0
7027,-0.39437345,21.820225,21.873592,1.0,0.0,1.0,1.0
7028,-0.39604,22.109596,22.040174,1.0,0.0,1.0,1.0
7029,-0.39200047,22.502464,22.187458,1.0,0.0,1.0,1.0
7030,-0.3886273,22.628098,22.351599,1.0,0.0,1.0,1.0
7031,-0.38329116,22.751686,22.50928,1.0,0.0,1.0,1.0
7032,-0.37699893,22.832438,22.687979,1.0,0.0,1.0,1.0
7033,-0.37212119,22.868582,22.874586,1.0,0.0,1.0,1.0
7034,-0.37236735,23.006899,23.050045,1.0,0.0,1.0,1.0
7035,-0.37534842,23.16086,23.215824,1.0,0.0,1.0,1.0
7036,-0.37802428,23.37878,23.378162,1.0,0.0,1.0,1.0
7037,-0.3785238,23.62389,23.564362,1.0,0.0,1.0,1.0
7038,-0.3790892,23.811522,23.756588,1.0,0.0,1.0,1.0
7039,-0.3764908,23.925735,23.930265,1.0,0.0,1.0,1.0
7040,-0.36936137,24.098927,24.127157,1.0,0.0,1.0,1.0
7041,-0.3621566,24.450537,24.340925,1.0,0.0,1.0,1.0
7042,-0.35032678,24.862482,24.573124,1.0,0.0,1.0,1.0
7043,-0.22875297,25.058401,24.800337,1.0,0.0,1.0,1.0
7044,-0.235592,24.916574,25.024046,1.0,0.0,1.0,1.0
7045,-0.24456683,25.231285,25.255455,1.0,0.0,1.0,1.0
7046,-0.24756251,25.572113,25.51305,1.0,0.0,1.0,1.0
7047,-0.3698688,25.947248,25.774326,1.0,0.0,1.0,1.0
7048,-0.36904904,26.105326,26.044895,1.0,0.0,1.0,1.0
7049,-0.381418,26.308407,26.313913,1.0,0.0,1.0,1.0
7050,-0.38884678,26.588427,26.585466,1.0,0.0,1.0,1.0
7051,-0.27475354,27.016884,26.879639,1.0,0.0,1.0,1.0
7052,-0.28303584,27.234234,27.152554,1.0,0.0,1.0,1.0
7053,-0.28804427,27.69737,27.399109,1.0,0.0,1.0,1.0
7054,-0.30081216,28.090694,27.62483,1.0,0.0,1.0,1.0
7055,-0.40945163,28.317043,27.853271,1.0,0.0,1.0,1.0
7056,-0.42846996,28.446634,28.061844,1.0,0.0,1.0,1.0
7057,-0.44629517,28.506254,28.242596,1.0,0.0,1.0,1.0
7058,-0.47406268,28.530787,28.372213,1.0,0.0,1.0,1.0
7059,-0.34221905,28.655905,28.472757,1.0,0.0,1.0,1.0
7060,-0.4949323,28.846615,28.507795,1.0,0.0,1.0,1.0
7061,-0.5204059,28.81129,28.466446,1.0,0.0,1.0,1.0
7062,-0.5435147,28.75743,28.359455,1.0,0.0,1.0,1.0
7063,-0.56703603,28.572308,28.191454,1.0,0.0,1.0,1.0
7064,-0.58796287,28.44077,27.942057,1.0,0.0,1.0,1.0
7065,-0.60727036,28.117805,27.622858,1.0,0.0,1.0,1.0
7066,-0.4380097,27.594507,27.238949,1.0,0.0,1.0,1.0
7067,-0.6217998,27.033163,26.78831,1.0,0.0,1.0,1.0
7068,-0.63759947,26.43061,26.29955,1.0,0.0,1.0,1.0
7069,-0.64680755,25.51349,25.76934,1.0,0.0,1.0,1.0
7070,-0.6528752,24.700409,25.21346,1.0,0.0,1.0,1.0
7071,-0.65466106,24.048994,24.624523,1.0,0.0,1.0,1.0
7072,-0.65588355,23.438934,24.002775,1.0,0.0,1.0,1.0
7073,-0.6651576,22.94616,23.375021,1.0,0.0,1.0,1.0
7074,-0.7054831,22.394947,22.758821,1.0,0.0,1.0,1.0
7075,-0.52623415,21.90174,22.165533,1.0,0.0,1.0,1.0
7076,-0.7079066,21.373526,21.62362,1.0,0.0,1.0,1.0
7077,-0.7200449,20.656828,21.128716,0.0,0.0,1.0,1.0
7078,-0.7305964,20.06145,20.66612,0.0,0.0,1.0,1.0
7079,-0.7317013,19.638775,20.246317,0.0,0.0,1.0,1.0
7080,-0.7302518,19.31115,19.861,0.0,0.0,1.0,1.0
7081,-0.6356478,19.010525,19.50453,0.0,0.0,1.0,1.0
7082,-0.7267883,18.761555,19.188408,0.0,0.0,1.0,1.0
7083,-0.723706,18.497852,18.897558,0.0,0.0,1.0,1.0
7084,-0.7217853,18.401297,18.6399,0.0,0.0,1.0,1.0
7085,-0.7195556,18.322357,18.403717,0.0,0.0,1.0,1.0
7086,-0.5757909,18.117302,18.182117,0.0,0.0,1.0,1.0
7087,-0.71879166,18.108288,17.973995,0.0,0.0,1.0,1.0
7088,-0.71099985,17.883312,17.784258,0.0,0.0,1.0,1.0
7089,-0.69879395,17.564947,17.603195,0.0,0.0,1.0,1.0
7090,-0.68376344,17.227247,17.420013,0.0,0.0,1.0,1.0
7091,-0.66542137,16.97958,17.224155,0.0,0.0,1.0,1.0
7092,-0.52881026,16.81367,17.017414,0.0,0.0,1.0,1.0
7093,-0.64670736,16.733696,16.825317,0.0,0.0,1.0,1.0
7094,-0.6244325,16.5888,16.632545,0.0,0.0,1.0,1.0
7095,-0.60075796,16.299673,16.457684,0.0,0.0,1.0,1.0
7096,-0.576774,16.051003,16.301609,0.0,0.0,1.0,1.0
7097,-0.56479186,15.841463,16.190508,0.0,0.0,1.0,1.0
7098,-0.44062966,15.812119,16.097445,0.0,0.0,1.0,1.0
7099,-0.42838517,15.795027,16.023252,0.0,0.0,1.0,1.0
7100,-0.41044512,15.784981,15.963687,0.0,0.0,1.0,1.0
7101,-0.52414346,15.692053,15.932754,0.0,0.0,1.0,1.0
7102,-0.50899327,15.894033,15.937461,0.0,0.0,1.0,1.0
7103,-0.49315026,15.862815,15.9786215,0.0,0.0,1.0,1.0
7104,-0.48154983,15.923359,16.03933,0.0,0.0,1.0,1.0
7105,-0.46691054,16.018913,16.117575,0.0,0.0,1.0,1.0
7106,-0.45253316,16.21761,16.222843,0.0,0.0,1.0,1.0
7107,-0.31955925,16.35616,16.35313,0.0,0.0,1.0,1.0
7108,-0.43606612,16.544928,16.520205,0.0,0.0,1.0,1.0
7109,-0.42387342,16.569967,16.67984,0.0,0.0,1.0,1.0
7110,-0.41120407,16.751059,16.860088,0.0,0.0,1.0,1.0
7111,-0.4046212,17.058249,17.053293,0.0,0.0,1.0,1.0
7112,-0.41132084,17.348417,17.262707,0.0,0.0,1.0,1.0
7113,-0.41479045,17.696938,17.456345,0.0,0.0,1.0,1.0
7114,-0.23109962,17.809668,17.650845,0.0,0.0,1.0,1.0
7115,-0.41826,18.025805,17.857052,0.0,0.0,1.0,1.0
7116,-0.41884357,18.241814,18.07944,0.0,0.0,1.0,1.0
7117,-0.4141949,18.53188,18.30404,0.0,0.0,1.0,1.0
7118,-0.42076027,18.541262,18.510511,0.0,0.0,1.0,1.0
7119,-0.41812125,18.690163,18.703075,0.0,0.0,1.0,1.0
7120,-0.4081179,19.019405,18.884312,0.0,0.0,1.0,1.0
7121,-0.4040081,19.238615,19.046875,0.0,0.0,1.0,1.0
7122,-0.23391838,19.44628,19.202953,0.0,0.0,1.0,1.0
7123,-0.39994016,19.53589,19.345343,0.0,0.0,1.0,1.0
7124,-0.39548248,19.659178,19.462086,0.0,0.0,1.0,1.0
7125,-0.38911512,19.871782,19.585718,0.0,0.0,1.0,1.0
7126,-0.38356522,19.760439,19.688951,0.0,0.0,1.0,1.0
7127,-0.21392436,19.89874,19.768522,0.0,0.0,1.0,1.0
7128,-0.38222846,19.950487,19.82861,0.0,0.0,1.0,1.0
7129,-0.3862481,19.932798,19.881512,0.0,0.0,1.0,1.0
7130,-0.38826144,20.024841,19.92786,0.0,0.0,1.0,1.0
7131,-0.3887788,19.928959,19.971737,0.0,0.0,1.0,1.0
7132,-0.23725845,19.974257,20.011375,0.0,0.0,1.0,1.0
7133,-0.38683417,19.95965,20.06843,0.0,0.0,1.0,1.0
7134,-0.3797461,20.081108,20.13444,0.0,0.0,1.0,1.0
7135,-0.37409356,20.092075,20.203436,0.0,0.0,1.0,1.0
7136,-0.2331729,20.185696,20.27804,0.0,0.0,1.0,1.0
7137,-0.3809765,20.347458,20.363564,0.0,0.0,1.0,1.0
7138,-0.38983995,20.44509,20.452068,0.0,0.0,1.0,1.0
7139,-0.39749676,20.690844,20.531738,0.0,0.0,1.0,1.0
7140,-0.40043032,20.778463,20.60828,0.0,0.0,1.0,1.0
7141,-0.25208133,20.828033,20.67041,0.0,0.0,1.0,1.0
7142,-0.40142018,21.05112,20.729273,0.0,0.0,1.0,1.0
7143,-0.39886254,20.99102,20.79397,0.0,0.0,1.0,1.0
7144,-0.39776456,20.930305,20.84401,0.0,0.0,1.0,1.0
7145,-0.2834711,20.878147,20.879766,0.0,0.0,1.0,1.0
7146,-0.2931662,20.82668,20.89729,0.0,0.0,1.0,1.0
7147,-0.29497716,20.798418,20.879683,0.0,0.0,1.0,1.0
7148,-0.29716223,20.962069,20.845232,0.0,0.0,1.0,1.0
7149,-0.3021569,20.947924,20.774944,0.0,0.0,1.0,1.0
7150,-0.29984084,20.874166,20.698559,0.0,0.0,1.0,1.0
7151,-0.42990953,20.901123,20.62021,0.0,0.0,1.0,1.0
7152,-0.44064417,20.567179,20.540508,0.0,0.0,1.0,1.0
7153,-0.4588033,20.414627,20.455164,0.0,0.0,1.0,1.0
7154,-0.47274905,20.207676,20.38019,0.0,0.0,1.0,1.0
7155,-0.33050284,20.0744,20.30245,0.0,0.0,1.0,1.0
7156,-0.4839447,19.990118,20.235004,0.0,0.0,1.0,1.0
7157,-0.49971977,19.921724,20.168987,0.0,0.0,1.0,1.0
7158,-0.51488626,19.802538,20.10802,0.0,0.0,1.0,1.0
7159,-0.5342324,19.898733,20.044252,0.0,0.0,1.0,1.0
7160,-0.55567133,20.029194,19.977873,0.0,0.0,1.0,1.0
7161,-0.5725158,20.138577,19.920635,0.0,0.0,1.0,1.0
7162,-0.39336354,20.08195,19.861572,0.0,0.0,1.0,1.0
7163,-0.58433706,20.169527,19.813847,0.0,0.0,1.0,1.0
7164,-0.5948756,19.801973,19.755493,0.0,0.0,1.0,1.0
7165,-0.6022248,19.618057,19.703419,0.0,0.0,1.0,1.0
7166,-0.6044928,19.52083,19.635513,0.0,0.0,1.0,1.0
7167,-0.61973375,19.365639,19.55284,0.0,0.0,1.0,1.0
7168,-0.6439274,19.417418,19.43607,0.0,0.0,1.0,1.0
7169,-0.6734036,19.221493,19.304186,0.0,0.0,1.0,1.0
7170,-0.5156827,19.177635,19.139544,0.0,0.0,1.0,1.0
7171,-0.6964273,19.083857,18.985538,0.0,0.0,1.0,1.0
7172,-0.7155011,19.037119,18.82818,0.0,0.0,1.0,1.0
7173,-0.73215395,18.737347,18.673208,0.0,0.0,1.0,1.0
7174,-0.7462312,18.499334,18.528734,0.0,0.0,1.0,1.0
7175,-0.75008124,18.193813,18.38129,0.0,0.0,1.0,1.0
7176,-0.66016006,17.953913,18.251596,0.0,0.0,1.0,1.0
7177,-0.7509223,17.729773,18.12005,0.0,0.0,1.0,1.0
7178,-0.7506876,17.661163,17.996086,0.0,0.0,1.0,1.0
7179,-0.7466741,17.631937,17.864185,0.0,0.0,1.0,1.0
7180,-0.74771094,17.648096,17.749233,0.0,0.0,1.0,1.0
7181,-0.60024244,17.665173,17.64853,0.0,0.0,1.0,1.0
7182,-0.75087434,17.599077,17.55026,0.0,0.0,1.0,1.0
7183,-0.7468825,17.59629,17.454443,0.0,0.0,1.0,1.0
7184,-0.73852265,17.454296,17.382996,0.0,0.0,1.0,1.0
7185,-0.7253499,17.357944,17.332605,0.0,0.0,1.0,1.0
7186,-0.71029174,17.290882,17.277212,0.0,0.0,1.0,1.0
7187,-0.69636613,17.014578,17.213848,0.0,0.0,1.0,1.0
7188,-0.54190284,16.804113,17.139088,0.0,0.0,1.0,1.0
7189,-0.67748487,16.872385,17.065496,0.0,0.0,1.0,1.0
7190,-0.660481,17.056482,16.98494,0.0,0.0,1.0,1.0
7191,-0.6442162,16.967218,16.917059,0.0,0.0,1.0,1.0
7192,-0.6365309,16.887747,16.860895,0.0,0.0,1.0,1.0
7193,-0.62368906,16.768042,16.803995,0.0,0.0,1.0,1.0
7194,-0.6101916,16.715977,16.774006,0.0,0.0,1.0,1.0
7195,-0.4790277,16.629599,16.780529,0.0,0.0,1.0,1.0
7196,-0.46944883,16.639744,16.79267,0.0,0.0,1.0,1.0
7197,-0.45602494,16.683971,16.798693,0.0,0.0,1.0,1.0
7198,-0.5593806,16.608078,16.823378,0.0,0.0,1.0,1.0
7199,-0.54612476,16.654709,16.870682,0.0,0.0,1.0,1.0
7200,-0.53541553,16.882395,16.930712,0.0,0.0,1.0,1.0
7201,-0.52151227,17.018072,16.999865,0.0,0.0,1.0,1.0
7202,-0.5050973,17.128752,17.089983,0.0,0.0,1.0,1.0
7203,-0.49030098,17.263437,17.186169,0.0,0.0,1.0,1.0
7204,-0.33552593,17.455416,17.29379,0.0,0.0,1.0,1.0
7205,-0.47485054,17.4884,17.422802,0.0,0.0,1.0,1.0
7206,-0.46280694,17.545794,17.555307,0.0,0.0,1.0,1.0
7207,-0.45173505,17.711039,17.674862,0.0,0.0,1.0,1.0
7208,-0.44661382,17.793974,17.788618,0.0,0.0,1.0,1.0
7209,-0.4444973,17.975433,17.909695,0.0,0.0,1.0,1.0
7210,-0.4464101,18.156208,18.019426,0.0,0.0,1.0,1.0
7211,-0.29960483,18.244766,18.109962,0.0,0.0,1.0,1.0
7212,-0.44767326,18.317045,18.204468,0.0,0.0,1.0,1.0
7213,-0.44723696,18.383148,18.298607,0.0,0.0,1.0,1.0
7214,-0.4454694,18.581669,18.38979,0.0,0.0,1.0,1.0
7215,-0.43713203,18.580215,18.474964,0.0,0.0,1.0,1.0
7216,-0.4340966,18.541862,18.559155,0.0,0.0,1.0,1.0
7217,-0.24131447,18.622448,18.631977,0.0,0.0,1.0,1.0
7218,-0.4245021,18.675472,18.70763,0.0,0.0,1.0,1.0
7219,-0.4140213,18.805222,18.793676,0.0,0.0,1.0,1.0
7220,-0.3972909,18.81609,18.874445,0.0,0.0,1.0,1.0
7221,-0.39940184,18.985704,18.941374,0.0,0.0,1.0,1.0
7222,-0.40576768,19.030079,19.008556,0.0,0.0,1.0,1.0
7223,-0.41217726,19.152617,19.076895,0.0,0.0,1.0,1.0
7224,-0.41667223,19.34959,19.144085,0.0,0.0,1.0,1.0
7225,-0.24590863,19.35238,19.21323,0.0,0.0,1.0,1.0
7226,-0.4166042,19.384798,19.281382,0.0,0.0,1.0,1.0
7227,-0.41386357,19.38642,19.36015,0.0,0.0,1.0,1.0
7228,-0.4075674,19.361917,19.435682,0.0,0.0,1.0,1.0
7229,-0.40400288,19.428732,19.517776,0.0,0.0,1.0,1.0
7230,-0.25462428,19.505205,19.594286,0.0,0.0,1.0,1.0
7231,-0.40292853,19.623037,19.666203,0.0,0.0,1.0,1.0
7232,-0.4081368,19.761324,19.724777,0.0,0.0,1.0,1.0
7233,-0.4132597,19.892088,19.778255,0.0,0.0,1.0,1.0
7234,-0.42163226,20.015211,19.820055,0.0,0.0,1.0,1.0
7235,-0.42473635,20.070734,19.850748,0.0,0.0,1.0,1.0
7236,-0.27708775,20.21258,19.901709,0.0,0.0,1.0,1.0
7237,-0.42766765,20.055292,19.959763,0.0,0.0,1.0,1.0
7238,-0.43032598,20.026522,20.00811,0.0,0.0,1.0,1.0
7239,-0.43136936,19.888012,20.056032,0.0,0.0,1.0,1.0
7240,-0.43205023,19.730232,20.094444,0.0,0.0,1.0,1.0
7241,-0.42936853,20.040276,20.116959,0.0,0.0,1.0,1.0
7242,-0.42055953,20.201847,20.143518,0.0,0.0,1.0,1.0
7243,-0.27143934,20.203205,20.154882,0.0,0.0,1.0,1.0
7244,-0.41074607,20.33638,20.17522,0.0,0.0,1.0,1.0
7245,-0.29685056,20.353033,20.17706,0.0,0.0,1.0,1.0
7246,-0.30579466,20.285383,20.197538,0.0,0.0,1.0,1.0
7247,-0.30935815,20.38946,20.210836,0.0,0.0,1.0,1.0
7248,-0.42974174,20.348951,20.21513,0.0,0.0,1.0,1.0
7249,-0.44044808,20.299349,20.206768,0.0,0.0,1.0,1.0
7250,-0.461432,20.048578,20.226353,0.0,0.0,1.0,1.0
7251,-0.32945415,20.133772,20.250652,0.0,0.0,1.0,1.0
7252,-0.47962207,19.88981,20.262926,0.0,0.0,1.0,1.0
7253,-0.49277648,20.091791,20.268965,0.0,0.0,1.0,1.0
7254,-0.50649005,20.101505,20.271599,0.0,0.0,1.0,1.0
7255,-0.5175871,20.438229,20.272026,0.0,0.0,1.0,1.0
7256,-0.5261431,20.62797,20.285677,0.0,0.0,1.0,1.0
7257,-0.3804813,20.500315,20.316118,0.0,0.0,1.0,1.0
7258,-0.55945325,20.357851,20.328575,0.0,0.0,1.0,1.0
7259,-0.4176083,20.421055,20.365232,0.0,0.0,1.0,1.0
7260,-0.5867651,20.354094,20.380484,0.0,0.0,1.0,1.0
7261,-0.6128262,20.46316,20.408636,0.0,0.0,1.0,1.0
7262,-0.6439202,20.413862,20.400282,0.0,0.0,1.0,1.0
7263,-0.6656133,20.28325,20.390657,0.0,0.0,1.0,1.0
7264,-0.68504983,20.329699,20.386372,0.0,0.0,1.0,1.0
7265,-0.70251876,20.274809,20.398497,0.0,0.0,1.0,1.0
7266,-0.66786826,20.43935,20.38345,0.0,0.0,1.0,1.0
7267,-0.712971,20.337976,20.369665,0.0,0.0,1.0,1.0
7268,-0.72628087,20.512468,20.331642,0.0,0.0,1.0,1.0
7269,-0.73418885,20.44888,20.286118,0.0,0.0,1.0,1.0
7270,-0.651407,20.50336,20.22573,0.0,0.0,1.0,1.0
7271,-0.7238006,20.240496,20.145636,0.0,0.0,1.0,1.0
7272,-0.74480367,20.188662,20.054777,0.0,0.0,1.0,1.0
7273,-0.757651,20.0069,19.94452,0.0,0.0,1.0,1.0
7274,-0.75161207,19.867556,19.829674,0.0,0.0,1.0,1.0
7275,-0.76238286,19.558626,19.676609,0.0,0.0,1.0,1.0
7276,-0.7583011,19.368534,19.52017,0.0,0.0,1.0,1.0
7277,-0.7606578,19.184526,19.349186,0.0,0.0,1.0,1.0
7278,-0.7595132,19.116266,19.188713,0.0,0.0,1.0,1.0
7279,-0.7585538,18.959814,19.014517,0.0,0.0,1.0,1.0
7280,-0.7466947,18.675692,18.843096,0.0,0.0,1.0,1.0
7281,-0.7357731,18.57161,18.655039,0.0,0.0,1.0,1.0
7282,-0.7264866,18.451553,18.480583,0.0,0.0,1.0,1.0
7283,-0.7251862,18.314823,18.311974,0.0,0.0,1.0,1.0
7284,-0.72000957,18.098305,18.155794,0.0,0.0,1.0,1.0
7285,-0.5666643,17.949837,18.00708,0.0,0.0,1.0,1.0
7286,-0.7153616,17.610882,17.888266,0.0,0.0,1.0,1.0
7287,-0.70926344,17.465168,17.801565,0.0,0.0,1.0,1.0
7288,-0.7025312,17.34521,17.718777,0.0,0.0,1.0,1.0
7289,-0.6900976,17.310375,17.645601,0.0,0.0,1.0,1.0
7290,-0.6741241,17.331688,17.590202,0.0,0.0,1.0,1.0
7291,-0.51618254,17.534039,17.560698,0.0,0.0,1.0,1.0
7292,-0.6536374,17.635284,17.539568,0.0,0.0,1.0,1.0
7293,-0.63427866,17.578165,17.551748,0.0,0.0,1.0,1.0
7294,-0.60919774,17.573431,17.583317,0.0,0.0,1.0,1.0
7295,-0.58990663,17.650038,17.631456,0.0,0.0,1.0,1.0
7296,-0.4566233,17.744265,17.698784,0.0,0.0,1.0,1.0
7297,-0.44031295,17.696276,17.781105,0.0,0.0,1.0,1.0
7298,-0.42604184,17.75704,17.845724,0.0,0.0,1.0,1.0
7299,-0.40151343,17.843996,17.894527,0.0,0.0,1.0,1.0
7300,-0.5247371,17.92289,17.953037,0.0,0.0,1.0,1.0
7301,-0.52187693,18.118288,18.01028,0.0,0.0,1.0,1.0
7302,-0.5162975,18.319561,18.058746,0.0,0.0,1.0,1.0
7303,-0.5065642,18.309454,18.09823,0.0,0.0,1.0,1.0
7304,-0.50088805,18.220919,18.149466,0.0,0.0,1.0,1.0
7305,-0.4889413,18.28029,18.196375,0.0,0.0,1.0,1.0
7306,-0.31711978,18.26035,18.233002,0.0,0.0,1.0,1.0
7307,-0.4732205,18.231634,18.258286,0.0,0.0,1.0,1.0
7308,-0.45857748,18.21807,18.271961,0.0,0.0,1.0,1.0
7309,-0.4396495,18.31109,18.270731,0.0,0.0,1.0,1.0
7310,-0.4255797,18.319963,18.275137,0.0,0.0,1.0,1.0
7311,-0.41368684,18.283518,18.283361,0.0,0.0,1.0,1.0
7312,-0.41972896,18.226297,18.28153,0.0,0.0,1.0,1.0
7313,-0.4324604,18.28239,18.285122,0.0,0.0,1.0,1.0
7314,-0.25700864,18.3048,18.293226,0.0,0.0,1.0,1.0
7315,-0.43669376,18.362322,18.304365,0.0,0.0,1.0,1.0
7316,-0.43879077,18.319605,18.307346,0.0,0.0,1.0,1.0
7317,-0.44367823,18.258318,18.309637,0.0,0.0,1.0,1.0
7318,-0.44405687,18.303463,18.317226,0.0,0.0,1.0,1.0
7319,-0.43913788,18.32889,18.338505,0.0,0.0,1.0,1.0
7320,-0.2697455,18.35173,18.352995,0.0,0.0,1.0,1.0
7321,-0.43985444,18.346859,18.396059,0.0,0.0,1.0,1.0
7322,-0.43537515,18.347446,18.449709,0.0,0.0,1.0,1.0
7323,-0.4291927,18.374605,18.543547,0.0,0.0,1.0,1.0
7324,-0.42539358,18.481632,18.656208,0.0,0.0,1.0,1.0
7325,-0.4236907,18.456268,18.787804,0.0,0.0,1.0,1.0
7326,-0.42294756,18.82156,18.92811,0.0,0.0,1.0,1.0
7327,-0.42543367,19.006132,19.106632,0.0,0.0,1.0,1.0
7328,-0.42819327,19.445665,19.341599,0.0,0.0,1.0,1.0
7329,-0.4338328,19.610235,19.574352,0.0,0.0,1.0,1.0
7330,-0.43806744,19.882614,19.831593,0.0,0.0,1.0,1.0
7331,-0.40361708,20.012573,20.102974,0.0,0.0,1.0,1.0
7332,-0.43826786,20.493996,20.371264,0.0,0.0,1.0,1.0
7333,-0.4336039,21.166458,20.641941,0.0,0.0,1.0,1.0
7334,-0.4266212,21.14049,20.917566,0.0,0.0,1.0,1.0
7335,-0.4220632,21.461494,21.16735,0.0,0.0,1.0,1.0
7336,-0.36003673,21.738192,21.401344,1.0,0.0,1.0,1.0
7337,-0.4093661,21.675743,21.59158,1.0,0.0,1.0,1.0
7338,-0.4215892,22.069712,21.773424,1.0,0.0,1.0,1.0
7339,-0.436142,22.31362,21.904856,1.0,0.0,1.0,1.0
7340,-0.27775484,22.443089,21.97626,1.0,0.0,1.0,1.0
7341,-0.4427507,22.418152,22.031887,1.0,0.0,1.0,1.0
7342,-0.4503075,22.165428,22.033766,1.0,0.0,1.0,1.0
7343,-0.44135952,22.194727,21.965897,1.0,0.0,1.0,1.0
7344,-0.4567068,22.071173,21.843088,1.0,0.0,1.0,1.0
7345,-0.45448896,22.023298,21.671743,1.0,0.0,1.0,1.0
7346,-0.4581152,21.808025,21.450174,1.0,0.0,1.0,1.0
7347,-0.3360283,21.484041,21.191051,1.0,0.0,1.0,1.0
7348,-0.34903392,20.923746,20.928284,0.0,0.0,1.0,1.0
7349,-0.47211266,20.202038,20.639925,0.0,0.0,1.0,1.0
7350,-0.48707578,20.013584,20.314878,0.0,0.0,1.0,1.0
7351,-0.509512,19.654799,19.958782,0.0,0.0,1.0,1.0
7352,-0.5363021,19.333618,19.585522,0.0,0.0,1.0,1.0
7353,-0.55439216,19.264925,19.205465,0.0,0.0,1.0,1.0
7354,-0.37712744,18.705118,18.824266,0.0,0.0,1.0,1.0
7355,-0.5757846,18.294168,18.445448,0.0,0.0,1.0,1.0
7356,-0.5924006,17.798018,18.106907,0.0,0.0,1.0,1.0
7357,-0.6051442,17.544188,17.751839,0.0,0.0,1.0,1.0
7358,-0.6252851,17.247335,17.420269,0.0,0.0,1.0,1.0
7359,-0.63952583,16.90966,17.110249,0.0,0.0,1.0,1.0
7360,-0.65033275,16.377926,16.788471,0.0,0.0,1.0,1.0
7361,-0.48514348,16.13954,16.516676,0.0,0.0,1.0,1.0
7362,-0.66468793,15.752774,16.281918,0.0,0.0,1.0,1.0
7363,-0.6776387,15.675947,16.096975,0.0,0.0,1.0,1.0
7364,-0.68605614,15.6133795,15.94019,0.0,0.0,1.0,1.0
7365,-0.6931784,15.40359,15.819114,0.0,0.0,1.0,1.0
7366,-0.52676666,15.443591,15.741753,0.0,0.0,1.0,1.0
7367,-0.7085265,15.477069,15.726721,0.0,0.0,1.0,1.0
7368,-0.7301121,15.578695,15.737954,0.0,0.0,1.0,1.0
7369,-0.7478234,15.662781,15.794298,0.0,0.0,1.0,1.0
7370,-0.5945059,15.7944145,15.856313,0.0,0.0,1.0,1.0
7371,-0.76430464,15.981322,15.91927,0.0,0.0,1.0,1.0
7372,-0.7767714,16.197548,15.988832,0.0,0.0,1.0,1.0
7373,-0.7799717,16.27434,16.041248,0.0,0.0,1.0,1.0
7374,-0.78242105,16.428896,16.073133,0.0,0.0,1.0,1.0
7375,-0.71223605,16.420124,16.079042,0.0,0.0,1.0,1.0
7376,-0.6292583,16.368862,16.084682,0.0,0.0,1.0,1.0
7377,-0.77823794,16.238344,16.071295,0.0,0.0,1.0,1.0
7378,-0.7751492,16.072573,16.032774,0.0,0.0,1.0,1.0
7379,-0.77406615,15.859709,15.964313,0.0,0.0,1.0,1.0
7380,-0.7746433,15.649593,15.857746,0.0,0.0,1.0,1.0
7381,-0.6097373,15.730456,15.710977,0.0,0.0,1.0,1.0
7382,-0.7674583,15.633772,15.548385,0.0,0.0,1.0,1.0
7383,-0.761338,15.519065,15.3816595,0.0,0.0,1.0,1.0
7384,-0.75004256,15.376014,15.234644,0.0,0.0,1.0,1.0
7385,-0.7295205,14.995551,15.076991,0.0,0.0,1.0,1.0
7386,-0.70845824,14.667661,14.919657,0.0,0.0,1.0,1.0
7387,-0.5618563,14.469017,14.798372,0.0,0.0,1.0,1.0
7388,-0.6878329,14.368157,14.661318,0.0,0.0,1.0,1.0
7389,-0.6693402,14.474157,14.554746,0.0,0.0,1.0,1.0
7390,-0.65523905,14.180738,14.456657,0.0,0.0,1.0,1.0
7391,-0.63354474,13.971698,14.372031,0.0,0.0,1.0,1.0
7392,-0.620183,14.194184,14.321625,0.0,0.0,1.0,1.0
7393,-0.6060757,14.085802,14.293376,0.0,0.0,1.0,1.0
7394,-0.5883939,14.354899,14.291677,0.0,0.0,1.0,1.0
7395,-0.43241012,14.342004,14.284707,0.0,0.0,1.0,1.0
7396,-0.56971776,14.36051,14.2793255,0.0,0.0,1.0,1.0
7397,-0.5554164,14.390667,14.310294,0.0,0.0,1.0,1.0
7398,-0.53279704,14.328683,14.355848,0.0,0.0,1.0,1.0
7399,-0.51580834,14.44863,14.388448,0.0,0.0,1.0,1.0
7400,-0.5097329,14.284516,14.427329,0.0,0.0,1.0,1.0
7401,-0.5045565,14.409572,14.467155,0.0,0.0,1.0,1.0
7402,-0.3297442,14.552361,14.530751,0.0,0.0,1.0,1.0
7403,-0.5013544,14.518348,14.590126,0.0,0.0,1.0,1.0
7404,-0.48927385,14.58538,14.686133,0.0,0.0,1.0,1.0
7405,-0.483883,14.552377,14.802727,0.0,0.0,1.0,1.0
7406,-0.48379445,14.832817,14.9314995,0.0,0.0,1.0,1.0
7407,-0.4782102,15.105152,15.110118,0.0,0.0,1.0,1.0
7408,-0.4724458,15.073013,15.298074,0.0,0.0,1.0,1.0
7409,-0.4713464,15.5427475,15.49429,0.0,0.0,1.0,1.0
7410,-0.30558953,15.727812,15.690207,0.0,0.0,1.0,1.0
7411,-0.47107497,15.993896,15.898137,0.0,0.0,1.0,1.0
7412,-0.47209057,16.427938,16.14667,0.0,0.0,1.0,1.0
7413,-0.47236347,16.665047,16.391703,0.0,0.0,1.0,1.0
7414,-0.46814063,16.90696,16.618372,0.0,0.0,1.0,1.0
7415,-0.46572685,16.869337,16.846987,0.0,0.0,1.0,1.0
7416,-0.45815024,17.080553,17.109478,0.0,0.0,1.0,1.0
7417,-0.27285627,17.53476,17.37584,0.0,0.0,1.0,1.0
7418,-0.4512888,17.773226,17.647245,0.0,0.0,1.0,1.0
7419,-0.4424617,17.82518,17.896746,0.0,0.0,1.0,1.0
7420,-0.43738794,17.816391,18.115522,0.0,0.0,1.0,1.0
7421,-0.43843293,18.69263,18.301502,0.0,0.0,1.0,1.0
7422,-0.44107512,18.924143,18.54531,0.0,0.0,1.0,1.0
7423,-0.44094914,19.250782,18.823952,0.0,0.0,1.0,1.0
7424,-0.44186935,19.421946,19.060518,0.0,0.0,1.0,1.0
7425,-0.34002283,19.290363,19.281397,0.0,0.0,1.0,1.0
7426,-0.4387205,19.138727,19.51155,0.0,0.0,1.0,1.0
7427,-0.43375432,19.795008,19.753752,0.0,0.0,1.0,1.0
7428,-0.42654338,20.42426,19.927498,0.0,0.0,1.0,1.0
7429,-0.2784563,20.373568,20.110945,0.0,0.0,1.0,1.0
7430,-0.46131533,20.423761,20.278362,0.0,0.0,1.0,1.0
7431,-0.43395945,20.587023,20.435831,0.0,0.0,1.0,1.0
7432,-0.44365853,20.722813,20.539858,0.0,0.0,1.0,1.0
7433,-0.44657528,20.777584,20.642214,0.0,0.0,1.0,1.0
7434,-0.30279347,21.125507,20.662401,0.0,0.0,1.0,1.0
7435,-0.45392662,21.259779,20.620378,0.0,0.0,1.0,1.0
7436,-0.4610136,21.311584,20.572998,0.0,0.0,1.0,1.0
7437,-0.4684528,20.538687,20.518774,0.0,0.0,1.0,1.0
7438,-0.47228086,20.366999,20.381306,0.0,0.0,1.0,1.0
7439,-0.48087683,20.037258,20.157343,0.0,0.0,1.0,1.0
7440,-0.49160454,19.919971,19.910603,0.0,0.0,1.0,1.0
7441,-0.31486407,19.805017,19.62544,0.0,0.0,1.0,1.0
7442,-0.49835992,19.773073,19.306252,0.0,0.0,1.0,1.0
7443,-0.49790853,18.937405,18.951077,0.0,0.0,1.0,1.0
7444,-0.4985674,18.03524,18.6187,0.0,0.0,1.0,1.0
7445,-0.50376487,17.816711,18.242743,0.0,0.0,1.0,1.0
7446,-0.5136272,17.703564,17.874084,0.0,0.0,1.0,1.0
7447,-0.523157,17.429506,17.487625,0.0,0.0,1.0,1.0
7448,-0.5388901,17.049492,17.09566,0.0,0.0,1.0,1.0
7449,-0.39326486,16.550154,16.702942,0.0,0.0,1.0,1.0
7450,-0.5518723,15.855529,16.371906,0.0,0.0,1.0,1.0
7451,-0.5689905,15.613342,16.11487,0.0,0.0,1.0,1.0
7452,-0.5822841,15.282473,15.870633,0.0,0.0,1.0,1.0
7453,-0.5959855,15.101413,15.638599,0.0,0.0,1.0,1.0
7454,-0.6129673,15.060475,15.43893,0.0,0.0,1.0,1.0
7455,-0.61732715,14.964988,15.2703905,0.0,0.0,1.0,1.0
7456,-0.4353895,14.95079,15.145825,0.0,0.0,1.0,1.0
7457,-0.6296235,14.885868,15.077896,0.0,0.0,1.0,1.0
7458,-0.46758196,14.919162,15.041451,0.0,0.0,1.0,1.0
7459,-0.6563847,15.03347,15.057696,0.0,0.0,1.0,1.0
7460,-0.6824714,15.027026,15.113403,0.0,0.0,1.0,1.0
7461,-0.7094609,15.055366,15.20075,0.0,0.0,1.0,1.0
7462,-0.7336915,15.0403805,15.318339,0.0,0.0,1.0,1.0
7463,-0.75214136,15.176005,15.476594,0.0,0.0,1.0,1.0
7464,-0.58806187,15.477415,15.657689,0.0,0.0,1.0,1.0
7465,-0.7705494,15.769891,15.840223,0.0,0.0,1.0,1.0
7466,-0.7848846,16.108648,16.025621,0.0,0.0,1.0,1.0
7467,-0.7942155,16.37605,16.204937,0.0,0.0,1.0,1.0
7468,-0.800008,16.849846,16.395893,0.0,0.0,1.0,1.0
7469,-0.80000657,17.059008,16.58085,0.0,0.0,1.0,1.0
7470,-0.79630417,17.109571,16.741558,0.0,0.0,1.0,1.0
7471,-0.79744875,17.258257,16.862396,0.0,0.0,1.0,1.0
7472,-0.7970808,17.1788,16.93811,0.0,0.0,1.0,1.0
7473,-0.7949356,17.346832,16.962769,0.0,0.0,1.0,1.0
7474,-0.7964035,17.259886,16.95573,0.0,0.0,1.0,1.0
7475,-0.7922696,17.104492,16.898472,0.0,0.0,1.0,1.0
7476,-0.78526676,16.927475,16.794891,0.0,0.0,1.0,1.0
7477,-0.7755794,16.678452,16.663242,0.0,0.0,1.0,1.0
7478,-0.76046956,16.404543,16.48975,0.0,0.0,1.0,1.0
7479,-0.5978588,16.291597,16.284752,0.0,0.0,1.0,1.0
7480,-0.74396706,16.162743,16.03207,0.0,0.0,1.0,1.0
7481,-0.72382826,15.816038,15.760822,0.0,0.0,1.0,1.0
7482,-0.6987572,15.529784,15.515801,0.0,0.0,1.0,1.0
7483,-0.5540131,15.176358,15.290683,0.0,0.0,1.0,1.0
7484,-0.68350315,14.718827,15.085474,0.0,0.0,1.0,1.0
7485,-0.67723835,14.314637,14.907464,0.0,0.0,1.0,1.0
7486,-0.66907096,14.004916,14.767351,0.0,0.0,1.0,1.0
7487,-0.6523975,14.1642475,14.660197,0.0,0.0,1.0,1.0
7488,-0.48832008,14.226052,14.608088,0.0,0.0,1.0,1.0
7489,-0.6370963,14.215946,14.620736,0.0,0.0,1.0,1.0
7490,-0.61758524,14.268424,14.678891,0.0,0.0,1.0,1.0
7491,-0.5998406,14.610242,14.785879,0.0,0.0,1.0,1.0
7492,-0.5789361,14.876894,14.950844,0.0,0.0,1.0,1.0
7493,-0.5673199,15.190716,15.152517,0.0,0.0,1.0,1.0
7494,-0.5510528,15.681577,15.366074,0.0,0.0,1.0,1.0
7495,-0.3828887,15.87422,15.59553,0.0,0.0,1.0,1.0
7496,-0.5369294,16.002682,15.8496475,0.0,0.0,1.0,1.0
7497,-0.528876,16.294209,16.119547,0.0,0.0,1.0,1.0
7498,-0.5260488,16.425005,16.341162,0.0,0.0,1.0,1.0
7499,-0.5279732,16.726917,16.533531,0.0,0.0,1.0,1.0
7500,-0.53032476,16.979519,16.684992,0.0,0.0,1.0,1.0
7501,-0.5284645,17.265368,16.793547,0.0,0.0,1.0,1.0
7502,-0.5236406,17.507206,16.892063,0.0,0.0,1.0,1.0
7503,-0.32552847,17.269634,16.998024,0.0,0.0,1.0,1.0
7504,-0.5178484,17.18532,17.078327,0.0,0.0,1.0,1.0
7505,-0.50891125,17.008257,17.124876,0.0,0.0,1.0,1.0
7506,-0.49555898,16.984234,17.124714,0.0,0.0,1.0,1.0
7507,-0.48256952,17.056417,17.098778,0.0,0.0,1.0,1.0
7508,-0.4673185,17.274202,17.042492,0.0,0.0,1.0,1.0
7509,-0.2892302,17.257845,16.964972,0.0,0.0,1.0,1.0
7510,-0.44820982,16.983591,16.901802,0.0,0.0,1.0,1.0
7511,-0.4549657,16.724968,16.858578,0.0,0.0,1.0,1.0
7512,-0.2877993,16.66829,16.83648,0.0,0.0,1.0,1.0
7513,-0.46930376,16.58994,16.815006,0.0,0.0,1.0,1.0
7514,-0.4634566,16.576958,16.798975,0.0,0.0,1.0,1.0
7515,-0.47434944,16.511602,16.772139,0.0,0.0,1.0,1.0
7516,-0.4731921,16.666637,16.79191,0.0,0.0,1.0,1.0
7517,-0.4709339,16.743074,16.86228,0.0,0.0,1.0,1.0
7518,-0.36352864,16.726555,16.955526,0.0,0.0,1.0,1.0
7519,-0.46828622,16.864046,17.048386,0.0,0.0,1.0,1.0
7520,-0.46286246,16.952152,17.142498,0.0,0.0,1.0,1.0
7521,-0.46037662,17.495111,17.242023,0.0,0.0,1.0,1.0
7522,-0.45768768,17.82802,17.386095,0.0,0.0,1.0,1.0
7523,-0.36998057,17.843933,17.517706,0.0,0.0,1.0,1.0
7524,-0.45956185,17.782589,17.642048,0.0,0.0,1.0,1.0
7525,-0.46643624,17.719296,17.780499,0.0,0.0,1.0,1.0
7526,-0.4720055,17.771267,17.935429,0.0,0.0,1.0,1.0
7527,-0.4750162,18.240469,18.06491,0.0,0.0,1.0,1.0
7528,-0.4056534,18.24595,18.14613,0.0,0.0,1.0,1.0
7529,-0.47979254,18.235191,18.210335,0.0,0.0,1.0,1.0
7530,-0.48303878,18.387947,18.271544,0.0,0.0,1.0,1.0
7531,-0.48218235,18.723223,18.332567,0.0,0.0,1.0,1.0
7532,-0.48131755,18.505936,18.376038,0.0,0.0,1.0,1.0
7533,-0.47460297,18.469742,18.391994,0.0,0.0,1.0,1.0
7534,-0.47206336,18.598478,18.352177,0.0,0.0,1.0,1.0
7535,-0.4750972,18.578434,18.298754,0.0,0.0,1.0,1.0
7536,-0.32916313,18.514877,18.249142,0.0,0.0,1.0,1.0
7537,-0.48295954,18.240938,18.184166,0.0,0.0,1.0,1.0
7538,-0.4912096,17.962748,18.064543,0.0,0.0,1.0,1.0
7539,-0.501534,17.76265,17.96376,0.0,0.0,1.0,1.0
7540,-0.5134604,17.60488,17.867006,0.0,0.0,1.0,1.0
7541,-0.5279515,17.639841,17.751572,0.0,0.0,1.0,1.0
7542,-0.5387978,17.608242,17.618692,0.0,0.0,1.0,1.0
7543,-0.37128088,17.287739,17.500284,0.0,0.0,1.0,1.0
7544,-0.5445282,17.29656,17.403513,0.0,0.0,1.0,1.0
7545,-0.5509412,17.308697,17.318678,0.0,0.0,1.0,1.0
7546,-0.5541463,17.213255,17.237368,0.0,0.0,1.0,1.0
7547,-0.55871224,16.983875,17.17604,0.0,0.0,1.0,1.0
7548,-0.5721066,17.093998,17.101341,0.0,0.0,1.0,1.0
7549,-0.59691536,17.079668,17.035587,0.0,0.0,1.0,1.0
7550,-0.63046616,16.944735,16.987215,0.0,0.0,1.0,1.0
7551,-0.4534413,16.786928,16.938934,0.0,0.0,1.0,1.0
7552,-0.6625288,16.86896,16.889929,0.0,0.0,1.0,1.0
7553,-0.6909047,16.74345,16.849068,0.0,0.0,1.0,1.0
7554,-0.69216454,16.819183,16.831032,0.0,0.0,1.0,1.0
7555,-0.7238018,16.707272,16.813292,0.0,0.0,1.0,1.0
7556,-0.73581547,16.7172,16.802471,0.0,0.0,1.0,1.0
7557,-0.7464168,16.720621,16.814665,0.0,0.0,1.0,1.0
7558,-0.59007186,16.722921,16.838736,0.0,0.0,1.0,1.0
7559,-0.75922376,16.767448,16.858904,0.0,0.0,1.0,1.0
7560,-0.76888865,16.88111,16.892488,0.0,0.0,1.0,1.0
7561,-0.77493036,16.949823,16.93005,0.0,0.0,1.0,1.0
7562,-0.7811262,17.091053,16.992119,0.0,0.0,1.0,1.0
7563,-0.7881635,17.07579,17.054455,0.0,0.0,1.0,1.0
7564,-0.61293393,17.110983,17.117243,0.0,0.0,1.0,1.0
7565,-0.79194313,17.146452,17.182074,0.0,0.0,1.0,1.0
7566,-0.80484533,17.269922,17.266027,0.0,0.0,1.0,1.0
7567,-0.81094474,17.452103,17.347805,0.0,0.0,1.0,1.0
7568,-0.8144297,17.465235,17.408615,0.0,0.0,1.0,1.0
7569,-0.81559336,17.474083,17.444382,0.0,0.0,1.0,1.0
7570,-0.8134627,17.500889,17.460602,0.0,0.0,1.0,1.0
7571,-0.80566204,17.774897,17.45047,0.0,0.0,1.0,1.0
7572,-0.7945886,17.86243,17.409168,0.0,0.0,1.0,1.0
7573,-0.7878088,17.67954,17.325426,0.0,0.0,1.0,1.0
7574,-0.7891252,17.520254,17.225977,0.0,0.0,1.0,1.0
7575,-0.62698543,17.270426,17.112251,0.0,0.0,1.0,1.0
7576,-0.7802953,16.989397,16.984367,0.0,0.0,1.0,1.0
7577,-0.76636666,16.650852,16.844719,0.0,0.0,1.0,1.0
7578,-0.7654376,16.26501,16.657934,0.0,0.0,1.0,1.0
7579,-0.7530048,16.258718,16.443392,0.0,0.0,1.0,1.0
7580,-0.7384283,16.10051,16.226395,0.0,0.0,1.0,1.0
7581,-0.57531714,15.939488,15.9997835,0.0,0.0,1.0,1.0
7582,-0.71749336,15.82511,15.80218,0.0,0.0,1.0,1.0
7583,-0.6902317,15.53348,15.638653,0.0,0.0,1.0,1.0
7584,-0.6631109,15.287904,15.544266,0.0,0.0,1.0,1.0
7585,-0.64253676,15.075595,15.503975,0.0,0.0,1.0,1.0
7586,-0.62838244,14.800909,15.486235,0.0,0.0,1.0,1.0
7587,-0.61643434,14.899191,15.492891,0.0,0.0,1.0,1.0
7588,-0.608302,15.027065,15.538303,0.0,0.0,1.0,1.0
7589,-0.43777776,15.518209,15.621761,0.0,0.0,1.0,1.0
7590,-0.6018708,15.781524,15.731576,0.0,0.0,1.0,1.0
7591,-0.5892364,16.045828,15.876839,0.0,0.0,1.0,1.0
7592,-0.5804143,16.180387,16.064583,0.0,0.0,1.0,1.0
7593,-0.5729092,16.484434,16.28059,0.0,0.0,1.0,1.0
7594,-0.5582344,16.826614,16.507574,0.0,0.0,1.0,1.0
7595,-0.54555583,16.851246,16.747831,0.0,0.0,1.0,1.0
7596,-0.3587589,17.03106,16.970753,0.0,0.0,1.0,1.0
7597,-0.5269079,17.328537,17.187227,0.0,0.0,1.0,1.0
7598,-0.5153548,17.392977,17.383657,0.0,0.0,1.0,1.0
7599,-0.507192,17.623003,17.558699,0.0,0.0,1.0,1.0
7600,-0.5062643,17.910168,17.692225,0.0,0.0,1.0,1.0
7601,-0.49235013,18.193245,17.806843,0.0,0.0,1.0,1.0
7602,-0.48797926,18.37922,17.916649,0.0,0.0,1.0,1.0
7603,-0.48757872,18.402994,18.01543,0.0,0.0,1.0,1.0
7604,-0.30187133,18.280878,18.102276,0.0,0.0,1.0,1.0
7605,-0.49195522,18.086744,18.19148,0.0,0.0,1.0,1.0
7606,-0.4984472,18.202051,18.250994,0.0,0.0,1.0,1.0
7607,-0.49936396,18.168901,18.272528,0.0,0.0,1.0,1.0
7608,-0.50647664,18.216442,18.266579,0.0,0.0,1.0,1.0
7609,-0.506712,18.370693,18.258608,0.0,0.0,1.0,1.0
7610,-0.5023682,18.463427,18.244415,0.0,0.0,1.0,1.0
7611,-0.49824822,18.33717,18.246851,0.0,0.0,1.0,1.0
7612,-0.49304792,18.168575,18.270924,0.0,0.0,1.0,1.0
7613,-0.48579934,18.121841,18.308739,0.0,0.0,1.0,1.0
7614,-0.48218903,18.283587,18.33162,0.0,0.0,1.0,1.0
7615,-0.39038104,18.232683,18.363256,0.0,0.0,1.0,1.0
7616,-0.48112786,18.310097,18.380268,0.0,0.0,1.0,1.0
7617,-0.4838483,18.375616,18.398493,0.0,0.0,1.0,1.0
7618,-0.48399174,18.65584,18.4515,0.0,0.0,1.0,1.0
7619,-0.4846657,18.443455,18.53038,0.0,0.0,1.0,1.0
7620,-0.39967176,18.596102,18.619106,0.0,0.0,1.0,1.0
7621,-0.48178965,18.574831,18.709723,0.0,0.0,1.0,1.0
7622,-0.47936544,18.68211,18.838535,0.0,0.0,1.0,1.0
7623,-0.4739252,18.973274,19.008305,0.0,0.0,1.0,1.0
7624,-0.46334606,19.115124,19.17282,0.0,0.0,1.0,1.0
7625,-0.46005654,19.186558,19.306114,0.0,0.0,1.0,1.0
7626,-0.47008085,19.37098,19.469534,0.0,0.0,1.0,1.0
7627,-0.47736746,19.778435,19.645205,0.0,0.0,1.0,1.0
7628,-0.48854166,20.34733,19.830002,0.0,0.0,1.0,1.0
7629,-0.33708835,20.349783,19.999086,0.0,0.0,1.0,1.0
7630,-0.4950018,20.25539,20.147505,0.0,0.0,1.0,1.0
7631,-0.49511257,20.404486,20.270254,0.0,0.0,1.0,1.0
7632,-0.491151,20.704159,20.391115,0.0,0.0,1.0,1.0
7633,-0.50474334,20.792398,20.480778,0.0,0.0,1.0,1.0
7634,-0.51695246,20.711117,20.511139,0.0,0.0,1.0,1.0
7635,-0.53028375,20.754303,20.492546,0.0,0.0,1.0,1.0
7636,-0.3955428,20.588118,20.46516,0.0,0.0,1.0,1.0
7637,-0.5427461,20.636892,20.419376,0.0,0.0,1.0,1.0
7638,-0.558358,20.446924,20.329012,0.0,0.0,1.0,1.0
7639,-0.5755144,20.142773,20.16553,0.0,0.0,1.0,1.0
7640,-0.5942869,20.124207,19.99359,0.0,0.0,1.0,1.0
7641,-0.6072037,20.021154,19.817717,0.0,0.0,1.0,1.0
7642,-0.61795247,19.705988,19.626865,0.0,0.0,1.0,1.0
7643,-0.6323567,19.320105,19.4153,0.0,0.0,1.0,1.0
7644,-0.471147,18.742382,19.18155,0.0,0.0,1.0,1.0
7645,-0.6472399,18.72912,18.960365,0.0,0.0,1.0,1.0
7646,-0.6672497,18.600641,18.756487,0.0,0.0,1.0,1.0
7647,-0.6874074,18.46409,18.552814,0.0,0.0,1.0,1.0
7648,-0.7014833,18.049334,18.351654,0.0,0.0,1.0,1.0
7649,-0.7195391,17.83187,18.173904,0.0,0.0,1.0,1.0
7650,-0.730529,17.792717,18.041233,0.0,0.0,1.0,1.0
7651,-0.54321384,17.696243,17.952705,0.0,0.0,1.0,1.0
7652,-0.7381577,17.680119,17.860641,0.0,0.0,1.0,1.0
7653,-0.74702406,17.607231,17.786982,0.0,0.0,1.0,1.0
7654,-0.5753311,17.573002,17.730553,0.0,0.0,1.0,1.0
7655,-0.75599265,17.728046,17.71657,0.0,0.0,1.0,1.0
7656,-0.7813785,17.680056,17.719482,0.0,0.0,1.0,1.0
7657,-0.8025973,17.624352,17.732513,0.0,0.0,1.0,1.0
7658,-0.81990147,17.716722,17.75506,0.0,0.0,1.0,1.0
7659,-0.8326943,17.786945,17.785091,0.0,0.0,1.0,1.0
7660,-0.6723944,17.881535,17.839352,0.0,0.0,1.0,1.0
7661,-0.842691,17.86681,17.888119,0.0,0.0,1.0,1.0
7662,-0.845987,17.949106,17.943415,0.0,0.0,1.0,1.0
7663,-0.8481274,17.966808,18.001268,0.0,0.0,1.0,1.0
7664,-0.844639,18.040474,18.06192,0.0,0.0,1.0,1.0
7665,-0.8413144,18.25836,18.104008,0.0,0.0,1.0,1.0
7666,-0.8382771,18.158222,18.120073,0.0,0.0,1.0,1.0
7667,-0.8346441,18.391582,18.122526,0.0,0.0,1.0,1.0
7668,-0.83158547,18.37431,18.108114,0.0,0.0,1.0,1.0
7669,-0.6808699,18.352177,18.063961,0.0,0.0,1.0,1.0
7670,-0.82541317,18.221766,18.004087,0.0,0.0,1.0,1.0
7671,-0.81333476,17.979729,17.92472,0.0,0.0,1.0,1.0
7672,-0.8032419,17.910978,17.800844,0.0,0.0,1.0,1.0
7673,-0.7166522,17.693867,17.668083,0.0,0.0,1.0,1.0
7674,-0.78195435,17.41925,17.52581,0.0,0.0,1.0,1.0
7675,-0.7659279,17.248337,17.364595,0.0,0.0,1.0,1.0
7676,-0.76045275,17.088083,17.172525,0.0,0.0,1.0,1.0
7677,-0.75035286,16.77182,16.973866,0.0,0.0,1.0,1.0
7678,-0.724319,16.565111,16.766918,0.0,0.0,1.0,1.0
7679,-0.701874,16.684307,16.562235,0.0,0.0,1.0,1.0
7680,-0.69900787,16.439714,16.376083,0.0,0.0,1.0,1.0
7681,-0.5463941,16.047333,16.240906,0.0,0.0,1.0,1.0
7682,-0.5319743,15.837849,16.129705,0.0,0.0,1.0,1.0
7683,-0.6404427,15.496361,16.013689,0.0,0.0,1.0,1.0
7684,-0.5008016,15.454784,15.924548,0.0,0.0,1.0,1.0
7685,-0.6171703,15.460053,15.858182,0.0,0.0,1.0,1.0
7686,-0.6067731,15.797114,15.7889385,0.0,0.0,1.0,1.0
7687,-0.5948957,15.913926,15.752662,0.0,0.0,1.0,1.0
7688,-0.58569866,15.695893,15.77596,0.0,0.0,1.0,1.0
7689,-0.5746487,15.702135,15.845184,0.0,0.0,1.0,1.0
7690,-0.5599374,15.768718,15.942212,0.0,0.0,1.0,1.0
7691,-0.37627378,15.85338,16.059492,0.0,0.0,1.0,1.0
7692,-0.55122054,16.004389,16.193874,0.0,0.0,1.0,1.0
7693,-0.5483268,16.326916,16.322487,0.0,0.0,1.0,1.0
7694,-0.537335,16.66854,16.473118,0.0,0.0,1.0,1.0
7695,-0.53249604,16.660698,16.664509,0.0,0.0,1.0,1.0
7696,-0.5328224,16.86215,16.860472,0.0,0.0,1.0,1.0
7697,-0.53621924,17.072636,17.04285,0.0,0.0,1.0,1.0
7698,-0.36066705,17.34047,17.235851,0.0,0.0,1.0,1.0
7699,-0.5386953,17.721498,17.434658,0.0,0.0,1.0,1.0
7700,-0.5430834,17.99258,17.62376,0.0,0.0,1.0,1.0
7701,-0.5436743,18.053679,17.813972,0.0,0.0,1.0,1.0
7702,-0.54285794,17.957281,18.027315,0.0,0.0,1.0,1.0
7703,-0.53310776,18.169376,18.229635,0.0,0.0,1.0,1.0
7704,-0.5262867,18.390074,18.39807,0.0,0.0,1.0,1.0
7705,-0.32958964,18.596144,18.560955,0.0,0.0,1.0,1.0
7706,-0.51613677,18.95108,18.690842,0.0,0.0,1.0,1.0
7707,-0.5052587,19.220825,18.799381,0.0,0.0,1.0,1.0
7708,-0.4964809,19.289984,18.912178,0.0,0.0,1.0,1.0
7709,-0.50265974,19.093847,19.041983,0.0,0.0,1.0,1.0
7710,-0.5055922,19.295101,19.133432,0.0,0.0,1.0,1.0
7711,-0.5070108,19.280128,19.191092,0.0,0.0,1.0,1.0
7712,-0.50641537,19.295052,19.22368,0.0,0.0,1.0,1.0
7713,-0.5028773,19.407232,19.20601,0.0,0.0,1.0,1.0
7714,-0.3524425,19.514952,19.144949,0.0,0.0,1.0,1.0
7715,-0.499737,19.266768,19.079798,0.0,0.0,1.0,1.0
7716,-0.4960619,19.081984,19.0259,0.0,0.0,1.0,1.0
7717,-0.49388984,18.987204,18.935955,0.0,0.0,1.0,1.0
7718,-0.4940026,18.739044,18.821564,0.0,0.0,1.0,1.0
7719,-0.49827895,18.488083,18.709398,0.0,0.0,1.0,1.0
7720,-0.5039222,18.508175,18.5889,0.0,0.0,1.0,1.0
7721,-0.51118374,18.447077,18.429136,0.0,0.0,1.0,1.0
7722,-0.51728517,18.215761,18.274467,0.0,0.0,1.0,1.0
7723,-0.39009777,17.907429,18.133627,0.0,0.0,1.0,1.0
7724,-0.52239096,17.949074,17.989819,0.0,0.0,1.0,1.0
7725,-0.5303149,17.961254,17.856081,0.0,0.0,1.0,1.0
7726,-0.5359574,17.597794,17.723993,0.0,0.0,1.0,1.0
7727,-0.53483397,17.410728,17.566786,0.0,0.0,1.0,1.0
7728,-0.39633372,17.39191,17.418652,0.0,0.0,1.0,1.0
7729,-0.53311193,17.261484,17.286156,0.0,0.0,1.0,1.0
7730,-0.53469515,17.134203,17.174496,0.0,0.0,1.0,1.0
7731,-0.5395047,16.903027,17.040987,0.0,0.0,1.0,1.0
7732,-0.5519704,16.621695,16.915533,0.0,0.0,1.0,1.0
7733,-0.5658992,16.669472,16.812756,0.0,0.0,1.0,1.0
7734,-0.5861262,16.625795,16.721186,0.0,0.0,1.0,1.0
7735,-0.60044396,16.567507,16.62764,0.0,0.0,1.0,1.0
7736,-0.44216195,16.34698,16.552536,0.0,0.0,1.0,1.0
7737,-0.62312657,16.455797,16.493551,0.0,0.0,1.0,1.0
7738,-0.6406109,16.364466,16.460464,0.0,0.0,1.0,1.0
7739,-0.6590925,16.311893,16.4535,0.0,0.0,1.0,1.0
7740,-0.6745198,16.269361,16.435791,0.0,0.0,1.0,1.0
7741,-0.6860312,16.360235,16.409756,0.0,0.0,1.0,1.0
7742,-0.68933934,16.426392,16.412624,0.0,0.0,1.0,1.0
7743,-0.5194817,16.505978,16.460697,0.0,0.0,1.0,1.0
7744,-0.70125455,16.53813,16.498066,0.0,0.0,1.0,1.0
7745,-0.5491417,16.456963,16.560549,0.0,0.0,1.0,1.0
7746,-0.7268446,16.313374,16.642958,0.0,0.0,1.0,1.0
7747,-0.75780594,16.60192,16.746027,0.0,0.0,1.0,1.0
7748,-0.78281105,16.923864,16.833237,0.0,0.0,1.0,1.0
7749,-0.81260014,16.904219,16.92395,0.0,0.0,1.0,1.0
7750,-0.83546174,17.114256,17.022709,0.0,0.0,1.0,1.0
7751,-0.8447927,17.300812,17.116526,0.0,0.0,1.0,1.0
7752,-0.6596416,17.50618,17.209503,0.0,0.0,1.0,1.0
7753,-0.8547558,17.406767,17.311066,0.0,0.0,1.0,1.0
7754,-0.85802054,17.51494,17.401234,0.0,0.0,1.0,1.0
7755,-0.8569244,17.691095,17.466814,0.0,0.0,1.0,1.0
7756,-0.8595945,17.663927,17.557629,0.0,0.0,1.0,1.0
7757,-0.70476234,17.572691,17.643894,0.0,0.0,1.0,1.0
7758,-0.8579003,17.532124,17.713745,0.0,0.0,1.0,1.0
7759,-0.8635265,17.683924,17.765179,0.0,0.0,1.0,1.0
7760,-0.86179376,17.71084,17.825218,0.0,0.0,1.0,1.0
7761,-0.86448604,17.99398,17.8712,0.0,0.0,1.0,1.0
7762,-0.8642921,18.149458,17.882303,0.0,0.0,1.0,1.0
7763,-0.8485599,18.139019,17.89896,0.0,0.0,1.0,1.0
7764,-0.8601674,18.12337,17.918331,0.0,0.0,1.0,1.0
7765,-0.85518396,18.12724,17.924658,0.0,0.0,1.0,1.0
7766,-0.8401444,18.066742,17.901697,0.0,0.0,1.0,1.0
7767,-0.8243146,17.824324,17.855722,0.0,0.0,1.0,1.0
7768,-0.8047311,17.863823,17.790825,0.0,0.0,1.0,1.0
7769,-0.793765,17.80513,17.692417,0.0,0.0,1.0,1.0
7770,-0.7827446,17.608047,17.564745,0.0,0.0,1.0,1.0
7771,-0.7745702,17.4084,17.436737,0.0,0.0,1.0,1.0
7772,-0.6388705,17.159138,17.285156,0.0,0.0,1.0,1.0
7773,-0.7641252,17.215202,17.130478,0.0,0.0,1.0,1.0
7774,-0.6740238,16.968563,17.007511,0.0,0.0,1.0,1.0
7775,-0.7427617,16.60697,16.88179,0.0,0.0,1.0,1.0
7776,-0.7279174,16.587255,16.77492,0.0,0.0,1.0,1.0
7777,-0.71088356,16.308275,16.677809,0.0,0.0,1.0,1.0
7778,-0.5610832,16.210611,16.610918,0.0,0.0,1.0,1.0
7779,-0.68937194,16.348715,16.561275,0.0,0.0,1.0,1.0
7780,-0.66417295,16.35518,16.530537,0.0,0.0,1.0,1.0
7781,-0.6470688,16.522667,16.542236,0.0,0.0,1.0,1.0
7782,-0.5159334,16.442724,16.602526,0.0,0.0,1.0,1.0
7783,-0.5107745,16.605717,16.683624,0.0,0.0,1.0,1.0
7784,-0.4989581,16.563433,16.793764,0.0,0.0,1.0,1.0
7785,-0.4679041,16.846317,16.933165,0.0,0.0,1.0,1.0
7786,-0.6042525,17.108969,17.09851,0.0,0.0,1.0,1.0
7787,-0.59841233,17.33045,17.267704,0.0,0.0,1.0,1.0
7788,-0.60067093,17.560434,17.44263,0.0,0.0,1.0,1.0
7789,-0.5997701,17.629946,17.636965,0.0,0.0,1.0,1.0
7790,-0.5903121,17.883419,17.832973,0.0,0.0,1.0,1.0
7791,-0.581824,18.332874,18.023575,0.0,0.0,1.0,1.0
7792,-0.4001841,18.385494,18.181675,0.0,0.0,1.0,1.0
7793,-0.5728383,18.621796,18.321316,0.0,0.0,1.0,1.0
7794,-0.5578161,18.77472,18.443375,0.0,0.0,1.0,1.0
7795,-0.54617244,18.957825,18.547148,0.0,0.0,1.0,1.0
7796,-0.53406423,18.850666,18.642204,0.0,0.0,1.0,1.0
7797,-0.5255292,18.743505,18.709202,0.0,0.0,1.0,1.0
7798,-0.51889837,18.784664,18.743502,0.0,0.0,1.0,1.0
7799,-0.51628774,18.79515,18.778568,0.0,0.0,1.0,1.0
7800,-0.5243069,18.805706,18.793669,0.0,0.0,1.0,1.0
7801,-0.3379136,18.77062,18.792397,0.0,0.0,1.0,1.0
7802,-0.53328365,18.687412,18.770388,0.0,0.0,1.0,1.0
7803,-0.5300405,18.74446,18.81663,0.0,0.0,1.0,1.0
7804,-0.5368525,18.806293,18.88321,0.0,0.0,1.0,1.0
7805,-0.5394164,18.803007,18.949528,0.0,0.0,1.0,1.0
7806,-0.5406361,18.759441,19.026335,0.0,0.0,1.0,1.0
7807,-0.537661,18.693727,19.101315,0.0,0.0,1.0,1.0
7808,-0.3791284,19.405563,19.22198,0.0,0.0,1.0,1.0
7809,-0.53412193,19.542456,19.367743,0.0,0.0,1.0,1.0
7810,-0.52973354,19.58049,19.514612,0.0,0.0,1.0,1.0
7811,-0.53009105,19.716845,19.70817,0.0,0.0,1.0,1.0
7812,-0.5324085,19.70545,19.895216,0.0,0.0,1.0,1.0
7813,-0.5354912,20.218601,20.093288,0.0,0.0,1.0,1.0
7814,-0.53845847,20.436579,20.29846,0.0,0.0,1.0,1.0
7815,-0.5328448,20.506884,20.441807,0.0,0.0,1.0,1.0
7816,-0.5305129,21.128986,20.57165,0.0,0.0,1.0,1.0
7817,-0.40168947,21.047562,20.702408,0.0,0.0,1.0,1.0
7818,-0.5280071,21.136307,20.821062,0.0,0.0,1.0,1.0
7819,-0.5204918,21.155792,20.881083,0.0,0.0,1.0,1.0
7820,-0.5168752,21.125736,20.866604,0.0,0.0,1.0,1.0
7821,-0.5136355,21.10057,20.837193,0.0,0.0,1.0,1.0
7822,-0.51500565,21.14957,20.774023,0.0,0.0,1.0,1.0
7823,-0.5148874,21.14071,20.654829,0.0,0.0,1.0,1.0
7824,-0.5216256,20.425697,20.479704,0.0,0.0,1.0,1.0
7825,-0.40219152,20.044857,20.279284,0.0,0.0,1.0,1.0
7826,-0.5370812,20.083641,20.083559,0.0,0.0,1.0,1.0
7827,-0.549857,19.748856,19.835213,0.0,0.0,1.0,1.0
7828,-0.5599798,19.698647,19.571793,0.0,0.0,1.0,1.0
7829,-0.55742365,18.946053,19.294163,0.0,0.0,1.0,1.0
7830,-0.5634393,18.731281,19.018452,0.0,0.0,1.0,1.0
7831,-0.45347497,18.807081,18.787998,0.0,0.0,1.0,1.0
7832,-0.46829084,18.145594,18.584084,0.0,0.0,1.0,1.0
7833,-0.47785196,17.939518,18.377745,0.0,0.0,1.0,1.0
7834,-0.48112366,17.81802,18.194138,0.0,0.0,1.0,1.0
7835,-0.61044836,17.832172,17.99924,0.0,0.0,1.0,1.0
7836,-0.6416742,17.66026,17.883905,0.0,0.0,1.0,1.0
7837,-0.66773415,17.597872,17.78136,0.0,0.0,1.0,1.0
7838,-0.6937919,17.60759,17.651613,0.0,0.0,1.0,1.0
7839,-0.5024364,17.545553,17.581085,0.0,0.0,1.0,1.0
7840,-0.7185778,17.3599,17.53756,0.0,0.0,1.0,1.0
7841,-0.7401123,17.562016,17.508816,0.0,0.0,1.0,1.0
7842,-0.76407766,17.500763,17.471983,0.0,0.0,1.0,1.0
7843,-0.7812479,17.250109,17.448835,0.0,0.0,1.0,1.0
7844,-0.8010998,17.299248,17.441902,0.0,0.0,1.0,1.0
7845,-0.8170071,17.417204,17.435904,0.0,0.0,1.0,1.0
7846,-0.63195324,17.473103,17.419153,0.0,0.0,1.0,1.0
7847,-0.82909936,17.390171,17.428427,0.0,0.0,1.0,1.0
7848,-0.840212,17.382492,17.420872,0.0,0.0,1.0,1.0
7849,-0.84182113,17.514673,17.414312,0.0,0.0,1.0,1.0
7850,-0.8437763,17.535618,17.432072,0.0,0.0,1.0,1.0
7851,-0.8436234,17.34454,17.46502,0.0,0.0,1.0,1.0
7852,-0.85385674,17.471178,17.489727,0.0,0.0,1.0,1.0
7853,-0.8768714,17.471365,17.501577,0.0,0.0,1.0,1.0
7854,-0.8639599,17.422047,17.525667,0.0,0.0,1.0,1.0
7855,-0.87757415,17.463226,17.554398,0.0,0.0,1.0,1.0
7856,-0.72150236,17.694618,17.586517,0.0,0.0,1.0,1.0
7857,-0.88341105,17.713697,17.611221,0.0,0.0,1.0,1.0
7858,-0.8834924,17.615307,17.64759,0.0,0.0,1.0,1.0
7859,-0.87851566,17.679249,17.667143,0.0,0.0,1.0,1.0
7860,-0.8720955,17.727262,17.672672,0.0,0.0,1.0,1.0
7861,-0.7194414,17.900105,17.688513,0.0,0.0,1.0,1.0
7862,-0.8659485,17.832064,17.691387,0.0,0.0,1.0,1.0
7863,-0.8610421,17.780972,17.655636,0.0,0.0,1.0,1.0
7864,-0.8575697,17.705797,17.599117,0.0,0.0,1.0,1.0
7865,-0.8443227,17.537727,17.531113,0.0,0.0,1.0,1.0
7866,-0.6964901,17.612133,17.431221,0.0,0.0,1.0,1.0
7867,-0.8330014,17.497723,17.300314,0.0,0.0,1.0,1.0
7868,-0.8176116,17.265583,17.154581,0.0,0.0,1.0,1.0
7869,-0.6854173,17.035484,17.001537,0.0,0.0,1.0,1.0
7870,-0.78118354,16.79926,16.835825,0.0,0.0,1.0,1.0
7871,-0.6723936,16.48055,16.658516,0.0,0.0,1.0,1.0
7872,-0.65232,16.156364,16.468292,0.0,0.0,1.0,1.0
7873,-0.62554044,16.151306,16.258738,0.0,0.0,1.0,1.0
7874,-0.7365857,15.99554,16.085556,0.0,0.0,1.0,1.0
7875,-0.7210025,15.79243,15.957861,0.0,0.0,1.0,1.0
7876,-0.70803964,15.578101,15.875153,0.0,0.0,1.0,1.0
7877,-0.69022006,15.255022,15.802185,0.0,0.0,1.0,1.0
7878,-0.6684078,15.097493,15.76342,0.0,0.0,1.0,1.0
7879,-0.5410221,15.419541,15.771588,0.0,0.0,1.0,1.0
7880,-0.5382054,15.733241,15.814349,0.0,0.0,1.0,1.0
7881,-0.5277778,16.042988,15.89873,0.0,0.0,1.0,1.0
7882,-0.51169354,15.923649,16.030659,0.0,0.0,1.0,1.0
7883,-0.60645103,16.015371,16.206848,0.0,0.0,1.0,1.0
7884,-0.6037344,16.25438,16.404242,0.0,0.0,1.0,1.0
7885,-0.60521996,16.664438,16.629309,0.0,0.0,1.0,1.0
7886,-0.60500216,17.008106,16.83683,0.0,0.0,1.0,1.0
7887,-0.42870837,17.37558,17.030722,0.0,0.0,1.0,1.0
7888,-0.5945556,17.692366,17.203707,0.0,0.0,1.0,1.0
7889,-0.586601,17.623753,17.404152,0.0,0.0,1.0,1.0
7890,-0.570584,17.798285,17.563812,0.0,0.0,1.0,1.0
7891,-0.5509743,17.909813,17.684664,0.0,0.0,1.0,1.0
7892,-0.5462886,18.059942,17.7869,0.0,0.0,1.0,1.0
7893,-0.5508216,18.118803,17.865438,0.0,0.0,1.0,1.0
7894,-0.55206007,18.328999,17.916195,0.0,0.0,1.0,1.0
7895,-0.561251,17.931288,17.936928,0.0,0.0,1.0,1.0
7896,-0.37531322,17.704586,17.947456,0.0,0.0,1.0,1.0
7897,-0.56789374,17.891268,17.932983,0.0,0.0,1.0,1.0
7898,-0.56727844,17.950577,17.900202,0.0,0.0,1.0,1.0
7899,-0.57054675,17.984667,17.843328,0.0,0.0,1.0,1.0
7900,-0.56984514,17.941154,17.77519,0.0,0.0,1.0,1.0
7901,-0.56635463,17.750103,17.68055,0.0,0.0,1.0,1.0
7902,-0.38673475,17.624603,17.627663,0.0,0.0,1.0,1.0
7903,-0.5603998,17.516422,17.586485,0.0,0.0,1.0,1.0
7904,-0.5542574,17.37747,17.53913,0.0,0.0,1.0,1.0
7905,-0.547012,17.301138,17.493149,0.0,0.0,1.0,1.0
7906,-0.5433301,17.19331,17.464808,0.0,0.0,1.0,1.0
7907,-0.5454567,17.296656,17.458942,0.0,0.0,1.0,1.0
7908,-0.5447781,17.210457,17.442371,0.0,0.0,1.0,1.0
7909,-0.5437958,17.322994,17.447617,0.0,0.0,1.0,1.0
7910,-0.5399491,17.398819,17.472511,0.0,0.0,1.0,1.0
7911,-0.39264503,17.64457,17.518522,0.0,0.0,1.0,1.0
7912,-0.5357995,17.870758,17.577816,0.0,0.0,1.0,1.0
7913,-0.53013176,17.551266,17.653503,0.0,0.0,1.0,1.0
7914,-0.5262952,17.687548,17.731615,0.0,0.0,1.0,1.0
7915,-0.52246815,17.815142,17.837805,0.0,0.0,1.0,1.0
7916,-0.52182686,17.929605,17.940348,0.0,0.0,1.0,1.0
7917,-0.52729946,18.01267,18.046684,0.0,0.0,1.0,1.0
7918,-0.42241278,18.10156,18.141241,0.0,0.0,1.0,1.0
7919,-0.43518832,18.233997,18.233576,0.0,0.0,1.0,1.0
7920,-0.44060838,18.484734,18.358778,0.0,0.0,1.0,1.0
7921,-0.44701836,18.553503,18.475342,0.0,0.0,1.0,1.0
7922,-0.44708788,18.67486,18.569326,0.0,0.0,1.0,1.0
7923,-0.56710446,18.779253,18.64606,0.0,0.0,1.0,1.0
7924,-0.57072896,18.978767,18.709612,0.0,0.0,1.0,1.0
7925,-0.582754,19.053694,18.756264,0.0,0.0,1.0,1.0
7926,-0.4664589,19.086323,18.78591,0.0,0.0,1.0,1.0
7927,-0.47418648,18.942959,18.791662,0.0,0.0,1.0,1.0
7928,-0.48702946,18.850407,18.787342,0.0,0.0,1.0,1.0
7929,-0.49349123,18.775284,18.763063,0.0,0.0,1.0,1.0
7930,-0.61472785,18.66139,18.71818,0.0,0.0,1.0,1.0
7931,-0.6292419,18.589752,18.627638,0.0,0.0,1.0,1.0
7932,-0.65858597,18.553753,18.524302,0.0,0.0,1.0,1.0
7933,-0.6803159,18.501669,18.41998,0.0,0.0,1.0,1.0
7934,-0.53743666,18.383518,18.304234,0.0,0.0,1.0,1.0
7935,-0.70604074,18.240635,18.181967,0.0,0.0,1.0,1.0
7936,-0.72060657,17.892267,18.069551,0.0,0.0,1.0,1.0
7937,-0.7553216,17.81366,17.95082,0.0,0.0,1.0,1.0
7938,-0.78144807,17.834452,17.831099,0.0,0.0,1.0,1.0
7939,-0.79853195,17.55401,17.70919,0.0,0.0,1.0,1.0
7940,-0.5951505,17.383211,17.59445,0.0,0.0,1.0,1.0
7941,-0.8107953,17.426306,17.480324,0.0,0.0,1.0,1.0
7942,-0.8151224,17.236626,17.376663,0.0,0.0,1.0,1.0
7943,-0.8121456,17.153069,17.29882,0.0,0.0,1.0,1.0
7944,-0.6585211,17.090858,17.23758,0.0,0.0,1.0,1.0
7945,-0.82133603,17.12479,17.182974,0.0,0.0,1.0,1.0
7946,-0.8430045,17.013992,17.150421,0.0,0.0,1.0,1.0
7947,-0.8691414,16.996723,17.137394,0.0,0.0,1.0,1.0
7948,-0.8898141,16.958158,17.123468,0.0,0.0,1.0,1.0
7949,-0.72080564,17.078758,17.117561,0.0,0.0,1.0,1.0
7950,-0.903351,17.179174,17.125055,0.0,0.0,1.0,1.0
7951,-0.906469,17.163382,17.147564,0.0,0.0,1.0,1.0
7952,-0.9074687,17.226894,17.157728,0.0,0.0,1.0,1.0
7953,-0.90432453,17.259203,17.187483,0.0,0.0,1.0,1.0
7954,-0.8989432,17.165737,17.206594,0.0,0.0,1.0,1.0
7955,-0.89696175,17.242983,17.218296,0.0,0.0,1.0,1.0
7956,-0.8989426,17.360983,17.20524,0.0,0.0,1.0,1.0
7957,-0.8954486,17.24674,17.178572,0.0,0.0,1.0,1.0
7958,-0.8909778,17.371067,17.138372,0.0,0.0,1.0,1.0
7959,-0.7517412,17.226053,17.083351,0.0,0.0,1.0,1.0
7960,-0.8845243,17.098587,16.993326,0.0,0.0,1.0,1.0
7961,-0.8752173,16.92208,16.907257,0.0,0.0,1.0,1.0
7962,-0.85608274,16.859152,16.795454,0.0,0.0,1.0,1.0
7963,-0.8409446,16.68098,16.677803,0.0,0.0,1.0,1.0
7964,-0.81697196,16.566647,16.555231,0.0,0.0,1.0,1.0
7965,-0.80101913,16.178904,16.411102,0.0,0.0,1.0,1.0
7966,-0.66908735,16.132898,16.27458,0.0,0.0,1.0,1.0
7967,-0.6544988,15.901355,16.136856,0.0,0.0,1.0,1.0
7968,-0.6390667,15.949167,16.011452,0.0,0.0,1.0,1.0
7969,-0.6237725,15.775877,15.891472,0.0,0.0,1.0,1.0
7970,-0.72907895,15.641531,15.791985,0.0,0.0,1.0,1.0
7971,-0.6083733,15.587781,15.712929,0.0,0.0,1.0,1.0
7972,-0.58879805,15.445894,15.678503,0.0,0.0,1.0,1.0
7973,-0.5689725,15.417245,15.658589,0.0,0.0,1.0,1.0
7974,-0.68699735,15.419382,15.664952,0.0,0.0,1.0,1.0
7975,-0.6699341,15.487131,15.676047,0.0,0.0,1.0,1.0
7976,-0.6565254,15.617979,15.721659,0.0,0.0,1.0,1.0
7977,-0.6478196,15.765795,15.771686,0.0,0.0,1.0,1.0
7978,-0.63143766,15.893934,15.86589,0.0,0.0,1.0,1.0
7979,-0.61551726,15.977707,15.971663,0.0,0.0,1.0,1.0
7980,-0.47398382,16.082315,16.118563,0.0,0.0,1.0,1.0
7981,-0.59931225,16.323212,16.280258,0.0,0.0,1.0,1.0
7982,-0.44577578,16.241856,16.44796,0.0,0.0,1.0,1.0
7983,-0.5797229,16.718227,16.615705,0.0,0.0,1.0,1.0
7984,-0.58484215,16.71518,16.778833,0.0,0.0,1.0,1.0
7985,-0.5928039,17.180033,16.933079,0.0,0.0,1.0,1.0
7986,-0.6021886,17.359741,17.094994,0.0,0.0,1.0,1.0
7987,-0.6016235,17.499544,17.24385,0.0,0.0,1.0,1.0
7988,-0.41471288,17.630926,17.380203,0.0,0.0,1.0,1.0
7989,-0.6040657,17.723335,17.518154,0.0,0.0,1.0,1.0
7990,-0.60036075,17.744864,17.617651,0.0,0.0,1.0,1.0
7991,-0.59144807,17.920689,17.719854,0.0,0.0,1.0,1.0
7992,-0.5795324,17.868614,17.780083,0.0,0.0,1.0,1.0
7993,-0.5743448,17.959435,17.825935,0.0,0.0,1.0,1.0
7994,-0.39141396,17.897255,17.830624,0.0,0.0,1.0,1.0
7995,-0.5629053,17.912203,17.817352,0.0,0.0,1.0,1.0
7996,-0.5551878,17.941605,17.77216,0.0,0.0,1.0,1.0
7997,-0.54850966,17.902775,17.724987,0.0,0.0,1.0,1.0
7998,-0.38285613,17.909975,17.660227,0.0,0.0,1.0,1.0
7999,-0.55194753,17.555803,17.59723,0.0,0.0,1.0,1.0
8000,-0.55924505,17.47167,17.517607,0.0,0.0,1.0,1.0
8001,-0.5619778,17.18103,17.434383,0.0,0.0,1.0,1.0
8002,-0.56056195,17.17879,17.354437,0.0,0.0,1.0,1.0
8003,-0.5583651,17.143572,17.272337,0.0,0.0,1.0,1.0
8004,-0.5544465,17.112661,17.19529,0.0,0.0,1.0,1.0
8005,-0.5502043,17.003933,17.123585,0.0,0.0,1.0,1.0
8006,-0.55482066,16.898588,17.09771,0.0,0.0,1.0,1.0
8007,-0.41128355,16.952848,17.086388,0.0,0.0,1.0,1.0
8008,-0.56134003,16.956392,17.097166,0.0,0.0,1.0,1.0
8009,-0.5638222,16.978214,17.112318,0.0,0.0,1.0,1.0
8010,-0.5723467,17.049519,17.132986,0.0,0.0,1.0,1.0
8011,-0.5793392,17.24531,17.165676,0.0,0.0,1.0,1.0
8012,-0.57791847,17.3358,17.200247,0.0,0.0,1.0,1.0
8013,-0.44573408,17.310366,17.254581,0.0,0.0,1.0,1.0
8014,-0.5733029,17.360615,17.305132,0.0,0.0,1.0,1.0
8015,-0.5714043,17.391582,17.370033,0.0,0.0,1.0,1.0
8016,-0.57014424,17.504948,17.423412,0.0,0.0,1.0,1.0
8017,-0.56815356,17.418781,17.477266,0.0,0.0,1.0,1.0
8018,-0.56798023,17.550598,17.49179,0.0,0.0,1.0,1.0
8019,-0.5747895,17.559448,17.4879,0.0,0.0,1.0,1.0
8020,-0.58185107,17.735228,17.462526,0.0,0.0,1.0,1.0
8021,-0.4666156,17.618746,17.425152,0.0,0.0,1.0,1.0
8022,-0.5918557,17.695784,17.386179,0.0,0.0,1.0,1.0
8023,-0.6096573,17.419601,17.326256,0.0,0.0,1.0,1.0
8024,-0.62679434,17.289106,17.291674,0.0,0.0,1.0,1.0
8025,-0.6401403,17.005884,17.242504,0.0,0.0,1.0,1.0
8026,-0.6537107,16.912106,17.188868,0.0,0.0,1.0,1.0
8027,-0.5263461,16.923914,17.120003,0.0,0.0,1.0,1.0
8028,-0.6617861,16.785864,17.070107,0.0,0.0,1.0,1.0
8029,-0.67103666,17.003801,17.014936,0.0,0.0,1.0,1.0
8030,-0.6801085,16.960577,16.985584,0.0,0.0,1.0,1.0
8031,-0.6939458,16.915806,16.955217,0.0,0.0,1.0,1.0
8032,-0.7061568,16.908838,16.962997,0.0,0.0,1.0,1.0
8033,-0.5658454,17.020002,16.982899,0.0,0.0,1.0,1.0
8034,-0.73816305,17.033745,17.013592,0.0,0.0,1.0,1.0
8035,-0.7660113,17.06736,17.074986,0.0,0.0,1.0,1.0
8036,-0.59748137,16.924707,17.138363,0.0,0.0,1.0,1.0
8037,-0.79204154,17.099258,17.211653,0.0,0.0,1.0,1.0
8038,-0.811939,17.15091,17.279007,0.0,0.0,1.0,1.0
8039,-0.8318516,17.29223,17.345362,0.0,0.0,1.0,1.0
8040,-0.8519784,17.522596,17.396965,0.0,0.0,1.0,1.0
8041,-0.8709707,17.764315,17.450089,0.0,0.0,1.0,1.0
8042,-0.71360505,17.840073,17.51236,0.0,0.0,1.0,1.0
8043,-0.8856947,17.724043,17.581287,0.0,0.0,1.0,1.0
8044,-0.90072465,17.705101,17.63648,0.0,0.0,1.0,1.0
8045,-0.9082685,17.639235,17.681723,0.0,0.0,1.0,1.0
8046,-0.9134536,17.67123,17.722683,0.0,0.0,1.0,1.0
8047,-0.91059417,17.814615,17.746403,0.0,0.0,1.0,1.0
8048,-0.74454874,17.751833,17.748737,0.0,0.0,1.0,1.0
8049,-0.9118051,17.761578,17.740208,0.0,0.0,1.0,1.0
8050,-0.9108792,17.693823,17.73843,0.0,0.0,1.0,1.0
8051,-0.9148339,17.783756,17.721273,0.0,0.0,1.0,1.0
8052,-0.915533,17.807241,17.70413,0.0,0.0,1.0,1.0
8053,-0.8150587,17.792326,17.679258,0.0,0.0,1.0,1.0
8054,-0.91170913,17.737717,17.643894,0.0,0.0,1.0,1.0
8055,-0.9047601,17.702713,17.613073,0.0,0.0,1.0,1.0
8056,-0.89093614,17.49922,17.565237,0.0,0.0,1.0,1.0
8057,-0.8737603,17.433512,17.513103,0.0,0.0,1.0,1.0
8058,-0.7689233,17.372766,17.43575,0.0,0.0,1.0,1.0
8059,-0.85440606,17.390236,17.347275,0.0,0.0,1.0,1.0
8060,-0.850776,17.382002,17.264513,0.0,0.0,1.0,1.0
8061,-0.8421604,17.18753,17.181051,0.0,0.0,1.0,1.0
8062,-0.6817319,17.068213,17.10365,0.0,0.0,1.0,1.0
8063,-0.8274927,16.855524,17.052322,0.0,0.0,1.0,1.0
8064,-0.81232595,16.745527,16.999414,0.0,0.0,1.0,1.0
8065,-0.7933901,16.79919,16.941916,0.0,0.0,1.0,1.0
8066,-0.76991844,16.736187,16.907272,0.0,0.0,1.0,1.0
8067,-0.6502977,16.773886,16.890255,0.0,0.0,1.0,1.0
8068,-0.6384376,16.8833,16.891146,0.0,0.0,1.0,1.0
8069,-0.62130624,16.798605,16.917614,0.0,0.0,1.0,1.0
8070,-0.60227144,16.682781,17.00104,0.0,0.0,1.0,1.0
8071,-0.70863587,16.974525,17.1022,0.0,0.0,1.0,1.0
8072,-0.69475335,17.1778,17.224157,0.0,0.0,1.0,1.0
8073,-0.6908237,17.198214,17.359596,0.0,0.0,1.0,1.0
8074,-0.6779207,17.385828,17.500422,0.0,0.0,1.0,1.0
8075,-0.66805863,17.856628,17.635868,0.0,0.0,1.0,1.0
8076,-0.6537557,17.959461,17.771185,0.0,0.0,1.0,1.0
8077,-0.4912176,18.262663,17.908598,0.0,0.0,1.0,1.0
8078,-0.6437146,18.36146,18.036156,0.0,0.0,1.0,1.0
8079,-0.62871933,18.463783,18.149294,0.0,0.0,1.0,1.0
8080,-0.6189871,18.508661,18.268164,0.0,0.0,1.0,1.0
8081,-0.49228314,18.422405,18.384295,0.0,0.0,1.0,1.0
8082,-0.60643035,18.331757,18.445772,0.0,0.0,1.0,1.0
8083,-0.4465153,18.505217,18.490957,0.0,0.0,1.0,1.0
8084,-0.6068286,18.535458,18.51254,0.0,0.0,1.0,1.0
8085,-0.60485965,18.624636,18.522133,0.0,0.0,1.0,1.0
8086,-0.59951687,18.779396,18.487263,0.0,0.0,1.0,1.0
8087,-0.59005696,18.59437,18.44219,0.0,0.0,1.0,1.0
8088,-0.5757294,18.501692,18.397795,0.0,0.0,1.0,1.0
8089,-0.560585,18.521654,18.366417,0.0,0.0,1.0,1.0
8090,-0.56198156,18.476557,18.321596,0.0,0.0,1.0,1.0
8091,-0.5695681,18.04535,18.27056,0.0,0.0,1.0,1.0
8092,-0.4030611,17.967793,18.212034,0.0,0.0,1.0,1.0
8093,-0.5801495,17.889668,18.164553,0.0,0.0,1.0,1.0
8094,-0.57982916,17.955227,18.131876,0.0,0.0,1.0,1.0
8095,-0.58964247,17.967356,18.106436,0.0,0.0,1.0,1.0
8096,-0.58921695,17.923025,18.084202,0.0,0.0,1.0,1.0
8097,-0.58899176,17.922325,18.072464,0.0,0.0,1.0,1.0
8098,-0.58457917,18.209625,18.107838,0.0,0.0,1.0,1.0
8099,-0.579417,18.202236,18.158342,0.0,0.0,1.0,1.0
8100,-0.57797205,18.196405,18.221779,0.0,0.0,1.0,1.0
8101,-0.5795445,18.254858,18.275465,0.0,0.0,1.0,1.0
8102,-0.4234465,18.335693,18.338684,0.0,0.0,1.0,1.0
8103,-0.5847939,18.469849,18.434532,0.0,0.0,1.0,1.0
8104,-0.58829105,18.573832,18.526373,0.0,0.0,1.0,1.0
8105,-0.5847668,18.650904,18.590387,0.0,0.0,1.0,1.0
8106,-0.51973444,18.599468,18.670952,0.0,0.0,1.0,1.0
8107,-0.5809547,18.726,18.77761,0.0,0.0,1.0,1.0
8108,-0.5803562,19.073181,18.887,0.0,0.0,1.0,1.0
8109,-0.59930515,19.024427,18.968374,0.0,0.0,1.0,1.0
8110,-0.5787741,18.977787,19.025906,0.0,0.0,1.0,1.0
8111,-0.58090717,19.16901,19.072128,0.0,0.0,1.0,1.0
8112,-0.5814737,19.476313,19.11711,0.0,0.0,1.0,1.0
8113,-0.5759556,19.567535,19.163187,0.0,0.0,1.0,1.0
8114,-0.57055604,19.312195,19.182829,0.0,0.0,1.0,1.0
8115,-0.4516479,19.160223,19.176441,0.0,0.0,1.0,1.0
8116,-0.46644905,19.128496,19.171923,0.0,0.0,1.0,1.0
8117,-0.4812759,19.190676,19.188725,0.0,0.0,1.0,1.0
8118,-0.48733008,19.152401,19.187716,0.0,0.0,1.0,1.0
8119,-0.48675415,18.961695,19.141544,0.0,0.0,1.0,1.0
8120,-0.60762215,18.996538,19.091516,0.0,0.0,1.0,1.0
8121,-0.6204404,18.970198,19.081116,0.0,0.0,1.0,1.0
8122,-0.63410485,19.17941,19.079456,0.0,0.0,1.0,1.0
8123,-0.49166626,19.156912,19.08467,0.0,0.0,1.0,1.0
8124,-0.6475666,18.922249,19.082754,0.0,0.0,1.0,1.0
8125,-0.65509444,18.967201,19.10387,0.0,0.0,1.0,1.0
8126,-0.67478067,19.187382,19.128084,0.0,0.0,1.0,1.0
8127,-0.687281,19.140306,19.14988,0.0,0.0,1.0,1.0
8128,-0.7042732,19.191069,19.176167,0.0,0.0,1.0,1.0
8129,-0.7301409,19.16768,19.16968,0.0,0.0,1.0,1.0
8130,-0.75305575,19.405796,19.164665,0.0,0.0,1.0,1.0
8131,-0.61478823,19.252266,19.17188,0.0,0.0,1.0,1.0
8132,-0.77799505,19.258093,19.164543,0.0,0.0,1.0,1.0
8133,-0.79829776,19.285637,19.124758,0.0,0.0,1.0,1.0
8134,-0.8258186,19.10157,19.07723,0.0,0.0,1.0,1.0
8135,-0.84604704,19.096737,19.02721,0.0,0.0,1.0,1.0
8136,-0.86492157,19.008823,18.981936,0.0,0.0,1.0,1.0
8137,-0.8778609,18.879156,18.907928,0.0,0.0,1.0,1.0
8138,-0.69372576,18.70996,18.845608,0.0,0.0,1.0,1.0
8139,-0.8869452,18.56998,18.772886,0.0,0.0,1.0,1.0
8140,-0.90036803,18.59083,18.697107,0.0,0.0,1.0,1.0
8141,-0.9065469,18.624374,18.62286,0.0,0.0,1.0,1.0
8142,-0.9044828,18.517715,18.558489,0.0,0.0,1.0,1.0
8143,-0.7354933,18.504416,18.49446,0.0,0.0,1.0,1.0
8144,-0.91426474,18.385445,18.445358,0.0,0.0,1.0,1.0
8145,-0.92679983,18.376278,18.410433,0.0,0.0,1.0,1.0
8146,-0.93209386,18.2106,18.388676,0.0,0.0,1.0,1.0
8147,-0.9323112,18.324278,18.364052,0.0,0.0,1.0,1.0
8148,-0.9321471,18.240486,18.331814,0.0,0.0,1.0,1.0
8149,-0.9248021,18.289934,18.296234,0.0,0.0,1.0,1.0
8150,-0.91575825,18.290863,18.252743,0.0,0.0,1.0,1.0
8151,-0.81687313,18.30888,18.218513,0.0,0.0,1.0,1.0
8152,-0.9109703,18.295353,18.162485,0.0,0.0,1.0,1.0
8153,-0.9073534,18.23752,18.12172,0.0,0.0,1.0,1.0
8154,-0.9035327,18.090754,18.071249,0.0,0.0,1.0,1.0
8155,-0.8968833,17.982534,18.023699,0.0,0.0,1.0,1.0
8156,-0.747347,17.97469,17.966728,0.0,0.0,1.0,1.0
8157,-0.8905305,17.703922,17.897362,0.0,0.0,1.0,1.0
8158,-0.87733644,17.721422,17.803486,0.0,0.0,1.0,1.0
8159,-0.8593602,17.718636,17.716743,0.0,0.0,1.0,1.0
8160,-0.8449508,17.669882,17.627653,0.0,0.0,1.0,1.0
8161,-0.8259353,17.606293,17.543598,0.0,0.0,1.0,1.0
8162,-0.67111355,17.45845,17.50946,0.0,0.0,1.0,1.0
8163,-0.8006173,17.182375,17.48402,0.0,0.0,1.0,1.0
8164,-0.7786871,17.254433,17.501709,0.0,0.0,1.0,1.0
8165,-0.7621729,17.168442,17.526941,0.0,0.0,1.0,1.0
8166,-0.7438901,17.08211,17.572018,0.0,0.0,1.0,1.0
8167,-0.6188076,17.572882,17.606733,0.0,0.0,1.0,1.0
8168,-0.60655487,17.669401,17.668104,0.0,0.0,1.0,1.0
8169,-0.59483755,17.916178,17.7421,0.0,0.0,1.0,1.0
8170,-0.58430815,18.024214,17.83649,0.0,0.0,1.0,1.0
8171,-0.6974404,18.259563,17.9352,0.0,0.0,1.0,1.0
8172,-0.6909722,18.086464,18.054636,0.0,0.0,1.0,1.0
8173,-0.6816761,18.342731,18.188549,0.0,0.0,1.0,1.0
8174,-0.67560315,18.346394,18.314232,0.0,0.0,1.0,1.0
8175,-0.6616016,18.315084,18.421888,0.0,0.0,1.0,1.0
8176,-0.6475398,18.438936,18.502167,0.0,0.0,1.0,1.0
8177,-0.46423483,18.601679,18.59802,0.0,0.0,1.0,1.0
8178,-0.634155,18.689058,18.6406,0.0,0.0,1.0,1.0
8179,-0.61821777,19.081074,18.691406,0.0,0.0,1.0,1.0
8180,-0.60187733,18.961294,18.718628,0.0,0.0,1.0,1.0
8181,-0.6042789,18.879515,18.751892,0.0,0.0,1.0,1.0
8182,-0.6153311,19.17446,18.784784,0.0,0.0,1.0,1.0
8183,-0.6209541,18.77052,18.849228,0.0,0.0,1.0,1.0
8184,-0.62139034,18.696136,18.90012,0.0,0.0,1.0,1.0
8185,-0.44854861,18.66939,18.94952,0.0,0.0,1.0,1.0
8186,-0.6250354,18.745571,18.962362,0.0,0.0,1.0,1.0
8187,-0.6250193,18.709774,18.987593,0.0,0.0,1.0,1.0
8188,-0.620584,19.212261,19.02561,0.0,0.0,1.0,1.0
8189,-0.6150208,19.212393,19.051954,0.0,0.0,1.0,1.0
8190,-0.44870344,19.281857,19.108637,0.0,0.0,1.0,1.0
8191,-0.6094882,19.23518,19.178776,0.0,0.0,1.0,1.0
8192,-0.6019335,19.264053,19.279984,0.0,0.0,1.0,1.0
8193,-0.595375,19.335732,19.360193,0.0,0.0,1.0,1.0
8194,-0.59603924,19.49058,19.429932,0.0,0.0,1.0,1.0
8195,-0.59600234,19.450718,19.469109,0.0,0.0,1.0,1.0
8196,-0.598104,19.537804,19.506023,0.0,0.0,1.0,1.0
8197,-0.6004837,19.883877,19.566605,0.0,0.0,1.0,1.0
8198,-0.5996936,19.708092,19.652538,0.0,0.0,1.0,1.0
8199,-0.59850097,19.546642,19.739925,0.0,0.0,1.0,1.0
8200,-0.43992916,19.682373,19.827991,0.0,0.0,1.0,1.0
8201,-0.5921669,19.65538,19.908495,0.0,0.0,1.0,1.0
8202,-0.5830352,20.008827,20.024704,0.0,0.0,1.0,1.0
8203,-0.43933734,20.266388,20.122383,0.0,0.0,1.0,1.0
8204,-0.58332855,20.312687,20.170961,0.0,0.0,1.0,1.0
8205,-0.5909122,20.392525,20.246126,0.0,0.0,1.0,1.0
8206,-0.60290504,20.45663,20.35763,0.0,0.0,1.0,1.0
8207,-0.6152231,20.845211,20.46891,0.0,0.0,1.0,1.0
8208,-0.62314796,20.70997,20.56651,0.0,0.0,1.0,1.0
8209,-0.627511,20.46681,20.627651,0.0,0.0,1.0,1.0
8210,-0.4791719,20.610073,20.69841,0.0,0.0,1.0,1.0
8211,-0.63166285,20.884684,20.742298,0.0,0.0,1.0,1.0
8212,-0.6264214,21.017733,20.774233,0.0,0.0,1.0,1.0
8213,-0.6273654,20.826572,20.779604,0.0,0.0,1.0,1.0
8214,-0.6306421,20.74254,20.723736,0.0,0.0,1.0,1.0
8215,-0.63687295,21.115475,20.638227,0.0,0.0,1.0,1.0
8216,-0.64988256,20.839346,20.565918,0.0,0.0,1.0,1.0
8217,-0.5261533,20.77575,20.461329,0.0,0.0,1.0,1.0
8218,-0.6625055,20.521082,20.30789,0.0,0.0,1.0,1.0
8219,-0.68107355,20.17479,20.150444,0.0,0.0,1.0,1.0
8220,-0.66731524,19.683876,20.016617,0.0,0.0,1.0,1.0
8221,-0.72787577,19.599106,19.877857,0.0,0.0,1.0,1.0
8222,-0.745932,19.35499,19.675783,0.0,0.0,1.0,1.0
8223,-0.76841325,19.043425,19.49048,0.0,0.0,1.0,1.0
8224,-0.5996514,19.128368,19.29801,0.0,0.0,1.0,1.0
8225,-0.78556705,19.220663,19.153627,0.0,0.0,1.0,1.0
8226,-0.797639,19.077412,19.023548,0.0,0.0,1.0,1.0
8227,-0.80778533,18.690594,18.94664,0.0,0.0,1.0,1.0
8228,-0.8148743,18.615717,18.885351,0.0,0.0,1.0,1.0
8229,-0.8231989,18.466095,18.837132,0.0,0.0,1.0,1.0
8230,-0.6606146,18.788486,18.81622,0.0,0.0,1.0,1.0
8231,-0.83558726,18.61384,18.79497,0.0,0.0,1.0,1.0
8232,-0.8531122,18.760984,18.766436,0.0,0.0,1.0,1.0
8233,-0.6953889,18.863632,18.756624,0.0,0.0,1.0,1.0
8234,-0.8790408,18.776371,18.789896,0.0,0.0,1.0,1.0
8235,-0.8878391,18.792458,18.827785,0.0,0.0,1.0,1.0
8236,-0.91745806,18.87339,18.889801,0.0,0.0,1.0,1.0
8237,-0.9355097,18.878242,18.93237,0.0,0.0,1.0,1.0
8238,-0.94798046,18.959688,19.003143,0.0,0.0,1.0,1.0
8239,-0.78718424,19.089853,19.078629,0.0,0.0,1.0,1.0
8240,-0.9533125,19.070381,19.163883,0.0,0.0,1.0,1.0
8241,-0.95691687,19.210297,19.249165,0.0,0.0,1.0,1.0
8242,-0.95781416,19.299282,19.326433,0.0,0.0,1.0,1.0
8243,-0.9566854,19.463146,19.39289,0.0,0.0,1.0,1.0
8244,-0.95517284,19.666794,19.44898,0.0,0.0,1.0,1.0
8245,-0.9554491,19.886696,19.484358,0.0,0.0,1.0,1.0
8246,-0.9560738,19.799744,19.525082,0.0,0.0,1.0,1.0
8247,-0.9557564,19.719685,19.581852,0.0,0.0,1.0,1.0
8248,-0.94345707,19.670883,19.614714,0.0,0.0,1.0,1.0
8249,-0.8039123,19.551308,19.636158,0.0,0.0,1.0,1.0
8250,-0.9358852,19.384218,19.662045,0.0,0.0,1.0,1.0
8251,-0.9212334,19.578537,19.688232,0.0,0.0,1.0,1.0
8252,-0.9027729,19.751638,19.680117,0.0,0.0,1.0,1.0
8253,-0.8804155,19.604637,19.675648,0.0,0.0,1.0,1.0
8254,-0.85450083,19.556599,19.676289,0.0,0.0,1.0,1.0
8255,-0.8344474,19.773798,19.667795,0.0,0.0,1.0,1.0
8256,-0.82448655,19.981045,19.652561,0.0,0.0,1.0,1.0
8257,-0.6671338,19.789307,19.646475,0.0,0.0,1.0,1.0
8258,-0.8140626,19.746107,19.684729,0.0,0.0,1.0,1.0
8259,-0.8046467,19.727394,19.74312,0.0,0.0,1.0,1.0
8260,-0.79520535,19.568949,19.835596,0.0,0.0,1.0,1.0
8261,-0.7743696,19.368505,19.950838,0.0,0.0,1.0,1.0
8262,-0.75641537,19.311182,20.04421,0.0,0.0,1.0,1.0
8263,-0.73595035,20.037586,20.118,0.0,0.0,1.0,1.0
8264,-0.59451616,20.452343,20.246014,0.0,0.0,1.0,1.0
8265,-0.71835387,20.71433,20.394707,0.0,0.0,1.0,1.0
8266,-0.6953563,20.939505,20.55083,0.0,0.0,1.0,1.0
8267,-0.6858896,20.894264,20.70812,0.0,0.0,1.0,1.0
8268,-0.67671543,20.866516,20.90329,0.0,0.0,1.0,1.0
8269,-0.67678005,21.32549,21.112143,0.0,0.0,1.0,1.0
8270,-0.67577004,21.530422,21.275248,1.0,0.0,1.0,1.0
8271,-0.49554214,21.600866,21.403772,1.0,0.0,1.0,1.0
8272,-0.67785174,21.456429,21.529991,1.0,0.0,1.0,1.0
8273,-0.6744275,21.710545,21.67846,1.0,0.0,1.0,1.0
8274,-0.66796476,21.817408,21.801262,1.0,0.0,1.0,1.0
8275,-0.66232413,21.994846,21.912802,1.0,0.0,1.0,1.0
8276,-0.6575631,21.994637,22.02492,1.0,0.0,1.0,1.0
8277,-0.64980215,22.228966,22.147839,1.0,0.0,1.0,1.0
8278,-0.64274293,22.721128,22.274168,1.0,0.0,1.0,1.0
8279,-0.6380627,22.36789,22.405985,1.0,0.0,1.0,1.0
8280,-0.6359572,22.204988,22.49992,1.0,0.0,1.0,1.0
8281,-0.63031137,22.67091,22.58054,1.0,0.0,1.0,1.0
8282,-0.6249846,23.005459,22.610462,1.0,0.0,1.0,1.0
8283,-0.61659014,23.116804,22.641886,1.0,0.0,1.0,1.0
8284,-0.4381101,23.03824,22.65347,1.0,0.0,1.0,1.0
8285,-0.6092081,22.837757,22.612463,1.0,0.0,1.0,1.0
8286,-0.61078584,22.784845,22.588394,1.0,0.0,1.0,1.0
8287,-0.45229813,22.353918,22.566437,1.0,0.0,1.0,1.0
8288,-0.61616564,22.371725,22.483315,1.0,0.0,1.0,1.0
8289,-0.6192846,22.367973,22.331453,1.0,0.0,1.0,1.0
8290,-0.6190027,22.229036,22.154346,1.0,0.0,1.0,1.0
8291,-0.6183477,22.079067,21.985428,1.0,0.0,1.0,1.0
8292,-0.6144223,21.941498,21.786804,1.0,0.0,1.0,1.0
8293,-0.61391693,21.67344,21.558422,1.0,0.0,1.0,1.0
8294,-0.62166005,21.183132,21.351234,1.0,0.0,1.0,1.0
8295,-0.6100698,20.99153,21.140585,0.0,0.0,1.0,1.0
8296,-0.6187599,21.011211,20.918913,0.0,0.0,1.0,1.0
8297,-0.46372432,20.454279,20.699217,0.0,0.0,1.0,1.0
8298,-0.6273043,20.044256,20.48468,0.0,0.0,1.0,1.0
8299,-0.6362548,19.867668,20.278162,0.0,0.0,1.0,1.0
8300,-0.6377558,19.843922,20.073084,0.0,0.0,1.0,1.0
8301,-0.6398001,19.70791,19.893803,0.0,0.0,1.0,1.0
8302,-0.64006567,19.592678,19.701496,0.0,0.0,1.0,1.0
8303,-0.5021707,19.504646,19.507229,0.0,0.0,1.0,1.0
8304,-0.64162046,19.463272,19.352774,0.0,0.0,1.0,1.0
8305,-0.6427966,19.212511,19.227222,0.0,0.0,1.0,1.0
8306,-0.6462126,19.031754,19.105728,0.0,0.0,1.0,1.0
8307,-0.5766969,18.683851,18.959322,0.0,0.0,1.0,1.0
8308,-0.6559337,18.679989,18.813265,0.0,0.0,1.0,1.0
8309,-0.6684848,18.60082,18.683607,0.0,0.0,1.0,1.0
8310,-0.66862005,18.537659,18.548498,0.0,0.0,1.0,1.0
8311,-0.67058337,18.409733,18.407047,0.0,0.0,1.0,1.0
8312,-0.6746844,18.087036,18.291811,0.0,0.0,1.0,1.0
8313,-0.6773545,17.955238,18.1932,0.0,0.0,1.0,1.0
8314,-0.6132683,18.03678,18.126884,0.0,0.0,1.0,1.0
8315,-0.70345074,17.883343,18.06416,0.0,0.0,1.0,1.0
8316,-0.7171867,17.765854,18.015783,0.0,0.0,1.0,1.0
8317,-0.73550165,17.829685,17.98758,0.0,0.0,1.0,1.0
8318,-0.57508546,17.848394,17.989487,0.0,0.0,1.0,1.0
8319,-0.75509864,17.888077,18.021992,0.0,0.0,1.0,1.0
8320,-0.7611472,17.927284,18.085468,0.0,0.0,1.0,1.0
8321,-0.77094126,18.020327,18.155432,0.0,0.0,1.0,1.0
8322,-0.6750205,18.199203,18.248392,0.0,0.0,1.0,1.0
8323,-0.7964437,18.432625,18.370264,0.0,0.0,1.0,1.0
8324,-0.8102071,18.477087,18.501774,0.0,0.0,1.0,1.0
8325,-0.83629316,18.716965,18.630428,0.0,0.0,1.0,1.0
8326,-0.6776344,18.876343,18.766298,0.0,0.0,1.0,1.0
8327,-0.8615663,18.998857,18.909727,0.0,0.0,1.0,1.0
8328,-0.8850864,19.228327,19.040487,0.0,0.0,1.0,1.0
8329,-0.90225095,19.407808,19.15269,0.0,0.0,1.0,1.0
8330,-0.92053413,19.39223,19.258862,0.0,0.0,1.0,1.0
8331,-0.93884623,19.518522,19.357405,0.0,0.0,1.0,1.0
8332,-0.9196662,19.648441,19.442736,0.0,0.0,1.0,1.0
8333,-0.9500257,19.589434,19.515472,0.0,0.0,1.0,1.0
8334,-0.9596112,19.545654,19.57686,0.0,0.0,1.0,1.0
8335,-0.9652244,19.706667,19.626839,0.0,0.0,1.0,1.0
8336,-0.97235715,19.659613,19.666746,0.0,0.0,1.0,1.0
8337,-0.97356427,19.74093,19.714619,0.0,0.0,1.0,1.0
8338,-0.80926436,19.749195,19.748268,0.0,0.0,1.0,1.0
8339,-0.97645026,19.735512,19.756756,0.0,0.0,1.0,1.0
8340,-0.9767747,19.828049,19.759855,0.0,0.0,1.0,1.0
8341,-0.97850174,19.886713,19.752514,0.0,0.0,1.0,1.0
8342,-0.9750874,19.9667,19.732233,0.0,0.0,1.0,1.0
8343,-0.82932645,19.9223,19.714607,0.0,0.0,1.0,1.0
8344,-0.96935683,19.750298,19.692398,0.0,0.0,1.0,1.0
8345,-0.9594512,19.626623,19.66318,0.0,0.0,1.0,1.0
8346,-0.9439321,19.457558,19.61791,0.0,0.0,1.0,1.0
8347,-0.9301791,19.463314,19.549831,0.0,0.0,1.0,1.0
8348,-0.90961975,19.448092,19.457846,0.0,0.0,1.0,1.0
8349,-0.9044907,19.474413,19.34004,0.0,0.0,1.0,1.0
8350,-0.8946895,19.39858,19.235,0.0,0.0,1.0,1.0
8351,-0.8862581,19.192287,19.144571,0.0,0.0,1.0,1.0
8352,-0.7277682,19.011099,19.07035,0.0,0.0,1.0,1.0
8353,-0.8751628,18.782877,18.99881,0.0,0.0,1.0,1.0
8354,-0.8645262,18.553041,18.943745,0.0,0.0,1.0,1.0
8355,-0.8575194,18.661833,18.897074,0.0,0.0,1.0,1.0
8356,-0.8441948,18.665148,18.843231,0.0,0.0,1.0,1.0
8357,-0.8348942,18.735971,18.81189,0.0,0.0,1.0,1.0
8358,-0.8165673,18.59906,18.81629,0.0,0.0,1.0,1.0
8359,-0.6336742,18.802538,18.841152,0.0,0.0,1.0,1.0
8360,-0.7993884,18.888048,18.89842,0.0,0.0,1.0,1.0
8361,-0.783793,18.828295,19.009148,0.0,0.0,1.0,1.0
8362,-0.7623725,19.022472,19.157312,0.0,0.0,1.0,1.0
8363,-0.74723756,19.245089,19.318964,0.0,0.0,1.0,1.0
8364,-0.73035693,19.309444,19.518581,0.0,0.0,1.0,1.0
8365,-0.71811247,19.470097,19.752329,0.0,0.0,1.0,1.0
8366,-0.5690989,19.881775,19.984838,0.0,0.0,1.0,1.0
8367,-0.706767,20.43982,20.236547,0.0,0.0,1.0,1.0
8368,-0.7063763,20.604956,20.513653,0.0,0.0,1.0,1.0
8369,-0.7029128,21.131382,20.789274,0.0,0.0,1.0,1.0
8370,-0.705413,21.404037,21.054047,0.0,0.0,1.0,1.0
8371,-0.69899035,21.592642,21.336603,1.0,0.0,1.0,1.0
8372,-0.6964396,21.908564,21.637594,1.0,0.0,1.0,1.0
8373,-0.4826802,22.153559,21.90451,1.0,0.0,1.0,1.0
8374,-0.68625814,22.329926,22.102491,1.0,0.0,1.0,1.0
8375,-0.6809267,22.422361,22.28313,1.0,0.0,1.0,1.0
8376,-0.6631595,22.700123,22.39618,1.0,0.0,1.0,1.0
8377,-0.6442492,23.081997,22.458662,1.0,0.0,1.0,1.0
8378,-0.62910813,23.084766,22.467691,1.0,0.0,1.0,1.0
8379,-0.63897055,22.815584,22.440546,1.0,0.0,1.0,1.0
8380,-0.649387,22.772636,22.369059,1.0,0.0,1.0,1.0
8381,-0.65888995,22.487951,22.260782,1.0,0.0,1.0,1.0
8382,-0.4825783,22.153828,22.10552,1.0,0.0,1.0,1.0
8383,-0.6593151,21.701004,21.893492,1.0,0.0,1.0,1.0
8384,-0.6638733,21.582817,21.618736,1.0,0.0,1.0,1.0
8385,-0.6590599,21.29572,21.32888,1.0,0.0,1.0,1.0
8386,-0.6552701,21.030594,21.039097,0.0,0.0,1.0,1.0
8387,-0.65044045,20.559217,20.723251,0.0,0.0,1.0,1.0
8388,-0.6474336,20.155788,20.415653,0.0,0.0,1.0,1.0
8389,-0.6435701,19.784935,20.135134,0.0,0.0,1.0,1.0
8390,-0.6428768,19.60648,19.8961,0.0,0.0,1.0,1.0
8391,-0.4937072,19.338196,19.6602,0.0,0.0,1.0,1.0
8392,-0.53703314,18.982496,19.45658,0.0,0.0,1.0,1.0
8393,-0.65085083,18.796757,19.28476,0.0,0.0,1.0,1.0
8394,-0.6527891,18.787592,19.17147,0.0,0.0,1.0,1.0
8395,-0.5921364,18.832605,19.11712,0.0,0.0,1.0,1.0
8396,-0.66068345,18.752016,19.100468,0.0,0.0,1.0,1.0
8397,-0.66116214,18.852282,19.122051,0.0,0.0,1.0,1.0
8398,-0.49540102,18.968761,19.193502,0.0,0.0,1.0,1.0
8399,-0.6566416,19.199743,19.285728,0.0,0.0,1.0,1.0
8400,-0.6528636,19.503584,19.376665,0.0,0.0,1.0,1.0
8401,-0.6492122,19.585104,19.464792,0.0,0.0,1.0,1.0
8402,-0.6412368,19.865469,19.53949,0.0,0.0,1.0,1.0
8403,-0.6459163,20.19562,19.61957,0.0,0.0,1.0,1.0
8404,-0.6448009,20.0892,19.661995,0.0,0.0,1.0,1.0
8405,-0.6571877,19.887999,19.662647,0.0,0.0,1.0,1.0
8406,-0.5219767,19.845121,19.63366,0.0,0.0,1.0,1.0
8407,-0.6656705,19.728989,19.561573,0.0,0.0,1.0,1.0
8408,-0.6822569,19.712961,19.467388,0.0,0.0,1.0,1.0
8409,-0.6986408,19.36139,19.324612,0.0,0.0,1.0,1.0
8410,-0.70850617,18.976578,19.129341,0.0,0.0,1.0,1.0
8411,-0.7200126,18.851908,18.912035,0.0,0.0,1.0,1.0
8412,-0.7266725,18.63855,18.691826,0.0,0.0,1.0,1.0
8413,-0.56753564,18.454878,18.459898,0.0,0.0,1.0,1.0
8414,-0.7394035,18.152151,18.22354,0.0,0.0,1.0,1.0
8415,-0.75336766,17.852379,17.996607,0.0,0.0,1.0,1.0
8416,-0.76886576,17.481518,17.803324,0.0,0.0,1.0,1.0
8417,-0.79638165,17.245481,17.643732,0.0,0.0,1.0,1.0
8418,-0.8175017,17.062004,17.488052,0.0,0.0,1.0,1.0
8419,-0.84510225,16.892685,17.352953,0.0,0.0,1.0,1.0
8420,-0.8745336,16.989758,17.246986,0.0,0.0,1.0,1.0
8421,-0.6724969,17.041986,17.187538,0.0,0.0,1.0,1.0
8422,-0.886656,17.061493,17.156328,0.0,0.0,1.0,1.0
8423,-0.9057686,16.983746,17.16545,0.0,0.0,1.0,1.0
8424,-0.92292714,17.017359,17.194098,0.0,0.0,1.0,1.0
8425,-0.9263142,17.183287,17.242443,0.0,0.0,1.0,1.0
8426,-0.93554306,17.438763,17.303827,0.0,0.0,1.0,1.0
8427,-0.91834414,17.477856,17.363209,0.0,0.0,1.0,1.0
8428,-0.93898505,17.590977,17.420134,0.0,0.0,1.0,1.0
8429,-0.9443359,17.589252,17.467583,0.0,0.0,1.0,1.0
8430,-0.95334625,17.642157,17.51157,0.0,0.0,1.0,1.0
8431,-0.79482245,17.629297,17.549175,0.0,0.0,1.0,1.0
8432,-0.96977806,17.702332,17.56605,0.0,0.0,1.0,1.0
8433,-0.9825338,17.72509,17.539751,0.0,0.0,1.0,1.0
8434,-0.9913601,17.63087,17.504543,0.0,0.0,1.0,1.0
8435,-0.99707866,17.511612,17.448362,0.0,0.0,1.0,1.0
8436,-0.8437422,17.46862,17.375788,0.0,0.0,1.0,1.0
8437,-0.99998367,17.385775,17.287733,0.0,0.0,1.0,1.0
8438,-1.0,17.123184,17.189419,0.0,0.0,1.0,1.0
8439,-0.9959425,17.055357,17.090277,0.0,0.0,1.0,1.0
8440,-0.98919314,16.916796,16.982065,0.0,0.0,1.0,1.0
8441,-0.98142976,16.718369,16.866722,0.0,0.0,1.0,1.0
8442,-0.84054506,16.585493,16.747532,0.0,0.0,1.0,1.0
8443,-0.97880125,16.449516,16.632515,0.0,0.0,1.0,1.0
8444,-0.972295,16.51264,16.508362,0.0,0.0,1.0,1.0
8445,-0.96719766,16.426546,16.401218,0.0,0.0,1.0,1.0
8446,-0.8130384,16.246769,16.288702,0.0,0.0,1.0,1.0
8447,-0.959546,16.081314,16.171156,0.0,0.0,1.0,1.0
8448,-0.9385464,16.088419,16.058638,0.0,0.0,1.0,1.0
8449,-0.93391925,15.8959465,15.962404,0.0,0.0,1.0,1.0
8450,-0.9187196,15.83745,15.871962,0.0,0.0,1.0,1.0
8451,-0.9019435,15.705156,15.773831,0.0,0.0,1.0,1.0
8452,-0.8799782,15.506248,15.687798,0.0,0.0,1.0,1.0
8453,-0.7264141,15.368151,15.61521,0.0,0.0,1.0,1.0
8454,-0.8596267,15.430693,15.553327,0.0,0.0,1.0,1.0
8455,-0.8339734,15.364201,15.469734,0.0,0.0,1.0,1.0
8456,-0.813342,15.335082,15.407683,0.0,0.0,1.0,1.0
8457,-0.7987572,15.394139,15.3734,0.0,0.0,1.0,1.0
8458,-0.79216325,15.375715,15.361192,0.0,0.0,1.0,1.0
8459,-0.78043073,15.338716,15.329395,0.0,0.0,1.0,1.0
8460,-0.77011114,15.085311,15.30231,0.0,0.0,1.0,1.0
8461,-0.58810514,15.151338,15.25062,0.0,0.0,1.0,1.0
8462,-0.76054716,15.426042,15.196224,0.0,0.0,1.0,1.0
8463,-0.7463608,15.558661,15.119263,0.0,0.0,1.0,1.0
8464,-0.73215026,15.124694,13.836418,0.0,0.0,1.0,1.0
8465,-0.7194838,15.043125,12.555108,0.0,0.0,1.0,1.0
8466,-0.70640635,14.810419,11.276882,0.0,0.0,1.0,1.0
8467,-0.5327304,14.711451,10.019773,0.0,0.0,1.0,1.0
8468,-0.68541795,14.411545,8.757161,0.0,0.0,1.0,1.0
