time_index,telemetry,point_score,smoothed_score,prediction,label,context_ood,valid_score
0,-1.0,0.0,0.0,0.0,0.0,0.0,0.0
1,-1.0,0.0,0.0,0.0,0.0,0.0,0.0
2,-1.0,0.0,0.0,0.0,0.0,0.0,0.0
3,-1.0,0.0,0.0,0.0,0.0,0.0,0.0
4,-1.0,0.0,0.0,0.0,0.0,0.0,0.0
5,-1.0,0.0,0.0,0.0,0.0,0.0,0.0
6,-1.0,0.0,0.0,0.0,0.0,0.0,0.0
7,-1.0,0.0,0.0,0.0,0.0,0.0,0.0
8,-1.0,0.0,0.0,0.0,0.0,0.0,0.0
9,-1.0,0.0,0.0,0.0,0.0,0.0,0.0
10,-1.0,0.0,0.0,0.0,0.0,0.0,0.0
11,-0.99993175,0.0,0.0,0.0,0.0,0.0,0.0
12,-0.99993175,0.0,0.0,0.0,0.0,0.0,0.0
13,-0.99993175,0.0,0.0,0.0,0.0,0.0,0.0
14,-0.99993175,0.0,0.0,0.0,0.0,0.0,0.0
15,-0.99993175,0.0,0.0,0.0,0.0,0.0,0.0
16,-0.99993175,0.0,0.0,0.0,0.0,0.0,0.0
17,-0.99993175,0.0,0.0,0.0,0.0,0.0,0.0
18,-0.99991745,0.0,0.0,0.0,0.0,0.0,0.0
19,-0.99991745,0.0,0.0,0.0,0.0,0.0,0.0
20,-0.99991745,0.0,0.0,0.0,0.0,0.0,0.0
21,-0.99991745,0.0,0.0,0.0,0.0,0.0,0.0
22,-0.99991745,0.0,0.0,0.0,0.0,0.0,0.0
23,-0.99991745,0.0,0.0,0.0,0.0,0.0,0.0
24,-0.99991745,0.0,0.0,0.0,0.0,0.0,0.0
25,-0.99991745,0.0,0.0,0.0,0.0,0.0,0.0
26,-0.99991745,0.0,0.0,0.0,0.0,0.0,0.0
27,-0.99991745,0.0,0.0,0.0,0.0,0.0,0.0
28,-0.99991745,0.0,0.0,0.0,0.0,0.0,0.0
29,-0.99991745,0.0,0.0,0.0,0.0,0.0,0.0
30,-0.9998375,0.0,0.0,0.0,0.0,0.0,0.0
31,-0.9998375,0.0,0.0,0.0,0.0,0.0,0.0
32,-0.9998375,0.0,0.0,0.0,0.0,0.0,0.0
33,-0.9998314,0.0,0.0,0.0,0.0,0.0,0.0
34,-0.9998314,0.0,0.0,0.0,0.0,0.0,0.0
35,-0.9997962,0.0,0.0,0.0,0.0,0.0,0.0
36,-0.9997962,0.0,0.0,0.0,0.0,0.0,0.0
37,-0.9997962,0.0,0.0,0.0,0.0,0.0,0.0
38,-0.9997962,0.0,0.0,0.0,0.0,0.0,0.0
39,-0.9997962,0.0,0.0,0.0,0.0,0.0,0.0
40,-0.9997962,0.0,0.0,0.0,0.0,0.0,0.0
41,-0.9997962,0.0,0.0,0.0,0.0,0.0,0.0
42,-0.9997962,0.0,0.0,0.0,0.0,0.0,0.0
43,-0.9997962,0.0,0.0,0.0,0.0,0.0,0.0
44,-0.9997962,0.0,0.0,0.0,0.0,0.0,0.0
45,-0.9997962,0.0,0.0,0.0,0.0,0.0,0.0
46,-0.9997962,0.0,0.0,0.0,0.0,0.0,0.0
47,-0.9997962,0.0,0.0,0.0,0.0,0.0,0.0
48,-0.9997962,0.0,0.0,0.0,0.0,0.0,0.0
49,-0.9997274,0.0,0.0,0.0,0.0,0.0,0.0
50,-0.9997274,0.0,0.0,0.0,0.0,0.0,0.0
51,-0.9997274,0.0,0.0,0.0,0.0,0.0,0.0
52,-0.9997274,0.0,0.0,0.0,0.0,0.0,0.0
53,-0.9997274,0.0,0.0,0.0,0.0,0.0,0.0
54,-0.9997274,0.0,0.0,0.0,0.0,0.0,0.0
55,-0.9997274,0.0,0.0,0.0,0.0,0.0,0.0
56,-0.9997274,0.0,0.0,0.0,0.0,0.0,0.0
57,-0.9997274,0.0,0.0,0.0,0.0,0.0,0.0
58,-0.9997274,0.0,0.0,0.0,0.0,0.0,0.0
59,-0.9997274,0.0,0.0,0.0,0.0,0.0,0.0
60,-0.9997274,0.0,0.0,0.0,0.0,0.0,0.0
61,-0.9997274,0.0,0.0,0.0,0.0,0.0,0.0
62,-0.9997274,0.0,0.0,0.0,0.0,0.0,0.0
63,-0.99971116,0.0,0.0,0.0,0.0,0.0,0.0
64,-0.99971116,0.0,0.0,0.0,0.0,0.0,0.0
65,-0.99971116,0.0,0.0,0.0,0.0,0.0,0.0
66,-0.99971116,0.0,0.0,0.0,0.0,0.0,0.0
67,-0.99971116,0.0,0.0,0.0,0.0,0.0,0.0
68,-0.9996485,0.0,0.0,0.0,0.0,0.0,0.0
69,-0.9995914,0.0,0.0,0.0,0.0,0.0,0.0
70,-0.9995914,0.0,0.0,0.0,0.0,0.0,0.0
71,-0.9995914,0.0,0.0,0.0,0.0,0.0,0.0
72,-0.9995914,0.0,0.0,0.0,0.0,0.0,0.0
73,-0.9995914,0.0,0.0,0.0,0.0,0.0,0.0
74,-0.9995914,0.0,0.0,0.0,0.0,0.0,0.0
75,-0.99958634,0.0,0.0,0.0,0.0,0.0,0.0
76,-0.9995665,0.0,0.0,0.0,0.0,0.0,0.0
77,-0.9995655,0.0,0.0,0.0,0.0,0.0,0.0
78,-0.9995522,0.0,0.0,0.0,0.0,0.0,0.0
79,-0.99954,0.0,0.0,0.0,0.0,0.0,0.0
80,-0.99952215,0.0,0.0,0.0,0.0,0.0,0.0
81,-0.99952215,0.0,0.0,0.0,0.0,0.0,0.0
82,-0.9995191,0.0,0.0,0.0,0.0,0.0,0.0
83,-0.9995191,0.0,0.0,0.0,0.0,0.0,0.0
84,-0.9995191,0.0,0.0,0.0,0.0,0.0,0.0
85,-0.9995191,0.0,0.0,0.0,0.0,0.0,0.0
86,-0.9995191,0.0,0.0,0.0,0.0,0.0,0.0
87,-0.9995191,0.0,0.0,0.0,0.0,0.0,0.0
88,-0.9994437,0.0,0.0,0.0,0.0,0.0,0.0
89,-0.9994417,0.0,0.0,0.0,0.0,0.0,0.0
90,-0.9994417,0.0,0.0,0.0,0.0,0.0,0.0
91,-0.9994417,0.0,0.0,0.0,0.0,0.0,0.0
92,-0.9994417,0.0,0.0,0.0,0.0,0.0,0.0
93,-0.9994417,0.0,0.0,0.0,0.0,0.0,0.0
94,-0.9994417,0.0,0.0,0.0,0.0,0.0,0.0
95,-0.9994417,0.0,0.0,0.0,0.0,0.0,0.0
96,-0.9994417,0.0,0.0,0.0,0.0,0.0,0.0
97,-0.9994417,0.0,0.0,0.0,0.0,0.0,0.0
98,-0.9994417,0.0,0.0,0.0,0.0,0.0,0.0
99,-0.9994417,0.0,0.0,0.0,0.0,0.0,0.0
100,-0.9994417,0.0,0.0,0.0,0.0,0.0,0.0
101,-0.9994417,0.0,0.0,0.0,0.0,0.0,0.0
102,-0.9994417,0.0,0.0,0.0,0.0,0.0,0.0
103,-0.9994417,0.0,0.0,0.0,0.0,0.0,0.0
104,-0.9994417,0.0,0.0,0.0,0.0,0.0,0.0
105,-0.9994417,0.0,0.0,0.0,0.0,0.0,0.0
106,-0.99944115,0.0,0.0,0.0,0.0,0.0,0.0
107,-0.99935657,0.0,0.0,0.0,0.0,0.0,0.0
108,-0.99935657,0.0,0.0,0.0,0.0,0.0,0.0
109,-0.99935657,0.0,0.0,0.0,0.0,0.0,0.0
110,-0.99935657,0.0,0.0,0.0,0.0,0.0,0.0
111,-0.99935657,0.0,0.0,0.0,0.0,0.0,0.0
112,-0.99935657,0.0,0.0,0.0,0.0,0.0,0.0
113,-0.99935657,0.0,0.0,0.0,0.0,0.0,0.0
114,-0.9993301,0.0,0.0,0.0,0.0,0.0,0.0
115,-0.9993301,0.0,0.0,0.0,0.0,0.0,0.0
116,-0.9993301,0.0,0.0,0.0,0.0,0.0,0.0
117,-0.9993301,0.0,0.0,0.0,0.0,0.0,0.0
118,-0.9993301,0.0,0.0,0.0,0.0,0.0,0.0
119,-0.9993301,0.0,0.0,0.0,0.0,0.0,0.0
120,-0.9993301,0.0,0.0,0.0,0.0,0.0,0.0
121,-0.9993301,0.0,0.0,0.0,0.0,0.0,0.0
122,-0.9993301,0.0,0.0,0.0,0.0,0.0,0.0
123,-0.9993301,0.0,0.0,0.0,0.0,0.0,0.0
124,-0.9993301,0.0,0.0,0.0,0.0,0.0,0.0
125,-0.99929905,0.0,0.0,0.0,0.0,0.0,0.0
126,-0.99921346,0.0,0.0,0.0,0.0,0.0,0.0
127,-0.99921346,0.0,0.0,0.0,0.0,0.0,0.0
128,-0.99921346,0.0,0.0,0.0,0.0,0.0,0.0
129,-0.99920833,0.0,0.0,0.0,0.0,0.0,0.0
130,-0.99920833,0.0,0.0,0.0,0.0,0.0,0.0
131,-0.99920833,0.0,0.0,0.0,0.0,0.0,0.0
132,-0.99920833,0.0,0.0,0.0,0.0,0.0,0.0
133,-0.99920833,0.0,0.0,0.0,0.0,0.0,0.0
134,-0.99920833,0.0,0.0,0.0,0.0,0.0,0.0
135,-0.99920833,0.0,0.0,0.0,0.0,0.0,0.0
136,-0.99920833,0.0,0.0,0.0,0.0,0.0,0.0
137,-0.99920475,0.0,0.0,0.0,0.0,0.0,0.0
138,-0.99920475,0.0,0.0,0.0,0.0,0.0,0.0
139,-0.99920475,0.0,0.0,0.0,0.0,0.0,0.0
140,-0.99920475,0.0,0.0,0.0,0.0,0.0,0.0
141,-0.99920475,0.0,0.0,0.0,0.0,0.0,0.0
142,-0.99920475,0.0,0.0,0.0,0.0,0.0,0.0
143,-0.99920475,0.0,0.0,0.0,0.0,0.0,0.0
144,-0.99914163,0.0,0.0,0.0,0.0,0.0,0.0
145,-0.99914163,0.0,0.0,0.0,0.0,0.0,0.0
146,-0.99914163,0.0,0.0,0.0,0.0,0.0,0.0
147,-0.99914163,0.0,0.0,0.0,0.0,0.0,0.0
148,-0.99914163,0.0,0.0,0.0,0.0,0.0,0.0
149,-0.99914163,0.0,0.0,0.0,0.0,0.0,0.0
150,-0.99914163,0.0,0.0,0.0,0.0,0.0,0.0
151,-0.99914163,0.0,0.0,0.0,0.0,0.0,0.0
152,-0.99914163,0.0,0.0,0.0,0.0,0.0,0.0
153,-0.99914163,0.0,0.0,0.0,0.0,0.0,0.0
154,-0.99914163,0.0,0.0,0.0,0.0,0.0,0.0
155,-0.99914163,0.0,0.0,0.0,0.0,0.0,0.0
156,-0.99914163,0.0,0.0,0.0,0.0,0.0,0.0
157,-0.99914163,0.0,0.0,0.0,0.0,0.0,0.0
158,-0.99914163,0.0,0.0,0.0,0.0,0.0,0.0
159,-0.99911153,0.0,0.0,0.0,0.0,0.0,0.0
160,-0.99911153,0.0,0.0,0.0,0.0,0.0,0.0
161,-0.99911153,0.0,0.0,0.0,0.0,0.0,0.0
162,-0.99911153,0.0,0.0,0.0,0.0,0.0,0.0
163,-0.9990331,0.0,0.0,0.0,0.0,0.0,0.0
164,-0.9990331,0.0,0.0,0.0,0.0,0.0,0.0
165,-0.9990331,0.0,0.0,0.0,0.0,0.0,0.0
166,-0.9989618,0.0,0.0,0.0,0.0,0.0,0.0
167,-0.9989618,0.0,0.0,0.0,0.0,0.0,0.0
168,-0.9989618,0.0,0.0,0.0,0.0,0.0,0.0
169,-0.9989618,0.0,0.0,0.0,0.0,0.0,0.0
170,-0.99895823,0.0,0.0,0.0,0.0,0.0,0.0
171,-0.99895823,0.0,0.0,0.0,0.0,0.0,0.0
172,-0.99895823,0.0,0.0,0.0,0.0,0.0,0.0
173,-0.99895823,0.0,0.0,0.0,0.0,0.0,0.0
174,-0.99895823,0.0,0.0,0.0,0.0,0.0,0.0
175,-0.99895823,0.0,0.0,0.0,0.0,0.0,0.0
176,-0.99895823,0.0,0.0,0.0,0.0,0.0,0.0
177,-0.99895823,0.0,0.0,0.0,0.0,0.0,0.0
178,-0.99895823,0.0,0.0,0.0,0.0,0.0,0.0
179,-0.99895465,0.0,0.0,0.0,0.0,0.0,0.0
180,-0.99895465,0.0,0.0,0.0,0.0,0.0,0.0
181,-0.99895465,0.0,0.0,0.0,0.0,0.0,0.0
182,-0.99895465,0.0,0.0,0.0,0.0,0.0,0.0
183,-0.99895465,0.0,0.0,0.0,0.0,0.0,0.0
184,-0.99895465,0.0,0.0,0.0,0.0,0.0,0.0
185,-0.9988935,0.0,0.0,0.0,0.0,0.0,0.0
186,-0.9988935,0.0,0.0,0.0,0.0,0.0,0.0
187,-0.9988935,0.0,0.0,0.0,0.0,0.0,0.0
188,-0.9988935,0.0,0.0,0.0,0.0,0.0,0.0
189,-0.9988935,0.0,0.0,0.0,0.0,0.0,0.0
190,-0.9988935,0.0,0.0,0.0,0.0,0.0,0.0
191,-0.9988935,0.0,0.0,0.0,0.0,0.0,0.0
192,-0.9988935,0.0,0.0,0.0,0.0,0.0,0.0
193,-0.9988935,0.0,0.0,0.0,0.0,0.0,0.0
194,-0.9988935,0.0,0.0,0.0,0.0,0.0,0.0
195,-0.9988935,0.0,0.0,0.0,0.0,0.0,0.0
196,-0.9988935,0.0,0.0,0.0,0.0,0.0,0.0
197,-0.9988935,0.0,0.0,0.0,0.0,0.0,0.0
198,-0.9988935,0.0,0.0,0.0,0.0,0.0,0.0
199,-0.9988935,0.0,0.0,0.0,0.0,0.0,0.0
200,-0.9988935,0.0,0.0,0.0,0.0,0.0,0.0
201,-0.9988915,0.0,0.0,0.0,0.0,0.0,0.0
202,-0.9988915,0.0,0.0,0.0,0.0,0.0,0.0
203,-0.9988915,0.0,0.0,0.0,0.0,0.0,0.0
204,-0.9988248,0.0,0.0,0.0,0.0,0.0,0.0
205,-0.9988248,0.0,0.0,0.0,0.0,0.0,0.0
206,-0.9988248,0.0,0.0,0.0,0.0,0.0,0.0
207,-0.9988248,0.0,0.0,0.0,0.0,0.0,0.0
208,-0.9988248,0.0,0.0,0.0,0.0,0.0,0.0
209,-0.9988248,0.0,0.0,0.0,0.0,0.0,0.0
210,-0.99880946,0.0,0.0,0.0,0.0,0.0,0.0
211,-0.99880946,0.0,0.0,0.0,0.0,0.0,0.0
212,-0.99880946,0.0,0.0,0.0,0.0,0.0,0.0
213,-0.99880946,0.0,0.0,0.0,0.0,0.0,0.0
214,-0.99880946,0.0,0.0,0.0,0.0,0.0,0.0
215,-0.9987606,0.0,0.0,0.0,0.0,0.0,0.0
216,-0.9987606,0.0,0.0,0.0,0.0,0.0,0.0
217,-0.9987606,0.0,0.0,0.0,0.0,0.0,0.0
218,-0.9987606,0.0,0.0,0.0,0.0,0.0,0.0
219,-0.9987606,0.0,0.0,0.0,0.0,0.0,0.0
220,-0.9987606,0.0,0.0,0.0,0.0,0.0,0.0
221,-0.9987606,0.0,0.0,0.0,0.0,0.0,0.0
222,-0.99869996,0.0,0.0,0.0,0.0,0.0,0.0
223,-0.99869996,0.0,0.0,0.0,0.0,0.0,0.0
224,-0.99869996,0.0,0.0,0.0,0.0,0.0,0.0
225,-0.9986979,0.0,0.0,0.0,0.0,0.0,0.0
226,-0.9986979,0.0,0.0,0.0,0.0,0.0,0.0
227,-0.9986979,0.0,0.0,0.0,0.0,0.0,0.0
228,-0.9986979,0.0,0.0,0.0,0.0,0.0,0.0
229,-0.9986979,0.0,0.0,0.0,0.0,0.0,0.0
230,-0.9986979,0.0,0.0,0.0,0.0,0.0,0.0
231,-0.9986979,0.0,0.0,0.0,0.0,0.0,0.0
232,-0.9986979,0.0,0.0,0.0,0.0,0.0,0.0
233,-0.9986979,0.0,0.0,0.0,0.0,0.0,0.0
234,-0.9986979,0.0,0.0,0.0,0.0,0.0,0.0
235,-0.9986979,0.0,0.0,0.0,0.0,0.0,0.0
236,-0.9986979,0.0,0.0,0.0,0.0,0.0,0.0
237,-0.9986979,0.0,0.0,0.0,0.0,0.0,0.0
238,-0.9986979,0.0,0.0,0.0,0.0,0.0,0.0
239,-0.9986979,0.0,0.0,0.0,0.0,0.0,0.0
240,-0.9986979,0.0,0.0,0.0,0.0,0.0,0.0
241,-0.9986006,0.0,0.0,0.0,0.0,0.0,0.0
242,-0.9986006,0.0,0.0,0.0,0.0,0.0,0.0
243,-0.9986006,0.0,0.0,0.0,0.0,0.0,0.0
244,-0.9986006,0.0,0.0,0.0,0.0,0.0,0.0
245,-0.9986006,0.0,0.0,0.0,0.0,0.0,0.0
246,-0.9986006,0.0,0.0,0.0,0.0,0.0,0.0
247,-0.9986006,0.0,0.0,0.0,0.0,0.0,0.0
248,-0.9986006,0.0,0.0,0.0,0.0,0.0,0.0
249,-0.9986006,0.0,0.0,0.0,0.0,0.0,0.0
250,-0.9986006,0.0,0.0,0.0,0.0,0.0,0.0
251,-0.9986006,0.0,0.0,0.0,0.0,0.0,0.0
252,-0.9986006,0.0,0.0,0.0,0.0,0.0,0.0
253,-0.9986006,0.0,0.0,0.0,0.0,0.0,0.0
254,-0.9986006,0.0,0.0,0.0,0.0,0.0,0.0
255,-0.99856645,0.0,0.0,0.0,0.0,0.0,0.0
256,-0.99856645,0.0,0.0,0.0,0.0,0.0,0.0
257,-0.99856645,0.0,0.0,0.0,0.0,0.0,0.0
258,-0.99856395,0.0,0.0,0.0,0.0,0.0,0.0
259,-0.99856395,0.0,0.0,0.0,0.0,0.0,0.0
260,-0.99843556,0.0,0.0,0.0,0.0,0.0,0.0
261,-0.99843556,0.0,0.0,0.0,0.0,0.0,0.0
262,-0.99843556,0.0,0.0,0.0,0.0,0.0,0.0
263,-0.99843556,0.0,0.0,0.0,0.0,0.0,0.0
264,-0.9983856,0.0,0.0,0.0,0.0,0.0,0.0
265,-0.9983856,0.0,0.0,0.0,0.0,0.0,0.0
266,-0.9983856,0.0,0.0,0.0,0.0,0.0,0.0
267,-0.9983856,0.0,0.0,0.0,0.0,0.0,0.0
268,-0.9983856,0.0,0.0,0.0,0.0,0.0,0.0
269,-0.9983856,0.0,0.0,0.0,0.0,0.0,0.0
270,-0.9983856,0.0,0.0,0.0,0.0,0.0,0.0
271,-0.9983856,0.0,0.0,0.0,0.0,0.0,0.0
272,-0.9983856,0.0,0.0,0.0,0.0,0.0,0.0
273,-0.9983856,0.0,0.0,0.0,0.0,0.0,0.0
274,-0.9983856,0.0,0.0,0.0,0.0,0.0,0.0
275,-0.9983856,0.0,0.0,0.0,0.0,0.0,0.0
276,-0.9983856,0.0,0.0,0.0,0.0,0.0,0.0
277,-0.9983856,0.0,0.0,0.0,0.0,0.0,0.0
278,-0.9983856,0.0,0.0,0.0,0.0,0.0,0.0
279,-0.9983856,0.0,0.8592825,0.0,0.0,0.0,0.0
280,-0.9983856,0.0,1.7677689,0.0,0.0,0.0,0.0
281,-0.9983856,0.0,2.7088804,0.0,0.0,0.0,0.0
282,-0.9983856,0.0,3.6850612,0.0,0.0,0.0,0.0
283,-0.9983856,0.0,4.718854,0.0,0.0,0.0,0.0
284,-0.9983102,10.31139,5.786824,0.0,0.0,1.0,1.0
285,-0.9983102,10.901836,6.8974457,0.0,0.0,1.0,1.0
286,-0.9983102,11.293339,8.0384865,0.0,0.0,1.0,1.0
287,-0.9983102,11.71417,9.198158,0.0,0.0,1.0,1.0
288,-0.9983102,12.405515,10.364953,0.0,0.0,1.0,1.0
289,-0.9983102,12.815642,11.517377,0.0,0.0,1.0,1.0
290,-0.9983102,13.327458,12.722384,0.0,0.0,1.0,1.0
291,-0.9983102,13.692487,13.111227,0.0,0.0,1.0,1.0
292,-0.9983102,13.916057,13.448255,0.0,0.0,1.0,1.0
293,-0.9983102,14.001542,13.783568,0.0,0.0,1.0,1.0
294,-0.9983102,13.829086,14.11093,0.0,0.0,1.0,1.0
295,-0.9983102,14.460095,14.393892,0.0,0.0,1.0,1.0
296,-0.9983102,14.977498,14.648114,0.0,0.0,1.0,1.0
297,-0.9983102,14.946163,14.86247,0.0,0.0,1.0,1.0
298,-0.9983102,15.317112,15.043608,0.0,0.0,1.0,1.0
299,-0.9983102,15.642509,15.189486,0.0,0.0,1.0,1.0
300,-0.9983102,15.801056,15.308821,0.0,0.0,1.0,1.0
301,-0.9983102,15.866308,15.415828,0.0,0.0,1.0,1.0
302,-0.99824655,15.89972,15.442144,0.0,0.0,1.0,1.0
303,-0.99824655,15.866143,15.405778,0.0,0.0,1.0,1.0
304,-0.99824655,15.666594,15.351839,0.0,0.0,1.0,1.0
305,-0.9982175,15.433558,15.259126,0.0,0.0,1.0,1.0
306,-0.9982175,15.113181,15.085818,0.0,0.0,1.0,1.0
307,-0.9982175,14.77589,14.842977,0.0,0.0,1.0,1.0
308,-0.9982175,14.541096,14.56832,0.0,0.0,1.0,1.0
309,-0.9981905,14.298898,14.23857,0.0,0.0,1.0,1.0
310,-0.9981905,14.2045555,13.856248,0.0,0.0,1.0,1.0
311,-0.9981905,13.562823,13.472165,0.0,0.0,1.0,1.0
312,-0.9981905,12.886949,13.08937,0.0,0.0,1.0,1.0
313,-0.9981905,12.570436,12.708093,0.0,0.0,1.0,1.0
314,-0.9981905,11.942715,12.324566,0.0,0.0,1.0,1.0
315,-0.9981905,11.2782755,11.93644,0.0,0.0,1.0,1.0
316,-0.9981905,11.057605,11.542366,0.0,0.0,1.0,1.0
317,-0.9981905,10.840018,11.138528,0.0,0.0,1.0,1.0
318,-0.9981905,10.537857,10.779093,0.0,0.0,1.0,1.0
319,-0.9981905,10.173563,10.46865,0.0,0.0,1.0,1.0
320,-0.9981905,9.883595,10.195781,0.0,0.0,1.0,1.0
321,-0.99810135,9.570005,9.991641,0.0,0.0,1.0,1.0
322,-0.99810135,9.358491,9.8692875,0.0,0.0,1.0,1.0
323,-0.99810135,9.249603,9.79581,0.0,0.0,1.0,1.0
324,-0.9980627,9.161635,9.775756,0.0,0.0,1.0,1.0
325,-0.9980627,9.296003,9.808533,0.0,0.0,1.0,1.0
326,-0.9980627,9.493038,9.904407,0.0,0.0,1.0,1.0
327,-0.9980627,9.810032,10.058754,0.0,0.0,1.0,1.0
328,-0.9980627,10.175877,10.273097,0.0,0.0,1.0,1.0
329,-0.9980627,10.599372,10.547071,0.0,0.0,1.0,1.0
330,-0.9980627,10.931183,10.878274,0.0,0.0,1.0,1.0
331,-0.9980627,11.324043,11.262733,0.0,0.0,1.0,1.0
332,-0.9980627,11.73577,11.696448,0.0,0.0,1.0,1.0
333,-0.9980627,12.142112,12.155294,0.0,0.0,1.0,1.0
334,-0.9980627,12.646186,12.624791,0.0,0.0,1.0,1.0
335,-0.9980627,13.224038,13.091441,0.0,0.0,1.0,1.0
336,-0.9980627,13.775152,13.534481,0.0,0.0,1.0,1.0
337,-0.99806213,14.500572,13.953236,0.0,0.0,1.0,1.0
338,-0.99806213,14.999198,14.324802,0.0,0.0,1.0,1.0
339,-0.99806213,15.443992,14.647427,0.0,0.0,1.0,1.0
340,-0.99806213,15.775679,14.926904,0.0,0.0,1.0,1.0
341,-0.99806213,15.915847,15.175674,0.0,0.0,1.0,1.0
342,-0.99806213,15.956243,15.385675,0.0,0.0,1.0,1.0
343,-0.9979985,15.78284,15.555285,0.0,0.0,1.0,1.0
344,-0.9979949,15.607257,15.667199,0.0,0.0,1.0,1.0
345,-0.9979949,15.495847,15.742809,0.0,0.0,1.0,1.0
346,-0.9979949,15.631427,15.780197,0.0,0.0,1.0,1.0
347,-0.9979949,15.744059,15.784338,0.0,0.0,1.0,1.0
348,-0.9979949,15.810468,15.757843,0.0,0.0,1.0,1.0
349,-0.9979949,15.84354,15.721543,0.0,0.0,1.0,1.0
350,-0.9979745,15.906511,15.685526,0.0,0.0,1.0,1.0
351,-0.9979745,15.892645,15.647544,0.0,0.0,1.0,1.0
352,-0.9979745,15.82537,15.599478,0.0,0.0,1.0,1.0
353,-0.9979745,15.597908,15.524878,0.0,0.0,1.0,1.0
354,-0.9979745,15.520654,15.4224415,0.0,0.0,1.0,1.0
355,-0.9979745,15.350627,15.303259,0.0,0.0,1.0,1.0
356,-0.9979745,15.151467,15.154711,0.0,0.0,1.0,1.0
357,-0.9979745,14.919062,14.959154,0.0,0.0,1.0,1.0
358,-0.9979745,14.736218,14.723172,0.0,0.0,1.0,1.0
359,-0.9979745,14.514831,14.452673,0.0,0.0,1.0,1.0
360,-0.9979613,14.380278,14.164439,0.0,0.0,1.0,1.0
361,-0.99795926,14.060958,13.841846,0.0,0.0,1.0,1.0
362,-0.9978818,13.55983,13.498642,0.0,0.0,1.0,1.0
363,-0.9978818,13.060862,13.140811,0.0,0.0,1.0,1.0
364,-0.9978818,12.579387,12.775128,0.0,0.0,1.0,1.0
365,-0.9978818,12.139101,12.393913,0.0,0.0,1.0,1.0
366,-0.9978818,11.649537,11.985683,0.0,0.0,1.0,1.0
367,-0.99787265,11.232178,11.553267,0.0,0.0,1.0,1.0
368,-0.99787265,10.857493,11.125402,0.0,0.0,1.0,1.0
369,-0.9978492,10.530865,10.734176,0.0,0.0,1.0,1.0
370,-0.99776155,10.161642,10.386777,0.0,0.0,1.0,1.0
371,-0.99776155,9.616067,10.08401,0.0,0.0,1.0,1.0
372,-0.99776155,9.191284,9.819536,0.0,0.0,1.0,1.0
373,-0.99762404,8.926584,9.590778,0.0,0.0,1.0,1.0
374,-0.99762404,8.865108,9.396379,0.0,0.0,1.0,1.0
375,-0.99762404,8.892073,9.236745,0.0,0.0,1.0,1.0
376,-0.99762404,8.946185,9.110088,0.0,0.0,1.0,1.0
377,-0.99761844,8.965413,9.0223255,0.0,0.0,1.0,1.0
378,-0.99760926,8.904445,8.98835,0.0,0.0,1.0,1.0
379,-0.99759346,8.8994,8.993907,0.0,0.0,1.0,1.0
380,-0.99759346,8.941871,9.024616,0.0,0.0,1.0,1.0
381,-0.99759346,9.010993,9.060982,0.0,0.0,1.0,1.0
382,-0.99759346,9.108486,9.118293,0.0,0.0,1.0,1.0
383,-0.99759346,9.208364,9.180602,0.0,0.0,1.0,1.0
384,-0.99759346,9.257965,9.236324,0.0,0.0,1.0,1.0
385,-0.9975919,9.295089,9.276696,0.0,0.0,1.0,1.0
386,-0.9975919,9.301494,9.289657,0.0,0.0,1.0,1.0
387,-0.9975919,9.579805,9.267627,0.0,0.0,1.0,1.0
388,-0.9975919,9.693905,9.22563,0.0,0.0,1.0,1.0
389,-0.9975919,9.634079,9.171431,0.0,0.0,1.0,1.0
390,-0.9975919,9.388907,9.103562,0.0,0.0,1.0,1.0
391,-0.9975308,9.054926,9.022545,0.0,0.0,1.0,1.0
392,-0.99752927,8.67751,8.954049,0.0,0.0,1.0,1.0
393,-0.99752927,8.507032,8.899329,0.0,0.0,1.0,1.0
394,-0.99752927,8.458094,8.835511,0.0,0.0,1.0,1.0
395,-0.9975084,8.393945,8.778593,0.0,0.0,1.0,1.0
396,-0.997323,8.2857485,8.748982,0.0,0.0,1.0,1.0
397,-0.997323,8.473146,8.767774,0.0,0.0,1.0,1.0
398,-0.997323,8.644848,8.840135,0.0,0.0,1.0,1.0
399,-0.997323,8.813991,8.980578,0.0,0.0,1.0,1.0
400,-0.997323,9.010896,9.181778,0.0,0.0,1.0,1.0
401,-0.997323,9.27875,9.427632,0.0,0.0,1.0,1.0
402,-0.997323,9.614392,9.723331,0.0,0.0,1.0,1.0
403,-0.997323,9.923265,10.059529,0.0,0.0,1.0,1.0
404,-0.9973204,10.362838,10.402498,0.0,0.0,1.0,1.0
405,-0.9973204,10.921422,10.723521,0.0,0.0,1.0,1.0
406,-0.9973204,11.408347,11.037099,0.0,0.0,1.0,1.0
407,-0.9973204,11.942338,11.345793,0.0,0.0,1.0,1.0
408,-0.9973204,12.320118,11.619272,0.0,0.0,1.0,1.0
409,-0.9973204,12.588774,11.851219,0.0,0.0,1.0,1.0
410,-0.99722975,12.497124,12.044459,0.0,0.0,1.0,1.0
411,-0.99722975,12.576921,12.18892,0.0,0.0,1.0,1.0
412,-0.99722975,12.715219,12.269824,0.0,0.0,1.0,1.0
413,-0.99722975,12.560505,12.290106,0.0,0.0,1.0,1.0
414,-0.99722975,12.397755,12.245235,0.0,0.0,1.0,1.0
415,-0.99722975,12.24215,12.144239,0.0,0.0,1.0,1.0
416,-0.99722666,12.096363,11.98666,0.0,0.0,1.0,1.0
417,-0.9972063,11.892275,11.807013,0.0,0.0,1.0,1.0
418,-0.9972063,11.651725,11.597064,0.0,0.0,1.0,1.0
419,-0.9972063,11.403895,11.365419,0.0,0.0,1.0,1.0
420,-0.9972063,11.1081705,11.150706,0.0,0.0,1.0,1.0
421,-0.9972063,10.697814,10.981131,0.0,0.0,1.0,1.0
422,-0.99713904,10.341358,10.842712,0.0,0.0,1.0,1.0
423,-0.99713904,10.057543,10.737051,0.0,0.0,1.0,1.0
424,-0.99713904,9.935478,10.675132,0.0,0.0,1.0,1.0
425,-0.99713904,9.983945,10.664967,0.0,0.0,1.0,1.0
426,-0.99713904,10.362853,10.713805,0.0,0.0,1.0,1.0
427,-0.99713904,10.581132,10.827791,0.0,0.0,1.0,1.0
428,-0.99713904,10.828428,11.01932,0.0,0.0,1.0,1.0
429,-0.99713904,11.149239,11.284584,0.0,0.0,1.0,1.0
430,-0.99713904,11.529743,11.621646,0.0,0.0,1.0,1.0
431,-0.99713904,11.989956,12.004587,0.0,0.0,1.0,1.0
432,-0.99713904,12.476006,12.439867,0.0,0.0,1.0,1.0
433,-0.99713904,12.996153,12.899239,0.0,0.0,1.0,1.0
434,-0.99713904,13.524532,13.394734,0.0,0.0,1.0,1.0
435,-0.99713904,14.102284,13.915376,0.0,0.0,1.0,1.0
436,-0.99713904,14.530771,14.442341,0.0,0.0,1.0,1.0
437,-0.99713904,15.207304,14.966173,0.0,0.0,1.0,1.0
438,-0.99713904,15.8753195,15.48252,0.0,0.0,1.0,1.0
439,-0.99713904,16.527075,15.988106,0.0,0.0,1.0,1.0
440,-0.9971304,17.076122,16.474188,0.0,0.0,1.0,1.0
441,-0.9970652,17.472828,16.93037,0.0,0.0,1.0,1.0
442,-0.9970652,17.815722,17.344753,0.0,0.0,1.0,1.0
443,-0.9970652,18.186121,17.732407,0.0,0.0,1.0,1.0
444,-0.9970652,18.543034,18.072176,0.0,0.0,1.0,1.0
445,-0.9970652,18.829145,18.363697,0.0,0.0,1.0,1.0
446,-0.9970652,18.998714,18.60571,0.0,0.0,1.0,1.0
447,-0.9970652,19.074873,18.8238,0.0,0.0,1.0,1.0
448,-0.9970652,19.182617,19.015076,0.0,0.0,1.0,1.0
449,-0.9970652,19.284533,19.187098,0.0,0.0,1.0,1.0
450,-0.9970652,19.37358,19.333643,0.0,0.0,1.0,1.0
451,-0.9970652,19.43121,19.45554,0.0,0.0,1.0,1.0
452,-0.9970652,19.693203,19.538298,0.0,0.0,1.0,1.0
453,-0.9970652,19.768164,19.60236,0.0,0.0,1.0,1.0
454,-0.9970652,19.879969,19.652647,0.0,0.0,1.0,1.0
455,-0.9970652,19.94467,19.678547,0.0,0.0,1.0,1.0
456,-0.9970652,20.005804,19.677101,0.0,0.0,1.0,1.0
457,-0.9970652,19.822227,19.64879,0.0,0.0,1.0,1.0
458,-0.9970652,19.76746,19.596313,0.0,0.0,1.0,1.0
459,-0.9970652,19.678333,19.49378,0.0,0.0,1.0,1.0
460,-0.9969781,19.493418,19.352655,0.0,0.0,1.0,1.0
461,-0.9969781,19.267178,19.16901,0.0,0.0,1.0,1.0
462,-0.9969781,19.033844,18.943125,0.0,0.0,1.0,1.0
463,-0.9969781,18.801483,18.671963,0.0,0.0,1.0,1.0
464,-0.9969781,18.462812,18.374945,0.0,0.0,1.0,1.0
465,-0.9969781,18.074667,18.035234,0.0,0.0,1.0,1.0
466,-0.9969781,17.676224,17.663296,0.0,0.0,1.0,1.0
467,-0.99695873,17.234045,17.24705,0.0,0.0,1.0,1.0
468,-0.99695873,16.751873,16.814123,0.0,0.0,1.0,1.0
469,-0.99695873,16.257996,16.362442,0.0,0.0,1.0,1.0
470,-0.996868,15.69093,15.886084,0.0,0.0,1.0,1.0
471,-0.996868,15.215087,15.396401,0.0,0.0,1.0,1.0
472,-0.996868,14.498453,14.8974905,0.0,0.0,1.0,1.0
473,-0.996868,14.0720625,14.414382,0.0,0.0,1.0,1.0
474,-0.996868,13.61366,13.951401,0.0,0.0,1.0,1.0
475,-0.996868,13.085197,13.499575,0.0,0.0,1.0,1.0
476,-0.996868,12.586625,13.085728,0.0,0.0,1.0,1.0
477,-0.996868,12.087736,12.722397,0.0,0.0,1.0,1.0
478,-0.996868,11.87892,12.377446,0.0,0.0,1.0,1.0
479,-0.996868,11.678264,12.097416,0.0,0.0,1.0,1.0
480,-0.996868,11.329964,11.858444,0.0,0.0,1.0,1.0
481,-0.996868,11.291835,11.670963,0.0,0.0,1.0,1.0
482,-0.996868,11.33096,11.523073,0.0,0.0,1.0,1.0
483,-0.996868,11.075682,11.437778,0.0,0.0,1.0,1.0
484,-0.996868,11.138092,11.406122,0.0,0.0,1.0,1.0
485,-0.99685633,11.2043915,11.402669,0.0,0.0,1.0,1.0
486,-0.9968548,11.363897,11.431205,0.0,0.0,1.0,1.0
487,-0.9968548,11.310517,11.508839,0.0,0.0,1.0,1.0
488,-0.9968548,11.563086,11.612496,0.0,0.0,1.0,1.0
489,-0.9967753,11.707859,11.717639,0.0,0.0,1.0,1.0
490,-0.9967723,11.8374815,11.855421,0.0,0.0,1.0,1.0
491,-0.9967723,12.020693,12.0176525,0.0,0.0,1.0,1.0
492,-0.9967723,12.261565,12.180167,0.0,0.0,1.0,1.0
493,-0.9967723,12.535728,12.333552,0.0,0.0,1.0,1.0
494,-0.9967723,12.592671,12.5221405,0.0,0.0,1.0,1.0
495,-0.9967723,12.729072,12.690324,0.0,0.0,1.0,1.0
496,-0.9967723,13.084868,12.848281,0.0,0.0,1.0,1.0
497,-0.9967723,13.154568,12.996538,0.0,0.0,1.0,1.0
498,-0.9967723,13.204523,13.146283,0.0,0.0,1.0,1.0
499,-0.9967723,13.573577,13.289542,0.0,0.0,1.0,1.0
500,-0.9967723,13.581277,13.431991,0.0,0.0,1.0,1.0
501,-0.9967723,13.603347,13.583052,0.0,0.0,1.0,1.0
502,-0.9967723,13.616569,13.731205,0.0,0.0,1.0,1.0
503,-0.9967723,13.81763,13.8414345,0.0,0.0,1.0,1.0
504,-0.9967723,13.980679,13.942124,0.0,0.0,1.0,1.0
505,-0.9967723,14.245107,14.014469,0.0,0.0,1.0,1.0
506,-0.9967723,14.405404,14.024489,0.0,0.0,1.0,1.0
507,-0.9967723,14.506907,14.003213,0.0,0.0,1.0,1.0
508,-0.9966821,14.407631,13.970533,0.0,0.0,1.0,1.0
509,-0.9966821,14.362839,13.919423,0.0,0.0,1.0,1.0
510,-0.9966821,14.072664,13.834416,0.0,0.0,1.0,1.0
511,-0.9966821,13.693818,13.725601,0.0,0.0,1.0,1.0
512,-0.9966821,13.325959,13.594054,0.0,0.0,1.0,1.0
513,-0.9966821,13.211189,13.430706,0.0,0.0,1.0,1.0
514,-0.9966821,13.003253,13.241855,0.0,0.0,1.0,1.0
515,-0.9966587,12.797545,13.043977,0.0,0.0,1.0,1.0
516,-0.9966587,12.674891,12.832943,0.0,0.0,1.0,1.0
517,-0.9966587,12.666552,12.651607,0.0,0.0,1.0,1.0
518,-0.9966587,12.445227,12.511097,0.0,0.0,1.0,1.0
519,-0.9966587,12.24069,12.426151,0.0,0.0,1.0,1.0
520,-0.99657613,12.033096,12.368564,0.0,0.0,1.0,1.0
521,-0.99657613,11.830429,12.364599,0.0,0.0,1.0,1.0
522,-0.99657613,11.896634,12.419039,0.0,0.0,1.0,1.0
523,-0.99657613,12.007696,12.524343,0.0,0.0,1.0,1.0
524,-0.99657613,12.306615,12.644838,0.0,0.0,1.0,1.0
525,-0.99657613,12.520132,12.806695,0.0,0.0,1.0,1.0
526,-0.99657613,12.955683,13.008225,0.0,0.0,1.0,1.0
527,-0.99657613,13.450823,13.242699,0.0,0.0,1.0,1.0
528,-0.99657613,13.938536,13.502433,0.0,0.0,1.0,1.0
529,-0.99657613,14.112494,13.773322,0.0,0.0,1.0,1.0
530,-0.9965619,14.387513,14.051182,0.0,0.0,1.0,1.0
531,-0.9965619,14.659053,14.325436,0.0,0.0,1.0,1.0
532,-0.9965619,14.846775,14.602739,0.0,0.0,1.0,1.0
533,-0.9965619,14.947237,14.84468,0.0,0.0,1.0,1.0
534,-0.9965619,15.147308,15.033871,0.0,0.0,1.0,1.0
535,-0.9965619,15.342012,15.192058,0.0,0.0,1.0,1.0
536,-0.9965619,15.597658,15.353122,0.0,0.0,1.0,1.0
537,-0.99656034,15.84778,15.51186,0.0,0.0,1.0,1.0
538,-0.99656034,15.858971,15.665214,0.0,0.0,1.0,1.0
539,-0.9964727,15.721106,15.818324,0.0,0.0,1.0,1.0
540,-0.99647224,15.836784,15.985088,0.0,0.0,1.0,1.0
541,-0.99647224,16.045263,16.1561,0.0,0.0,1.0,1.0
542,-0.99647224,16.29237,16.333393,0.0,0.0,1.0,1.0
543,-0.99647224,16.499296,16.516054,0.0,0.0,1.0,1.0
544,-0.99647224,16.684107,16.699965,0.0,0.0,1.0,1.0
545,-0.99647224,16.948406,16.91669,0.0,0.0,1.0,1.0
546,-0.99647224,17.19944,17.178644,0.0,0.0,1.0,1.0
547,-0.99647224,17.469532,17.45178,0.0,0.0,1.0,1.0
548,-0.99647224,17.789593,17.728333,0.0,0.0,1.0,1.0
549,-0.99647224,18.054699,18.005653,0.0,0.0,1.0,1.0
550,-0.9964712,18.45969,18.287754,0.0,0.0,1.0,1.0
551,-0.9964712,18.864542,18.549826,0.0,0.0,1.0,1.0
552,-0.9964712,19.114422,18.773865,0.0,0.0,1.0,1.0
553,-0.9964712,19.3639,18.933971,0.0,0.0,1.0,1.0
554,-0.9964712,19.620209,19.0285,0.0,0.0,1.0,1.0
555,-0.9964712,19.884502,19.056541,0.0,0.0,1.0,1.0
556,-0.9964712,19.828964,19.01961,0.0,0.0,1.0,1.0
557,-0.9964712,19.636885,18.908321,0.0,0.0,1.0,1.0
558,-0.99640393,19.120716,18.72419,0.0,0.0,1.0,1.0
559,-0.99640393,18.603867,18.481623,0.0,0.0,1.0,1.0
560,-0.99640393,18.126114,18.182177,0.0,0.0,1.0,1.0
561,-0.99640393,17.611502,17.81976,0.0,0.0,1.0,1.0
562,-0.99640393,17.124226,17.391136,0.0,0.0,1.0,1.0
563,-0.99640393,16.654978,16.938564,0.0,0.0,1.0,1.0
564,-0.99640393,16.20362,16.483027,0.0,0.0,1.0,1.0
565,-0.99636674,15.770537,16.060356,0.0,0.0,1.0,1.0
566,-0.99636674,15.271206,15.681234,0.0,0.0,1.0,1.0
567,-0.99636674,14.741018,15.34422,0.0,0.0,1.0,1.0
568,-0.9963036,14.398101,15.055666,0.0,0.0,1.0,1.0
569,-0.9963036,14.170433,14.846272,0.0,0.0,1.0,1.0
570,-0.9963036,14.048665,14.693142,0.0,0.0,1.0,1.0
571,-0.9963036,14.054411,14.611918,0.0,0.0,1.0,1.0
572,-0.9963036,14.08194,14.5924425,0.0,0.0,1.0,1.0
573,-0.9963036,14.148854,14.631386,0.0,0.0,1.0,1.0
574,-0.9963036,14.611509,14.727387,0.0,0.0,1.0,1.0
575,-0.99630004,14.817412,14.86118,0.0,0.0,1.0,1.0
576,-0.99630004,15.228938,15.027655,0.0,0.0,1.0,1.0
577,-0.99630004,15.536828,15.224848,0.0,0.0,1.0,1.0
578,-0.99630004,15.738521,15.45917,0.0,0.0,1.0,1.0
579,-0.99630004,15.893036,15.72594,0.0,0.0,1.0,1.0
580,-0.9962995,16.003622,15.9974985,0.0,0.0,1.0,1.0
581,-0.9962995,16.168123,16.249977,0.0,0.0,1.0,1.0
582,-0.9962995,16.414982,16.49865,0.0,0.0,1.0,1.0
583,-0.9962995,16.866282,16.732885,0.0,0.0,1.0,1.0
584,-0.9962995,17.283167,16.965385,0.0,0.0,1.0,1.0
585,-0.9962995,17.40756,17.197762,0.0,0.0,1.0,1.0
586,-0.9962995,17.641256,17.44803,0.0,0.0,1.0,1.0
587,-0.99622464,17.801481,17.703453,0.0,0.0,1.0,1.0
588,-0.99622464,18.039778,17.969458,0.0,0.0,1.0,1.0
589,-0.99622464,18.326809,18.237494,0.0,0.0,1.0,1.0
590,-0.99622464,18.527046,18.500717,0.0,0.0,1.0,1.0
591,-0.99622464,18.896255,18.767576,0.0,0.0,1.0,1.0
592,-0.99622464,19.068693,19.046698,0.0,0.0,1.0,1.0
593,-0.9962231,19.36018,19.315365,0.0,0.0,1.0,1.0
594,-0.9962231,19.631405,19.55757,0.0,0.0,1.0,1.0
595,-0.9962231,20.024971,19.752758,0.0,0.0,1.0,1.0
596,-0.9962231,20.485477,19.909285,0.0,0.0,1.0,1.0
597,-0.9962231,20.757017,20.013947,0.0,0.0,1.0,1.0
598,-0.9962231,20.865265,20.062637,0.0,0.0,1.0,1.0
599,-0.9962231,20.70793,20.071913,0.0,0.0,1.0,1.0
600,-0.9962231,20.38204,20.016932,0.0,0.0,1.0,1.0
601,-0.9962231,20.205132,19.906563,0.0,0.0,1.0,1.0
602,-0.9962231,19.782988,19.734253,0.0,0.0,1.0,1.0
603,-0.9962231,19.480562,19.489525,0.0,0.0,1.0,1.0
604,-0.9962231,19.17999,19.190252,0.0,0.0,1.0,1.0
605,-0.9961564,18.700405,18.854889,0.0,0.0,1.0,1.0
606,-0.9961564,18.306988,18.495312,0.0,0.0,1.0,1.0
607,-0.9961564,17.95725,18.125853,0.0,0.0,1.0,1.0
608,-0.9961564,17.548729,17.751871,0.0,0.0,1.0,1.0
609,-0.9961564,17.165752,17.400501,0.0,0.0,1.0,1.0
610,-0.9961564,16.84091,17.063581,0.0,0.0,1.0,1.0
611,-0.9961564,16.393002,16.749477,0.0,0.0,1.0,1.0
612,-0.9961355,15.948532,16.481533,0.0,0.0,1.0,1.0
613,-0.9961355,15.717342,16.255388,0.0,0.0,1.0,1.0
614,-0.9961355,15.566562,16.068386,0.0,0.0,1.0,1.0
615,-0.9961355,15.437515,15.927028,0.0,0.0,1.0,1.0
616,-0.9961355,15.410734,15.841458,0.0,0.0,1.0,1.0
617,-0.9961355,15.485076,15.793254,0.0,0.0,1.0,1.0
618,-0.9960642,15.5932455,15.803958,0.0,0.0,1.0,1.0
619,-0.9960642,15.71323,15.868661,0.0,0.0,1.0,1.0
620,-0.9960616,15.852429,15.973868,0.0,0.0,1.0,1.0
621,-0.9960616,16.138918,16.113386,0.0,0.0,1.0,1.0
622,-0.9960616,16.26246,16.284388,0.0,0.0,1.0,1.0
623,-0.9960616,16.521448,16.46989,0.0,0.0,1.0,1.0
624,-0.9960616,16.724972,16.654045,0.0,0.0,1.0,1.0
625,-0.9960616,16.979826,16.83947,0.0,0.0,1.0,1.0
626,-0.9960616,17.240786,17.037645,0.0,0.0,1.0,1.0
627,-0.9960616,17.48952,17.247313,0.0,0.0,1.0,1.0
628,-0.9960616,17.636766,17.436913,0.0,0.0,1.0,1.0
629,-0.9960616,17.694939,17.617313,0.0,0.0,1.0,1.0
630,-0.9960616,17.818348,17.759323,0.0,0.0,1.0,1.0
631,-0.9960616,18.091335,17.86047,0.0,0.0,1.0,1.0
632,-0.9960611,18.368433,17.904787,0.0,0.0,1.0,1.0
633,-0.9960611,18.414127,17.897217,0.0,0.0,1.0,1.0
634,-0.9960611,18.427254,17.834686,0.0,0.0,1.0,1.0
635,-0.9960611,18.225578,17.731821,0.0,0.0,1.0,1.0
636,-0.9959806,17.93873,17.591537,0.0,0.0,1.0,1.0
637,-0.9959776,17.511639,17.40924,0.0,0.0,1.0,1.0
638,-0.9959776,17.14994,17.174824,0.0,0.0,1.0,1.0
639,-0.9959776,16.739141,16.892221,0.0,0.0,1.0,1.0
640,-0.9959776,16.402382,16.581295,0.0,0.0,1.0,1.0
641,-0.9959776,16.011543,16.236841,0.0,0.0,1.0,1.0
642,-0.9959776,15.630793,15.869251,0.0,0.0,1.0,1.0
643,-0.9959776,15.278332,15.4902935,0.0,0.0,1.0,1.0
644,-0.9959776,14.977205,15.122677,0.0,0.0,1.0,1.0
645,-0.9959776,14.683006,14.768721,0.0,0.0,1.0,1.0
646,-0.9959776,14.293814,14.44431,0.0,0.0,1.0,1.0
647,-0.9959776,13.814493,14.141662,0.0,0.0,1.0,1.0
648,-0.9959776,13.391231,13.877798,0.0,0.0,1.0,1.0
649,-0.9959776,13.100238,13.648389,0.0,0.0,1.0,1.0
650,-0.9959776,12.9024725,13.442474,0.0,0.0,1.0,1.0
651,-0.9959776,12.846212,13.250333,0.0,0.0,1.0,1.0
652,-0.9959776,12.770601,13.0713,0.0,0.0,1.0,1.0
653,-0.9959776,12.845178,12.912698,0.0,0.0,1.0,1.0
654,-0.9959776,12.877886,12.782388,0.0,0.0,1.0,1.0
655,-0.99590015,12.807359,12.673688,0.0,0.0,1.0,1.0
656,-0.99590015,12.671508,12.581531,0.0,0.0,1.0,1.0
657,-0.99590015,12.534605,12.498971,0.0,0.0,1.0,1.0
658,-0.99590015,12.390586,12.401424,0.0,0.0,1.0,1.0
659,-0.99590015,12.250776,12.2906685,0.0,0.0,1.0,1.0
660,-0.99590015,12.086838,12.163021,0.0,0.0,1.0,1.0
661,-0.99590015,11.994346,12.018505,0.0,0.0,1.0,1.0
662,-0.99588025,11.911758,11.872671,0.0,0.0,1.0,1.0
663,-0.99588025,11.675655,11.741575,0.0,0.0,1.0,1.0
664,-0.99588025,11.441526,11.627238,0.0,0.0,1.0,1.0
665,-0.9957886,11.313412,11.541823,0.0,0.0,1.0,1.0
666,-0.9957886,11.143695,11.482268,0.0,0.0,1.0,1.0
667,-0.9957886,11.057343,11.462044,0.0,0.0,1.0,1.0
668,-0.9957886,11.098366,11.476264,0.0,0.0,1.0,1.0
669,-0.9957886,11.162556,11.518333,0.0,0.0,1.0,1.0
670,-0.9957886,11.36561,11.577456,0.0,0.0,1.0,1.0
671,-0.9957886,11.536121,11.654725,0.0,0.0,1.0,1.0
672,-0.9957886,11.844142,11.766862,0.0,0.0,1.0,1.0
673,-0.9957886,12.164984,11.924067,0.0,0.0,1.0,1.0
674,-0.9957886,12.416591,12.131183,0.0,0.0,1.0,1.0
675,-0.9957886,12.385138,12.36855,0.0,0.0,1.0,1.0
676,-0.9957886,12.368743,12.602465,0.0,0.0,1.0,1.0
677,-0.9957886,12.659059,12.80841,0.0,0.0,1.0,1.0
678,-0.9957886,13.030153,12.982897,0.0,0.0,1.0,1.0
679,-0.99578756,13.542728,13.101975,0.0,0.0,1.0,1.0
680,-0.99578756,13.946783,13.160944,0.0,0.0,1.0,1.0
681,-0.99578756,13.969525,13.168692,0.0,0.0,1.0,1.0
682,-0.99578756,13.836947,13.155152,0.0,0.0,1.0,1.0
683,-0.99578756,13.629974,13.1163845,0.0,0.0,1.0,1.0
684,-0.9957142,13.273081,13.026077,0.0,0.0,1.0,1.0
685,-0.9957142,12.87261,12.88209,0.0,0.0,1.0,1.0
686,-0.9957142,12.5095625,12.697307,0.0,0.0,1.0,1.0
687,-0.9957142,12.222661,12.484183,0.0,0.0,1.0,1.0
688,-0.9957142,11.903524,12.248964,0.0,0.0,1.0,1.0
689,-0.9957142,11.575374,11.99642,0.0,0.0,1.0,1.0
690,-0.9957142,11.302306,11.732964,0.0,0.0,1.0,1.0
691,-0.9957142,11.325332,11.477375,0.0,0.0,1.0,1.0
692,-0.9957142,11.389303,11.256027,0.0,0.0,1.0,1.0
693,-0.9957142,11.146901,11.081459,0.0,0.0,1.0,1.0
694,-0.9957142,10.806414,10.9421215,0.0,0.0,1.0,1.0
695,-0.9957142,10.468491,10.842155,0.0,0.0,1.0,1.0
696,-0.9957142,10.206027,10.782929,0.0,0.0,1.0,1.0
697,-0.9957142,10.216431,10.745128,0.0,0.0,1.0,1.0
698,-0.9957142,10.414747,10.698496,0.0,0.0,1.0,1.0
699,-0.9957142,10.5506115,10.63383,0.0,0.0,1.0,1.0
700,-0.9957142,10.703931,10.574324,0.0,0.0,1.0,1.0
701,-0.9957142,10.864659,10.525114,0.0,0.0,1.0,1.0
702,-0.995652,10.848685,10.484708,0.0,0.0,1.0,1.0
703,-0.995652,10.765753,10.448259,0.0,0.0,1.0,1.0
704,-0.995652,10.613308,10.3850355,0.0,0.0,1.0,1.0
705,-0.995652,10.432821,10.28105,0.0,0.0,1.0,1.0
706,-0.995652,10.2159,10.142567,0.0,0.0,1.0,1.0
707,-0.995652,9.983616,9.968131,0.0,0.0,1.0,1.0
708,-0.995652,9.768648,9.758195,0.0,0.0,1.0,1.0
709,-0.995652,9.4577465,9.523176,0.0,0.0,1.0,1.0
710,-0.99560773,9.166916,9.266705,0.0,0.0,1.0,1.0
711,-0.99560773,8.888821,9.0109,0.0,0.0,1.0,1.0
712,-0.99560773,8.610695,8.758089,0.0,0.0,1.0,1.0
713,-0.99560773,8.345434,8.519737,0.0,0.0,1.0,1.0
714,-0.9955542,8.02846,8.301326,0.0,0.0,1.0,1.0
715,-0.9955527,7.688085,8.1092825,0.0,0.0,1.0,1.0
716,-0.9955527,7.543647,7.9623747,0.0,0.0,1.0,1.0
717,-0.9955527,7.3991017,7.8490343,0.0,0.0,1.0,1.0
718,-0.9955527,7.355681,7.771425,0.0,0.0,1.0,1.0
719,-0.9955527,7.3626757,7.7314706,0.0,0.0,1.0,1.0
720,-0.9955466,7.4641232,7.726806,0.0,0.0,1.0,1.0
721,-0.9955338,7.69486,7.7617683,0.0,0.0,1.0,1.0
722,-0.9955099,7.806828,7.839695,0.0,0.0,1.0,1.0
723,-0.9955099,7.957508,7.9521866,0.0,0.0,1.0,1.0
724,-0.9955099,8.131244,8.10944,0.0,0.0,1.0,1.0
725,-0.9955099,8.289462,8.313787,0.0,0.0,1.0,1.0
726,-0.9955099,8.448007,8.57233,0.0,0.0,1.0,1.0
727,-0.9955099,8.623202,8.866886,0.0,0.0,1.0,1.0
728,-0.9955099,8.893546,9.1817045,0.0,0.0,1.0,1.0
729,-0.9955084,9.28614,9.523062,0.0,0.0,1.0,1.0
730,-0.9955084,9.807857,9.901988,0.0,0.0,1.0,1.0
731,-0.9955084,10.465188,10.303286,0.0,0.0,1.0,1.0
732,-0.9955084,10.998796,10.720484,0.0,0.0,1.0,1.0
733,-0.9955084,11.472674,11.176545,0.0,0.0,1.0,1.0
734,-0.9954386,11.903116,11.668264,0.0,0.0,1.0,1.0
735,-0.9954386,12.504622,12.189022,0.0,0.0,1.0,1.0
736,-0.9954386,12.946818,12.732865,0.0,0.0,1.0,1.0
737,-0.9954386,13.295843,13.2861,0.0,0.0,1.0,1.0
738,-0.9954386,13.920737,13.841901,0.0,0.0,1.0,1.0
739,-0.9954386,14.52383,14.393332,0.0,0.0,1.0,1.0
740,-0.9954386,15.142639,14.9346,0.0,0.0,1.0,1.0
741,-0.9954386,15.812258,15.438925,0.0,0.0,1.0,1.0
742,-0.9954386,16.446684,15.882894,0.0,0.0,1.0,1.0
743,-0.9954381,17.134796,16.276644,0.0,0.0,1.0,1.0
744,-0.9954381,17.615965,16.630323,0.0,0.0,1.0,1.0
745,-0.9954381,17.967888,16.914536,0.0,0.0,1.0,1.0
746,-0.9954381,17.95502,17.119171,0.0,0.0,1.0,1.0
747,-0.9954381,17.832247,17.237492,0.0,0.0,1.0,1.0
748,-0.9954381,17.671824,17.256716,0.0,0.0,1.0,1.0
749,-0.9954381,17.539999,17.167631,0.0,0.0,1.0,1.0
750,-0.9954381,17.331268,16.95794,0.0,0.0,1.0,1.0
751,-0.9954381,16.979458,16.638216,0.0,0.0,1.0,1.0
752,-0.99536675,16.56248,16.217762,0.0,0.0,1.0,1.0
753,-0.99536675,16.042957,15.731826,0.0,0.0,1.0,1.0
754,-0.99536675,15.377661,15.178816,0.0,0.0,1.0,1.0
755,-0.9953372,14.61851,14.568185,0.0,0.0,1.0,1.0
756,-0.9953372,13.779282,13.896046,0.0,0.0,1.0,1.0
757,-0.9953372,12.922443,13.186938,0.0,0.0,1.0,1.0
758,-0.9953372,12.123783,12.467195,0.0,0.0,1.0,1.0
759,-0.9953087,11.196124,11.75174,0.0,0.0,1.0,1.0
760,-0.9953087,10.344249,11.061101,0.0,0.0,1.0,1.0
761,-0.9953087,9.474326,10.414783,0.0,0.0,1.0,1.0
762,-0.99523276,8.82198,9.821352,0.0,0.0,1.0,1.0
763,-0.99523276,8.342536,9.301166,0.0,0.0,1.0,1.0
764,-0.99523276,7.977037,8.864059,0.0,0.0,1.0,1.0
765,-0.99523276,7.7552805,8.509771,0.0,0.0,1.0,1.0
766,-0.99523276,7.6218414,8.255643,0.0,0.0,1.0,1.0
767,-0.99523276,7.4973364,8.093047,0.0,0.0,1.0,1.0
768,-0.99523276,7.537055,8.0239525,0.0,0.0,1.0,1.0
769,-0.99523276,7.6771593,8.028246,0.0,0.0,1.0,1.0
770,-0.99523276,7.872336,8.094537,0.0,0.0,1.0,1.0
771,-0.99523276,8.146581,8.222377,0.0,0.0,1.0,1.0
772,-0.99523276,8.393095,8.408517,0.0,0.0,1.0,1.0
773,-0.99523276,8.64519,8.656951,0.0,0.0,1.0,1.0
774,-0.99523276,8.873499,8.957785,0.0,0.0,1.0,1.0
775,-0.99523276,9.138026,9.288477,0.0,0.0,1.0,1.0
776,-0.99523276,9.5111265,9.629333,0.0,0.0,1.0,1.0
777,-0.99523276,9.9889555,9.977845,0.0,0.0,1.0,1.0
778,-0.9952313,10.603053,10.3321495,0.0,0.0,1.0,1.0
779,-0.9952313,11.10734,10.699405,0.0,0.0,1.0,1.0
780,-0.9952313,11.505363,11.078169,0.0,0.0,1.0,1.0
781,-0.99511456,11.767423,11.469548,0.0,0.0,1.0,1.0
782,-0.99511456,12.05449,11.870704,0.0,0.0,1.0,1.0
783,-0.99511456,12.398229,12.275665,0.0,0.0,1.0,1.0
784,-0.99511456,12.800157,12.677835,0.0,0.0,1.0,1.0
785,-0.99511456,13.190369,13.0686,0.0,0.0,1.0,1.0
786,-0.99511456,13.570046,13.456879,0.0,0.0,1.0,1.0
787,-0.99511456,13.951895,13.837246,0.0,0.0,1.0,1.0
788,-0.99511456,14.370661,14.209003,0.0,0.0,1.0,1.0
789,-0.99511456,14.815,14.553858,0.0,0.0,1.0,1.0
790,-0.99511456,15.292229,14.861953,0.0,0.0,1.0,1.0
791,-0.9951141,15.766684,15.1214695,0.0,0.0,1.0,1.0
792,-0.9951141,16.069775,15.33147,0.0,0.0,1.0,1.0
793,-0.9951141,16.228506,15.482105,0.0,0.0,1.0,1.0
794,-0.9951141,16.19275,15.559353,0.0,0.0,1.0,1.0
795,-0.9951141,16.095358,15.546815,0.0,0.0,1.0,1.0
796,-0.9951141,15.914358,15.437492,0.0,0.0,1.0,1.0
797,-0.9951141,15.710377,15.227954,0.0,0.0,1.0,1.0
798,-0.9951141,15.377674,14.919433,0.0,0.0,1.0,1.0
799,-0.9951141,14.878861,14.518531,0.0,0.0,1.0,1.0
800,-0.9950025,14.220202,14.041911,0.0,0.0,1.0,1.0
801,-0.9950025,13.5031395,13.504163,0.0,0.0,1.0,1.0
802,-0.9950025,12.777767,12.911367,0.0,0.0,1.0,1.0
803,-0.9950025,12.064421,12.276904,0.0,0.0,1.0,1.0
804,-0.9950025,11.258958,11.607816,0.0,0.0,1.0,1.0
805,-0.9950025,10.509064,10.919769,0.0,0.0,1.0,1.0
806,-0.9949755,9.73977,10.231263,0.0,0.0,1.0,1.0
807,-0.9949755,8.981817,9.5652,0.0,0.0,1.0,1.0
808,-0.9949755,8.3008,8.932228,0.0,0.0,1.0,1.0
809,-0.9949755,7.6813197,8.343288,0.0,0.0,1.0,1.0
810,-0.9949755,7.121112,7.8126636,0.0,0.0,1.0,1.0
811,-0.994947,6.616787,7.360987,0.0,0.0,1.0,1.0
812,-0.9949256,6.227445,6.9954042,0.0,0.0,1.0,1.0
813,-0.9949256,5.9074764,6.7217426,0.0,0.0,1.0,1.0
814,-0.9949256,5.710488,6.541232,0.0,0.0,1.0,1.0
815,-0.9949256,5.696928,6.4511657,0.0,0.0,1.0,1.0
816,-0.9949256,5.838841,6.437723,0.0,0.0,1.0,1.0
817,-0.9949256,6.1220694,6.497775,0.0,0.0,1.0,1.0
818,-0.9949256,6.4558306,6.623965,0.0,0.0,1.0,1.0
819,-0.9949256,6.81569,6.8094416,0.0,0.0,1.0,1.0
820,-0.9949256,7.220002,7.0542793,0.0,0.0,1.0,1.0
821,-0.9949256,7.5200105,7.351806,0.0,0.0,1.0,1.0
822,-0.9949256,7.8417315,7.6883287,0.0,0.0,1.0,1.0
823,-0.9949256,8.131063,8.049723,0.0,0.0,1.0,1.0
824,-0.9949256,8.453166,8.428933,0.0,0.0,1.0,1.0
825,-0.9949256,8.845534,8.818673,0.0,0.0,1.0,1.0
826,-0.9949256,9.2808075,9.20873,0.0,0.0,1.0,1.0
827,-0.9949256,9.735198,9.593354,0.0,0.0,1.0,1.0
828,-0.9949256,10.175564,9.977048,0.0,0.0,1.0,1.0
829,-0.9949256,10.672605,10.355477,0.0,0.0,1.0,1.0
830,-0.9949256,11.132703,10.729229,0.0,0.0,1.0,1.0
831,-0.99485224,11.496369,11.100968,0.0,0.0,1.0,1.0
832,-0.99485224,11.835496,11.474409,0.0,0.0,1.0,1.0
833,-0.99485224,12.124338,11.841141,0.0,0.0,1.0,1.0
834,-0.99485224,12.382882,12.203163,0.0,0.0,1.0,1.0
835,-0.99485224,12.616084,12.559571,0.0,0.0,1.0,1.0
836,-0.99485224,12.914043,12.89824,0.0,0.0,1.0,1.0
837,-0.99485224,13.32682,13.21954,0.0,0.0,1.0,1.0
838,-0.99485224,13.681584,13.526463,0.0,0.0,1.0,1.0
839,-0.99485224,14.079467,13.819097,0.0,0.0,1.0,1.0
840,-0.99485224,14.452462,14.094427,0.0,0.0,1.0,1.0
841,-0.99485224,14.736631,14.350375,0.0,0.0,1.0,1.0
842,-0.99485224,14.988295,14.588619,0.0,0.0,1.0,1.0
843,-0.99485224,15.179452,14.795461,0.0,0.0,1.0,1.0
844,-0.99485224,15.347099,14.950469,0.0,0.0,1.0,1.0
845,-0.9948313,15.428305,15.052771,0.0,0.0,1.0,1.0
846,-0.9948313,15.454264,15.091694,0.0,0.0,1.0,1.0
847,-0.9948313,15.475006,15.063495,0.0,0.0,1.0,1.0
848,-0.9948313,15.396144,14.972726,0.0,0.0,1.0,1.0
849,-0.9948313,15.186914,14.823106,0.0,0.0,1.0,1.0
850,-0.9947717,14.909205,14.61333,0.0,0.0,1.0,1.0
851,-0.9947717,14.546549,14.338653,0.0,0.0,1.0,1.0
852,-0.9947717,14.114067,14.0087385,0.0,0.0,1.0,1.0
853,-0.9947717,13.647415,13.6273775,0.0,0.0,1.0,1.0
854,-0.9947717,13.192846,13.197846,0.0,0.0,1.0,1.0
855,-0.9947717,12.662147,12.729857,0.0,0.0,1.0,1.0
856,-0.99474627,12.050967,12.236263,0.0,0.0,1.0,1.0
857,-0.99474627,11.46934,11.730058,0.0,0.0,1.0,1.0
858,-0.99474627,10.877926,11.223156,0.0,0.0,1.0,1.0
859,-0.9946933,10.320632,10.728821,0.0,0.0,1.0,1.0
860,-0.9946933,9.780275,10.264917,0.0,0.0,1.0,1.0
861,-0.9946933,9.263789,9.840703,0.0,0.0,1.0,1.0
862,-0.9946933,8.834741,9.470405,0.0,0.0,1.0,1.0
863,-0.9946933,8.463726,9.157652,0.0,0.0,1.0,1.0
864,-0.9946933,8.182045,8.900127,0.0,0.0,1.0,1.0
865,-0.9946933,8.080579,8.704768,0.0,0.0,1.0,1.0
866,-0.9946933,8.102269,8.577742,0.0,0.0,1.0,1.0
867,-0.9946933,8.218567,8.533721,0.0,0.0,1.0,1.0
868,-0.9946933,8.297932,8.57355,0.0,0.0,1.0,1.0
869,-0.9946933,8.37905,8.676443,0.0,0.0,1.0,1.0
870,-0.9946933,8.533609,8.846525,0.0,0.0,1.0,1.0
871,-0.9946933,8.796323,9.077996,0.0,0.0,1.0,1.0
872,-0.9946933,9.252026,9.363687,0.0,0.0,1.0,1.0
873,-0.9946933,9.741739,9.688516,0.0,0.0,1.0,1.0
874,-0.9946933,10.069447,10.040741,0.0,0.0,1.0,1.0
875,-0.9946933,10.504718,10.418756,0.0,0.0,1.0,1.0
876,-0.9946933,10.959697,10.815263,0.0,0.0,1.0,1.0
877,-0.9946933,11.508858,11.224221,0.0,0.0,1.0,1.0
878,-0.99461997,12.000222,11.627088,0.0,0.0,1.0,1.0
879,-0.9946189,12.445266,12.017429,0.0,0.0,1.0,1.0
880,-0.9946189,12.834107,12.388735,0.0,0.0,1.0,1.0
881,-0.9946189,13.137143,12.747494,0.0,0.0,1.0,1.0
882,-0.9946189,13.441106,13.078786,0.0,0.0,1.0,1.0
883,-0.9946189,13.630724,13.365938,0.0,0.0,1.0,1.0
884,-0.9946189,13.936124,13.59606,0.0,0.0,1.0,1.0
885,-0.9946189,14.197412,13.794763,0.0,0.0,1.0,1.0
886,-0.9946189,14.374554,13.953051,0.0,0.0,1.0,1.0
887,-0.9946189,14.480215,14.063227,0.0,0.0,1.0,1.0
888,-0.9946189,14.405523,14.116949,0.0,0.0,1.0,1.0
889,-0.9946189,14.270317,14.117758,0.0,0.0,1.0,1.0
890,-0.9945924,14.384657,14.076641,0.0,0.0,1.0,1.0
891,-0.9945924,14.344726,13.986598,0.0,0.0,1.0,1.0
892,-0.9945924,14.156217,13.852311,0.0,0.0,1.0,1.0
893,-0.9945924,13.781813,13.671808,0.0,0.0,1.0,1.0
894,-0.9945924,13.450814,13.458455,0.0,0.0,1.0,1.0
895,-0.9945924,13.137327,13.223596,0.0,0.0,1.0,1.0
896,-0.9945924,12.8556,12.9727125,0.0,0.0,1.0,1.0
897,-0.994515,12.585969,12.690336,0.0,0.0,1.0,1.0
898,-0.994515,12.208524,12.391983,0.0,0.0,1.0,1.0
899,-0.994515,11.919975,12.098109,0.0,0.0,1.0,1.0
900,-0.994515,11.587209,11.824991,0.0,0.0,1.0,1.0
901,-0.994515,11.259725,11.561654,0.0,0.0,1.0,1.0
902,-0.994515,10.996138,11.312094,0.0,0.0,1.0,1.0
903,-0.994515,10.764485,11.083603,0.0,0.0,1.0,1.0
904,-0.994486,10.629727,10.887466,0.0,0.0,1.0,1.0
905,-0.994486,10.504401,10.731144,0.0,0.0,1.0,1.0
906,-0.994486,10.29077,10.6128,0.0,0.0,1.0,1.0
907,-0.994486,10.142605,10.544818,0.0,0.0,1.0,1.0
908,-0.994486,10.113704,10.52957,0.0,0.0,1.0,1.0
909,-0.994486,10.23233,10.566016,0.0,0.0,1.0,1.0
910,-0.994486,10.332657,10.652457,0.0,0.0,1.0,1.0
911,-0.994486,10.499841,10.782885,0.0,0.0,1.0,1.0
912,-0.994486,10.771431,10.959195,0.0,0.0,1.0,1.0
913,-0.994486,11.076742,11.188833,0.0,0.0,1.0,1.0
914,-0.994486,11.433497,11.466791,0.0,0.0,1.0,1.0
915,-0.994486,11.801784,11.784145,0.0,0.0,1.0,1.0
916,-0.99442786,12.194859,12.131537,0.0,0.0,1.0,1.0
917,-0.99442786,12.620127,12.510943,0.0,0.0,1.0,1.0
918,-0.99442786,13.046422,12.916,0.0,0.0,1.0,1.0
919,-0.99442583,13.478097,13.338381,0.0,0.0,1.0,1.0
920,-0.99442583,13.921953,13.772834,0.0,0.0,1.0,1.0
921,-0.99442583,14.401037,14.212851,0.0,0.0,1.0,1.0
922,-0.99442583,14.885527,14.644265,0.0,0.0,1.0,1.0
923,-0.99442583,15.360535,15.052817,0.0,0.0,1.0,1.0
924,-0.99442583,15.839991,15.433136,0.0,0.0,1.0,1.0
925,-0.99442583,16.290174,15.787035,0.0,0.0,1.0,1.0
926,-0.99442583,16.7137,16.111397,0.0,0.0,1.0,1.0
927,-0.99442583,16.978765,16.40105,0.0,0.0,1.0,1.0
928,-0.99442583,17.097479,16.650688,0.0,0.0,1.0,1.0
929,-0.99442583,17.183956,16.860512,0.0,0.0,1.0,1.0
930,-0.99442583,17.293207,17.032402,0.0,0.0,1.0,1.0
931,-0.99442583,17.370443,17.162657,0.0,0.0,1.0,1.0
932,-0.99442583,17.397795,17.25606,0.0,0.0,1.0,1.0
933,-0.99442583,17.396677,17.315334,0.0,0.0,1.0,1.0
934,-0.994381,17.403429,17.351881,0.0,0.0,1.0,1.0
935,-0.994354,17.423208,17.37705,0.0,0.0,1.0,1.0
936,-0.994354,17.40305,17.384691,0.0,0.0,1.0,1.0
937,-0.994354,17.411003,17.376793,0.0,0.0,1.0,1.0
938,-0.994354,17.424995,17.361532,0.0,0.0,1.0,1.0
939,-0.994354,17.41734,17.346394,0.0,0.0,1.0,1.0
940,-0.994354,17.39951,17.329893,0.0,0.0,1.0,1.0
941,-0.994354,17.275644,17.30473,0.0,0.0,1.0,1.0
942,-0.994354,17.198412,17.27017,0.0,0.0,1.0,1.0
943,-0.994354,17.187315,17.233686,0.0,0.0,1.0,1.0
944,-0.994354,17.216152,17.189302,0.0,0.0,1.0,1.0
945,-0.994354,17.198662,17.128344,0.0,0.0,1.0,1.0
946,-0.994354,17.101467,17.041111,0.0,0.0,1.0,1.0
947,-0.994354,17.008501,16.92641,0.0,0.0,1.0,1.0
948,-0.994354,16.965244,16.787373,0.0,0.0,1.0,1.0
949,-0.9943352,16.87838,16.619957,0.0,0.0,1.0,1.0
950,-0.9943352,16.693506,16.417864,0.0,0.0,1.0,1.0
951,-0.9943352,16.370546,16.178638,0.0,0.0,1.0,1.0
952,-0.9943352,16.023092,15.91083,0.0,0.0,1.0,1.0
953,-0.9942399,15.607187,15.6172,0.0,0.0,1.0,1.0
954,-0.9942399,15.189432,15.296603,0.0,0.0,1.0,1.0
955,-0.9942368,14.762197,14.941905,0.0,0.0,1.0,1.0
956,-0.9942368,14.345436,14.563623,0.0,0.0,1.0,1.0
957,-0.9942368,13.98497,14.170467,0.0,0.0,1.0,1.0
958,-0.9942368,13.577907,13.771309,0.0,0.0,1.0,1.0
959,-0.9942368,13.161336,13.354019,0.0,0.0,1.0,1.0
960,-0.9942368,12.708871,12.935063,0.0,0.0,1.0,1.0
961,-0.9942368,12.338999,12.5190935,0.0,0.0,1.0,1.0
962,-0.9942368,11.975641,12.12335,0.0,0.0,1.0,1.0
963,-0.9942368,11.580641,11.752465,0.0,0.0,1.0,1.0
964,-0.9942368,11.015609,11.409246,0.0,0.0,1.0,1.0
965,-0.9942368,10.579718,11.101838,0.0,0.0,1.0,1.0
966,-0.9942368,10.197795,10.836729,0.0,0.0,1.0,1.0
967,-0.99413955,10.013281,10.61531,0.0,0.0,1.0,1.0
968,-0.99413955,9.894819,10.433156,0.0,0.0,1.0,1.0
969,-0.99413955,9.866347,10.292911,0.0,0.0,1.0,1.0
970,-0.99413955,9.889003,10.20141,0.0,0.0,1.0,1.0
971,-0.99413955,9.980022,10.176089,0.0,0.0,1.0,1.0
972,-0.99413955,10.0518465,10.20097,0.0,0.0,1.0,1.0
973,-0.99413955,10.153153,10.273027,0.0,0.0,1.0,1.0
974,-0.99413955,10.292688,10.37934,0.0,0.0,1.0,1.0
975,-0.99413955,10.482643,10.535147,0.0,0.0,1.0,1.0
976,-0.99413955,10.71176,10.723658,0.0,0.0,1.0,1.0
977,-0.99413955,10.878274,10.936792,0.0,0.0,1.0,1.0
978,-0.99413955,11.062494,11.162042,0.0,0.0,1.0,1.0
979,-0.99413955,11.289029,11.390605,0.0,0.0,1.0,1.0
980,-0.9941304,11.764505,11.617027,0.0,0.0,1.0,1.0
981,-0.9941304,12.128478,11.8331375,0.0,0.0,1.0,1.0
982,-0.9941304,12.446612,12.036593,0.0,0.0,1.0,1.0
983,-0.9941304,12.68302,12.226785,0.0,0.0,1.0,1.0
984,-0.9941288,12.794604,12.412608,0.0,0.0,1.0,1.0
985,-0.9941288,12.870217,12.595994,0.0,0.0,1.0,1.0
986,-0.9940616,12.886016,12.771145,0.0,0.0,1.0,1.0
987,-0.99405855,12.924114,12.921218,0.0,0.0,1.0,1.0
988,-0.99405855,12.994048,13.057041,0.0,0.0,1.0,1.0
989,-0.99405855,13.108163,13.183936,0.0,0.0,1.0,1.0
990,-0.99405855,13.263116,13.311141,0.0,0.0,1.0,1.0
991,-0.99405855,13.39085,13.43704,0.0,0.0,1.0,1.0
992,-0.99405855,13.565378,13.566409,0.0,0.0,1.0,1.0
993,-0.99405855,13.758361,13.707254,0.0,0.0,1.0,1.0
994,-0.99405855,13.969343,13.858665,0.0,0.0,1.0,1.0
995,-0.99405855,14.209478,14.023273,0.0,0.0,1.0,1.0
996,-0.99405855,14.305401,14.192749,0.0,0.0,1.0,1.0
997,-0.99405855,14.42264,14.36015,0.0,0.0,1.0,1.0
998,-0.99405855,14.576155,14.524048,0.0,0.0,1.0,1.0
999,-0.99405855,14.7410555,14.679203,0.0,0.0,1.0,1.0
1000,-0.99405855,14.969337,14.820396,0.0,0.0,1.0,1.0
1001,-0.99405855,15.141869,14.942823,0.0,0.0,1.0,1.0
1002,-0.99405855,15.271937,15.042484,0.0,0.0,1.0,1.0
1003,-0.99405855,15.357618,15.125675,0.0,0.0,1.0,1.0
1004,-0.99405855,15.427244,15.190891,0.0,0.0,1.0,1.0
1005,-0.99398416,15.452676,15.239099,0.0,0.0,1.0,1.0
1006,-0.99398416,15.438465,15.264351,0.0,0.0,1.0,1.0
1007,-0.99398416,15.405414,15.264538,0.0,0.0,1.0,1.0
1008,-0.99398416,15.303691,15.24229,0.0,0.0,1.0,1.0
1009,-0.99398416,15.205236,15.200558,0.0,0.0,1.0,1.0
1010,-0.99398416,15.154645,15.138541,0.0,0.0,1.0,1.0
1011,-0.99398416,15.044079,15.059149,0.0,0.0,1.0,1.0
1012,-0.9939613,14.971576,14.967105,0.0,0.0,1.0,1.0
1013,-0.9939613,14.874889,14.862984,0.0,0.0,1.0,1.0
1014,-0.9939613,14.771154,14.755594,0.0,0.0,1.0,1.0
1015,-0.9939613,14.6134205,14.644738,0.0,0.0,1.0,1.0
1016,-0.9939613,14.474544,14.525019,0.0,0.0,1.0,1.0
1017,-0.9939613,14.348151,14.387531,0.0,0.0,1.0,1.0
1018,-0.9939613,14.189002,14.234965,0.0,0.0,1.0,1.0
1019,-0.9939613,14.116738,14.063674,0.0,0.0,1.0,1.0
1020,-0.9939613,13.973424,13.874405,0.0,0.0,1.0,1.0
1021,-0.9939613,13.7686,13.663368,0.0,0.0,1.0,1.0
1022,-0.9939613,13.5048,13.442183,0.0,0.0,1.0,1.0
1023,-0.9939613,13.213285,13.207544,0.0,0.0,1.0,1.0
1024,-0.99388176,12.916081,12.960365,0.0,0.0,1.0,1.0
1025,-0.9938395,12.603656,12.70725,0.0,0.0,1.0,1.0
1026,-0.9938395,12.238718,12.443989,0.0,0.0,1.0,1.0
1027,-0.99383795,11.959191,12.169265,0.0,0.0,1.0,1.0
1028,-0.99383795,11.658884,11.889635,0.0,0.0,1.0,1.0
1029,-0.99383795,11.382003,11.618369,0.0,0.0,1.0,1.0
1030,-0.99383795,11.151618,11.337689,0.0,0.0,1.0,1.0
1031,-0.99383795,10.957607,11.057307,0.0,0.0,1.0,1.0
1032,-0.99383795,10.676731,10.788639,0.0,0.0,1.0,1.0
1033,-0.99383795,10.413044,10.541484,0.0,0.0,1.0,1.0
1034,-0.99383795,10.249615,10.325642,0.0,0.0,1.0,1.0
1035,-0.99383795,9.845125,10.155946,0.0,0.0,1.0,1.0
1036,-0.99383795,9.551494,10.030288,0.0,0.0,1.0,1.0
1037,-0.99383795,9.3796425,9.94718,0.0,0.0,1.0,1.0
1038,-0.99383795,9.272847,9.902118,0.0,0.0,1.0,1.0
1039,-0.99383795,9.369089,9.905309,0.0,0.0,1.0,1.0
1040,-0.99383795,9.622532,9.958141,0.0,0.0,1.0,1.0
1041,-0.99383795,9.874111,10.050203,0.0,0.0,1.0,1.0
1042,-0.9937565,10.154324,10.201579,0.0,0.0,1.0,1.0
1043,-0.9937565,10.416858,10.410184,0.0,0.0,1.0,1.0
1044,-0.9937565,10.715028,10.665757,0.0,0.0,1.0,1.0
1045,-0.9937565,11.047026,10.963176,0.0,0.0,1.0,1.0
1046,-0.9937565,11.354364,11.294785,0.0,0.0,1.0,1.0
1047,-0.99375594,11.661637,11.635498,0.0,0.0,1.0,1.0
1048,-0.99375594,12.0547495,11.97822,0.0,0.0,1.0,1.0
1049,-0.99375594,12.446516,12.310932,0.0,0.0,1.0,1.0
1050,-0.99375594,12.841877,12.605894,0.0,0.0,1.0,1.0
1051,-0.99375594,13.3483925,12.841076,0.0,0.0,1.0,1.0
1052,-0.99375594,13.711093,13.006782,0.0,0.0,1.0,1.0
1053,-0.99375594,13.986776,13.103536,0.0,0.0,1.0,1.0
1054,-0.99375594,14.146866,13.12842,0.0,0.0,1.0,1.0
1055,-0.99375594,13.956402,13.071327,0.0,0.0,1.0,1.0
1056,-0.99375594,13.53721,12.929268,0.0,0.0,1.0,1.0
1057,-0.9937259,13.035493,12.705277,0.0,0.0,1.0,1.0
1058,-0.9937259,12.515417,12.392747,0.0,0.0,1.0,1.0
1059,-0.9937259,11.960244,12.010356,0.0,0.0,1.0,1.0
1060,-0.9937259,11.369636,11.57101,0.0,0.0,1.0,1.0
1061,-0.9936459,10.74181,11.085487,0.0,0.0,1.0,1.0
1062,-0.9936459,10.153989,10.590439,0.0,0.0,1.0,1.0
1063,-0.9936459,9.598025,10.108448,0.0,0.0,1.0,1.0
1064,-0.9936459,9.122401,9.655259,0.0,0.0,1.0,1.0
1065,-0.9935787,8.714624,9.24581,0.0,0.0,1.0,1.0
1066,-0.9935787,8.320597,8.896679,0.0,0.0,1.0,1.0
1067,-0.9935787,8.015818,8.621866,0.0,0.0,1.0,1.0
1068,-0.9935787,7.753322,8.428131,0.0,0.0,1.0,1.0
1069,-0.99357665,7.5972266,8.313449,0.0,0.0,1.0,1.0
1070,-0.9935629,7.6020236,8.27272,0.0,0.0,1.0,1.0
1071,-0.9935537,7.7706733,8.30466,0.0,0.0,1.0,1.0
1072,-0.9935537,8.071888,8.403238,0.0,0.0,1.0,1.0
1073,-0.9935537,8.416988,8.560304,0.0,0.0,1.0,1.0
1074,-0.9935537,8.777797,8.762006,0.0,0.0,1.0,1.0
1075,-0.9935537,9.10929,8.997994,0.0,0.0,1.0,1.0
1076,-0.9935537,9.505674,9.248417,0.0,0.0,1.0,1.0
1077,-0.9935537,9.897567,9.4929495,0.0,0.0,1.0,1.0
1078,-0.9935537,10.205377,9.718378,0.0,0.0,1.0,1.0
1079,-0.9935537,10.436245,9.911308,0.0,0.0,1.0,1.0
1080,-0.9935399,10.585184,10.063004,0.0,0.0,1.0,1.0
1081,-0.9935399,10.602297,10.166265,0.0,0.0,1.0,1.0
1082,-0.9935399,10.536415,10.230498,0.0,0.0,1.0,1.0
1083,-0.9935399,10.475813,10.249931,0.0,0.0,1.0,1.0
1084,-0.993462,10.387052,10.228018,0.0,0.0,1.0,1.0
1085,-0.993462,10.237331,10.172397,0.0,0.0,1.0,1.0
1086,-0.993462,10.016929,10.091598,0.0,0.0,1.0,1.0
1087,-0.993462,9.880095,9.9856825,0.0,0.0,1.0,1.0
1088,-0.993462,9.738875,9.866551,0.0,0.0,1.0,1.0
1089,-0.993462,9.634596,9.748674,0.0,0.0,1.0,1.0
1090,-0.993462,9.537933,9.638447,0.0,0.0,1.0,1.0
1091,-0.993462,9.466655,9.544182,0.0,0.0,1.0,1.0
1092,-0.993462,9.314196,9.477213,0.0,0.0,1.0,1.0
1093,-0.993462,9.1727295,9.453096,0.0,0.0,1.0,1.0
1094,-0.993462,9.121883,9.462581,0.0,0.0,1.0,1.0
1095,-0.993462,9.153092,9.513925,0.0,0.0,1.0,1.0
1096,-0.993462,9.255872,9.604979,0.0,0.0,1.0,1.0
1097,-0.993462,9.433699,9.738187,0.0,0.0,1.0,1.0
1098,-0.993462,9.727527,9.906727,0.0,0.0,1.0,1.0
1099,-0.993462,9.993914,10.111675,0.0,0.0,1.0,1.0
1100,-0.993462,10.3550005,10.3533945,0.0,0.0,1.0,1.0
1101,-0.993462,10.727238,10.621465,0.0,0.0,1.0,1.0
1102,-0.9934151,11.136435,10.915873,0.0,0.0,1.0,1.0
1103,-0.9934151,11.489132,11.222799,0.0,0.0,1.0,1.0
1104,-0.9934151,11.773587,11.543041,0.0,0.0,1.0,1.0
1105,-0.9934151,12.073354,11.859454,0.0,0.0,1.0,1.0
1106,-0.9934151,12.338727,12.169519,0.0,0.0,1.0,1.0
1107,-0.9934151,12.685988,12.464029,0.0,0.0,1.0,1.0
1108,-0.9934151,12.938991,12.731629,0.0,0.0,1.0,1.0
1109,-0.9934004,13.276598,12.965379,0.0,0.0,1.0,1.0
1110,-0.9934004,13.524485,13.158397,0.0,0.0,1.0,1.0
1111,-0.9934004,13.7147045,13.329809,0.0,0.0,1.0,1.0
1112,-0.9934004,13.889114,13.472992,0.0,0.0,1.0,1.0
1113,-0.9934004,13.938434,13.57962,0.0,0.0,1.0,1.0
1114,-0.9934004,13.941431,13.6489,0.0,0.0,1.0,1.0
1115,-0.9933744,13.805343,13.693855,0.0,0.0,1.0,1.0
1116,-0.9933744,13.830536,13.697396,0.0,0.0,1.0,1.0
1117,-0.9933744,13.791558,13.664116,0.0,0.0,1.0,1.0
1118,-0.9933744,13.618265,13.596035,0.0,0.0,1.0,1.0
1119,-0.9933744,13.517347,13.512738,0.0,0.0,1.0,1.0
1120,-0.9933744,13.478448,13.423428,0.0,0.0,1.0,1.0
1121,-0.9933128,13.319093,13.3437805,0.0,0.0,1.0,1.0
1122,-0.9933128,13.125115,13.275974,0.0,0.0,1.0,1.0
1123,-0.9933128,12.89773,13.203625,0.0,0.0,1.0,1.0
1124,-0.9933112,12.889557,13.140197,0.0,0.0,1.0,1.0
1125,-0.9933112,12.866702,13.098513,0.0,0.0,1.0,1.0
1126,-0.9933112,12.985673,13.067799,0.0,0.0,1.0,1.0
1127,-0.9933112,12.991664,13.024839,0.0,0.0,1.0,1.0
1128,-0.9933112,12.96235,12.978067,0.0,0.0,1.0,1.0
1129,-0.9933112,13.03042,12.94734,0.0,0.0,1.0,1.0
1130,-0.9933112,13.118054,12.92899,0.0,0.0,1.0,1.0
1131,-0.9933112,13.148774,12.903186,0.0,0.0,1.0,1.0
1132,-0.9933112,12.96294,12.886358,0.0,0.0,1.0,1.0
1133,-0.9933112,12.757827,12.873852,0.0,0.0,1.0,1.0
1134,-0.9933112,12.756385,12.873897,0.0,0.0,1.0,1.0
1135,-0.9933112,12.677534,12.891653,0.0,0.0,1.0,1.0
1136,-0.9933112,12.579905,12.910155,0.0,0.0,1.0,1.0
1137,-0.9933112,12.66477,12.918482,0.0,0.0,1.0,1.0
1138,-0.9933112,12.835598,12.932842,0.0,0.0,1.0,1.0
1139,-0.9933112,12.992201,12.973836,0.0,0.0,1.0,1.0
1140,-0.9932516,13.175431,13.040447,0.0,0.0,1.0,1.0
1141,-0.9932516,13.25245,13.110611,0.0,0.0,1.0,1.0
1142,-0.9932516,13.217969,13.198342,0.0,0.0,1.0,1.0
1143,-0.9932516,13.321103,13.309172,0.0,0.0,1.0,1.0
1144,-0.9932516,13.454854,13.42864,0.0,0.0,1.0,1.0
1145,-0.9932516,13.557168,13.537571,0.0,0.0,1.0,1.0
1146,-0.9932516,13.598348,13.63498,0.0,0.0,1.0,1.0
1147,-0.9932516,13.730317,13.7104225,0.0,0.0,1.0,1.0
1148,-0.9932516,13.909849,13.763249,0.0,0.0,1.0,1.0
1149,-0.9932516,14.098396,13.801343,0.0,0.0,1.0,1.0
1150,-0.9932516,14.142769,13.808897,0.0,0.0,1.0,1.0
1151,-0.9932516,14.16111,13.774604,0.0,0.0,1.0,1.0
1152,-0.9932516,14.080739,13.700785,0.0,0.0,1.0,1.0
1153,-0.9932516,13.886371,13.593644,0.0,0.0,1.0,1.0
1154,-0.9932216,13.67509,13.442056,0.0,0.0,1.0,1.0
1155,-0.9932216,13.411753,13.23279,0.0,0.0,1.0,1.0
1156,-0.9932216,13.043335,12.969801,0.0,0.0,1.0,1.0
1157,-0.9932216,12.671339,12.666511,0.0,0.0,1.0,1.0
1158,-0.9932216,12.312664,12.328098,0.0,0.0,1.0,1.0
1159,-0.9931589,11.911253,11.961851,0.0,0.0,1.0,1.0
1160,-0.99313444,11.398664,11.579274,0.0,0.0,1.0,1.0
1161,-0.99313444,10.942529,11.188311,0.0,0.0,1.0,1.0
1162,-0.99310744,10.503284,10.798879,0.0,0.0,1.0,1.0
1163,-0.99310744,10.100155,10.431048,0.0,0.0,1.0,1.0
1164,-0.99310744,9.685775,10.091383,0.0,0.0,1.0,1.0
1165,-0.99310744,9.295455,9.765102,0.0,0.0,1.0,1.0
1166,-0.99310744,8.9835205,9.458605,0.0,0.0,1.0,1.0
1167,-0.99310744,8.738567,9.183088,0.0,0.0,1.0,1.0
1168,-0.99310744,8.62937,8.9431095,0.0,0.0,1.0,1.0
1169,-0.99310744,8.595362,8.733208,0.0,0.0,1.0,1.0
1170,-0.99310744,8.397293,8.559717,0.0,0.0,1.0,1.0
1171,-0.99310744,8.233284,8.429858,0.0,0.0,1.0,1.0
1172,-0.99310744,8.092469,8.338998,0.0,0.0,1.0,1.0
1173,-0.99310744,8.062785,8.288487,0.0,0.0,1.0,1.0
1174,-0.99310744,7.984457,8.280821,0.0,0.0,1.0,1.0
1175,-0.99310744,8.018267,8.305879,0.0,0.0,1.0,1.0
1176,-0.99310744,8.127474,8.356933,0.0,0.0,1.0,1.0
1177,-0.99310744,8.205128,8.434356,0.0,0.0,1.0,1.0
1178,-0.99310744,8.377389,8.543978,0.0,0.0,1.0,1.0
1179,-0.99310744,8.646572,8.678874,0.0,0.0,1.0,1.0
1180,-0.99310744,8.930066,8.833221,0.0,0.0,1.0,1.0
1181,-0.99303406,9.208007,9.021632,0.0,0.0,1.0,1.0
1182,-0.99303406,9.326369,9.233329,0.0,0.0,1.0,1.0
1183,-0.99303406,9.548751,9.455494,0.0,0.0,1.0,1.0
1184,-0.99303406,9.7112255,9.674233,0.0,0.0,1.0,1.0
1185,-0.99303406,9.91495,9.886674,0.0,0.0,1.0,1.0
1186,-0.99303406,10.245391,10.088229,0.0,0.0,1.0,1.0
1187,-0.99303406,10.5586195,10.275989,0.0,0.0,1.0,1.0
1188,-0.99303406,10.793453,10.446833,0.0,0.0,1.0,1.0
1189,-0.99303406,10.830003,10.604248,0.0,0.0,1.0,1.0
1190,-0.99303406,10.926684,10.730404,0.0,0.0,1.0,1.0
1191,-0.99303406,11.065231,10.828425,0.0,0.0,1.0,1.0
1192,-0.99303406,11.183179,10.889462,0.0,0.0,1.0,1.0
1193,-0.99303406,11.258129,10.909484,0.0,0.0,1.0,1.0
1194,-0.99303406,11.215363,10.888214,0.0,0.0,1.0,1.0
1195,-0.99303406,11.062619,10.834233,0.0,0.0,1.0,1.0
1196,-0.99303406,10.887485,10.7607975,0.0,0.0,1.0,1.0
1197,-0.99303406,10.647398,10.663934,0.0,0.0,1.0,1.0
1198,-0.99303406,10.485639,10.535045,0.0,0.0,1.0,1.0
1199,-0.99303406,10.303392,10.378566,0.0,0.0,1.0,1.0
1200,-0.9929638,10.145674,10.204074,0.0,0.0,1.0,1.0
1201,-0.9929638,9.948782,10.022456,0.0,0.0,1.0,1.0
1202,-0.9929638,9.7643175,9.828401,0.0,0.0,1.0,1.0
1203,-0.9929638,9.5185585,9.628342,0.0,0.0,1.0,1.0
1204,-0.9929638,9.30543,9.4252825,0.0,0.0,1.0,1.0
1205,-0.99292,9.164232,9.2153225,0.0,0.0,1.0,1.0
1206,-0.99292,9.035948,9.011084,0.0,0.0,1.0,1.0
1207,-0.99289703,8.733951,8.810127,0.0,0.0,1.0,1.0
1208,-0.99289703,8.486782,8.625186,0.0,0.0,1.0,1.0
1209,-0.99289703,8.210689,8.453666,0.0,0.0,1.0,1.0
1210,-0.99289703,7.9661093,8.291546,0.0,0.0,1.0,1.0
1211,-0.99289703,7.852532,8.137138,0.0,0.0,1.0,1.0
1212,-0.99289703,7.7341967,7.984765,0.0,0.0,1.0,1.0
1213,-0.99289703,7.7294903,7.834116,0.0,0.0,1.0,1.0
1214,-0.99289703,7.7060704,7.7053943,0.0,0.0,1.0,1.0
1215,-0.99289703,7.5731144,7.6349154,0.0,0.0,1.0,1.0
1216,-0.99289703,7.45255,7.5941887,0.0,0.0,1.0,1.0
1217,-0.99289703,7.335746,7.5824842,0.0,0.0,1.0,1.0
1218,-0.9928334,7.22816,7.5950437,0.0,0.0,1.0,1.0
1219,-0.9928334,7.1892915,7.6294336,0.0,0.0,1.0,1.0
1220,-0.9928334,7.6410375,7.685661,0.0,0.0,1.0,1.0
1221,-0.9928334,7.721965,7.766977,0.0,0.0,1.0,1.0
1222,-0.9928298,7.8256607,7.8796535,0.0,0.0,1.0,1.0
1223,-0.9928298,8.003244,8.022897,0.0,0.0,1.0,1.0
1224,-0.9928298,8.146872,8.215219,0.0,0.0,1.0,1.0
1225,-0.9928298,8.404222,8.439907,0.0,0.0,1.0,1.0
1226,-0.9928298,8.681862,8.6874895,0.0,0.0,1.0,1.0
1227,-0.9928298,8.925229,8.922479,0.0,0.0,1.0,1.0
1228,-0.9928298,9.17147,9.179042,0.0,0.0,1.0,1.0
1229,-0.9928298,9.643612,9.458963,0.0,0.0,1.0,1.0
1230,-0.9928298,9.924416,9.750338,0.0,0.0,1.0,1.0
1231,-0.9928298,10.160282,10.024533,0.0,0.0,1.0,1.0
1232,-0.9928298,10.460915,10.313196,0.0,0.0,1.0,1.0
1233,-0.9928298,10.800719,10.607268,0.0,0.0,1.0,1.0
1234,-0.9928298,11.184713,10.911236,0.0,0.0,1.0,1.0
1235,-0.9928298,11.499735,11.213851,0.0,0.0,1.0,1.0
1236,-0.9928298,11.437228,11.495476,0.0,0.0,1.0,1.0
1237,-0.9927794,11.868174,11.774705,0.0,0.0,1.0,1.0
1238,-0.9927794,12.210731,12.049667,0.0,0.0,1.0,1.0
1239,-0.9927794,12.572841,12.312606,0.0,0.0,1.0,1.0
1240,-0.9927794,12.802847,12.537754,0.0,0.0,1.0,1.0
1241,-0.9927794,13.023104,12.741453,0.0,0.0,1.0,1.0
1242,-0.9927794,13.275175,12.925254,0.0,0.0,1.0,1.0
1243,-0.99277735,13.4598255,13.111231,0.0,0.0,1.0,1.0
1244,-0.99277735,13.616178,13.253403,0.0,0.0,1.0,1.0
1245,-0.99277735,13.502504,13.344033,0.0,0.0,1.0,1.0
1246,-0.99277735,13.629101,13.383002,0.0,0.0,1.0,1.0
1247,-0.99277735,13.705341,13.372583,0.0,0.0,1.0,1.0
1248,-0.99277735,13.668954,13.306181,0.0,0.0,1.0,1.0
1249,-0.99277735,13.574227,13.183672,0.0,0.0,1.0,1.0
1250,-0.99275136,13.298306,13.003379,0.0,0.0,1.0,1.0
1251,-0.99275136,13.040464,12.782106,0.0,0.0,1.0,1.0
1252,-0.9927208,12.677822,12.528486,0.0,0.0,1.0,1.0
1253,-0.9927208,12.22627,12.218573,0.0,0.0,1.0,1.0
1254,-0.9927208,11.805073,11.856172,0.0,0.0,1.0,1.0
1255,-0.9927208,11.296302,11.45872,0.0,0.0,1.0,1.0
1256,-0.9926485,10.960916,11.03548,0.0,0.0,1.0,1.0
1257,-0.9926485,10.459064,10.602331,0.0,0.0,1.0,1.0
1258,-0.9926485,9.91013,10.165341,0.0,0.0,1.0,1.0
1259,-0.9926485,9.356533,9.732494,0.0,0.0,1.0,1.0
1260,-0.9926485,8.89953,9.309415,0.0,0.0,1.0,1.0
1261,-0.9926485,8.495344,8.908507,0.0,0.0,1.0,1.0
1262,-0.9926485,8.100531,8.53455,0.0,0.0,1.0,1.0
1263,-0.9926485,7.7965884,8.171331,0.0,0.0,1.0,1.0
1264,-0.9926485,7.4836535,7.8370914,0.0,0.0,1.0,1.0
1265,-0.9926485,7.149317,7.5454965,0.0,0.0,1.0,1.0
1266,-0.9926485,6.9941854,7.308305,0.0,0.0,1.0,1.0
1267,-0.9926485,6.808808,7.119491,0.0,0.0,1.0,1.0
1268,-0.9926485,6.6022925,6.997201,0.0,0.0,1.0,1.0
1269,-0.9926485,6.4481854,6.9448733,0.0,0.0,1.0,1.0
1270,-0.9926485,6.4109898,6.9583855,0.0,0.0,1.0,1.0
1271,-0.9926485,6.5102334,7.035547,0.0,0.0,1.0,1.0
1272,-0.9926485,6.633765,7.1673207,0.0,0.0,1.0,1.0
1273,-0.9926485,7.0278635,7.3395734,0.0,0.0,1.0,1.0
1274,-0.9926485,7.4725986,7.5625606,0.0,0.0,1.0,1.0
1275,-0.99257255,7.9587317,7.8385487,0.0,0.0,1.0,1.0
1276,-0.99257255,8.409591,8.162425,0.0,0.0,1.0,1.0
1277,-0.99257255,8.730605,8.521756,0.0,0.0,1.0,1.0
1278,-0.99257255,9.061215,8.9116745,0.0,0.0,1.0,1.0
1279,-0.99257255,9.484653,9.333765,0.0,0.0,1.0,1.0
1280,-0.99257255,9.914151,9.762713,0.0,0.0,1.0,1.0
1281,-0.99257255,10.334707,10.174136,0.0,0.0,1.0,1.0
1282,-0.99257255,10.722962,10.556589,0.0,0.0,1.0,1.0
1283,-0.99257255,11.189251,10.902502,0.0,0.0,1.0,1.0
1284,-0.99257255,11.698849,11.204239,0.0,0.0,1.0,1.0
1285,-0.9925675,12.175243,11.461097,0.0,0.0,1.0,1.0
1286,-0.9925675,12.409668,11.661758,0.0,0.0,1.0,1.0
1287,-0.9925675,12.548176,11.80413,0.0,0.0,1.0,1.0
1288,-0.9925675,12.560537,11.884023,0.0,0.0,1.0,1.0
1289,-0.9925675,12.351453,11.904331,0.0,0.0,1.0,1.0
1290,-0.9925675,12.143515,11.848788,0.0,0.0,1.0,1.0
1291,-0.9925675,11.892589,11.711243,0.0,0.0,1.0,1.0
1292,-0.9925675,11.622609,11.495844,0.0,0.0,1.0,1.0
1293,-0.9925063,11.293416,11.219803,0.0,0.0,1.0,1.0
1294,-0.9925063,10.966674,10.890714,0.0,0.0,1.0,1.0
1295,-0.9924773,10.522731,10.516303,0.0,0.0,1.0,1.0
1296,-0.9924773,10.048301,10.113025,0.0,0.0,1.0,1.0
1297,-0.99245286,9.590462,9.698628,0.0,0.0,1.0,1.0
1298,-0.99245286,9.097175,9.286418,0.0,0.0,1.0,1.0
1299,-0.99245286,8.599103,8.884933,0.0,0.0,1.0,1.0
1300,-0.99245286,8.0676155,8.516788,0.0,0.0,1.0,1.0
1301,-0.99245286,7.512103,8.169436,0.0,0.0,1.0,1.0
1302,-0.99245286,7.17076,7.8575177,0.0,0.0,1.0,1.0
1303,-0.99245286,6.946062,7.587325,0.0,0.0,1.0,1.0
1304,-0.99245286,6.804805,7.367423,0.0,0.0,1.0,1.0
1305,-0.99245286,6.8756623,7.1993604,0.0,0.0,1.0,1.0
1306,-0.99245286,6.798454,7.0859675,0.0,0.0,1.0,1.0
1307,-0.99245286,6.779713,7.04404,0.0,0.0,1.0,1.0
1308,-0.99238205,6.8059883,7.070724,0.0,0.0,1.0,1.0
1309,-0.99238205,6.951634,7.150613,0.0,0.0,1.0,1.0
1310,-0.99238205,7.080422,7.275809,0.0,0.0,1.0,1.0
1311,-0.99238205,7.2383914,7.4415154,0.0,0.0,1.0,1.0
1312,-0.99238205,7.5644894,7.6323376,0.0,0.0,1.0,1.0
1313,-0.9923805,7.8323064,7.856887,0.0,0.0,1.0,1.0
1314,-0.9923805,8.129425,8.095776,0.0,0.0,1.0,1.0
1315,-0.9923805,8.448418,8.340067,0.0,0.0,1.0,1.0
1316,-0.9923805,8.793281,8.571,0.0,0.0,1.0,1.0
1317,-0.9923805,9.165528,8.792901,0.0,0.0,1.0,1.0
1318,-0.9923805,9.493044,9.002817,0.0,0.0,1.0,1.0
1319,-0.9923805,9.646377,9.184863,0.0,0.0,1.0,1.0
1320,-0.9923805,9.737483,9.352555,0.0,0.0,1.0,1.0
1321,-0.9923805,9.722842,9.50522,0.0,0.0,1.0,1.0
1322,-0.9923805,9.743233,9.644437,0.0,0.0,1.0,1.0
1323,-0.9923805,9.757376,9.758865,0.0,0.0,1.0,1.0
1324,-0.9923805,9.74904,9.844741,0.0,0.0,1.0,1.0
1325,-0.9923805,9.844616,9.909621,0.0,0.0,1.0,1.0
1326,-0.99232244,9.961407,9.969527,0.0,0.0,1.0,1.0
1327,-0.99232036,10.119015,10.021901,0.0,0.0,1.0,1.0
1328,-0.99232036,10.166425,10.075051,0.0,0.0,1.0,1.0
1329,-0.99232036,10.19603,10.1176815,0.0,0.0,1.0,1.0
1330,-0.99232036,10.271619,10.163163,0.0,0.0,1.0,1.0
1331,-0.99232036,10.365242,10.207476,0.0,0.0,1.0,1.0
1332,-0.99232036,10.365968,10.239683,0.0,0.0,1.0,1.0
1333,-0.99232036,10.360651,10.267187,0.0,0.0,1.0,1.0
1334,-0.99232036,10.254796,10.286878,0.0,0.0,1.0,1.0
1335,-0.99232036,10.303155,10.308548,0.0,0.0,1.0,1.0
1336,-0.99232036,10.280785,10.328013,0.0,0.0,1.0,1.0
1337,-0.99232036,10.231108,10.341367,0.0,0.0,1.0,1.0
1338,-0.99232036,10.291454,10.3445015,0.0,0.0,1.0,1.0
1339,-0.99232036,10.355298,10.341345,0.0,0.0,1.0,1.0
1340,-0.99229544,10.426474,10.341022,0.0,0.0,1.0,1.0
1341,-0.9922231,10.429608,10.346441,0.0,0.0,1.0,1.0
1342,-0.9922231,10.431858,10.341405,0.0,0.0,1.0,1.0
1343,-0.9922231,10.402861,10.339591,0.0,0.0,1.0,1.0
1344,-0.9922205,10.32809,10.345262,0.0,0.0,1.0,1.0
1345,-0.9922103,10.356768,10.353748,0.0,0.0,1.0,1.0
1346,-0.99220985,10.319834,10.355518,0.0,0.0,1.0,1.0
1347,-0.99220985,10.242724,10.355284,0.0,0.0,1.0,1.0
1348,-0.99220985,10.259015,10.361993,0.0,0.0,1.0,1.0
1349,-0.99220985,10.29915,10.371165,0.0,0.0,1.0,1.0
1350,-0.99220985,10.393297,10.3829775,0.0,0.0,1.0,1.0
1351,-0.99220985,10.376536,10.392128,0.0,0.0,1.0,1.0
1352,-0.99220985,10.423665,10.387931,0.0,0.0,1.0,1.0
1353,-0.99220985,10.510113,10.372537,0.0,0.0,1.0,1.0
1354,-0.9922083,10.54193,10.342709,0.0,0.0,1.0,1.0
1355,-0.9922083,10.54461,10.293579,0.0,0.0,1.0,1.0
1356,-0.9922083,10.437898,10.221033,0.0,0.0,1.0,1.0
1357,-0.9922083,10.306398,10.12292,0.0,0.0,1.0,1.0
1358,-0.9922083,10.135101,10.010569,0.0,0.0,1.0,1.0
1359,-0.9921268,9.884791,9.87896,0.0,0.0,1.0,1.0
1360,-0.9921253,9.669455,9.728689,0.0,0.0,1.0,1.0
1361,-0.9921253,9.428604,9.567129,0.0,0.0,1.0,1.0
1362,-0.9921253,9.215935,9.3917675,0.0,0.0,1.0,1.0
1363,-0.9921253,9.028328,9.213054,0.0,0.0,1.0,1.0
1364,-0.9921253,8.844358,9.031941,0.0,0.0,1.0,1.0
1365,-0.9921253,8.706858,8.854371,0.0,0.0,1.0,1.0
1366,-0.9921253,8.603217,8.683392,0.0,0.0,1.0,1.0
1367,-0.9921253,8.440263,8.52243,0.0,0.0,1.0,1.0
1368,-0.9921253,8.293341,8.378286,0.0,0.0,1.0,1.0
1369,-0.9921253,8.133052,8.248868,0.0,0.0,1.0,1.0
1370,-0.9921253,8.004257,8.139023,0.0,0.0,1.0,1.0
1371,-0.9921253,7.8330264,8.050874,0.0,0.0,1.0,1.0
1372,-0.9921253,7.737922,7.9786777,0.0,0.0,1.0,1.0
1373,-0.9921253,7.698883,7.913164,0.0,0.0,1.0,1.0
1374,-0.9921253,7.662907,7.8559356,0.0,0.0,1.0,1.0
1375,-0.9921253,7.7101903,7.814004,0.0,0.0,1.0,1.0
1376,-0.9921253,7.7865705,7.783741,0.0,0.0,1.0,1.0
1377,-0.9921253,7.840503,7.762885,0.0,0.0,1.0,1.0
1378,-0.9920483,7.817057,7.761875,0.0,0.0,1.0,1.0
1379,-0.9920483,7.7535195,7.7760177,0.0,0.0,1.0,1.0
1380,-0.9920483,7.790161,7.802037,0.0,0.0,1.0,1.0
1381,-0.9920483,7.769896,7.83887,0.0,0.0,1.0,1.0
1382,-0.9920483,7.7539825,7.8769193,0.0,0.0,1.0,1.0
1383,-0.9920483,7.8209066,7.9117055,0.0,0.0,1.0,1.0
1384,-0.9920483,7.9076357,7.9518895,0.0,0.0,1.0,1.0
1385,-0.9919969,8.011111,8.002174,0.0,0.0,1.0,1.0
1386,-0.9919969,8.104904,8.066128,0.0,0.0,1.0,1.0
1387,-0.9919969,8.166782,8.135845,0.0,0.0,1.0,1.0
1388,-0.9919969,8.204006,8.220985,0.0,0.0,1.0,1.0
1389,-0.9919969,8.322712,8.323762,0.0,0.0,1.0,1.0
1390,-0.9919969,8.420481,8.426974,0.0,0.0,1.0,1.0
1391,-0.9919954,8.520952,8.521425,0.0,0.0,1.0,1.0
1392,-0.9919954,8.626774,8.592729,0.0,0.0,1.0,1.0
1393,-0.99199486,8.791573,8.641692,0.0,0.0,1.0,1.0
1394,-0.99199486,8.987309,8.672971,0.0,0.0,1.0,1.0
1395,-0.99199486,9.059451,8.6944,0.0,0.0,1.0,1.0
1396,-0.99199486,9.041052,8.698242,0.0,0.0,1.0,1.0
1397,-0.9919052,8.866745,8.681057,0.0,0.0,1.0,1.0
1398,-0.9919052,8.692467,8.649263,0.0,0.0,1.0,1.0
1399,-0.9919052,8.5421295,8.607728,0.0,0.0,1.0,1.0
1400,-0.9918976,8.461155,8.54438,0.0,0.0,1.0,1.0
1401,-0.9918976,8.368817,8.4606495,0.0,0.0,1.0,1.0
1402,-0.9918976,8.214263,8.35921,0.0,0.0,1.0,1.0
1403,-0.9918976,8.139422,8.24706,0.0,0.0,1.0,1.0
1404,-0.9918976,8.128353,8.123016,0.0,0.0,1.0,1.0
1405,-0.9918976,8.0314,7.9890966,0.0,0.0,1.0,1.0
1406,-0.9918976,7.982542,7.8587847,0.0,0.0,1.0,1.0
1407,-0.9918976,7.8421745,7.729855,0.0,0.0,1.0,1.0
1408,-0.9918976,7.695248,7.6151056,0.0,0.0,1.0,1.0
1409,-0.9918976,7.3782206,7.52718,0.0,0.0,1.0,1.0
1410,-0.9918976,7.0854325,7.45673,0.0,0.0,1.0,1.0
1411,-0.9918976,6.9783874,7.3886933,0.0,0.0,1.0,1.0
1412,-0.9918976,6.914001,7.329016,0.0,0.0,1.0,1.0
1413,-0.9918976,6.9918237,7.273889,0.0,0.0,1.0,1.0
1414,-0.9918976,7.15916,7.2341876,0.0,0.0,1.0,1.0
1415,-0.99182165,7.2940145,7.2130303,0.0,0.0,1.0,1.0
1416,-0.99182165,7.3119154,7.210793,0.0,0.0,1.0,1.0
1417,-0.99182165,7.3152766,7.231966,0.0,0.0,1.0,1.0
1418,-0.99182165,7.3210173,7.266107,0.0,0.0,1.0,1.0
1419,-0.99182165,7.3657527,7.308534,0.0,0.0,1.0,1.0
1420,-0.99182165,7.441361,7.358617,0.0,0.0,1.0,1.0
1421,-0.99182165,7.351373,7.4077168,0.0,0.0,1.0,1.0
1422,-0.99182165,7.3395114,7.454199,0.0,0.0,1.0,1.0
1423,-0.99182165,7.3880773,7.5013347,0.0,0.0,1.0,1.0
1424,-0.99182165,7.423128,7.5541286,0.0,0.0,1.0,1.0
1425,-0.99182165,7.5928164,7.605918,0.0,0.0,1.0,1.0
1426,-0.99182165,7.748356,7.6519823,0.0,0.0,1.0,1.0
1427,-0.99182165,7.851804,7.6960173,0.0,0.0,1.0,1.0
1428,-0.99182165,7.8775434,7.7523837,0.0,0.0,1.0,1.0
1429,-0.99182165,7.948802,7.813673,0.0,0.0,1.0,1.0
1430,-0.99177784,7.942491,7.8678727,0.0,0.0,1.0,1.0
1431,-0.99177784,7.918524,7.9141307,0.0,0.0,1.0,1.0
1432,-0.99177784,7.9697804,7.951364,0.0,0.0,1.0,1.0
1433,-0.99177784,8.027771,7.9756656,0.0,0.0,1.0,1.0
1434,-0.99170804,8.074983,7.998994,0.0,0.0,1.0,1.0
1435,-0.99170804,8.038473,8.025848,0.0,0.0,1.0,1.0
1436,-0.99170804,7.9782248,8.042166,0.0,0.0,1.0,1.0
1437,-0.99170804,8.039617,8.057973,0.0,0.0,1.0,1.0
1438,-0.99170804,8.039972,8.078302,0.0,0.0,1.0,1.0
1439,-0.99170804,8.131746,8.094688,0.0,0.0,1.0,1.0
1440,-0.99170244,8.199802,8.103242,0.0,0.0,1.0,1.0
1441,-0.99170244,8.144606,8.100303,0.0,0.0,1.0,1.0
1442,-0.99170244,8.132174,8.092658,0.0,0.0,1.0,1.0
1443,-0.99170244,8.162482,8.07823,0.0,0.0,1.0,1.0
1444,-0.99170244,8.166408,8.049492,0.0,0.0,1.0,1.0
1445,-0.99170244,8.130412,8.016982,0.0,0.0,1.0,1.0
1446,-0.99170244,8.039718,7.97777,0.0,0.0,1.0,1.0
1447,-0.99170244,7.946739,7.935757,0.0,0.0,1.0,1.0
1448,-0.99170244,7.8050857,7.9026456,0.0,0.0,1.0,1.0
1449,-0.99170244,7.694754,7.874811,0.0,0.0,1.0,1.0
1450,-0.9916046,7.649862,7.838927,0.0,0.0,1.0,1.0
1451,-0.9916046,7.661198,7.798617,0.0,0.0,1.0,1.0
1452,-0.9916046,7.6956496,7.765246,0.0,0.0,1.0,1.0
1453,-0.9916046,7.7472653,7.742165,0.0,0.0,1.0,1.0
1454,-0.9916046,7.7981615,7.7255917,0.0,0.0,1.0,1.0
1455,-0.99160314,7.7318664,7.722081,0.0,0.0,1.0,1.0
1456,-0.99160206,7.6826935,7.731311,0.0,0.0,1.0,1.0
1457,-0.99159294,7.7299557,7.7502165,0.0,0.0,1.0,1.0
1458,-0.99158275,7.7627506,7.7802696,0.0,0.0,1.0,1.0
1459,-0.99158275,7.747859,7.8166966,0.0,0.0,1.0,1.0
1460,-0.9915822,7.76296,7.860855,0.0,0.0,1.0,1.0
1461,-0.9915822,7.8055105,7.910492,0.0,0.0,1.0,1.0
1462,-0.9915822,7.876729,7.9719524,0.0,0.0,1.0,1.0
1463,-0.9915822,8.021837,8.045864,0.0,0.0,1.0,1.0
1464,-0.9915822,8.132772,8.1242075,0.0,0.0,1.0,1.0
1465,-0.9915822,8.277168,8.205221,0.0,0.0,1.0,1.0
1466,-0.9915822,8.393801,8.2956085,0.0,0.0,1.0,1.0
1467,-0.9915822,8.469395,8.39736,0.0,0.0,1.0,1.0
1468,-0.99151653,8.5696335,8.512751,0.0,0.0,1.0,1.0
1469,-0.99151397,8.670079,8.639852,0.0,0.0,1.0,1.0
1470,-0.99151397,8.734906,8.767827,0.0,0.0,1.0,1.0
1471,-0.99151397,8.832512,8.895364,0.0,0.0,1.0,1.0
1472,-0.99151397,8.9839735,9.023906,0.0,0.0,1.0,1.0
1473,-0.99151397,9.190195,9.156394,0.0,0.0,1.0,1.0
1474,-0.99151397,9.401944,9.288162,0.0,0.0,1.0,1.0
1475,-0.99150074,9.55754,9.421501,0.0,0.0,1.0,1.0
1476,-0.99150074,9.6632185,9.549261,0.0,0.0,1.0,1.0
1477,-0.99150074,9.819668,9.668012,0.0,0.0,1.0,1.0
1478,-0.99150074,9.983665,9.774452,0.0,0.0,1.0,1.0
1479,-0.99150074,10.050614,9.854455,0.0,0.0,1.0,1.0
1480,-0.99150074,10.1697035,9.89911,0.0,0.0,1.0,1.0
1481,-0.99150074,10.2031975,9.910373,0.0,0.0,1.0,1.0
1482,-0.99150074,10.159913,9.894543,0.0,0.0,1.0,1.0
1483,-0.99150074,10.109798,9.851736,0.0,0.0,1.0,1.0
1484,-0.99150074,9.944006,9.775411,0.0,0.0,1.0,1.0
1485,-0.99150074,9.72605,9.658867,0.0,0.0,1.0,1.0
1486,-0.99150074,9.537097,9.518885,0.0,0.0,1.0,1.0
1487,-0.99142224,9.367578,9.355709,0.0,0.0,1.0,1.0
1488,-0.99142224,9.149546,9.165227,0.0,0.0,1.0,1.0
1489,-0.99142224,8.903763,8.953295,0.0,0.0,1.0,1.0
1490,-0.9914187,8.585135,8.724572,0.0,0.0,1.0,1.0
1491,-0.9914187,8.37083,8.487466,0.0,0.0,1.0,1.0
1492,-0.9914187,8.211592,8.251559,0.0,0.0,1.0,1.0
1493,-0.9914187,7.917411,8.022581,0.0,0.0,1.0,1.0
1494,-0.99138963,7.616728,7.8014393,0.0,0.0,1.0,1.0
1495,-0.99138963,7.36513,7.5961905,0.0,0.0,1.0,1.0
1496,-0.99138963,7.0987267,7.4185443,0.0,0.0,1.0,1.0
1497,-0.99138963,6.8951707,7.279295,0.0,0.0,1.0,1.0
1498,-0.99138963,6.7893662,7.164252,0.0,0.0,1.0,1.0
1499,-0.99138963,6.7138762,7.0664654,0.0,0.0,1.0,1.0
1500,-0.99138963,6.6865582,6.9999933,0.0,0.0,1.0,1.0
1501,-0.99138963,6.772006,6.9735284,0.0,0.0,1.0,1.0
1502,-0.99138963,6.914146,6.985217,0.0,0.0,1.0,1.0
1503,-0.99138963,6.9903135,7.0412426,0.0,0.0,1.0,1.0
1504,-0.99138963,7.038151,7.146314,0.0,0.0,1.0,1.0
1505,-0.99138963,7.1197476,7.2951517,0.0,0.0,1.0,1.0
1506,-0.9913265,7.299146,7.4849563,0.0,0.0,1.0,1.0
1507,-0.9913265,7.505397,7.7137337,0.0,0.0,1.0,1.0
1508,-0.9913265,7.771032,7.9653845,0.0,0.0,1.0,1.0
1509,-0.9913209,8.15603,8.239573,0.0,0.0,1.0,1.0
1510,-0.9913209,8.575418,8.537594,0.0,0.0,1.0,1.0
1511,-0.9913209,8.991529,8.857991,0.0,0.0,1.0,1.0
1512,-0.9913209,9.4318905,9.184314,0.0,0.0,1.0,1.0
1513,-0.9913209,9.791814,9.495664,0.0,0.0,1.0,1.0
1514,-0.9913209,10.204407,9.800248,0.0,0.0,1.0,1.0
1515,-0.9913209,10.5665655,10.096237,0.0,0.0,1.0,1.0
1516,-0.9913209,10.882921,10.367957,0.0,0.0,1.0,1.0
1517,-0.9913209,11.035612,10.60045,0.0,0.0,1.0,1.0
1518,-0.9913209,11.03535,10.7839985,0.0,0.0,1.0,1.0
1519,-0.9913209,11.160406,10.911203,0.0,0.0,1.0,1.0
1520,-0.991299,11.322906,10.994829,0.0,0.0,1.0,1.0
1521,-0.991299,11.416669,11.017706,0.0,0.0,1.0,1.0
1522,-0.991299,11.365323,10.988901,0.0,0.0,1.0,1.0
1523,-0.991299,11.194113,10.90976,0.0,0.0,1.0,1.0
1524,-0.991299,10.958353,10.797388,0.0,0.0,1.0,1.0
1525,-0.9912307,10.795328,10.6620865,0.0,0.0,1.0,1.0
1526,-0.9912307,10.478924,10.49092,0.0,0.0,1.0,1.0
1527,-0.9912307,10.220909,10.277068,0.0,0.0,1.0,1.0
1528,-0.9912307,9.933229,10.038771,0.0,0.0,1.0,1.0
1529,-0.9912307,9.687148,9.792236,0.0,0.0,1.0,1.0
1530,-0.9912307,9.411736,9.541041,0.0,0.0,1.0,1.0
1531,-0.9912307,9.106402,9.29006,0.0,0.0,1.0,1.0
1532,-0.9912307,8.756684,9.030784,0.0,0.0,1.0,1.0
1533,-0.9912307,8.557094,8.781505,0.0,0.0,1.0,1.0
1534,-0.9912307,8.406918,8.542093,0.0,0.0,1.0,1.0
1535,-0.9912307,8.179768,8.31233,0.0,0.0,1.0,1.0
1536,-0.9912307,7.946577,8.076795,0.0,0.0,1.0,1.0
1537,-0.9912307,7.684014,7.8502145,0.0,0.0,1.0,1.0
1538,-0.9912307,7.4875736,7.6258326,0.0,0.0,1.0,1.0
1539,-0.9911976,7.3479753,7.410258,0.0,0.0,1.0,1.0
1540,-0.9911976,7.176079,7.1911917,0.0,0.0,1.0,1.0
1541,-0.9911976,6.8607154,6.967617,0.0,0.0,1.0,1.0
1542,-0.9911976,6.692773,6.751435,0.0,0.0,1.0,1.0
1543,-0.99114156,6.4138184,6.5603614,0.0,0.0,1.0,1.0
1544,-0.99114156,6.1697927,6.393622,0.0,0.0,1.0,1.0
1545,-0.99109113,5.928295,6.248789,0.0,0.0,1.0,1.0
1546,-0.99109113,5.724023,6.1221414,0.0,0.0,1.0,1.0
1547,-0.99109113,5.585581,6.016771,0.0,0.0,1.0,1.0
1548,-0.99109113,5.6536965,5.951556,0.0,0.0,1.0,1.0
1549,-0.99109113,5.6831417,5.909723,0.0,0.0,1.0,1.0
1550,-0.99109113,5.749576,5.900477,0.0,0.0,1.0,1.0
1551,-0.99109113,5.8282027,5.92287,0.0,0.0,1.0,1.0
1552,-0.99109113,5.9116344,5.976991,0.0,0.0,1.0,1.0
1553,-0.99109113,6.0781426,6.0603123,0.0,0.0,1.0,1.0
1554,-0.99109113,6.190769,6.1740904,0.0,0.0,1.0,1.0
1555,-0.99109113,6.302866,6.299127,0.0,0.0,1.0,1.0
1556,-0.99109113,6.438512,6.4409623,0.0,0.0,1.0,1.0
1557,-0.99109113,6.577751,6.585082,0.0,0.0,1.0,1.0
1558,-0.99109113,6.723876,6.7346354,0.0,0.0,1.0,1.0
1559,-0.99109113,6.9509144,6.8630576,0.0,0.0,1.0,1.0
1560,-0.99109113,7.1541414,6.962766,0.0,0.0,1.0,1.0
1561,-0.9910891,7.3851595,7.036966,0.0,0.0,1.0,1.0
1562,-0.9910891,7.4790144,7.084776,0.0,0.0,1.0,1.0
1563,-0.9910891,7.6228456,7.1039824,0.0,0.0,1.0,1.0
1564,-0.9910045,7.452697,7.0929418,0.0,0.0,1.0,1.0
1565,-0.9909811,7.27465,7.05695,0.0,0.0,1.0,1.0
1566,-0.9909811,7.0811653,6.990381,0.0,0.0,1.0,1.0
1567,-0.9909811,6.8765836,6.902926,0.0,0.0,1.0,1.0
1568,-0.9909811,6.6689935,6.7947917,0.0,0.0,1.0,1.0
1569,-0.9909811,6.4452624,6.6696625,0.0,0.0,1.0,1.0
1570,-0.9909811,6.291975,6.5221686,0.0,0.0,1.0,1.0
1571,-0.9909811,6.1520805,6.374189,0.0,0.0,1.0,1.0
1572,-0.9909811,6.104683,6.226222,0.0,0.0,1.0,1.0
1573,-0.9909811,6.087548,6.086546,0.0,0.0,1.0,1.0
1574,-0.9909811,5.9774632,5.95723,0.0,0.0,1.0,1.0
1575,-0.9909811,5.8529234,5.8549123,0.0,0.0,1.0,1.0
1576,-0.9909811,5.6769366,5.782775,0.0,0.0,1.0,1.0
1577,-0.9909811,5.4990525,5.738038,0.0,0.0,1.0,1.0
1578,-0.9909811,5.405051,5.7226725,0.0,0.0,1.0,1.0
1579,-0.9909811,5.32479,5.7301188,0.0,0.0,1.0,1.0
1580,-0.9909811,5.4411836,5.767296,0.0,0.0,1.0,1.0
1581,-0.9909811,5.5796137,5.845127,0.0,0.0,1.0,1.0
1582,-0.9909811,5.755134,5.96449,0.0,0.0,1.0,1.0
1583,-0.9909103,5.967689,6.1299167,0.0,0.0,1.0,1.0
1584,-0.9909103,6.194039,6.3271503,0.0,0.0,1.0,1.0
1585,-0.9909103,6.533676,6.5552998,0.0,0.0,1.0,1.0
1586,-0.9909103,6.911434,6.8108463,0.0,0.0,1.0,1.0
1587,-0.9909103,7.2852793,7.080515,0.0,0.0,1.0,1.0
1588,-0.9909103,7.662058,7.362621,0.0,0.0,1.0,1.0
1589,-0.9909103,7.865856,7.6505795,0.0,0.0,1.0,1.0
1590,-0.99087715,8.142845,7.9380355,0.0,0.0,1.0,1.0
1591,-0.99087715,8.391351,8.226253,0.0,0.0,1.0,1.0
1592,-0.99087363,8.677206,8.5058155,0.0,0.0,1.0,1.0
1593,-0.99087363,8.964882,8.766135,0.0,0.0,1.0,1.0
1594,-0.99087363,9.21064,9.003618,0.0,0.0,1.0,1.0
1595,-0.99087363,9.41716,9.209651,0.0,0.0,1.0,1.0
1596,-0.99087363,9.652641,9.39009,0.0,0.0,1.0,1.0
1597,-0.99087363,9.88843,9.536208,0.0,0.0,1.0,1.0
1598,-0.99087363,10.035277,9.655636,0.0,0.0,1.0,1.0
1599,-0.99087363,10.135075,9.734746,0.0,0.0,1.0,1.0
1600,-0.99087363,10.134445,9.7849,0.0,0.0,1.0,1.0
1601,-0.99087363,10.031133,9.814455,0.0,0.0,1.0,1.0
1602,-0.99081403,9.896258,9.823284,0.0,0.0,1.0,1.0
1603,-0.99081403,9.824486,9.81338,0.0,0.0,1.0,1.0
1604,-0.99081403,9.62653,9.786972,0.0,0.0,1.0,1.0
1605,-0.99081093,9.566719,9.750637,0.0,0.0,1.0,1.0
1606,-0.99081093,9.565306,9.708299,0.0,0.0,1.0,1.0
1607,-0.99081093,9.523111,9.668053,0.0,0.0,1.0,1.0
1608,-0.99081093,9.533791,9.62766,0.0,0.0,1.0,1.0
1609,-0.99081093,9.571535,9.594425,0.0,0.0,1.0,1.0
1610,-0.9907865,9.599251,9.56509,0.0,0.0,1.0,1.0
1611,-0.9907865,9.627025,9.559644,0.0,0.0,1.0,1.0
1612,-0.9907865,9.65149,9.565604,0.0,0.0,1.0,1.0
1613,-0.9907865,9.546413,9.571514,0.0,0.0,1.0,1.0
1614,-0.9907865,9.497443,9.57951,0.0,0.0,1.0,1.0
1615,-0.9907865,9.472469,9.590513,0.0,0.0,1.0,1.0
1616,-0.9907865,9.561169,9.602285,0.0,0.0,1.0,1.0
1617,-0.9907865,9.638245,9.607924,0.0,0.0,1.0,1.0
1618,-0.9907865,9.636231,9.620606,0.0,0.0,1.0,1.0
1619,-0.9907865,9.619052,9.643637,0.0,0.0,1.0,1.0
1620,-0.9907208,9.665841,9.685202,0.0,0.0,1.0,1.0
1621,-0.9907208,9.712792,9.744456,0.0,0.0,1.0,1.0
1622,-0.9907208,9.6669235,9.814713,0.0,0.0,1.0,1.0
1623,-0.9907208,9.779207,9.889745,0.0,0.0,1.0,1.0
1624,-0.9907208,9.927851,9.96911,0.0,0.0,1.0,1.0
1625,-0.9907208,10.04519,10.063881,0.0,0.0,1.0,1.0
1626,-0.9907208,10.208504,10.168292,0.0,0.0,1.0,1.0
1627,-0.9907208,10.315547,10.268396,0.0,0.0,1.0,1.0
1628,-0.9907208,10.461557,10.362593,0.0,0.0,1.0,1.0
1629,-0.9907208,10.59062,10.461921,0.0,0.0,1.0,1.0
1630,-0.9907208,10.77348,10.542238,0.0,0.0,1.0,1.0
1631,-0.9907208,10.871989,10.594805,0.0,0.0,1.0,1.0
1632,-0.9907208,10.867091,10.621138,0.0,0.0,1.0,1.0
1633,-0.9907208,10.843151,10.614801,0.0,0.0,1.0,1.0
1634,-0.9907208,10.85886,10.577495,0.0,0.0,1.0,1.0
1635,-0.9906917,10.74302,10.496961,0.0,0.0,1.0,1.0
1636,-0.9906917,10.558644,10.372849,0.0,0.0,1.0,1.0
1637,-0.9906917,10.361185,10.20343,0.0,0.0,1.0,1.0
1638,-0.9906917,10.132475,10.004125,0.0,0.0,1.0,1.0
1639,-0.99063265,9.867863,9.780228,0.0,0.0,1.0,1.0
1640,-0.99063265,9.495144,9.548276,0.0,0.0,1.0,1.0
1641,-0.99063265,9.1012945,9.301661,0.0,0.0,1.0,1.0
1642,-0.99063265,8.740447,9.054531,0.0,0.0,1.0,1.0
1643,-0.9905634,8.480325,8.812521,0.0,0.0,1.0,1.0
1644,-0.9905634,8.180319,8.5922985,0.0,0.0,1.0,1.0
1645,-0.9905634,8.05974,8.393438,0.0,0.0,1.0,1.0
1646,-0.9905634,7.899469,8.233473,0.0,0.0,1.0,1.0
1647,-0.9905634,7.7774715,8.121902,0.0,0.0,1.0,1.0
1648,-0.9905634,7.654514,8.06268,0.0,0.0,1.0,1.0
1649,-0.9905634,7.71852,8.05722,0.0,0.0,1.0,1.0
1650,-0.9905634,7.746153,8.092136,0.0,0.0,1.0,1.0
1651,-0.9905634,7.9482794,8.170153,0.0,0.0,1.0,1.0
1652,-0.9905634,8.1563,8.274855,0.0,0.0,1.0,1.0
1653,-0.9905634,8.390621,8.405307,0.0,0.0,1.0,1.0
1654,-0.9905634,8.674934,8.54795,0.0,0.0,1.0,1.0
1655,-0.99055624,8.899313,8.697833,0.0,0.0,1.0,1.0
1656,-0.99055624,9.116519,8.833879,0.0,0.0,1.0,1.0
1657,-0.99055624,9.316162,8.960893,0.0,0.0,1.0,1.0
1658,-0.9905511,9.464891,9.068878,0.0,0.0,1.0,1.0
1659,-0.9905511,9.489193,9.17062,0.0,0.0,1.0,1.0
1660,-0.9905511,9.453106,9.244089,0.0,0.0,1.0,1.0
1661,-0.9905511,9.35108,9.295917,0.0,0.0,1.0,1.0
1662,-0.9904798,9.270316,9.324376,0.0,0.0,1.0,1.0
1663,-0.9904798,9.244101,9.327439,0.0,0.0,1.0,1.0
1664,-0.9904798,9.377198,9.317077,0.0,0.0,1.0,1.0
1665,-0.9904798,9.272259,9.2926235,0.0,0.0,1.0,1.0
1666,-0.9904798,9.296857,9.259295,0.0,0.0,1.0,1.0
1667,-0.9904798,9.240837,9.232983,0.0,0.0,1.0,1.0
1668,-0.9904798,9.1532755,9.211227,0.0,0.0,1.0,1.0
1669,-0.9904798,9.191804,9.191524,0.0,0.0,1.0,1.0
1670,-0.9904798,9.171455,9.179574,0.0,0.0,1.0,1.0
1671,-0.9904798,9.089258,9.17208,0.0,0.0,1.0,1.0
1672,-0.9904798,9.137357,9.188581,0.0,0.0,1.0,1.0
1673,-0.9904798,9.090012,9.215507,0.0,0.0,1.0,1.0
1674,-0.9904798,9.033871,9.262068,0.0,0.0,1.0,1.0
1675,-0.9904798,9.100702,9.323996,0.0,0.0,1.0,1.0
1676,-0.9904798,9.287278,9.40301,0.0,0.0,1.0,1.0
1677,-0.9904798,9.470274,9.500694,0.0,0.0,1.0,1.0
1678,-0.9904798,9.619956,9.621583,0.0,0.0,1.0,1.0
1679,-0.9904798,9.799574,9.768772,0.0,0.0,1.0,1.0
1680,-0.99042785,9.896407,9.938013,0.0,0.0,1.0,1.0
1681,-0.99042785,10.139979,10.134442,0.0,0.0,1.0,1.0
1682,-0.99042785,10.343658,10.354746,0.0,0.0,1.0,1.0
1683,-0.99042785,10.539932,10.579976,0.0,0.0,1.0,1.0
1684,-0.99042785,10.903625,10.8192425,0.0,0.0,1.0,1.0
1685,-0.99042785,11.120897,11.0740595,0.0,0.0,1.0,1.0
1686,-0.99042785,11.39102,11.329184,0.0,0.0,1.0,1.0
1687,-0.9904039,11.7443495,11.584149,0.0,0.0,1.0,1.0
1688,-0.9904039,11.990039,11.821639,0.0,0.0,1.0,1.0
1689,-0.9904039,12.341475,12.041471,0.0,0.0,1.0,1.0
1690,-0.9904039,12.677763,12.238518,0.0,0.0,1.0,1.0
1691,-0.9904039,12.861054,12.393102,0.0,0.0,1.0,1.0
1692,-0.9904039,12.9559965,12.502687,0.0,0.0,1.0,1.0
1693,-0.9904039,12.989857,12.565281,0.0,0.0,1.0,1.0
1694,-0.9904039,12.981641,12.575823,0.0,0.0,1.0,1.0
1695,-0.9904039,12.904491,12.530152,0.0,0.0,1.0,1.0
1696,-0.9904039,12.758642,12.422644,0.0,0.0,1.0,1.0
1697,-0.9904039,12.435927,12.250766,0.0,0.0,1.0,1.0
1698,-0.9904039,12.14214,12.023918,0.0,0.0,1.0,1.0
1699,-0.99032086,11.870843,11.75643,0.0,0.0,1.0,1.0
1700,-0.9902924,11.442002,11.4603615,0.0,0.0,1.0,1.0
1701,-0.9902924,11.051364,11.140492,0.0,0.0,1.0,1.0
1702,-0.99028623,10.615228,10.798506,0.0,0.0,1.0,1.0
1703,-0.99028623,10.1388855,10.445809,0.0,0.0,1.0,1.0
1704,-0.99028623,9.7461405,10.094418,0.0,0.0,1.0,1.0
1705,-0.99028623,9.437031,9.751925,0.0,0.0,1.0,1.0
1706,-0.99028623,9.143216,9.4196415,0.0,0.0,1.0,1.0
1707,-0.99028623,8.800649,9.107848,0.0,0.0,1.0,1.0
1708,-0.99028623,8.526283,8.819294,0.0,0.0,1.0,1.0
1709,-0.99028623,8.219224,8.568583,0.0,0.0,1.0,1.0
1710,-0.99028623,8.032244,8.3576145,0.0,0.0,1.0,1.0
1711,-0.99028623,7.883431,8.178121,0.0,0.0,1.0,1.0
1712,-0.99028623,7.7004805,8.035626,0.0,0.0,1.0,1.0
1713,-0.99028623,7.5887117,7.9392905,0.0,0.0,1.0,1.0
1714,-0.99028623,7.606695,7.896688,0.0,0.0,1.0,1.0
1715,-0.99028623,7.6072645,7.897658,0.0,0.0,1.0,1.0
1716,-0.99028623,7.59222,7.943004,0.0,0.0,1.0,1.0
1717,-0.99028623,7.727093,8.026882,0.0,0.0,1.0,1.0
1718,-0.99022305,7.9871902,8.160874,0.0,0.0,1.0,1.0
1719,-0.99022305,8.289418,8.338019,0.0,0.0,1.0,1.0
1720,-0.99022305,8.537921,8.560219,0.0,0.0,1.0,1.0
1721,-0.99022305,8.763379,8.814831,0.0,0.0,1.0,1.0
1722,-0.99022305,9.038777,9.109188,0.0,0.0,1.0,1.0
1723,-0.99022305,9.491346,9.448764,0.0,0.0,1.0,1.0
1724,-0.99022305,9.826214,9.82636,0.0,0.0,1.0,1.0
1725,-0.99022305,10.255104,10.20851,0.0,0.0,1.0,1.0
1726,-0.99022305,10.662036,10.591423,0.0,0.0,1.0,1.0
1727,-0.99022305,11.139562,10.97897,0.0,0.0,1.0,1.0
1728,-0.99022305,11.667123,11.352747,0.0,0.0,1.0,1.0
1729,-0.99022305,12.258244,11.706473,0.0,0.0,1.0,1.0
1730,-0.99022305,12.573,12.0279255,0.0,0.0,1.0,1.0
1731,-0.99022305,12.884368,12.324429,0.0,0.0,1.0,1.0
1732,-0.99020827,13.188484,12.574158,0.0,0.0,1.0,1.0
1733,-0.99020827,13.248707,12.775372,0.0,0.0,1.0,1.0
1734,-0.99020827,13.283497,12.919092,0.0,0.0,1.0,1.0
1735,-0.99020827,13.348763,13.000522,0.0,0.0,1.0,1.0
1736,-0.99020827,13.384253,13.005745,0.0,0.0,1.0,1.0
1737,-0.9901472,13.251859,12.94624,0.0,0.0,1.0,1.0
1738,-0.9901472,13.076602,12.812945,0.0,0.0,1.0,1.0
1739,-0.9901472,12.864211,12.60921,0.0,0.0,1.0,1.0
1740,-0.9901472,12.64427,12.347055,0.0,0.0,1.0,1.0
1741,-0.9901472,12.320924,12.041328,0.0,0.0,1.0,1.0
1742,-0.9901472,11.858944,11.686482,0.0,0.0,1.0,1.0
1743,-0.9901472,11.284834,11.299195,0.0,0.0,1.0,1.0
1744,-0.9901472,10.743654,10.894604,0.0,0.0,1.0,1.0
1745,-0.9901028,10.102855,10.473601,0.0,0.0,1.0,1.0
1746,-0.9901028,9.614772,10.03481,0.0,0.0,1.0,1.0
1747,-0.9901028,9.090616,9.58301,0.0,0.0,1.0,1.0
1748,-0.9901028,8.736808,9.146476,0.0,0.0,1.0,1.0
1749,-0.9901028,8.396757,8.748602,0.0,0.0,1.0,1.0
1750,-0.9901028,8.024575,8.395752,0.0,0.0,1.0,1.0
1751,-0.9900274,7.5987105,8.090662,0.0,0.0,1.0,1.0
1752,-0.9900274,7.2226677,7.8534107,0.0,0.0,1.0,1.0
1753,-0.9900274,7.0825114,7.679364,0.0,0.0,1.0,1.0
1754,-0.9900274,7.084458,7.567185,0.0,0.0,1.0,1.0
1755,-0.9900274,7.0506425,7.513392,0.0,0.0,1.0,1.0
1756,-0.9900274,7.082571,7.516052,0.0,0.0,1.0,1.0
1757,-0.9900274,7.2558403,7.576001,0.0,0.0,1.0,1.0
1758,-0.9900274,7.526215,7.6976023,0.0,0.0,1.0,1.0
1759,-0.9900274,7.744463,7.8744483,0.0,0.0,1.0,1.0
1760,-0.9900274,8.09129,8.094298,0.0,0.0,1.0,1.0
1761,-0.9900274,8.4286785,8.347818,0.0,0.0,1.0,1.0
1762,-0.9900274,8.743967,8.638629,0.0,0.0,1.0,1.0
1763,-0.9900274,9.057921,8.961088,0.0,0.0,1.0,1.0
1764,-0.9900274,9.344821,9.307624,0.0,0.0,1.0,1.0
1765,-0.9900274,9.720714,9.656063,0.0,0.0,1.0,1.0
1766,-0.9900274,10.126701,10.017546,0.0,0.0,1.0,1.0
1767,-0.9900274,10.540364,10.383028,0.0,0.0,1.0,1.0
1768,-0.9900264,10.952078,10.744889,0.0,0.0,1.0,1.0
1769,-0.9900264,11.414272,11.111022,0.0,0.0,1.0,1.0
1770,-0.98992914,11.707491,11.484543,0.0,0.0,1.0,1.0
1771,-0.9899281,12.082251,11.860041,0.0,0.0,1.0,1.0
1772,-0.9899281,12.477075,12.22719,0.0,0.0,1.0,1.0
1773,-0.9899281,12.771018,12.591919,0.0,0.0,1.0,1.0
1774,-0.9899281,13.137556,12.959788,0.0,0.0,1.0,1.0
1775,-0.9899281,13.540178,13.31405,0.0,0.0,1.0,1.0
1776,-0.9899281,13.85079,13.6533,0.0,0.0,1.0,1.0
1777,-0.9899281,14.126511,13.983833,0.0,0.0,1.0,1.0
1778,-0.9899276,14.503449,14.276327,0.0,0.0,1.0,1.0
1779,-0.9899276,14.954791,14.516839,0.0,0.0,1.0,1.0
1780,-0.9899276,15.203215,14.698335,0.0,0.0,1.0,1.0
1781,-0.9899276,15.485283,14.814506,0.0,0.0,1.0,1.0
1782,-0.9899276,15.673887,14.845447,0.0,0.0,1.0,1.0
1783,-0.9899276,15.592172,14.792179,0.0,0.0,1.0,1.0
1784,-0.9899276,15.363214,14.66365,0.0,0.0,1.0,1.0
1785,-0.9899276,14.948967,14.442662,0.0,0.0,1.0,1.0
1786,-0.9899276,14.531616,14.124661,0.0,0.0,1.0,1.0
1787,-0.9899276,13.911468,13.723038,0.0,0.0,1.0,1.0
1788,-0.9899276,13.211576,13.242098,0.0,0.0,1.0,1.0
1789,-0.9898476,12.584163,12.679208,0.0,0.0,1.0,1.0
1790,-0.98982215,11.851591,12.05394,0.0,0.0,1.0,1.0
1791,-0.98982215,11.138791,11.391068,0.0,0.0,1.0,1.0
1792,-0.98982215,10.38372,10.700107,0.0,0.0,1.0,1.0
1793,-0.98982215,9.714004,9.984813,0.0,0.0,1.0,1.0
1794,-0.98982215,8.9192095,9.284137,0.0,0.0,1.0,1.0
1795,-0.98982215,8.088962,8.612657,0.0,0.0,1.0,1.0
1796,-0.9897834,7.408758,7.9649453,0.0,0.0,1.0,1.0
1797,-0.9897834,6.6574235,7.351483,0.0,0.0,1.0,1.0
1798,-0.9897834,5.9480906,6.782992,0.0,0.0,1.0,1.0
1799,-0.9897834,5.5033503,6.2645173,0.0,0.0,1.0,1.0
1800,-0.98972636,5.1538143,5.7893662,0.0,0.0,1.0,1.0
1801,-0.98971874,4.811631,5.3698936,0.0,0.0,1.0,1.0
1802,-0.98971874,4.4900403,5.0093307,0.0,0.0,1.0,1.0
1803,-0.98971874,4.3169017,4.6933494,0.0,0.0,1.0,1.0
1804,-0.98971874,4.162023,4.428172,0.0,0.0,1.0,1.0
1805,-0.9897157,4.012192,4.211922,0.0,0.0,1.0,1.0
1806,-0.9896999,3.8855348,4.0223117,0.0,0.0,1.0,1.0
1807,-0.9896795,3.76221,3.8498616,0.0,0.0,1.0,1.0
1808,-0.9896795,3.6169791,3.6952016,0.0,0.0,1.0,1.0
1809,-0.9895909,3.4753,3.5592895,0.0,0.0,1.0,1.0
1810,-0.9895909,3.3530903,3.4293725,0.0,0.0,1.0,1.0
1811,-0.9895909,3.228022,3.3065271,0.0,0.0,1.0,1.0
1812,-0.9895909,3.0844145,3.1916046,0.0,0.0,1.0,1.0
1813,-0.9895909,2.9557116,3.082997,0.0,0.0,1.0,1.0
1814,-0.9895909,2.8590953,2.9889867,0.0,0.0,1.0,1.0
1815,-0.9895909,2.757899,2.910506,0.0,0.0,1.0,1.0
1816,-0.9895909,2.687878,2.8397462,0.0,0.0,1.0,1.0
1817,-0.9895909,2.6331205,2.7822566,0.0,0.0,1.0,1.0
1818,-0.9895909,2.5822437,2.737357,0.0,0.0,1.0,1.0
1819,-0.9895909,2.6340866,2.715008,0.0,0.0,1.0,1.0
1820,-0.9895257,2.6752105,2.7161572,0.0,0.0,1.0,1.0
1821,-0.9895257,2.6261837,2.733351,0.0,0.0,1.0,1.0
1822,-0.9895257,2.663215,2.7722356,0.0,0.0,1.0,1.0
1823,-0.9895257,2.6892235,2.8274786,0.0,0.0,1.0,1.0
1824,-0.9895257,2.8162296,2.8947723,0.0,0.0,1.0,1.0
1825,-0.9895257,2.9695,2.968143,0.0,0.0,1.0,1.0
1826,-0.9895257,3.0654223,3.0341454,0.0,0.0,1.0,1.0
1827,-0.9895257,3.2245147,3.0901067,0.0,0.0,1.0,1.0
1828,-0.9895257,3.3507926,3.1482213,0.0,0.0,1.0,1.0
1829,-0.9895257,3.4406452,3.2009046,0.0,0.0,1.0,1.0
1830,-0.98935294,3.4626932,3.2417068,0.0,0.0,1.0,1.0
1831,-0.98935294,3.4261136,3.2636569,0.0,0.0,1.0,1.0
1832,-0.98935294,3.3467472,3.2717333,0.0,0.0,1.0,1.0
1833,-0.98935294,3.3235595,3.262022,0.0,0.0,1.0,1.0
1834,-0.98935294,3.295415,3.2306147,0.0,0.0,1.0,1.0
1835,-0.9892832,3.1788483,3.1751945,0.0,0.0,1.0,1.0
1836,-0.9892832,3.0796306,3.0975134,0.0,0.0,1.0,1.0
1837,-0.9892832,3.0664175,3.0087268,0.0,0.0,1.0,1.0
1838,-0.9892832,2.9488878,2.9099727,0.0,0.0,1.0,1.0
1839,-0.9892047,2.8476255,2.8201995,0.0,0.0,1.0,1.0
1840,-0.9892047,2.68575,2.7465394,0.0,0.0,1.0,1.0
1841,-0.9892047,2.5084736,2.7000663,0.0,0.0,1.0,1.0
1842,-0.9892047,2.3972533,2.7010746,0.0,0.0,1.0,1.0
1843,-0.9892047,2.2410653,2.7584777,0.0,0.0,1.0,1.0
1844,-0.9892047,2.2694674,2.8753512,0.0,0.0,1.0,1.0
1845,-0.98918945,2.4396377,3.0646412,0.0,0.0,1.0,1.0
1846,-0.98918945,2.7377384,3.3293655,0.0,0.0,1.0,1.0
1847,-0.98918945,3.190947,3.6800907,0.0,0.0,1.0,1.0
1848,-0.98918945,3.7684681,4.112579,0.0,0.0,1.0,1.0
1849,-0.9891069,4.4688997,4.622032,0.0,0.0,1.0,1.0
1850,-0.9891069,5.220368,5.2069964,0.0,0.0,1.0,1.0
1851,-0.9891069,6.024318,5.857247,0.0,0.0,1.0,1.0
1852,-0.9891069,6.8944526,6.5651307,0.0,0.0,1.0,1.0
1853,-0.9891069,7.6983285,7.3172765,0.0,0.0,1.0,1.0
1854,-0.9891069,8.510694,8.089474,0.0,0.0,1.0,1.0
1855,-0.9891069,9.260638,8.853156,0.0,0.0,1.0,1.0
1856,-0.9891069,10.0724745,9.584545,0.0,0.0,1.0,1.0
1857,-0.9891069,10.93424,10.269069,0.0,0.0,1.0,1.0
1858,-0.9891069,11.763491,10.892141,0.0,0.0,1.0,1.0
1859,-0.98910487,12.4573145,11.443108,0.0,0.0,1.0,1.0
1860,-0.98910487,12.932656,11.9056,0.0,0.0,1.0,1.0
1861,-0.98910487,13.245567,12.274222,0.0,0.0,1.0,1.0
1862,-0.98910487,13.434647,12.553942,0.0,0.0,1.0,1.0
1863,-0.98910487,13.501194,12.767062,0.0,0.0,1.0,1.0
1864,-0.98910487,13.506048,12.917564,0.0,0.0,1.0,1.0
1865,-0.98910487,13.248228,13.010226,0.0,0.0,1.0,1.0
1866,-0.98910487,12.93417,13.055727,0.0,0.0,1.0,1.0
1867,-0.9890478,12.617272,13.070353,0.0,0.0,1.0,1.0
1868,-0.9890478,12.629916,13.055431,0.0,0.0,1.0,1.0
1869,-0.9890468,12.740273,13.034623,0.0,0.0,1.0,1.0
1870,-0.9890463,12.875424,13.030107,0.0,0.0,1.0,1.0
1871,-0.9890463,13.003326,13.050936,0.0,0.0,1.0,1.0
1872,-0.9890463,13.108158,13.110131,0.0,0.0,1.0,1.0
1873,-0.9890463,13.06652,13.214562,0.0,0.0,1.0,1.0
1874,-0.9890463,13.184943,13.367799,0.0,0.0,1.0,1.0
1875,-0.9890463,13.446994,13.542974,0.0,0.0,1.0,1.0
1876,-0.9890463,13.756003,13.735453,0.0,0.0,1.0,1.0
1877,-0.9890463,13.958579,13.947673,0.0,0.0,1.0,1.0
1878,-0.9890463,14.187336,14.161156,0.0,0.0,1.0,1.0
1879,-0.9890463,14.45611,14.341257,0.0,0.0,1.0,1.0
1880,-0.98902386,14.732022,14.502262,0.0,0.0,1.0,1.0
1881,-0.98902386,15.05002,14.6308565,0.0,0.0,1.0,1.0
1882,-0.98902386,15.422067,14.716551,0.0,0.0,1.0,1.0
1883,-0.98902386,15.565113,14.748761,0.0,0.0,1.0,1.0
1884,-0.98902386,15.269382,14.74359,0.0,0.0,1.0,1.0
1885,-0.98902386,14.998576,14.6830225,0.0,0.0,1.0,1.0
1886,-0.98902386,14.728073,14.559284,0.0,0.0,1.0,1.0
1887,-0.9889638,14.475328,14.377986,0.0,0.0,1.0,1.0
1888,-0.9889638,14.142523,14.149806,0.0,0.0,1.0,1.0
1889,-0.9889638,13.896533,13.866055,0.0,0.0,1.0,1.0
1890,-0.9889638,13.460524,13.543453,0.0,0.0,1.0,1.0
1891,-0.9889638,12.971244,13.215839,0.0,0.0,1.0,1.0
1892,-0.9889638,12.556452,12.881872,0.0,0.0,1.0,1.0
1893,-0.9889638,12.311857,12.535173,0.0,0.0,1.0,1.0
1894,-0.9889398,12.017048,12.192398,0.0,0.0,1.0,1.0
1895,-0.9889398,11.693897,11.874173,0.0,0.0,1.0,1.0
1896,-0.9889398,11.338019,11.571177,0.0,0.0,1.0,1.0
1897,-0.9889398,10.990968,11.302801,0.0,0.0,1.0,1.0
1898,-0.9888884,10.567683,11.078786,0.0,0.0,1.0,1.0
1899,-0.98888636,10.362026,10.892277,0.0,0.0,1.0,1.0
1900,-0.98888636,10.323825,10.735817,0.0,0.0,1.0,1.0
1901,-0.98888636,10.260572,10.616481,0.0,0.0,1.0,1.0
1902,-0.98888636,10.240016,10.545064,0.0,0.0,1.0,1.0
1903,-0.98888636,10.283063,10.5204735,0.0,0.0,1.0,1.0
1904,-0.98888636,10.318343,10.545346,0.0,0.0,1.0,1.0
1905,-0.98888636,10.434347,10.632189,0.0,0.0,1.0,1.0
1906,-0.98888636,10.585008,10.760887,0.0,0.0,1.0,1.0
1907,-0.98888636,10.836901,10.9199295,0.0,0.0,1.0,1.0
1908,-0.98888636,11.042926,11.114227,0.0,0.0,1.0,1.0
1909,-0.98888636,11.28945,11.35445,0.0,0.0,1.0,1.0
1910,-0.98888636,11.609789,11.633306,0.0,0.0,1.0,1.0
1911,-0.98888636,11.906404,11.938548,0.0,0.0,1.0,1.0
1912,-0.98888636,12.232337,12.260803,0.0,0.0,1.0,1.0
1913,-0.98888636,12.59214,12.605347,0.0,0.0,1.0,1.0
1914,-0.98888636,13.122699,12.950516,0.0,0.0,1.0,1.0
1915,-0.98888636,13.629325,13.293532,0.0,0.0,1.0,1.0
1916,-0.98888636,13.9812565,13.63618,0.0,0.0,1.0,1.0
1917,-0.98888636,14.301408,13.966975,0.0,0.0,1.0,1.0
1918,-0.9888196,14.719527,14.274741,0.0,0.0,1.0,1.0
1919,-0.9888196,14.978924,14.55436,0.0,0.0,1.0,1.0
1920,-0.9888196,15.15913,14.802683,0.0,0.0,1.0,1.0
1921,-0.9888196,15.401218,14.998487,0.0,0.0,1.0,1.0
1922,-0.9888196,15.5793295,15.147277,0.0,0.0,1.0,1.0
1923,-0.9888196,15.599595,15.263001,0.0,0.0,1.0,1.0
1924,-0.9888196,15.587769,15.339171,0.0,0.0,1.0,1.0
1925,-0.98879665,15.572011,15.355499,0.0,0.0,1.0,1.0
1926,-0.98879665,15.472355,15.322265,0.0,0.0,1.0,1.0
1927,-0.98879665,15.414795,15.246621,0.0,0.0,1.0,1.0
1928,-0.98879665,15.369959,15.119835,0.0,0.0,1.0,1.0
1929,-0.98879665,15.2154455,14.927546,0.0,0.0,1.0,1.0
1930,-0.98879665,14.915456,14.692827,0.0,0.0,1.0,1.0
1931,-0.98879665,14.580113,14.421718,0.0,0.0,1.0,1.0
1932,-0.98879665,14.251405,14.104287,0.0,0.0,1.0,1.0
1933,-0.98879665,13.8797865,13.755431,0.0,0.0,1.0,1.0
1934,-0.98879665,13.271859,13.375187,0.0,0.0,1.0,1.0
1935,-0.98879665,12.782977,12.963651,0.0,0.0,1.0,1.0
1936,-0.98879665,12.334453,12.532518,0.0,0.0,1.0,1.0
1937,-0.98872334,11.762844,12.096292,0.0,0.0,1.0,1.0
1938,-0.98872334,11.286085,11.661169,0.0,0.0,1.0,1.0
1939,-0.98872334,10.851863,11.231382,0.0,0.0,1.0,1.0
1940,-0.98872334,10.4315195,10.821939,0.0,0.0,1.0,1.0
1941,-0.98872334,10.041864,10.460795,0.0,0.0,1.0,1.0
1942,-0.98872334,9.680729,10.142289,0.0,0.0,1.0,1.0
1943,-0.98871005,9.358647,9.871487,0.0,0.0,1.0,1.0
1944,-0.98871005,9.093958,9.673025,0.0,0.0,1.0,1.0
1945,-0.98871005,8.966476,9.554994,0.0,0.0,1.0,1.0
1946,-0.98871005,8.938127,9.521082,0.0,0.0,1.0,1.0
1947,-0.98864484,8.960907,9.576962,0.0,0.0,1.0,1.0
1948,-0.98864484,9.084824,9.720283,0.0,0.0,1.0,1.0
1949,-0.98864484,9.381296,9.949573,0.0,0.0,1.0,1.0
1950,-0.98864484,9.869708,10.264106,0.0,0.0,1.0,1.0
1951,-0.98864484,10.44493,10.664845,0.0,0.0,1.0,1.0
1952,-0.98864484,11.102082,11.136572,0.0,0.0,1.0,1.0
1953,-0.98864484,11.761706,11.675887,0.0,0.0,1.0,1.0
1954,-0.98864484,12.43221,12.278313,0.0,0.0,1.0,1.0
1955,-0.98864484,13.133049,12.90654,0.0,0.0,1.0,1.0
1956,-0.98864484,13.902835,13.542437,0.0,0.0,1.0,1.0
1957,-0.98864484,14.627188,14.162691,0.0,0.0,1.0,1.0
1958,-0.98864484,15.409914,14.757545,0.0,0.0,1.0,1.0
1959,-0.9886438,16.190016,15.305905,0.0,0.0,1.0,1.0
1960,-0.9886438,16.623543,15.792604,0.0,0.0,1.0,1.0
1961,-0.9886438,17.012064,16.202463,0.0,0.0,1.0,1.0
1962,-0.9886438,17.312761,16.529705,0.0,0.0,1.0,1.0
1963,-0.9886438,17.583172,16.775658,0.0,0.0,1.0,1.0
1964,-0.9886438,17.682402,16.937992,0.0,0.0,1.0,1.0
1965,-0.9886438,17.6021,17.004505,0.0,0.0,1.0,1.0
1966,-0.98858523,17.350515,16.977102,0.0,0.0,1.0,1.0
1967,-0.98858523,17.059946,16.880888,0.0,0.0,1.0,1.0
1968,-0.98858523,16.854279,16.713686,0.0,0.0,1.0,1.0
1969,-0.98858523,16.575195,16.492826,0.0,0.0,1.0,1.0
1970,-0.98856795,16.208076,16.208649,0.0,0.0,1.0,1.0
1971,-0.98856795,15.861181,15.893239,0.0,0.0,1.0,1.0
1972,-0.98856795,15.468965,15.560401,0.0,0.0,1.0,1.0
1973,-0.98856795,15.005639,15.217219,0.0,0.0,1.0,1.0
1974,-0.98856795,14.662451,14.871773,0.0,0.0,1.0,1.0
1975,-0.98856795,14.173035,14.526579,0.0,0.0,1.0,1.0
1976,-0.98856795,13.897487,14.1932535,0.0,0.0,1.0,1.0
1977,-0.98856795,13.608045,13.883157,0.0,0.0,1.0,1.0
1978,-0.98856795,13.232334,13.588234,0.0,0.0,1.0,1.0
1979,-0.98856795,12.914582,13.301361,0.0,0.0,1.0,1.0
1980,-0.98856795,12.711963,13.034671,0.0,0.0,1.0,1.0
1981,-0.98856795,12.575291,12.778847,0.0,0.0,1.0,1.0
1982,-0.98856795,12.486905,12.543488,0.0,0.0,1.0,1.0
1983,-0.98856795,12.322107,12.311965,0.0,0.0,1.0,1.0
1984,-0.9884976,12.0265,12.084926,0.0,0.0,1.0,1.0
1985,-0.9884976,11.8053465,11.855713,0.0,0.0,1.0,1.0
1986,-0.9884976,11.592571,11.627592,0.0,0.0,1.0,1.0
1987,-0.9884976,11.34872,11.39346,0.0,0.0,1.0,1.0
1988,-0.9884976,11.119222,11.148253,0.0,0.0,1.0,1.0
1989,-0.9884976,10.883564,10.897531,0.0,0.0,1.0,1.0
1990,-0.9884976,10.48179,10.640047,0.0,0.0,1.0,1.0
1991,-0.9884773,10.177128,10.381871,0.0,0.0,1.0,1.0
1992,-0.98847574,9.902381,10.107293,0.0,0.0,1.0,1.0
1993,-0.98847574,9.632808,9.817101,0.0,0.0,1.0,1.0
1994,-0.98847574,9.478227,9.521073,0.0,0.0,1.0,1.0
1995,-0.98847574,9.232312,9.229447,0.0,0.0,1.0,1.0
1996,-0.98847574,8.928384,8.945165,0.0,0.0,1.0,1.0
1997,-0.98839015,8.510409,8.682425,0.0,0.0,1.0,1.0
1998,-0.98839015,8.110267,8.434028,0.0,0.0,1.0,1.0
1999,-0.98839015,7.796394,8.196035,0.0,0.0,1.0,1.0
2000,-0.98839015,7.6197085,7.9708686,0.0,0.0,1.0,1.0
2001,-0.98839015,7.4721737,7.7505064,0.0,0.0,1.0,1.0
2002,-0.98839015,7.3289,7.5439873,0.0,0.0,1.0,1.0
2003,-0.98839015,7.196371,7.3595686,0.0,0.0,1.0,1.0
2004,-0.98839015,7.046473,7.2125454,0.0,0.0,1.0,1.0
2005,-0.98839015,6.9308043,7.082599,0.0,0.0,1.0,1.0
2006,-0.98839015,6.833883,6.9674087,0.0,0.0,1.0,1.0
2007,-0.98839015,6.7540774,6.873749,0.0,0.0,1.0,1.0
2008,-0.98839015,6.7153597,6.805295,0.0,0.0,1.0,1.0
2009,-0.98839015,6.746133,6.7606587,0.0,0.0,1.0,1.0
2010,-0.98839015,6.550913,6.736124,0.0,0.0,1.0,1.0
2011,-0.98839015,6.4141064,6.722162,0.0,0.0,1.0,1.0
2012,-0.98839015,6.4957905,6.7132874,0.0,0.0,1.0,1.0
2013,-0.98839015,6.650727,6.714574,0.0,0.0,1.0,1.0
2014,-0.98839015,6.79327,6.726264,0.0,0.0,1.0,1.0
2015,-0.9883749,6.901951,6.7378697,0.0,0.0,1.0,1.0
2016,-0.9882939,6.878928,6.7455025,0.0,0.0,1.0,1.0
2017,-0.9882939,6.82431,6.770666,0.0,0.0,1.0,1.0
2018,-0.9882939,6.849321,6.80717,0.0,0.0,1.0,1.0
2019,-0.9882939,6.8943596,6.833975,0.0,0.0,1.0,1.0
2020,-0.9882939,6.8546267,6.8407364,0.0,0.0,1.0,1.0
2021,-0.9882939,6.837729,6.8498573,0.0,0.0,1.0,1.0
2022,-0.9882939,6.8528757,6.8590164,0.0,0.0,1.0,1.0
2023,-0.9882939,6.852151,6.8611374,0.0,0.0,1.0,1.0
2024,-0.9882939,6.817447,6.8578553,0.0,0.0,1.0,1.0
2025,-0.9882939,6.7318697,6.850168,0.0,0.0,1.0,1.0
2026,-0.9882939,6.9027185,6.8348317,0.0,0.0,1.0,1.0
2027,-0.9882939,7.0118604,6.8228326,0.0,0.0,1.0,1.0
2028,-0.9882939,6.9043784,6.8080134,0.0,0.0,1.0,1.0
2029,-0.9882939,6.784928,6.784848,0.0,0.0,1.0,1.0
2030,-0.9882939,6.7570767,6.7520404,0.0,0.0,1.0,1.0
2031,-0.9882939,6.7103195,6.723875,0.0,0.0,1.0,1.0
2032,-0.9882939,6.7106357,6.709778,0.0,0.0,1.0,1.0
2033,-0.9882939,6.659901,6.6891294,0.0,0.0,1.0,1.0
2034,-0.98821336,6.574893,6.665394,0.0,0.0,1.0,1.0
2035,-0.98821336,6.458454,6.6549454,0.0,0.0,1.0,1.0
2036,-0.9882083,6.4794664,6.6587124,0.0,0.0,1.0,1.0
2037,-0.9882083,6.5627007,6.663169,0.0,0.0,1.0,1.0
2038,-0.9882083,6.65494,6.6720386,0.0,0.0,1.0,1.0
2039,-0.9882083,6.72703,6.6867027,0.0,0.0,1.0,1.0
2040,-0.9882083,6.7789984,6.7202854,0.0,0.0,1.0,1.0
2041,-0.98818535,6.830131,6.759028,0.0,0.0,1.0,1.0
2042,-0.98818535,6.8105574,6.803108,0.0,0.0,1.0,1.0
2043,-0.98818535,6.8167524,6.842795,0.0,0.0,1.0,1.0
2044,-0.98818535,6.886606,6.8744483,0.0,0.0,1.0,1.0
2045,-0.98818535,7.0628934,6.8964157,0.0,0.0,1.0,1.0
2046,-0.98818535,7.039805,6.9114213,0.0,0.0,1.0,1.0
2047,-0.98818535,6.987418,6.914156,0.0,0.0,1.0,1.0
2048,-0.98818535,6.9557076,6.907225,0.0,0.0,1.0,1.0
2049,-0.98818535,6.942539,6.88578,0.0,0.0,1.0,1.0
2050,-0.98818535,6.918548,6.8519254,0.0,0.0,1.0,1.0
2051,-0.98818535,6.907098,6.7994556,0.0,0.0,1.0,1.0
2052,-0.98818535,6.8118157,6.7275434,0.0,0.0,1.0,1.0
2053,-0.9881023,6.74696,6.6571636,0.0,0.0,1.0,1.0
2054,-0.9881023,6.5532126,6.5965095,0.0,0.0,1.0,1.0
2055,-0.9881023,6.4105034,6.5509496,0.0,0.0,1.0,1.0
2056,-0.98809826,6.256969,6.516021,0.0,0.0,1.0,1.0
2057,-0.98809826,6.1999416,6.5056233,0.0,0.0,1.0,1.0
2058,-0.98809826,6.1952524,6.5244346,0.0,0.0,1.0,1.0
2059,-0.9879928,6.259564,6.5781107,0.0,0.0,1.0,1.0
2060,-0.98799175,6.40899,6.6655073,0.0,0.0,1.0,1.0
2061,-0.98799175,6.523393,6.801972,0.0,0.0,1.0,1.0
2062,-0.98799175,6.7937784,6.9788713,0.0,0.0,1.0,1.0
2063,-0.98799175,7.1328354,7.203816,0.0,0.0,1.0,1.0
2064,-0.98799175,7.455926,7.458046,0.0,0.0,1.0,1.0
2065,-0.98799175,7.795719,7.742594,0.0,0.0,1.0,1.0
2066,-0.98799175,8.190792,8.063313,0.0,0.0,1.0,1.0
2067,-0.98799175,8.533296,8.415393,0.0,0.0,1.0,1.0
2068,-0.98799175,8.956305,8.786877,0.0,0.0,1.0,1.0
2069,-0.98799175,9.250699,9.1589985,0.0,0.0,1.0,1.0
2070,-0.98799175,9.609826,9.518999,0.0,0.0,1.0,1.0
2071,-0.98799175,10.108186,9.859165,0.0,0.0,1.0,1.0
2072,-0.98799074,10.633955,10.171377,0.0,0.0,1.0,1.0
2073,-0.98799074,10.981209,10.44251,0.0,0.0,1.0,1.0
2074,-0.98799074,11.259238,10.673149,0.0,0.0,1.0,1.0
2075,-0.98799074,11.452833,10.852778,0.0,0.0,1.0,1.0
2076,-0.98799074,11.537929,10.992868,0.0,0.0,1.0,1.0
2077,-0.98799074,11.5422535,11.083363,0.0,0.0,1.0,1.0
2078,-0.98792094,11.444387,11.116168,0.0,0.0,1.0,1.0
2079,-0.98792094,11.30097,11.084847,0.0,0.0,1.0,1.0
2080,-0.98792094,11.111853,11.006766,0.0,0.0,1.0,1.0
2081,-0.98792094,10.931787,10.890828,0.0,0.0,1.0,1.0
2082,-0.98792094,10.695755,10.733228,0.0,0.0,1.0,1.0
2083,-0.98792094,10.501847,10.544042,0.0,0.0,1.0,1.0
2084,-0.98792094,10.258105,10.341947,0.0,0.0,1.0,1.0
2085,-0.98792094,10.044238,10.138591,0.0,0.0,1.0,1.0
2086,-0.98792094,9.867982,9.935076,0.0,0.0,1.0,1.0
2087,-0.98792094,9.56163,9.738737,0.0,0.0,1.0,1.0
2088,-0.98792094,9.267689,9.549213,0.0,0.0,1.0,1.0
2089,-0.98792094,9.11712,9.374787,0.0,0.0,1.0,1.0
2090,-0.98792094,9.004114,9.216729,0.0,0.0,1.0,1.0
2091,-0.98792094,8.85879,9.084691,0.0,0.0,1.0,1.0
2092,-0.98792094,8.755792,8.978225,0.0,0.0,1.0,1.0
2093,-0.98792094,8.6574955,8.894666,0.0,0.0,1.0,1.0
2094,-0.9878522,8.602646,8.8479805,0.0,0.0,1.0,1.0
2095,-0.9877916,8.605153,8.838933,0.0,0.0,1.0,1.0
2096,-0.9877916,8.673639,8.856733,0.0,0.0,1.0,1.0
2097,-0.9877916,8.766643,8.896907,0.0,0.0,1.0,1.0
2098,-0.9877916,8.865279,8.95977,0.0,0.0,1.0,1.0
2099,-0.9877916,9.001408,9.041105,0.0,0.0,1.0,1.0
2100,-0.9877916,9.159112,9.131265,0.0,0.0,1.0,1.0
2101,-0.9877916,9.330723,9.220756,0.0,0.0,1.0,1.0
2102,-0.9877916,9.486198,9.310214,0.0,0.0,1.0,1.0
2103,-0.9877916,9.61315,9.392225,0.0,0.0,1.0,1.0
2104,-0.9877906,9.73182,9.470846,0.0,0.0,1.0,1.0
2105,-0.9877829,9.739408,9.550129,0.0,0.0,1.0,1.0
2106,-0.9877829,9.676536,9.626046,0.0,0.0,1.0,1.0
2107,-0.9877829,9.678657,9.691433,0.0,0.0,1.0,1.0
2108,-0.9877829,9.657775,9.7368145,0.0,0.0,1.0,1.0
2109,-0.9877829,9.71009,9.757539,0.0,0.0,1.0,1.0
2110,-0.9877829,9.816668,9.768157,0.0,0.0,1.0,1.0
2111,-0.9877829,9.912424,9.767444,0.0,0.0,1.0,1.0
2112,-0.9877829,9.94375,9.762772,0.0,0.0,1.0,1.0
2113,-0.9877116,9.875299,9.7590885,0.0,0.0,1.0,1.0
2114,-0.987707,9.734888,9.754564,0.0,0.0,1.0,1.0
2115,-0.987707,9.740565,9.754505,0.0,0.0,1.0,1.0
2116,-0.987707,9.7232685,9.757149,0.0,0.0,1.0,1.0
2117,-0.987707,9.683345,9.76259,0.0,0.0,1.0,1.0
2118,-0.987707,9.63233,9.773279,0.0,0.0,1.0,1.0
2119,-0.987707,9.624367,9.792943,0.0,0.0,1.0,1.0
2120,-0.987707,9.657071,9.820597,0.0,0.0,1.0,1.0
2121,-0.987707,9.741805,9.8494425,0.0,0.0,1.0,1.0
2122,-0.987707,9.881966,9.866827,0.0,0.0,1.0,1.0
2123,-0.987707,10.040695,9.879952,0.0,0.0,1.0,1.0
2124,-0.987707,10.179716,9.905454,0.0,0.0,1.0,1.0
2125,-0.987707,10.207143,9.950069,0.0,0.0,1.0,1.0
2126,-0.987707,10.081036,9.990463,0.0,0.0,1.0,1.0
2127,-0.987707,9.949181,10.022038,0.0,0.0,1.0,1.0
2128,-0.987707,9.88078,10.040427,0.0,0.0,1.0,1.0
2129,-0.987707,9.989358,10.046617,0.0,0.0,1.0,1.0
2130,-0.987707,10.167721,10.0337105,0.0,0.0,1.0,1.0
2131,-0.987707,10.109088,9.996806,0.0,0.0,1.0,1.0
2132,-0.9876372,10.0359745,9.938978,0.0,0.0,1.0,1.0
2133,-0.9876372,9.962469,9.874027,0.0,0.0,1.0,1.0
2134,-0.9876372,9.956243,9.802827,0.0,0.0,1.0,1.0
2135,-0.9876372,9.885814,9.725208,0.0,0.0,1.0,1.0
2136,-0.9876372,9.73687,9.632877,0.0,0.0,1.0,1.0
2137,-0.9876372,9.5132065,9.526685,0.0,0.0,1.0,1.0
2138,-0.9876372,9.3016205,9.434169,0.0,0.0,1.0,1.0
2139,-0.9876041,9.09478,9.355643,0.0,0.0,1.0,1.0
2140,-0.9876041,8.949361,9.264367,0.0,0.0,1.0,1.0
2141,-0.9876041,8.881382,9.151346,0.0,0.0,1.0,1.0
2142,-0.9876041,8.89341,9.026795,0.0,0.0,1.0,1.0
2143,-0.9876041,8.998892,8.910331,0.0,0.0,1.0,1.0
2144,-0.9876041,9.093674,8.792133,0.0,0.0,1.0,1.0
2145,-0.9876041,8.86715,8.673431,0.0,0.0,1.0,1.0
2146,-0.9876041,8.599999,8.553778,0.0,0.0,1.0,1.0
2147,-0.9876041,8.391195,8.423044,0.0,0.0,1.0,1.0
2148,-0.9876041,8.339299,8.28856,0.0,0.0,1.0,1.0
2149,-0.9876041,8.094841,8.129883,0.0,0.0,1.0,1.0
2150,-0.9875124,7.8771896,7.9418097,0.0,0.0,1.0,1.0
2151,-0.9875124,7.6589437,7.725661,0.0,0.0,1.0,1.0
2152,-0.9875124,7.380551,7.5107822,0.0,0.0,1.0,1.0
2153,-0.9875124,7.267573,7.303978,0.0,0.0,1.0,1.0
2154,-0.98751086,6.9892836,7.0891414,0.0,0.0,1.0,1.0
2155,-0.987463,6.7420187,6.854682,0.0,0.0,1.0,1.0
2156,-0.987463,6.4998856,6.6409903,0.0,0.0,1.0,1.0
2157,-0.987463,6.288606,6.44497,0.0,0.0,1.0,1.0
2158,-0.987463,6.1183496,6.271151,0.0,0.0,1.0,1.0
2159,-0.987463,5.8131533,6.1153727,0.0,0.0,1.0,1.0
2160,-0.9874492,5.525789,5.9742436,0.0,0.0,1.0,1.0
2161,-0.98744875,5.5305376,5.8627996,0.0,0.0,1.0,1.0
2162,-0.98743194,5.524953,5.771822,0.0,0.0,1.0,1.0
2163,-0.9874156,5.573113,5.713761,0.0,0.0,1.0,1.0
2164,-0.9874156,5.5112104,5.67757,0.0,0.0,1.0,1.0
2165,-0.9874156,5.574025,5.6727085,0.0,0.0,1.0,1.0
2166,-0.9874156,5.651957,5.7198195,0.0,0.0,1.0,1.0
2167,-0.9874156,5.650283,5.802596,0.0,0.0,1.0,1.0
2168,-0.9874156,5.803151,5.899414,0.0,0.0,1.0,1.0
2169,-0.9874156,5.8543177,6.012415,0.0,0.0,1.0,1.0
2170,-0.9874156,6.06001,6.1458774,0.0,0.0,1.0,1.0
2171,-0.9874156,6.37849,6.310817,0.0,0.0,1.0,1.0
2172,-0.9874156,6.5191083,6.491062,0.0,0.0,1.0,1.0
2173,-0.9874156,6.692348,6.690107,0.0,0.0,1.0,1.0
2174,-0.9874156,6.880966,6.9092693,0.0,0.0,1.0,1.0
2175,-0.98734736,7.174663,7.127172,0.0,0.0,1.0,1.0
2176,-0.98734736,7.4904814,7.359048,0.0,0.0,1.0,1.0
2177,-0.98734736,7.736969,7.5834813,0.0,0.0,1.0,1.0
2178,-0.98734736,8.040495,7.7981377,0.0,0.0,1.0,1.0
2179,-0.98734736,8.280235,8.013357,0.0,0.0,1.0,1.0
2180,-0.98734736,8.41798,8.22242,0.0,0.0,1.0,1.0
2181,-0.98734736,8.63683,8.428056,0.0,0.0,1.0,1.0
2182,-0.98734736,8.753208,8.604696,0.0,0.0,1.0,1.0
2183,-0.98734736,8.954369,8.756899,0.0,0.0,1.0,1.0
2184,-0.98734736,9.101736,8.878148,0.0,0.0,1.0,1.0
2185,-0.98734736,9.201103,8.965439,0.0,0.0,1.0,1.0
2186,-0.98734736,9.348602,9.018074,0.0,0.0,1.0,1.0
2187,-0.98734736,9.294347,9.039269,0.0,0.0,1.0,1.0
2188,-0.98734736,9.316907,9.019284,0.0,0.0,1.0,1.0
2189,-0.98734736,9.19196,8.963813,0.0,0.0,1.0,1.0
2190,-0.98734736,9.087994,8.869395,0.0,0.0,1.0,1.0
2191,-0.98734736,8.911858,8.745095,0.0,0.0,1.0,1.0
2192,-0.98734736,8.672318,8.598585,0.0,0.0,1.0,1.0
2193,-0.98726124,8.39701,8.421996,0.0,0.0,1.0,1.0
2194,-0.98726124,8.087552,8.23517,0.0,0.0,1.0,1.0
2195,-0.9872404,7.8213587,8.030447,0.0,0.0,1.0,1.0
2196,-0.9872404,7.610129,7.8254232,0.0,0.0,1.0,1.0
2197,-0.9872404,7.4429913,7.643407,0.0,0.0,1.0,1.0
2198,-0.9872404,7.2295256,7.4681726,0.0,0.0,1.0,1.0
2199,-0.9872404,7.0524454,7.3030653,0.0,0.0,1.0,1.0
2200,-0.9872154,6.8602195,7.158334,0.0,0.0,1.0,1.0
2201,-0.9872154,6.731677,7.0351877,0.0,0.0,1.0,1.0
2202,-0.9872154,6.9038005,6.938329,0.0,0.0,1.0,1.0
2203,-0.9872154,6.8090425,6.8625364,0.0,0.0,1.0,1.0
2204,-0.9872154,6.6910324,6.8109345,0.0,0.0,1.0,1.0
2205,-0.9872154,6.6602316,6.7950025,0.0,0.0,1.0,1.0
2206,-0.9872154,6.6098022,6.8104014,0.0,0.0,1.0,1.0
2207,-0.9872154,6.6590557,6.861173,0.0,0.0,1.0,1.0
2208,-0.9872154,6.7006145,6.9416194,0.0,0.0,1.0,1.0
2209,-0.9872154,6.8237653,7.030368,0.0,0.0,1.0,1.0
2210,-0.9872154,7.038341,7.1543922,0.0,0.0,1.0,1.0
2211,-0.9872154,7.2372365,7.3175287,0.0,0.0,1.0,1.0
2212,-0.9871283,7.4694796,7.510077,0.0,0.0,1.0,1.0
2213,-0.9871283,7.6970286,7.706172,0.0,0.0,1.0,1.0
2214,-0.9871283,7.9687862,7.921296,0.0,0.0,1.0,1.0
2215,-0.9871263,8.297331,8.16511,0.0,0.0,1.0,1.0
2216,-0.9871263,8.648675,8.431158,0.0,0.0,1.0,1.0
2217,-0.9871263,8.970807,8.702807,0.0,0.0,1.0,1.0
2218,-0.9871263,8.962941,8.972346,0.0,0.0,1.0,1.0
2219,-0.9871263,9.240545,9.222909,0.0,0.0,1.0,1.0
2220,-0.9871263,9.626385,9.4560375,0.0,0.0,1.0,1.0
2221,-0.9871263,10.016336,9.662754,0.0,0.0,1.0,1.0
2222,-0.9871263,10.298134,9.832646,0.0,0.0,1.0,1.0
2223,-0.9871263,10.471703,9.966647,0.0,0.0,1.0,1.0
2224,-0.9871263,10.476241,10.0612755,0.0,0.0,1.0,1.0
2225,-0.9871263,10.494569,10.140889,0.0,0.0,1.0,1.0
2226,-0.9871263,10.449382,10.17067,0.0,0.0,1.0,1.0
2227,-0.9871263,10.336036,10.145989,0.0,0.0,1.0,1.0
2228,-0.9871263,10.25669,10.068837,0.0,0.0,1.0,1.0
2229,-0.9871263,10.106347,9.9388275,0.0,0.0,1.0,1.0
2230,-0.9871263,9.918303,9.770895,0.0,0.0,1.0,1.0
2231,-0.98706716,9.597907,9.581826,0.0,0.0,1.0,1.0
2232,-0.98706716,9.330224,9.375245,0.0,0.0,1.0,1.0
2233,-0.98706716,9.09051,9.161259,0.0,0.0,1.0,1.0
2234,-0.98706716,8.73802,8.934946,0.0,0.0,1.0,1.0
2235,-0.98706716,8.4565115,8.714945,0.0,0.0,1.0,1.0
2236,-0.98706716,8.207412,8.505186,0.0,0.0,1.0,1.0
2237,-0.98706716,8.0156,8.309275,0.0,0.0,1.0,1.0
2238,-0.9869714,7.88155,8.151314,0.0,0.0,1.0,1.0
2239,-0.9869714,7.620279,8.024058,0.0,0.0,1.0,1.0
2240,-0.98696476,7.61668,7.92684,0.0,0.0,1.0,1.0
2241,-0.98696476,7.589238,7.8759227,0.0,0.0,1.0,1.0
2242,-0.98696476,7.567362,7.8690076,0.0,0.0,1.0,1.0
2243,-0.98696476,7.70238,7.897988,0.0,0.0,1.0,1.0
2244,-0.98696476,7.8031607,7.9428897,0.0,0.0,1.0,1.0
2245,-0.98696476,7.923883,8.068689,0.0,0.0,1.0,1.0
2246,-0.98696476,8.127017,8.212192,0.0,0.0,1.0,1.0
2247,-0.98696476,8.373529,8.354689,0.0,0.0,1.0,1.0
2248,-0.98696476,8.555175,8.489667,0.0,0.0,1.0,1.0
2249,-0.98696476,8.554425,8.625311,0.0,0.0,1.0,1.0
2250,-0.98696476,9.391145,8.764546,0.0,0.0,1.0,1.0
2251,-0.98696476,9.3423,8.892002,0.0,0.0,1.0,1.0
2252,-0.98696476,9.326646,9.000661,0.0,0.0,1.0,1.0
2253,-0.98696476,9.208984,9.075754,0.0,0.0,1.0,1.0
2254,-0.98696476,9.19508,9.108617,0.0,0.0,1.0,1.0
2255,-0.9869617,9.373209,9.112886,0.0,0.0,1.0,1.0
2256,-0.9869617,9.33263,9.105202,0.0,0.0,1.0,1.0
2257,-0.98688173,9.227791,9.014962,0.0,0.0,1.0,1.0
2258,-0.98688173,9.028131,8.914751,0.0,0.0,1.0,1.0
2259,-0.98688173,8.767887,8.802369,0.0,0.0,1.0,1.0
2260,-0.98688173,8.606403,8.702009,0.0,0.0,1.0,1.0
2261,-0.98688173,8.462214,8.547412,0.0,0.0,1.0,1.0
2262,-0.98688173,8.3082695,8.391651,0.0,0.0,1.0,1.0
2263,-0.98688173,8.13977,8.246401,0.0,0.0,1.0,1.0
2264,-0.98688173,7.978064,8.11091,0.0,0.0,1.0,1.0
2265,-0.98688173,8.004667,7.986877,0.0,0.0,1.0,1.0
2266,-0.98688173,7.339909,7.8755717,0.0,0.0,1.0,1.0
2267,-0.98688173,7.5040817,7.7867427,0.0,0.0,1.0,1.0
2268,-0.98688173,7.5896215,7.7109094,0.0,0.0,1.0,1.0
2269,-0.98688173,7.6019106,7.655483,0.0,0.0,1.0,1.0
2270,-0.98688173,7.539724,7.62338,0.0,0.0,1.0,1.0
2271,-0.98688173,7.4322243,7.600421,0.0,0.0,1.0,1.0
2272,-0.98688173,7.5404544,7.5713325,0.0,0.0,1.0,1.0
2273,-0.98688173,7.552214,7.5936284,0.0,0.0,1.0,1.0
2274,-0.98688173,7.6431518,7.6004777,0.0,0.0,1.0,1.0
2275,-0.98688173,7.7545385,7.599028,0.0,0.0,1.0,1.0
2276,-0.9868109,7.702552,7.5932775,0.0,0.0,1.0,1.0
2277,-0.9868109,7.655609,7.5868673,0.0,0.0,1.0,1.0
2278,-0.9868109,7.607459,7.5826273,0.0,0.0,1.0,1.0
2279,-0.9868109,7.5862722,7.5617137,0.0,0.0,1.0,1.0
2280,-0.9868109,7.572225,7.540168,0.0,0.0,1.0,1.0
2281,-0.9868109,7.5329056,7.512832,0.0,0.0,1.0,1.0
2282,-0.9868109,7.462805,7.4776363,0.0,0.0,1.0,1.0
2283,-0.9867936,7.3813424,7.442493,0.0,0.0,1.0,1.0
2284,-0.9867936,7.2894893,7.423544,0.0,0.0,1.0,1.0
2285,-0.98676914,7.2936625,7.4270124,0.0,0.0,1.0,1.0
2286,-0.98676914,7.3151236,7.448541,0.0,0.0,1.0,1.0
2287,-0.98676914,7.332188,7.4901304,0.0,0.0,1.0,1.0
2288,-0.98676914,7.280835,7.5544033,0.0,0.0,1.0,1.0
2289,-0.98676914,7.4282174,7.64046,0.0,0.0,1.0,1.0
2290,-0.98676914,7.6490817,7.7515755,0.0,0.0,1.0,1.0
2291,-0.98676914,7.8446183,7.88584,0.0,0.0,1.0,1.0
2292,-0.98676914,8.071296,8.041434,0.0,0.0,1.0,1.0
2293,-0.98676914,8.304178,8.221108,0.0,0.0,1.0,1.0
2294,-0.98672074,8.49549,8.428572,0.0,0.0,1.0,1.0
2295,-0.98672074,8.714726,8.669193,0.0,0.0,1.0,1.0
2296,-0.98672074,8.9006605,8.924937,0.0,0.0,1.0,1.0
2297,-0.98672074,9.160792,9.187006,0.0,0.0,1.0,1.0
2298,-0.9867141,9.47122,9.461116,0.0,0.0,1.0,1.0
2299,-0.9867141,9.821744,9.744345,0.0,0.0,1.0,1.0
2300,-0.9867141,10.168293,10.020933,0.0,0.0,1.0,1.0
2301,-0.9867141,10.497147,10.281659,0.0,0.0,1.0,1.0
2302,-0.9867141,10.793909,10.5112915,0.0,0.0,1.0,1.0
2303,-0.9867141,11.133938,10.716913,0.0,0.0,1.0,1.0
2304,-0.9867141,11.470041,10.882403,0.0,0.0,1.0,1.0
2305,-0.9867141,11.623242,11.007174,0.0,0.0,1.0,1.0
2306,-0.9867141,11.624202,11.084227,0.0,0.0,1.0,1.0
2307,-0.9867141,11.470306,11.117082,0.0,0.0,1.0,1.0
2308,-0.9867141,11.368129,11.10222,0.0,0.0,1.0,1.0
2309,-0.9867141,11.146673,11.039896,0.0,0.0,1.0,1.0
2310,-0.9867141,10.968459,10.91756,0.0,0.0,1.0,1.0
2311,-0.9867141,10.746378,10.732103,0.0,0.0,1.0,1.0
2312,-0.9867141,10.562554,10.509582,0.0,0.0,1.0,1.0
2313,-0.98661685,10.318798,10.295357,0.0,0.0,1.0,1.0
2314,-0.98661685,10.046026,10.062878,0.0,0.0,1.0,1.0
2315,-0.98661685,9.665905,9.809954,0.0,0.0,1.0,1.0
2316,-0.98661685,9.244568,9.555529,0.0,0.0,1.0,1.0
2317,-0.98661685,8.952979,9.302391,0.0,0.0,1.0,1.0
2318,-0.98661685,9.053507,9.061304,0.0,0.0,1.0,1.0
2319,-0.98661685,8.680558,8.825611,0.0,0.0,1.0,1.0
2320,-0.98661685,8.3330345,8.605352,0.0,0.0,1.0,1.0
2321,-0.98661685,8.09358,8.407797,0.0,0.0,1.0,1.0
2322,-0.98661685,7.9308023,8.248034,0.0,0.0,1.0,1.0
2323,-0.98661685,7.853331,8.131018,0.0,0.0,1.0,1.0
2324,-0.98661685,7.734241,8.043825,0.0,0.0,1.0,1.0
2325,-0.98661685,7.6756954,7.9484606,0.0,0.0,1.0,1.0
2326,-0.98661685,7.6753597,7.8927326,0.0,0.0,1.0,1.0
2327,-0.98661685,7.748744,7.8745413,0.0,0.0,1.0,1.0
2328,-0.98659545,7.840385,7.8738585,0.0,0.0,1.0,1.0
2329,-0.98659545,7.9066663,7.856701,0.0,0.0,1.0,1.0
2330,-0.9865654,7.9091263,7.848913,0.0,0.0,1.0,1.0
2331,-0.9865654,8.011826,7.849568,0.0,0.0,1.0,1.0
2332,-0.9864925,8.114738,7.8818464,0.0,0.0,1.0,1.0
2333,-0.9864925,8.085388,7.9168515,0.0,0.0,1.0,1.0
2334,-0.9864925,7.724907,7.956921,0.0,0.0,1.0,1.0
2335,-0.98649,7.7598834,8.003264,0.0,0.0,1.0,1.0
2336,-0.98649,7.7420964,8.060958,0.0,0.0,1.0,1.0
2337,-0.98649,8.063036,8.125895,0.0,0.0,1.0,1.0
2338,-0.98649,8.095422,8.181883,0.0,0.0,1.0,1.0
2339,-0.98649,8.22958,8.208275,0.0,0.0,1.0,1.0
2340,-0.98649,8.396504,8.229214,0.0,0.0,1.0,1.0
2341,-0.98649,8.598984,8.258969,0.0,0.0,1.0,1.0
2342,-0.98649,8.688368,8.268733,0.0,0.0,1.0,1.0
2343,-0.98649,8.683687,8.273289,0.0,0.0,1.0,1.0
2344,-0.98649,8.431445,8.250194,0.0,0.0,1.0,1.0
2345,-0.98649,8.336648,8.215368,0.0,0.0,1.0,1.0
2346,-0.986381,8.081979,8.164376,0.0,0.0,1.0,1.0
2347,-0.986381,7.877047,8.097365,0.0,0.0,1.0,1.0
2348,-0.986381,7.796762,7.9932384,0.0,0.0,1.0,1.0
2349,-0.986381,7.785895,7.8857303,0.0,0.0,1.0,1.0
2350,-0.986381,7.6775165,7.782826,0.0,0.0,1.0,1.0
2351,-0.986381,7.617685,7.705272,0.0,0.0,1.0,1.0
2352,-0.986381,7.5923696,7.6534595,0.0,0.0,1.0,1.0
2353,-0.986381,7.349459,7.6256046,0.0,0.0,1.0,1.0
2354,-0.986381,7.398273,7.6252103,0.0,0.0,1.0,1.0
2355,-0.986381,7.44883,7.6626806,0.0,0.0,1.0,1.0
2356,-0.986381,7.500804,7.7203484,0.0,0.0,1.0,1.0
2357,-0.986381,7.7148943,7.8448696,0.0,0.0,1.0,1.0
2358,-0.986381,7.7477207,8.019819,0.0,0.0,1.0,1.0
2359,-0.986381,7.8723154,8.234769,0.0,0.0,1.0,1.0
2360,-0.986381,8.2464075,8.499703,0.0,0.0,1.0,1.0
2361,-0.986381,8.477908,8.791174,0.0,0.0,1.0,1.0
2362,-0.98638046,9.171766,9.119942,0.0,0.0,1.0,1.0
2363,-0.98638046,9.717078,9.489986,0.0,0.0,1.0,1.0
2364,-0.98638046,10.171773,9.8738365,0.0,0.0,1.0,1.0
2365,-0.98631525,10.528666,10.289241,0.0,0.0,1.0,1.0
2366,-0.9863148,10.895923,10.717718,0.0,0.0,1.0,1.0
2367,-0.9863148,11.394046,11.140778,0.0,0.0,1.0,1.0
2368,-0.9863148,11.941337,11.55643,0.0,0.0,1.0,1.0
2369,-0.9863148,12.321098,11.942583,0.0,0.0,1.0,1.0
2370,-0.9863148,12.732569,12.278613,0.0,0.0,1.0,1.0
2371,-0.9863148,13.014044,12.562753,0.0,0.0,1.0,1.0
2372,-0.9863148,13.323124,12.802141,0.0,0.0,1.0,1.0
2373,-0.9863148,13.4657345,12.971654,0.0,0.0,1.0,1.0
2374,-0.9863148,13.805605,13.0678425,0.0,0.0,1.0,1.0
2375,-0.9862913,13.749444,13.085937,0.0,0.0,1.0,1.0
2376,-0.9862913,13.581443,13.044857,0.0,0.0,1.0,1.0
2377,-0.9862913,13.401334,12.939976,0.0,0.0,1.0,1.0
2378,-0.9862913,12.930065,12.774891,0.0,0.0,1.0,1.0
2379,-0.9862913,12.548309,12.5384,0.0,0.0,1.0,1.0
2380,-0.9862913,12.15847,12.255411,0.0,0.0,1.0,1.0
2381,-0.9862913,11.828146,11.90766,0.0,0.0,1.0,1.0
2382,-0.9862913,11.47399,11.534179,0.0,0.0,1.0,1.0
2383,-0.9862913,11.033031,11.142214,0.0,0.0,1.0,1.0
2384,-0.986218,10.485222,10.73055,0.0,0.0,1.0,1.0
2385,-0.986218,10.06988,10.328765,0.0,0.0,1.0,1.0
2386,-0.986218,9.632582,9.954774,0.0,0.0,1.0,1.0
2387,-0.986218,9.2676735,9.62266,0.0,0.0,1.0,1.0
2388,-0.986218,8.877867,9.325987,0.0,0.0,1.0,1.0
2389,-0.986218,8.461363,9.065499,0.0,0.0,1.0,1.0
2390,-0.986218,8.108644,8.842869,0.0,0.0,1.0,1.0
2391,-0.986195,8.060419,8.665019,0.0,0.0,1.0,1.0
2392,-0.986195,8.173097,8.558203,0.0,0.0,1.0,1.0
2393,-0.986193,8.268069,8.509715,0.0,0.0,1.0,1.0
2394,-0.986193,8.348147,8.512644,0.0,0.0,1.0,1.0
2395,-0.986193,8.3614645,8.576055,0.0,0.0,1.0,1.0
2396,-0.986193,8.351021,8.695206,0.0,0.0,1.0,1.0
2397,-0.986193,8.788085,8.865778,0.0,0.0,1.0,1.0
2398,-0.986193,9.050734,9.06116,0.0,0.0,1.0,1.0
2399,-0.986193,9.302818,9.266737,0.0,0.0,1.0,1.0
2400,-0.986193,9.638797,9.490404,0.0,0.0,1.0,1.0
2401,-0.986193,9.891173,9.720439,0.0,0.0,1.0,1.0
2402,-0.986193,10.155511,9.964134,0.0,0.0,1.0,1.0
2403,-0.9861232,10.405004,10.213667,0.0,0.0,1.0,1.0
2404,-0.9861232,10.640017,10.435005,0.0,0.0,1.0,1.0
2405,-0.9861232,10.952079,10.651302,0.0,0.0,1.0,1.0
2406,-0.9861222,11.108568,10.862724,0.0,0.0,1.0,1.0
2407,-0.9861222,11.285808,11.061126,0.0,0.0,1.0,1.0
2408,-0.9861222,11.34541,11.211775,0.0,0.0,1.0,1.0
2409,-0.9861222,11.444147,11.324392,0.0,0.0,1.0,1.0
2410,-0.9861222,11.646301,11.388403,0.0,0.0,1.0,1.0
2411,-0.9861222,11.83988,11.403376,0.0,0.0,1.0,1.0
2412,-0.9861222,12.01961,11.359671,0.0,0.0,1.0,1.0
2413,-0.9861222,11.69896,11.271008,0.0,0.0,1.0,1.0
2414,-0.9861222,11.506918,11.138933,0.0,0.0,1.0,1.0
2415,-0.9861222,11.173142,10.970878,0.0,0.0,1.0,1.0
2416,-0.9861222,10.81968,10.758659,0.0,0.0,1.0,1.0
2417,-0.9861222,10.427618,10.504933,0.0,0.0,1.0,1.0
2418,-0.9861222,10.044619,10.211643,0.0,0.0,1.0,1.0
2419,-0.9861222,9.70091,9.885351,0.0,0.0,1.0,1.0
2420,-0.986084,9.328743,9.567537,0.0,0.0,1.0,1.0
2421,-0.98602843,8.89753,9.247255,0.0,0.0,1.0,1.0
2422,-0.98602843,8.601593,8.936076,0.0,0.0,1.0,1.0
2423,-0.98602843,8.320397,8.639957,0.0,0.0,1.0,1.0
2424,-0.98602843,8.104102,8.367451,0.0,0.0,1.0,1.0
2425,-0.98602843,7.8852015,8.124187,0.0,0.0,1.0,1.0
2426,-0.98602843,7.663532,7.914094,0.0,0.0,1.0,1.0
2427,-0.98602843,7.43899,7.736497,0.0,0.0,1.0,1.0
2428,-0.98602843,7.266251,7.5981255,0.0,0.0,1.0,1.0
2429,-0.98602843,7.1575427,7.487149,0.0,0.0,1.0,1.0
2430,-0.98602843,7.125454,7.399056,0.0,0.0,1.0,1.0
2431,-0.98602843,7.1797895,7.330485,0.0,0.0,1.0,1.0
2432,-0.98602843,7.1975794,7.279537,0.0,0.0,1.0,1.0
2433,-0.98602843,7.237076,7.244364,0.0,0.0,1.0,1.0
2434,-0.98602843,7.2698717,7.2246475,0.0,0.0,1.0,1.0
2435,-0.98602843,7.263281,7.208089,0.0,0.0,1.0,1.0
2436,-0.9860132,7.2812524,7.188827,0.0,0.0,1.0,1.0
2437,-0.9860132,7.27383,7.153296,0.0,0.0,1.0,1.0
2438,-0.9860132,7.2414494,7.1028113,0.0,0.0,1.0,1.0
2439,-0.9860132,7.202392,7.041293,0.0,0.0,1.0,1.0
2440,-0.98593825,7.067551,6.9687095,0.0,0.0,1.0,1.0
2441,-0.98593825,6.926398,6.8902917,0.0,0.0,1.0,1.0
2442,-0.98593825,6.69908,6.811113,0.0,0.0,1.0,1.0
2443,-0.9859082,6.573973,6.732998,0.0,0.0,1.0,1.0
2444,-0.98589396,6.4593644,6.660155,0.0,0.0,1.0,1.0
2445,-0.98589396,6.3660693,6.5960565,0.0,0.0,1.0,1.0
2446,-0.98589396,6.328858,6.542281,0.0,0.0,1.0,1.0
2447,-0.98589396,6.3131385,6.5063586,0.0,0.0,1.0,1.0
2448,-0.98589396,6.3438735,6.4886703,0.0,0.0,1.0,1.0
2449,-0.98589396,6.3997097,6.496482,0.0,0.0,1.0,1.0
2450,-0.98589396,6.472271,6.521341,0.0,0.0,1.0,1.0
2451,-0.98589396,6.5570884,6.5591707,0.0,0.0,1.0,1.0
2452,-0.98589396,6.63648,6.61503,0.0,0.0,1.0,1.0
2453,-0.98589396,6.71414,6.728308,0.0,0.0,1.0,1.0
2454,-0.98589396,6.792818,6.887389,0.0,0.0,1.0,1.0
2455,-0.98589396,6.872278,7.053477,0.0,0.0,1.0,1.0
2456,-0.98589396,6.913324,7.2212725,0.0,0.0,1.0,1.0
2457,-0.98589396,7.036377,7.3817997,0.0,0.0,1.0,1.0
2458,-0.9858878,7.6881995,7.528214,0.0,0.0,1.0,1.0
2459,-0.9858878,8.22211,7.6593995,0.0,0.0,1.0,1.0
2460,-0.9858878,8.3369255,7.767996,0.0,0.0,1.0,1.0
2461,-0.9858878,8.413257,7.853155,0.0,0.0,1.0,1.0
2462,-0.9858878,8.398602,7.916106,0.0,0.0,1.0,1.0
2463,-0.9857834,8.31406,7.9604254,0.0,0.0,1.0,1.0
2464,-0.9857834,8.210706,7.982453,0.0,0.0,1.0,1.0
2465,-0.98577017,8.017293,7.937987,0.0,0.0,1.0,1.0
2466,-0.98577017,7.8147335,7.837125,0.0,0.0,1.0,1.0
2467,-0.98577017,7.627689,7.7232513,0.0,0.0,1.0,1.0
2468,-0.98577017,7.445155,7.593758,0.0,0.0,1.0,1.0
2469,-0.98577017,7.300707,7.406873,0.0,0.0,1.0,1.0
2470,-0.98577017,7.154606,7.1792045,0.0,0.0,1.0,1.0
2471,-0.98577017,7.011765,6.9454913,0.0,0.0,1.0,1.0
2472,-0.98577017,6.970443,6.7256193,0.0,0.0,1.0,1.0
2473,-0.98577017,6.859338,6.5158186,0.0,0.0,1.0,1.0
2474,-0.98577017,6.155983,6.320154,0.0,0.0,1.0,1.0
2475,-0.98577017,5.5820336,6.145118,0.0,0.0,1.0,1.0
2476,-0.98577017,5.4061494,5.998074,0.0,0.0,1.0,1.0
2477,-0.98577017,5.3788304,5.8779554,0.0,0.0,1.0,1.0
2478,-0.98577017,5.297126,5.77829,0.0,0.0,1.0,1.0
2479,-0.98577017,5.2797146,5.695614,0.0,0.0,1.0,1.0
2480,-0.98577017,5.344724,5.6349177,0.0,0.0,1.0,1.0
2481,-0.98568255,5.536178,5.6481743,0.0,0.0,1.0,1.0
2482,-0.98568255,5.7131815,5.720878,0.0,0.0,1.0,1.0
2483,-0.98568255,5.815776,5.820657,0.0,0.0,1.0,1.0
2484,-0.98568255,5.9783344,5.934165,0.0,0.0,1.0,1.0
2485,-0.98568255,6.130984,6.073739,0.0,0.0,1.0,1.0
2486,-0.98568255,6.315058,6.227173,0.0,0.0,1.0,1.0
2487,-0.98568255,6.454479,6.3902245,0.0,0.0,1.0,1.0
2488,-0.9856596,6.603495,6.5346675,0.0,0.0,1.0,1.0
2489,-0.9856596,6.7409315,6.672641,0.0,0.0,1.0,1.0
2490,-0.9856596,6.97201,6.8084364,0.0,0.0,1.0,1.0
2491,-0.9856596,7.1209226,6.956225,0.0,0.0,1.0,1.0
2492,-0.9856596,7.3013415,7.0852966,0.0,0.0,1.0,1.0
2493,-0.9856596,7.269499,7.1903443,0.0,0.0,1.0,1.0
2494,-0.9856596,7.368856,7.282962,0.0,0.0,1.0,1.0
2495,-0.9856596,7.4453273,7.358963,0.0,0.0,1.0,1.0
2496,-0.9856596,7.7517934,7.4193687,0.0,0.0,1.0,1.0
2497,-0.9856596,7.6798463,7.4553614,0.0,0.0,1.0,1.0
2498,-0.9856596,7.5756283,7.4796147,0.0,0.0,1.0,1.0
2499,-0.9856596,7.5658894,7.4910493,0.0,0.0,1.0,1.0
2500,-0.9855837,7.515509,7.5053368,0.0,0.0,1.0,1.0
2501,-0.9855837,7.465803,7.5136056,0.0,0.0,1.0,1.0
2502,-0.9855837,7.403921,7.516063,0.0,0.0,1.0,1.0
2503,-0.98557913,7.411964,7.4908667,0.0,0.0,1.0,1.0
2504,-0.98557913,7.438553,7.479674,0.0,0.0,1.0,1.0
2505,-0.98557913,7.4409523,7.478528,0.0,0.0,1.0,1.0
2506,-0.98557913,7.46808,7.4773464,0.0,0.0,1.0,1.0
2507,-0.98557913,7.4748173,7.4490366,0.0,0.0,1.0,1.0
2508,-0.98557913,7.4494343,7.4199357,0.0,0.0,1.0,1.0
2509,-0.98557913,7.545532,7.395464,0.0,0.0,1.0,1.0
2510,-0.98554707,7.5618777,7.3980813,0.0,0.0,1.0,1.0
2511,-0.98554707,7.551716,7.3976636,0.0,0.0,1.0,1.0
2512,-0.98554707,7.1757884,7.3938966,0.0,0.0,1.0,1.0
2513,-0.98554707,7.1165953,7.3847127,0.0,0.0,1.0,1.0
2514,-0.98554707,7.1102557,7.3717604,0.0,0.0,1.0,1.0
2515,-0.98554707,7.4433713,7.355706,0.0,0.0,1.0,1.0
2516,-0.98554707,7.4335437,7.3301644,0.0,0.0,1.0,1.0
2517,-0.98554707,7.3957458,7.359119,0.0,0.0,1.0,1.0
2518,-0.98554707,7.357874,7.395737,0.0,0.0,1.0,1.0
2519,-0.98547167,7.319392,7.4709697,0.0,0.0,1.0,1.0
2520,-0.98546296,7.2567825,7.554004,0.0,0.0,1.0,1.0
2521,-0.98546296,7.239031,7.6480613,0.0,0.0,1.0,1.0
2522,-0.98546296,7.9093294,7.7284613,0.0,0.0,1.0,1.0
2523,-0.98546296,7.991138,7.826283,0.0,0.0,1.0,1.0
2524,-0.98546296,8.07858,7.9432654,0.0,0.0,1.0,1.0
2525,-0.98546296,8.113006,8.073968,0.0,0.0,1.0,1.0
2526,-0.98546296,8.23894,8.186377,0.0,0.0,1.0,1.0
2527,-0.98546296,8.408175,8.305491,0.0,0.0,1.0,1.0
2528,-0.98546296,8.607404,8.430516,0.0,0.0,1.0,1.0
2529,-0.98546296,8.799536,8.502222,0.0,0.0,1.0,1.0
2530,-0.98546296,8.926301,8.5643635,0.0,0.0,1.0,1.0
2531,-0.98546296,8.668294,8.613456,0.0,0.0,1.0,1.0
2532,-0.98546296,8.686165,8.654261,0.0,0.0,1.0,1.0
2533,-0.9854411,8.739327,8.607978,0.0,0.0,1.0,1.0
2534,-0.9854411,8.769796,8.52212,0.0,0.0,1.0,1.0
2535,-0.9854411,8.736834,8.396627,0.0,0.0,1.0,1.0
2536,-0.9854411,8.667689,8.260956,0.0,0.0,1.0,1.0
2537,-0.9854411,8.602663,8.092792,0.0,0.0,1.0,1.0
2538,-0.9853805,7.6835475,7.9231977,0.0,0.0,1.0,1.0
2539,-0.9853805,7.377887,7.7335324,0.0,0.0,1.0,1.0
2540,-0.9853805,7.101486,7.5207024,0.0,0.0,1.0,1.0
2541,-0.98534024,7.1714845,7.28924,0.0,0.0,1.0,1.0
2542,-0.98534024,6.90833,7.0459824,0.0,0.0,1.0,1.0
2543,-0.98534024,6.633162,6.8020763,0.0,0.0,1.0,1.0
2544,-0.98534024,6.410182,6.5544705,0.0,0.0,1.0,1.0
2545,-0.9853387,6.185366,6.378481,0.0,0.0,1.0,1.0
2546,-0.9853387,5.99225,6.2246537,0.0,0.0,1.0,1.0
2547,-0.9853127,5.817744,6.0887933,0.0,0.0,1.0,1.0
2548,-0.9853127,5.7408113,5.9406953,0.0,0.0,1.0,1.0
2549,-0.9853127,5.6313963,5.823051,0.0,0.0,1.0,1.0
2550,-0.9853127,5.571674,5.7373414,0.0,0.0,1.0,1.0
2551,-0.9853127,5.53196,5.678151,0.0,0.0,1.0,1.0
2552,-0.9853127,5.4711614,5.6144013,0.0,0.0,1.0,1.0
2553,-0.9853127,5.3943048,5.567886,0.0,0.0,1.0,1.0
2554,-0.9853127,5.496599,5.5349226,0.0,0.0,1.0,1.0
2555,-0.98528874,5.6046486,5.5064583,0.0,0.0,1.0,1.0
2556,-0.98528874,5.6998973,5.4933634,0.0,0.0,1.0,1.0
2557,-0.98528874,5.420369,5.4947495,0.0,0.0,1.0,1.0
2558,-0.98528874,5.4340644,5.501462,0.0,0.0,1.0,1.0
2559,-0.98528874,5.4221864,5.51921,0.0,0.0,1.0,1.0
2560,-0.98518586,5.3992357,5.552108,0.0,0.0,1.0,1.0
2561,-0.9851833,5.4742627,5.5840316,0.0,0.0,1.0,1.0
2562,-0.9851833,5.5883074,5.61589,0.0,0.0,1.0,1.0
2563,-0.9851833,5.612507,5.654369,0.0,0.0,1.0,1.0
2564,-0.9851833,5.6841335,5.7349877,0.0,0.0,1.0,1.0
2565,-0.9851833,5.7890797,5.8269176,0.0,0.0,1.0,1.0
2566,-0.9851833,5.8796897,5.9325824,0.0,0.0,1.0,1.0
2567,-0.9851833,5.9869466,6.0586863,0.0,0.0,1.0,1.0
2568,-0.9851833,6.161643,6.203116,0.0,0.0,1.0,1.0
2569,-0.9851833,6.3877945,6.3651834,0.0,0.0,1.0,1.0
2570,-0.9851833,6.537225,6.5523214,0.0,0.0,1.0,1.0
2571,-0.9851833,6.690162,6.7557735,0.0,0.0,1.0,1.0
2572,-0.9851833,6.912482,6.9686866,0.0,0.0,1.0,1.0
2573,-0.9851833,7.207423,7.192816,0.0,0.0,1.0,1.0
2574,-0.9851833,7.5331144,7.4388566,0.0,0.0,1.0,1.0
2575,-0.9851833,7.858162,7.6879363,0.0,0.0,1.0,1.0
2576,-0.9851833,8.125562,7.9435983,0.0,0.0,1.0,1.0
2577,-0.9851833,8.344033,8.216685,0.0,0.0,1.0,1.0
2578,-0.9851833,8.569242,8.504789,0.0,0.0,1.0,1.0
2579,-0.9851181,8.939437,8.802406,0.0,0.0,1.0,1.0
2580,-0.9851181,9.150599,9.10096,0.0,0.0,1.0,1.0
2581,-0.9851181,9.455741,9.402545,0.0,0.0,1.0,1.0
2582,-0.9851181,9.814266,9.702045,0.0,0.0,1.0,1.0
2583,-0.9851181,10.147407,10.002879,0.0,0.0,1.0,1.0
2584,-0.9851181,10.483892,10.300578,0.0,0.0,1.0,1.0
2585,-0.9851181,10.790058,10.595462,0.0,0.0,1.0,1.0
2586,-0.985084,11.1521435,10.878283,0.0,0.0,1.0,1.0
2587,-0.985084,11.452161,11.179041,0.0,0.0,1.0,1.0
2588,-0.985084,11.735567,11.48282,0.0,0.0,1.0,1.0
2589,-0.9849887,11.916428,11.772454,0.0,0.0,1.0,1.0
2590,-0.9849887,12.107846,12.047763,0.0,0.0,1.0,1.0
2591,-0.9849887,12.333285,12.312373,0.0,0.0,1.0,1.0
2592,-0.9849887,12.759696,12.564355,0.0,0.0,1.0,1.0
2593,-0.9849877,13.101082,12.800708,0.0,0.0,1.0,1.0
2594,-0.9849877,13.28989,13.02379,0.0,0.0,1.0,1.0
2595,-0.9849877,13.451108,13.296198,0.0,0.0,1.0,1.0
2596,-0.9849877,13.659216,13.622742,0.0,0.0,1.0,1.0
2597,-0.9849877,13.813831,14.00079,0.0,0.0,1.0,1.0
2598,-0.9849877,13.988382,14.41152,0.0,0.0,1.0,1.0
2599,-0.9849877,14.129152,14.8276,0.0,0.0,1.0,1.0
2600,-0.98497444,15.004453,15.233471,0.0,0.0,1.0,1.0
2601,-0.98497444,15.834964,15.6344185,0.0,0.0,1.0,1.0
2602,-0.98497444,16.644419,16.041437,0.0,0.0,1.0,1.0
2603,-0.98497444,17.262041,16.436596,0.0,0.0,1.0,1.0
2604,-0.98497444,17.752651,16.826483,0.0,0.0,1.0,1.0
2605,-0.98497444,17.971548,17.216763,0.0,0.0,1.0,1.0
2606,-0.98497444,18.101255,17.604551,0.0,0.0,1.0,1.0
2607,-0.98497444,18.335339,17.934958,0.0,0.0,1.0,1.0
2608,-0.984894,18.401123,18.210415,0.0,0.0,1.0,1.0
2609,-0.9848914,18.49247,18.425486,0.0,0.0,1.0,1.0
2610,-0.9848914,18.671728,18.601988,0.0,0.0,1.0,1.0
2611,-0.9848914,18.782627,18.676794,0.0,0.0,1.0,1.0
2612,-0.9848914,18.969336,18.667551,0.0,0.0,1.0,1.0
2613,-0.9848914,19.140438,18.577927,0.0,0.0,1.0,1.0
2614,-0.9848914,19.225267,18.427263,0.0,0.0,1.0,1.0
2615,-0.9848914,19.38008,18.23147,0.0,0.0,1.0,1.0
2616,-0.9848914,18.650328,18.015768,0.0,0.0,1.0,1.0
2617,-0.9848914,17.860613,17.777912,0.0,0.0,1.0,1.0
2618,-0.9848914,17.025774,17.515213,0.0,0.0,1.0,1.0
2619,-0.9848914,16.527386,17.224709,0.0,0.0,1.0,1.0
2620,-0.9848914,16.051601,16.907104,0.0,0.0,1.0,1.0
2621,-0.9848914,15.904037,16.573315,0.0,0.0,1.0,1.0
2622,-0.9848914,15.817464,16.212107,0.0,0.0,1.0,1.0
2623,-0.9848914,15.630232,15.901914,0.0,0.0,1.0,1.0
2624,-0.9848914,15.483274,15.641862,0.0,0.0,1.0,1.0
2625,-0.9848914,15.329209,15.421714,0.0,0.0,1.0,1.0
2626,-0.9848914,15.219778,15.2160635,0.0,0.0,1.0,1.0
2627,-0.9848216,15.045576,15.038675,0.0,0.0,1.0,1.0
2628,-0.9848216,14.928016,14.869778,0.0,0.0,1.0,1.0
2629,-0.9848216,14.73999,14.708442,0.0,0.0,1.0,1.0
2630,-0.9848216,14.383999,14.558026,0.0,0.0,1.0,1.0
2631,-0.9848216,14.0595875,14.4219675,0.0,0.0,1.0,1.0
2632,-0.9848206,13.922938,14.306421,0.0,0.0,1.0,1.0
2633,-0.9848206,13.877274,14.210714,0.0,0.0,1.0,1.0
2634,-0.9847926,13.881433,14.141423,0.0,0.0,1.0,1.0
2635,-0.9847926,13.825243,14.0965,0.0,0.0,1.0,1.0
2636,-0.9847926,13.850566,14.076219,0.0,0.0,1.0,1.0
2637,-0.9847926,13.942651,14.090872,0.0,0.0,1.0,1.0
2638,-0.9847304,14.071295,14.151634,0.0,0.0,1.0,1.0
2639,-0.9847304,14.2140875,14.22833,0.0,0.0,1.0,1.0
2640,-0.9847304,14.388944,14.324011,0.0,0.0,1.0,1.0
2641,-0.9847304,14.496612,14.431913,0.0,0.0,1.0,1.0
2642,-0.9847304,14.559829,14.554415,0.0,0.0,1.0,1.0
2643,-0.9847304,14.788739,14.696678,0.0,0.0,1.0,1.0
2644,-0.9847304,14.843286,14.852126,0.0,0.0,1.0,1.0
2645,-0.9847294,15.025445,15.022944,0.0,0.0,1.0,1.0
2646,-0.9847294,15.176261,15.218331,0.0,0.0,1.0,1.0
2647,-0.9847294,15.295266,15.438181,0.0,0.0,1.0,1.0
2648,-0.9847294,15.557722,15.6548605,0.0,0.0,1.0,1.0
2649,-0.9847294,15.808028,15.842552,0.0,0.0,1.0,1.0
2650,-0.9847294,16.121113,16.00353,0.0,0.0,1.0,1.0
2651,-0.9847294,16.558737,16.140114,0.0,0.0,1.0,1.0
2652,-0.9847294,17.027136,16.226858,0.0,0.0,1.0,1.0
2653,-0.9847284,17.096766,16.283361,0.0,0.0,1.0,1.0
2654,-0.9847284,16.812134,16.289171,0.0,0.0,1.0,1.0
2655,-0.9847284,16.720467,16.236639,0.0,0.0,1.0,1.0
2656,-0.9847284,16.482296,16.128931,0.0,0.0,1.0,1.0
2657,-0.984652,16.06638,15.98907,0.0,0.0,1.0,1.0
2658,-0.9846494,15.854294,15.799318,0.0,0.0,1.0,1.0
2659,-0.9846494,15.364981,15.538504,0.0,0.0,1.0,1.0
2660,-0.9846494,14.92734,15.2363,0.0,0.0,1.0,1.0
2661,-0.9846494,14.515527,14.903584,0.0,0.0,1.0,1.0
2662,-0.9846494,14.44278,14.520998,0.0,0.0,1.0,1.0
2663,-0.9846494,14.281717,14.090673,0.0,0.0,1.0,1.0
2664,-0.9846494,13.897363,13.655699,0.0,0.0,1.0,1.0
2665,-0.9846494,13.470326,13.227509,0.0,0.0,1.0,1.0
2666,-0.9846494,12.819536,12.812204,0.0,0.0,1.0,1.0
2667,-0.9846494,12.129436,12.406345,0.0,0.0,1.0,1.0
2668,-0.9846494,11.318402,12.038263,0.0,0.0,1.0,1.0
2669,-0.9846494,10.846689,11.663219,0.0,0.0,1.0,1.0
2670,-0.9846494,10.716004,11.300039,0.0,0.0,1.0,1.0
2671,-0.9846494,10.381336,10.959298,0.0,0.0,1.0,1.0
2672,-0.9846494,10.057023,10.643219,0.0,0.0,1.0,1.0
2673,-0.9846494,10.098545,10.357109,0.0,0.0,1.0,1.0
2674,-0.9846494,9.942261,10.1133,0.0,0.0,1.0,1.0
2675,-0.9846494,9.923552,9.9176445,0.0,0.0,1.0,1.0
2676,-0.98457354,9.808467,9.74575,0.0,0.0,1.0,1.0
2677,-0.98457354,9.677374,9.5802355,0.0,0.0,1.0,1.0
2678,-0.98457354,9.386223,9.443005,0.0,0.0,1.0,1.0
2679,-0.98457354,9.203728,9.353172,0.0,0.0,1.0,1.0
2680,-0.98457354,8.970532,9.258398,0.0,0.0,1.0,1.0
2681,-0.98457354,8.783964,9.167134,0.0,0.0,1.0,1.0
2682,-0.98457354,8.729821,9.076631,0.0,0.0,1.0,1.0
2683,-0.98454344,8.734566,9.000427,0.0,0.0,1.0,1.0
2684,-0.98454344,8.979037,8.928728,0.0,0.0,1.0,1.0
2685,-0.98454344,8.961248,8.878419,0.0,0.0,1.0,1.0
2686,-0.98454344,8.847102,8.84955,0.0,0.0,1.0,1.0
2687,-0.9844502,8.837502,8.858028,0.0,0.0,1.0,1.0
2688,-0.9844502,8.894031,8.888029,0.0,0.0,1.0,1.0
2689,-0.9844502,8.816989,8.926589,0.0,0.0,1.0,1.0
2690,-0.98444,8.782505,8.970581,0.0,0.0,1.0,1.0
2691,-0.98444,8.857311,9.023673,0.0,0.0,1.0,1.0
2692,-0.98444,9.072261,9.104977,0.0,0.0,1.0,1.0
2693,-0.98444,9.143977,9.205016,0.0,0.0,1.0,1.0
2694,-0.98444,9.192534,9.3022995,0.0,0.0,1.0,1.0
2695,-0.98444,9.262481,9.374643,0.0,0.0,1.0,1.0
2696,-0.98444,9.616137,9.449342,0.0,0.0,1.0,1.0
2697,-0.98444,9.936895,9.533963,0.0,0.0,1.0,1.0
2698,-0.98444,10.047566,9.597705,0.0,0.0,1.0,1.0
2699,-0.98444,10.004907,9.631024,0.0,0.0,1.0,1.0
2700,-0.98444,9.762159,9.64297,0.0,0.0,1.0,1.0
2701,-0.98444,9.713371,9.631713,0.0,0.0,1.0,1.0
2702,-0.9844365,9.7979555,9.591394,0.0,0.0,1.0,1.0
2703,-0.9844365,9.622215,9.49531,0.0,0.0,1.0,1.0
2704,-0.9844365,9.472091,9.350241,0.0,0.0,1.0,1.0
2705,-0.9844365,9.287329,9.180094,0.0,0.0,1.0,1.0
2706,-0.9843499,9.057446,8.992823,0.0,0.0,1.0,1.0
2707,-0.9843499,8.778666,8.785575,0.0,0.0,1.0,1.0
2708,-0.9843499,8.463112,8.54956,0.0,0.0,1.0,1.0
2709,-0.9843499,8.196077,8.287995,0.0,0.0,1.0,1.0
2710,-0.9843499,8.005792,8.033196,0.0,0.0,1.0,1.0
2711,-0.9843499,7.75766,7.7855315,0.0,0.0,1.0,1.0
2712,-0.9843499,7.2751894,7.5574846,0.0,0.0,1.0,1.0
2713,-0.9843499,6.8811874,7.347091,0.0,0.0,1.0,1.0
2714,-0.9843499,6.6591845,7.169454,0.0,0.0,1.0,1.0
2715,-0.9843499,6.56463,7.0290866,0.0,0.0,1.0,1.0
2716,-0.9843499,6.500104,6.9327393,0.0,0.0,1.0,1.0
2717,-0.9843499,6.550767,6.875145,0.0,0.0,1.0,1.0
2718,-0.9843499,6.5327272,6.8619447,0.0,0.0,1.0,1.0
2719,-0.9843499,6.6470184,6.910893,0.0,0.0,1.0,1.0
2720,-0.9843499,6.7787037,7.0189586,0.0,0.0,1.0,1.0
2721,-0.98425514,7.039906,7.1669717,0.0,0.0,1.0,1.0
2722,-0.98425514,7.314659,7.3446975,0.0,0.0,1.0,1.0
2723,-0.98425514,7.5992613,7.5518475,0.0,0.0,1.0,1.0
2724,-0.98425514,7.8625646,7.773507,0.0,0.0,1.0,1.0
2725,-0.98425514,8.1779785,8.018367,0.0,0.0,1.0,1.0
2726,-0.98425514,8.43534,8.261201,0.0,0.0,1.0,1.0
2727,-0.98425514,8.69734,8.494912,0.0,0.0,1.0,1.0
2728,-0.98425514,8.985904,8.701107,0.0,0.0,1.0,1.0
2729,-0.98425514,9.210684,8.877918,0.0,0.0,1.0,1.0
2730,-0.9842536,9.471038,9.025416,0.0,0.0,1.0,1.0
2731,-0.9842536,9.5610285,9.144689,0.0,0.0,1.0,1.0
2732,-0.9842536,9.583239,9.232407,0.0,0.0,1.0,1.0
2733,-0.9842536,9.514248,9.300453,0.0,0.0,1.0,1.0
2734,-0.9842536,9.436389,9.346797,0.0,0.0,1.0,1.0
2735,-0.9842322,9.369247,9.37377,0.0,0.0,1.0,1.0
2736,-0.9842322,9.293825,9.377905,0.0,0.0,1.0,1.0
2737,-0.9842322,9.230595,9.360045,0.0,0.0,1.0,1.0
2738,-0.9842322,9.251902,9.360914,0.0,0.0,1.0,1.0
2739,-0.9842322,9.253465,9.386272,0.0,0.0,1.0,1.0
2740,-0.9841308,9.309584,9.4205265,0.0,0.0,1.0,1.0
2741,-0.9841308,9.260294,9.469779,0.0,0.0,1.0,1.0
2742,-0.9841308,9.256733,9.531135,0.0,0.0,1.0,1.0
2743,-0.9841308,9.571448,9.607879,0.0,0.0,1.0,1.0
2744,-0.9841308,9.887541,9.705688,0.0,0.0,1.0,1.0
2745,-0.9841308,9.925291,9.823299,0.0,0.0,1.0,1.0
2746,-0.9841308,10.027421,9.950135,0.0,0.0,1.0,1.0
2747,-0.9841308,10.105522,10.073709,0.0,0.0,1.0,1.0
2748,-0.9841308,10.214745,10.20023,0.0,0.0,1.0,1.0
2749,-0.9841308,10.404318,10.3153925,0.0,0.0,1.0,1.0
2750,-0.9841288,10.663226,10.385248,0.0,0.0,1.0,1.0
2751,-0.9841288,10.775505,10.407871,0.0,0.0,1.0,1.0
2752,-0.9841288,10.792457,10.410859,0.0,0.0,1.0,1.0
2753,-0.9841288,10.778544,10.376765,0.0,0.0,1.0,1.0
2754,-0.9841288,10.638691,10.2912855,0.0,0.0,1.0,1.0
2755,-0.9841288,10.409714,10.151012,0.0,0.0,1.0,1.0
2756,-0.9841288,10.159026,9.966422,0.0,0.0,1.0,1.0
2757,-0.9841288,9.961138,9.732437,0.0,0.0,1.0,1.0
2758,-0.9840376,9.618301,9.469334,0.0,0.0,1.0,1.0
2759,-0.9840376,9.079758,9.184471,0.0,0.0,1.0,1.0
2760,-0.9840376,8.531468,8.870365,0.0,0.0,1.0,1.0
2761,-0.9840376,8.18924,8.53934,0.0,0.0,1.0,1.0
2762,-0.9840376,7.855402,8.20941,0.0,0.0,1.0,1.0
2763,-0.9840376,7.6182694,7.891433,0.0,0.0,1.0,1.0
2764,-0.9840376,7.3740997,7.5755687,0.0,0.0,1.0,1.0
2765,-0.9840091,7.0092735,7.2837124,0.0,0.0,1.0,1.0
2766,-0.9840091,6.6663933,7.0338073,0.0,0.0,1.0,1.0
2767,-0.9840091,6.450545,6.827057,0.0,0.0,1.0,1.0
2768,-0.9840091,6.3433027,6.6445203,0.0,0.0,1.0,1.0
2769,-0.9840091,6.1707726,6.497958,0.0,0.0,1.0,1.0
2770,-0.9840091,6.116024,6.355254,0.0,0.0,1.0,1.0
2771,-0.9840091,6.080895,6.228389,0.0,0.0,1.0,1.0
2772,-0.9840091,6.050468,6.125741,0.0,0.0,1.0,1.0
2773,-0.9840091,5.9987965,6.0403543,0.0,0.0,1.0,1.0
2774,-0.9840091,6.09666,5.963134,0.0,0.0,1.0,1.0
2775,-0.9840091,5.9058228,5.8887024,0.0,0.0,1.0,1.0
2776,-0.9840091,5.8517103,5.832912,0.0,0.0,1.0,1.0
2777,-0.9839097,5.777503,5.7824693,0.0,0.0,1.0,1.0
2778,-0.9839097,5.641752,5.7410145,0.0,0.0,1.0,1.0
2779,-0.9839097,5.523901,5.7006707,0.0,0.0,1.0,1.0
2780,-0.98385423,5.450122,5.674194,0.0,0.0,1.0,1.0
2781,-0.98385423,5.5012875,5.6475215,0.0,0.0,1.0,1.0
2782,-0.98385423,5.510716,5.653223,0.0,0.0,1.0,1.0
2783,-0.9837997,5.583438,5.679102,0.0,0.0,1.0,1.0
2784,-0.98379767,5.56634,5.7309213,0.0,0.0,1.0,1.0
2785,-0.98379767,5.6810746,5.8084474,0.0,0.0,1.0,1.0
2786,-0.98379767,5.776589,5.9225655,0.0,0.0,1.0,1.0
2787,-0.98379767,5.974245,6.0581875,0.0,0.0,1.0,1.0
2788,-0.98379767,6.162254,6.2101054,0.0,0.0,1.0,1.0
2789,-0.98379767,6.399337,6.3826995,0.0,0.0,1.0,1.0
2790,-0.98379767,6.5720654,6.569513,0.0,0.0,1.0,1.0
2791,-0.9837793,6.8933167,6.7747207,0.0,0.0,1.0,1.0
2792,-0.9837783,7.077589,6.9826922,0.0,0.0,1.0,1.0
2793,-0.9837783,7.324299,7.192617,0.0,0.0,1.0,1.0
2794,-0.9837783,7.581848,7.3898993,0.0,0.0,1.0,1.0
2795,-0.9837783,7.825195,7.578816,0.0,0.0,1.0,1.0
2796,-0.9837783,8.028834,7.7474732,0.0,0.0,1.0,1.0
2797,-0.9837783,8.176735,7.897149,0.0,0.0,1.0,1.0
2798,-0.9837783,8.295684,8.0093355,0.0,0.0,1.0,1.0
2799,-0.9837783,8.341634,8.098089,0.0,0.0,1.0,1.0
2800,-0.9837783,8.429255,8.1627245,0.0,0.0,1.0,1.0
2801,-0.9837783,8.423227,8.207463,0.0,0.0,1.0,1.0
2802,-0.9837783,8.368175,8.232934,0.0,0.0,1.0,1.0
2803,-0.9837172,8.239555,8.2445545,0.0,0.0,1.0,1.0
2804,-0.9837172,8.142631,8.250421,0.0,0.0,1.0,1.0
2805,-0.9837172,8.099916,8.246969,0.0,0.0,1.0,1.0
2806,-0.9837172,8.118716,8.237331,0.0,0.0,1.0,1.0
2807,-0.9837172,8.130851,8.217285,0.0,0.0,1.0,1.0
2808,-0.9837172,8.168273,8.194535,0.0,0.0,1.0,1.0
2809,-0.9837172,8.247128,8.16812,0.0,0.0,1.0,1.0
2810,-0.9837172,8.254271,8.154407,0.0,0.0,1.0,1.0
2811,-0.9837172,8.225981,8.144569,0.0,0.0,1.0,1.0
2812,-0.9837172,8.188695,8.136082,0.0,0.0,1.0,1.0
2813,-0.9837172,8.150228,8.11893,0.0,0.0,1.0,1.0
2814,-0.9837172,8.051199,8.096268,0.0,0.0,1.0,1.0
2815,-0.9837172,8.074993,8.062672,0.0,0.0,1.0,1.0
2816,-0.9837172,8.024578,8.009122,0.0,0.0,1.0,1.0
2817,-0.9837172,7.9980736,7.9412656,0.0,0.0,1.0,1.0
2818,-0.9837172,7.9128914,7.865042,0.0,0.0,1.0,1.0
2819,-0.9837172,7.858901,7.7816243,0.0,0.0,1.0,1.0
2820,-0.9837172,7.7651243,7.6942043,0.0,0.0,1.0,1.0
2821,-0.9836306,7.604528,7.614502,0.0,0.0,1.0,1.0
2822,-0.9836306,7.439997,7.53203,0.0,0.0,1.0,1.0
2823,-0.9836306,7.3113008,7.4547772,0.0,0.0,1.0,1.0
2824,-0.9836306,7.1876764,7.3809285,0.0,0.0,1.0,1.0
2825,-0.9836005,7.1011896,7.318196,0.0,0.0,1.0,1.0
2826,-0.9836005,7.09477,7.2607417,0.0,0.0,1.0,1.0
2827,-0.9836005,7.085333,7.2188196,0.0,0.0,1.0,1.0
2828,-0.98357403,7.0975394,7.1906815,0.0,0.0,1.0,1.0
2829,-0.98357403,7.1118927,7.185606,0.0,0.0,1.0,1.0
2830,-0.98357403,7.1600986,7.2081957,0.0,0.0,1.0,1.0
2831,-0.98357403,7.1694503,7.25079,0.0,0.0,1.0,1.0
2832,-0.98357403,7.262062,7.3128924,0.0,0.0,1.0,1.0
2833,-0.98357403,7.266868,7.3833456,0.0,0.0,1.0,1.0
2834,-0.98357403,7.379093,7.459119,0.0,0.0,1.0,1.0
2835,-0.98357403,7.582374,7.548339,0.0,0.0,1.0,1.0
2836,-0.98357403,7.698813,7.685368,0.0,0.0,1.0,1.0
2837,-0.98357403,7.8464146,7.8664155,0.0,0.0,1.0,1.0
2838,-0.9835735,7.9402075,8.098598,0.0,0.0,1.0,1.0
2839,-0.9835735,7.994612,8.325142,0.0,0.0,1.0,1.0
2840,-0.9834879,8.16818,8.555202,0.0,0.0,1.0,1.0
2841,-0.9834879,8.75624,8.780682,0.0,0.0,1.0,1.0
2842,-0.9834879,9.332672,8.993397,0.0,0.0,1.0,1.0
2843,-0.9834823,9.955638,9.203352,0.0,0.0,1.0,1.0
2844,-0.9834823,9.980584,9.414243,0.0,0.0,1.0,1.0
2845,-0.9834823,10.027587,9.626535,0.0,0.0,1.0,1.0
2846,-0.9834823,10.084851,9.831036,0.0,0.0,1.0,1.0
2847,-0.9834823,10.134966,10.025811,0.0,0.0,1.0,1.0
2848,-0.9834823,10.218268,10.176697,0.0,0.0,1.0,1.0
2849,-0.9834823,10.377106,10.292608,0.0,0.0,1.0,1.0
2850,-0.9834823,10.487724,10.372791,0.0,0.0,1.0,1.0
2851,-0.9834823,10.448613,10.454641,0.0,0.0,1.0,1.0
2852,-0.9834823,10.505482,10.49887,0.0,0.0,1.0,1.0
2853,-0.9834823,10.566867,10.506214,0.0,0.0,1.0,1.0
2854,-0.9834823,10.723616,10.475112,0.0,0.0,1.0,1.0
2855,-0.9834823,10.917831,10.454899,0.0,0.0,1.0,1.0
2856,-0.9834823,10.962788,10.438821,0.0,0.0,1.0,1.0
2857,-0.9834823,10.558325,10.4296255,0.0,0.0,1.0,1.0
2858,-0.9834823,10.17299,10.434388,0.0,0.0,1.0,1.0
2859,-0.98341405,9.761729,10.446981,0.0,0.0,1.0,1.0
2860,-0.98341405,9.9757185,10.465779,0.0,0.0,1.0,1.0
2861,-0.983412,10.184168,10.484263,0.0,0.0,1.0,1.0
2862,-0.983412,10.37738,10.501693,0.0,0.0,1.0,1.0
2863,-0.983412,10.505759,10.593317,0.0,0.0,1.0,1.0
2864,-0.983412,10.6566105,10.73825,0.0,0.0,1.0,1.0
2865,-0.9834115,10.792432,10.918382,0.0,0.0,1.0,1.0
2866,-0.9834115,10.945432,11.132325,0.0,0.0,1.0,1.0
2867,-0.9834115,11.126978,11.3084955,0.0,0.0,1.0,1.0
2868,-0.9834115,12.062283,11.456,0.0,0.0,1.0,1.0
2869,-0.9834115,12.297516,11.571518,0.0,0.0,1.0,1.0
2870,-0.983384,12.334574,11.6674,0.0,0.0,1.0,1.0
2871,-0.983384,12.329048,11.733116,0.0,0.0,1.0,1.0
2872,-0.983384,12.089764,11.766638,0.0,0.0,1.0,1.0
2873,-0.9833616,11.954234,11.769315,0.0,0.0,1.0,1.0
2874,-0.9833616,11.763584,11.74182,0.0,0.0,1.0,1.0
2875,-0.9833616,11.656354,11.618072,0.0,0.0,1.0,1.0
2876,-0.9833616,11.445193,11.457956,0.0,0.0,1.0,1.0
2877,-0.9833616,11.194697,11.274091,0.0,0.0,1.0,1.0
2878,-0.98328567,10.9775505,11.074014,0.0,0.0,1.0,1.0
2879,-0.98328567,10.7970495,10.799393,0.0,0.0,1.0,1.0
2880,-0.9832388,10.577298,10.497614,0.0,0.0,1.0,1.0
2881,-0.9832388,10.376128,10.191238,0.0,0.0,1.0,1.0
2882,-0.9832388,10.128187,9.879145,0.0,0.0,1.0,1.0
2883,-0.9832388,9.928128,9.594545,0.0,0.0,1.0,1.0
2884,-0.9832388,8.794312,9.33631,0.0,0.0,1.0,1.0
2885,-0.9832358,8.332887,9.099849,0.0,0.0,1.0,1.0
2886,-0.9832332,8.087078,8.875103,0.0,0.0,1.0,1.0
2887,-0.98321843,7.911233,8.666702,0.0,0.0,1.0,1.0
2888,-0.9832032,8.029993,8.486411,0.0,0.0,1.0,1.0
2889,-0.9832032,8.095884,8.339915,0.0,0.0,1.0,1.0
2890,-0.9832032,8.140003,8.2244425,0.0,0.0,1.0,1.0
2891,-0.9832032,8.1001,8.214668,0.0,0.0,1.0,1.0
2892,-0.9832032,8.0764885,8.25584,0.0,0.0,1.0,1.0
2893,-0.9832032,8.212641,8.33898,0.0,0.0,1.0,1.0
2894,-0.9832032,8.370241,8.462861,0.0,0.0,1.0,1.0
2895,-0.9832032,8.542447,8.615279,0.0,0.0,1.0,1.0
2896,-0.9832032,8.677028,8.795172,0.0,0.0,1.0,1.0
2897,-0.9832032,8.826947,8.999183,0.0,0.0,1.0,1.0
2898,-0.9832032,9.084746,9.227758,0.0,0.0,1.0,1.0
2899,-0.9830926,9.397812,9.490749,0.0,0.0,1.0,1.0
2900,-0.9830911,9.859015,9.76297,0.0,0.0,1.0,1.0
2901,-0.9830911,10.254594,10.051077,0.0,0.0,1.0,1.0
2902,-0.9830911,10.588136,10.350694,0.0,0.0,1.0,1.0
2903,-0.9830911,10.843007,10.674927,0.0,0.0,1.0,1.0
2904,-0.9830911,11.232379,11.007836,0.0,0.0,1.0,1.0
2905,-0.9830911,11.479291,11.332006,0.0,0.0,1.0,1.0
2906,-0.9830911,11.827516,11.645339,0.0,0.0,1.0,1.0
2907,-0.9830911,12.137856,11.923534,0.0,0.0,1.0,1.0
2908,-0.9830911,12.567826,12.216089,0.0,0.0,1.0,1.0
2909,-0.983089,12.821857,12.467732,0.0,0.0,1.0,1.0
2910,-0.983089,12.974783,12.684624,0.0,0.0,1.0,1.0
2911,-0.983089,13.1578045,12.849529,0.0,0.0,1.0,1.0
2912,-0.983089,13.197365,12.973829,0.0,0.0,1.0,1.0
2913,-0.983089,13.765253,13.0452385,0.0,0.0,1.0,1.0
2914,-0.983089,13.607853,13.077102,0.0,0.0,1.0,1.0
2915,-0.98306614,13.445704,13.038547,0.0,0.0,1.0,1.0
2916,-0.98306614,13.211239,12.949122,0.0,0.0,1.0,1.0
2917,-0.98306614,12.970899,12.797051,0.0,0.0,1.0,1.0
2918,-0.9829999,12.68442,12.599312,0.0,0.0,1.0,1.0
2919,-0.9829999,12.520217,12.370604,0.0,0.0,1.0,1.0
2920,-0.9829999,12.105163,12.077337,0.0,0.0,1.0,1.0
2921,-0.9829999,11.7487755,11.795187,0.0,0.0,1.0,1.0
2922,-0.9829999,11.149931,11.523424,0.0,0.0,1.0,1.0
2923,-0.9829999,10.784922,11.295738,0.0,0.0,1.0,1.0
2924,-0.9829999,10.452871,11.055878,0.0,0.0,1.0,1.0
2925,-0.9829204,10.246058,10.872144,0.0,0.0,1.0,1.0
2926,-0.9829204,10.222046,10.732109,0.0,0.0,1.0,1.0
2927,-0.9829204,10.18455,10.664441,0.0,0.0,1.0,1.0
2928,-0.9829204,10.479004,10.666838,0.0,0.0,1.0,1.0
2929,-0.9829204,10.092579,10.760091,0.0,0.0,1.0,1.0
2930,-0.9829204,10.479607,10.910662,0.0,0.0,1.0,1.0
2931,-0.9829204,10.8398,11.126844,0.0,0.0,1.0,1.0
2932,-0.9829204,11.293147,11.400242,0.0,0.0,1.0,1.0
2933,-0.9829204,11.77754,11.739484,0.0,0.0,1.0,1.0
2934,-0.9829204,12.268964,12.119968,0.0,0.0,1.0,1.0
2935,-0.9829204,12.591774,12.509152,0.0,0.0,1.0,1.0
2936,-0.9829204,13.047058,12.958816,0.0,0.0,1.0,1.0
2937,-0.9829204,13.52683,13.395712,0.0,0.0,1.0,1.0
2938,-0.9829179,14.29295,13.81791,0.0,0.0,1.0,1.0
2939,-0.9829179,14.750366,14.205819,0.0,0.0,1.0,1.0
2940,-0.9829179,15.14921,14.56816,0.0,0.0,1.0,1.0
2941,-0.9829179,15.488539,14.889526,0.0,0.0,1.0,1.0
2942,-0.9829179,15.722363,15.194895,0.0,0.0,1.0,1.0
2943,-0.9829179,15.906186,15.480002,0.0,0.0,1.0,1.0
2944,-0.982844,15.948051,15.732565,0.0,0.0,1.0,1.0
2945,-0.98284096,16.125635,15.935547,0.0,0.0,1.0,1.0
2946,-0.98284096,16.125349,16.1129,0.0,0.0,1.0,1.0
2947,-0.98284096,16.2562,16.275253,0.0,0.0,1.0,1.0
2948,-0.98284096,16.468348,16.422613,0.0,0.0,1.0,1.0
2949,-0.98284096,16.55758,16.551323,0.0,0.0,1.0,1.0
2950,-0.98284096,16.728737,16.67592,0.0,0.0,1.0,1.0
2951,-0.98284096,16.87859,16.795908,0.0,0.0,1.0,1.0
2952,-0.98284096,17.09746,16.898777,0.0,0.0,1.0,1.0
2953,-0.98284096,17.25685,16.992985,0.0,0.0,1.0,1.0
2954,-0.98284096,17.266893,17.06395,0.0,0.0,1.0,1.0
2955,-0.9828389,17.40136,17.091597,0.0,0.0,1.0,1.0
2956,-0.9828389,17.387894,17.09885,0.0,0.0,1.0,1.0
2957,-0.9828389,17.360075,17.077173,0.0,0.0,1.0,1.0
2958,-0.9828389,17.25583,17.016186,0.0,0.0,1.0,1.0
2959,-0.9828389,17.107775,16.895102,0.0,0.0,1.0,1.0
2960,-0.9828063,16.800116,16.728802,0.0,0.0,1.0,1.0
2961,-0.9828063,16.64463,16.525295,0.0,0.0,1.0,1.0
2962,-0.9828063,16.468609,16.287363,0.0,0.0,1.0,1.0
2963,-0.9827355,16.14673,16.015436,0.0,0.0,1.0,1.0
2964,-0.9827355,15.644456,15.708507,0.0,0.0,1.0,1.0
2965,-0.9827355,15.261253,15.383607,0.0,0.0,1.0,1.0
2966,-0.9827355,14.824813,15.043742,0.0,0.0,1.0,1.0
2967,-0.9827355,14.5461855,14.706933,0.0,0.0,1.0,1.0
2968,-0.9827355,14.124766,14.365025,0.0,0.0,1.0,1.0
2969,-0.9827355,13.67691,14.025151,0.0,0.0,1.0,1.0
2970,-0.9827131,13.3570385,13.701103,0.0,0.0,1.0,1.0
2971,-0.9827131,13.029394,13.432892,0.0,0.0,1.0,1.0
2972,-0.9827131,12.758407,13.198674,0.0,0.0,1.0,1.0
2973,-0.9827131,12.541734,13.01637,0.0,0.0,1.0,1.0
2974,-0.9827131,12.390122,12.877793,0.0,0.0,1.0,1.0
2975,-0.9827131,12.258153,12.795047,0.0,0.0,1.0,1.0
2976,-0.9827131,12.425922,12.782433,0.0,0.0,1.0,1.0
2977,-0.9827131,12.450641,12.830774,0.0,0.0,1.0,1.0
2978,-0.9827131,12.637161,12.938757,0.0,0.0,1.0,1.0
2979,-0.9827131,12.883266,13.096974,0.0,0.0,1.0,1.0
2980,-0.9827131,13.131811,13.313555,0.0,0.0,1.0,1.0
2981,-0.98266065,13.525538,13.583267,0.0,0.0,1.0,1.0
2982,-0.98266065,13.937146,13.904927,0.0,0.0,1.0,1.0
2983,-0.98266065,14.32518,14.257714,0.0,0.0,1.0,1.0
2984,-0.98266065,14.657017,14.649134,0.0,0.0,1.0,1.0
2985,-0.9826591,15.140699,15.063575,0.0,0.0,1.0,1.0
2986,-0.9826591,15.626675,15.49844,0.0,0.0,1.0,1.0
2987,-0.9826591,16.118067,15.930641,0.0,0.0,1.0,1.0
2988,-0.9826591,16.65937,16.334154,0.0,0.0,1.0,1.0
2989,-0.9826591,17.147675,16.70064,0.0,0.0,1.0,1.0
2990,-0.9826591,17.610458,17.022219,0.0,0.0,1.0,1.0
2991,-0.9826591,18.101645,17.3142,0.0,0.0,1.0,1.0
2992,-0.9826591,18.318218,17.547033,0.0,0.0,1.0,1.0
2993,-0.9826591,18.367706,17.715744,0.0,0.0,1.0,1.0
2994,-0.9826591,18.334957,17.806913,0.0,0.0,1.0,1.0
2995,-0.9826591,18.18413,17.823795,0.0,0.0,1.0,1.0
2996,-0.9826591,18.160784,17.758041,0.0,0.0,1.0,1.0
2997,-0.9826591,17.934713,17.603579,0.0,0.0,1.0,1.0
2998,-0.9826591,17.651217,17.356533,0.0,0.0,1.0,1.0
2999,-0.9826591,17.212084,17.034761,0.0,0.0,1.0,1.0
3000,-0.9825715,16.861952,16.653273,0.0,0.0,1.0,1.0
3001,-0.9825715,16.358639,16.21938,0.0,0.0,1.0,1.0
3002,-0.9825715,15.756903,15.800926,0.0,0.0,1.0,1.0
3003,-0.9825715,15.137089,15.39455,0.0,0.0,1.0,1.0
3004,-0.9825715,14.456972,14.986702,0.0,0.0,1.0,1.0
3005,-0.9825129,13.789823,14.576145,0.0,0.0,1.0,1.0
3006,-0.9825129,13.128239,14.172359,0.0,0.0,1.0,1.0
3007,-0.9825129,13.162705,13.774175,0.0,0.0,1.0,1.0
3008,-0.9825129,13.2842655,13.390366,0.0,0.0,1.0,1.0
3009,-0.9825129,13.040532,13.037852,0.0,0.0,1.0,1.0
3010,-0.9825129,12.724539,12.723858,0.0,0.0,1.0,1.0
3011,-0.9825129,12.366659,12.455623,0.0,0.0,1.0,1.0
3012,-0.9825129,12.083735,12.226919,0.0,0.0,1.0,1.0
3013,-0.9825129,11.752921,12.036981,0.0,0.0,1.0,1.0
3014,-0.9825129,11.526749,11.825184,0.0,0.0,1.0,1.0
3015,-0.98248845,11.369152,11.593201,0.0,0.0,1.0,1.0
3016,-0.98248845,11.238157,11.367951,0.0,0.0,1.0,1.0
3017,-0.98248845,11.04538,11.1571045,0.0,0.0,1.0,1.0
3018,-0.98248845,10.848969,10.905147,0.0,0.0,1.0,1.0
3019,-0.98240083,10.621142,10.630976,0.0,0.0,1.0,1.0
3020,-0.98240083,10.500473,10.365697,0.0,0.0,1.0,1.0
3021,-0.98236614,10.3375435,10.108183,0.0,0.0,1.0,1.0
3022,-0.98236614,10.194373,9.856184,0.0,0.0,1.0,1.0
3023,-0.98236614,9.343165,9.61967,0.0,0.0,1.0,1.0
3024,-0.98236614,8.793684,9.406939,0.0,0.0,1.0,1.0
3025,-0.98236614,8.569574,9.2746725,0.0,0.0,1.0,1.0
3026,-0.98236614,8.436579,9.161201,0.0,0.0,1.0,1.0
3027,-0.98236614,8.345162,9.1259365,0.0,0.0,1.0,1.0
3028,-0.98236614,8.399996,9.120762,0.0,0.0,1.0,1.0
3029,-0.98236614,8.4925995,9.143485,0.0,0.0,1.0,1.0
3030,-0.98236614,9.261779,9.326624,0.0,0.0,1.0,1.0
3031,-0.98236614,9.25948,9.579984,0.0,0.0,1.0,1.0
3032,-0.98236614,10.077307,9.882678,0.0,0.0,1.0,1.0
3033,-0.98236614,10.275449,10.227718,0.0,0.0,1.0,1.0
3034,-0.98236614,10.467051,10.613034,0.0,0.0,1.0,1.0
3035,-0.98236614,11.540831,11.003734,0.0,0.0,1.0,1.0
3036,-0.98236614,11.833998,11.415446,0.0,0.0,1.0,1.0
3037,-0.98236614,12.201905,11.805535,0.0,0.0,1.0,1.0
3038,-0.98236614,12.57706,12.235804,0.0,0.0,1.0,1.0
3039,-0.98236614,12.968956,12.618193,0.0,0.0,1.0,1.0
3040,-0.9823127,13.088389,13.013163,0.0,0.0,1.0,1.0
3041,-0.9823127,13.433149,13.359831,0.0,0.0,1.0,1.0
3042,-0.9823127,13.942854,13.652261,0.0,0.0,1.0,1.0
3043,-0.9823127,14.422697,13.883723,0.0,0.0,1.0,1.0
3044,-0.9823127,14.665973,14.112231,0.0,0.0,1.0,1.0
3045,-0.9823127,15.015095,14.33903,0.0,0.0,1.0,1.0
3046,-0.9823127,14.627064,14.483754,0.0,0.0,1.0,1.0
3047,-0.9823127,15.049985,14.625277,0.0,0.0,1.0,1.0
3048,-0.9823127,14.611557,14.792512,0.0,0.0,1.0,1.0
3049,-0.9823127,14.943991,14.96557,0.0,0.0,1.0,1.0
3050,-0.9822765,15.298648,15.096687,0.0,0.0,1.0,1.0
3051,-0.9822765,14.705648,15.201604,0.0,0.0,1.0,1.0
3052,-0.9822765,14.786661,15.264289,0.0,0.0,1.0,1.0
3053,-0.9822765,15.439968,15.32748,0.0,0.0,1.0,1.0
3054,-0.9822765,16.019558,15.328224,0.0,0.0,1.0,1.0
3055,-0.9822765,15.996103,15.332798,0.0,0.0,1.0,1.0
3056,-0.9822765,15.9249735,15.265941,0.0,0.0,1.0,1.0
3057,-0.9822765,15.76731,15.131542,0.0,0.0,1.0,1.0
3058,-0.9822765,15.385355,15.005783,0.0,0.0,1.0,1.0
3059,-0.9821965,15.058918,14.818643,0.0,0.0,1.0,1.0
3060,-0.9821965,14.66644,14.534945,0.0,0.0,1.0,1.0
3061,-0.9821965,14.141701,14.160693,0.0,0.0,1.0,1.0
3062,-0.9821965,13.685866,13.741577,0.0,0.0,1.0,1.0
3063,-0.9821965,13.196546,13.300767,0.0,0.0,1.0,1.0
3064,-0.9821965,12.540971,12.7966795,0.0,0.0,1.0,1.0
3065,-0.982194,12.035591,12.257199,0.0,0.0,1.0,1.0
3066,-0.982166,11.528541,11.728226,0.0,0.0,1.0,1.0
3067,-0.982166,10.966712,11.222184,0.0,0.0,1.0,1.0
3068,-0.982166,10.635251,10.758191,0.0,0.0,1.0,1.0
3069,-0.982166,9.718268,10.336012,0.0,0.0,1.0,1.0
3070,-0.982166,8.911589,9.965102,0.0,0.0,1.0,1.0
3071,-0.982166,8.711239,9.664616,0.0,0.0,1.0,1.0
3072,-0.982166,8.593936,9.433073,0.0,0.0,1.0,1.0
3073,-0.98209566,8.573785,9.266371,0.0,0.0,1.0,1.0
3074,-0.98209566,8.619716,9.239197,0.0,0.0,1.0,1.0
3075,-0.98209566,8.745629,9.269959,0.0,0.0,1.0,1.0
3076,-0.98209566,8.935129,9.469808,0.0,0.0,1.0,1.0
3077,-0.98209566,9.257084,9.835703,0.0,0.0,1.0,1.0
3078,-0.98209566,9.528107,10.264492,0.0,0.0,1.0,1.0
3079,-0.98209566,10.640626,10.735381,0.0,0.0,1.0,1.0
3080,-0.98209566,11.004405,11.237124,0.0,0.0,1.0,1.0
3081,-0.98209566,12.116444,11.764867,0.0,0.0,1.0,1.0
3082,-0.98209566,13.302337,12.301742,0.0,0.0,1.0,1.0
3083,-0.98209566,13.8567095,12.825635,0.0,0.0,1.0,1.0
3084,-0.98209566,14.244602,13.321938,0.0,0.0,1.0,1.0
3085,-0.98209566,14.594701,13.807946,0.0,0.0,1.0,1.0
3086,-0.98209566,14.952632,14.179858,0.0,0.0,1.0,1.0
3087,-0.98209566,15.188125,14.49894,0.0,0.0,1.0,1.0
3088,-0.98209566,15.221851,14.774692,0.0,0.0,1.0,1.0
3089,-0.98209566,15.2127075,15.012462,0.0,0.0,1.0,1.0
3090,-0.98209566,15.360216,15.186896,0.0,0.0,1.0,1.0
3091,-0.98209566,15.103568,15.388373,0.0,0.0,1.0,1.0
3092,-0.98200905,14.833394,15.545918,0.0,0.0,1.0,1.0
3093,-0.982006,15.42546,15.662563,0.0,0.0,1.0,1.0
3094,-0.982006,16.155575,15.81615,0.0,0.0,1.0,1.0
3095,-0.9819892,15.9499235,16.025415,0.0,0.0,1.0,1.0
3096,-0.9819892,16.662329,16.29457,0.0,0.0,1.0,1.0
3097,-0.9819892,16.485239,16.535488,0.0,0.0,1.0,1.0
3098,-0.9819892,16.35237,16.845524,0.0,0.0,1.0,1.0
3099,-0.9819892,17.031168,17.253218,0.0,0.0,1.0,1.0
3100,-0.9819892,17.733044,17.591349,0.0,0.0,1.0,1.0
3101,-0.9819892,18.442574,17.920624,0.0,0.0,1.0,1.0
3102,-0.9819892,18.25122,18.353445,0.0,0.0,1.0,1.0
3103,-0.9819892,18.823984,18.809734,0.0,0.0,1.0,1.0
3104,-0.9819892,19.725727,19.264893,0.0,0.0,1.0,1.0
3105,-0.9819892,19.483025,19.696121,0.0,0.0,1.0,1.0
3106,-0.9819892,20.106886,19.986961,0.0,0.0,1.0,1.0
3107,-0.9819892,21.143785,20.129436,0.0,0.0,1.0,1.0
3108,-0.9819892,22.137781,20.122442,0.0,0.0,1.0,1.0
3109,-0.9819892,21.947155,20.033281,0.0,0.0,1.0,1.0
3110,-0.9819892,21.527115,19.79694,0.0,0.0,1.0,1.0
3111,-0.981897,20.521235,19.385866,0.0,0.0,1.0,1.0
3112,-0.981897,19.442762,18.90846,0.0,0.0,1.0,1.0
3113,-0.981897,18.35864,18.412066,0.0,0.0,1.0,1.0
3114,-0.981897,17.18129,17.80882,0.0,0.0,1.0,1.0
3115,-0.981897,15.987884,17.09124,0.0,0.0,1.0,1.0
3116,-0.981897,14.792834,16.455042,0.0,0.0,1.0,1.0
3117,-0.981897,13.754158,15.765093,0.0,0.0,1.0,1.0
3118,-0.98186845,14.150146,15.0680895,0.0,0.0,1.0,1.0
3119,-0.98186845,13.904849,14.379283,0.0,0.0,1.0,1.0
3120,-0.9817992,13.5268135,13.725351,0.0,0.0,1.0,1.0
3121,-0.9817992,14.312784,13.119842,0.0,0.0,1.0,1.0
3122,-0.9817992,13.247718,12.692815,0.0,0.0,1.0,1.0
3123,-0.9817992,12.157193,12.448785,0.0,0.0,1.0,1.0
3124,-0.9817992,11.177083,12.374723,0.0,0.0,1.0,1.0
3125,-0.9817992,10.511465,12.363323,0.0,0.0,1.0,1.0
3126,-0.9817992,9.915169,12.391893,0.0,0.0,1.0,1.0
3127,-0.9817992,10.863567,12.470423,0.0,0.0,1.0,1.0
3128,-0.9817992,11.864476,12.483394,0.0,0.0,1.0,1.0
3129,-0.9817992,12.865414,12.5416355,0.0,0.0,1.0,1.0
3130,-0.9817992,14.013351,12.646686,0.0,0.0,1.0,1.0
3131,-0.9817992,14.2476845,12.778686,0.0,0.0,1.0,1.0
3132,-0.9817992,14.469172,12.909965,0.0,0.0,1.0,1.0
3133,-0.9817992,14.468427,13.099321,0.0,0.0,1.0,1.0
3134,-0.9817992,13.946626,13.279521,0.0,0.0,1.0,1.0
3135,-0.9817992,13.417793,13.397316,0.0,0.0,1.0,1.0
3136,-0.9817992,12.76108,13.455142,0.0,0.0,1.0,1.0
3137,-0.9817992,12.086819,13.414917,0.0,0.0,1.0,1.0
3138,-0.9817992,12.1874485,13.292936,0.0,0.0,1.0,1.0
3139,-0.9817192,13.025967,13.087144,0.0,0.0,1.0,1.0
3140,-0.9816978,13.278011,12.885479,0.0,0.0,1.0,1.0
3141,-0.9816978,13.559323,12.721514,0.0,0.0,1.0,1.0
3142,-0.9816978,13.530653,12.673433,0.0,0.0,1.0,1.0
3143,-0.9816978,12.783923,12.750731,0.0,0.0,1.0,1.0
3144,-0.9816978,11.999654,12.957822,0.0,0.0,1.0,1.0
3145,-0.9816978,12.048452,13.225827,0.0,0.0,1.0,1.0
3146,-0.9816978,11.979046,13.42453,0.0,0.0,1.0,1.0
3147,-0.9816978,12.840829,13.677906,0.0,0.0,1.0,1.0
3148,-0.9816978,13.688649,13.922343,0.0,0.0,1.0,1.0
3149,-0.9816978,14.571909,14.191267,0.0,0.0,1.0,1.0
3150,-0.9816978,15.403511,14.5408535,0.0,0.0,1.0,1.0
3151,-0.9816978,15.410404,15.015388,0.0,0.0,1.0,1.0
3152,-0.9816978,16.318514,15.54159,0.0,0.0,1.0,1.0
3153,-0.9816978,16.492573,16.149874,0.0,0.0,1.0,1.0
3154,-0.9816978,16.757736,16.710094,0.0,0.0,1.0,1.0
3155,-0.9816978,16.978964,17.219494,0.0,0.0,1.0,1.0
3156,-0.9816978,17.694061,17.60538,0.0,0.0,1.0,1.0
3157,-0.9816346,18.362875,17.872402,0.0,0.0,1.0,1.0
3158,-0.9816346,19.278465,18.129232,0.0,0.0,1.0,1.0
3159,-0.9816346,19.563469,18.299091,0.0,0.0,1.0,1.0
3160,-0.9816346,19.801434,18.44024,0.0,0.0,1.0,1.0
3161,-0.9816346,19.202545,18.546923,0.0,0.0,1.0,1.0
3162,-0.9816346,18.607775,18.692055,0.0,0.0,1.0,1.0
3163,-0.9816346,18.49237,18.764174,0.0,0.0,1.0,1.0
3164,-0.9816122,18.35684,18.826578,0.0,0.0,1.0,1.0
3165,-0.9816122,18.186357,18.850405,0.0,0.0,1.0,1.0
3166,-0.9816122,18.037909,18.831657,0.0,0.0,1.0,1.0
3167,-0.9816122,18.720547,18.778955,0.0,0.0,1.0,1.0
3168,-0.9816097,18.559505,18.707943,0.0,0.0,1.0,1.0
3169,-0.9816097,19.111715,18.684753,0.0,0.0,1.0,1.0
3170,-0.9816097,19.564396,18.716188,0.0,0.0,1.0,1.0
3171,-0.98151493,19.338493,18.81179,0.0,0.0,1.0,1.0
3172,-0.98151493,19.169024,18.975294,0.0,0.0,1.0,1.0
3173,-0.98151493,18.350372,19.20125,0.0,0.0,1.0,1.0
3174,-0.98151493,18.32951,19.377499,0.0,0.0,1.0,1.0
3175,-0.98151493,18.869596,19.575172,0.0,0.0,1.0,1.0
3176,-0.98151493,19.504065,19.739933,0.0,0.0,1.0,1.0
3177,-0.98151493,20.148403,19.810099,0.0,0.0,1.0,1.0
3178,-0.98151493,20.749374,19.84359,0.0,0.0,1.0,1.0
3179,-0.98151493,20.835527,19.899492,0.0,0.0,1.0,1.0
3180,-0.98151493,20.931581,20.057007,0.0,0.0,1.0,1.0
3181,-0.98151493,21.088848,20.250452,0.0,0.0,1.0,1.0
3182,-0.98151493,20.406387,20.42958,0.0,0.0,1.0,1.0
3183,-0.98151493,19.740395,20.579605,0.0,0.0,1.0,1.0
3184,-0.98151493,19.839857,20.755226,0.0,0.0,1.0,1.0
3185,-0.9814981,20.240526,20.89432,0.0,0.0,1.0,1.0
3186,-0.9814981,20.650862,21.03441,0.0,0.0,1.0,1.0
3187,-0.9814981,21.019154,21.167734,0.0,0.0,1.0,1.0
3188,-0.9814981,21.304358,21.277987,0.0,0.0,1.0,1.0
3189,-0.9814981,22.255848,21.437025,0.0,0.0,1.0,1.0
3190,-0.9814069,22.418499,21.644867,0.0,0.0,1.0,1.0
3191,-0.9814069,22.516615,21.76398,0.0,0.0,1.0,1.0
3192,-0.9814069,22.531464,21.844646,0.0,0.0,1.0,1.0
3193,-0.9814069,22.411886,21.954464,0.0,0.0,1.0,1.0
3194,-0.9814069,22.314833,22.106052,0.0,0.0,1.0,1.0
3195,-0.9814069,22.2345,22.16831,0.0,0.0,1.0,1.0
3196,-0.9814069,21.269217,22.1216,0.0,0.0,1.0,1.0
3197,-0.9814069,21.208527,21.9573,0.0,0.0,1.0,1.0
3198,-0.9814069,21.968678,21.772959,0.0,0.0,1.0,1.0
3199,-0.9814069,22.838211,21.581413,0.0,0.0,1.0,1.0
3200,-0.9814069,22.051443,21.394245,0.0,0.0,1.0,1.0
3201,-0.9814069,21.69531,21.210869,0.0,0.0,1.0,1.0
3202,-0.9814069,20.446922,21.03216,0.0,0.0,1.0,1.0
3203,-0.9814069,20.304512,20.937721,0.0,0.0,1.0,1.0
3204,-0.9814069,20.232914,20.766273,0.0,0.0,1.0,1.0
3205,-0.9814069,20.16587,20.517973,0.0,0.0,1.0,1.0
3206,-0.9814069,20.114317,20.182728,0.0,0.0,1.0,1.0
3207,-0.9814069,20.089985,19.975965,0.0,0.0,1.0,1.0
3208,-0.9813244,20.135962,19.795639,0.0,0.0,1.0,1.0
3209,-0.9813244,19.151146,19.719187,0.0,0.0,1.0,1.0
3210,-0.9813244,18.989079,19.642885,0.0,0.0,1.0,1.0
3211,-0.9813244,18.81528,19.639326,0.0,0.0,1.0,1.0
3212,-0.9813244,19.570292,19.651436,0.0,0.0,1.0,1.0
3213,-0.9813244,19.53139,19.755579,0.0,0.0,1.0,1.0
3214,-0.9813244,19.529493,19.85553,0.0,0.0,1.0,1.0
3215,-0.9812903,19.3889,19.94502,0.0,0.0,1.0,1.0
3216,-0.9812903,20.190208,20.108282,0.0,0.0,1.0,1.0
3217,-0.9812903,20.311174,20.308895,0.0,0.0,1.0,1.0
3218,-0.9812903,21.364044,20.528307,0.0,0.0,1.0,1.0
3219,-0.9812903,21.289389,20.712593,0.0,0.0,1.0,1.0
3220,-0.9812903,21.209852,20.932714,0.0,0.0,1.0,1.0
3221,-0.9812903,21.110271,21.208061,0.0,0.0,1.0,1.0
3222,-0.9812903,21.396448,21.548645,0.0,0.0,1.0,1.0
3223,-0.9812903,21.448223,21.78402,0.0,0.0,1.0,1.0
3224,-0.9812903,21.781729,21.961212,0.0,0.0,1.0,1.0
3225,-0.9812903,22.17283,22.075205,0.0,0.0,1.0,1.0
3226,-0.9812903,22.833675,22.220528,0.0,0.0,1.0,1.0
3227,-0.9812057,23.475885,22.376028,0.0,0.0,1.0,1.0
3228,-0.9811573,23.014713,22.532278,0.0,0.0,1.0,1.0
3229,-0.9811573,22.43749,22.656033,0.0,0.0,1.0,1.0
3230,-0.98115474,22.73196,22.773417,0.0,0.0,1.0,1.0
3231,-0.98115474,23.033257,22.81625,0.0,0.0,1.0,1.0
3232,-0.98115474,23.075851,22.834618,0.0,0.0,1.0,1.0
3233,-0.98115474,22.985281,22.70993,0.0,0.0,1.0,1.0
3234,-0.98115474,22.881493,22.460688,0.0,0.0,1.0,1.0
3235,-0.98115474,22.85684,22.158014,0.0,0.0,1.0,1.0
3236,-0.98115474,22.29573,21.883348,0.0,0.0,1.0,1.0
3237,-0.98115474,22.393238,21.462112,0.0,0.0,1.0,1.0
3238,-0.98115474,21.337425,20.895023,0.0,0.0,1.0,1.0
3239,-0.98115474,20.484972,20.29063,0.0,0.0,1.0,1.0
3240,-0.98115325,19.382624,19.648594,0.0,0.0,1.0,1.0
3241,-0.9811461,19.141514,18.89205,0.0,0.0,1.0,1.0
3242,-0.9811461,17.677135,18.012648,0.0,0.0,1.0,1.0
3243,-0.9811461,16.22818,17.075794,0.0,0.0,1.0,1.0
3244,-0.9811461,15.823134,16.036871,0.0,0.0,1.0,1.0
3245,-0.9811461,15.280833,14.99116,0.0,0.0,1.0,1.0
3246,-0.98113185,13.802969,13.918925,0.0,0.0,1.0,1.0
3247,-0.9810615,12.304021,12.881706,0.0,0.0,1.0,1.0
3248,-0.98106,11.053487,11.751746,0.0,0.0,1.0,1.0
3249,-0.98096985,9.926159,10.69526,0.0,0.0,1.0,1.0
3250,-0.98096985,8.788895,9.717922,0.0,0.0,1.0,1.0
3251,-0.98096985,7.618155,8.737759,0.0,0.0,1.0,1.0
3252,-0.98096985,6.935989,7.793726,0.0,0.0,1.0,1.0
3253,-0.98096985,5.581992,7.008376,0.0,0.0,1.0,1.0
3254,-0.98096985,4.9993033,6.383451,0.0,0.0,1.0,1.0
3255,-0.98096985,4.500131,5.871596,0.0,0.0,1.0,1.0
3256,-0.98096985,4.06117,5.5084295,0.0,0.0,1.0,1.0
3257,-0.98096985,3.9524417,5.2957926,0.0,0.0,1.0,1.0
3258,-0.98096985,4.3787684,5.203348,0.0,0.0,1.0,1.0
3259,-0.98096985,4.804919,5.196001,0.0,0.0,1.0,1.0
3260,-0.98096985,4.9112277,5.337506,0.0,0.0,1.0,1.0
3261,-0.98096985,5.568162,5.5652943,0.0,0.0,1.0,1.0
3262,-0.98096985,6.237254,5.876024,0.0,0.0,1.0,1.0
3263,-0.98096985,6.508821,6.262886,0.0,0.0,1.0,1.0
3264,-0.98096985,6.8478203,6.702928,0.0,0.0,1.0,1.0
3265,-0.98096985,7.2800493,7.160915,0.0,0.0,1.0,1.0
3266,-0.9808751,7.732765,7.6212463,0.0,0.0,1.0,1.0
3267,-0.9808751,8.2288885,8.068591,0.0,0.0,1.0,1.0
3268,-0.9808751,8.703518,8.453763,0.0,0.0,1.0,1.0
3269,-0.98087406,9.232946,8.765042,0.0,0.0,1.0,1.0
3270,-0.9805898,9.874606,9.042289,0.0,0.0,1.0,1.0
3271,-0.9805898,10.328895,9.312497,0.0,0.0,1.0,1.0
3272,-0.9805898,10.279371,9.511389,0.0,0.0,1.0,1.0
3273,-0.9805893,10.190224,9.623756,0.0,0.0,1.0,1.0
3274,-0.98058826,9.972606,9.678745,0.0,0.0,1.0,1.0
3275,-0.9805042,9.835774,9.669886,0.0,0.0,1.0,1.0
3276,-0.98048383,10.090318,9.587259,0.0,0.0,1.0,1.0
3277,-0.98048383,9.666759,9.444192,0.0,0.0,1.0,1.0
3278,-0.98048383,9.081177,9.256091,0.0,0.0,1.0,1.0
3279,-0.98048383,8.888744,9.0778675,0.0,0.0,1.0,1.0
3280,-0.98048383,8.597203,8.911687,0.0,0.0,1.0,1.0
3281,-0.98048383,8.241435,8.768827,0.0,0.0,1.0,1.0
3282,-0.98048383,8.157793,8.663048,0.0,0.0,1.0,1.0
3283,-0.98048383,8.071686,8.595931,0.0,0.0,1.0,1.0
3284,-0.98048383,8.140696,8.623815,0.0,0.0,1.0,1.0
3285,-0.98048383,8.19605,8.73656,0.0,0.0,1.0,1.0
3286,-0.98048383,8.2583,8.90541,0.0,0.0,1.0,1.0
3287,-0.98048383,8.566419,9.138467,0.0,0.0,1.0,1.0
3288,-0.9803886,9.284917,9.468569,0.0,0.0,1.0,1.0
3289,-0.98038656,10.001356,9.886951,0.0,0.0,1.0,1.0
3290,-0.98038656,10.434124,10.393475,0.0,0.0,1.0,1.0
3291,-0.98038656,10.914945,10.968659,0.0,0.0,1.0,1.0
3292,-0.98038656,11.39388,11.617406,0.0,0.0,1.0,1.0
3293,-0.98038656,12.202658,12.309692,0.0,0.0,1.0,1.0
3294,-0.98038656,13.178385,13.0113125,0.0,0.0,1.0,1.0
3295,-0.98038656,14.149963,13.678512,0.0,0.0,1.0,1.0
3296,-0.98038656,15.042922,14.356826,0.0,0.0,1.0,1.0
3297,-0.98038656,15.981001,15.017727,0.0,0.0,1.0,1.0
3298,-0.98038554,16.565737,15.677023,0.0,0.0,1.0,1.0
3299,-0.98038554,16.985865,16.333315,0.0,0.0,1.0,1.0
3300,-0.98038554,17.291307,16.951378,0.0,0.0,1.0,1.0
3301,-0.98038554,18.141127,17.509502,0.0,0.0,1.0,1.0
3302,-0.98038554,18.364933,17.993713,0.0,0.0,1.0,1.0
3303,-0.98038554,18.826504,18.405981,0.0,0.0,1.0,1.0
3304,-0.98038554,19.269377,18.73915,0.0,0.0,1.0,1.0
3305,-0.98038554,19.619415,19.029001,0.0,0.0,1.0,1.0
3306,-0.98038554,19.875868,19.295116,0.0,0.0,1.0,1.0
3307,-0.980302,19.960512,19.552923,0.0,0.0,1.0,1.0
3308,-0.980302,19.99012,19.746553,0.0,0.0,1.0,1.0
3309,-0.980302,19.979029,19.931417,0.0,0.0,1.0,1.0
3310,-0.980302,20.043955,20.089802,0.0,0.0,1.0,1.0
3311,-0.980302,20.179258,20.22932,0.0,0.0,1.0,1.0
3312,-0.980302,20.384981,20.311577,0.0,0.0,1.0,1.0
3313,-0.980302,20.464687,20.39073,0.0,0.0,1.0,1.0
3314,-0.980278,20.583311,20.453213,0.0,0.0,1.0,1.0
3315,-0.980278,20.727098,20.508598,0.0,0.0,1.0,1.0
3316,-0.980278,20.943604,20.560413,0.0,0.0,1.0,1.0
3317,-0.980278,20.606503,20.61277,0.0,0.0,1.0,1.0
3318,-0.980278,20.825703,20.659376,0.0,0.0,1.0,1.0
3319,-0.980278,20.710304,20.697685,0.0,0.0,1.0,1.0
3320,-0.9802464,20.654747,20.73388,0.0,0.0,1.0,1.0
3321,-0.9802464,20.600801,20.762001,0.0,0.0,1.0,1.0
3322,-0.9802464,20.672247,20.780792,0.0,0.0,1.0,1.0
3323,-0.9802464,20.73852,20.777363,0.0,0.0,1.0,1.0
3324,-0.9802464,20.844707,20.798845,0.0,0.0,1.0,1.0
3325,-0.9802464,20.898998,20.805574,0.0,0.0,1.0,1.0
3326,-0.9801675,20.920782,20.828472,0.0,0.0,1.0,1.0
3327,-0.9801675,20.952585,20.858885,0.0,0.0,1.0,1.0
3328,-0.9801675,20.902447,20.888548,0.0,0.0,1.0,1.0
3329,-0.9801675,20.86431,20.904894,0.0,0.0,1.0,1.0
3330,-0.9801675,20.90644,20.842787,0.0,0.0,1.0,1.0
3331,-0.9801675,20.985071,20.777245,0.0,0.0,1.0,1.0
3332,-0.9801675,21.019701,20.720678,0.0,0.0,1.0,1.0
3333,-0.9801675,20.956764,20.671818,0.0,0.0,1.0,1.0
3334,-0.9801675,20.868397,20.635725,0.0,0.0,1.0,1.0
3335,-0.9801675,19.993242,20.619766,0.0,0.0,1.0,1.0
3336,-0.9801675,20.058203,20.619667,0.0,0.0,1.0,1.0
3337,-0.9801675,20.220198,20.621614,0.0,0.0,1.0,1.0
3338,-0.9801675,20.334461,20.622807,0.0,0.0,1.0,1.0
3339,-0.9801675,20.519463,20.631104,0.0,0.0,1.0,1.0
3340,-0.9801675,20.710945,20.655325,0.0,0.0,1.0,1.0
3341,-0.9801675,20.863125,20.693699,0.0,0.0,1.0,1.0
3342,-0.9801675,20.929808,20.814062,0.0,0.0,1.0,1.0
3343,-0.9801675,20.999363,20.935781,0.0,0.0,1.0,1.0
3344,-0.9801675,21.11927,21.057852,0.0,0.0,1.0,1.0
3345,-0.9800559,21.24743,21.18102,0.0,0.0,1.0,1.0
3346,-0.9800559,21.328888,21.366713,0.0,0.0,1.0,1.0
3347,-0.9800559,21.437597,21.53393,0.0,0.0,1.0,1.0
3348,-0.9800559,21.518839,21.678074,0.0,0.0,1.0,1.0
3349,-0.9800559,21.685032,21.806313,0.0,0.0,1.0,1.0
3350,-0.9800559,21.812492,21.919199,0.0,0.0,1.0,1.0
3351,-0.9800559,22.747751,22.012423,0.0,0.0,1.0,1.0
3352,-0.9800559,22.717564,22.098106,0.0,0.0,1.0,1.0
3353,-0.9800559,22.592857,22.186619,0.0,0.0,1.0,1.0
3354,-0.9800559,22.468678,22.271381,0.0,0.0,1.0,1.0
3355,-0.9800559,22.353981,22.358505,0.0,0.0,1.0,1.0
3356,-0.9800559,22.23796,22.441153,0.0,0.0,1.0,1.0
3357,-0.9800559,22.275635,22.522095,0.0,0.0,1.0,1.0
3358,-0.9800559,22.391043,22.531767,0.0,0.0,1.0,1.0
3359,-0.9800559,22.454739,22.549896,0.0,0.0,1.0,1.0
3360,-0.9800559,22.564323,22.583258,0.0,0.0,1.0,1.0
3361,-0.9800559,22.676815,22.632246,0.0,0.0,1.0,1.0
3362,-0.9800559,22.783783,22.691832,0.0,0.0,1.0,1.0
3363,-0.9799683,22.863836,22.757551,0.0,0.0,1.0,1.0
3364,-0.9799683,22.935104,22.816462,0.0,0.0,1.0,1.0
3365,-0.97993773,22.993187,22.860834,0.0,0.0,1.0,1.0
3366,-0.97993773,23.056545,22.894745,0.0,0.0,1.0,1.0
3367,-0.97993773,23.069006,22.909815,0.0,0.0,1.0,1.0
3368,-0.97993773,23.026594,22.902054,0.0,0.0,1.0,1.0
3369,-0.97993773,22.982561,22.869823,0.0,0.0,1.0,1.0
3370,-0.9799194,22.923525,22.814354,0.0,0.0,1.0,1.0
3371,-0.9799194,22.861658,22.748293,0.0,0.0,1.0,1.0
3372,-0.9799194,22.745153,22.677132,0.0,0.0,1.0,1.0
3373,-0.9799194,22.583681,22.604347,0.0,0.0,1.0,1.0
3374,-0.9799194,22.39702,22.53438,0.0,0.0,1.0,1.0
3375,-0.9799194,22.19822,22.387783,0.0,0.0,1.0,1.0
3376,-0.9799194,22.14237,22.248585,0.0,0.0,1.0,1.0
3377,-0.9799194,22.13925,22.125223,0.0,0.0,1.0,1.0
3378,-0.9799194,22.183125,22.023626,0.0,0.0,1.0,1.0
3379,-0.9799194,22.229393,21.87143,0.0,0.0,1.0,1.0
3380,-0.9799194,21.267435,21.7516,0.0,0.0,1.0,1.0
3381,-0.9799194,21.312199,21.667597,0.0,0.0,1.0,1.0
3382,-0.9798435,21.443184,21.613493,0.0,0.0,1.0,1.0
3383,-0.9798435,21.642488,21.584145,0.0,0.0,1.0,1.0
3384,-0.9798435,20.918795,21.574114,0.0,0.0,1.0,1.0
3385,-0.97984046,21.145735,21.577484,0.0,0.0,1.0,1.0
3386,-0.97984046,21.388977,21.594072,0.0,0.0,1.0,1.0
3387,-0.97984046,21.548965,21.69636,0.0,0.0,1.0,1.0
3388,-0.97984046,21.7902,21.7985,0.0,0.0,1.0,1.0
3389,-0.97984046,22.018871,21.883718,0.0,0.0,1.0,1.0
3390,-0.97984046,22.223577,21.952375,0.0,0.0,1.0,1.0
3391,-0.97984046,22.42845,22.172794,0.0,0.0,1.0,1.0
3392,-0.97984046,22.494883,22.38816,0.0,0.0,1.0,1.0
3393,-0.97984046,22.537886,22.59636,0.0,0.0,1.0,1.0
3394,-0.97984046,22.465801,22.798548,0.0,0.0,1.0,1.0
3395,-0.97984046,22.466362,23.063202,0.0,0.0,1.0,1.0
3396,-0.97984046,23.563818,23.318495,0.0,0.0,1.0,1.0
3397,-0.97984046,23.730148,23.562057,0.0,0.0,1.0,1.0
3398,-0.97984046,23.88734,23.801556,0.0,0.0,1.0,1.0
3399,-0.97984046,23.975233,24.040203,0.0,0.0,1.0,1.0
3400,-0.97984046,24.96605,24.279362,0.0,0.0,1.0,1.0
3401,-0.9797686,25.08238,24.529867,0.0,0.0,1.0,1.0
3402,-0.9797686,25.146336,24.784796,0.0,0.0,1.0,1.0
3403,-0.9797686,25.302435,24.86202,0.0,0.0,1.0,1.0
3404,-0.9797686,25.358644,24.836243,0.0,0.0,1.0,1.0
3405,-0.9797686,25.407785,24.716024,0.0,0.0,1.0,1.0
3406,-0.97976756,25.471865,24.50015,0.0,0.0,1.0,1.0
3407,-0.97976756,25.525518,24.10662,0.0,0.0,1.0,1.0
3408,-0.97976756,24.490507,23.599356,0.0,0.0,1.0,1.0
3409,-0.97976756,23.420809,22.97706,0.0,0.0,1.0,1.0
3410,-0.97973245,22.444735,22.233751,0.0,0.0,1.0,1.0
3411,-0.97973245,21.384745,21.38106,0.0,0.0,1.0,1.0
3412,-0.97973245,20.24368,20.414516,0.0,0.0,1.0,1.0
3413,-0.97973245,18.995209,19.327621,0.0,0.0,1.0,1.0
3414,-0.97973245,17.678791,18.121101,0.0,0.0,1.0,1.0
3415,-0.9797003,16.38272,16.888958,0.0,0.0,1.0,1.0
3416,-0.9797003,15.1263485,15.628997,0.0,0.0,1.0,1.0
3417,-0.9797003,13.809261,14.333674,0.0,0.0,1.0,1.0
3418,-0.9797003,12.429145,13.014266,0.0,0.0,1.0,1.0
3419,-0.9797003,11.047265,11.769305,0.0,0.0,1.0,1.0
3420,-0.9796295,9.704782,10.610164,0.0,0.0,1.0,1.0
3421,-0.9796295,8.301279,9.540846,0.0,0.0,1.0,1.0
3422,-0.9796295,6.900864,8.567838,0.0,0.0,1.0,1.0
3423,-0.97959083,5.551847,7.6934986,0.0,0.0,1.0,1.0
3424,-0.97959083,5.3041463,6.9306445,0.0,0.0,1.0,1.0
3425,-0.97959083,5.0855107,6.283443,0.0,0.0,1.0,1.0
3426,-0.97959083,4.846986,5.7541966,0.0,0.0,1.0,1.0
3427,-0.97959083,4.7066236,5.3428283,0.0,0.0,1.0,1.0
3428,-0.97959083,4.6342764,5.056624,0.0,0.0,1.0,1.0
3429,-0.97959083,4.6550126,4.906016,0.0,0.0,1.0,1.0
3430,-0.97959083,4.6627226,4.8851523,0.0,0.0,1.0,1.0
3431,-0.97959083,4.6963096,4.9157434,0.0,0.0,1.0,1.0
3432,-0.97959083,4.768364,5.0039167,0.0,0.0,1.0,1.0
3433,-0.97959083,4.8668237,5.1542306,0.0,0.0,1.0,1.0
3434,-0.97959083,5.0935693,5.3563232,0.0,0.0,1.0,1.0
3435,-0.97959083,5.301486,5.6093473,0.0,0.0,1.0,1.0
3436,-0.97959083,5.6712365,5.9080753,0.0,0.0,1.0,1.0
3437,-0.97959083,6.1435924,6.2523165,0.0,0.0,1.0,1.0
3438,-0.97959083,6.6507506,6.6312914,0.0,0.0,1.0,1.0
3439,-0.97959083,7.131734,7.0470333,0.0,0.0,1.0,1.0
3440,-0.97959083,7.6705675,7.5647516,0.0,0.0,1.0,1.0
3441,-0.97959083,8.23975,8.171898,0.0,0.0,1.0,1.0
3442,-0.97951543,8.7936125,8.876069,0.0,0.0,1.0,1.0
3443,-0.9795134,9.24401,9.595173,0.0,0.0,1.0,1.0
3444,-0.9795134,9.757269,10.317833,0.0,0.0,1.0,1.0
3445,-0.9795134,11.079442,11.109397,0.0,0.0,1.0,1.0
3446,-0.9795134,12.379327,11.892078,0.0,0.0,1.0,1.0
3447,-0.9795134,13.751543,12.640533,0.0,0.0,1.0,1.0
3448,-0.9795134,14.300482,13.347956,0.0,0.0,1.0,1.0
3449,-0.9795134,14.815512,14.091305,0.0,0.0,1.0,1.0
3450,-0.9795134,16.149517,14.881124,0.0,0.0,1.0,1.0
3451,-0.9795134,16.523907,15.622821,0.0,0.0,1.0,1.0
3452,-0.9795134,16.65203,16.247923,0.0,0.0,1.0,1.0
3453,-0.9795134,16.728823,16.748262,0.0,0.0,1.0,1.0
3454,-0.9795134,17.71379,17.125938,0.0,0.0,1.0,1.0
3455,-0.97949505,18.721838,17.438015,0.0,0.0,1.0,1.0
3456,-0.97949505,18.657637,17.61347,0.0,0.0,1.0,1.0
3457,-0.97949505,18.580673,17.5869,0.0,0.0,1.0,1.0
3458,-0.97949505,18.3834,17.421036,0.0,0.0,1.0,1.0
3459,-0.97949404,18.283651,17.203764,0.0,0.0,1.0,1.0
3460,-0.97949404,18.045391,16.941084,0.0,0.0,1.0,1.0
3461,-0.9794293,16.920988,16.487942,0.0,0.0,1.0,1.0
3462,-0.9794293,15.830677,15.918961,0.0,0.0,1.0,1.0
3463,-0.9794293,14.533533,15.428075,0.0,0.0,1.0,1.0
3464,-0.9794293,14.044764,14.919619,0.0,0.0,1.0,1.0
3465,-0.9794293,13.576668,14.320053,0.0,0.0,1.0,1.0
3466,-0.9794293,12.27607,13.613299,0.0,0.0,1.0,1.0
3467,-0.9794293,11.894076,12.893782,0.0,0.0,1.0,1.0
3468,-0.97940284,12.767003,12.238947,0.0,0.0,1.0,1.0
3469,-0.97940284,12.479197,11.660271,0.0,0.0,1.0,1.0
3470,-0.97940284,11.188617,11.18095,0.0,0.0,1.0,1.0
3471,-0.97940284,9.802614,10.741643,0.0,0.0,1.0,1.0
3472,-0.97940284,9.41117,10.344495,0.0,0.0,1.0,1.0
3473,-0.9793111,9.062981,10.061946,0.0,0.0,1.0,1.0
3474,-0.9793111,8.886559,9.828001,0.0,0.0,1.0,1.0
3475,-0.9793111,8.781682,9.538131,0.0,0.0,1.0,1.0
3476,-0.9793111,8.773078,9.292697,0.0,0.0,1.0,1.0
3477,-0.9793111,8.810888,9.17888,0.0,0.0,1.0,1.0
3478,-0.9793111,8.885486,9.2063265,0.0,0.0,1.0,1.0
3479,-0.9793111,9.086744,9.196364,0.0,0.0,1.0,1.0
3480,-0.9793111,9.288557,9.244122,0.0,0.0,1.0,1.0
3481,-0.9793111,9.533984,9.340804,0.0,0.0,1.0,1.0
3482,-0.9793111,9.822811,9.486694,0.0,0.0,1.0,1.0
3483,-0.9793111,10.131975,9.677795,0.0,0.0,1.0,1.0
3484,-0.9793111,9.291628,9.901637,0.0,0.0,1.0,1.0
3485,-0.9793111,9.636062,10.148302,0.0,0.0,1.0,1.0
3486,-0.9793111,10.046756,10.398103,0.0,0.0,1.0,1.0
3487,-0.9793111,10.532358,10.713428,0.0,0.0,1.0,1.0
3488,-0.9793096,11.066294,11.096075,0.0,0.0,1.0,1.0
3489,-0.9793096,11.496985,11.47261,0.0,0.0,1.0,1.0
3490,-0.9793096,11.845476,11.843995,0.0,0.0,1.0,1.0
3491,-0.9793096,12.084343,12.30705,0.0,0.0,1.0,1.0
3492,-0.97924644,13.072453,12.759853,0.0,0.0,1.0,1.0
3493,-0.9792459,14.125761,13.188871,0.0,0.0,1.0,1.0
3494,-0.9792459,14.341238,13.591729,0.0,0.0,1.0,1.0
3495,-0.9792459,14.588587,13.968716,0.0,0.0,1.0,1.0
3496,-0.9792459,14.848281,14.325552,0.0,0.0,1.0,1.0
3497,-0.9792459,15.069706,14.669224,0.0,0.0,1.0,1.0
3498,-0.9792459,15.194979,15.009882,0.0,0.0,1.0,1.0
3499,-0.9792459,15.36665,15.276745,0.0,0.0,1.0,1.0
3500,-0.9792322,15.59013,15.4565935,0.0,0.0,1.0,1.0
3501,-0.9792322,15.779025,15.62209,0.0,0.0,1.0,1.0
3502,-0.9792322,15.969532,15.761562,0.0,0.0,1.0,1.0
3503,-0.9792322,16.172247,15.79755,0.0,0.0,1.0,1.0
3504,-0.9792322,16.274809,15.719363,0.0,0.0,1.0,1.0
3505,-0.9792322,16.283937,15.600315,0.0,0.0,1.0,1.0
3506,-0.9792322,16.327202,15.433582,0.0,0.0,1.0,1.0
3507,-0.9792322,16.262247,15.215326,0.0,0.0,1.0,1.0
3508,-0.9792322,15.280138,14.957415,0.0,0.0,1.0,1.0
3509,-0.9792322,14.131463,14.662634,0.0,0.0,1.0,1.0
3510,-0.9792322,13.766397,14.326588,0.0,0.0,1.0,1.0
3511,-0.97915727,13.365855,13.948053,0.0,0.0,1.0,1.0
3512,-0.97915727,12.971062,13.540411,0.0,0.0,1.0,1.0
3513,-0.97915727,12.684086,13.101966,0.0,0.0,1.0,1.0
3514,-0.97915727,12.432165,12.63874,0.0,0.0,1.0,1.0
3515,-0.97915727,12.139696,12.242593,0.0,0.0,1.0,1.0
3516,-0.97915727,11.732387,11.935905,0.0,0.0,1.0,1.0
3517,-0.97915727,11.392231,11.653729,0.0,0.0,1.0,1.0
3518,-0.97912264,11.065866,11.405995,0.0,0.0,1.0,1.0
3519,-0.97912264,10.703525,11.198565,0.0,0.0,1.0,1.0
3520,-0.97912264,10.526386,11.025868,0.0,0.0,1.0,1.0
3521,-0.97912264,10.451215,10.886151,0.0,0.0,1.0,1.0
3522,-0.97912264,10.38028,10.774647,0.0,0.0,1.0,1.0
3523,-0.97912264,10.393045,10.696517,0.0,0.0,1.0,1.0
3524,-0.97912264,10.481897,10.625324,0.0,0.0,1.0,1.0
3525,-0.97912264,10.611731,10.553469,0.0,0.0,1.0,1.0
3526,-0.97912264,10.755563,10.488051,0.0,0.0,1.0,1.0
3527,-0.97912264,10.801631,10.421094,0.0,0.0,1.0,1.0
3528,-0.9791206,10.794829,10.340851,0.0,0.0,1.0,1.0
3529,-0.9791206,10.53792,10.247817,0.0,0.0,1.0,1.0
3530,-0.979061,10.203604,10.139913,0.0,0.0,1.0,1.0
3531,-0.979061,9.918512,10.007454,0.0,0.0,1.0,1.0
3532,-0.979061,9.722904,9.8514185,0.0,0.0,1.0,1.0
3533,-0.979059,9.4882965,9.675885,0.0,0.0,1.0,1.0
3534,-0.979059,9.263867,9.493887,0.0,0.0,1.0,1.0
3535,-0.97898763,9.098192,9.311157,0.0,0.0,1.0,1.0
3536,-0.97898763,8.892397,9.153337,0.0,0.0,1.0,1.0
3537,-0.97898763,8.739306,9.029258,0.0,0.0,1.0,1.0
3538,-0.97898763,8.649158,8.944079,0.0,0.0,1.0,1.0
3539,-0.97898763,8.617651,8.892744,0.0,0.0,1.0,1.0
3540,-0.97898763,8.602074,8.890654,0.0,0.0,1.0,1.0
3541,-0.97898763,8.644072,9.020801,0.0,0.0,1.0,1.0
3542,-0.97898763,8.714659,9.271708,0.0,0.0,1.0,1.0
3543,-0.97898763,8.89638,9.643079,0.0,0.0,1.0,1.0
3544,-0.97898763,9.1068735,10.1297,0.0,0.0,1.0,1.0
3545,-0.978979,9.463213,10.647822,0.0,0.0,1.0,1.0
3546,-0.978979,10.825628,11.188422,0.0,0.0,1.0,1.0
3547,-0.978979,12.109083,11.741076,0.0,0.0,1.0,1.0
3548,-0.978979,13.34885,12.296118,0.0,0.0,1.0,1.0
3549,-0.978979,14.57875,12.839801,0.0,0.0,1.0,1.0
3550,-0.978979,14.86664,13.365947,0.0,0.0,1.0,1.0
3551,-0.978979,15.104841,13.87502,0.0,0.0,1.0,1.0
3552,-0.978979,15.2339325,14.355484,0.0,0.0,1.0,1.0
3553,-0.978979,15.304568,14.796973,0.0,0.0,1.0,1.0
3554,-0.97891074,15.238846,15.203543,0.0,0.0,1.0,1.0
3555,-0.97890973,15.210133,15.576897,0.0,0.0,1.0,1.0
3556,-0.97890973,15.215759,15.916678,0.0,0.0,1.0,1.0
3557,-0.97890973,15.228777,16.221163,0.0,0.0,1.0,1.0
3558,-0.97890973,16.123497,16.492428,0.0,0.0,1.0,1.0
3559,-0.97890973,16.98792,16.741356,0.0,0.0,1.0,1.0
3560,-0.97890973,17.829096,16.980637,0.0,0.0,1.0,1.0
3561,-0.97890973,18.656136,17.288446,0.0,0.0,1.0,1.0
3562,-0.97890973,18.520443,17.671232,0.0,0.0,1.0,1.0
3563,-0.97890973,18.360018,18.11368,0.0,0.0,1.0,1.0
3564,-0.97890973,18.221067,18.612179,0.0,0.0,1.0,1.0
3565,-0.97890973,18.17595,19.10656,0.0,0.0,1.0,1.0
3566,-0.97890973,18.93256,19.595722,0.0,0.0,1.0,1.0
3567,-0.97890973,19.803572,20.071465,0.0,0.0,1.0,1.0
3568,-0.97890973,20.525124,20.536623,0.0,0.0,1.0,1.0
3569,-0.97890973,21.210752,20.990915,0.0,0.0,1.0,1.0
3570,-0.97890973,22.056074,21.44516,0.0,0.0,1.0,1.0
3571,-0.97890973,22.857882,21.900066,0.0,0.0,1.0,1.0
3572,-0.9788165,23.538006,22.25747,0.0,0.0,1.0,1.0
3573,-0.97881293,24.238039,22.456953,0.0,0.0,1.0,1.0
3574,-0.97881293,23.971947,22.591623,0.0,0.0,1.0,1.0
3575,-0.97881293,23.810944,22.643612,0.0,0.0,1.0,1.0
3576,-0.97881293,23.679958,22.540762,0.0,0.0,1.0,1.0
3577,-0.97881293,22.464775,22.279158,0.0,0.0,1.0,1.0
3578,-0.97881293,21.326372,21.84262,0.0,0.0,1.0,1.0
3579,-0.9787849,21.419603,21.259424,0.0,0.0,1.0,1.0
3580,-0.9787849,21.148985,20.535221,0.0,0.0,1.0,1.0
3581,-0.9787849,19.976562,19.739546,0.0,0.0,1.0,1.0
3582,-0.9787849,18.916813,18.863245,0.0,0.0,1.0,1.0
3583,-0.9787849,17.619452,17.907541,0.0,0.0,1.0,1.0
3584,-0.9787849,16.539633,16.95821,0.0,0.0,1.0,1.0
3585,-0.9787849,15.547615,16.011871,0.0,0.0,1.0,1.0
3586,-0.9787849,14.423848,14.973025,0.0,0.0,1.0,1.0
3587,-0.9787849,13.295319,13.869877,0.0,0.0,1.0,1.0
3588,-0.9787849,12.211519,12.8731985,0.0,0.0,1.0,1.0
3589,-0.9787849,11.072805,11.97974,0.0,0.0,1.0,1.0
3590,-0.9787334,9.9703,11.107864,0.0,0.0,1.0,1.0
3591,-0.9786504,8.953449,10.2711935,0.0,0.0,1.0,1.0
3592,-0.9786504,7.911205,9.52999,0.0,0.0,1.0,1.0
3593,-0.9786504,8.016422,8.900511,0.0,0.0,1.0,1.0
3594,-0.9786494,8.195311,8.382875,0.0,0.0,1.0,1.0
3595,-0.9786494,7.156948,7.975144,0.0,0.0,1.0,1.0
3596,-0.9786494,6.499582,7.67659,0.0,0.0,1.0,1.0
3597,-0.9786494,6.6531706,7.482756,0.0,0.0,1.0,1.0
3598,-0.9786494,6.870102,7.3845525,0.0,0.0,1.0,1.0
3599,-0.9786494,7.083686,7.4016867,0.0,0.0,1.0,1.0
3600,-0.9786311,7.318747,7.4443936,0.0,0.0,1.0,1.0
3601,-0.9786295,7.4901586,7.511894,0.0,0.0,1.0,1.0
3602,-0.9786295,7.6442933,7.6864295,0.0,0.0,1.0,1.0
3603,-0.9786295,7.775002,7.9464645,0.0,0.0,1.0,1.0
3604,-0.9786295,8.11682,8.223764,0.0,0.0,1.0,1.0
3605,-0.9786295,8.528904,8.500804,0.0,0.0,1.0,1.0
3606,-0.9786295,9.005317,8.783089,0.0,0.0,1.0,1.0
3607,-0.9786295,9.251369,9.064434,0.0,0.0,1.0,1.0
3608,-0.9786295,9.6200075,9.3528385,0.0,0.0,1.0,1.0
3609,-0.9786295,9.980767,9.64935,0.0,0.0,1.0,1.0
3610,-0.9785659,10.194571,9.970806,0.0,0.0,1.0,1.0
3611,-0.9785659,10.47111,10.293823,0.0,0.0,1.0,1.0
3612,-0.9785659,10.69489,10.608164,0.0,0.0,1.0,1.0
3613,-0.9785659,10.951006,10.904661,0.0,0.0,1.0,1.0
3614,-0.9785659,11.202435,11.200787,0.0,0.0,1.0,1.0
3615,-0.9785659,11.632473,11.468744,0.0,0.0,1.0,1.0
3616,-0.9785659,11.993035,11.702369,0.0,0.0,1.0,1.0
3617,-0.9785659,12.300984,11.906686,0.0,0.0,1.0,1.0
3618,-0.9785628,12.563289,12.083274,0.0,0.0,1.0,1.0
3619,-0.9785628,12.804874,12.215895,0.0,0.0,1.0,1.0
3620,-0.9785628,12.835495,12.294288,0.0,0.0,1.0,1.0
3621,-0.9785628,12.784267,12.322798,0.0,0.0,1.0,1.0
3622,-0.9785628,12.646368,12.280426,0.0,0.0,1.0,1.0
3623,-0.9785628,12.590166,12.170754,0.0,0.0,1.0,1.0
3624,-0.97853476,12.286348,11.988227,0.0,0.0,1.0,1.0
3625,-0.97853476,11.891719,11.734985,0.0,0.0,1.0,1.0
3626,-0.97853476,11.544556,11.405803,0.0,0.0,1.0,1.0
3627,-0.97853476,11.124004,11.024119,0.0,0.0,1.0,1.0
3628,-0.97853476,10.676977,10.606044,0.0,0.0,1.0,1.0
3629,-0.9784711,10.110654,10.173002,0.0,0.0,1.0,1.0
3630,-0.9784711,9.52439,9.723521,0.0,0.0,1.0,1.0
3631,-0.9784711,8.854687,9.287774,0.0,0.0,1.0,1.0
3632,-0.9784217,8.255291,8.872244,0.0,0.0,1.0,1.0
3633,-0.9784217,7.7673683,8.480629,0.0,0.0,1.0,1.0
3634,-0.9784217,7.4498653,8.119538,0.0,0.0,1.0,1.0
3635,-0.97842014,7.1963954,7.8092475,0.0,0.0,1.0,1.0
3636,-0.97842014,7.0573835,7.5665216,0.0,0.0,1.0,1.0
3637,-0.97842014,6.905358,7.391888,0.0,0.0,1.0,1.0
3638,-0.97842014,6.8451786,7.2996755,0.0,0.0,1.0,1.0
3639,-0.97841656,6.790907,7.288441,0.0,0.0,1.0,1.0
3640,-0.9783937,6.953493,7.3548317,0.0,0.0,1.0,1.0
3641,-0.9783937,7.1979437,7.4751606,0.0,0.0,1.0,1.0
3642,-0.9783937,7.4287887,7.645883,0.0,0.0,1.0,1.0
3643,-0.97839266,7.7481337,7.853566,0.0,0.0,1.0,1.0
3644,-0.97839266,8.12048,8.098296,0.0,0.0,1.0,1.0
3645,-0.97839266,8.564056,8.356955,0.0,0.0,1.0,1.0
3646,-0.97839266,8.89381,8.62524,0.0,0.0,1.0,1.0
3647,-0.97839266,9.245067,8.868518,0.0,0.0,1.0,1.0
3648,-0.97839266,9.549579,9.089665,0.0,0.0,1.0,1.0
3649,-0.97839266,9.84212,9.288446,0.0,0.0,1.0,1.0
3650,-0.97839266,9.9490795,9.451254,0.0,0.0,1.0,1.0
3651,-0.97839266,10.01033,9.566621,0.0,0.0,1.0,1.0
3652,-0.97832286,9.872823,9.633894,0.0,0.0,1.0,1.0
3653,-0.97832286,9.851714,9.667238,0.0,0.0,1.0,1.0
3654,-0.97832286,9.814168,9.663621,0.0,0.0,1.0,1.0
3655,-0.97832286,9.701823,9.62889,0.0,0.0,1.0,1.0
3656,-0.97832286,9.504876,9.559521,0.0,0.0,1.0,1.0
3657,-0.97832286,9.371332,9.479132,0.0,0.0,1.0,1.0
3658,-0.97832286,9.293949,9.391335,0.0,0.0,1.0,1.0
3659,-0.97832286,9.201662,9.310996,0.0,0.0,1.0,1.0
3660,-0.97832286,9.132804,9.2242365,0.0,0.0,1.0,1.0
3661,-0.97832286,9.009682,9.141409,0.0,0.0,1.0,1.0
3662,-0.97832286,8.984416,9.063638,0.0,0.0,1.0,1.0
3663,-0.97832286,8.956768,9.007844,0.0,0.0,1.0,1.0
3664,-0.97832286,8.908762,8.957883,0.0,0.0,1.0,1.0
3665,-0.97832286,8.810599,8.910405,0.0,0.0,1.0,1.0
3666,-0.97832286,8.820238,8.870219,0.0,0.0,1.0,1.0
3667,-0.97832286,8.768559,8.834557,0.0,0.0,1.0,1.0
3668,-0.97832286,8.835359,8.799241,0.0,0.0,1.0,1.0
3669,-0.97832286,8.771792,8.764368,0.0,0.0,1.0,1.0
3670,-0.9782403,8.724219,8.772794,0.0,0.0,1.0,1.0
3671,-0.9782403,8.719427,8.76346,0.0,0.0,1.0,1.0
3672,-0.9782403,8.704859,8.744178,0.0,0.0,1.0,1.0
3673,-0.9782403,8.585891,8.707473,0.0,0.0,1.0,1.0
3674,-0.9782403,8.565939,8.655795,0.0,0.0,1.0,1.0
3675,-0.9782403,9.0578785,8.579371,0.0,0.0,1.0,1.0
3676,-0.9782403,8.796761,8.48982,0.0,0.0,1.0,1.0
3677,-0.9782143,8.579214,8.387999,0.0,0.0,1.0,1.0
3678,-0.9782143,8.379775,8.281137,0.0,0.0,1.0,1.0
3679,-0.9782143,8.148422,8.174732,0.0,0.0,1.0,1.0
3680,-0.9781761,7.918281,8.086165,0.0,0.0,1.0,1.0
3681,-0.9781761,7.697169,8.004859,0.0,0.0,1.0,1.0
3682,-0.9781761,7.502369,7.8839507,0.0,0.0,1.0,1.0
3683,-0.9781761,7.4370933,7.7890043,0.0,0.0,1.0,1.0
3684,-0.9781761,7.427995,7.715201,0.0,0.0,1.0,1.0
3685,-0.9781761,7.523089,7.649571,0.0,0.0,1.0,1.0
3686,-0.9781761,7.5902615,7.5488815,0.0,0.0,1.0,1.0
3687,-0.9781761,7.606981,7.473856,0.0,0.0,1.0,1.0
3688,-0.9781761,7.6574025,7.4283504,0.0,0.0,1.0,1.0
3689,-0.9780829,7.6935716,7.4198556,0.0,0.0,1.0,1.0
3690,-0.9780829,7.5922174,7.43264,0.0,0.0,1.0,1.0
3691,-0.9780829,6.9401484,7.464278,0.0,0.0,1.0,1.0
3692,-0.97808087,7.0179715,7.5077147,0.0,0.0,1.0,1.0
3693,-0.97808087,7.1511035,7.5648108,0.0,0.0,1.0,1.0
3694,-0.97808087,7.4004307,7.630762,0.0,0.0,1.0,1.0
3695,-0.97808087,7.590508,7.6952324,0.0,0.0,1.0,1.0
3696,-0.97808087,7.807655,7.7458935,0.0,0.0,1.0,1.0
3697,-0.97808087,8.044325,7.7947683,0.0,0.0,1.0,1.0
3698,-0.97808087,8.275415,7.891997,0.0,0.0,1.0,1.0
3699,-0.97808087,8.398397,7.972292,0.0,0.0,1.0,1.0
3700,-0.97808087,8.4310465,8.03745,0.0,0.0,1.0,1.0
3701,-0.97808087,8.301502,8.071548,0.0,0.0,1.0,1.0
3702,-0.97808087,8.178716,8.079423,0.0,0.0,1.0,1.0
3703,-0.97808087,8.1068945,8.057401,0.0,0.0,1.0,1.0
3704,-0.97808087,7.9815097,7.9968276,0.0,0.0,1.0,1.0
3705,-0.97808087,7.933002,7.8827868,0.0,0.0,1.0,1.0
3706,-0.97808087,7.809605,7.734585,0.0,0.0,1.0,1.0
3707,-0.97808087,7.685009,7.560377,0.0,0.0,1.0,1.0
3708,-0.9779983,7.543384,7.3759036,0.0,0.0,1.0,1.0
3709,-0.9779983,7.3174486,7.183784,0.0,0.0,1.0,1.0
3710,-0.9779983,6.9069242,6.9857078,0.0,0.0,1.0,1.0
3711,-0.9779983,6.6199756,6.7934284,0.0,0.0,1.0,1.0
3712,-0.9779983,6.3405557,6.615973,0.0,0.0,1.0,1.0
3713,-0.9779983,6.087821,6.4645014,0.0,0.0,1.0,1.0
3714,-0.9779678,5.873277,6.340064,0.0,0.0,1.0,1.0
3715,-0.9779184,5.729981,6.2442374,0.0,0.0,1.0,1.0
3716,-0.9779184,5.6741576,6.185053,0.0,0.0,1.0,1.0
3717,-0.9779184,5.8035393,6.186002,0.0,0.0,1.0,1.0
3718,-0.9779184,5.9919405,6.2382927,0.0,0.0,1.0,1.0
3719,-0.9779184,6.1917663,6.3439474,0.0,0.0,1.0,1.0
3720,-0.9779184,6.393463,6.503591,0.0,0.0,1.0,1.0
3721,-0.9779184,6.6072354,6.7166176,0.0,0.0,1.0,1.0
3722,-0.9779184,6.9183083,6.975487,0.0,0.0,1.0,1.0
3723,-0.9779184,7.247468,7.2606974,0.0,0.0,1.0,1.0
3724,-0.9779184,7.6084123,7.551519,0.0,0.0,1.0,1.0
3725,-0.9779087,8.003545,7.834811,0.0,0.0,1.0,1.0
3726,-0.9779087,8.429593,8.103292,0.0,0.0,1.0,1.0
3727,-0.9779087,8.836416,8.353704,0.0,0.0,1.0,1.0
3728,-0.9779087,9.0966835,8.583203,0.0,0.0,1.0,1.0
3729,-0.9779087,9.293397,8.785642,0.0,0.0,1.0,1.0
3730,-0.9779046,9.391446,8.959064,0.0,0.0,1.0,1.0
3731,-0.9779046,9.413542,9.111942,0.0,0.0,1.0,1.0
3732,-0.9779046,9.398409,9.253979,0.0,0.0,1.0,1.0
3733,-0.9779046,9.361217,9.368068,0.0,0.0,1.0,1.0
3734,-0.9778206,9.347575,9.449371,0.0,0.0,1.0,1.0
3735,-0.9778206,9.328526,9.509163,0.0,0.0,1.0,1.0
3736,-0.9778206,9.442955,9.547743,0.0,0.0,1.0,1.0
3737,-0.9778206,9.707986,9.578913,0.0,0.0,1.0,1.0
3738,-0.9778206,9.798663,9.608625,0.0,0.0,1.0,1.0
3739,-0.9778206,9.812063,9.654569,0.0,0.0,1.0,1.0
3740,-0.9778206,9.814181,9.71839,0.0,0.0,1.0,1.0
3741,-0.9778206,9.7563505,9.804597,0.0,0.0,1.0,1.0
3742,-0.9778206,9.765485,9.913828,0.0,0.0,1.0,1.0
3743,-0.9778206,9.770091,10.034902,0.0,0.0,1.0,1.0
3744,-0.9778206,9.949732,10.142788,0.0,0.0,1.0,1.0
3745,-0.9778206,10.127083,10.244795,0.0,0.0,1.0,1.0
3746,-0.9778206,10.382045,10.349587,0.0,0.0,1.0,1.0
3747,-0.9778206,10.6392975,10.442961,0.0,0.0,1.0,1.0
3748,-0.9778185,10.895845,10.518632,0.0,0.0,1.0,1.0
3749,-0.9778185,11.002614,10.5851555,0.0,0.0,1.0,1.0
3750,-0.9778185,11.022756,10.646487,0.0,0.0,1.0,1.0
3751,-0.9778185,11.069573,10.686349,0.0,0.0,1.0,1.0
3752,-0.9777492,10.934655,10.709611,0.0,0.0,1.0,1.0
3753,-0.9777492,10.664411,10.703794,0.0,0.0,1.0,1.0
3754,-0.9777492,10.563759,10.664593,0.0,0.0,1.0,1.0
3755,-0.9777492,10.506076,10.5956955,0.0,0.0,1.0,1.0
3756,-0.9777492,10.428076,10.516157,0.0,0.0,1.0,1.0
3757,-0.9777492,10.406226,10.430557,0.0,0.0,1.0,1.0
3758,-0.9777492,10.312239,10.336128,0.0,0.0,1.0,1.0
3759,-0.97772527,10.168888,10.2502985,0.0,0.0,1.0,1.0
3760,-0.97772527,10.069073,10.195751,0.0,0.0,1.0,1.0
3761,-0.97772527,10.048157,10.162374,0.0,0.0,1.0,1.0
3762,-0.97772527,9.995549,10.14245,0.0,0.0,1.0,1.0
3763,-0.97772527,9.936437,10.141759,0.0,0.0,1.0,1.0
3764,-0.97772527,9.904692,10.14498,0.0,0.0,1.0,1.0
3765,-0.97772527,10.009844,10.141719,0.0,0.0,1.0,1.0
3766,-0.97772527,10.163229,10.137052,0.0,0.0,1.0,1.0
3767,-0.97772527,10.266995,10.128915,0.0,0.0,1.0,1.0
3768,-0.97772527,10.419777,10.110115,0.0,0.0,1.0,1.0
3769,-0.97772527,10.444888,10.084662,0.0,0.0,1.0,1.0
3770,-0.97768503,10.273095,10.063366,0.0,0.0,1.0,1.0
3771,-0.97761524,10.11288,10.030573,0.0,0.0,1.0,1.0
3772,-0.97761524,9.9714365,9.975618,0.0,0.0,1.0,1.0
3773,-0.97761524,9.822556,9.896151,0.0,0.0,1.0,1.0
3774,-0.9776086,9.690118,9.8074465,0.0,0.0,1.0,1.0
3775,-0.9776086,9.680885,9.701772,0.0,0.0,1.0,1.0
3776,-0.9776086,9.511171,9.577551,0.0,0.0,1.0,1.0
3777,-0.9776086,9.350386,9.441698,0.0,0.0,1.0,1.0
3778,-0.9776086,9.209616,9.298939,0.0,0.0,1.0,1.0
3779,-0.9776086,9.202552,9.152972,0.0,0.0,1.0,1.0
3780,-0.9776086,9.151677,9.010593,0.0,0.0,1.0,1.0
3781,-0.9776086,8.954244,8.889944,0.0,0.0,1.0,1.0
3782,-0.9776086,8.642861,8.78523,0.0,0.0,1.0,1.0
3783,-0.9776086,8.399768,8.709833,0.0,0.0,1.0,1.0
3784,-0.9776086,8.219837,8.665161,0.0,0.0,1.0,1.0
3785,-0.9776086,8.114006,8.650216,0.0,0.0,1.0,1.0
3786,-0.9776086,8.242325,8.658287,0.0,0.0,1.0,1.0
3787,-0.9776086,8.424314,8.700096,0.0,0.0,1.0,1.0
3788,-0.9776086,8.606419,8.78703,0.0,0.0,1.0,1.0
3789,-0.9776086,8.814319,8.933683,0.0,0.0,1.0,1.0
3790,-0.9775322,9.030275,9.129303,0.0,0.0,1.0,1.0
3791,-0.9775322,9.299403,9.372342,0.0,0.0,1.0,1.0
3792,-0.9775322,9.653382,9.665975,0.0,0.0,1.0,1.0
3793,-0.9775322,9.997449,9.994845,0.0,0.0,1.0,1.0
3794,-0.9775322,10.4027,10.347229,0.0,0.0,1.0,1.0
3795,-0.9775322,10.74721,10.713766,0.0,0.0,1.0,1.0
3796,-0.9775322,11.1363,11.0858,0.0,0.0,1.0,1.0
3797,-0.9775322,11.637599,11.465804,0.0,0.0,1.0,1.0
3798,-0.9775322,12.188771,11.841016,0.0,0.0,1.0,1.0
3799,-0.9775322,12.652925,12.200643,0.0,0.0,1.0,1.0
3800,-0.9775322,13.004865,12.535115,0.0,0.0,1.0,1.0
3801,-0.9775322,13.278721,12.833048,0.0,0.0,1.0,1.0
3802,-0.9775322,13.590328,13.081332,0.0,0.0,1.0,1.0
3803,-0.9775322,13.801946,13.26665,0.0,0.0,1.0,1.0
3804,-0.9775164,13.968897,13.368894,0.0,0.0,1.0,1.0
3805,-0.9775164,14.011126,13.385517,0.0,0.0,1.0,1.0
3806,-0.9775164,13.977883,13.307744,0.0,0.0,1.0,1.0
3807,-0.9775164,13.726627,13.157456,0.0,0.0,1.0,1.0
3808,-0.9775164,13.360115,12.92981,0.0,0.0,1.0,1.0
3809,-0.9774446,12.864517,12.620958,0.0,0.0,1.0,1.0
3810,-0.97744,12.388251,12.2381,0.0,0.0,1.0,1.0
3811,-0.97744,11.71965,11.796394,0.0,0.0,1.0,1.0
3812,-0.97744,11.201418,11.308943,0.0,0.0,1.0,1.0
3813,-0.97744,10.546953,10.7757435,0.0,0.0,1.0,1.0
3814,-0.97744,9.884118,10.220141,0.0,0.0,1.0,1.0
3815,-0.9773891,9.207646,9.657123,0.0,0.0,1.0,1.0
3816,-0.9773891,8.668425,9.092443,0.0,0.0,1.0,1.0
3817,-0.9773891,8.161714,8.527178,0.0,0.0,1.0,1.0
3818,-0.9773891,7.5794907,7.993705,0.0,0.0,1.0,1.0
3819,-0.9773891,7.059395,7.4918995,0.0,0.0,1.0,1.0
3820,-0.9773891,6.603892,7.0422435,0.0,0.0,1.0,1.0
3821,-0.9773891,6.088366,6.638488,0.0,0.0,1.0,1.0
3822,-0.97733915,5.605065,6.295034,0.0,0.0,1.0,1.0
3823,-0.977277,5.317975,5.9849114,0.0,0.0,1.0,1.0
3824,-0.977277,5.1797543,5.7195864,0.0,0.0,1.0,1.0
3825,-0.977277,5.151082,5.5035667,0.0,0.0,1.0,1.0
3826,-0.977277,5.039049,5.339627,0.0,0.0,1.0,1.0
3827,-0.977277,5.086199,5.217148,0.0,0.0,1.0,1.0
3828,-0.977277,4.946958,5.1391497,0.0,0.0,1.0,1.0
3829,-0.977277,4.977808,5.096169,0.0,0.0,1.0,1.0
3830,-0.977277,4.987258,5.0810523,0.0,0.0,1.0,1.0
3831,-0.977277,5.0921164,5.0720553,0.0,0.0,1.0,1.0
3832,-0.977277,5.134146,5.0817943,0.0,0.0,1.0,1.0
3833,-0.977277,5.1523876,5.124657,0.0,0.0,1.0,1.0
3834,-0.977277,5.0892944,5.180252,0.0,0.0,1.0,1.0
3835,-0.977277,5.136573,5.2576785,0.0,0.0,1.0,1.0
3836,-0.977277,5.0717955,5.3418536,0.0,0.0,1.0,1.0
3837,-0.977277,5.2679486,5.432533,0.0,0.0,1.0,1.0
3838,-0.977277,5.5534034,5.5249257,0.0,0.0,1.0,1.0
3839,-0.977277,5.753335,5.6283417,0.0,0.0,1.0,1.0
3840,-0.977277,5.876074,5.7443504,0.0,0.0,1.0,1.0
3841,-0.977277,5.987914,5.883961,0.0,0.0,1.0,1.0
3842,-0.9771868,6.075406,6.0347414,0.0,0.0,1.0,1.0
3843,-0.9771868,6.200831,6.2082634,0.0,0.0,1.0,1.0
3844,-0.9771868,6.375139,6.387466,0.0,0.0,1.0,1.0
3845,-0.9771868,6.544494,6.567223,0.0,0.0,1.0,1.0
3846,-0.9771868,6.7646213,6.7404933,0.0,0.0,1.0,1.0
3847,-0.9771868,6.945937,6.9186845,0.0,0.0,1.0,1.0
3848,-0.9771868,7.1540594,7.094082,0.0,0.0,1.0,1.0
3849,-0.9771868,7.418379,7.263647,0.0,0.0,1.0,1.0
3850,-0.9771868,7.7104845,7.418282,0.0,0.0,1.0,1.0
3851,-0.9771868,7.8325825,7.5601683,0.0,0.0,1.0,1.0
3852,-0.9771868,8.014367,7.689331,0.0,0.0,1.0,1.0
3853,-0.9771868,8.092679,7.802895,0.0,0.0,1.0,1.0
3854,-0.9771868,8.110193,7.8942466,0.0,0.0,1.0,1.0
3855,-0.9771868,8.05645,7.9571495,0.0,0.0,1.0,1.0
3856,-0.9771868,8.077773,7.9802356,0.0,0.0,1.0,1.0
3857,-0.9771868,8.094448,7.962035,0.0,0.0,1.0,1.0
3858,-0.9771868,8.127388,7.915636,0.0,0.0,1.0,1.0
3859,-0.9771868,8.042155,7.8338943,0.0,0.0,1.0,1.0
3860,-0.97714555,7.908893,7.72801,0.0,0.0,1.0,1.0
3861,-0.97708136,7.6954136,7.6071873,0.0,0.0,1.0,1.0
3862,-0.97708136,7.4920783,7.4852066,0.0,0.0,1.0,1.0
3863,-0.97708136,7.275792,7.3596354,0.0,0.0,1.0,1.0
3864,-0.97708136,7.033469,7.233072,0.0,0.0,1.0,1.0
3865,-0.97708136,6.822067,7.103776,0.0,0.0,1.0,1.0
3866,-0.97708136,6.6603203,6.9799113,0.0,0.0,1.0,1.0
3867,-0.97705746,6.592681,6.8663,0.0,0.0,1.0,1.0
3868,-0.97705746,6.5709176,6.7698627,0.0,0.0,1.0,1.0
3869,-0.97705746,6.575689,6.7006865,0.0,0.0,1.0,1.0
3870,-0.97705746,6.575834,6.671326,0.0,0.0,1.0,1.0
3871,-0.97705746,6.5557795,6.684594,0.0,0.0,1.0,1.0
3872,-0.97705746,6.5455594,6.738166,0.0,0.0,1.0,1.0
3873,-0.97705746,6.538165,6.826076,0.0,0.0,1.0,1.0
3874,-0.97705746,6.6619616,6.9399242,0.0,0.0,1.0,1.0
3875,-0.97705746,6.92347,7.082662,0.0,0.0,1.0,1.0
3876,-0.97705746,7.192685,7.252126,0.0,0.0,1.0,1.0
3877,-0.97705746,7.46493,7.4508915,0.0,0.0,1.0,1.0
3878,-0.97705746,7.715239,7.683606,0.0,0.0,1.0,1.0
3879,-0.97697693,7.958863,7.947928,0.0,0.0,1.0,1.0
3880,-0.97697693,8.283768,8.244966,0.0,0.0,1.0,1.0
3881,-0.97697693,8.609258,8.56259,0.0,0.0,1.0,1.0
3882,-0.9769739,8.961018,8.898412,0.0,0.0,1.0,1.0
3883,-0.9769739,9.348357,9.244615,0.0,0.0,1.0,1.0
3884,-0.9769739,9.717421,9.594,0.0,0.0,1.0,1.0
3885,-0.9769739,10.10262,9.922656,0.0,0.0,1.0,1.0
3886,-0.9769739,10.473449,10.23451,0.0,0.0,1.0,1.0
3887,-0.9769739,10.953338,10.521869,0.0,0.0,1.0,1.0
3888,-0.9769739,11.347111,10.783128,0.0,0.0,1.0,1.0
3889,-0.9769739,11.657561,11.0194645,0.0,0.0,1.0,1.0
3890,-0.9769739,11.659113,11.229249,0.0,0.0,1.0,1.0
3891,-0.9769739,11.701116,11.4072485,0.0,0.0,1.0,1.0
3892,-0.9769739,11.73206,11.543364,0.0,0.0,1.0,1.0
3893,-0.9769739,11.744374,11.624528,0.0,0.0,1.0,1.0
3894,-0.9769739,11.797053,11.632217,0.0,0.0,1.0,1.0
3895,-0.9769739,11.865776,11.573701,0.0,0.0,1.0,1.0
3896,-0.9769739,11.8534155,11.457923,0.0,0.0,1.0,1.0
3897,-0.9769739,11.735997,11.307039,0.0,0.0,1.0,1.0
3898,-0.9768863,11.447415,11.116035,0.0,0.0,1.0,1.0
3899,-0.9768863,11.045616,10.88829,0.0,0.0,1.0,1.0
3900,-0.9768863,10.644909,10.628427,0.0,0.0,1.0,1.0
3901,-0.9768863,10.268226,10.355779,0.0,0.0,1.0,1.0
3902,-0.9768863,9.8485155,10.059972,0.0,0.0,1.0,1.0
3903,-0.9768863,9.409067,9.746857,0.0,0.0,1.0,1.0
3904,-0.9768863,8.999116,9.4294195,0.0,0.0,1.0,1.0
3905,-0.9768593,8.626016,9.116681,0.0,0.0,1.0,1.0
3906,-0.9768593,8.52528,8.815145,0.0,0.0,1.0,1.0
3907,-0.9768593,8.316087,8.524607,0.0,0.0,1.0,1.0
3908,-0.9768593,8.096038,8.249947,0.0,0.0,1.0,1.0
3909,-0.9768593,7.9267454,8.006175,0.0,0.0,1.0,1.0
3910,-0.9768593,7.694557,7.7987337,0.0,0.0,1.0,1.0
3911,-0.9768593,7.427173,7.624056,0.0,0.0,1.0,1.0
3912,-0.97683173,7.158461,7.4694586,0.0,0.0,1.0,1.0
3913,-0.97683173,6.9722986,7.311592,0.0,0.0,1.0,1.0
3914,-0.97683173,6.9232655,7.16709,0.0,0.0,1.0,1.0
3915,-0.97683173,6.9197664,7.036265,0.0,0.0,1.0,1.0
3916,-0.97683173,6.902982,6.9147286,0.0,0.0,1.0,1.0
3917,-0.9767711,6.770851,6.8064494,0.0,0.0,1.0,1.0
3918,-0.9767711,6.630882,6.7198143,0.0,0.0,1.0,1.0
3919,-0.9767711,6.58206,6.6574335,0.0,0.0,1.0,1.0
3920,-0.97673494,6.5261354,6.614374,0.0,0.0,1.0,1.0
3921,-0.97673494,6.468309,6.583812,0.0,0.0,1.0,1.0
3922,-0.97673494,6.3952103,6.5633783,0.0,0.0,1.0,1.0
3923,-0.97673494,6.3875484,6.559,0.0,0.0,1.0,1.0
3924,-0.97673494,6.409892,6.57745,0.0,0.0,1.0,1.0
3925,-0.97673494,6.4555855,6.628531,0.0,0.0,1.0,1.0
3926,-0.97673494,6.5565224,6.700803,0.0,0.0,1.0,1.0
3927,-0.97673494,6.674559,6.805363,0.0,0.0,1.0,1.0
3928,-0.97673494,6.8504477,6.9468765,0.0,0.0,1.0,1.0
3929,-0.97673494,6.992244,7.143787,0.0,0.0,1.0,1.0
3930,-0.97673494,7.2438583,7.3832793,0.0,0.0,1.0,1.0
3931,-0.97673494,7.44932,7.670156,0.0,0.0,1.0,1.0
3932,-0.97673494,7.7808604,8.009425,0.0,0.0,1.0,1.0
3933,-0.97673494,8.1664715,8.392944,0.0,0.0,1.0,1.0
3934,-0.97673494,8.758133,8.810174,0.0,0.0,1.0,1.0
3935,-0.97673494,9.261458,9.259071,0.0,0.0,1.0,1.0
3936,-0.97673494,9.85241,9.744687,0.0,0.0,1.0,1.0
3937,-0.97673494,10.526817,10.2621765,0.0,0.0,1.0,1.0
3938,-0.97673494,11.158755,10.815111,0.0,0.0,1.0,1.0
3939,-0.9766697,11.68131,11.392193,0.0,0.0,1.0,1.0
3940,-0.9766667,12.237222,11.990033,0.0,0.0,1.0,1.0
3941,-0.9766667,12.819627,12.577993,0.0,0.0,1.0,1.0
3942,-0.9766667,13.453739,13.166902,0.0,0.0,1.0,1.0
3943,-0.9766667,14.084534,13.737771,0.0,0.0,1.0,1.0
3944,-0.9766667,14.705834,14.275781,0.0,0.0,1.0,1.0
3945,-0.9766667,15.340558,14.765563,0.0,0.0,1.0,1.0
3946,-0.9766667,15.813659,15.21329,0.0,0.0,1.0,1.0
3947,-0.9766667,16.328356,15.602708,0.0,0.0,1.0,1.0
3948,-0.9766667,16.702845,15.925165,0.0,0.0,1.0,1.0
3949,-0.9766667,16.982933,16.169964,0.0,0.0,1.0,1.0
3950,-0.97664326,17.036142,16.341106,0.0,0.0,1.0,1.0
3951,-0.97664326,17.054033,16.431808,0.0,0.0,1.0,1.0
3952,-0.97664326,16.91023,16.430958,0.0,0.0,1.0,1.0
3953,-0.97664326,16.689121,16.335394,0.0,0.0,1.0,1.0
3954,-0.97664326,16.391327,16.144833,0.0,0.0,1.0,1.0
3955,-0.97664326,16.138243,15.866478,0.0,0.0,1.0,1.0
3956,-0.97664326,15.79426,15.503964,0.0,0.0,1.0,1.0
3957,-0.97664326,15.330338,15.081553,0.0,0.0,1.0,1.0
3958,-0.9765582,14.666898,14.604626,0.0,0.0,1.0,1.0
3959,-0.9765582,14.041621,14.094334,0.0,0.0,1.0,1.0
3960,-0.976546,13.362591,13.565971,0.0,0.0,1.0,1.0
3961,-0.976546,12.6327715,13.031473,0.0,0.0,1.0,1.0
3962,-0.976546,11.967203,12.4911,0.0,0.0,1.0,1.0
3963,-0.976546,11.330904,11.951594,0.0,0.0,1.0,1.0
3964,-0.976546,10.786729,11.425232,0.0,0.0,1.0,1.0
3965,-0.97651947,10.348774,10.934972,0.0,0.0,1.0,1.0
3966,-0.97651947,9.977349,10.486239,0.0,0.0,1.0,1.0
3967,-0.97651947,9.65377,10.091813,0.0,0.0,1.0,1.0
3968,-0.97651947,9.320182,9.76772,0.0,0.0,1.0,1.0
3969,-0.97651947,9.013996,9.518163,0.0,0.0,1.0,1.0
3970,-0.97651947,8.7837715,9.340763,0.0,0.0,1.0,1.0
3971,-0.97651947,8.6568365,9.234907,0.0,0.0,1.0,1.0
3972,-0.97651947,8.629467,9.196894,0.0,0.0,1.0,1.0
3973,-0.97651947,8.743664,9.219662,0.0,0.0,1.0,1.0
3974,-0.97651947,8.972505,9.29989,0.0,0.0,1.0,1.0
3975,-0.97651947,9.20211,9.437056,0.0,0.0,1.0,1.0
3976,-0.97651947,9.516455,9.627213,0.0,0.0,1.0,1.0
3977,-0.9764507,9.892621,9.866778,0.0,0.0,1.0,1.0
3978,-0.9764507,10.250557,10.148326,0.0,0.0,1.0,1.0
3979,-0.9764507,10.616506,10.471049,0.0,0.0,1.0,1.0
3980,-0.97644764,10.966174,10.82624,0.0,0.0,1.0,1.0
3981,-0.97644764,11.295881,11.19211,0.0,0.0,1.0,1.0
3982,-0.97644764,11.658567,11.552553,0.0,0.0,1.0,1.0
3983,-0.97644764,12.035406,11.899479,0.0,0.0,1.0,1.0
3984,-0.97644764,12.502142,12.215527,0.0,0.0,1.0,1.0
3985,-0.97644764,13.005948,12.50336,0.0,0.0,1.0,1.0
3986,-0.97644764,13.36295,12.754187,0.0,0.0,1.0,1.0
3987,-0.97644764,13.527427,12.962223,0.0,0.0,1.0,1.0
3988,-0.97644764,13.679571,13.118616,0.0,0.0,1.0,1.0
3989,-0.97644764,13.685189,13.218911,0.0,0.0,1.0,1.0
3990,-0.97644764,13.704553,13.256077,0.0,0.0,1.0,1.0
3991,-0.97644764,13.62643,13.213761,0.0,0.0,1.0,1.0
3992,-0.97644764,13.462614,13.092402,0.0,0.0,1.0,1.0
3993,-0.97644764,13.172592,12.901841,0.0,0.0,1.0,1.0
3994,-0.97644764,12.862112,12.652142,0.0,0.0,1.0,1.0
3995,-0.9764069,12.481394,12.349919,0.0,0.0,1.0,1.0
3996,-0.97632337,11.994357,12.007008,0.0,0.0,1.0,1.0
3997,-0.97632337,11.549645,11.626362,0.0,0.0,1.0,1.0
3998,-0.97632337,11.076213,11.230492,0.0,0.0,1.0,1.0
3999,-0.97632337,10.531033,10.822464,0.0,0.0,1.0,1.0
4000,-0.97632337,10.052897,10.416731,0.0,0.0,1.0,1.0
4001,-0.97632337,9.570255,10.013491,0.0,0.0,1.0,1.0
4002,-0.97632337,9.136803,9.627611,0.0,0.0,1.0,1.0
4003,-0.97632337,8.875989,9.268697,0.0,0.0,1.0,1.0
4004,-0.97632337,8.56628,8.940598,0.0,0.0,1.0,1.0
4005,-0.97632337,8.303789,8.648782,0.0,0.0,1.0,1.0
4006,-0.97632337,8.023238,8.398274,0.0,0.0,1.0,1.0
4007,-0.97632337,7.8508344,8.178936,0.0,0.0,1.0,1.0
4008,-0.97632337,7.6873884,7.990153,0.0,0.0,1.0,1.0
4009,-0.97632337,7.6124535,7.824362,0.0,0.0,1.0,1.0
4010,-0.9763004,7.574418,7.6748757,0.0,0.0,1.0,1.0
4011,-0.9763004,7.52495,7.545923,0.0,0.0,1.0,1.0
4012,-0.9763004,7.420829,7.433176,0.0,0.0,1.0,1.0
4013,-0.9763004,7.30486,7.3411627,0.0,0.0,1.0,1.0
4014,-0.97623366,7.14731,7.257793,0.0,0.0,1.0,1.0
4015,-0.97623366,7.0821586,7.197981,0.0,0.0,1.0,1.0
4016,-0.97623366,7.018848,7.168471,0.0,0.0,1.0,1.0
4017,-0.97617763,6.950823,7.1654778,0.0,0.0,1.0,1.0
4018,-0.97617763,6.9190807,7.1833344,0.0,0.0,1.0,1.0
4019,-0.97617763,6.8503966,7.2311645,0.0,0.0,1.0,1.0
4020,-0.97617763,6.9696426,7.3131943,0.0,0.0,1.0,1.0
4021,-0.97617763,7.258335,7.43165,0.0,0.0,1.0,1.0
4022,-0.97617716,7.538499,7.5830526,0.0,0.0,1.0,1.0
4023,-0.97617716,7.7392282,7.777251,0.0,0.0,1.0,1.0
4024,-0.9761654,7.9947934,8.0156355,0.0,0.0,1.0,1.0
4025,-0.97615117,8.289218,8.295318,0.0,0.0,1.0,1.0
4026,-0.97615117,8.568782,8.616294,0.0,0.0,1.0,1.0
4027,-0.97615117,8.898984,8.948284,0.0,0.0,1.0,1.0
4028,-0.97615117,9.349228,9.280334,0.0,0.0,1.0,1.0
4029,-0.97615117,9.811442,9.61073,0.0,0.0,1.0,1.0
4030,-0.97615117,10.275264,9.941911,0.0,0.0,1.0,1.0
4031,-0.97615117,10.7021055,10.253605,0.0,0.0,1.0,1.0
4032,-0.97615117,10.953533,10.519619,0.0,0.0,1.0,1.0
4033,-0.97615117,11.242941,10.733084,0.0,0.0,1.0,1.0
4034,-0.97615117,11.503243,10.887232,0.0,0.0,1.0,1.0
4035,-0.97615063,11.713391,10.964034,0.0,0.0,1.0,1.0
4036,-0.97615063,11.735123,10.977625,0.0,0.0,1.0,1.0
4037,-0.97605795,11.481394,10.918047,0.0,0.0,1.0,1.0
4038,-0.97605795,11.130362,10.789707,0.0,0.0,1.0,1.0
4039,-0.97605795,10.74876,10.60693,0.0,0.0,1.0,1.0
4040,-0.976036,10.270845,10.364133,0.0,0.0,1.0,1.0
4041,-0.976036,9.974539,10.068361,0.0,0.0,1.0,1.0
4042,-0.976036,9.560322,9.716018,0.0,0.0,1.0,1.0
4043,-0.976036,9.162035,9.329892,0.0,0.0,1.0,1.0
4044,-0.976036,8.760206,8.92406,0.0,0.0,1.0,1.0
4045,-0.976036,8.3293705,8.509663,0.0,0.0,1.0,1.0
4046,-0.976036,7.953987,8.08946,0.0,0.0,1.0,1.0
4047,-0.976036,7.4852667,7.6674385,0.0,0.0,1.0,1.0
4048,-0.976036,7.1016164,7.24654,0.0,0.0,1.0,1.0
4049,-0.976036,6.6114097,6.847367,0.0,0.0,1.0,1.0
4050,-0.976036,6.1575966,6.472883,0.0,0.0,1.0,1.0
4051,-0.976036,5.70633,6.138021,0.0,0.0,1.0,1.0
4052,-0.976036,5.206581,5.837926,0.0,0.0,1.0,1.0
4053,-0.976036,4.9237623,5.575185,0.0,0.0,1.0,1.0
4054,-0.976036,4.7702403,5.3494606,0.0,0.0,1.0,1.0
4055,-0.9759479,4.6682324,5.152398,0.0,0.0,1.0,1.0
4056,-0.9759479,4.7418585,4.9968586,0.0,0.0,1.0,1.0
4057,-0.9759479,4.728227,4.880075,0.0,0.0,1.0,1.0
4058,-0.9759479,4.8010955,4.8083982,0.0,0.0,1.0,1.0
4059,-0.9759479,4.7765784,4.7880054,0.0,0.0,1.0,1.0
4060,-0.9759479,4.7368627,4.807351,0.0,0.0,1.0,1.0
4061,-0.9759479,4.74494,4.8581815,0.0,0.0,1.0,1.0
4062,-0.9759178,4.756193,4.9373217,0.0,0.0,1.0,1.0
4063,-0.9759178,4.8462076,5.038248,0.0,0.0,1.0,1.0
4064,-0.9759168,4.9618654,5.167924,0.0,0.0,1.0,1.0
4065,-0.9759168,5.1559124,5.3161097,0.0,0.0,1.0,1.0
4066,-0.9759168,5.3802056,5.489697,0.0,0.0,1.0,1.0
4067,-0.9759168,5.617912,5.679849,0.0,0.0,1.0,1.0
4068,-0.9759168,5.952978,5.8646784,0.0,0.0,1.0,1.0
4069,-0.9759168,6.284336,6.0462418,0.0,0.0,1.0,1.0
4070,-0.9759168,6.5793242,6.2215657,0.0,0.0,1.0,1.0
4071,-0.9759168,6.8596296,6.38958,0.0,0.0,1.0,1.0
4072,-0.9759168,7.018687,6.539227,0.0,0.0,1.0,1.0
4073,-0.9759168,6.9628925,6.665879,0.0,0.0,1.0,1.0
4074,-0.97584194,6.9349527,6.7683516,0.0,0.0,1.0,1.0
4075,-0.97584194,6.950094,6.83653,0.0,0.0,1.0,1.0
4076,-0.97584194,6.9780316,6.8676515,0.0,0.0,1.0,1.0
4077,-0.9758368,6.9516783,6.863698,0.0,0.0,1.0,1.0
4078,-0.9758368,6.900027,6.826805,0.0,0.0,1.0,1.0
4079,-0.9758368,6.8475885,6.761288,0.0,0.0,1.0,1.0
4080,-0.9758368,6.771119,6.6715884,0.0,0.0,1.0,1.0
4081,-0.9758368,6.6577907,6.555392,0.0,0.0,1.0,1.0
4082,-0.9758368,6.531887,6.412181,0.0,0.0,1.0,1.0
4083,-0.9758368,6.416911,6.2391148,0.0,0.0,1.0,1.0
4084,-0.9758368,6.2324853,6.0514803,0.0,0.0,1.0,1.0
4085,-0.97578233,5.886493,5.852852,0.0,0.0,1.0,1.0
4086,-0.97578233,5.5405936,5.6720505,0.0,0.0,1.0,1.0
4087,-0.97578233,5.231567,5.4964294,0.0,0.0,1.0,1.0
4088,-0.9757783,4.901237,5.3340883,0.0,0.0,1.0,1.0
4089,-0.9757783,4.7000637,5.183998,0.0,0.0,1.0,1.0
4090,-0.9757783,4.5164876,5.043549,0.0,0.0,1.0,1.0
4091,-0.9757783,4.677972,4.922208,0.0,0.0,1.0,1.0
4092,-0.9757783,4.663664,4.834507,0.0,0.0,1.0,1.0
4093,-0.9757156,4.7097,4.778947,0.0,0.0,1.0,1.0
4094,-0.9757156,4.7308,4.758342,0.0,0.0,1.0,1.0
4095,-0.9757156,4.731526,4.7761602,0.0,0.0,1.0,1.0
4096,-0.9757156,4.7763915,4.828332,0.0,0.0,1.0,1.0
4097,-0.9757156,4.8340836,4.9129224,0.0,0.0,1.0,1.0
4098,-0.9757156,4.8738723,5.002107,0.0,0.0,1.0,1.0
4099,-0.9757156,4.984306,5.1116185,0.0,0.0,1.0,1.0
4100,-0.9757156,5.115058,5.234107,0.0,0.0,1.0,1.0
4101,-0.9757156,5.3261228,5.372957,0.0,0.0,1.0,1.0
4102,-0.9757156,5.531571,5.5013995,0.0,0.0,1.0,1.0
4103,-0.9757156,5.7481885,5.6236744,0.0,0.0,1.0,1.0
4104,-0.9757156,5.977805,5.725027,0.0,0.0,1.0,1.0
4105,-0.9757156,6.1795626,5.814241,0.0,0.0,1.0,1.0
4106,-0.97571254,6.3969994,5.881092,0.0,0.0,1.0,1.0
4107,-0.97568655,6.2728314,5.921796,0.0,0.0,1.0,1.0
4108,-0.97568655,6.24369,5.9288397,0.0,0.0,1.0,1.0
4109,-0.97568655,6.050316,5.9050665,0.0,0.0,1.0,1.0
4110,-0.97568655,5.944441,5.841146,0.0,0.0,1.0,1.0
4111,-0.97568655,5.786522,5.734676,0.0,0.0,1.0,1.0
4112,-0.97559845,5.6035037,5.5893993,0.0,0.0,1.0,1.0
4113,-0.97559845,5.4106445,5.410991,0.0,0.0,1.0,1.0
4114,-0.97559845,5.2462935,5.230985,0.0,0.0,1.0,1.0
4115,-0.97559845,4.9811454,5.043738,0.0,0.0,1.0,1.0
4116,-0.97559845,4.700163,4.8630567,0.0,0.0,1.0,1.0
4117,-0.97559845,4.4362416,4.679359,0.0,0.0,1.0,1.0
4118,-0.97559845,4.256105,4.499306,0.0,0.0,1.0,1.0
4119,-0.97559845,4.112755,4.3303475,0.0,0.0,1.0,1.0
4120,-0.97559845,3.9967232,4.1884155,0.0,0.0,1.0,1.0
4121,-0.97559845,3.8821433,4.073621,0.0,0.0,1.0,1.0
4122,-0.97559845,3.7400658,4.004114,0.0,0.0,1.0,1.0
4123,-0.97559845,3.625893,3.9866378,0.0,0.0,1.0,1.0
4124,-0.97559845,3.576,4.0252776,0.0,0.0,1.0,1.0
4125,-0.97559845,3.7074594,4.1164055,0.0,0.0,1.0,1.0
4126,-0.97559845,3.8687546,4.2624893,0.0,0.0,1.0,1.0
4127,-0.97559845,4.147067,4.464826,0.0,0.0,1.0,1.0
4128,-0.97559845,4.490447,4.7307873,0.0,0.0,1.0,1.0
4129,-0.97559845,4.899917,5.060209,0.0,0.0,1.0,1.0
4130,-0.9755597,5.349643,5.4439144,0.0,0.0,1.0,1.0
4131,-0.97549653,5.865757,5.8783402,0.0,0.0,1.0,1.0
4132,-0.97549653,6.4247646,6.349404,0.0,0.0,1.0,1.0
4133,-0.97549653,7.07368,6.855152,0.0,0.0,1.0,1.0
4134,-0.97549653,7.693121,7.386177,0.0,0.0,1.0,1.0
4135,-0.97549653,8.23036,7.9363847,0.0,0.0,1.0,1.0
4136,-0.97549605,8.78911,8.497394,0.0,0.0,1.0,1.0
4137,-0.97549605,9.360225,9.0804,0.0,0.0,1.0,1.0
4138,-0.97549605,9.937733,9.670093,0.0,0.0,1.0,1.0
4139,-0.97549605,10.519365,10.245947,0.0,0.0,1.0,1.0
4140,-0.97549605,11.092937,10.789597,0.0,0.0,1.0,1.0
4141,-0.97549605,11.632029,11.2987795,0.0,0.0,1.0,1.0
4142,-0.97549605,12.345729,11.784619,0.0,0.0,1.0,1.0
4143,-0.97549605,12.942055,12.227703,0.0,0.0,1.0,1.0
4144,-0.97549605,13.335025,12.608233,0.0,0.0,1.0,1.0
4145,-0.9754955,13.597474,12.919607,0.0,0.0,1.0,1.0
4146,-0.9754955,13.803315,13.164447,0.0,0.0,1.0,1.0
4147,-0.9754955,14.060432,13.34362,0.0,0.0,1.0,1.0
4148,-0.9754955,14.106123,13.459246,0.0,0.0,1.0,1.0
4149,-0.9754089,13.926583,13.495528,0.0,0.0,1.0,1.0
4150,-0.9754089,13.674221,13.469316,0.0,0.0,1.0,1.0
4151,-0.9754089,13.457436,13.401568,0.0,0.0,1.0,1.0
4152,-0.9753661,13.243027,13.307426,0.0,0.0,1.0,1.0
4153,-0.9753661,13.019527,13.177565,0.0,0.0,1.0,1.0
4154,-0.9753661,12.781126,13.019429,0.0,0.0,1.0,1.0
4155,-0.9753661,12.627499,12.8562975,0.0,0.0,1.0,1.0
4156,-0.9753661,12.522062,12.713267,0.0,0.0,1.0,1.0
4157,-0.9753661,12.467763,12.593391,0.0,0.0,1.0,1.0
4158,-0.9753661,12.244981,12.481298,0.0,0.0,1.0,1.0
4159,-0.9753661,12.162798,12.403702,0.0,0.0,1.0,1.0
4160,-0.9753661,12.148549,12.373881,0.0,0.0,1.0,1.0
4161,-0.9753636,12.210222,12.391138,0.0,0.0,1.0,1.0
4162,-0.9753636,12.235712,12.457613,0.0,0.0,1.0,1.0
4163,-0.97527087,12.112309,12.565935,0.0,0.0,1.0,1.0
4164,-0.97527087,12.311869,12.7108135,0.0,0.0,1.0,1.0
4165,-0.97527087,12.661683,12.909676,0.0,0.0,1.0,1.0
4166,-0.97527087,12.988211,13.14209,0.0,0.0,1.0,1.0
4167,-0.97527087,13.425202,13.399716,0.0,0.0,1.0,1.0
4168,-0.97527033,13.821926,13.660845,0.0,0.0,1.0,1.0
4169,-0.97527033,14.206294,13.949351,0.0,0.0,1.0,1.0
4170,-0.97527033,14.631334,14.235508,0.0,0.0,1.0,1.0
4171,-0.97527033,14.951763,14.534176,0.0,0.0,1.0,1.0
4172,-0.97527033,15.240066,14.798514,0.0,0.0,1.0,1.0
4173,-0.97527033,15.343773,15.032084,0.0,0.0,1.0,1.0
4174,-0.97527033,15.697787,15.21892,0.0,0.0,1.0,1.0
4175,-0.9752571,15.546189,15.352241,0.0,0.0,1.0,1.0
4176,-0.9752571,15.895882,15.434511,0.0,0.0,1.0,1.0
4177,-0.9752546,15.833748,15.463474,0.0,0.0,1.0,1.0
4178,-0.9752546,15.791052,15.434838,0.0,0.0,1.0,1.0
4179,-0.9752546,15.667219,15.351378,0.0,0.0,1.0,1.0
4180,-0.9752546,15.421784,15.231423,0.0,0.0,1.0,1.0
4181,-0.9752546,15.193537,15.051306,0.0,0.0,1.0,1.0
4182,-0.9751807,14.978886,14.854397,0.0,0.0,1.0,1.0
4183,-0.97517765,14.608134,14.59894,0.0,0.0,1.0,1.0
4184,-0.97517765,14.238546,14.327099,0.0,0.0,1.0,1.0
4185,-0.97517765,13.904313,14.005734,0.0,0.0,1.0,1.0
4186,-0.97517765,13.536379,13.67901,0.0,0.0,1.0,1.0
4187,-0.97517765,13.183286,13.317432,0.0,0.0,1.0,1.0
4188,-0.97517765,12.830395,12.955051,0.0,0.0,1.0,1.0
4189,-0.97517765,12.571654,12.598774,0.0,0.0,1.0,1.0
4190,-0.97517765,11.934683,12.28847,0.0,0.0,1.0,1.0
4191,-0.97517765,11.746522,12.012251,0.0,0.0,1.0,1.0
4192,-0.97517765,11.082858,11.776275,0.0,0.0,1.0,1.0
4193,-0.97517765,10.844957,11.5943165,0.0,0.0,1.0,1.0
4194,-0.97517765,10.703561,11.476092,0.0,0.0,1.0,1.0
4195,-0.97517765,10.884484,11.425398,0.0,0.0,1.0,1.0
4196,-0.9750793,10.923915,11.427246,0.0,0.0,1.0,1.0
4197,-0.9750793,11.072603,11.516325,0.0,0.0,1.0,1.0
4198,-0.9750793,11.352877,11.658292,0.0,0.0,1.0,1.0
4199,-0.9750793,11.764603,11.890748,0.0,0.0,1.0,1.0
4200,-0.9750793,12.222054,12.180111,0.0,0.0,1.0,1.0
4201,-0.9750793,12.5938425,12.518489,0.0,0.0,1.0,1.0
4202,-0.9750793,13.003621,12.881056,0.0,0.0,1.0,1.0
4203,-0.9750793,13.450129,13.282078,0.0,0.0,1.0,1.0
4204,-0.9750793,13.872334,13.70523,0.0,0.0,1.0,1.0
4205,-0.9750793,14.317308,14.132798,0.0,0.0,1.0,1.0
4206,-0.9750793,14.764096,14.52847,0.0,0.0,1.0,1.0
4207,-0.9750793,15.2352915,14.901072,0.0,0.0,1.0,1.0
4208,-0.9750788,15.73617,15.241742,0.0,0.0,1.0,1.0
4209,-0.9750788,16.150429,15.527381,0.0,0.0,1.0,1.0
4210,-0.9750788,16.4837,15.740682,0.0,0.0,1.0,1.0
4211,-0.9750788,16.512667,15.876473,0.0,0.0,1.0,1.0
4212,-0.9750788,16.693266,15.967772,0.0,0.0,1.0,1.0
4213,-0.9750788,16.681896,16.010778,0.0,0.0,1.0,1.0
4214,-0.9750788,16.431286,16.003769,0.0,0.0,1.0,1.0
4215,-0.9749973,16.009739,15.92845,0.0,0.0,1.0,1.0
4216,-0.9749948,15.501835,15.784968,0.0,0.0,1.0,1.0
4217,-0.9749948,15.412889,15.585987,0.0,0.0,1.0,1.0
4218,-0.9749948,15.280179,15.351893,0.0,0.0,1.0,1.0
4219,-0.9749948,15.151181,15.069042,0.0,0.0,1.0,1.0
4220,-0.9749678,14.832334,14.757637,0.0,0.0,1.0,1.0
4221,-0.9749652,14.428656,14.434358,0.0,0.0,1.0,1.0
4222,-0.9749652,14.095914,14.121854,0.0,0.0,1.0,1.0
4223,-0.9749652,13.703552,13.820547,0.0,0.0,1.0,1.0
4224,-0.9749652,13.2990465,13.49854,0.0,0.0,1.0,1.0
4225,-0.9749652,12.945034,13.172378,0.0,0.0,1.0,1.0
4226,-0.9749652,12.551938,12.861196,0.0,0.0,1.0,1.0
4227,-0.9749652,12.259685,12.56261,0.0,0.0,1.0,1.0
4228,-0.9749652,11.88616,12.275644,0.0,0.0,1.0,1.0
4229,-0.9749652,11.548796,11.995375,0.0,0.0,1.0,1.0
4230,-0.9749652,11.366235,11.716284,0.0,0.0,1.0,1.0
4231,-0.9749652,11.416999,11.464111,0.0,0.0,1.0,1.0
4232,-0.9749652,11.249302,11.262711,0.0,0.0,1.0,1.0
4233,-0.9749652,10.985066,11.112026,0.0,0.0,1.0,1.0
4234,-0.97488016,10.732678,10.995904,0.0,0.0,1.0,1.0
4235,-0.97488016,10.35447,10.919865,0.0,0.0,1.0,1.0
4236,-0.97488016,10.272969,10.889791,0.0,0.0,1.0,1.0
4237,-0.97488016,10.528232,10.894363,0.0,0.0,1.0,1.0
4238,-0.97488016,10.743719,10.914968,0.0,0.0,1.0,1.0
4239,-0.97488016,10.866218,10.972769,0.0,0.0,1.0,1.0
4240,-0.9748796,10.973692,11.081076,0.0,0.0,1.0,1.0
4241,-0.9748511,11.187905,11.237926,0.0,0.0,1.0,1.0
4242,-0.9748511,11.421104,11.441778,0.0,0.0,1.0,1.0
4243,-0.9748511,11.664259,11.688149,0.0,0.0,1.0,1.0
4244,-0.9748511,11.942912,11.9276085,0.0,0.0,1.0,1.0
4245,-0.9748511,12.284753,12.159917,0.0,0.0,1.0,1.0
4246,-0.97484857,12.614877,12.3954,0.0,0.0,1.0,1.0
4247,-0.97484857,12.8006935,12.656701,0.0,0.0,1.0,1.0
4248,-0.97484857,13.229431,12.906482,0.0,0.0,1.0,1.0
4249,-0.97484857,13.401739,13.149193,0.0,0.0,1.0,1.0
4250,-0.97484857,13.531421,13.378346,0.0,0.0,1.0,1.0
4251,-0.97484857,13.692011,13.596343,0.0,0.0,1.0,1.0
4252,-0.97484857,14.109308,13.79173,0.0,0.0,1.0,1.0
4253,-0.97476804,14.185272,13.9725895,0.0,0.0,1.0,1.0
4254,-0.97476804,14.333643,14.156441,0.0,0.0,1.0,1.0
4255,-0.97476804,14.414103,14.33064,0.0,0.0,1.0,1.0
4256,-0.974767,14.558861,14.494623,0.0,0.0,1.0,1.0
4257,-0.974767,14.629399,14.682565,0.0,0.0,1.0,1.0
4258,-0.974767,14.785198,14.877335,0.0,0.0,1.0,1.0
4259,-0.974767,15.006905,15.081745,0.0,0.0,1.0,1.0
4260,-0.97469777,15.319819,15.324914,0.0,0.0,1.0,1.0
4261,-0.97469777,15.369544,15.604296,0.0,0.0,1.0,1.0
4262,-0.97469777,15.786712,15.932444,0.0,0.0,1.0,1.0
4263,-0.97469777,16.029247,16.278435,0.0,0.0,1.0,1.0
4264,-0.97469777,16.562237,16.656507,0.0,0.0,1.0,1.0
4265,-0.9746947,17.103296,17.05228,0.0,0.0,1.0,1.0
4266,-0.9746947,17.686234,17.44601,0.0,0.0,1.0,1.0
4267,-0.9746947,18.351877,17.823425,0.0,0.0,1.0,1.0
4268,-0.9746947,18.710758,18.233845,0.0,0.0,1.0,1.0
4269,-0.9746947,19.166262,18.609957,0.0,0.0,1.0,1.0
4270,-0.9746937,19.53448,18.95875,0.0,0.0,1.0,1.0
4271,-0.9746937,19.731651,19.245935,0.0,0.0,1.0,1.0
4272,-0.9746937,19.848799,19.485449,0.0,0.0,1.0,1.0
4273,-0.9746937,20.29459,19.638117,0.0,0.0,1.0,1.0
4274,-0.9746937,20.30005,19.708967,0.0,0.0,1.0,1.0
4275,-0.9746937,20.214758,19.69731,0.0,0.0,1.0,1.0
4276,-0.9746937,20.008469,19.596355,0.0,0.0,1.0,1.0
4277,-0.9746937,19.977448,19.40968,0.0,0.0,1.0,1.0
4278,-0.9746937,19.518267,19.153969,0.0,0.0,1.0,1.0
4279,-0.97462136,19.202082,18.831234,0.0,0.0,1.0,1.0
4280,-0.97461575,18.570858,18.411762,0.0,0.0,1.0,1.0
4281,-0.97461575,17.95482,17.937988,0.0,0.0,1.0,1.0
4282,-0.97461575,17.294373,17.447617,0.0,0.0,1.0,1.0
4283,-0.97461575,16.66312,16.99596,0.0,0.0,1.0,1.0
4284,-0.97461575,15.975971,16.537277,0.0,0.0,1.0,1.0
4285,-0.97461575,15.260929,16.138514,0.0,0.0,1.0,1.0
4286,-0.97461575,14.614767,15.748486,0.0,0.0,1.0,1.0
4287,-0.97461575,14.330303,15.399447,0.0,0.0,1.0,1.0
4288,-0.97461575,14.588589,15.092355,0.0,0.0,1.0,1.0
4289,-0.97461575,14.473244,14.836041,0.0,0.0,1.0,1.0
4290,-0.97461575,14.733096,14.668256,0.0,0.0,1.0,1.0
4291,-0.97461575,14.521757,14.5953865,0.0,0.0,1.0,1.0
4292,-0.97461575,14.382401,14.617623,0.0,0.0,1.0,1.0
4293,-0.97461575,14.269709,14.692103,0.0,0.0,1.0,1.0
4294,-0.97461575,14.218609,14.820713,0.0,0.0,1.0,1.0
4295,-0.97461575,14.649693,14.91775,0.0,0.0,1.0,1.0
4296,-0.97461575,15.101538,15.014378,0.0,0.0,1.0,1.0
4297,-0.97461575,15.527774,15.069944,0.0,0.0,1.0,1.0
4298,-0.9745322,15.508525,15.123902,0.0,0.0,1.0,1.0
4299,-0.9745322,15.873629,15.131982,0.0,0.0,1.0,1.0
4300,-0.9745322,15.753035,15.09582,0.0,0.0,1.0,1.0
4301,-0.9745322,15.632765,15.012767,0.0,0.0,1.0,1.0
4302,-0.9745322,15.3998995,14.931686,0.0,0.0,1.0,1.0
4303,-0.9745322,15.169251,14.8491,0.0,0.0,1.0,1.0
4304,-0.9745322,14.479353,14.72511,0.0,0.0,1.0,1.0
4305,-0.974496,13.835775,14.639592,0.0,0.0,1.0,1.0
4306,-0.9744145,13.221967,14.520116,0.0,0.0,1.0,1.0
4307,-0.9744145,13.676721,14.4090605,0.0,0.0,1.0,1.0
4308,-0.9744145,14.110514,14.309223,0.0,0.0,1.0,1.0
4309,-0.9744145,14.039892,14.270087,0.0,0.0,1.0,1.0
4310,-0.97440636,14.482307,14.212282,0.0,0.0,1.0,1.0
4311,-0.9743865,14.43991,14.256335,0.0,0.0,1.0,1.0
4312,-0.974386,14.42037,14.359605,0.0,0.0,1.0,1.0
4313,-0.974386,14.434714,14.525075,0.0,0.0,1.0,1.0
4314,-0.974386,14.93027,14.660893,0.0,0.0,1.0,1.0
4315,-0.974386,14.47559,14.775428,0.0,0.0,1.0,1.0
4316,-0.974386,15.007992,14.895332,0.0,0.0,1.0,1.0
4317,-0.974386,15.0750065,14.970342,0.0,0.0,1.0,1.0
4318,-0.974386,15.20761,14.990262,0.0,0.0,1.0,1.0
4319,-0.9743845,15.306543,14.952112,0.0,0.0,1.0,1.0
4320,-0.9743748,15.484933,14.89467,0.0,0.0,1.0,1.0
4321,-0.9743748,15.47874,14.73683,0.0,0.0,1.0,1.0
4322,-0.9743748,15.382418,14.561331,0.0,0.0,1.0,1.0
4323,-0.9743748,14.678957,14.287218,0.0,0.0,1.0,1.0
4324,-0.9743748,13.962578,13.949799,0.0,0.0,1.0,1.0
4325,-0.9742877,13.745401,13.547582,0.0,0.0,1.0,1.0
4326,-0.9742877,13.036192,13.127823,0.0,0.0,1.0,1.0
4327,-0.9742877,12.369599,12.691699,0.0,0.0,1.0,1.0
4328,-0.9742877,11.718645,12.248781,0.0,0.0,1.0,1.0
4329,-0.9742877,11.025965,11.812237,0.0,0.0,1.0,1.0
4330,-0.9742877,10.381009,11.430886,0.0,0.0,1.0,1.0
4331,-0.9742877,10.269432,11.09553,0.0,0.0,1.0,1.0
4332,-0.9742877,10.251448,10.77668,0.0,0.0,1.0,1.0
4333,-0.9742877,10.16373,10.522791,0.0,0.0,1.0,1.0
4334,-0.9742877,10.143881,10.338163,0.0,0.0,1.0,1.0
4335,-0.9742877,10.102756,10.220559,0.0,0.0,1.0,1.0
4336,-0.9742877,9.938294,10.175132,0.0,0.0,1.0,1.0
4337,-0.9742877,9.919206,10.202978,0.0,0.0,1.0,1.0
4338,-0.9742877,9.989522,10.297767,0.0,0.0,1.0,1.0
4339,-0.9742877,10.154071,10.411766,0.0,0.0,1.0,1.0
4340,-0.9742877,10.307392,10.589334,0.0,0.0,1.0,1.0
4341,-0.9742877,10.480845,10.823766,0.0,0.0,1.0,1.0
4342,-0.9742877,10.715162,11.117044,0.0,0.0,1.0,1.0
4343,-0.9742291,11.406897,11.383118,0.0,0.0,1.0,1.0
4344,-0.9742291,11.619433,11.658485,0.0,0.0,1.0,1.0
4345,-0.9742291,12.2945385,11.927421,0.0,0.0,1.0,1.0
4346,-0.9742291,12.95707,12.1848955,0.0,0.0,1.0,1.0
4347,-0.9742291,13.622102,12.432707,0.0,0.0,1.0,1.0
4348,-0.9742291,13.131175,12.670393,0.0,0.0,1.0,1.0
4349,-0.9742291,13.223621,12.890702,0.0,0.0,1.0,1.0
4350,-0.9741985,13.21674,13.093458,0.0,0.0,1.0,1.0
4351,-0.9741985,13.243768,13.271752,0.0,0.0,1.0,1.0
4352,-0.9741985,13.281129,13.391324,0.0,0.0,1.0,1.0
4353,-0.9741985,13.333075,13.44804,0.0,0.0,1.0,1.0
4354,-0.9741985,13.358881,13.402397,0.0,0.0,1.0,1.0
4355,-0.97416437,13.839962,13.387087,0.0,0.0,1.0,1.0
4356,-0.97416437,13.758972,13.365565,0.0,0.0,1.0,1.0
4357,-0.97416437,13.729393,13.290871,0.0,0.0,1.0,1.0
4358,-0.97416437,13.637665,13.206766,0.0,0.0,1.0,1.0
4359,-0.97416437,13.07439,13.160222,0.0,0.0,1.0,1.0
4360,-0.97416437,12.94745,13.097523,0.0,0.0,1.0,1.0
4361,-0.97416437,12.965363,13.023406,0.0,0.0,1.0,1.0
4362,-0.9740671,12.320397,12.943628,0.0,0.0,1.0,1.0
4363,-0.9740671,12.234515,12.859295,0.0,0.0,1.0,1.0
4364,-0.9740671,12.722604,12.767396,0.0,0.0,1.0,1.0
4365,-0.974062,12.580682,12.676018,0.0,0.0,1.0,1.0
4366,-0.974062,12.46948,12.581985,0.0,0.0,1.0,1.0
4367,-0.974062,12.88263,12.496346,0.0,0.0,1.0,1.0
4368,-0.974062,12.746971,12.400377,0.0,0.0,1.0,1.0
4369,-0.974062,12.626608,12.34844,0.0,0.0,1.0,1.0
4370,-0.974062,12.541129,12.302143,0.0,0.0,1.0,1.0
4371,-0.974062,11.945999,12.227139,0.0,0.0,1.0,1.0
4372,-0.974062,11.919779,12.129768,0.0,0.0,1.0,1.0
4373,-0.974062,11.813732,12.06782,0.0,0.0,1.0,1.0
4374,-0.974062,11.69715,11.959941,0.0,0.0,1.0,1.0
4375,-0.974062,11.678951,11.8552885,0.0,0.0,1.0,1.0
4376,-0.974062,11.822557,11.803451,0.0,0.0,1.0,1.0
4377,-0.974062,11.412229,11.800344,0.0,0.0,1.0,1.0
4378,-0.974062,11.726104,11.84709,0.0,0.0,1.0,1.0
4379,-0.974062,11.588085,11.945251,0.0,0.0,1.0,1.0
4380,-0.974062,11.491135,12.110216,0.0,0.0,1.0,1.0
4381,-0.9739805,12.004562,12.329604,0.0,0.0,1.0,1.0
4382,-0.9739805,12.503845,12.598137,0.0,0.0,1.0,1.0
4383,-0.9739805,12.506947,12.906693,0.0,0.0,1.0,1.0
4384,-0.9739805,13.097724,13.303704,0.0,0.0,1.0,1.0
4385,-0.9739805,13.79331,13.728149,0.0,0.0,1.0,1.0
4386,-0.97398,14.329801,14.204795,0.0,0.0,1.0,1.0
4387,-0.97398,14.901341,14.712653,0.0,0.0,1.0,1.0
4388,-0.97398,15.525244,15.192775,0.0,0.0,1.0,1.0
4389,-0.97398,16.176352,15.630631,0.0,0.0,1.0,1.0
4390,-0.97398,16.819447,16.047422,0.0,0.0,1.0,1.0
4391,-0.97398,17.307833,16.38352,0.0,0.0,1.0,1.0
4392,-0.97398,17.585438,16.621717,0.0,0.0,1.0,1.0
4393,-0.97398,17.76602,16.795195,0.0,0.0,1.0,1.0
4394,-0.97398,17.758125,16.896729,0.0,0.0,1.0,1.0
4395,-0.9739601,17.508446,16.949333,0.0,0.0,1.0,1.0
4396,-0.9739601,17.130896,16.941319,0.0,0.0,1.0,1.0
4397,-0.9739601,16.65166,16.88354,0.0,0.0,1.0,1.0
4398,-0.9739601,16.411533,16.78775,0.0,0.0,1.0,1.0
4399,-0.9739601,16.119759,16.66987,0.0,0.0,1.0,1.0
4400,-0.97382766,16.15648,16.536737,0.0,0.0,1.0,1.0
4401,-0.9737859,16.08018,16.40291,0.0,0.0,1.0,1.0
4402,-0.9737859,16.1261,16.277088,0.0,0.0,1.0,1.0
4403,-0.9737859,16.158375,16.18185,0.0,0.0,1.0,1.0
4404,-0.9737859,16.170868,16.127909,0.0,0.0,1.0,1.0
4405,-0.9737859,16.168417,16.10815,0.0,0.0,1.0,1.0
4406,-0.9737833,16.152199,16.106249,0.0,0.0,1.0,1.0
4407,-0.9737584,15.998601,16.097855,0.0,0.0,1.0,1.0
4408,-0.9737436,15.988044,16.10997,0.0,0.0,1.0,1.0
4409,-0.9737426,16.004358,16.15417,0.0,0.0,1.0,1.0
4410,-0.9737426,16.174425,16.238932,0.0,0.0,1.0,1.0
4411,-0.9737426,16.096931,16.339752,0.0,0.0,1.0,1.0
4412,-0.9737426,16.055761,16.426828,0.0,0.0,1.0,1.0
4413,-0.9737406,16.225565,16.503273,0.0,0.0,1.0,1.0
4414,-0.9737406,16.656475,16.6133,0.0,0.0,1.0,1.0
4415,-0.9737406,17.175533,16.747396,0.0,0.0,1.0,1.0
4416,-0.9737406,17.380714,16.904438,0.0,0.0,1.0,1.0
4417,-0.9737406,17.213335,17.076656,0.0,0.0,1.0,1.0
4418,-0.9737406,17.069525,17.263836,0.0,0.0,1.0,1.0
4419,-0.9737406,17.318935,17.502338,0.0,0.0,1.0,1.0
4420,-0.97368044,17.597198,17.777649,0.0,0.0,1.0,1.0
4421,-0.9736799,17.888868,18.06363,0.0,0.0,1.0,1.0
4422,-0.9736799,18.241041,18.38453,0.0,0.0,1.0,1.0
4423,-0.9736799,18.343075,18.77256,0.0,0.0,1.0,1.0
4424,-0.9736799,18.917797,19.246208,0.0,0.0,1.0,1.0
4425,-0.9736799,19.529287,19.759295,0.0,0.0,1.0,1.0
4426,-0.9736799,20.088251,20.270153,0.0,0.0,1.0,1.0
4427,-0.9736789,21.02633,20.768003,0.0,0.0,1.0,1.0
4428,-0.9736789,22.037075,21.244225,0.0,0.0,1.0,1.0
4429,-0.9736789,22.897114,21.723585,0.0,0.0,1.0,1.0
4430,-0.9736789,23.22656,22.185976,0.0,0.0,1.0,1.0
4431,-0.9736789,23.449245,22.584036,0.0,0.0,1.0,1.0
4432,-0.9736789,23.571402,22.914276,0.0,0.0,1.0,1.0
4433,-0.9736789,23.603508,23.176704,0.0,0.0,1.0,1.0
4434,-0.9736789,23.993385,23.374775,0.0,0.0,1.0,1.0
4435,-0.9736789,23.891766,23.45672,0.0,0.0,1.0,1.0
4436,-0.9736789,23.694506,23.43396,0.0,0.0,1.0,1.0
4437,-0.9736789,23.49216,23.352552,0.0,0.0,1.0,1.0
4438,-0.9736789,23.237402,23.22166,0.0,0.0,1.0,1.0
4439,-0.9736081,23.40317,23.048597,0.0,0.0,1.0,1.0
4440,-0.9736081,23.020428,22.800505,0.0,0.0,1.0,1.0
4441,-0.9736081,22.623985,22.490305,0.0,0.0,1.0,1.0
4442,-0.9736081,22.249678,22.118902,0.0,0.0,1.0,1.0
4443,-0.9736081,21.878538,21.736378,0.0,0.0,1.0,1.0
4444,-0.9736081,21.49464,21.336237,0.0,0.0,1.0,1.0
4445,-0.97357297,20.626389,20.892445,0.0,0.0,1.0,1.0
4446,-0.97353524,20.271,20.418325,0.0,0.0,1.0,1.0
4447,-0.97353524,19.434923,19.967936,0.0,0.0,1.0,1.0
4448,-0.97353524,19.104214,19.544712,0.0,0.0,1.0,1.0
4449,-0.97353524,18.69047,19.152843,0.0,0.0,1.0,1.0
4450,-0.97353524,17.911901,18.796558,0.0,0.0,1.0,1.0
4451,-0.97353524,17.713737,18.484106,0.0,0.0,1.0,1.0
4452,-0.97353524,17.615744,18.257694,0.0,0.0,1.0,1.0
4453,-0.97353524,17.545301,18.07499,0.0,0.0,1.0,1.0
4454,-0.97353524,17.547274,17.94663,0.0,0.0,1.0,1.0
4455,-0.97353524,17.603096,17.867195,0.0,0.0,1.0,1.0
4456,-0.97353524,17.745226,17.888735,0.0,0.0,1.0,1.0
4457,-0.97353524,17.909445,18.003046,0.0,0.0,1.0,1.0
4458,-0.9734614,18.078531,18.206076,0.0,0.0,1.0,1.0
4459,-0.9734614,17.894638,18.4512,0.0,0.0,1.0,1.0
4460,-0.9734614,18.150972,18.774876,0.0,0.0,1.0,1.0
4461,-0.97345734,18.948954,19.176958,0.0,0.0,1.0,1.0
4462,-0.97345734,19.283627,19.610373,0.0,0.0,1.0,1.0
4463,-0.97345734,20.150093,20.06165,0.0,0.0,1.0,1.0
4464,-0.97345734,20.55724,20.52634,0.0,0.0,1.0,1.0
4465,-0.97345734,21.429422,20.995424,0.0,0.0,1.0,1.0
4466,-0.97345734,22.372255,21.494497,0.0,0.0,1.0,1.0
4467,-0.97345734,22.804068,21.980606,0.0,0.0,1.0,1.0
4468,-0.97345734,23.16055,22.402512,0.0,0.0,1.0,1.0
4469,-0.9734548,23.485739,22.793259,0.0,0.0,1.0,1.0
4470,-0.9734548,23.707542,23.135015,0.0,0.0,1.0,1.0
4471,-0.9734548,23.883501,23.420265,0.0,0.0,1.0,1.0
4472,-0.9734548,23.984283,23.603926,0.0,0.0,1.0,1.0
4473,-0.9734548,24.011827,23.6794,0.0,0.0,1.0,1.0
4474,-0.9734548,23.972584,23.690592,0.0,0.0,1.0,1.0
4475,-0.9734548,24.251165,23.643648,0.0,0.0,1.0,1.0
4476,-0.97337174,23.980242,23.546246,0.0,0.0,1.0,1.0
4477,-0.97337174,23.633348,23.400007,0.0,0.0,1.0,1.0
4478,-0.97337174,23.277956,23.212276,0.0,0.0,1.0,1.0
4479,-0.97337174,22.938374,22.991295,0.0,0.0,1.0,1.0
4480,-0.97337174,22.597212,22.743229,0.0,0.0,1.0,1.0
4481,-0.97337174,22.31691,22.477524,0.0,0.0,1.0,1.0
4482,-0.97337174,21.952692,22.166842,0.0,0.0,1.0,1.0
4483,-0.97337174,21.63072,21.853374,0.0,0.0,1.0,1.0
4484,-0.97337174,21.332497,21.54616,0.0,0.0,1.0,1.0
4485,-0.97337174,21.035038,21.251015,0.0,0.0,1.0,1.0
4486,-0.97337174,20.784138,20.965506,0.0,0.0,1.0,1.0
4487,-0.97337174,20.522978,20.698565,0.0,0.0,1.0,1.0
4488,-0.97337174,20.218632,20.449839,0.0,0.0,1.0,1.0
4489,-0.97337174,19.946772,20.227922,0.0,0.0,1.0,1.0
4490,-0.97333705,19.736221,20.026491,0.0,0.0,1.0,1.0
4491,-0.97331774,19.512259,19.841715,0.0,0.0,1.0,1.0
4492,-0.97331774,19.393923,19.673235,0.0,0.0,1.0,1.0
4493,-0.97331774,19.332188,19.515505,0.0,0.0,1.0,1.0
4494,-0.97331774,19.289715,19.364729,0.0,0.0,1.0,1.0
4495,-0.9732515,19.213533,19.224136,0.0,0.0,1.0,1.0
4496,-0.9732515,19.115189,19.090773,0.0,0.0,1.0,1.0
4497,-0.9732515,19.013262,18.958925,0.0,0.0,1.0,1.0
4498,-0.9732031,18.89138,18.828402,0.0,0.0,1.0,1.0
4499,-0.9732031,18.71368,18.693876,0.0,0.0,1.0,1.0
4500,-0.9732031,18.531507,18.555851,0.0,0.0,1.0,1.0
4501,-0.9732031,18.346422,18.368944,0.0,0.0,1.0,1.0
4502,-0.9732031,18.154053,18.181238,0.0,0.0,1.0,1.0
4503,-0.9732031,17.945961,17.994722,0.0,0.0,1.0,1.0
4504,-0.9732031,17.779617,17.804579,0.0,0.0,1.0,1.0
4505,-0.9732031,17.675892,17.611866,0.0,0.0,1.0,1.0
4506,-0.9732031,17.046843,17.430025,0.0,0.0,1.0,1.0
4507,-0.9732031,16.961052,17.264784,0.0,0.0,1.0,1.0
4508,-0.9732031,16.876999,17.119282,0.0,0.0,1.0,1.0
4509,-0.9732031,16.73154,16.997324,0.0,0.0,1.0,1.0
4510,-0.9732031,16.578827,16.902172,0.0,0.0,1.0,1.0
4511,-0.9732031,16.53158,16.835918,0.0,0.0,1.0,1.0
4512,-0.9732031,16.548626,16.794983,0.0,0.0,1.0,1.0
4513,-0.9732031,16.600395,16.783113,0.0,0.0,1.0,1.0
4514,-0.9732031,16.690548,16.799776,0.0,0.0,1.0,1.0
4515,-0.9732031,16.804136,16.84678,0.0,0.0,1.0,1.0
4516,-0.9732031,16.984571,16.923351,0.0,0.0,1.0,1.0
4517,-0.9731063,17.184673,17.07044,0.0,0.0,1.0,1.0
4518,-0.97310275,16.904404,17.236423,0.0,0.0,1.0,1.0
4519,-0.97310275,17.161016,17.418373,0.0,0.0,1.0,1.0
4520,-0.97310275,17.441055,17.615574,0.0,0.0,1.0,1.0
4521,-0.97310275,17.650381,17.824627,0.0,0.0,1.0,1.0
4522,-0.97310275,18.343904,18.02883,0.0,0.0,1.0,1.0
4523,-0.97310275,18.52338,18.21884,0.0,0.0,1.0,1.0
4524,-0.97310275,18.732004,18.39098,0.0,0.0,1.0,1.0
4525,-0.97310275,18.966812,18.584679,0.0,0.0,1.0,1.0
4526,-0.97310275,19.199179,18.756397,0.0,0.0,1.0,1.0
4527,-0.97310275,19.254574,18.899675,0.0,0.0,1.0,1.0
4528,-0.97310275,19.264698,19.019487,0.0,0.0,1.0,1.0
4529,-0.97310275,19.250347,19.116755,0.0,0.0,1.0,1.0
4530,-0.97310275,19.228792,19.195236,0.0,0.0,1.0,1.0
4531,-0.97310275,19.221643,19.25118,0.0,0.0,1.0,1.0
4532,-0.97310275,19.160389,19.249659,0.0,0.0,1.0,1.0
4533,-0.97310275,19.088116,19.237345,0.0,0.0,1.0,1.0
4534,-0.97310275,19.511118,19.232376,0.0,0.0,1.0,1.0
4535,-0.9730717,19.465174,19.236986,0.0,0.0,1.0,1.0
4536,-0.9729953,19.403324,19.251926,0.0,0.0,1.0,1.0
4537,-0.9729953,18.94855,19.27771,0.0,0.0,1.0,1.0
4538,-0.9729953,19.051413,19.320234,0.0,0.0,1.0,1.0
4539,-0.9729953,19.194946,19.347477,0.0,0.0,1.0,1.0
4540,-0.9729953,19.320026,19.362562,0.0,0.0,1.0,1.0
4541,-0.9729953,19.429626,19.359245,0.0,0.0,1.0,1.0
4542,-0.9729953,19.538193,19.374771,0.0,0.0,1.0,1.0
4543,-0.9729693,19.731947,19.373566,0.0,0.0,1.0,1.0
4544,-0.9729693,19.487303,19.427275,0.0,0.0,1.0,1.0
4545,-0.9729693,19.269121,19.493004,0.0,0.0,1.0,1.0
4546,-0.9729693,19.471317,19.567747,0.0,0.0,1.0,1.0
4547,-0.9729693,19.651476,19.652493,0.0,0.0,1.0,1.0
4548,-0.9729693,19.388882,19.78155,0.0,0.0,1.0,1.0
4549,-0.9729693,19.593052,19.906036,0.0,0.0,1.0,1.0
4550,-0.97296727,19.840166,20.013136,0.0,0.0,1.0,1.0
4551,-0.97296727,20.091864,20.139841,0.0,0.0,1.0,1.0
4552,-0.97296727,20.336973,20.288588,0.0,0.0,1.0,1.0
4553,-0.97296727,20.978306,20.426083,0.0,0.0,1.0,1.0
4554,-0.97296727,21.032034,20.554825,0.0,0.0,1.0,1.0
4555,-0.97290814,21.017143,20.74975,0.0,0.0,1.0,1.0
4556,-0.97290814,21.007769,20.942266,0.0,0.0,1.0,1.0
4557,-0.97290814,21.05406,21.124784,0.0,0.0,1.0,1.0
4558,-0.97290355,21.121277,21.299042,0.0,0.0,1.0,1.0
4559,-0.97290355,21.19638,21.50209,0.0,0.0,1.0,1.0
4560,-0.97290355,21.727976,21.658167,0.0,0.0,1.0,1.0
4561,-0.97290355,21.90325,21.808802,0.0,0.0,1.0,1.0
4562,-0.97290355,22.030382,21.954754,0.0,0.0,1.0,1.0
4563,-0.97290355,22.18295,22.095854,0.0,0.0,1.0,1.0
4564,-0.97290355,22.773561,22.2268,0.0,0.0,1.0,1.0
4565,-0.97290355,22.851217,22.348852,0.0,0.0,1.0,1.0
4566,-0.97290355,22.83965,22.460691,0.0,0.0,1.0,1.0
4567,-0.97290355,22.768568,22.522165,0.0,0.0,1.0,1.0
4568,-0.97290355,22.700968,22.558887,0.0,0.0,1.0,1.0
4569,-0.97290355,22.625433,22.573778,0.0,0.0,1.0,1.0
4570,-0.97290355,22.585896,22.566677,0.0,0.0,1.0,1.0
4571,-0.97290355,22.538452,22.499918,0.0,0.0,1.0,1.0
4572,-0.97290355,22.465666,22.44572,0.0,0.0,1.0,1.0
4573,-0.9728373,22.343899,22.377176,0.0,0.0,1.0,1.0
4574,-0.9728373,22.209072,22.294844,0.0,0.0,1.0,1.0
4575,-0.9728373,22.097736,22.199411,0.0,0.0,1.0,1.0
4576,-0.9728373,21.97245,22.095127,0.0,0.0,1.0,1.0
4577,-0.9728373,22.20085,21.982714,0.0,0.0,1.0,1.0
4578,-0.9728373,22.017136,21.862444,0.0,0.0,1.0,1.0
4579,-0.9728373,21.780565,21.734886,0.0,0.0,1.0,1.0
4580,-0.9727859,21.555786,21.606394,0.0,0.0,1.0,1.0
4581,-0.9727859,21.374025,21.478605,0.0,0.0,1.0,1.0
4582,-0.9727859,21.236929,21.353275,0.0,0.0,1.0,1.0
4583,-0.9727859,21.095207,21.232729,0.0,0.0,1.0,1.0
4584,-0.9727859,20.934982,21.087917,0.0,0.0,1.0,1.0
4585,-0.9727859,20.80198,20.913343,0.0,0.0,1.0,1.0
4586,-0.9727859,20.675627,20.747337,0.0,0.0,1.0,1.0
4587,-0.9727859,20.593756,20.588816,0.0,0.0,1.0,1.0
4588,-0.9727589,20.52591,20.43186,0.0,0.0,1.0,1.0
4589,-0.9727589,20.463118,20.274467,0.0,0.0,1.0,1.0
4590,-0.9727589,19.922234,20.11831,0.0,0.0,1.0,1.0
4591,-0.9727589,19.788488,19.96356,0.0,0.0,1.0,1.0
4592,-0.97268146,19.653538,19.806744,0.0,0.0,1.0,1.0
4593,-0.97268146,19.490555,19.645782,0.0,0.0,1.0,1.0
4594,-0.97268146,19.348213,19.478914,0.0,0.0,1.0,1.0
4595,-0.97268146,19.22133,19.306534,0.0,0.0,1.0,1.0
4596,-0.97268146,19.077978,19.12851,0.0,0.0,1.0,1.0
4597,-0.97264016,18.920174,18.982613,0.0,0.0,1.0,1.0
4598,-0.97264016,18.744087,18.83452,0.0,0.0,1.0,1.0
4599,-0.97264016,18.591343,18.68617,0.0,0.0,1.0,1.0
4600,-0.97264016,18.457352,18.544186,0.0,0.0,1.0,1.0
4601,-0.97264016,18.32683,18.447445,0.0,0.0,1.0,1.0
4602,-0.97264016,18.171455,18.356762,0.0,0.0,1.0,1.0
4603,-0.97264016,18.011393,18.272066,0.0,0.0,1.0,1.0
4604,-0.97264016,17.873333,18.196375,0.0,0.0,1.0,1.0
4605,-0.97264016,17.786736,18.135801,0.0,0.0,1.0,1.0
4606,-0.97264016,18.187336,18.09433,0.0,0.0,1.0,1.0
4607,-0.97264016,18.133135,18.077045,0.0,0.0,1.0,1.0
4608,-0.97264016,18.061617,18.087229,0.0,0.0,1.0,1.0
4609,-0.97264016,18.011892,18.129341,0.0,0.0,1.0,1.0
4610,-0.97264016,18.017195,18.207983,0.0,0.0,1.0,1.0
4611,-0.97264016,18.093689,18.322384,0.0,0.0,1.0,1.0
4612,-0.97264016,18.249933,18.471691,0.0,0.0,1.0,1.0
4613,-0.97264016,18.449022,18.620255,0.0,0.0,1.0,1.0
4614,-0.97264016,18.676807,18.804647,0.0,0.0,1.0,1.0
4615,-0.97264016,18.955095,19.023394,0.0,0.0,1.0,1.0
4616,-0.9725653,19.246153,19.26714,0.0,0.0,1.0,1.0
4617,-0.9725617,19.57843,19.530329,0.0,0.0,1.0,1.0
4618,-0.9725617,19.970089,19.81056,0.0,0.0,1.0,1.0
4619,-0.9725617,20.345837,20.102451,0.0,0.0,1.0,1.0
4620,-0.9725617,20.686584,20.40122,0.0,0.0,1.0,1.0
4621,-0.9725617,20.93683,20.698084,0.0,0.0,1.0,1.0
4622,-0.9725617,21.175478,20.97808,0.0,0.0,1.0,1.0
4623,-0.9725617,21.456457,21.229492,0.0,0.0,1.0,1.0
4624,-0.9725617,21.75264,21.445976,0.0,0.0,1.0,1.0
4625,-0.9725378,22.034235,21.624813,0.0,0.0,1.0,1.0
4626,-0.9725378,22.239182,21.763096,0.0,0.0,1.0,1.0
4627,-0.9725378,22.315065,21.862762,0.0,0.0,1.0,1.0
4628,-0.9725378,22.263067,21.927177,0.0,0.0,1.0,1.0
4629,-0.9725378,22.176254,21.952274,0.0,0.0,1.0,1.0
4630,-0.9725378,22.116125,21.938118,0.0,0.0,1.0,1.0
4631,-0.9725378,22.005226,21.86855,0.0,0.0,1.0,1.0
4632,-0.9725378,21.882595,21.77249,0.0,0.0,1.0,1.0
4633,-0.9725378,21.709816,21.661156,0.0,0.0,1.0,1.0
4634,-0.9725378,21.47663,21.540955,0.0,0.0,1.0,1.0
4635,-0.9724456,21.286589,21.422186,0.0,0.0,1.0,1.0
4636,-0.9724456,20.91782,21.30864,0.0,0.0,1.0,1.0
4637,-0.9724456,20.881514,21.200716,0.0,0.0,1.0,1.0
4638,-0.9724456,20.903158,21.108183,0.0,0.0,1.0,1.0
4639,-0.9724456,20.872671,21.036646,0.0,0.0,1.0,1.0
4640,-0.9724456,20.837835,20.991098,0.0,0.0,1.0,1.0
4641,-0.9724456,20.81369,20.971525,0.0,0.0,1.0,1.0
4642,-0.9724201,20.821056,20.97503,0.0,0.0,1.0,1.0
4643,-0.9724201,20.894827,21.015406,0.0,0.0,1.0,1.0
4644,-0.9724201,21.024153,21.064722,0.0,0.0,1.0,1.0
4645,-0.9724201,21.163235,21.120193,0.0,0.0,1.0,1.0
4646,-0.9724201,21.241758,21.180677,0.0,0.0,1.0,1.0
4647,-0.9724201,21.328651,21.259117,0.0,0.0,1.0,1.0
4648,-0.9724201,21.402328,21.328304,0.0,0.0,1.0,1.0
4649,-0.9724201,21.47331,21.352064,0.0,0.0,1.0,1.0
4650,-0.9724191,21.568813,21.330502,0.0,0.0,1.0,1.0
4651,-0.9724191,21.598476,21.262989,0.0,0.0,1.0,1.0
4652,-0.9724191,21.779108,21.152588,0.0,0.0,1.0,1.0
4653,-0.9724191,21.643942,21.008678,0.0,0.0,1.0,1.0
4654,-0.97235084,21.106169,20.836018,0.0,0.0,1.0,1.0
4655,-0.97235084,20.636072,20.638924,0.0,0.0,1.0,1.0
4656,-0.9722999,20.213993,20.419456,0.0,0.0,1.0,1.0
4657,-0.9722999,19.83844,20.179646,0.0,0.0,1.0,1.0
4658,-0.9722999,19.514832,19.926676,0.0,0.0,1.0,1.0
4659,-0.9722999,19.256721,19.649658,0.0,0.0,1.0,1.0
4660,-0.9722999,19.037212,19.376131,0.0,0.0,1.0,1.0
4661,-0.9722999,18.839691,19.141747,0.0,0.0,1.0,1.0
4662,-0.9722999,18.691082,18.943462,0.0,0.0,1.0,1.0
4663,-0.9722999,18.562841,18.78154,0.0,0.0,1.0,1.0
4664,-0.9722999,18.454906,18.660013,0.0,0.0,1.0,1.0
4665,-0.9722999,18.361618,18.60487,0.0,0.0,1.0,1.0
4666,-0.9722999,18.293558,18.617146,0.0,0.0,1.0,1.0
4667,-0.9722999,18.256655,18.689922,0.0,0.0,1.0,1.0
4668,-0.9722999,18.27091,18.817148,0.0,0.0,1.0,1.0
4669,-0.9722999,18.380138,18.99113,0.0,0.0,1.0,1.0
4670,-0.9722872,18.853113,19.203365,0.0,0.0,1.0,1.0
4671,-0.9722872,19.404026,19.372734,0.0,0.0,1.0,1.0
4672,-0.9722872,19.910522,19.499863,0.0,0.0,1.0,1.0
4673,-0.9722872,20.366404,19.58884,0.0,0.0,1.0,1.0
4674,-0.9722872,20.778866,19.642765,0.0,0.0,1.0,1.0
4675,-0.9722153,21.109665,19.64635,0.0,0.0,1.0,1.0
4676,-0.9722138,20.487339,19.593025,0.0,0.0,1.0,1.0
4677,-0.9722138,19.887157,19.446753,0.0,0.0,1.0,1.0
4678,-0.9722138,19.361292,19.201145,0.0,0.0,1.0,1.0
4679,-0.9722138,18.903753,18.853638,0.0,0.0,1.0,1.0
4680,-0.9722128,18.313938,18.399223,0.0,0.0,1.0,1.0
4681,-0.9722082,17.740232,17.835068,0.0,0.0,1.0,1.0
4682,-0.9722082,17.09784,17.162418,0.0,0.0,1.0,1.0
4683,-0.9722082,16.456728,16.45007,0.0,0.0,1.0,1.0
4684,-0.9722082,15.74045,15.688411,0.0,0.0,1.0,1.0
4685,-0.9722082,14.913413,14.875846,0.0,0.0,1.0,1.0
4686,-0.9721929,14.009013,14.013396,0.0,0.0,1.0,1.0
4687,-0.9721929,13.037869,13.197046,0.0,0.0,1.0,1.0
4688,-0.9721929,11.93915,12.423759,0.0,0.0,1.0,1.0
4689,-0.972115,10.747252,11.69285,0.0,0.0,1.0,1.0
4690,-0.972115,9.610515,10.997401,0.0,0.0,1.0,1.0
4691,-0.972115,8.554351,10.356019,0.0,0.0,1.0,1.0
4692,-0.972115,8.517748,9.777257,0.0,0.0,1.0,1.0
4693,-0.972115,8.46078,9.271708,0.0,0.0,1.0,1.0
4694,-0.97205126,8.326931,8.8482485,0.0,0.0,1.0,1.0
4695,-0.97205126,8.11134,8.523372,0.0,0.0,1.0,1.0
4696,-0.97205126,8.043863,8.305596,0.0,0.0,1.0,1.0
4697,-0.97205126,7.968268,8.1944685,0.0,0.0,1.0,1.0
4698,-0.97205126,7.9424195,8.2095585,0.0,0.0,1.0,1.0
4699,-0.97205126,7.9563627,8.249687,0.0,0.0,1.0,1.0
4700,-0.97205126,8.040629,8.379202,0.0,0.0,1.0,1.0
4701,-0.97202533,8.133952,8.561253,0.0,0.0,1.0,1.0
4702,-0.97202533,8.276981,8.829202,0.0,0.0,1.0,1.0
4703,-0.97202533,8.73543,9.1042,0.0,0.0,1.0,1.0
4704,-0.9720228,8.9992895,9.38521,0.0,0.0,1.0,1.0
4705,-0.9718083,10.014956,9.666351,0.0,0.0,1.0,1.0
4706,-0.9718083,10.511545,9.9438305,0.0,0.0,1.0,1.0
4707,-0.9718083,11.326722,10.209807,0.0,0.0,1.0,1.0
4708,-0.9718083,11.3438425,10.462475,0.0,0.0,1.0,1.0
4709,-0.9718073,11.340386,10.683431,0.0,0.0,1.0,1.0
4710,-0.97180015,11.316116,10.855581,0.0,0.0,1.0,1.0
4711,-0.9717859,11.286114,10.978032,0.0,0.0,1.0,1.0
4712,-0.9717859,11.232356,11.009289,0.0,0.0,1.0,1.0
4713,-0.9717859,11.165959,10.986336,0.0,0.0,1.0,1.0
4714,-0.9717859,10.9284525,10.861305,0.0,0.0,1.0,1.0
4715,-0.9717003,10.801237,10.727874,0.0,0.0,1.0,1.0
4716,-0.9717003,10.4686985,10.532661,0.0,0.0,1.0,1.0
4717,-0.97169775,10.39004,10.314302,0.0,0.0,1.0,1.0
4718,-0.97169775,10.2361,10.041402,0.0,0.0,1.0,1.0
4719,-0.97169775,9.826359,9.77255,0.0,0.0,1.0,1.0
4720,-0.97169775,9.742665,9.507545,0.0,0.0,1.0,1.0
4721,-0.97169775,8.997843,9.261686,0.0,0.0,1.0,1.0
4722,-0.97169775,8.695799,9.028877,0.0,0.0,1.0,1.0
4723,-0.97169775,8.011314,8.828231,0.0,0.0,1.0,1.0
4724,-0.9716203,8.006132,8.615172,0.0,0.0,1.0,1.0
4725,-0.9716203,7.9859047,8.434312,0.0,0.0,1.0,1.0
4726,-0.9716203,7.9781437,8.277163,0.0,0.0,1.0,1.0
4727,-0.9716203,8.007524,8.138294,0.0,0.0,1.0,1.0
4728,-0.9716203,8.060947,8.056807,0.0,0.0,1.0,1.0
4729,-0.9716203,7.833342,8.003732,0.0,0.0,1.0,1.0
4730,-0.9716203,8.065763,8.003504,0.0,0.0,1.0,1.0
4731,-0.9716203,7.940572,8.000137,0.0,0.0,1.0,1.0
4732,-0.9716203,8.076248,8.003445,0.0,0.0,1.0,1.0
4733,-0.9716203,8.019986,8.017069,0.0,0.0,1.0,1.0
4734,-0.9716203,8.058906,8.037376,0.0,0.0,1.0,1.0
4735,-0.9716203,8.00858,8.065645,0.0,0.0,1.0,1.0
4736,-0.9716203,7.965729,8.129077,0.0,0.0,1.0,1.0
4737,-0.9716203,8.025592,8.185689,0.0,0.0,1.0,1.0
4738,-0.9716203,8.141638,8.26144,0.0,0.0,1.0,1.0
4739,-0.9716203,8.251219,8.331503,0.0,0.0,1.0,1.0
4740,-0.9716203,8.40017,8.4341135,0.0,0.0,1.0,1.0
4741,-0.9716203,8.594516,8.534672,0.0,0.0,1.0,1.0
4742,-0.9715531,8.745108,8.659615,0.0,0.0,1.0,1.0
4743,-0.9715531,8.8495865,8.802787,0.0,0.0,1.0,1.0
4744,-0.9715531,8.917007,8.957698,0.0,0.0,1.0,1.0
4745,-0.9715531,9.251312,9.123763,0.0,0.0,1.0,1.0
4746,-0.9715531,9.2656,9.3040285,0.0,0.0,1.0,1.0
4747,-0.9715531,9.507893,9.479777,0.0,0.0,1.0,1.0
4748,-0.9715531,9.683804,9.657492,0.0,0.0,1.0,1.0
4749,-0.9715317,9.884524,9.835358,0.0,0.0,1.0,1.0
4750,-0.9715317,10.134423,10.015494,0.0,0.0,1.0,1.0
4751,-0.9715317,10.414399,10.202487,0.0,0.0,1.0,1.0
4752,-0.9715317,10.509156,10.364536,0.0,0.0,1.0,1.0
4753,-0.9715317,10.727091,10.531004,0.0,0.0,1.0,1.0
4754,-0.9714405,10.879496,10.684274,0.0,0.0,1.0,1.0
4755,-0.9714405,11.011225,10.831216,0.0,0.0,1.0,1.0
4756,-0.9714405,11.160917,10.971265,0.0,0.0,1.0,1.0
4757,-0.9714405,11.1959095,11.105453,0.0,0.0,1.0,1.0
4758,-0.9714405,11.263205,11.230241,0.0,0.0,1.0,1.0
4759,-0.9714405,11.347131,11.356105,0.0,0.0,1.0,1.0
4760,-0.97143185,11.447113,11.469538,0.0,0.0,1.0,1.0
4761,-0.97143185,11.565108,11.572593,0.0,0.0,1.0,1.0
4762,-0.97143185,11.74468,11.665528,0.0,0.0,1.0,1.0
4763,-0.97143185,11.91186,11.7615,0.0,0.0,1.0,1.0
4764,-0.97143185,12.019527,11.849812,0.0,0.0,1.0,1.0
4765,-0.97143185,12.088284,11.9316635,0.0,0.0,1.0,1.0
4766,-0.97143185,12.116156,12.012016,0.0,0.0,1.0,1.0
4767,-0.97143185,12.126444,12.0846405,0.0,0.0,1.0,1.0
4768,-0.97143185,12.312586,12.157014,0.0,0.0,1.0,1.0
4769,-0.97143185,12.255648,12.224152,0.0,0.0,1.0,1.0
4770,-0.97143185,12.245431,12.290896,0.0,0.0,1.0,1.0
4771,-0.97143185,12.311362,12.363442,0.0,0.0,1.0,1.0
4772,-0.97143185,12.318605,12.452529,0.0,0.0,1.0,1.0
4773,-0.97137576,12.433588,12.561917,0.0,0.0,1.0,1.0
4774,-0.97137475,12.550324,12.691783,0.0,0.0,1.0,1.0
4775,-0.97137475,12.712801,12.834977,0.0,0.0,1.0,1.0
4776,-0.97137475,12.890085,13.012724,0.0,0.0,1.0,1.0
4777,-0.97137475,13.157318,13.215356,0.0,0.0,1.0,1.0
4778,-0.97137475,13.428811,13.426955,0.0,0.0,1.0,1.0
4779,-0.97137475,13.684838,13.653507,0.0,0.0,1.0,1.0
4780,-0.97137475,14.030913,13.884122,0.0,0.0,1.0,1.0
4781,-0.97137475,14.388613,14.113439,0.0,0.0,1.0,1.0
4782,-0.97137475,14.677015,14.331809,0.0,0.0,1.0,1.0
4783,-0.97137475,14.850549,14.542621,0.0,0.0,1.0,1.0
4784,-0.97137475,15.037228,14.732854,0.0,0.0,1.0,1.0
4785,-0.97137475,15.200969,14.898988,0.0,0.0,1.0,1.0
4786,-0.97137475,15.302118,15.032689,0.0,0.0,1.0,1.0
4787,-0.97137475,15.333252,15.122376,0.0,0.0,1.0,1.0
4788,-0.97137475,15.419823,15.154767,0.0,0.0,1.0,1.0
4789,-0.97137475,15.440117,15.130547,0.0,0.0,1.0,1.0
4790,-0.97137475,15.422414,15.058087,0.0,0.0,1.0,1.0
4791,-0.97137475,15.289264,14.939518,0.0,0.0,1.0,1.0
4792,-0.97128356,15.107158,14.780923,0.0,0.0,1.0,1.0
4793,-0.97128356,14.777303,14.596384,0.0,0.0,1.0,1.0
4794,-0.97128356,14.38637,14.396567,0.0,0.0,1.0,1.0
4795,-0.97128356,13.981031,14.173385,0.0,0.0,1.0,1.0
4796,-0.97128356,13.614397,13.932572,0.0,0.0,1.0,1.0
4797,-0.97128356,13.297834,13.685411,0.0,0.0,1.0,1.0
4798,-0.97128356,13.087645,13.449827,0.0,0.0,1.0,1.0
4799,-0.97125965,12.935454,13.229956,0.0,0.0,1.0,1.0
4800,-0.97125965,12.741629,13.047178,0.0,0.0,1.0,1.0
4801,-0.97125864,12.550366,12.910915,0.0,0.0,1.0,1.0
4802,-0.9711761,12.456483,12.830792,0.0,0.0,1.0,1.0
4803,-0.9711761,12.4622555,12.8062525,0.0,0.0,1.0,1.0
4804,-0.9711761,12.468701,12.839372,0.0,0.0,1.0,1.0
4805,-0.9711751,12.583978,12.924654,0.0,0.0,1.0,1.0
4806,-0.9711751,12.751211,13.061119,0.0,0.0,1.0,1.0
4807,-0.9711751,13.01956,13.241572,0.0,0.0,1.0,1.0
4808,-0.9711751,13.319913,13.455873,0.0,0.0,1.0,1.0
4809,-0.9711751,13.695268,13.684409,0.0,0.0,1.0,1.0
4810,-0.9711751,14.1110325,13.921147,0.0,0.0,1.0,1.0
4811,-0.9711751,14.57303,14.173817,0.0,0.0,1.0,1.0
4812,-0.9711751,14.907071,14.441464,0.0,0.0,1.0,1.0
4813,-0.9711751,15.121972,14.716243,0.0,0.0,1.0,1.0
4814,-0.9711751,15.198913,14.984535,0.0,0.0,1.0,1.0
4815,-0.9711751,15.303118,15.24074,0.0,0.0,1.0,1.0
4816,-0.9711751,15.500734,15.471596,0.0,0.0,1.0,1.0
4817,-0.97117305,15.795752,15.67649,0.0,0.0,1.0,1.0
4818,-0.97117305,16.048548,15.854753,0.0,0.0,1.0,1.0
4819,-0.97117305,16.239073,16.02127,0.0,0.0,1.0,1.0
4820,-0.97117305,16.394367,16.186174,0.0,0.0,1.0,1.0
4821,-0.9710895,16.465544,16.360973,0.0,0.0,1.0,1.0
4822,-0.9710895,16.569752,16.543653,0.0,0.0,1.0,1.0
4823,-0.9710895,16.71219,16.731998,0.0,0.0,1.0,1.0
4824,-0.9710895,16.905281,16.924252,0.0,0.0,1.0,1.0
4825,-0.9710895,17.100832,17.13192,0.0,0.0,1.0,1.0
4826,-0.9710895,17.29648,17.357271,0.0,0.0,1.0,1.0
4827,-0.9710895,17.495298,17.595278,0.0,0.0,1.0,1.0
4828,-0.9710895,17.760866,17.844046,0.0,0.0,1.0,1.0
4829,-0.9710895,18.102793,18.136139,0.0,0.0,1.0,1.0
4830,-0.9710895,18.540562,18.414034,0.0,0.0,1.0,1.0
4831,-0.97108847,18.94329,18.672932,0.0,0.0,1.0,1.0
4832,-0.97108847,19.25045,18.902517,0.0,0.0,1.0,1.0
4833,-0.97108847,19.450743,19.092304,0.0,0.0,1.0,1.0
4834,-0.97108847,20.074879,19.228039,0.0,0.0,1.0,1.0
4835,-0.97108847,20.04693,19.287949,0.0,0.0,1.0,1.0
4836,-0.97108847,20.012053,19.262503,0.0,0.0,1.0,1.0
4837,-0.97108847,19.855854,19.139244,0.0,0.0,1.0,1.0
4838,-0.97108847,19.573929,18.917059,0.0,0.0,1.0,1.0
4839,-0.97108847,19.124119,18.602427,0.0,0.0,1.0,1.0
4840,-0.97099984,18.479774,18.205513,0.0,0.0,1.0,1.0
4841,-0.97099984,17.797457,17.68752,0.0,0.0,1.0,1.0
4842,-0.97099984,17.061453,17.102312,0.0,0.0,1.0,1.0
4843,-0.97099984,16.277077,16.450592,0.0,0.0,1.0,1.0
4844,-0.97099984,15.474852,15.740645,0.0,0.0,1.0,1.0
4845,-0.97099984,14.687792,14.937592,0.0,0.0,1.0,1.0
4846,-0.97099984,13.858935,14.107394,0.0,0.0,1.0,1.0
4847,-0.9709789,13.024455,13.265906,0.0,0.0,1.0,1.0
4848,-0.9709789,12.191399,12.440538,0.0,0.0,1.0,1.0
4849,-0.9709789,11.336508,11.651065,0.0,0.0,1.0,1.0
4850,-0.9709519,9.937282,10.918992,0.0,0.0,1.0,1.0
4851,-0.9709519,9.161751,10.260482,0.0,0.0,1.0,1.0
4852,-0.97086126,8.381921,9.672365,0.0,0.0,1.0,1.0
4853,-0.97086126,7.8930407,9.165156,0.0,0.0,1.0,1.0
4854,-0.97086126,7.5877666,8.742833,0.0,0.0,1.0,1.0
4855,-0.97086126,7.4922013,8.405704,0.0,0.0,1.0,1.0
4856,-0.97086126,7.572736,8.153109,0.0,0.0,1.0,1.0
4857,-0.97086126,7.6303844,8.0324135,0.0,0.0,1.0,1.0
4858,-0.97086126,7.772438,7.994023,0.0,0.0,1.0,1.0
4859,-0.97086126,7.9565744,8.045385,0.0,0.0,1.0,1.0
4860,-0.97086126,8.145838,8.1760235,0.0,0.0,1.0,1.0
4861,-0.97086126,8.305376,8.379301,0.0,0.0,1.0,1.0
4862,-0.97086126,8.488932,8.639069,0.0,0.0,1.0,1.0
4863,-0.97086126,8.701066,8.940594,0.0,0.0,1.0,1.0
4864,-0.97086126,8.998277,9.266236,0.0,0.0,1.0,1.0
4865,-0.97086126,9.460696,9.592885,0.0,0.0,1.0,1.0
4866,-0.97086126,10.027091,9.899798,0.0,0.0,1.0,1.0
4867,-0.97086126,10.609412,10.19626,0.0,0.0,1.0,1.0
4868,-0.97086024,11.19104,10.492591,0.0,0.0,1.0,1.0
4869,-0.97086024,11.5380945,10.790597,0.0,0.0,1.0,1.0
4870,-0.97086024,11.692222,11.0871725,0.0,0.0,1.0,1.0
4871,-0.9707752,11.639538,11.374908,0.0,0.0,1.0,1.0
4872,-0.9707742,11.703376,11.643642,0.0,0.0,1.0,1.0
4873,-0.9707742,11.861345,11.884016,0.0,0.0,1.0,1.0
4874,-0.9707742,12.065009,12.098234,0.0,0.0,1.0,1.0
4875,-0.9707742,12.25997,12.278595,0.0,0.0,1.0,1.0
4876,-0.9707742,12.451103,12.429539,0.0,0.0,1.0,1.0
4877,-0.9707742,12.685504,12.565243,0.0,0.0,1.0,1.0
4878,-0.9707742,12.911583,12.704991,0.0,0.0,1.0,1.0
4879,-0.9707742,13.18003,12.837501,0.0,0.0,1.0,1.0
4880,-0.9707742,13.355364,12.959642,0.0,0.0,1.0,1.0
4881,-0.9707742,13.34942,13.072839,0.0,0.0,1.0,1.0
4882,-0.9707742,13.320674,13.183924,0.0,0.0,1.0,1.0
4883,-0.9707742,13.316524,13.267281,0.0,0.0,1.0,1.0
4884,-0.9707742,13.293478,13.309002,0.0,0.0,1.0,1.0
4885,-0.9707742,13.327046,13.296421,0.0,0.0,1.0,1.0
4886,-0.9707742,13.423375,13.225992,0.0,0.0,1.0,1.0
4887,-0.9707721,13.592984,13.105627,0.0,0.0,1.0,1.0
4888,-0.9707721,13.45139,12.945762,0.0,0.0,1.0,1.0
4889,-0.9707721,13.186158,12.747337,0.0,0.0,1.0,1.0
4890,-0.97068554,12.760604,12.500575,0.0,0.0,1.0,1.0
4891,-0.97068554,12.334892,12.213202,0.0,0.0,1.0,1.0
4892,-0.97068554,11.9109745,11.887226,0.0,0.0,1.0,1.0
4893,-0.97068554,11.431034,11.518595,0.0,0.0,1.0,1.0
4894,-0.97068554,10.93959,11.104235,0.0,0.0,1.0,1.0
4895,-0.97065747,10.355369,10.675182,0.0,0.0,1.0,1.0
4896,-0.97065747,9.845014,10.242846,0.0,0.0,1.0,1.0
4897,-0.9706346,9.415325,9.824898,0.0,0.0,1.0,1.0
4898,-0.9706346,8.999802,9.428841,0.0,0.0,1.0,1.0
4899,-0.9706346,8.620663,9.076014,0.0,0.0,1.0,1.0
4900,-0.9706346,8.302769,8.7808275,0.0,0.0,1.0,1.0
4901,-0.9706346,7.998111,8.546791,0.0,0.0,1.0,1.0
4902,-0.9706346,7.7452316,8.388551,0.0,0.0,1.0,1.0
4903,-0.9706346,7.582209,8.31028,0.0,0.0,1.0,1.0
4904,-0.9706346,7.677045,8.311731,0.0,0.0,1.0,1.0
4905,-0.9706346,7.888808,8.402336,0.0,0.0,1.0,1.0
4906,-0.9706346,8.131151,8.590832,0.0,0.0,1.0,1.0
4907,-0.9706346,8.456487,8.870636,0.0,0.0,1.0,1.0
4908,-0.9706346,8.905758,9.241342,0.0,0.0,1.0,1.0
4909,-0.97057444,9.432747,9.702777,0.0,0.0,1.0,1.0
4910,-0.97057444,10.08706,10.245406,0.0,0.0,1.0,1.0
4911,-0.97057444,10.8826065,10.845741,0.0,0.0,1.0,1.0
4912,-0.97056836,11.660421,11.495306,0.0,0.0,1.0,1.0
4913,-0.97056836,12.44658,12.187316,0.0,0.0,1.0,1.0
4914,-0.97056836,13.282446,12.906466,0.0,0.0,1.0,1.0
4915,-0.97056836,14.093764,13.630234,0.0,0.0,1.0,1.0
4916,-0.97056836,14.881072,14.343398,0.0,0.0,1.0,1.0
4917,-0.97056836,15.6835785,15.041859,0.0,0.0,1.0,1.0
4918,-0.97056836,16.435266,15.700457,0.0,0.0,1.0,1.0
4919,-0.97056836,17.086288,16.306877,0.0,0.0,1.0,1.0
4920,-0.97056836,17.590979,16.849178,0.0,0.0,1.0,1.0
4921,-0.97056836,17.990719,17.301567,0.0,0.0,1.0,1.0
4922,-0.97056735,18.468582,17.651978,0.0,0.0,1.0,1.0
4923,-0.97056735,18.785786,17.903387,0.0,0.0,1.0,1.0
4924,-0.97056735,18.937456,18.054508,0.0,0.0,1.0,1.0
4925,-0.97056735,18.954205,18.105661,0.0,0.0,1.0,1.0
4926,-0.97056735,18.711115,18.063301,0.0,0.0,1.0,1.0
4927,-0.9704838,18.298676,17.933924,0.0,0.0,1.0,1.0
4928,-0.9704838,17.897991,17.73053,0.0,0.0,1.0,1.0
4929,-0.9704838,17.497036,17.4495,0.0,0.0,1.0,1.0
4930,-0.9704838,17.049107,17.107704,0.0,0.0,1.0,1.0
4931,-0.9704838,16.577965,16.722595,0.0,0.0,1.0,1.0
4932,-0.9704838,16.038448,16.308222,0.0,0.0,1.0,1.0
4933,-0.9704838,15.549989,15.875375,0.0,0.0,1.0,1.0
4934,-0.9704838,15.096229,15.441295,0.0,0.0,1.0,1.0
4935,-0.9704838,14.684236,15.001355,0.0,0.0,1.0,1.0
4936,-0.9704838,14.31615,14.556021,0.0,0.0,1.0,1.0
4937,-0.97048074,13.981717,14.124443,0.0,0.0,1.0,1.0
4938,-0.97048074,13.516953,13.710975,0.0,0.0,1.0,1.0
4939,-0.97048074,13.089717,13.315785,0.0,0.0,1.0,1.0
4940,-0.97044504,12.618711,12.927866,0.0,0.0,1.0,1.0
4941,-0.97044504,12.153029,12.54457,0.0,0.0,1.0,1.0
4942,-0.970416,11.870173,12.161228,0.0,0.0,1.0,1.0
4943,-0.970416,11.616339,11.775745,0.0,0.0,1.0,1.0
4944,-0.970416,11.296178,11.3792,0.0,0.0,1.0,1.0
4945,-0.970416,10.8949585,10.981292,0.0,0.0,1.0,1.0
4946,-0.9703279,10.496679,10.585308,0.0,0.0,1.0,1.0
4947,-0.9703279,10.084134,10.2049885,0.0,0.0,1.0,1.0
4948,-0.9703279,9.690349,9.850217,0.0,0.0,1.0,1.0
4949,-0.97028816,9.22318,9.514946,0.0,0.0,1.0,1.0
4950,-0.97028816,8.74205,9.203382,0.0,0.0,1.0,1.0
4951,-0.97028816,8.337921,8.933151,0.0,0.0,1.0,1.0
4952,-0.97028816,8.054872,8.720952,0.0,0.0,1.0,1.0
4953,-0.97028816,7.8957663,8.560173,0.0,0.0,1.0,1.0
4954,-0.97028816,7.846925,8.456004,0.0,0.0,1.0,1.0
4955,-0.97028816,7.877561,8.410485,0.0,0.0,1.0,1.0
4956,-0.97028816,8.053423,8.436203,0.0,0.0,1.0,1.0
4957,-0.97028816,8.34857,8.537098,0.0,0.0,1.0,1.0
4958,-0.97028816,8.567321,8.712119,0.0,0.0,1.0,1.0
4959,-0.97028816,8.834117,8.958091,0.0,0.0,1.0,1.0
4960,-0.97028816,9.144118,9.264256,0.0,0.0,1.0,1.0
4961,-0.97028816,9.531789,9.626574,0.0,0.0,1.0,1.0
4962,-0.97028816,9.952795,10.032841,0.0,0.0,1.0,1.0
4963,-0.97028816,10.438174,10.457806,0.0,0.0,1.0,1.0
4964,-0.97028816,11.006529,10.884018,0.0,0.0,1.0,1.0
4965,-0.97028816,11.569742,11.321138,0.0,0.0,1.0,1.0
4966,-0.97028613,12.194738,11.761968,0.0,0.0,1.0,1.0
4967,-0.97028613,12.752774,12.199452,0.0,0.0,1.0,1.0
4968,-0.97028613,13.153004,12.620455,0.0,0.0,1.0,1.0
4969,-0.9702087,13.463114,13.028621,0.0,0.0,1.0,1.0
4970,-0.9702087,13.812761,13.419566,0.0,0.0,1.0,1.0
4971,-0.9702087,14.124078,13.785037,0.0,0.0,1.0,1.0
4972,-0.9702087,14.393927,14.127804,0.0,0.0,1.0,1.0
4973,-0.9702087,14.583819,14.436303,0.0,0.0,1.0,1.0
4974,-0.9702087,14.850784,14.707997,0.0,0.0,1.0,1.0
4975,-0.9702087,15.129526,14.951438,0.0,0.0,1.0,1.0
4976,-0.9702087,15.392181,15.176181,0.0,0.0,1.0,1.0
4977,-0.9702087,15.682937,15.367996,0.0,0.0,1.0,1.0
4978,-0.9702087,15.896737,15.520623,0.0,0.0,1.0,1.0
4979,-0.9702087,16.013102,15.631423,0.0,0.0,1.0,1.0
4980,-0.9702087,16.074287,15.696418,0.0,0.0,1.0,1.0
4981,-0.9702077,16.160027,15.694806,0.0,0.0,1.0,1.0
4982,-0.9702077,16.114555,15.623031,0.0,0.0,1.0,1.0
4983,-0.9702077,15.9556,15.481859,0.0,0.0,1.0,1.0
4984,-0.9702077,15.723526,15.270056,0.0,0.0,1.0,1.0
4985,-0.9701888,15.363747,14.995251,0.0,0.0,1.0,1.0
4986,-0.9701888,14.831448,14.663268,0.0,0.0,1.0,1.0
4987,-0.9701017,14.268219,14.277755,0.0,0.0,1.0,1.0
4988,-0.9701017,13.698122,13.830603,0.0,0.0,1.0,1.0
4989,-0.9701017,13.141296,13.336337,0.0,0.0,1.0,1.0
4990,-0.9701017,12.599082,12.804526,0.0,0.0,1.0,1.0
4991,-0.9701017,12.029304,12.242258,0.0,0.0,1.0,1.0
4992,-0.9700987,11.448135,11.658965,0.0,0.0,1.0,1.0
4993,-0.9700987,10.794197,11.074011,0.0,0.0,1.0,1.0
4994,-0.9700625,10.18337,10.505999,0.0,0.0,1.0,1.0
4995,-0.9700625,9.5738735,9.975896,0.0,0.0,1.0,1.0
4996,-0.97002226,8.976303,9.495536,0.0,0.0,1.0,1.0
4997,-0.97000134,8.364227,9.074583,0.0,0.0,1.0,1.0
4998,-0.97000134,7.8120017,8.718713,0.0,0.0,1.0,1.0
4999,-0.97000134,7.452072,8.430237,0.0,0.0,1.0,1.0
5000,-0.97000134,7.3368893,8.217393,0.0,0.0,1.0,1.0
5001,-0.97000134,7.3769717,8.069249,0.0,0.0,1.0,1.0
5002,-0.97000134,7.547654,7.9936934,0.0,0.0,1.0,1.0
5003,-0.97000134,7.758862,7.9930844,0.0,0.0,1.0,1.0
5004,-0.97000134,7.9864235,8.074753,0.0,0.0,1.0,1.0
5005,-0.97000134,8.240069,8.237463,0.0,0.0,1.0,1.0
5006,-0.97000134,8.405646,8.470645,0.0,0.0,1.0,1.0
5007,-0.97000134,8.667198,8.754841,0.0,0.0,1.0,1.0
5008,-0.97000134,8.968995,9.077934,0.0,0.0,1.0,1.0
5009,-0.97000134,9.344252,9.42901,0.0,0.0,1.0,1.0
5010,-0.97000134,9.764526,9.792904,0.0,0.0,1.0,1.0
5011,-0.97000134,10.250252,10.159711,0.0,0.0,1.0,1.0
5012,-0.97000134,10.747244,10.523115,0.0,0.0,1.0,1.0
5013,-0.97000134,11.254087,10.890536,0.0,0.0,1.0,1.0
5014,-0.97000086,11.760566,11.254307,0.0,0.0,1.0,1.0
5015,-0.97000086,12.125591,11.610251,0.0,0.0,1.0,1.0
5016,-0.9699239,12.388108,11.950218,0.0,0.0,1.0,1.0
5017,-0.9699239,12.600915,12.275499,0.0,0.0,1.0,1.0
5018,-0.9699239,12.814706,12.566383,0.0,0.0,1.0,1.0
5019,-0.9699239,13.032443,12.820795,0.0,0.0,1.0,1.0
5020,-0.9699239,13.240331,13.038266,0.0,0.0,1.0,1.0
5021,-0.9699239,13.423853,13.211974,0.0,0.0,1.0,1.0
5022,-0.9699239,13.667899,13.343491,0.0,0.0,1.0,1.0
5023,-0.9699239,13.740857,13.446658,0.0,0.0,1.0,1.0
5024,-0.9699239,13.800189,13.520604,0.0,0.0,1.0,1.0
5025,-0.9699239,13.863741,13.56229,0.0,0.0,1.0,1.0
5026,-0.9699239,13.845052,13.569808,0.0,0.0,1.0,1.0
5027,-0.9699239,13.703795,13.532991,0.0,0.0,1.0,1.0
5028,-0.9699239,13.626119,13.454474,0.0,0.0,1.0,1.0
5029,-0.9699239,13.488262,13.331085,0.0,0.0,1.0,1.0
5030,-0.96989894,13.314947,13.16339,0.0,0.0,1.0,1.0
5031,-0.96989894,13.122652,12.959058,0.0,0.0,1.0,1.0
5032,-0.96989894,12.798527,12.713111,0.0,0.0,1.0,1.0
5033,-0.96989894,12.481656,12.430763,0.0,0.0,1.0,1.0
5034,-0.96989894,12.187229,12.130222,0.0,0.0,1.0,1.0
5035,-0.96979606,11.728512,11.808137,0.0,0.0,1.0,1.0
5036,-0.96979606,11.348203,11.468372,0.0,0.0,1.0,1.0
5037,-0.96979606,10.912376,11.116221,0.0,0.0,1.0,1.0
5038,-0.96979505,10.45688,10.76067,0.0,0.0,1.0,1.0
5039,-0.96979505,10.097308,10.40627,0.0,0.0,1.0,1.0
5040,-0.96978843,9.761092,10.05762,0.0,0.0,1.0,1.0
5041,-0.9697604,9.411091,9.716445,0.0,0.0,1.0,1.0
5042,-0.9697604,9.0891285,9.397134,0.0,0.0,1.0,1.0
5043,-0.9697604,8.856035,9.111653,0.0,0.0,1.0,1.0
5044,-0.9697604,8.545725,8.864359,0.0,0.0,1.0,1.0
5045,-0.9697604,8.297856,8.658085,0.0,0.0,1.0,1.0
5046,-0.9697604,8.093137,8.496097,0.0,0.0,1.0,1.0
5047,-0.9696789,7.8967714,8.370364,0.0,0.0,1.0,1.0
5048,-0.9696789,7.92244,8.289968,0.0,0.0,1.0,1.0
5049,-0.9696789,7.94484,8.248768,0.0,0.0,1.0,1.0
5050,-0.9696789,7.9815955,8.242215,0.0,0.0,1.0,1.0
5051,-0.9696784,8.153447,8.27126,0.0,0.0,1.0,1.0
5052,-0.96967685,8.252302,8.328344,0.0,0.0,1.0,1.0
5053,-0.9696661,8.446338,8.410515,0.0,0.0,1.0,1.0
5054,-0.9696478,8.594732,8.521297,0.0,0.0,1.0,1.0
5055,-0.9696478,8.777392,8.64728,0.0,0.0,1.0,1.0
5056,-0.9696478,8.89427,8.784731,0.0,0.0,1.0,1.0
5057,-0.9696478,8.982872,8.936251,0.0,0.0,1.0,1.0
5058,-0.9696478,9.079181,9.089401,0.0,0.0,1.0,1.0
5059,-0.96964425,9.226159,9.239163,0.0,0.0,1.0,1.0
5060,-0.96964425,9.43423,9.374308,0.0,0.0,1.0,1.0
5061,-0.96964425,9.594252,9.486576,0.0,0.0,1.0,1.0
5062,-0.96964425,9.799839,9.573175,0.0,0.0,1.0,1.0
5063,-0.9696407,9.991246,9.644485,0.0,0.0,1.0,1.0
5064,-0.9696407,10.049445,9.699872,0.0,0.0,1.0,1.0
5065,-0.9696407,10.068073,9.743069,0.0,0.0,1.0,1.0
5066,-0.969549,9.941949,9.766617,0.0,0.0,1.0,1.0
5067,-0.969549,9.816594,9.770555,0.0,0.0,1.0,1.0
5068,-0.969549,9.749989,9.76089,0.0,0.0,1.0,1.0
5069,-0.969549,9.647509,9.735455,0.0,0.0,1.0,1.0
5070,-0.969549,9.597536,9.690408,0.0,0.0,1.0,1.0
5071,-0.969549,9.508738,9.62717,0.0,0.0,1.0,1.0
5072,-0.969549,9.481484,9.553858,0.0,0.0,1.0,1.0
5073,-0.969549,9.478281,9.484758,0.0,0.0,1.0,1.0
5074,-0.969549,9.494608,9.424313,0.0,0.0,1.0,1.0
5075,-0.969523,9.450685,9.370084,0.0,0.0,1.0,1.0
5076,-0.969523,9.290587,9.3317175,0.0,0.0,1.0,1.0
5077,-0.969523,9.188331,9.312081,0.0,0.0,1.0,1.0
5078,-0.969523,9.11276,9.319964,0.0,0.0,1.0,1.0
5079,-0.969523,9.091244,9.337554,0.0,0.0,1.0,1.0
5080,-0.969523,9.099242,9.361782,0.0,0.0,1.0,1.0
5081,-0.969523,9.18711,9.392992,0.0,0.0,1.0,1.0
5082,-0.969523,9.361903,9.4351635,0.0,0.0,1.0,1.0
5083,-0.969523,9.603333,9.499313,0.0,0.0,1.0,1.0
5084,-0.969468,9.692569,9.579983,0.0,0.0,1.0,1.0
5085,-0.969468,9.769013,9.671863,0.0,0.0,1.0,1.0
5086,-0.969468,9.869129,9.774456,0.0,0.0,1.0,1.0
5087,-0.969468,9.9567375,9.890949,0.0,0.0,1.0,1.0
5088,-0.969468,10.060391,10.005923,0.0,0.0,1.0,1.0
5089,-0.969468,10.156357,10.099485,0.0,0.0,1.0,1.0
5090,-0.969468,10.215326,10.178728,0.0,0.0,1.0,1.0
5091,-0.969468,10.322356,10.261014,0.0,0.0,1.0,1.0
5092,-0.9694532,10.497161,10.350155,0.0,0.0,1.0,1.0
5093,-0.9694532,10.566804,10.445731,0.0,0.0,1.0,1.0
5094,-0.9694053,10.484649,10.5431595,0.0,0.0,1.0,1.0
5095,-0.9694053,10.554238,10.649664,0.0,0.0,1.0,1.0
5096,-0.9694053,10.680008,10.7687435,0.0,0.0,1.0,1.0
5097,-0.9694053,10.838699,10.9022045,0.0,0.0,1.0,1.0
5098,-0.9694053,11.016043,11.048722,0.0,0.0,1.0,1.0
5099,-0.9694053,11.125875,11.1985445,0.0,0.0,1.0,1.0
5100,-0.9694053,11.338451,11.360482,0.0,0.0,1.0,1.0
5101,-0.9694053,11.585314,11.55262,0.0,0.0,1.0,1.0
5102,-0.9694053,11.81686,11.761563,0.0,0.0,1.0,1.0
5103,-0.9694053,12.080562,11.9789,0.0,0.0,1.0,1.0
5104,-0.9694053,12.295031,12.214748,0.0,0.0,1.0,1.0
5105,-0.9694053,12.510062,12.477941,0.0,0.0,1.0,1.0
5106,-0.9694053,12.790301,12.76149,0.0,0.0,1.0,1.0
5107,-0.9694053,13.061557,13.045151,0.0,0.0,1.0,1.0
5108,-0.9694053,13.288042,13.313302,0.0,0.0,1.0,1.0
5109,-0.9694053,13.6688795,13.569621,0.0,0.0,1.0,1.0
5110,-0.9694053,14.174351,13.81025,0.0,0.0,1.0,1.0
5111,-0.9694053,14.528466,14.029213,0.0,0.0,1.0,1.0
5112,-0.9694053,14.742383,14.2320795,0.0,0.0,1.0,1.0
5113,-0.9693376,14.803136,14.406349,0.0,0.0,1.0,1.0
5114,-0.96933657,14.892688,14.544075,0.0,0.0,1.0,1.0
5115,-0.96933657,14.968108,14.65893,0.0,0.0,1.0,1.0
5116,-0.96933657,14.922586,14.734068,0.0,0.0,1.0,1.0
5117,-0.96933657,14.94446,14.756696,0.0,0.0,1.0,1.0
5118,-0.96933657,14.881529,14.737295,0.0,0.0,1.0,1.0
5119,-0.96933657,14.714277,14.674795,0.0,0.0,1.0,1.0
5120,-0.9693152,14.666295,14.583258,0.0,0.0,1.0,1.0
5121,-0.9693152,14.570532,14.450734,0.0,0.0,1.0,1.0
5122,-0.9693152,14.445886,14.277937,0.0,0.0,1.0,1.0
5123,-0.9693152,14.295658,14.0786915,0.0,0.0,1.0,1.0
5124,-0.9693152,13.992385,13.856873,0.0,0.0,1.0,1.0
5125,-0.9693152,13.704687,13.614981,0.0,0.0,1.0,1.0
5126,-0.9693152,13.3024025,13.360537,0.0,0.0,1.0,1.0
5127,-0.9693152,12.894547,13.089823,0.0,0.0,1.0,1.0
5128,-0.9693152,12.531644,12.797325,0.0,0.0,1.0,1.0
5129,-0.9693152,12.282628,12.492339,0.0,0.0,1.0,1.0
5130,-0.9693152,11.97883,12.1824255,0.0,0.0,1.0,1.0
5131,-0.9693152,11.660947,11.857378,0.0,0.0,1.0,1.0
5132,-0.96923417,11.417732,11.520946,0.0,0.0,1.0,1.0
5133,-0.96923417,11.060554,11.177639,0.0,0.0,1.0,1.0
5134,-0.96923417,10.786053,10.844321,0.0,0.0,1.0,1.0
5135,-0.96923417,10.576696,10.5233965,0.0,0.0,1.0,1.0
5136,-0.96923417,10.091817,10.206108,0.0,0.0,1.0,1.0
5137,-0.96923363,9.667499,9.902776,0.0,0.0,1.0,1.0
5138,-0.96923363,9.182717,9.612394,0.0,0.0,1.0,1.0
5139,-0.96920717,8.894735,9.321733,0.0,0.0,1.0,1.0
5140,-0.96920717,8.680549,9.042093,0.0,0.0,1.0,1.0
5141,-0.96920717,8.475169,8.763641,0.0,0.0,1.0,1.0
5142,-0.96920717,8.33884,8.484651,0.0,0.0,1.0,1.0
5143,-0.96920717,8.176377,8.231618,0.0,0.0,1.0,1.0
5144,-0.96911293,7.9297953,8.0059,0.0,0.0,1.0,1.0
5145,-0.96911293,7.704876,7.813482,0.0,0.0,1.0,1.0
5146,-0.96911293,7.444628,7.640713,0.0,0.0,1.0,1.0
5147,-0.96911293,7.228808,7.4960217,0.0,0.0,1.0,1.0
5148,-0.96911293,7.0554256,7.3820796,0.0,0.0,1.0,1.0
5149,-0.96911293,6.9588885,7.299197,0.0,0.0,1.0,1.0
5150,-0.96911293,6.873692,7.232099,0.0,0.0,1.0,1.0
5151,-0.96911293,6.8215103,7.2006016,0.0,0.0,1.0,1.0
5152,-0.96911293,6.9442534,7.197823,0.0,0.0,1.0,1.0
5153,-0.96911293,7.1078606,7.2340984,0.0,0.0,1.0,1.0
5154,-0.96911293,7.344252,7.311168,0.0,0.0,1.0,1.0
5155,-0.96911293,7.3711987,7.4354186,0.0,0.0,1.0,1.0
5156,-0.96911293,7.551828,7.597179,0.0,0.0,1.0,1.0
5157,-0.96911293,7.671532,7.7983756,0.0,0.0,1.0,1.0
5158,-0.96911293,7.879933,8.034002,0.0,0.0,1.0,1.0
5159,-0.96911293,8.1536455,8.29153,0.0,0.0,1.0,1.0
5160,-0.96911293,8.546427,8.5656805,0.0,0.0,1.0,1.0
5161,-0.96911293,8.900013,8.853763,0.0,0.0,1.0,1.0
5162,-0.96911293,9.2880535,9.171256,0.0,0.0,1.0,1.0
5163,-0.96904415,9.649036,9.512021,0.0,0.0,1.0,1.0
5164,-0.9690436,10.034581,9.876151,0.0,0.0,1.0,1.0
5165,-0.96903443,10.397668,10.259844,0.0,0.0,1.0,1.0
5166,-0.96903443,10.801233,10.662577,0.0,0.0,1.0,1.0
5167,-0.96903443,11.181125,11.071904,0.0,0.0,1.0,1.0
5168,-0.96903443,11.641004,11.482522,0.0,0.0,1.0,1.0
5169,-0.96903443,12.041097,11.878565,0.0,0.0,1.0,1.0
5170,-0.96903443,12.484245,12.2592325,0.0,0.0,1.0,1.0
5171,-0.96903443,12.98644,12.624126,0.0,0.0,1.0,1.0
5172,-0.96903443,13.458351,12.972862,0.0,0.0,1.0,1.0
5173,-0.96903443,13.827433,13.303757,0.0,0.0,1.0,1.0
5174,-0.96903443,14.040568,13.620595,0.0,0.0,1.0,1.0
5175,-0.96903443,14.217045,13.916945,0.0,0.0,1.0,1.0
5176,-0.96903443,14.41331,14.186104,0.0,0.0,1.0,1.0
5177,-0.96903443,14.582495,14.420576,0.0,0.0,1.0,1.0
5178,-0.96903443,14.771966,14.619114,0.0,0.0,1.0,1.0
5179,-0.96903443,14.983184,14.777743,0.0,0.0,1.0,1.0
5180,-0.96903443,15.197211,14.903316,0.0,0.0,1.0,1.0
5181,-0.96903443,15.271004,15.000972,0.0,0.0,1.0,1.0
5182,-0.9689748,15.297906,15.072968,0.0,0.0,1.0,1.0
5183,-0.9689748,15.368896,15.119989,0.0,0.0,1.0,1.0
5184,-0.9689748,15.3619,15.152793,0.0,0.0,1.0,1.0
5185,-0.9689748,15.334305,15.176484,0.0,0.0,1.0,1.0
5186,-0.9689748,15.212441,15.187402,0.0,0.0,1.0,1.0
5187,-0.9689748,15.080998,15.177706,0.0,0.0,1.0,1.0
5188,-0.9689748,14.977567,15.146681,0.0,0.0,1.0,1.0
5189,-0.96895397,14.976138,15.111654,0.0,0.0,1.0,1.0
5190,-0.96895397,15.056261,15.068151,0.0,0.0,1.0,1.0
5191,-0.96895397,15.114198,15.014252,0.0,0.0,1.0,1.0
5192,-0.96895397,15.080856,14.967097,0.0,0.0,1.0,1.0
5193,-0.96895397,14.898708,14.925335,0.0,0.0,1.0,1.0
5194,-0.96895397,14.87758,14.8887205,0.0,0.0,1.0,1.0
5195,-0.96895397,14.846866,14.852828,0.0,0.0,1.0,1.0
5196,-0.96895397,14.715097,14.812308,0.0,0.0,1.0,1.0
5197,-0.96895397,14.768454,14.765158,0.0,0.0,1.0,1.0
5198,-0.96895397,14.711296,14.709841,0.0,0.0,1.0,1.0
5199,-0.96895397,14.641625,14.648564,0.0,0.0,1.0,1.0
5200,-0.96887654,14.546862,14.595713,0.0,0.0,1.0,1.0
5201,-0.96887654,14.489898,14.532777,0.0,0.0,1.0,1.0
5202,-0.9688368,14.490456,14.462005,0.0,0.0,1.0,1.0
5203,-0.9688368,14.450395,14.401035,0.0,0.0,1.0,1.0
5204,-0.9688368,14.34554,14.335933,0.0,0.0,1.0,1.0
5205,-0.9688368,14.264485,14.279657,0.0,0.0,1.0,1.0
5206,-0.9688368,14.122347,14.2276945,0.0,0.0,1.0,1.0
5207,-0.9688368,13.997597,14.1880865,0.0,0.0,1.0,1.0
5208,-0.9688368,13.98347,14.137286,0.0,0.0,1.0,1.0
5209,-0.9688368,13.987219,14.080039,0.0,0.0,1.0,1.0
5210,-0.96883017,14.035998,14.01502,0.0,0.0,1.0,1.0
5211,-0.96883017,14.018066,13.948602,0.0,0.0,1.0,1.0
5212,-0.96883017,14.071572,13.882608,0.0,0.0,1.0,1.0
5213,-0.96883017,13.88029,13.816502,0.0,0.0,1.0,1.0
5214,-0.96883017,13.803488,13.739256,0.0,0.0,1.0,1.0
5215,-0.96883017,13.670176,13.65282,0.0,0.0,1.0,1.0
5216,-0.96883017,13.548517,13.550696,0.0,0.0,1.0,1.0
5217,-0.96883017,13.472559,13.435577,0.0,0.0,1.0,1.0
5218,-0.96883017,13.329065,13.319386,0.0,0.0,1.0,1.0
5219,-0.96883017,13.070645,13.190424,0.0,0.0,1.0,1.0
5220,-0.96883017,12.946245,13.091334,0.0,0.0,1.0,1.0
5221,-0.9687558,12.761737,12.984046,0.0,0.0,1.0,1.0
5222,-0.9687553,12.654564,12.891115,0.0,0.0,1.0,1.0
5223,-0.9687553,12.623771,12.810457,0.0,0.0,1.0,1.0
5224,-0.9687553,12.524026,12.754939,0.0,0.0,1.0,1.0
5225,-0.9687553,12.691216,12.720524,0.0,1.0,1.0,1.0
5226,-0.9687553,12.516035,12.700923,0.0,1.0,1.0,1.0
5227,-0.9687553,12.555005,12.683905,0.0,1.0,1.0,1.0
5228,-0.9687553,12.580613,12.665815,0.0,1.0,1.0,1.0
5229,-0.9687553,12.806347,12.646014,0.0,1.0,1.0,1.0
5230,-0.9687553,12.916083,12.639194,0.0,1.0,1.0,1.0
5231,-0.9687553,12.835429,12.645204,0.0,1.0,1.0,1.0
5232,-0.9687553,12.742031,12.649396,0.0,1.0,1.0,1.0
5233,-0.9687553,12.544663,12.682939,0.0,1.0,1.0,1.0
5234,-0.9687553,12.416955,12.743023,0.0,1.0,1.0,1.0
5235,-0.9687553,12.541918,12.831193,0.0,1.0,1.0,1.0
5236,-0.9687553,12.59615,12.925995,0.0,1.0,1.0,1.0
5237,-0.9687553,12.741527,13.054292,0.0,1.0,1.0,1.0
5238,-0.9687553,12.918541,13.23124,0.0,1.0,1.0,1.0
5239,-0.9687553,13.276023,13.464176,0.0,1.0,1.0,1.0
5240,-0.9686646,13.638652,13.764625,0.0,1.0,1.0,1.0
5241,-0.9686646,13.943968,14.140415,0.0,1.0,1.0,1.0
5242,-0.9686646,14.4556465,14.59212,0.0,1.0,1.0,1.0
5243,-0.9686646,14.958809,15.132117,0.0,1.0,1.0,1.0
5244,-0.9686646,15.537266,15.76078,0.0,1.0,1.0,1.0
5245,-0.9686646,16.150043,16.469055,0.0,1.0,1.0,1.0
5246,-0.9686646,16.926445,17.235718,0.0,1.0,1.0,1.0
5247,-0.96864426,17.962372,18.060017,0.0,1.0,1.0,1.0
5248,-0.96864426,19.076115,18.94297,0.0,1.0,1.0,1.0
5249,-0.96864426,20.285484,19.864674,0.0,1.0,1.0,1.0
5250,-0.96864426,21.417837,20.806702,0.0,1.0,1.0,1.0
5251,-0.96864426,22.47598,21.76456,0.0,1.0,1.0,1.0
5252,-0.96864426,23.530235,22.734247,0.0,1.0,1.0,1.0
5253,-0.96864426,24.539402,23.698412,0.0,1.0,1.0,1.0
5254,-0.96864426,25.5161,24.607101,0.0,1.0,1.0,1.0
5255,-0.9686096,26.263132,25.46748,0.0,1.0,1.0,1.0
5256,-0.9686096,27.031593,26.261854,0.0,1.0,1.0,1.0
5257,-0.9686096,27.786278,26.981457,0.0,1.0,1.0,1.0
5258,-0.9685413,28.49642,27.641523,0.0,1.0,1.0,1.0
5259,-0.9685413,28.866634,28.216053,0.0,1.0,1.0,1.0
5260,-0.9685413,29.400658,28.701656,0.0,1.0,1.0,1.0
5261,-0.9685413,29.817978,29.10791,0.0,1.0,1.0,1.0
5262,-0.96853876,30.053064,29.452393,0.0,1.0,1.0,1.0
5263,-0.96853876,30.39679,29.74007,0.0,1.0,1.0,1.0
5264,-0.96853876,30.424599,29.949608,0.0,1.0,1.0,1.0
5265,-0.96853876,30.366623,30.092424,0.0,1.0,1.0,1.0
5266,-0.96853876,30.391155,30.186752,0.0,1.0,1.0,1.0
5267,-0.96853876,30.39693,30.23336,0.0,1.0,1.0,1.0
5268,-0.96853876,30.483717,30.240627,0.0,1.0,1.0,1.0
5269,-0.96853876,30.300722,30.229927,0.0,1.0,1.0,1.0
5270,-0.96853876,30.210217,30.21661,0.0,1.0,1.0,1.0
5271,-0.96853876,29.998575,30.206644,0.0,1.0,1.0,1.0
5272,-0.9685383,29.95995,30.211721,0.0,1.0,1.0,1.0
5273,-0.9685383,29.905186,30.221786,0.0,1.0,1.0,1.0
5274,-0.9685383,29.924664,30.228111,0.0,1.0,1.0,1.0
5275,-0.9685383,30.236994,30.234068,0.0,1.0,1.0,1.0
5276,-0.9685383,30.305004,30.26928,0.0,1.0,1.0,1.0
5277,-0.96846694,30.42755,30.326351,0.0,1.0,1.0,1.0
5278,-0.96846694,30.511938,30.410864,0.0,1.0,1.0,1.0
5279,-0.96846694,30.472826,30.496489,0.0,1.0,1.0,1.0
5280,-0.96846694,30.55519,30.60924,0.0,1.0,1.0,1.0
5281,-0.96846694,30.723255,30.733942,0.0,1.0,1.0,1.0
5282,-0.96846694,30.895096,30.853668,0.0,1.0,1.0,1.0
5283,-0.96846694,31.012716,30.980556,0.0,1.0,1.0,1.0
5284,-0.96846694,30.98745,31.11368,0.0,1.0,1.0,1.0
5285,-0.96846694,31.2582,31.245993,0.0,1.0,1.0,1.0
5286,-0.96846694,31.421093,31.381565,0.0,1.0,1.0,1.0
5287,-0.96846694,31.673714,31.510275,0.0,1.0,1.0,1.0
5288,-0.9684659,31.827648,31.624977,0.0,1.0,1.0,1.0
5289,-0.9684659,32.02503,31.737871,0.0,1.0,1.0,1.0
5290,-0.9684659,32.099697,31.848595,0.0,1.0,1.0,1.0
5291,-0.9684659,32.099697,31.976843,0.0,1.0,1.0,1.0
5292,-0.9684435,32.099697,32.10067,0.0,1.0,1.0,1.0
5293,-0.9684435,32.099697,32.2253,0.0,1.0,1.0,1.0
5294,-0.9684435,32.24982,32.34424,0.0,1.0,1.0,1.0
5295,-0.9684435,32.341404,32.468052,0.0,1.0,1.0,1.0
5296,-0.96836406,32.52641,32.58812,0.0,1.0,1.0,1.0
5297,-0.96836406,32.744152,32.71362,0.0,1.0,1.0,1.0
5298,-0.96836406,32.916626,32.85268,1.0,1.0,1.0,1.0
5299,-0.96836406,33.100998,32.998188,1.0,1.0,1.0,1.0
5300,-0.96514755,33.313385,33.144176,1.0,1.0,1.0,1.0
5301,-0.96151936,33.465855,33.27895,1.0,1.0,1.0,1.0
5302,-0.96151936,33.605698,33.40609,1.0,1.0,1.0,1.0
5303,-0.96151936,33.768417,33.517815,1.0,1.0,1.0,1.0
5304,-0.96151936,33.845802,33.61139,1.0,1.0,1.0,1.0
5305,-0.96151936,33.85157,33.690598,1.0,1.0,1.0,1.0
5306,-0.96151936,33.867085,33.758343,1.0,1.0,1.0,1.0
5307,-0.96151936,33.867085,33.81556,1.0,1.0,1.0,1.0
5308,-0.96151936,33.867085,33.860073,1.0,1.0,1.0,1.0
5309,-0.96151936,33.867085,33.89293,1.0,1.0,1.0,1.0
5310,-0.9614939,33.867085,33.912228,1.0,1.0,1.0,1.0
5311,-0.96041596,33.913948,33.92508,1.0,1.0,1.0,1.0
5312,-0.96041596,34.0,33.937447,1.0,1.0,1.0,1.0
5313,-0.96041596,34.0,33.948524,1.0,1.0,1.0,1.0
5314,-0.96041596,34.0,33.9596,1.0,1.0,1.0,1.0
5315,-0.96041596,34.0,33.970676,1.0,1.0,1.0,1.0
5316,-0.96041596,34.0,33.981754,1.0,1.0,1.0,1.0
5317,-0.96041596,34.0,33.99283,1.0,1.0,1.0,1.0
5318,-0.9602555,34.0,34.0,1.0,1.0,1.0,1.0
5319,-0.9562616,34.0,34.0,1.0,1.0,1.0,1.0
5320,-0.95185965,34.0,34.0,1.0,1.0,1.0,1.0
5321,-0.9474704,34.0,34.0,1.0,1.0,1.0,1.0
5322,-0.9428458,34.0,34.0,1.0,1.0,1.0,1.0
5323,-0.9383328,34.0,34.0,1.0,1.0,1.0,1.0
5324,-0.93393236,34.0,34.0,1.0,1.0,1.0,1.0
5325,-0.92942905,34.0,34.0,1.0,1.0,1.0,1.0
5326,-0.9249333,34.0,34.0,1.0,1.0,1.0,1.0
5327,-0.92303824,34.0,34.0,1.0,1.0,1.0,1.0
5328,-0.92303824,34.0,34.0,1.0,1.0,1.0,1.0
5329,-0.92303824,34.0,34.0,1.0,1.0,1.0,1.0
5330,-0.92303824,34.0,34.0,1.0,1.0,1.0,1.0
5331,-0.922618,34.0,34.0,1.0,1.0,1.0,1.0
5332,-0.92203367,34.0,34.0,1.0,1.0,1.0,1.0
5333,-0.92203367,34.0,34.0,1.0,1.0,1.0,1.0
5334,-0.92203367,34.0,34.0,1.0,1.0,1.0,1.0
5335,-0.92203367,34.0,34.0,1.0,1.0,1.0,1.0
5336,-0.92203367,34.0,34.0,1.0,1.0,1.0,1.0
5337,-0.92098325,34.0,34.0,1.0,1.0,1.0,1.0
5338,-0.91642946,34.0,34.0,1.0,1.0,1.0,1.0
5339,-0.9119852,34.0,34.0,1.0,1.0,1.0,1.0
5340,-0.9074824,34.0,34.0,1.0,1.0,1.0,1.0
5341,-0.9030983,34.0,34.0,1.0,1.0,1.0,1.0
5342,-0.8985129,34.0,34.0,1.0,1.0,1.0,1.0
5343,-0.89385116,34.0,34.0,1.0,1.0,1.0,1.0
5344,-0.8894094,34.0,34.0,1.0,1.0,1.0,1.0
5345,-0.8847293,34.0,34.0,1.0,1.0,1.0,1.0
5346,-0.8799922,34.0,34.0,1.0,1.0,1.0,1.0
5347,-0.8756065,34.0,34.0,1.0,1.0,1.0,1.0
5348,-0.87107974,34.0,34.0,1.0,1.0,1.0,1.0
5349,-0.8666625,34.0,34.0,1.0,1.0,1.0,1.0
5350,-0.8621663,34.0,34.0,1.0,1.0,1.0,1.0
5351,-0.85768944,34.0,34.0,1.0,1.0,1.0,1.0
5352,-0.8542442,34.0,34.0,1.0,1.0,1.0,1.0
5353,-0.8542442,34.0,34.0,1.0,1.0,1.0,1.0
5354,-0.8542442,34.0,34.0,1.0,1.0,1.0,1.0
5355,-0.8542442,34.0,34.0,1.0,1.0,1.0,1.0
5356,-0.85227424,34.0,34.0,1.0,1.0,1.0,1.0
5357,-0.84795684,34.0,34.0,1.0,1.0,1.0,1.0
5358,-0.8436211,34.0,34.0,1.0,1.0,1.0,1.0
5359,-0.83911115,34.0,34.0,1.0,1.0,1.0,1.0
5360,-0.8346037,34.0,34.0,1.0,1.0,1.0,1.0
5361,-0.8300871,34.0,34.0,1.0,1.0,1.0,1.0
5362,-0.8257417,34.0,34.0,1.0,1.0,1.0,1.0
5363,-0.8213825,34.0,34.0,1.0,1.0,1.0,1.0
5364,-0.8169612,34.0,34.0,1.0,1.0,1.0,1.0
5365,-0.81556183,34.0,34.0,1.0,1.0,1.0,1.0
5366,-0.81556183,34.0,34.0,1.0,1.0,1.0,1.0
5367,-0.81556183,34.0,34.0,1.0,1.0,1.0,1.0
5368,-0.81556183,34.0,34.0,1.0,1.0,1.0,1.0
5369,-0.81556183,34.0,34.0,1.0,1.0,1.0,1.0
5370,-0.81556183,34.0,34.0,1.0,1.0,1.0,1.0
5371,-0.815463,34.0,34.0,1.0,1.0,1.0,1.0
5372,-0.8144859,34.0,34.0,1.0,1.0,1.0,1.0
5373,-0.8144859,34.0,34.0,1.0,1.0,1.0,1.0
5374,-0.8144859,34.0,34.0,1.0,1.0,1.0,1.0
5375,-0.8113682,34.0,34.0,1.0,1.0,1.0,1.0
5376,-0.8071461,34.0,34.0,1.0,1.0,1.0,1.0
5377,-0.8031318,34.0,34.0,1.0,1.0,1.0,1.0
5378,-0.7991099,34.0,34.0,1.0,1.0,1.0,1.0
5379,-0.7950941,34.0,34.0,1.0,1.0,1.0,1.0
5380,-0.79091114,34.0,34.0,1.0,1.0,1.0,1.0
5381,-0.7870563,34.0,34.0,1.0,1.0,1.0,1.0
5382,-0.78297174,34.0,34.0,1.0,1.0,1.0,1.0
5383,-0.77869254,34.0,34.0,1.0,1.0,1.0,1.0
5384,-0.77851987,34.0,34.0,1.0,1.0,1.0,1.0
5385,-0.77851987,34.0,34.0,1.0,1.0,1.0,1.0
5386,-0.77851987,34.0,34.0,1.0,1.0,1.0,1.0
5387,-0.77851987,34.0,34.0,1.0,1.0,1.0,1.0
5388,-0.77851987,34.0,34.0,1.0,1.0,1.0,1.0
5389,-0.77851987,34.0,34.0,1.0,1.0,1.0,1.0
5390,-0.7751153,34.0,34.0,1.0,1.0,1.0,1.0
5391,-0.7704551,34.0,34.0,1.0,1.0,1.0,1.0
5392,-0.76583207,34.0,34.0,1.0,1.0,1.0,1.0
5393,-0.7614683,34.0,34.0,1.0,1.0,1.0,1.0
5394,-0.75702864,34.0,34.0,1.0,1.0,1.0,1.0
5395,-0.752589,34.0,34.0,1.0,1.0,1.0,1.0
5396,-0.7521453,34.0,34.0,1.0,1.0,1.0,1.0
5397,-0.75100774,34.0,34.0,1.0,1.0,1.0,1.0
5398,-0.7501875,34.0,34.0,1.0,1.0,1.0,1.0
5399,-0.7501875,34.0,34.0,1.0,1.0,1.0,1.0
5400,-0.7498345,34.0,34.0,1.0,1.0,1.0,1.0
5401,-0.74965924,34.0,34.0,1.0,1.0,1.0,1.0
5402,-0.7493409,34.0,34.0,1.0,1.0,1.0,1.0
5403,-0.7490021,34.0,34.0,1.0,1.0,1.0,1.0
5404,-0.7490021,34.0,34.0,1.0,1.0,1.0,1.0
5405,-0.7490021,34.0,34.0,1.0,1.0,1.0,1.0
5406,-0.7490021,34.0,34.0,1.0,1.0,1.0,1.0
5407,-0.7490011,34.0,34.0,1.0,1.0,1.0,1.0
5408,-0.7490011,34.0,34.0,1.0,1.0,1.0,1.0
5409,-0.7490011,34.0,34.0,1.0,1.0,1.0,1.0
5410,-0.7490011,34.0,34.0,1.0,1.0,1.0,1.0
5411,-0.7490011,34.0,34.0,1.0,1.0,1.0,1.0
5412,-0.7490011,34.0,34.0,1.0,1.0,1.0,1.0
5413,-0.7490011,34.0,34.0,1.0,1.0,1.0,1.0
5414,-0.7490011,34.0,34.0,1.0,1.0,1.0,1.0
5415,-0.7490011,34.0,33.99808,1.0,1.0,1.0,1.0
5416,-0.7470525,34.0,33.993618,1.0,1.0,1.0,1.0
5417,-0.7463561,34.0,33.989155,1.0,1.0,1.0,1.0
5418,-0.7463561,34.0,33.984688,1.0,1.0,1.0,1.0
5419,-0.7463561,34.0,33.980225,1.0,1.0,1.0,1.0
5420,-0.7463561,33.976982,33.971355,1.0,1.0,1.0,1.0
5421,-0.7463561,33.94643,33.96249,1.0,1.0,1.0,1.0
5422,-0.7463561,33.94643,33.94796,1.0,1.0,1.0,1.0
5423,-0.7463561,33.94643,33.92963,1.0,1.0,1.0,1.0
5424,-0.7463561,33.94643,33.907494,1.0,1.0,1.0,1.0
5425,-0.7463561,33.893585,33.882046,1.0,1.0,1.0,1.0
5426,-0.7462899,33.893585,33.85392,1.0,1.0,1.0,1.0
5427,-0.7462899,33.825653,33.82424,1.0,1.0,1.0,1.0
5428,-0.7462899,33.780056,33.795876,1.0,1.0,1.0,1.0
5429,-0.7462899,33.734352,33.767506,1.0,1.0,1.0,1.0
5430,-0.7462899,33.694622,33.739136,1.0,1.0,1.0,1.0
5431,-0.7462899,33.662495,33.712685,1.0,1.0,1.0,1.0
5432,-0.7462899,33.620846,33.693184,1.0,1.0,1.0,1.0
5433,-0.7462899,33.606003,33.673683,1.0,1.0,1.0,1.0
5434,-0.7462899,33.606003,33.659843,1.0,1.0,1.0,1.0
5435,-0.74292564,33.606003,33.649803,1.0,1.0,1.0,1.0
5436,-0.73965716,33.62902,33.647976,1.0,1.0,1.0,1.0
5437,-0.73965716,33.659573,33.649456,1.0,1.0,1.0,1.0
5438,-0.73965716,33.659573,33.65928,1.0,1.0,1.0,1.0
5439,-0.73965716,33.659573,33.676373,1.0,1.0,1.0,1.0
5440,-0.73965716,33.659573,33.69851,1.0,1.0,1.0,1.0
5441,-0.73965716,33.712418,33.723957,1.0,1.0,1.0,1.0
5442,-0.73844934,33.712418,33.752083,1.0,1.0,1.0,1.0
5443,-0.73683137,33.78035,33.78176,1.0,1.0,1.0,1.0
5444,-0.73683137,33.825947,33.810127,1.0,1.0,1.0,1.0
5445,-0.73683137,33.87165,33.838497,1.0,1.0,1.0,1.0
5446,-0.73683137,33.91138,33.866867,1.0,1.0,1.0,1.0
5447,-0.73683137,33.94351,33.891174,1.0,1.0,1.0,1.0
5448,-0.73683137,33.985157,33.903946,1.0,1.0,1.0,1.0
5449,-0.73683137,34.0,33.91671,1.0,1.0,1.0,1.0
5450,-0.73683137,34.0,33.92382,1.0,1.0,1.0,1.0
5451,-0.73683137,34.0,33.927124,1.0,1.0,1.0,1.0
5452,-0.73683137,33.951286,33.926624,1.0,1.0,1.0,1.0
5453,-0.7364019,33.86563,33.922234,1.0,1.0,1.0,1.0
5454,-0.73244214,33.86563,33.902004,1.0,1.0,1.0,1.0
5455,-0.72803813,33.86563,33.8632,1.0,1.0,1.0,1.0
5456,-0.72323525,33.86563,33.80961,1.0,1.0,1.0,1.0
5457,-0.7204614,33.86563,33.745163,1.0,1.0,1.0,1.0
5458,-0.7204614,33.85868,33.669712,1.0,1.0,1.0,1.0
5459,-0.7204614,33.700756,33.589855,1.0,1.0,1.0,1.0
5460,-0.7204614,33.51952,33.508408,1.0,1.0,1.0,1.0
5461,-0.7204614,33.356895,33.417816,1.0,1.0,1.0,1.0
5462,-0.7204614,33.226685,33.320255,1.0,1.0,1.0,1.0
5463,-0.7204614,33.09457,33.215794,1.0,1.0,1.0,1.0
5464,-0.7204614,32.992992,33.109436,1.0,1.0,1.0,1.0
5465,-0.72038245,32.88827,32.995262,1.0,1.0,1.0,1.0
5466,-0.72038245,32.778507,32.883827,1.0,1.0,1.0,1.0
5467,-0.72038245,32.694935,32.776993,0.0,1.0,1.0,1.0
5468,-0.72038245,32.612095,32.67349,0.0,1.0,1.0,1.0
5469,-0.72038245,32.589333,32.571423,0.0,1.0,1.0,1.0
5470,-0.72038245,32.48858,32.479797,0.0,1.0,1.0,1.0
5471,-0.72038245,32.36354,32.393566,0.0,1.0,1.0,1.0
5472,-0.7193157,32.237514,32.312042,0.0,1.0,1.0,1.0
5473,-0.71524084,32.114845,32.23443,0.0,1.0,1.0,1.0
5474,-0.71524084,32.0019,32.159077,0.0,1.0,1.0,1.0
5475,-0.71524084,31.995045,32.084164,0.0,1.0,1.0,1.0
5476,-0.71524084,31.958208,32.009617,0.0,1.0,1.0,1.0
5477,-0.71524084,31.910015,31.943665,0.0,1.0,1.0,1.0
5478,-0.71524084,31.84711,31.886675,0.0,1.0,1.0,1.0
5479,-0.71524084,31.79075,31.841043,0.0,1.0,1.0,1.0
5480,-0.7149056,31.713106,31.802742,0.0,1.0,1.0,1.0
5481,-0.7106076,31.694773,31.770285,0.0,1.0,1.0,1.0
5482,-0.7079402,31.697166,31.737965,0.0,1.0,1.0,1.0
5483,-0.7079402,31.679655,31.710619,0.0,1.0,1.0,1.0
5484,-0.7079402,31.689955,31.689505,0.0,1.0,1.0,1.0
5485,-0.7079402,31.655224,31.673952,0.0,1.0,1.0,1.0
5486,-0.7079402,31.612406,31.666512,0.0,1.0,1.0,1.0
5487,-0.7067609,31.607214,31.67256,0.0,1.0,1.0,1.0
5488,-0.7052296,31.630058,31.690125,0.0,1.0,1.0,1.0
5489,-0.7052296,31.65664,31.714657,0.0,1.0,1.0,1.0
5490,-0.7052296,31.660486,31.746214,0.0,1.0,1.0,1.0
5491,-0.7033075,31.701468,31.785069,0.0,1.0,1.0,1.0
5492,-0.7001699,31.78568,31.827658,0.0,1.0,1.0,1.0
5493,-0.7001699,31.905533,31.871748,0.0,1.0,1.0,1.0
5494,-0.7001083,31.991571,31.91296,0.0,1.0,1.0,1.0
5495,-0.69861054,32.058334,31.952854,0.0,1.0,1.0,1.0
5496,-0.69861054,32.156208,31.99377,0.0,1.0,1.0,1.0
5497,-0.69861054,32.166286,32.03747,0.0,1.0,1.0,1.0
5498,-0.69861054,32.141487,32.08221,0.0,1.0,1.0,1.0
5499,-0.69861054,32.10177,32.121548,0.0,1.0,1.0,1.0
5500,-0.69861054,32.108795,32.154503,0.0,1.0,1.0,1.0
5501,-0.69861054,32.14763,32.184273,0.0,1.0,1.0,1.0
5502,-0.69861054,32.184914,32.21318,0.0,1.0,1.0,1.0
5503,-0.69861054,32.23832,32.240715,0.0,1.0,1.0,1.0
5504,-0.6985209,32.257736,32.269905,0.0,1.0,1.0,1.0
5505,-0.6985209,32.300983,32.30404,0.0,1.0,1.0,1.0
5506,-0.6985209,32.348812,32.34277,0.0,1.0,1.0,1.0
5507,-0.6985209,32.40521,32.381443,0.0,1.0,1.0,1.0
5508,-0.6985209,32.48664,32.418976,0.0,1.0,1.0,1.0
5509,-0.6985209,32.516586,32.456512,0.0,1.0,1.0,1.0
5510,-0.6985209,32.551083,32.49258,0.0,1.0,1.0,1.0
5511,-0.6985209,32.566525,32.52761,0.0,1.0,1.0,1.0
5512,-0.6985209,32.5729,32.559345,0.0,1.0,1.0,1.0
5513,-0.6972387,32.598015,32.58657,0.0,1.0,1.0,1.0
5514,-0.6927185,32.635365,32.60439,0.0,1.0,1.0,1.0
5515,-0.6924394,32.67111,32.61163,0.0,1.0,1.0,1.0
5516,-0.6924394,32.678085,32.61699,0.0,1.0,1.0,1.0
5517,-0.6924394,32.681797,32.619904,0.0,1.0,1.0,1.0
5518,-0.6924394,32.675545,32.623043,0.0,1.0,1.0,1.0
5519,-0.6924394,32.61902,32.630016,0.0,1.0,1.0,1.0
5520,-0.6924394,32.573547,32.636795,0.0,1.0,1.0,1.0
5521,-0.6924394,32.580883,32.64188,0.0,1.0,1.0,1.0
5522,-0.6924394,32.586067,32.64708,0.0,1.0,1.0,1.0
5523,-0.6924394,32.604176,32.650394,0.0,1.0,1.0,1.0
5524,-0.6924394,32.6566,32.65342,0.0,1.0,1.0,1.0
5525,-0.69210315,32.67934,32.656677,0.0,1.0,1.0,1.0
5526,-0.68971443,32.696392,32.666862,0.0,1.0,1.0,1.0
5527,-0.68971443,32.733505,32.680912,0.0,1.0,1.0,1.0
5528,-0.68971443,32.717884,32.70024,0.0,1.0,1.0,1.0
5529,-0.68971443,32.718063,32.72467,0.0,1.0,1.0,1.0
5530,-0.68971443,32.714638,32.751106,0.0,1.0,1.0,1.0
5531,-0.68971443,32.741245,32.77569,0.0,1.0,1.0,1.0
5532,-0.6875417,32.74213,32.798122,1.0,1.0,1.0,1.0
5533,-0.68295944,32.812836,32.820564,1.0,1.0,1.0,1.0
5534,-0.67943674,32.879246,32.839523,1.0,1.0,1.0,1.0
5535,-0.6794082,32.921417,32.85493,1.0,1.0,1.0,1.0
5536,-0.6791764,32.951538,32.870903,1.0,1.0,1.0,1.0
5537,-0.6791764,32.948593,32.886196,1.0,1.0,1.0,1.0
5538,-0.6791764,32.965664,32.89802,1.0,1.0,1.0,1.0
5539,-0.6791199,32.961033,32.911407,1.0,1.0,1.0,1.0
5540,-0.6744851,32.90277,32.921906,1.0,1.0,1.0,1.0
5541,-0.6744851,32.90972,32.929405,1.0,1.0,1.0,1.0
5542,-0.6744851,32.898163,32.934555,1.0,1.0,1.0,1.0
5543,-0.67137146,32.883137,32.936966,1.0,1.0,1.0,1.0
5544,-0.6668391,32.902756,32.932682,1.0,1.0,1.0,1.0
5545,-0.66250134,32.938816,32.921207,1.0,1.0,1.0,1.0
5546,-0.6605146,32.969242,32.908962,1.0,1.0,1.0,1.0
5547,-0.6605013,32.98321,32.90124,1.0,1.0,1.0,1.0
5548,-0.6605013,32.980495,32.887207,1.0,1.0,1.0,1.0
5549,-0.6605013,32.897167,32.867947,1.0,1.0,1.0,1.0
5550,-0.6605013,32.827957,32.846504,1.0,1.0,1.0,1.0
5551,-0.6605013,32.814114,32.81692,1.0,1.0,1.0,1.0
5552,-0.6605013,32.810097,32.77947,1.0,1.0,1.0,1.0
5553,-0.6605013,32.741325,32.738876,0.0,1.0,1.0,1.0
5554,-0.6602359,32.667027,32.69927,0.0,1.0,1.0,1.0
5555,-0.6602359,32.625835,32.66102,0.0,1.0,1.0,1.0
5556,-0.6602359,32.547783,32.630394,0.0,1.0,1.0,1.0
5557,-0.6602359,32.48935,32.605957,0.0,1.0,1.0,1.0
5558,-0.6602359,32.482174,32.580574,0.0,1.0,1.0,1.0
5559,-0.6602359,32.507885,32.55704,0.0,1.0,1.0,1.0
5560,-0.6602359,32.521496,32.539917,0.0,1.0,1.0,1.0
5561,-0.66009736,32.529675,32.52971,0.0,1.0,1.0,1.0
5562,-0.6561106,32.534733,32.521465,0.0,1.0,1.0,1.0
5563,-0.6545502,32.509487,32.518887,0.0,1.0,1.0,1.0
5564,-0.6545502,32.527706,32.52291,0.0,1.0,1.0,1.0
5565,-0.6545502,32.53586,32.52894,0.0,1.0,1.0,1.0
5566,-0.6545502,32.54453,32.53223,0.0,1.0,1.0,1.0
5567,-0.6545502,32.526905,32.537598,0.0,1.0,1.0,1.0
5568,-0.6545502,32.516827,32.542572,0.0,1.0,1.0,1.0
5569,-0.6545502,32.53764,32.541016,0.0,1.0,1.0,1.0
5570,-0.654244,32.55453,32.53023,0.0,1.0,1.0,1.0
5571,-0.65283036,32.54738,32.507217,0.0,1.0,1.0,1.0
5572,-0.6526103,32.585926,32.472168,0.0,1.0,1.0,1.0
5573,-0.6526103,32.589363,32.42723,0.0,1.0,1.0,1.0
5574,-0.6526103,32.516033,32.37862,0.0,1.0,1.0,1.0
5575,-0.6526103,32.380074,32.322453,0.0,1.0,1.0,1.0
5576,-0.6526103,32.251534,32.264236,0.0,1.0,1.0,1.0
5577,-0.6526103,32.11529,32.204304,0.0,1.0,1.0,1.0
5578,-0.6526103,32.00525,32.14751,0.0,1.0,1.0,1.0
5579,-0.6526103,31.943605,32.09694,0.0,1.0,1.0,1.0
5580,-0.6516852,31.842808,32.04477,0.0,1.0,1.0,1.0
5581,-0.6469801,31.839031,32.0008,0.0,1.0,1.0,1.0
5582,-0.64685273,31.835331,31.964827,0.0,1.0,1.0,1.0
5583,-0.64685273,31.86586,31.935095,0.0,1.0,1.0,1.0
5584,-0.64685273,31.97907,31.913979,0.0,1.0,1.0,1.0
5585,-0.64685273,31.963354,31.901882,0.0,1.0,1.0,1.0
5586,-0.64685273,31.988415,31.900557,0.0,1.0,1.0,1.0
5587,-0.64685273,31.948376,31.913727,0.0,1.0,1.0,1.0
5588,-0.64574116,31.894756,31.925766,0.0,1.0,1.0,1.0
5589,-0.64562047,31.86188,31.938858,0.0,1.0,1.0,1.0
5590,-0.64562047,31.860104,31.94256,0.0,1.0,1.0,1.0
5591,-0.64562047,31.927706,31.942175,0.0,1.0,1.0,1.0
5592,-0.64562047,32.000835,31.931942,0.0,1.0,1.0,1.0
5593,-0.64562047,31.983496,31.912228,0.0,1.0,1.0,1.0
5594,-0.64562047,31.992437,31.88609,0.0,1.0,1.0,1.0
5595,-0.64562047,31.910294,31.86442,0.0,1.0,1.0,1.0
5596,-0.64562047,31.974438,31.854834,0.0,1.0,1.0,1.0
5597,-0.64562047,31.84057,31.85192,0.0,1.0,1.0,1.0
5598,-0.64562047,31.75184,31.855232,0.0,1.0,1.0,1.0
5599,-0.64378804,31.634716,31.865067,0.0,1.0,1.0,1.0
5600,-0.6409913,31.634716,31.88628,0.0,1.0,1.0,1.0
5601,-0.6409913,31.746841,31.919195,0.0,1.0,1.0,1.0
5602,-0.6409913,31.825146,31.969524,0.0,1.0,1.0,1.0
5603,-0.64076304,31.967459,32.023907,0.0,1.0,1.0,1.0
5604,-0.64076304,32.118847,32.10586,0.0,1.0,1.0,1.0
5605,-0.64076304,32.238052,32.208866,0.0,1.0,1.0,1.0
5606,-0.64076304,32.387417,32.34109,0.0,1.0,1.0,1.0
5607,-0.64076304,32.514244,32.483944,0.0,1.0,1.0,1.0
5608,-0.64076304,32.62702,32.63768,0.0,1.0,1.0,1.0
5609,-0.64068663,32.824043,32.801483,1.0,1.0,1.0,1.0
5610,-0.64068663,32.987907,32.97086,1.0,1.0,1.0,1.0
5611,-0.64068663,33.22142,33.127625,1.0,1.0,1.0,1.0
5612,-0.64068663,33.34894,33.274452,1.0,1.0,1.0,1.0
5613,-0.64068663,33.591667,33.408833,1.0,1.0,1.0,1.0
5614,-0.64068663,33.790756,33.532646,1.0,1.0,1.0,1.0
5615,-0.6403163,34.0,33.64706,1.0,1.0,1.0,1.0
5616,-0.6392434,34.0,33.745056,1.0,1.0,1.0,1.0
5617,-0.6392434,34.0,33.8294,1.0,1.0,1.0,1.0
5618,-0.636089,34.0,33.89428,1.0,1.0,1.0,1.0
5619,-0.63173854,34.0,33.948536,1.0,1.0,1.0,1.0
5620,-0.63173854,34.0,33.982563,1.0,1.0,1.0,1.0
5621,-0.63173854,34.0,34.0,1.0,1.0,1.0,1.0
5622,-0.63173854,34.0,34.0,1.0,1.0,1.0,1.0
5623,-0.63173854,34.0,34.0,1.0,1.0,1.0,1.0
5624,-0.63173854,34.0,34.0,1.0,1.0,1.0,1.0
5625,-0.63171715,34.0,34.0,1.0,1.0,1.0,1.0
5626,-0.6314991,34.0,34.0,1.0,1.0,1.0,1.0
5627,-0.6314991,34.0,34.0,1.0,1.0,1.0,1.0
5628,-0.6314991,34.0,34.0,1.0,1.0,1.0,1.0
5629,-0.6314991,34.0,34.0,1.0,1.0,1.0,1.0
5630,-0.6314991,34.0,34.0,1.0,1.0,1.0,1.0
5631,-0.6314991,34.0,34.0,1.0,1.0,1.0,1.0
5632,-0.6314991,34.0,34.0,1.0,1.0,1.0,1.0
5633,-0.6281476,34.0,34.0,1.0,1.0,1.0,1.0
5634,-0.62753934,34.0,34.0,1.0,1.0,1.0,1.0
5635,-0.62753934,34.0,34.0,1.0,1.0,1.0,1.0
5636,-0.62735695,34.0,34.0,1.0,1.0,1.0,1.0
5637,-0.62320817,34.0,34.0,1.0,1.0,1.0,1.0
5638,-0.61875325,34.0,34.0,1.0,1.0,1.0,1.0
5639,-0.6142214,34.0,34.0,1.0,1.0,1.0,1.0
5640,-0.6112198,34.0,34.0,1.0,1.0,1.0,1.0
5641,-0.6112198,34.0,34.0,1.0,1.0,1.0,1.0
5642,-0.6112198,34.0,34.0,1.0,1.0,1.0,1.0
5643,-0.6112198,34.0,34.0,1.0,1.0,1.0,1.0
5644,-0.6112198,34.0,34.0,1.0,1.0,1.0,1.0
5645,-0.6112178,34.0,34.0,1.0,1.0,1.0,1.0
5646,-0.61121726,34.0,34.0,1.0,1.0,1.0,1.0
5647,-0.61121726,34.0,34.0,1.0,1.0,1.0,1.0
5648,-0.61121726,34.0,34.0,1.0,1.0,1.0,1.0
5649,-0.61121726,34.0,34.0,1.0,1.0,1.0,1.0
5650,-0.6111312,34.0,34.0,1.0,1.0,1.0,1.0
5651,-0.6111312,34.0,34.0,1.0,1.0,1.0,1.0
5652,-0.6111312,34.0,34.0,1.0,1.0,1.0,1.0
5653,-0.6111312,34.0,34.0,1.0,1.0,1.0,1.0
5654,-0.6111312,34.0,34.0,1.0,1.0,1.0,1.0
5655,-0.6111312,34.0,34.0,1.0,1.0,1.0,1.0
5656,-0.6111312,34.0,34.0,1.0,1.0,1.0,1.0
5657,-0.6111312,34.0,34.0,1.0,1.0,1.0,1.0
5658,-0.6111312,34.0,34.0,1.0,1.0,1.0,1.0
5659,-0.6076355,34.0,34.0,1.0,1.0,1.0,1.0
5660,-0.6054852,34.0,34.0,1.0,1.0,1.0,1.0
5661,-0.60503745,34.0,34.0,1.0,1.0,1.0,1.0
5662,-0.60503745,34.0,34.0,1.0,1.0,1.0,1.0
5663,-0.60503745,34.0,34.0,1.0,1.0,1.0,1.0
5664,-0.60503745,34.0,34.0,1.0,1.0,1.0,1.0
5665,-0.60503745,34.0,34.0,1.0,1.0,1.0,1.0
5666,-0.60503745,34.0,34.0,1.0,1.0,1.0,1.0
5667,-0.60503745,34.0,34.0,1.0,1.0,1.0,1.0
5668,-0.60503745,34.0,34.0,1.0,1.0,1.0,1.0
5669,-0.60492635,34.0,34.0,1.0,1.0,1.0,1.0
5670,-0.60492635,34.0,34.0,1.0,1.0,1.0,1.0
5671,-0.60492635,34.0,34.0,1.0,1.0,1.0,1.0
5672,-0.60492635,34.0,34.0,1.0,1.0,1.0,1.0
5673,-0.60492635,34.0,34.0,1.0,1.0,1.0,1.0
5674,-0.60492635,34.0,34.0,1.0,1.0,1.0,1.0
5675,-0.60492635,34.0,34.0,1.0,1.0,1.0,1.0
5676,-0.60492635,34.0,34.0,1.0,1.0,1.0,1.0
5677,-0.6046609,34.0,34.0,1.0,1.0,1.0,1.0
5678,-0.6003787,34.0,34.0,1.0,1.0,1.0,1.0
5679,-0.5981209,34.0,34.0,1.0,1.0,1.0,1.0
5680,-0.5981209,34.0,34.0,1.0,1.0,1.0,1.0
5681,-0.5981209,34.0,34.0,1.0,1.0,1.0,1.0
5682,-0.5981209,34.0,34.0,1.0,1.0,1.0,1.0
5683,-0.5981209,34.0,34.0,1.0,1.0,1.0,1.0
5684,-0.5978759,34.0,34.0,1.0,1.0,1.0,1.0
5685,-0.5954699,34.0,34.0,1.0,1.0,1.0,1.0
5686,-0.5954699,34.0,34.0,1.0,1.0,1.0,1.0
5687,-0.59539956,34.0,34.0,1.0,1.0,1.0,1.0
5688,-0.5952661,34.0,34.0,1.0,1.0,1.0,1.0
5689,-0.5952661,34.0,34.0,1.0,1.0,1.0,1.0
5690,-0.5952661,34.0,34.0,1.0,1.0,1.0,1.0
5691,-0.5952661,34.0,34.0,1.0,1.0,1.0,1.0
5692,-0.5952661,34.0,34.0,1.0,1.0,1.0,1.0
5693,-0.5952661,34.0,34.0,1.0,1.0,1.0,1.0
5694,-0.5952661,34.0,34.0,1.0,1.0,1.0,1.0
5695,-0.5952661,34.0,34.0,1.0,1.0,1.0,1.0
5696,-0.594072,34.0,34.0,1.0,1.0,1.0,1.0
5697,-0.5899309,34.0,34.0,1.0,1.0,1.0,1.0
5698,-0.5854657,34.0,34.0,1.0,1.0,1.0,1.0
5699,-0.5852426,34.0,34.0,1.0,1.0,1.0,1.0
5700,-0.58485544,34.0,34.0,1.0,1.0,1.0,1.0
5701,-0.58485544,34.0,34.0,1.0,1.0,1.0,1.0
5702,-0.58485544,34.0,34.0,1.0,1.0,1.0,1.0
5703,-0.58485544,34.0,34.0,1.0,1.0,1.0,1.0
5704,-0.58485544,34.0,34.0,1.0,1.0,1.0,1.0
5705,-0.584536,34.0,34.0,1.0,1.0,1.0,1.0
5706,-0.5812823,34.0,34.0,1.0,1.0,1.0,1.0
5707,-0.5812823,34.0,34.0,1.0,1.0,1.0,1.0
5708,-0.5812823,34.0,34.0,1.0,1.0,1.0,1.0
5709,-0.5812823,34.0,34.0,1.0,1.0,1.0,1.0
5710,-0.5812823,34.0,34.0,1.0,1.0,1.0,1.0
5711,-0.5812823,34.0,34.0,1.0,1.0,1.0,1.0
5712,-0.5812823,34.0,34.0,1.0,1.0,1.0,1.0
5713,-0.5812823,34.0,34.0,1.0,1.0,1.0,1.0
5714,-0.5812823,34.0,34.0,1.0,1.0,1.0,1.0
5715,-0.5788223,34.0,34.0,1.0,1.0,1.0,1.0
5716,-0.574402,34.0,34.0,1.0,1.0,1.0,1.0
5717,-0.57288796,34.0,34.0,1.0,1.0,1.0,1.0
5718,-0.57288796,34.0,34.0,1.0,1.0,1.0,1.0
5719,-0.57288796,34.0,34.0,1.0,1.0,1.0,1.0
5720,-0.57288796,34.0,34.0,1.0,1.0,1.0,1.0
5721,-0.57288796,34.0,34.0,1.0,1.0,1.0,1.0
5722,-0.57288796,34.0,34.0,1.0,1.0,1.0,1.0
5723,-0.57288796,34.0,34.0,1.0,1.0,1.0,1.0
5724,-0.57288796,34.0,34.0,1.0,1.0,1.0,1.0
5725,-0.57288796,34.0,34.0,1.0,1.0,1.0,1.0
5726,-0.57266635,34.0,34.0,1.0,1.0,1.0,1.0
5727,-0.57266635,34.0,34.0,1.0,1.0,1.0,1.0
5728,-0.57266635,34.0,34.0,1.0,1.0,1.0,1.0
5729,-0.57266635,34.0,34.0,1.0,1.0,1.0,1.0
5730,-0.56985843,34.0,34.0,1.0,1.0,1.0,1.0
5731,-0.5692746,34.0,34.0,1.0,1.0,1.0,1.0
5732,-0.5692746,34.0,34.0,1.0,1.0,1.0,1.0
5733,-0.5692746,34.0,34.0,1.0,1.0,1.0,1.0
5734,-0.5655446,34.0,34.0,1.0,1.0,1.0,1.0
5735,-0.5635731,34.0,34.0,1.0,1.0,1.0,1.0
5736,-0.56350684,34.0,34.0,1.0,1.0,1.0,1.0
5737,-0.5595272,34.0,34.0,1.0,1.0,1.0,1.0
5738,-0.5595272,34.0,34.0,1.0,1.0,1.0,1.0
5739,-0.5595272,34.0,34.0,1.0,1.0,1.0,1.0
5740,-0.5595272,34.0,34.0,1.0,1.0,1.0,1.0
5741,-0.5595272,34.0,34.0,1.0,1.0,1.0,1.0
5742,-0.55951905,34.0,34.0,1.0,1.0,1.0,1.0
5743,-0.5595094,34.0,34.0,1.0,1.0,1.0,1.0
5744,-0.55950785,34.0,34.0,1.0,1.0,1.0,1.0
5745,-0.55950785,34.0,34.0,1.0,1.0,1.0,1.0
5746,-0.55947727,34.0,34.0,1.0,1.0,1.0,1.0
5747,-0.55947727,34.0,34.0,1.0,1.0,1.0,1.0
5748,-0.55947727,34.0,34.0,1.0,1.0,1.0,1.0
5749,-0.55947727,34.0,34.0,1.0,1.0,1.0,1.0
5750,-0.5590973,34.0,34.0,1.0,1.0,1.0,1.0
5751,-0.5590973,34.0,34.0,1.0,1.0,1.0,1.0
5752,-0.5590973,34.0,34.0,1.0,1.0,1.0,1.0
5753,-0.5590973,34.0,34.0,1.0,1.0,1.0,1.0
5754,-0.5590973,34.0,34.0,1.0,1.0,1.0,1.0
5755,-0.5580636,34.0,34.0,1.0,1.0,1.0,1.0
5756,-0.5537646,34.0,34.0,1.0,1.0,1.0,1.0
5757,-0.5537646,34.0,34.0,1.0,1.0,1.0,1.0
5758,-0.5537646,34.0,34.0,1.0,1.0,1.0,1.0
5759,-0.5537646,34.0,34.0,1.0,1.0,1.0,1.0
5760,-0.55247164,34.0,34.0,1.0,1.0,1.0,1.0
5761,-0.55247164,34.0,34.0,1.0,1.0,1.0,1.0
5762,-0.55247164,34.0,34.0,1.0,1.0,1.0,1.0
5763,-0.55247164,34.0,34.0,1.0,1.0,1.0,1.0
5764,-0.55247164,34.0,34.0,1.0,1.0,1.0,1.0
5765,-0.55229235,34.0,34.0,1.0,1.0,1.0,1.0
5766,-0.55229235,34.0,34.0,1.0,1.0,1.0,1.0
5767,-0.55229235,34.0,34.0,1.0,1.0,1.0,1.0
5768,-0.55229235,34.0,34.0,1.0,1.0,1.0,1.0
5769,-0.55229235,34.0,34.0,1.0,1.0,1.0,1.0
5770,-0.55229235,34.0,34.0,1.0,1.0,1.0,1.0
5771,-0.55229235,34.0,34.0,1.0,1.0,1.0,1.0
5772,-0.55229235,34.0,34.0,1.0,1.0,1.0,1.0
5773,-0.55229235,34.0,34.0,1.0,1.0,1.0,1.0
5774,-0.55038196,34.0,34.0,1.0,1.0,1.0,1.0
5775,-0.546357,34.0,34.0,1.0,1.0,1.0,1.0
5776,-0.5421532,34.0,34.0,1.0,1.0,1.0,1.0
5777,-0.5382138,34.0,34.0,1.0,1.0,1.0,1.0
5778,-0.5382138,34.0,34.0,1.0,1.0,1.0,1.0
5779,-0.5382138,34.0,34.0,1.0,1.0,1.0,1.0
5780,-0.5382138,34.0,34.0,1.0,1.0,1.0,1.0
5781,-0.5375658,34.0,34.0,1.0,1.0,1.0,1.0
5782,-0.5334675,34.0,34.0,1.0,1.0,1.0,1.0
5783,-0.5334675,34.0,34.0,1.0,1.0,1.0,1.0
5784,-0.5334675,34.0,34.0,1.0,1.0,1.0,1.0
5785,-0.5334675,34.0,34.0,1.0,1.0,1.0,1.0
5786,-0.5334639,34.0,34.0,1.0,1.0,1.0,1.0
5787,-0.532848,34.0,34.0,1.0,1.0,1.0,1.0
5788,-0.5313121,34.0,34.0,1.0,1.0,1.0,1.0
5789,-0.53012055,34.0,34.0,1.0,1.0,1.0,1.0
5790,-0.53012055,34.0,34.0,1.0,1.0,1.0,1.0
5791,-0.53000593,34.0,34.0,1.0,1.0,1.0,1.0
5792,-0.53000593,34.0,34.0,1.0,1.0,1.0,1.0
5793,-0.53000593,34.0,34.0,1.0,1.0,1.0,1.0
5794,-0.53000593,34.0,34.0,1.0,1.0,1.0,1.0
5795,-0.5293049,34.0,34.0,1.0,1.0,1.0,1.0
5796,-0.5293049,34.0,34.0,1.0,1.0,1.0,1.0
5797,-0.5293049,34.0,34.0,1.0,1.0,1.0,1.0
5798,-0.5293049,34.0,34.0,1.0,1.0,1.0,1.0
5799,-0.5293049,34.0,34.0,1.0,1.0,1.0,1.0
5800,-0.5288842,34.0,34.0,1.0,1.0,1.0,1.0
5801,-0.5233767,34.0,34.0,1.0,1.0,1.0,1.0
5802,-0.5233767,34.0,34.0,1.0,1.0,1.0,1.0
5803,-0.5233767,34.0,34.0,1.0,1.0,1.0,1.0
5804,-0.5233767,34.0,34.0,1.0,1.0,1.0,1.0
5805,-0.5233767,34.0,34.0,1.0,1.0,1.0,1.0
5806,-0.5233767,34.0,34.0,1.0,1.0,1.0,1.0
5807,-0.5233767,34.0,34.0,1.0,1.0,1.0,1.0
5808,-0.5233767,34.0,34.0,1.0,1.0,1.0,1.0
5809,-0.5233767,34.0,34.0,1.0,1.0,1.0,1.0
5810,-0.5231388,34.0,34.0,1.0,1.0,1.0,1.0
5811,-0.5231388,34.0,34.0,1.0,1.0,1.0,1.0
5812,-0.5231388,34.0,34.0,1.0,1.0,1.0,1.0
5813,-0.5231388,34.0,34.0,1.0,1.0,1.0,1.0
5814,-0.5231388,34.0,34.0,1.0,1.0,1.0,1.0
5815,-0.5231388,34.0,34.0,1.0,1.0,1.0,1.0
5816,-0.5231388,34.0,34.0,1.0,1.0,1.0,1.0
5817,-0.5231388,34.0,34.0,1.0,1.0,1.0,1.0
5818,-0.5231388,34.0,34.0,1.0,1.0,1.0,1.0
5819,-0.52178526,34.0,33.99956,1.0,1.0,1.0,1.0
5820,-0.51708275,34.0,33.999126,1.0,1.0,1.0,1.0
5821,-0.51262677,34.0,33.998688,1.0,1.0,1.0,1.0
5822,-0.5072585,34.0,33.998253,1.0,1.0,1.0,1.0
5823,-0.5072585,34.0,33.997814,1.0,1.0,1.0,1.0
5824,-0.5072585,33.994755,33.997375,1.0,1.0,1.0,1.0
5825,-0.5072585,33.994755,33.99694,1.0,1.0,1.0,1.0
5826,-0.5054072,33.994755,33.996502,1.0,1.0,1.0,1.0
5827,-0.5054072,33.994755,33.996067,1.0,1.0,1.0,1.0
5828,-0.5054072,33.994755,33.99563,1.0,1.0,1.0,1.0
5829,-0.5053027,33.994755,33.995193,1.0,1.0,1.0,1.0
5830,-0.5053027,33.994755,33.994755,1.0,1.0,1.0,1.0
5831,-0.5053027,33.994755,33.994755,1.0,1.0,1.0,1.0
5832,-0.5053027,33.994755,33.994755,1.0,1.0,1.0,1.0
5833,-0.5053027,33.994755,33.994755,1.0,1.0,1.0,1.0
5834,-0.5053027,33.994755,33.994755,1.0,1.0,1.0,1.0
5835,-0.5053027,33.994755,33.995193,1.0,1.0,1.0,1.0
5836,-0.5053027,33.994755,33.99563,1.0,1.0,1.0,1.0
5837,-0.5053027,33.994755,33.996067,1.0,1.0,1.0,1.0
5838,-0.5004448,33.994755,33.996502,1.0,1.0,1.0,1.0
5839,-0.5004448,33.994755,33.99694,1.0,1.0,1.0,1.0
5840,-0.4977184,34.0,33.997375,1.0,1.0,1.0,1.0
5841,-0.49723038,34.0,33.997814,1.0,1.0,1.0,1.0
5842,-0.49723038,34.0,33.998253,1.0,1.0,1.0,1.0
5843,-0.49723038,34.0,33.998688,1.0,1.0,1.0,1.0
5844,-0.49723038,34.0,33.999126,1.0,1.0,1.0,1.0
5845,-0.49723038,34.0,33.99956,1.0,1.0,1.0,1.0
5846,-0.49723038,34.0,34.0,1.0,1.0,1.0,1.0
5847,-0.49701896,34.0,34.0,1.0,1.0,1.0,1.0
5848,-0.49701896,34.0,34.0,1.0,1.0,1.0,1.0
5849,-0.49680552,34.0,34.0,1.0,1.0,1.0,1.0
5850,-0.49680552,34.0,34.0,1.0,1.0,1.0,1.0
5851,-0.49680552,34.0,34.0,1.0,1.0,1.0,1.0
5852,-0.49680552,34.0,34.0,1.0,1.0,1.0,1.0
5853,-0.49680552,34.0,34.0,1.0,1.0,1.0,1.0
5854,-0.49680552,34.0,34.0,1.0,1.0,1.0,1.0
5855,-0.49680552,34.0,34.0,1.0,1.0,1.0,1.0
5856,-0.49680552,34.0,34.0,1.0,1.0,1.0,1.0
5857,-0.49002606,34.0,34.0,1.0,1.0,1.0,1.0
5858,-0.49002606,34.0,34.0,1.0,1.0,1.0,1.0
5859,-0.49002606,34.0,34.0,1.0,1.0,1.0,1.0
5860,-0.48980954,34.0,34.0,1.0,1.0,1.0,1.0
5861,-0.48980954,34.0,34.0,1.0,1.0,1.0,1.0
5862,-0.48980954,34.0,34.0,1.0,1.0,1.0,1.0
5863,-0.48980954,34.0,34.0,1.0,1.0,1.0,1.0
5864,-0.48980954,34.0,34.0,1.0,1.0,1.0,1.0
5865,-0.48980954,34.0,34.0,1.0,1.0,1.0,1.0
5866,-0.48980954,34.0,34.0,1.0,1.0,1.0,1.0
5867,-0.48980954,34.0,34.0,1.0,1.0,1.0,1.0
5868,-0.48980954,34.0,34.0,1.0,1.0,1.0,1.0
5869,-0.48980954,34.0,34.0,1.0,1.0,1.0,1.0
5870,-0.48980954,34.0,34.0,1.0,1.0,1.0,1.0
5871,-0.48891345,34.0,34.0,1.0,1.0,1.0,1.0
5872,-0.48891345,34.0,34.0,1.0,1.0,1.0,1.0
5873,-0.48891345,34.0,34.0,1.0,1.0,1.0,1.0
5874,-0.48891345,34.0,34.0,1.0,1.0,1.0,1.0
5875,-0.4884127,34.0,34.0,1.0,1.0,1.0,1.0
5876,-0.48373157,34.0,34.0,1.0,1.0,1.0,1.0
5877,-0.48357874,34.0,34.0,1.0,1.0,1.0,1.0
5878,-0.48030517,34.0,34.0,1.0,1.0,1.0,1.0
5879,-0.48030517,34.0,34.0,1.0,1.0,1.0,1.0
5880,-0.48030517,34.0,34.0,1.0,1.0,1.0,1.0
5881,-0.48030517,34.0,34.0,1.0,1.0,1.0,1.0
5882,-0.48030517,34.0,34.0,1.0,1.0,1.0,1.0
5883,-0.48030517,34.0,34.0,1.0,1.0,1.0,1.0
5884,-0.48030517,34.0,34.0,1.0,1.0,1.0,1.0
5885,-0.47958535,34.0,34.0,1.0,1.0,1.0,1.0
5886,-0.47958535,34.0,34.0,1.0,1.0,1.0,1.0
5887,-0.47942638,34.0,34.0,1.0,1.0,1.0,1.0
5888,-0.47942638,34.0,34.0,1.0,1.0,1.0,1.0
5889,-0.47942638,34.0,34.0,1.0,1.0,1.0,1.0
5890,-0.47942638,34.0,34.0,1.0,1.0,1.0,1.0
5891,-0.47942638,34.0,34.0,1.0,1.0,1.0,1.0
5892,-0.47942638,34.0,34.0,1.0,1.0,1.0,1.0
5893,-0.47942638,34.0,34.0,1.0,1.0,1.0,1.0
5894,-0.47942638,34.0,34.0,1.0,1.0,1.0,1.0
5895,-0.47942638,34.0,34.0,1.0,1.0,1.0,1.0
5896,-0.4788976,34.0,34.0,1.0,1.0,1.0,1.0
5897,-0.47446764,34.0,34.0,1.0,1.0,1.0,1.0
5898,-0.4713051,34.0,34.0,1.0,1.0,1.0,1.0
5899,-0.4713051,34.0,34.0,1.0,1.0,1.0,1.0
5900,-0.4713051,34.0,34.0,1.0,1.0,1.0,1.0
5901,-0.4713051,34.0,34.0,1.0,1.0,1.0,1.0
5902,-0.4713051,34.0,34.0,1.0,1.0,1.0,1.0
5903,-0.4713051,34.0,34.0,1.0,1.0,1.0,1.0
5904,-0.4713051,34.0,34.0,1.0,1.0,1.0,1.0
5905,-0.4713051,34.0,34.0,1.0,1.0,1.0,1.0
5906,-0.4713051,34.0,34.0,1.0,1.0,1.0,1.0
5907,-0.47112834,34.0,34.0,1.0,1.0,1.0,1.0
5908,-0.47112834,34.0,34.0,1.0,1.0,1.0,1.0
5909,-0.47112834,34.0,34.0,1.0,1.0,1.0,1.0
5910,-0.47112834,34.0,34.0,1.0,1.0,1.0,1.0
5911,-0.47112834,34.0,34.0,1.0,1.0,1.0,1.0
5912,-0.47112834,34.0,34.0,1.0,1.0,1.0,1.0
5913,-0.47112834,34.0,33.998127,1.0,1.0,1.0,1.0
5914,-0.47112834,34.0,33.996258,1.0,1.0,1.0,1.0
5915,-0.46954963,34.0,33.994385,1.0,1.0,1.0,1.0
5916,-0.4656576,34.0,33.99251,1.0,1.0,1.0,1.0
5917,-0.4656576,34.0,33.990643,1.0,1.0,1.0,1.0
5918,-0.4656576,33.97754,33.98877,1.0,1.0,1.0,1.0
5919,-0.4656576,33.97754,33.98667,1.0,1.0,1.0,1.0
5920,-0.4656576,33.97754,33.984577,1.0,1.0,1.0,1.0
5921,-0.4656576,33.97754,33.98248,1.0,1.0,1.0,1.0
5922,-0.46388683,33.97754,33.980385,1.0,1.0,1.0,1.0
5923,-0.46388683,33.97754,33.978287,1.0,1.0,1.0,1.0
5924,-0.46388683,33.974842,33.97619,1.0,1.0,1.0,1.0
5925,-0.4638043,33.974842,33.975967,1.0,1.0,1.0,1.0
5926,-0.4638043,33.974842,33.975742,1.0,1.0,1.0,1.0
5927,-0.4638043,33.974842,33.975517,1.0,1.0,1.0,1.0
5928,-0.4638043,33.974842,33.975292,1.0,1.0,1.0,1.0
5929,-0.4638043,33.974842,33.97694,1.0,1.0,1.0,1.0
5930,-0.46140438,33.974842,33.978584,1.0,1.0,1.0,1.0
5931,-0.46140438,33.974842,33.980457,1.0,1.0,1.0,1.0
5932,-0.46140438,33.974842,33.98233,1.0,1.0,1.0,1.0
5933,-0.46140438,33.974842,33.9842,1.0,1.0,1.0,1.0
5934,-0.4558603,33.997303,33.986073,1.0,1.0,1.0,1.0
5935,-0.4558603,33.997303,33.98817,1.0,1.0,1.0,1.0
5936,-0.4558603,33.997303,33.990265,1.0,1.0,1.0,1.0
5937,-0.4556341,33.997303,33.992363,1.0,1.0,1.0,1.0
5938,-0.4556341,33.997303,33.994457,1.0,1.0,1.0,1.0
5939,-0.4556341,33.997303,33.996555,1.0,1.0,1.0,1.0
5940,-0.45556584,34.0,33.99865,1.0,1.0,1.0,1.0
5941,-0.45556584,34.0,33.998875,1.0,1.0,1.0,1.0
5942,-0.45556584,34.0,33.9991,1.0,1.0,1.0,1.0
5943,-0.45556584,34.0,33.999325,1.0,1.0,1.0,1.0
5944,-0.45556584,34.0,33.99955,1.0,1.0,1.0,1.0
5945,-0.45556584,34.0,33.999775,1.0,1.0,1.0,1.0
5946,-0.45556584,34.0,34.0,1.0,1.0,1.0,1.0
5947,-0.45556584,34.0,34.0,1.0,1.0,1.0,1.0
5948,-0.45556584,34.0,34.0,1.0,1.0,1.0,1.0
5949,-0.45556584,34.0,34.0,1.0,1.0,1.0,1.0
5950,-0.45556584,34.0,34.0,1.0,1.0,1.0,1.0
5951,-0.45556584,34.0,34.0,1.0,1.0,1.0,1.0
5952,-0.455385,34.0,34.0,1.0,1.0,1.0,1.0
5953,-0.4511756,34.0,34.0,1.0,1.0,1.0,1.0
5954,-0.4511756,34.0,34.0,1.0,1.0,1.0,1.0
5955,-0.4511756,34.0,34.0,1.0,1.0,1.0,1.0
5956,-0.4511756,34.0,33.997883,1.0,1.0,1.0,1.0
5957,-0.4511756,34.0,33.99564,1.0,1.0,1.0,1.0
5958,-0.4511756,34.0,33.993393,1.0,1.0,1.0,1.0
5959,-0.4511756,34.0,33.991146,1.0,1.0,1.0,1.0
5960,-0.4511756,34.0,33.9889,1.0,1.0,1.0,1.0
5961,-0.4511756,33.974617,33.986656,1.0,1.0,1.0,1.0
5962,-0.45095807,33.97305,33.98441,1.0,1.0,1.0,1.0
5963,-0.45095807,33.97305,33.982162,1.0,1.0,1.0,1.0
5964,-0.45095807,33.97305,33.97937,1.0,1.0,1.0,1.0
5965,-0.45095807,33.97305,33.97658,1.0,1.0,1.0,1.0
5966,-0.45095807,33.97305,33.97379,1.0,1.0,1.0,1.0
5967,-0.4489397,33.97305,33.970997,1.0,1.0,1.0,1.0
5968,-0.4489397,33.97305,33.97032,1.0,1.0,1.0,1.0
5969,-0.4489397,33.966503,33.969776,1.0,1.0,1.0,1.0
5970,-0.4489397,33.966503,33.96923,1.0,1.0,1.0,1.0
5971,-0.44501203,33.966503,33.968685,1.0,1.0,1.0,1.0
5972,-0.44501203,33.966503,33.970253,1.0,1.0,1.0,1.0
5973,-0.44501203,33.966503,33.970592,1.0,1.0,1.0,1.0
5974,-0.44501203,33.966503,33.97093,1.0,1.0,1.0,1.0
5975,-0.4407089,33.966503,33.970757,1.0,1.0,1.0,1.0
5976,-0.43999112,33.966503,33.971127,1.0,1.0,1.0,1.0
5977,-0.43999112,33.991886,33.969776,1.0,1.0,1.0,1.0
5978,-0.43999112,33.97709,33.967915,1.0,1.0,1.0,1.0
5979,-0.43999112,33.97709,33.965473,1.0,1.0,1.0,1.0
5980,-0.43999112,33.970974,33.963573,1.0,1.0,1.0,1.0
5981,-0.43999112,33.970974,33.961678,1.0,1.0,1.0,1.0
5982,-0.43999112,33.950306,33.95978,1.0,1.0,1.0,1.0
5983,-0.43999112,33.944157,33.957882,1.0,1.0,1.0,1.0
5984,-0.43999112,33.937183,33.95387,1.0,1.0,1.0,1.0
5985,-0.43982148,33.943733,33.95109,1.0,1.0,1.0,1.0
5986,-0.43982148,33.943733,33.94831,1.0,1.0,1.0,1.0
5987,-0.43982148,33.943733,33.94604,1.0,1.0,1.0,1.0
5988,-0.43982148,33.943733,33.94377,1.0,1.0,1.0,1.0
5989,-0.43982148,33.943733,33.944588,1.0,1.0,1.0,1.0
5990,-0.43982148,33.943733,33.945915,1.0,1.0,1.0,1.0
5991,-0.43982148,33.943733,33.948334,1.0,1.0,1.0,1.0
5992,-0.43982148,33.943733,33.949306,1.0,1.0,1.0,1.0
5993,-0.43982148,33.943733,33.952,1.0,1.0,1.0,1.0
5994,-0.4379529,33.960094,33.955208,1.0,1.0,1.0,1.0
5995,-0.43435228,33.960094,33.958996,1.0,1.0,1.0,1.0
5996,-0.43435228,33.96621,33.962784,1.0,1.0,1.0,1.0
5997,-0.43435228,33.955402,33.96657,1.0,1.0,1.0,1.0
5998,-0.43435228,33.97607,33.97036,1.0,1.0,1.0,1.0
5999,-0.43435228,33.98222,33.974148,1.0,1.0,1.0,1.0
6000,-0.43435228,33.989193,33.977936,1.0,1.0,1.0,1.0
6001,-0.43435228,33.989193,33.980362,1.0,1.0,1.0,1.0
6002,-0.43435228,33.989193,33.982788,1.0,1.0,1.0,1.0
6003,-0.43435228,33.989193,33.984703,1.0,1.0,1.0,1.0
6004,-0.43415156,33.989193,33.98752,1.0,1.0,1.0,1.0
6005,-0.43415156,33.989193,33.988613,1.0,1.0,1.0,1.0
6006,-0.43415156,33.989193,33.989193,1.0,1.0,1.0,1.0
6007,-0.43415156,33.989193,33.989193,1.0,1.0,1.0,1.0
6008,-0.43415156,33.989193,33.990093,1.0,1.0,1.0,1.0
6009,-0.43415156,33.989193,33.990993,1.0,1.0,1.0,1.0
6010,-0.43415156,33.989193,33.991894,1.0,1.0,1.0,1.0
6011,-0.43415156,33.989193,33.992794,1.0,1.0,1.0,1.0
6012,-0.43415156,33.989193,33.993694,1.0,1.0,1.0,1.0
6013,-0.4310303,34.0,33.994595,1.0,1.0,1.0,1.0
6014,-0.42681682,34.0,33.9955,1.0,1.0,1.0,1.0
6015,-0.42239347,34.0,33.9964,1.0,1.0,1.0,1.0
6016,-0.41819528,34.0,33.9973,1.0,1.0,1.0,1.0
6017,-0.4148147,34.0,33.9982,1.0,1.0,1.0,1.0
6018,-0.4148147,34.0,33.9991,1.0,1.0,1.0,1.0
6019,-0.4148147,34.0,34.0,1.0,1.0,1.0,1.0
6020,-0.41374645,34.0,34.0,1.0,1.0,1.0,1.0
6021,-0.40918198,34.0,34.0,1.0,1.0,1.0,1.0
6022,-0.40918198,34.0,34.0,1.0,1.0,1.0,1.0
6023,-0.40918198,34.0,34.0,1.0,1.0,1.0,1.0
6024,-0.40894255,34.0,34.0,1.0,1.0,1.0,1.0
6025,-0.40894255,34.0,34.0,1.0,1.0,1.0,1.0
6026,-0.40651155,34.0,34.0,1.0,1.0,1.0,1.0
6027,-0.40359253,34.0,34.0,1.0,1.0,1.0,1.0
6028,-0.40359253,34.0,34.0,1.0,1.0,1.0,1.0
6029,-0.40359253,34.0,34.0,1.0,1.0,1.0,1.0
6030,-0.40359253,34.0,34.0,1.0,1.0,1.0,1.0
6031,-0.40359253,34.0,34.0,1.0,1.0,1.0,1.0
6032,-0.40359253,34.0,34.0,1.0,1.0,1.0,1.0
6033,-0.40359253,34.0,34.0,1.0,1.0,1.0,1.0
6034,-0.40359253,34.0,34.0,1.0,1.0,1.0,1.0
6035,-0.40359253,34.0,34.0,1.0,1.0,1.0,1.0
6036,-0.4034891,34.0,34.0,1.0,1.0,1.0,1.0
6037,-0.4034891,34.0,34.0,1.0,1.0,1.0,1.0
6038,-0.4034891,34.0,34.0,1.0,1.0,1.0,1.0
6039,-0.4034891,34.0,34.0,1.0,1.0,1.0,1.0
6040,-0.4034891,34.0,34.0,1.0,1.0,1.0,1.0
6041,-0.4034891,34.0,34.0,1.0,1.0,1.0,1.0
6042,-0.4034891,34.0,34.0,1.0,1.0,1.0,1.0
6043,-0.4034891,34.0,34.0,1.0,1.0,1.0,1.0
6044,-0.4034891,34.0,34.0,1.0,1.0,1.0,1.0
6045,-0.39972597,34.0,34.0,1.0,1.0,1.0,1.0
6046,-0.3995706,34.0,34.0,1.0,1.0,1.0,1.0
6047,-0.3995706,34.0,34.0,1.0,1.0,1.0,1.0
6048,-0.3995706,34.0,34.0,1.0,1.0,1.0,1.0
6049,-0.3995706,34.0,34.0,1.0,1.0,1.0,1.0
6050,-0.3995706,34.0,34.0,1.0,1.0,1.0,1.0
6051,-0.3995706,34.0,34.0,1.0,1.0,1.0,1.0
6052,-0.3995706,34.0,34.0,1.0,1.0,1.0,1.0
6053,-0.3995706,34.0,34.0,1.0,1.0,1.0,1.0
6054,-0.3995706,34.0,34.0,1.0,1.0,1.0,1.0
6055,-0.39936733,34.0,34.0,1.0,1.0,1.0,1.0
6056,-0.39936733,34.0,34.0,1.0,1.0,1.0,1.0
6057,-0.39936733,34.0,34.0,1.0,1.0,1.0,1.0
6058,-0.39936733,34.0,34.0,1.0,1.0,1.0,1.0
6059,-0.39936733,34.0,34.0,1.0,1.0,1.0,1.0
6060,-0.39936733,34.0,34.0,1.0,1.0,1.0,1.0
6061,-0.39936733,34.0,34.0,1.0,1.0,1.0,1.0
6062,-0.39936733,34.0,34.0,1.0,1.0,1.0,1.0
6063,-0.39936733,34.0,34.0,1.0,1.0,1.0,1.0
6064,-0.39732605,34.0,34.0,1.0,1.0,1.0,1.0
6065,-0.39279625,34.0,34.0,1.0,1.0,1.0,1.0
6066,-0.38929647,34.0,34.0,1.0,1.0,1.0,1.0
6067,-0.38929647,34.0,34.0,1.0,1.0,1.0,1.0
6068,-0.38929647,34.0,34.0,1.0,1.0,1.0,1.0
6069,-0.38929647,34.0,34.0,1.0,1.0,1.0,1.0
6070,-0.38929647,34.0,34.0,1.0,1.0,1.0,1.0
6071,-0.38916248,34.0,34.0,1.0,1.0,1.0,1.0
6072,-0.3826184,34.0,34.0,1.0,1.0,1.0,1.0
6073,-0.3826184,34.0,34.0,1.0,1.0,1.0,1.0
6074,-0.38203612,34.0,34.0,1.0,1.0,1.0,1.0
6075,-0.38203612,34.0,34.0,1.0,1.0,1.0,1.0
6076,-0.38203612,34.0,34.0,1.0,1.0,1.0,1.0
6077,-0.38203612,34.0,34.0,1.0,1.0,1.0,1.0
6078,-0.38203612,34.0,34.0,1.0,1.0,1.0,1.0
6079,-0.38203612,34.0,34.0,1.0,1.0,1.0,1.0
6080,-0.38203612,34.0,34.0,1.0,1.0,1.0,1.0
6081,-0.38203612,34.0,34.0,1.0,1.0,1.0,1.0
6082,-0.38203612,34.0,34.0,1.0,1.0,1.0,1.0
6083,-0.37535346,34.0,34.0,1.0,1.0,1.0,1.0
6084,-0.3711848,34.0,34.0,1.0,1.0,1.0,1.0
6085,-0.3711848,34.0,34.0,1.0,1.0,1.0,1.0
6086,-0.3711848,34.0,34.0,1.0,1.0,1.0,1.0
6087,-0.3711848,34.0,34.0,1.0,1.0,1.0,1.0
6088,-0.3711848,34.0,34.0,1.0,1.0,1.0,1.0
6089,-0.3711848,34.0,34.0,1.0,1.0,1.0,1.0
6090,-0.3711848,34.0,34.0,1.0,1.0,1.0,1.0
6091,-0.3711848,34.0,34.0,1.0,1.0,1.0,1.0
6092,-0.3711848,34.0,34.0,1.0,1.0,1.0,1.0
6093,-0.3711848,34.0,34.0,1.0,1.0,1.0,1.0
6094,-0.37096217,34.0,34.0,1.0,1.0,1.0,1.0
6095,-0.37096217,34.0,34.0,1.0,1.0,1.0,1.0
6096,-0.37096217,34.0,34.0,1.0,1.0,1.0,1.0
6097,-0.37096217,34.0,34.0,1.0,1.0,1.0,1.0
6098,-0.37096217,34.0,34.0,1.0,1.0,1.0,1.0
6099,-0.37096217,34.0,34.0,1.0,1.0,1.0,1.0
6100,-0.37096217,34.0,34.0,1.0,1.0,1.0,1.0
6101,-0.37096217,34.0,34.0,1.0,1.0,1.0,1.0
6102,-0.37096217,34.0,34.0,1.0,1.0,1.0,1.0
6103,-0.36682156,34.0,34.0,1.0,1.0,1.0,1.0
6104,-0.36330548,34.0,34.0,1.0,1.0,1.0,1.0
6105,-0.36330548,34.0,34.0,1.0,1.0,1.0,1.0
6106,-0.36330548,34.0,34.0,1.0,1.0,1.0,1.0
6107,-0.36330548,34.0,34.0,1.0,1.0,1.0,1.0
6108,-0.36330548,34.0,34.0,1.0,1.0,1.0,1.0
6109,-0.36330548,34.0,34.0,1.0,1.0,1.0,1.0
6110,-0.36259177,34.0,34.0,1.0,1.0,1.0,1.0
6111,-0.36259177,34.0,34.0,1.0,1.0,1.0,1.0
6112,-0.36259177,34.0,34.0,1.0,1.0,1.0,1.0
6113,-0.36259177,34.0,34.0,1.0,1.0,1.0,1.0
6114,-0.36259177,34.0,34.0,1.0,1.0,1.0,1.0
6115,-0.36259177,34.0,34.0,1.0,1.0,1.0,1.0
6116,-0.36259177,34.0,34.0,1.0,1.0,1.0,1.0
6117,-0.36259177,34.0,34.0,1.0,1.0,1.0,1.0
6118,-0.36259177,34.0,34.0,1.0,1.0,1.0,1.0
6119,-0.36259177,34.0,34.0,1.0,1.0,1.0,1.0
6120,-0.36244965,34.0,34.0,1.0,1.0,1.0,1.0
6121,-0.3587996,34.0,34.0,1.0,1.0,1.0,1.0
6122,-0.3587996,34.0,34.0,1.0,1.0,1.0,1.0
6123,-0.3587996,34.0,34.0,1.0,1.0,1.0,1.0
6124,-0.35872728,34.0,34.0,1.0,1.0,1.0,1.0
6125,-0.3558123,34.0,34.0,1.0,1.0,1.0,1.0
6126,-0.35174507,34.0,34.0,1.0,1.0,1.0,1.0
6127,-0.34742868,34.0,34.0,1.0,1.0,1.0,1.0
6128,-0.34431505,34.0,34.0,1.0,1.0,1.0,1.0
6129,-0.34210005,34.0,34.0,1.0,1.0,1.0,1.0
6130,-0.33754885,34.0,34.0,1.0,1.0,1.0,1.0
6131,-0.33754885,34.0,34.0,1.0,1.0,1.0,1.0
6132,-0.33754885,34.0,34.0,1.0,1.0,1.0,1.0
6133,-0.33754885,34.0,34.0,1.0,1.0,1.0,1.0
6134,-0.33754885,34.0,34.0,1.0,1.0,1.0,1.0
6135,-0.33736086,34.0,34.0,1.0,1.0,1.0,1.0
6136,-0.33736086,34.0,34.0,1.0,1.0,1.0,1.0
6137,-0.33736086,34.0,34.0,1.0,1.0,1.0,1.0
6138,-0.33736086,34.0,34.0,1.0,1.0,1.0,1.0
6139,-0.33736086,34.0,34.0,1.0,1.0,1.0,1.0
6140,-0.33736086,34.0,34.0,1.0,1.0,1.0,1.0
6141,-0.33736086,34.0,34.0,1.0,1.0,1.0,1.0
6142,-0.33736086,34.0,34.0,1.0,1.0,1.0,1.0
6143,-0.33736086,34.0,34.0,1.0,1.0,1.0,1.0
6144,-0.33327883,34.0,34.0,1.0,1.0,1.0,1.0
6145,-0.32738423,34.0,34.0,1.0,1.0,1.0,1.0
6146,-0.32738423,34.0,34.0,1.0,1.0,1.0,1.0
6147,-0.32738423,34.0,34.0,1.0,1.0,1.0,1.0
6148,-0.32738423,34.0,34.0,1.0,1.0,1.0,1.0
6149,-0.32738423,34.0,34.0,1.0,1.0,1.0,1.0
6150,-0.32390535,34.0,34.0,1.0,1.0,1.0,1.0
6151,-0.31921712,34.0,34.0,1.0,1.0,1.0,1.0
6152,-0.3147158,34.0,34.0,1.0,1.0,1.0,1.0
6153,-0.3090148,34.0,34.0,1.0,1.0,1.0,1.0
6154,-0.3090148,34.0,34.0,1.0,1.0,1.0,1.0
6155,-0.3077341,34.0,34.0,1.0,1.0,1.0,1.0
6156,-0.3005206,34.0,34.0,1.0,1.0,1.0,1.0
6157,-0.3005206,34.0,34.0,1.0,1.0,1.0,1.0
6158,-0.3005206,34.0,34.0,1.0,1.0,1.0,1.0
6159,-0.3005206,34.0,34.0,1.0,1.0,1.0,1.0
6160,-0.3005206,34.0,34.0,1.0,1.0,1.0,1.0
6161,-0.30036217,34.0,34.0,1.0,1.0,1.0,1.0
6162,-0.30020833,34.0,34.0,1.0,1.0,1.0,1.0
6163,-0.29588532,34.0,34.0,1.0,1.0,1.0,1.0
6164,-0.2921278,34.0,34.0,1.0,1.0,1.0,1.0
6165,-0.2921278,34.0,34.0,1.0,1.0,1.0,1.0
6166,-0.2921278,34.0,34.0,1.0,1.0,1.0,1.0
6167,-0.2921278,34.0,34.0,1.0,1.0,1.0,1.0
6168,-0.2921278,34.0,34.0,1.0,1.0,1.0,1.0
6169,-0.2921278,34.0,34.0,1.0,1.0,1.0,1.0
6170,-0.28930658,34.0,34.0,1.0,1.0,1.0,1.0
6171,-0.28930658,34.0,34.0,1.0,1.0,1.0,1.0
6172,-0.28901774,34.0,34.0,1.0,1.0,1.0,1.0
6173,-0.28901774,34.0,34.0,1.0,1.0,1.0,1.0
6174,-0.28901774,34.0,34.0,1.0,1.0,1.0,1.0
6175,-0.288788,34.0,34.0,1.0,1.0,1.0,1.0
6176,-0.288788,34.0,34.0,1.0,1.0,1.0,1.0
6177,-0.288788,34.0,34.0,1.0,1.0,1.0,1.0
6178,-0.288788,34.0,34.0,1.0,1.0,1.0,1.0
6179,-0.288788,34.0,34.0,1.0,1.0,1.0,1.0
6180,-0.288788,34.0,34.0,1.0,1.0,1.0,1.0
6181,-0.28650627,34.0,34.0,1.0,1.0,1.0,1.0
6182,-0.28296575,34.0,34.0,1.0,1.0,1.0,1.0
6183,-0.27861726,34.0,34.0,1.0,1.0,1.0,1.0
6184,-0.2733335,34.0,34.0,1.0,1.0,1.0,1.0
6185,-0.2733335,34.0,34.0,1.0,1.0,1.0,1.0
6186,-0.2733335,34.0,34.0,1.0,1.0,1.0,1.0
6187,-0.2733335,34.0,34.0,1.0,1.0,1.0,1.0
6188,-0.2733335,34.0,34.0,1.0,1.0,1.0,1.0
6189,-0.2733335,34.0,34.0,1.0,1.0,1.0,1.0
6190,-0.2733335,34.0,34.0,1.0,1.0,1.0,1.0
6191,-0.27310884,34.0,34.0,1.0,1.0,1.0,1.0
6192,-0.27310884,34.0,34.0,1.0,1.0,1.0,1.0
6193,-0.27310884,34.0,34.0,1.0,1.0,1.0,1.0
6194,-0.27310884,34.0,34.0,1.0,1.0,1.0,1.0
6195,-0.27310884,34.0,34.0,1.0,1.0,1.0,1.0
6196,-0.27310884,34.0,34.0,1.0,1.0,1.0,1.0
6197,-0.27310884,34.0,34.0,1.0,1.0,1.0,1.0
6198,-0.27310884,34.0,34.0,1.0,1.0,1.0,1.0
6199,-0.27310884,34.0,34.0,1.0,1.0,1.0,1.0
6200,-0.27264372,34.0,34.0,1.0,1.0,1.0,1.0
6201,-0.26802525,34.0,34.0,1.0,1.0,1.0,1.0
6202,-0.26402575,34.0,34.0,1.0,1.0,1.0,1.0
6203,-0.26402575,34.0,34.0,1.0,1.0,1.0,1.0
6204,-0.26402575,34.0,34.0,1.0,1.0,1.0,1.0
6205,-0.26402575,34.0,34.0,1.0,1.0,1.0,1.0
6206,-0.26402575,34.0,34.0,1.0,1.0,1.0,1.0
6207,-0.26402575,34.0,34.0,1.0,1.0,1.0,1.0
6208,-0.26402575,34.0,34.0,1.0,1.0,1.0,1.0
6209,-0.26402575,34.0,34.0,1.0,1.0,1.0,1.0
6210,-0.26386884,34.0,34.0,1.0,1.0,1.0,1.0
6211,-0.26386884,34.0,34.0,1.0,1.0,1.0,1.0
6212,-0.26386884,34.0,34.0,1.0,1.0,1.0,1.0
6213,-0.26386884,34.0,34.0,1.0,1.0,1.0,1.0
6214,-0.26386884,34.0,34.0,1.0,1.0,1.0,1.0
6215,-0.26386884,34.0,34.0,1.0,1.0,1.0,1.0
6216,-0.26386884,34.0,34.0,1.0,1.0,1.0,1.0
6217,-0.26386884,34.0,34.0,1.0,1.0,1.0,1.0
6218,-0.26386884,34.0,34.0,1.0,1.0,1.0,1.0
6219,-0.26253465,34.0,34.0,1.0,1.0,1.0,1.0
6220,-0.2568026,34.0,34.0,1.0,1.0,1.0,1.0
6221,-0.2568026,34.0,34.0,1.0,1.0,1.0,1.0
6222,-0.2568026,34.0,34.0,1.0,1.0,1.0,1.0
6223,-0.2568026,34.0,34.0,1.0,1.0,1.0,1.0
6224,-0.2568026,34.0,34.0,1.0,1.0,1.0,1.0
6225,-0.2568026,34.0,34.0,1.0,1.0,1.0,1.0
6226,-0.2568026,34.0,34.0,1.0,1.0,1.0,1.0
6227,-0.25059775,34.0,34.0,1.0,1.0,1.0,1.0
6228,-0.25059775,34.0,34.0,1.0,1.0,1.0,1.0
6229,-0.24979438,34.0,34.0,1.0,1.0,1.0,1.0
6230,-0.24979438,34.0,34.0,1.0,1.0,1.0,1.0
6231,-0.24979438,34.0,34.0,1.0,1.0,1.0,1.0
6232,-0.24979438,34.0,34.0,1.0,1.0,1.0,1.0
6233,-0.24979438,34.0,34.0,1.0,1.0,1.0,1.0
6234,-0.24979438,34.0,34.0,1.0,1.0,1.0,1.0
6235,-0.24979438,34.0,34.0,1.0,1.0,1.0,1.0
6236,-0.24979438,34.0,34.0,1.0,1.0,1.0,1.0
6237,-0.24979438,34.0,34.0,1.0,1.0,1.0,1.0
6238,-0.24569757,34.0,34.0,1.0,1.0,1.0,1.0
6239,-0.24550806,34.0,34.0,1.0,1.0,1.0,1.0
6240,-0.24550806,34.0,34.0,1.0,1.0,1.0,1.0
6241,-0.24488503,34.0,34.0,1.0,1.0,1.0,1.0
6242,-0.24488503,34.0,34.0,1.0,1.0,1.0,1.0
6243,-0.24488503,34.0,34.0,1.0,1.0,1.0,1.0
6244,-0.24488503,34.0,34.0,1.0,1.0,1.0,1.0
6245,-0.24275257,34.0,34.0,1.0,1.0,1.0,1.0
6246,-0.24275257,34.0,34.0,1.0,1.0,1.0,1.0
6247,-0.24275257,34.0,34.0,1.0,1.0,1.0,1.0
6248,-0.24275257,34.0,34.0,1.0,1.0,1.0,1.0
6249,-0.24275257,34.0,34.0,1.0,1.0,1.0,1.0
6250,-0.24275257,34.0,34.0,1.0,1.0,1.0,1.0
6251,-0.24275257,34.0,34.0,1.0,1.0,1.0,1.0
6252,-0.24275257,34.0,34.0,1.0,1.0,1.0,1.0
6253,-0.24275257,34.0,34.0,1.0,1.0,1.0,1.0
6254,-0.24275257,34.0,34.0,1.0,1.0,1.0,1.0
6255,-0.24254218,34.0,34.0,1.0,1.0,1.0,1.0
6256,-0.24254218,34.0,34.0,1.0,1.0,1.0,1.0
6257,-0.23898332,34.0,34.0,1.0,1.0,1.0,1.0
6258,-0.23271583,34.0,34.0,1.0,1.0,1.0,1.0
6259,-0.23271583,34.0,34.0,1.0,1.0,1.0,1.0
6260,-0.23271583,34.0,34.0,1.0,1.0,1.0,1.0
6261,-0.23271583,34.0,34.0,1.0,1.0,1.0,1.0
6262,-0.23271583,34.0,34.0,1.0,1.0,1.0,1.0
6263,-0.23271583,34.0,34.0,1.0,1.0,1.0,1.0
6264,-0.23271583,34.0,34.0,1.0,1.0,1.0,1.0
6265,-0.23271583,34.0,34.0,1.0,1.0,1.0,1.0
6266,-0.23253651,34.0,34.0,1.0,1.0,1.0,1.0
6267,-0.23253651,34.0,34.0,1.0,1.0,1.0,1.0
6268,-0.23253651,34.0,34.0,1.0,1.0,1.0,1.0
6269,-0.23253651,34.0,34.0,1.0,1.0,1.0,1.0
6270,-0.23253651,34.0,34.0,1.0,1.0,1.0,1.0
6271,-0.23043819,34.0,34.0,1.0,1.0,1.0,1.0
6272,-0.23043819,34.0,34.0,1.0,1.0,1.0,1.0
6273,-0.23043819,34.0,34.0,1.0,1.0,1.0,1.0
6274,-0.23043819,34.0,34.0,1.0,1.0,1.0,1.0
6275,-0.2303098,34.0,34.0,1.0,1.0,1.0,1.0
6276,-0.2260948,34.0,34.0,1.0,1.0,1.0,1.0
6277,-0.21955274,34.0,34.0,1.0,1.0,1.0,1.0
6278,-0.2194916,34.0,34.0,1.0,1.0,1.0,1.0
6279,-0.21695313,34.0,34.0,1.0,1.0,1.0,1.0
6280,-0.21695313,34.0,34.0,1.0,1.0,1.0,1.0
6281,-0.21695313,34.0,34.0,1.0,1.0,1.0,1.0
6282,-0.21695313,34.0,34.0,1.0,1.0,1.0,1.0
6283,-0.21695313,34.0,34.0,1.0,1.0,1.0,1.0
6284,-0.21695313,34.0,34.0,1.0,1.0,1.0,1.0
6285,-0.21695313,34.0,34.0,1.0,1.0,1.0,1.0
6286,-0.21695313,34.0,34.0,1.0,1.0,1.0,1.0
6287,-0.21695313,34.0,34.0,1.0,1.0,1.0,1.0
6288,-0.21695313,34.0,34.0,1.0,1.0,1.0,1.0
6289,-0.2168436,34.0,34.0,1.0,1.0,1.0,1.0
6290,-0.21603106,34.0,34.0,1.0,1.0,1.0,1.0
6291,-0.21603106,34.0,34.0,1.0,1.0,1.0,1.0
6292,-0.21603106,34.0,34.0,1.0,1.0,1.0,1.0
6293,-0.21603106,34.0,34.0,1.0,1.0,1.0,1.0
6294,-0.21603106,34.0,34.0,1.0,1.0,1.0,1.0
6295,-0.21603106,34.0,34.0,1.0,1.0,1.0,1.0
6296,-0.21603106,34.0,34.0,1.0,1.0,1.0,1.0
6297,-0.21603106,34.0,34.0,1.0,1.0,1.0,1.0
6298,-0.21380131,34.0,34.0,1.0,1.0,1.0,1.0
6299,-0.21262911,34.0,34.0,1.0,1.0,1.0,1.0
6300,-0.21262911,34.0,34.0,1.0,1.0,1.0,1.0
6301,-0.21262911,34.0,34.0,1.0,1.0,1.0,1.0
6302,-0.21262911,34.0,34.0,1.0,1.0,1.0,1.0
6303,-0.21262911,34.0,34.0,1.0,1.0,1.0,1.0
6304,-0.21262911,34.0,34.0,1.0,1.0,1.0,1.0
6305,-0.21262911,34.0,34.0,1.0,1.0,1.0,1.0
6306,-0.21262911,34.0,34.0,1.0,1.0,1.0,1.0
6307,-0.21262911,34.0,34.0,1.0,1.0,1.0,1.0
6308,-0.21262911,34.0,34.0,1.0,1.0,1.0,1.0
6309,-0.21262911,34.0,34.0,1.0,1.0,1.0,1.0
6310,-0.21262911,34.0,34.0,1.0,1.0,1.0,1.0
6311,-0.21262911,34.0,34.0,1.0,1.0,1.0,1.0
6312,-0.21262911,34.0,34.0,1.0,1.0,1.0,1.0
6313,-0.21262911,34.0,34.0,1.0,1.0,1.0,1.0
6314,-0.21262911,34.0,34.0,1.0,1.0,1.0,1.0
6315,-0.21262911,34.0,34.0,1.0,1.0,1.0,1.0
6316,-0.21262911,34.0,34.0,1.0,1.0,1.0,1.0
6317,-0.20792557,34.0,34.0,1.0,1.0,1.0,1.0
6318,-0.20792557,34.0,34.0,1.0,1.0,1.0,1.0
6319,-0.20792557,34.0,34.0,1.0,1.0,1.0,1.0
6320,-0.20792557,34.0,34.0,1.0,1.0,1.0,1.0
6321,-0.20792557,34.0,34.0,1.0,1.0,1.0,1.0
6322,-0.20792557,34.0,34.0,1.0,1.0,1.0,1.0
6323,-0.20792557,34.0,34.0,1.0,1.0,1.0,1.0
6324,-0.20686953,34.0,34.0,1.0,1.0,1.0,1.0
6325,-0.2067381,34.0,34.0,1.0,1.0,1.0,1.0
6326,-0.2067381,34.0,34.0,1.0,1.0,1.0,1.0
6327,-0.2067381,34.0,34.0,1.0,1.0,1.0,1.0
6328,-0.2067381,34.0,34.0,1.0,1.0,1.0,1.0
6329,-0.2067381,34.0,34.0,1.0,1.0,1.0,1.0
6330,-0.2067381,34.0,34.0,1.0,1.0,1.0,1.0
6331,-0.2067381,34.0,34.0,1.0,1.0,1.0,1.0
6332,-0.2067381,34.0,34.0,1.0,1.0,1.0,1.0
6333,-0.2067381,34.0,34.0,1.0,1.0,1.0,1.0
6334,-0.2067381,34.0,34.0,1.0,1.0,1.0,1.0
6335,-0.20626585,34.0,34.0,1.0,1.0,1.0,1.0
6336,-0.19784299,34.0,34.0,1.0,1.0,1.0,1.0
6337,-0.19784299,34.0,34.0,1.0,1.0,1.0,1.0
6338,-0.19784299,34.0,34.0,1.0,1.0,1.0,1.0
6339,-0.19719397,34.0,34.0,1.0,1.0,1.0,1.0
6340,-0.19719397,34.0,34.0,1.0,1.0,1.0,1.0
6341,-0.19719397,34.0,34.0,1.0,1.0,1.0,1.0
6342,-0.19719397,34.0,34.0,1.0,1.0,1.0,1.0
6343,-0.19719397,34.0,34.0,1.0,1.0,1.0,1.0
6344,-0.19719397,34.0,34.0,1.0,1.0,1.0,1.0
6345,-0.19704878,34.0,34.0,1.0,1.0,1.0,1.0
6346,-0.19704878,34.0,34.0,1.0,1.0,1.0,1.0
6347,-0.19704878,34.0,34.0,1.0,1.0,1.0,1.0
6348,-0.19704878,34.0,34.0,1.0,1.0,1.0,1.0
6349,-0.19704878,34.0,34.0,1.0,1.0,1.0,1.0
6350,-0.19704878,34.0,34.0,1.0,1.0,1.0,1.0
6351,-0.19704878,34.0,34.0,1.0,1.0,1.0,1.0
6352,-0.19704878,34.0,34.0,1.0,1.0,1.0,1.0
6353,-0.19704878,34.0,34.0,1.0,1.0,1.0,1.0
6354,-0.1957691,34.0,34.0,1.0,1.0,1.0,1.0
6355,-0.1915215,34.0,34.0,1.0,1.0,1.0,1.0
6356,-0.1915215,34.0,34.0,1.0,1.0,1.0,1.0
6357,-0.1915215,34.0,34.0,1.0,1.0,1.0,1.0
6358,-0.1915215,34.0,34.0,1.0,1.0,1.0,1.0
6359,-0.1915215,34.0,34.0,1.0,1.0,1.0,1.0
6360,-0.1915215,34.0,34.0,1.0,1.0,1.0,1.0
6361,-0.1915215,34.0,34.0,1.0,1.0,1.0,1.0
6362,-0.1915215,34.0,34.0,1.0,1.0,1.0,1.0
6363,-0.1915215,34.0,34.0,1.0,1.0,1.0,1.0
6364,-0.1912459,34.0,34.0,1.0,1.0,1.0,1.0
6365,-0.1912459,34.0,34.0,1.0,1.0,1.0,1.0
6366,-0.1912459,34.0,34.0,1.0,1.0,1.0,1.0
6367,-0.1912459,34.0,34.0,1.0,1.0,1.0,1.0
6368,-0.1912459,34.0,34.0,1.0,1.0,1.0,1.0
6369,-0.18930243,34.0,34.0,1.0,1.0,1.0,1.0
6370,-0.18930243,34.0,34.0,1.0,1.0,1.0,1.0
6371,-0.18930243,34.0,34.0,1.0,1.0,1.0,1.0
6372,-0.18930243,34.0,34.0,1.0,1.0,1.0,1.0
6373,-0.18719596,34.0,34.0,1.0,1.0,1.0,1.0
6374,-0.17996769,34.0,34.0,1.0,1.0,1.0,1.0
6375,-0.17996769,34.0,34.0,1.0,1.0,1.0,1.0
6376,-0.17996769,34.0,34.0,1.0,1.0,1.0,1.0
6377,-0.17996769,34.0,34.0,1.0,1.0,1.0,1.0
6378,-0.17996769,34.0,34.0,1.0,1.0,1.0,1.0
6379,-0.17974609,34.0,34.0,1.0,1.0,1.0,1.0
6380,-0.1792769,34.0,34.0,1.0,1.0,1.0,1.0
6381,-0.17526975,34.0,34.0,1.0,1.0,1.0,1.0
6382,-0.17526975,34.0,34.0,1.0,1.0,1.0,1.0
6383,-0.17526975,34.0,34.0,1.0,1.0,1.0,1.0
6384,-0.17526975,34.0,34.0,1.0,1.0,1.0,1.0
6385,-0.17526975,34.0,34.0,1.0,1.0,1.0,1.0
6386,-0.17526975,34.0,34.0,1.0,1.0,1.0,1.0
6387,-0.17526975,34.0,34.0,1.0,1.0,1.0,1.0
6388,-0.17526975,34.0,34.0,1.0,1.0,1.0,1.0
6389,-0.17526975,34.0,34.0,1.0,1.0,1.0,1.0
6390,-0.17498142,34.0,34.0,1.0,1.0,1.0,1.0
6391,-0.17190294,34.0,34.0,1.0,1.0,1.0,1.0
6392,-0.16779289,34.0,34.0,1.0,1.0,1.0,1.0
6393,-0.16779289,34.0,34.0,1.0,1.0,1.0,1.0
6394,-0.16779289,34.0,34.0,1.0,1.0,1.0,1.0
6395,-0.16779289,34.0,34.0,1.0,1.0,1.0,1.0
6396,-0.16779289,34.0,34.0,1.0,1.0,1.0,1.0
6397,-0.16779289,34.0,34.0,1.0,1.0,1.0,1.0
6398,-0.16779289,34.0,34.0,1.0,1.0,1.0,1.0
6399,-0.16779289,34.0,34.0,1.0,1.0,1.0,1.0
6400,-0.16779289,34.0,34.0,1.0,1.0,1.0,1.0
6401,-0.16753612,34.0,34.0,1.0,1.0,1.0,1.0
6402,-0.16753612,34.0,34.0,1.0,1.0,1.0,1.0
6403,-0.16753612,34.0,34.0,1.0,1.0,1.0,1.0
6404,-0.16753612,34.0,34.0,1.0,1.0,1.0,1.0
6405,-0.16753612,34.0,34.0,1.0,1.0,1.0,1.0
6406,-0.16753612,34.0,34.0,1.0,1.0,1.0,1.0
6407,-0.16753612,34.0,34.0,1.0,1.0,1.0,1.0
6408,-0.16753612,34.0,34.0,1.0,1.0,1.0,1.0
6409,-0.16753612,34.0,34.0,1.0,1.0,1.0,1.0
6410,-0.16154425,34.0,34.0,1.0,1.0,1.0,1.0
6411,-0.16154425,34.0,34.0,1.0,1.0,1.0,1.0
6412,-0.16154425,34.0,34.0,1.0,1.0,1.0,1.0
6413,-0.16154425,34.0,34.0,1.0,1.0,1.0,1.0
6414,-0.16154425,34.0,34.0,1.0,1.0,1.0,1.0
6415,-0.16154425,34.0,34.0,1.0,1.0,1.0,1.0
6416,-0.16154425,34.0,34.0,1.0,1.0,1.0,1.0
6417,-0.16154425,34.0,34.0,1.0,1.0,1.0,1.0
6418,-0.16154425,34.0,34.0,1.0,1.0,1.0,1.0
6419,-0.1612982,34.0,34.0,1.0,1.0,1.0,1.0
6420,-0.1612982,34.0,34.0,1.0,1.0,1.0,1.0
6421,-0.1612982,34.0,34.0,1.0,1.0,1.0,1.0
6422,-0.1612982,34.0,34.0,1.0,1.0,1.0,1.0
6423,-0.1612982,34.0,34.0,1.0,1.0,1.0,1.0
6424,-0.1612982,34.0,34.0,1.0,1.0,1.0,1.0
6425,-0.15812853,34.0,34.0,1.0,1.0,1.0,1.0
6426,-0.15812853,34.0,34.0,1.0,1.0,1.0,1.0
6427,-0.15812853,34.0,34.0,1.0,1.0,1.0,1.0
6428,-0.15796654,34.0,34.0,1.0,1.0,1.0,1.0
6429,-0.15063435,34.0,34.0,1.0,1.0,1.0,1.0
6430,-0.15063435,34.0,34.0,1.0,1.0,1.0,1.0
6431,-0.15063435,34.0,34.0,1.0,1.0,1.0,1.0
6432,-0.15063435,34.0,34.0,1.0,1.0,1.0,1.0
6433,-0.15046267,34.0,34.0,1.0,1.0,1.0,1.0
6434,-0.15046267,34.0,34.0,1.0,1.0,1.0,1.0
6435,-0.15038116,34.0,34.0,1.0,1.0,1.0,1.0
6436,-0.14867866,34.0,34.0,1.0,1.0,1.0,1.0
6437,-0.14867866,34.0,34.0,1.0,1.0,1.0,1.0
6438,-0.14867866,34.0,34.0,1.0,1.0,1.0,1.0
6439,-0.14867866,34.0,34.0,1.0,1.0,1.0,1.0
6440,-0.14867866,34.0,34.0,1.0,1.0,1.0,1.0
6441,-0.14867866,34.0,34.0,1.0,1.0,1.0,1.0
6442,-0.14867866,34.0,34.0,1.0,1.0,1.0,1.0
6443,-0.14867866,34.0,34.0,1.0,1.0,1.0,1.0
6444,-0.14867866,34.0,34.0,1.0,1.0,1.0,1.0
6445,-0.14855793,34.0,34.0,1.0,1.0,1.0,1.0
6446,-0.14855793,34.0,34.0,1.0,1.0,1.0,1.0
6447,-0.14715241,34.0,34.0,1.0,1.0,1.0,1.0
6448,-0.14245804,34.0,34.0,1.0,1.0,1.0,1.0
6449,-0.13602754,34.0,34.0,1.0,1.0,1.0,1.0
6450,-0.13517527,34.0,34.0,1.0,1.0,1.0,1.0
6451,-0.13517527,34.0,34.0,1.0,1.0,1.0,1.0
6452,-0.13517527,34.0,34.0,1.0,1.0,1.0,1.0
6453,-0.13517527,34.0,34.0,1.0,1.0,1.0,1.0
6454,-0.13517527,34.0,34.0,1.0,1.0,1.0,1.0
6455,-0.13517527,34.0,34.0,1.0,1.0,1.0,1.0
6456,-0.13517527,34.0,34.0,1.0,1.0,1.0,1.0
6457,-0.1349287,34.0,34.0,1.0,1.0,1.0,1.0
6458,-0.1349287,34.0,34.0,1.0,1.0,1.0,1.0
6459,-0.1349287,34.0,34.0,1.0,1.0,1.0,1.0
6460,-0.1349287,34.0,34.0,1.0,1.0,1.0,1.0
6461,-0.1349287,34.0,34.0,1.0,1.0,1.0,1.0
6462,-0.1349287,34.0,34.0,1.0,1.0,1.0,1.0
6463,-0.1349287,34.0,34.0,1.0,1.0,1.0,1.0
6464,-0.1349287,34.0,34.0,1.0,1.0,1.0,1.0
6465,-0.1349287,34.0,34.0,1.0,1.0,1.0,1.0
6466,-0.13089761,34.0,34.0,1.0,1.0,1.0,1.0
6467,-0.13089761,34.0,34.0,1.0,1.0,1.0,1.0
6468,-0.13089761,34.0,34.0,1.0,1.0,1.0,1.0
6469,-0.13089761,34.0,34.0,1.0,1.0,1.0,1.0
6470,-0.1285685,34.0,34.0,1.0,1.0,1.0,1.0
6471,-0.1285685,34.0,34.0,1.0,1.0,1.0,1.0
6472,-0.1285685,34.0,34.0,1.0,1.0,1.0,1.0
6473,-0.1285685,34.0,34.0,1.0,1.0,1.0,1.0
6474,-0.1285685,34.0,34.0,1.0,1.0,1.0,1.0
6475,-0.1285685,34.0,34.0,1.0,1.0,1.0,1.0
6476,-0.12845083,34.0,34.0,1.0,1.0,1.0,1.0
6477,-0.12845083,34.0,34.0,1.0,1.0,1.0,1.0
6478,-0.12845083,34.0,34.0,1.0,1.0,1.0,1.0
6479,-0.12845083,34.0,34.0,1.0,1.0,1.0,1.0
6480,-0.12845083,34.0,34.0,1.0,1.0,1.0,1.0
6481,-0.1265522,34.0,34.0,1.0,1.0,1.0,1.0
6482,-0.1265522,34.0,34.0,1.0,1.0,1.0,1.0
6483,-0.1265522,34.0,34.0,1.0,1.0,1.0,1.0
6484,-0.1265522,34.0,34.0,1.0,1.0,1.0,1.0
6485,-0.12325518,34.0,34.0,1.0,1.0,1.0,1.0
6486,-0.12325518,34.0,34.0,1.0,1.0,1.0,1.0
6487,-0.12325518,34.0,34.0,1.0,1.0,1.0,1.0
6488,-0.12079668,34.0,34.0,1.0,1.0,1.0,1.0
6489,-0.12079668,34.0,34.0,1.0,1.0,1.0,1.0
6490,-0.12079668,34.0,34.0,1.0,1.0,1.0,1.0
6491,-0.12079668,34.0,34.0,1.0,1.0,1.0,1.0
6492,-0.12079668,34.0,34.0,1.0,1.0,1.0,1.0
6493,-0.12079668,34.0,34.0,1.0,1.0,1.0,1.0
6494,-0.12079668,34.0,34.0,1.0,1.0,1.0,1.0
6495,-0.12079668,34.0,34.0,1.0,1.0,1.0,1.0
6496,-0.12079668,34.0,34.0,1.0,1.0,1.0,1.0
6497,-0.12079668,34.0,34.0,1.0,1.0,1.0,1.0
6498,-0.1206571,34.0,34.0,1.0,1.0,1.0,1.0
6499,-0.1206571,34.0,34.0,1.0,1.0,1.0,1.0
6500,-0.1206571,34.0,34.0,1.0,1.0,1.0,1.0
6501,-0.1206571,34.0,34.0,1.0,1.0,1.0,1.0
6502,-0.1206571,34.0,34.0,1.0,1.0,1.0,1.0
6503,-0.1206571,34.0,34.0,1.0,1.0,1.0,1.0
6504,-0.1206571,34.0,34.0,1.0,1.0,1.0,1.0
6505,-0.1206571,34.0,34.0,1.0,1.0,1.0,1.0
6506,-0.1206571,34.0,34.0,1.0,1.0,1.0,1.0
6507,-0.1186576,34.0,34.0,1.0,1.0,1.0,1.0
6508,-0.11282618,34.0,34.0,1.0,1.0,1.0,1.0
6509,-0.11282618,34.0,34.0,1.0,1.0,1.0,1.0
6510,-0.11282618,34.0,34.0,1.0,1.0,1.0,1.0
6511,-0.11282618,34.0,34.0,1.0,1.0,1.0,1.0
6512,-0.11282618,34.0,34.0,1.0,1.0,1.0,1.0
6513,-0.11270647,34.0,34.0,1.0,1.0,1.0,1.0
6514,-0.11270647,34.0,34.0,1.0,1.0,1.0,1.0
6515,-0.11116443,34.0,34.0,1.0,1.0,1.0,1.0
6516,-0.11116443,34.0,34.0,1.0,1.0,1.0,1.0
6517,-0.11116443,34.0,34.0,1.0,1.0,1.0,1.0
6518,-0.11116443,34.0,34.0,1.0,1.0,1.0,1.0
6519,-0.11116443,34.0,34.0,1.0,1.0,1.0,1.0
6520,-0.11116443,34.0,34.0,1.0,1.0,1.0,1.0
6521,-0.11116443,34.0,34.0,1.0,1.0,1.0,1.0
6522,-0.11116443,34.0,34.0,1.0,1.0,1.0,1.0
6523,-0.11116443,34.0,34.0,1.0,1.0,1.0,1.0
6524,-0.11116443,34.0,34.0,1.0,1.0,1.0,1.0
6525,-0.11104828,34.0,34.0,1.0,1.0,1.0,1.0
6526,-0.10651081,34.0,34.0,1.0,1.0,1.0,1.0
6527,-0.10651081,34.0,34.0,1.0,1.0,1.0,1.0
6528,-0.10651081,34.0,34.0,1.0,1.0,1.0,1.0
6529,-0.10651081,34.0,34.0,1.0,1.0,1.0,1.0
6530,-0.10651081,34.0,34.0,1.0,1.0,1.0,1.0
6531,-0.10651081,34.0,34.0,1.0,1.0,1.0,1.0
6532,-0.10651081,34.0,34.0,1.0,1.0,1.0,1.0
6533,-0.10441401,34.0,34.0,1.0,1.0,1.0,1.0
6534,-0.10441401,34.0,34.0,1.0,1.0,1.0,1.0
6535,-0.10441401,34.0,34.0,1.0,1.0,1.0,1.0
6536,-0.10413077,34.0,34.0,1.0,1.0,1.0,1.0
6537,-0.10413077,34.0,34.0,1.0,1.0,1.0,1.0
6538,-0.10413077,34.0,34.0,1.0,1.0,1.0,1.0
6539,-0.10413077,34.0,34.0,1.0,1.0,1.0,1.0
6540,-0.10413077,34.0,34.0,1.0,1.0,1.0,1.0
6541,-0.10413077,34.0,34.0,1.0,1.0,1.0,1.0
6542,-0.10413077,34.0,34.0,1.0,1.0,1.0,1.0
6543,-0.10413077,34.0,34.0,1.0,1.0,1.0,1.0
6544,-0.10396419,34.0,34.0,1.0,1.0,1.0,1.0
6545,-0.09988724,34.0,34.0,1.0,1.0,1.0,1.0
6546,-0.095382884,34.0,34.0,1.0,1.0,1.0,1.0
6547,-0.095382884,34.0,34.0,1.0,1.0,1.0,1.0
6548,-0.095096074,34.0,34.0,1.0,1.0,1.0,1.0
6549,-0.095096074,34.0,34.0,1.0,1.0,1.0,1.0
6550,-0.095096074,34.0,34.0,1.0,1.0,1.0,1.0
6551,-0.095096074,34.0,34.0,1.0,1.0,1.0,1.0
6552,-0.095096074,34.0,34.0,1.0,1.0,1.0,1.0
6553,-0.095096074,34.0,34.0,1.0,1.0,1.0,1.0
6554,-0.09504309,34.0,34.0,1.0,1.0,1.0,1.0
6555,-0.09504309,34.0,34.0,1.0,1.0,1.0,1.0
6556,-0.09504309,34.0,34.0,1.0,1.0,1.0,1.0
6557,-0.09504309,34.0,34.0,1.0,1.0,1.0,1.0
6558,-0.09504309,34.0,34.0,1.0,1.0,1.0,1.0
6559,-0.09504309,34.0,34.0,1.0,1.0,1.0,1.0
6560,-0.09370942,34.0,34.0,1.0,1.0,1.0,1.0
6561,-0.09370942,34.0,34.0,1.0,1.0,1.0,1.0
6562,-0.09370942,34.0,34.0,1.0,1.0,1.0,1.0
6563,-0.092729785,34.0,34.0,1.0,1.0,1.0,1.0
6564,-0.08839812,34.0,34.0,1.0,1.0,1.0,1.0
6565,-0.08839812,34.0,34.0,1.0,1.0,1.0,1.0
6566,-0.08839812,34.0,34.0,1.0,1.0,1.0,1.0
6567,-0.08839812,34.0,34.0,1.0,1.0,1.0,1.0
6568,-0.08839812,34.0,34.0,1.0,1.0,1.0,1.0
6569,-0.08839812,34.0,34.0,1.0,1.0,1.0,1.0
6570,-0.08814239,34.0,34.0,1.0,1.0,1.0,1.0
6571,-0.085283995,34.0,34.0,1.0,1.0,1.0,1.0
6572,-0.08179289,34.0,34.0,1.0,1.0,1.0,1.0
6573,-0.08179289,34.0,34.0,1.0,1.0,1.0,1.0
6574,-0.08179289,34.0,34.0,1.0,1.0,1.0,1.0
6575,-0.08179289,34.0,34.0,1.0,1.0,1.0,1.0
6576,-0.08179289,34.0,34.0,1.0,1.0,1.0,1.0
6577,-0.08179289,34.0,34.0,1.0,1.0,1.0,1.0
6578,-0.08179289,34.0,34.0,1.0,1.0,1.0,1.0
6579,-0.08179289,34.0,34.0,1.0,1.0,1.0,1.0
6580,-0.08179289,34.0,34.0,1.0,1.0,1.0,1.0
6581,-0.08157332,34.0,34.0,1.0,1.0,1.0,1.0
6582,-0.08157332,34.0,34.0,1.0,1.0,1.0,1.0
6583,-0.08157332,34.0,34.0,1.0,1.0,1.0,1.0
6584,-0.08157332,34.0,34.0,1.0,1.0,1.0,1.0
6585,-0.08157332,34.0,34.0,1.0,1.0,1.0,1.0
6586,-0.08157332,34.0,34.0,1.0,1.0,1.0,1.0
6587,-0.08157332,34.0,34.0,1.0,1.0,1.0,1.0
6588,-0.08157332,34.0,34.0,1.0,1.0,1.0,1.0
6589,-0.081401646,34.0,34.0,1.0,1.0,1.0,1.0
6590,-0.07786164,34.0,34.0,1.0,1.0,1.0,1.0
6591,-0.07364256,34.0,34.0,1.0,1.0,1.0,1.0
6592,-0.06933382,34.0,34.0,1.0,1.0,1.0,1.0
6593,-0.06454521,34.0,34.0,1.0,1.0,1.0,1.0
6594,-0.06454521,34.0,34.0,1.0,1.0,1.0,1.0
6595,-0.06454521,34.0,34.0,1.0,1.0,1.0,1.0
6596,-0.06454521,34.0,34.0,1.0,1.0,1.0,1.0
6597,-0.06454521,34.0,34.0,1.0,1.0,1.0,1.0
6598,-0.06454521,34.0,34.0,1.0,1.0,1.0,1.0
6599,-0.06454521,34.0,34.0,1.0,1.0,1.0,1.0
6600,-0.064460136,34.0,34.0,1.0,1.0,1.0,1.0
6601,-0.064460136,34.0,34.0,1.0,1.0,1.0,1.0
6602,-0.064460136,34.0,34.0,1.0,1.0,1.0,1.0
6603,-0.064460136,34.0,34.0,1.0,1.0,1.0,1.0
6604,-0.064460136,34.0,34.0,1.0,1.0,1.0,1.0
6605,-0.06328794,34.0,34.0,1.0,1.0,1.0,1.0
6606,-0.06328794,34.0,34.0,1.0,1.0,1.0,1.0
6607,-0.06328794,34.0,34.0,1.0,1.0,1.0,1.0
6608,-0.06249986,34.0,34.0,1.0,1.0,1.0,1.0
6609,-0.057643995,34.0,34.0,1.0,1.0,1.0,1.0
6610,-0.057643995,34.0,34.0,1.0,1.0,1.0,1.0
6611,-0.057643995,34.0,34.0,1.0,1.0,1.0,1.0
6612,-0.057643995,34.0,34.0,1.0,1.0,1.0,1.0
6613,-0.057643995,34.0,34.0,1.0,1.0,1.0,1.0
6614,-0.057643995,34.0,34.0,1.0,1.0,1.0,1.0
6615,-0.057458565,34.0,34.0,1.0,1.0,1.0,1.0
6616,-0.05457062,34.0,34.0,1.0,1.0,1.0,1.0
6617,-0.05457062,34.0,34.0,1.0,1.0,1.0,1.0
6618,-0.05457062,34.0,34.0,1.0,1.0,1.0,1.0
6619,-0.05457062,34.0,34.0,1.0,1.0,1.0,1.0
6620,-0.05457062,34.0,34.0,1.0,1.0,1.0,1.0
6621,-0.05457062,34.0,34.0,1.0,1.0,1.0,1.0
6622,-0.05457062,34.0,34.0,1.0,1.0,1.0,1.0
6623,-0.05457062,34.0,34.0,1.0,1.0,1.0,1.0
6624,-0.05457062,34.0,34.0,1.0,1.0,1.0,1.0
6625,-0.05441219,34.0,34.0,1.0,1.0,1.0,1.0
6626,-0.05441219,34.0,34.0,1.0,1.0,1.0,1.0
6627,-0.052723438,34.0,34.0,1.0,1.0,1.0,1.0
6628,-0.047388203,34.0,34.0,1.0,1.0,1.0,1.0
6629,-0.047388203,34.0,34.0,1.0,1.0,1.0,1.0
6630,-0.047084585,34.0,34.0,1.0,1.0,1.0,1.0
6631,-0.047084585,34.0,34.0,1.0,1.0,1.0,1.0
6632,-0.047084585,34.0,34.0,1.0,1.0,1.0,1.0
6633,-0.047084585,34.0,34.0,1.0,1.0,1.0,1.0
6634,-0.047084585,34.0,34.0,1.0,1.0,1.0,1.0
6635,-0.047084585,34.0,34.0,1.0,1.0,1.0,1.0
6636,-0.047084585,34.0,34.0,1.0,1.0,1.0,1.0
6637,-0.046996456,34.0,34.0,1.0,1.0,1.0,1.0
6638,-0.046996456,34.0,34.0,1.0,1.0,1.0,1.0
6639,-0.046996456,34.0,34.0,1.0,1.0,1.0,1.0
6640,-0.046996456,34.0,34.0,1.0,1.0,1.0,1.0
6641,-0.046996456,34.0,34.0,1.0,1.0,1.0,1.0
6642,-0.046996456,34.0,34.0,1.0,1.0,1.0,1.0
6643,-0.046996456,34.0,34.0,1.0,1.0,1.0,1.0
6644,-0.046996456,34.0,34.0,1.0,1.0,1.0,1.0
6645,-0.046996456,34.0,34.0,1.0,1.0,1.0,1.0
6646,-0.043840043,34.0,34.0,1.0,1.0,1.0,1.0
6647,-0.03802289,34.0,34.0,1.0,1.0,1.0,1.0
6648,-0.03802289,34.0,34.0,1.0,1.0,1.0,1.0
6649,-0.03802289,34.0,34.0,1.0,1.0,1.0,1.0
6650,-0.035558794,34.0,34.0,1.0,1.0,1.0,1.0
6651,-0.035558794,34.0,34.0,1.0,1.0,1.0,1.0
6652,-0.035558794,34.0,34.0,1.0,1.0,1.0,1.0
6653,-0.035558794,34.0,34.0,1.0,1.0,1.0,1.0
6654,-0.035558794,34.0,34.0,1.0,1.0,1.0,1.0
6655,-0.035498172,34.0,34.0,1.0,1.0,1.0,1.0
6656,-0.035498172,34.0,34.0,1.0,1.0,1.0,1.0
6657,-0.035498172,34.0,34.0,1.0,1.0,1.0,1.0
6658,-0.035498172,34.0,34.0,1.0,1.0,1.0,1.0
6659,-0.035498172,34.0,34.0,1.0,1.0,1.0,1.0
6660,-0.034246508,34.0,34.0,1.0,1.0,1.0,1.0
6661,-0.034246508,34.0,34.0,1.0,1.0,1.0,1.0
6662,-0.034246508,34.0,34.0,1.0,1.0,1.0,1.0
6663,-0.034246508,34.0,34.0,1.0,1.0,1.0,1.0
6664,-0.034086548,34.0,34.0,1.0,1.0,1.0,1.0
6665,-0.03012575,34.0,34.0,1.0,1.0,1.0,1.0
6666,-0.03012575,34.0,34.0,1.0,1.0,1.0,1.0
6667,-0.03012575,34.0,34.0,1.0,1.0,1.0,1.0
6668,-0.03012575,34.0,34.0,1.0,1.0,1.0,1.0
6669,-0.03012575,34.0,34.0,1.0,1.0,1.0,1.0
6670,-0.029937262,34.0,34.0,1.0,1.0,1.0,1.0
6671,-0.029937262,34.0,34.0,1.0,1.0,1.0,1.0
6672,-0.029937262,34.0,34.0,1.0,1.0,1.0,1.0
6673,-0.029937262,34.0,34.0,1.0,1.0,1.0,1.0
6674,-0.029937262,34.0,34.0,1.0,1.0,1.0,1.0
6675,-0.029937262,34.0,34.0,1.0,1.0,1.0,1.0
6676,-0.029937262,34.0,34.0,1.0,1.0,1.0,1.0
6677,-0.029937262,34.0,34.0,1.0,1.0,1.0,1.0
6678,-0.02987511,34.0,34.0,1.0,1.0,1.0,1.0
6679,-0.025132852,34.0,34.0,1.0,1.0,1.0,1.0
6680,-0.022470584,34.0,34.0,1.0,1.0,1.0,1.0
6681,-0.017353388,34.0,34.0,1.0,1.0,1.0,1.0
6682,-0.017353388,34.0,34.0,1.0,1.0,1.0,1.0
6683,-0.017353388,34.0,34.0,1.0,1.0,1.0,1.0
6684,-0.017353388,34.0,34.0,1.0,1.0,1.0,1.0
6685,-0.017353388,34.0,34.0,1.0,1.0,1.0,1.0
6686,-0.017353388,34.0,34.0,1.0,1.0,1.0,1.0
6687,-0.017353388,34.0,34.0,1.0,1.0,1.0,1.0
6688,-0.017200049,34.0,34.0,1.0,1.0,1.0,1.0
6689,-0.017200049,34.0,34.0,1.0,1.0,1.0,1.0
6690,-0.017200049,34.0,34.0,1.0,1.0,1.0,1.0
6691,-0.017200049,34.0,34.0,1.0,1.0,1.0,1.0
6692,-0.017200049,34.0,34.0,1.0,1.0,1.0,1.0
6693,-0.017200049,34.0,34.0,1.0,1.0,1.0,1.0
6694,-0.017200049,34.0,34.0,1.0,1.0,1.0,1.0
6695,-0.01558975,34.0,34.0,1.0,1.0,1.0,1.0
6696,-0.01558975,34.0,34.0,1.0,1.0,1.0,1.0
6697,-0.015412469,34.0,34.0,1.0,1.0,1.0,1.0
6698,-0.009664601,34.0,34.0,1.0,1.0,1.0,1.0
6699,-0.009664601,34.0,34.0,1.0,1.0,1.0,1.0
6700,-0.009664601,34.0,34.0,1.0,1.0,1.0,1.0
6701,-0.009664601,34.0,34.0,1.0,1.0,1.0,1.0
6702,-0.009664601,34.0,34.0,1.0,1.0,1.0,1.0
6703,-0.009664601,34.0,34.0,1.0,1.0,1.0,1.0
6704,-0.009664601,34.0,34.0,1.0,1.0,1.0,1.0
6705,-0.009664601,34.0,34.0,1.0,1.0,1.0,1.0
6706,-0.009664601,34.0,34.0,1.0,1.0,1.0,1.0
6707,-0.009435868,34.0,34.0,1.0,1.0,1.0,1.0
6708,-0.009435868,34.0,34.0,1.0,1.0,1.0,1.0
6709,-0.009435868,34.0,34.0,1.0,1.0,1.0,1.0
6710,-0.009435868,34.0,34.0,1.0,1.0,1.0,1.0
6711,-0.009435868,34.0,34.0,1.0,1.0,1.0,1.0
6712,-0.009435868,34.0,34.0,1.0,1.0,1.0,1.0
6713,-0.009435868,34.0,34.0,1.0,1.0,1.0,1.0
6714,-0.009435868,34.0,34.0,1.0,1.0,1.0,1.0
6715,-0.009435868,34.0,34.0,1.0,1.0,1.0,1.0
6716,-0.008421089,34.0,34.0,1.0,1.0,1.0,1.0
6717,-0.003430229,34.0,34.0,1.0,1.0,1.0,1.0
6718,0.0019809082,34.0,34.0,1.0,1.0,1.0,1.0
6719,0.0019809082,34.0,34.0,1.0,1.0,1.0,1.0
6720,0.0019809082,34.0,34.0,1.0,1.0,1.0,1.0
6721,0.0019809082,34.0,34.0,1.0,1.0,1.0,1.0
6722,0.0019809082,34.0,34.0,1.0,1.0,1.0,1.0
6723,0.0019809082,34.0,34.0,1.0,1.0,1.0,1.0
6724,0.0049941707,34.0,34.0,1.0,1.0,1.0,1.0
6725,0.0049941707,34.0,34.0,1.0,1.0,1.0,1.0
6726,0.0053191856,34.0,34.0,1.0,1.0,1.0,1.0
6727,0.0053191856,34.0,34.0,1.0,1.0,1.0,1.0
6728,0.0053191856,34.0,34.0,1.0,1.0,1.0,1.0
6729,0.0053191856,34.0,34.0,1.0,1.0,1.0,1.0
6730,0.0053191856,34.0,34.0,1.0,1.0,1.0,1.0
6731,0.0053191856,34.0,34.0,1.0,1.0,1.0,1.0
6732,0.0053191856,34.0,34.0,1.0,1.0,1.0,1.0
6733,0.0053191856,34.0,34.0,1.0,1.0,1.0,1.0
6734,0.0053191856,34.0,34.0,1.0,1.0,1.0,1.0
6735,0.007114917,34.0,34.0,1.0,1.0,1.0,1.0
6736,0.011425691,34.0,34.0,1.0,1.0,1.0,1.0
6737,0.011425691,34.0,34.0,1.0,1.0,1.0,1.0
6738,0.0120242685,34.0,34.0,1.0,1.0,1.0,1.0
6739,0.0120242685,34.0,34.0,1.0,1.0,1.0,1.0
6740,0.0142596355,34.0,34.0,1.0,1.0,1.0,1.0
6741,0.0142596355,34.0,34.0,1.0,1.0,1.0,1.0
6742,0.0142596355,34.0,34.0,1.0,1.0,1.0,1.0
6743,0.0142596355,34.0,34.0,1.0,1.0,1.0,1.0
6744,0.0142596355,34.0,34.0,1.0,1.0,1.0,1.0
6745,0.0142596355,34.0,34.0,1.0,1.0,1.0,1.0
6746,0.0142596355,34.0,34.0,1.0,1.0,1.0,1.0
6747,0.0142596355,34.0,34.0,1.0,1.0,1.0,1.0
6748,0.0142596355,34.0,34.0,1.0,1.0,1.0,1.0
6749,0.0142596355,34.0,34.0,1.0,1.0,1.0,1.0
6750,0.014361011,34.0,34.0,1.0,1.0,1.0,1.0
6751,0.014361011,34.0,34.0,1.0,1.0,1.0,1.0
6752,0.014361011,34.0,34.0,1.0,1.0,1.0,1.0
6753,0.014361011,34.0,34.0,1.0,1.0,1.0,1.0
6754,0.019003423,34.0,34.0,1.0,1.0,1.0,1.0
6755,0.019003423,34.0,34.0,1.0,1.0,1.0,1.0
6756,0.019003423,34.0,34.0,1.0,1.0,1.0,1.0
6757,0.019003423,34.0,34.0,1.0,1.0,1.0,1.0
6758,0.019003423,34.0,34.0,1.0,1.0,1.0,1.0
6759,0.019003423,34.0,34.0,1.0,1.0,1.0,1.0
6760,0.019003423,34.0,34.0,1.0,1.0,1.0,1.0
6761,0.019003423,34.0,34.0,1.0,1.0,1.0,1.0
6762,0.019003423,34.0,34.0,1.0,1.0,1.0,1.0
6763,0.019107345,34.0,34.0,1.0,1.0,1.0,1.0
6764,0.019107345,34.0,34.0,1.0,1.0,1.0,1.0
6765,0.019107345,34.0,34.0,1.0,1.0,1.0,1.0
6766,0.019107345,34.0,34.0,1.0,1.0,1.0,1.0
6767,0.019107345,34.0,34.0,1.0,1.0,1.0,1.0
6768,0.020475667,34.0,34.0,1.0,1.0,1.0,1.0
6769,0.020475667,34.0,34.0,1.0,1.0,1.0,1.0
6770,0.020475667,34.0,34.0,1.0,1.0,1.0,1.0
6771,0.020475667,34.0,34.0,1.0,1.0,1.0,1.0
6772,0.020619836,34.0,34.0,1.0,1.0,1.0,1.0
6773,0.025380943,34.0,34.0,1.0,1.0,1.0,1.0
6774,0.025380943,34.0,34.0,1.0,1.0,1.0,1.0
6775,0.025380943,34.0,34.0,1.0,1.0,1.0,1.0
6776,0.02883486,34.0,34.0,1.0,1.0,1.0,1.0
6777,0.029626511,34.0,34.0,1.0,1.0,1.0,1.0
6778,0.029626511,34.0,34.0,1.0,1.0,1.0,1.0
6779,0.029626511,34.0,34.0,1.0,1.0,1.0,1.0
6780,0.029626511,34.0,34.0,1.0,1.0,1.0,1.0
6781,0.029626511,34.0,34.0,1.0,1.0,1.0,1.0
6782,0.029626511,34.0,34.0,1.0,1.0,1.0,1.0
6783,0.029626511,34.0,34.0,1.0,1.0,1.0,1.0
6784,0.029626511,34.0,34.0,1.0,1.0,1.0,1.0
6785,0.030716175,34.0,34.0,1.0,1.0,1.0,1.0
6786,0.030954588,34.0,34.0,1.0,1.0,1.0,1.0
6787,0.030954588,34.0,34.0,1.0,1.0,1.0,1.0
6788,0.030954588,34.0,34.0,1.0,1.0,1.0,1.0
6789,0.030954588,34.0,34.0,1.0,1.0,1.0,1.0
6790,0.030954588,34.0,34.0,1.0,1.0,1.0,1.0
6791,0.030954588,34.0,34.0,1.0,1.0,1.0,1.0
6792,0.030954588,34.0,34.0,1.0,1.0,1.0,1.0
6793,0.030954588,34.0,34.0,1.0,1.0,1.0,1.0
6794,0.030954588,34.0,34.0,1.0,1.0,1.0,1.0
6795,0.032693263,34.0,34.0,1.0,1.0,1.0,1.0
6796,0.03428879,34.0,34.0,1.0,1.0,1.0,1.0
6797,0.03428879,34.0,34.0,1.0,1.0,1.0,1.0
6798,0.03428879,34.0,34.0,1.0,1.0,1.0,1.0
6799,0.03428879,34.0,34.0,1.0,1.0,1.0,1.0
6800,0.03428879,34.0,34.0,1.0,1.0,1.0,1.0
6801,0.03428879,34.0,34.0,1.0,1.0,1.0,1.0
6802,0.03428879,34.0,34.0,1.0,1.0,1.0,1.0
6803,0.034428883,34.0,34.0,1.0,1.0,1.0,1.0
6804,0.034428883,34.0,34.0,1.0,1.0,1.0,1.0
6805,0.034428883,34.0,34.0,1.0,1.0,1.0,1.0
6806,0.034428883,34.0,34.0,1.0,1.0,1.0,1.0
6807,0.034428883,34.0,34.0,1.0,1.0,1.0,1.0
6808,0.034428883,34.0,34.0,1.0,1.0,1.0,1.0
6809,0.034428883,34.0,34.0,1.0,1.0,1.0,1.0
6810,0.034428883,34.0,34.0,1.0,1.0,1.0,1.0
6811,0.034428883,34.0,34.0,1.0,1.0,1.0,1.0
6812,0.034428883,34.0,34.0,1.0,1.0,1.0,1.0
6813,0.034428883,34.0,34.0,1.0,1.0,1.0,1.0
6814,0.03829849,34.0,34.0,1.0,1.0,1.0,1.0
6815,0.03829849,34.0,34.0,1.0,1.0,1.0,1.0
6816,0.03829849,34.0,34.0,1.0,1.0,1.0,1.0
6817,0.03829849,34.0,34.0,1.0,1.0,1.0,1.0
6818,0.03829849,34.0,34.0,1.0,1.0,1.0,1.0
6819,0.03829849,34.0,34.0,1.0,1.0,1.0,1.0
6820,0.03829849,34.0,34.0,1.0,1.0,1.0,1.0
6821,0.04007283,34.0,34.0,1.0,1.0,1.0,1.0
6822,0.04007283,34.0,34.0,1.0,1.0,1.0,1.0
6823,0.040349957,34.0,34.0,1.0,1.0,1.0,1.0
6824,0.042040236,34.0,34.0,1.0,1.0,1.0,1.0
6825,0.048383627,34.0,34.0,1.0,1.0,1.0,1.0
6826,0.048383627,34.0,34.0,1.0,1.0,1.0,1.0
6827,0.048383627,34.0,34.0,1.0,1.0,1.0,1.0
6828,0.048383627,34.0,34.0,1.0,1.0,1.0,1.0
6829,0.048383627,34.0,34.0,1.0,1.0,1.0,1.0
6830,0.048770282,34.0,34.0,1.0,1.0,1.0,1.0
6831,0.048770282,34.0,34.0,1.0,1.0,1.0,1.0
6832,0.048770282,34.0,34.0,1.0,1.0,1.0,1.0
6833,0.048770282,34.0,34.0,1.0,1.0,1.0,1.0
6834,0.048879806,34.0,34.0,1.0,1.0,1.0,1.0
6835,0.048879806,34.0,34.0,1.0,1.0,1.0,1.0
6836,0.048879806,34.0,34.0,1.0,1.0,1.0,1.0
6837,0.048879806,34.0,34.0,1.0,1.0,1.0,1.0
6838,0.048879806,34.0,34.0,1.0,1.0,1.0,1.0
6839,0.048879806,34.0,34.0,1.0,1.0,1.0,1.0
6840,0.048879806,34.0,34.0,1.0,1.0,1.0,1.0
6841,0.048879806,34.0,34.0,1.0,1.0,1.0,1.0
6842,0.048879806,34.0,34.0,1.0,1.0,1.0,1.0
6843,0.05442238,34.0,34.0,1.0,1.0,1.0,1.0
6844,0.05442238,34.0,34.0,1.0,1.0,1.0,1.0
6845,0.05442238,34.0,34.0,1.0,1.0,1.0,1.0
6846,0.05442238,34.0,34.0,1.0,1.0,1.0,1.0
6847,0.05442238,34.0,34.0,1.0,1.0,1.0,1.0
6848,0.05442238,34.0,34.0,1.0,1.0,1.0,1.0
6849,0.05442238,34.0,34.0,1.0,1.0,1.0,1.0
6850,0.05442238,34.0,34.0,1.0,1.0,1.0,1.0
6851,0.05442238,34.0,34.0,1.0,1.0,1.0,1.0
6852,0.054664355,34.0,34.0,1.0,1.0,1.0,1.0
6853,0.054664355,34.0,34.0,1.0,1.0,1.0,1.0
6854,0.054664355,34.0,34.0,1.0,1.0,1.0,1.0
6855,0.054664355,34.0,34.0,1.0,1.0,1.0,1.0
6856,0.054664355,34.0,34.0,1.0,1.0,1.0,1.0
6857,0.054664355,34.0,34.0,1.0,1.0,1.0,1.0
6858,0.054664355,34.0,34.0,1.0,1.0,1.0,1.0
6859,0.054664355,34.0,34.0,1.0,1.0,1.0,1.0
6860,0.054664355,34.0,34.0,1.0,1.0,1.0,1.0
6861,0.054806996,34.0,34.0,1.0,1.0,1.0,1.0
6862,0.058596626,34.0,34.0,1.0,1.0,1.0,1.0
6863,0.06362875,34.0,34.0,1.0,1.0,1.0,1.0
6864,0.06362875,34.0,34.0,1.0,1.0,1.0,1.0
6865,0.06362875,34.0,34.0,1.0,1.0,1.0,1.0
6866,0.06362875,34.0,34.0,1.0,1.0,1.0,1.0
6867,0.06362875,34.0,34.0,1.0,1.0,1.0,1.0
6868,0.06362875,34.0,34.0,1.0,1.0,1.0,1.0
6869,0.065256365,34.0,34.0,1.0,1.0,1.0,1.0
6870,0.07034504,34.0,34.0,1.0,1.0,1.0,1.0
6871,0.07076073,34.0,34.0,1.0,1.0,1.0,1.0
6872,0.07076073,34.0,34.0,1.0,1.0,1.0,1.0
6873,0.07092477,34.0,33.99977,1.0,1.0,1.0,1.0
6874,0.07727478,34.0,33.999542,1.0,1.0,1.0,1.0
6875,0.07884228,34.0,33.99931,1.0,1.0,1.0,1.0
6876,0.08271801,34.0,33.99908,1.0,1.0,1.0,1.0
6877,0.08271801,34.0,33.99885,1.0,1.0,1.0,1.0
6878,0.08271801,33.997246,33.998623,1.0,1.0,1.0,1.0
6879,0.08271801,33.997246,33.998394,1.0,1.0,1.0,1.0
6880,0.08271801,33.997246,33.998165,1.0,1.0,1.0,1.0
6881,0.08271801,33.997246,33.997936,1.0,1.0,1.0,1.0
6882,0.08271801,33.997246,33.997704,1.0,1.0,1.0,1.0
6883,0.08294929,33.997246,33.997475,1.0,1.0,1.0,1.0
6884,0.08294929,33.997246,33.997246,1.0,1.0,1.0,1.0
6885,0.08294929,33.997246,33.997246,1.0,1.0,1.0,1.0
6886,0.08294929,33.997246,33.997246,1.0,1.0,1.0,1.0
6887,0.08294929,33.997246,33.997246,1.0,1.0,1.0,1.0
6888,0.08294929,33.997246,33.997246,1.0,1.0,1.0,1.0
6889,0.08294929,33.997246,33.997475,1.0,1.0,1.0,1.0
6890,0.08294929,33.997246,33.997704,1.0,1.0,1.0,1.0
6891,0.08294929,33.997246,33.997932,1.0,1.0,1.0,1.0
6892,0.08310161,33.997246,33.998165,1.0,1.0,1.0,1.0
6893,0.089782745,33.997246,33.998394,1.0,1.0,1.0,1.0
6894,0.089782745,34.0,33.998623,1.0,1.0,1.0,1.0
6895,0.089782745,34.0,33.998783,1.0,1.0,1.0,1.0
6896,0.089782745,34.0,33.998943,1.0,1.0,1.0,1.0
6897,0.089782745,34.0,33.999104,1.0,1.0,1.0,1.0
6898,0.089782745,34.0,33.999264,1.0,1.0,1.0,1.0
6899,0.089782745,34.0,33.999424,1.0,1.0,1.0,1.0
6900,0.089782745,33.999165,33.99958,1.0,1.0,1.0,1.0
6901,0.089782745,33.999165,33.99951,1.0,1.0,1.0,1.0
6902,0.090023704,33.999165,33.999443,1.0,1.0,1.0,1.0
6903,0.090023704,33.999165,33.999374,1.0,1.0,1.0,1.0
6904,0.090023704,33.999165,33.999302,1.0,1.0,1.0,1.0
6905,0.090023704,33.999165,33.999233,1.0,1.0,1.0,1.0
6906,0.090023704,33.999165,33.999165,1.0,1.0,1.0,1.0
6907,0.090023704,33.999165,33.999165,1.0,1.0,1.0,1.0
6908,0.090023704,33.999165,33.999165,1.0,1.0,1.0,1.0
6909,0.090023704,33.999165,33.99902,1.0,1.0,1.0,1.0
6910,0.090023704,33.999165,33.998875,1.0,1.0,1.0,1.0
6911,0.09124888,33.999165,33.9988,1.0,1.0,1.0,1.0
6912,0.09546439,33.999165,33.998722,1.0,1.0,1.0,1.0
6913,0.09546439,33.999165,33.998646,1.0,1.0,1.0,1.0
6914,0.09546439,33.997417,33.99857,1.0,1.0,1.0,1.0
6915,0.09546439,33.997417,33.998493,1.0,1.0,1.0,1.0
6916,0.09546439,33.998253,33.998417,1.0,1.0,1.0,1.0
6917,0.09546439,33.998253,33.99834,1.0,1.0,1.0,1.0
6918,0.09623363,33.998253,33.998264,1.0,1.0,1.0,1.0
6919,0.09623363,33.998253,33.998188,1.0,1.0,1.0,1.0
6920,0.09867582,33.998253,33.998116,1.0,1.0,1.0,1.0
6921,0.09877363,33.998253,33.998184,1.0,1.0,1.0,1.0
6922,0.101534724,33.998253,33.998253,1.0,1.0,1.0,1.0
6923,0.101534724,33.998253,33.998253,1.0,1.0,1.0,1.0
6924,0.101534724,33.998253,33.99666,1.0,1.0,1.0,1.0
6925,0.101534724,33.998253,33.995213,1.0,1.0,1.0,1.0
6926,0.10153524,33.998253,33.993763,1.0,1.0,1.0,1.0
6927,0.10153524,33.998253,33.992317,1.0,1.0,1.0,1.0
6928,0.10153524,33.998253,33.990868,1.0,1.0,1.0,1.0
6929,0.10153524,33.97913,33.98942,1.0,1.0,1.0,1.0
6930,0.10153524,33.98088,33.987972,1.0,1.0,1.0,1.0
6931,0.10157192,33.98088,33.986526,1.0,1.0,1.0,1.0
6932,0.10157192,33.98088,33.985077,1.0,1.0,1.0,1.0
6933,0.10157192,33.98088,33.98363,1.0,1.0,1.0,1.0
6934,0.10157192,33.98088,33.98218,1.0,1.0,1.0,1.0
6935,0.10157192,33.98088,33.980736,1.0,1.0,1.0,1.0
6936,0.10157192,33.98088,33.98088,1.0,1.0,1.0,1.0
6937,0.10157192,33.98088,33.98088,1.0,1.0,1.0,1.0
6938,0.10157192,33.98088,33.98088,1.0,1.0,1.0,1.0
6939,0.10157192,33.98088,33.980076,1.0,1.0,1.0,1.0
6940,0.1017008,33.98088,33.980865,1.0,1.0,1.0,1.0
6941,0.107496046,33.98088,33.98165,1.0,1.0,1.0,1.0
6942,0.107496046,33.98088,33.98244,1.0,1.0,1.0,1.0
6943,0.107496046,33.98088,33.98323,1.0,1.0,1.0,1.0
6944,0.107496046,33.971222,33.984016,1.0,1.0,1.0,1.0
6945,0.107496046,33.99034,33.984806,1.0,1.0,1.0,1.0
6946,0.107496046,33.99034,33.985596,1.0,1.0,1.0,1.0
6947,0.107496046,33.99034,33.98638,1.0,1.0,1.0,1.0
6948,0.107496046,33.99034,33.98717,1.0,1.0,1.0,1.0
6949,0.107496046,33.99034,33.98796,1.0,1.0,1.0,1.0
6950,0.107557684,33.99034,33.988747,1.0,1.0,1.0,1.0
6951,0.107557684,33.99034,33.99034,1.0,1.0,1.0,1.0
6952,0.107557684,33.99034,33.99034,1.0,1.0,1.0,1.0
6953,0.107557684,33.99034,33.99034,1.0,1.0,1.0,1.0
6954,0.107557684,33.99034,33.99034,1.0,1.0,1.0,1.0
6955,0.107557684,33.99034,33.991146,1.0,1.0,1.0,1.0
6956,0.107557684,33.99034,33.99195,1.0,1.0,1.0,1.0
6957,0.107557684,33.99034,33.992756,1.0,1.0,1.0,1.0
6958,0.107557684,33.99034,33.99356,1.0,1.0,1.0,1.0
6959,0.11186693,33.99034,33.994366,1.0,1.0,1.0,1.0
6960,0.11186693,34.0,33.99517,1.0,1.0,1.0,1.0
6961,0.11186693,34.0,33.995975,1.0,1.0,1.0,1.0
6962,0.11186693,34.0,33.99678,1.0,1.0,1.0,1.0
6963,0.11186693,34.0,33.997585,1.0,1.0,1.0,1.0
6964,0.11186693,34.0,33.99839,1.0,1.0,1.0,1.0
6965,0.11521081,34.0,33.999195,1.0,1.0,1.0,1.0
6966,0.11704577,34.0,34.0,1.0,1.0,1.0,1.0
6967,0.11704577,34.0,34.0,1.0,1.0,1.0,1.0
6968,0.11704577,34.0,34.0,1.0,1.0,1.0,1.0
6969,0.11723069,34.0,34.0,1.0,1.0,1.0,1.0
6970,0.11723069,34.0,34.0,1.0,1.0,1.0,1.0
6971,0.11723069,34.0,34.0,1.0,1.0,1.0,1.0
6972,0.11723069,34.0,34.0,1.0,1.0,1.0,1.0
6973,0.11723069,34.0,34.0,1.0,1.0,1.0,1.0
6974,0.11723069,34.0,34.0,1.0,1.0,1.0,1.0
6975,0.11723069,34.0,34.0,1.0,1.0,1.0,1.0
6976,0.11723069,34.0,34.0,1.0,1.0,1.0,1.0
6977,0.11723069,34.0,34.0,1.0,1.0,1.0,1.0
6978,0.11894797,34.0,34.0,1.0,1.0,1.0,1.0
6979,0.12387464,34.0,34.0,1.0,1.0,1.0,1.0
6980,0.12387464,34.0,34.0,1.0,1.0,1.0,1.0
6981,0.124060586,34.0,34.0,1.0,1.0,1.0,1.0
6982,0.124060586,34.0,34.0,1.0,1.0,1.0,1.0
6983,0.124060586,34.0,34.0,1.0,1.0,1.0,1.0
6984,0.124060586,34.0,34.0,1.0,1.0,1.0,1.0
6985,0.124060586,34.0,34.0,1.0,1.0,1.0,1.0
6986,0.124060586,34.0,34.0,1.0,1.0,1.0,1.0
6987,0.124060586,34.0,34.0,1.0,1.0,1.0,1.0
6988,0.12409013,34.0,34.0,1.0,1.0,1.0,1.0
6989,0.12409013,34.0,34.0,1.0,1.0,1.0,1.0
6990,0.12409013,34.0,34.0,1.0,1.0,1.0,1.0
6991,0.12409013,34.0,34.0,1.0,1.0,1.0,1.0
6992,0.12409013,34.0,34.0,1.0,1.0,1.0,1.0
6993,0.12409013,34.0,34.0,1.0,1.0,1.0,1.0
6994,0.12409013,34.0,34.0,1.0,1.0,1.0,1.0
6995,0.12409013,34.0,34.0,1.0,1.0,1.0,1.0
6996,0.12409013,34.0,34.0,1.0,1.0,1.0,1.0
6997,0.12991697,34.0,34.0,1.0,1.0,1.0,1.0
6998,0.12991697,34.0,34.0,1.0,1.0,1.0,1.0
6999,0.12991697,34.0,34.0,1.0,1.0,1.0,1.0
7000,0.12991697,34.0,34.0,1.0,1.0,1.0,1.0
7001,0.12991697,34.0,34.0,1.0,1.0,1.0,1.0
7002,0.12991697,34.0,34.0,1.0,1.0,1.0,1.0
7003,0.12991697,34.0,34.0,1.0,1.0,1.0,1.0
7004,0.13091849,34.0,34.0,1.0,1.0,1.0,1.0
7005,0.13091849,34.0,34.0,1.0,1.0,1.0,1.0
7006,0.13091849,34.0,34.0,1.0,1.0,1.0,1.0
7007,0.13197811,34.0,34.0,1.0,1.0,1.0,1.0
7008,0.13197811,34.0,34.0,1.0,1.0,1.0,1.0
7009,0.13197811,34.0,34.0,1.0,1.0,1.0,1.0
7010,0.13553543,34.0,34.0,1.0,1.0,1.0,1.0
7011,0.13735001,34.0,34.0,1.0,1.0,1.0,1.0
7012,0.13735001,34.0,34.0,1.0,1.0,1.0,1.0
7013,0.13735001,34.0,34.0,1.0,1.0,1.0,1.0
7014,0.13735001,34.0,34.0,1.0,1.0,1.0,1.0
7015,0.13755736,34.0,34.0,1.0,1.0,1.0,1.0
7016,0.14141932,34.0,34.0,1.0,1.0,1.0,1.0
7017,0.14598227,34.0,34.0,1.0,1.0,1.0,1.0
7018,0.1538952,34.0,34.0,1.0,1.0,1.0,1.0
7019,0.155911,34.0,34.0,1.0,1.0,1.0,1.0
7020,0.155911,34.0,34.0,1.0,1.0,1.0,1.0
7021,0.155911,34.0,34.0,1.0,1.0,1.0,1.0
7022,0.155911,34.0,34.0,1.0,1.0,1.0,1.0
7023,0.155911,34.0,34.0,1.0,1.0,1.0,1.0
7024,0.155911,34.0,34.0,1.0,1.0,1.0,1.0
7025,0.155911,34.0,34.0,1.0,1.0,1.0,1.0
7026,0.155911,34.0,34.0,1.0,1.0,1.0,1.0
7027,0.155911,34.0,34.0,1.0,1.0,1.0,1.0
7028,0.155911,34.0,34.0,1.0,1.0,1.0,1.0
7029,0.15601492,34.0,34.0,1.0,1.0,1.0,1.0
7030,0.15601492,34.0,34.0,1.0,1.0,1.0,1.0
7031,0.15601492,34.0,34.0,1.0,1.0,1.0,1.0
7032,0.15601492,34.0,34.0,1.0,1.0,1.0,1.0
7033,0.15601492,34.0,34.0,1.0,1.0,1.0,1.0
7034,0.15601492,34.0,34.0,1.0,1.0,1.0,1.0
7035,0.15601492,34.0,34.0,1.0,1.0,1.0,1.0
7036,0.15601492,34.0,34.0,1.0,1.0,1.0,1.0
7037,0.15601492,34.0,34.0,1.0,1.0,1.0,1.0
7038,0.15824418,34.0,34.0,1.0,1.0,1.0,1.0
7039,0.16021973,34.0,34.0,1.0,1.0,1.0,1.0
7040,0.16021973,34.0,34.0,1.0,1.0,1.0,1.0
7041,0.16021973,34.0,34.0,1.0,1.0,1.0,1.0
7042,0.16021973,34.0,34.0,1.0,1.0,1.0,1.0
7043,0.16021973,34.0,34.0,1.0,1.0,1.0,1.0
7044,0.16021973,34.0,34.0,1.0,1.0,1.0,1.0
7045,0.16021973,34.0,34.0,1.0,1.0,1.0,1.0
7046,0.16021973,34.0,34.0,1.0,1.0,1.0,1.0
7047,0.16040008,34.0,34.0,1.0,1.0,1.0,1.0
7048,0.16040008,34.0,34.0,1.0,1.0,1.0,1.0
7049,0.16040008,34.0,34.0,1.0,1.0,1.0,1.0
7050,0.16040008,34.0,34.0,1.0,1.0,1.0,1.0
7051,0.16040008,34.0,34.0,1.0,1.0,1.0,1.0
7052,0.16057837,34.0,34.0,1.0,1.0,1.0,1.0
7053,0.1644006,34.0,34.0,1.0,1.0,1.0,1.0
7054,0.16810414,34.0,34.0,1.0,1.0,1.0,1.0
7055,0.17014949,34.0,34.0,1.0,1.0,1.0,1.0
7056,0.17014949,34.0,34.0,1.0,1.0,1.0,1.0
7057,0.17014949,34.0,34.0,1.0,1.0,1.0,1.0
7058,0.17014949,34.0,34.0,1.0,1.0,1.0,1.0
7059,0.17014949,34.0,34.0,1.0,1.0,1.0,1.0
7060,0.17014949,34.0,34.0,1.0,1.0,1.0,1.0
7061,0.17014949,34.0,34.0,1.0,1.0,1.0,1.0
7062,0.17029417,34.0,34.0,1.0,1.0,1.0,1.0
7063,0.17029417,34.0,34.0,1.0,1.0,1.0,1.0
7064,0.17029417,34.0,34.0,1.0,1.0,1.0,1.0
7065,0.17029417,34.0,34.0,1.0,1.0,1.0,1.0
7066,0.17029417,34.0,34.0,1.0,1.0,1.0,1.0
7067,0.17029417,34.0,34.0,1.0,1.0,1.0,1.0
7068,0.17029417,34.0,34.0,1.0,1.0,1.0,1.0
7069,0.17029417,34.0,34.0,1.0,1.0,1.0,1.0
7070,0.17029417,34.0,34.0,1.0,1.0,1.0,1.0
7071,0.17045566,34.0,34.0,1.0,1.0,1.0,1.0
7072,0.17445211,34.0,34.0,1.0,1.0,1.0,1.0
7073,0.17852294,34.0,34.0,1.0,1.0,1.0,1.0
7074,0.17852294,34.0,34.0,1.0,1.0,1.0,1.0
7075,0.17852294,34.0,34.0,1.0,1.0,1.0,1.0
7076,0.17852294,34.0,34.0,1.0,1.0,1.0,1.0
7077,0.17852294,34.0,34.0,1.0,1.0,1.0,1.0
7078,0.17852294,34.0,34.0,1.0,1.0,1.0,1.0
7079,0.17852294,34.0,34.0,1.0,1.0,1.0,1.0
7080,0.17852294,34.0,34.0,1.0,1.0,1.0,1.0
7081,0.17852294,34.0,34.0,1.0,1.0,1.0,1.0
7082,0.17875423,34.0,34.0,1.0,1.0,1.0,1.0
7083,0.17875423,34.0,34.0,1.0,1.0,1.0,1.0
7084,0.17875423,34.0,34.0,1.0,1.0,1.0,1.0
7085,0.17875423,34.0,34.0,1.0,1.0,1.0,1.0
7086,0.17875423,34.0,34.0,1.0,1.0,1.0,1.0
7087,0.17875423,34.0,34.0,1.0,1.0,1.0,1.0
7088,0.17875423,34.0,34.0,1.0,1.0,1.0,1.0
7089,0.17875423,34.0,34.0,1.0,1.0,1.0,1.0
7090,0.17965795,34.0,34.0,1.0,1.0,1.0,1.0
7091,0.18376292,34.0,34.0,1.0,1.0,1.0,1.0
7092,0.18791118,34.0,34.0,1.0,1.0,1.0,1.0
7093,0.19239618,34.0,34.0,1.0,1.0,1.0,1.0
7094,0.19684501,34.0,34.0,1.0,1.0,1.0,1.0
7095,0.20306869,34.0,34.0,1.0,1.0,1.0,1.0
7096,0.20306869,34.0,34.0,1.0,1.0,1.0,1.0
7097,0.20388174,34.0,34.0,1.0,1.0,1.0,1.0
7098,0.20388174,34.0,34.0,1.0,1.0,1.0,1.0
7099,0.20388174,34.0,34.0,1.0,1.0,1.0,1.0
7100,0.20652618,34.0,34.0,1.0,1.0,1.0,1.0
7101,0.20652618,34.0,34.0,1.0,1.0,1.0,1.0
7102,0.20652618,34.0,34.0,1.0,1.0,1.0,1.0
7103,0.20665607,34.0,34.0,1.0,1.0,1.0,1.0
7104,0.20665607,34.0,34.0,1.0,1.0,1.0,1.0
7105,0.20665607,34.0,34.0,1.0,1.0,1.0,1.0
7106,0.20665607,34.0,34.0,1.0,1.0,1.0,1.0
7107,0.20665607,34.0,34.0,1.0,1.0,1.0,1.0
7108,0.20665607,34.0,34.0,1.0,1.0,1.0,1.0
7109,0.21136421,34.0,34.0,1.0,1.0,1.0,1.0
7110,0.21136421,34.0,34.0,1.0,1.0,1.0,1.0
7111,0.21136421,34.0,34.0,1.0,1.0,1.0,1.0
7112,0.21164745,34.0,34.0,1.0,1.0,1.0,1.0
7113,0.21164745,34.0,34.0,1.0,1.0,1.0,1.0
7114,0.21164745,34.0,34.0,1.0,1.0,1.0,1.0
7115,0.21171214,34.0,34.0,1.0,1.0,1.0,1.0
7116,0.21307638,34.0,34.0,1.0,1.0,1.0,1.0
7117,0.21666428,34.0,34.0,1.0,1.0,1.0,1.0
7118,0.21666428,34.0,34.0,1.0,1.0,1.0,1.0
7119,0.21666428,34.0,34.0,1.0,1.0,1.0,1.0
7120,0.21666428,34.0,34.0,1.0,1.0,1.0,1.0
7121,0.21666428,34.0,34.0,1.0,1.0,1.0,1.0
7122,0.21666428,34.0,34.0,1.0,1.0,1.0,1.0
7123,0.21666428,34.0,34.0,1.0,1.0,1.0,1.0
7124,0.21666428,34.0,34.0,1.0,1.0,1.0,1.0
7125,0.21666428,34.0,34.0,1.0,1.0,1.0,1.0
7126,0.21668823,34.0,34.0,1.0,1.0,1.0,1.0
7127,0.21668823,34.0,34.0,1.0,1.0,1.0,1.0
7128,0.21668823,34.0,34.0,1.0,1.0,1.0,1.0
7129,0.21668823,34.0,34.0,1.0,1.0,1.0,1.0
7130,0.21668823,34.0,34.0,1.0,1.0,1.0,1.0
7131,0.21668823,34.0,34.0,1.0,1.0,1.0,1.0
7132,0.21668823,34.0,34.0,1.0,1.0,1.0,1.0
7133,0.21668823,34.0,34.0,1.0,1.0,1.0,1.0
7134,0.21668823,34.0,34.0,1.0,1.0,1.0,1.0
7135,0.21928477,34.0,34.0,1.0,1.0,1.0,1.0
7136,0.222782,34.0,34.0,1.0,1.0,1.0,1.0
7137,0.222782,34.0,34.0,1.0,1.0,1.0,1.0
7138,0.222782,34.0,34.0,1.0,1.0,1.0,1.0
7139,0.222782,34.0,34.0,1.0,1.0,1.0,1.0
7140,0.222782,34.0,34.0,1.0,1.0,1.0,1.0
7141,0.222782,34.0,34.0,1.0,1.0,1.0,1.0
7142,0.222782,34.0,34.0,1.0,1.0,1.0,1.0
7143,0.222782,34.0,34.0,1.0,1.0,1.0,1.0
7144,0.222782,34.0,34.0,1.0,1.0,1.0,1.0
7145,0.22596133,34.0,34.0,1.0,1.0,1.0,1.0
7146,0.22596133,34.0,34.0,1.0,1.0,1.0,1.0
7147,0.22596133,34.0,34.0,1.0,1.0,1.0,1.0
7148,0.22596133,34.0,34.0,1.0,1.0,1.0,1.0
7149,0.22945346,34.0,34.0,1.0,1.0,1.0,1.0
7150,0.2310179,34.0,34.0,1.0,1.0,1.0,1.0
7151,0.2310179,34.0,34.0,1.0,1.0,1.0,1.0
7152,0.2310179,34.0,34.0,1.0,1.0,1.0,1.0
7153,0.2310179,34.0,34.0,1.0,1.0,1.0,1.0
7154,0.23102657,34.0,34.0,1.0,1.0,1.0,1.0
7155,0.2310388,34.0,34.0,1.0,1.0,1.0,1.0
7156,0.2310388,34.0,34.0,1.0,1.0,1.0,1.0
7157,0.2310388,34.0,34.0,1.0,1.0,1.0,1.0
7158,0.2310388,34.0,34.0,1.0,1.0,1.0,1.0
7159,0.2311412,34.0,34.0,1.0,1.0,1.0,1.0
7160,0.2311412,34.0,34.0,1.0,1.0,1.0,1.0
7161,0.2311412,34.0,34.0,1.0,1.0,1.0,1.0
7162,0.2311412,34.0,34.0,1.0,1.0,1.0,1.0
7163,0.2311412,34.0,34.0,1.0,1.0,1.0,1.0
7164,0.2311412,34.0,34.0,1.0,1.0,1.0,1.0
7165,0.2311412,34.0,34.0,1.0,1.0,1.0,1.0
7166,0.2311412,34.0,34.0,1.0,1.0,1.0,1.0
7167,0.2311412,34.0,34.0,1.0,1.0,1.0,1.0
7168,0.23248303,34.0,34.0,1.0,1.0,1.0,1.0
7169,0.23598585,34.0,34.0,1.0,1.0,1.0,1.0
7170,0.23598585,34.0,34.0,1.0,1.0,1.0,1.0
7171,0.23598585,34.0,34.0,1.0,1.0,1.0,1.0
7172,0.23598585,34.0,34.0,1.0,1.0,1.0,1.0
7173,0.23598585,34.0,34.0,1.0,1.0,1.0,1.0
7174,0.23598585,34.0,34.0,1.0,1.0,1.0,1.0
7175,0.23598585,34.0,34.0,1.0,1.0,1.0,1.0
7176,0.23598585,34.0,34.0,1.0,1.0,1.0,1.0
7177,0.23598585,34.0,34.0,1.0,1.0,1.0,1.0
7178,0.23598585,34.0,34.0,1.0,1.0,1.0,1.0
7179,0.23598585,34.0,34.0,1.0,1.0,1.0,1.0
7180,0.23598585,34.0,34.0,1.0,1.0,1.0,1.0
7181,0.23598585,34.0,34.0,1.0,1.0,1.0,1.0
7182,0.23598585,34.0,34.0,1.0,1.0,1.0,1.0
7183,0.23598585,34.0,34.0,1.0,1.0,1.0,1.0
7184,0.23598585,34.0,34.0,1.0,1.0,1.0,1.0
7185,0.23598585,34.0,34.0,1.0,1.0,1.0,1.0
7186,0.23598585,34.0,34.0,1.0,1.0,1.0,1.0
7187,0.23848611,34.0,34.0,1.0,1.0,1.0,1.0
7188,0.24264814,34.0,34.0,1.0,1.0,1.0,1.0
7189,0.2468611,34.0,34.0,1.0,1.0,1.0,1.0
7190,0.25090238,34.0,34.0,1.0,1.0,1.0,1.0
7191,0.2578958,34.0,34.0,1.0,1.0,1.0,1.0
7192,0.2578958,34.0,34.0,1.0,1.0,1.0,1.0
7193,0.2578958,34.0,34.0,1.0,1.0,1.0,1.0
7194,0.25921166,34.0,34.0,1.0,1.0,1.0,1.0
7195,0.25921166,34.0,34.0,1.0,1.0,1.0,1.0
7196,0.25921166,34.0,34.0,1.0,1.0,1.0,1.0
7197,0.25921166,34.0,34.0,1.0,1.0,1.0,1.0
7198,0.2593283,34.0,34.0,1.0,1.0,1.0,1.0
7199,0.2593283,34.0,34.0,1.0,1.0,1.0,1.0
7200,0.2593283,34.0,34.0,1.0,1.0,1.0,1.0
7201,0.2593283,34.0,34.0,1.0,1.0,1.0,1.0
7202,0.2593283,34.0,34.0,1.0,1.0,1.0,1.0
7203,0.2593283,34.0,34.0,1.0,1.0,1.0,1.0
7204,0.2593283,34.0,34.0,1.0,1.0,1.0,1.0
7205,0.2593283,34.0,34.0,1.0,1.0,1.0,1.0
7206,0.26538795,34.0,34.0,1.0,1.0,1.0,1.0
7207,0.26538795,34.0,34.0,1.0,1.0,1.0,1.0
7208,0.26538795,34.0,34.0,1.0,1.0,1.0,1.0
7209,0.2657573,34.0,34.0,1.0,1.0,1.0,1.0
7210,0.2657573,34.0,34.0,1.0,1.0,1.0,1.0
7211,0.2657573,34.0,34.0,1.0,1.0,1.0,1.0
7212,0.2657573,34.0,34.0,1.0,1.0,1.0,1.0
7213,0.2657573,34.0,34.0,1.0,1.0,1.0,1.0
7214,0.2657573,34.0,34.0,1.0,1.0,1.0,1.0
7215,0.2657573,34.0,34.0,1.0,1.0,1.0,1.0
7216,0.26588055,34.0,34.0,1.0,1.0,1.0,1.0
7217,0.26588055,34.0,34.0,1.0,1.0,1.0,1.0
7218,0.26588055,34.0,34.0,1.0,1.0,1.0,1.0
7219,0.26588055,34.0,34.0,1.0,1.0,1.0,1.0
7220,0.26588055,34.0,34.0,1.0,1.0,1.0,1.0
7221,0.26588055,34.0,34.0,1.0,1.0,1.0,1.0
7222,0.26588055,34.0,34.0,1.0,1.0,1.0,1.0
7223,0.26588055,34.0,34.0,1.0,1.0,1.0,1.0
7224,0.26619285,34.0,34.0,1.0,1.0,1.0,1.0
7225,0.2712907,34.0,34.0,1.0,1.0,1.0,1.0
7226,0.2712907,34.0,34.0,1.0,1.0,1.0,1.0
7227,0.2712907,34.0,34.0,1.0,1.0,1.0,1.0
7228,0.2712907,34.0,34.0,1.0,1.0,1.0,1.0
7229,0.2712907,34.0,34.0,1.0,1.0,1.0,1.0
7230,0.2712907,34.0,34.0,1.0,1.0,1.0,1.0
7231,0.2712907,34.0,34.0,1.0,1.0,1.0,1.0
7232,0.2712907,34.0,34.0,1.0,1.0,1.0,1.0
7233,0.2712907,34.0,34.0,1.0,1.0,1.0,1.0
7234,0.27130088,34.0,34.0,1.0,1.0,1.0,1.0
7235,0.27330598,34.0,34.0,1.0,1.0,1.0,1.0
7236,0.27330598,34.0,34.0,1.0,1.0,1.0,1.0
7237,0.27330598,34.0,34.0,1.0,1.0,1.0,1.0
7238,0.27330598,34.0,34.0,1.0,1.0,1.0,1.0
7239,0.27555764,34.0,34.0,1.0,1.0,1.0,1.0
7240,0.27555764,34.0,34.0,1.0,1.0,1.0,1.0
7241,0.27555764,34.0,34.0,1.0,1.0,1.0,1.0
7242,0.27555817,34.0,33.998184,1.0,1.0,1.0,1.0
7243,0.2770411,34.0,33.9959,1.0,1.0,1.0,1.0
7244,0.28179407,34.0,33.991776,1.0,1.0,1.0,1.0
7245,0.28343236,34.0,33.986084,1.0,1.0,1.0,1.0
7246,0.28343236,34.0,33.980392,1.0,1.0,1.0,1.0
7247,0.28343236,33.97823,33.9747,1.0,1.0,1.0,1.0
7248,0.28343236,33.972584,33.968266,1.0,1.0,1.0,1.0
7249,0.28343236,33.9505,33.96183,1.0,1.0,1.0,1.0
7250,0.28343236,33.9317,33.955395,1.0,1.0,1.0,1.0
7251,0.28343236,33.9317,33.94896,1.0,1.0,1.0,1.0
7252,0.28343236,33.9317,33.942528,1.0,1.0,1.0,1.0
7253,0.28343236,33.92278,33.936092,1.0,1.0,1.0,1.0
7254,0.28343236,33.92278,33.93147,1.0,1.0,1.0,1.0
7255,0.28343236,33.92278,33.92732,1.0,1.0,1.0,1.0
7256,0.28343236,33.92278,33.92501,1.0,1.0,1.0,1.0
7257,0.28348893,33.92278,33.924267,1.0,1.0,1.0,1.0
7258,0.2875185,33.92278,33.921516,1.0,1.0,1.0,1.0
7259,0.29076457,33.92278,33.919235,1.0,1.0,1.0,1.0
7260,0.29076457,33.92278,33.919537,1.0,1.0,1.0,1.0
7261,0.29076457,33.92278,33.92141,1.0,1.0,1.0,1.0
7262,0.29076457,33.92278,33.92328,1.0,1.0,1.0,1.0
7263,0.29076457,33.89869,33.925148,1.0,1.0,1.0,1.0
7264,0.29076457,33.904335,33.92776,1.0,1.0,1.0,1.0
7265,0.29076457,33.92642,33.930374,1.0,1.0,1.0,1.0
7266,0.29076457,33.945217,33.932987,1.0,1.0,1.0,1.0
7267,0.2909174,33.945217,33.9356,1.0,1.0,1.0,1.0
7268,0.2909174,33.945217,33.938213,1.0,1.0,1.0,1.0
7269,0.2909174,33.954136,33.940826,1.0,1.0,1.0,1.0
7270,0.2909174,33.954136,33.945446,1.0,1.0,1.0,1.0
7271,0.2909174,33.954136,33.949596,1.0,1.0,1.0,1.0
7272,0.2909174,33.954136,33.95191,1.0,1.0,1.0,1.0
7273,0.2909174,33.954136,33.95265,1.0,1.0,1.0,1.0
7274,0.2909174,33.954136,33.95584,1.0,1.0,1.0,1.0
7275,0.2909174,33.954136,33.959034,1.0,1.0,1.0,1.0
7276,0.29205954,33.954136,33.960617,1.0,1.0,1.0,1.0
7277,0.29551905,33.954136,33.962124,1.0,1.0,1.0,1.0
7278,0.29551905,33.954136,33.96343,1.0,1.0,1.0,1.0
7279,0.29551905,33.98353,33.96473,1.0,1.0,1.0,1.0
7280,0.2973902,33.98353,33.966034,1.0,1.0,1.0,1.0
7281,0.2973902,33.973106,33.96627,1.0,1.0,1.0,1.0
7282,0.2973902,33.972233,33.966503,1.0,1.0,1.0,1.0
7283,0.2973902,33.96978,33.964275,1.0,1.0,1.0,1.0
7284,0.2973902,33.96978,33.96132,1.0,1.0,1.0,1.0
7285,0.2973902,33.96978,33.958363,1.0,1.0,1.0,1.0
7286,0.29751602,33.956955,33.951515,1.0,1.0,1.0,1.0
7287,0.29751602,33.956955,33.944668,1.0,1.0,1.0,1.0
7288,0.29751602,33.927376,33.938686,1.0,1.0,1.0,1.0
7289,0.29751602,33.918667,33.932137,1.0,1.0,1.0,1.0
7290,0.29751602,33.918667,33.927162,1.0,1.0,1.0,1.0
7291,0.29751602,33.90135,33.92219,1.0,1.0,1.0,1.0
7292,0.29751602,33.90135,33.918087,1.0,1.0,1.0,1.0
7293,0.29751602,33.90135,33.915123,1.0,1.0,1.0,1.0
7294,0.29751602,33.893635,33.912365,1.0,1.0,1.0,1.0
7295,0.29964593,33.910107,33.911083,1.0,1.0,1.0,1.0
7296,0.3061666,33.910107,33.908882,1.0,1.0,1.0,1.0
7297,0.3061666,33.92053,33.90555,1.0,1.0,1.0,1.0
7298,0.3061666,33.921402,33.903652,1.0,1.0,1.0,1.0
7299,0.3061666,33.92386,33.904224,1.0,1.0,1.0,1.0
7300,0.3061666,33.911987,33.90552,1.0,1.0,1.0,1.0
7301,0.3061666,33.892273,33.907463,1.0,1.0,1.0,1.0
7302,0.30785993,33.878624,33.909473,1.0,1.0,1.0,1.0
7303,0.30785993,33.878624,33.911484,1.0,1.0,1.0,1.0
7304,0.30785993,33.908203,33.912624,1.0,1.0,1.0,1.0
7305,0.30802497,33.916912,33.914337,1.0,1.0,1.0,1.0
7306,0.30802497,33.916912,33.915844,1.0,1.0,1.0,1.0
7307,0.30802497,33.93423,33.91834,1.0,1.0,1.0,1.0
7308,0.3081931,33.93423,33.922478,1.0,1.0,1.0,1.0
7309,0.31156754,33.93423,33.927753,1.0,1.0,1.0,1.0
7310,0.31449676,33.941944,33.933033,1.0,1.0,1.0,1.0
7311,0.31449676,33.941944,33.936832,1.0,1.0,1.0,1.0
7312,0.31449676,33.941944,33.94155,1.0,1.0,1.0,1.0
7313,0.31449676,33.941944,33.948475,1.0,1.0,1.0,1.0
7314,0.31449676,33.941944,33.953957,1.0,1.0,1.0,1.0
7315,0.31449676,33.941944,33.95944,1.0,1.0,1.0,1.0
7316,0.31449676,33.953815,33.964916,1.0,1.0,1.0,1.0
7317,0.31449676,33.97353,33.969757,1.0,1.0,1.0,1.0
7318,0.31467453,34.0,33.974594,1.0,1.0,1.0,1.0
7319,0.31467453,34.0,33.97943,1.0,1.0,1.0,1.0
7320,0.31467453,34.0,33.98427,1.0,1.0,1.0,1.0
7321,0.31467453,34.0,33.98911,1.0,1.0,1.0,1.0
7322,0.31467453,34.0,33.993946,1.0,1.0,1.0,1.0
7323,0.31467453,34.0,33.997795,1.0,1.0,1.0,1.0
7324,0.31467453,34.0,34.0,1.0,1.0,1.0,1.0
7325,0.31602147,34.0,34.0,1.0,1.0,1.0,1.0
7326,0.31602147,34.0,34.0,1.0,1.0,1.0,1.0
7327,0.31602147,34.0,34.0,1.0,1.0,1.0,1.0
7328,0.31941018,34.0,34.0,1.0,1.0,1.0,1.0
7329,0.32473063,34.0,34.0,1.0,1.0,1.0,1.0
7330,0.32473063,34.0,34.0,1.0,1.0,1.0,1.0
7331,0.32473063,34.0,34.0,1.0,1.0,1.0,1.0
7332,0.32473063,34.0,33.99859,1.0,1.0,1.0,1.0
7333,0.32473063,34.0,33.997177,1.0,1.0,1.0,1.0
7334,0.32473063,34.0,33.99577,1.0,1.0,1.0,1.0
7335,0.32478106,34.0,33.994358,1.0,1.0,1.0,1.0
7336,0.32478106,34.0,33.992947,1.0,1.0,1.0,1.0
7337,0.32478106,33.983074,33.991535,1.0,1.0,1.0,1.0
7338,0.32478106,33.983074,33.990128,1.0,1.0,1.0,1.0
7339,0.32478106,33.983074,33.988716,1.0,1.0,1.0,1.0
7340,0.32478106,33.983074,33.987305,1.0,1.0,1.0,1.0
7341,0.32478106,33.983074,33.985893,1.0,1.0,1.0,1.0
7342,0.32478106,33.983074,33.984486,1.0,1.0,1.0,1.0
7343,0.32478106,33.983074,33.983074,1.0,1.0,1.0,1.0
7344,0.32478106,33.983074,33.983074,1.0,1.0,1.0,1.0
7345,0.32478106,33.983074,33.983074,1.0,1.0,1.0,1.0
7346,0.32492575,33.983074,33.983074,1.0,1.0,1.0,1.0
7347,0.32974952,33.983074,33.983074,1.0,1.0,1.0,1.0
7348,0.32974952,33.983074,33.984486,1.0,1.0,1.0,1.0
7349,0.32974952,33.983074,33.985893,1.0,1.0,1.0,1.0
7350,0.32974952,33.983074,33.987305,1.0,1.0,1.0,1.0
7351,0.32974952,33.983074,33.988716,1.0,1.0,1.0,1.0
7352,0.32974952,33.983074,33.98832,1.0,1.0,1.0,1.0
7353,0.32988757,34.0,33.987926,1.0,1.0,1.0,1.0
7354,0.33303073,34.0,33.98753,1.0,1.0,1.0,1.0
7355,0.33832216,34.0,33.987133,1.0,1.0,1.0,1.0
7356,0.33832216,34.0,33.98674,1.0,1.0,1.0,1.0
7357,0.33832216,33.97833,33.986343,1.0,1.0,1.0,1.0
7358,0.33832216,33.97833,33.985947,1.0,1.0,1.0,1.0
7359,0.33832216,33.97833,33.985554,1.0,1.0,1.0,1.0
7360,0.33832216,33.97833,33.983746,1.0,1.0,1.0,1.0
7361,0.33832216,33.97833,33.98194,1.0,1.0,1.0,1.0
7362,0.33832216,33.97833,33.980133,1.0,1.0,1.0,1.0
7363,0.33832216,33.97833,33.97833,1.0,1.0,1.0,1.0
7364,0.33840877,33.97833,33.97833,1.0,1.0,1.0,1.0
7365,0.33840877,33.97833,33.97833,1.0,1.0,1.0,1.0
7366,0.33840877,33.97833,33.97833,1.0,1.0,1.0,1.0
7367,0.33840877,33.97833,33.97833,1.0,1.0,1.0,1.0
7368,0.33840877,33.97833,33.980133,1.0,1.0,1.0,1.0
7369,0.33840877,33.97833,33.98194,1.0,1.0,1.0,1.0
7370,0.3390542,33.97833,33.983467,1.0,1.0,1.0,1.0
7371,0.3390542,33.97833,33.984993,1.0,1.0,1.0,1.0
7372,0.3390542,33.97833,33.985413,1.0,1.0,1.0,1.0
7373,0.34289223,34.0,33.985832,1.0,1.0,1.0,1.0
7374,0.34289223,34.0,33.98244,1.0,1.0,1.0,1.0
7375,0.34289223,33.99665,33.97905,1.0,1.0,1.0,1.0
7376,0.34289223,33.99665,33.975662,1.0,1.0,1.0,1.0
7377,0.34289223,33.983345,33.972275,1.0,1.0,1.0,1.0
7378,0.34289223,33.983345,33.968884,1.0,1.0,1.0,1.0
7379,0.34289223,33.937656,33.965496,1.0,1.0,1.0,1.0
7380,0.34309295,33.937656,33.9603,1.0,1.0,1.0,1.0
7381,0.34309295,33.937656,33.955105,1.0,1.0,1.0,1.0
7382,0.34309295,33.937656,33.950188,1.0,1.0,1.0,1.0
7383,0.34309295,33.937656,33.94527,1.0,1.0,1.0,1.0
7384,0.34309295,33.937656,33.941463,1.0,1.0,1.0,1.0
7385,0.34309295,33.937656,33.937656,1.0,1.0,1.0,1.0
7386,0.34309295,33.937656,33.937935,1.0,1.0,1.0,1.0
7387,0.34309295,33.937656,33.938213,1.0,1.0,1.0,1.0
7388,0.34309295,33.937656,33.9396,1.0,1.0,1.0,1.0
7389,0.34309295,33.937656,33.94099,1.0,1.0,1.0,1.0
7390,0.34309295,33.937656,33.946186,1.0,1.0,1.0,1.0
7391,0.3432422,33.941006,33.95138,1.0,1.0,1.0,1.0
7392,0.3476987,33.941006,33.956577,1.0,1.0,1.0,1.0
7393,0.3476987,33.95431,33.961773,1.0,1.0,1.0,1.0
7394,0.3476987,33.95431,33.96697,1.0,1.0,1.0,1.0
7395,0.3476987,34.0,33.97216,1.0,1.0,1.0,1.0
7396,0.3476987,34.0,33.977356,1.0,1.0,1.0,1.0
7397,0.34792435,34.0,33.98255,1.0,1.0,1.0,1.0
7398,0.34792435,34.0,33.98747,1.0,1.0,1.0,1.0
7399,0.35078427,34.0,33.992386,1.0,1.0,1.0,1.0
7400,0.35078427,34.0,33.996193,1.0,1.0,1.0,1.0
7401,0.35078427,34.0,34.0,1.0,1.0,1.0,1.0
7402,0.35078427,34.0,34.0,1.0,1.0,1.0,1.0
7403,0.35078427,34.0,34.0,1.0,1.0,1.0,1.0
7404,0.35078427,34.0,34.0,1.0,1.0,1.0,1.0
7405,0.35272977,34.0,34.0,1.0,1.0,1.0,1.0
7406,0.3544333,34.0,34.0,1.0,1.0,1.0,1.0
7407,0.3587293,34.0,34.0,1.0,1.0,1.0,1.0
7408,0.36271608,34.0,34.0,1.0,1.0,1.0,1.0
7409,0.36564782,34.0,34.0,1.0,1.0,1.0,1.0
7410,0.36564782,34.0,34.0,1.0,1.0,1.0,1.0
7411,0.36564782,34.0,34.0,1.0,1.0,1.0,1.0
7412,0.36564782,34.0,34.0,1.0,1.0,1.0,1.0
7413,0.36564782,34.0,34.0,1.0,1.0,1.0,1.0
7414,0.36564782,34.0,34.0,1.0,1.0,1.0,1.0
7415,0.36600903,34.0,33.99919,1.0,1.0,1.0,1.0
7416,0.36600903,34.0,33.998383,1.0,1.0,1.0,1.0
7417,0.36600903,34.0,33.997574,1.0,1.0,1.0,1.0
7418,0.36600903,34.0,33.99677,1.0,1.0,1.0,1.0
7419,0.36600903,34.0,33.99596,1.0,1.0,1.0,1.0
7420,0.36600903,33.990303,33.99515,1.0,1.0,1.0,1.0
7421,0.36600903,33.990303,33.994343,1.0,1.0,1.0,1.0
7422,0.36600903,33.990303,33.993534,1.0,1.0,1.0,1.0
7423,0.36600903,33.990303,33.99273,1.0,1.0,1.0,1.0
7424,0.36646342,33.990303,33.98976,1.0,1.0,1.0,1.0
7425,0.37038246,33.990303,33.986794,1.0,1.0,1.0,1.0
7426,0.37038246,33.990303,33.983826,1.0,1.0,1.0,1.0
7427,0.37038246,33.990303,33.981667,1.0,1.0,1.0,1.0
7428,0.37038246,33.990303,33.979507,1.0,1.0,1.0,1.0
7429,0.37038246,33.96439,33.97735,1.0,1.0,1.0,1.0
7430,0.37038246,33.96439,33.975185,1.0,1.0,1.0,1.0
7431,0.37038246,33.96439,33.973835,1.0,1.0,1.0,1.0
7432,0.37038246,33.96439,33.972485,1.0,1.0,1.0,1.0
7433,0.37038246,33.96439,33.971134,1.0,1.0,1.0,1.0
7434,0.37053326,33.96439,33.969784,1.0,1.0,1.0,1.0
7435,0.37053326,33.96439,33.968433,1.0,1.0,1.0,1.0
7436,0.37053326,33.97409,33.96924,1.0,1.0,1.0,1.0
7437,0.37053326,33.97409,33.970047,1.0,1.0,1.0,1.0
7438,0.37053326,33.97409,33.970856,1.0,1.0,1.0,1.0
7439,0.37053326,33.97409,33.971664,1.0,1.0,1.0,1.0
7440,0.37053326,33.97409,33.974632,1.0,1.0,1.0,1.0
7441,0.37053326,33.97409,33.9776,1.0,1.0,1.0,1.0
7442,0.37053326,33.97409,33.980568,1.0,1.0,1.0,1.0
7443,0.3719958,33.97409,33.982727,1.0,1.0,1.0,1.0
7444,0.37655163,33.97409,33.984886,1.0,1.0,1.0,1.0
7445,0.37655163,34.0,33.987045,1.0,1.0,1.0,1.0
7446,0.37655163,34.0,33.989204,1.0,1.0,1.0,1.0
7447,0.37655163,34.0,33.991364,1.0,1.0,1.0,1.0
7448,0.37655163,34.0,33.993523,1.0,1.0,1.0,1.0
7449,0.37655163,34.0,33.99568,1.0,1.0,1.0,1.0
7450,0.37667033,34.0,33.99784,1.0,1.0,1.0,1.0
7451,0.38105342,34.0,34.0,1.0,1.0,1.0,1.0
7452,0.38147372,34.0,34.0,1.0,1.0,1.0,1.0
7453,0.38819,34.0,34.0,1.0,1.0,1.0,1.0
7454,0.38819,34.0,34.0,1.0,1.0,1.0,1.0
7455,0.38819,34.0,34.0,1.0,1.0,1.0,1.0
7456,0.38819,34.0,34.0,1.0,1.0,1.0,1.0
7457,0.38819,34.0,34.0,1.0,1.0,1.0,1.0
7458,0.38819,34.0,34.0,1.0,1.0,1.0,1.0
7459,0.38819,34.0,34.0,1.0,1.0,1.0,1.0
7460,0.38985482,34.0,34.0,1.0,1.0,1.0,1.0
7461,0.38985482,34.0,34.0,1.0,1.0,1.0,1.0
7462,0.38997197,34.0,34.0,1.0,1.0,1.0,1.0
7463,0.38997197,34.0,34.0,1.0,1.0,1.0,1.0
7464,0.38997197,34.0,34.0,1.0,1.0,1.0,1.0
7465,0.38997197,34.0,34.0,1.0,1.0,1.0,1.0
7466,0.38997197,34.0,33.99971,1.0,1.0,1.0,1.0
7467,0.38997197,34.0,33.999416,1.0,1.0,1.0,1.0
7468,0.38997197,34.0,33.99827,1.0,1.0,1.0,1.0
7469,0.38997197,34.0,33.997124,1.0,1.0,1.0,1.0
7470,0.38997197,34.0,33.99131,1.0,1.0,1.0,1.0
7471,0.3913082,33.996502,33.983734,1.0,1.0,1.0,1.0
7472,0.39558434,33.996502,33.976162,1.0,1.0,1.0,1.0
7473,0.39965618,33.986237,33.963707,1.0,1.0,1.0,1.0
7474,0.39965618,33.986237,33.951252,1.0,1.0,1.0,1.0
7475,0.39965618,33.93025,33.938797,1.0,1.0,1.0,1.0
7476,0.39965618,33.9091,33.926342,1.0,1.0,1.0,1.0
7477,0.39965618,33.9091,33.913887,1.0,1.0,1.0,1.0
7478,0.39965618,33.850548,33.901726,1.0,1.0,1.0,1.0
7479,0.39965618,33.850548,33.889565,1.0,1.0,1.0,1.0
7480,0.39965618,33.850548,33.878254,1.0,1.0,1.0,1.0
7481,0.3997545,33.850548,33.866947,1.0,1.0,1.0,1.0
7482,0.3997545,33.850548,33.8606,1.0,1.0,1.0,1.0
7483,0.3997545,33.850548,33.85601,1.0,1.0,1.0,1.0
7484,0.3997545,33.850548,33.85228,1.0,1.0,1.0,1.0
7485,0.3997545,33.850548,33.853424,1.0,1.0,1.0,1.0
7486,0.3997545,33.850548,33.859238,1.0,1.0,1.0,1.0
7487,0.3997545,33.85405,33.866814,1.0,1.0,1.0,1.0
7488,0.3997545,33.85405,33.87439,1.0,1.0,1.0,1.0
7489,0.3997545,33.86431,33.88684,1.0,1.0,1.0,1.0
7490,0.40219975,33.86431,33.899296,1.0,1.0,1.0,1.0
7491,0.40513662,33.9203,33.91175,1.0,1.0,1.0,1.0
7492,0.40513662,33.94145,33.924206,1.0,1.0,1.0,1.0
7493,0.40513662,33.94145,33.93666,1.0,1.0,1.0,1.0
7494,0.40513662,34.0,33.948822,1.0,1.0,1.0,1.0
7495,0.40513662,34.0,33.960228,1.0,1.0,1.0,1.0
7496,0.40513662,34.0,33.970695,1.0,1.0,1.0,1.0
7497,0.4074703,34.0,33.981117,1.0,1.0,1.0,1.0
7498,0.4074703,34.0,33.98687,1.0,1.0,1.0,1.0
7499,0.4074703,34.0,33.990864,1.0,1.0,1.0,1.0
7500,0.4074703,33.990906,33.994858,1.0,1.0,1.0,1.0
7501,0.4074703,33.989952,33.99397,1.0,1.0,1.0,1.0
7502,0.4074703,33.989353,33.99299,1.0,1.0,1.0,1.0
7503,0.4074703,33.989353,33.990128,1.0,1.0,1.0,1.0
7504,0.40760887,33.989353,33.982952,1.0,1.0,1.0,1.0
7505,0.41127214,33.989353,33.975777,1.0,1.0,1.0,1.0
7506,0.41127214,33.989353,33.96826,1.0,1.0,1.0,1.0
7507,0.41127214,33.988224,33.961502,1.0,1.0,1.0,1.0
7508,0.41127214,33.96566,33.954823,1.0,1.0,1.0,1.0
7509,0.41486004,33.9139,33.948196,1.0,1.0,1.0,1.0
7510,0.42162678,33.9139,33.941566,1.0,1.0,1.0,1.0
7511,0.42170623,33.909813,33.935696,1.0,1.0,1.0,1.0
7512,0.4244016,33.909813,33.929905,1.0,1.0,1.0,1.0
7513,0.4244016,33.909813,33.924164,1.0,1.0,1.0,1.0
7514,0.4244016,33.909813,33.918518,1.0,1.0,1.0,1.0
7515,0.4244016,33.909813,33.91475,1.0,1.0,1.0,1.0
7516,0.4244016,33.918907,33.9153,1.0,1.0,1.0,1.0
7517,0.4244016,33.91986,33.915844,1.0,1.0,1.0,1.0
7518,0.4244016,33.92046,33.916824,1.0,1.0,1.0,1.0
7519,0.4244016,33.92046,33.919685,1.0,1.0,1.0,1.0
7520,0.4244016,33.92046,33.92686,1.0,1.0,1.0,1.0
7521,0.4244016,33.92046,33.934036,1.0,1.0,1.0,1.0
7522,0.42451218,33.92046,33.94155,1.0,1.0,1.0,1.0
7523,0.42451218,33.92159,33.94831,1.0,1.0,1.0,1.0
7524,0.42451218,33.944153,33.95499,1.0,1.0,1.0,1.0
7525,0.42451218,33.995914,33.961617,1.0,1.0,1.0,1.0
7526,0.42451218,33.995914,33.968246,1.0,1.0,1.0,1.0
7527,0.42451218,34.0,33.974873,1.0,1.0,1.0,1.0
7528,0.42451218,34.0,33.981503,1.0,1.0,1.0,1.0
7529,0.42451218,34.0,33.988132,1.0,1.0,1.0,1.0
7530,0.42451218,34.0,33.994663,1.0,1.0,1.0,1.0
7531,0.428123,34.0,33.999317,1.0,1.0,1.0,1.0
7532,0.428123,34.0,33.99966,1.0,1.0,1.0,1.0
7533,0.428123,34.0,34.0,1.0,1.0,1.0,1.0
7534,0.428123,34.0,34.0,1.0,1.0,1.0,1.0
7535,0.428123,34.0,34.0,1.0,1.0,1.0,1.0
7536,0.428123,34.0,34.0,1.0,1.0,1.0,1.0
7537,0.428123,34.0,34.0,1.0,1.0,1.0,1.0
7538,0.428123,34.0,34.0,1.0,1.0,1.0,1.0
7539,0.428123,34.0,34.0,1.0,1.0,1.0,1.0
7540,0.42825392,34.0,34.0,1.0,1.0,1.0,1.0
7541,0.42825392,34.0,34.0,1.0,1.0,1.0,1.0
7542,0.42825392,34.0,34.0,1.0,1.0,1.0,1.0
7543,0.42825392,34.0,34.0,1.0,1.0,1.0,1.0
7544,0.42825392,34.0,34.0,1.0,1.0,1.0,1.0
7545,0.42825392,34.0,34.0,1.0,1.0,1.0,1.0
7546,0.42825392,34.0,34.0,1.0,1.0,1.0,1.0
7547,0.42825392,34.0,34.0,1.0,1.0,1.0,1.0
7548,0.42825392,34.0,34.0,1.0,1.0,1.0,1.0
7549,0.4284261,34.0,34.0,1.0,1.0,1.0,1.0
7550,0.4326686,34.0,34.0,1.0,1.0,1.0,1.0
7551,0.43771142,34.0,34.0,1.0,1.0,1.0,1.0
7552,0.43771142,34.0,34.0,1.0,1.0,1.0,1.0
7553,0.43771142,34.0,34.0,1.0,1.0,1.0,1.0
7554,0.43771142,34.0,34.0,1.0,1.0,1.0,1.0
7555,0.43771142,34.0,34.0,1.0,1.0,1.0,1.0
7556,0.43771142,34.0,34.0,1.0,1.0,1.0,1.0
7557,0.4397216,34.0,34.0,1.0,1.0,1.0,1.0
7558,0.445659,34.0,34.0,1.0,1.0,1.0,1.0
7559,0.445659,34.0,34.0,1.0,1.0,1.0,1.0
7560,0.447388,34.0,34.0,1.0,1.0,1.0,1.0
7561,0.45088267,34.0,34.0,1.0,1.0,1.0,1.0
7562,0.45088267,34.0,34.0,1.0,1.0,1.0,1.0
7563,0.45088267,34.0,34.0,1.0,1.0,1.0,1.0
7564,0.45088267,34.0,34.0,1.0,1.0,1.0,1.0
7565,0.45088267,34.0,34.0,1.0,1.0,1.0,1.0
7566,0.45088267,34.0,34.0,1.0,1.0,1.0,1.0
7567,0.45088267,34.0,34.0,1.0,1.0,1.0,1.0
7568,0.45088267,34.0,34.0,1.0,1.0,1.0,1.0
7569,0.45088267,34.0,34.0,1.0,1.0,1.0,1.0
7570,0.45104873,34.0,34.0,1.0,1.0,1.0,1.0
7571,0.45104873,34.0,34.0,1.0,1.0,1.0,1.0
7572,0.45104873,34.0,34.0,1.0,1.0,1.0,1.0
7573,0.45104873,34.0,34.0,1.0,1.0,1.0,1.0
7574,0.45104873,34.0,34.0,1.0,1.0,1.0,1.0
7575,0.45104873,34.0,34.0,1.0,1.0,1.0,1.0
7576,0.45104873,34.0,34.0,1.0,1.0,1.0,1.0
7577,0.45104873,34.0,34.0,1.0,1.0,1.0,1.0
7578,0.45104873,34.0,34.0,1.0,1.0,1.0,1.0
7579,0.45185363,34.0,34.0,1.0,1.0,1.0,1.0
7580,0.4575847,34.0,34.0,1.0,1.0,1.0,1.0
7581,0.4575847,34.0,34.0,1.0,1.0,1.0,1.0
7582,0.4575847,34.0,34.0,1.0,1.0,1.0,1.0
7583,0.4575847,34.0,34.0,1.0,1.0,1.0,1.0
7584,0.4575847,34.0,34.0,1.0,1.0,1.0,1.0
7585,0.4575847,34.0,34.0,1.0,1.0,1.0,1.0
7586,0.4575847,34.0,34.0,1.0,1.0,1.0,1.0
7587,0.4575847,34.0,34.0,1.0,1.0,1.0,1.0
7588,0.4575847,34.0,34.0,1.0,1.0,1.0,1.0
7589,0.4575847,34.0,34.0,1.0,1.0,1.0,1.0
7590,0.4575847,34.0,34.0,1.0,1.0,1.0,1.0
7591,0.4575847,34.0,34.0,1.0,1.0,1.0,1.0
7592,0.4575847,34.0,34.0,1.0,1.0,1.0,1.0
7593,0.4575847,34.0,34.0,1.0,1.0,1.0,1.0
7594,0.4575847,34.0,34.0,1.0,1.0,1.0,1.0
7595,0.4592006,34.0,34.0,1.0,1.0,1.0,1.0
7596,0.4592006,34.0,34.0,1.0,1.0,1.0,1.0
7597,0.4592006,34.0,34.0,1.0,1.0,1.0,1.0
7598,0.46370548,34.0,34.0,1.0,1.0,1.0,1.0
7599,0.46370548,34.0,34.0,1.0,1.0,1.0,1.0
7600,0.46370548,34.0,34.0,1.0,1.0,1.0,1.0
7601,0.46370548,34.0,34.0,1.0,1.0,1.0,1.0
7602,0.46370548,34.0,34.0,1.0,1.0,1.0,1.0
7603,0.46370548,34.0,34.0,1.0,1.0,1.0,1.0
7604,0.46370548,34.0,34.0,1.0,1.0,1.0,1.0
7605,0.46519503,34.0,34.0,1.0,1.0,1.0,1.0
7606,0.46519503,34.0,34.0,1.0,1.0,1.0,1.0
7607,0.46519503,34.0,34.0,1.0,1.0,1.0,1.0
7608,0.46519503,34.0,34.0,1.0,1.0,1.0,1.0
7609,0.46537283,34.0,34.0,1.0,1.0,1.0,1.0
7610,0.46811303,34.0,34.0,1.0,1.0,1.0,1.0
7611,0.47012424,34.0,34.0,1.0,1.0,1.0,1.0
7612,0.47012424,34.0,34.0,1.0,1.0,1.0,1.0
7613,0.47012424,34.0,34.0,1.0,1.0,1.0,1.0
7614,0.47012424,34.0,34.0,1.0,1.0,1.0,1.0
7615,0.47012424,34.0,34.0,1.0,1.0,1.0,1.0
7616,0.47012424,34.0,34.0,1.0,1.0,1.0,1.0
7617,0.47012424,34.0,34.0,1.0,1.0,1.0,1.0
7618,0.47012424,34.0,34.0,1.0,1.0,1.0,1.0
7619,0.47012424,34.0,34.0,1.0,1.0,1.0,1.0
7620,0.47035655,34.0,34.0,1.0,1.0,1.0,1.0
7621,0.47035655,34.0,34.0,1.0,1.0,1.0,1.0
7622,0.47035655,34.0,34.0,1.0,1.0,1.0,1.0
7623,0.47035655,34.0,34.0,1.0,1.0,1.0,1.0
7624,0.47035655,34.0,34.0,1.0,1.0,1.0,1.0
7625,0.47035655,34.0,34.0,1.0,1.0,1.0,1.0
7626,0.47035655,34.0,34.0,1.0,1.0,1.0,1.0
7627,0.47035655,34.0,34.0,1.0,1.0,1.0,1.0
7628,0.47035655,34.0,34.0,1.0,1.0,1.0,1.0
7629,0.47249156,34.0,34.0,1.0,1.0,1.0,1.0
7630,0.47708505,34.0,34.0,1.0,1.0,1.0,1.0
7631,0.48148856,34.0,34.0,1.0,1.0,1.0,1.0
7632,0.48148856,34.0,34.0,1.0,1.0,1.0,1.0
7633,0.48148856,34.0,34.0,1.0,1.0,1.0,1.0
7634,0.48148856,34.0,34.0,1.0,1.0,1.0,1.0
7635,0.48148856,34.0,34.0,1.0,1.0,1.0,1.0
7636,0.48148856,34.0,34.0,1.0,1.0,1.0,1.0
7637,0.48148856,34.0,34.0,1.0,1.0,1.0,1.0
7638,0.48148856,34.0,34.0,1.0,1.0,1.0,1.0
7639,0.48160318,34.0,34.0,1.0,1.0,1.0,1.0
7640,0.48361593,34.0,34.0,1.0,1.0,1.0,1.0
7641,0.48361593,34.0,34.0,1.0,1.0,1.0,1.0
7642,0.48361593,34.0,34.0,1.0,1.0,1.0,1.0
7643,0.48361593,34.0,34.0,1.0,1.0,1.0,1.0
7644,0.48361593,34.0,34.0,1.0,1.0,1.0,1.0
7645,0.48361593,34.0,34.0,1.0,1.0,1.0,1.0
7646,0.48361593,34.0,34.0,1.0,1.0,1.0,1.0
7647,0.48361593,34.0,34.0,1.0,1.0,1.0,1.0
7648,0.4882395,34.0,34.0,1.0,1.0,1.0,1.0
7649,0.4882395,34.0,34.0,1.0,1.0,1.0,1.0
7650,0.48835972,34.0,34.0,1.0,1.0,1.0,1.0
7651,0.48835972,34.0,34.0,1.0,1.0,1.0,1.0
7652,0.48835972,34.0,34.0,1.0,1.0,1.0,1.0
7653,0.48835972,34.0,34.0,1.0,1.0,1.0,1.0
7654,0.48835972,34.0,34.0,1.0,1.0,1.0,1.0
7655,0.49073315,34.0,34.0,1.0,1.0,1.0,1.0
7656,0.49073315,34.0,34.0,1.0,1.0,1.0,1.0
7657,0.49073315,34.0,34.0,1.0,1.0,1.0,1.0
7658,0.49073315,34.0,34.0,1.0,1.0,1.0,1.0
7659,0.49073315,34.0,34.0,1.0,1.0,1.0,1.0
7660,0.49073315,34.0,34.0,1.0,1.0,1.0,1.0
7661,0.49100974,34.0,34.0,1.0,1.0,1.0,1.0
7662,0.49100974,34.0,34.0,1.0,1.0,1.0,1.0
7663,0.49100974,34.0,34.0,1.0,1.0,1.0,1.0
7664,0.49100974,34.0,34.0,1.0,1.0,1.0,1.0
7665,0.49100974,34.0,34.0,1.0,1.0,1.0,1.0
7666,0.49118143,34.0,34.0,1.0,1.0,1.0,1.0
7667,0.4951896,34.0,34.0,1.0,1.0,1.0,1.0
7668,0.49889874,34.0,34.0,1.0,1.0,1.0,1.0
7669,0.49889874,34.0,34.0,1.0,1.0,1.0,1.0
7670,0.49941683,34.0,34.0,1.0,1.0,1.0,1.0
7671,0.49941683,34.0,34.0,1.0,1.0,1.0,1.0
7672,0.49941683,34.0,34.0,1.0,1.0,1.0,1.0
7673,0.49941683,34.0,34.0,1.0,1.0,1.0,1.0
7674,0.49941683,34.0,34.0,1.0,1.0,1.0,1.0
7675,0.49941683,34.0,34.0,1.0,1.0,1.0,1.0
7676,0.49941683,34.0,34.0,1.0,1.0,1.0,1.0
7677,0.49962315,34.0,34.0,1.0,1.0,1.0,1.0
7678,0.49962315,34.0,34.0,1.0,1.0,1.0,1.0
7679,0.49962315,34.0,34.0,1.0,1.0,1.0,1.0
7680,0.49962315,34.0,34.0,1.0,1.0,1.0,1.0
7681,0.49962315,34.0,34.0,1.0,1.0,1.0,1.0
7682,0.49962315,34.0,34.0,1.0,1.0,1.0,1.0
7683,0.49962315,34.0,34.0,1.0,1.0,1.0,1.0
7684,0.49962315,34.0,34.0,1.0,1.0,1.0,1.0
7685,0.50084984,34.0,34.0,1.0,1.0,1.0,1.0
7686,0.50534403,34.0,34.0,1.0,1.0,1.0,1.0
7687,0.50920856,34.0,34.0,1.0,1.0,1.0,1.0
7688,0.50920856,34.0,34.0,1.0,1.0,1.0,1.0
7689,0.50920856,34.0,34.0,1.0,1.0,1.0,1.0
7690,0.50920856,34.0,34.0,1.0,1.0,1.0,1.0
7691,0.50920856,34.0,34.0,1.0,1.0,1.0,1.0
7692,0.5094424,34.0,34.0,1.0,1.0,1.0,1.0
7693,0.5094424,34.0,34.0,1.0,1.0,1.0,1.0
7694,0.5094424,34.0,34.0,1.0,1.0,1.0,1.0
7695,0.5094424,34.0,34.0,1.0,1.0,1.0,1.0
7696,0.5094424,34.0,34.0,1.0,1.0,1.0,1.0
7697,0.5094424,34.0,34.0,1.0,1.0,1.0,1.0
7698,0.5094424,34.0,34.0,1.0,1.0,1.0,1.0
7699,0.5094424,34.0,34.0,1.0,1.0,1.0,1.0
7700,0.51099205,34.0,34.0,1.0,1.0,1.0,1.0
7701,0.51099205,34.0,34.0,1.0,1.0,1.0,1.0
7702,0.51099205,34.0,34.0,1.0,1.0,1.0,1.0
7703,0.51099205,34.0,34.0,1.0,1.0,1.0,1.0
7704,0.5130435,34.0,34.0,1.0,1.0,1.0,1.0
7705,0.51829773,34.0,34.0,1.0,1.0,1.0,1.0
7706,0.51829773,34.0,34.0,1.0,1.0,1.0,1.0
7707,0.5184414,34.0,34.0,1.0,1.0,1.0,1.0
7708,0.52188206,34.0,34.0,1.0,1.0,1.0,1.0
7709,0.52188206,34.0,34.0,1.0,1.0,1.0,1.0
7710,0.52188206,34.0,34.0,1.0,1.0,1.0,1.0
7711,0.52188206,34.0,34.0,1.0,1.0,1.0,1.0
7712,0.52188206,34.0,34.0,1.0,1.0,1.0,1.0
7713,0.52188206,34.0,34.0,1.0,1.0,1.0,1.0
7714,0.52188206,34.0,34.0,1.0,1.0,1.0,1.0
7715,0.52188206,34.0,34.0,1.0,1.0,1.0,1.0
7716,0.52188206,34.0,34.0,1.0,1.0,1.0,1.0
7717,0.52188206,34.0,34.0,1.0,1.0,1.0,1.0
7718,0.5220176,34.0,34.0,1.0,1.0,1.0,1.0
7719,0.5220176,34.0,34.0,1.0,1.0,1.0,1.0
7720,0.5220176,34.0,34.0,1.0,1.0,1.0,1.0
7721,0.5220176,34.0,34.0,1.0,1.0,1.0,1.0
7722,0.5220176,34.0,34.0,1.0,1.0,1.0,1.0
7723,0.5220176,34.0,34.0,1.0,1.0,1.0,1.0
7724,0.5220176,34.0,34.0,1.0,1.0,1.0,1.0
7725,0.5220176,34.0,34.0,1.0,1.0,1.0,1.0
7726,0.5220176,34.0,34.0,1.0,1.0,1.0,1.0
7727,0.5279509,34.0,34.0,1.0,1.0,1.0,1.0
7728,0.5279509,34.0,34.0,1.0,1.0,1.0,1.0
7729,0.5279509,34.0,34.0,1.0,1.0,1.0,1.0
7730,0.5289733,34.0,34.0,1.0,1.0,1.0,1.0
7731,0.5289733,34.0,34.0,1.0,1.0,1.0,1.0
7732,0.5289733,34.0,34.0,1.0,1.0,1.0,1.0
7733,0.5289733,34.0,34.0,1.0,1.0,1.0,1.0
7734,0.5289733,34.0,34.0,1.0,1.0,1.0,1.0
7735,0.5289733,34.0,34.0,1.0,1.0,1.0,1.0
7736,0.5289733,34.0,34.0,1.0,1.0,1.0,1.0
7737,0.5291215,34.0,34.0,1.0,1.0,1.0,1.0
7738,0.5291215,34.0,34.0,1.0,1.0,1.0,1.0
7739,0.5291215,34.0,34.0,1.0,1.0,1.0,1.0
7740,0.5291215,34.0,34.0,1.0,1.0,1.0,1.0
7741,0.5291215,34.0,34.0,1.0,1.0,1.0,1.0
7742,0.5291215,34.0,34.0,1.0,1.0,1.0,1.0
7743,0.5291215,34.0,34.0,1.0,1.0,1.0,1.0
7744,0.5291215,34.0,34.0,1.0,1.0,1.0,1.0
7745,0.52927744,34.0,34.0,1.0,1.0,1.0,1.0
7746,0.533144,34.0,34.0,1.0,1.0,1.0,1.0
7747,0.5376825,34.0,34.0,1.0,1.0,1.0,1.0
7748,0.5376825,34.0,34.0,1.0,1.0,1.0,1.0
7749,0.5376825,34.0,34.0,1.0,1.0,1.0,1.0
7750,0.5376825,34.0,34.0,1.0,1.0,1.0,1.0
7751,0.5376825,34.0,34.0,1.0,1.0,1.0,1.0
7752,0.5376825,34.0,34.0,1.0,1.0,1.0,1.0
7753,0.54110074,34.0,34.0,1.0,1.0,1.0,1.0
7754,0.54110074,34.0,34.0,1.0,1.0,1.0,1.0
7755,0.54110074,34.0,34.0,1.0,1.0,1.0,1.0
7756,0.5413213,34.0,34.0,1.0,1.0,1.0,1.0
7757,0.5413213,34.0,34.0,1.0,1.0,1.0,1.0
7758,0.5413213,34.0,34.0,1.0,1.0,1.0,1.0
7759,0.5413213,34.0,34.0,1.0,1.0,1.0,1.0
7760,0.5413213,34.0,34.0,1.0,1.0,1.0,1.0
7761,0.5413213,34.0,34.0,1.0,1.0,1.0,1.0
7762,0.5413213,34.0,34.0,1.0,1.0,1.0,1.0
7763,0.5413213,34.0,34.0,1.0,1.0,1.0,1.0
7764,0.5421547,34.0,34.0,1.0,1.0,1.0,1.0
7765,0.54802334,34.0,34.0,1.0,1.0,1.0,1.0
7766,0.54802334,34.0,34.0,1.0,1.0,1.0,1.0
7767,0.5482714,34.0,34.0,1.0,1.0,1.0,1.0
7768,0.5482714,34.0,34.0,1.0,1.0,1.0,1.0
7769,0.5482714,34.0,34.0,1.0,1.0,1.0,1.0
7770,0.5482714,34.0,34.0,1.0,1.0,1.0,1.0
7771,0.5482714,34.0,34.0,1.0,1.0,1.0,1.0
7772,0.5482714,34.0,34.0,1.0,1.0,1.0,1.0
7773,0.5482714,34.0,34.0,1.0,1.0,1.0,1.0
7774,0.5482714,34.0,34.0,1.0,1.0,1.0,1.0
7775,0.5511522,34.0,34.0,1.0,1.0,1.0,1.0
7776,0.5511522,34.0,34.0,1.0,1.0,1.0,1.0
7777,0.5511522,34.0,34.0,1.0,1.0,1.0,1.0
7778,0.5511522,34.0,34.0,1.0,1.0,1.0,1.0
7779,0.5511522,34.0,34.0,1.0,1.0,1.0,1.0
7780,0.5511522,34.0,34.0,1.0,1.0,1.0,1.0
7781,0.5511522,34.0,34.0,1.0,1.0,1.0,1.0
7782,0.5511522,34.0,34.0,1.0,1.0,1.0,1.0
7783,0.55294746,34.0,34.0,1.0,1.0,1.0,1.0
7784,0.5572236,34.0,34.0,1.0,1.0,1.0,1.0
7785,0.5572236,34.0,34.0,1.0,1.0,1.0,1.0
7786,0.5572236,34.0,34.0,1.0,1.0,1.0,1.0
7787,0.5572236,34.0,34.0,1.0,1.0,1.0,1.0
7788,0.5572236,34.0,34.0,1.0,1.0,1.0,1.0
7789,0.5574177,34.0,34.0,1.0,1.0,1.0,1.0
7790,0.5574177,34.0,34.0,1.0,1.0,1.0,1.0
7791,0.5574177,34.0,34.0,1.0,1.0,1.0,1.0
7792,0.5574177,34.0,34.0,1.0,1.0,1.0,1.0
7793,0.5574177,34.0,34.0,1.0,1.0,1.0,1.0
7794,0.5574177,34.0,34.0,1.0,1.0,1.0,1.0
7795,0.5574177,34.0,34.0,1.0,1.0,1.0,1.0
7796,0.5574177,34.0,34.0,1.0,1.0,1.0,1.0
7797,0.5574177,34.0,34.0,1.0,1.0,1.0,1.0
7798,0.5603403,34.0,34.0,1.0,1.0,1.0,1.0
7799,0.5605354,34.0,34.0,1.0,1.0,1.0,1.0
7800,0.5605354,34.0,34.0,1.0,1.0,1.0,1.0
7801,0.5605354,34.0,34.0,1.0,1.0,1.0,1.0
7802,0.56399184,34.0,34.0,1.0,1.0,1.0,1.0
7803,0.56399184,34.0,34.0,1.0,1.0,1.0,1.0
7804,0.56399184,34.0,34.0,1.0,1.0,1.0,1.0
7805,0.5657025,34.0,34.0,1.0,1.0,1.0,1.0
7806,0.5682471,34.0,34.0,1.0,1.0,1.0,1.0
7807,0.5682471,34.0,34.0,1.0,1.0,1.0,1.0
7808,0.5682471,34.0,34.0,1.0,1.0,1.0,1.0
7809,0.5682471,34.0,34.0,1.0,1.0,1.0,1.0
7810,0.5682471,34.0,34.0,1.0,1.0,1.0,1.0
7811,0.5682471,34.0,34.0,1.0,1.0,1.0,1.0
7812,0.5682471,34.0,34.0,1.0,1.0,1.0,1.0
7813,0.5682471,34.0,34.0,1.0,1.0,1.0,1.0
7814,0.5682471,34.0,34.0,1.0,1.0,1.0,1.0
7815,0.5684631,34.0,34.0,1.0,1.0,1.0,1.0
7816,0.5684631,34.0,34.0,1.0,1.0,1.0,1.0
7817,0.5684631,34.0,34.0,1.0,1.0,1.0,1.0
7818,0.5684631,34.0,34.0,1.0,1.0,1.0,1.0
7819,0.5684631,34.0,34.0,1.0,1.0,1.0,1.0
7820,0.5701549,34.0,34.0,1.0,1.0,1.0,1.0
7821,0.5701549,34.0,34.0,1.0,1.0,1.0,1.0
7822,0.5701549,34.0,34.0,1.0,1.0,1.0,1.0
7823,0.5701549,34.0,34.0,1.0,1.0,1.0,1.0
7824,0.57073665,34.0,34.0,1.0,1.0,1.0,1.0
7825,0.57489663,34.0,34.0,1.0,1.0,1.0,1.0
7826,0.57903063,34.0,34.0,1.0,1.0,1.0,1.0
7827,0.5860857,34.0,34.0,1.0,1.0,1.0,1.0
7828,0.5860857,34.0,34.0,1.0,1.0,1.0,1.0
7829,0.5860857,34.0,34.0,1.0,1.0,1.0,1.0
7830,0.5860857,34.0,34.0,1.0,1.0,1.0,1.0
7831,0.5860857,34.0,34.0,1.0,1.0,1.0,1.0
7832,0.5860857,34.0,34.0,1.0,1.0,1.0,1.0
7833,0.5860857,34.0,34.0,1.0,1.0,1.0,1.0
7834,0.5860857,34.0,34.0,1.0,1.0,1.0,1.0
7835,0.5860857,34.0,34.0,1.0,1.0,1.0,1.0
7836,0.5861825,34.0,34.0,1.0,1.0,1.0,1.0
7837,0.5861825,34.0,34.0,1.0,1.0,1.0,1.0
7838,0.5861825,34.0,34.0,1.0,1.0,1.0,1.0
7839,0.5861825,34.0,34.0,1.0,1.0,1.0,1.0
7840,0.5861825,34.0,34.0,1.0,1.0,1.0,1.0
7841,0.5861825,34.0,34.0,1.0,1.0,1.0,1.0
7842,0.5861825,34.0,34.0,1.0,1.0,1.0,1.0
7843,0.587506,34.0,34.0,1.0,1.0,1.0,1.0
7844,0.59241027,34.0,34.0,1.0,1.0,1.0,1.0
7845,0.59241027,34.0,34.0,1.0,1.0,1.0,1.0
7846,0.59241027,34.0,34.0,1.0,1.0,1.0,1.0
7847,0.59241027,34.0,34.0,1.0,1.0,1.0,1.0
7848,0.59241027,34.0,34.0,1.0,1.0,1.0,1.0
7849,0.59241027,34.0,34.0,1.0,1.0,1.0,1.0
7850,0.5924867,34.0,34.0,1.0,1.0,1.0,1.0
7851,0.5957292,34.0,34.0,1.0,1.0,1.0,1.0
7852,0.5957292,34.0,34.0,1.0,1.0,1.0,1.0
7853,0.5958428,34.0,34.0,1.0,1.0,1.0,1.0
7854,0.5958428,34.0,34.0,1.0,1.0,1.0,1.0
7855,0.5958428,34.0,34.0,1.0,1.0,1.0,1.0
7856,0.5958428,34.0,34.0,1.0,1.0,1.0,1.0
7857,0.5958428,34.0,34.0,1.0,1.0,1.0,1.0
7858,0.5958428,34.0,34.0,1.0,1.0,1.0,1.0
7859,0.5958428,34.0,34.0,1.0,1.0,1.0,1.0
7860,0.5958428,34.0,34.0,1.0,1.0,1.0,1.0
7861,0.5958428,34.0,34.0,1.0,1.0,1.0,1.0
7862,0.59876996,34.0,34.0,1.0,1.0,1.0,1.0
7863,0.60260594,34.0,34.0,1.0,1.0,1.0,1.0
7864,0.60260594,34.0,34.0,1.0,1.0,1.0,1.0
7865,0.60412145,34.0,34.0,1.0,1.0,1.0,1.0
7866,0.60412145,34.0,34.0,1.0,1.0,1.0,1.0
7867,0.60412145,34.0,34.0,1.0,1.0,1.0,1.0
7868,0.60412145,34.0,34.0,1.0,1.0,1.0,1.0
7869,0.60412145,34.0,34.0,1.0,1.0,1.0,1.0
7870,0.60412145,34.0,34.0,1.0,1.0,1.0,1.0
7871,0.60418516,34.0,34.0,1.0,1.0,1.0,1.0
7872,0.60418516,34.0,34.0,1.0,1.0,1.0,1.0
7873,0.60418516,34.0,34.0,1.0,1.0,1.0,1.0
7874,0.60418516,34.0,34.0,1.0,1.0,1.0,1.0
7875,0.60418516,34.0,34.0,1.0,1.0,1.0,1.0
7876,0.60418516,34.0,34.0,1.0,1.0,1.0,1.0
7877,0.60418516,34.0,34.0,1.0,1.0,1.0,1.0
7878,0.60418516,34.0,34.0,1.0,1.0,1.0,1.0
7879,0.60418516,34.0,34.0,1.0,1.0,1.0,1.0
7880,0.6043258,34.0,34.0,1.0,1.0,1.0,1.0
7881,0.60833746,34.0,34.0,1.0,1.0,1.0,1.0
7882,0.60833746,34.0,34.0,1.0,1.0,1.0,1.0
7883,0.60833746,34.0,34.0,1.0,1.0,1.0,1.0
7884,0.60833746,34.0,34.0,1.0,1.0,1.0,1.0
7885,0.60833746,34.0,34.0,1.0,1.0,1.0,1.0
7886,0.60833746,34.0,34.0,1.0,1.0,1.0,1.0
7887,0.60833746,34.0,34.0,1.0,1.0,1.0,1.0
7888,0.60833746,34.0,34.0,1.0,1.0,1.0,1.0
7889,0.60833746,34.0,34.0,1.0,1.0,1.0,1.0
7890,0.60840476,34.0,34.0,1.0,1.0,1.0,1.0
7891,0.60840476,34.0,34.0,1.0,1.0,1.0,1.0
7892,0.60840476,34.0,34.0,1.0,1.0,1.0,1.0
7893,0.60840476,34.0,34.0,1.0,1.0,1.0,1.0
7894,0.60840476,34.0,34.0,1.0,1.0,1.0,1.0
7895,0.60985917,34.0,34.0,1.0,1.0,1.0,1.0
7896,0.60985917,34.0,34.0,1.0,1.0,1.0,1.0
7897,0.60985917,34.0,34.0,1.0,1.0,1.0,1.0
7898,0.60985917,34.0,34.0,1.0,1.0,1.0,1.0
7899,0.61050105,34.0,34.0,1.0,1.0,1.0,1.0
7900,0.61511034,34.0,34.0,1.0,1.0,1.0,1.0
7901,0.61511034,34.0,34.0,1.0,1.0,1.0,1.0
7902,0.61520255,34.0,34.0,1.0,1.0,1.0,1.0
7903,0.6199336,34.0,34.0,1.0,1.0,1.0,1.0
7904,0.6199336,34.0,34.0,1.0,1.0,1.0,1.0
7905,0.6199336,34.0,34.0,1.0,1.0,1.0,1.0
7906,0.6199336,34.0,34.0,1.0,1.0,1.0,1.0
7907,0.6199336,34.0,34.0,1.0,1.0,1.0,1.0
7908,0.6199336,34.0,34.0,1.0,1.0,1.0,1.0
7909,0.6199336,34.0,34.0,1.0,1.0,1.0,1.0
7910,0.62042314,34.0,34.0,1.0,1.0,1.0,1.0
7911,0.62042314,34.0,34.0,1.0,1.0,1.0,1.0
7912,0.62042314,34.0,34.0,1.0,1.0,1.0,1.0
7913,0.6205556,34.0,34.0,1.0,1.0,1.0,1.0
7914,0.6205556,34.0,34.0,1.0,1.0,1.0,1.0
7915,0.6205556,34.0,34.0,1.0,1.0,1.0,1.0
7916,0.6205556,34.0,34.0,1.0,1.0,1.0,1.0
7917,0.6205556,34.0,34.0,1.0,1.0,1.0,1.0
7918,0.6205556,34.0,34.0,1.0,1.0,1.0,1.0
7919,0.6205556,34.0,34.0,1.0,1.0,1.0,1.0
7920,0.6205556,34.0,34.0,1.0,1.0,1.0,1.0
7921,0.6205556,34.0,34.0,1.0,1.0,1.0,1.0
7922,0.6268542,34.0,34.0,1.0,1.0,1.0,1.0
7923,0.6268542,34.0,34.0,1.0,1.0,1.0,1.0
7924,0.6268542,34.0,34.0,1.0,1.0,1.0,1.0
7925,0.6268542,34.0,34.0,1.0,1.0,1.0,1.0
7926,0.6268542,34.0,34.0,1.0,1.0,1.0,1.0
7927,0.6268542,34.0,34.0,1.0,1.0,1.0,1.0
7928,0.6268542,34.0,34.0,1.0,1.0,1.0,1.0
7929,0.6268542,34.0,34.0,1.0,1.0,1.0,1.0
7930,0.6268542,34.0,34.0,1.0,1.0,1.0,1.0
7931,0.62692803,34.0,34.0,1.0,1.0,1.0,1.0
7932,0.62692803,34.0,34.0,1.0,1.0,1.0,1.0
7933,0.62692803,34.0,34.0,1.0,1.0,1.0,1.0
7934,0.62692803,34.0,34.0,1.0,1.0,1.0,1.0
7935,0.62692803,34.0,34.0,1.0,1.0,1.0,1.0
7936,0.62692803,34.0,34.0,1.0,1.0,1.0,1.0
7937,0.62692803,34.0,34.0,1.0,1.0,1.0,1.0
7938,0.62692803,34.0,34.0,1.0,1.0,1.0,1.0
7939,0.62692803,34.0,34.0,1.0,1.0,1.0,1.0
7940,0.62705386,34.0,34.0,1.0,1.0,1.0,1.0
7941,0.6315129,34.0,34.0,1.0,1.0,1.0,1.0
7942,0.6315129,34.0,34.0,1.0,1.0,1.0,1.0
7943,0.6315129,34.0,34.0,1.0,1.0,1.0,1.0
7944,0.6315129,34.0,34.0,1.0,1.0,1.0,1.0
7945,0.6315129,34.0,34.0,1.0,1.0,1.0,1.0
7946,0.6315129,34.0,34.0,1.0,1.0,1.0,1.0
7947,0.6315129,34.0,34.0,1.0,1.0,1.0,1.0
7948,0.63351494,34.0,34.0,1.0,1.0,1.0,1.0
7949,0.6340534,34.0,34.0,1.0,1.0,1.0,1.0
7950,0.63555723,34.0,34.0,1.0,1.0,1.0,1.0
7951,0.6394523,34.0,34.0,1.0,1.0,1.0,1.0
7952,0.6394523,34.0,34.0,1.0,1.0,1.0,1.0
7953,0.6394523,34.0,34.0,1.0,1.0,1.0,1.0
7954,0.6394523,34.0,34.0,1.0,1.0,1.0,1.0
7955,0.6402745,34.0,34.0,1.0,1.0,1.0,1.0
7956,0.6402745,34.0,34.0,1.0,1.0,1.0,1.0
7957,0.6402745,34.0,34.0,1.0,1.0,1.0,1.0
7958,0.6402745,34.0,34.0,1.0,1.0,1.0,1.0
7959,0.64050376,34.0,34.0,1.0,1.0,1.0,1.0
7960,0.64050376,34.0,34.0,1.0,1.0,1.0,1.0
7961,0.64050376,34.0,34.0,1.0,1.0,1.0,1.0
7962,0.64050376,34.0,34.0,1.0,1.0,1.0,1.0
7963,0.64050376,34.0,34.0,1.0,1.0,1.0,1.0
7964,0.64050376,34.0,34.0,1.0,1.0,1.0,1.0
7965,0.64050376,34.0,34.0,1.0,1.0,1.0,1.0
7966,0.64050376,34.0,34.0,1.0,1.0,1.0,1.0
7967,0.64050376,34.0,34.0,1.0,1.0,1.0,1.0
7968,0.64050376,34.0,34.0,1.0,1.0,1.0,1.0
7969,0.6435063,34.0,34.0,1.0,1.0,1.0,1.0
7970,0.6491849,34.0,34.0,1.0,1.0,1.0,1.0
7971,0.6491849,34.0,34.0,1.0,1.0,1.0,1.0
7972,0.6491849,34.0,34.0,1.0,1.0,1.0,1.0
7973,0.6491849,34.0,34.0,1.0,1.0,1.0,1.0
7974,0.6491849,34.0,34.0,1.0,1.0,1.0,1.0
7975,0.6491849,34.0,34.0,1.0,1.0,1.0,1.0
7976,0.6491849,34.0,34.0,1.0,1.0,1.0,1.0
7977,0.6491849,34.0,34.0,1.0,1.0,1.0,1.0
7978,0.64931023,34.0,34.0,1.0,1.0,1.0,1.0
7979,0.64931023,34.0,34.0,1.0,1.0,1.0,1.0
7980,0.64931023,34.0,34.0,1.0,1.0,1.0,1.0
7981,0.64931023,34.0,34.0,1.0,1.0,1.0,1.0
7982,0.64931023,34.0,34.0,1.0,1.0,1.0,1.0
7983,0.64931023,34.0,34.0,1.0,1.0,1.0,1.0
7984,0.64931023,34.0,34.0,1.0,1.0,1.0,1.0
7985,0.64931023,34.0,34.0,1.0,1.0,1.0,1.0
7986,0.64931023,34.0,34.0,1.0,1.0,1.0,1.0
7987,0.6494569,34.0,34.0,1.0,1.0,1.0,1.0
7988,0.65515894,34.0,34.0,1.0,1.0,1.0,1.0
7989,0.65515894,34.0,34.0,1.0,1.0,1.0,1.0
7990,0.65515894,34.0,34.0,1.0,1.0,1.0,1.0
7991,0.65515894,34.0,34.0,1.0,1.0,1.0,1.0
7992,0.65515894,34.0,34.0,1.0,1.0,1.0,1.0
7993,0.65515894,34.0,34.0,1.0,1.0,1.0,1.0
7994,0.65515894,34.0,34.0,1.0,1.0,1.0,1.0
7995,0.65699035,34.0,34.0,1.0,1.0,1.0,1.0
7996,0.65699035,34.0,34.0,1.0,1.0,1.0,1.0
7997,0.6571544,34.0,34.0,1.0,1.0,1.0,1.0
7998,0.6571544,34.0,34.0,1.0,1.0,1.0,1.0
7999,0.6571544,34.0,34.0,1.0,1.0,1.0,1.0
8000,0.65997,34.0,34.0,1.0,1.0,1.0,1.0
8001,0.65997,34.0,34.0,1.0,1.0,1.0,1.0
8002,0.65997,34.0,34.0,1.0,1.0,1.0,1.0
8003,0.65997,34.0,34.0,1.0,1.0,1.0,1.0
8004,0.65997,34.0,34.0,1.0,1.0,1.0,1.0
8005,0.65997,34.0,34.0,1.0,1.0,1.0,1.0
8006,0.66119516,34.0,34.0,1.0,1.0,1.0,1.0
8007,0.66626805,34.0,34.0,1.0,1.0,1.0,1.0
8008,0.66626805,34.0,34.0,1.0,1.0,1.0,1.0
8009,0.6668518,34.0,34.0,1.0,1.0,1.0,1.0
8010,0.66706735,34.0,34.0,1.0,1.0,1.0,1.0
8011,0.66706735,34.0,34.0,1.0,1.0,1.0,1.0
8012,0.66706735,34.0,34.0,1.0,1.0,1.0,1.0
8013,0.66706735,34.0,34.0,1.0,1.0,1.0,1.0
8014,0.66706735,34.0,34.0,1.0,1.0,1.0,1.0
8015,0.66706735,34.0,34.0,1.0,1.0,1.0,1.0
8016,0.66706735,34.0,34.0,1.0,1.0,1.0,1.0
8017,0.66706735,34.0,34.0,1.0,1.0,1.0,1.0
8018,0.66706735,34.0,34.0,1.0,1.0,1.0,1.0
8019,0.66706735,34.0,34.0,1.0,1.0,1.0,1.0
8020,0.66706735,34.0,34.0,1.0,1.0,1.0,1.0
8021,0.66706735,34.0,34.0,1.0,1.0,1.0,1.0
8022,0.66706735,34.0,34.0,1.0,1.0,1.0,1.0
8023,0.66706735,34.0,34.0,1.0,1.0,1.0,1.0
8024,0.66706735,34.0,34.0,1.0,1.0,1.0,1.0
8025,0.672238,34.0,34.0,1.0,1.0,1.0,1.0
8026,0.672238,34.0,34.0,1.0,1.0,1.0,1.0
8027,0.672238,34.0,34.0,1.0,1.0,1.0,1.0
8028,0.672238,34.0,34.0,1.0,1.0,1.0,1.0
8029,0.672238,34.0,34.0,1.0,1.0,1.0,1.0
8030,0.672238,34.0,34.0,1.0,1.0,1.0,1.0
8031,0.672238,34.0,34.0,1.0,1.0,1.0,1.0
8032,0.672238,34.0,34.0,1.0,1.0,1.0,1.0
8033,0.672238,34.0,34.0,1.0,1.0,1.0,1.0
8034,0.672238,34.0,34.0,1.0,1.0,1.0,1.0
8035,0.67237914,34.0,34.0,1.0,1.0,1.0,1.0
8036,0.67237914,34.0,34.0,1.0,1.0,1.0,1.0
8037,0.67237914,34.0,34.0,1.0,1.0,1.0,1.0
8038,0.67237914,34.0,34.0,1.0,1.0,1.0,1.0
8039,0.67237914,34.0,34.0,1.0,1.0,1.0,1.0
8040,0.6743679,34.0,34.0,1.0,1.0,1.0,1.0
8041,0.6743679,34.0,34.0,1.0,1.0,1.0,1.0
8042,0.6743679,34.0,34.0,1.0,1.0,1.0,1.0
8043,0.6743679,34.0,34.0,1.0,1.0,1.0,1.0
8044,0.6775019,34.0,34.0,1.0,1.0,1.0,1.0
8045,0.68169045,34.0,34.0,1.0,1.0,1.0,1.0
8046,0.6848942,34.0,34.0,1.0,1.0,1.0,1.0
8047,0.68661404,34.0,34.0,1.0,1.0,1.0,1.0
8048,0.68661404,34.0,34.0,1.0,1.0,1.0,1.0
8049,0.68661404,34.0,34.0,1.0,1.0,1.0,1.0
8050,0.68661404,34.0,34.0,1.0,1.0,1.0,1.0
8051,0.68661404,34.0,34.0,1.0,1.0,1.0,1.0
8052,0.68661404,34.0,34.0,1.0,1.0,1.0,1.0
8053,0.68661404,34.0,34.0,1.0,1.0,1.0,1.0
8054,0.68661404,34.0,34.0,1.0,1.0,1.0,1.0
8055,0.68661404,34.0,34.0,1.0,1.0,1.0,1.0
8056,0.68661404,34.0,34.0,1.0,1.0,1.0,1.0
8057,0.6867312,34.0,34.0,1.0,1.0,1.0,1.0
8058,0.6867312,34.0,34.0,1.0,1.0,1.0,1.0
8059,0.6867312,34.0,34.0,1.0,1.0,1.0,1.0
8060,0.6867312,34.0,34.0,1.0,1.0,1.0,1.0
8061,0.6867312,34.0,34.0,1.0,1.0,1.0,1.0
8062,0.6867312,34.0,34.0,1.0,1.0,1.0,1.0
8063,0.6867312,34.0,34.0,1.0,1.0,1.0,1.0
8064,0.6867312,34.0,34.0,1.0,1.0,1.0,1.0
8065,0.6867312,34.0,34.0,1.0,1.0,1.0,1.0
8066,0.6880904,34.0,34.0,1.0,1.0,1.0,1.0
8067,0.6941821,34.0,34.0,1.0,1.0,1.0,1.0
8068,0.6941821,34.0,34.0,1.0,1.0,1.0,1.0
8069,0.6941821,34.0,34.0,1.0,1.0,1.0,1.0
8070,0.6941821,34.0,34.0,1.0,1.0,1.0,1.0
8071,0.6941821,34.0,34.0,1.0,1.0,1.0,1.0
8072,0.6941821,34.0,34.0,1.0,1.0,1.0,1.0
8073,0.6941821,34.0,34.0,1.0,1.0,1.0,1.0
8074,0.6941821,34.0,34.0,1.0,1.0,1.0,1.0
8075,0.6941821,34.0,34.0,1.0,1.0,1.0,1.0
8076,0.6941821,34.0,34.0,1.0,1.0,1.0,1.0
8077,0.6943125,34.0,34.0,1.0,1.0,1.0,1.0
8078,0.6943125,34.0,34.0,1.0,1.0,1.0,1.0
8079,0.6943125,34.0,34.0,1.0,1.0,1.0,1.0
8080,0.6943125,34.0,34.0,1.0,1.0,1.0,1.0
8081,0.6943125,34.0,34.0,1.0,1.0,1.0,1.0
8082,0.6943125,34.0,34.0,1.0,1.0,1.0,1.0
8083,0.6943125,34.0,34.0,1.0,1.0,1.0,1.0
8084,0.6943125,34.0,34.0,1.0,1.0,1.0,1.0
8085,0.70010114,34.0,34.0,1.0,1.0,1.0,1.0
8086,0.70010114,34.0,34.0,1.0,1.0,1.0,1.0
8087,0.70010114,34.0,34.0,1.0,1.0,1.0,1.0
8088,0.70010114,34.0,34.0,1.0,1.0,1.0,1.0
8089,0.70010114,34.0,34.0,1.0,1.0,1.0,1.0
8090,0.70196414,34.0,34.0,1.0,1.0,1.0,1.0
8091,0.70196414,34.0,34.0,1.0,1.0,1.0,1.0
8092,0.7034226,34.0,34.0,1.0,1.0,1.0,1.0
8093,0.7034226,34.0,34.0,1.0,1.0,1.0,1.0
8094,0.7034226,34.0,34.0,1.0,1.0,1.0,1.0
8095,0.70351434,34.0,34.0,1.0,1.0,1.0,1.0
8096,0.70351434,34.0,34.0,1.0,1.0,1.0,1.0
8097,0.70351434,34.0,34.0,1.0,1.0,1.0,1.0
8098,0.70351434,34.0,34.0,1.0,1.0,1.0,1.0
8099,0.70351434,34.0,34.0,1.0,1.0,1.0,1.0
8100,0.70351434,34.0,34.0,1.0,1.0,1.0,1.0
8101,0.70351434,34.0,34.0,1.0,1.0,1.0,1.0
8102,0.70351434,34.0,34.0,1.0,1.0,1.0,1.0
8103,0.70369005,34.0,34.0,1.0,1.0,1.0,1.0
8104,0.7074191,34.0,34.0,1.0,1.0,1.0,1.0
8105,0.7123753,34.0,34.0,1.0,1.0,1.0,1.0
8106,0.7123753,34.0,34.0,1.0,1.0,1.0,1.0
8107,0.7125485,34.0,34.0,1.0,1.0,1.0,1.0
8108,0.7125485,34.0,34.0,1.0,1.0,1.0,1.0
8109,0.7125485,34.0,34.0,1.0,1.0,1.0,1.0
8110,0.7125485,34.0,34.0,1.0,1.0,1.0,1.0
8111,0.7125485,34.0,34.0,1.0,1.0,1.0,1.0
8112,0.7125485,34.0,34.0,1.0,1.0,1.0,1.0
8113,0.71261525,34.0,34.0,1.0,1.0,1.0,1.0
8114,0.71261525,34.0,34.0,1.0,1.0,1.0,1.0
8115,0.71261525,34.0,34.0,1.0,1.0,1.0,1.0
8116,0.71261525,34.0,34.0,1.0,1.0,1.0,1.0
8117,0.71261525,34.0,34.0,1.0,1.0,1.0,1.0
8118,0.71261525,34.0,34.0,1.0,1.0,1.0,1.0
8119,0.71261525,34.0,34.0,1.0,1.0,1.0,1.0
8120,0.71261525,34.0,34.0,1.0,1.0,1.0,1.0
8121,0.71261525,34.0,34.0,1.0,1.0,1.0,1.0
8122,0.7131496,34.0,34.0,1.0,1.0,1.0,1.0
8123,0.7176657,34.0,34.0,1.0,1.0,1.0,1.0
8124,0.72228265,34.0,34.0,1.0,1.0,1.0,1.0
8125,0.72228265,34.0,34.0,1.0,1.0,1.0,1.0
8126,0.72228265,34.0,34.0,1.0,1.0,1.0,1.0
8127,0.72228265,34.0,34.0,1.0,1.0,1.0,1.0
8128,0.72228265,34.0,34.0,1.0,1.0,1.0,1.0
8129,0.72228265,34.0,34.0,1.0,1.0,1.0,1.0
8130,0.72228265,34.0,34.0,1.0,1.0,1.0,1.0
8131,0.72228265,34.0,34.0,1.0,1.0,1.0,1.0
8132,0.72228265,34.0,34.0,1.0,1.0,1.0,1.0
8133,0.72228265,34.0,34.0,1.0,1.0,1.0,1.0
8134,0.72252053,34.0,34.0,1.0,1.0,1.0,1.0
8135,0.72296476,34.0,34.0,1.0,1.0,1.0,1.0
8136,0.72712576,34.0,34.0,1.0,1.0,1.0,1.0
8137,0.7288675,34.0,34.0,1.0,1.0,1.0,1.0
8138,0.7288675,34.0,34.0,1.0,1.0,1.0,1.0
8139,0.7288675,34.0,34.0,1.0,1.0,1.0,1.0
8140,0.7288675,34.0,34.0,1.0,1.0,1.0,1.0
8141,0.73272234,34.0,34.0,1.0,1.0,1.0,1.0
8142,0.73272234,34.0,34.0,1.0,1.0,1.0,1.0
8143,0.73272234,34.0,34.0,1.0,1.0,1.0,1.0
8144,0.73272234,34.0,34.0,1.0,1.0,1.0,1.0
8145,0.73283386,34.0,34.0,1.0,1.0,1.0,1.0
8146,0.73283386,34.0,34.0,1.0,1.0,1.0,1.0
8147,0.73283386,34.0,34.0,1.0,1.0,1.0,1.0
8148,0.73283386,34.0,34.0,1.0,1.0,1.0,1.0
8149,0.73283386,34.0,34.0,1.0,1.0,1.0,1.0
8150,0.73283386,34.0,34.0,1.0,1.0,1.0,1.0
8151,0.73283386,34.0,34.0,1.0,1.0,1.0,1.0
8152,0.73283386,34.0,34.0,1.0,1.0,1.0,1.0
8153,0.73283386,34.0,34.0,1.0,1.0,1.0,1.0
8154,0.73283386,34.0,34.0,1.0,1.0,1.0,1.0
8155,0.73358834,34.0,34.0,1.0,1.0,1.0,1.0
8156,0.73918337,34.0,34.0,1.0,1.0,1.0,1.0
8157,0.73918337,34.0,34.0,1.0,1.0,1.0,1.0
8158,0.73918337,34.0,34.0,1.0,1.0,1.0,1.0
8159,0.73918337,34.0,34.0,1.0,1.0,1.0,1.0
8160,0.73918337,34.0,34.0,1.0,1.0,1.0,1.0
8161,0.73918337,34.0,34.0,1.0,1.0,1.0,1.0
8162,0.73918337,34.0,34.0,1.0,1.0,1.0,1.0
8163,0.73918337,34.0,34.0,1.0,1.0,1.0,1.0
8164,0.73918337,34.0,34.0,1.0,1.0,1.0,1.0
8165,0.7393495,34.0,34.0,1.0,1.0,1.0,1.0
8166,0.7393495,34.0,34.0,1.0,1.0,1.0,1.0
8167,0.7393495,34.0,34.0,1.0,1.0,1.0,1.0
8168,0.7393495,34.0,34.0,1.0,1.0,1.0,1.0
8169,0.7393495,34.0,34.0,1.0,1.0,1.0,1.0
8170,0.7393495,34.0,34.0,1.0,1.0,1.0,1.0
8171,0.7393495,34.0,34.0,1.0,1.0,1.0,1.0
8172,0.7393495,34.0,34.0,1.0,1.0,1.0,1.0
8173,0.7393495,34.0,34.0,1.0,1.0,1.0,1.0
8174,0.7408207,34.0,34.0,1.0,1.0,1.0,1.0
8175,0.7448161,34.0,34.0,1.0,1.0,1.0,1.0
8176,0.7448161,34.0,34.0,1.0,1.0,1.0,1.0
8177,0.7448161,34.0,34.0,1.0,1.0,1.0,1.0
8178,0.7448161,34.0,34.0,1.0,1.0,1.0,1.0
8179,0.7448161,34.0,34.0,1.0,1.0,1.0,1.0
8180,0.7471768,34.0,34.0,1.0,1.0,1.0,1.0
8181,0.7471768,34.0,34.0,1.0,1.0,1.0,1.0
8182,0.7471768,34.0,34.0,1.0,1.0,1.0,1.0
8183,0.7471768,34.0,34.0,1.0,1.0,1.0,1.0
8184,0.7471768,34.0,34.0,1.0,1.0,1.0,1.0
8185,0.7471768,34.0,34.0,1.0,1.0,1.0,1.0
8186,0.7471768,34.0,34.0,1.0,1.0,1.0,1.0
8187,0.7471768,34.0,34.0,1.0,1.0,1.0,1.0
8188,0.7471768,34.0,34.0,1.0,1.0,1.0,1.0
8189,0.7471768,34.0,34.0,1.0,1.0,1.0,1.0
8190,0.7474285,34.0,34.0,1.0,1.0,1.0,1.0
8191,0.7474285,34.0,34.0,1.0,1.0,1.0,1.0
8192,0.7474285,34.0,34.0,1.0,1.0,1.0,1.0
8193,0.7502125,34.0,34.0,1.0,1.0,1.0,1.0
8194,0.756724,34.0,34.0,1.0,1.0,1.0,1.0
8195,0.756724,34.0,34.0,1.0,1.0,1.0,1.0
8196,0.756724,34.0,34.0,1.0,1.0,1.0,1.0
8197,0.756724,34.0,34.0,1.0,1.0,1.0,1.0
8198,0.756724,34.0,34.0,1.0,1.0,1.0,1.0
8199,0.756724,34.0,34.0,1.0,1.0,1.0,1.0
8200,0.7587979,34.0,34.0,1.0,1.0,1.0,1.0
8201,0.7587979,34.0,34.0,1.0,1.0,1.0,1.0
8202,0.7587979,34.0,34.0,1.0,1.0,1.0,1.0
8203,0.7589319,34.0,34.0,1.0,1.0,1.0,1.0
8204,0.7589319,34.0,34.0,1.0,1.0,1.0,1.0
8205,0.7589319,34.0,34.0,1.0,1.0,1.0,1.0
8206,0.7589319,34.0,34.0,1.0,1.0,1.0,1.0
8207,0.7589319,34.0,34.0,1.0,1.0,1.0,1.0
8208,0.7589319,34.0,34.0,1.0,1.0,1.0,1.0
8209,0.7589319,34.0,34.0,1.0,1.0,1.0,1.0
8210,0.7589319,34.0,34.0,1.0,1.0,1.0,1.0
8211,0.7590791,34.0,34.0,1.0,1.0,1.0,1.0
8212,0.7624286,34.0,34.0,1.0,1.0,1.0,1.0
8213,0.7624286,34.0,34.0,1.0,1.0,1.0,1.0
8214,0.7624286,34.0,34.0,1.0,1.0,1.0,1.0
8215,0.7629619,34.0,34.0,1.0,1.0,1.0,1.0
8216,0.7629619,34.0,34.0,1.0,1.0,1.0,1.0
8217,0.7629619,34.0,34.0,1.0,1.0,1.0,1.0
8218,0.7629619,34.0,34.0,1.0,1.0,1.0,1.0
8219,0.7629619,34.0,34.0,1.0,1.0,1.0,1.0
8220,0.7629619,34.0,34.0,1.0,1.0,1.0,1.0
8221,0.76314837,34.0,34.0,1.0,1.0,1.0,1.0
8222,0.76314837,34.0,34.0,1.0,1.0,1.0,1.0
8223,0.76314837,34.0,34.0,1.0,1.0,1.0,1.0
8224,0.76314837,34.0,34.0,1.0,1.0,1.0,1.0
8225,0.7659029,34.0,34.0,1.0,1.0,1.0,1.0
8226,0.7659029,34.0,34.0,1.0,1.0,1.0,1.0
8227,0.7659029,34.0,34.0,1.0,1.0,1.0,1.0
8228,0.7659029,34.0,34.0,1.0,1.0,1.0,1.0
8229,0.7659029,34.0,34.0,1.0,1.0,1.0,1.0
8230,0.76650804,34.0,34.0,1.0,1.0,1.0,1.0
8231,0.77058196,34.0,34.0,1.0,1.0,1.0,1.0
8232,0.77714694,34.0,34.0,1.0,1.0,1.0,1.0
8233,0.77714694,34.0,34.0,1.0,1.0,1.0,1.0
8234,0.77714694,34.0,34.0,1.0,1.0,1.0,1.0
8235,0.7773716,34.0,34.0,1.0,1.0,1.0,1.0
8236,0.7773716,34.0,34.0,1.0,1.0,1.0,1.0
8237,0.7773716,34.0,34.0,1.0,1.0,1.0,1.0
8238,0.7773716,34.0,34.0,1.0,1.0,1.0,1.0
8239,0.7773716,34.0,34.0,1.0,1.0,1.0,1.0
8240,0.7773716,34.0,34.0,1.0,1.0,1.0,1.0
8241,0.7773716,34.0,34.0,1.0,1.0,1.0,1.0
8242,0.7773716,34.0,34.0,1.0,1.0,1.0,1.0
8243,0.7773716,34.0,34.0,1.0,1.0,1.0,1.0
8244,0.7773716,34.0,34.0,1.0,1.0,1.0,1.0
8245,0.7780751,34.0,34.0,1.0,1.0,1.0,1.0
8246,0.78242564,34.0,34.0,1.0,1.0,1.0,1.0
8247,0.7859646,34.0,34.0,1.0,1.0,1.0,1.0
8248,0.7859646,34.0,34.0,1.0,1.0,1.0,1.0
8249,0.787389,34.0,34.0,1.0,1.0,1.0,1.0
8250,0.79176956,34.0,34.0,1.0,1.0,1.0,1.0
8251,0.79918015,34.0,34.0,1.0,1.0,1.0,1.0
8252,0.7992607,34.0,34.0,1.0,1.0,1.0,1.0
8253,0.8042118,34.0,34.0,1.0,1.0,1.0,1.0
8254,0.8042118,34.0,34.0,1.0,1.0,1.0,1.0
8255,0.8042118,34.0,34.0,1.0,1.0,1.0,1.0
8256,0.8042118,34.0,34.0,1.0,1.0,1.0,1.0
8257,0.8042118,34.0,34.0,1.0,1.0,1.0,1.0
8258,0.8042118,34.0,34.0,1.0,1.0,1.0,1.0
8259,0.8042118,34.0,34.0,1.0,1.0,1.0,1.0
8260,0.8042118,34.0,34.0,1.0,1.0,1.0,1.0
8261,0.8042118,34.0,34.0,1.0,1.0,1.0,1.0
8262,0.80448025,34.0,34.0,1.0,1.0,1.0,1.0
8263,0.80448025,34.0,34.0,1.0,1.0,1.0,1.0
8264,0.80448025,34.0,34.0,1.0,1.0,1.0,1.0
8265,0.80448025,34.0,34.0,1.0,1.0,1.0,1.0
8266,0.80448025,34.0,34.0,1.0,1.0,1.0,1.0
8267,0.80448025,34.0,34.0,1.0,1.0,1.0,1.0
8268,0.80448025,34.0,34.0,1.0,1.0,1.0,1.0
8269,0.80448025,34.0,34.0,1.0,1.0,1.0,1.0
8270,0.80588627,34.0,34.0,1.0,1.0,1.0,1.0
8271,0.8060804,34.0,34.0,1.0,1.0,1.0,1.0
8272,0.8118389,34.0,34.0,1.0,1.0,1.0,1.0
8273,0.8118389,34.0,34.0,1.0,1.0,1.0,1.0
8274,0.8118389,34.0,34.0,1.0,1.0,1.0,1.0
8275,0.8118389,34.0,34.0,1.0,1.0,1.0,1.0
8276,0.8118389,34.0,34.0,1.0,1.0,1.0,1.0
8277,0.8118389,34.0,34.0,1.0,1.0,1.0,1.0
8278,0.8118389,34.0,34.0,1.0,1.0,1.0,1.0
8279,0.8118389,34.0,34.0,1.0,1.0,1.0,1.0
8280,0.8120325,34.0,34.0,1.0,1.0,1.0,1.0
8281,0.8120325,34.0,34.0,1.0,1.0,1.0,1.0
8282,0.8120325,34.0,34.0,1.0,1.0,1.0,1.0
8283,0.8120325,34.0,34.0,1.0,1.0,1.0,1.0
8284,0.8120325,34.0,34.0,1.0,1.0,1.0,1.0
8285,0.8120325,34.0,34.0,1.0,1.0,1.0,1.0
8286,0.8120325,34.0,34.0,1.0,1.0,1.0,1.0
8287,0.8120325,34.0,34.0,1.0,1.0,1.0,1.0
8288,0.8120325,34.0,34.0,1.0,1.0,1.0,1.0
8289,0.8120325,34.0,34.0,1.0,1.0,1.0,1.0
8290,0.81266826,34.0,34.0,1.0,1.0,1.0,1.0
8291,0.8175491,34.0,34.0,1.0,1.0,1.0,1.0
8292,0.8175491,34.0,34.0,1.0,1.0,1.0,1.0
8293,0.8175491,34.0,34.0,1.0,1.0,1.0,1.0
8294,0.8175491,34.0,34.0,1.0,1.0,1.0,1.0
8295,0.8175491,34.0,34.0,1.0,1.0,1.0,1.0
8296,0.8175491,34.0,34.0,1.0,1.0,1.0,1.0
8297,0.81924397,34.0,34.0,1.0,1.0,1.0,1.0
8298,0.81924397,34.0,34.0,1.0,1.0,1.0,1.0
8299,0.81924397,34.0,34.0,1.0,1.0,1.0,1.0
8300,0.819383,34.0,34.0,1.0,1.0,1.0,1.0
8301,0.824784,34.0,34.0,1.0,1.0,1.0,1.0
8302,0.8275645,34.0,34.0,1.0,1.0,1.0,1.0
8303,0.8275645,34.0,34.0,1.0,1.0,1.0,1.0
8304,0.8275645,34.0,34.0,1.0,1.0,1.0,1.0
8305,0.8275645,34.0,34.0,1.0,1.0,1.0,1.0
8306,0.8275645,34.0,34.0,1.0,1.0,1.0,1.0
8307,0.8275645,34.0,34.0,1.0,1.0,1.0,1.0
8308,0.8275645,34.0,34.0,1.0,1.0,1.0,1.0
8309,0.8275645,34.0,34.0,1.0,1.0,1.0,1.0
8310,0.827648,34.0,34.0,1.0,1.0,1.0,1.0
8311,0.827648,34.0,34.0,1.0,1.0,1.0,1.0
8312,0.827648,34.0,34.0,1.0,1.0,1.0,1.0
8313,0.827648,34.0,34.0,1.0,1.0,1.0,1.0
8314,0.827648,34.0,34.0,1.0,1.0,1.0,1.0
8315,0.8283892,34.0,34.0,1.0,1.0,1.0,1.0
8316,0.8283892,34.0,34.0,1.0,1.0,1.0,1.0
8317,0.8283892,34.0,34.0,1.0,1.0,1.0,1.0
8318,0.8283892,34.0,34.0,1.0,1.0,1.0,1.0
8319,0.82855886,34.0,34.0,1.0,1.0,1.0,1.0
8320,0.83490986,34.0,34.0,1.0,1.0,1.0,1.0
8321,0.83490986,34.0,34.0,1.0,1.0,1.0,1.0
8322,0.83490986,34.0,34.0,1.0,1.0,1.0,1.0
8323,0.83490986,34.0,34.0,1.0,1.0,1.0,1.0
8324,0.83490986,34.0,34.0,1.0,1.0,1.0,1.0
8325,0.83490986,34.0,34.0,1.0,1.0,1.0,1.0
8326,0.83490986,34.0,34.0,1.0,1.0,1.0,1.0
8327,0.83490986,34.0,34.0,1.0,1.0,1.0,1.0
8328,0.83490986,34.0,34.0,1.0,1.0,1.0,1.0
8329,0.8351386,34.0,34.0,1.0,1.0,1.0,1.0
8330,0.8351386,34.0,34.0,1.0,1.0,1.0,1.0
8331,0.8351386,34.0,34.0,1.0,1.0,1.0,1.0
8332,0.8351386,34.0,34.0,1.0,1.0,1.0,1.0
8333,0.8351386,34.0,34.0,1.0,1.0,1.0,1.0
8334,0.8351386,34.0,34.0,1.0,1.0,1.0,1.0
8335,0.8351386,34.0,34.0,1.0,1.0,1.0,1.0
8336,0.8351386,34.0,34.0,1.0,1.0,1.0,1.0
8337,0.8351386,34.0,34.0,1.0,1.0,1.0,1.0
8338,0.8359267,34.0,34.0,1.0,1.0,1.0,1.0
8339,0.8405166,34.0,34.0,1.0,1.0,1.0,1.0
8340,0.8445268,34.0,34.0,1.0,1.0,1.0,1.0
8341,0.8445268,34.0,34.0,1.0,1.0,1.0,1.0
8342,0.8445268,34.0,34.0,1.0,1.0,1.0,1.0
8343,0.8445268,34.0,34.0,1.0,1.0,1.0,1.0
8344,0.844834,34.0,34.0,1.0,1.0,1.0,1.0
8345,0.844834,34.0,34.0,1.0,1.0,1.0,1.0
8346,0.847479,34.0,34.0,1.0,1.0,1.0,1.0
8347,0.847479,34.0,34.0,1.0,1.0,1.0,1.0
8348,0.847479,34.0,34.0,1.0,1.0,1.0,1.0
8349,0.84753907,34.0,34.0,1.0,1.0,1.0,1.0
8350,0.8512676,34.0,34.0,1.0,1.0,1.0,1.0
8351,0.85478777,34.0,34.0,1.0,1.0,1.0,1.0
8352,0.85478777,34.0,34.0,1.0,1.0,1.0,1.0
8353,0.85478777,34.0,34.0,1.0,1.0,1.0,1.0
8354,0.85478926,34.0,34.0,1.0,1.0,1.0,1.0
8355,0.85478926,34.0,34.0,1.0,1.0,1.0,1.0
8356,0.85478926,34.0,34.0,1.0,1.0,1.0,1.0
8357,0.85478926,34.0,34.0,1.0,1.0,1.0,1.0
8358,0.85478926,34.0,34.0,1.0,1.0,1.0,1.0
8359,0.85478926,34.0,34.0,1.0,1.0,1.0,1.0
8360,0.8557954,34.0,34.0,1.0,1.0,1.0,1.0
8361,0.8557954,34.0,34.0,1.0,1.0,1.0,1.0
8362,0.8557954,34.0,34.0,1.0,1.0,1.0,1.0
8363,0.8557954,34.0,34.0,1.0,1.0,1.0,1.0
8364,0.8557954,34.0,34.0,1.0,1.0,1.0,1.0
8365,0.8557954,34.0,34.0,1.0,1.0,1.0,1.0
8366,0.8557954,34.0,34.0,1.0,1.0,1.0,1.0
8367,0.8557954,34.0,34.0,1.0,1.0,1.0,1.0
8368,0.8557954,34.0,34.0,1.0,1.0,1.0,1.0
8369,0.8585733,34.0,34.0,1.0,1.0,1.0,1.0
8370,0.8655927,34.0,34.0,1.0,1.0,1.0,1.0
8371,0.8655927,34.0,34.0,1.0,1.0,1.0,1.0
8372,0.8655927,34.0,34.0,1.0,1.0,1.0,1.0
8373,0.8655927,34.0,34.0,1.0,1.0,1.0,1.0
8374,0.8655927,34.0,34.0,1.0,1.0,1.0,1.0
8375,0.8655927,34.0,34.0,1.0,1.0,1.0,1.0
8376,0.8655927,34.0,34.0,1.0,1.0,1.0,1.0
8377,0.8655927,34.0,34.0,1.0,1.0,1.0,1.0
8378,0.8655927,34.0,34.0,1.0,1.0,1.0,1.0
8379,0.8655927,34.0,34.0,1.0,1.0,1.0,1.0
8380,0.86579597,34.0,34.0,1.0,1.0,1.0,1.0
8381,0.86579597,34.0,34.0,1.0,1.0,1.0,1.0
8382,0.86579597,34.0,34.0,1.0,1.0,1.0,1.0
8383,0.86579597,34.0,34.0,1.0,1.0,1.0,1.0
8384,0.86579597,34.0,34.0,1.0,1.0,1.0,1.0
8385,0.86579597,34.0,34.0,1.0,1.0,1.0,1.0
8386,0.86579597,34.0,34.0,1.0,1.0,1.0,1.0
8387,0.86579597,34.0,34.0,1.0,1.0,1.0,1.0
8388,0.86984944,34.0,34.0,1.0,1.0,1.0,1.0
8389,0.86984944,34.0,34.0,1.0,1.0,1.0,1.0
8390,0.8699748,34.0,34.0,1.0,1.0,1.0,1.0
8391,0.8699748,34.0,34.0,1.0,1.0,1.0,1.0
8392,0.8699748,34.0,34.0,1.0,1.0,1.0,1.0
8393,0.8699748,34.0,34.0,1.0,1.0,1.0,1.0
8394,0.8699748,34.0,34.0,1.0,1.0,1.0,1.0
8395,0.8717308,34.0,34.0,1.0,1.0,1.0,1.0
8396,0.8717308,34.0,34.0,1.0,1.0,1.0,1.0
8397,0.8717308,34.0,34.0,1.0,1.0,1.0,1.0
8398,0.87217706,34.0,34.0,1.0,1.0,1.0,1.0
8399,0.87724024,34.0,34.0,1.0,1.0,1.0,1.0
8400,0.87724024,34.0,34.0,1.0,1.0,1.0,1.0
8401,0.87724024,34.0,34.0,1.0,1.0,1.0,1.0
8402,0.87724024,34.0,34.0,1.0,1.0,1.0,1.0
8403,0.87724024,34.0,34.0,1.0,1.0,1.0,1.0
8404,0.87724024,34.0,34.0,1.0,1.0,1.0,1.0
8405,0.8782876,34.0,34.0,1.0,1.0,1.0,1.0
8406,0.8782876,34.0,34.0,1.0,1.0,1.0,1.0
8407,0.8782876,34.0,34.0,1.0,1.0,1.0,1.0
8408,0.8785897,34.0,34.0,1.0,1.0,1.0,1.0
8409,0.8785897,34.0,34.0,1.0,1.0,1.0,1.0
8410,0.8785897,34.0,34.0,1.0,1.0,1.0,1.0
8411,0.8785897,34.0,34.0,1.0,1.0,1.0,1.0
8412,0.8785897,34.0,34.0,1.0,1.0,1.0,1.0
8413,0.8785897,34.0,34.0,1.0,1.0,1.0,1.0
8414,0.8785897,34.0,34.0,1.0,1.0,1.0,1.0
8415,0.8785897,34.0,34.0,1.0,1.0,1.0,1.0
8416,0.8785897,34.0,34.0,1.0,1.0,1.0,1.0
8417,0.8799382,34.0,34.0,1.0,1.0,1.0,1.0
8418,0.88617206,34.0,34.0,1.0,1.0,1.0,1.0
8419,0.88617206,34.0,34.0,1.0,1.0,1.0,1.0
8420,0.88617206,34.0,34.0,1.0,1.0,1.0,1.0
8421,0.88617206,34.0,34.0,1.0,1.0,1.0,1.0
8422,0.88617206,34.0,34.0,1.0,1.0,1.0,1.0
8423,0.88617206,34.0,34.0,1.0,1.0,1.0,1.0
8424,0.88617206,34.0,34.0,1.0,1.0,1.0,1.0
8425,0.88617206,34.0,34.0,1.0,1.0,1.0,1.0
8426,0.88617206,34.0,34.0,1.0,1.0,1.0,1.0
8427,0.88617206,34.0,34.0,1.0,1.0,1.0,1.0
8428,0.8862678,34.0,34.0,1.0,1.0,1.0,1.0
8429,0.8862678,34.0,34.0,1.0,1.0,1.0,1.0
8430,0.8862678,34.0,34.0,1.0,1.0,1.0,1.0
8431,0.8862678,34.0,34.0,1.0,1.0,1.0,1.0
8432,0.8862678,34.0,34.0,1.0,1.0,1.0,1.0
8433,0.8862678,34.0,34.0,1.0,1.0,1.0,1.0
8434,0.8862678,34.0,34.0,1.0,1.0,1.0,1.0
8435,0.8862678,34.0,34.0,1.0,1.0,1.0,1.0
8436,0.8888995,34.0,34.0,1.0,1.0,1.0,1.0
8437,0.8923988,34.0,34.0,1.0,1.0,1.0,1.0
8438,0.8923988,34.0,34.0,1.0,1.0,1.0,1.0
8439,0.8923988,34.0,34.0,1.0,1.0,1.0,1.0
8440,0.8923988,34.0,34.0,1.0,1.0,1.0,1.0
8441,0.8923988,34.0,34.0,1.0,1.0,1.0,1.0
8442,0.8923988,34.0,34.0,1.0,1.0,1.0,1.0
8443,0.89453787,34.0,34.0,1.0,1.0,1.0,1.0
8444,0.89453787,34.0,34.0,1.0,1.0,1.0,1.0
8445,0.8947717,34.0,34.0,1.0,1.0,1.0,1.0
8446,0.8947717,34.0,34.0,1.0,1.0,1.0,1.0
8447,0.8947717,34.0,34.0,1.0,1.0,1.0,1.0
8448,0.8947717,34.0,34.0,1.0,1.0,1.0,1.0
8449,0.8947717,34.0,34.0,1.0,1.0,1.0,1.0
8450,0.895277,34.0,34.0,1.0,1.0,1.0,1.0
8451,0.89926636,34.0,34.0,1.0,1.0,1.0,1.0
8452,0.9062908,34.0,34.0,1.0,1.0,1.0,1.0
8453,0.9062908,34.0,34.0,1.0,1.0,1.0,1.0
8454,0.9062908,34.0,34.0,1.0,1.0,1.0,1.0
8455,0.9097081,34.0,34.0,1.0,1.0,1.0,1.0
8456,0.91455275,34.0,34.0,1.0,1.0,1.0,1.0
8457,0.91455275,34.0,34.0,1.0,1.0,1.0,1.0
8458,0.9151661,34.0,34.0,1.0,1.0,1.0,1.0
8459,0.9151661,34.0,34.0,1.0,1.0,1.0,1.0
8460,0.9151661,34.0,34.0,1.0,1.0,1.0,1.0
8461,0.9153342,34.0,34.0,1.0,1.0,1.0,1.0
8462,0.9153342,34.0,34.0,1.0,1.0,1.0,1.0
8463,0.9153342,34.0,34.0,1.0,1.0,1.0,1.0
8464,0.9153342,34.0,34.0,1.0,1.0,1.0,1.0
8465,0.9153342,34.0,34.0,1.0,1.0,1.0,1.0
8466,0.9153342,34.0,34.0,1.0,1.0,1.0,1.0
8467,0.9153342,34.0,34.0,1.0,1.0,1.0,1.0
8468,0.9153342,34.0,34.0,1.0,1.0,1.0,1.0
8469,0.9153342,34.0,34.0,1.0,1.0,1.0,1.0
8470,0.9153342,34.0,34.0,1.0,1.0,1.0,1.0
8471,0.9153342,34.0,34.0,1.0,1.0,1.0,1.0
8472,0.9153342,34.0,34.0,1.0,1.0,1.0,1.0
8473,0.9157341,34.0,34.0,1.0,1.0,1.0,1.0
8474,0.9229038,34.0,34.0,1.0,1.0,1.0,1.0
8475,0.9229038,34.0,34.0,1.0,1.0,1.0,1.0
8476,0.9229038,34.0,34.0,1.0,1.0,1.0,1.0
8477,0.9229038,34.0,34.0,1.0,1.0,1.0,1.0
8478,0.9229038,34.0,34.0,1.0,1.0,1.0,1.0
8479,0.9229038,34.0,34.0,1.0,1.0,1.0,1.0
8480,0.9229038,34.0,34.0,1.0,1.0,1.0,1.0
8481,0.9229038,34.0,34.0,1.0,1.0,1.0,1.0
8482,0.9229038,34.0,34.0,1.0,1.0,1.0,1.0
8483,0.9230984,34.0,34.0,1.0,1.0,1.0,1.0
8484,0.9230984,34.0,34.0,1.0,1.0,1.0,1.0
8485,0.9230984,34.0,34.0,1.0,1.0,1.0,1.0
8486,0.9230984,34.0,34.0,1.0,1.0,1.0,1.0
8487,0.9230984,34.0,34.0,1.0,1.0,1.0,1.0
8488,0.9249853,34.0,34.0,1.0,1.0,1.0,1.0
8489,0.9249853,34.0,34.0,1.0,1.0,1.0,1.0
8490,0.9249853,34.0,34.0,1.0,1.0,1.0,1.0
8491,0.9249853,34.0,34.0,1.0,1.0,1.0,1.0
8492,0.9263429,34.0,34.0,1.0,1.0,1.0,1.0
8493,0.9297,34.0,34.0,1.0,1.0,1.0,1.0
8494,0.9297,34.0,34.0,1.0,1.0,1.0,1.0
8495,0.9308967,34.0,34.0,1.0,1.0,1.0,1.0
8496,0.93512696,34.0,34.0,1.0,1.0,1.0,1.0
8497,0.93512696,34.0,34.0,1.0,1.0,1.0,1.0
8498,0.93512696,34.0,34.0,1.0,1.0,1.0,1.0
8499,0.93512696,34.0,34.0,1.0,1.0,1.0,1.0
8500,0.93512696,34.0,34.0,1.0,0.0,1.0,1.0
8501,0.93512696,34.0,34.0,1.0,0.0,1.0,1.0
8502,0.93512696,34.0,34.0,1.0,0.0,1.0,1.0
8503,0.93512696,34.0,34.0,1.0,0.0,1.0,1.0
8504,0.93512696,34.0,34.0,1.0,0.0,1.0,1.0
8505,0.9352457,34.0,34.0,1.0,0.0,1.0,1.0
8506,0.9352457,34.0,34.0,1.0,0.0,1.0,1.0
8507,0.9352457,34.0,34.0,1.0,0.0,1.0,1.0
8508,0.9352457,34.0,34.0,1.0,0.0,1.0,1.0
8509,0.9352457,34.0,34.0,1.0,0.0,1.0,1.0
8510,0.9352457,34.0,34.0,1.0,0.0,1.0,1.0
8511,0.9352457,34.0,34.0,1.0,0.0,1.0,1.0
8512,0.9352457,34.0,34.0,1.0,0.0,1.0,1.0
8513,0.9352457,34.0,34.0,1.0,0.0,1.0,1.0
8514,0.93586665,34.0,34.0,1.0,0.0,1.0,1.0
8515,0.9399054,34.0,34.0,1.0,0.0,1.0,1.0
8516,0.9399054,34.0,34.0,1.0,0.0,1.0,1.0
8517,0.9399054,34.0,34.0,1.0,0.0,1.0,1.0
8518,0.9399054,34.0,34.0,1.0,0.0,1.0,1.0
8519,0.9399054,34.0,34.0,1.0,0.0,1.0,1.0
8520,0.9399054,34.0,34.0,1.0,0.0,1.0,1.0
8521,0.9399054,34.0,34.0,1.0,0.0,1.0,1.0
8522,0.9399054,34.0,34.0,1.0,0.0,1.0,1.0
8523,0.9399054,34.0,34.0,1.0,0.0,1.0,1.0
8524,0.9401092,34.0,34.0,1.0,0.0,1.0,1.0
8525,0.9401092,34.0,34.0,1.0,0.0,1.0,1.0
8526,0.9401092,34.0,34.0,1.0,0.0,1.0,1.0
8527,0.9401092,34.0,34.0,1.0,0.0,1.0,1.0
8528,0.94269556,34.0,34.0,1.0,0.0,1.0,1.0
8529,0.9448285,34.0,34.0,1.0,0.0,1.0,1.0
8530,0.9502549,34.0,34.0,1.0,0.0,1.0,1.0
8531,0.9502549,34.0,34.0,1.0,0.0,1.0,1.0
8532,0.9502549,34.0,34.0,1.0,0.0,1.0,1.0
8533,0.9502549,34.0,34.0,1.0,0.0,1.0,1.0
8534,0.9502549,34.0,34.0,1.0,0.0,1.0,1.0
8535,0.9502549,34.0,34.0,1.0,0.0,1.0,1.0
8536,0.9502549,34.0,34.0,1.0,0.0,1.0,1.0
8537,0.9502549,34.0,34.0,1.0,0.0,1.0,1.0
8538,0.95046026,34.0,34.0,1.0,0.0,1.0,1.0
8539,0.95046026,34.0,34.0,1.0,0.0,1.0,1.0
8540,0.9517027,34.0,34.0,1.0,0.0,1.0,1.0
8541,0.9517027,34.0,34.0,1.0,0.0,1.0,1.0
8542,0.9517027,34.0,34.0,1.0,0.0,1.0,1.0
8543,0.9517027,34.0,34.0,1.0,0.0,1.0,1.0
8544,0.9517027,34.0,34.0,1.0,0.0,1.0,1.0
8545,0.9517027,34.0,34.0,1.0,0.0,1.0,1.0
8546,0.9517027,34.0,34.0,1.0,0.0,1.0,1.0
8547,0.9530267,34.0,34.0,1.0,0.0,1.0,1.0
8548,0.9583966,34.0,34.0,1.0,0.0,1.0,1.0
8549,0.9583966,34.0,34.0,1.0,0.0,1.0,1.0
8550,0.9586605,34.0,34.0,1.0,0.0,1.0,1.0
8551,0.9586605,34.0,34.0,1.0,0.0,1.0,1.0
8552,0.9586605,34.0,34.0,1.0,0.0,1.0,1.0
8553,0.9586605,34.0,34.0,1.0,0.0,1.0,1.0
8554,0.9586605,34.0,34.0,1.0,0.0,1.0,1.0
8555,0.9586605,34.0,34.0,1.0,0.0,1.0,1.0
8556,0.9586605,34.0,34.0,1.0,0.0,1.0,1.0
8557,0.9586605,34.0,34.0,1.0,0.0,1.0,1.0
8558,0.9586605,34.0,34.0,1.0,0.0,1.0,1.0
8559,0.9586605,34.0,34.0,1.0,0.0,1.0,1.0
8560,0.9586605,34.0,34.0,1.0,0.0,1.0,1.0
8561,0.9586605,34.0,34.0,1.0,0.0,1.0,1.0
8562,0.9586605,34.0,34.0,1.0,0.0,1.0,1.0
8563,0.9586605,34.0,34.0,1.0,0.0,1.0,1.0
8564,0.9586605,34.0,34.0,1.0,0.0,1.0,1.0
8565,0.9586605,34.0,34.0,1.0,0.0,1.0,1.0
8566,0.96119285,34.0,34.0,1.0,0.0,1.0,1.0
8567,0.9672387,34.0,34.0,1.0,0.0,1.0,1.0
8568,0.9672387,34.0,34.0,1.0,0.0,1.0,1.0
8569,0.9672387,34.0,34.0,1.0,0.0,1.0,1.0
8570,0.9672387,34.0,34.0,1.0,0.0,1.0,1.0
8571,0.9672387,34.0,34.0,1.0,0.0,1.0,1.0
8572,0.9672387,34.0,34.0,1.0,0.0,1.0,1.0
8573,0.9690808,34.0,34.0,1.0,0.0,1.0,1.0
8574,0.9690808,34.0,34.0,1.0,0.0,1.0,1.0
8575,0.9690808,34.0,34.0,1.0,0.0,1.0,1.0
8576,0.96929425,34.0,34.0,1.0,0.0,1.0,1.0
8577,0.96929425,34.0,34.0,1.0,0.0,1.0,1.0
8578,0.96929425,34.0,34.0,1.0,0.0,1.0,1.0
8579,0.96929425,34.0,34.0,1.0,0.0,1.0,1.0
8580,0.96929425,34.0,34.0,1.0,0.0,1.0,1.0
8581,0.96929425,34.0,34.0,1.0,0.0,1.0,1.0
8582,0.96929425,34.0,34.0,1.0,0.0,1.0,1.0
8583,0.96929425,34.0,34.0,1.0,0.0,1.0,1.0
8584,0.96929425,34.0,34.0,1.0,0.0,1.0,1.0
8585,0.97298557,34.0,34.0,1.0,0.0,1.0,1.0
8586,0.97770137,34.0,34.0,1.0,0.0,1.0,1.0
8587,0.9822006,34.0,34.0,1.0,0.0,1.0,1.0
8588,0.9826382,34.0,34.0,1.0,0.0,1.0,1.0
8589,0.9826382,34.0,34.0,1.0,0.0,1.0,1.0
8590,0.9826382,34.0,34.0,1.0,0.0,1.0,1.0
8591,0.9826382,34.0,34.0,1.0,0.0,1.0,1.0
8592,0.9826382,34.0,34.0,1.0,0.0,1.0,1.0
8593,0.9826382,34.0,34.0,1.0,0.0,1.0,1.0
8594,0.9827111,34.0,34.0,1.0,0.0,1.0,1.0
8595,0.9827111,34.0,34.0,1.0,0.0,1.0,1.0
8596,0.9827111,34.0,34.0,1.0,0.0,1.0,1.0
8597,0.9827111,34.0,34.0,1.0,0.0,1.0,1.0
8598,0.9827111,34.0,34.0,1.0,0.0,1.0,1.0
8599,0.9827111,34.0,34.0,1.0,0.0,1.0,1.0
8600,0.9827111,34.0,34.0,1.0,0.0,1.0,1.0
8601,0.9827111,34.0,34.0,1.0,0.0,1.0,1.0
8602,0.9827111,34.0,34.0,1.0,0.0,1.0,1.0
8603,0.9830529,34.0,34.0,1.0,0.0,1.0,1.0
8604,0.9868649,34.0,34.0,1.0,0.0,1.0,1.0
8605,0.9868649,34.0,34.0,1.0,0.0,1.0,1.0
8606,0.9868649,34.0,34.0,1.0,0.0,1.0,1.0
8607,0.9868649,34.0,34.0,1.0,0.0,1.0,1.0
8608,0.9868649,34.0,34.0,1.0,0.0,1.0,1.0
8609,0.9868649,34.0,34.0,1.0,0.0,1.0,1.0
8610,0.9868649,34.0,34.0,1.0,0.0,1.0,1.0
8611,0.9868649,34.0,34.0,1.0,0.0,1.0,1.0
8612,0.9868649,34.0,34.0,1.0,0.0,1.0,1.0
8613,0.98698616,34.0,34.0,1.0,0.0,1.0,1.0
8614,0.98698616,34.0,34.0,1.0,0.0,1.0,1.0
8615,0.98698616,34.0,34.0,1.0,0.0,1.0,1.0
8616,0.98698616,34.0,34.0,1.0,0.0,1.0,1.0
8617,0.98698616,34.0,34.0,1.0,0.0,1.0,1.0
8618,0.98907024,34.0,34.0,1.0,0.0,1.0,1.0
8619,0.98907024,34.0,34.0,1.0,0.0,1.0,1.0
8620,0.98907024,34.0,34.0,1.0,0.0,1.0,1.0
8621,0.98907024,34.0,34.0,1.0,0.0,1.0,1.0
8622,0.99040085,34.0,34.0,1.0,0.0,1.0,1.0
8623,0.9941334,34.0,34.0,1.0,0.0,1.0,1.0
8624,0.9941334,34.0,34.0,1.0,0.0,1.0,1.0
8625,0.9941334,34.0,34.0,1.0,0.0,1.0,1.0
8626,0.9942674,34.0,34.0,1.0,0.0,1.0,1.0
8627,0.99611765,34.0,34.0,1.0,0.0,1.0,1.0
8628,0.9994447,34.0,34.0,1.0,0.0,1.0,1.0
8629,0.9994447,34.0,34.0,1.0,0.0,1.0,1.0
8630,0.99986243,34.0,34.0,1.0,0.0,1.0,1.0
8631,0.99986243,34.0,34.0,1.0,0.0,1.0,1.0
8632,0.9998701,34.0,34.0,1.0,0.0,1.0,1.0
8633,0.9998808,34.0,34.0,1.0,0.0,1.0,1.0
8634,0.9998808,34.0,34.0,1.0,0.0,1.0,1.0
8635,0.9998808,34.0,31.166666,0.0,0.0,1.0,1.0
8636,1.0,34.0,28.333334,0.0,0.0,1.0,1.0
8637,1.0,34.0,25.5,0.0,0.0,1.0,1.0
8638,1.0,34.0,22.666666,0.0,0.0,1.0,1.0
8639,1.0,34.0,19.833334,0.0,0.0,1.0,1.0
