window_index,window_score,successor_score,successor_median_score,successor_dispersion,local_score,successor_z,local_z,context_distance,context_ratio,context_ood
0,0.0,0.0,0.0,0.0,0.0,0.0,0.0,0.0,1.0,0.0
1,0.0,0.0,0.0,0.0,0.0,0.0,0.0,0.0,1.0,0.0
2,0.0,0.0,0.0,0.0,0.0,0.0,0.0,5.9604645e-08,1.0,0.0
3,0.0,0.0,0.0,0.0,0.0,0.0,0.0,0.0,1.0,0.0
4,0.0,0.0,0.0,0.0,0.0,0.0,0.0,0.0,1.0,0.0
5,0.0,0.0,0.0,0.0,0.0,0.0,0.0,0.0,1.0,0.0
6,0.0,0.0,0.0,0.0,0.0,0.0,0.0,5.9604645e-08,1.0,0.0
7,0.0,0.0,0.0,0.0,0.0,0.0,0.0,8.4293696e-08,1.0,0.0
8,0.0,0.0,0.0,0.0,0.0,0.0,0.0,8.4293696e-08,1.0,0.0
9,0.0,0.0,0.0,0.0,0.0,0.0,0.0,8.4293696e-08,1.0,0.0
10,0.0,0.0,0.0,0.0,0.0,0.0,0.0,8.4293696e-08,1.0,0.0
11,0.0,0.0,0.0,0.0,0.0,0.0,0.0,8.4293696e-08,1.0,0.0
12,0.0,0.0,0.0,0.0,0.0,0.0,0.0,8.4293696e-08,1.0,0.0
13,0.0,0.0,0.0,0.0,0.0,0.0,0.0,8.4293696e-08,1.0,0.0
14,0.0,0.0,0.0,0.0,0.0,0.0,0.0,8.4293696e-08,1.0,0.0
15,0.0,0.0,0.0,0.0,0.0,0.0,0.0,8.4293696e-08,1.0,0.0
16,0.0,0.0,0.0,0.0,0.0,0.0,0.0,8.4293696e-08,1.0,0.0
17,0.0,0.0,0.0,0.0,0.0,0.0,0.0,8.4293696e-08,1.0,0.0
18,0.0,0.0,0.0,0.0,0.0,0.0,0.0,8.4293696e-08,1.0,0.0
19,0.0,0.0,0.0,0.0,0.0,0.0,0.0,8.4293696e-08,1.0,0.0
20,0.0,0.0,0.0,0.0,0.0,0.0,0.0,8.4293696e-08,1.0,0.0
21,0.0,0.0,0.0,0.0,0.0,0.0,0.0,8.4293696e-08,1.0,0.0
22,0.0,0.0,0.0,0.0,0.0,0.0,0.0,8.4293696e-08,1.0,0.0
23,0.0,0.0,0.0,0.0,0.0,0.0,0.0,8.4293696e-08,1.0,0.0
24,0.0,0.0,0.0,0.0,0.0,0.0,0.0,8.4293696e-08,1.0,0.0
25,0.0,0.0,0.0,0.0,0.0,0.0,0.0,8.4293696e-08,1.0,0.0
26,0.0,0.0,0.0,0.0,0.0,0.0,0.0,8.4293696e-08,1.0,0.0
27,0.0,0.0,0.0,0.0,0.0,0.0,0.0,8.4293696e-08,1.0,0.0
28,0.0,0.0,0.0,0.0,0.0,0.0,0.0,8.4293696e-08,1.0,0.0
29,0.0,0.0,0.0,0.0,0.0,0.0,0.0,8.4293696e-08,1.0,0.0
30,0.0,0.0,0.0,0.0,0.0,0.0,0.0,8.4293696e-08,1.0,0.0
31,0.0,0.0,0.0,0.0,0.0,0.0,0.0,8.4293696e-08,1.0,0.0
32,0.0,0.0,0.0,0.0,0.0,0.0,0.0,8.4293696e-08,1.0,0.0
33,0.0,0.0,0.0,0.0,0.0,0.0,0.0,8.4293696e-08,1.0,0.0
34,0.0,0.0,0.0,0.0,0.0,0.0,0.0,8.4293696e-08,1.0,0.0
35,0.0,0.0,0.0,0.0,0.0,0.0,0.0,8.4293696e-08,1.0,0.0
36,0.0,0.0,0.0,0.0,0.0,0.0,0.0,8.4293696e-08,1.0,0.0
37,0.0,0.0,0.0,0.0,0.0,0.0,0.0,8.4293696e-08,1.0,0.0
38,0.0,0.0,0.0,0.0,0.0,0.0,0.0,8.4293696e-08,1.0,0.0
39,0.0,0.0,0.0,0.0,0.0,0.0,0.0,8.4293696e-08,1.0,0.0
40,0.0,0.0,0.0,0.0,0.0,0.0,0.0,8.4293696e-08,1.0,0.0
41,0.0,0.0,0.0,0.0,0.0,0.0,0.0,8.4293696e-08,1.0,0.0
42,0.0,0.0,0.0,0.0,0.0,0.0,0.0,8.4293696e-08,1.0,0.0
43,0.0,0.0,0.0,0.0,0.0,0.0,0.0,8.4293696e-08,1.0,0.0
44,0.0,0.0,0.0,0.0,0.0,0.0,0.0,8.4293696e-08,1.0,0.0
45,0.0,0.0,0.0,0.0,0.0,0.0,0.0,8.4293696e-08,1.0,0.0
46,0.0,0.0,0.0,0.0,0.0,0.0,0.0,8.4293696e-08,1.0,0.0
47,0.0,0.0,0.0,0.0,0.0,0.0,0.0,8.4293696e-08,1.0,0.0
48,0.0,0.0,0.0,0.0,0.0,0.0,0.0,8.4293696e-08,1.0,0.0
49,0.0,0.0,0.0,0.0,0.0,0.0,0.0,8.4293696e-08,1.0,0.0
50,0.0,0.0,0.0,0.0,0.0,0.0,0.0,8.4293696e-08,1.0,0.0
51,0.0,0.0,0.0,0.0,0.0,0.0,0.0,8.4293696e-08,1.0,0.0
52,0.0,0.0,0.0,0.0,0.0,0.0,0.0,8.4293696e-08,1.0,0.0
53,0.0,0.0,0.0,0.0,0.0,0.0,0.0,8.4293696e-08,1.0,0.0
54,0.0,0.0,0.0,0.0,0.0,0.0,0.0,8.4293696e-08,1.0,0.0
55,0.0,0.0,0.0,0.0,0.0,0.0,0.0,8.4293696e-08,1.0,0.0
56,0.0,0.0,0.0,0.0,0.0,0.0,0.0,8.4293696e-08,1.0,0.0
57,0.0,0.0,0.0,0.0,0.0,0.0,0.0,8.4293696e-08,1.0,0.0
58,0.0,0.0,0.0,0.0,0.0,0.0,0.0,8.4293696e-08,1.0,0.0
59,0.0,0.0,0.0,0.0,0.0,0.0,0.0,8.4293696e-08,1.0,0.0
60,0.0,0.0,0.0,0.0,0.0,0.0,0.0,8.4293696e-08,1.0,0.0
61,0.0,0.0,0.0,0.0,0.0,0.0,0.0,8.4293696e-08,1.0,0.0
62,0.0,0.0,0.0,0.0,0.0,0.0,0.0,8.4293696e-08,1.0,0.0
63,0.0,0.0,0.0,0.0,0.0,0.0,0.0,8.4293696e-08,1.0,0.0
64,0.0,0.0,0.0,0.0,0.0,0.0,0.0,8.4293696e-08,1.0,0.0
65,0.0,0.0,0.0,0.0,0.0,0.0,0.0,8.4293696e-08,1.0,0.0
66,0.0,0.0,0.0,0.0,0.0,0.0,0.0,8.4293696e-08,1.0,0.0
67,0.0,0.0,0.0,0.0,0.0,0.0,0.0,8.4293696e-08,1.0,0.0
68,0.0,0.0,0.0,0.0,0.0,0.0,0.0,8.4293696e-08,1.0,0.0
69,0.0,0.0,0.0,0.0,0.0,0.0,0.0,8.4293696e-08,1.0,0.0
70,0.0,0.0,0.0,0.0,0.0,0.0,0.0,8.4293696e-08,1.0,0.0
71,0.0,0.0,0.0,0.0,0.0,0.0,0.0,8.4293696e-08,1.0,0.0
72,0.0,0.0,0.0,0.0,0.0,0.0,0.0,8.4293696e-08,1.0,0.0
73,0.0,0.0,0.0,0.0,0.0,0.0,0.0,8.4293696e-08,1.0,0.0
74,0.0,0.0,0.0,0.0,0.0,0.0,0.0,8.4293696e-08,1.0,0.0
75,0.0,0.0,0.0,0.0,0.0,0.0,0.0,8.4293696e-08,1.0,0.0
76,0.0,0.0,0.0,0.0,0.0,0.0,0.0,8.4293696e-08,1.0,0.0
77,0.0,0.0,0.0,0.0,0.0,0.0,0.0,8.4293696e-08,1.0,0.0
78,0.0,0.0,0.0,0.0,0.0,0.0,0.0,8.4293696e-08,1.0,0.0
79,0.0,0.0,0.0,0.0,0.0,0.0,0.0,8.4293696e-08,1.0,0.0
80,0.0,0.0,0.0,0.0,0.0,0.0,0.0,8.4293696e-08,1.0,0.0
81,0.0,0.0,0.0,0.0,0.0,0.0,0.0,8.4293696e-08,1.0,0.0
82,0.0,0.0,0.0,0.0,0.0,0.0,0.0,8.4293696e-08,1.0,0.0
83,0.0,0.0,0.0,0.0,0.0,0.0,0.0,8.4293696e-08,1.0,0.0
84,0.0,0.0,0.0,0.0,0.0,0.0,0.0,8.4293696e-08,1.0,0.0
85,0.0,0.0,0.0,0.0,0.0,0.0,0.0,8.4293696e-08,1.0,0.0
86,0.0,0.0,0.0,0.0,0.0,0.0,0.0,8.4293696e-08,1.0,0.0
87,0.0,0.0,0.0,0.0,0.0,0.0,0.0,8.4293696e-08,1.0,0.0
88,0.0,0.0,0.0,0.0,0.0,0.0,0.0,8.4293696e-08,1.0,0.0
89,0.0,0.0,0.0,0.0,0.0,0.0,0.0,8.4293696e-08,1.0,0.0
90,0.0,0.0,0.0,0.0,0.0,0.0,0.0,8.4293696e-08,1.0,0.0
91,0.0,0.0,0.0,0.0,0.0,0.0,0.0,8.4293696e-08,1.0,0.0
92,0.0,0.0,0.0,0.0,0.0,0.0,0.0,8.4293696e-08,1.0,0.0
93,0.0,0.0,0.0,0.0,0.0,0.0,0.0,8.4293696e-08,1.0,0.0
94,0.0,0.0,0.0,0.0,0.0,0.0,0.0,8.4293696e-08,1.0,0.0
95,0.0,0.0,0.0,0.0,0.0,0.0,0.0,8.4293696e-08,1.0,0.0
96,0.0,0.0,0.0,0.0,0.0,0.0,0.0,8.4293696e-08,1.0,0.0
97,0.0,0.0,0.0,0.0,0.0,0.0,0.0,8.4293696e-08,1.0,0.0
98,0.0,0.0,0.0,0.0,0.0,0.0,0.0,8.4293696e-08,1.0,0.0
99,0.0,0.0,0.0,0.0,0.0,0.0,0.0,8.4293696e-08,1.0,0.0
100,0.0,0.0,0.0,0.0,0.0,0.0,0.0,8.4293696e-08,1.0,0.0
101,0.0,0.0,0.0,0.0,0.0,0.0,0.0,8.4293696e-08,1.0,0.0
102,0.0,0.0,0.0,0.0,0.0,0.0,0.0,8.4293696e-08,1.0,0.0
103,0.0,0.0,0.0,0.0,0.0,0.0,0.0,8.4293696e-08,1.0,0.0
104,0.0,0.0,0.0,0.0,0.0,0.0,0.0,8.4293696e-08,1.0,0.0
105,0.0,0.0,0.0,0.0,0.0,0.0,0.0,8.4293696e-08,1.0,0.0
106,0.0,0.0,0.0,0.0,0.0,0.0,0.0,8.4293696e-08,1.0,0.0
107,0.0,0.0,0.0,0.0,0.0,0.0,0.0,8.4293696e-08,1.0,0.0
108,0.0,0.0,0.0,0.0,0.0,0.0,0.0,8.4293696e-08,1.0,0.0
109,0.0,0.0,0.0,0.0,0.0,0.0,0.0,8.4293696e-08,1.0,0.0
110,0.0,0.0,0.0,0.0,0.0,0.0,0.0,8.4293696e-08,1.0,0.0
111,0.0,0.0,0.0,0.0,0.0,0.0,0.0,8.4293696e-08,1.0,0.0
112,0.0,0.0,0.0,0.0,0.0,0.0,0.0,8.4293696e-08,1.0,0.0
113,0.0,0.0,0.0,0.0,0.0,0.0,0.0,8.4293696e-08,1.0,0.0
114,0.0,0.0,0.0,0.0,0.0,0.0,0.0,8.4293696e-08,1.0,0.0
115,0.0,0.0,0.0,0.0,0.0,0.0,0.0,8.4293696e-08,1.0,0.0
116,0.0,0.0,0.0,0.0,0.0,0.0,0.0,8.4293696e-08,1.0,0.0
117,0.0,0.0,0.0,0.0,0.0,0.0,0.0,8.4293696e-08,1.0,0.0
118,0.0,0.0,0.0,0.0,0.0,0.0,0.0,8.4293696e-08,1.0,0.0
119,0.0,0.0,0.0,0.0,0.0,0.0,0.0,8.4293696e-08,1.0,0.0
120,0.0,0.0,0.0,0.0,0.0,0.0,0.0,8.4293696e-08,1.0,0.0
121,0.0,0.0,0.0,0.0,0.0,0.0,0.0,8.4293696e-08,1.0,0.0
122,0.0,0.0,0.0,0.0,0.0,0.0,0.0,8.4293696e-08,1.0,0.0
123,0.0,0.0,0.0,0.0,0.0,0.0,0.0,8.4293696e-08,1.0,0.0
124,0.0,0.0,0.0,0.0,0.0,0.0,0.0,8.4293696e-08,1.0,0.0
125,0.0,0.0,0.0,0.0,0.0,0.0,0.0,8.4293696e-08,1.0,0.0
126,0.0,0.0,0.0,0.0,0.0,0.0,0.0,8.4293696e-08,1.0,0.0
127,0.0,0.0,0.0,0.0,0.0,0.0,0.0,8.4293696e-08,1.0,0.0
128,0.0,0.0,0.0,0.0,0.0,0.0,0.0,8.4293696e-08,1.0,0.0
129,0.0,0.0,0.0,0.0,0.0,0.0,0.0,8.4293696e-08,1.0,0.0
130,0.0,0.0,0.0,0.0,0.0,0.0,0.0,8.4293696e-08,1.0,0.0
131,0.0,0.0,0.0,0.0,0.0,0.0,0.0,8.4293696e-08,1.0,0.0
132,0.0,0.0,0.0,0.0,0.0,0.0,0.0,8.4293696e-08,1.0,0.0
133,0.0,0.0,0.0,0.0,0.0,0.0,0.0,8.4293696e-08,1.0,0.0
134,0.0,0.0,0.0,0.0,0.0,0.0,0.0,8.4293696e-08,1.0,0.0
135,0.0,0.0,0.0,0.0,0.0,0.0,0.0,8.4293696e-08,1.0,0.0
136,0.0,0.0,0.0,0.0,0.0,0.0,0.0,8.4293696e-08,1.0,0.0
137,0.0,0.0,0.0,0.0,0.0,0.0,0.0,8.4293696e-08,1.0,0.0
138,0.0,0.0,0.0,0.0,0.0,0.0,0.0,8.4293696e-08,1.0,0.0
139,0.0,0.0,0.0,0.0,0.0,0.0,0.0,8.4293696e-08,1.0,0.0
140,0.0,0.0,0.0,0.0,0.0,0.0,0.0,8.4293696e-08,1.0,0.0
141,0.0,0.0,0.0,0.0,0.0,0.0,0.0,8.4293696e-08,1.0,0.0
142,0.0,0.0,0.0,0.0,0.0,0.0,0.0,8.4293696e-08,1.0,0.0
143,0.0,0.0,0.0,0.0,0.0,0.0,0.0,8.4293696e-08,1.0,0.0
144,0.0,0.0,0.0,0.0,0.0,0.0,0.0,8.4293696e-08,1.0,0.0
145,0.0,0.0,0.0,0.0,0.0,0.0,0.0,8.4293696e-08,1.0,0.0
146,0.0,0.0,0.0,0.0,0.0,0.0,0.0,8.4293696e-08,1.0,0.0
147,0.0,0.0,0.0,0.0,0.0,0.0,0.0,8.4293696e-08,1.0,0.0
148,0.0,0.0,0.0,0.0,0.0,0.0,0.0,8.4293696e-08,1.0,0.0
149,0.0,0.0,0.0,0.0,0.0,0.0,0.0,8.4293696e-08,1.0,0.0
150,0.0,0.0,0.0,0.0,0.0,0.0,0.0,8.4293696e-08,1.0,0.0
151,0.0,0.0,0.0,0.0,0.0,0.0,0.0,8.4293696e-08,1.0,0.0
152,0.0,0.0,0.0,0.0,0.0,0.0,0.0,8.4293696e-08,1.0,0.0
153,0.0,0.0,0.0,0.0,0.0,0.0,0.0,8.4293696e-08,1.0,0.0
154,0.0,0.0,0.0,0.0,0.0,0.0,0.0,8.4293696e-08,1.0,0.0
155,0.0,0.0,0.0,0.0,0.0,0.0,0.0,8.4293696e-08,1.0,0.0
156,0.0,0.0,0.0,0.0,0.0,0.0,0.0,8.4293696e-08,1.0,0.0
157,0.0,0.0,0.0,0.0,0.0,0.0,0.0,8.4293696e-08,1.0,0.0
158,0.0,0.0,0.0,0.0,0.0,0.0,0.0,8.4293696e-08,1.0,0.0
159,0.0,0.0,0.0,0.0,0.0,0.0,0.0,8.4293696e-08,1.0,0.0
160,0.0,0.0,0.0,0.0,0.0,0.0,0.0,8.4293696e-08,1.0,0.0
161,0.0,0.0,0.0,0.0,0.0,0.0,0.0,8.4293696e-08,1.0,0.0
162,0.0,0.0,0.0,0.0,0.0,0.0,0.0,8.4293696e-08,1.0,0.0
163,0.0,0.0,0.0,0.0,0.0,0.0,0.0,8.4293696e-08,1.0,0.0
164,0.0,0.0,0.0,0.0,0.0,0.0,0.0,8.4293696e-08,1.0,0.0
165,0.0,0.0,0.0,0.0,0.0,0.0,0.0,8.4293696e-08,1.0,0.0
166,0.0,0.0,0.0,0.0,0.0,0.0,0.0,8.4293696e-08,1.0,0.0
167,0.0,0.0,0.0,0.0,0.0,0.0,0.0,8.4293696e-08,1.0,0.0
168,0.0,0.0,0.0,0.0,0.0,0.0,0.0,8.4293696e-08,1.0,0.0
169,0.0,0.0,0.0,0.0,0.0,0.0,0.0,8.4293696e-08,1.0,0.0
170,0.0,0.0,0.0,0.0,0.0,0.0,0.0,8.4293696e-08,1.0,0.0
171,0.0,0.0,0.0,0.0,0.0,0.0,0.0,8.4293696e-08,1.0,0.0
172,0.0,0.0,0.0,0.0,0.0,0.0,0.0,8.4293696e-08,1.0,0.0
173,0.0,0.0,0.0,0.0,0.0,0.0,0.0,8.4293696e-08,1.0,0.0
174,0.0,0.0,0.0,0.0,0.0,0.0,0.0,8.4293696e-08,1.0,0.0
175,0.0,0.0,0.0,0.0,0.0,0.0,0.0,8.4293696e-08,1.0,0.0
176,0.0,0.0,0.0,0.0,0.0,0.0,0.0,8.4293696e-08,1.0,0.0
177,0.0,0.0,0.0,0.0,0.0,0.0,0.0,8.4293696e-08,1.0,0.0
178,0.0,0.0,0.0,0.0,0.0,0.0,0.0,8.4293696e-08,1.0,0.0
179,0.0,0.0,0.0,0.0,0.0,0.0,0.0,8.4293696e-08,1.0,0.0
180,0.0,0.0,0.0,0.0,0.0,0.0,0.0,8.4293696e-08,1.0,0.0
181,0.0,0.0,0.0,0.0,0.0,0.0,0.0,8.4293696e-08,1.0,0.0
182,0.0,0.0,0.0,0.0,0.0,0.0,0.0,8.4293696e-08,1.0,0.0
183,0.0,0.0,0.0,0.0,0.0,0.0,0.0,8.4293696e-08,1.0,0.0
184,0.0,0.0,0.0,0.0,0.0,0.0,0.0,8.4293696e-08,1.0,0.0
185,0.0,0.0,0.0,0.0,0.0,0.0,0.0,8.4293696e-08,1.0,0.0
186,0.0,0.0,0.0,0.0,0.0,0.0,0.0,8.4293696e-08,1.0,0.0
187,0.0,0.0,0.0,0.0,0.0,0.0,0.0,8.4293696e-08,1.0,0.0
188,0.0,0.0,0.0,0.0,0.0,0.0,0.0,8.4293696e-08,1.0,0.0
189,0.0,0.0,0.0,0.0,0.0,0.0,0.0,8.4293696e-08,1.0,0.0
190,0.0,0.0,0.0,0.0,0.0,0.0,0.0,8.4293696e-08,1.0,0.0
191,0.0,0.0,0.0,0.0,0.0,0.0,0.0,8.4293696e-08,1.0,0.0
192,0.0,0.0,0.0,0.0,0.0,0.0,0.0,8.4293696e-08,1.0,0.0
193,0.0,0.0,0.0,0.0,0.0,0.0,0.0,8.4293696e-08,1.0,0.0
194,0.0,0.0,0.0,0.0,0.0,0.0,0.0,8.4293696e-08,1.0,0.0
195,0.0,0.0,0.0,0.0,0.0,0.0,0.0,8.4293696e-08,1.0,0.0
196,0.0,0.0,0.0,0.0,0.0,0.0,0.0,8.4293696e-08,1.0,0.0
197,0.0,0.0,0.0,0.0,0.0,0.0,0.0,8.4293696e-08,1.0,0.0
198,0.0,0.0,0.0,0.0,0.0,0.0,0.0,8.4293696e-08,1.0,0.0
199,0.0,0.0,0.0,0.0,0.0,0.0,0.0,8.4293696e-08,1.0,0.0
200,0.0,0.0,0.0,0.0,0.0,0.0,0.0,8.4293696e-08,1.0,0.0
201,0.0,0.0,0.0,0.0,0.0,0.0,0.0,8.4293696e-08,1.0,0.0
202,0.0,0.0,0.0,0.0,0.0,0.0,0.0,8.4293696e-08,1.0,0.0
203,0.0,0.0,0.0,0.0,0.0,0.0,0.0,8.4293696e-08,1.0,0.0
204,0.0,0.0,0.0,0.0,0.0,0.0,0.0,8.4293696e-08,1.0,0.0
205,0.0,0.0,0.0,0.0,0.0,0.0,0.0,8.4293696e-08,1.0,0.0
206,0.0,0.0,0.0,0.0,0.0,0.0,0.0,8.4293696e-08,1.0,0.0
207,0.0,0.0,0.0,0.0,0.0,0.0,0.0,8.4293696e-08,1.0,0.0
208,0.0,0.0,0.0,0.0,0.0,0.0,0.0,8.4293696e-08,1.0,0.0
209,0.0,0.0,0.0,0.0,0.0,0.0,0.0,8.4293696e-08,1.0,0.0
210,0.0,0.0,0.0,0.0,0.0,0.0,0.0,8.4293696e-08,1.0,0.0
211,0.0,0.0,0.0,0.0,0.0,0.0,0.0,8.4293696e-08,1.0,0.0
212,0.0,0.0,0.0,0.0,0.0,0.0,0.0,8.4293696e-08,1.0,0.0
213,0.0,0.0,0.0,0.0,0.0,0.0,0.0,8.4293696e-08,1.0,0.0
214,0.0,0.0,0.0,0.0,0.0,0.0,0.0,8.4293696e-08,1.0,0.0
215,0.0,0.0,0.0,0.0,0.0,0.0,0.0,8.4293696e-08,1.0,0.0
216,0.0,0.0,0.0,0.0,0.0,0.0,0.0,8.4293696e-08,1.0,0.0
217,0.0,0.0,0.0,0.0,0.0,0.0,0.0,8.4293696e-08,1.0,0.0
218,0.0,0.0,0.0,0.0,0.0,0.0,0.0,8.4293696e-08,1.0,0.0
219,0.0,0.0,0.0,0.0,0.0,0.0,0.0,8.4293696e-08,1.0,0.0
220,0.0,0.0,0.0,0.0,0.0,0.0,0.0,8.4293696e-08,1.0,0.0
221,0.0,0.0,0.0,0.0,0.0,0.0,0.0,8.4293696e-08,1.0,0.0
222,0.0,0.0,0.0,0.0,0.0,0.0,0.0,8.4293696e-08,1.0,0.0
223,0.0,0.0,0.0,0.0,0.0,0.0,0.0,8.4293696e-08,1.0,0.0
224,0.0,0.0,0.0,0.0,0.0,0.0,0.0,8.4293696e-08,1.0,0.0
225,0.0,0.0,0.0,0.0,0.0,0.0,0.0,8.4293696e-08,1.0,0.0
226,0.0,0.0,0.0,0.0,0.0,0.0,0.0,8.4293696e-08,1.0,0.0
227,0.0,0.0,0.0,0.0,0.0,0.0,0.0,8.4293696e-08,1.0,0.0
228,0.0,0.0,0.0,0.0,0.0,0.0,0.0,8.4293696e-08,1.0,0.0
229,0.0,0.0,0.0,0.0,0.0,0.0,0.0,8.4293696e-08,1.0,0.0
230,0.0,0.0,0.0,0.0,0.0,0.0,0.0,8.4293696e-08,1.0,0.0
231,0.0,0.0,0.0,0.0,0.0,0.0,0.0,8.4293696e-08,1.0,0.0
232,0.0,0.0,0.0,0.0,0.0,0.0,0.0,8.4293696e-08,1.0,0.0
233,0.0,0.0,0.0,0.0,0.0,0.0,0.0,8.4293696e-08,1.0,0.0
234,0.0,0.0,0.0,0.0,0.0,0.0,0.0,8.4293696e-08,1.0,0.0
235,0.0,0.0,0.0,0.0,0.0,0.0,0.0,8.4293696e-08,1.0,0.0
236,0.0,0.0,0.0,0.0,0.0,0.0,0.0,8.4293696e-08,1.0,0.0
237,0.0,0.0,0.0,0.0,0.0,0.0,0.0,8.4293696e-08,1.0,0.0
238,0.0,0.0,0.0,0.0,0.0,0.0,0.0,8.4293696e-08,1.0,0.0
239,0.0,0.0,0.0,0.0,0.0,0.0,0.0,8.4293696e-08,1.0,0.0
240,0.0,0.0,0.0,0.0,0.0,0.0,0.0,8.4293696e-08,1.0,0.0
241,0.0,0.0,0.0,0.0,0.0,0.0,0.0,8.4293696e-08,1.0,0.0
242,0.0,0.0,0.0,0.0,0.0,0.0,0.0,8.4293696e-08,1.0,0.0
243,0.0,0.0,0.0,0.0,0.0,0.0,0.0,8.4293696e-08,1.0,0.0
244,0.0,0.0,0.0,0.0,0.0,0.0,0.0,8.4293696e-08,1.0,0.0
245,0.0,0.0,0.0,0.0,0.0,0.0,0.0,8.4293696e-08,1.0,0.0
246,0.0,0.0,0.0,0.0,0.0,0.0,0.0,8.4293696e-08,1.0,0.0
247,0.0,0.0,0.0,0.0,0.0,0.0,0.0,8.4293696e-08,1.0,0.0
248,0.0,0.0,0.0,0.0,0.0,0.0,0.0,8.4293696e-08,1.0,0.0
249,0.0,0.0,0.0,0.0,0.0,0.0,0.0,8.4293696e-08,1.0,0.0
250,0.0,0.0,0.0,0.0,0.0,0.0,0.0,8.4293696e-08,1.0,0.0
251,0.0,0.0,0.0,0.0,0.0,0.0,0.0,8.4293696e-08,1.0,0.0
252,0.0,0.0,0.0,0.0,0.0,0.0,0.0,8.4293696e-08,1.0,0.0
253,0.0,0.0,0.0,0.0,0.0,0.0,0.0,8.4293696e-08,1.0,0.0
254,0.0,0.0,0.0,0.0,0.0,0.0,0.0,8.4293696e-08,1.0,0.0
255,0.0,0.0,0.0,0.0,0.0,0.0,0.0,8.4293696e-08,1.0,0.0
256,0.0,0.0,0.0,0.0,0.0,0.0,0.0,8.4293696e-08,1.0,0.0
257,0.0,0.0,0.0,0.0,0.0,0.0,0.0,8.4293696e-08,1.0,0.0
258,0.0,0.0,0.0,0.0,0.0,0.0,0.0,8.4293696e-08,1.0,0.0
259,0.0,0.0,0.0,0.0,0.0,0.0,0.0,8.4293696e-08,1.0,0.0
260,0.0,0.0,0.0,0.0,0.0,0.0,0.0,8.4293696e-08,1.0,0.0
261,0.0,0.0,0.0,0.0,0.0,0.0,0.0,8.4293696e-08,1.0,0.0
262,0.0,0.0,0.0,0.0,0.0,0.0,0.0,8.4293696e-08,1.0,0.0
263,0.0,0.0,0.0,0.0,0.0,0.0,0.0,8.4293696e-08,1.0,0.0
264,0.0,0.0,0.0,0.0,0.0,0.0,0.0,8.4293696e-08,1.0,0.0
265,0.0,0.0,0.0,0.0,0.0,0.0,0.0,8.4293696e-08,1.0,0.0
266,0.0,0.0,0.0,0.0,0.0,0.0,0.0,8.4293696e-08,1.0,0.0
267,0.0,0.0,0.0,0.0,0.0,0.0,0.0,8.4293696e-08,1.0,0.0
268,0.0,0.0,0.0,0.0,0.0,0.0,0.0,8.4293696e-08,1.0,0.0
269,0.0,0.0,0.0,0.0,0.0,0.0,0.0,8.4293696e-08,1.0,0.0
270,0.0,0.0,0.0,0.0,0.0,0.0,0.0,8.4293696e-08,1.0,0.0
271,0.0,0.0,0.0,0.0,0.0,0.0,0.0,8.4293696e-08,1.0,0.0
272,0.0,0.0,0.0,0.0,0.0,0.0,0.0,8.4293696e-08,1.0,0.0
273,0.0,0.0,0.0,0.0,0.0,0.0,0.0,8.4293696e-08,1.0,0.0
274,0.0,0.0,0.0,0.0,0.0,0.0,0.0,8.4293696e-08,1.0,0.0
275,0.0,0.0,0.0,0.0,0.0,0.0,0.0,8.4293696e-08,1.0,0.0
276,0.0,0.0,0.0,0.0,0.0,0.0,0.0,8.4293696e-08,1.0,0.0
277,0.0,0.0,0.0,0.0,0.0,0.0,0.0,8.4293696e-08,1.0,0.0
278,0.0,0.0,0.0,0.0,0.0,0.0,0.0,8.4293696e-08,1.0,0.0
279,0.0,0.0,0.0,0.0,0.0,0.0,0.0,8.4293696e-08,1.0,0.0
280,0.0,0.0,0.0,0.0,0.0,0.0,0.0,8.4293696e-08,1.0,0.0
281,0.0,0.0,0.0,0.0,0.0,0.0,0.0,8.4293696e-08,1.0,0.0
282,0.0,0.0,0.0,0.0,0.0,0.0,0.0,8.4293696e-08,1.0,0.0
283,0.0,0.0,0.0,0.0,0.0,0.0,0.0,8.4293696e-08,1.0,0.0
284,0.0,0.0,0.0,0.0,0.0,0.0,0.0,8.4293696e-08,1.0,0.0
285,0.0,0.0,0.0,0.0,0.0,0.0,0.0,8.4293696e-08,1.0,0.0
286,0.0,0.0,0.0,0.0,0.0,0.0,0.0,8.4293696e-08,1.0,0.0
287,0.0,0.0,0.0,0.0,0.0,0.0,0.0,8.4293696e-08,1.0,0.0
288,0.0,0.0,0.0,0.0,0.0,0.0,0.0,8.4293696e-08,1.0,0.0
289,0.0,0.0,0.0,0.0,0.0,0.0,0.0,8.4293696e-08,1.0,0.0
290,0.0,0.0,0.0,0.0,0.0,0.0,0.0,8.4293696e-08,1.0,0.0
291,0.0,0.0,0.0,0.0,0.0,0.0,0.0,8.4293696e-08,1.0,0.0
292,0.0,0.0,0.0,0.0,0.0,0.0,0.0,8.4293696e-08,1.0,0.0
293,0.0,0.0,0.0,0.0,0.0,0.0,0.0,8.4293696e-08,1.0,0.0
294,0.0,0.0,0.0,0.0,0.0,0.0,0.0,8.4293696e-08,1.0,0.0
295,0.0,0.0,0.0,0.0,0.0,0.0,0.0,8.4293696e-08,1.0,0.0
296,0.0,0.0,0.0,0.0,0.0,0.0,0.0,8.4293696e-08,1.0,0.0
297,0.0,0.0,0.0,0.0,0.0,0.0,0.0,8.4293696e-08,1.0,0.0
298,0.0,0.0,0.0,0.0,0.0,0.0,0.0,8.4293696e-08,1.0,0.0
299,0.0,0.0,0.0,0.0,0.0,0.0,0.0,8.4293696e-08,1.0,0.0
300,0.0,0.0,0.0,0.0,0.0,0.0,0.0,8.4293696e-08,1.0,0.0
301,0.0,0.0,0.0,0.0,0.0,0.0,0.0,8.4293696e-08,1.0,0.0
302,0.0,0.0,0.0,0.0,0.0,0.0,0.0,8.4293696e-08,1.0,0.0
303,0.0,0.0,0.0,0.0,0.0,0.0,0.0,8.4293696e-08,1.0,0.0
304,0.0,0.0,0.0,0.0,0.0,0.0,0.0,8.4293696e-08,1.0,0.0
305,0.0,0.0,0.0,0.0,0.0,0.0,0.0,8.4293696e-08,1.0,0.0
306,0.0,0.0,0.0,0.0,0.0,0.0,0.0,8.4293696e-08,1.0,0.0
307,0.0,0.0,0.0,0.0,0.0,0.0,0.0,8.4293696e-08,1.0,0.0
308,0.0,0.0,0.0,0.0,0.0,0.0,0.0,8.4293696e-08,1.0,0.0
309,0.0,0.0,0.0,0.0,0.0,0.0,0.0,8.4293696e-08,1.0,0.0
310,0.0,0.0,0.0,0.0,0.0,0.0,0.0,8.4293696e-08,1.0,0.0
311,0.0,0.0,0.0,0.0,0.0,0.0,0.0,8.4293696e-08,1.0,0.0
312,0.0,0.0,0.0,0.0,0.0,0.0,0.0,8.4293696e-08,1.0,0.0
313,0.0,0.0,0.0,0.0,0.0,0.0,0.0,8.4293696e-08,1.0,0.0
314,0.0,0.0,0.0,0.0,0.0,0.0,0.0,8.4293696e-08,1.0,0.0
315,0.0,0.0,0.0,0.0,0.0,0.0,0.0,8.4293696e-08,1.0,0.0
316,0.0,0.0,0.0,0.0,0.0,0.0,0.0,8.4293696e-08,1.0,0.0
317,0.0,0.0,0.0,0.0,0.0,0.0,0.0,8.4293696e-08,1.0,0.0
318,0.0,0.0,0.0,0.0,0.0,0.0,0.0,8.4293696e-08,1.0,0.0
319,0.0,0.0,0.0,0.0,0.0,0.0,0.0,8.4293696e-08,1.0,0.0
320,0.0,0.0,0.0,0.0,0.0,0.0,0.0,8.4293696e-08,1.0,0.0
321,0.0,0.0,0.0,0.0,0.0,0.0,0.0,8.4293696e-08,1.0,0.0
322,0.0,0.0,0.0,0.0,0.0,0.0,0.0,8.4293696e-08,1.0,0.0
323,0.0,0.0,0.0,0.0,0.0,0.0,0.0,8.4293696e-08,1.0,0.0
324,0.0,0.0,0.0,0.0,0.0,0.0,0.0,8.4293696e-08,1.0,0.0
325,0.0,0.0,0.0,0.0,0.0,0.0,0.0,8.4293696e-08,1.0,0.0
326,0.0,0.0,0.0,0.0,0.0,0.0,0.0,8.4293696e-08,1.0,0.0
327,0.0,0.0,0.0,0.0,0.0,0.0,0.0,8.4293696e-08,1.0,0.0
328,0.0,0.0,0.0,0.0,0.0,0.0,0.0,8.4293696e-08,1.0,0.0
329,0.0,0.0,0.0,0.0,0.0,0.0,0.0,8.4293696e-08,1.0,0.0
330,0.0,0.0,0.0,0.0,0.0,0.0,0.0,8.4293696e-08,1.0,0.0
331,0.0,0.0,0.0,0.0,0.0,0.0,0.0,8.4293696e-08,1.0,0.0
332,0.0,0.0,0.0,0.0,0.0,0.0,0.0,8.4293696e-08,1.0,0.0
333,0.0,0.0,0.0,0.0,0.0,0.0,0.0,8.4293696e-08,1.0,0.0
334,0.0,0.0,0.0,0.0,0.0,0.0,0.0,8.4293696e-08,1.0,0.0
335,0.0,0.0,0.0,0.0,0.0,0.0,0.0,8.4293696e-08,1.0,0.0
336,0.0,0.0,0.0,0.0,0.0,0.0,0.0,8.4293696e-08,1.0,0.0
337,0.0,0.0,0.0,0.0,0.0,0.0,0.0,8.4293696e-08,1.0,0.0
338,0.0,0.0,0.0,0.0,0.0,0.0,0.0,8.4293696e-08,1.0,0.0
339,0.0,0.0,0.0,0.0,0.0,0.0,0.0,8.4293696e-08,1.0,0.0
340,0.0,0.0,0.0,0.0,0.0,0.0,0.0,8.4293696e-08,1.0,0.0
341,0.0,0.0,0.0,0.0,0.0,0.0,0.0,8.4293696e-08,1.0,0.0
342,0.0,0.0,0.0,0.0,0.0,0.0,0.0,8.4293696e-08,1.0,0.0
343,0.0,0.0,0.0,0.0,0.0,0.0,0.0,8.4293696e-08,1.0,0.0
344,0.0,0.0,0.0,0.0,0.0,0.0,0.0,8.4293696e-08,1.0,0.0
345,0.0,0.0,0.0,0.0,0.0,0.0,0.0,8.4293696e-08,1.0,0.0
346,0.0,0.0,0.0,0.0,0.0,0.0,0.0,8.4293696e-08,1.0,0.0
347,0.0,0.0,0.0,0.0,0.0,0.0,0.0,8.4293696e-08,1.0,0.0
348,0.0,0.0,0.0,0.0,0.0,0.0,0.0,8.4293696e-08,1.0,0.0
349,0.0,0.0,0.0,0.0,0.0,0.0,0.0,8.4293696e-08,1.0,0.0
350,0.0,0.0,0.0,0.0,0.0,0.0,0.0,8.4293696e-08,1.0,0.0
351,0.0,0.0,0.0,0.0,0.0,0.0,0.0,8.4293696e-08,1.0,0.0
352,0.0,0.0,0.0,0.0,0.0,0.0,0.0,8.4293696e-08,1.0,0.0
353,0.0,0.0,0.0,0.0,0.0,0.0,0.0,8.4293696e-08,1.0,0.0
354,0.0,0.0,0.0,0.0,0.0,0.0,0.0,8.4293696e-08,1.0,0.0
355,0.0,0.0,0.0,0.0,0.0,0.0,0.0,8.4293696e-08,1.0,0.0
356,0.0,0.0,0.0,0.0,0.0,0.0,0.0,8.4293696e-08,1.0,0.0
357,0.0,0.0,0.0,0.0,0.0,0.0,0.0,8.4293696e-08,1.0,0.0
358,0.0,0.0,0.0,0.0,0.0,0.0,0.0,8.4293696e-08,1.0,0.0
359,0.0,0.0,0.0,0.0,0.0,0.0,0.0,8.4293696e-08,1.0,0.0
360,0.0,0.0,0.0,0.0,0.0,0.0,0.0,8.4293696e-08,1.0,0.0
361,0.0,0.0,0.0,0.0,0.0,0.0,0.0,8.4293696e-08,1.0,0.0
362,0.0,0.0,0.0,0.0,0.0,0.0,0.0,8.4293696e-08,1.0,0.0
363,0.0,0.0,0.0,0.0,0.0,0.0,0.0,8.4293696e-08,1.0,0.0
364,0.0,0.0,0.0,0.0,0.0,0.0,0.0,8.4293696e-08,1.0,0.0
365,0.0,0.0,0.0,0.0,0.0,0.0,0.0,8.4293696e-08,1.0,0.0
366,0.0,0.0,0.0,0.0,0.0,0.0,0.0,8.4293696e-08,1.0,0.0
367,0.0,0.0,0.0,0.0,0.0,0.0,0.0,8.4293696e-08,1.0,0.0
368,0.0,0.0,0.0,0.0,0.0,0.0,0.0,8.4293696e-08,1.0,0.0
369,0.0,0.0,0.0,0.0,0.0,0.0,0.0,8.4293696e-08,1.0,0.0
370,0.0,0.0,0.0,0.0,0.0,0.0,0.0,8.4293696e-08,1.0,0.0
371,0.0,0.0,0.0,0.0,0.0,0.0,0.0,8.4293696e-08,1.0,0.0
372,0.0,0.0,0.0,0.0,0.0,0.0,0.0,8.4293696e-08,1.0,0.0
373,0.0,0.0,0.0,0.0,0.0,0.0,0.0,8.4293696e-08,1.0,0.0
374,0.0,0.0,0.0,0.0,0.0,0.0,0.0,8.4293696e-08,1.0,0.0
375,0.0,0.0,0.0,0.0,0.0,0.0,0.0,8.4293696e-08,1.0,0.0
376,0.0,0.0,0.0,0.0,0.0,0.0,0.0,8.4293696e-08,1.0,0.0
377,0.0,0.0,0.0,0.0,0.0,0.0,0.0,8.4293696e-08,1.0,0.0
378,0.0,0.0,0.0,0.0,0.0,0.0,0.0,8.4293696e-08,1.0,0.0
379,0.0,0.0,0.0,0.0,0.0,0.0,0.0,8.4293696e-08,1.0,0.0
380,0.0,0.0,0.0,0.0,0.0,0.0,0.0,8.4293696e-08,1.0,0.0
381,0.0,0.0,0.0,0.0,0.0,0.0,0.0,8.4293696e-08,1.0,0.0
382,0.0,0.0,0.0,0.0,0.0,0.0,0.0,8.4293696e-08,1.0,0.0
383,0.0,0.0,0.0,0.0,0.0,0.0,0.0,8.4293696e-08,1.0,0.0
384,0.0,0.0,0.0,0.0,0.0,0.0,0.0,8.4293696e-08,1.0,0.0
385,0.0,0.0,0.0,0.0,0.0,0.0,0.0,8.4293696e-08,1.0,0.0
386,0.0,0.0,0.0,0.0,0.0,0.0,0.0,8.4293696e-08,1.0,0.0
387,0.0,0.0,0.0,0.0,0.0,0.0,0.0,8.4293696e-08,1.0,0.0
388,0.0,0.0,0.0,0.0,0.0,0.0,0.0,8.4293696e-08,1.0,0.0
389,0.0,0.0,0.0,0.0,0.0,0.0,0.0,8.4293696e-08,1.0,0.0
390,0.0,0.0,0.0,0.0,0.0,0.0,0.0,8.4293696e-08,1.0,0.0
391,0.0,0.0,0.0,0.0,0.0,0.0,0.0,8.4293696e-08,1.0,0.0
392,0.0,0.0,0.0,0.0,0.0,0.0,0.0,8.4293696e-08,1.0,0.0
393,0.0,0.0,0.0,0.0,0.0,0.0,0.0,8.4293696e-08,1.0,0.0
394,0.0,0.0,0.0,0.0,0.0,0.0,0.0,8.4293696e-08,1.0,0.0
395,0.0,0.0,0.0,0.0,0.0,0.0,0.0,8.4293696e-08,1.0,0.0
396,0.0,0.0,0.0,0.0,0.0,0.0,0.0,8.4293696e-08,1.0,0.0
397,0.0,0.0,0.0,0.0,0.0,0.0,0.0,8.4293696e-08,1.0,0.0
398,0.0,0.0,0.0,0.0,0.0,0.0,0.0,8.4293696e-08,1.0,0.0
399,0.0,0.0,0.0,0.0,0.0,0.0,0.0,8.4293696e-08,1.0,0.0
400,0.0,0.0,0.0,0.0,0.0,0.0,0.0,8.4293696e-08,1.0,0.0
401,0.0,0.0,0.0,0.0,0.0,0.0,0.0,8.4293696e-08,1.0,0.0
402,0.0,0.0,0.0,0.0,0.0,0.0,0.0,8.4293696e-08,1.0,0.0
403,0.0,0.0,0.0,0.0,0.0,0.0,0.0,8.4293696e-08,1.0,0.0
404,0.0,0.0,0.0,0.0,0.0,0.0,0.0,8.4293696e-08,1.0,0.0
405,0.0,0.0,0.0,0.0,0.0,0.0,0.0,8.4293696e-08,1.0,0.0
406,0.0,0.0,0.0,0.0,0.0,0.0,0.0,8.4293696e-08,1.0,0.0
407,0.0,0.0,0.0,0.0,0.0,0.0,0.0,8.4293696e-08,1.0,0.0
408,0.0,0.0,0.0,0.0,0.0,0.0,0.0,8.4293696e-08,1.0,0.0
409,0.0,0.0,0.0,0.0,0.0,0.0,0.0,8.4293696e-08,1.0,0.0
410,0.0,0.0,0.0,0.0,0.0,0.0,0.0,8.4293696e-08,1.0,0.0
411,0.0,0.0,0.0,0.0,0.0,0.0,0.0,8.4293696e-08,1.0,0.0
412,0.0,0.0,0.0,0.0,0.0,0.0,0.0,8.4293696e-08,1.0,0.0
413,0.0,0.0,0.0,0.0,0.0,0.0,0.0,8.4293696e-08,1.0,0.0
414,0.0,0.0,0.0,0.0,0.0,0.0,0.0,8.4293696e-08,1.0,0.0
415,0.0,0.0,0.0,0.0,0.0,0.0,0.0,8.4293696e-08,1.0,0.0
416,0.0,0.0,0.0,0.0,0.0,0.0,0.0,8.4293696e-08,1.0,0.0
417,0.0,0.0,0.0,0.0,0.0,0.0,0.0,8.4293696e-08,1.0,0.0
418,0.0,0.0,0.0,0.0,0.0,0.0,0.0,8.4293696e-08,1.0,0.0
419,0.0,0.0,0.0,0.0,0.0,0.0,0.0,8.4293696e-08,1.0,0.0
420,0.0,0.0,0.0,0.0,0.0,0.0,0.0,8.4293696e-08,1.0,0.0
421,0.0,0.0,0.0,0.0,0.0,0.0,0.0,8.4293696e-08,1.0,0.0
422,0.0,0.0,0.0,0.0,0.0,0.0,0.0,8.4293696e-08,1.0,0.0
423,0.0,0.0,0.0,0.0,0.0,0.0,0.0,8.4293696e-08,1.0,0.0
424,0.0,0.0,0.0,0.0,0.0,0.0,0.0,8.4293696e-08,1.0,0.0
425,0.0,0.0,0.0,0.0,0.0,0.0,0.0,8.4293696e-08,1.0,0.0
426,0.0,0.0,0.0,0.0,0.0,0.0,0.0,8.4293696e-08,1.0,0.0
427,0.0,0.0,0.0,0.0,0.0,0.0,0.0,8.4293696e-08,1.0,0.0
428,0.0,0.0,0.0,0.0,0.0,0.0,0.0,8.4293696e-08,1.0,0.0
429,0.0,0.0,0.0,0.0,0.0,0.0,0.0,8.4293696e-08,1.0,0.0
430,0.0,0.0,0.0,0.0,0.0,0.0,0.0,8.4293696e-08,1.0,0.0
431,0.0,0.0,0.0,0.0,0.0,0.0,0.0,8.4293696e-08,1.0,0.0
432,0.0,0.0,0.0,0.0,0.0,0.0,0.0,8.4293696e-08,1.0,0.0
433,0.0,0.0,0.0,0.0,0.0,0.0,0.0,8.4293696e-08,1.0,0.0
434,0.0,0.0,0.0,0.0,0.0,0.0,0.0,8.4293696e-08,1.0,0.0
435,0.0,0.0,0.0,0.0,0.0,0.0,0.0,8.4293696e-08,1.0,0.0
436,0.0,0.0,0.0,0.0,0.0,0.0,0.0,8.4293696e-08,1.0,0.0
437,0.0,0.0,0.0,0.0,0.0,0.0,0.0,8.4293696e-08,1.0,0.0
438,0.0,0.0,0.0,0.0,0.0,0.0,0.0,8.4293696e-08,1.0,0.0
439,0.0,0.0,0.0,0.0,0.0,0.0,0.0,8.4293696e-08,1.0,0.0
440,0.0,0.0,0.0,0.0,0.0,0.0,0.0,8.4293696e-08,1.0,0.0
441,0.0,0.0,0.0,0.0,0.0,0.0,0.0,8.4293696e-08,1.0,0.0
442,0.0,0.0,0.0,0.0,0.0,0.0,0.0,8.4293696e-08,1.0,0.0
443,0.0,0.0,0.0,0.0,0.0,0.0,0.0,8.4293696e-08,1.0,0.0
444,0.0,0.0,0.0,0.0,0.0,0.0,0.0,8.4293696e-08,1.0,0.0
445,0.0,0.0,0.0,0.0,0.0,0.0,0.0,8.4293696e-08,1.0,0.0
446,0.0,0.0,0.0,0.0,0.0,0.0,0.0,8.4293696e-08,1.0,0.0
447,0.0,0.0,0.0,0.0,0.0,0.0,0.0,8.4293696e-08,1.0,0.0
448,0.0,0.0,0.0,0.0,0.0,0.0,0.0,8.4293696e-08,1.0,0.0
449,0.0,0.0,0.0,0.0,0.0,0.0,0.0,8.4293696e-08,1.0,0.0
450,0.0,0.0,0.0,0.0,0.0,0.0,0.0,8.4293696e-08,1.0,0.0
451,0.0,0.0,0.0,0.0,0.0,0.0,0.0,8.4293696e-08,1.0,0.0
452,0.0,0.0,0.0,0.0,0.0,0.0,0.0,8.4293696e-08,1.0,0.0
453,0.0,0.0,0.0,0.0,0.0,0.0,0.0,8.4293696e-08,1.0,0.0
454,0.0,0.0,0.0,0.0,0.0,0.0,0.0,8.4293696e-08,1.0,0.0
455,0.0,0.0,0.0,0.0,0.0,0.0,0.0,8.4293696e-08,1.0,0.0
456,0.0,0.0,0.0,0.0,0.0,0.0,0.0,8.4293696e-08,1.0,0.0
457,0.0,0.0,0.0,0.0,0.0,0.0,0.0,8.4293696e-08,1.0,0.0
458,0.0,0.0,0.0,0.0,0.0,0.0,0.0,8.4293696e-08,1.0,0.0
459,0.0,0.0,0.0,0.0,0.0,0.0,0.0,8.4293696e-08,1.0,0.0
460,0.0,0.0,0.0,0.0,0.0,0.0,0.0,8.4293696e-08,1.0,0.0
461,0.0,0.0,0.0,0.0,0.0,0.0,0.0,8.4293696e-08,1.0,0.0
462,0.0,0.0,0.0,0.0,0.0,0.0,0.0,8.4293696e-08,1.0,0.0
463,0.0,0.0,0.0,0.0,0.0,0.0,0.0,8.4293696e-08,1.0,0.0
464,0.0,0.0,0.0,0.0,0.0,0.0,0.0,8.4293696e-08,1.0,0.0
465,0.0,0.0,0.0,0.0,0.0,0.0,0.0,8.4293696e-08,1.0,0.0
466,0.0,0.0,0.0,0.0,0.0,0.0,0.0,8.4293696e-08,1.0,0.0
467,0.0,0.0,0.0,0.0,0.0,0.0,0.0,8.4293696e-08,1.0,0.0
468,0.0,0.0,0.0,0.0,0.0,0.0,0.0,8.4293696e-08,1.0,0.0
469,0.0,0.0,0.0,0.0,0.0,0.0,0.0,8.4293696e-08,1.0,0.0
470,0.0,0.0,0.0,0.0,0.0,0.0,0.0,8.4293696e-08,1.0,0.0
471,0.0,0.0,0.0,0.0,0.0,0.0,0.0,8.4293696e-08,1.0,0.0
472,0.0,0.0,0.0,0.0,0.0,0.0,0.0,8.4293696e-08,1.0,0.0
473,0.0,0.0,0.0,0.0,0.0,0.0,0.0,8.4293696e-08,1.0,0.0
474,0.0,0.0,0.0,0.0,0.0,0.0,0.0,8.4293696e-08,1.0,0.0
475,0.0,0.0,0.0,0.0,0.0,0.0,0.0,8.4293696e-08,1.0,0.0
476,0.0,0.0,0.0,0.0,0.0,0.0,0.0,8.4293696e-08,1.0,0.0
477,0.0,0.0,0.0,0.0,0.0,0.0,0.0,8.4293696e-08,1.0,0.0
478,0.0,0.0,0.0,0.0,0.0,0.0,0.0,8.4293696e-08,1.0,0.0
479,0.0,0.0,0.0,0.0,0.0,0.0,0.0,8.4293696e-08,1.0,0.0
480,0.0,0.0,0.0,0.0,0.0,0.0,0.0,8.4293696e-08,1.0,0.0
481,0.0,0.0,0.0,0.0,0.0,0.0,0.0,8.4293696e-08,1.0,0.0
482,0.0,0.0,0.0,0.0,0.0,0.0,0.0,8.4293696e-08,1.0,0.0
483,0.0,0.0,0.0,0.0,0.0,0.0,0.0,8.4293696e-08,1.0,0.0
484,0.0,0.0,0.0,0.0,0.0,0.0,0.0,8.4293696e-08,1.0,0.0
485,0.0,0.0,0.0,0.0,0.0,0.0,0.0,8.4293696e-08,1.0,0.0
486,0.0,0.0,0.0,0.0,0.0,0.0,0.0,8.4293696e-08,1.0,0.0
487,0.0,0.0,0.0,0.0,0.0,0.0,0.0,8.4293696e-08,1.0,0.0
488,0.0,0.0,0.0,0.0,0.0,0.0,0.0,8.4293696e-08,1.0,0.0
489,0.0,0.0,0.0,0.0,0.0,0.0,0.0,8.4293696e-08,1.0,0.0
490,0.0,0.0,0.0,0.0,0.0,0.0,0.0,8.4293696e-08,1.0,0.0
491,0.0,0.0,0.0,0.0,0.0,0.0,0.0,8.4293696e-08,1.0,0.0
492,0.0,0.0,0.0,0.0,0.0,0.0,0.0,8.4293696e-08,1.0,0.0
493,0.0,0.0,0.0,0.0,0.0,0.0,0.0,8.4293696e-08,1.0,0.0
494,0.0,0.0,0.0,0.0,0.0,0.0,0.0,8.4293696e-08,1.0,0.0
495,0.0,0.0,0.0,0.0,0.0,0.0,0.0,8.4293696e-08,1.0,0.0
496,0.0,0.0,0.0,0.0,0.0,0.0,0.0,8.4293696e-08,1.0,0.0
497,0.0,0.0,0.0,0.0,0.0,0.0,0.0,8.4293696e-08,1.0,0.0
498,0.0,0.0,0.0,0.0,0.0,0.0,0.0,8.4293696e-08,1.0,0.0
499,0.0,0.0,0.0,0.0,0.0,0.0,0.0,8.4293696e-08,1.0,0.0
500,0.0,0.0,0.0,0.0,0.0,0.0,0.0,8.4293696e-08,1.0,0.0
501,0.0,0.0,0.0,0.0,0.0,0.0,0.0,8.4293696e-08,1.0,0.0
502,0.0,0.0,0.0,0.0,0.0,0.0,0.0,8.4293696e-08,1.0,0.0
503,0.0,0.0,0.0,0.0,0.0,0.0,0.0,8.4293696e-08,1.0,0.0
504,0.0,0.0,0.0,0.0,0.0,0.0,0.0,8.4293696e-08,1.0,0.0
505,0.0,0.0,0.0,0.0,0.0,0.0,0.0,8.4293696e-08,1.0,0.0
506,0.0,0.0,0.0,0.0,0.0,0.0,0.0,8.4293696e-08,1.0,0.0
507,0.0,0.0,0.0,0.0,0.0,0.0,0.0,8.4293696e-08,1.0,0.0
508,0.0,0.0,0.0,0.0,0.0,0.0,0.0,8.4293696e-08,1.0,0.0
509,0.0,0.0,0.0,0.0,0.0,0.0,0.0,8.4293696e-08,1.0,0.0
510,0.0,0.0,0.0,0.0,0.0,0.0,0.0,8.4293696e-08,1.0,0.0
511,0.0,0.0,0.0,0.0,0.0,0.0,0.0,8.4293696e-08,1.0,0.0
512,0.0,0.0,0.0,0.0,0.0,0.0,0.0,8.4293696e-08,1.0,0.0
513,0.0,0.0,0.0,0.0,0.0,0.0,0.0,8.4293696e-08,1.0,0.0
514,0.0,0.0,0.0,0.0,0.0,0.0,0.0,8.4293696e-08,1.0,0.0
515,0.0,0.0,0.0,0.0,0.0,0.0,0.0,8.4293696e-08,1.0,0.0
516,0.0,0.0,0.0,0.0,0.0,0.0,0.0,8.4293696e-08,1.0,0.0
517,0.0,0.0,0.0,0.0,0.0,0.0,0.0,8.4293696e-08,1.0,0.0
518,0.0,0.0,0.0,0.0,0.0,0.0,0.0,8.4293696e-08,1.0,0.0
519,0.0,0.0,0.0,0.0,0.0,0.0,0.0,8.4293696e-08,1.0,0.0
520,0.0,0.0,0.0,0.0,0.0,0.0,0.0,8.4293696e-08,1.0,0.0
521,0.0,0.0,0.0,0.0,0.0,0.0,0.0,8.4293696e-08,1.0,0.0
522,0.0,0.0,0.0,0.0,0.0,0.0,0.0,8.4293696e-08,1.0,0.0
523,0.0,0.0,0.0,0.0,0.0,0.0,0.0,8.4293696e-08,1.0,0.0
524,0.0,0.0,0.0,0.0,0.0,0.0,0.0,8.4293696e-08,1.0,0.0
525,0.0,0.0,0.0,0.0,0.0,0.0,0.0,8.4293696e-08,1.0,0.0
526,0.0,0.0,0.0,0.0,0.0,0.0,0.0,8.4293696e-08,1.0,0.0
527,0.0,0.0,0.0,0.0,0.0,0.0,0.0,8.4293696e-08,1.0,0.0
528,0.0,0.0,0.0,0.0,0.0,0.0,0.0,8.4293696e-08,1.0,0.0
529,0.0,0.0,0.0,0.0,0.0,0.0,0.0,8.4293696e-08,1.0,0.0
530,0.0,0.0,0.0,0.0,0.0,0.0,0.0,8.4293696e-08,1.0,0.0
531,0.0,0.0,0.0,0.0,0.0,0.0,0.0,8.4293696e-08,1.0,0.0
532,0.0,0.0,0.0,0.0,0.0,0.0,0.0,8.4293696e-08,1.0,0.0
533,0.0,0.0,0.0,0.0,0.0,0.0,0.0,8.4293696e-08,1.0,0.0
534,0.0,0.0,0.0,0.0,0.0,0.0,0.0,8.4293696e-08,1.0,0.0
535,0.0,0.0,0.0,0.0,0.0,0.0,0.0,8.4293696e-08,1.0,0.0
536,0.0,0.0,0.0,0.0,0.0,0.0,0.0,8.4293696e-08,1.0,0.0
537,0.0,0.0,0.0,0.0,0.0,0.0,0.0,8.4293696e-08,1.0,0.0
538,0.0,0.0,0.0,0.0,0.0,0.0,0.0,8.4293696e-08,1.0,0.0
539,0.0,0.0,0.0,0.0,0.0,0.0,0.0,8.4293696e-08,1.0,0.0
540,0.0,0.0,0.0,0.0,0.0,0.0,0.0,8.4293696e-08,1.0,0.0
541,0.0,0.0,0.0,0.0,0.0,0.0,0.0,8.4293696e-08,1.0,0.0
542,0.0,0.0,0.0,0.0,0.0,0.0,0.0,8.4293696e-08,1.0,0.0
543,0.0,0.0,0.0,0.0,0.0,0.0,0.0,8.4293696e-08,1.0,0.0
544,0.0,0.0,0.0,0.0,0.0,0.0,0.0,8.4293696e-08,1.0,0.0
545,0.0,0.0,0.0,0.0,0.0,0.0,0.0,8.4293696e-08,1.0,0.0
546,0.0,0.0,0.0,0.0,0.0,0.0,0.0,8.4293696e-08,1.0,0.0
547,0.0,0.0,0.0,0.0,0.0,0.0,0.0,8.4293696e-08,1.0,0.0
548,0.0,0.0,0.0,0.0,0.0,0.0,0.0,8.4293696e-08,1.0,0.0
549,0.0,0.0,0.0,0.0,0.0,0.0,0.0,8.4293696e-08,1.0,0.0
550,0.0,0.0,0.0,0.0,0.0,0.0,0.0,8.4293696e-08,1.0,0.0
551,0.0,0.0,0.0,0.0,0.0,0.0,0.0,8.4293696e-08,1.0,0.0
552,0.0,0.0,0.0,0.0,0.0,0.0,0.0,8.4293696e-08,1.0,0.0
553,0.0,0.0,0.0,0.0,0.0,0.0,0.0,8.4293696e-08,1.0,0.0
554,0.0,0.0,0.0,0.0,0.0,0.0,0.0,8.4293696e-08,1.0,0.0
555,0.0,0.0,0.0,0.0,0.0,0.0,0.0,8.4293696e-08,1.0,0.0
556,0.0,0.0,0.0,0.0,0.0,0.0,0.0,8.4293696e-08,1.0,0.0
557,0.0,0.0,0.0,0.0,0.0,0.0,0.0,8.4293696e-08,1.0,0.0
558,0.0,0.0,0.0,0.0,0.0,0.0,0.0,8.4293696e-08,1.0,0.0
559,0.0,0.0,0.0,0.0,0.0,0.0,0.0,8.4293696e-08,1.0,0.0
560,0.0,0.0,0.0,0.0,0.0,0.0,0.0,8.4293696e-08,1.0,0.0
561,0.0,0.0,0.0,0.0,0.0,0.0,0.0,8.4293696e-08,1.0,0.0
562,0.0,0.0,0.0,0.0,0.0,0.0,0.0,8.4293696e-08,1.0,0.0
563,0.0,0.0,0.0,0.0,0.0,0.0,0.0,8.4293696e-08,1.0,0.0
564,0.0,0.0,0.0,0.0,0.0,0.0,0.0,8.4293696e-08,1.0,0.0
565,0.0,0.0,0.0,0.0,0.0,0.0,0.0,8.4293696e-08,1.0,0.0
566,0.0,0.0,0.0,0.0,0.0,0.0,0.0,8.4293696e-08,1.0,0.0
567,0.0,0.0,0.0,0.0,0.0,0.0,0.0,8.4293696e-08,1.0,0.0
568,0.0,0.0,0.0,0.0,0.0,0.0,0.0,8.4293696e-08,1.0,0.0
569,0.0,0.0,0.0,0.0,0.0,0.0,0.0,8.4293696e-08,1.0,0.0
570,0.0,0.0,0.0,0.0,0.0,0.0,0.0,8.4293696e-08,1.0,0.0
571,0.0,0.0,0.0,0.0,0.0,0.0,0.0,8.4293696e-08,1.0,0.0
572,0.0,0.0,0.0,0.0,0.0,0.0,0.0,8.4293696e-08,1.0,0.0
573,0.0,0.0,0.0,0.0,0.0,0.0,0.0,8.4293696e-08,1.0,0.0
574,0.0,0.0,0.0,0.0,0.0,0.0,0.0,8.4293696e-08,1.0,0.0
575,0.0,0.0,0.0,0.0,0.0,0.0,0.0,8.4293696e-08,1.0,0.0
576,0.0,0.0,0.0,0.0,0.0,0.0,0.0,8.4293696e-08,1.0,0.0
577,0.0,0.0,0.0,0.0,0.0,0.0,0.0,8.4293696e-08,1.0,0.0
578,0.0,0.0,0.0,0.0,0.0,0.0,0.0,8.4293696e-08,1.0,0.0
579,0.0,0.0,0.0,0.0,0.0,0.0,0.0,8.4293696e-08,1.0,0.0
580,0.0,0.0,0.0,0.0,0.0,0.0,0.0,8.4293696e-08,1.0,0.0
581,0.0,0.0,0.0,0.0,0.0,0.0,0.0,8.4293696e-08,1.0,0.0
582,0.0,0.0,0.0,0.0,0.0,0.0,0.0,8.4293696e-08,1.0,0.0
583,0.0,0.0,0.0,0.0,0.0,0.0,0.0,8.4293696e-08,1.0,0.0
584,0.0,0.0,0.0,0.0,0.0,0.0,0.0,8.4293696e-08,1.0,0.0
585,0.0,0.0,0.0,0.0,0.0,0.0,0.0,8.4293696e-08,1.0,0.0
586,0.0,0.0,0.0,0.0,0.0,0.0,0.0,8.4293696e-08,1.0,0.0
587,0.0,0.0,0.0,0.0,0.0,0.0,0.0,8.4293696e-08,1.0,0.0
588,0.0,0.0,0.0,0.0,0.0,0.0,0.0,8.4293696e-08,1.0,0.0
589,0.0,0.0,0.0,0.0,0.0,0.0,0.0,8.4293696e-08,1.0,0.0
590,0.0,0.0,0.0,0.0,0.0,0.0,0.0,8.4293696e-08,1.0,0.0
591,0.0,0.0,0.0,0.0,0.0,0.0,0.0,8.4293696e-08,1.0,0.0
592,0.0,0.0,0.0,0.0,0.0,0.0,0.0,8.4293696e-08,1.0,0.0
593,0.0,0.0,0.0,0.0,0.0,0.0,0.0,8.4293696e-08,1.0,0.0
594,0.0,0.0,0.0,0.0,0.0,0.0,0.0,8.4293696e-08,1.0,0.0
595,0.0,0.0,0.0,0.0,0.0,0.0,0.0,8.4293696e-08,1.0,0.0
596,0.0,0.0,0.0,0.0,0.0,0.0,0.0,8.4293696e-08,1.0,0.0
597,0.0,0.0,0.0,0.0,0.0,0.0,0.0,8.4293696e-08,1.0,0.0
598,0.0,0.0,0.0,0.0,0.0,0.0,0.0,8.4293696e-08,1.0,0.0
599,0.0,0.0,0.0,0.0,0.0,0.0,0.0,8.4293696e-08,1.0,0.0
600,0.0,0.0,0.0,0.0,0.0,0.0,0.0,8.4293696e-08,1.0,0.0
601,0.0,0.0,0.0,0.0,0.0,0.0,0.0,8.4293696e-08,1.0,0.0
602,0.0,0.0,0.0,0.0,0.0,0.0,0.0,8.4293696e-08,1.0,0.0
603,0.0,0.0,0.0,0.0,0.0,0.0,0.0,8.4293696e-08,1.0,0.0
604,0.0,0.0,0.0,0.0,0.0,0.0,0.0,8.4293696e-08,1.0,0.0
605,0.0,0.0,0.0,0.0,0.0,0.0,0.0,8.4293696e-08,1.0,0.0
606,0.0,0.0,0.0,0.0,0.0,0.0,0.0,8.4293696e-08,1.0,0.0
607,0.0,0.0,0.0,0.0,0.0,0.0,0.0,8.4293696e-08,1.0,0.0
608,0.0,0.0,0.0,0.0,0.0,0.0,0.0,8.4293696e-08,1.0,0.0
609,0.0,0.0,0.0,0.0,0.0,0.0,0.0,8.4293696e-08,1.0,0.0
610,0.0,0.0,0.0,0.0,0.0,0.0,0.0,8.4293696e-08,1.0,0.0
611,0.0,0.0,0.0,0.0,0.0,0.0,0.0,8.4293696e-08,1.0,0.0
612,0.0,0.0,0.0,0.0,0.0,0.0,0.0,8.4293696e-08,1.0,0.0
613,0.0,0.0,0.0,0.0,0.0,0.0,0.0,8.4293696e-08,1.0,0.0
614,0.0,0.0,0.0,0.0,0.0,0.0,0.0,8.4293696e-08,1.0,0.0
615,0.0,0.0,0.0,0.0,0.0,0.0,0.0,8.4293696e-08,1.0,0.0
616,0.0,0.0,0.0,0.0,0.0,0.0,0.0,8.4293696e-08,1.0,0.0
617,0.0,0.0,0.0,0.0,0.0,0.0,0.0,8.4293696e-08,1.0,0.0
618,0.0,0.0,0.0,0.0,0.0,0.0,0.0,8.4293696e-08,1.0,0.0
619,0.0,0.0,0.0,0.0,0.0,0.0,0.0,8.4293696e-08,1.0,0.0
620,0.0,0.0,0.0,0.0,0.0,0.0,0.0,8.4293696e-08,1.0,0.0
621,0.0,0.0,0.0,0.0,0.0,0.0,0.0,8.4293696e-08,1.0,0.0
622,0.0,0.0,0.0,0.0,0.0,0.0,0.0,8.4293696e-08,1.0,0.0
623,0.0,0.0,0.0,0.0,0.0,0.0,0.0,8.4293696e-08,1.0,0.0
624,0.0,0.0,0.0,0.0,0.0,0.0,0.0,8.4293696e-08,1.0,0.0
625,0.0,0.0,0.0,0.0,0.0,0.0,0.0,8.4293696e-08,1.0,0.0
626,0.0,0.0,0.0,0.0,0.0,0.0,0.0,8.4293696e-08,1.0,0.0
627,0.0,0.0,0.0,0.0,0.0,0.0,0.0,8.4293696e-08,1.0,0.0
628,0.0,0.0,0.0,0.0,0.0,0.0,0.0,8.4293696e-08,1.0,0.0
629,0.0,0.0,0.0,0.0,0.0,0.0,0.0,8.4293696e-08,1.0,0.0
630,0.0,0.0,0.0,0.0,0.0,0.0,0.0,8.4293696e-08,1.0,0.0
631,0.0,0.0,0.0,0.0,0.0,0.0,0.0,8.4293696e-08,1.0,0.0
632,0.0,0.0,0.0,0.0,0.0,0.0,0.0,8.4293696e-08,1.0,0.0
633,0.0,0.0,0.0,0.0,0.0,0.0,0.0,8.4293696e-08,1.0,0.0
634,0.0,0.0,0.0,0.0,0.0,0.0,0.0,8.4293696e-08,1.0,0.0
635,0.0,0.0,0.0,0.0,0.0,0.0,0.0,8.4293696e-08,1.0,0.0
636,0.0,0.0,0.0,0.0,0.0,0.0,0.0,8.4293696e-08,1.0,0.0
637,0.0,0.0,0.0,0.0,0.0,0.0,0.0,8.4293696e-08,1.0,0.0
638,0.0,0.0,0.0,0.0,0.0,0.0,0.0,8.4293696e-08,1.0,0.0
639,0.0,0.0,0.0,0.0,0.0,0.0,0.0,8.4293696e-08,1.0,0.0
640,0.0,0.0,0.0,0.0,0.0,0.0,0.0,8.4293696e-08,1.0,0.0
641,0.0,0.0,0.0,0.0,0.0,0.0,0.0,8.4293696e-08,1.0,0.0
642,0.0,0.0,0.0,0.0,0.0,0.0,0.0,8.4293696e-08,1.0,0.0
643,0.0,0.0,0.0,0.0,0.0,0.0,0.0,8.4293696e-08,1.0,0.0
644,0.0,0.0,0.0,0.0,0.0,0.0,0.0,8.4293696e-08,1.0,0.0
645,0.0,0.0,0.0,0.0,0.0,0.0,0.0,8.4293696e-08,1.0,0.0
646,0.0,0.0,0.0,0.0,0.0,0.0,0.0,8.4293696e-08,1.0,0.0
647,0.0,0.0,0.0,0.0,0.0,0.0,0.0,8.4293696e-08,1.0,0.0
648,0.0,0.0,0.0,0.0,0.0,0.0,0.0,8.4293696e-08,1.0,0.0
649,0.0,0.0,0.0,0.0,0.0,0.0,0.0,8.4293696e-08,1.0,0.0
650,0.0,0.0,0.0,0.0,0.0,0.0,0.0,8.4293696e-08,1.0,0.0
651,0.0,0.0,0.0,0.0,0.0,0.0,0.0,8.4293696e-08,1.0,0.0
652,0.0,0.0,0.0,0.0,0.0,0.0,0.0,8.4293696e-08,1.0,0.0
653,0.0,0.0,0.0,0.0,0.0,0.0,0.0,8.4293696e-08,1.0,0.0
654,0.0,0.0,0.0,0.0,0.0,0.0,0.0,8.4293696e-08,1.0,0.0
655,0.0,0.0,0.0,0.0,0.0,0.0,0.0,8.4293696e-08,1.0,0.0
656,0.0,0.0,0.0,0.0,0.0,0.0,0.0,8.4293696e-08,1.0,0.0
657,0.0,0.0,0.0,0.0,0.0,0.0,0.0,8.4293696e-08,1.0,0.0
658,0.0,0.0,0.0,0.0,0.0,0.0,0.0,8.4293696e-08,1.0,0.0
659,0.0,0.0,0.0,0.0,0.0,0.0,0.0,8.4293696e-08,1.0,0.0
660,0.0,0.0,0.0,0.0,0.0,0.0,0.0,8.4293696e-08,1.0,0.0
661,0.0,0.0,0.0,0.0,0.0,0.0,0.0,8.4293696e-08,1.0,0.0
662,0.0,0.0,0.0,0.0,0.0,0.0,0.0,8.4293696e-08,1.0,0.0
663,0.0,0.0,0.0,0.0,0.0,0.0,0.0,8.4293696e-08,1.0,0.0
664,0.0,0.0,0.0,0.0,0.0,0.0,0.0,8.4293696e-08,1.0,0.0
665,0.0,0.0,0.0,0.0,0.0,0.0,0.0,8.4293696e-08,1.0,0.0
666,0.0,0.0,0.0,0.0,0.0,0.0,0.0,8.4293696e-08,1.0,0.0
667,0.0,0.0,0.0,0.0,0.0,0.0,0.0,8.4293696e-08,1.0,0.0
668,0.0,0.0,0.0,0.0,0.0,0.0,0.0,8.4293696e-08,1.0,0.0
669,0.0,0.0,0.0,0.0,0.0,0.0,0.0,8.4293696e-08,1.0,0.0
670,0.0,0.0,0.0,0.0,0.0,0.0,0.0,8.4293696e-08,1.0,0.0
671,0.0,0.0,0.0,0.0,0.0,0.0,0.0,8.4293696e-08,1.0,0.0
672,0.0,0.0,0.0,0.0,0.0,0.0,0.0,8.4293696e-08,1.0,0.0
673,0.0,0.0,0.0,0.0,0.0,0.0,0.0,8.4293696e-08,1.0,0.0
674,0.0,0.0,0.0,0.0,0.0,0.0,0.0,8.4293696e-08,1.0,0.0
675,0.0,0.0,0.0,0.0,0.0,0.0,0.0,8.4293696e-08,1.0,0.0
676,0.0,0.0,0.0,0.0,0.0,0.0,0.0,8.4293696e-08,1.0,0.0
677,0.0,0.0,0.0,0.0,0.0,0.0,0.0,8.4293696e-08,1.0,0.0
678,0.0,0.0,0.0,0.0,0.0,0.0,0.0,8.4293696e-08,1.0,0.0
679,0.0,0.0,0.0,0.0,0.0,0.0,0.0,8.4293696e-08,1.0,0.0
680,0.0,0.0,0.0,0.0,0.0,0.0,0.0,8.4293696e-08,1.0,0.0
681,0.0,0.0,0.0,0.0,0.0,0.0,0.0,8.4293696e-08,1.0,0.0
682,0.0,0.0,0.0,0.0,0.0,0.0,0.0,8.4293696e-08,1.0,0.0
683,0.0,0.0,0.0,0.0,0.0,0.0,0.0,8.4293696e-08,1.0,0.0
684,0.0,0.0,0.0,0.0,0.0,0.0,0.0,8.4293696e-08,1.0,0.0
685,0.0,0.0,0.0,0.0,0.0,0.0,0.0,8.4293696e-08,1.0,0.0
686,0.0,0.0,0.0,0.0,0.0,0.0,0.0,8.4293696e-08,1.0,0.0
687,0.0,0.0,0.0,0.0,0.0,0.0,0.0,8.4293696e-08,1.0,0.0
688,0.0,0.0,0.0,0.0,0.0,0.0,0.0,8.4293696e-08,1.0,0.0
689,0.0,0.0,0.0,0.0,0.0,0.0,0.0,8.4293696e-08,1.0,0.0
690,0.0,0.0,0.0,0.0,0.0,0.0,0.0,8.4293696e-08,1.0,0.0
691,0.0,0.0,0.0,0.0,0.0,0.0,0.0,8.4293696e-08,1.0,0.0
692,0.0,0.0,0.0,0.0,0.0,0.0,0.0,8.4293696e-08,1.0,0.0
693,0.0,0.0,0.0,0.0,0.0,0.0,0.0,8.4293696e-08,1.0,0.0
694,0.0,0.0,0.0,0.0,0.0,0.0,0.0,8.4293696e-08,1.0,0.0
695,0.0,0.0,0.0,0.0,0.0,0.0,0.0,8.4293696e-08,1.0,0.0
696,0.0,0.0,0.0,0.0,0.0,0.0,0.0,8.4293696e-08,1.0,0.0
697,0.0,0.0,0.0,0.0,0.0,0.0,0.0,8.4293696e-08,1.0,0.0
698,0.0,0.0,0.0,0.0,0.0,0.0,0.0,8.4293696e-08,1.0,0.0
699,0.0,0.0,0.0,0.0,0.0,0.0,0.0,8.4293696e-08,1.0,0.0
700,0.0,0.0,0.0,0.0,0.0,0.0,0.0,8.4293696e-08,1.0,0.0
701,0.0,0.0,0.0,0.0,0.0,0.0,0.0,8.4293696e-08,1.0,0.0
702,0.0,0.0,0.0,0.0,0.0,0.0,0.0,8.4293696e-08,1.0,0.0
703,0.0,0.0,0.0,0.0,0.0,0.0,0.0,8.4293696e-08,1.0,0.0
704,0.0,0.0,0.0,0.0,0.0,0.0,0.0,8.4293696e-08,1.0,0.0
705,0.0,0.0,0.0,0.0,0.0,0.0,0.0,8.4293696e-08,1.0,0.0
706,0.0,0.0,0.0,0.0,0.0,0.0,0.0,8.4293696e-08,1.0,0.0
707,0.0,0.0,0.0,0.0,0.0,0.0,0.0,8.4293696e-08,1.0,0.0
708,0.0,0.0,0.0,0.0,0.0,0.0,0.0,8.4293696e-08,1.0,0.0
709,0.0,0.0,0.0,0.0,0.0,0.0,0.0,8.4293696e-08,1.0,0.0
710,0.0,0.0,0.0,0.0,0.0,0.0,0.0,8.4293696e-08,1.0,0.0
711,0.0,0.0,0.0,0.0,0.0,0.0,0.0,8.4293696e-08,1.0,0.0
712,0.0,0.0,0.0,0.0,0.0,0.0,0.0,8.4293696e-08,1.0,0.0
713,0.0,0.0,0.0,0.0,0.0,0.0,0.0,8.4293696e-08,1.0,0.0
714,0.0,0.0,0.0,0.0,0.0,0.0,0.0,8.4293696e-08,1.0,0.0
715,0.0,0.0,0.0,0.0,0.0,0.0,0.0,8.4293696e-08,1.0,0.0
716,0.0,0.0,0.0,0.0,0.0,0.0,0.0,8.4293696e-08,1.0,0.0
717,0.0,0.0,0.0,0.0,0.0,0.0,0.0,8.4293696e-08,1.0,0.0
718,0.0,0.0,0.0,0.0,0.0,0.0,0.0,8.4293696e-08,1.0,0.0
719,0.0,0.0,0.0,0.0,0.0,0.0,0.0,8.4293696e-08,1.0,0.0
720,0.0,0.0,0.0,0.0,0.0,0.0,0.0,8.4293696e-08,1.0,0.0
721,0.0,0.0,0.0,0.0,0.0,0.0,0.0,8.4293696e-08,1.0,0.0
722,0.0,0.0,0.0,0.0,0.0,0.0,0.0,8.4293696e-08,1.0,0.0
723,0.0,0.0,0.0,0.0,0.0,0.0,0.0,8.4293696e-08,1.0,0.0
724,0.0,0.0,0.0,0.0,0.0,0.0,0.0,8.4293696e-08,1.0,0.0
725,0.0,0.0,0.0,0.0,0.0,0.0,0.0,8.4293696e-08,1.0,0.0
726,0.0,0.0,0.0,0.0,0.0,0.0,0.0,8.4293696e-08,1.0,0.0
727,0.0,0.0,0.0,0.0,0.0,0.0,0.0,8.4293696e-08,1.0,0.0
728,0.0,0.0,0.0,0.0,0.0,0.0,0.0,8.4293696e-08,1.0,0.0
729,0.0,0.0,0.0,0.0,0.0,0.0,0.0,8.4293696e-08,1.0,0.0
730,0.0,0.0,0.0,0.0,0.0,0.0,0.0,8.4293696e-08,1.0,0.0
731,0.0,0.0,0.0,0.0,0.0,0.0,0.0,8.4293696e-08,1.0,0.0
732,0.0,0.0,0.0,0.0,0.0,0.0,0.0,8.4293696e-08,1.0,0.0
733,0.0,0.0,0.0,0.0,0.0,0.0,0.0,8.4293696e-08,1.0,0.0
734,0.0,0.0,0.0,0.0,0.0,0.0,0.0,8.4293696e-08,1.0,0.0
735,0.0,0.0,0.0,0.0,0.0,0.0,0.0,8.4293696e-08,1.0,0.0
736,0.0,0.0,0.0,0.0,0.0,0.0,0.0,8.4293696e-08,1.0,0.0
737,0.0,0.0,0.0,0.0,0.0,0.0,0.0,8.4293696e-08,1.0,0.0
738,0.0,0.0,0.0,0.0,0.0,0.0,0.0,8.4293696e-08,1.0,0.0
739,0.0,0.0,0.0,0.0,0.0,0.0,0.0,8.4293696e-08,1.0,0.0
740,0.0,0.0,0.0,0.0,0.0,0.0,0.0,8.4293696e-08,1.0,0.0
741,0.0,0.0,0.0,0.0,0.0,0.0,0.0,8.4293696e-08,1.0,0.0
742,0.0,0.0,0.0,0.0,0.0,0.0,0.0,8.4293696e-08,1.0,0.0
743,0.0,0.0,0.0,0.0,0.0,0.0,0.0,8.4293696e-08,1.0,0.0
744,0.0,0.0,0.0,0.0,0.0,0.0,0.0,8.4293696e-08,1.0,0.0
745,0.0,0.0,0.0,0.0,0.0,0.0,0.0,8.4293696e-08,1.0,0.0
746,0.0,0.0,0.0,0.0,0.0,0.0,0.0,8.4293696e-08,1.0,0.0
747,0.0,0.0,0.0,0.0,0.0,0.0,0.0,8.4293696e-08,1.0,0.0
748,0.0,0.0,0.0,0.0,0.0,0.0,0.0,8.4293696e-08,1.0,0.0
749,0.0,0.0,0.0,0.0,0.0,0.0,0.0,8.4293696e-08,1.0,0.0
750,0.0,0.0,0.0,0.0,0.0,0.0,0.0,8.4293696e-08,1.0,0.0
751,0.0,0.0,0.0,0.0,0.0,0.0,0.0,8.4293696e-08,1.0,0.0
752,0.0,0.0,0.0,0.0,0.0,0.0,0.0,8.4293696e-08,1.0,0.0
753,0.0,0.0,0.0,0.0,0.0,0.0,0.0,8.4293696e-08,1.0,0.0
754,0.0,0.0,0.0,0.0,0.0,0.0,0.0,8.4293696e-08,1.0,0.0
755,0.0,0.0,0.0,0.0,0.0,0.0,0.0,8.4293696e-08,1.0,0.0
756,0.0,0.0,0.0,0.0,0.0,0.0,0.0,8.4293696e-08,1.0,0.0
757,0.0,0.0,0.0,0.0,0.0,0.0,0.0,8.4293696e-08,1.0,0.0
758,0.0,0.0,0.0,0.0,0.0,0.0,0.0,8.4293696e-08,1.0,0.0
759,0.0,0.0,0.0,0.0,0.0,0.0,0.0,8.4293696e-08,1.0,0.0
760,0.0,0.0,0.0,0.0,0.0,0.0,0.0,8.4293696e-08,1.0,0.0
761,0.0,0.0,0.0,0.0,0.0,0.0,0.0,8.4293696e-08,1.0,0.0
762,0.0,0.0,0.0,0.0,0.0,0.0,0.0,8.4293696e-08,1.0,0.0
763,0.0,0.0,0.0,0.0,0.0,0.0,0.0,8.4293696e-08,1.0,0.0
764,0.0,0.0,0.0,0.0,0.0,0.0,0.0,8.4293696e-08,1.0,0.0
765,0.0,0.0,0.0,0.0,0.0,0.0,0.0,8.4293696e-08,1.0,0.0
766,0.0,0.0,0.0,0.0,0.0,0.0,0.0,8.4293696e-08,1.0,0.0
767,0.0,0.0,0.0,0.0,0.0,0.0,0.0,8.4293696e-08,1.0,0.0
768,0.0,0.0,0.0,0.0,0.0,0.0,0.0,8.4293696e-08,1.0,0.0
769,0.0,0.0,0.0,0.0,0.0,0.0,0.0,8.4293696e-08,1.0,0.0
770,0.0,0.0,0.0,0.0,0.0,0.0,0.0,8.4293696e-08,1.0,0.0
771,0.0,0.0,0.0,0.0,0.0,0.0,0.0,8.4293696e-08,1.0,0.0
772,0.0,0.0,0.0,0.0,0.0,0.0,0.0,8.4293696e-08,1.0,0.0
773,0.0,0.0,0.0,0.0,0.0,0.0,0.0,8.4293696e-08,1.0,0.0
774,0.0,0.0,0.0,0.0,0.0,0.0,0.0,8.4293696e-08,1.0,0.0
775,0.0,0.0,0.0,0.0,0.0,0.0,0.0,8.4293696e-08,1.0,0.0
776,0.0,0.0,0.0,0.0,0.0,0.0,0.0,8.4293696e-08,1.0,0.0
777,0.0,0.0,0.0,0.0,0.0,0.0,0.0,8.4293696e-08,1.0,0.0
778,0.0,0.0,0.0,0.0,0.0,0.0,0.0,8.4293696e-08,1.0,0.0
779,0.0,0.0,0.0,0.0,0.0,0.0,0.0,8.4293696e-08,1.0,0.0
780,0.0,0.0,0.0,0.0,0.0,0.0,0.0,8.4293696e-08,1.0,0.0
781,0.0,0.0,0.0,0.0,0.0,0.0,0.0,8.4293696e-08,1.0,0.0
782,0.0,0.0,0.0,0.0,0.0,0.0,0.0,8.4293696e-08,1.0,0.0
783,0.0,0.0,0.0,0.0,0.0,0.0,0.0,8.4293696e-08,1.0,0.0
784,0.0,0.0,0.0,0.0,0.0,0.0,0.0,8.4293696e-08,1.0,0.0
785,0.0,0.0,0.0,0.0,0.0,0.0,0.0,8.4293696e-08,1.0,0.0
786,0.0,0.0,0.0,0.0,0.0,0.0,0.0,8.4293696e-08,1.0,0.0
787,0.0,0.0,0.0,0.0,0.0,0.0,0.0,8.4293696e-08,1.0,0.0
788,0.0,0.0,0.0,0.0,0.0,0.0,0.0,8.4293696e-08,1.0,0.0
789,0.0,0.0,0.0,0.0,0.0,0.0,0.0,8.4293696e-08,1.0,0.0
790,0.0,0.6384424,0.6384424,0.0,0.0,0.0,0.0,8.4293696e-08,1.0,0.0
791,0.0,0.9028939,0.9028939,0.0,0.0,0.0,0.0,8.4293696e-08,1.0,0.0
792,0.0,1.1058147,1.1058147,0.0,0.0,0.0,0.0,8.4293696e-08,1.0,0.0
793,0.0,1.2768849,1.2768849,0.0,0.0,0.0,0.0,8.4293696e-08,1.0,0.0
794,0.0,1.4276007,1.4276007,0.0,0.0,0.0,0.0,8.4293696e-08,1.0,0.0
795,0.0,1.5638583,1.5638583,0.0,0.0,0.0,0.0,8.4293696e-08,1.0,0.0
796,0.0,1.68916,1.68916,0.0,0.0,0.0,0.0,8.4293696e-08,1.0,0.0
797,0.0,1.8057882,1.8057882,0.0,0.0,0.0,0.0,8.4293696e-08,1.0,0.0
798,0.0,1.9153275,1.9153275,0.0,0.0,0.0,0.0,8.4293696e-08,1.0,0.0
799,0.0,2.0189326,2.0189326,0.0,0.0,0.0,0.0,8.4293696e-08,1.0,0.0
800,0.0,2.1174743,2.1174743,0.0,0.0,0.0,0.0,8.4293696e-08,1.0,0.0
801,0.0,2.21163,2.21163,0.0,0.0,0.0,0.0,8.4293696e-08,1.0,0.0
802,0.0,2.3019376,2.3019376,0.0,0.0,0.0,0.0,8.4293696e-08,1.0,0.0
803,0.0,2.3888338,2.3888338,0.0,0.0,0.0,0.0,8.4293696e-08,1.0,0.0
804,0.0,2.472678,2.472678,0.0,0.0,0.0,0.0,8.4293696e-08,1.0,0.0
805,0.0,2.553771,2.553771,0.0,0.0,0.0,0.0,8.4293696e-08,1.0,0.0
806,0.0,2.5537713,2.5537713,0.0,0.0,0.0,0.0,0.08976248,1.0,0.0
807,0.0,2.5537717,2.5537717,0.0,0.0,0.0,0.0,0.06664614,1.0,0.0
808,0.0,2.553772,2.553772,0.0,0.0,0.0,0.0,0.051660508,1.0,0.0
809,0.0,2.5537722,2.5537722,0.0,0.0,0.0,0.0,0.050101653,1.0,0.0
810,0.0,2.5537727,2.5537727,0.0,0.0,0.0,0.0,0.05171752,1.0,0.0
811,0.0,2.553773,2.553773,0.0,0.0,0.0,0.0,0.059542682,1.0,0.0
812,0.0,2.5537734,2.5537734,0.0,0.0,0.0,0.0,0.062813416,1.0,0.0
813,0.0,2.553774,2.553774,0.0,0.0,0.0,0.0,0.06694543,1.0,0.0
814,0.0,2.5537746,2.5537746,0.0,0.0,0.0,0.0,0.071166195,1.0,0.0
815,0.0,2.553775,2.553775,0.0,0.0,0.0,0.0,0.0746182,1.0,0.0
816,0.0,2.5537755,2.5537755,0.0,0.0,0.0,0.0,0.07758841,1.0,0.0
817,0.0,2.5537763,2.5537763,0.0,0.0,0.0,0.0,0.08051391,1.0,0.0
818,0.0,2.5537767,2.5537767,0.0,0.0,0.0,0.0,0.082435705,1.0,0.0
819,0.0,2.5537775,2.5537775,0.0,0.0,0.0,0.0,0.085315764,1.0,0.0
820,0.0,2.5537782,2.5537782,0.0,0.0,0.0,0.0,0.08775304,1.0,0.0
821,0.0,2.553779,2.553779,0.0,0.0,0.0,0.0,0.09013091,1.0,0.0
822,0.0,2.5537796,2.5537796,0.0,0.0,0.0,0.0,0.09371085,1.0,0.0
823,0.0,2.5537806,2.5537806,0.0,0.0,0.0,0.0,0.095829695,1.0,0.0
824,0.0,2.5537813,2.5537813,0.0,0.0,0.0,0.0,0.097657844,1.0,0.0
825,0.0,2.553782,2.553782,0.0,0.0,0.0,0.0,0.099353544,1.0,0.0
826,0.0,2.553783,2.553783,0.0,0.0,0.0,0.0,0.101144634,1.0,0.0
827,0.0,2.553784,2.553784,0.0,0.0,0.0,0.0,0.10248714,1.0,0.0
828,0.0,2.5537848,2.5537848,0.0,0.0,0.0,0.0,0.10380272,1.0,0.0
829,0.0,2.5537858,2.5537858,0.0,0.0,0.0,0.0,0.10533669,1.0,0.0
830,0.0,2.5537868,2.5537868,0.0,0.0,0.0,0.0,0.104822055,1.0,0.0
831,0.0,2.5537877,2.5537877,0.0,0.0,0.0,0.0,0.105797276,1.0,0.0
832,0.0,2.553789,2.553789,0.0,0.0,0.0,0.0,0.107094154,1.0,0.0
833,0.0,2.5537899,2.5537899,0.0,0.0,0.0,0.0,0.1080646,1.0,0.0
834,0.0,2.5537908,2.5537908,0.0,0.0,0.0,0.0,0.10780088,1.0,0.0
835,0.0,2.553792,2.553792,0.0,0.0,0.0,0.0,0.10869371,1.0,0.0
836,0.0,2.5537932,2.5537932,0.0,0.0,0.0,0.0,0.110189416,1.0,0.0
837,0.0,2.5537944,2.5537944,0.0,0.0,0.0,0.0,0.11146122,1.0,0.0
838,0.0,2.5537956,2.5537956,0.0,0.0,0.0,0.0,0.11226598,1.0,0.0
839,0.0,2.553797,2.553797,0.0,0.0,0.0,0.0,0.11324111,1.0,0.0
840,0.0,2.5537982,2.5537982,0.0,0.0,0.0,0.0,0.114065446,1.0,0.0
841,0.0,2.5537996,2.5537996,0.0,0.0,0.0,0.0,0.115047425,1.0,0.0
842,0.0,2.5538008,2.5538008,0.0,0.0,0.0,0.0,0.115858845,1.0,0.0
843,0.0,2.5538023,2.5538023,0.0,0.0,0.0,0.0,0.11644001,1.0,0.0
844,0.0,2.5538037,2.5538037,0.0,0.0,0.0,0.0,0.11730602,1.0,0.0
845,0.0,2.553805,2.553805,0.0,0.0,0.0,0.0,0.11810904,1.0,0.0
846,0.0,2.5538065,2.5538065,0.0,0.0,0.0,0.0,0.11895209,1.0,0.0
847,0.0,2.553808,2.553808,0.0,0.0,0.0,0.0,0.11974746,1.0,0.0
848,0.0,2.5538094,2.5538094,0.0,0.0,0.0,0.0,0.12019315,1.0,0.0
849,0.0,2.553811,2.553811,0.0,0.0,0.0,0.0,0.121050954,1.0,0.0
850,0.0,2.5538125,2.5538125,0.0,0.0,0.0,0.0,0.12180541,1.0,0.0
851,0.0,2.5538142,2.5538142,0.0,0.0,0.0,0.0,0.12229023,1.0,0.0
852,0.0,2.553816,2.553816,0.0,0.0,0.0,0.0,0.12296377,1.0,0.0
853,0.0,2.5538177,2.5538177,0.0,0.0,0.0,0.0,0.123448275,1.0,0.0
854,0.0,2.553819,2.553819,0.0,0.0,0.0,0.0,0.12561345,1.0,0.0
855,0.0,2.5538206,2.5538206,0.0,0.0,0.0,0.0,0.12610938,1.0,0.0
856,0.0,2.5538216,2.5538216,0.0,0.0,0.0,0.0,0.12650865,1.0,0.0
857,0.0,2.553823,2.553823,0.0,0.0,0.0,0.0,0.12698098,1.0,0.0
858,0.0,2.5538237,2.5538237,0.0,0.0,0.0,0.0,0.12730381,1.0,0.0
859,0.0,2.5538247,2.5538247,0.0,0.0,0.0,0.0,0.12779544,1.0,0.0
860,0.0,2.5538254,2.5538254,0.0,0.0,0.0,0.0,0.12824342,1.0,0.0
861,0.0,2.5538259,2.5538259,0.0,0.0,0.0,0.0,0.12878186,1.0,0.0
862,0.0,2.5538263,2.5538263,0.0,0.0,0.0,0.0,0.1293659,1.0,0.0
863,0.0,2.5538263,2.5538263,0.0,0.0,0.0,0.0,0.12976807,1.0,0.0
864,0.0,2.5538266,2.5538266,0.0,0.0,0.0,0.0,0.1302602,1.0,0.0
865,0.0,2.5538266,2.5538266,0.0,0.0,0.0,0.0,0.13073668,1.0,0.0
866,0.0,2.5538263,2.5538263,0.0,0.0,0.0,0.0,0.13095224,1.0,0.0
867,0.0,2.5538256,2.5538256,0.0,0.0,0.0,0.0,0.13137473,1.0,0.0
868,0.0,2.5538251,2.5538251,0.0,0.0,0.0,0.0,0.13176319,1.0,0.0
869,0.0,2.5538247,2.5538247,0.0,0.0,0.0,0.0,0.1320874,1.0,0.0
870,0.0,2.5538237,2.5538237,0.0,0.0,0.0,0.0,0.13270393,1.0,0.0
871,0.0,2.553823,2.553823,0.0,0.0,0.0,0.0,0.132958,1.0,0.0
872,0.0,2.5538223,2.5538223,0.0,0.0,0.0,0.0,0.13326539,1.0,0.0
873,0.0,2.5538218,2.5538218,0.0,0.0,0.0,0.0,0.13362682,1.0,0.0
874,0.0,2.553821,2.553821,0.0,0.0,0.0,0.0,0.13382828,1.0,0.0
875,0.0,2.5538204,2.5538204,0.0,0.0,0.0,0.0,0.1342729,1.0,0.0
876,0.0,2.5538197,2.5538197,0.0,0.0,0.0,0.0,0.13460305,1.0,0.0
877,0.0,2.553819,2.553819,0.0,0.0,0.0,0.0,0.13496023,1.0,0.0
878,0.0,2.5538182,2.5538182,0.0,0.0,0.0,0.0,0.13524133,1.0,0.0
879,0.0,2.5538175,2.5538175,0.0,0.0,0.0,0.0,0.13553928,1.0,0.0
880,0.0,2.5538168,2.5538168,0.0,0.0,0.0,0.0,0.13581528,1.0,0.0
881,0.0,2.5538163,2.5538163,0.0,0.0,0.0,0.0,0.13611357,1.0,0.0
882,0.0,2.5538156,2.5538156,0.0,0.0,0.0,0.0,0.13635975,1.0,0.0
883,0.0,2.5538146,2.5538146,0.0,0.0,0.0,0.0,0.13665614,1.0,0.0
884,0.0,2.5538142,2.5538142,0.0,0.0,0.0,0.0,0.13690975,1.0,0.0
885,0.0,2.5538135,2.5538135,0.0,0.0,0.0,0.0,0.13717335,1.0,0.0
886,0.0,2.553813,2.553813,0.0,0.0,0.0,0.0,0.13743986,1.0,0.0
887,0.0,2.5538123,2.5538123,0.0,0.0,0.0,0.0,0.13769284,1.0,0.0
888,0.0,2.5538118,2.5538118,0.0,0.0,0.0,0.0,0.1379395,1.0,0.0
889,0.0,2.553811,2.553811,0.0,0.0,0.0,0.0,0.13818398,1.0,0.0
890,0.0,2.5538104,2.5538104,0.0,0.0,0.0,0.0,0.13842724,1.0,0.0
891,0.0,2.55381,2.55381,0.0,0.0,0.0,0.0,0.1386672,1.0,0.0
892,0.0,2.5538092,2.5538092,0.0,0.0,0.0,0.0,0.13889055,1.0,0.0
893,0.0,2.5538087,2.5538087,0.0,0.0,0.0,0.0,0.13911448,1.0,0.0
894,0.0,2.554074,2.554074,0.0,0.0,0.0,0.0,0.13933589,1.0,0.0
895,0.0,2.5543394,2.5543394,0.0,0.0,0.0,0.0,0.13954578,1.0,0.0
896,0.0,2.5546045,2.5546045,0.0,0.0,0.0,0.0,0.13976233,1.0,0.0
897,0.0,2.5548701,2.5548701,0.0,0.0,0.0,0.0,0.13997984,1.0,0.0
898,0.0,2.5551353,2.5551353,0.0,0.0,0.0,0.0,0.14018457,1.0,0.0
899,0.0,2.5554006,2.5554006,0.0,0.0,0.0,0.0,0.14039539,1.0,0.0
900,0.0,2.5556657,2.5556657,0.0,0.0,0.0,0.0,0.14059365,1.0,0.0
901,0.0,2.555931,2.555931,0.0,0.0,0.0,0.0,0.14078774,1.0,0.0
902,0.0,2.5561965,2.5561965,0.0,0.0,0.0,0.0,0.1409845,1.0,0.0
903,0.0,2.5564616,2.5564616,0.0,0.0,0.0,0.0,0.14116848,1.0,0.0
904,0.0,2.5567267,2.5567267,0.0,0.0,0.0,0.0,0.14134966,1.0,0.0
905,0.0,2.5569918,2.5569918,0.0,0.0,0.0,0.0,0.14153138,1.0,0.0
906,0.0,2.5571299,2.5571299,0.0,0.0,0.0,0.0,0.14170587,1.0,0.0
907,0.0,2.5573208,2.5573208,0.0,0.0,0.0,0.0,0.14188209,1.0,0.0
908,0.0,2.5575466,2.5575466,0.0,0.0,0.0,0.0,0.1420521,1.0,0.0
909,0.0,2.557799,2.557799,0.0,0.0,0.0,0.0,0.14221705,1.0,0.0
910,0.0,2.557754,2.557754,0.0,0.0,0.0,0.0,0.14047135,1.0,0.0
911,0.0,2.5577154,2.5577154,0.0,0.0,0.0,0.0,0.14066584,1.0,0.0
912,0.0,2.5576766,2.5576766,0.0,0.0,0.0,0.0,0.14061436,1.0,0.0
913,16.0,3.1364193,3.1364193,0.0,100000.0,0.0,20.0,0.1408104,1.0,0.0
914,16.0,3.588691,3.588691,0.0,100000.0,0.0,20.0,0.14099352,1.0,0.0
915,16.0,3.9643354,3.9643354,0.0,100000.0,0.0,20.0,0.14124168,1.0,0.0
916,16.0,4.284677,4.284677,0.0,100000.0,0.0,20.0,0.14123765,1.0,0.0
917,16.0,4.587301,4.587301,0.0,100000.0,0.0,20.0,0.14119814,1.0,0.0
918,16.0,4.8821907,4.8821907,0.0,100000.0,0.0,20.0,0.14165962,1.0,0.0
919,16.0,5.1470695,5.1470695,0.0,100000.0,0.0,20.0,0.14185478,1.0,0.0
920,16.0,5.38643,5.38643,0.0,100000.0,0.0,20.0,0.14199051,1.0,0.0
921,16.0,5.6155415,5.6155415,0.0,100000.0,0.0,20.0,0.14215249,1.0,0.0
922,16.0,5.8357244,5.8357244,0.0,100000.0,0.0,20.0,0.14348103,1.0,0.0
923,16.0,6.038614,6.038614,0.0,100000.0,0.0,20.0,0.14482497,1.0,0.0
924,16.0,6.2411556,6.2411556,0.0,100000.0,0.0,20.0,0.14521037,1.0,0.0
925,16.0,6.437519,6.437519,0.0,100000.0,0.0,20.0,0.14546008,1.0,0.0
926,16.0,6.6287665,6.6287665,0.0,100000.0,0.0,20.0,0.14537968,1.0,0.0
927,16.0,6.7735662,6.7735662,0.0,100000.0,0.0,20.0,0.14553912,1.0,0.0
928,16.0,6.915334,6.915334,0.0,100000.0,0.0,20.0,0.14324127,1.0,0.0
929,16.0,6.8166633,6.8166633,0.0,100000.0,0.0,20.0,0.17176978,1.0,0.0
930,16.0,6.735412,6.735412,0.0,100000.0,0.0,20.0,0.1557812,1.0,0.0
931,16.0,6.6685066,6.6685066,0.0,100000.0,0.0,20.0,0.15050453,1.0,0.0
932,16.0,6.615556,6.615556,0.0,100000.0,0.0,20.0,0.14652751,1.0,0.0
933,0.0,6.5485826,6.5485826,0.0,0.0,0.0,0.0,0.14239681,1.0,0.0
934,0.0,6.472612,6.472612,0.0,0.0,0.0,0.0,0.13258928,1.0,0.0
935,0.0,6.406356,6.406356,0.0,0.0,0.0,0.0,0.16311152,1.0,0.0
936,0.0,6.3500648,6.3500648,0.0,0.0,0.0,0.0,0.15685286,1.0,0.0
937,0.0,6.2933197,6.2933197,0.0,0.0,0.0,0.0,0.16382337,1.0,0.0
938,0.0,6.236054,6.236054,0.0,0.0,0.0,0.0,0.16547464,1.0,0.0
939,0.0,6.18731,6.18731,0.0,0.0,0.0,0.0,0.18688631,1.0,0.0
940,0.0,6.131808,6.131808,0.0,0.0,0.0,0.0,0.19613418,1.0,0.0
941,0.0,6.075585,6.075585,0.0,0.0,0.0,0.0,0.21248008,1.0,0.0
942,0.0,6.0180807,6.0180807,0.0,0.0,0.0,0.0,0.22619857,1.0,0.0
943,0.0,6.0068183,6.0068183,0.0,0.0,0.0,0.0,0.22321737,1.0,0.0
944,0.0,5.995839,5.995839,0.0,0.0,0.0,0.0,0.20079948,1.0,0.0
945,0.0,5.9854593,5.9854593,0.0,0.0,0.0,0.0,0.1972924,1.0,0.0
946,0.0,5.976945,5.976945,0.0,0.0,0.0,0.0,0.19416669,1.0,0.0
947,0.0,5.919184,5.919184,0.0,0.0,0.0,0.0,0.19542086,1.0,0.0
948,0.0,5.860971,5.860971,0.0,0.0,0.0,0.0,0.19557747,1.0,0.0
949,0.0,5.81387,5.81387,0.0,0.0,0.0,0.0,0.20258792,1.0,0.0
950,0.0,5.754591,5.754591,0.0,0.0,0.0,0.0,0.19982982,1.0,0.0
951,0.0,5.694695,5.694695,0.0,0.0,0.0,0.0,0.20226131,1.0,0.0
952,0.0,5.634162,5.634162,0.0,0.0,0.0,0.0,0.20483676,1.0,0.0
953,0.0,5.572972,5.572972,0.0,0.0,0.0,0.0,0.20030983,1.0,0.0
954,0.0,5.511102,5.511102,0.0,0.0,0.0,0.0,0.20282172,1.0,0.0
955,0.0,5.4485297,5.4485297,0.0,0.0,0.0,0.0,0.20750907,1.0,0.0
956,0.0,5.385231,5.385231,0.0,0.0,0.0,0.0,0.2101192,1.0,0.0
957,0.0,5.3211784,5.3211784,0.0,0.0,0.0,0.0,0.2155735,1.0,0.0
958,0.0,5.256346,5.256346,0.0,0.0,0.0,0.0,0.21754181,1.0,0.0
959,0.0,5.190531,5.190531,0.0,0.0,0.0,0.0,0.21220352,1.0,0.0
960,0.0,5.1235137,5.1235137,0.0,0.0,0.0,0.0,0.2147198,1.0,0.0
961,0.0,5.0548744,5.0548744,0.0,0.0,0.0,0.0,0.21583635,1.0,0.0
962,0.0,4.983032,4.983032,0.0,0.0,0.0,0.0,0.21653,1.0,0.0
963,0.0,4.96938,4.96938,0.0,0.0,0.0,0.0,0.20539586,1.0,0.0
964,0.0,4.95569,4.95569,0.0,0.0,0.0,0.0,0.17974235,1.0,0.0
965,0.0,4.9419622,4.9419622,0.0,0.0,0.0,0.0,0.18251713,1.0,0.0
966,0.0,4.9419622,4.9419622,0.0,0.0,0.0,0.0,0.18946366,1.0,0.0
967,0.0,4.9419622,4.9419622,0.0,0.0,0.0,0.0,0.19416317,1.0,0.0
968,0.0,4.941962,4.941962,0.0,0.0,0.0,0.0,0.19778344,1.0,0.0
969,0.0,4.941962,4.941962,0.0,0.0,0.0,0.0,0.20609222,1.0,0.0
970,0.0,4.941962,4.941962,0.0,0.0,0.0,0.0,0.20613027,1.0,0.0
971,0.0,4.941962,4.941962,0.0,0.0,0.0,0.0,0.21101967,1.0,0.0
972,0.0,4.941962,4.941962,0.0,0.0,0.0,0.0,0.21365075,1.0,0.0
973,0.0,4.9423246,4.9423246,0.0,0.0,0.0,0.0,0.20986995,1.0,0.0
974,0.0,4.943405,4.943405,0.0,0.0,0.0,0.0,0.21332821,1.0,0.0
975,0.0,4.945926,4.945926,0.0,0.0,0.0,0.0,0.22044772,1.0,0.0
976,0.0,4.952773,4.952773,0.0,0.0,0.0,0.0,0.2206512,1.0,0.0
977,0.0,4.89639,4.89639,0.0,0.0,0.0,0.0,0.22155724,1.0,0.0
978,0.0,4.839722,4.839722,0.0,0.0,0.0,0.0,0.22249274,1.0,0.0
979,0.0,4.7828274,4.7828274,0.0,0.0,0.0,0.0,0.22143443,1.0,0.0
980,0.0,4.725892,4.725892,0.0,0.0,0.0,0.0,0.22000496,1.0,0.0
981,0.0,4.5912266,4.5912266,0.0,0.0,0.0,0.0,0.22080374,1.0,0.0
982,0.0,4.4524894,4.4524894,0.0,0.0,0.0,0.0,0.22016121,1.0,0.0
983,0.0,4.3092885,4.3092885,0.0,0.0,0.0,0.0,0.22067899,1.0,0.0
984,0.0,4.161162,4.161162,0.0,0.0,0.0,0.0,0.22143899,1.0,0.0
985,0.0,4.0075645,4.0075645,0.0,0.0,0.0,0.0,0.22211975,1.0,0.0
986,0.0,3.84784,3.84784,0.0,0.0,0.0,0.0,0.2229052,1.0,0.0
987,0.0,3.6811924,3.6811924,0.0,0.0,0.0,0.0,0.2252695,1.0,0.0
988,0.0,3.5066335,3.5066335,0.0,0.0,0.0,0.0,0.22614269,1.0,0.0
989,0.0,3.322378,3.322378,0.0,0.0,0.0,0.0,0.2273648,1.0,0.0
990,0.0,3.1261501,3.1261501,0.0,0.0,0.0,0.0,0.2284181,1.0,0.0
991,0.0,2.914307,2.914307,0.0,0.0,0.0,0.0,0.2301946,1.0,0.0
992,0.0,2.6778188,2.6778188,0.0,0.0,0.0,0.0,0.23149922,1.0,0.0
993,0.0,2.5438824,2.5438824,0.0,0.0,0.0,0.0,0.21695976,1.0,0.0
994,0.0,2.4017425,2.4017425,0.0,0.0,0.0,0.0,0.22090387,1.0,0.0
995,0.0,2.2496984,2.2496984,0.0,0.0,0.0,0.0,0.22114484,1.0,0.0
996,0.0,2.085144,2.085144,0.0,0.0,0.0,0.0,0.22333492,1.0,0.0
997,0.0,2.085144,2.085144,0.0,0.0,0.0,0.0,0.2300336,1.0,0.0
998,0.0,2.085144,2.085144,0.0,0.0,0.0,0.0,0.23247938,1.0,0.0
999,0.0,2.085144,2.085144,0.0,0.0,0.0,0.0,0.23446098,1.0,0.0
1000,0.0,2.085144,2.085144,0.0,0.0,0.0,0.0,0.23498683,1.0,0.0
1001,0.0,2.085144,2.085144,0.0,0.0,0.0,0.0,0.23295344,1.0,0.0
1002,0.0,2.085144,2.085144,0.0,0.0,0.0,0.0,0.2310973,1.0,0.0
1003,0.0,2.085144,2.085144,0.0,0.0,0.0,0.0,0.22467515,1.0,0.0
1004,0.0,2.085144,2.085144,0.0,0.0,0.0,0.0,0.22284533,1.0,0.0
1005,0.0,2.085144,2.085144,0.0,0.0,0.0,0.0,0.2271398,1.0,0.0
1006,0.0,2.085144,2.085144,0.0,0.0,0.0,0.0,0.2265416,1.0,0.0
1007,0.0,2.085144,2.085144,0.0,0.0,0.0,0.0,0.22676036,1.0,0.0
1008,0.0,2.085144,2.085144,0.0,0.0,0.0,0.0,0.22521533,1.0,0.0
1009,0.0,2.085144,2.085144,0.0,0.0,0.0,0.0,0.22438219,1.0,0.0
1010,0.0,2.085144,2.085144,0.0,0.0,0.0,0.0,0.2245132,1.0,0.0
1011,0.0,2.085144,2.085144,0.0,0.0,0.0,0.0,0.22197226,1.0,0.0
1012,0.0,2.085144,2.085144,0.0,0.0,0.0,0.0,0.22278948,1.0,0.0
1013,0.0,2.085144,2.085144,0.0,0.0,0.0,0.0,0.22091277,1.0,0.0
1014,0.0,2.085144,2.085144,0.0,0.0,0.0,0.0,0.2192973,1.0,0.0
1015,0.0,2.085144,2.085144,0.0,0.0,0.0,0.0,0.21953265,1.0,0.0
1016,0.0,2.085144,2.085144,0.0,0.0,0.0,0.0,0.21951397,1.0,0.0
1017,0.0,2.085144,2.085144,0.0,0.0,0.0,0.0,0.21873716,1.0,0.0
1018,0.0,2.085144,2.085144,0.0,0.0,0.0,0.0,0.21881087,1.0,0.0
1019,0.0,2.085144,2.085144,0.0,0.0,0.0,0.0,0.2185946,1.0,0.0
1020,0.0,2.085144,2.085144,0.0,0.0,0.0,0.0,0.2183133,1.0,0.0
1021,0.0,2.085144,2.085144,0.0,0.0,0.0,0.0,0.21984543,1.0,0.0
1022,0.0,2.085144,2.085144,0.0,0.0,0.0,0.0,0.21993999,1.0,0.0
1023,0.0,2.085144,2.085144,0.0,0.0,0.0,0.0,0.21933779,1.0,0.0
1024,0.0,2.085144,2.085144,0.0,0.0,0.0,0.0,0.2196318,1.0,0.0
1025,0.0,2.085144,2.085144,0.0,0.0,0.0,0.0,0.21982001,1.0,0.0
1026,0.0,2.085144,2.085144,0.0,0.0,0.0,0.0,0.22006391,1.0,0.0
1027,0.0,2.085144,2.085144,0.0,0.0,0.0,0.0,0.21992287,1.0,0.0
1028,0.0,2.085144,2.085144,0.0,0.0,0.0,0.0,0.21997564,1.0,0.0
1029,0.0,2.085144,2.085144,0.0,0.0,0.0,0.0,0.22094572,1.0,0.0
1030,0.0,2.085144,2.085144,0.0,0.0,0.0,0.0,0.22128744,1.0,0.0
1031,0.0,2.085144,2.085144,0.0,0.0,0.0,0.0,0.2213527,1.0,0.0
1032,0.0,2.085144,2.085144,0.0,0.0,0.0,0.0,0.221551,1.0,0.0
1033,0.0,2.085144,2.085144,0.0,0.0,0.0,0.0,0.22145265,1.0,0.0
1034,0.0,2.085144,2.085144,0.0,0.0,0.0,0.0,0.22132267,1.0,0.0
1035,0.0,2.085144,2.085144,0.0,0.0,0.0,0.0,0.2211016,1.0,0.0
1036,0.0,2.085144,2.085144,0.0,0.0,0.0,0.0,0.22111027,1.0,0.0
1037,0.0,2.085144,2.085144,0.0,0.0,0.0,0.0,0.22150654,1.0,0.0
1038,0.0,2.085144,2.085144,0.0,0.0,0.0,0.0,0.221703,1.0,0.0
1039,0.0,2.085144,2.085144,0.0,0.0,0.0,0.0,0.22163925,1.0,0.0
1040,0.0,2.085144,2.085144,0.0,0.0,0.0,0.0,0.22186455,1.0,0.0
1041,0.0,2.085144,2.085144,0.0,0.0,0.0,0.0,0.22247402,1.0,0.0
1042,0.0,2.085144,2.085144,0.0,0.0,0.0,0.0,0.2227525,1.0,0.0
1043,0.0,2.085144,2.085144,0.0,0.0,0.0,0.0,0.22288582,1.0,0.0
1044,0.0,2.085144,2.085144,0.0,0.0,0.0,0.0,0.2231282,1.0,0.0
1045,0.0,2.085144,2.085144,0.0,0.0,0.0,0.0,0.22293514,1.0,0.0
1046,0.0,2.085144,2.085144,0.0,0.0,0.0,0.0,0.2230162,1.0,0.0
1047,0.0,2.085144,2.085144,0.0,0.0,0.0,0.0,0.22346352,1.0,0.0
1048,0.0,2.085144,2.085144,0.0,0.0,0.0,0.0,0.22377604,1.0,0.0
1049,0.0,2.085144,2.085144,0.0,0.0,0.0,0.0,0.22329056,1.0,0.0
1050,0.0,2.085144,2.085144,0.0,0.0,0.0,0.0,0.22353067,1.0,0.0
1051,0.0,2.085144,2.085144,0.0,0.0,0.0,0.0,0.2236072,1.0,0.0
1052,0.0,2.085144,2.085144,0.0,0.0,0.0,0.0,0.22381131,1.0,0.0
1053,0.0,2.085144,2.085144,0.0,0.0,0.0,0.0,0.2242248,1.0,0.0
1054,0.0,2.085144,2.085144,0.0,0.0,0.0,0.0,0.22442119,1.0,0.0
1055,0.0,2.085144,2.085144,0.0,0.0,0.0,0.0,0.22416055,1.0,0.0
1056,0.0,2.085144,2.085144,0.0,0.0,0.0,0.0,0.22392729,1.0,0.0
1057,0.0,2.085144,2.085144,0.0,0.0,0.0,0.0,0.22388646,1.0,0.0
1058,0.0,2.085144,2.085144,0.0,0.0,0.0,0.0,0.22405083,1.0,0.0
1059,0.0,2.085144,2.085144,0.0,0.0,0.0,0.0,0.22401756,1.0,0.0
1060,0.0,2.085144,2.085144,0.0,0.0,0.0,0.0,0.22403748,1.0,0.0
1061,0.0,2.085144,2.085144,0.0,0.0,0.0,0.0,0.2239696,1.0,0.0
1062,0.0,2.085144,2.085144,0.0,0.0,0.0,0.0,0.22410479,1.0,0.0
1063,0.0,2.085144,2.085144,0.0,0.0,0.0,0.0,0.22407745,1.0,0.0
1064,0.0,2.085144,2.085144,0.0,0.0,0.0,0.0,0.22432157,1.0,0.0
1065,0.0,2.085144,2.085144,0.0,0.0,0.0,0.0,0.2247851,1.0,0.0
1066,0.0,2.085144,2.085144,0.0,0.0,0.0,0.0,0.22503674,1.0,0.0
1067,0.0,2.018932,2.018932,0.0,0.0,0.0,0.0,0.2252336,1.0,0.0
1068,0.0,1.9504737,1.9504737,0.0,0.0,0.0,0.0,0.22554862,1.0,0.0
1069,0.0,1.8795235,1.8795235,0.0,0.0,0.0,0.0,0.22563976,1.0,0.0
1070,0.0,1.8057878,1.8057878,0.0,0.0,0.0,0.0,0.22618191,1.0,0.0
1071,0.0,1.7289102,1.7289102,0.0,0.0,0.0,0.0,0.22640087,1.0,0.0
1072,0.0,1.6484512,1.6484512,0.0,0.0,0.0,0.0,0.22634815,1.0,0.0
1073,0.0,1.5638582,1.5638582,0.0,0.0,0.0,0.0,0.2264035,1.0,0.0
1074,0.0,1.4744196,1.4744196,0.0,0.0,0.0,0.0,0.22703521,1.0,0.0
1075,0.0,1.3791932,1.3791932,0.0,0.0,0.0,0.0,0.22700305,1.0,0.0
1076,0.0,1.2768848,1.2768848,0.0,0.0,0.0,0.0,0.22654343,1.0,0.0
1077,0.0,1.165631,1.165631,0.0,0.0,0.0,0.0,0.22697395,1.0,0.0
1078,0.0,1.042572,1.042572,0.0,0.0,0.0,0.0,0.2274987,1.0,0.0
1079,0.0,0.9028939,0.9028939,0.0,0.0,0.0,0.0,0.22686133,1.0,0.0
1080,0.0,0.7372098,0.7372098,0.0,0.0,0.0,0.0,0.225853,1.0,0.0
1081,0.0,0.521286,0.521286,0.0,0.0,0.0,0.0,0.22595689,1.0,0.0
1082,0.0,0.0,0.0,0.0,0.0,0.0,0.0,0.2283209,1.0,0.0
1083,0.0,0.0,0.0,0.0,0.0,0.0,0.0,0.21521854,1.0,0.0
1084,0.0,0.0,0.0,0.0,0.0,0.0,0.0,0.21307772,1.0,0.0
1085,0.0,0.0,0.0,0.0,0.0,0.0,0.0,0.20776568,1.0,0.0
1086,0.0,0.0,0.0,0.0,0.0,0.0,0.0,0.20961557,1.0,0.0
1087,0.0,0.0,0.0,0.0,0.0,0.0,0.0,0.2199395,1.0,0.0
1088,0.0,0.0,0.0,0.0,0.0,0.0,0.0,0.21316415,1.0,0.0
1089,0.0,0.0,0.0,0.0,0.0,0.0,0.0,0.20737025,1.0,0.0
1090,0.0,0.0,0.0,0.0,0.0,0.0,0.0,0.20676437,1.0,0.0
1091,0.0,0.0,0.0,0.0,0.0,0.0,0.0,0.21075308,1.0,0.0
1092,0.0,0.0,0.0,0.0,0.0,0.0,0.0,0.2113821,1.0,0.0
1093,0.0,0.0,0.0,0.0,0.0,0.0,0.0,0.21412256,1.0,0.0
1094,0.0,0.0,0.0,0.0,0.0,0.0,0.0,0.21443948,1.0,0.0
1095,0.0,0.0,0.0,0.0,0.0,0.0,0.0,0.21619579,1.0,0.0
1096,0.0,0.0,0.0,0.0,0.0,0.0,0.0,0.21632677,1.0,0.0
1097,0.0,0.0,0.0,0.0,0.0,0.0,0.0,0.21744779,1.0,0.0
1098,0.0,0.0,0.0,0.0,0.0,0.0,0.0,0.21737021,1.0,0.0
1099,0.0,0.0,0.0,0.0,0.0,0.0,0.0,0.21724093,1.0,0.0
1100,0.0,0.0,0.0,0.0,0.0,0.0,0.0,0.2177651,1.0,0.0
1101,0.0,0.0,0.0,0.0,0.0,0.0,0.0,0.21831433,1.0,0.0
1102,0.0,0.0,0.0,0.0,0.0,0.0,0.0,0.21865378,1.0,0.0
1103,0.0,0.0,0.0,0.0,0.0,0.0,0.0,0.21892145,1.0,0.0
1104,0.0,0.0,0.0,0.0,0.0,0.0,0.0,0.21870056,1.0,0.0
1105,0.0,0.0,0.0,0.0,0.0,0.0,0.0,0.21924515,1.0,0.0
1106,0.0,0.0,0.0,0.0,0.0,0.0,0.0,0.21940808,1.0,0.0
1107,0.0,0.0,0.0,0.0,0.0,0.0,0.0,0.21914713,1.0,0.0
1108,0.0,0.0,0.0,0.0,0.0,0.0,0.0,0.21925525,1.0,0.0
1109,0.0,0.0,0.0,0.0,0.0,0.0,0.0,0.21892022,1.0,0.0
1110,0.0,0.0,0.0,0.0,0.0,0.0,0.0,0.21870613,1.0,0.0
1111,0.0,0.0,0.0,0.0,0.0,0.0,0.0,0.21889663,1.0,0.0
1112,0.0,0.0,0.0,0.0,0.0,0.0,0.0,0.21911652,1.0,0.0
1113,0.0,0.0,0.0,0.0,0.0,0.0,0.0,0.21889508,1.0,0.0
1114,0.0,0.0,0.0,0.0,0.0,0.0,0.0,0.21864903,1.0,0.0
1115,0.0,0.0,0.0,0.0,0.0,0.0,0.0,0.21834104,1.0,0.0
1116,0.0,0.0,0.0,0.0,0.0,0.0,0.0,0.21837223,1.0,0.0
1117,0.0,0.0,0.0,0.0,0.0,0.0,0.0,0.2180262,1.0,0.0
1118,0.0,0.0,0.0,0.0,0.0,0.0,0.0,0.21762009,1.0,0.0
1119,0.0,0.0,0.0,0.0,0.0,0.0,0.0,0.217408,1.0,0.0
1120,0.0,0.0,0.0,0.0,0.0,0.0,0.0,0.21744317,1.0,0.0
1121,0.0,0.0,0.0,0.0,0.0,0.0,0.0,0.21735667,1.0,0.0
1122,0.0,0.0,0.0,0.0,0.0,0.0,0.0,0.21729554,1.0,0.0
1123,0.0,0.0,0.0,0.0,0.0,0.0,0.0,0.21696211,1.0,0.0
1124,0.0,0.0,0.0,0.0,0.0,0.0,0.0,0.21693835,1.0,0.0
1125,0.0,0.0,0.0,0.0,0.0,0.0,0.0,0.21677727,1.0,0.0
1126,0.0,0.0,0.0,0.0,0.0,0.0,0.0,0.2167122,1.0,0.0
1127,0.0,0.0,0.0,0.0,0.0,0.0,0.0,0.21658908,1.0,0.0
1128,0.0,0.0,0.0,0.0,0.0,0.0,0.0,0.21652739,1.0,0.0
1129,0.0,0.0,0.0,0.0,0.0,0.0,0.0,0.2163552,1.0,0.0
1130,0.0,0.0,0.0,0.0,0.0,0.0,0.0,0.2163028,1.0,0.0
1131,0.0,0.0,0.0,0.0,0.0,0.0,0.0,0.21582912,1.0,0.0
1132,0.0,0.0,0.0,0.0,0.0,0.0,0.0,0.2158359,1.0,0.0
1133,0.0,0.0,0.0,0.0,0.0,0.0,0.0,0.2156454,1.0,0.0
1134,0.0,0.0,0.0,0.0,0.0,0.0,0.0,0.21560195,1.0,0.0
1135,0.0,0.0,0.0,0.0,0.0,0.0,0.0,0.21575402,1.0,0.0
1136,0.0,0.0,0.0,0.0,0.0,0.0,0.0,0.21576948,1.0,0.0
1137,0.0,0.0,0.0,0.0,0.0,0.0,0.0,0.21570717,1.0,0.0
1138,0.0,0.0,0.0,0.0,0.0,0.0,0.0,0.21565656,1.0,0.0
1139,0.0,0.0,0.0,0.0,0.0,0.0,0.0,0.21533075,1.0,0.0
1140,0.0,0.0,0.0,0.0,0.0,0.0,0.0,0.21532743,1.0,0.0
1141,0.0,0.0,0.0,0.0,0.0,0.0,0.0,0.21517809,1.0,0.0
1142,0.0,0.0,0.0,0.0,0.0,0.0,0.0,0.21508439,1.0,0.0
1143,0.0,0.0,0.0,0.0,0.0,0.0,0.0,0.21486303,1.0,0.0
1144,0.0,0.0,0.0,0.0,0.0,0.0,0.0,0.21475203,1.0,0.0
1145,0.0,0.0,0.0,0.0,0.0,0.0,0.0,0.21466935,1.0,0.0
1146,0.0,0.0,0.0,0.0,0.0,0.0,0.0,0.21468906,1.0,0.0
1147,0.0,0.0,0.0,0.0,0.0,0.0,0.0,0.21441218,1.0,0.0
1148,0.0,0.0,0.0,0.0,0.0,0.0,0.0,0.2144392,1.0,0.0
1149,0.0,0.0,0.0,0.0,0.0,0.0,0.0,0.21418133,1.0,0.0
1150,0.0,0.0,0.0,0.0,0.0,0.0,0.0,0.21416539,1.0,0.0
1151,0.0,0.0,0.0,0.0,0.0,0.0,0.0,0.21407986,1.0,0.0
1152,0.0,0.0,0.0,0.0,0.0,0.0,0.0,0.21403804,1.0,0.0
1153,0.0,0.0,0.0,0.0,0.0,0.0,0.0,0.21397616,1.0,0.0
1154,0.0,0.0,0.0,0.0,0.0,0.0,0.0,0.21393126,1.0,0.0
1155,0.0,0.0,0.0,0.0,0.0,0.0,0.0,0.21410185,1.0,0.0
1156,0.0,0.0,0.0,0.0,0.0,0.0,0.0,0.21420412,1.0,0.0
1157,0.0,0.0,0.0,0.0,0.0,0.0,0.0,0.21362396,1.0,0.0
1158,0.0,0.0,0.0,0.0,0.0,0.0,0.0,0.2135618,1.0,0.0
1159,0.0,0.0,0.0,0.0,0.0,0.0,0.0,0.21370646,1.0,0.0
1160,0.0,0.0,0.0,0.0,0.0,0.0,0.0,0.21380597,1.0,0.0
1161,0.0,0.0,0.0,0.0,0.0,0.0,0.0,0.21425581,1.0,0.0
1162,0.0,0.0,0.0,0.0,0.0,0.0,0.0,0.21429321,1.0,0.0
1163,0.0,0.0,0.0,0.0,0.0,0.0,0.0,0.21361142,1.0,0.0
1164,0.0,0.0,0.0,0.0,0.0,0.0,0.0,0.21360965,1.0,0.0
1165,0.0,0.0,0.0,0.0,0.0,0.0,0.0,0.21248649,1.0,0.0
1166,0.0,0.0,0.0,0.0,0.0,0.0,0.0,0.2124216,1.0,0.0
1167,0.0,0.0,0.0,0.0,0.0,0.0,0.0,0.2121325,1.0,0.0
1168,0.0,0.0,0.0,0.0,0.0,0.0,0.0,0.21189186,1.0,0.0
1169,0.0,0.0,0.0,0.0,0.0,0.0,0.0,0.21202454,1.0,0.0
1170,0.0,0.0,0.0,0.0,0.0,0.0,0.0,0.21144862,1.0,0.0
1171,0.0,0.0,0.0,0.0,0.0,0.0,0.0,0.21142086,1.0,0.0
1172,0.0,0.0,0.0,0.0,0.0,0.0,0.0,0.21118613,1.0,0.0
1173,0.0,0.0,0.0,0.0,0.0,0.0,0.0,0.21052828,1.0,0.0
1174,0.0,0.0,0.0,0.0,0.0,0.0,0.0,0.20960623,1.0,0.0
1175,0.0,0.0,0.0,0.0,0.0,0.0,0.0,0.2106191,1.0,0.0
1176,0.0,0.0,0.0,0.0,0.0,0.0,0.0,0.21144597,1.0,0.0
1177,0.0,0.0,0.0,0.0,0.0,0.0,0.0,0.21237576,1.0,0.0
1178,0.0,0.0,0.0,0.0,0.0,0.0,0.0,0.21201761,1.0,0.0
1179,0.0,0.0,0.0,0.0,0.0,0.0,0.0,0.21325666,1.0,0.0
1180,0.0,0.0,0.0,0.0,0.0,0.0,0.0,0.21340959,1.0,0.0
1181,0.0,0.0,0.0,0.0,0.0,0.0,0.0,0.21411589,1.0,0.0
1182,0.0,0.0,0.0,0.0,0.0,0.0,0.0,0.21425703,1.0,0.0
1183,0.0,0.0,0.0,0.0,0.0,0.0,0.0,0.2138126,1.0,0.0
1184,0.0,0.0,0.0,0.0,0.0,0.0,0.0,0.21444681,1.0,0.0
1185,0.0,0.0,0.0,0.0,0.0,0.0,0.0,0.21396047,1.0,0.0
1186,0.0,0.0,0.0,0.0,0.0,0.0,0.0,0.21383862,1.0,0.0
1187,0.0,0.0,0.0,0.0,0.0,0.0,0.0,0.21385996,1.0,0.0
1188,0.0,0.0,0.0,0.0,0.0,0.0,0.0,0.21314913,1.0,0.0
1189,0.0,0.0,0.0,0.0,0.0,0.0,0.0,0.21074958,1.0,0.0
1190,0.0,0.0,0.0,0.0,0.0,0.0,0.0,0.2101549,1.0,0.0
1191,0.0,0.0,0.0,0.0,0.0,0.0,0.0,0.21080159,1.0,0.0
1192,0.0,0.0,0.0,0.0,0.0,0.0,0.0,0.2103532,1.0,0.0
1193,0.0,0.0,0.0,0.0,0.0,0.0,0.0,0.21082667,1.0,0.0
1194,0.0,0.0,0.0,0.0,0.0,0.0,0.0,0.21016304,1.0,0.0
1195,0.0,0.0,0.0,0.0,0.0,0.0,0.0,0.2112853,1.0,0.0
1196,0.0,0.0,0.0,0.0,0.0,0.0,0.0,0.21134742,1.0,0.0
1197,0.0,0.0,0.0,0.0,0.0,0.0,0.0,0.21729736,1.0,0.0
1198,0.0,0.0,0.0,0.0,0.0,0.0,0.0,0.21476814,1.0,0.0
1199,0.0,0.0,0.0,0.0,0.0,0.0,0.0,0.21254587,1.0,0.0
1200,0.0,0.0,0.0,0.0,0.0,0.0,0.0,0.21274722,1.0,0.0
1201,0.0,0.0,0.0,0.0,0.0,0.0,0.0,0.2199577,1.0,0.0
1202,0.0,0.0,0.0,0.0,0.0,0.0,0.0,0.22305013,1.0,0.0
1203,0.0,0.0,0.0,0.0,0.0,0.0,0.0,0.22391635,1.0,0.0
1204,0.0,0.0,0.0,0.0,0.0,0.0,0.0,0.22341453,1.0,0.0
1205,0.0,0.0,0.0,0.0,0.0,0.0,0.0,0.2187818,1.0,0.0
1206,0.0,0.0,0.0,0.0,0.0,0.0,0.0,0.22640355,1.0,0.0
1207,0.0,0.0,0.0,0.0,0.0,0.0,0.0,0.25204453,1.0,0.0
1208,0.0,0.0,0.0,0.0,0.0,0.0,0.0,0.27083048,1.0,0.0
1209,0.0,0.0,0.0,0.0,0.0,0.0,0.0,0.24758163,1.0,0.0
1210,0.0,0.0,0.0,0.0,0.0,0.0,0.0,0.2589287,1.0,0.0
1211,0.0,0.0,0.0,0.0,0.0,0.0,0.0,0.25071537,1.0,0.0
1212,0.0,0.0,0.0,0.0,0.0,0.0,0.0,0.27240333,1.0,0.0
1213,0.0,0.0,0.0,0.0,0.0,0.0,0.0,0.26975852,1.0,0.0
1214,0.0,0.0,0.0,0.0,0.0,0.0,0.0,0.26258424,1.0,0.0
1215,0.0,0.0,0.0,0.0,0.0,0.0,0.0,0.2624236,1.0,0.0
1216,0.0,0.0,0.0,0.0,0.0,0.0,0.0,0.25785658,1.0,0.0
1217,0.0,0.0,0.0,0.0,0.0,0.0,0.0,0.26567534,1.0,0.0
1218,0.0,0.0,0.0,0.0,0.0,0.0,0.0,0.21755996,1.0,0.0
1219,0.0,0.0,0.0,0.0,0.0,0.0,0.0,0.21264398,1.0,0.0
1220,0.0,0.0,0.0,0.0,0.0,0.0,0.0,0.22203717,1.0,0.0
1221,0.0,0.0,0.0,0.0,0.0,0.0,0.0,0.25766322,1.0,0.0
1222,0.0,0.0,0.0,0.0,0.0,0.0,0.0,0.25348693,1.0,0.0
1223,0.0,0.0,0.0,0.0,0.0,0.0,0.0,0.25554362,1.0,0.0
1224,0.0,0.0,0.0,0.0,0.0,0.0,0.0,0.24298914,1.0,0.0
1225,0.0,0.0,0.0,0.0,0.0,0.0,0.0,0.23738329,1.0,0.0
1226,0.0,0.0,0.0,0.0,0.0,0.0,0.0,0.2198949,1.0,0.0
1227,0.0,0.0,0.0,0.0,0.0,0.0,0.0,0.21616676,1.0,0.0
1228,0.0,0.0,0.0,0.0,0.0,0.0,0.0,0.21556306,1.0,0.0
1229,0.0,0.0,0.0,0.0,0.0,0.0,0.0,0.21921563,1.0,0.0
1230,0.0,0.0,0.0,0.0,0.0,0.0,0.0,0.22249182,1.0,0.0
1231,0.0,0.0,0.0,0.0,0.0,0.0,0.0,0.20912054,1.0,0.0
1232,0.0,0.0,0.0,0.0,0.0,0.0,0.0,0.19855092,1.0,0.0
1233,0.0,0.0,0.0,0.0,0.0,0.0,0.0,0.19884783,1.0,0.0
1234,0.0,0.0,0.0,0.0,0.0,0.0,0.0,0.1984093,1.0,0.0
1235,0.0,0.0,0.0,0.0,0.0,0.0,0.0,0.19609688,1.0,0.0
1236,0.0,0.0,0.0,0.0,0.0,0.0,0.0,0.19118449,1.0,0.0
1237,0.0,0.0,0.0,0.0,0.0,0.0,0.0,0.18609431,1.0,0.0
1238,0.0,0.0,0.0,0.0,0.0,0.0,0.0,0.18440343,1.0,0.0
1239,0.0,0.0,0.0,0.0,0.0,0.0,0.0,0.17967005,1.0,0.0
1240,0.0,0.0,0.0,0.0,0.0,0.0,0.0,0.17913754,1.0,0.0
1241,0.0,0.0,0.0,0.0,0.0,0.0,0.0,0.17985517,1.0,0.0
1242,0.0,0.0,0.0,0.0,0.0,0.0,0.0,0.18701895,1.0,0.0
1243,0.0,0.0,0.0,0.0,0.0,0.0,0.0,0.19017316,1.0,0.0
1244,0.0,0.0,0.0,0.0,0.0,0.0,0.0,0.1840194,1.0,0.0
1245,0.0,0.0,0.0,0.0,0.0,0.0,0.0,0.21268333,1.0,0.0
1246,0.0,0.0,0.0,0.0,0.0,0.0,0.0,0.20473294,1.0,0.0
1247,0.0,0.0,0.0,0.0,0.0,0.0,0.0,0.2083144,1.0,0.0
1248,0.0,0.0,0.0,0.0,0.0,0.0,0.0,0.20248643,1.0,0.0
1249,0.0,0.0,0.0,0.0,0.0,0.0,0.0,0.2007563,1.0,0.0
1250,0.0,0.0,0.0,0.0,0.0,0.0,0.0,0.20069414,1.0,0.0
1251,0.0,0.0,0.0,0.0,0.0,0.0,0.0,0.19986326,1.0,0.0
1252,0.0,0.0,0.0,0.0,0.0,0.0,0.0,0.19911495,1.0,0.0
1253,0.0,0.0,0.0,0.0,0.0,0.0,0.0,0.1988822,1.0,0.0
1254,0.0,0.0,0.0,0.0,0.0,0.0,0.0,0.1985732,1.0,0.0
1255,0.0,0.0,0.0,0.0,0.0,0.0,0.0,0.19712907,1.0,0.0
1256,0.0,0.0,0.0,0.0,0.0,0.0,0.0,0.19676928,1.0,0.0
1257,0.0,0.0,0.0,0.0,0.0,0.0,0.0,0.19689858,1.0,0.0
1258,0.0,0.0,0.0,0.0,0.0,0.0,0.0,0.19696552,1.0,0.0
1259,0.0,0.0,0.0,0.0,0.0,0.0,0.0,0.196574,1.0,0.0
1260,0.0,0.0,0.0,0.0,0.0,0.0,0.0,0.19681606,1.0,0.0
1261,0.0,0.0,0.0,0.0,0.0,0.0,0.0,0.19577064,1.0,0.0
1262,0.0,0.0,0.0,0.0,0.0,0.0,0.0,0.19750941,1.0,0.0
1263,0.0,0.0,0.0,0.0,0.0,0.0,0.0,0.19869687,1.0,0.0
1264,0.0,0.0,0.0,0.0,0.0,0.0,0.0,0.20197122,1.0,0.0
1265,0.0,0.0,0.0,0.0,0.0,0.0,0.0,0.20754902,1.0,0.0
1266,0.0,0.0,0.0,0.0,0.0,0.0,0.0,0.21379294,1.0,0.0
1267,0.0,0.0,0.0,0.0,0.0,0.0,0.0,0.19272433,1.0,0.0
1268,0.0,0.0,0.0,0.0,0.0,0.0,0.0,0.17972758,1.0,0.0
1269,0.0,0.0,0.0,0.0,0.0,0.0,0.0,0.18162155,1.0,0.0
1270,0.0,0.0,0.0,0.0,0.0,0.0,0.0,0.18844558,1.0,0.0
1271,0.0,0.0,0.0,0.0,0.0,0.0,0.0,0.18091166,1.0,0.0
1272,0.0,0.0,0.0,0.0,0.0,0.0,0.0,0.17637625,1.0,0.0
1273,0.0,0.0,0.0,0.0,0.0,0.0,0.0,0.20478973,1.0,0.0
1274,0.0,0.0,0.0,0.0,0.0,0.0,0.0,0.18354487,1.0,0.0
1275,0.0,0.0,0.0,0.0,0.0,0.0,0.0,0.17657678,1.0,0.0
1276,0.0,0.0,0.0,0.0,0.0,0.0,0.0,0.15784949,1.0,0.0
1277,0.0,0.0,0.0,0.0,0.0,0.0,0.0,0.15489757,1.0,0.0
1278,0.0,0.0,0.0,0.0,0.0,0.0,0.0,0.16536851,1.0,0.0
1279,0.0,0.0,0.0,0.0,0.0,0.0,0.0,0.1791531,1.0,0.0
1280,0.0,0.0,0.0,0.0,0.0,0.0,0.0,0.16054182,1.0,0.0
1281,0.0,0.0,0.0,0.0,0.0,0.0,0.0,0.16059342,1.0,0.0
1282,0.0,0.0,0.0,0.0,0.0,0.0,0.0,0.1606461,1.0,0.0
1283,0.0,0.0,0.0,0.0,0.0,0.0,0.0,0.16070361,1.0,0.0
1284,0.0,0.0,0.0,0.0,0.0,0.0,0.0,0.16076022,1.0,0.0
1285,0.0,0.0,0.0,0.0,0.0,0.0,0.0,0.16082814,1.0,0.0
1286,0.0,0.0,0.0,0.0,0.0,0.0,0.0,0.16088821,1.0,0.0
1287,0.0,0.0,0.0,0.0,0.0,0.0,0.0,0.16095635,1.0,0.0
1288,0.0,0.0,0.0,0.0,0.0,0.0,0.0,0.16103065,1.0,0.0
1289,0.0,0.0,0.0,0.0,0.0,0.0,0.0,0.16110288,1.0,0.0
1290,0.0,0.0,0.0,0.0,0.0,0.0,0.0,0.16118315,1.0,0.0
1291,0.0,0.0,0.0,0.0,0.0,0.0,0.0,0.16127186,1.0,0.0
1292,0.0,0.0,0.0,0.0,0.0,0.0,0.0,0.16137333,1.0,0.0
1293,0.0,0.0,0.0,0.0,0.0,0.0,0.0,0.16146275,1.0,0.0
1294,0.0,0.0,0.0,0.0,0.0,0.0,0.0,0.16156773,1.0,0.0
1295,0.0,0.0,0.0,0.0,0.0,0.0,0.0,0.16167109,1.0,0.0
1296,0.0,0.0,0.0,0.0,0.0,0.0,0.0,0.16177526,1.0,0.0
1297,0.0,0.0,0.0,0.0,0.0,0.0,0.0,0.16189153,1.0,0.0
1298,0.0,0.0,0.0,0.0,0.0,0.0,0.0,0.16198438,1.0,0.0
1299,0.0,0.0,0.0,0.0,0.0,0.0,0.0,0.1621044,1.0,0.0
1300,0.0,0.0,0.0,0.0,0.0,0.0,0.0,0.16224442,1.0,0.0
1301,0.0,0.0,0.0,0.0,0.0,0.0,0.0,0.16239023,1.0,0.0
1302,0.0,0.0,0.0,0.0,0.0,0.0,0.0,0.16253084,1.0,0.0
1303,0.0,0.0,0.0,0.0,0.0,0.0,0.0,0.16271393,1.0,0.0
1304,0.0,0.0,0.0,0.0,0.0,0.0,0.0,0.16288148,1.0,0.0
1305,0.0,0.0,0.0,0.0,0.0,0.0,0.0,0.16302282,1.0,0.0
1306,0.0,0.0,0.0,0.0,0.0,0.0,0.0,0.16320123,1.0,0.0
1307,0.0,0.0,0.0,0.0,0.0,0.0,0.0,0.16339536,1.0,0.0
1308,0.0,0.0,0.0,0.0,0.0,0.0,0.0,0.16359761,1.0,0.0
1309,0.0,0.0,0.0,0.0,0.0,0.0,0.0,0.1637515,1.0,0.0
1310,0.0,0.0,0.0,0.0,0.0,0.0,0.0,0.16399148,1.0,0.0
1311,0.0,0.0,0.0,0.0,0.0,0.0,0.0,0.16418074,1.0,0.0
1312,0.0,0.0,0.0,0.0,0.0,0.0,0.0,0.16442975,1.0,0.0
1313,0.0,0.0,0.0,0.0,0.0,0.0,0.0,0.16462632,1.0,0.0
1314,0.0,0.0,0.0,0.0,0.0,0.0,0.0,0.16477567,1.0,0.0
1315,0.0,0.0,0.0,0.0,0.0,0.0,0.0,0.16503496,1.0,0.0
1316,0.0,0.0,0.0,0.0,0.0,0.0,0.0,0.16512094,1.0,0.0
1317,0.0,0.0,0.0,0.0,0.0,0.0,0.0,0.165338,1.0,0.0
1318,0.0,0.0,0.0,0.0,0.0,0.0,0.0,0.16561522,1.0,0.0
1319,0.0,0.0,0.0,0.0,0.0,0.0,0.0,0.1657831,1.0,0.0
1320,0.0,0.0,0.0,0.0,0.0,0.0,0.0,0.1660499,1.0,0.0
1321,0.0,0.0,0.0,0.0,0.0,0.0,0.0,0.16633542,1.0,0.0
1322,0.0,0.0,0.0,0.0,0.0,0.0,0.0,0.16643932,1.0,0.0
1323,0.0,0.0,0.0,0.0,0.0,0.0,0.0,0.1667312,1.0,0.0
1324,0.0,0.0,0.0,0.0,0.0,0.0,0.0,0.16711976,1.0,0.0
1325,0.0,0.0,0.0,0.0,0.0,0.0,0.0,0.16728593,1.0,0.0
1326,0.0,0.0,0.0,0.0,0.0,0.0,0.0,0.1667149,1.0,0.0
1327,0.0,0.0,0.0,0.0,0.0,0.0,0.0,0.16703618,1.0,0.0
1328,0.0,0.0,0.0,0.0,0.0,0.0,0.0,0.16723467,1.0,0.0
1329,0.0,0.0,0.0,0.0,0.0,0.0,0.0,0.1673606,1.0,0.0
1330,0.0,0.0,0.0,0.0,0.0,0.0,0.0,0.16720435,1.0,0.0
1331,0.0,0.0,0.0,0.0,0.0,0.0,0.0,0.16759925,1.0,0.0
1332,0.0,0.0,0.0,0.0,0.0,0.0,0.0,0.16812454,1.0,0.0
1333,0.0,0.0,0.0,0.0,0.0,0.0,0.0,0.16815032,1.0,0.0
1334,0.0,0.0,0.0,0.0,0.0,0.0,0.0,0.16874215,1.0,0.0
1335,0.0,0.0,0.0,0.0,0.0,0.0,0.0,0.16880395,1.0,0.0
1336,0.0,0.0,0.0,0.0,0.0,0.0,0.0,0.16877314,1.0,0.0
1337,0.0,0.0,0.0,0.0,0.0,0.0,0.0,0.16887203,1.0,0.0
1338,0.0,0.0,0.0,0.0,0.0,0.0,0.0,0.16908273,1.0,0.0
1339,0.0,0.0,0.0,0.0,0.0,0.0,0.0,0.16894594,1.0,0.0
1340,0.0,0.0,0.0,0.0,0.0,0.0,0.0,0.16969618,1.0,0.0
1341,0.0,0.0,0.0,0.0,0.0,0.0,0.0,0.16941784,1.0,0.0
1342,0.0,0.0,0.0,0.0,0.0,0.0,0.0,0.16981775,1.0,0.0
1343,0.0,0.0,0.0,0.0,0.0,0.0,0.0,0.1689626,1.0,0.0
1344,0.0,0.0,0.0,0.0,0.0,0.0,0.0,0.1694025,1.0,0.0
1345,0.0,0.0,0.0,0.0,0.0,0.0,0.0,0.16956353,1.0,0.0
1346,0.0,0.0,0.0,0.0,0.0,0.0,0.0,0.16964953,1.0,0.0
1347,0.0,0.0,0.0,0.0,0.0,0.0,0.0,0.16991477,1.0,0.0
1348,0.0,0.0,0.0,0.0,0.0,0.0,0.0,0.16930808,1.0,0.0
1349,0.0,0.0,0.0,0.0,0.0,0.0,0.0,0.16841069,1.0,0.0
1350,0.0,0.0,0.0,0.0,0.0,0.0,0.0,0.16639315,1.0,0.0
1351,0.0,0.0,0.0,0.0,0.0,0.0,0.0,0.16540717,1.0,0.0
1352,0.0,0.0,0.0,0.0,0.0,0.0,0.0,0.16484508,1.0,0.0
1353,0.0,0.0,0.0,0.0,0.0,0.0,0.0,0.15891267,1.0,0.0
1354,0.0,0.0,0.0,0.0,0.0,0.0,0.0,0.15858659,1.0,0.0
1355,0.0,0.0,0.0,0.0,0.0,0.0,0.0,0.15609278,1.0,0.0
1356,0.0,0.0,0.0,0.0,0.0,0.0,0.0,0.15829499,1.0,0.0
1357,0.0,0.0,0.0,0.0,0.0,0.0,0.0,0.16681863,1.0,0.0
1358,0.0,0.0,0.0,0.0,0.0,0.0,0.0,0.14937568,1.0,0.0
1359,0.0,0.0,0.0,0.0,0.0,0.0,0.0,0.1425147,1.0,0.0
1360,0.0,0.0,0.0,0.0,0.0,0.0,0.0,0.13741696,1.0,0.0
1361,0.0,0.0,0.0,0.0,0.0,0.0,0.0,0.14012693,1.0,0.0
1362,0.0,0.0,0.0,0.0,0.0,0.0,0.0,0.1497646,1.0,0.0
1363,0.0,0.0,0.0,0.0,0.0,0.0,0.0,0.15272343,1.0,0.0
1364,0.0,0.0,0.0,0.0,0.0,0.0,0.0,0.15154219,1.0,0.0
1365,0.0,0.0,0.0,0.0,0.0,0.0,0.0,0.089892015,1.0,0.0
1366,0.0,0.0,0.0,0.0,0.0,0.0,0.0,8.4293696e-08,1.0,0.0
1367,0.0,0.0,0.0,0.0,0.0,0.0,0.0,8.4293696e-08,1.0,0.0
1368,0.0,0.0,0.0,0.0,0.0,0.0,0.0,8.4293696e-08,1.0,0.0
1369,0.0,0.0,0.0,0.0,0.0,0.0,0.0,8.4293696e-08,1.0,0.0
1370,0.0,0.0,0.0,0.0,0.0,0.0,0.0,8.4293696e-08,1.0,0.0
1371,0.0,0.0,0.0,0.0,0.0,0.0,0.0,8.4293696e-08,1.0,0.0
1372,0.0,0.0,0.0,0.0,0.0,0.0,0.0,8.4293696e-08,1.0,0.0
1373,0.0,0.0,0.0,0.0,0.0,0.0,0.0,8.4293696e-08,1.0,0.0
1374,0.0,0.0,0.0,0.0,0.0,0.0,0.0,8.4293696e-08,1.0,0.0
1375,0.0,0.0,0.0,0.0,0.0,0.0,0.0,8.4293696e-08,1.0,0.0
1376,0.0,0.0,0.0,0.0,0.0,0.0,0.0,8.4293696e-08,1.0,0.0
1377,0.0,0.0,0.0,0.0,0.0,0.0,0.0,8.4293696e-08,1.0,0.0
1378,0.0,0.0,0.0,0.0,0.0,0.0,0.0,8.4293696e-08,1.0,0.0
1379,0.0,0.0,0.0,0.0,0.0,0.0,0.0,8.4293696e-08,1.0,0.0
1380,0.0,0.0,0.0,0.0,0.0,0.0,0.0,8.4293696e-08,1.0,0.0
1381,0.0,0.0,0.0,0.0,0.0,0.0,0.0,8.4293696e-08,1.0,0.0
1382,0.0,0.0,0.0,0.0,0.0,0.0,0.0,8.4293696e-08,1.0,0.0
1383,0.0,0.0,0.0,0.0,0.0,0.0,0.0,8.4293696e-08,1.0,0.0
1384,0.0,0.0,0.0,0.0,0.0,0.0,0.0,8.4293696e-08,1.0,0.0
1385,0.0,0.0,0.0,0.0,0.0,0.0,0.0,8.4293696e-08,1.0,0.0
1386,0.0,0.0,0.0,0.0,0.0,0.0,0.0,8.4293696e-08,1.0,0.0
1387,0.0,0.0,0.0,0.0,0.0,0.0,0.0,8.4293696e-08,1.0,0.0
1388,0.0,0.0,0.0,0.0,0.0,0.0,0.0,8.4293696e-08,1.0,0.0
1389,0.0,0.0,0.0,0.0,0.0,0.0,0.0,8.4293696e-08,1.0,0.0
1390,0.0,0.0,0.0,0.0,0.0,0.0,0.0,8.4293696e-08,1.0,0.0
1391,0.0,0.0,0.0,0.0,0.0,0.0,0.0,8.4293696e-08,1.0,0.0
1392,0.0,0.0,0.0,0.0,0.0,0.0,0.0,8.4293696e-08,1.0,0.0
1393,0.0,0.0,0.0,0.0,0.0,0.0,0.0,8.4293696e-08,1.0,0.0
1394,0.0,0.0,0.0,0.0,0.0,0.0,0.0,8.4293696e-08,1.0,0.0
1395,0.0,0.0,0.0,0.0,0.0,0.0,0.0,8.4293696e-08,1.0,0.0
1396,0.0,0.0,0.0,0.0,0.0,0.0,0.0,8.4293696e-08,1.0,0.0
1397,0.0,0.0,0.0,0.0,0.0,0.0,0.0,8.4293696e-08,1.0,0.0
1398,0.0,0.0,0.0,0.0,0.0,0.0,0.0,8.4293696e-08,1.0,0.0
1399,0.0,0.0,0.0,0.0,0.0,0.0,0.0,8.4293696e-08,1.0,0.0
1400,0.0,0.0,0.0,0.0,0.0,0.0,0.0,8.4293696e-08,1.0,0.0
1401,0.0,0.0,0.0,0.0,0.0,0.0,0.0,8.4293696e-08,1.0,0.0
1402,0.0,0.0,0.0,0.0,0.0,0.0,0.0,8.4293696e-08,1.0,0.0
1403,0.0,0.0,0.0,0.0,0.0,0.0,0.0,8.4293696e-08,1.0,0.0
1404,0.0,0.0,0.0,0.0,0.0,0.0,0.0,8.4293696e-08,1.0,0.0
1405,0.0,0.0,0.0,0.0,0.0,0.0,0.0,8.4293696e-08,1.0,0.0
1406,0.0,0.0,0.0,0.0,0.0,0.0,0.0,8.4293696e-08,1.0,0.0
1407,0.0,0.0,0.0,0.0,0.0,0.0,0.0,8.4293696e-08,1.0,0.0
1408,0.0,0.0,0.0,0.0,0.0,0.0,0.0,8.4293696e-08,1.0,0.0
1409,0.0,0.0,0.0,0.0,0.0,0.0,0.0,8.4293696e-08,1.0,0.0
1410,0.0,0.0,0.0,0.0,0.0,0.0,0.0,8.4293696e-08,1.0,0.0
1411,0.0,0.0,0.0,0.0,0.0,0.0,0.0,8.4293696e-08,1.0,0.0
1412,0.0,0.0,0.0,0.0,0.0,0.0,0.0,8.4293696e-08,1.0,0.0
1413,0.0,0.0,0.0,0.0,0.0,0.0,0.0,8.4293696e-08,1.0,0.0
1414,0.0,0.0,0.0,0.0,0.0,0.0,0.0,8.4293696e-08,1.0,0.0
1415,0.0,0.0,0.0,0.0,0.0,0.0,0.0,8.4293696e-08,1.0,0.0
1416,0.0,0.0,0.0,0.0,0.0,0.0,0.0,8.4293696e-08,1.0,0.0
1417,0.0,0.0,0.0,0.0,0.0,0.0,0.0,8.4293696e-08,1.0,0.0
1418,0.0,0.0,0.0,0.0,0.0,0.0,0.0,8.4293696e-08,1.0,0.0
1419,0.0,0.0,0.0,0.0,0.0,0.0,0.0,8.4293696e-08,1.0,0.0
1420,0.0,0.0,0.0,0.0,0.0,0.0,0.0,8.4293696e-08,1.0,0.0
1421,0.0,0.0,0.0,0.0,0.0,0.0,0.0,8.4293696e-08,1.0,0.0
1422,0.0,0.0,0.0,0.0,0.0,0.0,0.0,8.4293696e-08,1.0,0.0
1423,0.0,0.0,0.0,0.0,0.0,0.0,0.0,8.4293696e-08,1.0,0.0
1424,0.0,0.0,0.0,0.0,0.0,0.0,0.0,8.4293696e-08,1.0,0.0
1425,0.0,0.0,0.0,0.0,0.0,0.0,0.0,8.4293696e-08,1.0,0.0
1426,0.0,0.0,0.0,0.0,0.0,0.0,0.0,8.4293696e-08,1.0,0.0
1427,0.0,0.0,0.0,0.0,0.0,0.0,0.0,8.4293696e-08,1.0,0.0
1428,0.0,0.0,0.0,0.0,0.0,0.0,0.0,8.4293696e-08,1.0,0.0
1429,0.0,0.0,0.0,0.0,0.0,0.0,0.0,8.4293696e-08,1.0,0.0
1430,0.0,0.0,0.0,0.0,0.0,0.0,0.0,8.4293696e-08,1.0,0.0
1431,0.0,0.0,0.0,0.0,0.0,0.0,0.0,8.4293696e-08,1.0,0.0
1432,0.0,0.0,0.0,0.0,0.0,0.0,0.0,8.4293696e-08,1.0,0.0
1433,0.0,0.0,0.0,0.0,0.0,0.0,0.0,8.4293696e-08,1.0,0.0
1434,0.0,0.0,0.0,0.0,0.0,0.0,0.0,8.4293696e-08,1.0,0.0
1435,0.0,0.0,0.0,0.0,0.0,0.0,0.0,8.4293696e-08,1.0,0.0
1436,0.0,0.0,0.0,0.0,0.0,0.0,0.0,8.4293696e-08,1.0,0.0
1437,0.0,0.0,0.0,0.0,0.0,0.0,0.0,8.4293696e-08,1.0,0.0
1438,0.0,0.0,0.0,0.0,0.0,0.0,0.0,8.4293696e-08,1.0,0.0
1439,0.0,0.0,0.0,0.0,0.0,0.0,0.0,8.4293696e-08,1.0,0.0
1440,0.0,0.0,0.0,0.0,0.0,0.0,0.0,8.4293696e-08,1.0,0.0
1441,0.0,0.0,0.0,0.0,0.0,0.0,0.0,8.4293696e-08,1.0,0.0
1442,0.0,0.0,0.0,0.0,0.0,0.0,0.0,8.4293696e-08,1.0,0.0
1443,0.0,0.0,0.0,0.0,0.0,0.0,0.0,8.4293696e-08,1.0,0.0
1444,0.0,0.0,0.0,0.0,0.0,0.0,0.0,8.4293696e-08,1.0,0.0
1445,0.0,0.0,0.0,0.0,0.0,0.0,0.0,8.4293696e-08,1.0,0.0
1446,0.0,0.0,0.0,0.0,0.0,0.0,0.0,8.4293696e-08,1.0,0.0
1447,0.0,0.0,0.0,0.0,0.0,0.0,0.0,8.4293696e-08,1.0,0.0
1448,0.0,0.0,0.0,0.0,0.0,0.0,0.0,8.4293696e-08,1.0,0.0
1449,0.0,0.0,0.0,0.0,0.0,0.0,0.0,8.4293696e-08,1.0,0.0
1450,0.0,0.0,0.0,0.0,0.0,0.0,0.0,8.4293696e-08,1.0,0.0
1451,0.0,0.0,0.0,0.0,0.0,0.0,0.0,8.4293696e-08,1.0,0.0
1452,0.0,0.0,0.0,0.0,0.0,0.0,0.0,8.4293696e-08,1.0,0.0
1453,0.0,0.0,0.0,0.0,0.0,0.0,0.0,8.4293696e-08,1.0,0.0
1454,0.0,0.0,0.0,0.0,0.0,0.0,0.0,8.4293696e-08,1.0,0.0
1455,0.0,0.0,0.0,0.0,0.0,0.0,0.0,8.4293696e-08,1.0,0.0
1456,0.0,0.0,0.0,0.0,0.0,0.0,0.0,8.4293696e-08,1.0,0.0
1457,0.0,0.0,0.0,0.0,0.0,0.0,0.0,8.4293696e-08,1.0,0.0
1458,0.0,0.0,0.0,0.0,0.0,0.0,0.0,8.4293696e-08,1.0,0.0
1459,0.0,0.0,0.0,0.0,0.0,0.0,0.0,8.4293696e-08,1.0,0.0
1460,0.0,0.0,0.0,0.0,0.0,0.0,0.0,8.4293696e-08,1.0,0.0
1461,0.0,0.0,0.0,0.0,0.0,0.0,0.0,8.4293696e-08,1.0,0.0
1462,0.0,0.0,0.0,0.0,0.0,0.0,0.0,8.4293696e-08,1.0,0.0
1463,0.0,0.0,0.0,0.0,0.0,0.0,0.0,8.4293696e-08,1.0,0.0
1464,0.0,0.0,0.0,0.0,0.0,0.0,0.0,8.4293696e-08,1.0,0.0
1465,0.0,0.0,0.0,0.0,0.0,0.0,0.0,8.4293696e-08,1.0,0.0
1466,0.0,0.0,0.0,0.0,0.0,0.0,0.0,8.4293696e-08,1.0,0.0
1467,0.0,0.0,0.0,0.0,0.0,0.0,0.0,8.4293696e-08,1.0,0.0
1468,0.0,0.0,0.0,0.0,0.0,0.0,0.0,8.4293696e-08,1.0,0.0
1469,0.0,0.0,0.0,0.0,0.0,0.0,0.0,8.4293696e-08,1.0,0.0
1470,0.0,0.0,0.0,0.0,0.0,0.0,0.0,8.4293696e-08,1.0,0.0
1471,0.0,0.0,0.0,0.0,0.0,0.0,0.0,8.4293696e-08,1.0,0.0
1472,0.0,0.0,0.0,0.0,0.0,0.0,0.0,8.4293696e-08,1.0,0.0
1473,0.0,0.0,0.0,0.0,0.0,0.0,0.0,8.4293696e-08,1.0,0.0
1474,0.0,0.0,0.0,0.0,0.0,0.0,0.0,8.4293696e-08,1.0,0.0
1475,0.0,0.0,0.0,0.0,0.0,0.0,0.0,8.4293696e-08,1.0,0.0
1476,0.0,0.0,0.0,0.0,0.0,0.0,0.0,8.4293696e-08,1.0,0.0
1477,0.0,0.0,0.0,0.0,0.0,0.0,0.0,8.4293696e-08,1.0,0.0
1478,0.0,0.0,0.0,0.0,0.0,0.0,0.0,8.4293696e-08,1.0,0.0
1479,0.0,0.0,0.0,0.0,0.0,0.0,0.0,8.4293696e-08,1.0,0.0
1480,0.0,0.0,0.0,0.0,0.0,0.0,0.0,8.4293696e-08,1.0,0.0
1481,0.0,0.0,0.0,0.0,0.0,0.0,0.0,8.4293696e-08,1.0,0.0
1482,0.0,0.0,0.0,0.0,0.0,0.0,0.0,8.4293696e-08,1.0,0.0
1483,0.0,0.0,0.0,0.0,0.0,0.0,0.0,8.4293696e-08,1.0,0.0
1484,0.0,0.0,0.0,0.0,0.0,0.0,0.0,8.4293696e-08,1.0,0.0
1485,0.0,0.0,0.0,0.0,0.0,0.0,0.0,8.4293696e-08,1.0,0.0
1486,0.0,0.0,0.0,0.0,0.0,0.0,0.0,8.4293696e-08,1.0,0.0
1487,0.0,0.0,0.0,0.0,0.0,0.0,0.0,8.4293696e-08,1.0,0.0
1488,0.0,0.0,0.0,0.0,0.0,0.0,0.0,8.4293696e-08,1.0,0.0
1489,0.0,0.0,0.0,0.0,0.0,0.0,0.0,8.4293696e-08,1.0,0.0
1490,0.0,0.0,0.0,0.0,0.0,0.0,0.0,8.4293696e-08,1.0,0.0
1491,0.0,0.0,0.0,0.0,0.0,0.0,0.0,8.4293696e-08,1.0,0.0
1492,0.0,0.0,0.0,0.0,0.0,0.0,0.0,8.4293696e-08,1.0,0.0
1493,0.0,0.0,0.0,0.0,0.0,0.0,0.0,8.4293696e-08,1.0,0.0
1494,0.0,0.0,0.0,0.0,0.0,0.0,0.0,8.4293696e-08,1.0,0.0
1495,0.0,0.0,0.0,0.0,0.0,0.0,0.0,8.4293696e-08,1.0,0.0
1496,0.0,0.0,0.0,0.0,0.0,0.0,0.0,8.4293696e-08,1.0,0.0
1497,0.0,0.0,0.0,0.0,0.0,0.0,0.0,8.4293696e-08,1.0,0.0
1498,0.0,0.0,0.0,0.0,0.0,0.0,0.0,8.4293696e-08,1.0,0.0
1499,0.0,0.0,0.0,0.0,0.0,0.0,0.0,8.4293696e-08,1.0,0.0
1500,0.0,0.0,0.0,0.0,0.0,0.0,0.0,8.4293696e-08,1.0,0.0
1501,0.0,0.0,0.0,0.0,0.0,0.0,0.0,8.4293696e-08,1.0,0.0
1502,0.0,0.0,0.0,0.0,0.0,0.0,0.0,8.4293696e-08,1.0,0.0
1503,0.0,0.0,0.0,0.0,0.0,0.0,0.0,8.4293696e-08,1.0,0.0
1504,0.0,0.0,0.0,0.0,0.0,0.0,0.0,8.4293696e-08,1.0,0.0
1505,0.0,0.0,0.0,0.0,0.0,0.0,0.0,8.4293696e-08,1.0,0.0
1506,0.0,0.0,0.0,0.0,0.0,0.0,0.0,8.4293696e-08,1.0,0.0
1507,0.0,0.0,0.0,0.0,0.0,0.0,0.0,8.4293696e-08,1.0,0.0
1508,0.0,0.0,0.0,0.0,0.0,0.0,0.0,8.4293696e-08,1.0,0.0
1509,0.0,0.0,0.0,0.0,0.0,0.0,0.0,8.4293696e-08,1.0,0.0
1510,0.0,0.0,0.0,0.0,0.0,0.0,0.0,8.4293696e-08,1.0,0.0
1511,0.0,0.0,0.0,0.0,0.0,0.0,0.0,8.4293696e-08,1.0,0.0
1512,0.0,0.0,0.0,0.0,0.0,0.0,0.0,8.4293696e-08,1.0,0.0
1513,0.0,0.0,0.0,0.0,0.0,0.0,0.0,8.4293696e-08,1.0,0.0
1514,0.0,0.0,0.0,0.0,0.0,0.0,0.0,8.4293696e-08,1.0,0.0
1515,0.0,0.0,0.0,0.0,0.0,0.0,0.0,8.4293696e-08,1.0,0.0
1516,0.0,0.0,0.0,0.0,0.0,0.0,0.0,8.4293696e-08,1.0,0.0
1517,0.0,0.0,0.0,0.0,0.0,0.0,0.0,8.4293696e-08,1.0,0.0
1518,0.0,0.0,0.0,0.0,0.0,0.0,0.0,8.4293696e-08,1.0,0.0
1519,0.0,0.0,0.0,0.0,0.0,0.0,0.0,8.4293696e-08,1.0,0.0
1520,0.0,0.0,0.0,0.0,0.0,0.0,0.0,8.4293696e-08,1.0,0.0
1521,0.0,0.0,0.0,0.0,0.0,0.0,0.0,8.4293696e-08,1.0,0.0
1522,0.0,0.0,0.0,0.0,0.0,0.0,0.0,8.4293696e-08,1.0,0.0
1523,0.0,0.0,0.0,0.0,0.0,0.0,0.0,8.4293696e-08,1.0,0.0
1524,0.0,0.0,0.0,0.0,0.0,0.0,0.0,8.4293696e-08,1.0,0.0
1525,0.0,0.0,0.0,0.0,0.0,0.0,0.0,8.4293696e-08,1.0,0.0
1526,0.0,0.0,0.0,0.0,0.0,0.0,0.0,8.4293696e-08,1.0,0.0
1527,0.0,0.0,0.0,0.0,0.0,0.0,0.0,8.4293696e-08,1.0,0.0
1528,0.0,0.0,0.0,0.0,0.0,0.0,0.0,8.4293696e-08,1.0,0.0
1529,0.0,0.0,0.0,0.0,0.0,0.0,0.0,8.4293696e-08,1.0,0.0
1530,0.0,0.0,0.0,0.0,0.0,0.0,0.0,8.4293696e-08,1.0,0.0
1531,0.0,0.0,0.0,0.0,0.0,0.0,0.0,8.4293696e-08,1.0,0.0
1532,0.0,0.0,0.0,0.0,0.0,0.0,0.0,8.4293696e-08,1.0,0.0
1533,0.0,0.0,0.0,0.0,0.0,0.0,0.0,8.4293696e-08,1.0,0.0
1534,0.0,0.0,0.0,0.0,0.0,0.0,0.0,8.4293696e-08,1.0,0.0
1535,0.0,0.0,0.0,0.0,0.0,0.0,0.0,8.4293696e-08,1.0,0.0
1536,0.0,0.0,0.0,0.0,0.0,0.0,0.0,8.4293696e-08,1.0,0.0
1537,0.0,0.0,0.0,0.0,0.0,0.0,0.0,8.4293696e-08,1.0,0.0
1538,0.0,0.0,0.0,0.0,0.0,0.0,0.0,8.4293696e-08,1.0,0.0
1539,0.0,0.0,0.0,0.0,0.0,0.0,0.0,8.4293696e-08,1.0,0.0
1540,0.0,0.0,0.0,0.0,0.0,0.0,0.0,8.4293696e-08,1.0,0.0
1541,0.0,0.0,0.0,0.0,0.0,0.0,0.0,8.4293696e-08,1.0,0.0
1542,0.0,0.0,0.0,0.0,0.0,0.0,0.0,8.4293696e-08,1.0,0.0
1543,0.0,0.0,0.0,0.0,0.0,0.0,0.0,8.4293696e-08,1.0,0.0
1544,0.0,0.0,0.0,0.0,0.0,0.0,0.0,8.4293696e-08,1.0,0.0
1545,0.0,0.0,0.0,0.0,0.0,0.0,0.0,8.4293696e-08,1.0,0.0
1546,0.0,0.0,0.0,0.0,0.0,0.0,0.0,8.4293696e-08,1.0,0.0
1547,0.0,0.0,0.0,0.0,0.0,0.0,0.0,8.4293696e-08,1.0,0.0
1548,0.0,0.0,0.0,0.0,0.0,0.0,0.0,8.4293696e-08,1.0,0.0
1549,0.0,0.0,0.0,0.0,0.0,0.0,0.0,8.4293696e-08,1.0,0.0
1550,0.0,0.0,0.0,0.0,0.0,0.0,0.0,8.4293696e-08,1.0,0.0
1551,0.0,0.0,0.0,0.0,0.0,0.0,0.0,8.4293696e-08,1.0,0.0
1552,0.0,0.0,0.0,0.0,0.0,0.0,0.0,8.4293696e-08,1.0,0.0
1553,0.0,0.0,0.0,0.0,0.0,0.0,0.0,8.4293696e-08,1.0,0.0
1554,0.0,0.0,0.0,0.0,0.0,0.0,0.0,8.4293696e-08,1.0,0.0
1555,0.0,0.0,0.0,0.0,0.0,0.0,0.0,8.4293696e-08,1.0,0.0
1556,0.0,0.0,0.0,0.0,0.0,0.0,0.0,8.4293696e-08,1.0,0.0
1557,0.0,0.0,0.0,0.0,0.0,0.0,0.0,8.4293696e-08,1.0,0.0
1558,0.0,0.0,0.0,0.0,0.0,0.0,0.0,8.4293696e-08,1.0,0.0
1559,0.0,0.0,0.0,0.0,0.0,0.0,0.0,8.4293696e-08,1.0,0.0
1560,0.0,0.0,0.0,0.0,0.0,0.0,0.0,8.4293696e-08,1.0,0.0
1561,0.0,0.0,0.0,0.0,0.0,0.0,0.0,8.4293696e-08,1.0,0.0
1562,0.0,0.0,0.0,0.0,0.0,0.0,0.0,8.4293696e-08,1.0,0.0
1563,0.0,0.0,0.0,0.0,0.0,0.0,0.0,8.4293696e-08,1.0,0.0
1564,0.0,0.0,0.0,0.0,0.0,0.0,0.0,8.4293696e-08,1.0,0.0
1565,0.0,0.0,0.0,0.0,0.0,0.0,0.0,8.4293696e-08,1.0,0.0
1566,0.0,0.0,0.0,0.0,0.0,0.0,0.0,8.4293696e-08,1.0,0.0
1567,0.0,0.0,0.0,0.0,0.0,0.0,0.0,8.4293696e-08,1.0,0.0
1568,0.0,0.0,0.0,0.0,0.0,0.0,0.0,8.4293696e-08,1.0,0.0
1569,0.0,0.0,0.0,0.0,0.0,0.0,0.0,8.4293696e-08,1.0,0.0
1570,0.0,0.0,0.0,0.0,0.0,0.0,0.0,8.4293696e-08,1.0,0.0
1571,0.0,0.0,0.0,0.0,0.0,0.0,0.0,8.4293696e-08,1.0,0.0
1572,0.0,0.0,0.0,0.0,0.0,0.0,0.0,8.4293696e-08,1.0,0.0
1573,0.0,0.0,0.0,0.0,0.0,0.0,0.0,8.4293696e-08,1.0,0.0
1574,0.0,0.0,0.0,0.0,0.0,0.0,0.0,8.4293696e-08,1.0,0.0
1575,0.0,0.0,0.0,0.0,0.0,0.0,0.0,8.4293696e-08,1.0,0.0
1576,0.0,0.0,0.0,0.0,0.0,0.0,0.0,8.4293696e-08,1.0,0.0
1577,0.0,0.0,0.0,0.0,0.0,0.0,0.0,8.4293696e-08,1.0,0.0
1578,0.0,0.0,0.0,0.0,0.0,0.0,0.0,8.4293696e-08,1.0,0.0
1579,0.0,0.0,0.0,0.0,0.0,0.0,0.0,8.4293696e-08,1.0,0.0
1580,0.0,0.0,0.0,0.0,0.0,0.0,0.0,8.4293696e-08,1.0,0.0
1581,0.0,0.0,0.0,0.0,0.0,0.0,0.0,8.4293696e-08,1.0,0.0
1582,0.0,0.0,0.0,0.0,0.0,0.0,0.0,8.4293696e-08,1.0,0.0
1583,0.0,0.0,0.0,0.0,0.0,0.0,0.0,8.4293696e-08,1.0,0.0
1584,0.0,0.0,0.0,0.0,0.0,0.0,0.0,8.4293696e-08,1.0,0.0
1585,0.0,0.0,0.0,0.0,0.0,0.0,0.0,8.4293696e-08,1.0,0.0
1586,0.0,0.0,0.0,0.0,0.0,0.0,0.0,8.4293696e-08,1.0,0.0
1587,0.0,0.0,0.0,0.0,0.0,0.0,0.0,8.4293696e-08,1.0,0.0
1588,0.0,0.0,0.0,0.0,0.0,0.0,0.0,8.4293696e-08,1.0,0.0
1589,0.0,0.0,0.0,0.0,0.0,0.0,0.0,8.4293696e-08,1.0,0.0
1590,0.0,0.0,0.0,0.0,0.0,0.0,0.0,8.4293696e-08,1.0,0.0
1591,0.0,0.0,0.0,0.0,0.0,0.0,0.0,8.4293696e-08,1.0,0.0
1592,0.0,0.0,0.0,0.0,0.0,0.0,0.0,8.4293696e-08,1.0,0.0
1593,0.0,0.0,0.0,0.0,0.0,0.0,0.0,8.4293696e-08,1.0,0.0
1594,0.0,0.0,0.0,0.0,0.0,0.0,0.0,8.4293696e-08,1.0,0.0
1595,0.0,0.0,0.0,0.0,0.0,0.0,0.0,8.4293696e-08,1.0,0.0
1596,0.0,0.0,0.0,0.0,0.0,0.0,0.0,8.4293696e-08,1.0,0.0
1597,0.0,0.0,0.0,0.0,0.0,0.0,0.0,8.4293696e-08,1.0,0.0
1598,0.0,0.0,0.0,0.0,0.0,0.0,0.0,8.4293696e-08,1.0,0.0
1599,0.0,0.0,0.0,0.0,0.0,0.0,0.0,8.4293696e-08,1.0,0.0
1600,0.0,0.0,0.0,0.0,0.0,0.0,0.0,8.4293696e-08,1.0,0.0
1601,0.0,0.0,0.0,0.0,0.0,0.0,0.0,8.4293696e-08,1.0,0.0
1602,0.0,0.0,0.0,0.0,0.0,0.0,0.0,8.4293696e-08,1.0,0.0
1603,0.0,0.0,0.0,0.0,0.0,0.0,0.0,8.4293696e-08,1.0,0.0
1604,0.0,0.0,0.0,0.0,0.0,0.0,0.0,8.4293696e-08,1.0,0.0
1605,0.0,0.0,0.0,0.0,0.0,0.0,0.0,8.4293696e-08,1.0,0.0
1606,0.0,0.0,0.0,0.0,0.0,0.0,0.0,8.4293696e-08,1.0,0.0
1607,0.0,0.0,0.0,0.0,0.0,0.0,0.0,8.4293696e-08,1.0,0.0
1608,0.0,0.0,0.0,0.0,0.0,0.0,0.0,8.4293696e-08,1.0,0.0
1609,0.0,0.0,0.0,0.0,0.0,0.0,0.0,8.4293696e-08,1.0,0.0
1610,0.0,0.0,0.0,0.0,0.0,0.0,0.0,8.4293696e-08,1.0,0.0
1611,0.0,0.0,0.0,0.0,0.0,0.0,0.0,8.4293696e-08,1.0,0.0
1612,0.0,0.0,0.0,0.0,0.0,0.0,0.0,8.4293696e-08,1.0,0.0
1613,0.0,0.0,0.0,0.0,0.0,0.0,0.0,8.4293696e-08,1.0,0.0
1614,0.0,0.0,0.0,0.0,0.0,0.0,0.0,8.4293696e-08,1.0,0.0
1615,0.0,0.0,0.0,0.0,0.0,0.0,0.0,8.4293696e-08,1.0,0.0
1616,0.0,0.0,0.0,0.0,0.0,0.0,0.0,8.4293696e-08,1.0,0.0
1617,0.0,0.0,0.0,0.0,0.0,0.0,0.0,8.4293696e-08,1.0,0.0
1618,0.0,0.0,0.0,0.0,0.0,0.0,0.0,8.4293696e-08,1.0,0.0
1619,0.0,0.0,0.0,0.0,0.0,0.0,0.0,8.4293696e-08,1.0,0.0
1620,0.0,0.0,0.0,0.0,0.0,0.0,0.0,8.4293696e-08,1.0,0.0
1621,0.0,0.0,0.0,0.0,0.0,0.0,0.0,8.4293696e-08,1.0,0.0
1622,0.0,0.0,0.0,0.0,0.0,0.0,0.0,8.4293696e-08,1.0,0.0
1623,0.0,0.0,0.0,0.0,0.0,0.0,0.0,8.4293696e-08,1.0,0.0
1624,0.0,0.0,0.0,0.0,0.0,0.0,0.0,8.4293696e-08,1.0,0.0
1625,0.0,0.0,0.0,0.0,0.0,0.0,0.0,8.4293696e-08,1.0,0.0
1626,0.0,0.0,0.0,0.0,0.0,0.0,0.0,8.4293696e-08,1.0,0.0
1627,0.0,0.0,0.0,0.0,0.0,0.0,0.0,8.4293696e-08,1.0,0.0
1628,0.0,0.0,0.0,0.0,0.0,0.0,0.0,8.4293696e-08,1.0,0.0
1629,0.0,0.0,0.0,0.0,0.0,0.0,0.0,8.4293696e-08,1.0,0.0
1630,0.0,0.0,0.0,0.0,0.0,0.0,0.0,8.4293696e-08,1.0,0.0
1631,0.0,0.0,0.0,0.0,0.0,0.0,0.0,8.4293696e-08,1.0,0.0
1632,0.0,0.0,0.0,0.0,0.0,0.0,0.0,8.4293696e-08,1.0,0.0
1633,0.0,0.0,0.0,0.0,0.0,0.0,0.0,8.4293696e-08,1.0,0.0
1634,0.0,0.0,0.0,0.0,0.0,0.0,0.0,8.4293696e-08,1.0,0.0
1635,0.0,0.0,0.0,0.0,0.0,0.0,0.0,8.4293696e-08,1.0,0.0
1636,0.0,0.0,0.0,0.0,0.0,0.0,0.0,8.4293696e-08,1.0,0.0
1637,0.0,0.0,0.0,0.0,0.0,0.0,0.0,8.4293696e-08,1.0,0.0
1638,0.0,0.0,0.0,0.0,0.0,0.0,0.0,8.4293696e-08,1.0,0.0
1639,0.0,0.0,0.0,0.0,0.0,0.0,0.0,8.4293696e-08,1.0,0.0
1640,0.0,0.0,0.0,0.0,0.0,0.0,0.0,8.4293696e-08,1.0,0.0
1641,0.0,0.0,0.0,0.0,0.0,0.0,0.0,8.4293696e-08,1.0,0.0
1642,0.0,0.0,0.0,0.0,0.0,0.0,0.0,8.4293696e-08,1.0,0.0
1643,0.0,0.0,0.0,0.0,0.0,0.0,0.0,8.4293696e-08,1.0,0.0
1644,0.0,0.0,0.0,0.0,0.0,0.0,0.0,8.4293696e-08,1.0,0.0
1645,0.0,0.0,0.0,0.0,0.0,0.0,0.0,8.4293696e-08,1.0,0.0
1646,0.0,0.0,0.0,0.0,0.0,0.0,0.0,8.4293696e-08,1.0,0.0
1647,0.0,0.0,0.0,0.0,0.0,0.0,0.0,8.4293696e-08,1.0,0.0
1648,0.0,0.0,0.0,0.0,0.0,0.0,0.0,8.4293696e-08,1.0,0.0
1649,0.0,0.0,0.0,0.0,0.0,0.0,0.0,8.4293696e-08,1.0,0.0
1650,0.0,0.0,0.0,0.0,0.0,0.0,0.0,8.4293696e-08,1.0,0.0
1651,0.0,0.0,0.0,0.0,0.0,0.0,0.0,8.4293696e-08,1.0,0.0
1652,0.0,0.0,0.0,0.0,0.0,0.0,0.0,8.4293696e-08,1.0,0.0
1653,0.0,0.0,0.0,0.0,0.0,0.0,0.0,8.4293696e-08,1.0,0.0
1654,0.0,0.0,0.0,0.0,0.0,0.0,0.0,8.4293696e-08,1.0,0.0
1655,0.0,0.0,0.0,0.0,0.0,0.0,0.0,8.4293696e-08,1.0,0.0
1656,0.0,0.0,0.0,0.0,0.0,0.0,0.0,8.4293696e-08,1.0,0.0
1657,0.0,0.0,0.0,0.0,0.0,0.0,0.0,8.4293696e-08,1.0,0.0
1658,0.0,0.0,0.0,0.0,0.0,0.0,0.0,8.4293696e-08,1.0,0.0
1659,0.0,0.0,0.0,0.0,0.0,0.0,0.0,8.4293696e-08,1.0,0.0
1660,0.0,0.0,0.0,0.0,0.0,0.0,0.0,8.4293696e-08,1.0,0.0
1661,0.0,0.0,0.0,0.0,0.0,0.0,0.0,8.4293696e-08,1.0,0.0
1662,0.0,0.0,0.0,0.0,0.0,0.0,0.0,8.4293696e-08,1.0,0.0
1663,0.0,0.0,0.0,0.0,0.0,0.0,0.0,8.4293696e-08,1.0,0.0
1664,0.0,0.0,0.0,0.0,0.0,0.0,0.0,8.4293696e-08,1.0,0.0
1665,0.0,0.0,0.0,0.0,0.0,0.0,0.0,8.4293696e-08,1.0,0.0
1666,0.0,0.0,0.0,0.0,0.0,0.0,0.0,8.4293696e-08,1.0,0.0
1667,0.0,0.0,0.0,0.0,0.0,0.0,0.0,8.4293696e-08,1.0,0.0
1668,0.0,0.0,0.0,0.0,0.0,0.0,0.0,8.4293696e-08,1.0,0.0
1669,0.0,0.0,0.0,0.0,0.0,0.0,0.0,8.4293696e-08,1.0,0.0
1670,0.0,0.0,0.0,0.0,0.0,0.0,0.0,8.4293696e-08,1.0,0.0
1671,0.0,0.0,0.0,0.0,0.0,0.0,0.0,8.4293696e-08,1.0,0.0
1672,0.0,0.0,0.0,0.0,0.0,0.0,0.0,8.4293696e-08,1.0,0.0
1673,0.0,0.0,0.0,0.0,0.0,0.0,0.0,8.4293696e-08,1.0,0.0
1674,0.0,0.0,0.0,0.0,0.0,0.0,0.0,8.4293696e-08,1.0,0.0
1675,0.0,0.0,0.0,0.0,0.0,0.0,0.0,8.4293696e-08,1.0,0.0
1676,0.0,0.0,0.0,0.0,0.0,0.0,0.0,8.4293696e-08,1.0,0.0
1677,0.0,0.0,0.0,0.0,0.0,0.0,0.0,8.4293696e-08,1.0,0.0
1678,0.0,0.0,0.0,0.0,0.0,0.0,0.0,8.4293696e-08,1.0,0.0
1679,0.0,0.0,0.0,0.0,0.0,0.0,0.0,8.4293696e-08,1.0,0.0
1680,0.0,0.0,0.0,0.0,0.0,0.0,0.0,8.4293696e-08,1.0,0.0
1681,0.0,0.0,0.0,0.0,0.0,0.0,0.0,8.4293696e-08,1.0,0.0
1682,0.0,0.0,0.0,0.0,0.0,0.0,0.0,8.4293696e-08,1.0,0.0
1683,0.0,0.0,0.0,0.0,0.0,0.0,0.0,8.4293696e-08,1.0,0.0
1684,0.0,0.0,0.0,0.0,0.0,0.0,0.0,8.4293696e-08,1.0,0.0
1685,0.0,0.0,0.0,0.0,0.0,0.0,0.0,8.4293696e-08,1.0,0.0
1686,0.0,0.0,0.0,0.0,0.0,0.0,0.0,8.4293696e-08,1.0,0.0
1687,0.0,0.0,0.0,0.0,0.0,0.0,0.0,8.4293696e-08,1.0,0.0
1688,0.0,0.0,0.0,0.0,0.0,0.0,0.0,8.4293696e-08,1.0,0.0
1689,0.0,0.0,0.0,0.0,0.0,0.0,0.0,8.4293696e-08,1.0,0.0
1690,0.0,0.0,0.0,0.0,0.0,0.0,0.0,8.4293696e-08,1.0,0.0
1691,0.0,0.0,0.0,0.0,0.0,0.0,0.0,8.4293696e-08,1.0,0.0
1692,0.0,0.0,0.0,0.0,0.0,0.0,0.0,8.4293696e-08,1.0,0.0
1693,0.0,0.0,0.0,0.0,0.0,0.0,0.0,8.4293696e-08,1.0,0.0
1694,0.0,0.0,0.0,0.0,0.0,0.0,0.0,8.4293696e-08,1.0,0.0
1695,0.0,0.0,0.0,0.0,0.0,0.0,0.0,8.4293696e-08,1.0,0.0
1696,0.0,0.0,0.0,0.0,0.0,0.0,0.0,8.4293696e-08,1.0,0.0
1697,0.0,0.0,0.0,0.0,0.0,0.0,0.0,8.4293696e-08,1.0,0.0
1698,0.0,0.0,0.0,0.0,0.0,0.0,0.0,8.4293696e-08,1.0,0.0
1699,0.0,0.0,0.0,0.0,0.0,0.0,0.0,8.4293696e-08,1.0,0.0
1700,0.0,0.0,0.0,0.0,0.0,0.0,0.0,8.4293696e-08,1.0,0.0
1701,0.0,0.0,0.0,0.0,0.0,0.0,0.0,8.4293696e-08,1.0,0.0
1702,0.0,0.0,0.0,0.0,0.0,0.0,0.0,8.4293696e-08,1.0,0.0
1703,0.0,0.0,0.0,0.0,0.0,0.0,0.0,8.4293696e-08,1.0,0.0
1704,0.0,0.0,0.0,0.0,0.0,0.0,0.0,8.4293696e-08,1.0,0.0
1705,0.0,0.0,0.0,0.0,0.0,0.0,0.0,8.4293696e-08,1.0,0.0
1706,0.0,0.0,0.0,0.0,0.0,0.0,0.0,8.4293696e-08,1.0,0.0
1707,0.0,0.0,0.0,0.0,0.0,0.0,0.0,8.4293696e-08,1.0,0.0
1708,0.0,0.0,0.0,0.0,0.0,0.0,0.0,8.4293696e-08,1.0,0.0
1709,0.0,0.0,0.0,0.0,0.0,0.0,0.0,8.4293696e-08,1.0,0.0
1710,0.0,0.0,0.0,0.0,0.0,0.0,0.0,8.4293696e-08,1.0,0.0
1711,0.0,0.0,0.0,0.0,0.0,0.0,0.0,8.4293696e-08,1.0,0.0
1712,0.0,0.0,0.0,0.0,0.0,0.0,0.0,8.4293696e-08,1.0,0.0
1713,0.0,0.0,0.0,0.0,0.0,0.0,0.0,8.4293696e-08,1.0,0.0
1714,0.0,0.0,0.0,0.0,0.0,0.0,0.0,8.4293696e-08,1.0,0.0
1715,0.0,0.0,0.0,0.0,0.0,0.0,0.0,8.4293696e-08,1.0,0.0
1716,0.0,0.0,0.0,0.0,0.0,0.0,0.0,8.4293696e-08,1.0,0.0
1717,0.0,0.0,0.0,0.0,0.0,0.0,0.0,8.4293696e-08,1.0,0.0
1718,0.0,0.0,0.0,0.0,0.0,0.0,0.0,8.4293696e-08,1.0,0.0
1719,0.0,0.0,0.0,0.0,0.0,0.0,0.0,8.4293696e-08,1.0,0.0
1720,0.0,0.0,0.0,0.0,0.0,0.0,0.0,8.4293696e-08,1.0,0.0
1721,0.0,0.0,0.0,0.0,0.0,0.0,0.0,8.4293696e-08,1.0,0.0
1722,0.0,0.0,0.0,0.0,0.0,0.0,0.0,8.4293696e-08,1.0,0.0
1723,0.0,0.0,0.0,0.0,0.0,0.0,0.0,8.4293696e-08,1.0,0.0
1724,0.0,0.0,0.0,0.0,0.0,0.0,0.0,8.4293696e-08,1.0,0.0
1725,0.0,0.0,0.0,0.0,0.0,0.0,0.0,8.4293696e-08,1.0,0.0
1726,0.0,0.0,0.0,0.0,0.0,0.0,0.0,8.4293696e-08,1.0,0.0
1727,0.0,0.0,0.0,0.0,0.0,0.0,0.0,8.4293696e-08,1.0,0.0
1728,0.0,0.0,0.0,0.0,0.0,0.0,0.0,8.4293696e-08,1.0,0.0
1729,0.0,0.0,0.0,0.0,0.0,0.0,0.0,8.4293696e-08,1.0,0.0
1730,0.0,0.0,0.0,0.0,0.0,0.0,0.0,8.4293696e-08,1.0,0.0
1731,0.0,0.0,0.0,0.0,0.0,0.0,0.0,8.4293696e-08,1.0,0.0
1732,0.0,0.0,0.0,0.0,0.0,0.0,0.0,8.4293696e-08,1.0,0.0
1733,0.0,0.0,0.0,0.0,0.0,0.0,0.0,8.4293696e-08,1.0,0.0
1734,0.0,0.0,0.0,0.0,0.0,0.0,0.0,8.4293696e-08,1.0,0.0
1735,0.0,0.0,0.0,0.0,0.0,0.0,0.0,8.4293696e-08,1.0,0.0
1736,0.0,0.0,0.0,0.0,0.0,0.0,0.0,8.4293696e-08,1.0,0.0
1737,0.0,0.0,0.0,0.0,0.0,0.0,0.0,8.4293696e-08,1.0,0.0
1738,0.0,0.0,0.0,0.0,0.0,0.0,0.0,8.4293696e-08,1.0,0.0
1739,0.0,0.0,0.0,0.0,0.0,0.0,0.0,8.4293696e-08,1.0,0.0
1740,0.0,0.0,0.0,0.0,0.0,0.0,0.0,8.4293696e-08,1.0,0.0
1741,0.0,0.0,0.0,0.0,0.0,0.0,0.0,8.4293696e-08,1.0,0.0
1742,0.0,0.0,0.0,0.0,0.0,0.0,0.0,8.4293696e-08,1.0,0.0
1743,0.0,0.0,0.0,0.0,0.0,0.0,0.0,8.4293696e-08,1.0,0.0
1744,0.0,0.0,0.0,0.0,0.0,0.0,0.0,8.4293696e-08,1.0,0.0
1745,0.0,0.0,0.0,0.0,0.0,0.0,0.0,8.4293696e-08,1.0,0.0
1746,0.0,0.0,0.0,0.0,0.0,0.0,0.0,8.4293696e-08,1.0,0.0
1747,0.0,0.0,0.0,0.0,0.0,0.0,0.0,8.4293696e-08,1.0,0.0
1748,0.0,0.0,0.0,0.0,0.0,0.0,0.0,8.4293696e-08,1.0,0.0
1749,0.0,0.0,0.0,0.0,0.0,0.0,0.0,8.4293696e-08,1.0,0.0
1750,0.0,0.0,0.0,0.0,0.0,0.0,0.0,8.4293696e-08,1.0,0.0
1751,0.0,0.0,0.0,0.0,0.0,0.0,0.0,8.4293696e-08,1.0,0.0
1752,0.0,0.0,0.0,0.0,0.0,0.0,0.0,8.4293696e-08,1.0,0.0
1753,0.0,0.0,0.0,0.0,0.0,0.0,0.0,8.4293696e-08,1.0,0.0
1754,0.0,0.0,0.0,0.0,0.0,0.0,0.0,8.4293696e-08,1.0,0.0
1755,0.0,0.0,0.0,0.0,0.0,0.0,0.0,8.4293696e-08,1.0,0.0
1756,0.0,0.0,0.0,0.0,0.0,0.0,0.0,8.4293696e-08,1.0,0.0
1757,0.0,0.0,0.0,0.0,0.0,0.0,0.0,8.4293696e-08,1.0,0.0
1758,0.0,0.0,0.0,0.0,0.0,0.0,0.0,8.4293696e-08,1.0,0.0
1759,0.0,0.0,0.0,0.0,0.0,0.0,0.0,8.4293696e-08,1.0,0.0
1760,0.0,0.0,0.0,0.0,0.0,0.0,0.0,8.4293696e-08,1.0,0.0
1761,0.0,0.0,0.0,0.0,0.0,0.0,0.0,8.4293696e-08,1.0,0.0
1762,0.0,0.0,0.0,0.0,0.0,0.0,0.0,8.4293696e-08,1.0,0.0
1763,0.0,0.0,0.0,0.0,0.0,0.0,0.0,8.4293696e-08,1.0,0.0
1764,0.0,0.0,0.0,0.0,0.0,0.0,0.0,8.4293696e-08,1.0,0.0
1765,0.0,0.0,0.0,0.0,0.0,0.0,0.0,8.4293696e-08,1.0,0.0
1766,0.0,0.0,0.0,0.0,0.0,0.0,0.0,8.4293696e-08,1.0,0.0
1767,0.0,0.0,0.0,0.0,0.0,0.0,0.0,8.4293696e-08,1.0,0.0
1768,0.0,0.0,0.0,0.0,0.0,0.0,0.0,8.4293696e-08,1.0,0.0
1769,0.0,0.0,0.0,0.0,0.0,0.0,0.0,8.4293696e-08,1.0,0.0
1770,0.0,0.0,0.0,0.0,0.0,0.0,0.0,8.4293696e-08,1.0,0.0
1771,0.0,0.0,0.0,0.0,0.0,0.0,0.0,8.4293696e-08,1.0,0.0
1772,0.0,0.0,0.0,0.0,0.0,0.0,0.0,8.4293696e-08,1.0,0.0
1773,0.0,0.0,0.0,0.0,0.0,0.0,0.0,8.4293696e-08,1.0,0.0
1774,0.0,0.0,0.0,0.0,0.0,0.0,0.0,8.4293696e-08,1.0,0.0
1775,0.0,0.0,0.0,0.0,0.0,0.0,0.0,8.4293696e-08,1.0,0.0
1776,0.0,0.0,0.0,0.0,0.0,0.0,0.0,8.4293696e-08,1.0,0.0
1777,0.0,0.0,0.0,0.0,0.0,0.0,0.0,8.4293696e-08,1.0,0.0
1778,0.0,0.0,0.0,0.0,0.0,0.0,0.0,8.4293696e-08,1.0,0.0
1779,0.0,0.0,0.0,0.0,0.0,0.0,0.0,8.4293696e-08,1.0,0.0
1780,0.0,0.0,0.0,0.0,0.0,0.0,0.0,8.4293696e-08,1.0,0.0
1781,0.0,0.0,0.0,0.0,0.0,0.0,0.0,8.4293696e-08,1.0,0.0
1782,0.0,0.0,0.0,0.0,0.0,0.0,0.0,8.4293696e-08,1.0,0.0
1783,0.0,0.0,0.0,0.0,0.0,0.0,0.0,8.4293696e-08,1.0,0.0
1784,0.0,0.0,0.0,0.0,0.0,0.0,0.0,8.4293696e-08,1.0,0.0
1785,0.0,0.0,0.0,0.0,0.0,0.0,0.0,8.4293696e-08,1.0,0.0
1786,0.0,0.0,0.0,0.0,0.0,0.0,0.0,8.4293696e-08,1.0,0.0
1787,0.0,0.0,0.0,0.0,0.0,0.0,0.0,8.4293696e-08,1.0,0.0
1788,0.0,0.0,0.0,0.0,0.0,0.0,0.0,8.4293696e-08,1.0,0.0
1789,0.0,0.0,0.0,0.0,0.0,0.0,0.0,8.4293696e-08,1.0,0.0
1790,0.0,0.0,0.0,0.0,0.0,0.0,0.0,8.4293696e-08,1.0,0.0
1791,0.0,0.0,0.0,0.0,0.0,0.0,0.0,8.4293696e-08,1.0,0.0
1792,0.0,0.0,0.0,0.0,0.0,0.0,0.0,8.4293696e-08,1.0,0.0
1793,0.0,0.0,0.0,0.0,0.0,0.0,0.0,8.4293696e-08,1.0,0.0
1794,0.0,0.0,0.0,0.0,0.0,0.0,0.0,8.4293696e-08,1.0,0.0
1795,0.0,0.0,0.0,0.0,0.0,0.0,0.0,8.4293696e-08,1.0,0.0
1796,0.0,0.0,0.0,0.0,0.0,0.0,0.0,8.4293696e-08,1.0,0.0
1797,0.0,0.0,0.0,0.0,0.0,0.0,0.0,8.4293696e-08,1.0,0.0
1798,0.0,0.0,0.0,0.0,0.0,0.0,0.0,8.4293696e-08,1.0,0.0
1799,0.0,0.0,0.0,0.0,0.0,0.0,0.0,8.4293696e-08,1.0,0.0
1800,0.0,0.0,0.0,0.0,0.0,0.0,0.0,8.4293696e-08,1.0,0.0
1801,0.0,0.0,0.0,0.0,0.0,0.0,0.0,8.4293696e-08,1.0,0.0
1802,0.0,0.0,0.0,0.0,0.0,0.0,0.0,8.4293696e-08,1.0,0.0
1803,0.0,0.0,0.0,0.0,0.0,0.0,0.0,8.4293696e-08,1.0,0.0
1804,0.0,0.0,0.0,0.0,0.0,0.0,0.0,8.4293696e-08,1.0,0.0
1805,0.0,0.0,0.0,0.0,0.0,0.0,0.0,8.4293696e-08,1.0,0.0
1806,0.0,0.0,0.0,0.0,0.0,0.0,0.0,8.4293696e-08,1.0,0.0
1807,0.0,0.0,0.0,0.0,0.0,0.0,0.0,8.4293696e-08,1.0,0.0
1808,0.0,0.0,0.0,0.0,0.0,0.0,0.0,8.4293696e-08,1.0,0.0
1809,0.0,0.0,0.0,0.0,0.0,0.0,0.0,8.4293696e-08,1.0,0.0
1810,0.0,0.0,0.0,0.0,0.0,0.0,0.0,8.4293696e-08,1.0,0.0
1811,0.0,0.0,0.0,0.0,0.0,0.0,0.0,8.4293696e-08,1.0,0.0
1812,0.0,0.0,0.0,0.0,0.0,0.0,0.0,8.4293696e-08,1.0,0.0
1813,0.0,0.0,0.0,0.0,0.0,0.0,0.0,8.4293696e-08,1.0,0.0
1814,0.0,0.0,0.0,0.0,0.0,0.0,0.0,8.4293696e-08,1.0,0.0
1815,0.0,0.0,0.0,0.0,0.0,0.0,0.0,8.4293696e-08,1.0,0.0
1816,0.0,0.0,0.0,0.0,0.0,0.0,0.0,8.4293696e-08,1.0,0.0
1817,0.0,0.0,0.0,0.0,0.0,0.0,0.0,8.4293696e-08,1.0,0.0
1818,0.0,0.0,0.0,0.0,0.0,0.0,0.0,8.4293696e-08,1.0,0.0
1819,0.0,0.0,0.0,0.0,0.0,0.0,0.0,8.4293696e-08,1.0,0.0
1820,0.0,0.0,0.0,0.0,0.0,0.0,0.0,8.4293696e-08,1.0,0.0
1821,0.0,0.0,0.0,0.0,0.0,0.0,0.0,8.4293696e-08,1.0,0.0
1822,0.0,0.0,0.0,0.0,0.0,0.0,0.0,8.4293696e-08,1.0,0.0
1823,0.0,0.0,0.0,0.0,0.0,0.0,0.0,8.4293696e-08,1.0,0.0
1824,0.0,0.0,0.0,0.0,0.0,0.0,0.0,8.4293696e-08,1.0,0.0
1825,0.0,0.0,0.0,0.0,0.0,0.0,0.0,8.4293696e-08,1.0,0.0
1826,0.0,0.0,0.0,0.0,0.0,0.0,0.0,8.4293696e-08,1.0,0.0
1827,0.0,0.0,0.0,0.0,0.0,0.0,0.0,8.4293696e-08,1.0,0.0
1828,0.0,0.0,0.0,0.0,0.0,0.0,0.0,8.4293696e-08,1.0,0.0
1829,0.0,0.0,0.0,0.0,0.0,0.0,0.0,8.4293696e-08,1.0,0.0
1830,0.0,0.0,0.0,0.0,0.0,0.0,0.0,8.4293696e-08,1.0,0.0
1831,0.0,0.0,0.0,0.0,0.0,0.0,0.0,8.4293696e-08,1.0,0.0
1832,0.0,0.0,0.0,0.0,0.0,0.0,0.0,8.4293696e-08,1.0,0.0
1833,0.0,0.0,0.0,0.0,0.0,0.0,0.0,8.4293696e-08,1.0,0.0
1834,0.0,0.0,0.0,0.0,0.0,0.0,0.0,8.4293696e-08,1.0,0.0
1835,0.0,0.0,0.0,0.0,0.0,0.0,0.0,8.4293696e-08,1.0,0.0
1836,0.0,0.0,0.0,0.0,0.0,0.0,0.0,8.4293696e-08,1.0,0.0
1837,0.0,0.0,0.0,0.0,0.0,0.0,0.0,8.4293696e-08,1.0,0.0
1838,0.0,0.0,0.0,0.0,0.0,0.0,0.0,8.4293696e-08,1.0,0.0
1839,0.0,0.0,0.0,0.0,0.0,0.0,0.0,8.4293696e-08,1.0,0.0
1840,0.0,0.0,0.0,0.0,0.0,0.0,0.0,8.4293696e-08,1.0,0.0
1841,0.0,0.0,0.0,0.0,0.0,0.0,0.0,8.4293696e-08,1.0,0.0
1842,0.0,0.0,0.0,0.0,0.0,0.0,0.0,8.4293696e-08,1.0,0.0
1843,0.0,0.0,0.0,0.0,0.0,0.0,0.0,8.4293696e-08,1.0,0.0
1844,0.0,0.0,0.0,0.0,0.0,0.0,0.0,8.4293696e-08,1.0,0.0
1845,0.0,0.0,0.0,0.0,0.0,0.0,0.0,8.4293696e-08,1.0,0.0
1846,0.0,0.0,0.0,0.0,0.0,0.0,0.0,8.4293696e-08,1.0,0.0
1847,0.0,0.0,0.0,0.0,0.0,0.0,0.0,8.4293696e-08,1.0,0.0
1848,0.0,0.0,0.0,0.0,0.0,0.0,0.0,8.4293696e-08,1.0,0.0
1849,0.0,0.0,0.0,0.0,0.0,0.0,0.0,8.4293696e-08,1.0,0.0
1850,0.0,0.0,0.0,0.0,0.0,0.0,0.0,8.4293696e-08,1.0,0.0
1851,0.0,0.0,0.0,0.0,0.0,0.0,0.0,8.4293696e-08,1.0,0.0
1852,0.0,0.0,0.0,0.0,0.0,0.0,0.0,8.4293696e-08,1.0,0.0
1853,0.0,0.0,0.0,0.0,0.0,0.0,0.0,8.4293696e-08,1.0,0.0
1854,0.0,0.0,0.0,0.0,0.0,0.0,0.0,8.4293696e-08,1.0,0.0
1855,0.0,0.0,0.0,0.0,0.0,0.0,0.0,8.4293696e-08,1.0,0.0
1856,0.0,0.0,0.0,0.0,0.0,0.0,0.0,8.4293696e-08,1.0,0.0
1857,0.0,0.0,0.0,0.0,0.0,0.0,0.0,8.4293696e-08,1.0,0.0
1858,0.0,0.0,0.0,0.0,0.0,0.0,0.0,8.4293696e-08,1.0,0.0
1859,0.0,0.0,0.0,0.0,0.0,0.0,0.0,8.4293696e-08,1.0,0.0
1860,0.0,0.0,0.0,0.0,0.0,0.0,0.0,8.4293696e-08,1.0,0.0
1861,0.0,0.0,0.0,0.0,0.0,0.0,0.0,8.4293696e-08,1.0,0.0
1862,0.0,0.0,0.0,0.0,0.0,0.0,0.0,8.4293696e-08,1.0,0.0
1863,0.0,0.0,0.0,0.0,0.0,0.0,0.0,8.4293696e-08,1.0,0.0
1864,0.0,0.0,0.0,0.0,0.0,0.0,0.0,8.4293696e-08,1.0,0.0
1865,0.0,0.0,0.0,0.0,0.0,0.0,0.0,8.4293696e-08,1.0,0.0
1866,0.0,0.0,0.0,0.0,0.0,0.0,0.0,8.4293696e-08,1.0,0.0
1867,0.0,0.0,0.0,0.0,0.0,0.0,0.0,8.4293696e-08,1.0,0.0
1868,0.0,0.0,0.0,0.0,0.0,0.0,0.0,8.4293696e-08,1.0,0.0
1869,0.0,0.0,0.0,0.0,0.0,0.0,0.0,8.4293696e-08,1.0,0.0
1870,0.0,0.0,0.0,0.0,0.0,0.0,0.0,8.4293696e-08,1.0,0.0
1871,0.0,0.0,0.0,0.0,0.0,0.0,0.0,8.4293696e-08,1.0,0.0
1872,0.0,0.0,0.0,0.0,0.0,0.0,0.0,8.4293696e-08,1.0,0.0
1873,0.0,0.0,0.0,0.0,0.0,0.0,0.0,8.4293696e-08,1.0,0.0
1874,0.0,0.0,0.0,0.0,0.0,0.0,0.0,8.4293696e-08,1.0,0.0
1875,0.0,0.0,0.0,0.0,0.0,0.0,0.0,8.4293696e-08,1.0,0.0
1876,0.0,0.0,0.0,0.0,0.0,0.0,0.0,8.4293696e-08,1.0,0.0
1877,0.0,0.0,0.0,0.0,0.0,0.0,0.0,8.4293696e-08,1.0,0.0
1878,0.0,0.0,0.0,0.0,0.0,0.0,0.0,8.4293696e-08,1.0,0.0
1879,0.0,0.0,0.0,0.0,0.0,0.0,0.0,8.4293696e-08,1.0,0.0
1880,0.0,0.0,0.0,0.0,0.0,0.0,0.0,8.4293696e-08,1.0,0.0
1881,0.0,0.0,0.0,0.0,0.0,0.0,0.0,8.4293696e-08,1.0,0.0
1882,0.0,0.0,0.0,0.0,0.0,0.0,0.0,8.4293696e-08,1.0,0.0
1883,0.0,0.0,0.0,0.0,0.0,0.0,0.0,8.4293696e-08,1.0,0.0
1884,0.0,0.0,0.0,0.0,0.0,0.0,0.0,8.4293696e-08,1.0,0.0
1885,0.0,0.0,0.0,0.0,0.0,0.0,0.0,8.4293696e-08,1.0,0.0
1886,0.0,0.0,0.0,0.0,0.0,0.0,0.0,8.4293696e-08,1.0,0.0
1887,0.0,0.0,0.0,0.0,0.0,0.0,0.0,8.4293696e-08,1.0,0.0
1888,0.0,0.0,0.0,0.0,0.0,0.0,0.0,8.4293696e-08,1.0,0.0
1889,0.0,0.0,0.0,0.0,0.0,0.0,0.0,8.4293696e-08,1.0,0.0
1890,0.0,0.0,0.0,0.0,0.0,0.0,0.0,8.4293696e-08,1.0,0.0
1891,0.0,0.0,0.0,0.0,0.0,0.0,0.0,8.4293696e-08,1.0,0.0
1892,0.0,0.0,0.0,0.0,0.0,0.0,0.0,8.4293696e-08,1.0,0.0
1893,0.0,0.0,0.0,0.0,0.0,0.0,0.0,8.4293696e-08,1.0,0.0
1894,0.0,0.0,0.0,0.0,0.0,0.0,0.0,8.4293696e-08,1.0,0.0
1895,0.0,0.0,0.0,0.0,0.0,0.0,0.0,8.4293696e-08,1.0,0.0
1896,0.0,0.0,0.0,0.0,0.0,0.0,0.0,8.4293696e-08,1.0,0.0
1897,0.0,0.0,0.0,0.0,0.0,0.0,0.0,8.4293696e-08,1.0,0.0
1898,0.0,0.0,0.0,0.0,0.0,0.0,0.0,8.4293696e-08,1.0,0.0
1899,0.0,0.0,0.0,0.0,0.0,0.0,0.0,8.4293696e-08,1.0,0.0
1900,0.0,0.0,0.0,0.0,0.0,0.0,0.0,8.4293696e-08,1.0,0.0
1901,0.0,0.0,0.0,0.0,0.0,0.0,0.0,8.4293696e-08,1.0,0.0
1902,0.0,0.0,0.0,0.0,0.0,0.0,0.0,8.4293696e-08,1.0,0.0
1903,0.0,0.0,0.0,0.0,0.0,0.0,0.0,8.4293696e-08,1.0,0.0
1904,0.0,0.0,0.0,0.0,0.0,0.0,0.0,8.4293696e-08,1.0,0.0
1905,0.0,0.0,0.0,0.0,0.0,0.0,0.0,8.4293696e-08,1.0,0.0
1906,0.0,0.0,0.0,0.0,0.0,0.0,0.0,8.4293696e-08,1.0,0.0
1907,0.0,0.0,0.0,0.0,0.0,0.0,0.0,8.4293696e-08,1.0,0.0
1908,0.0,0.0,0.0,0.0,0.0,0.0,0.0,8.4293696e-08,1.0,0.0
1909,0.0,0.0,0.0,0.0,0.0,0.0,0.0,8.4293696e-08,1.0,0.0
1910,0.0,0.0,0.0,0.0,0.0,0.0,0.0,8.4293696e-08,1.0,0.0
1911,0.0,0.0,0.0,0.0,0.0,0.0,0.0,8.4293696e-08,1.0,0.0
1912,0.0,0.0,0.0,0.0,0.0,0.0,0.0,8.4293696e-08,1.0,0.0
1913,0.0,0.0,0.0,0.0,0.0,0.0,0.0,8.4293696e-08,1.0,0.0
1914,0.0,0.0,0.0,0.0,0.0,0.0,0.0,8.4293696e-08,1.0,0.0
1915,0.0,0.0,0.0,0.0,0.0,0.0,0.0,8.4293696e-08,1.0,0.0
1916,0.0,0.0,0.0,0.0,0.0,0.0,0.0,8.4293696e-08,1.0,0.0
1917,0.0,0.0,0.0,0.0,0.0,0.0,0.0,8.4293696e-08,1.0,0.0
1918,0.0,0.0,0.0,0.0,0.0,0.0,0.0,5.9604645e-08,1.0,0.0
