time_index,telemetry,point_score,smoothed_score,prediction,label,context_ood,valid_score
0,0.8707594,0.0,0.0,0.0,0.0,0.0,0.0
1,0.8707594,0.0,0.0,0.0,0.0,0.0,0.0
2,0.8707594,0.0,0.0,0.0,0.0,0.0,0.0
3,0.8707594,0.0,0.0,0.0,0.0,0.0,0.0
4,0.8707594,0.0,0.0,0.0,0.0,0.0,0.0
5,0.88924587,0.0,0.0,0.0,0.0,0.0,0.0
6,0.88924587,0.0,0.0,0.0,0.0,0.0,0.0
7,0.88924587,0.0,0.0,0.0,0.0,0.0,0.0
8,0.88924587,0.0,0.0,0.0,0.0,0.0,0.0
9,0.88924587,0.0,0.0,0.0,0.0,0.0,0.0
10,0.88924587,0.0,0.0,0.0,0.0,0.0,0.0
11,0.88924587,0.0,0.0,0.0,0.0,0.0,0.0
12,0.88924587,0.0,0.0,0.0,0.0,0.0,0.0
13,0.88924587,0.0,0.0,0.0,0.0,0.0,0.0
14,0.8707594,0.0,0.0,0.0,0.0,0.0,0.0
15,0.8707594,0.0,0.0,0.0,0.0,0.0,0.0
16,0.8707594,0.0,0.0,0.0,0.0,0.0,0.0
17,0.8707594,0.0,0.0,0.0,0.0,0.0,0.0
18,0.8707594,0.0,0.0,0.0,0.0,0.0,0.0
19,0.8707594,0.0,0.0,0.0,0.0,0.0,0.0
20,0.85226464,0.0,0.0,0.0,0.0,0.0,0.0
21,0.85226464,0.0,0.0,0.0,0.0,0.0,0.0
22,0.85226464,0.0,0.0,0.0,0.0,0.0,0.0
23,0.85226464,0.0,0.0,0.0,0.0,0.0,0.0
24,0.8337612,0.0,0.0,0.0,0.0,0.0,0.0
25,0.8337612,0.0,0.0,0.0,0.0,0.0,0.0
26,0.8337612,0.0,0.0,0.0,0.0,0.0,0.0
27,0.8337612,0.0,0.0,0.0,0.0,0.0,0.0
28,0.815249,0.0,0.0,0.0,0.0,0.0,0.0
29,0.815249,0.0,0.0,0.0,0.0,0.0,0.0
30,0.815249,0.0,0.0,0.0,0.0,0.0,0.0
31,0.7967277,0.0,0.0,0.0,0.0,0.0,0.0
32,0.7967277,0.0,0.0,0.0,0.0,0.0,0.0
33,0.7967277,0.0,0.0,0.0,0.0,0.0,0.0
34,0.7967277,0.0,0.0,0.0,0.0,0.0,0.0
35,0.7781972,0.0,0.0,0.0,0.0,0.0,0.0
36,0.7781972,0.0,0.0,0.0,0.0,0.0,0.0
37,0.7596572,0.0,0.0,0.0,0.0,0.0,0.0
38,0.7596572,0.0,0.0,0.0,0.0,0.0,0.0
39,0.7596572,0.0,0.0,0.0,0.0,0.0,0.0
40,0.74110746,0.0,0.0,0.0,0.0,0.0,0.0
41,0.74110746,0.0,0.0,0.0,0.0,0.0,0.0
42,0.74110746,0.0,0.0,0.0,0.0,0.0,0.0
43,0.7225478,0.0,0.0,0.0,0.0,0.0,0.0
44,0.7225478,0.0,0.0,0.0,0.0,0.0,0.0
45,0.7225478,0.0,0.0,0.0,0.0,0.0,0.0
46,0.703978,0.0,0.0,0.0,0.0,0.0,0.0
47,0.703978,0.0,0.0,0.0,0.0,0.0,0.0
48,0.703978,0.0,0.0,0.0,0.0,0.0,0.0
49,0.68539786,0.0,0.0,0.0,0.0,0.0,0.0
50,0.68539786,0.0,0.0,0.0,0.0,0.0,0.0
51,0.68539786,0.0,0.0,0.0,0.0,0.0,0.0
52,0.68539786,0.0,0.0,0.0,0.0,0.0,0.0
53,0.66680706,0.0,0.0,0.0,0.0,0.0,0.0
54,0.66680706,0.0,0.0,0.0,0.0,0.0,0.0
55,0.66680706,0.0,0.0,0.0,0.0,0.0,0.0
56,0.66680706,0.0,0.0,0.0,0.0,0.0,0.0
57,0.66680706,0.0,0.0,0.0,0.0,0.0,0.0
58,0.66680706,0.0,0.0,0.0,0.0,0.0,0.0
59,0.66680706,0.0,0.0,0.0,0.0,0.0,0.0
60,0.66680706,0.0,0.0,0.0,0.0,0.0,0.0
61,0.66680706,0.0,0.0,0.0,0.0,0.0,0.0
62,0.66680706,0.0,0.0,0.0,0.0,0.0,0.0
63,0.66680706,0.0,0.0,0.0,0.0,0.0,0.0
64,0.66680706,0.0,0.0,0.0,0.0,0.0,0.0
65,0.66680706,0.0,0.0,0.0,0.0,0.0,0.0
66,0.66680706,0.0,0.0,0.0,0.0,0.0,0.0
67,0.66680706,0.0,0.0,0.0,0.0,0.0,0.0
68,0.66680706,0.0,0.0,0.0,0.0,0.0,0.0
69,0.66680706,0.0,0.0,0.0,0.0,0.0,0.0
70,0.66680706,0.0,0.0,0.0,0.0,0.0,0.0
71,0.66680706,0.0,0.0,0.0,0.0,0.0,0.0
72,0.66680706,0.0,0.0,0.0,0.0,0.0,0.0
73,0.66680706,0.0,0.0,0.0,0.0,0.0,0.0
74,0.68539786,0.0,0.0,0.0,0.0,0.0,0.0
75,0.68539786,0.0,0.0,0.0,0.0,0.0,0.0
76,0.68539786,0.0,0.0,0.0,0.0,0.0,0.0
77,0.68539786,0.0,0.0,0.0,0.0,0.0,0.0
78,0.68539786,0.0,0.0,0.0,0.0,0.0,0.0
79,0.68539786,0.0,0.0,0.0,0.0,0.0,0.0
80,0.68539786,0.0,0.0,0.0,0.0,0.0,0.0
81,0.68539786,0.0,0.0,0.0,0.0,0.0,0.0
82,0.68539786,0.0,0.0,0.0,0.0,0.0,0.0
83,0.68539786,0.0,0.0,0.0,0.0,0.0,0.0
84,0.68539786,0.0,0.0,0.0,0.0,0.0,0.0
85,0.68539786,0.0,0.0,0.0,0.0,0.0,0.0
86,0.68539786,0.0,0.0,0.0,0.0,0.0,0.0
87,0.68539786,0.0,0.0,0.0,0.0,0.0,0.0
88,0.703978,0.0,0.0,0.0,0.0,0.0,0.0
89,0.703978,0.0,0.0,0.0,0.0,0.0,0.0
90,0.703978,0.0,0.0,0.0,0.0,0.0,0.0
91,0.703978,0.0,0.0,0.0,0.0,0.0,0.0
92,0.7225478,0.0,0.0,0.0,0.0,0.0,0.0
93,0.7225478,0.0,0.0,0.0,0.0,0.0,0.0
94,0.74110746,0.0,0.0,0.0,0.0,0.0,0.0
95,0.74110746,0.0,0.0,0.0,0.0,0.0,0.0
96,0.74110746,0.0,0.0,0.0,0.0,0.0,0.0
97,0.7596572,0.0,0.0,0.0,0.0,0.0,0.0
98,0.7596572,0.0,0.0,0.0,0.0,0.0,0.0
99,0.7596572,0.0,0.0,0.0,0.0,0.0,0.0
100,0.7596572,0.0,0.0,0.0,0.0,0.0,0.0
101,0.7781972,0.0,0.0,0.0,0.0,0.0,0.0
102,0.7781972,0.0,0.0,0.0,0.0,0.0,0.0
103,0.7781972,0.0,0.0,0.0,0.0,0.0,0.0
104,0.7781972,0.0,0.0,0.0,0.0,0.0,0.0
105,0.7967277,0.0,0.0,0.0,0.0,0.0,0.0
106,0.7967277,0.0,0.0,0.0,0.0,0.0,0.0
107,0.7967277,0.0,0.0,0.0,0.0,0.0,0.0
108,0.7967277,0.0,0.0,0.0,0.0,0.0,0.0
109,0.7967277,0.0,0.0,0.0,0.0,0.0,0.0
110,0.7967277,0.0,0.0,0.0,0.0,0.0,0.0
111,0.815249,0.0,0.0,0.0,0.0,0.0,0.0
112,0.815249,0.0,0.0,0.0,0.0,0.0,0.0
113,0.815249,0.0,0.0,0.0,0.0,0.0,0.0
114,0.815249,0.0,0.0,0.0,0.0,0.0,0.0
115,0.815249,0.0,0.0,0.0,0.0,0.0,0.0
116,0.815249,0.0,0.0,0.0,0.0,0.0,0.0
117,0.815249,0.0,0.0,0.0,0.0,0.0,0.0
118,0.815249,0.0,0.0,0.0,0.0,0.0,0.0
119,0.7967277,0.0,0.0,0.0,0.0,0.0,0.0
120,0.7967277,0.0,0.0,0.0,0.0,0.0,0.0
121,0.7967277,0.0,0.0,0.0,0.0,0.0,0.0
122,0.7967277,0.0,0.0,0.0,0.0,0.0,0.0
123,0.7967277,0.0,0.0,0.0,0.0,0.0,0.0
124,0.7967277,0.0,0.0,0.0,0.0,0.0,0.0
125,0.7967277,0.0,0.0,0.0,0.0,0.0,0.0
126,0.7967277,0.0,0.0,0.0,0.0,0.0,0.0
127,0.7967277,0.0,0.0,0.0,0.0,0.0,0.0
128,0.7781972,0.0,0.0,0.0,0.0,0.0,0.0
129,0.7781972,0.0,0.0,0.0,0.0,0.0,0.0
130,0.7781972,0.0,0.0,0.0,0.0,0.0,0.0
131,0.7781972,0.0,0.0,0.0,0.0,0.0,0.0
132,0.7596572,0.0,0.0,0.0,0.0,0.0,0.0
133,0.7596572,0.0,0.0,0.0,0.0,0.0,0.0
134,0.7596572,0.0,0.0,0.0,0.0,0.0,0.0
135,0.74110746,0.0,0.0,0.0,0.0,0.0,0.0
136,0.74110746,0.0,0.0,0.0,0.0,0.0,0.0
137,0.74110746,0.0,0.0,0.0,0.0,0.0,0.0
138,0.74110746,0.0,0.0,0.0,0.0,0.0,0.0
139,0.7225478,0.0,0.0,0.0,0.0,0.0,0.0
140,0.7225478,0.0,0.0,0.0,0.0,0.0,0.0
141,0.7225478,0.0,0.0,0.0,0.0,0.0,0.0
142,0.703978,0.0,0.0,0.0,0.0,0.0,0.0
143,0.703978,0.0,0.0,0.0,0.0,0.0,0.0
144,0.703978,0.0,0.0,0.0,0.0,0.0,0.0
145,0.68539786,0.0,0.0,0.0,0.0,0.0,0.0
146,0.68539786,0.0,0.0,0.0,0.0,0.0,0.0
147,0.68539786,0.0,0.0,0.0,0.0,0.0,0.0
148,0.68539786,0.0,0.0,0.0,0.0,0.0,0.0
149,0.66680706,0.0,0.0,0.0,0.0,0.0,0.0
150,0.66680706,0.0,0.0,0.0,0.0,0.0,0.0
151,0.66680706,0.0,0.0,0.0,0.0,0.0,0.0
152,0.66680706,0.0,0.0,0.0,0.0,0.0,0.0
153,0.66680706,0.0,0.0,0.0,0.0,0.0,0.0
154,0.66680706,0.0,0.0,0.0,0.0,0.0,0.0
155,0.64820546,0.0,0.0,0.0,0.0,0.0,0.0
156,0.64820546,0.0,0.0,0.0,0.0,0.0,0.0
157,0.64820546,0.0,0.0,0.0,0.0,0.0,0.0
158,0.64820546,0.0,0.0,0.0,0.0,0.0,0.0
159,0.64820546,0.0,0.0,0.0,0.0,0.0,0.0
160,0.64820546,0.0,0.0,0.0,0.0,0.0,0.0
161,0.64820546,0.0,0.0,0.0,0.0,0.0,0.0
162,0.64820546,0.0,0.0,0.0,0.0,0.0,0.0
163,0.64820546,0.0,0.0,0.0,0.0,0.0,0.0
164,0.64820546,0.0,0.0,0.0,0.0,0.0,0.0
165,0.66680706,0.0,0.0,0.0,0.0,0.0,0.0
166,0.66680706,0.0,0.0,0.0,0.0,0.0,0.0
167,0.66680706,0.0,0.0,0.0,0.0,0.0,0.0
168,0.66680706,0.0,0.0,0.0,0.0,0.0,0.0
169,0.66680706,0.0,0.0,0.0,0.0,0.0,0.0
170,0.66680706,0.0,0.0,0.0,0.0,0.0,0.0
171,0.66680706,0.0,0.0,0.0,0.0,0.0,0.0
172,0.68539786,0.0,0.0,0.0,0.0,0.0,0.0
173,0.68539786,0.0,0.0,0.0,0.0,0.0,0.0
174,0.68539786,0.0,0.0,0.0,0.0,0.0,0.0
175,0.68539786,0.0,0.0,0.0,0.0,0.0,0.0
176,0.68539786,0.0,0.0,0.0,0.0,0.0,0.0
177,0.68539786,0.0,0.0,0.0,0.0,0.0,0.0
178,0.68539786,0.0,0.0,0.0,0.0,0.0,0.0
179,0.68539786,0.0,0.0,0.0,0.0,0.0,0.0
180,0.68539786,0.0,0.0,0.0,0.0,0.0,0.0
181,0.703978,0.0,0.0,0.0,0.0,0.0,0.0
182,0.703978,0.0,0.0,0.0,0.0,0.0,0.0
183,0.703978,0.0,0.0,0.0,0.0,0.0,0.0
184,0.703978,0.0,0.0,0.0,0.0,0.0,0.0
185,0.703978,0.0,0.0,0.0,0.0,0.0,0.0
186,0.703978,0.0,0.0,0.0,0.0,0.0,0.0
187,0.703978,0.0,0.0,0.0,0.0,0.0,0.0
188,0.7225478,0.0,0.0,0.0,0.0,0.0,0.0
189,0.7225478,0.0,0.0,0.0,0.0,0.0,0.0
190,0.7225478,0.0,0.0,0.0,0.0,0.0,0.0
191,0.74110746,0.0,0.0,0.0,0.0,0.0,0.0
192,0.74110746,0.0,0.0,0.0,0.0,0.0,0.0
193,0.7596572,0.0,0.0,0.0,0.0,0.0,0.0
194,0.7596572,0.0,0.0,0.0,0.0,0.0,0.0
195,0.7781972,0.0,0.0,0.0,0.0,0.0,0.0
196,0.7781972,0.0,0.0,0.0,0.0,0.0,0.0
197,0.7781972,0.0,0.0,0.0,0.0,0.0,0.0
198,0.7967277,0.0,0.0,0.0,0.0,0.0,0.0
199,0.7967277,0.0,0.0,0.0,0.0,0.0,0.0
200,0.7967277,0.0,0.0,0.0,0.0,0.0,0.0
201,0.7967277,0.0,0.0,0.0,0.0,0.0,0.0
202,0.815249,0.0,0.0,0.0,0.0,0.0,0.0
203,0.815249,0.0,0.0,0.0,0.0,0.0,0.0
204,0.815249,0.0,0.0,0.0,0.0,0.0,0.0
205,0.815249,0.0,0.0,0.0,0.0,0.0,0.0
206,0.815249,0.0,0.0,0.0,0.0,0.0,0.0
207,0.815249,0.0,0.0,0.0,0.0,0.0,0.0
208,0.8337612,0.0,0.0,0.0,0.0,0.0,0.0
209,0.8337612,0.0,0.0,0.0,0.0,0.0,0.0
210,0.8337612,0.0,0.0,0.0,0.0,0.0,0.0
211,0.8337612,0.0,0.0,0.0,0.0,0.0,0.0
212,0.8337612,0.0,0.0,0.0,0.0,0.0,0.0
213,0.8337612,0.0,0.0,0.0,0.0,0.0,0.0
214,0.8337612,0.0,0.0,0.0,0.0,0.0,0.0
215,0.8337612,0.0,0.0,0.0,0.0,0.0,0.0
216,0.815249,0.0,0.0,0.0,0.0,0.0,0.0
217,0.815249,0.0,0.0,0.0,0.0,0.0,0.0
218,0.815249,0.0,0.0,0.0,0.0,0.0,0.0
219,0.815249,0.0,0.0,0.0,0.0,0.0,0.0
220,0.815249,0.0,0.0,0.0,0.0,0.0,0.0
221,0.815249,0.0,0.0,0.0,0.0,0.0,0.0
222,0.815249,0.0,0.0,0.0,0.0,0.0,0.0
223,0.815249,0.0,0.0,0.0,0.0,0.0,0.0
224,0.815249,0.0,0.0,0.0,0.0,0.0,0.0
225,0.7967277,0.0,0.0,0.0,0.0,0.0,0.0
226,0.7967277,0.0,0.0,0.0,0.0,0.0,0.0
227,0.7967277,0.0,0.0,0.0,0.0,0.0,0.0
228,0.7967277,0.0,0.0,0.0,0.0,0.0,0.0
229,0.7781972,0.0,0.0,0.0,0.0,0.0,0.0
230,0.7781972,0.0,0.0,0.0,0.0,0.0,0.0
231,0.7781972,0.0,0.0,0.0,0.0,0.0,0.0
232,0.7781972,0.0,0.0,0.0,0.0,0.0,0.0
233,0.7596572,0.0,0.0,0.0,0.0,0.0,0.0
234,0.7596572,0.0,0.0,0.0,0.0,0.0,0.0
235,0.7596572,0.0,0.0,0.0,0.0,0.0,0.0
236,0.74110746,0.0,0.0,0.0,0.0,0.0,0.0
237,0.74110746,0.0,0.0,0.0,0.0,0.0,0.0
238,0.74110746,0.0,0.0,0.0,0.0,0.0,0.0
239,0.74110746,0.0,0.0,0.0,0.0,0.0,0.0
240,0.7225478,0.0,0.0,0.0,0.0,0.0,0.0
241,0.7225478,0.0,0.0,0.0,0.0,0.0,0.0
242,0.7225478,0.0,0.0,0.0,0.0,0.0,0.0
243,0.703978,0.0,0.0,0.0,0.0,0.0,0.0
244,0.703978,0.0,0.0,0.0,0.0,0.0,0.0
245,0.703978,0.0,0.0,0.0,0.0,0.0,0.0
246,0.68539786,0.0,0.0,0.0,0.0,0.0,0.0
247,0.68539786,0.0,0.0,0.0,0.0,0.0,0.0
248,0.68539786,0.0,0.0,0.0,0.0,0.0,0.0
249,0.68539786,0.0,0.0,0.0,0.0,0.0,0.0
250,0.68539786,0.0,0.0,0.0,0.0,0.0,0.0
251,0.68539786,0.0,0.0,0.0,0.0,0.0,0.0
252,0.68539786,0.0,0.0,0.0,0.0,0.0,0.0
253,0.68539786,0.0,0.0,0.0,0.0,0.0,0.0
254,0.66680706,0.0,0.0,0.0,0.0,0.0,0.0
255,0.66680706,0.0,0.0,0.0,0.0,0.0,0.0
256,0.66680706,0.0,0.0,0.0,0.0,0.0,0.0
257,0.66680706,0.0,0.0,0.0,0.0,0.0,0.0
258,0.66680706,0.0,0.0,0.0,0.0,0.0,0.0
259,0.66680706,0.0,0.0,0.0,0.0,0.0,0.0
260,0.66680706,0.0,0.0,0.0,0.0,0.0,0.0
261,0.66680706,0.0,0.0,0.0,0.0,0.0,0.0
262,0.66680706,0.0,0.0,0.0,0.0,0.0,0.0
263,0.66680706,0.0,0.0,0.0,0.0,0.0,0.0
264,0.66680706,0.0,0.0,0.0,0.0,0.0,0.0
265,0.66680706,0.0,0.0,0.0,0.0,0.0,0.0
266,0.68539786,0.0,0.0,0.0,0.0,0.0,0.0
267,0.68539786,0.0,0.0,0.0,0.0,0.0,0.0
268,0.68539786,0.0,0.0,0.0,0.0,0.0,0.0
269,0.68539786,0.0,0.0,0.0,0.0,0.0,0.0
270,0.68539786,0.0,0.0,0.0,0.0,0.0,0.0
271,0.68539786,0.0,0.0,0.0,0.0,0.0,0.0
272,0.703978,0.0,0.0,0.0,0.0,0.0,0.0
273,0.703978,0.0,0.0,0.0,0.0,0.0,0.0
274,0.703978,0.0,0.0,0.0,0.0,0.0,0.0
275,0.703978,0.0,0.0,0.0,0.0,0.0,0.0
276,0.703978,0.0,0.0,0.0,0.0,0.0,0.0
277,0.703978,0.0,0.0,0.0,0.0,0.0,0.0
278,0.703978,0.0,0.0,0.0,0.0,0.0,0.0
279,0.703978,0.0,0.49412087,0.0,0.0,0.0,0.0
280,0.703978,0.0,0.982559,0.0,0.0,0.0,0.0
281,0.703978,0.0,1.4792653,0.0,0.0,0.0,0.0
282,0.7225478,0.0,1.97846,0.0,0.0,0.0,0.0
283,0.7225478,0.0,2.5123074,0.0,0.0,0.0,0.0
284,0.7225478,5.9294505,3.061099,0.0,0.0,1.0,1.0
285,0.7225478,5.861258,3.609769,0.0,0.0,1.0,1.0
286,0.7225478,5.960475,4.1788993,0.0,0.0,1.0,1.0
287,0.7225478,5.9903355,4.7520823,0.0,0.0,1.0,1.0
288,0.74110746,6.40617,5.336521,0.0,0.0,1.0,1.0
289,0.74110746,6.5855002,5.9337306,0.0,0.0,1.0,1.0
290,0.74110746,6.58404,6.542486,0.0,0.0,1.0,1.0
291,0.7596572,6.829562,6.6563644,0.0,0.0,1.0,1.0
292,0.7596572,6.8781953,6.7710123,0.0,0.0,1.0,1.0
293,0.7596572,7.0132666,6.872579,0.0,0.0,1.0,1.0
294,0.7596572,7.166515,6.9731307,0.0,0.0,1.0,1.0
295,0.7781972,7.305067,7.0490594,0.0,0.0,1.0,1.0
296,0.7781972,7.295987,7.110314,0.0,0.0,1.0,1.0
297,0.7781972,7.2370324,7.1707015,0.0,0.0,1.0,1.0
298,0.7967277,7.1792774,7.2090693,0.0,0.0,1.0,1.0
299,0.7967277,7.1969533,7.2299438,0.0,0.0,1.0,1.0
300,0.7967277,7.317315,7.2279506,0.0,0.0,1.0,1.0
301,0.7967277,7.320554,7.207122,0.0,0.0,1.0,1.0
302,0.7967277,7.308694,7.157358,0.0,0.0,1.0,1.0
303,0.7967277,7.2899756,7.099331,0.0,0.0,1.0,1.0
304,0.7967277,7.128688,7.0267777,0.0,0.0,1.0,1.0
305,0.7967277,6.989348,6.94015,0.0,0.0,1.0,1.0
306,0.815249,6.916571,6.831655,0.0,0.0,1.0,1.0
307,0.7967277,6.7079015,6.701246,0.0,0.0,1.0,1.0
308,0.815249,6.599662,6.561396,0.0,0.0,1.0,1.0
309,0.815249,6.366391,6.4131923,0.0,0.0,1.0,1.0
310,0.7967277,6.139742,6.2501273,0.0,0.0,1.0,1.0
311,0.7967277,5.8950214,6.082886,0.0,0.0,1.0,1.0
312,0.7967277,5.752401,5.9209814,0.0,0.0,1.0,1.0
313,0.7967277,5.642356,5.7589397,0.0,0.0,1.0,1.0
314,0.7967277,5.5302515,5.60947,0.0,0.0,1.0,1.0
315,0.7967277,5.3331947,5.465733,0.0,0.0,1.0,1.0
316,0.7967277,5.1217933,5.3397064,0.0,0.0,1.0,1.0
317,0.7967277,5.046493,5.22887,0.0,0.0,1.0,1.0
318,0.7967277,4.9720697,5.136534,0.0,0.0,1.0,1.0
319,0.7967277,4.914262,5.052044,0.0,0.0,1.0,1.0
320,0.7967277,4.87482,4.9795475,0.0,0.0,1.0,1.0
321,0.7781972,4.854071,4.915127,0.0,0.0,1.0,1.0
322,0.7781972,4.8097057,4.8669143,0.0,0.0,1.0,1.0
323,0.7781972,4.7869906,4.836516,0.0,0.0,1.0,1.0
324,0.7781972,4.738521,4.8130007,0.0,0.0,1.0,1.0
325,0.7596572,4.7723956,4.796227,0.0,0.0,1.0,1.0
326,0.7596572,4.7572055,4.7900114,0.0,0.0,1.0,1.0
327,0.7596572,4.7546453,4.7903814,0.0,0.0,1.0,1.0
328,0.7596572,4.75701,4.809761,0.0,0.0,1.0,1.0
329,0.74110746,4.764312,4.834833,0.0,0.0,1.0,1.0
330,0.74110746,4.770787,4.8732166,0.0,0.0,1.0,1.0
331,0.74110746,4.8396745,4.935053,0.0,0.0,1.0,1.0
332,0.7225478,4.879257,5.011671,0.0,0.0,1.0,1.0
333,0.7225478,5.086627,5.1047115,0.0,0.0,1.0,1.0
334,0.7225478,5.110575,5.21035,0.0,0.0,1.0,1.0
335,0.7225478,5.247592,5.328444,0.0,0.0,1.0,1.0
336,0.7225478,5.4805536,5.458565,0.0,0.0,1.0,1.0
337,0.703978,5.691816,5.600726,0.0,0.0,1.0,1.0
338,0.703978,5.873688,5.7464113,0.0,0.0,1.0,1.0
339,0.703978,6.0223083,5.8994446,0.0,0.0,1.0,1.0
340,0.68539786,6.174137,6.042168,0.0,0.0,1.0,1.0
341,0.68539786,6.325767,6.194142,0.0,0.0,1.0,1.0
342,0.68539786,6.476719,6.341631,0.0,0.0,1.0,1.0
343,0.68539786,6.587898,6.4800014,0.0,0.0,1.0,1.0
344,0.68539786,6.7156525,6.5919356,0.0,0.0,1.0,1.0
345,0.68539786,6.799314,6.6939507,0.0,0.0,1.0,1.0
346,0.68539786,6.934258,6.77988,0.0,0.0,1.0,1.0
347,0.68539786,7.017462,6.8417673,0.0,0.0,1.0,1.0
348,0.68539786,7.140997,6.879865,0.0,0.0,1.0,1.0
349,0.68539786,7.0350285,6.8980303,0.0,0.0,1.0,1.0
350,0.703978,7.0978675,6.905752,0.0,0.0,1.0,1.0
351,0.703978,7.0534625,6.9179525,0.0,0.0,1.0,1.0
352,0.703978,6.916785,6.925427,0.0,0.0,1.0,1.0
353,0.703978,6.7829404,6.91602,0.0,0.0,1.0,1.0
354,0.7225478,6.6946974,6.9001327,0.0,0.0,1.0,1.0
355,0.7225478,6.68056,6.8714223,0.0,0.0,1.0,1.0
356,0.7225478,6.8620615,6.85997,0.0,0.0,1.0,1.0
357,0.7225478,6.8890038,6.8515205,0.0,0.0,1.0,1.0
358,0.74110746,6.8213754,6.8449454,0.0,0.0,1.0,1.0
359,0.74110746,6.826816,6.8490157,0.0,0.0,1.0,1.0
360,0.74110746,6.7964716,6.869265,0.0,0.0,1.0,1.0
361,0.74110746,6.897603,6.9020844,0.0,0.0,1.0,1.0
362,0.74110746,6.9964685,6.9359307,0.0,0.0,1.0,1.0
363,0.7596572,6.9745617,6.955819,0.0,0.0,1.0,1.0
364,0.7596572,6.965627,6.983096,0.0,0.0,1.0,1.0
365,0.7596572,7.0259366,7.016856,0.0,0.0,1.0,1.0
366,0.7596572,7.088529,7.0474186,0.0,0.0,1.0,1.0
367,0.7781972,7.0867143,7.0585537,0.0,0.0,1.0,1.0
368,0.7781972,7.1007195,7.0496154,0.0,0.0,1.0,1.0
369,0.7781972,7.2163286,7.0313945,0.0,0.0,1.0,1.0
370,0.7967277,7.2264986,7.019163,0.0,0.0,1.0,1.0
371,0.7967277,7.193563,7.0129175,0.0,0.0,1.0,1.0
372,0.7967277,6.9300923,7.000046,0.0,0.0,1.0,1.0
373,0.7967277,6.7903457,6.96726,0.0,0.0,1.0,1.0
374,0.7967277,6.7778177,6.936203,0.0,0.0,1.0,1.0
375,0.7967277,6.8277836,6.896215,0.0,0.0,1.0,1.0
376,0.7967277,6.8906813,6.838917,0.0,0.0,1.0,1.0
377,0.7967277,6.8714743,6.7738514,0.0,0.0,1.0,1.0
378,0.815249,6.6951027,6.7187605,0.0,0.0,1.0,1.0
379,0.815249,6.7140317,6.681328,0.0,0.0,1.0,1.0
380,0.815249,6.6208606,6.645437,0.0,0.0,1.0,1.0
381,0.815249,6.528749,6.6183414,0.0,0.0,1.0,1.0
382,0.815249,6.445713,6.5864544,0.0,0.0,1.0,1.0
383,0.815249,6.532473,6.556671,0.0,0.0,1.0,1.0
384,0.815249,6.4809036,6.535721,0.0,0.0,1.0,1.0
385,0.815249,6.3596506,6.540611,0.0,0.0,1.0,1.0
386,0.815249,6.4526715,6.547019,0.0,0.0,1.0,1.0
387,0.815249,6.445141,6.5568056,0.0,0.0,1.0,1.0
388,0.815249,6.533282,6.570329,0.0,0.0,1.0,1.0
389,0.815249,6.620073,6.597136,0.0,0.0,1.0,1.0
390,0.815249,6.7537827,6.614434,0.0,0.0,1.0,1.0
391,0.815249,6.7909307,6.6394362,0.0,0.0,1.0,1.0
392,0.815249,6.7382994,6.6779675,0.0,0.0,1.0,1.0
393,0.815249,6.6910324,6.7044287,0.0,0.0,1.0,1.0
394,0.8337612,6.7673945,6.717367,0.0,0.0,1.0,1.0
395,0.8337612,6.740046,6.7384233,0.0,0.0,1.0,1.0
396,0.8337612,6.7809305,6.760826,0.0,0.0,1.0,1.0
397,0.85226464,6.822025,6.766363,0.0,0.0,1.0,1.0
398,0.85226464,6.770209,6.7713876,0.0,0.0,1.0,1.0
399,0.85226464,6.6004014,6.781258,0.0,0.0,1.0,1.0
400,0.85226464,6.785954,6.785527,0.0,0.0,1.0,1.0
401,0.8707594,6.888907,6.7770114,0.0,0.0,1.0,1.0
402,0.8707594,6.820228,6.7663913,0.0,0.0,1.0,1.0
403,0.88924587,6.8512254,6.751507,0.0,0.0,1.0,1.0
404,0.88924587,6.856743,6.739686,0.0,0.0,1.0,1.0
405,0.88924587,6.742264,6.7289414,0.0,0.0,1.0,1.0
406,0.88924587,6.665205,6.7302914,0.0,0.0,1.0,1.0
407,0.9077241,6.612606,6.7152247,0.0,0.0,1.0,1.0
408,0.88924587,6.602312,6.688049,0.0,0.0,1.0,1.0
409,0.9077241,6.6801753,6.67238,0.0,0.0,1.0,1.0
410,0.9077241,6.6412787,6.6689672,0.0,0.0,1.0,1.0
411,0.9077241,6.6165967,6.653455,0.0,0.0,1.0,1.0
412,0.9077241,6.605154,6.6399984,0.0,0.0,1.0,1.0
413,0.9077241,6.562797,6.6310015,0.0,0.0,1.0,1.0
414,0.9077241,6.632202,6.622273,0.0,0.0,1.0,1.0
415,0.9077241,6.810276,6.6082416,0.0,0.0,1.0,1.0
416,0.9077241,6.670589,6.5946794,0.0,0.0,1.0,1.0
417,0.9077241,6.5807867,6.583296,0.0,0.0,1.0,1.0
418,0.88924587,6.5572414,6.5683146,0.0,0.0,1.0,1.0
419,0.88924587,6.507868,6.555373,0.0,0.0,1.0,1.0
420,0.88924587,6.433936,6.5292306,0.0,0.0,1.0,1.0
421,0.88924587,6.517427,6.5010777,0.0,0.0,1.0,1.0
422,0.88924587,6.504675,6.4627514,0.0,0.0,1.0,1.0
423,0.8707594,6.436821,6.4409127,0.0,0.0,1.0,1.0
424,0.8707594,6.4498606,6.432671,0.0,0.0,1.0,1.0
425,0.8707594,6.249085,6.423871,0.0,0.0,1.0,1.0
426,0.8707594,6.294366,6.4142904,0.0,0.0,1.0,1.0
427,0.8707594,6.35036,6.4135184,0.0,0.0,1.0,1.0
428,0.85226464,6.408527,6.412513,0.0,0.0,1.0,1.0
429,0.85226464,6.481889,6.405179,0.0,0.0,1.0,1.0
430,0.85226464,6.4516377,6.3972917,0.0,0.0,1.0,1.0
431,0.8337612,6.3929,6.390508,0.0,0.0,1.0,1.0
432,0.8337612,6.424672,6.391787,0.0,0.0,1.0,1.0
433,0.8337612,6.5053625,6.381297,0.0,0.0,1.0,1.0
434,0.815249,6.4166656,6.3675733,0.0,0.0,1.0,1.0
435,0.815249,6.342174,6.3444576,0.0,0.0,1.0,1.0
436,0.815249,6.3684616,6.320227,0.0,0.0,1.0,1.0
437,0.815249,6.264428,6.299863,0.0,0.0,1.0,1.0
438,0.7967277,6.168489,6.28448,0.0,0.0,1.0,1.0
439,0.7967277,6.1856713,6.2646084,0.0,0.0,1.0,1.0
440,0.7967277,6.131139,6.2375274,0.0,0.0,1.0,1.0
441,0.7781972,6.191123,6.2211475,0.0,0.0,1.0,1.0
442,0.7781972,6.2072697,6.2042737,0.0,0.0,1.0,1.0
443,0.7781972,6.2083054,6.1803384,0.0,0.0,1.0,1.0
444,0.7781972,6.186209,6.1541376,0.0,0.0,1.0,1.0
445,0.7781972,6.180393,6.1441903,0.0,0.0,1.0,1.0
446,0.7967277,6.2201066,6.138225,0.0,0.0,1.0,1.0
447,0.7967277,6.1396885,6.1330323,0.0,0.0,1.0,1.0
448,0.7967277,6.08124,6.129039,0.0,0.0,1.0,1.0
449,0.815249,5.950017,6.15277,0.0,0.0,1.0,1.0
450,0.815249,6.0491195,6.1791635,0.0,0.0,1.0,1.0
451,0.815249,6.11409,6.2093596,0.0,0.0,1.0,1.0
452,0.815249,6.0688276,6.2466154,0.0,0.0,1.0,1.0
453,0.8337612,6.1432,6.2785254,0.0,0.0,1.0,1.0
454,0.8337612,6.492041,6.315397,0.0,0.0,1.0,1.0
455,0.8337612,6.52503,6.3569593,0.0,0.0,1.0,1.0
456,0.85226464,6.548564,6.4082947,0.0,0.0,1.0,1.0
457,0.85226464,6.627459,6.4528284,0.0,0.0,1.0,1.0
458,0.85226464,6.603028,6.4991803,0.0,0.0,1.0,1.0
459,0.85226464,6.582147,6.554786,0.0,0.0,1.0,1.0
460,0.8707594,6.579992,6.608544,0.0,0.0,1.0,1.0
461,0.8707594,6.5660386,6.6340995,0.0,0.0,1.0,1.0
462,0.8707594,6.5835223,6.661837,0.0,0.0,1.0,1.0
463,0.8707594,6.6703157,6.6919494,0.0,0.0,1.0,1.0
464,0.8707594,6.7360983,6.7183566,0.0,0.0,1.0,1.0
465,0.88924587,6.7882915,6.725753,0.0,0.0,1.0,1.0
466,0.88924587,6.798705,6.736244,0.0,0.0,1.0,1.0
467,0.88924587,6.8578815,6.7464347,0.0,0.0,1.0,1.0
468,0.88924587,6.9099154,6.752234,0.0,0.0,1.0,1.0
469,0.88924587,6.9443426,6.749186,0.0,0.0,1.0,1.0
470,0.88924587,6.6917863,6.7340817,0.0,0.0,1.0,1.0
471,0.88924587,6.7080417,6.7085752,0.0,0.0,1.0,1.0
472,0.9077241,6.702279,6.674942,0.0,0.0,1.0,1.0
473,0.9077241,6.635627,6.632652,0.0,0.0,1.0,1.0
474,0.9077241,6.546946,6.5765796,0.0,0.0,1.0,1.0
475,0.9077241,6.489067,6.5129128,0.0,0.0,1.0,1.0
476,0.9077241,6.4300213,6.441403,0.0,0.0,1.0,1.0
477,0.9077241,6.3846927,6.3850336,0.0,0.0,1.0,1.0
478,0.9077241,6.2912216,6.3262997,0.0,0.0,1.0,1.0
479,0.9077241,6.1850157,6.268118,0.0,0.0,1.0,1.0
480,0.9077241,6.14591,6.213795,0.0,0.0,1.0,1.0
481,0.9077241,6.086228,6.165218,0.0,0.0,1.0,1.0
482,0.9077241,6.0153527,6.12006,0.0,0.0,1.0,1.0
483,0.9077241,6.0032377,6.0848317,0.0,0.0,1.0,1.0
484,0.9077241,6.004094,6.058532,0.0,0.0,1.0,1.0
485,0.9077241,5.9837556,6.0486827,0.0,0.0,1.0,1.0
486,0.9077241,5.964017,6.0569487,0.0,0.0,1.0,1.0
487,0.9077241,5.947176,6.0777445,0.0,0.0,1.0,1.0
488,0.9077241,6.007279,6.1098876,0.0,0.0,1.0,1.0
489,0.9077241,6.0691023,6.1614423,0.0,0.0,1.0,1.0
490,0.9077241,6.1730227,6.217761,0.0,0.0,1.0,1.0
491,0.9077241,6.284212,6.272499,0.0,0.0,1.0,1.0
492,0.9261943,6.3954587,6.341183,0.0,0.0,1.0,1.0
493,0.9261943,6.471941,6.4211435,0.0,0.0,1.0,1.0
494,0.9261943,6.6340117,6.505775,0.0,0.0,1.0,1.0
495,0.94465685,6.679065,6.5887346,0.0,0.0,1.0,1.0
496,0.94465685,6.660946,6.6727242,0.0,0.0,1.0,1.0
497,0.94465685,6.807967,6.7545204,0.0,0.0,1.0,1.0
498,0.9631118,6.9235396,6.8309016,0.0,0.0,1.0,1.0
499,0.9631118,6.962757,6.9021688,0.0,0.0,1.0,1.0
500,0.9631118,7.0027905,6.9696183,0.0,0.0,1.0,1.0
501,0.9631118,7.0769815,7.0276904,0.0,0.0,1.0,1.0
502,0.98155946,7.154572,7.0825443,0.0,0.0,1.0,1.0
503,0.98155946,7.200789,7.137827,0.0,0.0,1.0,1.0
504,0.98155946,7.250663,7.180534,0.0,0.0,1.0,1.0
505,0.98155946,7.281338,7.2090406,0.0,0.0,1.0,1.0
506,0.98155946,7.3308754,7.2354403,0.0,0.0,1.0,1.0
507,0.98155946,7.337313,7.26386,0.0,0.0,1.0,1.0
508,0.98155946,7.324339,7.276431,0.0,0.0,1.0,1.0
509,0.98155946,7.320449,7.2750115,0.0,0.0,1.0,1.0
510,0.98155946,7.26562,7.2729526,0.0,0.0,1.0,1.0
511,0.98155946,7.279555,7.2704883,0.0,0.0,1.0,1.0
512,0.98155946,7.3438306,7.267669,0.0,0.0,1.0,1.0
513,0.98155946,7.2278266,7.263446,0.0,0.0,1.0,1.0
514,0.98155946,7.1375384,7.2600856,0.0,0.0,1.0,1.0
515,0.98155946,7.1760855,7.2595224,0.0,0.0,1.0,1.0
516,0.98155946,7.2210865,7.2613997,0.0,0.0,1.0,1.0
517,0.98155946,7.24751,7.2692013,0.0,0.0,1.0,1.0
518,0.9631118,7.2801976,7.267699,0.0,0.0,1.0,1.0
519,0.9631118,7.2969885,7.2548413,0.0,0.0,1.0,1.0
520,0.9631118,7.317579,7.245235,0.0,0.0,1.0,1.0
521,0.9631118,7.3429775,7.2381477,0.0,0.0,1.0,1.0
522,0.94465685,7.359243,7.2257547,0.0,0.0,1.0,1.0
523,0.94465685,7.26152,7.203638,0.0,0.0,1.0,1.0
524,0.94465685,7.1895432,7.179146,0.0,0.0,1.0,1.0
525,0.94465685,7.1125517,7.153138,0.0,0.0,1.0,1.0
526,0.9261943,7.05249,7.115013,0.0,0.0,1.0,1.0
527,0.9261943,7.0273714,7.0655684,0.0,0.0,1.0,1.0
528,0.9261943,6.9556875,7.0054717,0.0,0.0,1.0,1.0
529,0.9077241,6.953598,6.9349875,0.0,0.0,1.0,1.0
530,0.9077241,6.968108,6.8628907,0.0,0.0,1.0,1.0
531,0.9077241,6.83949,6.7850575,0.0,0.0,1.0,1.0
532,0.88924587,6.7242413,6.7062235,0.0,0.0,1.0,1.0
533,0.88924587,6.621814,6.622958,0.0,0.0,1.0,1.0
534,0.88924587,6.5134325,6.5440216,0.0,0.0,1.0,1.0
535,0.8707594,6.396358,6.474992,0.0,0.0,1.0,1.0
536,0.8707594,6.2555504,6.408885,0.0,0.0,1.0,1.0
537,0.8707594,6.1665406,6.347823,0.0,0.0,1.0,1.0
538,0.8707594,6.0533037,6.303125,0.0,0.0,1.0,1.0
539,0.85226464,6.0801344,6.273781,0.0,0.0,1.0,1.0
540,0.85226464,6.127331,6.260559,0.0,0.0,1.0,1.0
541,0.85226464,6.160318,6.258738,0.0,0.0,1.0,1.0
542,0.85226464,6.2353663,6.2704277,0.0,0.0,1.0,1.0
543,0.85226464,6.3031096,6.2957816,0.0,0.0,1.0,1.0
544,0.85226464,6.372113,6.335755,0.0,0.0,1.0,1.0
545,0.8707594,6.4631543,6.3871627,0.0,0.0,1.0,1.0
546,0.8707594,6.491575,6.442724,0.0,0.0,1.0,1.0
547,0.8707594,6.5366387,6.4975815,0.0,0.0,1.0,1.0
548,0.8707594,6.559798,6.5520105,0.0,0.0,1.0,1.0
549,0.88924587,6.6462183,6.6254916,0.0,0.0,1.0,1.0
550,0.88924587,6.6701946,6.697112,0.0,0.0,1.0,1.0
551,0.88924587,6.7468715,6.766688,0.0,0.0,1.0,1.0
552,0.9077241,6.785622,6.8326,0.0,0.0,1.0,1.0
553,0.9077241,6.8134627,6.89846,0.0,0.0,1.0,1.0
554,0.9077241,7.1171427,6.9642234,0.0,0.0,1.0,1.0
555,0.9077241,7.162557,7.029301,0.0,0.0,1.0,1.0
556,0.9261943,7.207021,7.088148,0.0,0.0,1.0,1.0
557,0.9261943,7.2540994,7.1510983,0.0,0.0,1.0,1.0
558,0.9261943,7.2818933,7.213747,0.0,0.0,1.0,1.0
559,0.9261943,7.3257985,7.2758484,0.0,0.0,1.0,1.0
560,0.9261943,7.3407307,7.3347225,0.0,0.0,1.0,1.0
561,0.94465685,7.352386,7.3711205,0.0,0.0,1.0,1.0
562,0.94465685,7.425594,7.405059,0.0,0.0,1.0,1.0
563,0.94465685,7.4986553,7.44036,0.0,0.0,1.0,1.0
564,0.94465685,7.5308394,7.4691124,0.0,0.0,1.0,1.0
565,0.94465685,7.519951,7.4703364,0.0,0.0,1.0,1.0
566,0.94465685,7.553918,7.467222,0.0,0.0,1.0,1.0
567,0.9631118,7.569823,7.455824,0.0,0.0,1.0,1.0
568,0.9631118,7.6306343,7.4396615,0.0,0.0,1.0,1.0
569,0.9631118,7.599127,7.412311,0.0,0.0,1.0,1.0
570,0.9631118,7.296579,7.371576,0.0,0.0,1.0,1.0
571,0.9631118,7.2884283,7.320428,0.0,0.0,1.0,1.0
572,0.9631118,7.203954,7.261577,0.0,0.0,1.0,1.0
573,0.9631118,7.158435,7.1900616,0.0,0.0,1.0,1.0
574,0.9631118,7.0973907,7.109614,0.0,0.0,1.0,1.0
575,0.9631118,7.0098333,7.020213,0.0,0.0,1.0,1.0
576,0.9631118,6.9170623,6.9233103,0.0,0.0,1.0,1.0
577,0.9631118,6.8137403,6.852165,0.0,0.0,1.0,1.0
578,0.9631118,6.695733,6.7822127,0.0,0.0,1.0,1.0
579,0.9631118,6.604451,6.720291,0.0,0.0,1.0,1.0
580,0.9631118,6.5578265,6.661492,0.0,0.0,1.0,1.0
581,0.9631118,6.4362903,6.603829,0.0,0.0,1.0,1.0
582,0.9631118,6.442836,6.5469,0.0,0.0,1.0,1.0
583,0.9631118,6.4489994,6.4991026,0.0,0.0,1.0,1.0
584,0.9631118,6.460896,6.4621916,0.0,0.0,1.0,1.0
585,0.9631118,6.452843,6.434203,0.0,0.0,1.0,1.0
586,0.9631118,6.405435,6.415761,0.0,0.0,1.0,1.0
587,0.9631118,6.326682,6.4138856,0.0,0.0,1.0,1.0
588,0.9631118,6.343496,6.4362783,0.0,0.0,1.0,1.0
589,0.9631118,6.37081,6.4654536,0.0,0.0,1.0,1.0
590,0.9631118,6.3598695,6.4995375,0.0,0.0,1.0,1.0
591,0.9631118,6.383148,6.540335,0.0,0.0,1.0,1.0
592,0.94465685,6.5353227,6.593472,0.0,0.0,1.0,1.0
593,0.9631118,6.705003,6.6502156,0.0,0.0,1.0,1.0
594,0.94465685,6.7929406,6.713824,0.0,0.0,1.0,1.0
595,0.94465685,6.8580027,6.773085,0.0,0.0,1.0,1.0
596,0.94465685,6.9504714,6.8340936,0.0,0.0,1.0,1.0
597,0.94465685,7.0904837,6.9067817,0.0,0.0,1.0,1.0
598,0.94465685,7.0863595,6.987624,0.0,0.0,1.0,1.0
599,0.94465685,7.0899787,7.057109,0.0,0.0,1.0,1.0
600,0.94465685,7.0546293,7.1124196,0.0,0.0,1.0,1.0
601,0.9261943,7.102914,7.1638527,0.0,0.0,1.0,1.0
602,0.9261943,7.232126,7.210181,0.0,0.0,1.0,1.0
603,0.9261943,7.3532567,7.238789,0.0,0.0,1.0,1.0
604,0.9261943,7.3691406,7.2457643,0.0,0.0,1.0,1.0
605,0.9261943,7.3687315,7.2510223,0.0,0.0,1.0,1.0
606,0.9261943,7.410136,7.2511373,0.0,0.0,1.0,1.0
607,0.9077241,7.4139476,7.2489395,0.0,0.0,1.0,1.0
608,0.9077241,7.2937646,7.2361026,0.0,0.0,1.0,1.0
609,0.9077241,7.1741886,7.2071795,0.0,0.0,1.0,1.0
610,0.9077241,7.149456,7.1647243,0.0,0.0,1.0,1.0
611,0.88924587,7.0913577,7.1199346,0.0,0.0,1.0,1.0
612,0.88924587,7.0282545,7.071098,0.0,0.0,1.0,1.0
613,0.88924587,6.9488683,7.0135217,0.0,0.0,1.0,1.0
614,0.88924587,6.885054,6.947112,0.0,0.0,1.0,1.0
615,0.8707594,6.843793,6.887457,0.0,0.0,1.0,1.0
616,0.8707594,6.8316603,6.8328304,0.0,0.0,1.0,1.0
617,0.8707594,6.7826953,6.772742,0.0,0.0,1.0,1.0
618,0.85226464,6.7192187,6.71203,0.0,0.0,1.0,1.0
619,0.85226464,6.617037,6.655383,0.0,0.0,1.0,1.0
620,0.85226464,6.5779,6.5987334,0.0,0.0,1.0,1.0
621,0.8337612,6.5186706,6.5395412,0.0,0.0,1.0,1.0
622,0.8337612,6.4283943,6.484811,0.0,0.0,1.0,1.0
623,0.8337612,6.362816,6.429525,0.0,0.0,1.0,1.0
624,0.815249,6.3484907,6.3787904,0.0,0.0,1.0,1.0
625,0.815249,6.2690697,6.330946,0.0,0.0,1.0,1.0
626,0.815249,6.1747518,6.2814827,0.0,0.0,1.0,1.0
627,0.7967277,6.187029,6.229833,0.0,0.0,1.0,1.0
628,0.7967277,6.1682262,6.189792,0.0,0.0,1.0,1.0
629,0.7967277,6.1738834,6.1585193,0.0,0.0,1.0,1.0
630,0.7781972,6.1450825,6.137973,0.0,0.0,1.0,1.0
631,0.7781972,6.02348,6.1215487,0.0,0.0,1.0,1.0
632,0.7781972,5.958105,6.1266894,0.0,0.0,1.0,1.0
633,0.7596572,6.038179,6.145506,0.0,0.0,1.0,1.0
634,0.7596572,6.0531187,6.1679344,0.0,0.0,1.0,1.0
635,0.7596572,6.116261,6.1912074,0.0,0.0,1.0,1.0
636,0.74110746,6.151398,6.2232804,0.0,0.0,1.0,1.0
637,0.74110746,6.3307586,6.2605247,0.0,0.0,1.0,1.0
638,0.74110746,6.40055,6.304256,0.0,0.0,1.0,1.0
639,0.74110746,6.4561715,6.351873,0.0,0.0,1.0,1.0
640,0.74110746,6.447504,6.387705,0.0,0.0,1.0,1.0
641,0.74110746,6.558757,6.4218087,0.0,0.0,1.0,1.0
642,0.74110746,6.592015,6.4550757,0.0,0.0,1.0,1.0
643,0.7596572,6.548256,6.48464,0.0,0.0,1.0,1.0
644,0.7596572,6.529507,6.4894986,0.0,0.0,1.0,1.0
645,0.7596572,6.4681625,6.484574,0.0,0.0,1.0,1.0
646,0.7781972,6.462365,6.4700546,0.0,0.0,1.0,1.0
647,0.7781972,6.5154653,6.453226,0.0,0.0,1.0,1.0
648,0.7781972,6.506169,6.414138,0.0,0.0,1.0,1.0
649,0.7781972,6.38906,6.3703685,0.0,0.0,1.0,1.0
650,0.7967277,6.341452,6.3294764,0.0,0.0,1.0,1.0
651,0.7967277,6.281943,6.2906847,0.0,0.0,1.0,1.0
652,0.7967277,6.2455645,6.2627354,0.0,0.0,1.0,1.0
653,0.815249,6.089697,6.234188,0.0,0.0,1.0,1.0
654,0.815249,6.0667825,6.2007194,0.0,0.0,1.0,1.0
655,0.815249,6.05755,6.16519,0.0,0.0,1.0,1.0
656,0.8337612,6.0640044,6.1406455,0.0,0.0,1.0,1.0
657,0.8337612,6.1327705,6.120995,0.0,0.0,1.0,1.0
658,0.8337612,6.119799,6.1075163,0.0,0.0,1.0,1.0
659,0.8337612,6.1138387,6.1090245,0.0,0.0,1.0,1.0
660,0.8337612,6.07982,6.137884,0.0,0.0,1.0,1.0
661,0.85226464,6.0945244,6.1698866,0.0,0.0,1.0,1.0
662,0.85226464,6.1056447,6.213591,0.0,0.0,1.0,1.0
663,0.85226464,6.1202,6.2611303,0.0,0.0,1.0,1.0
664,0.85226464,6.263665,6.3079987,0.0,0.0,1.0,1.0
665,0.85226464,6.4360094,6.35323,0.0,0.0,1.0,1.0
666,0.8707594,6.450811,6.4049425,0.0,0.0,1.0,1.0
667,0.8707594,6.582005,6.4717836,0.0,0.0,1.0,1.0
668,0.8707594,6.634478,6.54165,0.0,0.0,1.0,1.0
669,0.8707594,6.695189,6.6282907,0.0,0.0,1.0,1.0
670,0.8707594,6.6625743,6.7278414,0.0,0.0,1.0,1.0
671,0.8707594,6.7343907,6.8309913,0.0,0.0,1.0,1.0
672,0.8707594,6.88191,6.936924,0.0,0.0,1.0,1.0
673,0.8707594,6.9329214,7.0476403,0.0,0.0,1.0,1.0
674,0.8707594,7.1453342,7.161661,0.0,0.0,1.0,1.0
675,0.8707594,7.314808,7.2783422,0.0,0.0,1.0,1.0
676,0.8707594,7.501465,7.3829904,0.0,0.0,1.0,1.0
677,0.8707594,7.7071986,7.4940877,0.0,0.0,1.0,1.0
678,0.8707594,7.7794104,7.5940537,0.0,0.0,1.0,1.0
679,0.8707594,7.9502535,7.6828218,0.0,0.0,1.0,1.0
680,0.8707594,8.034653,7.7670503,0.0,0.0,1.0,1.0
681,0.8707594,7.9509654,7.837973,0.0,0.0,1.0,1.0
682,0.8707594,7.995741,7.889586,0.0,0.0,1.0,1.0
683,0.88924587,7.9339857,7.917205,0.0,0.0,1.0,1.0
684,0.88924587,7.9471245,7.918755,0.0,0.0,1.0,1.0
685,0.88924587,7.9436665,7.9017916,0.0,0.0,1.0,1.0
686,0.88924587,7.9964085,7.8643947,0.0,0.0,1.0,1.0
687,0.88924587,7.934161,7.8120246,0.0,0.0,1.0,1.0
688,0.9077241,7.832893,7.7550154,0.0,0.0,1.0,1.0
689,0.9077241,7.7257967,7.69322,0.0,0.0,1.0,1.0
690,0.9077241,7.5758514,7.6222215,0.0,0.0,1.0,1.0
691,0.9261943,7.5014877,7.5351315,0.0,0.0,1.0,1.0
692,0.9261943,7.4062133,7.448036,0.0,0.0,1.0,1.0
693,0.9261943,7.2668557,7.358583,0.0,0.0,1.0,1.0
694,0.94465685,7.2542005,7.274694,0.0,0.0,1.0,1.0
695,0.94465685,7.081999,7.1950912,0.0,0.0,1.0,1.0
696,0.94465685,6.9020433,7.1353464,0.0,0.0,1.0,1.0
697,0.94465685,6.898525,7.0967417,0.0,0.0,1.0,1.0
698,0.9631118,6.9229693,7.063628,0.0,0.0,1.0,1.0
699,0.9631118,6.927491,7.032928,0.0,0.0,1.0,1.0
700,0.9631118,6.8776627,7.0057282,0.0,0.0,1.0,1.0
701,0.9631118,7.0088573,6.9818087,0.0,0.0,1.0,1.0
702,0.9631118,7.112597,6.96226,0.0,0.0,1.0,1.0
703,0.9631118,7.104123,6.9521933,0.0,0.0,1.0,1.0
704,0.9631118,7.0378118,6.9376845,0.0,0.0,1.0,1.0
705,0.9631118,6.9404573,6.921624,0.0,0.0,1.0,1.0
706,0.9631118,6.967168,6.907622,0.0,0.0,1.0,1.0
707,0.9631118,6.8474116,6.8971047,0.0,0.0,1.0,1.0
708,0.9631118,6.7812443,6.8691106,0.0,0.0,1.0,1.0
709,0.9631118,6.7244205,6.8248663,0.0,0.0,1.0,1.0
710,0.9631118,6.730244,6.7742796,0.0,0.0,1.0,1.0
711,0.94465685,6.7594633,6.727588,0.0,0.0,1.0,1.0
712,0.94465685,6.7514596,6.6701574,0.0,0.0,1.0,1.0
713,0.94465685,6.672924,6.5982614,0.0,0.0,1.0,1.0
714,0.94465685,6.5816684,6.53216,0.0,0.0,1.0,1.0
715,0.94465685,6.497085,6.471661,0.0,0.0,1.0,1.0
716,0.94465685,6.4775147,6.4171414,0.0,0.0,1.0,1.0
717,0.94465685,6.251284,6.353448,0.0,0.0,1.0,1.0
718,0.9261943,6.1044173,6.2893085,0.0,0.0,1.0,1.0
719,0.9261943,6.054193,6.223298,0.0,0.0,1.0,1.0
720,0.9261943,6.0552583,6.162181,0.0,0.0,1.0,1.0
721,0.9077241,6.0701857,6.1021485,0.0,0.0,1.0,1.0
722,0.9077241,5.9659195,6.0443797,0.0,0.0,1.0,1.0
723,0.9077241,5.9897914,5.9853625,0.0,0.0,1.0,1.0
724,0.88924587,5.9593325,5.9515915,0.0,0.0,1.0,1.0
725,0.88924587,5.939521,5.9290886,0.0,0.0,1.0,1.0
726,0.88924587,5.86128,5.9107904,0.0,0.0,1.0,1.0
727,0.8707594,5.803859,5.9029727,0.0,0.0,1.0,1.0
728,0.8707594,5.7693105,5.90557,0.0,0.0,1.0,1.0
729,0.8707594,5.8460274,5.920627,0.0,0.0,1.0,1.0
730,0.85226464,5.834388,5.937776,0.0,0.0,1.0,1.0
731,0.85226464,5.8346095,5.965195,0.0,0.0,1.0,1.0
732,0.85226464,5.9614496,6.0012593,0.0,0.0,1.0,1.0
733,0.8337612,6.101352,6.050624,0.0,0.0,1.0,1.0
734,0.8337612,6.146604,6.107686,0.0,0.0,1.0,1.0
735,0.8337612,6.195577,6.174446,0.0,0.0,1.0,1.0
736,0.8337612,6.2883625,6.2416925,0.0,0.0,1.0,1.0
737,0.8337612,6.3722935,6.3156414,0.0,0.0,1.0,1.0
738,0.8337612,6.4536514,6.395701,0.0,0.0,1.0,1.0
739,0.8337612,6.48861,6.471841,0.0,0.0,1.0,1.0
740,0.8337612,6.5704255,6.535331,0.0,0.0,1.0,1.0
741,0.8337612,6.6529875,6.600281,0.0,0.0,1.0,1.0
742,0.8337612,6.721776,6.6673503,0.0,0.0,1.0,1.0
743,0.85226464,6.795324,6.7234216,0.0,0.0,1.0,1.0
744,0.85226464,6.875125,6.767642,0.0,0.0,1.0,1.0
745,0.85226464,6.8632317,6.8045588,0.0,0.0,1.0,1.0
746,0.85226464,6.926004,6.837296,0.0,0.0,1.0,1.0
747,0.8707594,7.000416,6.8556137,0.0,0.0,1.0,1.0
748,0.8707594,6.9612136,6.8600426,0.0,0.0,1.0,1.0
749,0.8707594,6.9029417,6.854984,0.0,0.0,1.0,1.0
750,0.8707594,6.8966527,6.8468356,0.0,0.0,1.0,1.0
751,0.88924587,6.881457,6.8337307,0.0,0.0,1.0,1.0
752,0.88924587,6.7902355,6.8213286,0.0,0.0,1.0,1.0
753,0.88924587,6.706136,6.8053064,0.0,0.0,1.0,1.0
754,0.88924587,6.661072,6.7853665,0.0,0.0,1.0,1.0
755,0.88924587,6.697545,6.7688527,0.0,0.0,1.0,1.0
756,0.88924587,6.7178636,6.759167,0.0,0.0,1.0,1.0
757,0.88924587,6.714407,6.749572,0.0,0.0,1.0,1.0
758,0.9077241,6.7337365,6.741996,0.0,0.0,1.0,1.0
759,0.9077241,6.761138,6.7379723,0.0,0.0,1.0,1.0
760,0.9077241,6.763049,6.7401037,0.0,0.0,1.0,1.0
761,0.9077241,6.7867146,6.7487464,0.0,0.0,1.0,1.0
762,0.9077241,6.781508,6.759649,0.0,0.0,1.0,1.0
763,0.9077241,6.7905464,6.77456,0.0,0.0,1.0,1.0
764,0.9077241,6.741948,6.7973456,0.0,0.0,1.0,1.0
765,0.9077241,6.7317147,6.8226333,0.0,0.0,1.0,1.0
766,0.9077241,6.764784,6.845076,0.0,0.0,1.0,1.0
767,0.9077241,6.8283772,6.865134,0.0,0.0,1.0,1.0
768,0.9077241,6.8967977,6.8861504,0.0,0.0,1.0,1.0
769,0.9077241,6.987831,6.909788,0.0,0.0,1.0,1.0
770,0.9261943,7.037193,6.930767,0.0,0.0,1.0,1.0
771,0.9261943,7.030452,6.95463,0.0,0.0,1.0,1.0
772,0.9261943,7.0037413,6.981607,0.0,0.0,1.0,1.0
773,0.9261943,7.038914,7.0125575,0.0,0.0,1.0,1.0
774,0.9261943,7.0651608,7.037666,0.0,0.0,1.0,1.0
775,0.9261943,7.042292,7.0621033,0.0,0.0,1.0,1.0
776,0.9261943,7.028303,7.0821753,0.0,0.0,1.0,1.0
777,0.9261943,7.055435,7.0975895,0.0,0.0,1.0,1.0
778,0.9261943,7.136191,7.113381,0.0,0.0,1.0,1.0
779,0.9261943,7.1296773,7.1328473,0.0,0.0,1.0,1.0
780,0.9261943,7.190051,7.1475334,0.0,0.0,1.0,1.0
781,0.9261943,7.2286954,7.161358,0.0,0.0,1.0,1.0
782,0.9261943,7.2221584,7.1802216,0.0,0.0,1.0,1.0
783,0.9261943,7.219953,7.2053,0.0,0.0,1.0,1.0
784,0.9261943,7.237337,7.2231584,0.0,0.0,1.0,1.0
785,0.94465685,7.2151456,7.2375627,0.0,0.0,1.0,1.0
786,0.94465685,7.231058,7.24991,0.0,0.0,1.0,1.0
787,0.94465685,7.268653,7.264754,0.0,0.0,1.0,1.0
788,0.94465685,7.3292413,7.2795916,0.0,0.0,1.0,1.0
789,0.9631118,7.2697372,7.2919183,0.0,0.0,1.0,1.0
790,0.9631118,7.3090444,7.313534,0.0,0.0,1.0,1.0
791,0.98155946,7.277844,7.340935,0.0,0.0,1.0,1.0
792,0.98155946,7.3681784,7.378629,0.0,0.0,1.0,1.0
793,0.98155946,7.4067454,7.4252677,0.0,0.0,1.0,1.0
794,0.98155946,7.370083,7.477367,0.0,0.0,1.0,1.0
795,1.0,7.479337,7.5329466,0.0,0.0,1.0,1.0
796,1.0,7.5661554,7.590571,0.0,0.0,1.0,1.0
797,1.0,7.6674714,7.6484923,0.0,0.0,1.0,1.0
798,1.0,7.7907224,7.722497,0.0,0.0,1.0,1.0
799,1.0,7.8938437,7.787103,0.0,0.0,1.0,1.0
800,1.0,7.996198,7.845484,0.0,0.0,1.0,1.0
801,1.0,7.9612274,7.9007025,0.0,0.0,1.0,1.0
802,1.0,8.004104,7.9457636,0.0,0.0,1.0,1.0
803,1.0,8.165897,7.972255,0.0,0.0,1.0,1.0
804,1.0,8.143452,7.9793944,0.0,0.0,1.0,1.0
805,1.0,8.107315,7.9672685,0.0,0.0,1.0,1.0
806,1.0,8.032707,7.9319434,0.0,0.0,1.0,1.0
807,1.0,8.020068,7.8731685,0.0,0.0,1.0,1.0
808,1.0,7.884056,7.8024406,0.0,0.0,1.0,1.0
809,1.0,7.7531433,7.712881,0.0,0.0,1.0,1.0
810,0.98155946,7.645212,7.5946827,0.0,0.0,1.0,1.0
811,0.98155946,7.469941,7.4635496,0.0,0.0,1.0,1.0
812,0.98155946,7.290899,7.3334193,0.0,0.0,1.0,1.0
813,0.98155946,7.112494,7.2001543,0.0,0.0,1.0,1.0
814,0.98155946,6.9293904,7.0476613,0.0,0.0,1.0,1.0
815,0.9631118,6.7475166,6.8994737,0.0,0.0,1.0,1.0
816,0.9631118,6.5698543,6.7623487,0.0,0.0,1.0,1.0
817,0.9631118,6.5457525,6.6292953,0.0,0.0,1.0,1.0
818,0.9631118,6.433522,6.5100465,0.0,0.0,1.0,1.0
819,0.94465685,6.190153,6.4043264,0.0,0.0,1.0,1.0
820,0.94465685,6.1058064,6.3121653,0.0,0.0,1.0,1.0
821,0.94465685,6.1076417,6.2373857,0.0,0.0,1.0,1.0
822,0.9261943,6.048575,6.1779785,0.0,0.0,1.0,1.0
823,0.9261943,6.0389514,6.133058,0.0,0.0,1.0,1.0
824,0.9261943,6.0222573,6.0910296,0.0,0.0,1.0,1.0
825,0.9261943,6.006562,6.061488,0.0,0.0,1.0,1.0
826,0.9077241,6.032039,6.0560184,0.0,0.0,1.0,1.0
827,0.9077241,6.034629,6.060464,0.0,0.0,1.0,1.0
828,0.9077241,6.030805,6.0733175,0.0,0.0,1.0,1.0
829,0.88924587,6.0414114,6.0958643,0.0,0.0,1.0,1.0
830,0.88924587,6.0790267,6.1253614,0.0,0.0,1.0,1.0
831,0.88924587,6.124515,6.162307,0.0,0.0,1.0,1.0
832,0.8707594,6.1591544,6.206156,0.0,0.0,1.0,1.0
833,0.8707594,6.261886,6.2718463,0.0,0.0,1.0,1.0
834,0.8707594,6.319136,6.342229,0.0,0.0,1.0,1.0
835,0.8707594,6.392915,6.4204364,0.0,0.0,1.0,1.0
836,0.8707594,6.465602,6.504916,0.0,0.0,1.0,1.0
837,0.8707594,6.5327487,6.592139,0.0,0.0,1.0,1.0
838,0.88924587,6.820326,6.681404,0.0,0.0,1.0,1.0
839,0.88924587,6.87922,6.7757654,0.0,0.0,1.0,1.0
840,0.88924587,6.9692974,6.8654785,0.0,0.0,1.0,1.0
841,0.88924587,7.0551667,6.951172,0.0,0.0,1.0,1.0
842,0.88924587,7.125698,7.032161,0.0,0.0,1.0,1.0
843,0.9077241,7.1957006,7.1087255,0.0,0.0,1.0,1.0
844,0.9077241,7.2914906,7.1752095,0.0,0.0,1.0,1.0
845,0.9077241,7.338443,7.218493,0.0,0.0,1.0,1.0
846,0.9077241,7.347456,7.255055,0.0,0.0,1.0,1.0
847,0.9077241,7.364787,7.2811365,0.0,0.0,1.0,1.0
848,0.9077241,7.3843737,7.298843,0.0,0.0,1.0,1.0
849,0.9261943,7.3305554,7.2905293,0.0,0.0,1.0,1.0
850,0.9261943,7.339725,7.277479,0.0,0.0,1.0,1.0
851,0.9261943,7.3179636,7.2540183,0.0,0.0,1.0,1.0
852,0.9261943,7.2822814,7.224423,0.0,0.0,1.0,1.0
853,0.9261943,7.2676415,7.192183,0.0,0.0,1.0,1.0
854,0.9261943,7.0259356,7.1556373,0.0,0.0,1.0,1.0
855,0.9261943,7.039095,7.116563,0.0,0.0,1.0,1.0
856,0.94465685,7.009964,7.087735,0.0,0.0,1.0,1.0
857,0.94465685,6.9832945,7.0645223,0.0,0.0,1.0,1.0
858,0.94465685,6.960581,7.04903,0.0,0.0,1.0,1.0
859,0.94465685,6.926237,7.039347,0.0,0.0,1.0,1.0
860,0.94465685,6.9154825,7.029787,0.0,0.0,1.0,1.0
861,0.94465685,6.9846196,7.0371013,0.0,0.0,1.0,1.0
862,0.9631118,7.0611744,7.048029,0.0,0.0,1.0,1.0
863,0.9631118,7.1320543,7.0687947,0.0,0.0,1.0,1.0
864,0.9631118,7.1660867,7.0973,0.0,0.0,1.0,1.0
865,0.9631118,7.152922,7.13241,0.0,0.0,1.0,1.0
866,0.98155946,7.1137066,7.1722054,0.0,0.0,1.0,1.0
867,0.98155946,7.170222,7.2137246,0.0,0.0,1.0,1.0
868,0.98155946,7.2591586,7.252314,0.0,0.0,1.0,1.0
869,0.98155946,7.3253546,7.293261,0.0,0.0,1.0,1.0
870,0.98155946,7.381904,7.3293753,0.0,0.0,1.0,1.0
871,0.98155946,7.4037786,7.360535,0.0,0.0,1.0,1.0
872,0.98155946,7.4137144,7.3846827,0.0,0.0,1.0,1.0
873,0.98155946,7.447693,7.4025807,0.0,0.0,1.0,1.0
874,0.98155946,7.552537,7.410508,0.0,0.0,1.0,1.0
875,0.98155946,7.565428,7.4118648,0.0,0.0,1.0,1.0
876,0.98155946,7.5400023,7.412739,0.0,0.0,1.0,1.0
877,0.98155946,7.4426947,7.4163976,0.0,0.0,1.0,1.0
878,0.98155946,7.328484,7.4190555,0.0,0.0,1.0,1.0
879,0.98155946,7.265351,7.421491,0.0,0.0,1.0,1.0
880,0.98155946,7.2754364,7.421546,0.0,0.0,1.0,1.0
881,0.98155946,7.3358426,7.4154825,0.0,0.0,1.0,1.0
882,0.98155946,7.4258113,7.409767,0.0,0.0,1.0,1.0
883,0.9631118,7.435669,7.4112906,0.0,0.0,1.0,1.0
884,0.98155946,7.4429426,7.426622,0.0,0.0,1.0,1.0
885,0.9631118,7.4483533,7.4498105,0.0,0.0,1.0,1.0
886,0.9631118,7.479777,7.4863877,0.0,0.0,1.0,1.0
887,0.9631118,7.4968405,7.530259,0.0,0.0,1.0,1.0
888,0.9631118,7.558286,7.5794296,0.0,0.0,1.0,1.0
889,0.9631118,7.6266704,7.6347055,0.0,0.0,1.0,1.0
890,0.9631118,7.6067486,7.7000556,0.0,0.0,1.0,1.0
891,0.9631118,7.704277,7.7721877,0.0,0.0,1.0,1.0
892,0.9631118,7.8018913,7.852498,0.0,0.0,1.0,1.0
893,0.9631118,7.9258885,7.9408975,0.0,0.0,1.0,1.0
894,0.98155946,8.089122,8.031398,0.0,0.0,1.0,1.0
895,0.98155946,8.219871,8.121578,0.0,0.0,1.0,1.0
896,0.98155946,8.308527,8.211588,0.0,0.0,1.0,1.0
897,0.98155946,8.412078,8.314227,0.0,0.0,1.0,1.0
898,0.98155946,8.54057,8.419455,0.0,0.0,1.0,1.0
899,0.98155946,8.582846,8.524592,0.0,0.0,1.0,1.0
900,0.98155946,8.640452,8.630616,0.0,0.0,1.0,1.0
901,0.98155946,8.706785,8.736949,0.0,0.0,1.0,1.0
902,1.0,8.838414,8.84235,0.0,0.0,1.0,1.0
903,1.0,8.96701,8.949312,0.0,0.0,1.0,1.0
904,0.98155946,9.063547,9.0549345,0.0,0.0,1.0,1.0
905,1.0,9.19817,9.156444,0.0,0.0,1.0,1.0
906,0.98155946,9.365121,9.258499,0.0,0.0,1.0,1.0
907,0.98155946,9.484679,9.391642,0.0,0.0,1.0,1.0
908,0.98155946,9.592076,9.553902,0.0,0.0,1.0,1.0
909,0.98155946,9.6795435,9.736548,0.0,0.0,1.0,1.0
910,0.98155946,9.758682,9.946631,0.0,0.0,1.0,1.0
911,0.98155946,9.807515,10.184328,0.0,0.0,1.0,1.0
912,0.98155946,10.238156,10.446936,0.0,0.0,1.0,1.0
913,0.98155946,10.653909,10.725236,0.0,0.0,1.0,1.0
914,0.9631118,11.030174,11.024812,0.0,0.0,1.0,1.0
915,0.9631118,11.488004,11.348669,0.0,0.0,1.0,1.0
916,0.9631118,11.915909,11.693643,1.0,0.0,1.0,1.0
917,0.9631118,12.349459,12.058767,1.0,0.0,1.0,1.0
918,0.94465685,12.70473,12.4497175,1.0,0.0,1.0,1.0
919,0.94465685,13.079588,12.835208,1.0,0.0,1.0,1.0
920,0.94465685,13.478356,13.217391,1.0,0.0,1.0,1.0
921,0.94465685,13.81923,13.599378,1.0,0.0,1.0,1.0
922,0.9261943,14.140173,13.975377,1.0,0.0,1.0,1.0
923,0.9261943,14.4989195,14.315719,1.0,0.0,0.0,1.0
924,0.9261943,14.864046,14.61993,1.0,0.0,0.0,1.0
925,0.9261943,15.240105,14.894536,1.0,0.0,0.0,1.0
926,0.9077241,15.614015,15.137904,1.0,0.0,1.0,1.0
927,0.9077241,16.0,15.348041,1.0,0.0,1.0,1.0
928,0.9077241,16.0,15.478711,1.0,0.0,1.0,1.0
929,0.88924587,16.0,15.533176,1.0,0.0,1.0,1.0
930,0.88924587,16.0,15.507826,1.0,0.0,1.0,1.0
931,0.88924587,16.0,15.407082,1.0,0.0,1.0,1.0
932,0.8707594,16.0,15.230758,1.0,0.0,1.0,1.0
933,0.8707594,15.387279,14.979583,1.0,0.0,1.0,1.0
934,0.8707594,14.793758,14.654096,1.0,0.0,1.0,1.0
935,0.8707594,14.194703,14.285607,1.0,0.0,1.0,1.0
936,0.85226464,13.655117,13.866337,1.0,0.0,1.0,1.0
937,0.85226464,13.124217,13.397537,1.0,0.0,1.0,1.0
938,0.85226464,12.599914,12.8758745,1.0,0.0,1.0,1.0
939,0.8337612,12.094155,12.301088,1.0,0.0,1.0,1.0
940,0.8337612,11.578146,11.725546,1.0,0.0,1.0,1.0
941,0.8337612,10.968759,11.150432,0.0,0.0,1.0,1.0
942,0.8337612,10.374398,10.576638,0.0,0.0,1.0,1.0
943,0.8337612,9.740049,9.997441,0.0,0.0,1.0,1.0
944,0.8337612,9.102565,9.46632,0.0,0.0,1.0,1.0
945,0.8337612,8.480769,8.985042,0.0,0.0,1.0,1.0
946,0.8337612,7.892385,8.554318,0.0,0.0,1.0,1.0
947,0.8337612,7.309182,8.165957,0.0,0.0,1.0,1.0
948,0.815249,6.704752,7.830951,0.0,0.0,1.0,1.0
949,0.815249,6.7507696,7.5465055,0.0,0.0,1.0,1.0
950,0.815249,6.824572,7.314591,0.0,0.0,1.0,1.0
951,0.815249,6.925475,7.136313,0.0,0.0,1.0,1.0
952,0.8337612,6.917809,7.0202603,0.0,0.0,1.0,1.0
953,0.8337612,6.9486876,6.957702,0.0,0.0,1.0,1.0
954,0.8337612,6.9610505,6.9563932,0.0,0.0,1.0,1.0
955,0.8337612,6.957072,7.016563,0.0,0.0,1.0,1.0
956,0.8337612,6.9632306,7.0787034,0.0,0.0,1.0,1.0
957,0.8337612,7.088141,7.1370463,0.0,0.0,1.0,1.0
958,0.8337612,7.141686,7.1897025,0.0,0.0,1.0,1.0
959,0.8337612,7.2934737,7.2495236,0.0,0.0,1.0,1.0
960,0.8337612,7.426791,7.3098397,0.0,0.0,1.0,1.0
961,0.8337612,7.4964523,7.373432,0.0,0.0,1.0,1.0
962,0.8337612,7.52469,7.4380746,0.0,0.0,1.0,1.0
963,0.8337612,7.557347,7.502752,0.0,0.0,1.0,1.0
964,0.8337612,7.63566,7.554581,0.0,0.0,1.0,1.0
965,0.8337612,7.672485,7.608724,0.0,0.0,1.0,1.0
966,0.8337612,7.724159,7.6566043,0.0,0.0,1.0,1.0
967,0.8337612,7.73278,7.703312,0.0,0.0,1.0,1.0
968,0.85226464,7.7393575,7.7491646,0.0,0.0,1.0,1.0
969,0.8337612,7.7100935,7.805255,0.0,0.0,1.0,1.0
970,0.8337612,7.791399,7.8669715,0.0,0.0,1.0,1.0
971,0.85226464,7.868038,7.937651,0.0,0.0,1.0,1.0
972,0.8337612,7.9872837,8.022371,0.0,0.0,1.0,1.0
973,0.85226464,8.046683,8.116652,0.0,0.0,1.0,1.0
974,0.85226464,8.197776,8.2248335,0.0,0.0,1.0,1.0
975,0.85226464,8.297945,8.345243,0.0,0.0,1.0,1.0
976,0.85226464,8.483815,8.480497,0.0,0.0,1.0,1.0
977,0.85226464,8.689127,8.616639,0.0,0.0,1.0,1.0
978,0.8337612,8.8555155,8.762833,0.0,0.0,1.0,1.0
979,0.85226464,9.030972,8.919485,0.0,0.0,1.0,1.0
980,0.85226464,9.184271,9.091719,0.0,0.0,1.0,1.0
981,0.85226464,9.333138,9.2637,0.0,0.0,1.0,1.0
982,0.85226464,9.425106,9.439114,0.0,0.0,1.0,1.0
983,0.8337612,9.622358,9.608074,0.0,0.0,1.0,1.0
984,0.85226464,9.867112,9.768864,0.0,0.0,1.0,1.0
985,0.85226464,10.113484,9.917553,0.0,0.0,1.0,1.0
986,0.85226464,10.261556,10.060497,0.0,0.0,1.0,1.0
987,0.85226464,10.402912,10.180808,0.0,0.0,1.0,1.0
988,0.85226464,10.511336,10.284597,0.0,0.0,1.0,1.0
989,0.85226464,10.618604,10.381794,0.0,0.0,1.0,1.0
990,0.85226464,10.639786,10.464526,0.0,0.0,1.0,1.0
991,0.8707594,10.746305,10.524093,0.0,0.0,1.0,1.0
992,0.8707594,10.628003,10.560915,0.0,0.0,1.0,1.0
993,0.8707594,10.57861,10.586099,0.0,0.0,1.0,1.0
994,0.88924587,10.591458,10.590876,0.0,0.0,1.0,1.0
995,0.88924587,10.615144,10.565203,0.0,0.0,1.0,1.0
996,0.88924587,10.581909,10.515813,0.0,0.0,1.0,1.0
997,0.9077241,10.555359,10.445224,0.0,0.0,1.0,1.0
998,0.9077241,10.563759,10.346265,0.0,0.0,1.0,1.0
999,0.9077241,10.460236,10.235699,0.0,0.0,1.0,1.0
1000,0.9077241,10.203264,10.109353,0.0,0.0,1.0,1.0
1001,0.9261943,10.025924,9.964635,0.0,0.0,1.0,1.0
1002,0.9261943,9.792715,9.791137,0.0,0.0,1.0,1.0
1003,0.9261943,9.558795,9.604861,0.0,0.0,1.0,1.0
1004,0.9261943,9.30121,9.401205,0.0,0.0,1.0,1.0
1005,0.9261943,9.062465,9.17443,0.0,0.0,1.0,1.0
1006,0.9261943,8.854845,8.930856,0.0,0.0,1.0,1.0
1007,0.9261943,8.533156,8.687309,0.0,0.0,1.0,1.0
1008,0.9261943,8.346603,8.436193,0.0,0.0,1.0,1.0
1009,0.9261943,8.111493,8.179611,0.0,0.0,1.0,1.0
1010,0.9261943,7.8424525,7.9208727,0.0,0.0,1.0,1.0
1011,0.9261943,7.53735,7.674573,0.0,0.0,1.0,1.0
1012,0.9077241,7.2807026,7.432742,0.0,0.0,1.0,1.0
1013,0.9077241,7.0125356,7.1975975,0.0,0.0,1.0,1.0
1014,0.9077241,6.7137313,6.978432,0.0,0.0,1.0,1.0
1015,0.9077241,6.4539266,6.765523,0.0,0.0,1.0,1.0
1016,0.9077241,6.3456116,6.5647035,0.0,0.0,1.0,1.0
1017,0.9077241,6.1604958,6.3799295,0.0,0.0,1.0,1.0
1018,0.88924587,6.0331106,6.2158,0.0,0.0,1.0,1.0
1019,0.88924587,5.9031715,6.068657,0.0,0.0,1.0,1.0
1020,0.88924587,5.7916956,5.9398317,0.0,0.0,1.0,1.0
1021,0.88924587,5.7016563,5.836637,0.0,0.0,1.0,1.0
1022,0.8707594,5.625169,5.752317,0.0,0.0,1.0,1.0
1023,0.8707594,5.567791,5.6753592,0.0,0.0,1.0,1.0
1024,0.8707594,5.514987,5.6124983,0.0,0.0,1.0,1.0
1025,0.8707594,5.466634,5.562826,0.0,0.0,1.0,1.0
1026,0.85226464,5.475397,5.522516,0.0,0.0,1.0,1.0
1027,0.85226464,5.442083,5.4910574,0.0,0.0,1.0,1.0
1028,0.85226464,5.4221196,5.4665194,0.0,0.0,1.0,1.0
1029,0.8337612,5.4061656,5.449349,0.0,0.0,1.0,1.0
1030,0.8337612,5.4370427,5.4485536,0.0,0.0,1.0,1.0
1031,0.8337612,5.419447,5.452685,0.0,0.0,1.0,1.0
1032,0.8337612,5.4141994,5.463443,0.0,0.0,1.0,1.0
1033,0.815249,5.407195,5.4837527,0.0,0.0,1.0,1.0
1034,0.815249,5.4191265,5.5089574,0.0,0.0,1.0,1.0
1035,0.815249,5.5582438,5.539885,0.0,0.0,1.0,1.0
1036,0.7967277,5.564567,5.576556,0.0,0.0,1.0,1.0
1037,0.7967277,5.595728,5.622329,0.0,0.0,1.0,1.0
1038,0.7967277,5.7191133,5.6790695,0.0,0.0,1.0,1.0
1039,0.7967277,5.74454,5.7461667,0.0,0.0,1.0,1.0
1040,0.7967277,5.7932525,5.823196,0.0,0.0,1.0,1.0
1041,0.7967277,5.8462214,5.9080315,0.0,0.0,1.0,1.0
1042,0.7967277,5.986319,5.993956,0.0,0.0,1.0,1.0
1043,0.7967277,6.100325,6.090141,0.0,0.0,1.0,1.0
1044,0.7967277,6.219369,6.196153,0.0,0.0,1.0,1.0
1045,0.7967277,6.3315463,6.3010287,0.0,0.0,1.0,1.0
1046,0.7967277,6.4371524,6.4056363,0.0,0.0,1.0,1.0
1047,0.7967277,6.5893373,6.516981,0.0,0.0,1.0,1.0
1048,0.7967277,6.7187843,6.6365185,0.0,0.0,1.0,1.0
1049,0.7967277,6.8678765,6.7502394,0.0,0.0,1.0,1.0
1050,0.7967277,6.9776216,6.868805,0.0,0.0,1.0,1.0
1051,0.7967277,6.99983,6.9892383,0.0,0.0,1.0,1.0
1052,0.7967277,7.1293936,7.112913,0.0,0.0,1.0,1.0
1053,0.7967277,7.280668,7.2306647,0.0,0.0,1.0,1.0
1054,0.7967277,7.3509707,7.3471193,0.0,0.0,1.0,1.0
1055,0.7967277,7.52311,7.4612737,0.0,0.0,1.0,1.0
1056,0.7967277,7.6645703,7.5725665,0.0,0.0,1.0,1.0
1057,0.7967277,7.8156447,7.6801763,0.0,0.0,1.0,1.0
1058,0.7967277,7.850171,7.787553,0.0,0.0,1.0,1.0
1059,0.7967277,7.986789,7.8861685,0.0,0.0,1.0,1.0
1060,0.7967277,8.088636,7.9729924,0.0,0.0,1.0,1.0
1061,0.7967277,8.203394,8.054113,0.0,0.0,1.0,1.0
1062,0.815249,8.26894,8.121917,0.0,0.0,1.0,1.0
1063,0.815249,8.288344,8.180004,0.0,0.0,1.0,1.0
1064,0.815249,8.312785,8.22237,0.0,0.0,1.0,1.0
1065,0.815249,8.322555,8.259048,0.0,0.0,1.0,1.0
1066,0.815249,8.324424,8.284289,0.0,0.0,1.0,1.0
1067,0.815249,8.336753,8.301194,0.0,0.0,1.0,1.0
1068,0.815249,8.361615,8.308213,0.0,0.0,1.0,1.0
1069,0.815249,8.324036,8.308454,0.0,0.0,1.0,1.0
1070,0.815249,8.290313,8.304629,0.0,0.0,1.0,1.0
1071,0.815249,8.289675,8.294707,0.0,0.0,1.0,1.0
1072,0.815249,8.291492,8.283065,0.0,0.0,1.0,1.0
1073,0.815249,8.287628,8.270624,0.0,0.0,1.0,1.0
1074,0.815249,8.271823,8.260455,0.0,0.0,1.0,1.0
1075,0.815249,8.242451,8.253935,0.0,0.0,1.0,1.0
1076,0.815249,8.193728,8.255348,0.0,0.0,1.0,1.0
1077,0.815249,8.182845,8.26656,0.0,0.0,1.0,1.0
1078,0.815249,8.175127,8.284311,0.0,0.0,1.0,1.0
1079,0.815249,8.214733,8.310166,0.0,0.0,1.0,1.0
1080,0.815249,8.283365,8.339821,0.0,0.0,1.0,1.0
1081,0.815249,8.340998,8.377014,0.0,0.0,1.0,1.0
1082,0.815249,8.424853,8.418022,0.0,0.0,1.0,1.0
1083,0.815249,8.502689,8.460644,0.0,0.0,1.0,1.0
1084,0.815249,8.601755,8.510491,0.0,0.0,1.0,1.0
1085,0.815249,8.643485,8.576804,0.0,0.0,1.0,1.0
1086,0.8337612,8.718139,8.651114,0.0,0.0,1.0,1.0
1087,0.8337612,8.734543,8.7265215,0.0,0.0,1.0,1.0
1088,0.8337612,8.705194,8.802059,0.0,0.0,1.0,1.0
1089,0.8337612,8.781015,8.875711,0.0,0.0,1.0,1.0
1090,0.85226464,8.970885,8.941467,0.0,0.0,1.0,1.0
1091,0.85226464,9.106448,8.995293,0.0,0.0,1.0,1.0
1092,0.8707594,9.188256,9.040824,0.0,0.0,1.0,1.0
1093,0.8707594,9.247446,9.075077,0.0,0.0,1.0,1.0
1094,0.8707594,9.3086815,9.097529,0.0,0.0,1.0,1.0
1095,0.8707594,9.291764,9.110461,0.0,0.0,1.0,1.0
1096,0.88924587,9.247648,9.109615,0.0,0.0,1.0,1.0
1097,0.88924587,9.18987,9.080585,0.0,0.0,1.0,1.0
1098,0.88924587,9.129172,9.028373,0.0,0.0,1.0,1.0
1099,0.88924587,9.003972,8.963007,0.0,0.0,1.0,1.0
1100,0.88924587,8.86038,8.8770075,0.0,0.0,1.0,1.0
1101,0.88924587,8.770865,8.760144,0.0,0.0,1.0,1.0
1102,0.88924587,8.62251,8.620704,0.0,0.0,1.0,1.0
1103,0.88924587,8.47991,8.468271,0.0,0.0,1.0,1.0
1104,0.9077241,8.403864,8.302795,0.0,0.0,1.0,1.0
1105,0.88924587,8.215453,8.124124,0.0,0.0,1.0,1.0
1106,0.88924587,7.906327,7.942216,0.0,0.0,1.0,1.0
1107,0.88924587,7.61847,7.757852,0.0,0.0,1.0,1.0
1108,0.88924587,7.418458,7.566759,0.0,0.0,1.0,1.0
1109,0.88924587,7.2041683,7.373709,0.0,0.0,1.0,1.0
1110,0.88924587,6.9851093,7.181896,0.0,0.0,1.0,1.0
1111,0.88924587,6.821077,6.985066,0.0,0.0,1.0,1.0
1112,0.88924587,6.6480136,6.795084,0.0,0.0,1.0,1.0
1113,0.8707594,6.4777465,6.6232758,0.0,0.0,1.0,1.0
1114,0.8707594,6.3059134,6.4702015,0.0,0.0,1.0,1.0
1115,0.8707594,6.1781516,6.3282905,0.0,0.0,1.0,1.0
1116,0.8707594,6.041901,6.1989365,0.0,0.0,1.0,1.0
1117,0.8707594,5.935675,6.084045,0.0,0.0,1.0,1.0
1118,0.8707594,5.844627,5.991471,0.0,0.0,1.0,1.0
1119,0.85226464,5.7815747,5.9231067,0.0,0.0,1.0,1.0
1120,0.85226464,5.7155256,5.8731976,0.0,0.0,1.0,1.0
1121,0.85226464,5.651922,5.83911,0.0,0.0,1.0,1.0
1122,0.8337612,5.6064105,5.8273087,0.0,0.0,1.0,1.0
1123,0.8337612,5.7101865,5.8410974,0.0,0.0,1.0,1.0
1124,0.8337612,5.8276453,5.8678966,0.0,0.0,1.0,1.0
1125,0.8337612,5.878837,5.905635,0.0,0.0,1.0,1.0
1126,0.815249,5.8968644,5.9518776,0.0,0.0,1.0,1.0
1127,0.815249,6.036536,6.005747,0.0,0.0,1.0,1.0
1128,0.7967277,6.2073665,6.079251,0.0,0.0,1.0,1.0
1129,0.7967277,6.257261,6.156748,0.0,0.0,1.0,1.0
1130,0.7967277,6.29749,6.2349524,0.0,0.0,1.0,1.0
1131,0.7967277,6.336484,6.305751,0.0,0.0,1.0,1.0
1132,0.7781972,6.361956,6.3741875,0.0,0.0,1.0,1.0
1133,0.7781972,6.533974,6.445521,0.0,0.0,1.0,1.0
1134,0.7781972,6.5363727,6.5085173,0.0,0.0,1.0,1.0
1135,0.7781972,6.6486416,6.5496264,0.0,0.0,1.0,1.0
1136,0.7596572,6.677226,6.5832176,0.0,0.0,1.0,1.0
1137,0.7596572,6.7000775,6.6164575,0.0,0.0,1.0,1.0
1138,0.7596572,6.752865,6.6470175,0.0,0.0,1.0,1.0
1139,0.7596572,6.792492,6.670274,0.0,0.0,1.0,1.0
1140,0.7596572,6.700676,6.691224,0.0,0.0,1.0,1.0
1141,0.7596572,6.6603565,6.727515,0.0,0.0,1.0,1.0
1142,0.7596572,6.6963673,6.769535,0.0,0.0,1.0,1.0
1143,0.7596572,6.7032065,6.8191195,0.0,0.0,1.0,1.0
1144,0.7596572,6.641033,6.8671303,0.0,0.0,1.0,1.0
1145,0.7596572,6.785377,6.9255266,0.0,0.0,1.0,1.0
1146,0.7596572,6.9718657,6.9836707,0.0,0.0,1.0,1.0
1147,0.7596572,7.1528807,7.0587482,0.0,0.0,1.0,1.0
1148,0.7596572,7.2722387,7.1439705,0.0,0.0,1.0,1.0
1149,0.7596572,7.276207,7.2300744,0.0,0.0,1.0,1.0
1150,0.7596572,7.453619,7.3076744,0.0,0.0,1.0,1.0
1151,0.7596572,7.490223,7.3973637,0.0,0.0,1.0,1.0
1152,0.7596572,7.6016073,7.4845476,0.0,0.0,1.0,1.0
1153,0.7596572,7.683022,7.5593567,0.0,0.0,1.0,1.0
1154,0.7596572,7.7296133,7.618647,0.0,0.0,1.0,1.0
1155,0.7596572,7.634409,7.6767693,0.0,0.0,1.0,1.0
1156,0.7596572,7.7172995,7.735423,0.0,0.0,1.0,1.0
1157,0.7596572,7.8315845,7.7740054,0.0,0.0,1.0,1.0
1158,0.7781972,7.869576,7.8029213,0.0,0.0,1.0,1.0
1159,0.7596572,7.864364,7.8271675,0.0,0.0,1.0,1.0
1160,0.7781972,7.9697094,7.8428144,0.0,0.0,1.0,1.0
1161,0.7781972,7.980047,7.860389,0.0,0.0,1.0,1.0
1162,0.7781972,7.916609,7.8926773,0.0,0.0,1.0,1.0
1163,0.7781972,7.837216,7.915747,0.0,0.0,1.0,1.0
1164,0.7781972,7.8925586,7.932247,0.0,0.0,1.0,1.0
1165,0.7781972,7.870786,7.951011,0.0,0.0,1.0,1.0
1166,0.7781972,7.94051,7.976869,0.0,0.0,1.0,1.0
1167,0.7781972,8.021868,7.997807,0.0,0.0,1.0,1.0
1168,0.7781972,7.99414,8.019446,0.0,0.0,1.0,1.0
1169,0.7781972,8.029585,8.046597,0.0,0.0,1.0,1.0
1170,0.7781972,8.09474,8.076206,0.0,0.0,1.0,1.0
1171,0.7781972,8.174662,8.091274,0.0,0.0,1.0,1.0
1172,0.7781972,8.220963,8.105557,0.0,0.0,1.0,1.0
1173,0.7781972,8.239716,8.120178,0.0,0.0,1.0,1.0
1174,0.7781972,8.242418,8.123975,0.0,0.0,1.0,1.0
1175,0.7781972,8.192525,8.134707,0.0,0.0,1.0,1.0
1176,0.7967277,8.073376,8.151146,0.0,0.0,1.0,1.0
1177,0.7781972,8.0421915,8.149868,0.0,0.0,1.0,1.0
1178,0.7967277,8.115957,8.134762,0.0,0.0,1.0,1.0
1179,0.7967277,8.067427,8.120284,0.0,0.0,1.0,1.0
1180,0.7967277,8.122928,8.109326,0.0,0.0,1.0,1.0
1181,0.7967277,8.226852,8.1027355,0.0,0.0,1.0,1.0
1182,0.7967277,8.079403,8.101162,0.0,0.0,1.0,1.0
1183,0.7967277,7.9933834,8.108602,0.0,0.0,1.0,1.0
1184,0.7967277,8.047232,8.122705,0.0,0.0,1.0,1.0
1185,0.7967277,8.10822,8.133835,0.0,0.0,1.0,1.0
1186,0.815249,8.163331,8.145931,0.0,0.0,1.0,1.0
1187,0.815249,8.173645,8.15098,0.0,0.0,1.0,1.0
1188,0.815249,8.162648,8.139795,0.0,0.0,1.0,1.0
1189,0.815249,8.211444,8.132788,0.0,0.0,1.0,1.0
1190,0.8337612,8.249505,8.13101,0.0,0.0,1.0,1.0
1191,0.8337612,8.212581,8.11109,0.0,0.0,1.0,1.0
1192,0.8337612,8.18351,8.06607,0.0,0.0,1.0,1.0
1193,0.8337612,8.092637,8.01073,0.0,0.0,1.0,1.0
1194,0.8337612,7.9953156,7.943152,0.0,0.0,1.0,1.0
1195,0.8337612,7.972058,7.8654156,0.0,0.0,1.0,1.0
1196,0.85226464,7.8081775,7.7673273,0.0,0.0,1.0,1.0
1197,0.85226464,7.5679855,7.6481676,0.0,0.0,1.0,1.0
1198,0.85226464,7.49925,7.518146,0.0,0.0,1.0,1.0
1199,0.85226464,7.362714,7.374437,0.0,0.0,1.0,1.0
1200,0.85226464,7.229809,7.217969,0.0,0.0,1.0,1.0
1201,0.85226464,7.0343885,7.054192,0.0,0.0,1.0,1.0
1202,0.8337612,6.819584,6.8845954,0.0,0.0,1.0,1.0
1203,0.85226464,6.6523266,6.721318,0.0,0.0,1.0,1.0
1204,0.8337612,6.458998,6.570414,0.0,0.0,1.0,1.0
1205,0.8337612,6.215023,6.414931,0.0,0.0,1.0,1.0
1206,0.8337612,6.029991,6.2729897,0.0,0.0,1.0,1.0
1207,0.8337612,5.9368963,6.133996,0.0,0.0,1.0,1.0
1208,0.8337612,5.8488493,6.0104265,0.0,0.0,1.0,1.0
1209,0.8337612,5.757141,5.900127,0.0,0.0,1.0,1.0
1210,0.8337612,5.6334515,5.804612,0.0,0.0,1.0,1.0
1211,0.815249,5.6594176,5.7211876,0.0,0.0,1.0,1.0
1212,0.815249,5.561883,5.6567173,0.0,0.0,1.0,1.0
1213,0.815249,5.551556,5.607724,0.0,0.0,1.0,1.0
1214,0.815249,5.495987,5.564968,0.0,0.0,1.0,1.0
1215,0.7967277,5.50615,5.530368,0.0,0.0,1.0,1.0
1216,0.7967277,5.457903,5.5052967,0.0,0.0,1.0,1.0
1217,0.7967277,5.4413824,5.4922404,0.0,0.0,1.0,1.0
1218,0.7967277,5.442076,5.478822,0.0,0.0,1.0,1.0
1219,0.7781972,5.4238224,5.476532,0.0,0.0,1.0,1.0
1220,0.7781972,5.4336414,5.4769244,0.0,0.0,1.0,1.0
1221,0.7781972,5.456293,5.484075,0.0,0.0,1.0,1.0
1222,0.7596572,5.476775,5.4851637,0.0,0.0,1.0,1.0
1223,0.7596572,5.498396,5.4938917,0.0,0.0,1.0,1.0
1224,0.7596572,5.5343995,5.5056677,0.0,0.0,1.0,1.0
1225,0.7596572,5.5562696,5.524493,0.0,0.0,1.0,1.0
1226,0.74110746,5.581791,5.5429277,0.0,0.0,1.0,1.0
1227,0.74110746,5.5192175,5.5632315,0.0,0.0,1.0,1.0
1228,0.74110746,5.562634,5.5830717,0.0,0.0,1.0,1.0
1229,0.74110746,5.582698,5.604884,0.0,0.0,1.0,1.0
1230,0.74110746,5.667982,5.6324124,0.0,0.0,1.0,1.0
1231,0.74110746,5.645037,5.6598387,0.0,0.0,1.0,1.0
1232,0.74110746,5.6772823,5.6904197,0.0,0.0,1.0,1.0
1233,0.74110746,5.694377,5.728045,0.0,0.0,1.0,1.0
1234,0.74110746,5.7385254,5.7792397,0.0,0.0,1.0,1.0
1235,0.74110746,5.828738,5.830163,0.0,0.0,1.0,1.0
1236,0.74110746,5.8635135,5.885672,0.0,0.0,1.0,1.0
1237,0.7596572,5.9232426,5.9388866,0.0,0.0,1.0,1.0
1238,0.7596572,6.033292,5.997548,0.0,0.0,1.0,1.0
1239,0.7781972,6.1335526,6.054487,0.0,0.0,1.0,1.0
1240,0.7781972,6.1737137,6.114306,0.0,0.0,1.0,1.0
1241,0.7781972,6.2488074,6.170026,0.0,0.0,1.0,1.0
1242,0.7967277,6.306559,6.223635,0.0,0.0,1.0,1.0
1243,0.7967277,6.3489733,6.278513,0.0,0.0,1.0,1.0
1244,0.7967277,6.3605523,6.333193,0.0,0.0,1.0,1.0
1245,0.815249,6.412202,6.3797355,0.0,0.0,1.0,1.0
1246,0.815249,6.407164,6.4182234,0.0,0.0,1.0,1.0
1247,0.815249,6.4720483,6.4578366,0.0,0.0,1.0,1.0
1248,0.815249,6.5220466,6.491957,0.0,0.0,1.0,1.0
1249,0.8337612,6.5794034,6.5145516,0.0,0.0,1.0,1.0
1250,0.8337612,6.5918036,6.529462,0.0,0.0,1.0,1.0
1251,0.8337612,6.59541,6.5457087,0.0,0.0,1.0,1.0
1252,0.85226464,6.6490684,6.564773,0.0,0.0,1.0,1.0
1253,0.85226464,6.658256,6.5806575,0.0,0.0,1.0,1.0
1254,0.85226464,6.577691,6.5875087,0.0,0.0,1.0,1.0
1255,0.85226464,6.5278955,6.5882235,0.0,0.0,1.0,1.0
1256,0.8707594,6.555514,6.599175,0.0,0.0,1.0,1.0
1257,0.8707594,6.640977,6.616736,0.0,0.0,1.0,1.0
1258,0.8707594,6.597775,6.633395,0.0,0.0,1.0,1.0
1259,0.8707594,6.5542636,6.645683,0.0,0.0,1.0,1.0
1260,0.88924587,6.530623,6.6585836,0.0,0.0,1.0,1.0
1261,0.88924587,6.710825,6.6797147,0.0,0.0,1.0,1.0
1262,0.88924587,6.8025346,6.7055154,0.0,0.0,1.0,1.0
1263,0.88924587,6.7953205,6.7294855,0.0,0.0,1.0,1.0
1264,0.88924587,6.796519,6.7466183,0.0,0.0,1.0,1.0
1265,0.88924587,6.8130646,6.7689033,0.0,0.0,1.0,1.0
1266,0.88924587,6.8312664,6.795442,0.0,0.0,1.0,1.0
1267,0.88924587,6.8375,6.8248525,0.0,0.0,1.0,1.0
1268,0.88924587,6.843159,6.834031,0.0,0.0,1.0,1.0
1269,0.88924587,6.846568,6.8484697,0.0,0.0,1.0,1.0
1270,0.88924587,6.8651934,6.879475,0.0,0.0,1.0,1.0
1271,0.88924587,6.8727317,6.9305344,0.0,0.0,1.0,1.0
1272,0.88924587,6.883547,6.9805846,0.0,0.0,1.0,1.0
1273,0.88924587,6.820972,7.0400515,0.0,0.0,1.0,1.0
1274,0.88924587,6.975794,7.1182127,0.0,0.0,1.0,1.0
1275,0.88924587,7.1673875,7.2122884,0.0,0.0,1.0,1.0
1276,0.9077241,7.4092283,7.3179903,0.0,0.0,1.0,1.0
1277,0.88924587,7.4136667,7.4326506,0.0,0.0,1.0,1.0
1278,0.88924587,7.544872,7.556508,0.0,0.0,1.0,1.0
1279,0.88924587,7.775434,7.6879187,0.0,0.0,1.0,1.0
1280,0.88924587,7.972066,7.833108,0.0,0.0,1.0,1.0
1281,0.88924587,8.114991,7.974639,0.0,0.0,1.0,1.0
1282,0.88924587,8.241115,8.110451,0.0,0.0,1.0,1.0
1283,0.88924587,8.359025,8.232945,0.0,0.0,1.0,1.0
1284,0.88924587,8.460471,8.360449,0.0,0.0,1.0,1.0
1285,0.88924587,8.563245,8.472263,0.0,0.0,1.0,1.0
1286,0.88924587,8.674164,8.553234,0.0,0.0,1.0,1.0
1287,0.88924587,8.797137,8.599778,0.0,0.0,1.0,1.0
1288,0.88924587,8.879163,8.616276,0.0,0.0,1.0,1.0
1289,0.88924587,8.943704,8.6008835,0.0,0.0,1.0,1.0
1290,0.88924587,8.886651,8.552198,0.0,0.0,1.0,1.0
1291,0.8707594,8.747073,8.472925,0.0,0.0,1.0,1.0
1292,0.8707594,8.5306015,8.365551,0.0,0.0,1.0,1.0
1293,0.8707594,8.312958,8.230812,0.0,0.0,1.0,1.0
1294,0.8707594,8.056408,8.068307,0.0,0.0,1.0,1.0
1295,0.8707594,7.774806,7.8844647,0.0,0.0,1.0,1.0
1296,0.8707594,7.509195,7.679526,0.0,0.0,1.0,1.0
1297,0.85226464,7.274748,7.4657664,0.0,0.0,1.0,1.0
1298,0.85226464,7.057296,7.2468796,0.0,0.0,1.0,1.0
1299,0.85226464,6.8470826,7.030863,0.0,0.0,1.0,1.0
1300,0.85226464,6.673054,6.816964,0.0,0.0,1.0,1.0
1301,0.8337612,6.4844384,6.610659,0.0,0.0,1.0,1.0
1302,0.8337612,6.3215375,6.418668,0.0,0.0,1.0,1.0
1303,0.8337612,6.1204295,6.243543,0.0,0.0,1.0,1.0
1304,0.8337612,5.9384003,6.08222,0.0,0.0,1.0,1.0
1305,0.8337612,5.7461743,5.9349647,0.0,0.0,1.0,1.0
1306,0.815249,5.580747,5.80222,0.0,0.0,1.0,1.0
1307,0.815249,5.4709086,5.681727,0.0,0.0,1.0,1.0
1308,0.815249,5.4077,5.575221,0.0,0.0,1.0,1.0
1309,0.815249,5.33887,5.4811172,0.0,0.0,1.0,1.0
1310,0.7967277,5.290231,5.4017806,0.0,0.0,1.0,1.0
1311,0.7967277,5.254145,5.3340855,0.0,0.0,1.0,1.0
1312,0.7967277,5.227139,5.280906,0.0,0.0,1.0,1.0
1313,0.7781972,5.2063713,5.2388387,0.0,0.0,1.0,1.0
1314,0.7781972,5.19229,5.2045603,0.0,0.0,1.0,1.0
1315,0.7596572,5.168389,5.1730103,0.0,0.0,1.0,1.0
1316,0.7596572,5.1260576,5.145525,0.0,0.0,1.0,1.0
1317,0.7596572,5.1080236,5.121268,0.0,0.0,1.0,1.0
1318,0.74110746,5.0759397,5.100267,0.0,0.0,1.0,1.0
1319,0.74110746,5.059564,5.082897,0.0,0.0,1.0,1.0
1320,0.74110746,5.0291014,5.067787,0.0,0.0,1.0,1.0
1321,0.7225478,5.0090466,5.054175,0.0,0.0,1.0,1.0
1322,0.7225478,4.999147,5.042886,0.0,0.0,1.0,1.0
1323,0.7225478,5.002135,5.034849,0.0,0.0,1.0,1.0
1324,0.703978,5.018704,5.029557,0.0,0.0,1.0,1.0
1325,0.703978,5.025049,5.029632,0.0,0.0,1.0,1.0
1326,0.703978,5.028941,5.0338297,0.0,0.0,1.0,1.0
1327,0.703978,5.0329223,5.044675,0.0,0.0,1.0,1.0
1328,0.703978,5.029619,5.0609736,0.0,0.0,1.0,1.0
1329,0.68539786,5.0445175,5.0831265,0.0,0.0,1.0,1.0
1330,0.68539786,5.0768356,5.1095195,0.0,0.0,1.0,1.0
1331,0.703978,5.109938,5.138784,0.0,0.0,1.0,1.0
1332,0.703978,5.1592407,5.1730037,0.0,0.0,1.0,1.0
1333,0.703978,5.204632,5.2114124,0.0,0.0,1.0,1.0
1334,0.703978,5.2649865,5.253547,0.0,0.0,1.0,1.0
1335,0.703978,5.3188457,5.2985115,0.0,0.0,1.0,1.0
1336,0.7225478,5.36988,5.345736,0.0,0.0,1.0,1.0
1337,0.7225478,5.435683,5.3922744,0.0,0.0,1.0,1.0
1338,0.7225478,5.489848,5.436907,0.0,0.0,1.0,1.0
1339,0.74110746,5.5385385,5.4776597,0.0,0.0,1.0,1.0
1340,0.74110746,5.5691953,5.519412,0.0,0.0,1.0,1.0
1341,0.74110746,5.6112094,5.560431,0.0,0.0,1.0,1.0
1342,0.74110746,5.6352935,5.599962,0.0,0.0,1.0,1.0
1343,0.74110746,5.6455293,5.6320806,0.0,0.0,1.0,1.0
1344,0.74110746,5.648276,5.6576133,0.0,0.0,1.0,1.0
1345,0.7596572,5.705659,5.676404,0.0,0.0,1.0,1.0
1346,0.7596572,5.7572136,5.6920853,0.0,0.0,1.0,1.0
1347,0.7596572,5.79322,5.709904,0.0,0.0,1.0,1.0
1348,0.7596572,5.755299,5.728801,0.0,0.0,1.0,1.0
1349,0.7596572,5.7420793,5.747987,0.0,0.0,1.0,1.0
1350,0.7781972,5.715333,5.7676888,0.0,0.0,1.0,1.0
1351,0.7781972,5.726715,5.788306,0.0,0.0,1.0,1.0
1352,0.7781972,5.783021,5.8048887,0.0,0.0,1.0,1.0
1353,0.7781972,5.83797,5.8202324,0.0,0.0,1.0,1.0
1354,0.7781972,5.8655286,5.8355246,0.0,0.0,1.0,1.0
1355,0.7781972,5.8819504,5.858622,0.0,0.0,1.0,1.0
1356,0.7781972,5.895686,5.8844385,0.0,0.0,1.0,1.0
1357,0.7967277,5.90465,5.911317,0.0,0.0,1.0,1.0
1358,0.7967277,5.9413342,5.940389,0.0,0.0,1.0,1.0
1359,0.7967277,5.9767275,5.9714265,0.0,0.0,1.0,1.0
1360,0.7967277,6.032468,6.003399,0.0,0.0,1.0,1.0
1361,0.7967277,6.051878,6.0362206,0.0,0.0,1.0,1.0
1362,0.7967277,6.037874,6.067779,0.0,0.0,1.0,1.0
1363,0.7967277,6.0755844,6.094746,0.0,0.0,1.0,1.0
1364,0.7967277,6.1554685,6.111274,0.0,0.0,1.0,1.0
1365,0.7967277,6.2216363,6.1229672,0.0,0.0,1.0,1.0
1366,0.815249,6.259386,6.129959,0.0,0.0,1.0,1.0
1367,0.815249,6.2606544,6.127698,0.0,0.0,1.0,1.0
1368,0.815249,6.2192917,6.118172,0.0,0.0,1.0,1.0
1369,0.815249,6.102983,6.104498,0.0,0.0,1.0,1.0
1370,0.815249,6.0816574,6.0812974,0.0,0.0,1.0,1.0
1371,0.815249,6.0606284,6.056927,0.0,0.0,1.0,1.0
1372,0.815249,6.0053353,6.0298834,0.0,0.0,1.0,1.0
1373,0.815249,5.9375663,5.9986258,0.0,0.0,1.0,1.0
1374,0.815249,5.873782,5.965928,0.0,0.0,1.0,1.0
1375,0.815249,5.7971797,5.9408026,0.0,0.0,1.0,1.0
1376,0.815249,5.863028,5.9265957,0.0,0.0,1.0,1.0
1377,0.815249,5.8971076,5.9164834,0.0,0.0,1.0,1.0
1378,0.815249,5.8842955,5.9093204,0.0,0.0,1.0,1.0
1379,0.815249,5.868279,5.9059877,0.0,0.0,1.0,1.0
1380,0.815249,5.9177904,5.9125733,0.0,0.0,1.0,1.0
1381,0.815249,5.9324985,5.92889,0.0,0.0,1.0,1.0
1382,0.815249,5.9603086,5.9522676,0.0,0.0,1.0,1.0
1383,0.815249,5.9746747,5.976872,0.0,0.0,1.0,1.0
1384,0.7967277,5.9653444,6.00205,0.0,0.0,1.0,1.0
1385,0.815249,6.0165935,6.030927,0.0,0.0,1.0,1.0
1386,0.7967277,6.069581,6.065165,0.0,0.0,1.0,1.0
1387,0.7967277,6.0777106,6.08741,0.0,0.0,1.0,1.0
1388,0.7967277,6.1582794,6.101532,0.0,0.0,1.0,1.0
1389,0.7967277,6.1992455,6.110124,0.0,0.0,1.0,1.0
1390,0.7967277,6.2308183,6.1162643,0.0,0.0,1.0,1.0
1391,0.7967277,6.2791386,6.1156173,0.0,0.0,1.0,1.0
1392,0.7967277,6.1847286,6.103078,0.0,0.0,1.0,1.0
1393,0.7781972,6.1019616,6.0814066,0.0,0.0,1.0,1.0
1394,0.7781972,6.0634127,6.0548606,0.0,0.0,1.0,1.0
1395,0.7781972,6.0483594,6.0212965,0.0,0.0,1.0,1.0
1396,0.7781972,5.957578,5.983862,0.0,0.0,1.0,1.0
1397,0.7781972,5.866121,5.938705,0.0,0.0,1.0,1.0
1398,0.7781972,5.809526,5.8868194,0.0,0.0,1.0,1.0
1399,0.7596572,5.7591586,5.838465,0.0,0.0,1.0,1.0
1400,0.7596572,5.7555094,5.7955017,0.0,0.0,1.0,1.0
1401,0.7596572,5.7500286,5.755436,0.0,0.0,1.0,1.0
1402,0.7596572,5.6889353,5.716478,0.0,0.0,1.0,1.0
1403,0.7596572,5.656514,5.689642,0.0,0.0,1.0,1.0
1404,0.74110746,5.6044765,5.6678314,0.0,0.0,1.0,1.0
1405,0.74110746,5.5864,5.649754,0.0,0.0,1.0,1.0
1406,0.74110746,5.5826235,5.6290374,0.0,0.0,1.0,1.0
1407,0.7225478,5.5808644,5.6046457,0.0,0.0,1.0,1.0
1408,0.7225478,5.6355433,5.5784025,0.0,0.0,1.0,1.0
1409,0.7225478,5.604398,5.553768,0.0,0.0,1.0,1.0
1410,0.7225478,5.5925994,5.528951,0.0,0.0,1.0,1.0
1411,0.703978,5.510557,5.5051703,0.0,0.0,1.0,1.0
1412,0.703978,5.462807,5.479312,0.0,0.0,1.0,1.0
1413,0.703978,5.435111,5.448955,0.0,0.0,1.0,1.0
1414,0.68539786,5.3933225,5.414972,0.0,0.0,1.0,1.0
1415,0.68539786,5.35871,5.3731046,0.0,0.0,1.0,1.0
1416,0.68539786,5.319111,5.331407,0.0,0.0,1.0,1.0
1417,0.66680706,5.2760983,5.288081,0.0,0.0,1.0,1.0
1418,0.66680706,5.2183385,5.2509966,0.0,0.0,1.0,1.0
1419,0.66680706,5.1730666,5.2117133,0.0,0.0,1.0,1.0
1420,0.66680706,5.133134,5.1769094,0.0,0.0,1.0,1.0
1421,0.64820546,5.1040277,5.149,0.0,0.0,1.0,1.0
1422,0.64820546,5.072691,5.1300755,0.0,0.0,1.0,1.0
1423,0.64820546,5.06554,5.1147065,0.0,0.0,1.0,1.0
1424,0.64820546,4.991411,5.1080813,0.0,0.0,1.0,1.0
1425,0.64820546,5.0174637,5.1120777,0.0,0.0,1.0,1.0
1426,0.64820546,5.058412,5.124892,0.0,0.0,1.0,1.0
1427,0.6295927,5.131611,5.1447053,0.0,0.0,1.0,1.0
1428,0.64820546,5.1346846,5.171112,0.0,0.0,1.0,1.0
1429,0.64820546,5.1965947,5.2054157,0.0,0.0,1.0,1.0
1430,0.64820546,5.2662992,5.246297,0.0,0.0,1.0,1.0
1431,0.64820546,5.32684,5.2969413,0.0,0.0,1.0,1.0
1432,0.66680706,5.37089,5.3494167,0.0,0.0,1.0,1.0
1433,0.66680706,5.4209065,5.4010577,0.0,0.0,1.0,1.0
1434,0.66680706,5.484335,5.448646,0.0,0.0,1.0,1.0
1435,0.68539786,5.5561166,5.499862,0.0,0.0,1.0,1.0
1436,0.68539786,5.599141,5.5504518,0.0,0.0,1.0,1.0
1437,0.68539786,5.647169,5.594327,0.0,0.0,1.0,1.0
1438,0.68539786,5.678107,5.634069,0.0,0.0,1.0,1.0
1439,0.68539786,5.702669,5.6728296,0.0,0.0,1.0,1.0
1440,0.703978,5.749279,5.7093873,0.0,0.0,1.0,1.0
1441,0.703978,5.8036675,5.743179,0.0,0.0,1.0,1.0
1442,0.703978,5.7928033,5.7740507,0.0,0.0,1.0,1.0
1443,0.703978,5.8037434,5.8047748,0.0,0.0,1.0,1.0
1444,0.703978,5.8360167,5.8333626,0.0,0.0,1.0,1.0
1445,0.7225478,5.8596,5.8633747,0.0,0.0,1.0,1.0
1446,0.7225478,5.8898315,5.8931236,0.0,0.0,1.0,1.0
1447,0.7225478,5.92658,5.9226913,0.0,0.0,1.0,1.0
1448,0.7225478,5.967829,5.9511437,0.0,0.0,1.0,1.0
1449,0.74110746,5.9902234,5.982359,0.0,0.0,1.0,1.0
1450,0.74110746,6.0382547,6.013258,0.0,0.0,1.0,1.0
1451,0.74110746,6.059655,6.041295,0.0,0.0,1.0,1.0
1452,0.74110746,6.104089,6.063111,0.0,0.0,1.0,1.0
1453,0.74110746,6.1450973,6.082498,0.0,0.0,1.0,1.0
1454,0.74110746,6.1673865,6.097883,0.0,0.0,1.0,1.0
1455,0.7596572,6.174533,6.110038,0.0,0.0,1.0,1.0
1456,0.7596572,6.172463,6.120942,0.0,0.0,1.0,1.0
1457,0.7596572,6.1213894,6.1259356,0.0,0.0,1.0,1.0
1458,0.7596572,6.1224766,6.138356,0.0,0.0,1.0,1.0
1459,0.7596572,6.1112013,6.1474934,0.0,0.0,1.0,1.0
1460,0.7596572,6.1136866,6.156044,0.0,0.0,1.0,1.0
1461,0.7596572,6.1210747,6.1596823,0.0,0.0,1.0,1.0
1462,0.7596572,6.098172,6.1623497,0.0,0.0,1.0,1.0
1463,0.7596572,6.2087083,6.1645355,0.0,0.0,1.0,1.0
1464,0.7596572,6.2137327,6.172076,0.0,0.0,1.0,1.0
1465,0.7781972,6.247705,6.1829653,0.0,0.0,1.0,1.0
1466,0.7781972,6.2110467,6.201342,0.0,0.0,1.0,1.0
1467,0.7781972,6.206538,6.225521,0.0,0.0,1.0,1.0
1468,0.7781972,6.1986947,6.2548614,0.0,0.0,1.0,1.0
1469,0.7781972,6.211876,6.2872257,0.0,0.0,1.0,1.0
1470,0.7781972,6.2531486,6.3169765,0.0,0.0,1.0,1.0
1471,0.7781972,6.3317246,6.356201,0.0,0.0,1.0,1.0
1472,0.7781972,6.403834,6.393914,0.0,0.0,1.0,1.0
1473,0.7967277,6.473158,6.435446,0.0,0.0,1.0,1.0
1474,0.7967277,6.486541,6.4679413,0.0,0.0,1.0,1.0
1475,0.815249,6.5657177,6.500204,0.0,0.0,1.0,1.0
1476,0.815249,6.6844273,6.53171,0.0,0.0,1.0,1.0
1477,0.815249,6.700266,6.5626473,0.0,0.0,1.0,1.0
1478,0.815249,6.709421,6.58869,0.0,0.0,1.0,1.0
1479,0.8337612,6.59649,6.607147,0.0,0.0,1.0,1.0
1480,0.8337612,6.585847,6.616045,0.0,0.0,1.0,1.0
1481,0.8337612,6.589949,6.618514,0.0,0.0,1.0,1.0
1482,0.8337612,6.6243935,6.6063046,0.0,0.0,1.0,1.0
1483,0.8337612,6.6442323,6.5727243,0.0,0.0,1.0,1.0
1484,0.85226464,6.625326,6.527172,0.0,0.0,1.0,1.0
1485,0.85226464,6.5799313,6.476033,0.0,0.0,1.0,1.0
1486,0.85226464,6.516168,6.4212174,0.0,0.0,1.0,1.0
1487,0.85226464,6.4192066,6.361273,0.0,0.0,1.0,1.0
1488,0.85226464,6.2814612,6.2909503,0.0,0.0,1.0,1.0
1489,0.85226464,6.153641,6.216283,0.0,0.0,1.0,1.0
1490,0.85226464,6.0957513,6.129777,0.0,0.0,1.0,1.0
1491,0.85226464,5.9387016,6.0357585,0.0,0.0,1.0,1.0
1492,0.85226464,5.86651,5.9341636,0.0,0.0,1.0,1.0
1493,0.85226464,5.7460804,5.8282886,0.0,0.0,1.0,1.0
1494,0.8337612,5.7283826,5.7219987,0.0,0.0,1.0,1.0
1495,0.8337612,5.60616,5.620918,0.0,0.0,1.0,1.0
1496,0.8337612,5.497105,5.5251484,0.0,0.0,1.0,1.0
1497,0.8337612,5.3607965,5.4300647,0.0,0.0,1.0,1.0
1498,0.8337612,5.2456675,5.3446283,0.0,0.0,1.0,1.0
1499,0.815249,5.143724,5.263595,0.0,0.0,1.0,1.0
1500,0.815249,5.0684915,5.192239,0.0,0.0,1.0,1.0
1501,0.815249,5.0044093,5.1202784,0.0,0.0,1.0,1.0
1502,0.815249,4.9547467,5.0581126,0.0,0.0,1.0,1.0
1503,0.815249,4.9134674,4.9964004,0.0,0.0,1.0,1.0
1504,0.815249,4.8941083,4.946568,0.0,0.0,1.0,1.0
1505,0.7967277,4.889809,4.899694,0.0,0.0,1.0,1.0
1506,0.7967277,4.8648543,4.8620553,0.0,0.0,1.0,1.0
1507,0.7967277,4.8601727,4.8307047,0.0,0.0,1.0,1.0
1508,0.7967277,4.7565565,4.8067317,0.0,0.0,1.0,1.0
1509,0.7781972,4.7628093,4.7878976,0.0,0.0,1.0,1.0
1510,0.7781972,4.6831803,4.77283,0.0,0.0,1.0,1.0
1511,0.7781972,4.6920605,4.7604127,0.0,0.0,1.0,1.0
1512,0.7596572,4.6922803,4.7499347,0.0,0.0,1.0,1.0
1513,0.7596572,4.7167373,4.7398744,0.0,0.0,1.0,1.0
1514,0.7596572,4.7287364,4.728766,0.0,0.0,1.0,1.0
1515,0.74110746,4.732655,4.7287374,0.0,0.0,1.0,1.0
1516,0.74110746,4.7451015,4.7274904,0.0,0.0,1.0,1.0
1517,0.74110746,4.7640743,4.733941,0.0,0.0,1.0,1.0
1518,0.7225478,4.74413,4.7459173,0.0,0.0,1.0,1.0
1519,0.7225478,4.7268715,4.7652493,0.0,0.0,1.0,1.0
1520,0.7225478,4.7562137,4.7852144,0.0,0.0,1.0,1.0
1521,0.703978,4.7478456,4.808517,0.0,0.0,1.0,1.0
1522,0.703978,4.7605844,4.844205,0.0,0.0,1.0,1.0
1523,0.703978,4.83578,4.8918695,0.0,0.0,1.0,1.0
1524,0.703978,4.924259,4.9505234,0.0,0.0,1.0,1.0
1525,0.68539786,4.9563217,5.0214343,0.0,0.0,1.0,1.0
1526,0.68539786,5.008368,5.1048474,0.0,0.0,1.0,1.0
1527,0.68539786,5.1609063,5.1982102,0.0,0.0,1.0,1.0
1528,0.66680706,5.31708,5.303923,0.0,0.0,1.0,1.0
1529,0.66680706,5.467917,5.424963,0.0,0.0,1.0,1.0
1530,0.66680706,5.5950646,5.555401,0.0,0.0,1.0,1.0
1531,0.66680706,5.7278275,5.6924663,0.0,0.0,1.0,1.0
1532,0.66680706,5.8765697,5.8438787,0.0,0.0,1.0,1.0
1533,0.66680706,6.016397,6.00743,0.0,0.0,1.0,1.0
1534,0.66680706,6.2130637,6.164493,0.0,0.0,1.0,1.0
1535,0.64820546,6.4010363,6.3164315,0.0,0.0,1.0,1.0
1536,0.64820546,6.569044,6.4664755,0.0,0.0,1.0,1.0
1537,0.64820546,6.7732706,6.614114,0.0,0.0,1.0,1.0
1538,0.64820546,6.970986,6.7500434,0.0,0.0,1.0,1.0
1539,0.64820546,7.0456624,6.878842,0.0,0.0,1.0,1.0
1540,0.64820546,7.140339,6.989507,0.0,0.0,1.0,1.0
1541,0.64820546,7.2684426,7.077233,0.0,0.0,1.0,1.0
1542,0.64820546,7.3667293,7.154853,0.0,0.0,1.0,1.0
1543,0.64820546,7.358983,7.2108817,0.0,0.0,1.0,1.0
1544,0.66680706,7.422147,7.2538013,0.0,0.0,1.0,1.0
1545,0.66680706,7.344381,7.2739606,0.0,0.0,1.0,1.0
1546,0.66680706,7.265773,7.2851033,0.0,0.0,1.0,1.0
1547,0.66680706,7.3324795,7.2815995,0.0,0.0,1.0,1.0
1548,0.66680706,7.241387,7.2615314,0.0,0.0,1.0,1.0
1549,0.66680706,7.288305,7.225738,0.0,0.0,1.0,1.0
1550,0.66680706,7.212897,7.1870313,0.0,0.0,1.0,1.0
1551,0.66680706,7.1793766,7.138261,0.0,0.0,1.0,1.0
1552,0.66680706,7.0982966,7.089072,0.0,0.0,1.0,1.0
1553,0.66680706,7.027623,7.0487547,0.0,0.0,1.0,1.0
1554,0.68539786,6.9372063,7.0124183,0.0,0.0,1.0,1.0
1555,0.68539786,6.894506,6.9812636,0.0,0.0,1.0,1.0
1556,0.68539786,6.8369007,6.9472995,0.0,0.0,1.0,1.0
1557,0.68539786,6.754115,6.929321,0.0,0.0,1.0,1.0
1558,0.68539786,6.7819657,6.909745,0.0,0.0,1.0,1.0
1559,0.68539786,6.8964424,6.9022365,0.0,0.0,1.0,1.0
1560,0.68539786,6.8675303,6.899289,0.0,0.0,1.0,1.0
1561,0.68539786,6.8807354,6.907126,0.0,0.0,1.0,1.0
1562,0.68539786,6.997153,6.913497,0.0,0.0,1.0,1.0
1563,0.68539786,6.944466,6.929487,0.0,0.0,1.0,1.0
1564,0.68539786,7.0081964,6.9471445,0.0,0.0,1.0,1.0
1565,0.703978,6.9922533,6.965306,0.0,0.0,1.0,1.0
1566,0.703978,7.031248,6.968262,0.0,0.0,1.0,1.0
1567,0.703978,6.9709544,6.9663186,0.0,0.0,1.0,1.0
1568,0.703978,7.0287843,6.960289,0.0,0.0,1.0,1.0
1569,0.7225478,6.9660053,6.961558,0.0,0.0,1.0,1.0
1570,0.7225478,6.999902,6.9519057,0.0,0.0,1.0,1.0
1571,0.74110746,6.9319158,6.929785,0.0,0.0,1.0,1.0
1572,0.74110746,6.844212,6.9145465,0.0,0.0,1.0,1.0
1573,0.74110746,6.808378,6.8856053,0.0,0.0,1.0,1.0
1574,0.7596572,7.0123806,6.8571057,0.0,0.0,1.0,1.0
1575,0.7596572,6.8286386,6.816898,0.0,0.0,1.0,1.0
1576,0.7596572,6.7427464,6.7679296,0.0,0.0,1.0,1.0
1577,0.7781972,6.8093915,6.707308,0.0,0.0,1.0,1.0
1578,0.7781972,6.683956,6.64883,0.0,0.0,1.0,1.0
1579,0.7781972,6.6289606,6.5890703,0.0,0.0,1.0,1.0
1580,0.7781972,6.546286,6.5327663,0.0,0.0,1.0,1.0
1581,0.7967277,6.378386,6.4526234,0.0,0.0,1.0,1.0
1582,0.7967277,6.272441,6.3875546,0.0,0.0,1.0,1.0
1583,0.7967277,6.230185,6.330997,0.0,0.0,1.0,1.0
1584,0.7967277,6.1270957,6.2728386,0.0,0.0,1.0,1.0
1585,0.7967277,6.1327314,6.1935577,0.0,0.0,1.0,1.0
1586,0.7967277,6.050665,6.115298,0.0,0.0,1.0,1.0
1587,0.815249,6.0478125,6.0435433,0.0,0.0,1.0,1.0
1588,0.815249,6.0640554,5.975086,0.0,0.0,1.0,1.0
1589,0.815249,6.1114864,5.9118752,0.0,0.0,1.0,1.0
1590,0.815249,5.732586,5.844066,0.0,0.0,1.0,1.0
1591,0.815249,5.689845,5.779721,0.0,0.0,1.0,1.0
1592,0.815249,5.685231,5.7111254,0.0,0.0,1.0,1.0
1593,0.815249,5.5568986,5.648277,0.0,0.0,1.0,1.0
1594,0.815249,5.513909,5.5825973,0.0,0.0,1.0,1.0
1595,0.7967277,5.4164767,5.5124297,0.0,0.0,1.0,1.0
1596,0.7967277,5.354953,5.4321465,0.0,0.0,1.0,1.0
1597,0.7967277,5.3095846,5.3761334,0.0,0.0,1.0,1.0
1598,0.7967277,5.296483,5.3209424,0.0,0.0,1.0,1.0
1599,0.7967277,5.2596602,5.2639093,0.0,0.0,1.0,1.0
1600,0.7967277,5.2220445,5.211648,0.0,0.0,1.0,1.0
1601,0.7967277,5.148086,5.161691,0.0,0.0,1.0,1.0
1602,0.7967277,5.060432,5.126876,0.0,0.0,1.0,1.0
1603,0.7967277,5.0275474,5.0886974,0.0,0.0,1.0,1.0
1604,0.7967277,5.0008383,5.060808,0.0,0.0,1.0,1.0
1605,0.7781972,4.9297595,5.0321717,0.0,0.0,1.0,1.0
1606,0.7781972,4.914432,5.005991,0.0,0.0,1.0,1.0
1607,0.7781972,4.998691,4.982997,0.0,0.0,1.0,1.0
1608,0.7781972,4.896813,4.9680367,0.0,0.0,1.0,1.0
1609,0.7596572,4.9749117,4.958463,0.0,0.0,1.0,1.0
1610,0.7596572,4.9528456,4.962593,0.0,0.0,1.0,1.0
1611,0.7596572,4.9454885,4.968738,0.0,0.0,1.0,1.0
1612,0.7596572,4.9461203,4.98197,0.0,0.0,1.0,1.0
1613,0.74110746,4.9685636,4.998554,0.0,0.0,1.0,1.0
1614,0.74110746,4.94555,5.011738,0.0,0.0,1.0,1.0
1615,0.74110746,5.0771065,5.045692,0.0,0.0,1.0,1.0
1616,0.7225478,5.074578,5.0731487,0.0,0.0,1.0,1.0
1617,0.7225478,5.0885386,5.1196933,0.0,0.0,1.0,1.0
1618,0.7225478,5.1134453,5.1698375,0.0,0.0,1.0,1.0
1619,0.7225478,5.156892,5.2241817,0.0,0.0,1.0,1.0
1620,0.703978,5.3042645,5.270448,0.0,0.0,1.0,1.0
1621,0.703978,5.30439,5.3246284,0.0,0.0,1.0,1.0
1622,0.703978,5.5113807,5.374624,0.0,0.0,1.0,1.0
1623,0.68539786,5.5472226,5.4344335,0.0,0.0,1.0,1.0
1624,0.68539786,5.5982485,5.513842,0.0,0.0,1.0,1.0
1625,0.68539786,5.523762,5.6032553,0.0,0.0,1.0,1.0
1626,0.68539786,5.595711,5.697287,0.0,0.0,1.0,1.0
1627,0.66680706,5.677051,5.797496,0.0,0.0,1.0,1.0
1628,0.66680706,5.7922926,5.9126225,0.0,0.0,1.0,1.0
1629,0.66680706,6.0414457,6.026118,0.0,0.0,1.0,1.0
1630,0.66680706,6.1864014,6.144501,0.0,0.0,1.0,1.0
1631,0.66680706,6.285277,6.262722,0.0,0.0,1.0,1.0
1632,0.66680706,6.5067677,6.4010496,0.0,0.0,1.0,1.0
1633,0.66680706,6.6859074,6.5343986,0.0,0.0,1.0,1.0
1634,0.66680706,6.8733273,6.6574945,0.0,0.0,1.0,1.0
1635,0.64820546,6.967822,6.783554,0.0,0.0,1.0,1.0
1636,0.66680706,7.016899,6.9012213,0.0,0.0,1.0,1.0
1637,0.66680706,7.18369,7.012844,0.0,0.0,1.0,1.0
1638,0.66680706,7.1959014,7.13145,0.0,0.0,1.0,1.0
1639,0.66680706,7.1542053,7.2330976,0.0,0.0,1.0,1.0
1640,0.66680706,7.305005,7.307101,0.0,0.0,1.0,1.0
1641,0.66680706,7.4534545,7.3715496,0.0,0.0,1.0,1.0
1642,0.66680706,7.5258694,7.4179645,0.0,0.0,1.0,1.0
1643,0.66680706,7.7085543,7.450467,0.0,0.0,1.0,1.0
1644,0.66680706,7.726534,7.470266,0.0,0.0,1.0,1.0
1645,0.66680706,7.573948,7.489717,0.0,0.0,1.0,1.0
1646,0.66680706,7.646711,7.508499,0.0,0.0,1.0,1.0
1647,0.66680706,7.5248003,7.5049896,0.0,0.0,1.0,1.0
1648,0.66680706,7.40693,7.4945726,0.0,0.0,1.0,1.0
1649,0.68539786,7.42128,7.4724607,0.0,0.0,1.0,1.0
1650,0.68539786,7.4293118,7.4437656,0.0,0.0,1.0,1.0
1651,0.68539786,7.379595,7.414812,0.0,0.0,1.0,1.0
1652,0.68539786,7.262886,7.3913684,0.0,0.0,1.0,1.0
1653,0.68539786,7.3284507,7.3600326,0.0,0.0,1.0,1.0
1654,0.68539786,7.2605257,7.330592,0.0,0.0,1.0,1.0
1655,0.68539786,7.364214,7.311344,0.0,0.0,1.0,1.0
1656,0.68539786,7.3790917,7.298996,0.0,0.0,1.0,1.0
1657,0.703978,7.292623,7.277491,0.0,0.0,1.0,1.0
1658,0.703978,7.2706804,7.260792,0.0,0.0,1.0,1.0
1659,0.703978,7.1715155,7.266054,0.0,0.0,1.0,1.0
1660,0.703978,7.175956,7.2573977,0.0,0.0,1.0,1.0
1661,0.703978,7.273104,7.256066,0.0,0.0,1.0,1.0
1662,0.703978,7.1712513,7.2507763,0.0,0.0,1.0,1.0
1663,0.703978,7.179201,7.247716,0.0,0.0,1.0,1.0
1664,0.7225478,7.3260365,7.2446213,0.0,0.0,1.0,1.0
1665,0.7225478,7.224573,7.245828,0.0,0.0,1.0,1.0
1666,0.7225478,7.2445426,7.246094,0.0,0.0,1.0,1.0
1667,0.74110746,7.3007393,7.2358875,0.0,0.0,1.0,1.0
1668,0.74110746,7.342368,7.217199,0.0,0.0,1.0,1.0
1669,0.7596572,7.255489,7.2058506,0.0,0.0,1.0,1.0
1670,0.7596572,7.285162,7.1878066,0.0,0.0,1.0,1.0
1671,0.7596572,7.1747103,7.153939,0.0,0.0,1.0,1.0
1672,0.7781972,7.0534754,7.119704,0.0,0.0,1.0,1.0
1673,0.7781972,7.048836,7.078893,0.0,0.0,1.0,1.0
1674,0.7781972,7.0350733,7.029291,0.0,0.0,1.0,1.0
1675,0.7967277,6.9626765,6.9581404,0.0,0.0,1.0,1.0
1676,0.7967277,6.9196215,6.8930984,0.0,0.0,1.0,1.0
1677,0.7967277,6.813753,6.8133416,0.0,0.0,1.0,1.0
1678,0.815249,6.754814,6.7368293,0.0,0.0,1.0,1.0
1679,0.815249,6.705513,6.665256,0.0,0.0,1.0,1.0
1680,0.815249,6.488561,6.5861197,0.0,0.0,1.0,1.0
1681,0.815249,6.4749827,6.498961,0.0,0.0,1.0,1.0
1682,0.815249,6.328083,6.4132237,0.0,0.0,1.0,1.0
1683,0.815249,6.256561,6.3267417,0.0,0.0,1.0,1.0
1684,0.8337612,6.194597,6.2421756,0.0,0.0,1.0,1.0
1685,0.8337612,6.0991993,6.1535378,0.0,0.0,1.0,1.0
1686,0.8337612,5.9891715,6.0609536,0.0,0.0,1.0,1.0
1687,0.8337612,5.933826,5.9910345,0.0,0.0,1.0,1.0
1688,0.8337612,5.881838,5.9163737,0.0,0.0,1.0,1.0
1689,0.8337612,5.798962,5.8508167,0.0,0.0,1.0,1.0
1690,0.8337612,5.691157,5.7842755,0.0,0.0,1.0,1.0
1691,0.8337612,5.5945034,5.7219305,0.0,0.0,1.0,1.0
1692,0.8337612,5.6495333,5.657793,0.0,0.0,1.0,1.0
1693,0.8337612,5.579054,5.5951505,0.0,0.0,1.0,1.0
1694,0.8337612,5.5413985,5.5292673,0.0,0.0,1.0,1.0
1695,0.8337612,5.458069,5.4613986,0.0,0.0,1.0,1.0
1696,0.815249,5.446455,5.4028983,0.0,0.0,1.0,1.0
1697,0.815249,5.32955,5.3494043,0.0,0.0,1.0,1.0
1698,0.815249,5.237461,5.299515,0.0,0.0,1.0,1.0
1699,0.815249,5.1432266,5.2415676,0.0,0.0,1.0,1.0
1700,0.815249,5.067412,5.1976724,0.0,0.0,1.0,1.0
1701,0.815249,5.096961,5.1597104,0.0,0.0,1.0,1.0
1702,0.7967277,5.0492315,5.1365533,0.0,0.0,1.0,1.0
1703,0.7967277,4.9958262,5.1134076,0.0,0.0,1.0,1.0
1704,0.7967277,4.9541683,5.110651,0.0,0.0,1.0,1.0
1705,0.7967277,5.0523095,5.111631,0.0,0.0,1.0,1.0
1706,0.7781972,5.085853,5.120389,0.0,0.0,1.0,1.0
1707,0.7781972,5.1801867,5.1419506,0.0,0.0,1.0,1.0
1708,0.7781972,5.168707,5.172479,0.0,0.0,1.0,1.0
1709,0.7781972,5.296468,5.2366333,0.0,0.0,1.0,1.0
1710,0.7596572,5.2492194,5.323138,0.0,0.0,1.0,1.0
1711,0.7596572,5.2483273,5.4205446,0.0,0.0,1.0,1.0
1712,0.7596572,5.3261476,5.506452,0.0,0.0,1.0,1.0
1713,0.7596572,5.4633074,5.608464,0.0,0.0,1.0,1.0
1714,0.74110746,5.8190794,5.7240424,0.0,0.0,1.0,1.0
1715,0.74110746,6.0338874,5.8615484,0.0,0.0,1.0,1.0
1716,0.74110746,6.123045,5.9945173,0.0,0.0,1.0,1.0
1717,0.74110746,6.0831966,6.1486673,0.0,0.0,1.0,1.0
1718,0.74110746,6.3099966,6.3137083,0.0,0.0,1.0,1.0
1719,0.7596572,6.5671263,6.480717,0.0,0.0,1.0,1.0
1720,0.7596572,6.818778,6.643891,0.0,0.0,1.0,1.0
1721,0.7596572,6.8920946,6.8001556,0.0,0.0,1.0,1.0
1722,0.7596572,7.099022,6.9570856,0.0,0.0,1.0,1.0
1723,0.7596572,7.2288184,7.115921,0.0,0.0,1.0,1.0
1724,0.7781972,7.3302536,7.2892375,0.0,0.0,1.0,1.0
1725,0.7781972,7.42139,7.426833,0.0,0.0,1.0,1.0
1726,0.7781972,7.6942606,7.5368776,0.0,0.0,1.0,1.0
1727,0.7781972,7.9170437,7.6288295,0.0,0.0,1.0,1.0
1728,0.7781972,8.029073,7.7304635,0.0,0.0,1.0,1.0
1729,0.7967277,8.162995,7.8030725,0.0,0.0,1.0,1.0
1730,0.7967277,7.961144,7.8555493,0.0,0.0,1.0,1.0
1731,0.7967277,7.8876586,7.887919,0.0,0.0,1.0,1.0
1732,0.7967277,7.9221992,7.905733,0.0,0.0,1.0,1.0
1733,0.7967277,8.111702,7.892642,0.0,0.0,1.0,1.0
1734,0.815249,7.970331,7.8539276,0.0,0.0,1.0,1.0
1735,0.7967277,7.8585396,7.794116,0.0,0.0,1.0,1.0
1736,0.815249,7.7186923,7.710845,0.0,0.0,1.0,1.0
1737,0.815249,7.635158,7.6432896,0.0,0.0,1.0,1.0
1738,0.815249,7.5371695,7.5859327,0.0,0.0,1.0,1.0
1739,0.815249,7.4524674,7.522183,0.0,0.0,1.0,1.0
1740,0.815249,7.3113365,7.4306755,0.0,0.0,1.0,1.0
1741,0.815249,7.163743,7.34726,0.0,0.0,1.0,1.0
1742,0.815249,7.150479,7.2721343,0.0,0.0,1.0,1.0
1743,0.815249,7.199373,7.2074494,0.0,0.0,1.0,1.0
1744,0.8337612,7.157204,7.144932,0.0,0.0,1.0,1.0
1745,0.8337612,7.013611,7.092972,0.0,0.0,1.0,1.0
1746,0.8337612,6.969347,7.0553393,0.0,0.0,1.0,1.0
1747,0.8337612,6.957029,7.0390863,0.0,0.0,1.0,1.0
1748,0.8337612,6.942477,7.044279,0.0,0.0,1.0,1.0
1749,0.8337612,6.884947,7.045311,0.0,0.0,1.0,1.0
1750,0.85226464,6.9136467,7.0369678,0.0,0.0,1.0,1.0
1751,0.85226464,7.0008807,7.029369,0.0,0.0,1.0,1.0
1752,0.85226464,7.116298,7.030847,0.0,0.0,1.0,1.0
1753,0.85226464,7.2260556,7.0221496,0.0,0.0,1.0,1.0
1754,0.85226464,7.1628604,6.9963493,0.0,0.0,1.0,1.0
1755,0.85226464,7.099257,6.959561,0.0,0.0,1.0,1.0
1756,0.85226464,7.066015,6.924711,0.0,0.0,1.0,1.0
1757,0.85226464,7.031352,6.8856764,0.0,0.0,1.0,1.0
1758,0.85226464,6.8649755,6.839977,0.0,0.0,1.0,1.0
1759,0.85226464,6.6474266,6.782642,0.0,0.0,1.0,1.0
1760,0.85226464,6.5010166,6.7099023,0.0,0.0,1.0,1.0
1761,0.85226464,6.4667535,6.642816,0.0,0.0,1.0,1.0
1762,0.85226464,6.445223,6.578679,0.0,0.0,1.0,1.0
1763,0.85226464,6.452487,6.5146847,0.0,0.0,1.0,1.0
1764,0.85226464,6.4282827,6.4496994,0.0,0.0,1.0,1.0
1765,0.85226464,6.353179,6.4045587,0.0,0.0,1.0,1.0
1766,0.85226464,6.3578234,6.386125,0.0,0.0,1.0,1.0
1767,0.85226464,6.329615,6.388125,0.0,0.0,1.0,1.0
1768,0.85226464,6.2980847,6.402008,0.0,0.0,1.0,1.0
1769,0.85226464,6.251523,6.4262676,0.0,0.0,1.0,1.0
1770,0.85226464,6.3232875,6.4596305,0.0,0.0,1.0,1.0
1771,0.85226464,6.426226,6.5051656,0.0,0.0,1.0,1.0
1772,0.85226464,6.525014,6.5660768,0.0,0.0,1.0,1.0
1773,0.8707594,6.633352,6.6372,0.0,0.0,1.0,1.0
1774,0.8707594,6.7363343,6.715753,0.0,0.0,1.0,1.0
1775,0.8707594,6.852844,6.792888,0.0,0.0,1.0,1.0
1776,0.8707594,6.974702,6.867624,0.0,0.0,1.0,1.0
1777,0.88924587,7.084114,6.9421186,0.0,0.0,1.0,1.0
1778,0.88924587,7.211302,7.0010633,0.0,0.0,1.0,1.0
1779,0.88924587,7.272255,7.046358,0.0,0.0,1.0,1.0
1780,0.9077241,7.2237024,7.0785027,0.0,0.0,1.0,1.0
1781,0.9077241,7.1483507,7.1049886,0.0,0.0,1.0,1.0
1782,0.9077241,7.217226,7.119507,0.0,0.0,1.0,1.0
1783,0.9077241,7.1335664,7.123192,0.0,0.0,1.0,1.0
1784,0.9077241,7.0685515,7.1140065,0.0,0.0,1.0,1.0
1785,0.9261943,7.019085,7.0899034,0.0,0.0,1.0,1.0
1786,0.9261943,7.0541615,7.0592856,0.0,0.0,1.0,1.0
1787,0.9261943,7.0270677,7.029833,0.0,0.0,1.0,1.0
1788,0.9261943,7.018919,6.9997616,0.0,0.0,1.0,1.0
1789,0.9261943,6.9738917,6.958813,0.0,0.0,1.0,1.0
1790,0.9261943,6.9220624,6.915632,0.0,0.0,1.0,1.0
1791,0.9261943,6.904844,6.8778515,0.0,0.0,1.0,1.0
1792,0.9261943,6.870269,6.844155,0.0,0.0,1.0,1.0
1793,0.9261943,6.787496,6.7949295,0.0,0.0,1.0,1.0
1794,0.9261943,6.7258463,6.742864,0.0,0.0,1.0,1.0
1795,0.9261943,6.615385,6.6856217,0.0,0.0,1.0,1.0
1796,0.9261943,6.6151905,6.6280956,0.0,0.0,1.0,1.0
1797,0.9077241,6.614725,6.566065,0.0,0.0,1.0,1.0
1798,0.9077241,6.463456,6.5081596,0.0,0.0,1.0,1.0
1799,0.9077241,6.4022865,6.45618,0.0,0.0,1.0,1.0
1800,0.9077241,6.3320084,6.4167275,0.0,0.0,1.0,1.0
1801,0.9077241,6.2835803,6.391133,0.0,0.0,1.0,1.0
1802,0.88924587,6.1776924,6.3792934,0.0,0.0,1.0,1.0
1803,0.88924587,6.209981,6.361171,0.0,0.0,1.0,1.0
1804,0.88924587,6.2465124,6.346803,0.0,0.0,1.0,1.0
1805,0.88924587,6.314069,6.337647,0.0,0.0,1.0,1.0
1806,0.8707594,6.4187064,6.3424487,0.0,0.0,1.0,1.0
1807,0.8707594,6.4733133,6.3636265,0.0,0.0,1.0,1.0
1808,0.8707594,6.3977175,6.399551,0.0,0.0,1.0,1.0
1809,0.85226464,6.442315,6.449438,0.0,0.0,1.0,1.0
1810,0.85226464,6.3535814,6.506781,0.0,0.0,1.0,1.0
1811,0.85226464,6.4599075,6.5693417,0.0,0.0,1.0,1.0
1812,0.85226464,6.5861416,6.633801,0.0,0.0,1.0,1.0
1813,0.8337612,6.714673,6.697601,0.0,0.0,1.0,1.0
1814,0.8337612,6.776339,6.7561135,0.0,0.0,1.0,1.0
1815,0.8337612,6.8980947,6.815896,0.0,0.0,1.0,1.0
1816,0.8337612,6.9972425,6.872641,0.0,0.0,1.0,1.0
1817,0.8337612,7.087582,6.9317517,0.0,0.0,1.0,1.0
1818,0.8337612,7.1843038,6.9785795,0.0,0.0,1.0,1.0
1819,0.8337612,7.175465,7.021095,0.0,0.0,1.0,1.0
1820,0.85226464,7.1151037,7.052954,0.0,0.0,1.0,1.0
1821,0.85226464,7.1232605,7.0880313,0.0,0.0,1.0,1.0
1822,0.85226464,7.0629086,7.1119456,0.0,0.0,1.0,1.0
1823,0.85226464,7.021842,7.123758,0.0,0.0,1.0,1.0
1824,0.85226464,7.096322,7.123519,0.0,0.0,1.0,1.0
1825,0.85226464,7.096986,7.121173,0.0,0.0,1.0,1.0
1826,0.85226464,7.1972666,7.115581,0.0,0.0,1.0,1.0
1827,0.8707594,7.1850653,7.1138616,0.0,0.0,1.0,1.0
1828,0.8707594,7.138991,7.1126785,0.0,0.0,1.0,1.0
1829,0.8707594,7.0847106,7.117957,0.0,0.0,1.0,1.0
1830,0.8707594,7.156156,7.1296167,0.0,0.0,1.0,1.0
1831,0.8707594,7.1083627,7.137868,0.0,0.0,1.0,1.0
1832,0.8707594,7.0944676,7.145425,0.0,0.0,1.0,1.0
1833,0.8707594,7.109062,7.141161,0.0,0.0,1.0,1.0
1834,0.8707594,7.1262536,7.136587,0.0,0.0,1.0,1.0
1835,0.8707594,7.161757,7.1363273,0.0,0.0,1.0,1.0
1836,0.88924587,7.1953373,7.1417847,0.0,0.0,1.0,1.0
1837,0.88924587,7.1876693,7.145756,0.0,0.0,1.0,1.0
1838,0.88924587,7.146096,7.1535344,0.0,0.0,1.0,1.0
1839,0.88924587,7.1301813,7.167583,0.0,0.0,1.0,1.0
1840,0.88924587,7.1358714,7.1882677,0.0,0.0,1.0,1.0
1841,0.88924587,7.1501994,7.211285,0.0,0.0,1.0,1.0
1842,0.88924587,7.2038107,7.2368994,0.0,0.0,1.0,1.0
1843,0.88924587,7.201705,7.2611413,0.0,0.0,1.0,1.0
1844,0.88924587,7.2630544,7.2840724,0.0,0.0,1.0,1.0
1845,0.88924587,7.3572783,7.305652,0.0,0.0,1.0,1.0
1846,0.88924587,7.40246,7.3243914,0.0,0.0,1.0,1.0
1847,0.88924587,7.469132,7.3412275,0.0,0.0,1.0,1.0
1848,0.88924587,7.486239,7.3509336,0.0,0.0,1.0,1.0
1849,0.88924587,7.462843,7.3558183,0.0,0.0,1.0,1.0
1850,0.9077241,7.405049,7.3598013,0.0,0.0,1.0,1.0
1851,0.9077241,7.355052,7.361697,0.0,0.0,1.0,1.0
1852,0.88924587,7.3379097,7.3600144,0.0,0.0,1.0,1.0
1853,0.9077241,7.266672,7.3514624,0.0,0.0,1.0,1.0
1854,0.9077241,7.2624226,7.339632,0.0,0.0,1.0,1.0
1855,0.9077241,7.2495065,7.325585,0.0,0.0,1.0,1.0
1856,0.9077241,7.2858047,7.3108945,0.0,0.0,1.0,1.0
1857,0.9077241,7.3370824,7.318333,0.0,0.0,1.0,1.0
1858,0.9077241,7.299838,7.3265634,0.0,0.0,1.0,1.0
1859,0.9077241,7.3271637,7.3451557,0.0,0.0,1.0,1.0
1860,0.9077241,7.3176727,7.3734026,0.0,0.0,1.0,1.0
1861,0.9077241,7.2865596,7.405325,0.0,0.0,1.0,1.0
1862,0.9077241,7.494313,7.4411106,0.0,0.0,1.0,1.0
1863,0.9077241,7.4538174,7.482729,0.0,0.0,1.0,1.0
1864,0.9077241,7.561013,7.5293965,0.0,0.0,1.0,1.0
1865,0.9077241,7.605636,7.590126,0.0,0.0,1.0,1.0
1866,0.9077241,7.6454906,7.6608543,0.0,0.0,1.0,1.0
1867,0.88924587,7.678938,7.7399325,0.0,0.0,1.0,1.0
1868,0.9077241,7.785223,7.827346,0.0,0.0,1.0,1.0
1869,0.88924587,7.8970933,7.9059596,0.0,0.0,1.0,1.0
1870,0.9077241,8.02859,7.994228,0.0,0.0,1.0,1.0
1871,0.9077241,8.175903,8.081914,0.0,0.0,1.0,1.0
1872,0.9077241,8.266613,8.174294,0.0,0.0,1.0,1.0
1873,0.9077241,8.33552,8.2521715,0.0,0.0,1.0,1.0
1874,0.9261943,8.437675,8.33911,0.0,0.0,1.0,1.0
1875,0.9261943,8.513037,8.419567,0.0,0.0,1.0,1.0
1876,0.9261943,8.613245,8.498411,0.0,0.0,1.0,1.0
1877,0.9261943,8.714204,8.580801,0.0,0.0,1.0,1.0
1878,0.94465685,8.58002,8.665237,0.0,0.0,1.0,1.0
1879,0.94465685,8.722201,8.746389,0.0,0.0,1.0,1.0
1880,0.94465685,8.750706,8.819395,0.0,0.0,1.0,1.0
1881,0.94465685,8.843222,8.87771,0.0,0.0,1.0,1.0
1882,0.9631118,9.01727,8.919432,0.0,0.0,1.0,1.0
1883,0.9631118,9.189138,8.948617,0.0,0.0,1.0,1.0
1884,0.9631118,9.2404375,8.963389,0.0,0.0,1.0,1.0
1885,0.9631118,9.21158,8.983442,0.0,0.0,1.0,1.0
1886,0.9631118,9.137468,8.983639,0.0,0.0,1.0,1.0
1887,0.9631118,9.013684,8.969374,0.0,0.0,1.0,1.0
1888,0.9631118,8.963471,8.936808,0.0,0.0,1.0,1.0
1889,0.9631118,8.891479,8.879236,0.0,0.0,1.0,1.0
1890,0.9631118,8.820647,8.799112,0.0,0.0,1.0,1.0
1891,0.9631118,8.724566,8.7065115,0.0,0.0,1.0,1.0
1892,0.9631118,8.579526,8.601123,0.0,0.0,1.0,1.0
1893,0.9631118,8.452427,8.488485,0.0,0.0,1.0,1.0
1894,0.9631118,8.326415,8.360903,0.0,0.0,1.0,1.0
1895,0.9631118,8.227652,8.226713,0.0,0.0,1.0,1.0
1896,0.9631118,8.129225,8.0855055,0.0,0.0,1.0,1.0
1897,0.94465685,7.946909,7.9410725,0.0,0.0,1.0,1.0
1898,0.94465685,7.785828,7.7956176,0.0,0.0,1.0,1.0
1899,0.94465685,7.482686,7.6506405,0.0,0.0,1.0,1.0
1900,0.94465685,7.353201,7.504842,0.0,0.0,1.0,1.0
1901,0.9261943,7.196981,7.357671,0.0,0.0,1.0,1.0
1902,0.9261943,7.087451,7.20786,0.0,0.0,1.0,1.0
1903,0.9261943,6.97911,7.0598044,0.0,0.0,1.0,1.0
1904,0.9261943,6.8398027,6.9176865,0.0,0.0,1.0,1.0
1905,0.9077241,6.7028403,6.7790804,0.0,0.0,1.0,1.0
1906,0.9077241,6.5603647,6.6542206,0.0,0.0,1.0,1.0
1907,0.9077241,6.429923,6.5331154,0.0,0.0,1.0,1.0
1908,0.88924587,6.3525543,6.4197183,0.0,0.0,1.0,1.0
1909,0.88924587,6.2414937,6.3122387,0.0,0.0,1.0,1.0
1910,0.88924587,6.122555,6.2195377,0.0,0.0,1.0,1.0
1911,0.8707594,5.9843693,6.127807,0.0,0.0,1.0,1.0
1912,0.8707594,5.8999414,6.0554833,0.0,0.0,1.0,1.0
1913,0.8707594,5.836216,6.0009894,0.0,0.0,1.0,1.0
1914,0.85226464,5.7976933,5.98623,0.0,0.0,1.0,1.0
1915,0.85226464,5.866701,5.990471,0.0,0.0,1.0,1.0
1916,0.85226464,5.739032,6.0148263,0.0,0.0,1.0,1.0
1917,0.8337612,5.8349557,6.059664,0.0,0.0,1.0,1.0
1918,0.8337612,5.906439,6.1273155,0.0,0.0,1.0,1.0
1919,0.8337612,6.2528057,6.2127423,0.0,0.0,1.0,1.0
1920,0.815249,6.403452,6.315671,0.0,0.0,1.0,1.0
1921,0.815249,6.5337567,6.427167,0.0,0.0,1.0,1.0
1922,0.815249,6.660605,6.53898,0.0,0.0,1.0,1.0
1923,0.815249,6.7961907,6.65647,0.0,0.0,1.0,1.0
1924,0.815249,6.925063,6.7704268,0.0,0.0,1.0,1.0
1925,0.7967277,7.0713577,6.87543,0.0,0.0,1.0,1.0
1926,0.7967277,7.1356435,6.962922,0.0,0.0,1.0,1.0
1927,0.7967277,7.2084594,7.049999,0.0,0.0,1.0,1.0
1928,0.7967277,7.1489096,7.1248217,0.0,0.0,1.0,1.0
1929,0.7967277,7.20244,7.190157,0.0,0.0,1.0,1.0
1930,0.7967277,7.166477,7.2282763,0.0,0.0,1.0,1.0
1931,0.7967277,7.302709,7.253582,0.0,0.0,1.0,1.0
1932,0.7967277,7.4483795,7.278222,0.0,0.0,1.0,1.0
1933,0.7967277,7.431623,7.2968135,0.0,0.0,1.0,1.0
1934,0.7967277,7.4446282,7.311931,0.0,0.0,1.0,1.0
1935,0.7781972,7.253626,7.3351336,0.0,0.0,1.0,1.0
1936,0.7781972,7.2287326,7.3518467,0.0,0.0,1.0,1.0
1937,0.7781972,7.3670382,7.382349,0.0,0.0,1.0,1.0
1938,0.7781972,7.358739,7.4158134,0.0,0.0,1.0,1.0
1939,0.7781972,7.389871,7.4597163,0.0,0.0,1.0,1.0
1940,0.7781972,7.427341,7.531367,0.0,0.0,1.0,1.0
1941,0.7781972,7.4029965,7.622485,0.0,0.0,1.0,1.0
1942,0.7781972,7.5325036,7.744289,0.0,0.0,1.0,1.0
1943,0.7781972,7.704282,7.8745384,0.0,0.0,1.0,1.0
1944,0.7781972,7.9752145,8.001233,0.0,0.0,1.0,1.0
1945,0.7781972,8.291432,8.132003,0.0,0.0,1.0,1.0
1946,0.7781972,8.538047,8.260024,0.0,0.0,1.0,1.0
1947,0.7781972,8.715271,8.389191,0.0,0.0,1.0,1.0
1948,0.7967277,8.791727,8.526154,0.0,0.0,1.0,1.0
1949,0.7781972,8.887367,8.670848,0.0,0.0,1.0,1.0
1950,0.7781972,8.927986,8.811936,0.0,0.0,1.0,1.0
1951,0.7781972,8.926123,8.934345,0.0,0.0,1.0,1.0
1952,0.7781972,8.977344,9.039208,0.0,0.0,1.0,1.0
1953,0.7781972,9.046545,9.130261,0.0,0.0,1.0,1.0
1954,0.7967277,9.268842,9.209845,0.0,0.0,1.0,1.0
1955,0.7781972,9.397336,9.278942,0.0,0.0,1.0,1.0
1956,0.7967277,9.444126,9.334463,0.0,0.0,1.0,1.0
1957,0.7967277,9.54979,9.379315,0.0,0.0,1.0,1.0
1958,0.7967277,9.630677,9.4097595,0.0,0.0,1.0,1.0
1959,0.7967277,9.670275,9.43571,0.0,0.0,1.0,1.0
1960,0.7967277,9.620894,9.473437,0.0,0.0,1.0,1.0
1961,0.7967277,9.553621,9.508087,0.0,0.0,1.0,1.0
1962,0.7967277,9.466212,9.547093,0.0,0.0,1.0,1.0
1963,0.7967277,9.291447,9.588905,0.0,0.0,1.0,1.0
1964,0.7967277,9.288751,9.622042,0.0,0.0,1.0,1.0
1965,0.7967277,9.499278,9.6469755,0.0,0.0,1.0,1.0
1966,0.7967277,9.684641,9.65652,0.0,0.0,1.0,1.0
1967,0.7967277,9.86541,9.677664,0.0,0.0,1.0,1.0
1968,0.7967277,9.945866,9.71097,0.0,0.0,0.0,1.0
1969,0.815249,9.947434,9.747989,0.0,0.0,0.0,1.0
1970,0.815249,9.92988,9.794618,0.0,0.0,0.0,1.0
1971,0.815249,9.784803,9.839866,0.0,0.0,0.0,1.0
1972,0.815249,9.874623,9.850937,0.0,0.0,1.0,1.0
1973,0.8337612,9.953288,9.835686,0.0,0.0,1.0,1.0
1974,0.8337612,9.910443,9.79257,0.0,0.0,1.0,1.0
1975,0.85226464,9.850994,9.728863,0.0,0.0,1.0,1.0
1976,0.85226464,9.831727,9.645668,0.0,0.0,1.0,1.0
1977,0.85226464,9.632138,9.548515,0.0,0.0,1.0,1.0
1978,0.8707594,9.501626,9.444852,0.0,0.0,1.0,1.0
1979,0.8707594,9.348023,9.318098,0.0,0.0,1.0,1.0
1980,0.8707594,9.181369,9.161675,0.0,0.0,1.0,1.0
1981,0.8707594,8.949097,8.988363,0.0,0.0,1.0,1.0
1982,0.88924587,8.764049,8.815308,0.0,0.0,1.0,1.0
1983,0.8707594,8.540842,8.62523,0.0,0.0,1.0,1.0
1984,0.88924587,8.353585,8.430402,0.0,0.0,1.0,1.0
1985,0.88924587,8.076209,8.236127,0.0,0.0,1.0,1.0
1986,0.88924587,7.8307,8.045356,0.0,0.0,1.0,1.0
1987,0.88924587,7.7743278,7.860675,0.0,0.0,1.0,1.0
1988,0.88924587,7.550795,7.697106,0.0,0.0,1.0,1.0
1989,0.88924587,7.294201,7.550689,0.0,0.0,1.0,1.0
1990,0.88924587,7.1703258,7.4246807,0.0,0.0,1.0,1.0
1991,0.88924587,7.0587645,7.3176756,0.0,0.0,1.0,1.0
1992,0.88924587,6.9652004,7.230188,0.0,0.0,1.0,1.0
1993,0.8707594,6.9862695,7.159125,0.0,0.0,1.0,1.0
1994,0.8707594,7.007051,7.0926166,0.0,0.0,1.0,1.0
1995,0.8707594,7.0287414,7.044824,0.0,0.0,1.0,1.0
1996,0.8707594,7.069524,7.012925,0.0,0.0,1.0,1.0
1997,0.8707594,7.0263553,6.9988365,0.0,0.0,1.0,1.0
1998,0.8707594,6.9779425,6.9968677,0.0,0.0,1.0,1.0
1999,0.85226464,6.976229,6.9936924,0.0,0.0,1.0,1.0
2000,0.85226464,6.9772825,6.9949636,0.0,0.0,1.0,1.0
2001,0.85226464,6.9114165,6.9975667,0.0,0.0,1.0,1.0
2002,0.85226464,7.00126,7.0014653,0.0,0.0,1.0,1.0
2003,0.8337612,7.0351405,7.004432,0.0,0.0,1.0,1.0
2004,0.8337612,6.927096,6.9996085,0.0,0.0,1.0,1.0
2005,0.8337612,7.001523,6.9885178,0.0,0.0,1.0,1.0
2006,0.815249,7.038287,6.9675245,0.0,0.0,1.0,1.0
2007,0.815249,7.075527,6.939187,0.0,0.0,1.0,1.0
2008,0.815249,7.105129,6.9176254,0.0,0.0,1.0,1.0
2009,0.815249,6.9684687,6.8917384,0.0,0.0,1.0,1.0
2010,0.7967277,6.844853,6.8629203,0.0,0.0,1.0,1.0
2011,0.7967277,6.7243137,6.845045,0.0,0.0,1.0,1.0
2012,0.7967277,6.6372275,6.838085,0.0,0.0,1.0,1.0
2013,0.7781972,6.6526775,6.8239303,0.0,0.0,1.0,1.0
2014,0.7781972,6.690617,6.803417,0.0,0.0,1.0,1.0
2015,0.7781972,6.6893215,6.794005,0.0,0.0,1.0,1.0
2016,0.7596572,6.7125936,6.7933893,0.0,0.0,1.0,1.0
2017,0.7596572,6.9180055,6.7888083,0.0,0.0,1.0,1.0
2018,0.7596572,6.8684306,6.7898545,0.0,0.0,1.0,1.0
2019,0.7596572,6.829372,6.797478,0.0,0.0,1.0,1.0
2020,0.74110746,6.9921803,6.816392,0.0,0.0,1.0,1.0
2021,0.74110746,6.9610777,6.8491917,0.0,0.0,1.0,1.0
2022,0.74110746,6.789883,6.899303,0.0,0.0,1.0,1.0
2023,0.74110746,6.7368693,6.969712,0.0,0.0,1.0,1.0
2024,0.74110746,6.728711,7.026448,0.0,0.0,1.0,1.0
2025,0.74110746,6.879642,7.091003,0.0,0.0,1.0,1.0
2026,0.7225478,7.0842104,7.164707,0.0,0.0,1.0,1.0
2027,0.7225478,7.290662,7.2282696,0.0,0.0,1.0,1.0
2028,0.7225478,7.557496,7.295265,0.0,0.0,1.0,1.0
2029,0.7225478,7.5988393,7.384045,0.0,0.0,1.0,1.0
2030,0.7225478,7.643091,7.4817953,0.0,0.0,1.0,1.0
2031,0.7225478,7.713824,7.579289,0.0,0.0,1.0,1.0
2032,0.7225478,7.7549286,7.667561,0.0,0.0,1.0,1.0
2033,0.7225478,7.765025,7.7487807,0.0,0.0,1.0,1.0
2034,0.7225478,7.8552423,7.812152,0.0,0.0,1.0,1.0
2035,0.7225478,7.909872,7.847728,0.0,0.0,1.0,1.0
2036,0.7225478,7.898635,7.8780518,0.0,0.0,1.0,1.0
2037,0.74110746,7.938905,7.8990297,0.0,0.0,1.0,1.0
2038,0.7225478,8.058851,7.910657,0.0,0.0,1.0,1.0
2039,0.7225478,8.051115,7.9055443,0.0,0.0,1.0,1.0
2040,0.7225478,7.984402,7.8954678,0.0,0.0,1.0,1.0
2041,0.7225478,7.962732,7.87222,0.0,0.0,1.0,1.0
2042,0.7225478,7.8948264,7.840587,0.0,0.0,1.0,1.0
2043,0.74110746,7.8533497,7.8058004,0.0,0.0,1.0,1.0
2044,0.7225478,7.6935787,7.759806,0.0,0.0,1.0,1.0
2045,0.74110746,7.644103,7.697722,0.0,0.0,1.0,1.0
2046,0.74110746,7.5762734,7.6377296,0.0,0.0,1.0,1.0
2047,0.74110746,7.5302753,7.5862656,0.0,0.0,1.0,1.0
2048,0.74110746,7.4811916,7.539767,0.0,0.0,1.0,1.0
2049,0.74110746,7.3869777,7.509717,0.0,0.0,1.0,1.0
2050,0.74110746,7.313836,7.497545,0.0,0.0,1.0,1.0
2051,0.74110746,7.331209,7.5141473,0.0,0.0,1.0,1.0
2052,0.74110746,7.366834,7.551328,0.0,0.0,1.0,1.0
2053,0.74110746,7.404745,7.6135745,0.0,0.0,1.0,1.0
2054,0.74110746,7.5342317,7.697199,0.0,0.0,1.0,1.0
2055,0.74110746,7.7072806,7.801394,0.0,0.0,1.0,1.0
2056,0.74110746,7.89281,7.9284663,0.0,0.0,1.0,1.0
2057,0.74110746,8.090271,8.075359,0.0,0.0,1.0,1.0
2058,0.74110746,8.323233,8.23431,0.0,0.0,1.0,1.0
2059,0.74110746,8.533764,8.407426,0.0,0.0,1.0,1.0
2060,0.74110746,8.731538,8.595682,0.0,0.0,1.0,1.0
2061,0.74110746,8.911844,8.791474,0.0,0.0,1.0,1.0
2062,0.74110746,9.076553,8.993497,0.0,0.0,1.0,1.0
2063,0.74110746,9.238615,9.203745,0.0,0.0,1.0,1.0
2064,0.74110746,9.44423,9.423588,0.0,0.0,1.0,1.0
2065,0.74110746,9.663817,9.659905,0.0,0.0,1.0,1.0
2066,0.74110746,9.883734,9.911654,0.0,0.0,1.0,1.0
2067,0.74110746,10.1315565,10.181097,0.0,0.0,1.0,1.0
2068,0.74110746,10.415786,10.4649,0.0,0.0,1.0,1.0
2069,0.74110746,10.728383,10.760276,0.0,0.0,1.0,1.0
2070,0.74110746,11.159042,11.068766,0.0,0.0,1.0,1.0
2071,0.74110746,11.554751,11.389561,0.0,0.0,1.0,1.0
2072,0.74110746,11.964851,11.722456,1.0,0.0,1.0,1.0
2073,0.74110746,12.317477,12.069209,1.0,0.0,1.0,1.0
2074,0.74110746,12.62107,12.426012,1.0,0.0,1.0,1.0
2075,0.74110746,12.940485,12.787529,1.0,0.0,1.0,1.0
2076,0.74110746,13.293774,13.149038,1.0,0.0,1.0,1.0
2077,0.74110746,13.658558,13.499062,1.0,0.0,1.0,1.0
2078,0.7225478,14.044774,13.837325,1.0,0.0,1.0,1.0
2079,0.74110746,14.413196,14.158617,1.0,0.0,1.0,1.0
2080,0.74110746,14.75399,14.465494,1.0,0.0,1.0,1.0
2081,0.74110746,15.066496,14.747071,1.0,0.0,1.0,1.0
2082,0.74110746,15.359316,15.00203,1.0,0.0,1.0,1.0
2083,0.74110746,15.613918,15.22755,1.0,0.0,1.0,1.0
2084,0.7596572,15.820348,15.422669,1.0,0.0,1.0,1.0
2085,0.7596572,16.0,15.585606,1.0,0.0,1.0,1.0
2086,0.7596572,16.0,15.717839,1.0,0.0,1.0,1.0
2087,0.7596572,16.0,15.821673,1.0,0.0,1.0,1.0
2088,0.7596572,16.0,15.899466,1.0,0.0,1.0,1.0
2089,0.7781972,16.0,15.952855,1.0,0.0,1.0,1.0
2090,0.7781972,16.0,15.985029,1.0,0.0,1.0,1.0
2091,0.7781972,16.0,16.0,1.0,0.0,1.0,1.0
2092,0.7781972,16.0,16.0,1.0,0.0,1.0,1.0
2093,0.7781972,16.0,16.0,1.0,0.0,1.0,1.0
2094,0.7781972,16.0,16.0,1.0,0.0,1.0,1.0
2095,0.7781972,16.0,16.0,1.0,0.0,1.0,1.0
2096,0.7781972,16.0,16.0,1.0,0.0,1.0,1.0
2097,0.7781972,16.0,16.0,1.0,0.0,1.0,1.0
2098,0.7781972,16.0,16.0,1.0,0.0,1.0,1.0
2099,0.7781972,16.0,16.0,1.0,0.0,1.0,1.0
2100,0.7596572,16.0,16.0,1.0,0.0,1.0,1.0
2101,0.7596572,16.0,16.0,1.0,0.0,1.0,1.0
2102,0.7596572,16.0,16.0,1.0,0.0,1.0,1.0
2103,0.7596572,16.0,16.0,1.0,0.0,1.0,1.0
2104,0.7596572,16.0,16.0,1.0,0.0,1.0,1.0
2105,0.7596572,16.0,16.0,1.0,0.0,1.0,1.0
2106,0.74110746,16.0,16.0,1.0,0.0,1.0,1.0
2107,0.74110746,16.0,16.0,1.0,0.0,1.0,1.0
2108,0.74110746,16.0,16.0,1.0,0.0,1.0,1.0
2109,0.74110746,16.0,16.0,1.0,0.0,1.0,1.0
2110,0.7225478,16.0,16.0,1.0,0.0,1.0,1.0
2111,0.7225478,16.0,16.0,1.0,0.0,1.0,1.0
2112,0.7225478,16.0,16.0,1.0,0.0,1.0,1.0
2113,0.7225478,16.0,16.0,1.0,0.0,1.0,1.0
2114,0.7225478,16.0,15.952886,1.0,0.0,1.0,1.0
2115,0.703978,16.0,15.851334,1.0,0.0,1.0,1.0
2116,0.703978,16.0,15.6975975,1.0,0.0,1.0,1.0
2117,0.703978,16.0,15.490138,1.0,0.0,1.0,1.0
2118,0.703978,16.0,15.231908,1.0,0.0,1.0,1.0
2119,0.703978,15.434629,14.9214735,1.0,0.0,1.0,1.0
2120,0.68539786,14.78138,14.556932,1.0,0.0,1.0,1.0
2121,0.68539786,14.155158,14.140086,1.0,0.0,1.0,1.0
2122,0.68539786,13.510488,13.671731,1.0,0.0,1.0,1.0
2123,0.68539786,12.901241,13.151884,1.0,0.0,1.0,1.0
2124,0.68539786,12.274782,12.58153,1.0,0.0,1.0,1.0
2125,0.68539786,11.625516,11.964485,1.0,0.0,1.0,1.0
2126,0.68539786,10.997837,11.345878,0.0,0.0,1.0,1.0
2127,0.68539786,10.379745,10.733915,0.0,0.0,1.0,1.0
2128,0.68539786,9.761839,10.127943,0.0,0.0,1.0,1.0
2129,0.68539786,9.155746,9.536391,0.0,0.0,1.0,1.0
2130,0.68539786,8.595466,9.001417,0.0,0.0,1.0,1.0
2131,0.68539786,8.01133,8.530069,0.0,0.0,1.0,1.0
2132,0.68539786,7.437831,8.125398,0.0,0.0,1.0,1.0
2133,0.68539786,6.883499,7.781273,0.0,0.0,1.0,1.0
2134,0.68539786,6.4118676,7.4943085,0.0,0.0,1.0,1.0
2135,0.68539786,6.481552,7.2678313,0.0,0.0,1.0,1.0
2136,0.68539786,6.618606,7.104444,0.0,0.0,1.0,1.0
2137,0.68539786,6.7694497,7.00076,0.0,0.0,1.0,1.0
2138,0.68539786,6.8683414,6.9565706,0.0,0.0,1.0,1.0
2139,0.68539786,6.9361734,6.9697084,0.0,0.0,1.0,1.0
2140,0.68539786,7.044112,7.035186,0.0,0.0,1.0,1.0
2141,0.68539786,7.1951003,7.1464944,0.0,0.0,1.0,1.0
2142,0.68539786,7.3512583,7.255888,0.0,0.0,1.0,1.0
2143,0.68539786,7.481059,7.3611226,0.0,0.0,1.0,1.0
2144,0.68539786,7.5954814,7.459114,0.0,0.0,1.0,1.0
2145,0.68539786,7.669231,7.5422473,0.0,0.0,1.0,1.0
2146,0.703978,7.7475653,7.6185627,0.0,0.0,1.0,1.0
2147,0.703978,7.794279,7.6883535,0.0,0.0,1.0,1.0
2148,0.703978,7.8814225,7.745661,0.0,0.0,1.0,1.0
2149,0.703978,7.945348,7.788683,0.0,0.0,1.0,1.0
2150,0.703978,7.8659353,7.8228283,0.0,0.0,1.0,1.0
2151,0.703978,7.85196,7.848395,0.0,0.0,1.0,1.0
2152,0.703978,7.8816004,7.866742,0.0,0.0,1.0,1.0
2153,0.703978,7.882792,7.877054,0.0,0.0,1.0,1.0
2154,0.703978,7.8675227,7.884685,0.0,0.0,1.0,1.0
2155,0.703978,7.890803,7.8887606,0.0,0.0,1.0,1.0
2156,0.703978,7.902278,7.8910694,0.0,0.0,1.0,1.0
2157,0.703978,7.889397,7.898088,0.0,0.0,1.0,1.0
2158,0.703978,7.871314,7.908292,0.0,0.0,1.0,1.0
2159,0.703978,7.8858466,7.9197087,0.0,0.0,1.0,1.0
2160,0.703978,7.9303303,7.9359927,0.0,0.0,1.0,1.0
2161,0.703978,7.973051,7.9631486,0.0,0.0,1.0,1.0
2162,0.703978,7.9501595,7.9954457,0.0,0.0,1.0,1.0
2163,0.703978,7.974409,8.032031,0.0,0.0,1.0,1.0
2164,0.703978,8.018601,8.077454,0.0,0.0,1.0,1.0
2165,0.703978,8.078201,8.139441,0.0,0.0,1.0,1.0
2166,0.703978,8.19339,8.212556,0.0,0.0,1.0,1.0
2167,0.703978,8.278373,8.295518,0.0,0.0,1.0,1.0
2168,0.703978,8.341305,8.39598,0.0,0.0,1.0,1.0
2169,0.703978,8.434464,8.53915,0.0,0.0,1.0,1.0
2170,0.703978,8.61516,8.71978,0.0,0.0,1.0,1.0
2171,0.703978,8.763226,8.934977,0.0,0.0,1.0,1.0
2172,0.703978,8.925874,9.186008,0.0,0.0,1.0,1.0
2173,0.703978,9.178599,9.469511,0.0,0.0,1.0,1.0
2174,0.703978,9.668202,9.788696,0.0,0.0,1.0,1.0
2175,0.703978,10.141962,10.139484,0.0,0.0,1.0,1.0
2176,0.703978,10.600962,10.518409,0.0,0.0,1.0,1.0
2177,0.703978,11.090585,10.918597,0.0,0.0,1.0,1.0
2178,0.703978,11.595422,11.341837,0.0,0.0,1.0,1.0
2179,0.7225478,12.108595,11.786824,1.0,0.0,1.0,1.0
2180,0.7225478,12.550757,12.242503,1.0,0.0,1.0,1.0
2181,0.7225478,12.9815645,12.689077,1.0,0.0,1.0,1.0
2182,0.7225478,13.417419,13.127011,1.0,0.0,1.0,1.0
2183,0.7225478,13.842097,13.555395,1.0,0.0,1.0,1.0
2184,0.74110746,14.265721,13.964514,1.0,0.0,1.0,1.0
2185,0.74110746,14.646749,14.331562,1.0,0.0,1.0,1.0
2186,0.74110746,15.027101,14.655846,1.0,0.0,1.0,1.0
2187,0.74110746,15.397169,14.943282,1.0,0.0,1.0,1.0
2188,0.7596572,15.741567,15.1948185,1.0,0.0,1.0,1.0
2189,0.7596572,16.0,15.410033,1.0,0.0,1.0,1.0
2190,0.7596572,16.0,15.589859,1.0,0.0,1.0,1.0
2191,0.7596572,16.0,15.734382,1.0,0.0,1.0,1.0
2192,0.7596572,16.0,15.847153,1.0,0.0,1.0,1.0
2193,0.7596572,16.0,15.928228,1.0,0.0,1.0,1.0
2194,0.7596572,16.0,15.978464,1.0,0.0,1.0,1.0
2195,0.7596572,16.0,16.0,1.0,0.0,1.0,1.0
2196,0.7596572,16.0,16.0,1.0,0.0,1.0,1.0
2197,0.7596572,16.0,16.0,1.0,0.0,1.0,1.0
2198,0.74110746,16.0,16.0,1.0,0.0,1.0,1.0
2199,0.74110746,16.0,16.0,1.0,0.0,1.0,1.0
2200,0.74110746,16.0,16.0,1.0,0.0,1.0,1.0
2201,0.74110746,16.0,16.0,1.0,0.0,1.0,1.0
2202,0.74110746,16.0,16.0,1.0,0.0,1.0,1.0
2203,0.74110746,16.0,16.0,1.0,0.0,1.0,1.0
2204,0.7225478,16.0,16.0,1.0,0.0,1.0,1.0
2205,0.7225478,16.0,16.0,1.0,0.0,1.0,1.0
2206,0.7225478,16.0,16.0,1.0,0.0,1.0,1.0
2207,0.7225478,16.0,16.0,1.0,0.0,1.0,1.0
2208,0.7225478,16.0,16.0,1.0,0.0,1.0,1.0
2209,0.7225478,16.0,15.947686,1.0,0.0,1.0,1.0
2210,0.703978,16.0,15.842629,1.0,0.0,1.0,1.0
2211,0.703978,16.0,15.69253,1.0,0.0,1.0,1.0
2212,0.703978,16.0,15.486893,1.0,0.0,1.0,1.0
2213,0.68539786,16.0,15.230587,1.0,0.0,1.0,1.0
2214,0.68539786,15.372239,14.925105,1.0,0.0,1.0,1.0
2215,0.68539786,14.739319,14.570576,1.0,0.0,1.0,1.0
2216,0.68539786,14.198803,14.167167,1.0,0.0,1.0,1.0
2217,0.68539786,13.53235,13.717146,1.0,0.0,1.0,1.0
2218,0.68539786,12.924332,13.218852,1.0,0.0,1.0,1.0
2219,0.68539786,12.334224,12.673487,1.0,0.0,1.0,1.0
2220,0.66680706,11.745642,12.080017,1.0,0.0,1.0,1.0
2221,0.66680706,11.15909,11.497365,0.0,0.0,1.0,1.0
2222,0.66680706,10.599759,10.919446,0.0,0.0,1.0,1.0
2223,0.66680706,10.020463,10.342312,0.0,0.0,1.0,1.0
2224,0.66680706,9.45562,9.773594,0.0,0.0,1.0,1.0
2225,0.66680706,8.87837,9.265454,0.0,0.0,1.0,1.0
2226,0.66680706,8.380411,8.8168125,0.0,0.0,1.0,1.0
2227,0.66680706,7.804289,8.416371,0.0,0.0,1.0,1.0
2228,0.66680706,7.273195,8.07455,0.0,0.0,1.0,1.0
2229,0.66680706,6.707735,7.7844157,0.0,0.0,1.0,1.0
2230,0.66680706,6.826652,7.5449595,0.0,0.0,1.0,1.0
2231,0.66680706,6.950529,7.357842,0.0,0.0,1.0,1.0
2232,0.66680706,6.9403467,7.22306,0.0,0.0,1.0,1.0
2233,0.66680706,7.057226,7.1338396,0.0,0.0,1.0,1.0
2234,0.66680706,7.1181498,7.0976515,0.0,0.0,1.0,1.0
2235,0.66680706,7.146993,7.10735,0.0,0.0,1.0,1.0
2236,0.66680706,7.210209,7.1692595,0.0,0.0,1.0,1.0
2237,0.66680706,7.260986,7.2204432,0.0,0.0,1.0,1.0
2238,0.66680706,7.309763,7.268732,0.0,0.0,1.0,1.0
2239,0.66680706,7.3700347,7.3201437,0.0,0.0,1.0,1.0
2240,0.66680706,7.3895726,7.3668876,0.0,0.0,1.0,1.0
2241,0.66680706,7.450651,7.406898,0.0,0.0,1.0,1.0
2242,0.66680706,7.4408565,7.4421296,0.0,0.0,1.0,1.0
2243,0.68539786,7.529999,7.4726996,0.0,0.0,1.0,1.0
2244,0.68539786,7.557286,7.4988527,0.0,0.0,1.0,1.0
2245,0.68539786,7.6181526,7.522319,0.0,0.0,1.0,1.0
2246,0.68539786,7.598273,7.5445433,0.0,0.0,1.0,1.0
2247,0.68539786,7.5697756,7.5777264,0.0,0.0,1.0,1.0
2248,0.68539786,7.577045,7.618359,0.0,0.0,1.0,1.0
2249,0.68539786,7.5748253,7.672216,0.0,0.0,1.0,1.0
2250,0.68539786,7.591355,7.7324986,0.0,0.0,1.0,1.0
2251,0.68539786,7.6367264,7.80165,0.0,0.0,1.0,1.0
2252,0.68539786,7.787773,7.8688054,0.0,0.0,1.0,1.0
2253,0.68539786,7.938241,7.939083,0.0,0.0,1.0,1.0
2254,0.68539786,8.087141,8.011272,0.0,0.0,1.0,1.0
2255,0.68539786,8.253389,8.085709,0.0,0.0,1.0,1.0
2256,0.68539786,8.387102,8.160777,0.0,0.0,1.0,1.0
2257,0.703978,8.424016,8.234934,0.0,0.0,1.0,1.0
2258,0.703978,8.441608,8.306871,0.0,0.0,1.0,1.0
2259,0.703978,8.43605,8.366419,0.0,0.0,1.0,1.0
2260,0.703978,8.470275,8.413816,0.0,0.0,1.0,1.0
2261,0.703978,8.475643,8.448825,0.0,0.0,1.0,1.0
2262,0.7225478,8.481242,8.468249,0.0,0.0,1.0,1.0
2263,0.7225478,8.499973,8.462785,0.0,0.0,1.0,1.0
2264,0.74110746,8.502344,8.440795,0.0,0.0,1.0,1.0
2265,0.74110746,8.507018,8.403339,0.0,0.0,1.0,1.0
2266,0.7596572,8.507233,8.349067,0.0,0.0,1.0,1.0
2267,0.7596572,8.486487,8.28142,0.0,0.0,1.0,1.0
2268,0.7596572,8.321526,8.207771,0.0,0.0,1.0,1.0
2269,0.7781972,8.160137,8.127895,0.0,0.0,1.0,1.0
2270,0.7781972,7.992148,8.039426,0.0,0.0,1.0,1.0
2271,0.7781972,7.784773,7.9395638,0.0,0.0,1.0,1.0
2272,0.7781972,7.6585093,7.829956,0.0,0.0,1.0,1.0
2273,0.7967277,7.591871,7.713593,0.0,0.0,1.0,1.0
2274,0.7967277,7.5227275,7.590505,0.0,0.0,1.0,1.0
2275,0.7967277,7.438341,7.4718094,0.0,0.0,1.0,1.0
2276,0.7967277,7.3039923,7.357083,0.0,0.0,1.0,1.0
2277,0.7967277,7.1917276,7.2454004,0.0,0.0,1.0,1.0
2278,0.7967277,7.110874,7.1396074,0.0,0.0,1.0,1.0
2279,0.815249,7.0094337,7.03092,0.0,0.0,1.0,1.0
2280,0.815249,6.8971786,6.9126587,0.0,0.0,1.0,1.0
2281,0.815249,6.783416,6.783141,0.0,0.0,1.0,1.0
2282,0.815249,6.6519623,6.64863,0.0,0.0,1.0,1.0
2283,0.815249,6.515255,6.51065,0.0,0.0,1.0,1.0
2284,0.815249,6.3542614,6.367393,0.0,0.0,1.0,1.0
2285,0.815249,6.1727324,6.2165785,0.0,0.0,1.0,1.0
2286,0.815249,5.968521,6.0642657,0.0,0.0,1.0,1.0
2287,0.815249,5.824209,5.9219894,0.0,0.0,1.0,1.0
2288,0.815249,5.648228,5.7816887,0.0,0.0,1.0,1.0
2289,0.815249,5.472646,5.644146,0.0,0.0,1.0,1.0
2290,0.815249,5.3011,5.5127196,0.0,0.0,1.0,1.0
2291,0.7967277,5.1816816,5.392177,0.0,0.0,1.0,1.0
2292,0.7967277,5.1898575,5.2832446,0.0,0.0,1.0,1.0
2293,0.7967277,5.0998106,5.187784,0.0,0.0,1.0,1.0
2294,0.7967277,5.001451,5.1022882,0.0,0.0,1.0,1.0
2295,0.7781972,4.938135,5.0327754,0.0,0.0,1.0,1.0
2296,0.7781972,4.907752,4.9833264,0.0,0.0,1.0,1.0
2297,0.7781972,4.8655424,4.951142,0.0,0.0,1.0,1.0
2298,0.7781972,4.822997,4.93121,0.0,0.0,1.0,1.0
2299,0.7781972,4.7982554,4.91127,0.0,0.0,1.0,1.0
2300,0.7596572,4.8140736,4.902078,0.0,0.0,1.0,1.0
2301,0.7596572,4.8792605,4.9057,0.0,0.0,1.0,1.0
2302,0.7596572,4.9148827,4.9177136,0.0,0.0,1.0,1.0
2303,0.7596572,4.942501,4.924604,0.0,0.0,1.0,1.0
2304,0.74110746,4.950582,4.9481297,0.0,0.0,1.0,1.0
2305,0.74110746,4.989505,4.9796176,0.0,0.0,1.0,1.0
2306,0.74110746,5.044918,5.016981,0.0,0.0,1.0,1.0
2307,0.7225478,5.0822954,5.0553813,0.0,0.0,1.0,1.0
2308,0.7225478,4.9904356,5.0920057,0.0,0.0,1.0,1.0
2309,0.7225478,5.1478505,5.132181,0.0,0.0,1.0,1.0
2310,0.703978,5.200854,5.182595,0.0,0.0,1.0,1.0
2311,0.703978,5.246614,5.236278,0.0,0.0,1.0,1.0
2312,0.703978,5.274877,5.2889547,0.0,0.0,1.0,1.0
2313,0.703978,5.3187556,5.3488417,0.0,0.0,1.0,1.0
2314,0.68539786,5.396989,5.42171,0.0,0.0,1.0,1.0
2315,0.68539786,5.5474625,5.5192223,0.0,0.0,1.0,1.0
2316,0.68539786,5.59478,5.616935,0.0,0.0,1.0,1.0
2317,0.68539786,5.6216235,5.7143617,0.0,0.0,1.0,1.0
2318,0.68539786,5.763561,5.8115206,0.0,0.0,1.0,1.0
2319,0.68539786,5.9567156,5.919874,0.0,0.0,1.0,1.0
2320,0.66680706,6.1605835,6.023813,0.0,0.0,1.0,1.0
2321,0.66680706,6.320403,6.128809,0.0,0.0,1.0,1.0
2322,0.66680706,6.369977,6.234825,0.0,0.0,1.0,1.0
2323,0.66680706,6.412522,6.344345,0.0,0.0,1.0,1.0
2324,0.66680706,6.575117,6.4583416,0.0,0.0,1.0,1.0
2325,0.66680706,6.5660214,6.5654936,0.0,0.0,1.0,1.0
2326,0.66680706,6.6569433,6.653001,0.0,0.0,1.0,1.0
2327,0.66680706,6.8196564,6.727575,0.0,0.0,1.0,1.0
2328,0.66680706,6.9090176,6.7921867,0.0,0.0,1.0,1.0
2329,0.66680706,6.989582,6.8492236,0.0,0.0,1.0,1.0
2330,0.66680706,7.049382,6.8942633,0.0,0.0,1.0,1.0
2331,0.66680706,7.006804,6.922691,0.0,0.0,1.0,1.0
2332,0.66680706,7.055472,6.950775,0.0,0.0,1.0,1.0
2333,0.68539786,7.0957446,6.974777,0.0,0.0,1.0,1.0
2334,0.68539786,7.054421,6.987089,0.0,0.0,1.0,1.0
2335,0.68539786,6.9530005,6.984009,0.0,0.0,1.0,1.0
2336,0.68539786,6.9162464,6.9683647,0.0,0.0,1.0,1.0
2337,0.68539786,6.903032,6.943248,0.0,0.0,1.0,1.0
2338,0.68539786,6.9449706,6.9115705,0.0,0.0,1.0,1.0
2339,0.68539786,6.9673977,6.8739395,0.0,0.0,1.0,1.0
2340,0.703978,6.8720512,6.8335733,0.0,0.0,1.0,1.0
2341,0.703978,6.8018556,6.794793,0.0,0.0,1.0,1.0
2342,0.703978,6.7479777,6.7668185,0.0,0.0,1.0,1.0
2343,0.703978,6.62668,6.7436824,0.0,0.0,1.0,1.0
2344,0.703978,6.6038985,6.724246,0.0,0.0,1.0,1.0
2345,0.703978,6.61135,6.716023,0.0,0.0,1.0,1.0
2346,0.703978,6.58906,6.7010384,0.0,0.0,1.0,1.0
2347,0.703978,6.6173058,6.6840205,0.0,0.0,1.0,1.0
2348,0.703978,6.638612,6.6746845,0.0,0.0,1.0,1.0
2349,0.703978,6.669792,6.6746454,0.0,0.0,1.0,1.0
2350,0.703978,6.846297,6.682986,0.0,0.0,1.0,1.0
2351,0.7225478,6.7875795,6.6957493,0.0,0.0,1.0,1.0
2352,0.7225478,6.667836,6.7082896,0.0,0.0,1.0,1.0
2353,0.7225478,6.6898246,6.73481,0.0,0.0,1.0,1.0
2354,0.7225478,6.74751,6.76371,0.0,0.0,1.0,1.0
2355,0.7225478,6.726762,6.7968016,0.0,0.0,1.0,1.0
2356,0.7225478,6.757065,6.826982,0.0,0.0,1.0,1.0
2357,0.7225478,6.7618318,6.839377,0.0,0.0,1.0,1.0
2358,0.7225478,6.9073014,6.878772,0.0,0.0,1.0,1.0
2359,0.7225478,6.9641113,6.948739,0.0,0.0,1.0,1.0
2360,0.7225478,7.035708,7.0135984,0.0,0.0,1.0,1.0
2361,0.7225478,7.0319576,7.057444,0.0,0.0,1.0,1.0
2362,0.7225478,6.9950347,7.129253,0.0,0.0,1.0,1.0
2363,0.7225478,7.2603173,7.198503,0.0,0.0,1.0,1.0
2364,0.7225478,7.507444,7.262204,0.0,0.0,1.0,1.0
2365,0.7225478,7.4681396,7.307514,0.0,0.0,1.0,1.0
2366,0.7225478,7.273659,7.3562202,0.0,0.0,1.0,1.0
2367,0.7225478,7.5884643,7.4065394,0.0,0.0,1.0,1.0
2368,0.74110746,7.588069,7.4694653,0.0,0.0,1.0,1.0
2369,0.74110746,7.526243,7.536618,0.0,0.0,1.0,1.0
2370,0.74110746,7.4510217,7.5781364,0.0,0.0,1.0,1.0
2371,0.74110746,7.5485873,7.6019053,0.0,0.0,1.0,1.0
2372,0.7596572,7.6395345,7.6324854,0.0,0.0,1.0,1.0
2373,0.7596572,7.787067,7.6843967,0.0,0.0,1.0,1.0
2374,0.7596572,7.8008738,7.685845,0.0,0.0,1.0,1.0
2375,0.7781972,7.7585335,7.664304,0.0,0.0,1.0,1.0
2376,0.7781972,7.7926717,7.6520815,0.0,0.0,1.0,1.0
2377,0.7781972,7.835099,7.6503158,0.0,0.0,1.0,1.0
2378,0.7781972,7.8965983,7.6205063,0.0,0.0,1.0,1.0
2379,0.7967277,7.605842,7.58928,0.0,0.0,1.0,1.0
2380,0.7967277,7.3295727,7.5442944,0.0,0.0,1.0,1.0
2381,0.7967277,7.3795786,7.4982133,0.0,0.0,1.0,1.0
2382,0.7967277,7.4298325,7.444121,0.0,0.0,1.0,1.0
2383,0.7967277,7.190874,7.3698497,0.0,0.0,1.0,1.0
2384,0.7967277,7.26482,7.271802,0.0,0.0,1.0,1.0
2385,0.7967277,7.2472367,7.151739,0.0,0.0,1.0,1.0
2386,0.7967277,7.2478986,7.048431,0.0,0.0,1.0,1.0
2387,0.7967277,7.1094275,6.952949,0.0,0.0,1.0,1.0
2388,0.7967277,6.9014153,6.8396726,0.0,0.0,1.0,1.0
2389,0.7967277,6.6585245,6.714622,0.0,0.0,1.0,1.0
2390,0.7967277,6.455845,6.603436,0.0,0.0,1.0,1.0
2391,0.7967277,6.366144,6.480409,0.0,0.0,1.0,1.0
2392,0.7967277,6.1837916,6.349916,0.0,0.0,1.0,1.0
2393,0.7967277,6.0202627,6.213211,0.0,0.0,1.0,1.0
2394,0.7781972,5.929227,6.0816026,0.0,0.0,1.0,1.0
2395,0.7781972,5.856637,5.9625897,0.0,0.0,1.0,1.0
2396,0.7781972,5.7885017,5.856425,0.0,0.0,1.0,1.0
2397,0.7781972,5.6813188,5.7637286,0.0,0.0,1.0,1.0
2398,0.7781972,5.6074405,5.679794,0.0,0.0,1.0,1.0
2399,0.7596572,5.530123,5.6157546,0.0,0.0,1.0,1.0
2400,0.7596572,5.4732637,5.5682044,0.0,0.0,1.0,1.0
2401,0.7596572,5.384542,5.5290585,0.0,0.0,1.0,1.0
2402,0.7596572,5.3434906,5.49941,0.0,0.0,1.0,1.0
2403,0.74110746,5.3589253,5.478944,0.0,0.0,1.0,1.0
2404,0.74110746,5.4153233,5.474189,0.0,0.0,1.0,1.0
2405,0.74110746,5.4496574,5.478883,0.0,0.0,1.0,1.0
2406,0.74110746,5.4594774,5.5039144,0.0,0.0,1.0,1.0
2407,0.7225478,5.5008597,5.5434375,0.0,0.0,1.0,1.0
2408,0.7225478,5.5429025,5.5924616,0.0,0.0,1.0,1.0
2409,0.7225478,5.624262,5.6461844,0.0,0.0,1.0,1.0
2410,0.703978,5.6637683,5.701823,0.0,0.0,1.0,1.0
2411,0.703978,5.8305025,5.757319,0.0,0.0,1.0,1.0
2412,0.703978,5.947541,5.818628,0.0,0.0,1.0,1.0
2413,0.703978,5.972831,5.8847237,0.0,0.0,1.0,1.0
2414,0.703978,5.9881654,5.953684,0.0,0.0,1.0,1.0
2415,0.68539786,6.026586,6.0264874,0.0,0.0,1.0,1.0
2416,0.68539786,6.081272,6.1005726,0.0,0.0,1.0,1.0
2417,0.68539786,6.1853685,6.177306,0.0,0.0,1.0,1.0
2418,0.68539786,6.252628,6.246165,0.0,0.0,1.0,1.0
2419,0.68539786,6.32838,6.312906,0.0,0.0,1.0,1.0
2420,0.68539786,6.4165454,6.3828645,0.0,0.0,1.0,1.0
2421,0.68539786,6.5132823,6.4576817,0.0,0.0,1.0,1.0
2422,0.68539786,6.584573,6.5519614,0.0,0.0,1.0,1.0
2423,0.68539786,6.6568055,6.666697,0.0,0.0,1.0,1.0
2424,0.68539786,6.7484303,6.793921,0.0,0.0,1.0,1.0
2425,0.68539786,6.8123393,6.9211273,0.0,0.0,1.0,1.0
2426,0.68539786,6.8859696,7.0503283,0.0,0.0,1.0,1.0
2427,0.68539786,7.1579447,7.1736307,0.0,0.0,1.0,1.0
2428,0.68539786,7.458096,7.2923536,0.0,0.0,1.0,1.0
2429,0.68539786,7.712058,7.411977,0.0,0.0,1.0,1.0
2430,0.68539786,7.779105,7.5305524,0.0,0.0,1.0,1.0
2431,0.68539786,7.8787885,7.6477046,0.0,0.0,1.0,1.0
2432,0.68539786,7.896177,7.7726355,0.0,0.0,1.0,1.0
2433,0.68539786,7.9379597,7.89676,0.0,0.0,1.0,1.0
2434,0.68539786,8.020047,7.9997396,0.0,0.0,1.0,1.0
2435,0.68539786,8.079711,8.077402,0.0,0.0,1.0,1.0
2436,0.68539786,8.154262,8.135269,0.0,0.0,1.0,1.0
2437,0.68539786,8.311508,8.184316,0.0,0.0,1.0,1.0
2438,0.703978,8.375464,8.194028,0.0,0.0,1.0,1.0
2439,0.703978,8.393701,8.180085,0.0,0.0,1.0,1.0
2440,0.703978,8.390039,8.15324,0.0,0.0,1.0,1.0
2441,0.703978,8.406472,8.115412,0.0,0.0,1.0,1.0
2442,0.703978,8.367654,8.064763,0.0,0.0,1.0,1.0
2443,0.703978,7.9953384,8.003893,0.0,0.0,1.0,1.0
2444,0.703978,7.7288613,7.9237027,0.0,0.0,1.0,1.0
2445,0.703978,7.6158237,7.827809,0.0,0.0,1.0,1.0
2446,0.7225478,7.5661077,7.7205296,0.0,0.0,1.0,1.0
2447,0.703978,7.471926,7.6058416,0.0,0.0,1.0,1.0
2448,0.7225478,7.4238195,7.484787,0.0,0.0,1.0,1.0
2449,0.7225478,7.3492255,7.3739376,0.0,0.0,1.0,1.0
2450,0.7225478,7.22474,7.288396,0.0,0.0,1.0,1.0
2451,0.7225478,7.106346,7.2189054,0.0,0.0,1.0,1.0
2452,0.7225478,7.013787,7.151857,0.0,0.0,1.0,1.0
2453,0.7225478,6.9538155,7.096108,0.0,0.0,1.0,1.0
2454,0.7225478,7.037458,7.052597,0.0,0.0,1.0,1.0
2455,0.7225478,6.9688406,7.0093527,0.0,0.0,1.0,1.0
2456,0.7225478,6.8949747,6.971404,0.0,0.0,1.0,1.0
2457,0.7225478,6.811241,6.9550347,0.0,0.0,1.0,1.0
2458,0.7225478,6.8971214,6.957695,0.0,0.0,1.0,1.0
2459,0.7225478,6.9497967,6.9778256,0.0,0.0,1.0,1.0
2460,0.7225478,6.904887,7.0143557,0.0,0.0,1.0,1.0
2461,0.7225478,6.89384,7.05633,0.0,0.0,1.0,1.0
2462,0.7225478,7.028311,7.1197553,0.0,0.0,1.0,1.0
2463,0.7225478,7.1382694,7.2033615,0.0,0.0,1.0,1.0
2464,0.7225478,7.255353,7.301678,0.0,0.0,1.0,1.0
2465,0.74110746,7.3921733,7.393035,0.0,0.0,1.0,1.0
2466,0.74110746,7.541152,7.4926977,0.0,0.0,1.0,1.0
2467,0.74110746,7.7299438,7.6148143,0.0,0.0,1.0,1.0
2468,0.74110746,7.898248,7.756943,0.0,0.0,1.0,1.0
2469,0.7596572,7.991041,7.8898444,0.0,0.0,1.0,1.0
2470,0.7596572,7.9934025,8.014638,0.0,0.0,1.0,1.0
2471,0.7781972,8.14575,8.132695,0.0,0.0,1.0,1.0
2472,0.7781972,8.370288,8.237397,0.0,0.0,1.0,1.0
2473,0.7781972,8.599387,8.322796,0.0,0.0,1.0,1.0
2474,0.7967277,8.623124,8.383827,0.0,0.0,1.0,1.0
2475,0.7967277,8.635791,8.423262,0.0,0.0,1.0,1.0
2476,0.7967277,8.672044,8.442298,0.0,0.0,1.0,1.0
2477,0.7967277,8.648594,8.451442,0.0,0.0,1.0,1.0
2478,0.815249,8.565943,8.432713,0.0,0.0,1.0,1.0
2479,0.815249,8.462311,8.378541,0.0,0.0,1.0,1.0
2480,0.815249,8.371462,8.284641,0.0,0.0,1.0,1.0
2481,0.815249,8.219478,8.170005,0.0,0.0,1.0,1.0
2482,0.815249,8.103128,8.036802,0.0,0.0,1.0,1.0
2483,0.815249,7.9209967,7.8743834,0.0,0.0,1.0,1.0
2484,0.8337612,7.720239,7.6866894,0.0,0.0,1.0,1.0
2485,0.815249,7.4725847,7.48663,0.0,0.0,1.0,1.0
2486,0.8337612,7.2474923,7.279688,0.0,0.0,1.0,1.0
2487,0.8337612,7.03735,7.0648217,0.0,0.0,1.0,1.0
2488,0.815249,6.723023,6.848184,0.0,0.0,1.0,1.0
2489,0.815249,6.396263,6.628673,0.0,0.0,1.0,1.0
2490,0.815249,6.165233,6.4152346,0.0,0.0,1.0,1.0
2491,0.815249,5.979006,6.2119145,0.0,0.0,1.0,1.0
2492,0.815249,5.7930665,6.0247335,0.0,0.0,1.0,1.0
2493,0.815249,5.6198263,5.84932,0.0,0.0,1.0,1.0
2494,0.815249,5.4689965,5.6871376,0.0,0.0,1.0,1.0
2495,0.7967277,5.359733,5.5451555,0.0,0.0,1.0,1.0
2496,0.7967277,5.2804017,5.427583,0.0,0.0,1.0,1.0
2497,0.7967277,5.2264094,5.3288803,0.0,0.0,1.0,1.0
2498,0.7967277,5.1425295,5.246148,0.0,0.0,1.0,1.0
2499,0.7967277,5.0911627,5.1824656,0.0,0.0,1.0,1.0
2500,0.7781972,5.019236,5.1384883,0.0,0.0,1.0,1.0
2501,0.7781972,4.985396,5.1128597,0.0,0.0,1.0,1.0
2502,0.7781972,4.980802,5.101835,0.0,0.0,1.0,1.0
2503,0.7781972,4.986216,5.103472,0.0,0.0,1.0,1.0
2504,0.7596572,5.02888,5.116148,0.0,0.0,1.0,1.0
2505,0.7596572,5.0920978,5.1443367,0.0,0.0,1.0,1.0
2506,0.7596572,5.1614494,5.191709,0.0,0.0,1.0,1.0
2507,0.74110746,5.227436,5.2488217,0.0,0.0,1.0,1.0
2508,0.74110746,5.300054,5.3171954,0.0,0.0,1.0,1.0
2509,0.74110746,5.3785133,5.391571,0.0,0.0,1.0,1.0
2510,0.74110746,5.4807954,5.4717665,0.0,0.0,1.0,1.0
2511,0.74110746,5.6596303,5.5570183,0.0,0.0,1.0,1.0
2512,0.74110746,5.7045913,5.6441455,0.0,0.0,1.0,1.0
2513,0.74110746,5.8058777,5.7275567,0.0,0.0,1.0,1.0
2514,0.74110746,5.87331,5.8069935,0.0,0.0,1.0,1.0
2515,0.74110746,5.9485636,5.8843193,0.0,0.0,1.0,1.0
2516,0.74110746,6.051901,5.9625874,0.0,0.0,1.0,1.0
2517,0.74110746,6.137625,6.0322137,0.0,0.0,1.0,1.0
2518,0.7596572,6.1623836,6.092888,0.0,0.0,1.0,1.0
2519,0.7596572,6.180677,6.153596,0.0,0.0,1.0,1.0
2520,0.7596572,6.2279654,6.2425246,0.0,0.0,1.0,1.0
2521,0.7781972,6.31773,6.3305697,0.0,0.0,1.0,1.0
2522,0.7781972,6.316311,6.4110413,0.0,0.0,1.0,1.0
2523,0.7781972,6.3877215,6.4822354,0.0,0.0,1.0,1.0
2524,0.7967277,6.4330835,6.545758,0.0,0.0,1.0,1.0
2525,0.7967277,6.873023,6.6099815,0.0,0.0,1.0,1.0
2526,0.7967277,6.929853,6.6774855,0.0,0.0,1.0,1.0
2527,0.7967277,6.91422,6.7446117,0.0,0.0,1.0,1.0
2528,0.815249,6.906233,6.8095336,0.0,0.0,1.0,1.0
2529,0.815249,6.899893,6.886235,0.0,0.0,1.0,1.0
2530,0.815249,6.9330707,6.9701896,0.0,0.0,1.0,1.0
2531,0.8337612,6.9907203,7.055342,0.0,0.0,1.0,1.0
2532,0.8337612,7.0334816,7.1048813,0.0,0.0,1.0,1.0
2533,0.8337612,7.0967937,7.154672,0.0,0.0,1.0,1.0
2534,0.8337612,7.236728,7.2089562,0.0,0.0,1.0,1.0
2535,0.8337612,7.395177,7.265434,0.0,0.0,1.0,1.0
2536,0.85226464,7.4549117,7.2809396,0.0,0.0,1.0,1.0
2537,0.85226464,7.4674954,7.28854,0.0,0.0,1.0,1.0
2538,0.85226464,7.5273423,7.2858243,0.0,0.0,1.0,1.0
2539,0.85226464,7.565626,7.278531,0.0,0.0,1.0,1.0
2540,0.8707594,7.583967,7.2649226,0.0,0.0,1.0,1.0
2541,0.8707594,7.085959,7.2297926,0.0,0.0,1.0,1.0
2542,0.8707594,7.024276,7.175686,0.0,0.0,1.0,1.0
2543,0.8707594,6.958134,7.103967,0.0,0.0,1.0,1.0
2544,0.8707594,6.945964,7.0217233,0.0,0.0,1.0,1.0
2545,0.8707594,6.933492,6.9261866,0.0,0.0,1.0,1.0
2546,0.8707594,6.815169,6.8280835,0.0,0.0,1.0,1.0
2547,0.8707594,6.745893,6.7244353,0.0,0.0,1.0,1.0
2548,0.8707594,6.5942907,6.661042,0.0,0.0,1.0,1.0
2549,0.8707594,6.4805684,6.6014957,0.0,0.0,1.0,1.0
2550,0.8707594,6.3809013,6.5553517,0.0,0.0,1.0,1.0
2551,0.8707594,6.3883896,6.5091567,0.0,0.0,1.0,1.0
2552,0.8707594,6.3401856,6.4728503,0.0,0.0,1.0,1.0
2553,0.8707594,6.3252435,6.447617,0.0,0.0,1.0,1.0
2554,0.8707594,6.3097196,6.4423275,0.0,0.0,1.0,1.0
2555,0.8707594,6.404403,6.4563384,0.0,0.0,1.0,1.0
2556,0.8707594,6.391624,6.482048,0.0,0.0,1.0,1.0
2557,0.8707594,6.4978185,6.525612,0.0,0.0,1.0,1.0
2558,0.8707594,6.512365,6.5727882,0.0,0.0,1.0,1.0
2559,0.8707594,6.6824236,6.6349487,0.0,0.0,1.0,1.0
2560,0.8707594,6.7624197,6.703943,0.0,0.0,1.0,1.0
2561,0.8707594,6.7890816,6.776452,0.0,0.0,1.0,1.0
2562,0.8707594,6.9036713,6.835673,0.0,0.0,1.0,1.0
2563,0.88924587,6.954502,6.899865,0.0,0.0,1.0,1.0
2564,0.88924587,7.08611,6.956771,0.0,0.0,1.0,1.0
2565,0.88924587,7.1531744,7.018027,0.0,0.0,1.0,1.0
2566,0.88924587,7.1798306,7.05663,0.0,0.0,1.0,1.0
2567,0.9077241,7.1150556,7.0916967,0.0,0.0,1.0,1.0
2568,0.9077241,7.1619315,7.1262803,0.0,0.0,1.0,1.0
2569,0.9077241,7.180688,7.1552925,0.0,0.0,1.0,1.0
2570,0.9261943,7.247432,7.171598,0.0,0.0,1.0,1.0
2571,0.9261943,7.1456623,7.1785865,0.0,0.0,1.0,1.0
2572,0.9261943,7.1832237,7.182003,0.0,0.0,1.0,1.0
2573,0.9261943,7.2040806,7.1838927,0.0,0.0,1.0,1.0
2574,0.9261943,7.251818,7.1893845,0.0,0.0,1.0,1.0
2575,0.9261943,7.1501694,7.1886425,0.0,0.0,1.0,1.0
2576,0.9261943,7.169972,7.185272,0.0,0.0,1.0,1.0
2577,0.9261943,7.1941714,7.171477,0.0,0.0,1.0,1.0
2578,0.9261943,7.202509,7.163778,0.0,0.0,1.0,1.0
2579,0.9261943,7.180955,7.1516466,0.0,0.0,1.0,1.0
2580,0.9261943,7.15303,7.136691,0.0,0.0,1.0,1.0
2581,0.9261943,7.140242,7.1148324,0.0,0.0,1.0,1.0
2582,0.9261943,7.0818906,7.100993,0.0,0.0,1.0,1.0
2583,0.9261943,7.0532727,7.0846767,0.0,0.0,1.0,1.0
2584,0.9261943,7.0376463,7.0666037,0.0,0.0,1.0,1.0
2585,0.9261943,7.024616,7.047955,0.0,0.0,1.0,1.0
2586,0.9261943,6.9895124,7.0203886,0.0,0.0,1.0,1.0
2587,0.9077241,6.984103,6.9855804,0.0,0.0,1.0,1.0
2588,0.9077241,6.9741716,6.9414945,0.0,0.0,1.0,1.0
2589,0.9077241,6.977296,6.8942385,0.0,0.0,1.0,1.0
2590,0.9077241,6.9787235,6.8403697,0.0,0.0,1.0,1.0
2591,0.9077241,6.8501606,6.781164,0.0,0.0,1.0,1.0
2592,0.88924587,6.73533,6.7219543,0.0,0.0,1.0,1.0
2593,0.88924587,6.6112127,6.663848,0.0,0.0,1.0,1.0
2594,0.88924587,6.5148153,6.598974,0.0,0.0,1.0,1.0
2595,0.88924587,6.40685,6.526351,0.0,0.0,1.0,1.0
2596,0.8707594,6.327181,6.4450006,0.0,0.0,1.0,1.0
2597,0.8707594,6.3140936,6.3549232,0.0,0.0,1.0,1.0
2598,0.8707594,6.2922406,6.265835,0.0,0.0,1.0,1.0
2599,0.85226464,6.205616,6.177374,0.0,0.0,1.0,1.0
2600,0.85226464,6.102694,6.089834,0.0,0.0,1.0,1.0
2601,0.85226464,6.0010924,6.0039616,0.0,0.0,1.0,1.0
2602,0.8337612,5.897792,5.9286757,0.0,0.0,1.0,1.0
2603,0.8337612,5.7811,5.862487,0.0,0.0,1.0,1.0
2604,0.8337612,5.6737986,5.8101287,0.0,0.0,1.0,1.0
2605,0.815249,5.560739,5.7662106,0.0,0.0,1.0,1.0
2606,0.815249,5.4843397,5.735276,0.0,0.0,1.0,1.0
2607,0.815249,5.50342,5.7184134,0.0,0.0,1.0,1.0
2608,0.815249,5.5329146,5.713784,0.0,0.0,1.0,1.0
2609,0.7967277,5.685799,5.721187,0.0,0.0,1.0,1.0
2610,0.7967277,5.7652235,5.7415867,0.0,0.0,1.0,1.0
2611,0.7967277,5.8344007,5.7758565,0.0,0.0,1.0,1.0
2612,0.7967277,5.9003425,5.8232336,0.0,0.0,1.0,1.0
2613,0.815249,5.9455433,5.885924,0.0,0.0,1.0,1.0
2614,0.815249,5.9866223,5.953592,0.0,0.0,1.0,1.0
2615,0.815249,6.0258965,6.022299,0.0,0.0,1.0,1.0
2616,0.815249,6.0850363,6.085635,0.0,0.0,1.0,1.0
2617,0.8337612,6.129267,6.1482224,0.0,0.0,1.0,1.0
2618,0.8337612,6.2366223,6.2142024,0.0,0.0,1.0,1.0
2619,0.8337612,6.315431,6.2804594,0.0,0.0,1.0,1.0
2620,0.85226464,6.3574004,6.342219,0.0,0.0,1.0,1.0
2621,0.85226464,6.4458356,6.400268,0.0,0.0,1.0,1.0
2622,0.85226464,6.5162697,6.4572644,0.0,0.0,1.0,1.0
2623,0.8707594,6.6261597,6.512631,0.0,0.0,1.0,1.0
2624,0.8707594,6.695429,6.5622206,0.0,0.0,1.0,1.0
2625,0.8707594,6.686659,6.607088,0.0,0.0,1.0,1.0
2626,0.8707594,6.6832094,6.652709,0.0,0.0,1.0,1.0
2627,0.8707594,6.709856,6.7021,0.0,0.0,1.0,1.0
2628,0.88924587,6.74943,6.7461,0.0,0.0,1.0,1.0
2629,0.88924587,6.7243476,6.7829986,0.0,0.0,1.0,1.0
2630,0.88924587,6.7750278,6.810849,0.0,0.0,1.0,1.0
2631,0.88924587,6.8628836,6.836653,0.0,0.0,1.0,1.0
2632,0.88924587,6.950089,6.862701,0.0,0.0,1.0,1.0
2633,0.9077241,6.973838,6.8840933,0.0,0.0,1.0,1.0
2634,0.9077241,6.959056,6.8977523,0.0,0.0,1.0,1.0
2635,0.9077241,6.960365,6.905197,0.0,0.0,1.0,1.0
2636,0.9077241,7.005076,6.9084234,0.0,0.0,1.0,1.0
2637,0.9261943,6.999235,6.905633,0.0,0.0,1.0,1.0
2638,0.9261943,6.9399166,6.895555,0.0,0.0,1.0,1.0
2639,0.9261943,6.8737636,6.8749175,0.0,0.0,1.0,1.0
2640,0.9261943,6.8387666,6.849639,0.0,0.0,1.0,1.0
2641,0.9261943,6.763067,6.8206077,0.0,0.0,1.0,1.0
2642,0.9261943,6.741537,6.7836423,0.0,0.0,1.0,1.0
2643,0.9261943,6.741948,6.735115,0.0,0.0,1.0,1.0
2644,0.9261943,6.702442,6.6822248,0.0,0.0,1.0,1.0
2645,0.9261943,6.6704965,6.628089,0.0,0.0,1.0,1.0
2646,0.9261943,6.6106787,6.5752964,0.0,0.0,1.0,1.0
2647,0.9261943,6.516782,6.51765,0.0,0.0,1.0,1.0
2648,0.9261943,6.422745,6.458666,0.0,0.0,1.0,1.0
2649,0.9261943,6.3645535,6.394001,0.0,0.0,1.0,1.0
2650,0.9261943,6.2902894,6.3239417,0.0,0.0,1.0,1.0
2651,0.9261943,6.240253,6.243654,0.0,0.0,1.0,1.0
2652,0.9261943,6.1470084,6.152567,0.0,0.0,1.0,1.0
2653,0.9261943,6.0552573,6.0616145,0.0,0.0,1.0,1.0
2654,0.9261943,5.965561,6.00027,0.0,0.0,1.0,1.0
2655,0.9261943,5.901234,5.946089,0.0,0.0,1.0,1.0
2656,0.9261943,5.7389884,5.8980465,0.0,0.0,1.0,1.0
2657,0.9261943,5.5774503,5.856933,0.0,0.0,1.0,1.0
2658,0.9261943,5.519253,5.821892,0.0,0.0,1.0,1.0
2659,0.9261943,5.780647,5.792128,0.0,0.0,1.0,1.0
2660,0.9261943,5.7725687,5.7695637,0.0,0.0,1.0,1.0
2661,0.9261943,5.788049,5.753606,0.0,0.0,1.0,1.0
2662,0.9077241,5.79693,5.7400537,0.0,0.0,1.0,1.0
2663,0.9077241,5.8197575,5.736691,0.0,0.0,1.0,1.0
2664,0.9077241,5.789841,5.7445745,0.0,0.0,1.0,1.0
2665,0.9077241,5.7844872,5.759437,0.0,0.0,1.0,1.0
2666,0.9077241,5.7740617,5.7564597,0.0,0.0,1.0,1.0
2667,0.9077241,5.7386093,5.7650595,0.0,0.0,1.0,1.0
2668,0.9077241,5.6986403,5.78124,0.0,0.0,1.0,1.0
2669,0.9077241,5.672051,5.799058,0.0,0.0,1.0,1.0
2670,0.9077241,5.6976037,5.788218,0.0,0.0,1.0,1.0
2671,0.88924587,5.744918,5.787701,0.0,0.0,1.0,1.0
2672,0.88924587,5.8757677,5.7806945,0.0,0.0,1.0,1.0
2673,0.88924587,5.982215,5.7712584,0.0,0.0,1.0,1.0
2674,0.88924587,6.0107436,5.760514,0.0,0.0,1.0,1.0
2675,0.88924587,5.68968,5.753748,0.0,0.0,1.0,1.0
2676,0.8707594,5.783636,5.748061,0.0,0.0,1.0,1.0
2677,0.8707594,5.700406,5.7429442,0.0,0.0,1.0,1.0
2678,0.8707594,5.6608276,5.736022,0.0,0.0,1.0,1.0
2679,0.85226464,5.609678,5.723177,0.0,0.0,1.0,1.0
2680,0.85226464,5.617447,5.7049356,0.0,0.0,1.0,1.0
2681,0.85226464,5.603809,5.684802,0.0,0.0,1.0,1.0
2682,0.85226464,5.636205,5.687565,0.0,0.0,1.0,1.0
2683,0.8337612,5.661851,5.6810875,0.0,0.0,1.0,1.0
2684,0.8337612,5.7216263,5.6815658,0.0,0.0,1.0,1.0
2685,0.8337612,5.7633185,5.6849446,0.0,0.0,1.0,1.0
2686,0.8337612,5.7691426,5.691005,0.0,0.0,1.0,1.0
2687,0.815249,5.722831,5.684926,0.0,0.0,1.0,1.0
2688,0.815249,5.7059093,5.6815057,0.0,0.0,1.0,1.0
2689,0.815249,5.706144,5.6749253,0.0,0.0,1.0,1.0
2690,0.7967277,5.7013755,5.6661363,0.0,0.0,1.0,1.0
2691,0.7967277,5.6824055,5.6501403,0.0,0.0,1.0,1.0
2692,0.7967277,5.544493,5.6306667,0.0,0.0,1.0,1.0
2693,0.7781972,5.562766,5.609786,0.0,0.0,1.0,1.0
2694,0.7781972,5.5572424,5.593434,0.0,0.0,1.0,1.0
2695,0.7596572,5.55638,5.5754976,0.0,0.0,1.0,1.0
2696,0.7596572,5.5296736,5.5570865,0.0,0.0,1.0,1.0
2697,0.7596572,5.529637,5.539997,0.0,0.0,1.0,1.0
2698,0.74110746,5.518576,5.525607,0.0,0.0,1.0,1.0
2699,0.74110746,5.5266037,5.5218067,0.0,0.0,1.0,1.0
2700,0.74110746,5.4906726,5.5179286,0.0,0.0,1.0,1.0
2701,0.7225478,5.48521,5.5180993,0.0,0.0,1.0,1.0
2702,0.7225478,5.4963083,5.521533,0.0,0.0,1.0,1.0
2703,0.7225478,5.5097237,5.5334244,0.0,0.0,1.0,1.0
2704,0.703978,5.498886,5.550561,0.0,0.0,1.0,1.0
2705,0.703978,5.51623,5.571777,0.0,0.0,1.0,1.0
2706,0.703978,5.559289,5.595273,0.0,0.0,1.0,1.0
2707,0.703978,5.5975857,5.627671,0.0,0.0,1.0,1.0
2708,0.703978,5.6723685,5.6649733,0.0,0.0,1.0,1.0
2709,0.703978,5.7352796,5.7027164,0.0,0.0,1.0,1.0
2710,0.703978,5.7731676,5.7424607,0.0,0.0,1.0,1.0
2711,0.703978,5.808558,5.789316,0.0,0.0,1.0,1.0
2712,0.703978,5.8794436,5.838764,0.0,0.0,1.0,1.0
2713,0.7225478,5.93284,5.888999,0.0,0.0,1.0,1.0
2714,0.7225478,5.9492245,5.940583,0.0,0.0,1.0,1.0
2715,0.7225478,5.9866567,5.990276,0.0,0.0,1.0,1.0
2716,0.7225478,6.061154,6.042215,0.0,0.0,1.0,1.0
2717,0.74110746,6.1096044,6.090104,0.0,0.0,1.0,1.0
2718,0.74110746,6.162106,6.14021,0.0,0.0,1.0,1.0
2719,0.74110746,6.2165956,6.183215,0.0,0.0,1.0,1.0
2720,0.74110746,6.268682,6.2216415,0.0,0.0,1.0,1.0
2721,0.7596572,6.358544,6.2598658,0.0,0.0,1.0,1.0
2722,0.7596572,6.3478394,6.2960567,0.0,0.0,1.0,1.0
2723,0.7596572,6.409833,6.32452,0.0,0.0,1.0,1.0
2724,0.7596572,6.3955035,6.3573303,0.0,0.0,1.0,1.0
2725,0.7781972,6.393953,6.3888636,0.0,0.0,1.0,1.0
2726,0.7781972,6.4079156,6.413522,0.0,0.0,1.0,1.0
2727,0.7781972,6.4209523,6.431548,0.0,0.0,1.0,1.0
2728,0.7781972,6.4027114,6.4426775,0.0,0.0,1.0,1.0
2729,0.7781972,6.5033307,6.4534254,0.0,0.0,1.0,1.0
2730,0.7781972,6.5405006,6.462374,0.0,0.0,1.0,1.0
2731,0.7967277,6.5124965,6.47324,0.0,0.0,1.0,1.0
2732,0.7967277,6.484997,6.480458,0.0,0.0,1.0,1.0
2733,0.7967277,6.492095,6.4867845,0.0,0.0,1.0,1.0
2734,0.7967277,6.4768157,6.4883223,0.0,0.0,1.0,1.0
2735,0.7967277,6.517221,6.4954066,0.0,0.0,1.0,1.0
2736,0.7967277,6.525893,6.4954543,0.0,0.0,1.0,1.0
2737,0.815249,6.4805627,6.4906616,0.0,0.0,1.0,1.0
2738,0.815249,6.483836,6.491093,0.0,0.0,1.0,1.0
2739,0.815249,6.4394073,6.49727,0.0,0.0,1.0,1.0
2740,0.815249,6.4877214,6.4956985,0.0,0.0,1.0,1.0
2741,0.8337612,6.503907,6.4927864,0.0,0.0,1.0,1.0
2742,0.8337612,6.482984,6.488937,0.0,0.0,1.0,1.0
2743,0.8337612,6.517676,6.487073,0.0,0.0,1.0,1.0
2744,0.85226464,6.5591235,6.4875083,0.0,0.0,1.0,1.0
2745,0.85226464,6.4732337,6.4875093,0.0,0.0,1.0,1.0
2746,0.85226464,6.4418693,6.489411,0.0,0.0,1.0,1.0
2747,0.8707594,6.471028,6.4873238,0.0,0.0,1.0,1.0
2748,0.8707594,6.5035267,6.479246,0.0,0.0,1.0,1.0
2749,0.8707594,6.4857874,6.4865475,0.0,0.0,1.0,1.0
2750,0.88924587,6.4838448,6.50462,0.0,0.0,1.0,1.0
2751,0.88924587,6.462227,6.5113964,0.0,0.0,1.0,1.0
2752,0.88924587,6.462678,6.5377073,0.0,0.0,1.0,1.0
2753,0.88924587,6.406978,6.5807686,0.0,0.0,1.0,1.0
2754,0.9077241,6.5705953,6.61506,0.0,0.0,1.0,1.0
2755,0.9077241,6.7345476,6.637773,0.0,0.0,1.0,1.0
2756,0.9077241,6.6404424,6.6555753,0.0,0.0,1.0,1.0
2757,0.9077241,6.788963,6.6654773,0.0,0.0,1.0,1.0
2758,0.9077241,6.9586062,6.6696954,0.0,0.0,1.0,1.0
2759,0.9077241,6.882522,6.6655498,0.0,0.0,1.0,1.0
2760,0.9077241,6.776084,6.6552014,0.0,0.0,1.0,1.0
2761,0.9077241,6.6994166,6.620874,0.0,0.0,1.0,1.0
2762,0.9261943,6.6026697,6.5607557,0.0,0.0,1.0,1.0
2763,0.9261943,6.512844,6.4953194,0.0,0.0,1.0,1.0
2764,0.9261943,6.412929,6.409833,0.0,0.0,1.0,1.0
2765,0.9261943,6.2827983,6.2867327,0.0,0.0,1.0,1.0
2766,0.9261943,6.1586637,6.147552,0.0,0.0,1.0,1.0
2767,0.9077241,6.0131297,6.0151353,0.0,0.0,1.0,1.0
2768,0.9077241,5.855203,5.8678517,0.0,0.0,1.0,1.0
2769,0.9077241,5.763128,5.711092,0.0,0.0,1.0,1.0
2770,0.9077241,5.4814043,5.5619826,0.0,0.0,1.0,1.0
2771,0.9077241,5.212355,5.431859,0.0,0.0,1.0,1.0
2772,0.9077241,5.187083,5.314992,0.0,0.0,1.0,1.0
2773,0.9077241,4.9320107,5.211571,0.0,0.0,1.0,1.0
2774,0.88924587,4.721554,5.120719,0.0,0.0,1.0,1.0
2775,0.88924587,4.7235336,5.0438843,0.0,0.0,1.0,1.0
2776,0.88924587,4.8514442,4.9796696,0.0,0.0,1.0,1.0
2777,0.88924587,4.8803964,4.9431486,0.0,0.0,1.0,1.0
2778,0.88924587,4.9176135,4.9322,0.0,0.0,1.0,1.0
2779,0.88924587,4.9229007,4.928632,0.0,0.0,1.0,1.0
2780,0.8707594,4.9331865,4.950129,0.0,0.0,1.0,1.0
2781,0.8707594,4.992554,4.991344,0.0,0.0,1.0,1.0
2782,0.8707594,5.043151,5.033,0.0,0.0,1.0,1.0
2783,0.8707594,5.0809703,5.0627184,0.0,0.0,1.0,1.0
2784,0.8707594,5.144266,5.089828,0.0,0.0,1.0,1.0
2785,0.85226464,5.1899776,5.1115265,0.0,0.0,1.0,1.0
2786,0.85226464,5.2161317,5.129811,0.0,0.0,1.0,1.0
2787,0.8337612,5.2234073,5.1351542,0.0,0.0,1.0,1.0
2788,0.8337612,5.2080636,5.132548,0.0,0.0,1.0,1.0
2789,0.8337612,5.205712,5.1241326,0.0,0.0,1.0,1.0
2790,0.8337612,5.1779995,5.1120663,0.0,0.0,1.0,1.0
2791,0.815249,5.1423097,5.09254,0.0,0.0,1.0,1.0
2792,0.815249,4.997308,5.0800333,0.0,0.0,1.0,1.0
2793,0.7967277,4.9612784,5.0673437,0.0,0.0,1.0,1.0
2794,0.7967277,4.9421706,5.0515633,0.0,0.0,1.0,1.0
2795,0.7967277,4.9361725,5.0365067,0.0,0.0,1.0,1.0
2796,0.7781972,4.909945,5.0345006,0.0,0.0,1.0,1.0
2797,0.7781972,5.039902,5.037242,0.0,0.0,1.0,1.0
2798,0.7781972,5.0638585,5.0454793,0.0,0.0,1.0,1.0
2799,0.7596572,5.034039,5.0720615,0.0,0.0,1.0,1.0
2800,0.7596572,5.0273824,5.1103406,0.0,0.0,1.0,1.0
2801,0.7596572,5.1816397,5.1577806,0.0,0.0,1.0,1.0
2802,0.74110746,5.210897,5.218951,0.0,0.0,1.0,1.0
2803,0.74110746,5.2411585,5.291627,0.0,0.0,1.0,1.0
2804,0.74110746,5.316297,5.370059,0.0,0.0,1.0,1.0
2805,0.74110746,5.420624,5.4517603,0.0,0.0,1.0,1.0
2806,0.7225478,5.51145,5.54566,0.0,0.0,1.0,1.0
2807,0.74110746,5.6702194,5.658884,0.0,0.0,1.0,1.0
2808,0.7225478,5.782056,5.762964,0.0,0.0,1.0,1.0
2809,0.74110746,5.9810853,5.8793664,0.0,0.0,1.0,1.0
2810,0.74110746,6.044276,6.001698,0.0,0.0,1.0,1.0
2811,0.74110746,6.1608324,6.123952,0.0,0.0,1.0,1.0
2812,0.74110746,6.3860745,6.2389617,0.0,0.0,1.0,1.0
2813,0.74110746,6.4305935,6.347532,0.0,0.0,1.0,1.0
2814,0.7596572,6.60773,6.449245,0.0,0.0,1.0,1.0
2815,0.7596572,6.709136,6.53877,0.0,0.0,1.0,1.0
2816,0.7596572,6.783344,6.606403,0.0,0.0,1.0,1.0
2817,0.7596572,6.8007436,6.6669183,0.0,0.0,1.0,1.0
2818,0.7596572,6.8142886,6.7097282,0.0,0.0,1.0,1.0
2819,0.7781972,6.8907814,6.732219,0.0,0.0,1.0,1.0
2820,0.7781972,6.856355,6.7404485,0.0,0.0,1.0,1.0
2821,0.7781972,6.792677,6.7326975,0.0,0.0,1.0,1.0
2822,0.7781972,6.770461,6.713475,0.0,0.0,1.0,1.0
2823,0.7781972,6.6745563,6.676818,0.0,0.0,1.0,1.0
2824,0.7781972,6.6559668,6.6312604,0.0,0.0,1.0,1.0
2825,0.7967277,6.529344,6.573176,0.0,0.0,1.0,1.0
2826,0.7967277,6.514714,6.51034,0.0,0.0,1.0,1.0
2827,0.7967277,6.4784694,6.4517255,0.0,0.0,1.0,1.0
2828,0.7967277,6.343455,6.3914485,0.0,0.0,1.0,1.0
2829,0.7967277,6.2540545,6.335418,0.0,0.0,1.0,1.0
2830,0.7967277,6.1172776,6.2855153,0.0,0.0,1.0,1.0
2831,0.7967277,6.136754,6.237902,0.0,0.0,1.0,1.0
2832,0.7967277,6.1529756,6.2033834,0.0,0.0,1.0,1.0
2833,0.815249,6.069356,6.169414,0.0,0.0,1.0,1.0
2834,0.815249,6.0980935,6.137947,0.0,0.0,1.0,1.0
2835,0.815249,6.0757246,6.1168323,0.0,0.0,1.0,1.0
2836,0.815249,6.084607,6.103378,0.0,0.0,1.0,1.0
2837,0.815249,6.115123,6.103866,0.0,0.0,1.0,1.0
2838,0.8337612,6.1070805,6.1025224,0.0,0.0,1.0,1.0
2839,0.8337612,6.100867,6.1020036,0.0,0.0,1.0,1.0
2840,0.8337612,6.0900726,6.107507,0.0,0.0,1.0,1.0
2841,0.85226464,6.0926003,6.1158366,0.0,0.0,1.0,1.0
2842,0.85226464,6.123141,6.1259456,0.0,0.0,1.0,1.0
2843,0.8707594,6.120629,6.1391187,0.0,0.0,1.0,1.0
2844,0.8707594,6.1467476,6.154998,0.0,0.0,1.0,1.0
2845,0.8707594,6.1354036,6.1753716,0.0,0.0,1.0,1.0
2846,0.88924587,6.198043,6.197714,0.0,0.0,1.0,1.0
2847,0.88924587,6.197034,6.224907,0.0,0.0,1.0,1.0
2848,0.88924587,6.2426844,6.251968,0.0,0.0,1.0,1.0
2849,0.9077241,6.305674,6.2917566,0.0,0.0,1.0,1.0
2850,0.9077241,6.351562,6.34594,0.0,0.0,1.0,1.0
2851,0.9077241,6.3689756,6.393434,0.0,0.0,1.0,1.0
2852,0.9077241,6.4163866,6.438117,0.0,0.0,1.0,1.0
2853,0.9077241,6.4173365,6.4716487,0.0,0.0,1.0,1.0
2854,0.9261943,6.600601,6.504995,0.0,0.0,1.0,1.0
2855,0.9261943,6.7708344,6.5271926,0.0,0.0,1.0,1.0
2856,0.9261943,6.7166715,6.5427966,0.0,0.0,1.0,1.0
2857,0.9261943,6.6716027,6.541767,0.0,0.0,1.0,1.0
2858,0.9261943,6.60042,6.5394473,0.0,0.0,1.0,1.0
2859,0.9261943,6.5971894,6.5242095,0.0,0.0,1.0,1.0
2860,0.9261943,6.509059,6.4965625,0.0,0.0,1.0,1.0
2861,0.9261943,6.4929194,6.4449854,0.0,0.0,1.0,1.0
2862,0.9261943,6.339207,6.3734617,0.0,0.0,1.0,1.0
2863,0.9261943,6.3411427,6.300084,0.0,0.0,1.0,1.0
2864,0.9261943,6.233531,6.2221155,0.0,0.0,1.0,1.0
2865,0.9261943,6.085574,6.1320224,0.0,0.0,1.0,1.0
2866,0.9261943,5.981675,6.022668,0.0,0.0,1.0,1.0
2867,0.9261943,5.912546,5.919626,0.0,0.0,1.0,1.0
2868,0.9261943,5.8361397,5.8149276,0.0,0.0,1.0,1.0
2869,0.9261943,5.735984,5.724707,0.0,0.0,1.0,1.0
2870,0.9261943,5.519303,5.6291075,0.0,0.0,1.0,1.0
2871,0.9077241,5.284932,5.5415163,0.0,0.0,1.0,1.0
2872,0.9077241,5.2725587,5.4612794,0.0,0.0,1.0,1.0
2873,0.9077241,5.236538,5.3910136,0.0,0.0,1.0,1.0
2874,0.9077241,5.2565594,5.3185086,0.0,0.0,1.0,1.0
2875,0.88924587,5.193948,5.250356,0.0,0.0,1.0,1.0
2876,0.88924587,5.182436,5.191012,0.0,0.0,1.0,1.0
2877,0.88924587,5.1227307,5.1476,0.0,0.0,1.0,1.0
2878,0.88924587,5.13849,5.123557,0.0,0.0,1.0,1.0
2879,0.88924587,5.042486,5.097205,0.0,0.0,1.0,1.0
2880,0.8707594,5.0183086,5.0757914,0.0,0.0,1.0,1.0
2881,0.8707594,5.0238547,5.0499763,0.0,0.0,1.0,1.0
2882,0.8707594,4.9983597,5.0290093,0.0,0.0,1.0,1.0
2883,0.85226464,4.996414,5.0082283,0.0,0.0,1.0,1.0
2884,0.85226464,4.956339,4.9928513,0.0,0.0,1.0,1.0
2885,0.85226464,4.9795694,4.9752216,0.0,0.0,1.0,1.0
2886,0.85226464,4.9467773,4.9642982,0.0,0.0,1.0,1.0
2887,0.8337612,4.9423447,4.9562755,0.0,0.0,1.0,1.0
2888,0.8337612,4.9330673,4.948676,0.0,0.0,1.0,1.0
2889,0.8337612,4.9382067,4.9457593,0.0,0.0,1.0,1.0
2890,0.815249,4.926934,4.9543905,0.0,0.0,1.0,1.0
2891,0.815249,4.911402,4.9762673,0.0,0.0,1.0,1.0
2892,0.815249,4.9220376,5.0063777,0.0,0.0,1.0,1.0
2893,0.7967277,4.93266,5.0428743,0.0,0.0,1.0,1.0
2894,0.7967277,4.963361,5.087245,0.0,0.0,1.0,1.0
2895,0.7967277,5.099985,5.1406593,0.0,0.0,1.0,1.0
2896,0.7781972,5.2188606,5.1993494,0.0,0.0,1.0,1.0
2897,0.7781972,5.3408966,5.268073,0.0,0.0,1.0,1.0
2898,0.7781972,5.384739,5.339441,0.0,0.0,1.0,1.0
2899,0.7596572,5.4747925,5.420099,0.0,0.0,1.0,1.0
2900,0.7596572,5.574034,5.508974,0.0,0.0,1.0,1.0
2901,0.74110746,5.6424913,5.604888,0.0,0.0,1.0,1.0
2902,0.74110746,5.7516184,5.700961,0.0,0.0,1.0,1.0
2903,0.74110746,5.7678113,5.7897854,0.0,0.0,1.0,1.0
2904,0.7225478,5.8899345,5.878298,0.0,0.0,1.0,1.0
2905,0.7225478,5.9991655,5.973586,0.0,0.0,1.0,1.0
2906,0.7225478,6.1143246,6.061428,0.0,0.0,1.0,1.0
2907,0.7225478,6.252864,6.1435866,0.0,0.0,1.0,1.0
2908,0.703978,6.284751,6.2208548,0.0,0.0,1.0,1.0
2909,0.703978,6.4030457,6.2977886,0.0,0.0,1.0,1.0
2910,0.703978,6.528199,6.375559,0.0,0.0,1.0,1.0
2911,0.703978,6.528897,6.449418,0.0,0.0,1.0,1.0
2912,0.703978,6.559938,6.522235,0.0,0.0,1.0,1.0
2913,0.68539786,6.5697107,6.582244,0.0,0.0,1.0,1.0
2914,0.68539786,6.67482,6.6355367,0.0,0.0,1.0,1.0
2915,0.68539786,6.701055,6.6906104,0.0,0.0,1.0,1.0
2916,0.68539786,6.7762465,6.740878,0.0,0.0,1.0,1.0
2917,0.68539786,6.8729672,6.7791533,0.0,0.0,1.0,1.0
2918,0.68539786,6.8344355,6.8191404,0.0,0.0,1.0,1.0
2919,0.68539786,6.8923726,6.861824,0.0,0.0,1.0,1.0
2920,0.68539786,6.9456367,6.902373,0.0,0.0,1.0,1.0
2921,0.68539786,7.0062566,6.9299326,0.0,0.0,1.0,1.0
2922,0.68539786,6.987502,6.9515996,0.0,0.0,1.0,1.0
2923,0.68539786,7.008747,6.9632773,0.0,0.0,1.0,1.0
2924,0.68539786,7.072136,6.96774,0.0,0.0,1.0,1.0
2925,0.68539786,7.0562983,6.976548,0.0,0.0,1.0,1.0
2926,0.68539786,7.00554,6.982568,0.0,0.0,1.0,1.0
2927,0.68539786,6.961058,6.9840045,0.0,0.0,1.0,1.0
2928,0.68539786,6.9163775,6.980922,0.0,0.0,1.0,1.0
2929,0.68539786,6.926521,6.98763,0.0,0.0,1.0,1.0
2930,0.68539786,6.9401298,7.001432,0.0,0.0,1.0,1.0
2931,0.703978,6.964608,7.0096803,0.0,0.0,1.0,1.0
2932,0.68539786,6.962878,7.0195527,0.0,0.0,1.0,1.0
2933,0.703978,6.9692726,7.0400734,0.0,0.0,1.0,1.0
2934,0.703978,7.06799,7.0677915,0.0,0.0,1.0,1.0
2935,0.703978,7.1743736,7.1065717,0.0,0.0,1.0,1.0
2936,0.703978,7.1711164,7.1500363,0.0,0.0,1.0,1.0
2937,0.703978,7.174769,7.1970744,0.0,0.0,1.0,1.0
2938,0.703978,7.2517853,7.2520084,0.0,0.0,1.0,1.0
2939,0.703978,7.2936783,7.3073177,0.0,0.0,1.0,1.0
2940,0.703978,7.38174,7.3660135,0.0,0.0,1.0,1.0
2941,0.703978,7.4480953,7.4118237,0.0,0.0,1.0,1.0
2942,0.703978,7.5045853,7.4421144,0.0,0.0,1.0,1.0
2943,0.703978,7.623816,7.464671,0.0,0.0,1.0,1.0
2944,0.703978,7.626594,7.47804,0.0,0.0,1.0,1.0
2945,0.703978,7.67362,7.4901342,0.0,0.0,1.0,1.0
2946,0.703978,7.6177115,7.491838,0.0,0.0,1.0,1.0
2947,0.7225478,7.537861,7.477852,0.0,0.0,1.0,1.0
2948,0.7225478,7.4417953,7.450067,0.0,0.0,1.0,1.0
2949,0.7225478,7.335201,7.4066563,0.0,0.0,1.0,1.0
2950,0.7225478,7.3969145,7.341838,0.0,0.0,1.0,1.0
2951,0.74110746,7.314124,7.287293,0.0,0.0,1.0,1.0
2952,0.74110746,7.2139063,7.2255955,0.0,0.0,1.0,1.0
2953,0.7596572,7.1146765,7.1649117,0.0,0.0,1.0,1.0
2954,0.7596572,6.983658,7.098595,0.0,0.0,1.0,1.0
2955,0.7596572,6.8459897,7.0370765,0.0,0.0,1.0,1.0
2956,0.7596572,6.9720583,6.9732494,0.0,0.0,1.0,1.0
2957,0.7596572,6.933252,6.9017315,0.0,0.0,1.0,1.0
2958,0.7781972,6.8895025,6.8373046,0.0,0.0,1.0,1.0
2959,0.7781972,6.7420654,6.7824225,0.0,0.0,1.0,1.0
2960,0.7781972,6.7035704,6.7370267,0.0,0.0,1.0,1.0
2961,0.7781972,6.5692787,6.686757,0.0,0.0,1.0,1.0
2962,0.7781972,6.5386934,6.641785,0.0,0.0,1.0,1.0
2963,0.7967277,6.5410047,6.578325,0.0,0.0,1.0,1.0
2964,0.7967277,6.5553193,6.5166855,0.0,0.0,1.0,1.0
2965,0.7967277,6.569928,6.4589257,0.0,0.0,1.0,1.0
2966,0.7967277,6.3804226,6.4097342,0.0,0.0,1.0,1.0
2967,0.7967277,6.3063254,6.339276,0.0,0.0,1.0,1.0
2968,0.7967277,6.2105327,6.276219,0.0,0.0,1.0,1.0
2969,0.7967277,6.193585,6.208848,0.0,0.0,1.0,1.0
2970,0.7967277,6.196385,6.1428065,0.0,0.0,1.0,1.0
2971,0.7967277,6.1517677,6.075995,0.0,0.0,1.0,1.0
2972,0.7967277,5.858069,6.0029497,0.0,0.0,1.0,1.0
2973,0.7967277,5.8125916,5.9390326,0.0,0.0,1.0,1.0
2974,0.7781972,5.730248,5.8728228,0.0,0.0,1.0,1.0
2975,0.7967277,5.748503,5.814358,0.0,0.0,1.0,1.0
2976,0.7781972,5.75358,5.758626,0.0,0.0,1.0,1.0
2977,0.7781972,5.693384,5.697482,0.0,0.0,1.0,1.0
2978,0.7781972,5.61342,5.636405,0.0,0.0,1.0,1.0
2979,0.7781972,5.511806,5.6003804,0.0,0.0,1.0,1.0
2980,0.7781972,5.5089617,5.563046,0.0,0.0,1.0,1.0
2981,0.7596572,5.524798,5.5257525,0.0,0.0,1.0,1.0
2982,0.7596572,5.462653,5.488497,0.0,0.0,1.0,1.0
2983,0.7596572,5.4188476,5.451459,0.0,0.0,1.0,1.0
2984,0.7596572,5.4257736,5.4231267,0.0,0.0,1.0,1.0
2985,0.7596572,5.3645773,5.41109,0.0,0.0,1.0,1.0
2986,0.74110746,5.2827263,5.410903,0.0,0.0,1.0,1.0
2987,0.74110746,5.3014307,5.4037685,0.0,0.0,1.0,1.0
2988,0.74110746,5.3091307,5.40536,0.0,0.0,1.0,1.0
2989,0.74110746,5.353397,5.4234147,0.0,0.0,1.0,1.0
2990,0.7225478,5.4689794,5.453421,0.0,0.0,1.0,1.0
2991,0.7225478,5.509561,5.4811583,0.0,0.0,1.0,1.0
2992,0.7225478,5.4233456,5.510524,0.0,0.0,1.0,1.0
2993,0.703978,5.543902,5.5643735,0.0,0.0,1.0,1.0
2994,0.703978,5.6793056,5.632635,0.0,0.0,1.0,1.0
2995,0.703978,5.7789216,5.7116194,0.0,0.0,1.0,1.0
2996,0.703978,5.7586207,5.801365,0.0,0.0,1.0,1.0
2997,0.703978,5.716967,5.8877244,0.0,0.0,1.0,1.0
2998,0.68539786,5.9289217,5.9689054,0.0,0.0,1.0,1.0
2999,0.68539786,6.120569,6.0675273,0.0,0.0,1.0,1.0
3000,0.68539786,6.2569423,6.151719,0.0,0.0,1.0,1.0
3001,0.68539786,6.430342,6.2139244,0.0,0.0,1.0,1.0
3002,0.703978,6.505293,6.258484,0.0,0.0,1.0,1.0
3003,0.703978,6.4837317,6.3104224,0.0,0.0,1.0,1.0
3004,0.703978,6.606809,6.361943,0.0,0.0,1.0,1.0
3005,0.703978,6.5542064,6.387817,0.0,0.0,1.0,1.0
3006,0.7225478,6.425768,6.3983474,0.0,0.0,1.0,1.0
3007,0.7225478,6.3136353,6.395723,0.0,0.0,1.0,1.0
3008,0.7225478,6.381883,6.3777328,0.0,0.0,1.0,1.0
3009,0.7225478,6.335212,6.342718,0.0,0.0,1.0,1.0
3010,0.7225478,6.2394085,6.31001,0.0,0.0,1.0,1.0
3011,0.7225478,6.246935,6.261144,0.0,0.0,1.0,1.0
3012,0.74110746,6.2254524,6.2068877,0.0,0.0,1.0,1.0
3013,0.74110746,6.2144566,6.163175,0.0,0.0,1.0,1.0
3014,0.74110746,6.0851192,6.1322517,0.0,0.0,1.0,1.0
3015,0.74110746,6.0912313,6.0908985,0.0,0.0,1.0,1.0
3016,0.74110746,6.0204234,6.061935,0.0,0.0,1.0,1.0
3017,0.7596572,5.9031296,6.044883,0.0,0.0,1.0,1.0
3018,0.7596572,5.9012136,6.0327735,0.0,0.0,1.0,1.0
3019,0.7596572,5.9425573,6.0255837,0.0,0.0,1.0,1.0
3020,0.7596572,5.885641,6.0282397,0.0,0.0,1.0,1.0
3021,0.7596572,5.987652,6.0463376,0.0,0.0,1.0,1.0
3022,0.7781972,6.0347815,6.0634527,0.0,0.0,1.0,1.0
3023,0.7781972,6.101625,6.098794,0.0,0.0,1.0,1.0
3024,0.7781972,6.1391745,6.145654,0.0,0.0,1.0,1.0
3025,0.7781972,6.24633,6.1948223,0.0,0.0,1.0,1.0
3026,0.7781972,6.302292,6.2324667,0.0,0.0,1.0,1.0
3027,0.7781972,6.2966146,6.2782354,0.0,0.0,1.0,1.0
3028,0.7967277,6.4445167,6.317781,0.0,0.0,1.0,1.0
3029,0.7967277,6.465453,6.356941,0.0,0.0,1.0,1.0
3030,0.7967277,6.4912324,6.3911505,0.0,0.0,1.0,1.0
3031,0.7967277,6.39429,6.4224157,0.0,0.0,1.0,1.0
3032,0.7967277,6.4348655,6.43803,0.0,0.0,1.0,1.0
3033,0.7967277,6.462196,6.449981,0.0,0.0,1.0,1.0
3034,0.7967277,6.5047083,6.463646,0.0,0.0,1.0,1.0
3035,0.815249,6.5121307,6.475695,0.0,0.0,1.0,1.0
3036,0.815249,6.514361,6.4803743,0.0,0.0,1.0,1.0
3037,0.815249,6.4336963,6.49652,0.0,0.0,1.0,1.0
3038,0.815249,6.4457097,6.524232,0.0,0.0,1.0,1.0
3039,0.815249,6.4605904,6.5416074,0.0,0.0,1.0,1.0
3040,0.815249,6.589106,6.5593834,0.0,0.0,1.0,1.0
3041,0.815249,6.5216064,6.57216,0.0,0.0,1.0,1.0
3042,0.815249,6.6849804,6.5853868,0.0,0.0,1.0,1.0
3043,0.8337612,6.7268305,6.599297,0.0,0.0,1.0,1.0
3044,0.8337612,6.6433754,6.6344986,0.0,0.0,1.0,1.0
3045,0.8337612,6.6755033,6.669251,0.0,0.0,1.0,1.0
3046,0.85226464,6.65803,6.7011604,0.0,0.0,1.0,1.0
3047,0.85226464,6.670852,6.7205257,0.0,0.0,1.0,1.0
3048,0.85226464,6.6812835,6.7412596,0.0,0.0,1.0,1.0
3049,0.8707594,6.8561153,6.7532864,0.0,0.0,1.0,1.0
3050,0.8707594,6.8627405,6.7574186,0.0,0.0,1.0,1.0
3051,0.88924587,6.8434997,6.755664,0.0,0.0,1.0,1.0
3052,0.88924587,6.82149,6.746921,0.0,0.0,1.0,1.0
3053,0.88924587,6.770416,6.7273674,0.0,0.0,1.0,1.0
3054,0.9077241,6.8293033,6.70678,0.0,0.0,1.0,1.0
3055,0.9077241,6.776413,6.683626,0.0,0.0,1.0,1.0
3056,0.9077241,6.62232,6.6453147,0.0,0.0,1.0,1.0
3057,0.9077241,6.570588,6.608086,0.0,0.0,1.0,1.0
3058,0.9077241,6.4233885,6.5715485,0.0,0.0,1.0,1.0
3059,0.9261943,6.423802,6.5330305,0.0,0.0,1.0,1.0
3060,0.9261943,6.4034357,6.4804716,0.0,0.0,1.0,1.0
3061,0.9261943,6.3963785,6.4254036,0.0,0.0,1.0,1.0
3062,0.9261943,6.416001,6.3813033,0.0,0.0,1.0,1.0
3063,0.9261943,6.405048,6.3541946,0.0,0.0,1.0,1.0
3064,0.9261943,6.359272,6.336918,0.0,0.0,1.0,1.0
3065,0.9261943,6.139707,6.331348,0.0,0.0,1.0,1.0
3066,0.9261943,6.1684885,6.333098,0.0,0.0,1.0,1.0
3067,0.9261943,6.24721,6.3426876,0.0,0.0,1.0,1.0
3068,0.9261943,6.297016,6.3487067,0.0,0.0,1.0,1.0
3069,0.9261943,6.363268,6.355648,0.0,0.0,1.0,1.0
3070,0.9261943,6.3565497,6.364113,0.0,0.0,1.0,1.0
3071,0.9261943,6.4448028,6.3696456,0.0,0.0,1.0,1.0
3072,0.9261943,6.5185075,6.3882427,0.0,0.0,1.0,1.0
3073,0.9077241,6.4686127,6.3977246,0.0,0.0,1.0,1.0
3074,0.9077241,6.499294,6.393553,0.0,0.0,1.0,1.0
3075,0.9077241,6.506627,6.382312,0.0,0.0,1.0,1.0
3076,0.9077241,6.425662,6.3643565,0.0,0.0,1.0,1.0
3077,0.9077241,6.3628736,6.3374505,0.0,0.0,1.0,1.0
3078,0.9077241,6.282271,6.295098,0.0,0.0,1.0,1.0
3079,0.9077241,6.1971483,6.2492805,0.0,0.0,1.0,1.0
3080,0.88924587,6.1621237,6.201935,0.0,0.0,1.0,1.0
3081,0.88924587,6.1478057,6.1421547,0.0,0.0,1.0,1.0
3082,0.88924587,6.033676,6.0718875,0.0,0.0,1.0,1.0
3083,0.88924587,5.936575,5.996171,0.0,0.0,1.0,1.0
3084,0.8707594,5.968696,5.9308662,0.0,0.0,1.0,1.0
3085,0.8707594,5.9004636,5.865581,0.0,0.0,1.0,1.0
3086,0.8707594,5.781932,5.812339,0.0,0.0,1.0,1.0
3087,0.85226464,5.6634207,5.776516,0.0,0.0,1.0,1.0
3088,0.85226464,5.5170674,5.756449,0.0,0.0,1.0,1.0
3089,0.85226464,5.579216,5.749035,0.0,0.0,1.0,1.0
3090,0.8337612,5.498846,5.7547417,0.0,0.0,1.0,1.0
3091,0.8337612,5.5582466,5.7618704,0.0,0.0,1.0,1.0
3092,0.8337612,5.732248,5.79648,0.0,0.0,1.0,1.0
3093,0.8337612,5.907006,5.8473444,0.0,0.0,1.0,1.0
3094,0.815249,5.9447045,5.9138985,0.0,0.0,1.0,1.0
3095,0.815249,6.0050516,5.988154,0.0,0.0,1.0,1.0
3096,0.815249,6.054244,6.061204,0.0,0.0,1.0,1.0
3097,0.815249,6.315782,6.149811,0.0,0.0,1.0,1.0
3098,0.815249,6.3923,6.241547,0.0,0.0,1.0,1.0
3099,0.815249,6.462068,6.3250165,0.0,0.0,1.0,1.0
3100,0.815249,6.408135,6.3975644,0.0,0.0,1.0,1.0
3101,0.8337612,6.4558167,6.4742885,0.0,0.0,1.0,1.0
3102,0.8337612,6.562125,6.541307,0.0,0.0,1.0,1.0
3103,0.8337612,6.6590824,6.599322,0.0,0.0,1.0,1.0
3104,0.8337612,6.7338815,6.6288724,0.0,0.0,1.0,1.0
3105,0.8337612,6.777583,6.6579657,0.0,0.0,1.0,1.0
3106,0.85226464,6.8653927,6.6884437,0.0,0.0,1.0,1.0
3107,0.85226464,6.809275,6.728641,0.0,0.0,1.0,1.0
3108,0.85226464,6.7504215,6.7512283,0.0,0.0,1.0,1.0
3109,0.85226464,6.670388,6.7674546,0.0,0.0,1.0,1.0
3110,0.85226464,6.7414203,6.7790785,0.0,0.0,1.0,1.0
3111,0.85226464,6.827801,6.78789,0.0,0.0,1.0,1.0
3112,0.85226464,6.8905044,6.7981615,0.0,0.0,1.0,1.0
3113,0.85226464,6.726863,6.8049707,0.0,0.0,1.0,1.0
3114,0.8707594,6.7568436,6.8216968,0.0,0.0,1.0,1.0
3115,0.8707594,6.7985682,6.847196,0.0,0.0,1.0,1.0
3116,0.8707594,6.8396196,6.8794417,0.0,0.0,1.0,1.0
3117,0.8707594,6.900842,6.9041834,0.0,0.0,1.0,1.0
3118,0.8707594,6.9471025,6.9216886,0.0,0.0,1.0,1.0
3119,0.8707594,7.0099854,6.934869,0.0,0.0,1.0,1.0
3120,0.88924587,7.056413,6.962529,0.0,0.0,1.0,1.0
3121,0.88924587,7.0573397,6.989315,0.0,0.0,1.0,1.0
3122,0.88924587,7.0383167,7.0110655,0.0,0.0,1.0,1.0
3123,0.88924587,7.037863,7.0285497,0.0,0.0,1.0,1.0
3124,0.88924587,7.048669,7.0395274,0.0,0.0,1.0,1.0
3125,0.88924587,7.0587864,7.0443816,0.0,0.0,1.0,1.0
3126,0.88924587,7.078274,7.040691,0.0,0.0,1.0,1.0
3127,0.88924587,7.059572,7.030716,0.0,0.0,1.0,1.0
3128,0.88924587,7.0494337,7.0179696,0.0,0.0,1.0,1.0
3129,0.9077241,7.0325737,7.0042334,0.0,0.0,1.0,1.0
3130,0.9077241,7.005352,6.9872766,0.0,0.0,1.0,1.0
3131,0.9077241,6.9656987,6.969848,0.0,0.0,1.0,1.0
3132,0.9077241,6.936713,6.9545302,0.0,0.0,1.0,1.0
3133,0.9077241,6.904384,6.939871,0.0,0.0,1.0,1.0
3134,0.9077241,6.873482,6.9257636,0.0,0.0,1.0,1.0
3135,0.9077241,6.834378,6.911491,0.0,0.0,1.0,1.0
3136,0.9077241,6.839532,6.897709,0.0,0.0,1.0,1.0
3137,0.9077241,6.8749685,6.884451,0.0,0.0,1.0,1.0
3138,0.9077241,6.902363,6.874226,0.0,0.0,1.0,1.0
3139,0.9077241,6.8902836,6.864497,0.0,0.0,1.0,1.0
3140,0.9077241,6.878165,6.86048,0.0,0.0,1.0,1.0
3141,0.9261943,6.8671856,6.8616586,0.0,0.0,1.0,1.0
3142,0.9261943,6.8462563,6.8695936,0.0,0.0,1.0,1.0
3143,0.9261943,6.843001,6.8770165,0.0,0.0,1.0,1.0
3144,0.9261943,6.8199677,6.880035,0.0,0.0,1.0,1.0
3145,0.94465685,6.8561783,6.878944,0.0,0.0,1.0,1.0
3146,0.94465685,6.887626,6.8808765,0.0,0.0,1.0,1.0
3147,0.94465685,6.929596,6.8856955,0.0,0.0,1.0,1.0
3148,0.94465685,6.92861,6.8913136,0.0,0.0,1.0,1.0
3149,0.9631118,6.911185,6.899721,0.0,0.0,1.0,1.0
3150,0.9631118,6.8892746,6.909026,0.0,0.0,1.0,1.0
3151,0.9631118,6.9134727,6.920817,0.0,0.0,1.0,1.0
3152,0.9631118,6.9359903,6.928704,0.0,0.0,1.0,1.0
3153,0.9631118,6.934606,6.9337125,0.0,0.0,1.0,1.0
3154,0.98155946,6.947148,6.9317403,0.0,0.0,1.0,1.0
3155,0.98155946,6.954657,6.925731,0.0,0.0,1.0,1.0
3156,0.98155946,6.961457,6.9126153,0.0,0.0,1.0,1.0
3157,0.98155946,6.9508243,6.8964133,0.0,0.0,1.0,1.0
3158,0.98155946,6.94773,6.8734455,0.0,0.0,1.0,1.0
3159,0.98155946,6.905929,6.8511186,0.0,0.0,1.0,1.0
3160,0.98155946,6.8565016,6.823772,0.0,0.0,1.0,1.0
3161,0.98155946,6.753791,6.797765,0.0,0.0,1.0,1.0
3162,0.98155946,6.694853,6.7694683,0.0,0.0,1.0,1.0
3163,0.98155946,6.637859,6.741326,0.0,0.0,1.0,1.0
3164,0.98155946,6.668069,6.706693,0.0,0.0,1.0,1.0
3165,0.98155946,6.6064477,6.672166,0.0,0.0,1.0,1.0
3166,0.9631118,6.6350594,6.6430297,0.0,0.0,1.0,1.0
3167,0.9631118,6.615098,6.62052,0.0,0.0,1.0,1.0
3168,0.9631118,6.623751,6.5995173,0.0,0.0,1.0,1.0
3169,0.9631118,6.535228,6.5773373,0.0,0.0,1.0,1.0
3170,0.9631118,6.533403,6.555291,0.0,0.0,1.0,1.0
3171,0.9631118,6.5562954,6.5300007,0.0,0.0,1.0,1.0
3172,0.94465685,6.586386,6.5087295,0.0,0.0,1.0,1.0
3173,0.94465685,6.5017605,6.4808292,0.0,0.0,1.0,1.0
3174,0.94465685,6.42869,6.449812,0.0,0.0,1.0,1.0
3175,0.94465685,6.373307,6.4199743,0.0,0.0,1.0,1.0
3176,0.94465685,6.3645816,6.396265,0.0,0.0,1.0,1.0
3177,0.9261943,6.351194,6.364153,0.0,0.0,1.0,1.0
3178,0.9261943,6.3002543,6.321208,0.0,0.0,1.0,1.0
3179,0.9261943,6.2428904,6.2641926,0.0,0.0,1.0,1.0
3180,0.9077241,6.2656994,6.210479,0.0,0.0,1.0,1.0
3181,0.9077241,6.250721,6.1521845,0.0,0.0,1.0,1.0
3182,0.9077241,6.148056,6.088164,0.0,0.0,1.0,1.0
3183,0.88924587,6.040957,6.024471,0.0,0.0,1.0,1.0
3184,0.88924587,5.9022017,5.961461,0.0,0.0,1.0,1.0
3185,0.88924587,5.857192,5.9016123,0.0,0.0,1.0,1.0
3186,0.8707594,5.729161,5.8462853,0.0,0.0,1.0,1.0
3187,0.8707594,5.6050577,5.793483,0.0,0.0,1.0,1.0
3188,0.8707594,5.600267,5.742579,0.0,0.0,1.0,1.0
3189,0.85226464,5.5950756,5.700135,0.0,0.0,1.0,1.0
3190,0.85226464,5.5820704,5.6717186,0.0,0.0,1.0,1.0
3191,0.8337612,5.578968,5.6487403,0.0,0.0,1.0,1.0
3192,0.8337612,5.6320634,5.6279078,0.0,0.0,1.0,1.0
3193,0.8337612,5.6398797,5.6187863,0.0,0.0,1.0,1.0
3194,0.815249,5.638729,5.6206417,0.0,0.0,1.0,1.0
3195,0.815249,5.69996,5.6247234,0.0,0.0,1.0,1.0
3196,0.815249,5.626457,5.6295896,0.0,0.0,1.0,1.0
3197,0.7967277,5.6072025,5.6415033,0.0,0.0,1.0,1.0
3198,0.7967277,5.619706,5.65787,0.0,0.0,1.0,1.0
3199,0.7967277,5.6273212,5.663649,0.0,0.0,1.0,1.0
3200,0.7781972,5.649249,5.674258,0.0,0.0,1.0,1.0
3201,0.7967277,5.65347,5.6882367,0.0,0.0,1.0,1.0
3202,0.7781972,5.7250314,5.701654,0.0,0.0,1.0,1.0
3203,0.7967277,5.7753687,5.7190814,0.0,0.0,1.0,1.0
3204,0.7967277,5.701412,5.740302,0.0,0.0,1.0,1.0
3205,0.7967277,5.7671933,5.763381,0.0,0.0,1.0,1.0
3206,0.7967277,5.8064694,5.785735,0.0,0.0,1.0,1.0
3207,0.7967277,5.8609643,5.8056126,0.0,0.0,1.0,1.0
3208,0.7967277,5.835587,5.8492403,0.0,0.0,1.0,1.0
3209,0.815249,5.8618526,5.8906183,0.0,0.0,1.0,1.0
3210,0.815249,5.89665,5.9315605,0.0,0.0,1.0,1.0
3211,0.815249,5.8955727,5.981609,0.0,0.0,1.0,1.0
3212,0.815249,5.887779,6.031463,0.0,0.0,1.0,1.0
3213,0.815249,6.177006,6.0893593,0.0,0.0,1.0,1.0
3214,0.8337612,6.2215624,6.1413817,0.0,0.0,1.0,1.0
3215,0.8337612,6.2666745,6.195635,0.0,0.0,1.0,1.0
3216,0.8337612,6.3019953,6.2516527,0.0,0.0,1.0,1.0
3217,0.8337612,6.365443,6.3034883,0.0,0.0,1.0,1.0
3218,0.8337612,6.501222,6.359602,0.0,0.0,1.0,1.0
3219,0.85226464,6.4852376,6.4178586,0.0,0.0,1.0,1.0
3220,0.85226464,6.4866247,6.455445,0.0,0.0,1.0,1.0
3221,0.85226464,6.534064,6.489241,0.0,0.0,1.0,1.0
3222,0.85226464,6.518678,6.5169287,0.0,0.0,1.0,1.0
3223,0.85226464,6.568937,6.5425215,0.0,0.0,1.0,1.0
3224,0.85226464,6.586857,6.5621047,0.0,0.0,1.0,1.0
3225,0.8707594,6.628043,6.5736885,0.0,0.0,1.0,1.0
3226,0.8707594,6.6271195,6.5879307,0.0,0.0,1.0,1.0
3227,0.8707594,6.5989256,6.606672,0.0,0.0,1.0,1.0
3228,0.8707594,6.609105,6.624898,0.0,0.0,1.0,1.0
3229,0.8707594,6.6004453,6.6327505,0.0,0.0,1.0,1.0
3230,0.8707594,6.6402245,6.642666,0.0,0.0,1.0,1.0
3231,0.8707594,6.656147,6.6547766,0.0,0.0,1.0,1.0
3232,0.8707594,6.711515,6.663856,0.0,0.0,1.0,1.0
3233,0.8707594,6.7527804,6.678666,0.0,0.0,1.0,1.0
3234,0.8707594,6.6129045,6.6969137,0.0,0.0,1.0,1.0
3235,0.8707594,6.687925,6.718341,0.0,0.0,1.0,1.0
3236,0.8707594,6.7321854,6.7434683,0.0,0.0,1.0,1.0
3237,0.8707594,6.7369976,6.7739487,0.0,0.0,1.0,1.0
3238,0.8707594,6.8048368,6.8120008,0.0,0.0,1.0,1.0
3239,0.8707594,6.8178973,6.8523035,0.0,0.0,1.0,1.0
3240,0.8707594,6.8662333,6.8766923,0.0,0.0,1.0,1.0
3241,0.88924587,6.901975,6.915594,0.0,0.0,1.0,1.0
3242,0.8707594,7.0059853,6.9486628,0.0,0.0,1.0,1.0
3243,0.8707594,7.112773,6.9732056,0.0,0.0,1.0,1.0
3244,0.88924587,7.19515,6.9930367,0.0,0.0,1.0,1.0
3245,0.8707594,7.045445,7.0050135,0.0,0.0,1.0,1.0
3246,0.8707594,7.079728,7.009493,0.0,0.0,1.0,1.0
3247,0.8707594,7.084747,7.003722,0.0,0.0,1.0,1.0
3248,0.88924587,7.0266967,6.9984627,0.0,0.0,1.0,1.0
3249,0.88924587,6.9749727,6.9866457,0.0,0.0,1.0,1.0
3250,0.88924587,6.9485574,6.9653373,0.0,0.0,1.0,1.0
3251,0.88924587,6.8716526,6.936175,0.0,0.0,1.0,1.0
3252,0.88924587,6.7969832,6.915315,0.0,0.0,1.0,1.0
3253,0.9077241,6.838861,6.900862,0.0,0.0,1.0,1.0
3254,0.9077241,6.8641815,6.8824596,0.0,0.0,1.0,1.0
3255,0.9077241,6.857072,6.8620644,0.0,0.0,1.0,1.0
3256,0.9261943,6.8452034,6.8412166,0.0,0.0,1.0,1.0
3257,0.9261943,6.795125,6.819068,0.0,0.0,1.0,1.0
3258,0.9261943,6.906293,6.804953,0.0,0.0,1.0,1.0
3259,0.94465685,6.863915,6.799571,0.0,0.0,1.0,1.0
3260,0.94465685,6.781958,6.7918973,0.0,0.0,1.0,1.0
3261,0.94465685,6.7247944,6.7862163,0.0,0.0,1.0,1.0
3262,0.94465685,6.6827774,6.787399,0.0,0.0,1.0,1.0
3263,0.94465685,6.702275,6.7954926,0.0,0.0,1.0,1.0
3264,0.94465685,6.7323956,6.8033056,0.0,0.0,1.0,1.0
3265,0.94465685,6.746778,6.800945,0.0,0.0,1.0,1.0
3266,0.94465685,6.7960076,6.8023005,0.0,0.0,1.0,1.0
3267,0.94465685,6.8712616,6.812669,0.0,0.0,1.0,1.0
3268,0.94465685,6.942332,6.8330803,0.0,0.0,1.0,1.0
3269,0.94465685,6.888878,6.841133,0.0,0.0,1.0,1.0
3270,0.94465685,6.8779664,6.85043,0.0,0.0,1.0,1.0
3271,0.94465685,6.8801823,6.8648453,0.0,0.0,1.0,1.0
3272,0.94465685,6.906378,6.876335,0.0,0.0,1.0,1.0
3273,0.94465685,6.9697304,6.8829823,0.0,0.0,1.0,1.0
3274,0.94465685,6.779416,6.876887,0.0,0.0,1.0,1.0
3275,0.94465685,6.8138347,6.872818,0.0,0.0,1.0,1.0
3276,0.94465685,6.905378,6.869337,0.0,0.0,1.0,1.0
3277,0.94465685,6.8846555,6.8618116,0.0,0.0,1.0,1.0
3278,0.9261943,6.8757763,6.844741,0.0,0.0,1.0,1.0
3279,0.9261943,6.798115,6.8164167,0.0,0.0,1.0,1.0
3280,0.9261943,6.893504,6.7780714,0.0,0.0,1.0,1.0
3281,0.9261943,6.847107,6.761903,0.0,0.0,1.0,1.0
3282,0.9077241,6.7876616,6.747563,0.0,0.0,1.0,1.0
3283,0.9077241,6.675334,6.7154293,0.0,0.0,1.0,1.0
3284,0.9077241,6.5664864,6.69273,0.0,0.0,1.0,1.0
3285,0.88924587,6.509591,6.678919,0.0,0.0,1.0,1.0
3286,0.88924587,6.5853887,6.672837,0.0,0.0,1.0,1.0
3287,0.88924587,6.641755,6.656912,0.0,0.0,1.0,1.0
3288,0.8707594,6.5197754,6.643136,0.0,0.0,1.0,1.0
3289,0.8707594,6.6122646,6.6396875,0.0,0.0,1.0,1.0
3290,0.8707594,6.710042,6.6566324,0.0,0.0,1.0,1.0
3291,0.85226464,6.7251296,6.6793337,0.0,0.0,1.0,1.0
3292,0.85226464,6.702404,6.7129016,0.0,0.0,1.0,1.0
3293,0.8337612,6.6817975,6.7475986,0.0,0.0,1.0,1.0
3294,0.8337612,6.746282,6.783959,0.0,0.0,1.0,1.0
3295,0.8337612,6.8786745,6.840504,0.0,0.0,1.0,1.0
3296,0.8337612,6.8388996,6.892335,0.0,0.0,1.0,1.0
3297,0.815249,6.9124045,6.9280443,0.0,0.0,1.0,1.0
3298,0.815249,7.0017576,6.954921,0.0,0.0,1.0,1.0
3299,0.815249,7.0780735,6.9904237,0.0,0.0,1.0,1.0
3300,0.815249,7.1983185,7.0161853,0.0,0.0,1.0,1.0
3301,0.815249,7.2342334,7.030255,0.0,0.0,1.0,1.0
3302,0.815249,7.138559,7.026492,0.0,0.0,1.0,1.0
3303,0.8337612,7.047642,7.021884,0.0,0.0,1.0,1.0
3304,0.8337612,7.1284423,7.013917,0.0,0.0,1.0,1.0
3305,0.8337612,6.9909353,6.99083,0.0,0.0,1.0,1.0
3306,0.85226464,6.9151163,6.9560103,0.0,0.0,1.0,1.0
3307,0.85226464,6.833521,6.9066267,0.0,0.0,1.0,1.0
3308,0.85226464,6.783602,6.852324,0.0,0.0,1.0,1.0
3309,0.85226464,6.8168006,6.801027,0.0,0.0,1.0,1.0
3310,0.8707594,6.724718,6.7571077,0.0,0.0,1.0,1.0
3311,0.8707594,6.660234,6.702235,0.0,0.0,1.0,1.0
3312,0.8707594,6.605717,6.656156,0.0,0.0,1.0,1.0
3313,0.8707594,6.5826006,6.6174064,0.0,0.0,1.0,1.0
3314,0.8707594,6.5229917,6.587566,0.0,0.0,1.0,1.0
3315,0.88924587,6.520615,6.5638933,0.0,0.0,1.0,1.0
3316,0.88924587,6.4699693,6.539814,0.0,0.0,1.0,1.0
3317,0.88924587,6.437986,6.5230703,0.0,0.0,1.0,1.0
3318,0.88924587,6.4501233,6.5136695,0.0,0.0,1.0,1.0
3319,0.88924587,6.4754343,6.523173,0.0,0.0,1.0,1.0
3320,0.88924587,6.499529,6.5374756,0.0,0.0,1.0,1.0
3321,0.88924587,6.5278487,6.5584292,0.0,0.0,1.0,1.0
3322,0.9077241,6.523797,6.5772867,0.0,0.0,1.0,1.0
3323,0.9077241,6.5474234,6.6139345,0.0,0.0,1.0,1.0
3324,0.9077241,6.7197537,6.657921,0.0,0.0,1.0,1.0
3325,0.9077241,6.7542386,6.7057996,0.0,0.0,1.0,1.0
3326,0.9077241,6.774435,6.7561755,0.0,0.0,1.0,1.0
3327,0.9077241,6.746902,6.8086214,0.0,0.0,1.0,1.0
3328,0.9077241,6.909745,6.8617554,0.0,0.0,1.0,1.0
3329,0.9077241,6.9658203,6.912279,0.0,0.0,1.0,1.0
3330,0.9077241,7.0246654,6.958306,0.0,0.0,1.0,1.0
3331,0.9077241,7.0799494,6.985402,0.0,0.0,1.0,1.0
3332,0.9261943,7.1288753,7.0035276,0.0,0.0,1.0,1.0
3333,0.9261943,7.165458,7.0168333,0.0,0.0,1.0,1.0
3334,0.9261943,7.1300845,7.029709,0.0,0.0,1.0,1.0
3335,0.9261943,7.0997434,7.0110354,0.0,0.0,1.0,1.0
3336,0.9261943,7.0449066,6.981176,0.0,0.0,1.0,1.0
3337,0.9261943,6.9717436,6.941566,0.0,0.0,1.0,1.0
3338,0.9261943,6.9341035,6.8941836,0.0,0.0,1.0,1.0
3339,0.9261943,6.9014096,6.828657,0.0,0.0,1.0,1.0
3340,0.9261943,6.685666,6.7518864,0.0,0.0,1.0,1.0
3341,0.9261943,6.607507,6.671959,0.0,0.0,1.0,1.0
3342,0.9077241,6.5493426,6.589114,0.0,0.0,1.0,1.0
3343,0.9261943,6.5113635,6.5068116,0.0,0.0,1.0,1.0
3344,0.9261943,6.3425565,6.4294524,0.0,0.0,1.0,1.0
3345,0.9261943,6.244207,6.35434,0.0,0.0,1.0,1.0
3346,0.9077241,6.170956,6.2781897,0.0,0.0,1.0,1.0
3347,0.9077241,6.105605,6.220321,0.0,0.0,1.0,1.0
3348,0.9077241,6.0572767,6.1709914,0.0,0.0,1.0,1.0
3349,0.9077241,6.0434327,6.12403,0.0,0.0,1.0,1.0
3350,0.9077241,6.0327573,6.079826,0.0,0.0,1.0,1.0
3351,0.9077241,5.987607,6.0515466,0.0,0.0,1.0,1.0
3352,0.9077241,5.991244,6.0415325,0.0,0.0,1.0,1.0
3353,0.9077241,6.0155478,6.039347,0.0,0.0,1.0,1.0
3354,0.9077241,5.9858065,6.0415497,0.0,0.0,1.0,1.0
3355,0.9077241,5.980916,6.0435944,0.0,0.0,1.0,1.0
3356,0.9077241,6.0032034,6.052772,0.0,0.0,1.0,1.0
3357,0.88924587,6.1240387,6.0632133,0.0,0.0,1.0,1.0
3358,0.88924587,6.144729,6.073787,0.0,0.0,1.0,1.0
3359,0.88924587,6.1320357,6.0826735,0.0,0.0,1.0,1.0
3360,0.88924587,6.081813,6.0851283,0.0,0.0,1.0,1.0
3361,0.88924587,6.153565,6.085803,0.0,0.0,1.0,1.0
3362,0.88924587,6.1580567,6.0857663,0.0,0.0,1.0,1.0
3363,0.88924587,6.114493,6.0797067,0.0,0.0,1.0,1.0
3364,0.8707594,6.097878,6.0597773,0.0,0.0,1.0,1.0
3365,0.8707594,6.0450025,6.0378685,0.0,0.0,1.0,1.0
3366,0.8707594,5.993903,6.014623,0.0,0.0,1.0,1.0
3367,0.8707594,5.9804754,5.991235,0.0,0.0,1.0,1.0
3368,0.8707594,5.930492,5.9524093,0.0,0.0,1.0,1.0
3369,0.85226464,5.884881,5.9112434,0.0,0.0,1.0,1.0
3370,0.85226464,5.8818274,5.8728895,0.0,0.0,1.0,1.0
3371,0.85226464,5.853093,5.834886,0.0,0.0,1.0,1.0
3372,0.85226464,5.8011503,5.7937813,0.0,0.0,1.0,1.0
3373,0.8337612,5.68766,5.7537208,0.0,0.0,1.0,1.0
3374,0.8337612,5.664064,5.7209606,0.0,0.0,1.0,1.0
3375,0.8337612,5.6542473,5.695918,0.0,0.0,1.0,1.0
3376,0.8337612,5.641835,5.680498,0.0,0.0,1.0,1.0
3377,0.815249,5.551744,5.664637,0.0,0.0,1.0,1.0
3378,0.815249,5.513177,5.6497245,0.0,0.0,1.0,1.0
3379,0.815249,5.5873547,5.637648,0.0,0.0,1.0,1.0
3380,0.7967277,5.629981,5.6345067,0.0,0.0,1.0,1.0
3381,0.7967277,5.6998453,5.634164,0.0,0.0,1.0,1.0
3382,0.7967277,5.691494,5.6312184,0.0,0.0,1.0,1.0
3383,0.7781972,5.6741385,5.6355186,0.0,0.0,1.0,1.0
3384,0.7781972,5.656237,5.6448364,0.0,0.0,1.0,1.0
3385,0.7781972,5.649961,5.655065,0.0,0.0,1.0,1.0
3386,0.7596572,5.6599503,5.6594315,0.0,0.0,1.0,1.0
3387,0.7596572,5.6189013,5.6598334,0.0,0.0,1.0,1.0
3388,0.74110746,5.693437,5.6544614,0.0,0.0,1.0,1.0
3389,0.74110746,5.663559,5.6496196,0.0,0.0,1.0,1.0
3390,0.74110746,5.63592,5.6387672,0.0,0.0,1.0,1.0
3391,0.74110746,5.6397557,5.622074,0.0,0.0,1.0,1.0
3392,0.7225478,5.634801,5.603093,0.0,0.0,1.0,1.0
3393,0.7225478,5.6353827,5.58581,0.0,0.0,1.0,1.0
3394,0.7225478,5.63339,5.572094,0.0,0.0,1.0,1.0
3395,0.7225478,5.543911,5.5536404,0.0,0.0,1.0,1.0
3396,0.703978,5.4559226,5.536725,0.0,0.0,1.0,1.0
3397,0.703978,5.422185,5.523735,0.0,0.0,1.0,1.0
3398,0.703978,5.452556,5.5155473,0.0,0.0,1.0,1.0
3399,0.7225478,5.4543085,5.5015717,0.0,0.0,1.0,1.0
3400,0.7225478,5.47199,5.4916835,0.0,0.0,1.0,1.0
3401,0.7225478,5.4605784,5.485372,0.0,0.0,1.0,1.0
3402,0.7225478,5.480041,5.487296,0.0,0.0,1.0,1.0
3403,0.74110746,5.5415034,5.495673,0.0,0.0,1.0,1.0
3404,0.74110746,5.467091,5.508217,0.0,0.0,1.0,1.0
3405,0.74110746,5.516727,5.5191526,0.0,0.0,1.0,1.0
3406,0.7596572,5.5576506,5.533558,0.0,0.0,1.0,1.0
3407,0.7596572,5.567,5.5487933,0.0,0.0,1.0,1.0
3408,0.7596572,5.556446,5.562327,0.0,0.0,1.0,1.0
3409,0.7781972,5.5727096,5.5741353,0.0,0.0,1.0,1.0
3410,0.7781972,5.5837865,5.58488,0.0,0.0,1.0,1.0
3411,0.7781972,5.627174,5.5999646,0.0,0.0,1.0,1.0
3412,0.7967277,5.6548133,5.614597,0.0,0.0,1.0,1.0
3413,0.7967277,5.6229796,5.6241083,0.0,0.0,1.0,1.0
3414,0.7967277,5.621744,5.6297703,0.0,0.0,1.0,1.0
3415,0.7967277,5.6704397,5.6339912,0.0,0.0,1.0,1.0
3416,0.7967277,5.648105,5.631082,0.0,0.0,1.0,1.0
3417,0.7967277,5.692315,5.6297855,0.0,0.0,1.0,1.0
3418,0.815249,5.671784,5.6306686,0.0,0.0,1.0,1.0
3419,0.815249,5.6349463,5.6332154,0.0,0.0,1.0,1.0
3420,0.815249,5.607098,5.6373677,0.0,0.0,1.0,1.0
3421,0.815249,5.5377984,5.6431646,0.0,0.0,1.0,1.0
3422,0.815249,5.5682297,5.6448717,0.0,0.0,1.0,1.0
3423,0.815249,5.6377683,5.6457434,0.0,0.0,1.0,1.0
3424,0.815249,5.6853757,5.6440606,0.0,0.0,1.0,1.0
3425,0.8337612,5.6728077,5.643722,0.0,0.0,1.0,1.0
3426,0.8337612,5.6913104,5.6439123,0.0,0.0,1.0,1.0
3427,0.8337612,5.690921,5.6476912,0.0,0.0,1.0,1.0
3428,0.8337612,5.658564,5.655435,0.0,0.0,1.0,1.0
3429,0.8337612,5.6721263,5.656635,0.0,0.0,1.0,1.0
3430,0.8337612,5.667717,5.655733,0.0,0.0,1.0,1.0
3431,0.8337612,5.637233,5.651131,0.0,0.0,1.0,1.0
3432,0.8337612,5.652444,5.6508236,0.0,0.0,1.0,1.0
3433,0.8337612,5.630724,5.6439443,0.0,0.0,1.0,1.0
3434,0.8337612,5.5826287,5.632139,0.0,0.0,1.0,1.0
3435,0.8337612,5.626943,5.621513,0.0,0.0,1.0,1.0
3436,0.8337612,5.6301546,5.61254,0.0,0.0,1.0,1.0
3437,0.85226464,5.6691165,5.605667,0.0,0.0,1.0,1.0
3438,0.8337612,5.608759,5.6043434,0.0,0.0,1.0,1.0
3439,0.85226464,5.5492587,5.611759,0.0,0.0,1.0,1.0
3440,0.85226464,5.531051,5.624271,0.0,0.0,1.0,1.0
3441,0.85226464,5.5644455,5.64703,0.0,0.0,1.0,1.0
3442,0.8337612,5.585245,5.6769266,0.0,0.0,1.0,1.0
3443,0.8337612,5.62135,5.7185555,0.0,0.0,1.0,1.0
3444,0.8337612,5.741434,5.7636423,0.0,0.0,1.0,1.0
3445,0.8337612,5.7808666,5.8238945,0.0,0.0,1.0,1.0
3446,0.8337612,5.8557315,5.8929534,0.0,0.0,1.0,1.0
3447,0.8337612,5.9857087,5.971841,0.0,0.0,1.0,1.0
3448,0.8337612,6.1297007,6.052542,0.0,0.0,1.0,1.0
3449,0.8337612,6.2101574,6.1365304,0.0,0.0,1.0,1.0
3450,0.8337612,6.3317866,6.2213154,0.0,0.0,1.0,1.0
3451,0.8337612,6.3779626,6.2971315,0.0,0.0,1.0,1.0
3452,0.8337612,6.4776998,6.369506,0.0,0.0,1.0,1.0
3453,0.8337612,6.532864,6.4358597,0.0,0.0,1.0,1.0
3454,0.8337612,6.5931025,6.485615,0.0,0.0,1.0,1.0
3455,0.8337612,6.638773,6.5140777,0.0,0.0,1.0,1.0
3456,0.8337612,6.651224,6.5294604,0.0,0.0,1.0,1.0
3457,0.8337612,6.6493573,6.525391,0.0,0.0,1.0,1.0
3458,0.8337612,6.651981,6.504064,0.0,0.0,1.0,1.0
3459,0.815249,6.582771,6.461583,0.0,0.0,1.0,1.0
3460,0.815249,6.471252,6.4047847,0.0,0.0,1.0,1.0
3461,0.815249,6.394754,6.334591,0.0,0.0,1.0,1.0
3462,0.815249,6.2829514,6.250511,0.0,0.0,1.0,1.0
3463,0.815249,6.1220407,6.1566033,0.0,0.0,1.0,1.0
3464,0.815249,5.9679294,6.0559883,0.0,0.0,1.0,1.0
3465,0.7967277,5.8512783,5.9499273,0.0,0.0,1.0,1.0
3466,0.7967277,5.750778,5.843751,0.0,0.0,1.0,1.0
3467,0.7967277,5.629816,5.7433686,0.0,0.0,1.0,1.0
3468,0.7967277,5.524332,5.645198,0.0,0.0,1.0,1.0
3469,0.7967277,5.441973,5.5511484,0.0,0.0,1.0,1.0
3470,0.7781972,5.3792505,5.4697413,0.0,0.0,1.0,1.0
3471,0.7781972,5.3086576,5.4014845,0.0,0.0,1.0,1.0
3472,0.7781972,5.266664,5.343422,0.0,0.0,1.0,1.0
3473,0.7596572,5.216706,5.2950478,0.0,0.0,1.0,1.0
3474,0.7596572,5.154358,5.257412,0.0,0.0,1.0,1.0
3475,0.7596572,5.145155,5.2273903,0.0,0.0,1.0,1.0
3476,0.7596572,5.148845,5.2041736,0.0,0.0,1.0,1.0
3477,0.74110746,5.1545253,5.185823,0.0,0.0,1.0,1.0
3478,0.74110746,5.170292,5.173937,0.0,0.0,1.0,1.0
3479,0.74110746,5.1781826,5.1679845,0.0,0.0,1.0,1.0
3480,0.7225478,5.1640744,5.1676073,0.0,0.0,1.0,1.0
3481,0.7225478,5.1633725,5.1753006,0.0,0.0,1.0,1.0
3482,0.7225478,5.1590457,5.184642,0.0,0.0,1.0,1.0
3483,0.703978,5.166024,5.1951003,0.0,0.0,1.0,1.0
3484,0.703978,5.1952333,5.205562,0.0,0.0,1.0,1.0
3485,0.68539786,5.21218,5.2142897,0.0,0.0,1.0,1.0
3486,0.68539786,5.2466745,5.2213373,0.0,0.0,1.0,1.0
3487,0.68539786,5.257255,5.2285533,0.0,0.0,1.0,1.0
3488,0.68539786,5.274345,5.237194,0.0,0.0,1.0,1.0
3489,0.68539786,5.2800674,5.247815,0.0,0.0,1.0,1.0
3490,0.66680706,5.275024,5.25833,0.0,0.0,1.0,1.0
3491,0.66680706,5.262753,5.268261,0.0,0.0,1.0,1.0
3492,0.66680706,5.2506638,5.278083,0.0,0.0,1.0,1.0
3493,0.66680706,5.2670646,5.285769,0.0,0.0,1.0,1.0
3494,0.64820546,5.2864966,5.2947497,0.0,0.0,1.0,1.0
3495,0.66680706,5.292199,5.303497,0.0,0.0,1.0,1.0
3496,0.66680706,5.3144083,5.312787,0.0,0.0,1.0,1.0
3497,0.66680706,5.330041,5.324162,0.0,0.0,1.0,1.0
3498,0.66680706,5.3389115,5.339211,0.0,0.0,1.0,1.0
3499,0.66680706,5.3650208,5.3567104,0.0,0.0,1.0,1.0
3500,0.68539786,5.3793097,5.3768516,0.0,0.0,1.0,1.0
3501,0.68539786,5.3915544,5.3997283,0.0,0.0,1.0,1.0
3502,0.68539786,5.41152,5.4261055,0.0,0.0,1.0,1.0
3503,0.703978,5.443343,5.45408,0.0,0.0,1.0,1.0
3504,0.703978,5.460655,5.4833975,0.0,0.0,1.0,1.0
3505,0.7225478,5.5087576,5.5154524,0.0,0.0,1.0,1.0
3506,0.7225478,5.561022,5.5512433,0.0,0.0,1.0,1.0
3507,0.7225478,5.608721,5.5901284,0.0,0.0,1.0,1.0
3508,0.7225478,5.650107,5.6326275,0.0,0.0,1.0,1.0
3509,0.74110746,5.6818485,5.678442,0.0,0.0,1.0,1.0
3510,0.74110746,5.723571,5.7248735,0.0,0.0,1.0,1.0
3511,0.74110746,5.794513,5.772149,0.0,0.0,1.0,1.0
3512,0.74110746,5.8459263,5.819483,0.0,0.0,1.0,1.0
3513,0.7596572,5.9015455,5.8605056,0.0,0.0,1.0,1.0
3514,0.7596572,5.9612956,5.894401,0.0,0.0,1.0,1.0
3515,0.7596572,6.000521,5.920913,0.0,0.0,1.0,1.0
3516,0.7596572,6.027961,5.9399157,0.0,0.0,1.0,1.0
3517,0.7596572,6.0767636,5.9549336,0.0,0.0,1.0,1.0
3518,0.7781972,6.053294,5.9641786,0.0,0.0,1.0,1.0
3519,0.7781972,6.015464,5.969714,0.0,0.0,1.0,1.0
3520,0.7781972,5.9682527,5.9655585,0.0,0.0,1.0,1.0
3521,0.7781972,5.9098797,5.95623,0.0,0.0,1.0,1.0
3522,0.7781972,5.9037886,5.9421515,0.0,0.0,1.0,1.0
3523,0.7781972,5.90545,5.927037,0.0,0.0,1.0,1.0
3524,0.7967277,5.9123554,5.90674,0.0,0.0,1.0,1.0
3525,0.7967277,5.8516793,5.8934803,0.0,0.0,1.0,1.0
3526,0.7967277,5.849353,5.8804045,0.0,0.0,1.0,1.0
3527,0.7967277,5.831579,5.867712,0.0,0.0,1.0,1.0
3528,0.7967277,5.846584,5.854448,0.0,0.0,1.0,1.0
3529,0.7967277,5.833201,5.8397536,0.0,0.0,1.0,1.0
3530,0.7967277,5.8941774,5.824257,0.0,0.0,1.0,1.0
3531,0.7967277,5.858556,5.8115125,0.0,0.0,1.0,1.0
3532,0.7967277,5.815944,5.8090763,0.0,0.0,1.0,1.0
3533,0.7967277,5.750707,5.809738,0.0,0.0,1.0,1.0
3534,0.7967277,5.7274566,5.819459,0.0,0.0,1.0,1.0
3535,0.7967277,5.7194905,5.8362923,0.0,0.0,1.0,1.0
3536,0.7967277,5.75942,5.867406,0.0,0.0,1.0,1.0
3537,0.7967277,5.8224454,5.893197,0.0,0.0,1.0,1.0
3538,0.7967277,5.857299,5.930402,0.0,0.0,1.0,1.0
3539,0.7967277,5.9482293,5.9721475,0.0,0.0,1.0,1.0
3540,0.7967277,6.0485797,6.024446,0.0,0.0,1.0,1.0
3541,0.7967277,6.2065635,6.080163,0.0,0.0,1.0,1.0
3542,0.7967277,6.203675,6.144407,0.0,0.0,1.0,1.0
3543,0.7967277,6.305009,6.2108088,0.0,0.0,1.0,1.0
3544,0.7967277,6.316897,6.2839575,0.0,0.0,1.0,1.0
3545,0.7967277,6.378286,6.3668566,0.0,0.0,1.0,1.0
3546,0.7967277,6.3960648,6.4541245,0.0,0.0,1.0,1.0
3547,0.7967277,6.4904156,6.543911,0.0,0.0,1.0,1.0
3548,0.7967277,6.5562444,6.6283994,0.0,0.0,1.0,1.0
3549,0.7967277,6.700229,6.713929,0.0,0.0,1.0,1.0
3550,0.7967277,6.8520837,6.787096,0.0,0.0,1.0,1.0
3551,0.7967277,6.995444,6.851079,0.0,0.0,1.0,1.0
3552,0.7967277,7.126018,6.9033165,0.0,0.0,1.0,1.0
3553,0.7781972,7.2204285,6.953049,0.0,0.0,1.0,1.0
3554,0.7781972,7.2300296,6.9828277,0.0,0.0,1.0,1.0
3555,0.7781972,7.18301,7.003582,0.0,0.0,1.0,1.0
3556,0.7781972,7.0846972,7.00026,0.0,0.0,1.0,1.0
3557,0.7781972,7.0051336,6.9712095,0.0,0.0,1.0,1.0
3558,0.7781972,6.9928584,6.9210057,0.0,0.0,1.0,1.0
3559,0.7781972,6.847757,6.850293,0.0,0.0,1.0,1.0
3560,0.7781972,6.805292,6.757072,0.0,0.0,1.0,1.0
3561,0.7781972,6.660369,6.646198,0.0,0.0,1.0,1.0
3562,0.7596572,6.5034747,6.5256133,0.0,0.0,1.0,1.0
3563,0.7596572,6.3930025,6.3977675,0.0,0.0,1.0,1.0
3564,0.7596572,6.2774673,6.261258,0.0,0.0,1.0,1.0
3565,0.7596572,6.1017737,6.1164646,0.0,0.0,1.0,1.0
3566,0.7596572,5.8995357,5.974406,0.0,0.0,1.0,1.0
3567,0.74110746,5.7359996,5.830526,0.0,0.0,1.0,1.0
3568,0.74110746,5.5505476,5.6905403,0.0,0.0,1.0,1.0
3569,0.74110746,5.367023,5.557134,0.0,0.0,1.0,1.0
3570,0.74110746,5.255335,5.4301276,0.0,0.0,1.0,1.0
3571,0.74110746,5.1430483,5.307533,0.0,0.0,1.0,1.0
3572,0.7225478,5.0787344,5.2003827,0.0,0.0,1.0,1.0
3573,0.7225478,4.98054,5.110445,0.0,0.0,1.0,1.0
3574,0.7225478,4.9026046,5.0319967,0.0,0.0,1.0,1.0
3575,0.7225478,4.8689246,4.9696093,0.0,0.0,1.0,1.0
3576,0.703978,4.8063264,4.9233384,0.0,0.0,1.0,1.0
3577,0.703978,4.8159738,4.8871202,0.0,0.0,1.0,1.0
3578,0.703978,4.8202863,4.8603888,0.0,0.0,1.0,1.0
3579,0.68539786,4.7946143,4.8388233,0.0,0.0,1.0,1.0
3580,0.68539786,4.8018985,4.824133,0.0,0.0,1.0,1.0
3581,0.68539786,4.8117776,4.814188,0.0,0.0,1.0,1.0
3582,0.66680706,4.820712,4.8078923,0.0,0.0,1.0,1.0
3583,0.66680706,4.822274,4.809697,0.0,0.0,1.0,1.0
3584,0.66680706,4.819948,4.81769,0.0,0.0,1.0,1.0
3585,0.64820546,4.8042574,4.8329825,0.0,0.0,1.0,1.0
3586,0.64820546,4.7832603,4.8532944,0.0,0.0,1.0,1.0
3587,0.64820546,4.7933793,4.882932,0.0,0.0,1.0,1.0
3588,0.64820546,4.827984,4.9148645,0.0,0.0,1.0,1.0
3589,0.6295927,4.9118853,4.9488115,0.0,0.0,1.0,1.0
3590,0.6295927,5.003801,4.9838643,0.0,0.0,1.0,1.0
3591,0.6295927,5.038352,5.0245996,0.0,0.0,1.0,1.0
3592,0.6295927,5.1575527,5.068523,0.0,0.0,1.0,1.0
3593,0.6295927,5.1949697,5.1203675,0.0,0.0,1.0,1.0
3594,0.6295927,5.228077,5.1760464,0.0,0.0,1.0,1.0
3595,0.6295927,5.242904,5.2347274,0.0,0.0,1.0,1.0
3596,0.64820546,5.3087716,5.295145,0.0,0.0,1.0,1.0
3597,0.64820546,5.331341,5.3544397,0.0,0.0,1.0,1.0
3598,0.64820546,5.4053917,5.4134865,0.0,0.0,1.0,1.0
3599,0.66680706,5.461525,5.462429,0.0,0.0,1.0,1.0
3600,0.66680706,5.53216,5.5040507,0.0,0.0,1.0,1.0
3601,0.66680706,5.636896,5.54065,0.0,0.0,1.0,1.0
3602,0.66680706,5.715336,5.578661,0.0,0.0,1.0,1.0
3603,0.68539786,5.7469134,5.606081,0.0,0.0,1.0,1.0
3604,0.68539786,5.7448645,5.633584,0.0,0.0,1.0,1.0
3605,0.68539786,5.6944275,5.6532884,0.0,0.0,1.0,1.0
3606,0.703978,5.667266,5.67087,0.0,0.0,1.0,1.0
3607,0.703978,5.699042,5.6800594,0.0,0.0,1.0,1.0
3608,0.703978,5.6378107,5.683192,0.0,0.0,1.0,1.0
3609,0.703978,5.661373,5.678923,0.0,0.0,1.0,1.0
3610,0.7225478,5.641846,5.672438,0.0,0.0,1.0,1.0
3611,0.7225478,5.6725044,5.662152,0.0,0.0,1.0,1.0
3612,0.7225478,5.6424336,5.6557207,0.0,0.0,1.0,1.0
3613,0.7225478,5.674482,5.648096,0.0,0.0,1.0,1.0
3614,0.7225478,5.664113,5.642762,0.0,0.0,1.0,1.0
3615,0.7225478,5.6690955,5.6405063,0.0,0.0,1.0,1.0
3616,0.74110746,5.6214266,5.647794,0.0,0.0,1.0,1.0
3617,0.74110746,5.617253,5.6571803,0.0,0.0,1.0,1.0
3618,0.74110746,5.5757713,5.664211,0.0,0.0,1.0,1.0
3619,0.74110746,5.6350346,5.6699505,0.0,0.0,1.0,1.0
3620,0.74110746,5.6107445,5.6704826,0.0,0.0,1.0,1.0
3621,0.74110746,5.7488213,5.6760387,0.0,0.0,1.0,1.0
3622,0.74110746,5.7544837,5.6823936,0.0,0.0,1.0,1.0
3623,0.74110746,5.75687,5.696435,0.0,0.0,1.0,1.0
3624,0.74110746,5.7113137,5.7114224,0.0,0.0,1.0,1.0
3625,0.74110746,5.680866,5.7286925,0.0,0.0,1.0,1.0
3626,0.7596572,5.7307825,5.740064,0.0,0.0,1.0,1.0
3627,0.7596572,5.7453537,5.757281,0.0,0.0,1.0,1.0
3628,0.7596572,5.789925,5.7612314,0.0,0.0,1.0,1.0
3629,0.7596572,5.797105,5.770625,0.0,0.0,1.0,1.0
3630,0.7596572,5.783013,5.776949,0.0,0.0,1.0,1.0
3631,0.7596572,5.771491,5.7939115,0.0,0.0,1.0,1.0
3632,0.7596572,5.8173475,5.8085904,0.0,0.0,1.0,1.0
3633,0.7596572,5.796225,5.819092,0.0,0.0,1.0,1.0
3634,0.7596572,5.867211,5.826658,0.0,0.0,1.0,1.0
3635,0.7596572,5.832754,5.8329473,0.0,0.0,1.0,1.0
3636,0.7596572,5.9148664,5.8427367,0.0,0.0,1.0,1.0
3637,0.7596572,5.857011,5.856094,0.0,0.0,1.0,1.0
3638,0.7596572,5.8568015,5.8725953,0.0,0.0,1.0,1.0
3639,0.7781972,5.8361444,5.886326,0.0,0.0,1.0,1.0
3640,0.7781972,5.8653965,5.90452,0.0,0.0,1.0,1.0
3641,0.7781972,5.914579,5.921802,0.0,0.0,1.0,1.0
3642,0.7967277,5.9433,5.9402,0.0,0.0,1.0,1.0
3643,0.7967277,5.969509,5.955735,0.0,0.0,1.0,1.0
3644,0.7967277,5.9821134,5.9803724,0.0,0.0,1.0,1.0
3645,0.815249,6.0145545,6.0066795,0.0,0.0,1.0,1.0
3646,0.815249,6.0745926,6.0374722,0.0,0.0,1.0,1.0
3647,0.8337612,6.0535274,6.0664024,0.0,0.0,1.0,1.0
3648,0.8337612,6.101296,6.089213,0.0,0.0,1.0,1.0
3649,0.8337612,6.152655,6.111143,0.0,0.0,1.0,1.0
3650,0.8337612,6.1724863,6.133363,0.0,0.0,1.0,1.0
3651,0.85226464,6.2056603,6.156883,0.0,0.0,1.0,1.0
3652,0.85226464,6.212556,6.175988,0.0,0.0,1.0,1.0
3653,0.85226464,6.1883063,6.185737,0.0,0.0,1.0,1.0
3654,0.85226464,6.2064624,6.191984,0.0,0.0,1.0,1.0
3655,0.85226464,6.236141,6.1859603,0.0,0.0,1.0,1.0
3656,0.8707594,6.2643557,6.1672964,0.0,0.0,1.0,1.0
3657,0.85226464,6.2438188,6.1377506,0.0,0.0,1.0,1.0
3658,0.85226464,6.191582,6.101734,0.0,0.0,1.0,1.0
3659,0.85226464,6.1284914,6.0525,0.0,0.0,1.0,1.0
3660,0.85226464,6.0290084,5.994384,0.0,0.0,1.0,1.0
3661,0.85226464,5.928691,5.924197,0.0,0.0,1.0,1.0
3662,0.85226464,5.8179355,5.8413997,0.0,0.0,1.0,1.0
3663,0.85226464,5.773462,5.74587,0.0,0.0,1.0,1.0
3664,0.85226464,5.621741,5.6439333,0.0,0.0,1.0,1.0
3665,0.85226464,5.4909167,5.540705,0.0,0.0,1.0,1.0
3666,0.85226464,5.364226,5.435534,0.0,0.0,1.0,1.0
3667,0.85226464,5.242569,5.332398,0.0,0.0,1.0,1.0
3668,0.85226464,5.1179986,5.234814,0.0,0.0,1.0,1.0
3669,0.85226464,5.020579,5.1421328,0.0,0.0,1.0,1.0
3670,0.8337612,4.952844,5.0511928,0.0,0.0,1.0,1.0
3671,0.8337612,4.866438,4.974534,0.0,0.0,1.0,1.0
3672,0.8337612,4.7913733,4.9113026,0.0,0.0,1.0,1.0
3673,0.8337612,4.7576904,4.8604803,0.0,0.0,1.0,1.0
3674,0.815249,4.7057586,4.8211703,0.0,0.0,1.0,1.0
3675,0.815249,4.6821775,4.7963786,0.0,0.0,1.0,1.0
3676,0.815249,4.7018375,4.7821445,0.0,0.0,1.0,1.0
3677,0.7967277,4.7321415,4.7771044,0.0,0.0,1.0,1.0
3678,0.7967277,4.7543564,4.7835693,0.0,0.0,1.0,1.0
3679,0.7967277,4.770848,4.7998815,0.0,0.0,1.0,1.0
3680,0.7967277,4.8204975,4.820621,0.0,0.0,1.0,1.0
3681,0.7781972,4.849771,4.847022,0.0,0.0,1.0,1.0
3682,0.7781972,4.8923616,4.8758893,0.0,0.0,1.0,1.0
3683,0.7781972,4.944021,4.9027915,0.0,0.0,1.0,1.0
3684,0.7596572,4.987117,4.934581,0.0,0.0,1.0,1.0
3685,0.7596572,5.006564,4.96613,0.0,0.0,1.0,1.0
3686,0.7596572,5.02257,4.9951525,0.0,0.0,1.0,1.0
3687,0.74110746,5.0285883,5.0202584,0.0,0.0,1.0,1.0
3688,0.74110746,5.0246606,5.0532823,0.0,0.0,1.0,1.0
3689,0.74110746,5.1136155,5.0939975,0.0,0.0,1.0,1.0
3690,0.74110746,5.132945,5.1313763,0.0,0.0,1.0,1.0
3691,0.7225478,5.119116,5.1787844,0.0,0.0,1.0,1.0
3692,0.7225478,5.1217732,5.226864,0.0,0.0,1.0,1.0
3693,0.7225478,5.246056,5.2746944,0.0,0.0,1.0,1.0
3694,0.7225478,5.380942,5.3240676,0.0,0.0,1.0,1.0
3695,0.703978,5.392569,5.375504,0.0,0.0,1.0,1.0
3696,0.703978,5.5560102,5.4239845,0.0,0.0,1.0,1.0
3697,0.703978,5.5835214,5.481553,0.0,0.0,1.0,1.0
3698,0.703978,5.596538,5.5541077,0.0,0.0,1.0,1.0
3699,0.703978,5.621067,5.6403623,0.0,0.0,1.0,1.0
3700,0.68539786,5.641895,5.7182517,0.0,0.0,1.0,1.0
3701,0.68539786,5.6953807,5.796179,0.0,0.0,1.0,1.0
3702,0.68539786,5.823768,5.8837123,0.0,0.0,1.0,1.0
3703,0.68539786,5.98977,5.975165,0.0,0.0,1.0,1.0
3704,0.68539786,6.156832,6.0604005,0.0,0.0,1.0,1.0
3705,0.68539786,6.1807294,6.1415243,0.0,0.0,1.0,1.0
3706,0.68539786,6.316064,6.238623,0.0,0.0,1.0,1.0
3707,0.68539786,6.4429693,6.327917,0.0,0.0,1.0,1.0
3708,0.68539786,6.653445,6.4291005,0.0,0.0,1.0,1.0
3709,0.68539786,6.606348,6.525158,0.0,0.0,1.0,1.0
3710,0.68539786,6.570026,6.610442,0.0,0.0,1.0,1.0
3711,0.68539786,6.7862515,6.6848373,0.0,0.0,1.0,1.0
3712,0.703978,6.7134204,6.7539635,0.0,0.0,1.0,1.0
3713,0.703978,6.909581,6.81518,0.0,0.0,1.0,1.0
3714,0.68539786,6.976461,6.867829,0.0,0.0,1.0,1.0
3715,0.68539786,7.013179,6.896986,0.0,0.0,1.0,1.0
3716,0.703978,7.049573,6.9306974,0.0,0.0,1.0,1.0
3717,0.703978,7.010246,6.9641547,0.0,0.0,1.0,1.0
3718,0.703978,7.0506554,6.9786987,0.0,0.0,1.0,1.0
3719,0.703978,7.074761,6.9907203,0.0,0.0,1.0,1.0
3720,0.703978,7.00333,6.9847016,0.0,0.0,1.0,1.0
3721,0.703978,7.010884,6.97111,0.0,0.0,1.0,1.0
3722,0.703978,6.971517,6.9418697,0.0,0.0,1.0,1.0
3723,0.7225478,6.960779,6.909241,0.0,0.0,1.0,1.0
3724,0.7225478,6.8576746,6.86763,0.0,0.0,1.0,1.0
3725,0.7225478,6.837358,6.821386,0.0,0.0,1.0,1.0
3726,0.7225478,6.81336,6.7729554,0.0,0.0,1.0,1.0
3727,0.7225478,6.662298,6.7317715,0.0,0.0,1.0,1.0
3728,0.7225478,6.6580305,6.6953864,0.0,0.0,1.0,1.0
3729,0.7225478,6.5109096,6.65056,0.0,0.0,1.0,1.0
3730,0.7225478,6.495729,6.5969567,0.0,0.0,1.0,1.0
3731,0.7225478,6.493596,6.5500884,0.0,0.0,1.0,1.0
3732,0.7225478,6.5091233,6.498502,0.0,0.0,1.0,1.0
3733,0.7225478,6.5742607,6.451121,0.0,0.0,1.0,1.0
3734,0.7225478,6.4336023,6.416953,0.0,0.0,1.0,1.0
3735,0.7225478,6.317541,6.3797436,0.0,0.0,1.0,1.0
3736,0.74110746,6.2952538,6.3575363,0.0,0.0,1.0,1.0
3737,0.74110746,6.2183137,6.3349233,0.0,0.0,1.0,1.0
3738,0.74110746,6.244791,6.3150635,0.0,0.0,1.0,1.0
3739,0.74110746,6.2522883,6.296086,0.0,0.0,1.0,1.0
3740,0.7596572,6.2115126,6.2743073,0.0,0.0,1.0,1.0
3741,0.7596572,6.2444243,6.259573,0.0,0.0,1.0,1.0
3742,0.7781972,6.224372,6.2550817,0.0,0.0,1.0,1.0
3743,0.7781972,6.255281,6.2491026,0.0,0.0,1.0,1.0
3744,0.7781972,6.28139,6.2468,0.0,0.0,1.0,1.0
3745,0.7967277,6.3129163,6.2413335,0.0,0.0,1.0,1.0
3746,0.7967277,6.256792,6.2346454,0.0,0.0,1.0,1.0
3747,0.7967277,6.263644,6.231494,0.0,0.0,1.0,1.0
3748,0.815249,6.2235036,6.2255535,0.0,0.0,1.0,1.0
3749,0.815249,6.1906853,6.2143583,0.0,0.0,1.0,1.0
3750,0.815249,6.17919,6.196023,0.0,0.0,1.0,1.0
3751,0.815249,6.1720357,6.17436,0.0,0.0,1.0,1.0
3752,0.8337612,6.1736956,6.1467295,0.0,0.0,1.0,1.0
3753,0.8337612,6.173138,6.114147,0.0,0.0,1.0,1.0
3754,0.8337612,6.090028,6.0791535,0.0,0.0,1.0,1.0
3755,0.8337612,6.035256,6.0449553,0.0,0.0,1.0,1.0
3756,0.8337612,6.021433,6.010668,0.0,0.0,1.0,1.0
3757,0.8337612,5.981351,5.9816303,0.0,0.0,1.0,1.0
3758,0.8337612,5.8658056,5.952341,0.0,0.0,1.0,1.0
3759,0.8337612,5.8437185,5.9195395,0.0,0.0,1.0,1.0
3760,0.8337612,5.8131294,5.8832364,0.0,0.0,1.0,1.0
3761,0.8337612,5.7792335,5.8513317,0.0,0.0,1.0,1.0
3762,0.8337612,5.830743,5.820292,0.0,0.0,1.0,1.0
3763,0.8337612,5.820564,5.79439,0.0,0.0,1.0,1.0
3764,0.8337612,5.7800717,5.767539,0.0,0.0,1.0,1.0
3765,0.8337612,5.737504,5.746056,0.0,0.0,1.0,1.0
3766,0.8337612,5.7071743,5.731222,0.0,0.0,1.0,1.0
3767,0.8337612,5.6627784,5.715051,0.0,0.0,1.0,1.0
3768,0.815249,5.7106113,5.7058268,0.0,0.0,1.0,1.0
3769,0.815249,5.659135,5.695624,0.0,0.0,1.0,1.0
3770,0.815249,5.6080127,5.6782527,0.0,0.0,1.0,1.0
3771,0.815249,5.665709,5.6571507,0.0,0.0,1.0,1.0
3772,0.815249,5.619076,5.6443377,0.0,0.0,1.0,1.0
3773,0.815249,5.6685414,5.6287975,0.0,0.0,1.0,1.0
3774,0.7967277,5.708311,5.610347,0.0,0.0,1.0,1.0
3775,0.7967277,5.612108,5.5886865,0.0,0.0,1.0,1.0
3776,0.7967277,5.526846,5.5836744,0.0,0.0,1.0,1.0
3777,0.7781972,5.5837483,5.594371,0.0,0.0,1.0,1.0
3778,0.7781972,5.5206923,5.613624,0.0,0.0,1.0,1.0
3779,0.7781972,5.441368,5.639963,0.0,0.0,1.0,1.0
3780,0.7781972,5.4506917,5.6736,0.0,0.0,1.0,1.0
3781,0.7596572,5.5989904,5.715746,0.0,0.0,1.0,1.0
3782,0.7596572,5.736366,5.7710214,0.0,0.0,1.0,1.0
3783,0.7596572,5.8967524,5.843394,0.0,0.0,1.0,1.0
3784,0.74110746,5.93514,5.912454,0.0,0.0,1.0,1.0
3785,0.74110746,6.0721893,6.0019407,0.0,0.0,1.0,1.0
3786,0.74110746,6.2140603,6.1093526,0.0,0.0,1.0,1.0
3787,0.7225478,6.27541,6.233513,0.0,0.0,1.0,1.0
3788,0.7225478,6.395317,6.353282,0.0,0.0,1.0,1.0
3789,0.7225478,6.4124737,6.4797173,0.0,0.0,1.0,1.0
3790,0.703978,6.5945277,6.612665,0.0,0.0,1.0,1.0
3791,0.703978,6.730313,6.7618055,0.0,0.0,1.0,1.0
3792,0.703978,6.9406123,6.9056706,0.0,0.0,1.0,1.0
3793,0.703978,7.0362234,7.036161,0.0,0.0,1.0,1.0
3794,0.68539786,7.25359,7.164845,0.0,0.0,1.0,1.0
3795,0.68539786,7.492123,7.2914243,0.0,0.0,1.0,1.0
3796,0.68539786,7.7248287,7.424716,0.0,0.0,1.0,1.0
3797,0.68539786,7.798571,7.554011,0.0,0.0,1.0,1.0
3798,0.68539786,7.7799416,7.6759386,0.0,0.0,1.0,1.0
3799,0.68539786,7.819619,7.7915745,0.0,0.0,1.0,1.0
3800,0.68539786,7.9142675,7.9035187,0.0,0.0,1.0,1.0
3801,0.68539786,8.011972,7.997726,0.0,0.0,1.0,1.0
3802,0.68539786,8.146066,8.080473,0.0,0.0,1.0,1.0
3803,0.66680706,8.19345,8.147365,0.0,0.0,1.0,1.0
3804,0.68539786,8.328239,8.201456,0.0,0.0,1.0,1.0
3805,0.68539786,8.379553,8.248058,0.0,0.0,1.0,1.0
3806,0.68539786,8.384083,8.295955,0.0,0.0,1.0,1.0
3807,0.68539786,8.485088,8.32361,0.0,0.0,1.0,1.0
3808,0.68539786,8.527529,8.339067,0.0,0.0,1.0,1.0
3809,0.68539786,8.447662,8.351808,0.0,0.0,1.0,1.0
3810,0.68539786,8.339168,8.352466,0.0,0.0,1.0,1.0
3811,0.68539786,8.39438,8.33135,0.0,0.0,1.0,1.0
3812,0.68539786,8.246136,8.29834,0.0,0.0,1.0,1.0
3813,0.68539786,8.197455,8.255347,0.0,0.0,1.0,1.0
3814,0.68539786,8.29895,8.199285,0.0,0.0,1.0,1.0
3815,0.68539786,8.201342,8.130572,0.0,0.0,1.0,1.0
3816,0.68539786,8.074855,8.065711,0.0,0.0,1.0,1.0
3817,0.703978,7.9834366,8.006966,0.0,0.0,1.0,1.0
3818,0.703978,7.8681674,7.934575,0.0,0.0,1.0,1.0
3819,0.703978,7.8123336,7.864443,0.0,0.0,1.0,1.0
3820,0.703978,7.702985,7.8098307,0.0,0.0,1.0,1.0
3821,0.703978,7.669329,7.7482147,0.0,0.0,1.0,1.0
3822,0.703978,7.634223,7.6870527,0.0,0.0,1.0,1.0
3823,0.703978,7.525687,7.640891,0.0,0.0,1.0,1.0
3824,0.703978,7.4045515,7.599816,0.0,0.0,1.0,1.0
3825,0.703978,7.542109,7.560189,0.0,0.0,1.0,1.0
3826,0.703978,7.559557,7.529515,0.0,0.0,1.0,1.0
3827,0.703978,7.4673986,7.513758,0.0,0.0,1.0,1.0
3828,0.703978,7.5209146,7.4977818,0.0,0.0,1.0,1.0
3829,0.7225478,7.490533,7.4779243,0.0,0.0,1.0,1.0
3830,0.7225478,7.392642,7.4603534,0.0,0.0,1.0,1.0
3831,0.7225478,7.4442487,7.446887,0.0,0.0,1.0,1.0
3832,0.7225478,7.5139055,7.414935,0.0,0.0,1.0,1.0
3833,0.7225478,7.477614,7.375529,0.0,0.0,1.0,1.0
3834,0.7225478,7.3959303,7.3403926,0.0,0.0,1.0,1.0
3835,0.7225478,7.3148346,7.298223,0.0,0.0,1.0,1.0
3836,0.7225478,7.242957,7.242569,0.0,0.0,1.0,1.0
3837,0.7225478,7.1586857,7.205965,0.0,0.0,1.0,1.0
3838,0.7225478,7.08668,7.169863,0.0,0.0,1.0,1.0
3839,0.7225478,7.0457683,7.135654,0.0,0.0,1.0,1.0
3840,0.7225478,7.0148773,7.1107206,0.0,0.0,1.0,1.0
3841,0.7225478,6.8226843,7.088043,0.0,0.0,1.0,1.0
3842,0.7225478,6.9533978,7.0634594,0.0,0.0,1.0,1.0
3843,0.7225478,7.011022,7.0357256,0.0,0.0,1.0,1.0
3844,0.7225478,7.103398,7.011527,0.0,0.0,1.0,1.0
3845,0.7225478,7.1784105,6.9961333,0.0,0.0,1.0,1.0
3846,0.74110746,7.1238027,6.9841228,0.0,0.0,1.0,1.0
3847,0.74110746,7.019829,6.9831595,0.0,0.0,1.0,1.0
3848,0.74110746,6.9101534,6.995398,0.0,0.0,1.0,1.0
3849,0.7596572,6.8683023,6.995394,0.0,0.0,1.0,1.0
3850,0.7596572,6.901953,6.9852138,0.0,0.0,1.0,1.0
3851,0.7596572,6.901643,6.9612746,0.0,0.0,1.0,1.0
3852,0.7781972,7.003319,6.92629,0.0,0.0,1.0,1.0
3853,0.7781972,6.9695477,6.876568,0.0,0.0,1.0,1.0
3854,0.7967277,6.9533486,6.814694,0.0,0.0,1.0,1.0
3855,0.7967277,6.888859,6.746621,0.0,0.0,1.0,1.0
3856,0.7967277,6.81613,6.668601,0.0,0.0,1.0,1.0
3857,0.7967277,6.7585907,6.585994,0.0,0.0,1.0,1.0
3858,0.7967277,6.5271363,6.502653,0.0,0.0,1.0,1.0
3859,0.7967277,6.277343,6.410862,0.0,0.0,1.0,1.0
3860,0.815249,6.0932817,6.3195877,0.0,0.0,1.0,1.0
3861,0.815249,5.9320617,6.2248354,0.0,0.0,1.0,1.0
3862,0.815249,5.9106674,6.133462,0.0,0.0,1.0,1.0
3863,0.815249,5.9015503,6.039953,0.0,0.0,1.0,1.0
3864,0.815249,5.9018297,5.952466,0.0,0.0,1.0,1.0
3865,0.815249,5.874255,5.8848953,0.0,0.0,1.0,1.0
3866,0.815249,5.816319,5.8415117,0.0,0.0,1.0,1.0
3867,0.815249,5.7923775,5.816137,0.0,0.0,1.0,1.0
3868,0.815249,5.6940274,5.8105664,0.0,0.0,1.0,1.0
3869,0.7967277,5.7087445,5.806659,0.0,0.0,1.0,1.0
3870,0.7967277,5.716284,5.8113775,0.0,0.0,1.0,1.0
3871,0.7967277,5.75674,5.8140583,0.0,0.0,1.0,1.0
3872,0.7967277,5.7887845,5.8244243,0.0,0.0,1.0,1.0
3873,0.7967277,5.865216,5.8374295,0.0,0.0,1.0,1.0
3874,0.7967277,5.8637843,5.858796,0.0,0.0,1.0,1.0
3875,0.7967277,5.958167,5.898117,0.0,0.0,1.0,1.0
3876,0.7781972,5.934002,5.946203,0.0,0.0,1.0,1.0
3877,0.7781972,5.9986477,5.9921265,0.0,0.0,1.0,1.0
3878,0.7781972,5.9723783,6.0433583,0.0,0.0,1.0,1.0
3879,0.7781972,6.04878,6.100124,0.0,0.0,1.0,1.0
3880,0.7781972,6.1658783,6.157633,0.0,0.0,1.0,1.0
3881,0.7596572,6.285776,6.223036,0.0,0.0,1.0,1.0
3882,0.7596572,6.2673626,6.288355,0.0,0.0,1.0,1.0
3883,0.7596572,6.371523,6.363075,0.0,0.0,1.0,1.0
3884,0.74110746,6.469972,6.4347644,0.0,0.0,1.0,1.0
3885,0.74110746,6.5553203,6.5211687,0.0,0.0,1.0,1.0
3886,0.74110746,6.648623,6.6065865,0.0,0.0,1.0,1.0
3887,0.7225478,6.7419977,6.6941338,0.0,0.0,1.0,1.0
3888,0.7225478,6.8306394,6.775327,0.0,0.0,1.0,1.0
3889,0.7225478,6.858924,6.869394,0.0,0.0,1.0,1.0
3890,0.7225478,7.009229,6.959306,0.0,0.0,1.0,1.0
3891,0.7225478,7.073795,7.0409446,0.0,0.0,1.0,1.0
3892,0.703978,7.216441,7.1138744,0.0,0.0,1.0,1.0
3893,0.703978,7.260102,7.1967354,0.0,0.0,1.0,1.0
3894,0.703978,7.396158,7.273806,0.0,0.0,1.0,1.0
3895,0.703978,7.450468,7.3445234,0.0,0.0,1.0,1.0
3896,0.703978,7.449635,7.4183307,0.0,0.0,1.0,1.0
3897,0.703978,7.4304805,7.4766035,0.0,0.0,1.0,1.0
3898,0.703978,7.6429553,7.5287533,0.0,0.0,1.0,1.0
3899,0.68539786,7.6668468,7.5671034,0.0,0.0,1.0,1.0
3900,0.703978,7.6792474,7.598569,0.0,0.0,1.0,1.0
3901,0.68539786,7.7446094,7.6110153,0.0,0.0,1.0,1.0
3902,0.68539786,7.7085056,7.6147947,0.0,0.0,1.0,1.0
3903,0.68539786,7.6995907,7.6126723,0.0,0.0,1.0,1.0
3904,0.703978,7.6766405,7.6057687,0.0,0.0,1.0,1.0
3905,0.703978,7.637687,7.5837274,0.0,0.0,1.0,1.0
3906,0.703978,7.5455174,7.556656,0.0,0.0,1.0,1.0
3907,0.703978,7.49582,7.524937,0.0,0.0,1.0,1.0
3908,0.68539786,7.4241657,7.488352,0.0,0.0,1.0,1.0
3909,0.703978,7.3476396,7.4448094,0.0,0.0,1.0,1.0
3910,0.703978,7.37846,7.399794,0.0,0.0,1.0,1.0
3911,0.68539786,7.3419867,7.3560376,0.0,0.0,1.0,1.0
3912,0.703978,7.298623,7.3120427,0.0,0.0,1.0,1.0
3913,0.703978,7.3055863,7.275147,0.0,0.0,1.0,1.0
3914,0.703978,7.185996,7.248075,0.0,0.0,1.0,1.0
3915,0.703978,7.1594086,7.239704,0.0,0.0,1.0,1.0
3916,0.703978,7.151559,7.2424917,0.0,0.0,1.0,1.0
3917,0.703978,7.1097527,7.2519226,0.0,0.0,1.0,1.0
3918,0.703978,7.1027684,7.272134,0.0,0.0,1.0,1.0
3919,0.703978,7.1709557,7.3051057,0.0,0.0,1.0,1.0
3920,0.703978,7.3237133,7.346299,0.0,0.0,1.0,1.0
3921,0.703978,7.3810897,7.398008,0.0,0.0,1.0,1.0
3922,0.703978,7.4916325,7.450279,0.0,0.0,1.0,1.0
3923,0.703978,7.584519,7.5015545,0.0,0.0,1.0,1.0
3924,0.703978,7.694287,7.559737,0.0,0.0,1.0,1.0
3925,0.703978,7.799908,7.6253476,0.0,0.0,1.0,1.0
3926,0.703978,7.806502,7.6916857,0.0,0.0,1.0,1.0
3927,0.7225478,7.786665,7.74003,0.0,0.0,1.0,1.0
3928,0.703978,7.766864,7.7905803,0.0,0.0,1.0,1.0
3929,0.703978,7.807942,7.8324137,0.0,0.0,1.0,1.0
3930,0.7225478,7.890092,7.8678627,0.0,0.0,1.0,1.0
3931,0.7225478,7.9670153,7.8900294,0.0,0.0,1.0,1.0
3932,0.7225478,7.903843,7.9098525,0.0,0.0,1.0,1.0
3933,0.7225478,7.9876933,7.932095,0.0,0.0,1.0,1.0
3934,0.7225478,7.993633,7.958689,0.0,0.0,1.0,1.0
3935,0.7225478,8.009906,7.9862676,0.0,0.0,1.0,1.0
3936,0.7225478,7.9602895,8.012079,0.0,0.0,1.0,1.0
3937,0.7225478,8.037787,8.028874,0.0,0.0,1.0,1.0
3938,0.7225478,8.073409,8.046392,0.0,0.0,1.0,1.0
3939,0.7225478,8.105799,8.075201,0.0,0.0,1.0,1.0
3940,0.7225478,8.097801,8.097644,0.0,0.0,1.0,1.0
3941,0.7225478,8.117686,8.120701,0.0,0.0,1.0,1.0
3942,0.7225478,8.091635,8.139367,0.0,0.0,1.0,1.0
3943,0.74110746,8.177227,8.1674185,0.0,0.0,1.0,1.0
3944,0.74110746,8.249545,8.185126,0.0,0.0,1.0,1.0
3945,0.74110746,8.257006,8.212768,0.0,0.0,1.0,1.0
3946,0.7596572,8.270318,8.24068,0.0,0.0,1.0,1.0
3947,0.7596572,8.233903,8.271145,0.0,0.0,1.0,1.0
3948,0.7596572,8.296901,8.294638,0.0,0.0,1.0,1.0
3949,0.7781972,8.250282,8.313513,0.0,0.0,1.0,1.0
3950,0.7781972,8.405112,8.319305,0.0,0.0,1.0,1.0
3951,0.7781972,8.44074,8.308501,0.0,0.0,1.0,1.0
3952,0.7967277,8.463384,8.298412,0.0,0.0,1.0,1.0
3953,0.7967277,8.399596,8.298528,0.0,0.0,1.0,1.0
3954,0.7967277,8.318146,8.300497,0.0,0.0,1.0,1.0
3955,0.7967277,8.246737,8.28735,0.0,0.0,1.0,1.0
3956,0.815249,8.119896,8.276697,0.0,0.0,1.0,1.0
3957,0.7967277,8.135933,8.242482,0.0,0.0,1.0,1.0
3958,0.815249,8.271708,8.19719,0.0,0.0,1.0,1.0
3959,0.815249,8.257529,8.142758,0.0,0.0,1.0,1.0
3960,0.815249,8.13913,8.085133,0.0,0.0,1.0,1.0
3961,0.815249,8.122454,8.019334,0.0,0.0,1.0,1.0
3962,0.815249,7.9945374,7.9467816,0.0,0.0,1.0,1.0
3963,0.815249,7.897231,7.873602,0.0,0.0,1.0,1.0
3964,0.815249,7.8102036,7.7932687,0.0,0.0,1.0,1.0
3965,0.815249,7.708086,7.6969438,0.0,0.0,1.0,1.0
3966,0.815249,7.5285645,7.6002336,0.0,0.0,1.0,1.0
3967,0.815249,7.376109,7.5170493,0.0,0.0,1.0,1.0
3968,0.7967277,7.2417397,7.4250793,0.0,0.0,1.0,1.0
3969,0.7967277,7.1719313,7.3196974,0.0,0.0,1.0,1.0
3970,0.7967277,7.1158123,7.2213783,0.0,0.0,1.0,1.0
3971,0.7967277,7.0970035,7.135294,0.0,0.0,1.0,1.0
3972,0.7967277,7.140922,7.0537453,0.0,0.0,1.0,1.0
3973,0.7967277,7.018809,6.99282,0.0,0.0,1.0,1.0
3974,0.7781972,6.7299576,6.9501038,0.0,0.0,1.0,1.0
3975,0.7781972,6.717401,6.924092,0.0,0.0,1.0,1.0
3976,0.7781972,6.777193,6.9095006,0.0,0.0,1.0,1.0
3977,0.7781972,6.7295003,6.908453,0.0,0.0,1.0,1.0
3978,0.7596572,6.7974596,6.914185,0.0,0.0,1.0,1.0
3979,0.7596572,6.863516,6.9207535,0.0,0.0,1.0,1.0
3980,0.7596572,6.9295974,6.945334,0.0,0.0,1.0,1.0
3981,0.74110746,6.996834,6.9893723,0.0,0.0,1.0,1.0
3982,0.74110746,7.103245,7.0323153,0.0,0.0,1.0,1.0
3983,0.74110746,7.165789,7.0732913,0.0,0.0,1.0,1.0
3984,0.74110746,7.21974,7.136106,0.0,0.0,1.0,1.0
3985,0.7225478,7.3137755,7.1995587,0.0,0.0,1.0,1.0
3986,0.7225478,7.258417,7.2498283,0.0,0.0,1.0,1.0
3987,0.7225478,7.232716,7.2870226,0.0,0.0,1.0,1.0
3988,0.7225478,7.2689047,7.329121,0.0,0.0,1.0,1.0
3989,0.7225478,7.4832807,7.372627,0.0,0.0,1.0,1.0
3990,0.7225478,7.5588913,7.4189425,0.0,0.0,1.0,1.0
3991,0.7225478,7.46675,7.4490414,0.0,0.0,1.0,1.0
3992,0.7225478,7.3759265,7.460313,0.0,0.0,1.0,1.0
3993,0.7225478,7.5020185,7.488864,0.0,0.0,1.0,1.0
3994,0.74110746,7.625312,7.5411615,0.0,0.0,1.0,1.0
3995,0.74110746,7.721578,7.581794,0.0,0.0,1.0,1.0
3996,0.74110746,7.580924,7.5922627,0.0,0.0,1.0,1.0
3997,0.7596572,7.4490347,7.600009,0.0,0.0,1.0,1.0
3998,0.7596572,7.6010294,7.612386,0.0,0.0,1.0,1.0
3999,0.7596572,7.8602886,7.6263566,0.0,0.0,1.0,1.0
4000,0.7781972,7.7564898,7.6256914,0.0,0.0,1.0,1.0
4001,0.7781972,7.608912,7.629827,0.0,0.0,1.0,1.0
4002,0.7781972,7.6518426,7.6300483,0.0,0.0,1.0,1.0
4003,0.7967277,7.615279,7.6478076,0.0,0.0,1.0,1.0
4004,0.7967277,7.5435734,7.673714,0.0,0.0,1.0,1.0
4005,0.7967277,7.494035,7.6823573,0.0,0.0,1.0,1.0
4006,0.815249,7.6749377,7.6696706,0.0,0.0,1.0,1.0
4007,0.815249,7.724231,7.683107,0.0,0.0,1.0,1.0
4008,0.815249,7.7940383,7.7182784,0.0,0.0,1.0,1.0
4009,0.815249,7.7599163,7.73235,0.0,0.0,1.0,1.0
4010,0.8337612,7.7047434,7.727417,0.0,0.0,1.0,1.0
4011,0.8337612,7.7080503,7.731725,0.0,0.0,1.0,1.0
4012,0.8337612,7.917722,7.742982,0.0,0.0,1.0,1.0
4013,0.8337612,8.030974,7.739268,0.0,0.0,1.0,1.0
4014,0.85226464,7.820698,7.731825,0.0,0.0,1.0,1.0
4015,0.85226464,7.556086,7.71938,0.0,0.0,1.0,1.0
4016,0.85226464,7.5952706,7.6962113,0.0,0.0,1.0,1.0
4017,0.85226464,7.629114,7.6628613,0.0,0.0,1.0,1.0
4018,0.85226464,7.630368,7.6279287,0.0,0.0,1.0,1.0
4019,0.85226464,7.6349144,7.574903,0.0,0.0,1.0,1.0
4020,0.85226464,7.6447005,7.4979105,0.0,0.0,1.0,1.0
4021,0.8707594,7.481894,7.422139,0.0,0.0,1.0,1.0
4022,0.8707594,7.304545,7.3591003,0.0,0.0,1.0,1.0
4023,0.8707594,7.2888594,7.2766566,0.0,0.0,1.0,1.0
4024,0.8707594,7.28141,7.1847343,0.0,0.0,1.0,1.0
4025,0.8707594,7.1070657,7.0938587,0.0,0.0,1.0,1.0
4026,0.8707594,6.9114394,6.9928055,0.0,0.0,1.0,1.0
4027,0.8707594,6.799622,6.888016,0.0,0.0,1.0,1.0
4028,0.8707594,6.605946,6.803929,0.0,0.0,1.0,1.0
4029,0.8707594,6.526048,6.73336,0.0,0.0,1.0,1.0
4030,0.8707594,6.539862,6.664019,0.0,0.0,1.0,1.0
4031,0.8707594,6.4222713,6.6051636,0.0,0.0,1.0,1.0
4032,0.8707594,6.387233,6.5585923,0.0,0.0,1.0,1.0
4033,0.8707594,6.472845,6.5253,0.0,0.0,1.0,1.0
4034,0.8707594,6.4577165,6.497137,0.0,0.0,1.0,1.0
4035,0.8707594,6.4567714,6.4820075,0.0,0.0,1.0,1.0
4036,0.8707594,6.5751443,6.4743376,0.0,0.0,1.0,1.0
4037,0.8707594,6.5482073,6.4715996,0.0,0.0,1.0,1.0
4038,0.8707594,6.5119305,6.4743376,0.0,0.0,1.0,1.0
4039,0.8707594,6.46167,6.485441,0.0,0.0,1.0,1.0
4040,0.88924587,6.4243937,6.508127,0.0,0.0,1.0,1.0
4041,0.88924587,6.4340086,6.5291686,0.0,0.0,1.0,1.0
4042,0.88924587,6.5070057,6.5756392,0.0,0.0,1.0,1.0
4043,0.88924587,6.455124,6.6294384,0.0,0.0,1.0,1.0
4044,0.9077241,6.520479,6.6894526,0.0,0.0,1.0,1.0
4045,0.9077241,6.745076,6.765342,0.0,0.0,1.0,1.0
4046,0.9077241,6.7102113,6.8566604,0.0,0.0,1.0,1.0
4047,0.9077241,7.0144205,6.9383316,0.0,0.0,1.0,1.0
4048,0.9077241,7.220737,7.020093,0.0,0.0,1.0,1.0
4049,0.9261943,7.268374,7.0977206,0.0,0.0,1.0,1.0
4050,0.9261943,7.4226074,7.1911497,0.0,0.0,1.0,1.0
4051,0.9261943,7.5574884,7.281957,0.0,0.0,1.0,1.0
4052,0.9261943,7.4044485,7.3677077,0.0,0.0,1.0,1.0
4053,0.9261943,7.415141,7.457292,0.0,0.0,1.0,1.0
4054,0.9261943,7.438539,7.5213566,0.0,0.0,1.0,1.0
4055,0.9261943,7.576277,7.5665464,0.0,0.0,1.0,1.0
4056,0.9261943,7.610167,7.5891013,0.0,0.0,1.0,1.0
4057,0.9261943,7.774084,7.5951214,0.0,0.0,1.0,1.0
4058,0.9261943,7.785221,7.5706367,0.0,0.0,1.0,1.0
4059,0.9261943,7.783197,7.545969,0.0,0.0,1.0,1.0
4060,0.9261943,7.7630115,7.510635,0.0,0.0,1.0,1.0
4061,0.9077241,7.5390368,7.4627795,0.0,0.0,1.0,1.0
4062,0.9077241,7.4948435,7.3864074,0.0,0.0,1.0,1.0
4063,0.9077241,7.2636743,7.306056,0.0,0.0,1.0,1.0
4064,0.9077241,7.1084375,7.214166,0.0,0.0,1.0,1.0
4065,0.9077241,6.9911313,7.1189175,0.0,0.0,1.0,1.0
4066,0.88924587,6.8642735,7.0069885,0.0,0.0,1.0,1.0
4067,0.88924587,6.6598115,6.8880687,0.0,0.0,1.0,1.0
4068,0.88924587,6.64595,6.777182,0.0,0.0,1.0,1.0
4069,0.88924587,6.6714087,6.6628704,0.0,0.0,1.0,1.0
4070,0.8707594,6.6422367,6.5683966,0.0,0.0,1.0,1.0
4071,0.8707594,6.440046,6.490773,0.0,0.0,1.0,1.0
4072,0.8707594,6.3359723,6.427615,0.0,0.0,1.0,1.0
4073,0.85226464,6.2083993,6.3812485,0.0,0.0,1.0,1.0
4074,0.85226464,6.123104,6.3532286,0.0,0.0,1.0,1.0
4075,0.85226464,6.129991,6.328071,0.0,0.0,1.0,1.0
4076,0.8337612,6.1769547,6.3048143,0.0,0.0,1.0,1.0
4077,0.8337612,6.233236,6.2859874,0.0,0.0,1.0,1.0
4078,0.8337612,6.3078694,6.285384,0.0,0.0,1.0,1.0
4079,0.8337612,6.3235726,6.2960153,0.0,0.0,1.0,1.0
4080,0.815249,6.3440638,6.317727,0.0,0.0,1.0,1.0
4081,0.815249,6.3923283,6.3469977,0.0,0.0,1.0,1.0
4082,0.7967277,6.4163127,6.3810334,0.0,0.0,1.0,1.0
4083,0.7967277,6.432804,6.425553,0.0,0.0,1.0,1.0
4084,0.7967277,6.4635496,6.4709587,0.0,0.0,1.0,1.0
4085,0.7967277,6.468938,6.54079,0.0,0.0,1.0,1.0
4086,0.7781972,6.4743543,6.6097894,0.0,0.0,1.0,1.0
4087,0.7781972,6.5384197,6.674687,0.0,0.0,1.0,1.0
4088,0.7781972,6.7111864,6.7350674,0.0,0.0,1.0,1.0
4089,0.7781972,6.778108,6.7890472,0.0,0.0,1.0,1.0
4090,0.7967277,7.145841,6.8384986,0.0,0.0,1.0,1.0
4091,0.7967277,7.1515684,6.88083,0.0,0.0,1.0,1.0
4092,0.7967277,7.1228347,6.9190354,0.0,0.0,1.0,1.0
4093,0.7967277,7.11689,6.9550767,0.0,0.0,1.0,1.0
4094,0.815249,7.0640717,7.022369,0.0,0.0,1.0,1.0
4095,0.815249,7.026222,7.0792227,0.0,0.0,1.0,1.0
4096,0.815249,6.9715242,7.131248,0.0,0.0,1.0,1.0
4097,0.8337612,6.927402,7.155078,0.0,0.0,1.0,1.0
4098,0.8337612,6.9068513,7.180788,0.0,0.0,1.0,1.0
4099,0.8337612,7.3459263,7.2009015,0.0,0.0,1.0,1.0
4100,0.8337612,7.3934307,7.215293,0.0,0.0,1.0,1.0
4101,0.85226464,7.402411,7.224395,0.0,0.0,1.0,1.0
4102,0.85226464,7.4318027,7.2369914,0.0,0.0,1.0,1.0
4103,0.85226464,7.4600916,7.2553005,0.0,0.0,1.0,1.0
4104,0.8707594,7.364194,7.278466,0.0,0.0,1.0,1.0
4105,0.8707594,7.289585,7.3035274,0.0,0.0,1.0,1.0
4106,0.8707594,7.173294,7.29478,0.0,0.0,1.0,1.0
4107,0.8707594,7.1773815,7.2839622,0.0,0.0,1.0,1.0
4108,0.8707594,7.1912384,7.2698402,0.0,0.0,1.0,1.0
4109,0.8707594,7.2053885,7.250154,0.0,0.0,1.0,1.0
4110,0.8707594,7.2075844,7.2061477,0.0,0.0,1.0,1.0
4111,0.88924587,7.2409554,7.167625,0.0,0.0,1.0,1.0
4112,0.88924587,7.26362,7.129126,0.0,0.0,1.0,1.0
4113,0.88924587,7.232949,7.1011686,0.0,0.0,1.0,1.0
4114,0.88924587,7.195568,7.0702543,0.0,0.0,1.0,1.0
4115,0.88924587,6.9320154,7.038053,0.0,0.0,1.0,1.0
4116,0.9077241,6.9019184,7.003587,0.0,0.0,1.0,1.0
4117,0.9077241,6.827598,6.958685,0.0,0.0,1.0,1.0
4118,0.9077241,6.8378067,6.906715,0.0,0.0,1.0,1.0
4119,0.9077241,6.8064084,6.8476915,0.0,0.0,1.0,1.0
4120,0.9077241,6.804823,6.785155,0.0,0.0,1.0,1.0
4121,0.9077241,6.7917953,6.722295,0.0,0.0,1.0,1.0
4122,0.9077241,6.6687603,6.6740346,0.0,0.0,1.0,1.0
4123,0.9077241,6.617315,6.6211147,0.0,0.0,1.0,1.0
4124,0.9077241,6.555339,6.5691376,0.0,0.0,1.0,1.0
4125,0.9077241,6.4825106,6.507063,0.0,0.0,1.0,1.0
4126,0.9077241,6.441246,6.4229455,0.0,0.0,1.0,1.0
4127,0.9077241,6.352896,6.3253126,0.0,0.0,1.0,1.0
4128,0.9077241,6.266881,6.226879,0.0,0.0,1.0,1.0
4129,0.9077241,6.203867,6.135577,0.0,0.0,1.0,1.0
4130,0.9077241,6.092916,6.073134,0.0,0.0,1.0,1.0
4131,0.9077241,5.796996,6.0403156,0.0,0.0,1.0,1.0
4132,0.9077241,5.6332307,6.0127783,0.0,0.0,1.0,1.0
4133,0.9077241,5.6105905,6.007292,0.0,0.0,1.0,1.0
4134,0.9077241,5.573138,6.0240707,0.0,0.0,1.0,1.0
4135,0.9077241,5.867996,6.066408,0.0,0.0,1.0,1.0
4136,0.9077241,6.161517,6.115649,0.0,0.0,1.0,1.0
4137,0.88924587,6.1520643,6.171372,0.0,0.0,1.0,1.0
4138,0.88924587,6.37541,6.256415,0.0,0.0,1.0,1.0
4139,0.88924587,6.5542407,6.3522243,0.0,0.0,1.0,1.0
4140,0.88924587,6.774928,6.450928,0.0,0.0,1.0,1.0
4141,0.88924587,6.7947598,6.559189,0.0,0.0,1.0,1.0
4142,0.88924587,6.7615924,6.65273,0.0,0.0,1.0,1.0
4143,0.88924587,6.817513,6.7298293,0.0,0.0,1.0,1.0
4144,0.88924587,6.7829437,6.8065023,0.0,0.0,1.0,1.0
4145,0.88924587,6.7950335,6.8613067,0.0,0.0,1.0,1.0
4146,0.8707594,6.8722687,6.8725624,0.0,0.0,1.0,1.0
4147,0.8707594,6.9904904,6.836598,0.0,0.0,1.0,1.0
4148,0.8707594,7.0867085,6.7962418,0.0,0.0,1.0,1.0
4149,0.8707594,7.072142,6.728032,0.0,0.0,1.0,1.0
4150,0.8707594,7.033059,6.639041,0.0,0.0,1.0,1.0
4151,0.8707594,6.689311,6.534061,0.0,0.0,1.0,1.0
4152,0.8707594,6.3433547,6.422584,0.0,0.0,1.0,1.0
4153,0.85226464,6.310484,6.3132954,0.0,0.0,1.0,1.0
4154,0.85226464,5.9430757,6.1959295,0.0,0.0,1.0,1.0
4155,0.85226464,5.7496204,6.0734186,0.0,0.0,1.0,1.0
4156,0.8337612,5.5231824,5.9556713,0.0,0.0,1.0,1.0
4157,0.8337612,5.4573107,5.84181,0.0,0.0,1.0,1.0
4158,0.8337612,5.5608044,5.7578897,0.0,0.0,1.0,1.0
4159,0.8337612,5.5821037,5.7012677,0.0,0.0,1.0,1.0
4160,0.815249,5.6165733,5.6471076,0.0,0.0,1.0,1.0
4161,0.815249,5.6591754,5.622206,0.0,0.0,1.0,1.0
4162,0.815249,5.666727,5.6133533,0.0,0.0,1.0,1.0
4163,0.7967277,5.6822653,5.6216683,0.0,0.0,1.0,1.0
4164,0.7967277,5.6638927,5.6334662,0.0,0.0,1.0,1.0
4165,0.7967277,5.6605597,5.63684,0.0,0.0,1.0,1.0
4166,0.7967277,5.644262,5.6367292,0.0,0.0,1.0,1.0
4167,0.7781972,5.6433835,5.631315,0.0,0.0,1.0,1.0
4168,0.7781972,5.62296,5.629994,0.0,0.0,1.0,1.0
4169,0.7781972,5.598889,5.6211605,0.0,0.0,1.0,1.0
4170,0.7781972,5.601287,5.6081467,0.0,0.0,1.0,1.0
4171,0.7596572,5.580774,5.601748,0.0,0.0,1.0,1.0
4172,0.7596572,5.551608,5.5979776,0.0,0.0,1.0,1.0
4173,0.74110746,5.64332,5.6044426,0.0,0.0,1.0,1.0
4174,0.74110746,5.5607257,5.6074123,0.0,0.0,1.0,1.0
4175,0.74110746,5.526099,5.61164,0.0,0.0,1.0,1.0
4176,0.7225478,5.5871096,5.625537,0.0,0.0,1.0,1.0
4177,0.7225478,5.615314,5.6433067,0.0,0.0,1.0,1.0
4178,0.7225478,5.721842,5.6716013,0.0,0.0,1.0,1.0
4179,0.703978,5.6790195,5.7101107,0.0,0.0,1.0,1.0
4180,0.703978,5.6736946,5.7488456,0.0,0.0,1.0,1.0
4181,0.68539786,5.765652,5.7970376,0.0,0.0,1.0,1.0
4182,0.68539786,5.814523,5.858195,0.0,0.0,1.0,1.0
4183,0.68539786,5.9203076,5.9247146,0.0,0.0,1.0,1.0
4184,0.68539786,6.0137196,5.986315,0.0,0.0,1.0,1.0
4185,0.68539786,6.1081424,6.048814,0.0,0.0,1.0,1.0
4186,0.68539786,6.139029,6.114622,0.0,0.0,1.0,1.0
4187,0.68539786,6.2599864,6.181444,0.0,0.0,1.0,1.0
4188,0.68539786,6.385342,6.2423735,0.0,0.0,1.0,1.0
4189,0.68539786,6.354519,6.2923326,0.0,0.0,1.0,1.0
4190,0.703978,6.4718304,6.3405027,0.0,0.0,1.0,1.0
4191,0.703978,6.468718,6.3906603,0.0,0.0,1.0,1.0
4192,0.703978,6.4755588,6.4349127,0.0,0.0,1.0,1.0
4193,0.703978,6.4968033,6.482414,0.0,0.0,1.0,1.0
4194,0.703978,6.4140363,6.5165997,0.0,0.0,1.0,1.0
4195,0.7225478,6.4983463,6.540146,0.0,0.0,1.0,1.0
4196,0.7225478,6.6156135,6.56486,0.0,0.0,1.0,1.0
4197,0.7225478,6.6391687,6.5847864,0.0,0.0,1.0,1.0
4198,0.7225478,6.7090406,6.604156,0.0,0.0,1.0,1.0
4199,0.74110746,6.6702213,6.6205406,0.0,0.0,1.0,1.0
4200,0.74110746,6.6678963,6.6462803,0.0,0.0,1.0,1.0
4201,0.74110746,6.651087,6.675188,0.0,0.0,1.0,1.0
4202,0.74110746,6.7109494,6.708271,0.0,0.0,1.0,1.0
4203,0.74110746,6.701152,6.741255,0.0,0.0,1.0,1.0
4204,0.74110746,6.6721745,6.7777143,0.0,0.0,1.0,1.0
4205,0.7596572,6.8056765,6.814076,0.0,0.0,1.0,1.0
4206,0.7596572,6.7609305,6.8536377,0.0,0.0,1.0,1.0
4207,0.7596572,6.895343,6.891221,0.0,0.0,1.0,1.0
4208,0.7596572,7.0114174,6.9247923,0.0,0.0,1.0,1.0
4209,0.7596572,7.0766854,6.948803,0.0,0.0,1.0,1.0
4210,0.7596572,7.14538,6.9838247,0.0,0.0,1.0,1.0
4211,0.7781972,7.144961,7.0157156,0.0,0.0,1.0,1.0
4212,0.7781972,7.1188955,7.03352,0.0,0.0,1.0,1.0
4213,0.7781972,7.0539403,7.0764546,0.0,0.0,1.0,1.0
4214,0.7781972,6.9990773,7.114906,0.0,0.0,1.0,1.0
4215,0.7781972,7.1214185,7.1392794,0.0,0.0,1.0,1.0
4216,0.7967277,7.0548625,7.145745,0.0,0.0,1.0,1.0
4217,0.7967277,7.019332,7.1525474,0.0,0.0,1.0,1.0
4218,0.7967277,7.2761407,7.144916,0.0,0.0,1.0,1.0
4219,0.7967277,7.356762,7.126948,0.0,0.0,1.0,1.0
4220,0.815249,7.3038974,7.109531,0.0,0.0,1.0,1.0
4221,0.815249,7.1542706,7.0933194,0.0,0.0,1.0,1.0
4222,0.8337612,7.227009,7.061481,0.0,0.0,1.0,1.0
4223,0.8337612,7.053385,7.029437,0.0,0.0,1.0,1.0
4224,0.85226464,6.903278,6.9996095,0.0,0.0,1.0,1.0
4225,0.85226464,6.844938,6.9500775,0.0,0.0,1.0,1.0
4226,0.85226464,6.8045406,6.8889713,0.0,0.0,1.0,1.0
4227,0.8707594,6.739356,6.831563,0.0,0.0,1.0,1.0
4228,0.8707594,6.670334,6.7905555,0.0,0.0,1.0,1.0
4229,0.8707594,6.661402,6.720609,0.0,0.0,1.0,1.0
4230,0.88924587,6.681756,6.652151,0.0,0.0,1.0,1.0
4231,0.88924587,6.62349,6.596655,0.0,0.0,1.0,1.0
4232,0.88924587,6.615,6.5469384,0.0,0.0,1.0,1.0
4233,0.9077241,6.662181,6.488721,0.0,0.0,1.0,1.0
4234,0.9077241,6.3876495,6.4342694,0.0,0.0,1.0,1.0
4235,0.9077241,6.2318873,6.3757796,0.0,0.0,1.0,1.0
4236,0.9077241,6.237324,6.3037286,0.0,0.0,1.0,1.0
4237,0.9077241,6.2483416,6.2176924,0.0,0.0,1.0,1.0
4238,0.9077241,6.1059318,6.1343837,0.0,0.0,1.0,1.0
4239,0.9077241,6.085934,6.0443487,0.0,0.0,1.0,1.0
4240,0.9077241,5.9684567,5.9400673,0.0,0.0,1.0,1.0
4241,0.9077241,5.7967916,5.8468637,0.0,0.0,1.0,1.0
4242,0.9077241,5.64932,5.7502437,0.0,0.0,1.0,1.0
4243,0.9077241,5.6237874,5.646806,0.0,0.0,1.0,1.0
4244,0.9077241,5.5345798,5.5310802,0.0,0.0,1.0,1.0
4245,0.9077241,5.410806,5.420609,0.0,0.0,1.0,1.0
4246,0.9077241,5.2692056,5.3060894,0.0,0.0,1.0,1.0
4247,0.9077241,5.072444,5.19517,0.0,0.0,1.0,1.0
4248,0.9077241,4.9960675,5.0917215,0.0,0.0,1.0,1.0
4249,0.88924587,4.8596396,4.99503,0.0,0.0,1.0,1.0
4250,0.88924587,4.780277,4.898726,0.0,0.0,1.0,1.0
4251,0.88924587,4.711699,4.812274,0.0,0.0,1.0,1.0
4252,0.88924587,4.637423,4.74164,0.0,0.0,1.0,1.0
4253,0.88924587,4.555409,4.684049,0.0,0.0,1.0,1.0
4254,0.8707594,4.489023,4.639983,0.0,0.0,1.0,1.0
4255,0.8707594,4.4681406,4.6053886,0.0,0.0,1.0,1.0
4256,0.8707594,4.4971533,4.584776,0.0,0.0,1.0,1.0
4257,0.8707594,4.5631976,4.5721817,0.0,0.0,1.0,1.0
4258,0.8707594,4.5781145,4.568088,0.0,0.0,1.0,1.0
4259,0.85226464,4.5436554,4.5728607,0.0,0.0,1.0,1.0
4260,0.85226464,4.580931,4.5866203,0.0,0.0,1.0,1.0
4261,0.85226464,4.612289,4.604635,0.0,0.0,1.0,1.0
4262,0.85226464,4.6291447,4.6234503,0.0,0.0,1.0,1.0
4263,0.85226464,4.662576,4.6402097,0.0,0.0,1.0,1.0
4264,0.8337612,4.6946926,4.6528606,0.0,0.0,1.0,1.0
4265,0.8337612,4.720524,4.667934,0.0,0.0,1.0,1.0
4266,0.815249,4.7051992,4.686592,0.0,0.0,1.0,1.0
4267,0.815249,4.6939287,4.7043386,0.0,0.0,1.0,1.0
4268,0.815249,4.6982613,4.7192235,0.0,0.0,1.0,1.0
4269,0.815249,4.715012,4.7351065,0.0,0.0,1.0,1.0
4270,0.7967277,4.758994,4.749433,0.0,0.0,1.0,1.0
4271,0.7967277,4.7675524,4.7615123,0.0,0.0,1.0,1.0
4272,0.7967277,4.793886,4.7774444,0.0,0.0,1.0,1.0
4273,0.7781972,4.790913,4.7944307,0.0,0.0,1.0,1.0
4274,0.7781972,4.81974,4.8112845,0.0,0.0,1.0,1.0
4275,0.7781972,4.8344955,4.8350773,0.0,0.0,1.0,1.0
4276,0.7596572,4.8396425,4.867037,0.0,0.0,1.0,1.0
4277,0.7596572,4.911706,4.9040685,0.0,0.0,1.0,1.0
4278,0.74110746,4.9090347,4.9542937,0.0,0.0,1.0,1.0
4279,0.74110746,4.896179,5.005397,0.0,0.0,1.0,1.0
4280,0.7225478,4.9837747,5.0668535,0.0,0.0,1.0,1.0
4281,0.7225478,5.098523,5.1300197,0.0,0.0,1.0,1.0
4282,0.7225478,5.203376,5.207191,0.0,0.0,1.0,1.0
4283,0.7225478,5.370253,5.297871,0.0,0.0,1.0,1.0
4284,0.703978,5.4071217,5.39632,0.0,0.0,1.0,1.0
4285,0.703978,5.528398,5.507948,0.0,0.0,1.0,1.0
4286,0.703978,5.577734,5.6331244,0.0,0.0,1.0,1.0
4287,0.68539786,5.7605467,5.7665763,0.0,0.0,1.0,1.0
4288,0.68539786,5.927804,5.898071,0.0,0.0,1.0,1.0
4289,0.68539786,6.093092,6.0369434,0.0,0.0,1.0,1.0
4290,0.68539786,6.2485757,6.1783466,0.0,0.0,1.0,1.0
4291,0.68539786,6.3982954,6.331732,0.0,0.0,1.0,1.0
4292,0.68539786,6.585197,6.4833,0.0,0.0,1.0,1.0
4293,0.68539786,6.6764545,6.639455,0.0,0.0,1.0,1.0
4294,0.68539786,6.869847,6.7795644,0.0,0.0,1.0,1.0
4295,0.66680706,7.0670967,6.9126506,0.0,0.0,1.0,1.0
4296,0.66680706,7.2477417,7.0318255,0.0,0.0,1.0,1.0
4297,0.66680706,7.347216,7.1436005,0.0,0.0,1.0,1.0
4298,0.68539786,7.451592,7.2388587,0.0,0.0,1.0,1.0
4299,0.66680706,7.441863,7.3164463,0.0,0.0,1.0,1.0
4300,0.66680706,7.524835,7.382878,0.0,0.0,1.0,1.0
4301,0.66680706,7.52319,7.4303317,0.0,0.0,1.0,1.0
4302,0.66680706,7.589878,7.45982,0.0,0.0,1.0,1.0
4303,0.66680706,7.541391,7.4657116,0.0,0.0,1.0,1.0
4304,0.66680706,7.516249,7.460153,0.0,0.0,1.0,1.0
4305,0.66680706,7.473632,7.439607,0.0,0.0,1.0,1.0
4306,0.66680706,7.439294,7.4116716,0.0,0.0,1.0,1.0
4307,0.68539786,7.4209533,7.3623013,0.0,0.0,1.0,1.0
4308,0.68539786,7.318446,7.304697,0.0,0.0,1.0,1.0
4309,0.68539786,7.2805147,7.2327447,0.0,0.0,1.0,1.0
4310,0.68539786,7.205041,7.1606393,0.0,0.0,1.0,1.0
4311,0.68539786,7.1066337,7.087173,0.0,0.0,1.0,1.0
4312,0.68539786,6.932396,7.013402,0.0,0.0,1.0,1.0
4313,0.68539786,6.8319373,6.936832,0.0,0.0,1.0,1.0
4314,0.68539786,6.7264476,6.8555245,0.0,0.0,1.0,1.0
4315,0.68539786,6.6761293,6.778582,0.0,0.0,1.0,1.0
4316,0.68539786,6.634653,6.7092476,0.0,0.0,1.0,1.0
4317,0.703978,6.588376,6.649132,0.0,0.0,1.0,1.0
4318,0.703978,6.520456,6.6007433,0.0,0.0,1.0,1.0
4319,0.703978,6.445265,6.573334,0.0,0.0,1.0,1.0
4320,0.7225478,6.3951335,6.5582848,0.0,0.0,1.0,1.0
4321,0.7225478,6.4485006,6.556077,0.0,0.0,1.0,1.0
4322,0.7225478,6.4836555,6.5599036,0.0,0.0,1.0,1.0
4323,0.7225478,6.5259686,6.5691323,0.0,0.0,1.0,1.0
4324,0.7225478,6.6034865,6.5815854,0.0,0.0,1.0,1.0
4325,0.74110746,6.6513476,6.599848,0.0,0.0,1.0,1.0
4326,0.74110746,6.699953,6.6247063,0.0,0.0,1.0,1.0
4327,0.74110746,6.722048,6.653466,0.0,0.0,1.0,1.0
4328,0.74110746,6.745398,6.675109,0.0,0.0,1.0,1.0
4329,0.74110746,6.7378125,6.6906157,0.0,0.0,1.0,1.0
4330,0.74110746,6.739604,6.7016397,0.0,0.0,1.0,1.0
4331,0.74110746,6.7435703,6.706517,0.0,0.0,1.0,1.0
4332,0.7596572,6.7402515,6.698337,0.0,0.0,1.0,1.0
4333,0.7596572,6.7082124,6.6824293,0.0,0.0,1.0,1.0
4334,0.7596572,6.669733,6.6608124,0.0,0.0,1.0,1.0
4335,0.7596572,6.6582575,6.6281533,0.0,0.0,1.0,1.0
4336,0.7596572,6.6620173,6.5818176,0.0,0.0,1.0,1.0
4337,0.7596572,6.553189,6.5337863,0.0,0.0,1.0,1.0
4338,0.7596572,6.509057,6.4847856,0.0,0.0,1.0,1.0
4339,0.7596572,6.4626436,6.4290757,0.0,0.0,1.0,1.0
4340,0.7596572,6.353491,6.3663917,0.0,0.0,1.0,1.0
4341,0.7596572,6.1817856,6.2983985,0.0,0.0,1.0,1.0
4342,0.7596572,6.16323,6.223628,0.0,0.0,1.0,1.0
4343,0.7596572,6.155559,6.143035,0.0,0.0,1.0,1.0
4344,0.7596572,6.071733,6.0667095,0.0,0.0,1.0,1.0
4345,0.7596572,5.9560056,5.9892254,0.0,0.0,1.0,1.0
4346,0.7596572,5.8538113,5.911148,0.0,0.0,1.0,1.0
4347,0.7596572,5.761013,5.8441944,0.0,0.0,1.0,1.0
4348,0.74110746,5.6949015,5.7831273,0.0,0.0,1.0,1.0
4349,0.74110746,5.6372857,5.7121263,0.0,0.0,1.0,1.0
4350,0.74110746,5.579247,5.629914,0.0,0.0,1.0,1.0
4351,0.74110746,5.525712,5.549675,0.0,0.0,1.0,1.0
4352,0.74110746,5.550052,5.478949,0.0,0.0,1.0,1.0
4353,0.7225478,5.448978,5.402709,0.0,0.0,1.0,1.0
4354,0.7225478,5.3112183,5.323837,0.0,0.0,1.0,1.0
4355,0.7225478,5.1690097,5.2462296,0.0,0.0,1.0,1.0
4356,0.7225478,5.1088676,5.172325,0.0,0.0,1.0,1.0
4357,0.7225478,5.1072907,5.1018105,0.0,0.0,1.0,1.0
4358,0.703978,4.93893,5.0320406,0.0,0.0,1.0,1.0
4359,0.703978,4.814551,4.9678206,0.0,0.0,1.0,1.0
4360,0.703978,4.763614,4.91084,0.0,0.0,1.0,1.0
4361,0.703978,4.7504315,4.8663516,0.0,0.0,1.0,1.0
4362,0.703978,4.7330713,4.8303766,0.0,0.0,1.0,1.0
4363,0.703978,4.6884727,4.7995644,0.0,0.0,1.0,1.0
4364,0.68539786,4.779411,4.779257,0.0,0.0,1.0,1.0
4365,0.68539786,4.7652116,4.77533,0.0,0.0,1.0,1.0
4366,0.68539786,4.7773585,4.7919726,0.0,0.0,1.0,1.0
4367,0.66680706,4.7373114,4.8224955,0.0,0.0,1.0,1.0
4368,0.66680706,4.73912,4.8649583,0.0,0.0,1.0,1.0
4369,0.66680706,4.863599,4.923814,0.0,0.0,1.0,1.0
4370,0.66680706,4.8918095,4.9984617,0.0,0.0,1.0,1.0
4371,0.64820546,5.0142612,5.0765367,0.0,0.0,1.0,1.0
4372,0.64820546,5.1298866,5.1679816,0.0,0.0,1.0,1.0
4373,0.6295927,5.2599893,5.269519,0.0,0.0,1.0,1.0
4374,0.6295927,5.439338,5.3858094,0.0,0.0,1.0,1.0
4375,0.6295927,5.584242,5.500191,0.0,0.0,1.0,1.0
4376,0.61096877,5.7163105,5.616454,0.0,0.0,1.0,1.0
4377,0.61096877,5.8625536,5.7405834,0.0,0.0,1.0,1.0
4378,0.61096877,5.9958024,5.869162,0.0,0.0,1.0,1.0
4379,0.61096877,6.1328034,5.9888077,0.0,0.0,1.0,1.0
4380,0.59233326,6.111701,6.0998845,0.0,0.0,1.0,1.0
4381,0.59233326,6.258754,6.206854,0.0,0.0,1.0,1.0
4382,0.59233326,6.3813586,6.3057456,0.0,0.0,1.0,1.0
4383,0.59233326,6.557207,6.3982253,0.0,0.0,1.0,1.0
4384,0.57368594,6.5656333,6.4825153,0.0,0.0,1.0,1.0
4385,0.57368594,6.5929117,6.556117,0.0,0.0,1.0,1.0
4386,0.57368594,6.722967,6.614559,0.0,0.0,1.0,1.0
4387,0.57368594,6.770942,6.6764407,0.0,0.0,1.0,1.0
4388,0.57368594,6.8260713,6.724325,0.0,0.0,1.0,1.0
4389,0.57368594,6.874032,6.7641897,0.0,0.0,1.0,1.0
4390,0.57368594,6.8790207,6.797603,0.0,0.0,1.0,1.0
4391,0.57368594,6.834111,6.837256,0.0,0.0,1.0,1.0
4392,0.57368594,6.8542776,6.880754,0.0,0.0,1.0,1.0
4393,0.5550267,6.8333697,6.917177,0.0,0.0,1.0,1.0
4394,0.5550267,6.859731,6.9515457,0.0,0.0,1.0,1.0
4395,0.5550267,6.958168,6.9914374,0.0,0.0,1.0,1.0
4396,0.57368594,7.0414705,7.0317764,0.0,0.0,1.0,1.0
4397,0.57368594,7.114884,7.0724616,0.0,0.0,1.0,1.0
4398,0.57368594,7.1600475,7.127355,0.0,0.0,1.0,1.0
4399,0.57368594,7.183365,7.1779537,0.0,0.0,1.0,1.0
4400,0.57368594,7.304771,7.2299123,0.0,0.0,1.0,1.0
4401,0.57368594,7.358102,7.286086,0.0,0.0,1.0,1.0
4402,0.57368594,7.3672404,7.347778,0.0,0.0,1.0,1.0
4403,0.57368594,7.4928327,7.402694,0.0,0.0,1.0,1.0
4404,0.57368594,7.461461,7.4689884,0.0,0.0,1.0,1.0
4405,0.57368594,7.4568763,7.5356507,0.0,0.0,1.0,1.0
4406,0.57368594,7.5338163,7.599076,0.0,0.0,1.0,1.0
4407,0.57368594,7.698465,7.6522493,0.0,0.0,1.0,1.0
4408,0.57368594,7.700468,7.6976295,0.0,0.0,1.0,1.0
4409,0.57368594,7.9104156,7.742636,0.0,0.0,1.0,1.0
4410,0.59233326,7.959996,7.775476,0.0,0.0,1.0,1.0
4411,0.57368594,7.944467,7.803226,0.0,0.0,1.0,1.0
4412,0.59233326,7.942854,7.8281903,0.0,0.0,1.0,1.0
4413,0.59233326,7.9026585,7.84671,0.0,0.0,1.0,1.0
4414,0.59233326,7.907325,7.8389997,0.0,0.0,1.0,1.0
4415,0.59233326,7.886907,7.8313146,0.0,0.0,1.0,1.0
4416,0.59233326,7.794462,7.8070197,0.0,0.0,1.0,1.0
4417,0.59233326,7.7564487,7.7677293,0.0,0.0,1.0,1.0
4418,0.59233326,7.756055,7.7184887,0.0,0.0,1.0,1.0
4419,0.59233326,7.605939,7.677464,0.0,0.0,1.0,1.0
4420,0.61096877,7.608248,7.625368,0.0,0.0,1.0,1.0
4421,0.61096877,7.6188774,7.563285,0.0,0.0,1.0,1.0
4422,0.61096877,7.48851,7.494505,0.0,0.0,1.0,1.0
4423,0.61096877,7.353578,7.4259458,0.0,0.0,1.0,1.0
4424,0.6295927,7.450561,7.3517013,0.0,0.0,1.0,1.0
4425,0.6295927,7.277505,7.2699633,0.0,0.0,1.0,1.0
4426,0.64820546,7.1623297,7.194446,0.0,0.0,1.0,1.0
4427,0.64820546,7.0615425,7.112984,0.0,0.0,1.0,1.0
4428,0.64820546,6.9717565,7.02715,0.0,0.0,1.0,1.0
4429,0.66680706,6.865511,6.949788,0.0,0.0,1.0,1.0
4430,0.66680706,6.7751994,6.884121,0.0,0.0,1.0,1.0
4431,0.68539786,6.699737,6.810236,0.0,0.0,1.0,1.0
4432,0.68539786,6.6307034,6.743529,0.0,0.0,1.0,1.0
4433,0.68539786,6.588867,6.6836834,0.0,0.0,1.0,1.0
4434,0.703978,6.560168,6.6338005,0.0,0.0,1.0,1.0
4435,0.703978,6.5655694,6.5807385,0.0,0.0,1.0,1.0
4436,0.703978,6.563944,6.5326967,0.0,0.0,1.0,1.0
4437,0.7225478,6.47702,6.491914,0.0,0.0,1.0,1.0
4438,0.7225478,6.444184,6.4578276,0.0,0.0,1.0,1.0
4439,0.7225478,6.4629455,6.4261217,0.0,0.0,1.0,1.0
4440,0.7225478,6.3350124,6.3962636,0.0,0.0,1.0,1.0
4441,0.7225478,6.2890096,6.363738,0.0,0.0,1.0,1.0
4442,0.7225478,6.2858076,6.327762,0.0,0.0,1.0,1.0
4443,0.7225478,6.2907014,6.286837,0.0,0.0,1.0,1.0
4444,0.7225478,6.2502327,6.246641,0.0,0.0,1.0,1.0
4445,0.74110746,6.230568,6.1984196,0.0,0.0,1.0,1.0
4446,0.7225478,6.169865,6.1408277,0.0,0.0,1.0,1.0
4447,0.74110746,6.133858,6.085005,0.0,0.0,1.0,1.0
4448,0.7225478,6.0728426,6.02931,0.0,0.0,1.0,1.0
4449,0.74110746,5.994668,5.9703197,0.0,0.0,1.0,1.0
4450,0.74110746,5.865525,5.904008,0.0,0.0,1.0,1.0
4451,0.74110746,5.77184,5.8353653,0.0,0.0,1.0,1.0
4452,0.7225478,5.6651416,5.763209,0.0,0.0,1.0,1.0
4453,0.7225478,5.6206756,5.6865826,0.0,0.0,1.0,1.0
4454,0.7225478,5.57792,5.6074824,0.0,0.0,1.0,1.0
4455,0.7225478,5.494959,5.5281034,0.0,0.0,1.0,1.0
4456,0.7225478,5.426518,5.450918,0.0,0.0,1.0,1.0
4457,0.7225478,5.3646917,5.381137,0.0,0.0,1.0,1.0
4458,0.7225478,5.250352,5.3176584,0.0,0.0,1.0,1.0
4459,0.7225478,5.1846576,5.2684383,0.0,0.0,1.0,1.0
4460,0.703978,5.1202927,5.220154,0.0,0.0,1.0,1.0
4461,0.703978,5.0684447,5.177349,0.0,0.0,1.0,1.0
4462,0.703978,5.028152,5.144368,0.0,0.0,1.0,1.0
4463,0.703978,5.0100975,5.121202,0.0,0.0,1.0,1.0
4464,0.703978,5.074498,5.100678,0.0,0.0,1.0,1.0
4465,0.68539786,5.0412636,5.0884223,0.0,0.0,1.0,1.0
4466,0.68539786,5.064261,5.0785813,0.0,0.0,1.0,1.0
4467,0.68539786,5.09919,5.073169,0.0,0.0,1.0,1.0
4468,0.68539786,5.1485248,5.07722,0.0,0.0,1.0,1.0
4469,0.66680706,5.118401,5.0976257,0.0,0.0,1.0,1.0
4470,0.66680706,5.1032844,5.1284094,0.0,0.0,1.0,1.0
4471,0.66680706,5.066563,5.1661167,0.0,0.0,1.0,1.0
4472,0.64820546,5.0553484,5.209748,0.0,0.0,1.0,1.0
4473,0.64820546,5.117056,5.255684,0.0,0.0,1.0,1.0
4474,0.64820546,5.2730207,5.3099194,0.0,0.0,1.0,1.0
4475,0.64820546,5.379503,5.3555717,0.0,0.0,1.0,1.0
4476,0.6295927,5.526987,5.4072857,0.0,0.0,1.0,1.0
4477,0.6295927,5.5648327,5.469011,0.0,0.0,1.0,1.0
4478,0.6295927,5.615497,5.539349,0.0,0.0,1.0,1.0
4479,0.6295927,5.7500124,5.605871,0.0,0.0,1.0,1.0
4480,0.61096877,5.696353,5.674659,0.0,0.0,1.0,1.0
4481,0.61096877,5.738969,5.745417,0.0,0.0,1.0,1.0
4482,0.61096877,5.843987,5.818549,0.0,0.0,1.0,1.0
4483,0.61096877,5.9106207,5.8925233,0.0,0.0,1.0,1.0
4484,0.61096877,5.8536143,5.9712014,0.0,0.0,1.0,1.0
4485,0.61096877,5.942507,6.041513,0.0,0.0,1.0,1.0
4486,0.59233326,6.1221237,6.10451,0.0,0.0,1.0,1.0
4487,0.59233326,6.2570877,6.1673236,0.0,0.0,1.0,1.0
4488,0.59233326,6.414675,6.229783,0.0,0.0,1.0,1.0
4489,0.59233326,6.5089717,6.293982,0.0,0.0,1.0,1.0
4490,0.59233326,6.4592347,6.354004,0.0,0.0,1.0,1.0
4491,0.59233326,6.505974,6.4270577,0.0,0.0,1.0,1.0
4492,0.59233326,6.450118,6.5038695,0.0,0.0,1.0,1.0
4493,0.59233326,6.4884815,6.568703,0.0,0.0,1.0,1.0
4494,0.59233326,6.614373,6.624917,0.0,0.0,1.0,1.0
4495,0.59233326,6.6308875,6.683175,0.0,0.0,1.0,1.0
4496,0.59233326,6.730259,6.740391,0.0,0.0,1.0,1.0
4497,0.59233326,6.864248,6.8011093,0.0,0.0,1.0,1.0
4498,0.59233326,6.9001255,6.8597093,0.0,0.0,1.0,1.0
4499,0.59233326,6.9316535,6.920883,0.0,0.0,1.0,1.0
4500,0.59233326,7.113777,6.9753394,0.0,0.0,1.0,1.0
4501,0.61096877,7.195559,7.023857,0.0,0.0,1.0,1.0
4502,0.61096877,7.187856,7.067818,0.0,0.0,1.0,1.0
4503,0.61096877,7.2091746,7.110954,0.0,0.0,1.0,1.0
4504,0.61096877,7.1842012,7.152359,0.0,0.0,1.0,1.0
4505,0.61096877,7.1419578,7.190298,0.0,0.0,1.0,1.0
4506,0.61096877,7.1965885,7.224629,0.0,0.0,1.0,1.0
4507,0.61096877,7.158416,7.245244,0.0,0.0,1.0,1.0
4508,0.61096877,7.24789,7.2576404,0.0,0.0,1.0,1.0
4509,0.61096877,7.361109,7.269493,0.0,0.0,1.0,1.0
4510,0.61096877,7.355396,7.27931,0.0,0.0,1.0,1.0
4511,0.61096877,7.3436217,7.286526,0.0,0.0,1.0,1.0
4512,0.6295927,7.36116,7.295555,0.0,0.0,1.0,1.0
4513,0.6295927,7.3443146,7.2984996,0.0,0.0,1.0,1.0
4514,0.6295927,7.3300896,7.305088,0.0,0.0,1.0,1.0
4515,0.6295927,7.326979,7.305114,0.0,0.0,1.0,1.0
4516,0.6295927,7.2707906,7.297625,0.0,0.0,1.0,1.0
4517,0.6295927,7.250309,7.290274,0.0,0.0,1.0,1.0
4518,0.6295927,7.2319193,7.2835207,0.0,0.0,1.0,1.0
4519,0.6295927,7.23748,7.27258,0.0,0.0,1.0,1.0
4520,0.64820546,7.248196,7.257621,0.0,0.0,1.0,1.0
4521,0.64820546,7.271245,7.241416,0.0,0.0,1.0,1.0
4522,0.64820546,7.267183,7.2257442,0.0,0.0,1.0,1.0
4523,0.66680706,7.262583,7.208692,0.0,0.0,1.0,1.0
4524,0.66680706,7.2298746,7.1880865,0.0,0.0,1.0,1.0
4525,0.68539786,7.1648006,7.167563,0.0,0.0,1.0,1.0
4526,0.68539786,7.1356316,7.144018,0.0,0.0,1.0,1.0
4527,0.703978,7.13892,7.1192865,0.0,0.0,1.0,1.0
4528,0.703978,7.066161,7.087087,0.0,0.0,1.0,1.0
4529,0.703978,7.0030446,7.050743,0.0,0.0,1.0,1.0
4530,0.7225478,6.9856377,7.0086346,0.0,0.0,1.0,1.0
4531,0.7225478,6.9549413,6.963043,0.0,0.0,1.0,1.0
4532,0.7225478,6.951414,6.9155846,0.0,0.0,1.0,1.0
4533,0.74110746,6.884854,6.866527,0.0,0.0,1.0,1.0
4534,0.74110746,6.831057,6.8122907,0.0,0.0,1.0,1.0
4535,0.74110746,6.7572775,6.7624226,0.0,0.0,1.0,1.0
4536,0.74110746,6.6827817,6.7159142,0.0,0.0,1.0,1.0
4537,0.74110746,6.5952945,6.6759195,0.0,0.0,1.0,1.0
4538,0.7596572,6.546943,6.637169,0.0,0.0,1.0,1.0
4539,0.7596572,6.4880843,6.604053,0.0,0.0,1.0,1.0
4540,0.7596572,6.4677396,6.5780854,0.0,0.0,1.0,1.0
4541,0.7596572,6.4449463,6.555915,0.0,0.0,1.0,1.0
4542,0.7596572,6.505704,6.536857,0.0,0.0,1.0,1.0
4543,0.7596572,6.4899306,6.5221496,0.0,0.0,1.0,1.0
4544,0.7596572,6.5540247,6.5144196,0.0,0.0,1.0,1.0
4545,0.7596572,6.573242,6.511286,0.0,0.0,1.0,1.0
4546,0.7596572,6.56501,6.5127106,0.0,0.0,1.0,1.0
4547,0.7596572,6.528587,6.5164323,0.0,0.0,1.0,1.0
4548,0.7596572,6.5062885,6.512778,0.0,0.0,1.0,1.0
4549,0.7596572,6.5025344,6.5043025,0.0,0.0,1.0,1.0
4550,0.7596572,6.5093393,6.4959216,0.0,0.0,1.0,1.0
4551,0.74110746,6.5051823,6.48046,0.0,0.0,1.0,1.0
4552,0.7596572,6.512396,6.461959,0.0,0.0,1.0,1.0
4553,0.74110746,6.4010954,6.4362993,0.0,0.0,1.0,1.0
4554,0.74110746,6.404001,6.4073257,0.0,0.0,1.0,1.0
4555,0.74110746,6.389357,6.373759,0.0,0.0,1.0,1.0
4556,0.74110746,6.3684874,6.3377895,0.0,0.0,1.0,1.0
4557,0.74110746,6.3512287,6.2980638,0.0,0.0,1.0,1.0
4558,0.7225478,6.257096,6.2558293,0.0,0.0,1.0,1.0
4559,0.7225478,6.180903,6.2082486,0.0,0.0,1.0,1.0
4560,0.7225478,6.1034837,6.1676016,0.0,0.0,1.0,1.0
4561,0.7225478,6.0709076,6.12347,0.0,0.0,1.0,1.0
4562,0.703978,6.032628,6.0770674,0.0,0.0,1.0,1.0
4563,0.703978,5.9983664,6.035604,0.0,0.0,1.0,1.0
4564,0.703978,5.9414287,6.0169306,0.0,0.0,1.0,1.0
4565,0.703978,5.91333,6.0039086,0.0,0.0,1.0,1.0
4566,0.68539786,5.874424,5.997232,0.0,0.0,1.0,1.0
4567,0.68539786,5.8325267,5.994402,0.0,0.0,1.0,1.0
4568,0.68539786,5.870927,5.993478,0.0,0.0,1.0,1.0
4569,0.68539786,6.127145,5.992925,0.0,0.0,1.0,1.0
4570,0.68539786,6.1008315,5.991768,0.0,0.0,1.0,1.0
4571,0.66680706,6.100786,5.9904637,0.0,0.0,1.0,1.0
4572,0.66680706,6.0695233,5.9864573,0.0,0.0,1.0,1.0
4573,0.68539786,6.0598164,5.98274,0.0,0.0,1.0,1.0
4574,0.68539786,6.0259976,5.9782295,0.0,0.0,1.0,1.0
4575,0.68539786,5.9844785,5.9705663,0.0,0.0,1.0,1.0
4576,0.68539786,5.925779,5.9542093,0.0,0.0,1.0,1.0
4577,0.68539786,5.8652525,5.938088,0.0,0.0,1.0,1.0
4578,0.68539786,5.8298182,5.9326196,0.0,0.0,1.0,1.0
4579,0.703978,5.7784004,5.92352,0.0,0.0,1.0,1.0
4580,0.703978,5.7789645,5.9131427,0.0,0.0,1.0,1.0
4581,0.703978,5.930865,5.9051347,0.0,0.0,1.0,1.0
4582,0.7225478,5.9073715,5.9017687,0.0,0.0,1.0,1.0
4583,0.7225478,6.0351667,5.9041815,0.0,0.0,1.0,1.0
4584,0.7225478,5.960332,5.9121037,0.0,0.0,1.0,1.0
4585,0.7225478,5.935287,5.929544,0.0,0.0,1.0,1.0
4586,0.7225478,5.929901,5.9592853,0.0,0.0,1.0,1.0
4587,0.7225478,5.944086,5.9955277,0.0,0.0,1.0,1.0
4588,0.74110746,5.954733,6.023099,0.0,0.0,1.0,1.0
4589,0.74110746,5.9603176,6.057201,0.0,0.0,1.0,1.0
4590,0.74110746,6.0391016,6.0854096,0.0,0.0,1.0,1.0
4591,0.74110746,6.1352997,6.126001,0.0,0.0,1.0,1.0
4592,0.74110746,6.213872,6.160795,0.0,0.0,1.0,1.0
4593,0.74110746,6.2617188,6.2009935,0.0,0.0,1.0,1.0
4594,0.7596572,6.316598,6.2331524,0.0,0.0,1.0,1.0
4595,0.7596572,6.373671,6.2662125,0.0,0.0,1.0,1.0
4596,0.7596572,6.4474244,6.2857013,0.0,0.0,1.0,1.0
4597,0.7596572,6.3528214,6.299783,0.0,0.0,1.0,1.0
4598,0.7596572,6.4122796,6.305523,0.0,0.0,1.0,1.0
4599,0.7596572,6.3299923,6.3042755,0.0,0.0,1.0,1.0
4600,0.7596572,6.3514524,6.3007374,0.0,0.0,1.0,1.0
4601,0.7781972,6.1941853,6.2877536,0.0,0.0,1.0,1.0
4602,0.7781972,6.208083,6.265838,0.0,0.0,1.0,1.0
4603,0.7781972,6.2041783,6.23594,0.0,0.0,1.0,1.0
4604,0.7781972,6.1988993,6.2157273,0.0,0.0,1.0,1.0
4605,0.7781972,6.2192655,6.188324,0.0,0.0,1.0,1.0
4606,0.7781972,6.160793,6.1683636,0.0,0.0,1.0,1.0
4607,0.7781972,6.1106863,6.1424575,0.0,0.0,1.0,1.0
4608,0.7781972,6.0886436,6.1274104,0.0,0.0,1.0,1.0
4609,0.7781972,6.110272,6.109977,0.0,0.0,1.0,1.0
4610,0.7781972,6.0834394,6.0935674,0.0,0.0,1.0,1.0
4611,0.7781972,6.0904675,6.076848,0.0,0.0,1.0,1.0
4612,0.7781972,6.040578,6.062643,0.0,0.0,1.0,1.0
4613,0.7781972,6.013622,6.062756,0.0,0.0,1.0,1.0
4614,0.7781972,5.9988794,6.0735254,0.0,0.0,1.0,1.0
4615,0.7967277,6.007263,6.0897307,0.0,0.0,1.0,1.0
4616,0.7967277,5.998269,6.1069636,0.0,0.0,1.0,1.0
4617,0.7967277,6.048802,6.130622,0.0,0.0,1.0,1.0
4618,0.7967277,6.1621513,6.1547728,0.0,0.0,1.0,1.0
4619,0.7967277,6.239918,6.187337,0.0,0.0,1.0,1.0
4620,0.7967277,6.283106,6.227388,0.0,0.0,1.0,1.0
4621,0.7967277,6.3170657,6.2684464,0.0,0.0,1.0,1.0
4622,0.815249,6.367338,6.3207645,0.0,0.0,1.0,1.0
4623,0.815249,6.380283,6.386713,0.0,0.0,1.0,1.0
4624,0.815249,6.4313426,6.4522233,0.0,0.0,1.0,1.0
4625,0.815249,6.494237,6.5202456,0.0,0.0,1.0,1.0
4626,0.8337612,6.4915824,6.588512,0.0,0.0,1.0,1.0
4627,0.8337612,6.6350775,6.658729,0.0,0.0,1.0,1.0
4628,0.8337612,6.7896514,6.7269325,0.0,0.0,1.0,1.0
4629,0.8337612,6.8349257,6.79249,0.0,0.0,1.0,1.0
4630,0.8337612,6.9784217,6.8501935,0.0,0.0,1.0,1.0
4631,0.8337612,7.059111,6.899745,0.0,0.0,1.0,1.0
4632,0.85226464,7.1257153,6.938064,0.0,0.0,1.0,1.0
4633,0.8337612,7.135504,6.9708595,0.0,0.0,1.0,1.0
4634,0.85226464,7.1540275,6.9877033,0.0,0.0,1.0,1.0
4635,0.8337612,7.0727262,6.9871297,0.0,0.0,1.0,1.0
4636,0.85226464,7.0259614,6.9795566,0.0,0.0,1.0,1.0
4637,0.85226464,6.9540634,6.9558015,0.0,0.0,1.0,1.0
4638,0.85226464,6.8851295,6.9130297,0.0,0.0,1.0,1.0
4639,0.85226464,6.8372,6.8521523,0.0,0.0,1.0,1.0
4640,0.85226464,6.7827687,6.782333,0.0,0.0,1.0,1.0
4641,0.85226464,6.7440515,6.699846,0.0,0.0,1.0,1.0
4642,0.85226464,6.6933594,6.615321,0.0,0.0,1.0,1.0
4643,0.8337612,6.5458484,6.5308156,0.0,0.0,1.0,1.0
4644,0.8337612,6.3951907,6.451161,0.0,0.0,1.0,1.0
4645,0.8337612,6.2976665,6.3687286,0.0,0.0,1.0,1.0
4646,0.8337612,6.1641827,6.292019,0.0,0.0,1.0,1.0
4647,0.8337612,6.0584326,6.2237105,0.0,0.0,1.0,1.0
4648,0.815249,6.011894,6.1637216,0.0,0.0,1.0,1.0
4649,0.815249,5.998208,6.114461,0.0,0.0,1.0,1.0
4650,0.815249,5.8959384,6.0820208,0.0,0.0,1.0,1.0
4651,0.815249,5.916684,6.0645986,0.0,0.0,1.0,1.0
4652,0.815249,5.9630713,6.053621,0.0,0.0,1.0,1.0
4653,0.815249,6.0241823,6.0614038,0.0,0.0,1.0,1.0
4654,0.7967277,6.102229,6.079847,0.0,0.0,1.0,1.0
4655,0.7967277,6.156569,6.103814,0.0,0.0,1.0,1.0
4656,0.7967277,6.186124,6.133741,0.0,0.0,1.0,1.0
4657,0.7967277,6.165934,6.163844,0.0,0.0,1.0,1.0
4658,0.7781972,6.257579,6.194895,0.0,0.0,1.0,1.0
4659,0.7781972,6.2797494,6.224494,0.0,0.0,1.0,1.0
4660,0.7781972,6.299503,6.251299,0.0,0.0,1.0,1.0
4661,0.7596572,6.3573303,6.265319,0.0,0.0,1.0,1.0
4662,0.7596572,6.2571726,6.2786517,0.0,0.0,1.0,1.0
4663,0.7596572,6.2892914,6.290867,0.0,0.0,1.0,1.0
4664,0.74110746,6.3182645,6.307389,0.0,0.0,1.0,1.0
4665,0.74110746,6.345844,6.315716,0.0,0.0,1.0,1.0
4666,0.74110746,6.2704663,6.3270125,0.0,0.0,1.0,1.0
4667,0.7225478,6.3165627,6.339841,0.0,0.0,1.0,1.0
4668,0.7225478,6.3327045,6.3526,0.0,0.0,1.0,1.0
4669,0.7225478,6.3641987,6.376273,0.0,0.0,1.0,1.0
4670,0.703978,6.357505,6.399319,0.0,0.0,1.0,1.0
4671,0.703978,6.4153056,6.4124694,0.0,0.0,1.0,1.0
4672,0.703978,6.453443,6.421652,0.0,0.0,1.0,1.0
4673,0.68539786,6.510444,6.440499,0.0,0.0,1.0,1.0
4674,0.68539786,6.5412464,6.45098,0.0,0.0,1.0,1.0
4675,0.68539786,6.565846,6.458276,0.0,0.0,1.0,1.0
4676,0.68539786,6.476069,6.4643507,0.0,0.0,1.0,1.0
4677,0.68539786,6.4560328,6.4830174,0.0,0.0,1.0,1.0
4678,0.68539786,6.49663,6.491972,0.0,0.0,1.0,1.0
4679,0.68539786,6.4423375,6.496976,0.0,0.0,1.0,1.0
4680,0.68539786,6.420251,6.494545,0.0,0.0,1.0,1.0
4681,0.68539786,6.437097,6.487272,0.0,0.0,1.0,1.0
4682,0.703978,6.581505,6.4762735,0.0,0.0,1.0,1.0
4683,0.703978,6.5227637,6.4694934,0.0,0.0,1.0,1.0
4684,0.703978,6.513486,6.461258,0.0,0.0,1.0,1.0
4685,0.703978,6.481273,6.446448,0.0,0.0,1.0,1.0
4686,0.7225478,6.4539704,6.43638,0.0,0.0,1.0,1.0
4687,0.7225478,6.4338665,6.449916,0.0,0.0,1.0,1.0
4688,0.7225478,6.394707,6.469934,0.0,0.0,1.0,1.0
4689,0.7225478,6.3572106,6.478156,0.0,0.0,1.0,1.0
4690,0.74110746,6.3189054,6.497826,0.0,0.0,1.0,1.0
4691,0.74110746,6.3215246,6.5191255,0.0,0.0,1.0,1.0
4692,0.74110746,6.582684,6.5441327,0.0,0.0,1.0,1.0
4693,0.74110746,6.677309,6.571928,0.0,0.0,1.0,1.0
4694,0.7596572,6.6801734,6.604586,0.0,0.0,1.0,1.0
4695,0.7596572,6.7588043,6.639628,0.0,0.0,1.0,1.0
4696,0.7596572,6.7690744,6.6821165,0.0,0.0,1.0,1.0
4697,0.7596572,6.7813635,6.7325506,0.0,0.0,1.0,1.0
4698,0.7596572,6.787514,6.7844715,0.0,0.0,1.0,1.0
4699,0.7596572,6.8257647,6.814087,0.0,0.0,1.0,1.0
4700,0.7596572,6.815206,6.8346996,0.0,0.0,1.0,1.0
4701,0.7781972,6.867073,6.8548555,0.0,0.0,1.0,1.0
4702,0.7781972,6.9241157,6.887911,0.0,0.0,1.0,1.0
4703,0.7781972,6.944576,6.905336,0.0,0.0,1.0,1.0
4704,0.7781972,6.938067,6.9135575,0.0,0.0,1.0,1.0
4705,0.7781972,6.924661,6.920572,0.0,0.0,1.0,1.0
4706,0.7781972,6.9220476,6.9155545,0.0,0.0,1.0,1.0
4707,0.7781972,7.155465,6.908248,0.0,0.0,1.0,1.0
4708,0.7781972,6.9781756,6.8902407,0.0,0.0,1.0,1.0
4709,0.7967277,6.8800235,6.8607187,0.0,0.0,1.0,1.0
4710,0.7967277,6.8716846,6.8250175,0.0,0.0,1.0,1.0
4711,0.7967277,6.7655587,6.792164,0.0,0.0,1.0,1.0
4712,0.7967277,6.7275248,6.749843,0.0,0.0,1.0,1.0
4713,0.7967277,6.650986,6.701077,0.0,0.0,1.0,1.0
4714,0.7967277,6.5698557,6.626834,0.0,0.0,1.0,1.0
4715,0.7967277,6.5161595,6.5673885,0.0,0.0,1.0,1.0
4716,0.7967277,6.543822,6.5162926,0.0,0.0,1.0,1.0
4717,0.7967277,6.4168167,6.4692764,0.0,0.0,1.0,1.0
4718,0.7967277,6.3368516,6.412013,0.0,0.0,1.0,1.0
4719,0.7967277,6.264547,6.3619027,0.0,0.0,1.0,1.0
4720,0.7967277,6.2648315,6.32548,0.0,0.0,1.0,1.0
4721,0.7967277,6.2668724,6.305388,0.0,0.0,1.0,1.0
4722,0.7967277,6.307489,6.30036,0.0,0.0,1.0,1.0
4723,0.7967277,6.0784025,6.3008423,0.0,0.0,1.0,1.0
4724,0.7967277,6.1262,6.3197203,0.0,0.0,1.0,1.0
4725,0.7967277,6.213914,6.342436,0.0,0.0,1.0,1.0
4726,0.7967277,6.328752,6.381463,0.0,0.0,1.0,1.0
4727,0.815249,6.4558263,6.425668,0.0,0.0,1.0,1.0
4728,0.815249,6.5496073,6.483126,0.0,0.0,1.0,1.0
4729,0.815249,6.6433473,6.546488,0.0,0.0,1.0,1.0
4730,0.815249,6.609443,6.633059,0.0,0.0,1.0,1.0
4731,0.8337612,6.732871,6.713108,0.0,0.0,1.0,1.0
4732,0.8337612,6.795285,6.7905717,0.0,0.0,1.0,1.0
4733,0.85226464,6.9563756,6.859781,0.0,0.0,1.0,1.0
4734,0.85226464,7.0678306,6.9188194,0.0,0.0,1.0,1.0
4735,0.85226464,7.1172585,6.970059,0.0,0.0,1.0,1.0
4736,0.8707594,7.086783,7.010512,0.0,0.0,1.0,1.0
4737,0.8707594,7.143479,7.051663,0.0,0.0,1.0,1.0
4738,0.8707594,7.1592646,7.0758567,0.0,0.0,1.0,1.0
4739,0.8707594,7.164287,7.0894322,0.0,0.0,1.0,1.0
4740,0.8707594,7.1644835,7.082578,0.0,0.0,1.0,1.0
4741,0.8707594,7.1287813,7.069607,0.0,0.0,1.0,1.0
4742,0.8707594,7.1032586,7.046033,0.0,0.0,1.0,1.0
4743,0.8707594,7.023193,7.017703,0.0,0.0,1.0,1.0
4744,0.8707594,6.9581933,6.977024,0.0,0.0,1.0,1.0
4745,0.8707594,6.874124,6.92877,0.0,0.0,1.0,1.0
4746,0.88924587,6.9121766,6.880059,0.0,0.0,1.0,1.0
4747,0.88924587,6.834371,6.837292,0.0,0.0,1.0,1.0
4748,0.88924587,6.746827,6.791923,0.0,0.0,1.0,1.0
4749,0.8707594,6.655327,6.74496,0.0,0.0,1.0,1.0
4750,0.8707594,6.5802183,6.702303,0.0,0.0,1.0,1.0
4751,0.8707594,6.5797544,6.6624537,0.0,0.0,1.0,1.0
4752,0.8707594,6.6512823,6.6288795,0.0,0.0,1.0,1.0
4753,0.8707594,6.5843506,6.5918813,0.0,0.0,1.0,1.0
4754,0.8707594,6.5396996,6.564247,0.0,0.0,1.0,1.0
4755,0.8707594,6.5113134,6.5470777,0.0,0.0,1.0,1.0
4756,0.85226464,6.4799976,6.541308,0.0,0.0,1.0,1.0
4757,0.85226464,6.471236,6.545965,0.0,0.0,1.0,1.0
4758,0.85226464,6.4681964,6.5423665,0.0,0.0,1.0,1.0
4759,0.85226464,6.5027657,6.5243855,0.0,0.0,1.0,1.0
4760,0.8337612,6.540792,6.5170884,0.0,0.0,1.0,1.0
4761,0.8337612,6.5860868,6.508379,0.0,0.0,1.0,1.0
4762,0.8337612,6.6361055,6.4936504,0.0,0.0,1.0,1.0
4763,0.815249,6.5365725,6.4723268,0.0,0.0,1.0,1.0
4764,0.815249,6.4355116,6.4560285,0.0,0.0,1.0,1.0
4765,0.815249,6.4967823,6.442206,0.0,0.0,1.0,1.0
4766,0.7967277,6.4351897,6.428993,0.0,0.0,1.0,1.0
4767,0.7967277,6.334571,6.409281,0.0,0.0,1.0,1.0
4768,0.7967277,6.2241144,6.3914123,0.0,0.0,1.0,1.0
4769,0.7781972,6.275652,6.3646393,0.0,0.0,1.0,1.0
4770,0.7781972,6.3023286,6.350934,0.0,0.0,1.0,1.0
4771,0.7781972,6.3442135,6.3390923,0.0,0.0,1.0,1.0
4772,0.7781972,6.3042426,6.324461,0.0,0.0,1.0,1.0
4773,0.7596572,6.371665,6.3044777,0.0,0.0,1.0,1.0
4774,0.7596572,6.3148265,6.298512,0.0,0.0,1.0,1.0
4775,0.7596572,6.3721094,6.3038177,0.0,0.0,1.0,1.0
4776,0.7596572,6.293411,6.296393,0.0,0.0,1.0,1.0
4777,0.74110746,6.321209,6.285725,0.0,0.0,1.0,1.0
4778,0.74110746,6.1953883,6.2743316,0.0,0.0,1.0,1.0
4779,0.74110746,6.2629857,6.26909,0.0,0.0,1.0,1.0
4780,0.74110746,6.2877827,6.2571816,0.0,0.0,1.0,1.0
4781,0.74110746,6.1865516,6.249703,0.0,0.0,1.0,1.0
4782,0.7225478,6.1743183,6.231842,0.0,0.0,1.0,1.0
4783,0.7225478,6.207487,6.2232647,0.0,0.0,1.0,1.0
4784,0.7225478,6.24135,6.2069902,0.0,0.0,1.0,1.0
4785,0.7225478,6.228762,6.209324,0.0,0.0,1.0,1.0
4786,0.7225478,6.225078,6.20677,0.0,0.0,1.0,1.0
4787,0.7225478,6.1577835,6.2214017,0.0,0.0,1.0,1.0
4788,0.7225478,6.1904826,6.250854,0.0,0.0,1.0,1.0
4789,0.7225478,6.1259103,6.2964454,0.0,0.0,1.0,1.0
4790,0.7225478,6.223393,6.3582973,0.0,0.0,1.0,1.0
4791,0.7225478,6.2323394,6.435708,0.0,0.0,1.0,1.0
4792,0.7225478,6.4633646,6.5349016,0.0,0.0,1.0,1.0
4793,0.7225478,6.53998,6.6543307,0.0,0.0,1.0,1.0
4794,0.7225478,6.7214155,6.802331,0.0,0.0,1.0,1.0
4795,0.7225478,6.94971,6.9688277,0.0,0.0,1.0,1.0
4796,0.7225478,7.170278,7.1549854,0.0,0.0,1.0,1.0
4797,0.7225478,7.4190836,7.347968,0.0,0.0,1.0,1.0
4798,0.7225478,7.658228,7.5712943,0.0,0.0,1.0,1.0
4799,0.7225478,7.9337845,7.7838583,0.0,0.0,1.0,1.0
4800,0.7225478,8.188448,8.001165,0.0,0.0,1.0,1.0
4801,0.7225478,8.359798,8.210282,0.0,0.0,1.0,1.0
4802,0.7225478,8.5391865,8.406481,0.0,0.0,1.0,1.0
4803,0.7225478,8.912254,8.583178,0.0,0.0,1.0,1.0
4804,0.7225478,9.0141325,8.746413,0.0,0.0,1.0,1.0
4805,0.7225478,9.14767,8.899298,0.0,0.0,1.0,1.0
4806,0.7225478,9.230816,9.027539,0.0,0.0,1.0,1.0
4807,0.7225478,9.3040905,9.148479,0.0,0.0,1.0,1.0
4808,0.7225478,9.290644,9.25974,0.0,0.0,1.0,1.0
4809,0.7225478,9.377905,9.357746,0.0,0.0,1.0,1.0
4810,0.7225478,9.492844,9.45499,0.0,0.0,1.0,1.0
4811,0.7225478,9.472678,9.576384,0.0,0.0,1.0,1.0
4812,0.7225478,9.639732,9.719654,0.0,0.0,1.0,1.0
4813,0.7225478,9.694932,9.888654,0.0,0.0,1.0,1.0
4814,0.7225478,9.715254,10.072127,0.0,0.0,1.0,1.0
4815,0.7225478,10.079183,10.297669,0.0,0.0,1.0,1.0
4816,0.7225478,10.47086,10.553337,0.0,0.0,1.0,1.0
4817,0.7225478,10.866917,10.837221,0.0,0.0,1.0,1.0
4818,0.7225478,11.258803,11.160009,0.0,0.0,1.0,1.0
4819,0.7225478,11.505774,11.504422,0.0,0.0,1.0,1.0
4820,0.7225478,11.997156,11.876034,1.0,0.0,1.0,1.0
4821,0.7225478,12.44591,12.278665,1.0,0.0,1.0,1.0
4822,0.7225478,12.899455,12.685792,1.0,0.0,1.0,1.0
4823,0.74110746,13.34614,13.084284,1.0,0.0,1.0,1.0
4824,0.74110746,13.772683,13.478201,1.0,0.0,1.0,1.0
4825,0.74110746,14.154275,13.873301,1.0,0.0,1.0,1.0
4826,0.7596572,14.546818,14.247819,1.0,0.0,1.0,1.0
4827,0.7596572,14.964718,14.581389,1.0,0.0,1.0,1.0
4828,0.7596572,15.252758,14.877563,1.0,0.0,1.0,1.0
4829,0.7781972,15.593916,15.135942,1.0,0.0,1.0,1.0
4830,0.7781972,16.0,15.357098,1.0,0.0,1.0,1.0
4831,0.7781972,16.0,15.542707,1.0,0.0,1.0,1.0
4832,0.7967277,16.0,15.696518,1.0,0.0,1.0,1.0
4833,0.7967277,16.0,15.817616,1.0,0.0,1.0,1.0
4834,0.7967277,16.0,15.90389,1.0,0.0,1.0,1.0
4835,0.815249,16.0,15.96616,1.0,0.0,1.0,1.0
4836,0.815249,16.0,16.0,1.0,0.0,1.0,1.0
4837,0.815249,16.0,16.0,1.0,0.0,1.0,1.0
4838,0.815249,16.0,16.0,1.0,0.0,1.0,1.0
4839,0.815249,16.0,16.0,1.0,0.0,1.0,1.0
4840,0.815249,16.0,16.0,1.0,0.0,1.0,1.0
4841,0.8337612,16.0,16.0,1.0,0.0,1.0,1.0
4842,0.8337612,16.0,16.0,1.0,0.0,1.0,1.0
4843,0.8337612,16.0,16.0,1.0,0.0,1.0,1.0
4844,0.8337612,16.0,16.0,1.0,0.0,1.0,1.0
4845,0.8337612,16.0,16.0,1.0,0.0,1.0,1.0
4846,0.815249,16.0,16.0,1.0,0.0,1.0,1.0
4847,0.8337612,16.0,16.0,1.0,0.0,1.0,1.0
4848,0.8337612,16.0,16.0,1.0,0.0,1.0,1.0
4849,0.815249,16.0,16.0,1.0,0.0,1.0,1.0
4850,0.815249,16.0,15.944321,1.0,0.0,1.0,1.0
4851,0.815249,16.0,15.843692,1.0,0.0,1.0,1.0
4852,0.815249,16.0,15.704133,1.0,0.0,1.0,1.0
4853,0.815249,16.0,15.508064,1.0,0.0,1.0,1.0
4854,0.815249,16.0,15.2570915,1.0,0.0,1.0,1.0
4855,0.7967277,15.331853,14.949849,1.0,0.0,1.0,1.0
4856,0.7967277,14.792447,14.587683,1.0,0.0,1.0,1.0
4857,0.7967277,14.325294,14.174008,1.0,0.0,1.0,1.0
4858,0.7967277,13.647172,13.708301,1.0,0.0,1.0,1.0
4859,0.7781972,12.988334,13.199447,1.0,0.0,1.0,1.0
4860,0.7781972,12.313087,12.646954,1.0,0.0,1.0,1.0
4861,0.7781972,11.654011,12.049813,1.0,0.0,1.0,1.0
4862,0.7781972,11.0359,11.454333,0.0,0.0,1.0,1.0
4863,0.7596572,10.411509,10.852467,0.0,0.0,1.0,1.0
4864,0.7596572,9.893753,10.232701,0.0,0.0,1.0,1.0
4865,0.7596572,9.370086,9.615215,0.0,0.0,1.0,1.0
4866,0.7596572,8.834317,9.061253,0.0,0.0,1.0,1.0
4867,0.74110746,8.186095,8.558971,0.0,0.0,1.0,1.0
4868,0.74110746,7.570047,8.1086,0.0,0.0,1.0,1.0
4869,0.74110746,6.888105,7.7232914,0.0,0.0,1.0,1.0
4870,0.7225478,6.2373447,7.399805,0.0,0.0,1.0,1.0
4871,0.7225478,6.340782,7.130998,0.0,0.0,1.0,1.0
4872,0.7225478,6.285707,6.913409,0.0,0.0,1.0,1.0
4873,0.7225478,6.249552,6.742785,0.0,0.0,1.0,1.0
4874,0.703978,6.412199,6.622134,0.0,0.0,1.0,1.0
4875,0.703978,6.5296736,6.5516815,0.0,0.0,1.0,1.0
4876,0.703978,6.6680717,6.536763,0.0,0.0,1.0,1.0
4877,0.703978,6.759016,6.576472,0.0,0.0,1.0,1.0
4878,0.703978,6.786829,6.609919,0.0,0.0,1.0,1.0
4879,0.703978,6.738286,6.6517396,0.0,0.0,1.0,1.0
4880,0.68539786,6.724611,6.706403,0.0,0.0,1.0,1.0
4881,0.68539786,6.709089,6.7598276,0.0,0.0,1.0,1.0
4882,0.68539786,6.713848,6.8101425,0.0,0.0,1.0,1.0
4883,0.68539786,6.7421446,6.85748,0.0,0.0,1.0,1.0
4884,0.68539786,6.7875557,6.898406,0.0,0.0,1.0,1.0
4885,0.68539786,6.905508,6.9385977,0.0,0.0,1.0,1.0
4886,0.68539786,7.0533004,6.984416,0.0,0.0,1.0,1.0
4887,0.68539786,7.133449,7.0347543,0.0,0.0,1.0,1.0
4888,0.68539786,7.2361217,7.096815,0.0,0.0,1.0,1.0
4889,0.68539786,7.2501326,7.1745477,0.0,0.0,1.0,1.0
4890,0.68539786,7.2691264,7.2745533,0.0,0.0,1.0,1.0
4891,0.68539786,7.288105,7.3803363,0.0,0.0,1.0,1.0
4892,0.68539786,7.3286715,7.4828534,0.0,0.0,1.0,1.0
4893,0.68539786,7.4538164,7.58077,0.0,0.0,1.0,1.0
4894,0.68539786,7.6466403,7.688327,0.0,0.0,1.0,1.0
4895,0.68539786,7.9422107,7.8021274,0.0,0.0,1.0,1.0
4896,0.68539786,8.056953,7.9251738,0.0,0.0,1.0,1.0
4897,0.68539786,8.1357155,8.052351,0.0,0.0,1.0,1.0
4898,0.68539786,8.2283,8.180195,0.0,0.0,1.0,1.0
4899,0.68539786,8.424129,8.307309,0.0,0.0,1.0,1.0
4900,0.68539786,8.601729,8.434698,0.0,0.0,1.0,1.0
4901,0.68539786,8.726687,8.561829,0.0,0.0,1.0,1.0
4902,0.68539786,8.795252,8.68382,0.0,0.0,1.0,1.0
4903,0.68539786,8.822238,8.80578,0.0,0.0,1.0,1.0
4904,0.68539786,8.854039,8.934132,0.0,0.0,1.0,1.0
4905,0.68539786,8.982488,9.053077,0.0,0.0,1.0,1.0
4906,0.68539786,9.172198,9.154523,0.0,0.0,1.0,1.0
4907,0.68539786,9.406103,9.245057,0.0,0.0,1.0,1.0
4908,0.68539786,9.520486,9.363546,0.0,0.0,1.0,1.0
4909,0.68539786,9.67593,9.512857,0.0,0.0,1.0,1.0
4910,0.68539786,9.655637,9.695261,0.0,0.0,1.0,1.0
4911,0.68539786,9.641491,9.907768,0.0,0.0,1.0,1.0
4912,0.68539786,9.688133,10.146156,0.0,0.0,1.0,1.0
4913,0.68539786,10.1485615,10.404936,0.0,0.0,1.0,1.0
4914,0.68539786,10.586986,10.682355,0.0,0.0,1.0,1.0
4915,0.68539786,11.011083,10.988576,0.0,0.0,1.0,1.0
4916,0.68539786,11.4041195,11.3119135,0.0,0.0,1.0,1.0
4917,0.68539786,11.84315,11.662507,1.0,0.0,1.0,1.0
4918,0.68539786,12.2775545,12.03832,1.0,0.0,1.0,1.0
4919,0.68539786,12.735129,12.442069,1.0,0.0,1.0,1.0
4920,0.703978,13.195137,12.831412,1.0,0.0,1.0,1.0
4921,0.703978,13.555985,13.219034,1.0,0.0,1.0,1.0
4922,0.703978,13.862756,13.60394,1.0,0.0,1.0,1.0
4923,0.703978,14.151236,13.98693,1.0,0.0,1.0,1.0
4924,0.7225478,14.533134,14.333334,1.0,0.0,1.0,1.0
4925,0.7225478,14.820678,14.6435375,1.0,0.0,1.0,1.0
4926,0.7225478,15.238445,14.91561,1.0,0.0,1.0,1.0
4927,0.74110746,15.629954,15.149349,1.0,0.0,1.0,1.0
4928,0.74110746,16.0,15.353017,1.0,0.0,1.0,1.0
4929,0.74110746,16.0,15.53112,1.0,0.0,1.0,1.0
4930,0.7596572,16.0,15.6851845,1.0,0.0,1.0,1.0
4931,0.7596572,16.0,15.807424,1.0,0.0,1.0,1.0
4932,0.7596572,16.0,15.9057,1.0,0.0,1.0,1.0
4933,0.7596572,16.0,15.969163,1.0,0.0,1.0,1.0
4934,0.7781972,16.0,16.0,1.0,0.0,1.0,1.0
4935,0.7781972,16.0,16.0,1.0,0.0,1.0,1.0
4936,0.7781972,16.0,16.0,1.0,0.0,1.0,1.0
4937,0.7781972,16.0,16.0,1.0,0.0,1.0,1.0
4938,0.7781972,16.0,16.0,1.0,0.0,1.0,1.0
4939,0.7781972,16.0,16.0,1.0,0.0,1.0,1.0
4940,0.7781972,16.0,16.0,1.0,0.0,1.0,1.0
4941,0.7781972,16.0,16.0,1.0,0.0,1.0,1.0
4942,0.7781972,16.0,16.0,1.0,0.0,1.0,1.0
4943,0.7781972,16.0,16.0,1.0,0.0,1.0,1.0
4944,0.7781972,16.0,16.0,1.0,0.0,1.0,1.0
4945,0.7781972,16.0,16.0,1.0,0.0,1.0,1.0
4946,0.7781972,16.0,16.0,1.0,0.0,1.0,1.0
4947,0.7781972,16.0,15.955507,1.0,0.0,1.0,1.0
4948,0.7781972,16.0,15.866303,1.0,0.0,1.0,1.0
4949,0.7781972,16.0,15.72338,1.0,0.0,1.0,1.0
4950,0.7596572,16.0,15.535022,1.0,0.0,1.0,1.0
4951,0.7596572,16.0,15.302173,1.0,0.0,1.0,1.0
4952,0.7596572,15.466084,15.024335,1.0,0.0,1.0,1.0
4953,0.7596572,14.929555,14.703603,1.0,0.0,1.0,1.0
4954,0.7596572,14.284919,14.340368,1.0,0.0,1.0,1.0
4955,0.74110746,13.73971,13.935805,1.0,0.0,1.0,1.0
4956,0.74110746,13.205804,13.491132,1.0,0.0,1.0,1.0
4957,0.74110746,12.665951,12.99645,1.0,0.0,1.0,1.0
4958,0.74110746,12.151209,12.450656,1.0,0.0,1.0,1.0
4959,0.7225478,11.641184,11.896502,1.0,0.0,1.0,1.0
4960,0.7225478,11.14525,11.339592,0.0,0.0,1.0,1.0
4961,0.7225478,10.663921,10.792651,0.0,0.0,1.0,1.0
4962,0.7225478,10.063824,10.248942,0.0,0.0,1.0,1.0
4963,0.703978,9.450457,9.741925,0.0,0.0,1.0,1.0
4964,0.703978,8.816235,9.285503,0.0,0.0,1.0,1.0
4965,0.703978,8.246647,8.889822,0.0,0.0,1.0,1.0
4966,0.703978,7.7216215,8.541808,0.0,0.0,1.0,1.0
4967,0.68539786,7.2152023,8.235866,0.0,0.0,1.0,1.0
4968,0.68539786,7.121605,7.970266,0.0,0.0,1.0,1.0
4969,0.68539786,7.1888895,7.7567477,0.0,0.0,1.0,1.0
4970,0.66680706,7.4030337,7.588975,0.0,0.0,1.0,1.0
4971,0.66680706,7.4650116,7.46951,0.0,0.0,1.0,1.0
4972,0.66680706,7.473942,7.392108,0.0,0.0,1.0,1.0
4973,0.66680706,7.4767237,7.3658423,0.0,0.0,1.0,1.0
4974,0.64820546,7.501606,7.3898168,0.0,0.0,1.0,1.0
4975,0.64820546,7.437181,7.4328175,0.0,0.0,1.0,1.0
4976,0.64820546,7.382658,7.477221,0.0,0.0,1.0,1.0
4977,0.64820546,7.3178205,7.5036397,0.0,0.0,1.0,1.0
4978,0.64820546,7.406434,7.5228567,0.0,0.0,1.0,1.0
4979,0.64820546,7.502899,7.550454,0.0,0.0,1.0,1.0
4980,0.64820546,7.637611,7.5764494,0.0,0.0,1.0,1.0
4981,0.64820546,7.721734,7.600451,0.0,0.0,1.0,1.0
4982,0.64820546,7.7200546,7.640487,0.0,0.0,1.0,1.0
4983,0.64820546,7.6956143,7.694771,0.0,0.0,1.0,1.0
4984,0.64820546,7.8051114,7.7630177,0.0,0.0,1.0,1.0
4985,0.64820546,7.78867,7.8276954,0.0,0.0,1.0,1.0
4986,0.64820546,7.789623,7.8942046,0.0,0.0,1.0,1.0
4987,0.64820546,7.9176173,7.9585595,0.0,0.0,1.0,1.0
4988,0.64820546,8.034062,8.02734,0.0,0.0,1.0,1.0
4989,0.64820546,8.136784,8.102534,0.0,0.0,1.0,1.0
4990,0.64820546,8.182562,8.186409,0.0,0.0,1.0,1.0
4991,0.64820546,8.301013,8.265947,0.0,0.0,1.0,1.0
4992,0.64820546,8.409867,8.354509,0.0,0.0,1.0,1.0
4993,0.64820546,8.547103,8.452137,0.0,0.0,1.0,1.0
4994,0.64820546,8.622382,8.545511,0.0,0.0,1.0,1.0
4995,0.64820546,8.702108,8.634651,0.0,0.0,1.0,1.0
4996,0.64820546,8.759582,8.722436,0.0,0.0,1.0,1.0
4997,0.64820546,8.851414,8.80441,0.0,0.0,1.0,1.0
4998,0.64820546,8.96115,8.864433,0.0,0.0,1.0,1.0
4999,0.64820546,9.038109,8.915053,0.0,0.0,1.0,1.0
5000,0.64820546,9.1037445,8.957954,0.0,0.0,1.0,1.0
5001,0.64820546,9.1902,9.002189,0.0,0.0,1.0,1.0
5002,0.64820546,9.1662445,9.07778,0.0,0.0,1.0,1.0
5003,0.64820546,9.021292,9.185381,0.0,0.0,1.0,1.0
5004,0.64820546,9.017316,9.319407,0.0,0.0,1.0,1.0
5005,0.64820546,9.06191,9.48064,0.0,0.0,1.0,1.0
5006,0.64820546,9.153199,9.67189,0.0,0.0,1.0,1.0
5007,0.64820546,9.609199,9.894507,0.0,0.0,1.0,1.0
5008,0.64820546,10.0508,10.142722,0.0,0.0,1.0,1.0
5009,0.64820546,10.459731,10.427681,0.0,0.0,1.0,1.0
5010,0.64820546,10.895936,10.762545,0.0,0.0,1.0,1.0
5011,0.64820546,11.333112,11.135437,0.0,0.0,1.0,1.0
5012,0.64820546,11.775148,11.537884,0.0,0.0,1.0,1.0
5013,0.64820546,12.168781,11.970513,1.0,0.0,1.0,1.0
5014,0.64820546,12.58575,12.406825,1.0,0.0,1.0,1.0
5015,0.64820546,13.03965,12.840713,1.0,0.0,1.0,1.0
5016,0.64820546,13.492032,13.273003,1.0,0.0,1.0,1.0
5017,0.64820546,13.891262,13.698341,1.0,0.0,1.0,1.0
5018,0.64820546,14.344756,14.087249,1.0,0.0,1.0,1.0
5019,0.66680706,14.844945,14.43932,1.0,0.0,1.0,1.0
5020,0.66680706,15.257452,14.758588,1.0,0.0,1.0,1.0
5021,0.66680706,15.647208,15.043109,1.0,0.0,1.0,1.0
5022,0.68539786,16.0,15.289804,1.0,0.0,1.0,1.0
5023,0.68539786,16.0,15.498802,1.0,0.0,1.0,1.0
5024,0.703978,16.0,15.67453,1.0,0.0,1.0,1.0
5025,0.703978,16.0,15.812468,1.0,0.0,1.0,1.0
5026,0.7225478,16.0,15.908722,1.0,0.0,1.0,1.0
5027,0.7225478,16.0,15.970601,1.0,0.0,1.0,1.0
5028,0.7225478,16.0,16.0,1.0,0.0,1.0,1.0
5029,0.74110746,16.0,16.0,1.0,0.0,1.0,1.0
5030,0.74110746,16.0,16.0,1.0,0.0,1.0,1.0
5031,0.74110746,16.0,16.0,1.0,0.0,1.0,1.0
5032,0.7596572,16.0,16.0,1.0,0.0,1.0,1.0
5033,0.7596572,16.0,16.0,1.0,0.0,1.0,1.0
5034,0.7781972,16.0,16.0,1.0,0.0,1.0,1.0
5035,0.7781972,16.0,16.0,1.0,0.0,1.0,1.0
5036,0.7967277,16.0,16.0,1.0,0.0,1.0,1.0
5037,0.7967277,16.0,16.0,1.0,0.0,1.0,1.0
5038,0.815249,16.0,16.0,1.0,0.0,1.0,1.0
5039,0.815249,16.0,16.0,1.0,0.0,1.0,1.0
5040,0.815249,16.0,16.0,1.0,0.0,1.0,1.0
5041,0.8337612,16.0,16.0,1.0,0.0,1.0,1.0
5042,0.8337612,16.0,16.0,1.0,0.0,1.0,1.0
5043,0.8337612,16.0,16.0,1.0,0.0,1.0,1.0
5044,0.8337612,16.0,16.0,1.0,0.0,1.0,1.0
5045,0.85226464,16.0,16.0,1.0,0.0,1.0,1.0
5046,0.85226464,16.0,15.946534,1.0,0.0,1.0,1.0
5047,0.85226464,16.0,15.831976,1.0,0.0,1.0,1.0
5048,0.85226464,16.0,15.672135,1.0,0.0,1.0,1.0
5049,0.85226464,16.0,15.452822,1.0,0.0,1.0,1.0
5050,0.85226464,16.0,15.184139,1.0,0.0,1.0,1.0
5051,0.85226464,15.358404,14.856008,1.0,0.0,1.0,1.0
5052,0.85226464,14.625306,14.483372,1.0,0.0,1.0,1.0
5053,0.85226464,14.08191,14.063061,1.0,0.0,1.0,1.0
5054,0.85226464,13.3682375,13.592189,1.0,0.0,1.0,1.0
5055,0.85226464,12.775817,13.061136,1.0,0.0,1.0,1.0
5056,0.85226464,12.062416,12.479494,1.0,0.0,1.0,1.0
5057,0.85226464,11.528374,11.847656,1.0,0.0,1.0,1.0
5058,0.8337612,10.956269,11.220886,0.0,0.0,1.0,1.0
5059,0.8337612,10.349536,10.597651,0.0,0.0,1.0,1.0
5060,0.8337612,9.627365,9.964587,0.0,0.0,1.0,1.0
5061,0.8337612,9.020294,9.336334,0.0,0.0,1.0,1.0
5062,0.8337612,8.417944,8.765326,0.0,0.0,1.0,1.0
5063,0.8337612,7.8371696,8.261873,0.0,0.0,1.0,1.0
5064,0.815249,7.146474,7.7891665,0.0,0.0,1.0,1.0
5065,0.815249,6.4851484,7.375207,0.0,0.0,1.0,1.0
5066,0.815249,5.8292084,7.013325,0.0,0.0,1.0,1.0
5067,0.815249,5.9237027,6.725512,0.0,0.0,1.0,1.0
5068,0.7967277,6.020994,6.4851966,0.0,0.0,1.0,1.0
5069,0.7967277,5.855894,6.2839622,0.0,0.0,1.0,1.0
5070,0.7967277,5.9887547,6.1343627,0.0,0.0,1.0,1.0
5071,0.7967277,6.006954,6.0575113,0.0,0.0,1.0,1.0
5072,0.7967277,6.173607,6.042172,0.0,0.0,1.0,1.0
5073,0.7781972,6.1365056,6.088867,0.0,0.0,1.0,1.0
5074,0.7781972,6.003135,6.1399927,0.0,0.0,1.0,1.0
5075,0.7781972,6.0419717,6.209163,0.0,0.0,1.0,1.0
5076,0.7781972,6.224262,6.3157187,0.0,0.0,1.0,1.0
5077,0.7781972,6.3010764,6.434845,0.0,0.0,1.0,1.0
5078,0.7596572,6.38955,6.567975,0.0,0.0,1.0,1.0
5079,0.7596572,6.5372057,6.7121067,0.0,0.0,1.0,1.0
5080,0.7596572,6.851043,6.889562,0.0,0.0,1.0,1.0
5081,0.7596572,7.1345587,7.0966797,0.0,0.0,1.0,1.0
5082,0.7596572,7.4182677,7.317526,0.0,0.0,1.0,1.0
5083,0.7596572,7.6045146,7.539582,0.0,0.0,1.0,1.0
5084,0.7596572,7.903188,7.769736,0.0,0.0,1.0,1.0
5085,0.7596572,8.265973,8.008839,0.0,0.0,1.0,1.0
5086,0.7596572,8.488543,8.242829,0.0,0.0,1.0,1.0
5087,0.7596572,8.692125,8.453615,0.0,0.0,1.0,1.0
5088,0.7596572,8.888934,8.645093,0.0,0.0,1.0,1.0
5089,0.7596572,9.062927,8.805738,0.0,0.0,1.0,1.0
5090,0.7596572,9.258779,8.938928,0.0,0.0,1.0,1.0
5091,0.74110746,9.345099,9.031658,0.0,0.0,1.0,1.0
5092,0.7596572,9.380469,9.081514,0.0,0.0,1.0,1.0
5093,0.74110746,9.432294,9.098462,0.0,0.0,1.0,1.0
5094,0.74110746,9.346018,9.083891,0.0,1.0,1.0,1.0
5095,0.74110746,9.20278,9.038811,0.0,1.0,1.0,1.0
5096,0.74110746,9.01596,8.967145,0.0,1.0,1.0,1.0
5097,0.7596572,8.86424,8.864537,0.0,1.0,1.0,1.0
5098,0.74110746,8.691916,8.753976,0.0,1.0,1.0,1.0
5099,0.7596572,8.517277,8.6375475,0.0,1.0,1.0,1.0
5100,0.7596572,8.347975,8.505882,0.0,1.0,1.0,1.0
5101,0.7596572,8.202934,8.380542,0.0,1.0,1.0,1.0
5102,0.7596572,8.027484,8.257142,0.0,1.0,1.0,1.0
5103,0.7596572,8.018367,8.143303,0.0,1.0,1.0,1.0
5104,0.7596572,7.9833226,8.034142,0.0,1.0,1.0,1.0
5105,0.7596572,7.8523192,7.946275,0.0,1.0,1.0,1.0
5106,0.7596572,7.841927,7.874426,0.0,1.0,1.0,1.0
5107,0.7596572,7.721984,7.8185463,0.0,1.0,1.0,1.0
5108,0.7596572,7.6498885,7.774665,0.0,1.0,1.0,1.0
5109,0.7596572,7.554299,7.7550945,0.0,1.0,1.0,1.0
5110,0.7596572,7.637526,7.7363405,0.0,1.0,1.0,1.0
5111,0.7596572,7.655084,7.729124,0.0,1.0,1.0,1.0
5112,0.7596572,7.6774225,7.773721,0.0,1.0,1.0,1.0
5113,0.7596572,7.676356,7.8636584,0.0,1.0,1.0,1.0
5114,0.7596572,7.7926364,7.9952374,0.0,1.0,1.0,1.0
5115,0.7596572,7.7933187,8.164906,0.0,1.0,1.0,1.0
5116,0.7596572,7.89673,8.386554,0.0,1.0,1.0,1.0
5117,0.7781972,8.387482,8.6446,0.0,1.0,1.0,1.0
5118,0.7781972,8.921174,8.951309,0.0,1.0,1.0,1.0
5119,0.7781972,9.30093,9.304209,0.0,1.0,1.0,1.0
5120,0.7967277,9.685913,9.705031,0.0,1.0,1.0,1.0
5121,0.7967277,10.214067,10.139241,0.0,1.0,1.0,1.0
5122,0.7967277,10.734084,10.619961,0.0,1.0,1.0,1.0
5123,0.815249,11.335601,11.137175,0.0,1.0,1.0,1.0
5124,0.815249,11.912209,11.657708,1.0,1.0,1.0,1.0
5125,0.815249,12.486229,12.169457,1.0,1.0,1.0,1.0
5126,0.8337612,13.003155,12.694128,1.0,1.0,1.0,1.0
5127,0.8337612,13.5619545,13.220302,1.0,1.0,1.0,1.0
5128,0.8337612,14.103293,13.702463,1.0,1.0,1.0,1.0
5129,0.8337612,14.63389,14.141289,1.0,1.0,1.0,1.0
5130,0.8337612,15.062164,14.529989,1.0,1.0,1.0,1.0
5131,0.8337612,15.596975,14.870639,1.0,1.0,1.0,1.0
5132,0.85226464,16.0,15.163453,1.0,1.0,1.0,1.0
5133,0.85226464,16.0,15.41319,1.0,1.0,1.0,1.0
5134,0.85226464,16.0,15.616361,1.0,1.0,1.0,1.0
5135,0.85226464,16.0,15.774419,1.0,1.0,1.0,1.0
5136,0.85226464,16.0,15.888262,1.0,1.0,1.0,1.0
5137,0.85226464,16.0,15.966414,1.0,1.0,1.0,1.0
5138,0.85226464,16.0,15.953909,1.0,1.0,1.0,1.0
5139,0.8337612,16.0,15.862093,1.0,1.0,1.0,1.0
5140,0.85226464,16.0,15.723448,1.0,1.0,1.0,1.0
5141,0.8337612,16.0,15.537541,1.0,1.0,1.0,1.0
5142,0.8337612,16.0,15.306882,1.0,1.0,1.0,1.0
5143,0.8337612,15.446906,15.029075,1.0,1.0,1.0,1.0
5144,0.8337612,14.898213,14.706211,1.0,1.0,1.0,1.0
5145,0.8337612,14.336259,14.33683,1.0,1.0,1.0,1.0
5146,0.8337612,13.769122,13.9224615,1.0,1.0,1.0,1.0
5147,0.8337612,13.232083,13.461605,1.0,1.0,1.0,1.0
5148,0.815249,12.666307,12.956242,1.0,1.0,1.0,1.0
5149,0.815249,12.125636,12.395204,1.0,1.0,1.0,1.0
5150,0.815249,11.567431,11.8360405,1.0,1.0,1.0,1.0
5151,0.815249,11.027575,11.277473,0.0,1.0,1.0,1.0
5152,0.7967277,10.469724,10.722802,0.0,1.0,1.0,1.0
5153,0.7967277,9.935641,10.162095,0.0,1.0,1.0,1.0
5154,0.7967277,9.267547,9.646657,0.0,1.0,1.0,1.0
5155,0.7967277,8.736946,9.1791725,0.0,1.0,1.0,1.0
5156,0.7781972,8.195415,8.757842,0.0,1.0,1.0,1.0
5157,0.7781972,7.6801977,8.386246,0.0,1.0,1.0,1.0
5158,0.7781972,7.040638,8.065001,0.0,1.0,1.0,1.0
5159,0.7596572,7.0468216,7.7923236,0.0,1.0,1.0,1.0
5160,0.7596572,7.0565014,7.56481,0.0,1.0,1.0,1.0
5161,0.7596572,7.0696692,7.3979287,0.0,1.0,1.0,1.0
5162,0.74110746,7.108277,7.2764616,0.0,1.0,1.0,1.0
5163,0.74110746,7.1726327,7.2041535,0.0,1.0,1.0,1.0
5164,0.74110746,7.1975985,7.174031,0.0,1.0,1.0,1.0
5165,0.7225478,7.205472,7.20967,0.0,1.0,1.0,1.0
5166,0.7225478,7.2649746,7.2454534,0.0,1.0,1.0,1.0
5167,0.7225478,7.2793427,7.2755637,0.0,1.0,1.0,1.0
5168,0.7225478,7.327719,7.304948,0.0,1.0,1.0,1.0
5169,0.703978,7.3187222,7.3427815,0.0,1.0,1.0,1.0
5170,0.703978,7.4683084,7.3793893,0.0,1.0,1.0,1.0
5171,0.703978,7.476224,7.418846,0.0,1.0,1.0,1.0
5172,0.703978,7.4178267,7.4618125,0.0,1.0,1.0,1.0
5173,0.68539786,7.422276,7.5024734,0.0,1.0,1.0,1.0
5174,0.68539786,7.562283,7.549169,0.0,1.0,1.0,1.0
5175,0.68539786,7.611925,7.603231,0.0,1.0,1.0,1.0
5176,0.68539786,7.6710777,7.671252,0.0,1.0,1.0,1.0
5177,0.68539786,7.721071,7.737004,0.0,1.0,1.0,1.0
5178,0.68539786,7.752905,7.8138685,0.0,1.0,1.0,1.0
5179,0.68539786,7.83969,7.909117,0.0,1.0,1.0,1.0
5180,0.68539786,7.976461,8.015005,0.0,1.0,1.0,1.0
5181,0.68539786,8.1349745,8.115565,0.0,1.0,1.0,1.0
5182,0.68539786,8.257332,8.216919,0.0,1.0,1.0,1.0
5183,0.66680706,8.398602,8.327271,0.0,1.0,1.0,1.0
5184,0.68539786,8.560807,8.440497,0.0,1.0,1.0,1.0
5185,0.68539786,8.692931,8.550125,0.0,1.0,1.0,1.0
5186,0.68539786,8.769008,8.654005,0.0,1.0,1.0,1.0
5187,0.68539786,8.828167,8.7413645,0.0,1.0,1.0,1.0
5188,0.68539786,8.995305,8.814591,0.0,1.0,1.0,1.0
5189,0.68539786,9.079792,8.875727,0.0,1.0,1.0,1.0
5190,0.68539786,9.068438,8.912137,0.0,1.0,1.0,1.0
5191,0.68539786,9.086246,8.922589,0.0,1.0,1.0,1.0
5192,0.68539786,9.024776,8.911883,0.0,1.0,1.0,1.0
5193,0.68539786,9.013692,8.886737,0.0,1.0,1.0,1.0
5194,0.68539786,8.990952,8.848594,0.0,1.0,1.0,1.0
5195,0.68539786,8.835532,8.784692,0.0,1.0,1.0,1.0
5196,0.68539786,8.686238,8.715253,0.0,1.0,1.0,1.0
5197,0.68539786,8.564461,8.648178,0.0,1.0,1.0,1.0
5198,0.68539786,8.467248,8.579958,0.0,1.0,1.0,1.0
5199,0.703978,8.370449,8.5074415,0.0,1.0,1.0,1.0
5200,0.703978,8.228479,8.424715,0.0,1.0,1.0,1.0
5201,0.703978,8.246521,8.347127,0.0,1.0,1.0,1.0
5202,0.703978,8.263549,8.277604,0.0,1.0,1.0,1.0
5203,0.703978,8.267594,8.230826,0.0,1.0,1.0,1.0
5204,0.703978,8.154581,8.194301,0.0,1.0,1.0,1.0
5205,0.703978,8.020981,8.170102,0.0,1.0,1.0,1.0
5206,0.703978,8.05989,8.156414,0.0,1.0,1.0,1.0
5207,0.703978,8.001256,8.167412,0.0,1.0,1.0,1.0
5208,0.703978,8.124903,8.180867,0.0,1.0,1.0,1.0
5209,0.703978,8.126152,8.195477,0.0,1.0,1.0,1.0
5210,0.703978,8.176874,8.210278,0.0,1.0,1.0,1.0
5211,0.703978,8.206186,8.241217,0.0,1.0,1.0,1.0
5212,0.7225478,8.36045,8.272927,0.0,1.0,1.0,1.0
5213,0.7225478,8.407993,8.294607,0.0,1.0,1.0,1.0
5214,0.7225478,8.438854,8.321447,0.0,1.0,1.0,1.0
5215,0.74110746,8.445209,8.3304,0.0,1.0,1.0,1.0
5216,0.74110746,8.525853,8.332408,0.0,1.0,1.0,1.0
5217,0.74110746,8.40151,8.315067,0.0,1.0,1.0,1.0
5218,0.7596572,8.3200445,8.292946,0.0,1.0,1.0,1.0
5219,0.7596572,8.323335,8.247092,0.0,1.0,1.0,1.0
5220,0.7596572,8.232345,8.193478,0.0,1.0,1.0,1.0
5221,0.7781972,8.150239,8.129632,0.0,1.0,1.0,1.0
5222,0.7781972,7.9687934,8.070131,0.0,1.0,1.0,1.0
5223,0.7781972,7.940728,7.999702,0.0,1.0,1.0,1.0
5224,0.7967277,7.8102036,7.9384923,0.0,1.0,1.0,1.0
5225,0.7967277,7.7646174,7.881975,0.0,1.0,1.0,1.0
5226,0.7967277,7.672711,7.824188,0.0,1.0,1.0,1.0
5227,0.7967277,7.731198,7.7704363,0.0,1.0,1.0,1.0
5228,0.815249,7.6807017,7.7230473,0.0,1.0,1.0,1.0
5229,0.815249,7.666992,7.688102,0.0,1.0,1.0,1.0
5230,0.815249,7.6418395,7.6498766,0.0,1.0,1.0,1.0
5231,0.815249,7.6298923,7.63416,0.0,1.0,1.0,1.0
5232,0.815249,7.5873213,7.6307483,0.0,1.0,1.0,1.0
5233,0.815249,7.5815697,7.6449122,0.0,1.0,1.0,1.0
5234,0.815249,7.5494475,7.657797,0.0,1.0,1.0,1.0
5235,0.815249,7.4820266,7.6765814,0.0,1.0,1.0,1.0
5236,0.815249,7.621601,7.6971493,0.0,1.0,1.0,1.0
5237,0.815249,7.7236776,7.7188396,0.0,1.0,1.0,1.0
5238,0.815249,7.842678,7.7374587,0.0,1.0,1.0,1.0
5239,0.815249,7.885815,7.753121,0.0,1.0,1.0,1.0
5240,0.815249,7.9061127,7.762916,0.0,1.0,1.0,1.0
5241,0.815249,7.913807,7.7707663,0.0,1.0,1.0,1.0
5242,0.815249,7.902128,7.782143,0.0,1.0,1.0,1.0
5243,0.815249,7.8533173,7.775135,0.0,1.0,1.0,1.0
5244,0.815249,7.775268,7.758036,0.0,1.0,1.0,1.0
5245,0.815249,7.6991124,7.7293463,0.0,1.0,1.0,1.0
5246,0.815249,7.6436515,7.695117,0.0,1.0,1.0,1.0
5247,0.7967277,7.61855,7.653671,0.0,1.0,1.0,1.0
5248,0.7967277,7.537505,7.609785,0.0,1.0,1.0,1.0
5249,0.7967277,7.518491,7.555559,0.0,1.0,1.0,1.0
5250,0.7967277,7.498397,7.493113,0.0,1.0,1.0,1.0
5251,0.7967277,7.475062,7.4244223,0.0,1.0,1.0,1.0
5252,0.7967277,7.4087615,7.367518,0.0,1.0,1.0,1.0
5253,0.7781972,7.387176,7.3099833,0.0,1.0,1.0,1.0
5254,0.7781972,7.2514167,7.258941,0.0,1.0,1.0,1.0
5255,0.7781972,7.1039658,7.21704,0.0,1.0,1.0,1.0
5256,0.7596572,6.9509816,7.1787453,0.0,1.0,1.0,1.0
5257,0.7596572,7.016258,7.1435037,0.0,1.0,1.0,1.0
5258,0.7596572,6.9532337,7.109558,0.0,1.0,1.0,1.0
5259,0.7596572,7.0060463,7.0807343,0.0,1.0,1.0,1.0
5260,0.74110746,7.0346913,7.054542,0.0,1.0,1.0,1.0
5261,0.74110746,7.0589514,7.03921,0.0,1.0,1.0,1.0
5262,0.74110746,7.0754995,7.036705,0.0,1.0,1.0,1.0
5263,0.7225478,7.067717,7.05103,0.0,1.0,1.0,1.0
5264,0.7225478,7.0628757,7.0627246,0.0,1.0,1.0,1.0
5265,0.7225478,7.0728683,7.0932794,0.0,1.0,1.0,1.0
5266,0.703978,7.067429,7.131622,0.0,1.0,1.0,1.0
5267,0.703978,7.073906,7.1781716,0.0,1.0,1.0,1.0
5268,0.703978,7.1228833,7.217264,0.0,1.0,1.0,1.0
5269,0.703978,7.156594,7.267061,0.0,1.0,1.0,1.0
5270,0.703978,7.3198924,7.314758,0.0,1.0,1.0,1.0
5271,0.68539786,7.466153,7.36501,0.0,1.0,1.0,1.0
5272,0.68539786,7.5932884,7.4192634,0.0,1.0,1.0,1.0
5273,0.68539786,7.528063,7.479863,0.0,1.0,1.0,1.0
5274,0.68539786,7.673065,7.5595603,0.0,1.0,1.0,1.0
5275,0.68539786,7.6400743,7.646115,0.0,1.0,1.0,1.0
5276,0.68539786,7.665903,7.7258787,0.0,1.0,1.0,1.0
5277,0.68539786,7.723909,7.7908735,0.0,1.0,1.0,1.0
5278,0.66680706,7.794629,7.8444657,0.0,1.0,1.0,1.0
5279,0.66680706,8.03027,7.8849897,0.0,1.0,1.0,1.0
5280,0.66680706,8.16154,7.9336605,0.0,1.0,1.0,1.0
5281,0.66680706,8.113757,7.961037,0.0,1.0,1.0,1.0
5282,0.66680706,8.099832,7.9862204,0.0,1.0,1.0,1.0
5283,0.66680706,8.109259,8.007082,0.0,1.0,1.0,1.0
5284,0.68539786,8.0795765,8.021587,0.0,1.0,1.0,1.0
5285,0.66680706,8.11211,8.024018,0.0,1.0,1.0,1.0
5286,0.68539786,8.001588,8.002376,0.0,1.0,1.0,1.0
5287,0.68539786,7.942274,7.9612374,0.0,1.0,1.0,1.0
5288,0.68539786,7.916246,7.916815,0.0,1.0,1.0,1.0
5289,0.68539786,7.897967,7.866293,0.0,1.0,1.0,1.0
5290,0.68539786,7.8237977,7.793961,0.0,1.0,1.0,1.0
5291,0.68539786,7.7705564,7.7205863,0.0,1.0,1.0,1.0
5292,0.68539786,7.6678877,7.6606655,0.0,1.0,1.0,1.0
5293,0.68539786,7.5806866,7.6138844,0.0,1.0,1.0,1.0
5294,0.68539786,7.493569,7.5705347,0.0,1.0,1.0,1.0
5295,0.68539786,7.241274,7.5304246,0.0,1.0,1.0,1.0
5296,0.68539786,7.1990805,7.485582,0.0,1.0,1.0,1.0
5297,0.68539786,7.3930597,7.451973,0.0,1.0,1.0,1.0
5298,0.68539786,7.4402127,7.4268365,0.0,1.0,1.0,1.0
5299,0.68539786,7.4220767,7.413458,0.0,1.0,1.0,1.0
5300,0.68539786,7.4349265,7.411437,0.0,1.0,1.0,1.0
5301,0.68539786,7.359856,7.42127,0.0,1.0,1.0,1.0
5302,0.68539786,7.420492,7.4540706,0.0,1.0,1.0,1.0
5303,0.68539786,7.468915,7.496384,0.0,1.0,1.0,1.0
5304,0.68539786,7.507345,7.526547,0.0,1.0,1.0,1.0
5305,0.68539786,7.5564384,7.5551715,0.0,1.0,1.0,1.0
5306,0.703978,7.611561,7.5926747,0.0,1.0,1.0,1.0
5307,0.703978,7.634885,7.626861,0.0,1.0,1.0,1.0
5308,0.703978,7.706839,7.6593757,0.0,1.0,1.0,1.0
5309,0.68539786,7.7550173,7.688731,0.0,1.0,1.0,1.0
5310,0.703978,7.783707,7.723587,0.0,1.0,1.0,1.0
5311,0.703978,7.872113,7.763089,0.0,1.0,1.0,1.0
5312,0.703978,7.8451657,7.814031,0.0,1.0,1.0,1.0
5313,0.703978,7.7500277,7.8677516,0.0,1.0,1.0,1.0
5314,0.703978,7.772763,7.9279466,0.0,1.0,1.0,1.0
5315,0.703978,7.8871818,7.988142,0.0,1.0,1.0,1.0
5316,0.703978,7.9813724,8.049582,0.0,1.0,1.0,1.0
5317,0.703978,8.167743,8.117444,0.0,1.0,1.0,1.0
5318,0.703978,8.256207,8.188461,0.0,1.0,1.0,1.0
5319,0.703978,8.357221,8.267876,0.0,1.0,1.0,1.0
5320,0.703978,8.429184,8.361145,0.0,1.0,1.0,1.0
5321,0.703978,8.492292,8.448431,0.0,1.0,1.0,1.0
5322,0.703978,8.5980625,8.518312,0.0,1.0,1.0,1.0
5323,0.7225478,8.72432,8.574633,0.0,1.0,1.0,1.0
5324,0.7225478,8.798129,8.610238,0.0,1.0,1.0,1.0
5325,0.74110746,8.869262,8.636514,0.0,1.0,1.0,1.0
5326,0.74110746,8.8202,8.646297,0.0,1.0,1.0,1.0
5327,0.74110746,8.72576,8.640731,0.0,1.0,1.0,1.0
5328,0.7596572,8.657205,8.615847,0.0,1.0,1.0,1.0
5329,0.7596572,8.595016,8.574945,0.0,1.0,1.0,1.0
5330,0.7596572,8.571515,8.519015,0.0,1.0,1.0,1.0
5331,0.7781972,8.474628,8.447624,0.0,1.0,1.0,1.0
5332,0.7781972,8.362385,8.358802,0.0,1.0,1.0,1.0
5333,0.7781972,8.193675,8.266458,0.0,1.0,1.0,1.0
5334,0.7781972,8.107256,8.173714,0.0,1.0,1.0,1.0
5335,0.7781972,8.053148,8.078792,0.0,1.0,1.0,1.0
5336,0.7781972,7.941445,7.979867,0.0,1.0,1.0,1.0
5337,0.7967277,7.803386,7.883007,0.0,1.0,1.0,1.0
5338,0.7967277,7.7120767,7.7910542,0.0,1.0,1.0,1.0
5339,0.7967277,7.6128345,7.7070527,0.0,1.0,1.0,1.0
5340,0.7967277,7.518129,7.6339827,0.0,1.0,1.0,1.0
5341,0.7967277,7.407923,7.5657473,0.0,1.0,1.0,1.0
5342,0.7967277,7.4091997,7.5005317,0.0,1.0,1.0,1.0
5343,0.7967277,7.3711925,7.443563,0.0,1.0,1.0,1.0
5344,0.7967277,7.3543653,7.4015093,0.0,1.0,1.0,1.0
5345,0.7967277,7.3168344,7.369748,0.0,1.0,1.0,1.0
5346,0.7967277,7.2884336,7.34192,0.0,1.0,1.0,1.0
5347,0.7967277,7.270559,7.323833,0.0,1.0,1.0,1.0
5348,0.7781972,7.2578216,7.3209834,0.0,1.0,1.0,1.0
5349,0.7781972,7.2987404,7.306132,0.0,1.0,1.0,1.0
5350,0.7781972,7.3309445,7.2885256,0.0,1.0,1.0,1.0
5351,0.7781972,7.2788963,7.2705054,0.0,1.0,1.0,1.0
5352,0.7596572,7.301084,7.2585344,0.0,1.0,1.0,1.0
5353,0.7596572,7.37373,7.241132,0.0,1.0,1.0,1.0
5354,0.7596572,7.2309794,7.2285724,0.0,1.0,1.0,1.0
5355,0.7596572,7.1599174,7.218906,0.0,1.0,1.0,1.0
5356,0.7596572,7.138127,7.2108192,0.0,1.0,1.0,1.0
5357,0.74110746,7.1731825,7.2032146,0.0,1.0,1.0,1.0
5358,0.74110746,7.0796022,7.20074,0.0,1.0,1.0,1.0
5359,0.74110746,7.1198406,7.2021356,0.0,1.0,1.0,1.0
5360,0.74110746,7.141825,7.1963077,0.0,1.0,1.0,1.0
5361,0.7225478,7.201701,7.2010603,0.0,1.0,1.0,1.0
5362,0.7225478,7.2396903,7.210118,0.0,1.0,1.0,1.0
5363,0.7225478,7.2492013,7.2190366,0.0,1.0,1.0,1.0
5364,0.7225478,7.317831,7.2202773,0.0,1.0,1.0,1.0
5365,0.703978,7.3037944,7.233572,0.0,1.0,1.0,1.0
5366,0.703978,7.288013,7.2435994,0.0,1.0,1.0,1.0
5367,0.703978,7.2686057,7.2493625,0.0,1.0,1.0,1.0
5368,0.703978,7.2451506,7.2529573,0.0,1.0,1.0,1.0
5369,0.703978,7.1880736,7.2642574,0.0,1.0,1.0,1.0
5370,0.703978,7.239136,7.2768497,0.0,1.0,1.0,1.0
5371,0.703978,7.2401724,7.276952,0.0,1.0,1.0,1.0
5372,0.703978,7.2109823,7.273018,0.0,1.0,1.0,1.0
5373,0.703978,7.2448363,7.2662125,0.0,1.0,1.0,1.0
5374,0.7225478,7.3752923,7.2585926,0.0,1.0,1.0,1.0
5375,0.7225478,7.4003096,7.2446823,0.0,1.0,1.0,1.0
5376,0.7225478,7.319052,7.246622,0.0,1.0,1.0,1.0
5377,0.7225478,7.256589,7.2380505,0.0,1.0,1.0,1.0
5378,0.7225478,7.206348,7.226638,0.0,1.0,1.0,1.0
5379,0.7225478,7.177166,7.2174673,0.0,1.0,1.0,1.0
5380,0.74110746,7.0782275,7.2082286,0.0,1.0,1.0,1.0
5381,0.74110746,7.211354,7.189565,0.0,1.0,1.0,1.0
5382,0.74110746,7.1362762,7.164626,0.0,1.0,1.0,1.0
5383,0.74110746,7.103219,7.1462827,0.0,1.0,1.0,1.0
5384,0.74110746,7.1009355,7.12727,0.0,1.0,1.0,1.0
5385,0.7596572,7.1339755,7.1079736,0.0,1.0,1.0,1.0
5386,0.7596572,7.151332,7.0859456,0.0,1.0,1.0,1.0
5387,0.7596572,7.101042,7.0865417,0.0,1.0,1.0,1.0
5388,0.7596572,7.0989275,7.0879965,0.0,1.0,1.0,1.0
5389,0.7596572,7.028441,7.103345,0.0,1.0,1.0,1.0
5390,0.7596572,6.9747887,7.126189,0.0,1.0,1.0,1.0
5391,0.7596572,6.9128275,7.1492624,0.0,1.0,1.0,1.0
5392,0.7596572,7.085382,7.1538963,0.0,1.0,1.0,1.0
5393,0.7596572,7.2288113,7.158801,0.0,1.0,1.0,1.0
5394,0.7781972,7.3204556,7.1678395,0.0,1.0,1.0,1.0
5395,0.7781972,7.377354,7.1752954,0.0,1.0,1.0,1.0
5396,0.7781972,7.3778095,7.1798835,0.0,1.0,1.0,1.0
5397,0.7781972,7.189585,7.1815863,0.0,1.0,1.0,1.0
5398,0.7781972,7.210191,7.19399,0.0,1.0,1.0,1.0
5399,0.7781972,7.209503,7.1945777,0.0,1.0,1.0,1.0
5400,0.7781972,7.188397,7.1837707,0.0,1.0,1.0,1.0
5401,0.7967277,7.083497,7.1678286,0.0,1.0,1.0,1.0
5402,0.7967277,6.995224,7.1433744,0.0,1.0,1.0,1.0
5403,0.7967277,7.0616713,7.1045313,0.0,1.0,1.0,1.0
5404,0.7967277,7.092434,7.067766,0.0,1.0,1.0,1.0
5405,0.7967277,7.0991273,7.0188236,0.0,1.0,1.0,1.0
5406,0.7967277,7.1291494,6.9726343,0.0,1.0,1.0,1.0
5407,0.7967277,7.083904,6.927468,0.0,1.0,1.0,1.0
5408,0.7967277,6.91169,6.89777,0.0,1.0,1.0,1.0
5409,0.7967277,6.7484093,6.883542,0.0,1.0,1.0,1.0
5410,0.7967277,6.6228747,6.8661857,0.0,1.0,1.0,1.0
5411,0.7967277,6.655234,6.8581834,0.0,1.0,1.0,1.0
5412,0.7967277,6.6463985,6.852132,0.0,1.0,1.0,1.0
5413,0.7967277,6.7271233,6.8590584,0.0,1.0,1.0,1.0
5414,0.7967277,6.8244886,6.8770633,0.0,1.0,1.0,1.0
5415,0.7967277,6.853395,6.9149075,0.0,1.0,1.0,1.0
5416,0.7967277,6.9964085,6.965398,0.0,1.0,1.0,1.0
5417,0.7967277,7.026506,7.0264397,0.0,1.0,1.0,1.0
5418,0.7967277,7.2122684,7.0920086,0.0,1.0,1.0,1.0
5419,0.815249,7.2999635,7.1679974,0.0,1.0,1.0,1.0
5420,0.815249,7.365819,7.2431183,0.0,1.0,1.0,1.0
5421,0.815249,7.354297,7.3176956,0.0,1.0,1.0,1.0
5422,0.8337612,7.3553762,7.376389,0.0,1.0,1.0,1.0
5423,0.8337612,7.442061,7.421551,0.0,1.0,1.0,1.0
5424,0.8337612,7.5582633,7.4661827,0.0,1.0,1.0,1.0
5425,0.85226464,7.6285706,7.4990344,0.0,1.0,1.0,1.0
5426,0.85226464,7.719419,7.5287437,0.0,1.0,1.0,1.0
5427,0.85226464,7.5577173,7.5386834,0.0,1.0,1.0,1.0
5428,0.85226464,7.5383534,7.552971,0.0,1.0,1.0,1.0
5429,0.8707594,7.5620813,7.5578003,0.0,1.0,1.0,1.0
5430,0.8707594,7.606489,7.5536327,0.0,1.0,1.0,1.0
5431,0.8707594,7.656478,7.529512,0.0,1.0,1.0,1.0
5432,0.8707594,7.485094,7.4913273,0.0,1.0,1.0,1.0
5433,0.8707594,7.5257483,7.4341645,0.0,1.0,1.0,1.0
5434,0.8707594,7.4133263,7.3764277,0.0,1.0,1.0,1.0
5435,0.8707594,7.3920536,7.3048153,0.0,1.0,1.0,1.0
5436,0.8707594,7.268813,7.2184114,0.0,1.0,1.0,1.0
5437,0.8707594,7.1703568,7.113638,0.0,1.0,1.0,1.0
5438,0.8707594,7.0334644,7.00042,0.0,1.0,1.0,1.0
5439,0.8707594,6.864873,6.895373,0.0,1.0,1.0,1.0
5440,0.8707594,6.6790056,6.7701874,0.0,1.0,1.0,1.0
5441,0.8707594,6.525237,6.635214,0.0,1.0,1.0,1.0
5442,0.8707594,6.349205,6.4882507,0.0,1.0,1.0,1.0
5443,0.8707594,6.2978616,6.347688,0.0,1.0,1.0,1.0
5444,0.8707594,6.2245293,6.2071333,0.0,1.0,1.0,1.0
5445,0.85226464,6.0235233,6.0702415,0.0,1.0,1.0,1.0
5446,0.85226464,5.793645,5.930986,0.0,1.0,1.0,1.0
5447,0.85226464,5.6284947,5.802027,0.0,1.0,1.0,1.0
5448,0.85226464,5.5820622,5.6859903,0.0,1.0,1.0,1.0
5449,0.85226464,5.4836965,5.5861135,0.0,1.0,1.0,1.0
5450,0.8337612,5.3907633,5.504947,0.0,1.0,1.0,1.0
5451,0.8337612,5.1938105,5.4348884,0.0,1.0,1.0,1.0
5452,0.8337612,5.1315002,5.393281,0.0,1.0,1.0,1.0
5453,0.8337612,5.132791,5.384324,0.0,1.0,1.0,1.0
5454,0.815249,5.1506844,5.4028497,0.0,1.0,1.0,1.0
5455,0.815249,5.323868,5.4393673,0.0,1.0,1.0,1.0
5456,0.815249,5.3838215,5.4972386,0.0,1.0,1.0,1.0
5457,0.7967277,5.524237,5.5845437,0.0,1.0,1.0,1.0
5458,0.7967277,5.6861577,5.6903353,0.0,1.0,1.0,1.0
5459,0.7967277,5.8508043,5.8132243,0.0,1.0,1.0,1.0
5460,0.7967277,6.0202756,5.9398336,0.0,1.0,1.0,1.0
5461,0.7781972,6.1781516,6.0704107,0.0,1.0,1.0,1.0
5462,0.7781972,6.438423,6.194788,0.0,1.0,1.0,1.0
5463,0.7781972,6.463306,6.3248415,0.0,1.0,1.0,1.0
5464,0.7596572,6.606173,6.452318,0.0,1.0,1.0,1.0
5465,0.7596572,6.6521006,6.5746574,0.0,1.0,1.0,1.0
5466,0.7596572,6.7176113,6.6790233,0.0,1.0,1.0,1.0
5467,0.7596572,6.816394,6.7734194,0.0,1.0,1.0,1.0
5468,0.7596572,6.944463,6.851601,0.0,1.0,1.0,1.0
5469,0.7781972,7.0539575,6.9030194,0.0,1.0,1.0,1.0
5470,0.7781972,7.154231,6.943463,0.0,1.0,1.0,1.0
5471,0.7781972,7.103192,6.9643793,0.0,1.0,1.0,1.0
5472,0.7967277,7.153028,6.975096,0.0,1.0,1.0,1.0
5473,0.7967277,7.1163344,6.96451,0.0,1.0,1.0,1.0
5474,0.7967277,7.055444,6.9508195,0.0,1.0,1.0,1.0
5475,0.815249,6.9486265,6.9196506,0.0,1.0,1.0,1.0
5476,0.815249,6.857168,6.9077964,0.0,1.0,1.0,1.0
5477,0.815249,6.7807074,6.8938985,0.0,1.0,1.0,1.0
5478,0.8337612,6.5905714,6.8771496,0.0,1.0,1.0,1.0
5479,0.8337612,6.652113,6.8468103,0.0,1.0,1.0,1.0
5480,0.8337612,6.5704317,6.807969,0.0,1.0,1.0,1.0
5481,0.85226464,6.911708,6.764562,0.0,1.0,1.0,1.0
5482,0.85226464,6.9874573,6.729934,0.0,1.0,1.0,1.0
5483,0.85226464,6.9022026,6.701946,0.0,1.0,1.0,1.0
5484,0.85226464,6.7889585,6.6819906,0.0,1.0,1.0,1.0
5485,0.85226464,6.650239,6.6827135,0.0,1.0,1.0,1.0
5486,0.85226464,6.53456,6.686564,0.0,1.0,1.0,1.0
5487,0.8707594,6.533094,6.698958,0.0,1.0,1.0,1.0
5488,0.8707594,6.521308,6.682538,0.0,1.0,1.0,1.0
5489,0.8707594,6.5412436,6.660316,0.0,1.0,1.0,1.0
5490,0.8707594,6.5992475,6.639273,0.0,1.0,1.0,1.0
5491,0.8707594,6.6983156,6.620772,0.0,1.0,1.0,1.0
5492,0.8707594,6.719159,6.5834174,0.0,1.0,1.0,1.0
5493,0.8707594,6.714669,6.5430923,0.0,1.0,1.0,1.0
5494,0.8707594,6.7207937,6.5003586,0.0,1.0,1.0,1.0
5495,0.8707594,6.6496897,6.4645,0.0,1.0,1.0,1.0
5496,0.8707594,6.5669417,6.427725,0.0,1.0,1.0,1.0
5497,0.8707594,6.2019877,6.385384,0.0,1.0,1.0,1.0
5498,0.8707594,6.050659,6.325474,0.0,1.0,1.0,1.0
5499,0.8707594,6.0202856,6.258909,0.0,1.0,1.0,1.0
5500,0.8707594,6.091008,6.1879654,0.0,1.0,1.0,1.0
5501,0.85226464,6.0999384,6.100331,0.0,1.0,1.0,1.0
5502,0.8707594,6.0911584,6.0086675,0.0,1.0,1.0,1.0
5503,0.85226464,5.979393,5.9140196,0.0,1.0,1.0,1.0
5504,0.85226464,5.9203887,5.8388295,0.0,1.0,1.0,1.0
5505,0.85226464,5.8633404,5.766411,0.0,1.0,1.0,1.0
5506,0.85226464,5.6691775,5.691413,0.0,1.0,1.0,1.0
5507,0.85226464,5.5497313,5.6093793,0.0,1.0,1.0,1.0
5508,0.8337612,5.4311643,5.521755,0.0,1.0,1.0,1.0
5509,0.8337612,5.2997093,5.433429,0.0,1.0,1.0,1.0
5510,0.8337612,5.1816335,5.3534975,0.0,1.0,1.0,1.0
5511,0.8337612,5.120315,5.270242,0.0,1.0,1.0,1.0
5512,0.8337612,5.106604,5.189057,0.0,1.0,1.0,1.0
5513,0.8337612,5.0484467,5.1250944,0.0,1.0,1.0,1.0
5514,0.8337612,5.031244,5.0763965,0.0,1.0,1.0,1.0
5515,0.8337612,5.020216,5.042912,0.0,1.0,1.0,1.0
5516,0.8337612,4.9213243,5.023024,0.0,1.0,1.0,1.0
5517,0.8337612,4.8891144,5.0247135,0.0,1.0,1.0,1.0
5518,0.8337612,4.9016323,5.037419,0.0,1.0,1.0,1.0
5519,0.8337612,4.9653535,5.0678425,0.0,1.0,1.0,1.0
5520,0.8337612,5.029349,5.1138167,0.0,1.0,1.0,1.0
5521,0.8337612,5.0610566,5.178913,0.0,1.0,1.0,1.0
5522,0.8337612,5.2019067,5.26422,0.0,1.0,1.0,1.0
5523,0.8337612,5.2727814,5.3768764,0.0,1.0,1.0,1.0
5524,0.8337612,5.4716825,5.499709,0.0,1.0,1.0,1.0
5525,0.8337612,5.6001415,5.6256156,0.0,1.0,1.0,1.0
5526,0.8337612,5.8124013,5.7481947,0.0,1.0,1.0,1.0
5527,0.8337612,6.043901,5.866256,0.0,1.0,1.0,1.0
5528,0.815249,6.2731967,5.981917,0.0,1.0,1.0,1.0
5529,0.815249,6.363107,6.08598,0.0,1.0,1.0,1.0
5530,0.815249,6.4125123,6.19037,0.0,1.0,1.0,1.0
5531,0.815249,6.436301,6.2724123,0.0,1.0,1.0,1.0
5532,0.815249,6.446086,6.343354,0.0,1.0,1.0,1.0
5533,0.7967277,6.448984,6.388042,0.0,1.0,1.0,1.0
5534,0.7967277,6.4506636,6.404766,0.0,1.0,1.0,1.0
5535,0.7781972,6.5254636,6.393644,0.0,1.0,1.0,1.0
5536,0.7781972,6.456191,6.3702927,0.0,1.0,1.0,1.0
5537,0.7781972,6.4514456,6.3340707,0.0,1.0,1.0,1.0
5538,0.7596572,6.348654,6.285264,0.0,1.0,1.0,1.0
5539,0.7596572,6.24459,6.2228465,0.0,1.0,1.0,1.0
5540,0.7596572,6.139727,6.157186,0.0,1.0,1.0,1.0
5541,0.74110746,6.082892,6.0884886,0.0,1.0,1.0,1.0
5542,0.74110746,5.9778485,6.010906,0.0,1.0,1.0,1.0
5543,0.7225478,5.850626,5.941151,0.0,1.0,1.0,1.0
5544,0.7225478,5.697074,5.8763123,0.0,1.0,1.0,1.0
5545,0.7225478,5.661058,5.821727,0.0,1.0,1.0,1.0
5546,0.703978,5.6262946,5.7625237,0.0,1.0,1.0,1.0
5547,0.703978,5.5944715,5.7065606,0.0,1.0,1.0,1.0
5548,0.68539786,5.6191306,5.649365,0.0,1.0,1.0,1.0
5549,0.68539786,5.673382,5.603439,0.0,1.0,1.0,1.0
5550,0.66680706,5.693629,5.568755,0.0,1.0,1.0,1.0
5551,0.66680706,5.5341516,5.540871,0.0,1.0,1.0,1.0
5552,0.64820546,5.4681683,5.511289,0.0,1.0,1.0,1.0
5553,0.64820546,5.3965483,5.47669,0.0,1.0,1.0,1.0
5554,0.6295927,5.426735,5.4358215,0.0,1.0,1.0,1.0
5555,0.6295927,5.4344172,5.3835793,0.0,1.0,1.0,1.0
5556,0.61096877,5.362468,5.3238707,0.0,1.0,1.0,1.0
5557,0.61096877,5.306075,5.2629957,0.0,1.0,1.0,1.0
5558,0.59233326,5.211102,5.212918,0.0,1.0,1.0,1.0
5559,0.59233326,5.1040525,5.1671195,0.0,1.0,1.0,1.0
5560,0.57368594,4.992223,5.120861,0.0,1.0,1.0,1.0
5561,0.57368594,4.956879,5.068452,0.0,1.0,1.0,1.0
5562,0.5550267,4.9631286,5.0206733,0.0,1.0,1.0,1.0
5563,0.5550267,4.933219,4.9845295,0.0,1.0,1.0,1.0
5564,0.5550267,4.9185863,4.9527183,0.0,1.0,1.0,1.0
5565,0.5550267,4.8414493,4.934816,0.0,1.0,1.0,1.0
5566,0.5550267,4.797825,4.93237,0.0,1.0,1.0,1.0
5567,0.5550267,4.8610735,4.9445024,0.0,1.0,1.0,1.0
5568,0.5550267,4.928743,4.9651737,0.0,1.0,1.0,1.0
5569,0.5550267,4.9243393,4.9918246,0.0,1.0,1.0,1.0
5570,0.5550267,4.9962707,5.0291333,0.0,1.0,1.0,1.0
5571,0.5550267,5.0747066,5.0804415,0.0,1.0,1.0,1.0
5572,0.57368594,5.1378098,5.144746,0.0,1.0,1.0,1.0
5573,0.57368594,5.2049365,5.217599,0.0,1.0,1.0,1.0
5574,0.57368594,5.2829375,5.2946663,0.0,1.0,1.0,1.0
5575,0.57368594,5.380923,5.372915,0.0,1.0,1.0,1.0
5576,0.57368594,5.534284,5.4623404,0.0,1.0,1.0,1.0
5577,0.57368594,5.6131034,5.554156,0.0,1.0,1.0,1.0
5578,0.57368594,5.67206,5.646932,0.0,1.0,1.0,1.0
5579,0.57368594,5.7858815,5.744816,0.0,1.0,1.0,1.0
5580,0.57368594,5.8677263,5.8548794,0.0,1.0,1.0,1.0
5581,0.57368594,5.997448,5.968674,0.0,1.0,1.0,1.0
5582,0.57368594,6.0980554,6.0902967,0.0,1.0,1.0,1.0
5583,0.57368594,6.188023,6.2196007,0.0,1.0,1.0,1.0
5584,0.57368594,6.3124123,6.3689156,0.0,1.0,1.0,1.0
5585,0.57368594,6.5256968,6.5308237,0.0,1.0,1.0,1.0
5586,0.57368594,6.6484776,6.70478,0.0,1.0,1.0,1.0
5587,0.57368594,6.84039,6.896545,0.0,1.0,1.0,1.0
5588,0.57368594,7.085933,7.1070967,0.0,1.0,1.0,1.0
5589,0.57368594,7.40488,7.3298845,0.0,1.0,1.0,1.0
5590,0.57368594,7.614961,7.570673,0.0,1.0,1.0,1.0
5591,0.57368594,7.8733587,7.830908,0.0,1.0,1.0,1.0
5592,0.57368594,8.168904,8.109519,0.0,1.0,1.0,1.0
5593,0.57368594,8.524066,8.418332,0.0,1.0,1.0,1.0
5594,0.5550267,8.771513,8.750911,0.0,1.0,1.0,1.0
5595,0.5550267,9.07748,9.117637,0.0,1.0,1.0,1.0
5596,0.5550267,9.435235,9.516558,0.0,1.0,1.0,1.0
5597,0.5550267,9.869032,9.968053,0.0,1.0,1.0,1.0
5598,0.5550267,10.35423,10.469657,0.0,1.0,1.0,1.0
5599,0.53635514,10.83134,11.012112,0.0,1.0,1.0,1.0
5600,0.53635514,11.486641,11.59059,0.0,1.0,1.0,1.0
5601,0.53635514,12.191936,12.211063,1.0,1.0,1.0,1.0
5602,0.53635514,13.032904,12.857877,1.0,1.0,1.0,1.0
5603,0.53635514,13.892608,13.520962,1.0,1.0,1.0,1.0
5604,0.51767117,14.678352,14.192652,1.0,1.0,1.0,1.0
5605,0.51767117,15.465809,14.876165,1.0,1.0,1.0,1.0
5606,0.51767117,16.2172,15.572486,1.0,1.0,1.0,1.0
5607,0.51767117,16.839241,16.271255,1.0,1.0,1.0,1.0
5608,0.49897447,17.39225,16.960304,1.0,1.0,1.0,1.0
5609,0.49897447,17.929314,17.620747,1.0,1.0,1.0,1.0
5610,0.49897447,18.556393,18.252539,1.0,1.0,1.0,1.0
5611,0.17894652,19.187185,18.832308,1.0,1.0,1.0,1.0
5612,0.15997845,19.871876,19.342928,1.0,1.0,1.0,1.0
5613,0.15997845,20.46053,19.78035,1.0,1.0,1.0,1.0
5614,0.15997845,20.958193,20.14935,1.0,1.0,1.0,1.0
5615,-0.088299826,21.474113,20.459497,1.0,1.0,1.0,1.0
5616,-0.4774635,21.635582,20.700623,1.0,1.0,1.0,1.0
5617,-0.7160111,21.593264,20.874605,1.0,1.0,1.0,1.0
5618,-0.7160111,21.466255,20.986517,1.0,1.0,1.0,1.0
5619,-0.7160111,21.267239,21.033564,1.0,1.0,1.0,1.0
5620,-0.7160111,21.11402,21.021816,1.0,1.0,1.0,1.0
5621,-0.6959696,20.822811,20.96239,1.0,1.0,1.0,1.0
5622,-0.6959696,20.64419,20.854559,1.0,1.0,1.0,1.0
5623,-0.6959696,20.530125,20.71544,1.0,1.0,1.0,1.0
5624,-0.6959696,20.436445,20.563858,1.0,1.0,1.0,1.0
5625,-0.6959696,20.319557,20.410093,1.0,1.0,1.0,1.0
5626,-0.6959696,20.24509,20.257902,1.0,1.0,1.0,1.0
5627,-0.6959696,20.180136,20.11534,1.0,1.0,1.0,1.0
5628,-0.67595863,19.966158,20.000608,1.0,1.0,1.0,1.0
5629,-0.67595863,19.774263,19.900764,1.0,1.0,1.0,1.0
5630,-0.67595863,19.62109,19.810425,1.0,1.0,1.0,1.0
5631,-0.67595863,19.440935,19.727892,1.0,1.0,1.0,1.0
5632,-0.67595863,19.403267,19.641064,1.0,1.0,0.0,1.0
5633,-0.6559781,19.44605,19.568743,1.0,1.0,0.0,1.0
5634,-0.6559781,19.44605,19.488546,1.0,1.0,0.0,1.0
5635,-0.6559781,19.44605,19.411085,1.0,1.0,0.0,1.0
5636,-0.6360275,19.44605,19.356924,1.0,1.0,0.0,1.0
5637,-0.6360275,19.277617,19.321732,1.0,1.0,0.0,1.0
5638,-0.6360275,19.37724,19.301554,1.0,1.0,0.0,1.0
5639,-0.61610657,19.21779,19.257082,1.0,1.0,0.0,1.0
5640,-0.61610657,19.036617,19.209045,1.0,1.0,0.0,1.0
5641,-0.596215,19.124327,19.163273,1.0,1.0,0.0,1.0
5642,-0.596215,19.198793,19.081158,1.0,1.0,0.0,1.0
5643,-0.5763524,19.198793,18.984388,1.0,1.0,0.0,1.0
5644,-0.5763524,18.86961,18.890873,1.0,1.0,0.0,1.0
5645,-0.5763524,18.86961,18.775784,1.0,1.0,0.0,1.0
5646,-0.5763524,18.896782,18.663889,1.0,1.0,1.0,1.0
5647,-0.55651855,18.460674,18.562632,1.0,1.0,1.0,1.0
5648,-0.55651855,18.284807,18.46806,1.0,1.0,1.0,1.0
5649,-0.55651855,18.155432,18.35729,1.0,1.0,1.0,1.0
5650,-0.55651855,17.996174,18.258795,1.0,1.0,1.0,1.0
5651,-0.55651855,17.875051,18.201815,1.0,1.0,1.0,1.0
5652,-0.55651855,17.821526,18.138186,1.0,1.0,1.0,1.0
5653,-0.536713,17.989452,18.06936,1.0,1.0,1.0,1.0
5654,-0.536713,17.86957,18.034174,1.0,1.0,1.0,1.0
5655,-0.536713,18.01685,18.035786,1.0,1.0,1.0,1.0
5656,-0.536713,18.185848,18.036167,1.0,1.0,1.0,1.0
5657,-0.536713,18.106068,18.026676,1.0,1.0,1.0,1.0
5658,-0.536713,18.070879,18.049656,1.0,1.0,1.0,1.0
5659,-0.536713,18.038425,18.067091,1.0,1.0,1.0,1.0
5660,-0.536713,18.304144,18.059341,1.0,1.0,1.0,1.0
5661,-0.536713,18.160027,18.048685,1.0,1.0,1.0,1.0
5662,-0.536713,17.88228,18.008171,1.0,1.0,1.0,1.0
5663,-0.536713,18.150808,17.930426,1.0,1.0,1.0,1.0
5664,-0.536713,18.030743,17.838476,1.0,1.0,1.0,1.0
5665,-0.55651855,17.896467,17.72702,1.0,1.0,1.0,1.0
5666,-0.55651855,17.741676,17.593876,1.0,1.0,1.0,1.0
5667,-0.55651855,17.530685,17.406681,1.0,1.0,1.0,1.0
5668,-0.55651855,17.25291,17.192974,1.0,1.0,1.0,1.0
5669,-0.55651855,17.002674,16.957886,1.0,1.0,1.0,1.0
5670,-0.55651855,16.733406,16.647234,1.0,1.0,1.0,1.0
5671,-0.5763524,16.440699,16.295967,1.0,1.0,1.0,1.0
5672,-0.5763524,16.057795,15.911684,1.0,1.0,1.0,1.0
5673,-0.5763524,15.595542,15.50464,1.0,1.0,1.0,1.0
5674,-0.5763524,15.061227,15.070751,1.0,1.0,1.0,1.0
5675,-0.596215,14.422983,14.628751,1.0,1.0,1.0,1.0
5676,-0.596215,13.815545,14.172532,1.0,1.0,1.0,1.0
5677,-0.596215,13.285062,13.710699,1.0,1.0,1.0,1.0
5678,-0.596215,12.857147,13.247389,1.0,1.0,1.0,1.0
5679,-0.61610657,12.32403,12.789329,1.0,1.0,1.0,1.0
5680,-0.61610657,11.948902,12.343996,1.0,1.0,1.0,1.0
5681,-0.61610657,11.528051,11.921326,1.0,1.0,1.0,1.0
5682,-0.6360275,11.1914015,11.536477,0.0,1.0,1.0,1.0
5683,-0.6360275,10.880976,11.19458,0.0,1.0,1.0,1.0
5684,-0.6360275,10.561077,10.894529,0.0,1.0,1.0,1.0
5685,-0.6559781,10.251548,10.630585,0.0,1.0,1.0,1.0
5686,-0.6559781,9.989181,10.421077,0.0,1.0,1.0,1.0
5687,-0.6559781,9.804809,10.246895,0.0,1.0,1.0,1.0
5688,-0.6559781,9.71278,10.111616,0.0,1.0,1.0,1.0
5689,-0.6559781,9.684453,10.025868,0.0,1.0,1.0,1.0
5690,-0.67595863,9.689809,9.979943,0.0,1.0,1.0,1.0
5691,-0.67595863,9.809937,9.968954,0.0,1.0,1.0,1.0
5692,-0.67595863,9.858712,9.993181,0.0,1.0,1.0,1.0
5693,-0.6959696,9.904717,10.060038,0.0,1.0,1.0,1.0
5694,-0.6959696,10.162418,10.152805,0.0,1.0,1.0,1.0
5695,-0.6959696,10.329881,10.256069,0.0,1.0,1.0,1.0
5696,-0.6959696,10.429201,10.3641815,0.0,1.0,1.0,1.0
5697,-0.6959696,10.542283,10.480277,0.0,1.0,1.0,1.0
5698,-0.6959696,10.791449,10.587623,0.0,1.0,1.0,1.0
5699,-0.6959696,10.918023,10.691303,0.0,1.0,1.0,1.0
5700,-0.6959696,10.95195,10.796774,0.0,1.0,1.0,1.0
5701,-0.6959696,10.981804,10.886285,0.0,1.0,1.0,1.0
5702,-0.6959696,11.082949,10.965794,0.0,1.0,1.0,1.0
5703,-0.6959696,11.098082,11.051968,0.0,1.0,1.0,1.0
5704,-0.6959696,11.102879,11.144465,0.0,1.0,1.0,1.0
5705,-0.6959696,11.170364,11.2151575,0.0,1.0,1.0,1.0
5706,-0.6959696,11.23655,11.28411,0.0,1.0,1.0,1.0
5707,-0.6959696,11.283984,11.362708,0.0,1.0,1.0,1.0
5708,-0.6959696,11.4633,11.451543,0.0,1.0,1.0,1.0
5709,-0.6959696,11.652254,11.530757,0.0,1.0,1.0,1.0
5710,-0.6959696,11.639748,11.617317,0.0,1.0,1.0,1.0
5711,-0.6959696,11.745459,11.720376,1.0,1.0,1.0,1.0
5712,-0.6959696,11.895128,11.838639,1.0,1.0,1.0,1.0
5713,-0.6959696,12.04782,11.962079,1.0,1.0,1.0,1.0
5714,-0.6959696,12.033519,12.099555,1.0,1.0,1.0,1.0
5715,-0.6959696,12.136803,12.239528,1.0,1.0,1.0,1.0
5716,-0.6959696,12.339588,12.353748,1.0,1.0,1.0,1.0
5717,-0.6959696,12.589521,12.469474,1.0,1.0,1.0,1.0
5718,-0.6959696,12.71783,12.59539,1.0,1.0,0.0,1.0
5719,-0.6959696,12.933692,12.71687,1.0,1.0,0.0,1.0
5720,-0.6959696,13.142968,12.834435,1.0,1.0,0.0,1.0
5721,-0.6959696,13.022906,12.968819,1.0,1.0,0.0,1.0
5722,-0.6959696,13.028449,13.109388,1.0,1.0,1.0,1.0
5723,-0.6959696,13.256455,13.247397,1.0,1.0,1.0,1.0
5724,-0.6959696,13.352892,13.378641,1.0,1.0,1.0,1.0
5725,-0.6959696,13.458604,13.513011,1.0,1.0,1.0,1.0
5726,-0.6959696,13.646113,13.642949,1.0,1.0,1.0,1.0
5727,-0.6959696,13.823636,13.772151,1.0,1.0,1.0,1.0
5728,-0.6959696,13.995707,13.926853,1.0,1.0,1.0,1.0
5729,-0.6959696,14.164435,14.105315,1.0,1.0,1.0,1.0
5730,-0.6959696,14.330269,14.278019,1.0,1.0,1.0,1.0
5731,-0.6959696,14.4929495,14.455735,1.0,1.0,1.0,1.0
5732,-0.6959696,14.693393,14.659703,1.0,1.0,1.0,1.0
5733,-0.6959696,14.879337,14.868248,1.0,1.0,1.0,1.0
5734,-0.6959696,15.169995,15.064093,1.0,1.0,1.0,1.0
5735,-0.6959696,15.328892,15.25363,1.0,1.0,1.0,1.0
5736,-0.6959696,15.485487,15.44199,1.0,1.0,1.0,1.0
5737,-0.7160111,15.906229,15.6161785,1.0,1.0,1.0,1.0
5738,-0.7160111,16.148645,15.776811,1.0,1.0,1.0,1.0
5739,-0.7160111,16.173777,15.920739,1.0,1.0,1.0,1.0
5740,-0.7160111,16.270151,16.049173,1.0,1.0,1.0,1.0
5741,-0.7160111,16.42475,16.153385,1.0,1.0,1.0,1.0
5742,-0.7160111,16.420536,16.244354,1.0,1.0,1.0,1.0
5743,-0.7160111,16.420536,16.319279,1.0,1.0,1.0,1.0
5744,-0.7160111,16.420536,16.35322,1.0,1.0,1.0,1.0
5745,-0.7160111,16.420536,16.357079,1.0,1.0,1.0,1.0
5746,-0.7160111,16.420536,16.355793,1.0,1.0,1.0,1.0
5747,-0.7160111,16.420536,16.343153,1.0,1.0,1.0,1.0
5748,-0.7160111,16.38458,16.313646,1.0,1.0,1.0,1.0
5749,-0.7160111,16.31353,16.28449,1.0,1.0,1.0,1.0
5750,-0.7360836,16.194935,16.255335,1.0,1.0,1.0,1.0
5751,-0.7360836,16.158356,16.226181,1.0,1.0,1.0,1.0
5752,-0.7360836,16.118475,16.191135,1.0,1.0,1.0,1.0
5753,-0.7360836,16.07067,16.15609,1.0,1.0,1.0,1.0
5754,-0.7360836,16.07067,16.121046,1.0,1.0,1.0,1.0
5755,-0.7561875,16.07067,16.088997,1.0,1.0,1.0,1.0
5756,-0.7561875,16.07067,16.06287,1.0,1.0,1.0,1.0
5757,-0.7561875,16.0,16.046625,1.0,1.0,1.0,1.0
5758,-0.7561875,16.0,16.03343,1.0,1.0,1.0,1.0
5759,-0.7561875,16.0,16.023556,1.0,1.0,1.0,1.0
5760,-0.776323,16.0,16.017668,1.0,1.0,1.0,1.0
5761,-0.776323,16.0,16.011778,1.0,1.0,1.0,1.0
5762,-0.776323,16.0,16.00589,1.0,1.0,1.0,1.0
5763,-0.776323,16.0,16.0,1.0,1.0,1.0,1.0
5764,-0.776323,16.0,15.96346,1.0,1.0,1.0,1.0
5765,-0.7964905,16.0,15.892211,1.0,1.0,1.0,1.0
5766,-0.7964905,16.0,15.791267,1.0,1.0,1.0,1.0
5767,-0.8166903,16.0,15.6625,1.0,1.0,1.0,1.0
5768,-0.7964905,16.0,15.504815,1.0,1.0,1.0,1.0
5769,-0.8166903,15.5615225,15.317679,1.0,1.0,1.0,1.0
5770,-0.8166903,15.145004,15.098932,1.0,1.0,1.0,1.0
5771,-0.83692276,14.788681,14.848953,1.0,1.0,1.0,1.0
5772,-0.83692276,14.454795,14.569219,1.0,1.0,1.0,1.0
5773,-0.83692276,14.107775,14.261063,1.0,1.0,1.0,1.0
5774,-0.83692276,13.754379,13.924817,1.0,1.0,1.0,1.0
5775,-0.8571883,13.375035,13.5602865,1.0,1.0,1.0,1.0
5776,-0.8571883,13.000244,13.202616,1.0,1.0,1.0,1.0
5777,-0.8571883,12.643193,12.85434,1.0,1.0,1.0,1.0
5778,-0.8571883,12.302126,12.509369,1.0,1.0,1.0,1.0
5779,-0.8774871,11.965046,12.169884,1.0,1.0,1.0,1.0
5780,-0.8774871,11.625634,11.861668,1.0,1.0,1.0,1.0
5781,-0.8774871,11.269478,11.589077,0.0,1.0,1.0,1.0
5782,-0.8774871,10.965686,11.348332,0.0,1.0,1.0,1.0
5783,-0.8774871,10.649035,11.138317,0.0,1.0,1.0,1.0
5784,-0.8571883,10.380967,10.95805,0.0,1.0,1.0,1.0
5785,-0.8571883,10.409188,10.8042965,0.0,1.0,1.0,1.0
5786,-0.8571883,10.483292,10.684274,0.0,1.0,1.0,1.0
5787,-0.8571883,10.4861,10.596437,0.0,1.0,1.0,1.0
5788,-0.83692276,10.480054,10.5378,0.0,1.0,1.0,1.0
5789,-0.83692276,10.479996,10.503214,0.0,1.0,1.0,1.0
5790,-0.83692276,10.457079,10.492691,0.0,1.0,1.0,1.0
5791,-0.83692276,10.524773,10.507472,0.0,1.0,1.0,1.0
5792,-0.83692276,10.571604,10.522776,0.0,1.0,1.0,1.0
5793,-0.8166903,10.565829,10.527659,0.0,1.0,1.0,1.0
5794,-0.8166903,10.550646,10.526552,0.0,1.0,1.0,1.0
5795,-0.8166903,10.522762,10.516015,0.0,1.0,1.0,1.0
5796,-0.8166903,10.558346,10.510442,0.0,1.0,1.0,1.0
5797,-0.7964905,10.592828,10.504222,0.0,1.0,1.0,1.0
5798,-0.7964905,10.541898,10.49397,0.0,1.0,1.0,1.0
5799,-0.7964905,10.472817,10.481384,0.0,1.0,1.0,1.0
5800,-0.7964905,10.353604,10.473036,0.0,1.0,1.0,1.0
5801,-0.7964905,10.413116,10.475342,0.0,1.0,1.0,1.0
5802,-0.7964905,10.382436,10.482301,0.0,1.0,1.0,1.0
5803,-0.776323,10.401756,10.48721,0.0,1.0,1.0,1.0
5804,-0.776323,10.42057,10.494874,0.0,1.0,1.0,1.0
5805,-0.776323,10.465646,10.52616,0.0,1.0,1.0,1.0
5806,-0.776323,10.578316,10.589098,0.0,1.0,1.0,1.0
5807,-0.776323,10.606278,10.651484,0.0,1.0,1.0,1.0
5808,-0.776323,10.617259,10.718627,0.0,1.0,1.0,1.0
5809,-0.7561875,10.684791,10.781037,0.0,1.0,1.0,1.0
5810,-0.7561875,10.917334,10.836402,0.0,1.0,1.0,1.0
5811,-0.7561875,11.228072,10.916178,0.0,1.0,1.0,1.0
5812,-0.7561875,11.102233,10.983203,0.0,1.0,1.0,1.0
5813,-0.7561875,11.218833,11.03613,0.0,1.0,1.0,1.0
5814,-0.7561875,11.131365,11.099025,0.0,1.0,1.0,1.0
5815,-0.7561875,11.066132,11.176081,0.0,1.0,1.0,1.0
5816,-0.7561875,11.377879,11.247753,0.0,1.0,1.0,1.0
5817,-0.7561875,11.269946,11.310121,0.0,1.0,1.0,1.0
5818,-0.7561875,11.213436,11.356021,0.0,1.0,1.0,1.0
5819,-0.7561875,11.361014,11.408985,0.0,1.0,1.0,1.0
5820,-0.7561875,11.541935,11.44985,0.0,1.0,1.0,1.0
5821,-0.7561875,11.544862,11.481477,0.0,1.0,1.0,1.0
5822,-0.7561875,11.665742,11.514443,0.0,1.0,1.0,1.0
5823,-0.7561875,11.778873,11.52546,0.0,1.0,1.0,1.0
5824,-0.7561875,11.737805,11.532393,0.0,1.0,1.0,1.0
5825,-0.7561875,11.709207,11.548765,0.0,1.0,1.0,1.0
5826,-0.7561875,11.510892,11.559038,0.0,1.0,1.0,1.0
5827,-0.7561875,11.461729,11.5262785,0.0,1.0,1.0,1.0
5828,-0.7561875,11.510077,11.498706,0.0,1.0,1.0,1.0
5829,-0.7561875,11.353148,11.464249,0.0,1.0,1.0,1.0
5830,-0.776323,11.409896,11.403948,0.0,1.0,1.0,1.0
5831,-0.776323,11.484297,11.32648,0.0,1.0,1.0,1.0
5832,-0.776323,11.148816,11.2431555,0.0,1.0,1.0,1.0
5833,-0.776323,11.213985,11.156623,0.0,1.0,1.0,1.0
5834,-0.776323,11.252258,11.054035,0.0,1.0,1.0,1.0
5835,-0.776323,11.055261,10.941828,0.0,1.0,1.0,1.0
5836,-0.776323,10.808191,10.834073,0.0,1.0,1.0,1.0
5837,-0.776323,10.709316,10.714756,0.0,1.0,1.0,1.0
5838,-0.776323,10.472499,10.564998,0.0,1.0,1.0,1.0
5839,-0.776323,10.230677,10.444445,0.0,1.0,1.0,1.0
5840,-0.7964905,10.1635895,10.341654,0.0,1.0,1.0,1.0
5841,-0.7964905,10.060096,10.24138,0.0,1.0,1.0,1.0
5842,-0.7964905,9.978082,10.157966,0.0,1.0,1.0,1.0
5843,-0.7964905,9.687199,10.122994,0.0,1.0,1.0,1.0
5844,-0.7964905,9.702186,10.116225,0.0,1.0,1.0,1.0
5845,-0.7964905,9.980487,10.154633,0.0,1.0,1.0,1.0
5846,-0.8166903,10.048976,10.235909,0.0,1.0,1.0,1.0
5847,-0.8166903,10.05429,10.329534,0.0,1.0,1.0,1.0
5848,-0.8166903,10.388534,10.451797,0.0,1.0,1.0,1.0
5849,-0.8166903,10.628089,10.588525,0.0,1.0,1.0,1.0
5850,-0.8166903,10.9333935,10.771968,0.0,1.0,1.0,1.0
5851,-0.83692276,11.205996,10.973875,0.0,1.0,1.0,1.0
5852,-0.83692276,11.287082,11.177303,0.0,1.0,1.0,1.0
5853,-0.83692276,11.527249,11.390985,0.0,1.0,1.0,1.0
5854,-0.83692276,11.618819,11.627474,0.0,1.0,1.0,1.0
5855,-0.8571883,11.888512,11.856959,1.0,1.0,1.0,1.0
5856,-0.8571883,12.125073,12.045623,1.0,1.0,1.0,1.0
5857,-0.8571883,12.421625,12.21987,1.0,1.0,1.0,1.0
5858,-0.8571883,12.613154,12.394392,1.0,1.0,1.0,1.0
5859,-0.8774871,12.892154,12.552455,1.0,1.0,1.0,1.0
5860,-0.8774871,13.142361,12.683447,1.0,1.0,1.0,1.0
5861,-0.8774871,12.892053,12.793042,1.0,1.0,1.0,1.0
5862,-0.8978197,13.024356,12.871485,1.0,1.0,1.0,1.0
5863,-0.8978197,13.300268,12.936102,1.0,1.0,1.0,1.0
5864,-0.8978197,13.18384,12.968892,1.0,1.0,1.0,1.0
5865,-0.8978197,13.099148,12.989287,1.0,1.0,1.0,1.0
5866,-0.91818625,12.933965,12.990345,1.0,1.0,1.0,1.0
5867,-0.91818625,12.829823,12.977967,1.0,1.0,1.0,1.0
5868,-0.91818625,12.900473,12.977936,1.0,1.0,1.0,1.0
5869,-0.91818625,12.815111,12.964936,1.0,1.0,1.0,1.0
5870,-0.91818625,12.857901,12.917253,1.0,1.0,1.0,1.0
5871,-0.91818625,12.904846,12.870344,1.0,1.0,1.0,1.0
5872,-0.91818625,12.993823,12.839108,1.0,1.0,1.0,1.0
5873,-0.91818625,12.891678,12.816123,1.0,1.0,1.0,1.0
5874,-0.91818625,12.868359,12.7888565,1.0,1.0,1.0,1.0
5875,-0.8978197,12.72806,12.750662,1.0,1.0,1.0,1.0
5876,-0.8978197,12.620949,12.718186,1.0,1.0,1.0,1.0
5877,-0.8774871,12.724319,12.682161,1.0,1.0,1.0,1.0
5878,-0.8774871,12.658131,12.631163,1.0,1.0,1.0,1.0
5879,-0.8774871,12.50263,12.557939,1.0,1.0,1.0,1.0
5880,-0.8774871,12.442134,12.490023,1.0,1.0,1.0,1.0
5881,-0.8571883,12.425412,12.42428,1.0,1.0,1.0,1.0
5882,-0.8571883,12.425599,12.357239,1.0,1.0,1.0,1.0
5883,-0.83692276,12.292856,12.272948,1.0,1.0,1.0,1.0
5884,-0.83692276,12.115134,12.17638,1.0,1.0,1.0,1.0
5885,-0.83692276,12.076691,12.081755,1.0,1.0,1.0,1.0
5886,-0.83692276,12.079441,11.998375,1.0,1.0,1.0,1.0
5887,-0.8166903,11.923573,11.919944,1.0,1.0,1.0,1.0
5888,-0.8166903,11.609454,11.83962,1.0,1.0,1.0,1.0
5889,-0.8166903,11.565508,11.744552,1.0,1.0,1.0,1.0
5890,-0.8166903,11.522625,11.655946,1.0,1.0,1.0,1.0
5891,-0.8166903,11.502078,11.577371,0.0,1.0,1.0,1.0
5892,-0.8166903,11.500954,11.486104,0.0,1.0,1.0,1.0
5893,-0.8166903,11.461522,11.378129,0.0,1.0,1.0,1.0
5894,-0.7964905,11.284783,11.275737,0.0,1.0,1.0,1.0
5895,-0.7964905,11.2295885,11.209267,0.0,1.0,1.0,1.0
5896,-0.7964905,11.172234,11.132293,0.0,1.0,1.0,1.0
5897,-0.7964905,10.981483,11.041119,0.0,1.0,1.0,1.0
5898,-0.7964905,10.783745,10.935773,0.0,1.0,1.0,1.0
5899,-0.7964905,10.694862,10.827994,0.0,1.0,1.0,1.0
5900,-0.7964905,10.811812,10.707945,0.0,1.0,1.0,1.0
5901,-0.776323,10.641829,10.590722,0.0,1.0,1.0,1.0
5902,-0.776323,10.428534,10.466862,0.0,1.0,1.0,1.0
5903,-0.776323,10.237933,10.33293,0.0,1.0,1.0,1.0
5904,-0.776323,10.20761,10.204654,0.0,1.0,1.0,1.0
5905,-0.776323,10.02093,10.117614,0.0,1.0,1.0,1.0
5906,-0.776323,9.878103,10.052442,0.0,1.0,1.0,1.0
5907,-0.776323,9.74327,9.96961,0.0,1.0,1.0,1.0
5908,-0.776323,9.565038,9.903528,0.0,1.0,1.0,1.0
5909,-0.776323,9.442175,9.860446,0.0,1.0,1.0,1.0
5910,-0.776323,9.739265,9.836978,0.0,1.0,1.0,1.0
5911,-0.776323,9.912802,9.82862,0.0,1.0,1.0,1.0
5912,-0.776323,9.817839,9.849699,0.0,1.0,1.0,1.0
5913,-0.776323,9.84884,9.896338,0.0,1.0,0.0,1.0
5914,-0.776323,9.911546,9.966278,0.0,1.0,0.0,1.0
5915,-0.776323,9.956318,10.052316,0.0,1.0,1.0,1.0
5916,-0.776323,10.10731,10.151316,0.0,1.0,1.0,1.0
5917,-0.7561875,10.273887,10.249335,0.0,1.0,1.0,1.0
5918,-0.7561875,10.437775,10.329774,0.0,1.0,1.0,1.0
5919,-0.7561875,10.582545,10.413145,0.0,1.0,1.0,1.0
5920,-0.7561875,10.597485,10.488845,0.0,1.0,1.0,1.0
5921,-0.7360836,10.630175,10.533767,0.0,1.0,1.0,1.0
5922,-0.7360836,10.9155,10.546738,0.0,1.0,1.0,1.0
5923,-0.7160111,10.878071,10.540548,0.0,1.0,1.0,1.0
5924,-0.7160111,10.818293,10.522947,0.0,1.0,1.0,1.0
5925,-0.7160111,10.75723,10.49482,0.0,1.0,1.0,1.0
5926,-0.7160111,10.450613,10.445821,0.0,1.0,1.0,1.0
5927,-0.6959696,10.111969,10.365509,0.0,1.0,1.0,1.0
5928,-0.6959696,10.033036,10.277529,0.0,1.0,1.0,1.0
5929,-0.6959696,10.062678,10.169791,0.0,1.0,1.0,1.0
5930,-0.67595863,10.100246,10.062952,0.0,1.0,1.0,1.0
5931,-0.67595863,9.994555,9.966802,0.0,1.0,1.0,1.0
5932,-0.67595863,9.633746,9.86837,0.0,1.0,1.0,1.0
5933,-0.67595863,9.574408,9.778626,0.0,1.0,1.0,1.0
5934,-0.67595863,9.62265,9.72599,0.0,1.0,1.0,1.0
5935,-0.67595863,9.596,9.674178,0.0,1.0,1.0,1.0
5936,-0.67595863,9.664485,9.632616,0.0,1.0,1.0,1.0
5937,-0.67595863,9.576052,9.603828,0.0,1.0,1.0,1.0
5938,-0.67595863,9.373695,9.594755,0.0,1.0,1.0,1.0
5939,-0.67595863,9.480327,9.635883,0.0,1.0,1.0,1.0
5940,-0.67595863,9.411295,9.69408,0.0,1.0,1.0,1.0
5941,-0.67595863,9.563934,9.75005,0.0,1.0,1.0,1.0
5942,-0.67595863,9.754793,9.829403,0.0,1.0,1.0,1.0
5943,-0.67595863,9.8856735,9.924973,0.0,1.0,0.0,1.0
5944,-0.67595863,10.12729,10.036624,0.0,1.0,0.0,1.0
5945,-0.6959696,10.272766,10.165517,0.0,1.0,0.0,1.0
5946,-0.6959696,10.294291,10.292505,0.0,1.0,0.0,1.0
5947,-0.6959696,10.54823,10.435208,0.0,1.0,0.0,1.0
5948,-0.6959696,10.811328,10.589127,0.0,1.0,0.0,1.0
5949,-0.6959696,10.91586,10.734707,0.0,1.0,0.0,1.0
5950,-0.7160111,10.920417,10.878039,0.0,1.0,0.0,1.0
5951,-0.7160111,11.004183,11.025237,0.0,1.0,0.0,1.0
5952,-0.7160111,11.123737,11.166011,0.0,1.0,0.0,1.0
5953,-0.7360836,11.4109535,11.309168,0.0,1.0,0.0,1.0
5954,-0.7360836,11.501748,11.445158,0.0,1.0,0.0,1.0
5955,-0.7360836,11.605663,11.559699,0.0,1.0,0.0,1.0
5956,-0.7360836,11.893669,11.664848,1.0,1.0,1.0,1.0
5957,-0.7561875,11.962048,11.7753725,1.0,1.0,1.0,1.0
5958,-0.7561875,12.012182,11.878731,1.0,1.0,1.0,1.0
5959,-0.7561875,12.180102,11.973355,1.0,1.0,1.0,1.0
5960,-0.776323,12.185823,12.044691,1.0,1.0,1.0,1.0
5961,-0.776323,12.177649,12.108624,1.0,1.0,1.0,1.0
5962,-0.776323,12.246709,12.165358,1.0,1.0,1.0,1.0
5963,-0.776323,12.24448,12.198888,1.0,1.0,1.0,1.0
5964,-0.776323,12.259233,12.227951,1.0,1.0,1.0,1.0
5965,-0.7964905,12.266987,12.254406,1.0,1.0,1.0,1.0
5966,-0.7964905,12.26895,12.268013,1.0,1.0,1.0,1.0
5967,-0.7964905,12.286458,12.282303,1.0,1.0,1.0,1.0
5968,-0.776323,12.296033,12.293491,1.0,1.0,1.0,1.0
5969,-0.776323,12.310801,12.2931595,1.0,1.0,1.0,1.0
5970,-0.776323,12.329644,12.2881565,1.0,1.0,1.0,1.0
5971,-0.776323,12.343385,12.281406,1.0,1.0,1.0,1.0
5972,-0.7561875,12.357309,12.2737055,1.0,1.0,1.0,1.0
5973,-0.7561875,12.311904,12.268154,1.0,1.0,1.0,1.0
5974,-0.7561875,12.242728,12.261083,1.0,1.0,1.0,1.0
5975,-0.7360836,12.184441,12.25016,1.0,1.0,1.0,1.0
5976,-0.7360836,12.178243,12.23439,1.0,1.0,1.0,1.0
5977,-0.7360836,12.174568,12.213432,1.0,1.0,1.0,1.0
5978,-0.7360836,12.202335,12.1867485,1.0,1.0,1.0,1.0
5979,-0.7160111,12.201599,12.15489,1.0,1.0,1.0,1.0
5980,-0.7160111,12.164962,12.120933,1.0,1.0,1.0,1.0
5981,-0.7160111,12.121568,12.089044,1.0,1.0,1.0,1.0
5982,-0.7160111,12.078141,12.059041,1.0,1.0,1.0,1.0
5983,-0.7160111,12.023188,12.027177,1.0,1.0,1.0,1.0
5984,-0.7160111,11.975002,11.999288,1.0,1.0,1.0,1.0
5985,-0.6959696,11.90442,11.9722395,1.0,1.0,1.0,1.0
5986,-0.7160111,11.860059,11.945015,1.0,1.0,1.0,1.0
5987,-0.6959696,11.824408,11.922139,1.0,1.0,1.0,1.0
5988,-0.6959696,11.79587,11.905607,1.0,1.0,1.0,1.0
5989,-0.6959696,11.839895,11.892087,1.0,1.0,1.0,1.0
5990,-0.6959696,11.877767,11.885589,1.0,1.0,1.0,1.0
5991,-0.6959696,11.874904,11.885928,1.0,1.0,1.0,1.0
5992,-0.6959696,11.890447,11.889308,1.0,1.0,1.0,1.0
5993,-0.6959696,11.923186,11.902894,1.0,1.0,1.0,1.0
5994,-0.6959696,11.915898,11.924869,1.0,1.0,1.0,1.0
5995,-0.6959696,11.94521,11.9547205,1.0,1.0,1.0,1.0
5996,-0.6959696,11.979078,11.991218,1.0,1.0,1.0,1.0
5997,-0.6959696,11.944977,12.033559,1.0,1.0,1.0,1.0
5998,-0.6959696,12.023093,12.076435,1.0,1.0,1.0,1.0
5999,-0.6959696,12.088093,12.12798,1.0,1.0,1.0,1.0
6000,-0.6959696,12.1541,12.183335,1.0,1.0,1.0,1.0
6001,-0.6959696,12.277859,12.24236,1.0,1.0,1.0,1.0
6002,-0.6959696,12.385859,12.3030205,1.0,1.0,1.0,1.0
6003,-0.6959696,12.389421,12.364097,1.0,1.0,1.0,1.0
6004,-0.6959696,12.50899,12.43139,1.0,1.0,1.0,1.0
6005,-0.7160111,12.587442,12.496423,1.0,1.0,1.0,1.0
6006,-0.6959696,12.624195,12.559066,1.0,1.0,1.0,1.0
6007,-0.7160111,12.673136,12.620609,1.0,1.0,1.0,1.0
6008,-0.7160111,12.711993,12.683665,1.0,1.0,1.0,1.0
6009,-0.7160111,12.752498,12.740273,1.0,1.0,1.0,1.0
6010,-0.7160111,12.803487,12.800932,1.0,1.0,1.0,1.0
6011,-0.7160111,12.839814,12.848079,1.0,1.0,1.0,1.0
6012,-0.7160111,12.8926115,12.879733,1.0,1.0,1.0,1.0
6013,-0.7160111,13.034536,12.901897,1.0,1.0,1.0,1.0
6014,-0.7160111,13.06516,12.927587,1.0,1.0,1.0,1.0
6015,-0.7360836,13.117315,12.947991,1.0,1.0,1.0,1.0
6016,-0.7160111,13.074755,12.961054,1.0,1.0,1.0,1.0
6017,-0.7360836,12.967293,12.974363,1.0,1.0,1.0,1.0
6018,-0.7360836,12.890168,12.991204,1.0,1.0,1.0,1.0
6019,-0.7360836,12.981413,13.006236,1.0,1.0,1.0,1.0
6020,-0.7360836,12.956851,13.015612,1.0,1.0,1.0,1.0
6021,-0.7360836,12.909242,13.027944,1.0,1.0,1.0,1.0
6022,-0.7360836,12.963202,13.044406,1.0,1.0,1.0,1.0
6023,-0.7561875,13.041907,13.073034,1.0,1.0,1.0,1.0
6024,-0.7561875,13.07299,13.118371,1.0,1.0,1.0,1.0
6025,-0.7561875,13.147044,13.172461,1.0,1.0,1.0,1.0
6026,-0.7561875,13.2131405,13.221902,1.0,1.0,1.0,1.0
6027,-0.7561875,13.314868,13.281607,1.0,1.0,1.0,1.0
6028,-0.7561875,13.418298,13.358832,1.0,1.0,1.0,1.0
6029,-0.776323,13.511324,13.443329,1.0,1.0,1.0,1.0
6030,-0.776323,13.539248,13.52514,1.0,1.0,1.0,1.0
6031,-0.776323,13.574704,13.604211,1.0,1.0,1.0,1.0
6032,-0.7964905,13.673316,13.679695,1.0,1.0,1.0,1.0
6033,-0.7964905,13.83595,13.743425,1.0,1.0,1.0,1.0
6034,-0.7964905,13.97715,13.791408,1.0,1.0,1.0,1.0
6035,-0.7964905,14.023647,13.825921,1.0,1.0,1.0,1.0
6036,-0.8166903,14.021836,13.831766,1.0,1.0,1.0,1.0
6037,-0.8166903,14.0528555,13.826281,1.0,1.0,1.0,1.0
6038,-0.8166903,13.977911,13.806379,1.0,1.0,1.0,1.0
6039,-0.8166903,13.890655,13.767764,1.0,1.0,1.0,1.0
6040,-0.83692276,13.83246,13.703646,1.0,1.0,1.0,1.0
6041,-0.83692276,13.581466,13.620222,1.0,1.0,1.0,1.0
6042,-0.83692276,13.473422,13.524013,1.0,1.0,1.0,1.0
6043,-0.8571883,13.335886,13.4211235,1.0,1.0,1.0,1.0
6044,-0.8571883,13.209925,13.30693,1.0,1.0,1.0,1.0
6045,-0.8571883,13.066533,13.188289,1.0,1.0,1.0,1.0
6046,-0.8774871,12.9760685,13.068747,1.0,1.0,1.0,1.0
6047,-0.8774871,12.869129,12.949452,1.0,1.0,1.0,1.0
6048,-0.8978197,12.787175,12.84726,1.0,1.0,1.0,1.0
6049,-0.8978197,12.682527,12.752787,1.0,1.0,1.0,1.0
6050,-0.8978197,12.554222,12.666581,1.0,1.0,1.0,1.0
6051,-0.91818625,12.456146,12.588318,1.0,1.0,1.0,1.0
6052,-0.91818625,12.400932,12.529396,1.0,1.0,1.0,1.0
6053,-0.91818625,12.355158,12.4656315,1.0,1.0,1.0,1.0
6054,-0.91818625,12.339743,12.406879,1.0,1.0,1.0,1.0
6055,-0.93858725,12.301416,12.348865,1.0,1.0,1.0,1.0
6056,-0.93858725,12.27076,12.285602,1.0,1.0,1.0,1.0
6057,-0.93858725,12.359471,12.219865,1.0,1.0,1.0,1.0
6058,-0.93858725,12.210899,12.148748,1.0,1.0,1.0,1.0
6059,-0.91818625,12.164103,12.069378,1.0,1.0,1.0,1.0
6060,-0.93858725,12.090993,11.978907,1.0,1.0,1.0,1.0
6061,-0.91818625,11.923373,11.878379,1.0,1.0,1.0,1.0
6062,-0.91818625,11.76538,11.7737255,1.0,1.0,1.0,1.0
6063,-0.91818625,11.60275,11.656704,1.0,1.0,1.0,1.0
6064,-0.8978197,11.448492,11.5252,0.0,1.0,1.0,1.0
6065,-0.8978197,11.269499,11.403382,0.0,1.0,1.0,1.0
6066,-0.8978197,11.133408,11.280479,0.0,1.0,1.0,1.0
6067,-0.8978197,11.04558,11.150257,0.0,1.0,1.0,1.0
6068,-0.8774871,10.866497,11.029247,0.0,1.0,1.0,1.0
6069,-0.8774871,10.781427,10.9283,0.0,1.0,1.0,1.0
6070,-0.8571883,10.74909,10.842094,0.0,1.0,1.0,1.0
6071,-0.8571883,10.689262,10.765516,0.0,1.0,1.0,1.0
6072,-0.8571883,10.528327,10.702356,0.0,1.0,1.0,1.0
6073,-0.8571883,10.47125,10.661343,0.0,1.0,1.0,1.0
6074,-0.83692276,10.554017,10.648733,0.0,1.0,1.0,1.0
6075,-0.83692276,10.568283,10.660796,0.0,1.0,1.0,1.0
6076,-0.83692276,10.529553,10.686982,0.0,1.0,1.0,1.0
6077,-0.83692276,10.511579,10.725484,0.0,1.0,1.0,1.0
6078,-0.83692276,10.641249,10.769788,0.0,1.0,1.0,1.0
6079,-0.83692276,10.894264,10.837936,0.0,1.0,1.0,1.0
6080,-0.8166903,11.011256,10.90882,0.0,1.0,1.0,1.0
6081,-0.8166903,11.095657,10.971306,0.0,1.0,1.0,1.0
6082,-0.8166903,11.21111,11.032124,0.0,1.0,1.0,1.0
6083,-0.8166903,11.220904,11.106777,0.0,1.0,1.0,1.0
6084,-0.8166903,11.346118,11.186288,0.0,1.0,1.0,1.0
6085,-0.8166903,11.321848,11.251527,0.0,1.0,1.0,1.0
6086,-0.8166903,11.30385,11.288389,0.0,1.0,1.0,1.0
6087,-0.8166903,11.298096,11.312101,0.0,1.0,1.0,1.0
6088,-0.8166903,11.425391,11.330666,0.0,1.0,1.0,1.0
6089,-0.8166903,11.465712,11.334269,0.0,1.0,1.0,1.0
6090,-0.8166903,11.424111,11.318093,0.0,1.0,1.0,1.0
6091,-0.8166903,11.336618,11.287296,0.0,1.0,1.0,1.0
6092,-0.8166903,11.295802,11.253835,0.0,1.0,1.0,1.0
6093,-0.8166903,11.318428,11.212279,0.0,1.0,1.0,1.0
6094,-0.8166903,11.254341,11.166597,0.0,1.0,1.0,1.0
6095,-0.8166903,11.026803,11.12294,0.0,1.0,1.0,1.0
6096,-0.8166903,10.976553,11.096924,0.0,1.0,1.0,1.0
6097,-0.8166903,10.920312,11.088264,0.0,1.0,1.0,1.0
6098,-0.8166903,10.80519,11.103113,0.0,1.0,1.0,1.0
6099,-0.8166903,10.749911,11.135698,0.0,1.0,1.0,1.0
6100,-0.8166903,10.901503,11.181771,0.0,1.0,1.0,1.0
6101,-0.8166903,11.153517,11.252203,0.0,1.0,1.0,1.0
6102,-0.8166903,11.320195,11.36165,0.0,1.0,1.0,1.0
6103,-0.83692276,11.514801,11.498162,0.0,1.0,1.0,1.0
6104,-0.8166903,11.686831,11.664897,1.0,1.0,1.0,1.0
6105,-0.83692276,11.871298,11.865672,1.0,1.0,1.0,1.0
6106,-0.83692276,12.099525,12.0998125,1.0,1.0,1.0,1.0
6107,-0.83692276,12.340166,12.342848,1.0,1.0,1.0,1.0
6108,-0.83692276,12.614694,12.586998,1.0,1.0,1.0,1.0
6109,-0.83692276,12.921136,12.850633,1.0,1.0,1.0,1.0
6110,-0.83692276,13.214491,13.124741,1.0,1.0,1.0,1.0
6111,-0.83692276,13.559598,13.390758,1.0,1.0,1.0,1.0
6112,-0.83692276,13.817918,13.644491,1.0,1.0,1.0,1.0
6113,-0.83692276,14.083325,13.872854,1.0,1.0,1.0,1.0
6114,-0.83692276,14.483813,14.087647,1.0,1.0,1.0,1.0
6115,-0.83692276,14.804087,14.28682,1.0,1.0,1.0,1.0
6116,-0.83692276,14.879043,14.453667,1.0,1.0,1.0,1.0
6117,-0.8166903,14.916097,14.5917015,1.0,1.0,1.0,1.0
6118,-0.8166903,14.839886,14.693221,1.0,1.0,1.0,1.0
6119,-0.8166903,14.917681,14.783287,1.0,1.0,1.0,1.0
6120,-0.7964905,15.004774,14.856586,1.0,1.0,1.0,1.0
6121,-0.7964905,14.923294,14.88407,1.0,1.0,1.0,1.0
6122,-0.7964905,14.870904,14.886035,1.0,1.0,1.0,1.0
6123,-0.7964905,14.777838,14.871994,1.0,1.0,1.0,1.0
6124,-0.7964905,14.898698,14.861675,1.0,1.0,1.0,1.0
6125,-0.7964905,14.962926,14.851863,1.0,1.0,1.0,1.0
6126,-0.7964905,14.813622,14.837286,1.0,1.0,1.0,1.0
6127,-0.7964905,14.827654,14.81679,1.0,1.0,1.0,1.0
6128,-0.8166903,14.710555,14.802369,1.0,1.0,1.0,1.0
6129,-0.8166903,14.792268,14.807892,1.0,1.0,1.0,1.0
6130,-0.8166903,14.72214,14.823221,1.0,1.0,1.0,1.0
6131,-0.8166903,14.742757,14.830286,1.0,1.0,1.0,1.0
6132,-0.8166903,14.758818,14.84705,1.0,1.0,1.0,1.0
6133,-0.8166903,14.750251,14.889584,1.0,1.0,1.0,1.0
6134,-0.83692276,14.93718,14.946727,1.0,1.0,1.0,1.0
6135,-0.83692276,14.961789,15.010132,1.0,1.0,1.0,1.0
6136,-0.83692276,14.983478,15.067584,1.0,1.0,1.0,1.0
6137,-0.8571883,15.16408,15.146106,1.0,1.0,1.0,1.0
6138,-0.8571883,15.324032,15.223751,1.0,1.0,1.0,1.0
6139,-0.8571883,15.513374,15.315547,1.0,1.0,1.0,1.0
6140,-0.8571883,15.471413,15.398619,1.0,1.0,1.0,1.0
6141,-0.8571883,15.481696,15.447808,1.0,1.0,1.0,1.0
6142,-0.8774871,15.664399,15.473394,1.0,1.0,1.0,1.0
6143,-0.8571883,15.674509,15.478675,1.0,1.0,1.0,1.0
6144,-0.8774871,15.860367,15.4615555,1.0,1.0,1.0,1.0
6145,-0.8571883,15.74711,15.40956,1.0,1.0,1.0,1.0
6146,-0.8571883,15.527456,15.319433,1.0,1.0,1.0,1.0
6147,-0.8571883,15.268814,15.22092,1.0,1.0,1.0,1.0
6148,-0.8571883,15.046847,15.112217,1.0,1.0,1.0,1.0
6149,-0.8571883,14.9586525,14.978461,1.0,1.0,1.0,1.0
6150,-0.8571883,14.7000885,14.834747,1.0,1.0,1.0,1.0
6151,-0.83692276,14.431849,14.650635,1.0,1.0,1.0,1.0
6152,-0.83692276,14.289248,14.463452,1.0,1.0,1.0,1.0
6153,-0.83692276,14.177268,14.284715,1.0,1.0,1.0,1.0
6154,-0.8166903,14.05932,14.107115,1.0,1.0,1.0,1.0
6155,-0.8166903,13.949944,13.933811,1.0,1.0,1.0,1.0
6156,-0.8166903,13.651019,13.771293,1.0,1.0,1.0,1.0
6157,-0.7964905,13.50092,13.644265,1.0,1.0,1.0,1.0
6158,-0.7964905,13.38261,13.540902,1.0,1.0,1.0,1.0
6159,-0.7964905,13.137616,13.454045,1.0,1.0,1.0,1.0
6160,-0.7964905,12.967204,13.362832,1.0,1.0,1.0,1.0
6161,-0.7964905,13.008427,13.276406,1.0,1.0,1.0,1.0
6162,-0.7964905,13.175755,13.20143,1.0,1.0,1.0,1.0
6163,-0.7964905,13.191489,13.14818,1.0,1.0,1.0,1.0
6164,-0.7964905,13.246969,13.106311,1.0,1.0,1.0,1.0
6165,-0.7964905,13.082713,13.073999,1.0,1.0,1.0,1.0
6166,-0.7964905,13.022214,13.058792,1.0,1.0,1.0,1.0
6167,-0.7964905,13.050225,13.077847,1.0,1.0,1.0,1.0
6168,-0.7964905,13.012018,13.104098,1.0,1.0,1.0,1.0
6169,-0.7964905,12.998487,13.132224,1.0,1.0,1.0,1.0
6170,-0.7964905,12.994875,13.17151,1.0,1.0,1.0,1.0
6171,-0.7964905,12.955129,13.220327,1.0,1.0,1.0,1.0
6172,-0.7964905,13.195855,13.286019,1.0,1.0,1.0,1.0
6173,-0.7964905,13.323451,13.372144,1.0,1.0,1.0,1.0
6174,-0.7964905,13.513259,13.478845,1.0,1.0,1.0,1.0
6175,-0.7964905,13.662918,13.613291,1.0,1.0,1.0,1.0
6176,-0.776323,13.832788,13.784416,1.0,1.0,1.0,1.0
6177,-0.7964905,13.871014,13.984157,1.0,1.0,1.0,1.0
6178,-0.7964905,14.055702,14.207228,1.0,1.0,1.0,1.0
6179,-0.7964905,14.330642,14.425306,1.0,1.0,1.0,1.0
6180,-0.7964905,14.625369,14.64321,1.0,1.0,1.0,1.0
6181,-0.7964905,15.051996,14.856224,1.0,1.0,1.0,1.0
6182,-0.7964905,15.391755,15.069195,1.0,1.0,1.0,1.0
6183,-0.7964905,15.631985,15.272985,1.0,1.0,1.0,1.0
6184,-0.7964905,15.812791,15.475467,1.0,1.0,1.0,1.0
6185,-0.7964905,15.938303,15.656599,1.0,1.0,1.0,1.0
6186,-0.7964905,16.069431,15.822764,1.0,1.0,1.0,1.0
6187,-0.7964905,16.218555,15.964414,1.0,1.0,1.0,1.0
6188,-0.7964905,16.278284,16.074776,1.0,1.0,1.0,1.0
6189,-0.7964905,16.300787,16.148706,1.0,1.0,1.0,1.0
6190,-0.7964905,16.229288,16.200691,1.0,1.0,1.0,1.0
6191,-0.7964905,16.324623,16.22953,1.0,1.0,1.0,1.0
6192,-0.7964905,16.325165,16.237322,1.0,1.0,1.0,1.0
6193,-0.8166903,16.376352,16.232462,1.0,1.0,1.0,1.0
6194,-0.8166903,16.27891,16.215174,1.0,1.0,1.0,1.0
6195,-0.8166903,16.255814,16.19291,1.0,1.0,1.0,1.0
6196,-0.8166903,16.158863,16.168768,1.0,1.0,1.0,1.0
6197,-0.8166903,16.031796,16.149788,1.0,1.0,1.0,1.0
6198,-0.8166903,16.0111,16.122864,1.0,1.0,1.0,1.0
6199,-0.8166903,16.0111,16.095766,1.0,1.0,1.0,1.0
6200,-0.83692276,16.0111,16.064404,1.0,1.0,1.0,1.0
6201,-0.8166903,16.0111,16.04116,1.0,1.0,1.0,1.0
6202,-0.8166903,16.00153,16.019844,1.0,1.0,1.0,1.0
6203,-0.8166903,16.00153,16.006605,1.0,1.0,1.0,1.0
6204,-0.8166903,16.0,16.003956,1.0,1.0,1.0,1.0
6205,-0.8166903,16.0,16.00303,1.0,1.0,1.0,1.0
6206,-0.8166903,16.0,16.002106,1.0,1.0,1.0,1.0
6207,-0.7964905,16.0,16.00118,1.0,1.0,1.0,1.0
6208,-0.7964905,16.0,16.000256,1.0,1.0,1.0,1.0
6209,-0.7964905,16.0,16.000128,1.0,1.0,1.0,1.0
6210,-0.7964905,16.0,16.0,1.0,1.0,1.0,1.0
6211,-0.7964905,16.0,16.0,1.0,1.0,1.0,1.0
6212,-0.7964905,16.0,16.0,1.0,1.0,1.0,1.0
6213,-0.7964905,16.0,16.0,1.0,1.0,1.0,1.0
6214,-0.7964905,16.0,16.0,1.0,1.0,1.0,1.0
6215,-0.7964905,16.0,16.0,1.0,1.0,1.0,1.0
6216,-0.7964905,16.0,16.0,1.0,1.0,1.0,1.0
6217,-0.7964905,16.0,16.0,1.0,1.0,1.0,1.0
6218,-0.8166903,16.0,16.0,1.0,1.0,1.0,1.0
6219,-0.8166903,16.0,16.0,1.0,1.0,1.0,1.0
6220,-0.8166903,16.0,16.0,1.0,1.0,1.0,1.0
6221,-0.8166903,16.0,16.0,1.0,1.0,1.0,1.0
6222,-0.8166903,16.0,16.0,1.0,1.0,1.0,1.0
6223,-0.83692276,16.0,16.0,1.0,1.0,1.0,1.0
6224,-0.83692276,16.0,16.0,1.0,1.0,1.0,1.0
6225,-0.83692276,16.0,16.0,1.0,1.0,1.0,1.0
6226,-0.83692276,16.0,16.0,1.0,1.0,1.0,1.0
6227,-0.8571883,16.0,16.0,1.0,1.0,1.0,1.0
6228,-0.8571883,16.0,16.0,1.0,1.0,1.0,1.0
6229,-0.8571883,16.0,16.0,1.0,1.0,1.0,1.0
6230,-0.8571883,16.0,15.994031,1.0,1.0,1.0,1.0
6231,-0.8774871,16.0,15.977761,1.0,1.0,1.0,1.0
6232,-0.8774871,16.0,15.951538,1.0,1.0,1.0,1.0
6233,-0.8774871,16.0,15.911681,1.0,1.0,1.0,1.0
6234,-0.8774871,16.0,15.856252,1.0,1.0,1.0,1.0
6235,-0.8774871,15.92837,15.779602,1.0,1.0,1.0,1.0
6236,-0.8774871,15.804765,15.683983,1.0,1.0,1.0,1.0
6237,-0.8774871,15.685317,15.56534,1.0,1.0,1.0,1.0
6238,-0.8774871,15.52172,15.426177,1.0,1.0,1.0,1.0
6239,-0.8774871,15.334848,15.252277,1.0,1.0,1.0,1.0
6240,-0.8571883,15.080202,15.056666,1.0,1.0,1.0,1.0
6241,-0.8571883,14.852572,14.838093,1.0,1.0,1.0,1.0
6242,-0.8571883,14.576282,14.589515,1.0,1.0,1.0,1.0
6243,-0.8571883,14.330046,14.329553,1.0,1.0,1.0,1.0
6244,-0.83692276,13.913205,14.058031,1.0,1.0,1.0,1.0
6245,-0.83692276,13.652667,13.775139,1.0,1.0,1.0,1.0
6246,-0.83692276,13.377121,13.492373,1.0,1.0,1.0,1.0
6247,-0.83692276,12.945431,13.220605,1.0,1.0,1.0,1.0
6248,-0.8166903,12.685216,12.956337,1.0,1.0,1.0,1.0
6249,-0.8166903,12.427064,12.710174,1.0,1.0,1.0,1.0
6250,-0.8166903,12.127018,12.479926,1.0,1.0,1.0,1.0
6251,-0.8166903,11.941654,12.291472,1.0,1.0,1.0,1.0
6252,-0.8166903,11.81898,12.130892,1.0,1.0,1.0,1.0
6253,-0.8166903,11.681358,11.990181,1.0,1.0,1.0,1.0
6254,-0.7964905,11.622319,11.871515,1.0,1.0,1.0,1.0
6255,-0.8166903,11.56708,11.78294,1.0,1.0,1.0,1.0
6256,-0.8166903,11.651763,11.708729,1.0,1.0,1.0,1.0
6257,-0.7964905,11.725702,11.6536455,1.0,1.0,1.0,1.0
6258,-0.7964905,11.688583,11.616899,0.0,1.0,1.0,1.0
6259,-0.7964905,11.521447,11.589081,0.0,1.0,1.0,1.0
6260,-0.7964905,11.622314,11.575416,0.0,1.0,1.0,1.0
6261,-0.7964905,11.5365305,11.566532,0.0,1.0,1.0,1.0
6262,-0.7964905,11.466015,11.559659,0.0,1.0,1.0,1.0
6263,-0.7964905,11.5006895,11.539637,0.0,1.0,1.0,1.0
6264,-0.7964905,11.485163,11.502355,0.0,1.0,1.0,1.0
6265,-0.7964905,11.51738,11.4552555,0.0,1.0,1.0,1.0
6266,-0.776323,11.515721,11.408966,0.0,1.0,1.0,1.0
6267,-0.7964905,11.484597,11.342102,0.0,1.0,1.0,1.0
6268,-0.7964905,11.411498,11.27479,0.0,1.0,1.0,1.0
6269,-0.7964905,11.278322,11.21026,0.0,1.0,1.0,1.0
6270,-0.7964905,11.12339,11.143642,0.0,1.0,1.0,1.0
6271,-0.7964905,10.965972,11.072404,0.0,1.0,1.0,1.0
6272,-0.7964905,10.81995,10.998631,0.0,1.0,1.0,1.0
6273,-0.7964905,10.728782,10.932491,0.0,1.0,1.0,1.0
6274,-0.776323,10.691656,10.884963,0.0,1.0,1.0,1.0
6275,-0.776323,10.701274,10.846902,0.0,1.0,1.0,1.0
6276,-0.776323,10.630309,10.813072,0.0,1.0,1.0,1.0
6277,-0.776323,10.63209,10.792302,0.0,1.0,1.0,1.0
6278,-0.776323,10.722059,10.778281,0.0,1.0,1.0,1.0
6279,-0.7561875,10.914257,10.777271,0.0,1.0,1.0,1.0
6280,-0.7561875,10.954764,10.7949295,0.0,1.0,1.0,1.0
6281,-0.7561875,10.872367,10.822703,0.0,1.0,1.0,1.0
6282,-0.7360836,10.874151,10.857067,0.0,1.0,1.0,1.0
6283,-0.7360836,10.797716,10.897961,0.0,1.0,1.0,1.0
6284,-0.7360836,10.807829,10.945298,0.0,1.0,1.0,1.0
6285,-0.7160111,10.9406805,10.980156,0.0,1.0,1.0,1.0
6286,-0.7160111,11.024946,11.013667,0.0,1.0,1.0,1.0
6287,-0.7160111,11.113632,11.062216,0.0,1.0,1.0,1.0
6288,-0.7160111,11.121038,11.1241455,0.0,1.0,1.0,1.0
6289,-0.7160111,11.200136,11.171458,0.0,1.0,1.0,1.0
6290,-0.7160111,11.140357,11.221087,0.0,1.0,1.0,1.0
6291,-0.6959696,11.316386,11.275926,0.0,1.0,1.0,1.0
6292,-0.7160111,11.537347,11.33203,0.0,1.0,1.0,1.0
6293,-0.6959696,11.615526,11.370986,0.0,1.0,1.0,1.0
6294,-0.6959696,11.441899,11.42881,0.0,1.0,1.0,1.0
6295,-0.6959696,11.39327,11.504711,0.0,1.0,1.0,1.0
6296,-0.6959696,11.465887,11.58596,0.0,1.0,1.0,1.0
6297,-0.7160111,11.613943,11.679433,1.0,1.0,1.0,1.0
6298,-0.6959696,11.4924135,11.766475,1.0,1.0,1.0,1.0
6299,-0.7160111,11.807522,11.843682,1.0,1.0,1.0,1.0
6300,-0.7160111,12.031846,11.908496,1.0,1.0,1.0,1.0
6301,-0.7160111,12.175134,12.005197,1.0,1.0,1.0,1.0
6302,-0.7160111,12.262026,12.10888,1.0,1.0,1.0,1.0
6303,-0.7160111,12.360889,12.201705,1.0,1.0,1.0,1.0
6304,-0.7160111,12.463837,12.2891865,1.0,1.0,1.0,1.0
6305,-0.7360836,12.393289,12.406453,1.0,1.0,1.0,1.0
6306,-0.7360836,12.602301,12.503687,1.0,1.0,1.0,1.0
6307,-0.7360836,12.637469,12.580167,1.0,1.0,1.0,1.0
6308,-0.7360836,12.579796,12.643488,1.0,1.0,1.0,1.0
6309,-0.7561875,12.663717,12.719056,1.0,1.0,1.0,1.0
6310,-0.7561875,12.899609,12.775963,1.0,1.0,1.0,1.0
6311,-0.7561875,12.974336,12.816184,1.0,1.0,1.0,1.0
6312,-0.7561875,12.949602,12.857373,1.0,1.0,1.0,1.0
6313,-0.776323,12.934989,12.883241,1.0,1.0,1.0,1.0
6314,-0.776323,13.168842,12.909312,1.0,1.0,1.0,1.0
6315,-0.776323,13.043771,12.943318,1.0,1.0,1.0,1.0
6316,-0.7964905,12.94649,12.977223,1.0,1.0,1.0,1.0
6317,-0.7964905,12.887556,12.994196,1.0,1.0,1.0,1.0
6318,-0.7964905,12.912706,13.00712,1.0,1.0,1.0,1.0
6319,-0.8166903,12.9503355,13.026911,1.0,1.0,1.0,1.0
6320,-0.8166903,12.9878645,13.050307,1.0,1.0,1.0,1.0
6321,-0.83692276,13.070583,13.055676,1.0,1.0,1.0,1.0
6322,-0.8571883,13.10328,13.073471,1.0,1.0,1.0,1.0
6323,-0.8571883,13.129416,13.101891,1.0,1.0,1.0,1.0
6324,-0.8571883,13.187091,13.137145,1.0,1.0,1.0,1.0
6325,-0.8774871,13.21575,13.173564,1.0,1.0,1.0,1.0
6326,-0.8774871,13.233269,13.209001,1.0,1.0,1.0,1.0
6327,-0.8774871,13.257315,13.231663,1.0,1.0,1.0,1.0
6328,-0.8774871,13.287525,13.249216,1.0,1.0,1.0,1.0
6329,-0.8978197,13.310603,13.255156,1.0,1.0,0.0,1.0
6330,-0.8978197,13.3497305,13.249575,1.0,1.0,0.0,1.0
6331,-0.8978197,13.37558,13.229776,1.0,1.0,0.0,1.0
6332,-0.91818625,13.25981,13.194378,1.0,1.0,0.0,1.0
6333,-0.91818625,13.281229,13.14941,1.0,1.0,0.0,1.0
6334,-0.91818625,13.174547,13.093809,1.0,1.0,0.0,1.0
6335,-0.91818625,13.062447,13.036651,1.0,1.0,0.0,1.0
6336,-0.91818625,12.949514,12.977093,1.0,1.0,0.0,1.0
6337,-0.91818625,12.79096,12.906672,1.0,1.0,0.0,1.0
6338,-0.91818625,12.693657,12.834281,1.0,1.0,0.0,1.0
6339,-0.91818625,12.590112,12.762445,1.0,1.0,0.0,1.0
6340,-0.91818625,12.60162,12.6881895,1.0,1.0,0.0,1.0
6341,-0.91818625,12.59591,12.615646,1.0,1.0,0.0,1.0
6342,-0.91818625,12.504672,12.546401,1.0,1.0,0.0,1.0
6343,-0.93858725,12.50689,12.496267,1.0,1.0,0.0,1.0
6344,-0.91818625,12.397789,12.459664,1.0,1.0,0.0,1.0
6345,-0.93858725,12.390152,12.453194,1.0,1.0,0.0,1.0
6346,-0.91818625,12.304034,12.466363,1.0,1.0,0.0,1.0
6347,-0.91818625,12.231498,12.506674,1.0,1.0,0.0,1.0
6348,-0.91818625,12.347917,12.566603,1.0,1.0,1.0,1.0
6349,-0.91818625,12.351717,12.666698,1.0,1.0,1.0,1.0
6350,-0.91818625,12.616016,12.781644,1.0,1.0,1.0,1.0
6351,-0.91818625,12.748138,12.925425,1.0,1.0,1.0,1.0
6352,-0.91818625,13.085352,13.079405,1.0,1.0,1.0,1.0
6353,-0.91818625,13.315062,13.270737,1.0,1.0,1.0,1.0
6354,-0.91818625,13.705811,13.487546,1.0,1.0,1.0,1.0
6355,-0.91818625,13.886244,13.717158,1.0,1.0,1.0,1.0
6356,-0.91818625,14.123156,13.975533,1.0,1.0,1.0,1.0
6357,-0.91818625,14.237912,14.241917,1.0,1.0,1.0,1.0
6358,-0.91818625,14.600014,14.519029,1.0,1.0,1.0,1.0
6359,-0.91818625,14.833219,14.786944,1.0,1.0,1.0,1.0
6360,-0.91818625,15.103265,15.062586,1.0,1.0,1.0,1.0
6361,-0.91818625,15.452198,15.330481,1.0,1.0,1.0,1.0
6362,-0.91818625,15.812631,15.610138,1.0,1.0,1.0,1.0
6363,-0.91818625,16.073484,15.878008,1.0,1.0,1.0,1.0
6364,-0.91818625,16.300343,16.145159,1.0,1.0,1.0,1.0
6365,-0.91818625,16.622759,16.38225,1.0,1.0,1.0,1.0
6366,-0.91818625,16.92054,16.617949,1.0,1.0,1.0,1.0
6367,-0.91818625,17.24214,16.832762,1.0,1.0,1.0,1.0
6368,-0.91818625,17.337587,17.032219,1.0,1.0,1.0,1.0
6369,-0.93858725,17.44373,17.203197,1.0,1.0,1.0,1.0
6370,-0.91818625,17.445107,17.347815,1.0,1.0,1.0,1.0
6371,-0.91818625,17.661594,17.475643,1.0,1.0,1.0,1.0
6372,-0.93858725,17.681038,17.570778,1.0,1.0,1.0,1.0
6373,-0.93858725,17.845673,17.635775,1.0,1.0,1.0,1.0
6374,-0.91818625,17.864382,17.674772,1.0,1.0,1.0,1.0
6375,-0.91818625,17.808878,17.702042,1.0,1.0,1.0,1.0
6376,-0.91818625,17.834284,17.706825,1.0,1.0,1.0,1.0
6377,-0.91818625,17.764393,17.68865,1.0,1.0,1.0,1.0
6378,-0.91818625,17.700493,17.638494,1.0,1.0,1.0,1.0
6379,-0.8978197,17.710104,17.574085,1.0,1.0,1.0,1.0
6380,-0.8978197,17.66482,17.493979,1.0,1.0,1.0,1.0
6381,-0.8978197,17.501143,17.401794,1.0,1.0,1.0,1.0
6382,-0.8774871,17.227005,17.308731,1.0,1.0,1.0,1.0
6383,-0.8774871,17.059734,17.208868,1.0,1.0,1.0,1.0
6384,-0.8774871,16.908106,17.10484,1.0,1.0,1.0,1.0
6385,-0.8571883,16.8844,16.996696,1.0,1.0,1.0,1.0
6386,-0.8571883,16.75818,16.885647,1.0,1.0,1.0,1.0
6387,-0.8571883,16.692104,16.778912,1.0,1.0,1.0,1.0
6388,-0.8571883,16.635939,16.675848,1.0,1.0,1.0,1.0
6389,-0.8571883,16.516037,16.590466,1.0,1.0,1.0,1.0
6390,-0.8571883,16.402775,16.517916,1.0,1.0,1.0,1.0
6391,-0.8571883,16.37753,16.458002,1.0,1.0,1.0,1.0
6392,-0.8571883,16.383976,16.399155,1.0,1.0,1.0,1.0
6393,-0.8571883,16.264381,16.350824,1.0,1.0,1.0,1.0
6394,-0.8571883,16.202435,16.307999,1.0,1.0,1.0,1.0
6395,-0.8571883,16.189137,16.269855,1.0,1.0,1.0,1.0
6396,-0.8571883,16.189137,16.241705,1.0,1.0,1.0,1.0
6397,-0.8571883,16.178217,16.222992,1.0,1.0,1.0,1.0
6398,-0.8571883,16.178217,16.20131,1.0,1.0,1.0,1.0
6399,-0.8571883,16.178217,16.17528,1.0,1.0,1.0,1.0
6400,-0.8774871,16.178217,16.159216,1.0,1.0,1.0,1.0
6401,-0.8774871,16.178217,16.138762,1.0,1.0,1.0,1.0
6402,-0.8774871,16.178217,16.110893,1.0,1.0,1.0,1.0
6403,-0.8978197,16.11734,16.070778,1.0,1.0,1.0,1.0
6404,-0.8978197,16.07162,16.02301,1.0,1.0,1.0,1.0
6405,-0.8978197,16.07162,15.9752445,1.0,1.0,1.0,1.0
6406,-0.8978197,15.956987,15.917367,1.0,1.0,1.0,1.0
6407,-0.91818625,15.85471,15.856875,1.0,1.0,1.0,1.0
6408,-0.91818625,15.707748,15.793722,1.0,1.0,1.0,1.0
6409,-0.91818625,15.60502,15.728659,1.0,1.0,1.0,1.0
6410,-0.93858725,15.60502,15.66549,1.0,1.0,1.0,1.0
6411,-0.93858725,15.483685,15.599211,1.0,1.0,1.0,1.0
6412,-0.93858725,15.452316,15.523886,1.0,1.0,1.0,1.0
6413,-0.93858725,15.420378,15.455372,1.0,1.0,1.0,1.0
6414,-0.95902294,15.397461,15.38753,1.0,1.0,1.0,1.0
6415,-0.95902294,15.359319,15.329998,1.0,1.0,1.0,1.0
6416,-0.95902294,15.276261,15.285884,1.0,1.0,1.0,1.0
6417,-0.95902294,15.167722,15.251907,1.0,1.0,1.0,1.0
6418,-0.97949374,15.134822,15.227531,1.0,1.0,1.0,1.0
6419,-0.97949374,15.04061,15.205278,1.0,1.0,1.0,1.0
6420,-0.97949374,15.017369,15.188208,1.0,1.0,1.0,1.0
6421,-0.97949374,15.075644,15.163573,1.0,1.0,1.0,1.0
6422,-0.97949374,15.197306,15.139228,1.0,1.0,1.0,1.0
6423,-0.97949374,15.191171,15.113575,1.0,1.0,1.0,1.0
6424,-0.97949374,15.185282,15.089732,1.0,1.0,1.0,1.0
6425,-0.97949374,15.215521,15.058677,1.0,1.0,1.0,1.0
6426,-0.97949374,15.10185,15.029776,1.0,1.0,1.0,1.0
6427,-1.0,15.067173,15.004859,1.0,1.0,1.0,1.0
6428,-0.97949374,14.968431,14.974786,1.0,1.0,1.0,1.0
6429,-1.0,14.881605,14.925713,1.0,1.0,1.0,1.0
6430,-1.0,14.762156,14.875623,1.0,1.0,1.0,1.0
6431,-0.97949374,14.693802,14.819751,1.0,1.0,1.0,1.0
6432,-1.0,14.71837,14.747634,1.0,1.0,1.0,1.0
6433,-1.0,14.71476,14.67591,1.0,1.0,1.0,1.0
6434,-1.0,14.608437,14.608564,1.0,1.0,1.0,1.0
6435,-1.0,14.590087,14.551647,1.0,1.0,1.0,1.0
6436,-1.0,14.514816,14.501397,1.0,1.0,1.0,1.0
6437,-1.0,14.350122,14.464327,1.0,1.0,1.0,1.0
6438,-1.0,14.241163,14.439972,1.0,1.0,1.0,1.0
6439,-1.0,14.259026,14.42232,1.0,1.0,1.0,1.0
6440,-1.0,14.285419,14.411014,1.0,1.0,1.0,1.0
6441,-1.0,14.278605,14.4210615,1.0,1.0,1.0,1.0
6442,-1.0,14.317316,14.440284,1.0,1.0,1.0,1.0
6443,-0.97949374,14.401545,14.469553,1.0,1.0,1.0,1.0
6444,-1.0,14.50655,14.521864,1.0,1.0,1.0,1.0
6445,-0.97949374,14.57908,14.591884,1.0,1.0,1.0,1.0
6446,-0.97949374,14.729008,14.664089,1.0,1.0,1.0,1.0
6447,-0.97949374,14.820758,14.740221,1.0,1.0,1.0,1.0
6448,-0.97949374,14.86604,14.823239,1.0,1.0,1.0,1.0
6449,-1.0,14.977853,14.908925,1.0,1.0,1.0,1.0
6450,-0.97949374,15.081404,14.995937,1.0,1.0,1.0,1.0
6451,-0.97949374,15.125494,15.081538,1.0,1.0,1.0,1.0
6452,-0.97949374,15.199004,15.163793,1.0,1.0,1.0,1.0
6453,-0.97949374,15.274825,15.238004,1.0,1.0,1.0,1.0
6454,-0.97949374,15.345545,15.301499,1.0,1.0,1.0,1.0
6455,-0.97949374,15.445686,15.355457,1.0,1.0,1.0,1.0
6456,-0.97949374,15.533767,15.394424,1.0,1.0,1.0,1.0
6457,-0.95902294,15.566128,15.4133415,1.0,1.0,1.0,1.0
6458,-0.95902294,15.619545,15.424262,1.0,1.0,1.0,1.0
6459,-0.95902294,15.582705,15.417383,1.0,1.0,1.0,1.0
6460,-0.93858725,15.513536,15.390917,1.0,1.0,1.0,1.0
6461,-0.93858725,15.445453,15.347004,1.0,1.0,1.0,1.0
6462,-0.93858725,15.308412,15.284663,1.0,1.0,1.0,1.0
6463,-0.91818625,15.256535,15.208444,1.0,1.0,1.0,1.0
6464,-0.91818625,15.116465,15.122854,1.0,1.0,1.0,1.0
6465,-0.91818625,14.957222,15.028864,1.0,1.0,1.0,1.0
6466,-0.8978197,14.818596,14.929356,1.0,1.0,1.0,1.0
6467,-0.8978197,14.697596,14.824716,1.0,1.0,1.0,1.0
6468,-0.8978197,14.619129,14.706976,1.0,1.0,1.0,1.0
6469,-0.8978197,14.539062,14.578771,1.0,1.0,1.0,1.0
6470,-0.8978197,14.491657,14.435765,1.0,1.0,1.0,1.0
6471,-0.8774871,14.388601,14.286732,1.0,1.0,1.0,1.0
6472,-0.8774871,14.257863,14.134845,1.0,1.0,1.0,1.0
6473,-0.8774871,14.032575,13.99239,1.0,1.0,1.0,1.0
6474,-0.8774871,13.769947,13.857363,1.0,1.0,1.0,1.0
6475,-0.8774871,13.540473,13.732751,1.0,1.0,1.0,1.0
6476,-0.8774871,13.328056,13.634154,1.0,1.0,0.0,1.0
6477,-0.8774871,13.134579,13.545088,1.0,1.0,0.0,1.0
6478,-0.8774871,13.109136,13.467589,1.0,1.0,0.0,1.0
6479,-0.8571883,13.077272,13.400124,1.0,1.0,1.0,1.0
6480,-0.8774871,13.123788,13.3337555,1.0,1.0,1.0,1.0
6481,-0.8571883,13.355906,13.269343,1.0,1.0,1.0,1.0
6482,-0.8571883,13.422857,13.205864,1.0,1.0,1.0,1.0
6483,-0.8571883,13.458622,13.15931,1.0,1.0,1.0,1.0
6484,-0.8571883,13.448267,13.13947,1.0,1.0,1.0,1.0
6485,-0.8571883,13.236167,13.116994,1.0,1.0,1.0,1.0
6486,-0.8571883,12.997,13.093775,1.0,1.0,1.0,1.0
6487,-0.8571883,12.778713,13.064501,1.0,1.0,1.0,1.0
6488,-0.8774871,12.7694235,13.01372,1.0,1.0,1.0,1.0
6489,-0.8571883,12.896489,12.942859,1.0,1.0,1.0,1.0
6490,-0.8774871,12.839421,12.860699,1.0,1.0,1.0,1.0
6491,-0.8774871,12.798645,12.761471,1.0,1.0,1.0,1.0
6492,-0.8774871,12.772499,12.647717,1.0,1.0,1.0,1.0
6493,-0.8774871,12.746532,12.551753,1.0,1.0,1.0,1.0
6494,-0.8774871,12.57252,12.475199,1.0,1.0,1.0,1.0
6495,-0.8774871,12.4727125,12.397569,1.0,1.0,1.0,1.0
6496,-0.8774871,12.257531,12.3254175,1.0,1.0,1.0,1.0
6497,-0.8774871,11.871123,12.273173,1.0,1.0,0.0,1.0
6498,-0.8978197,11.845422,12.239062,1.0,1.0,0.0,1.0
6499,-0.8978197,11.860069,12.207043,1.0,1.0,0.0,1.0
6500,-0.8978197,11.837863,12.176934,1.0,1.0,0.0,1.0
6501,-0.8978197,12.030673,12.177614,1.0,1.0,0.0,1.0
6502,-0.91818625,12.21249,12.204955,1.0,1.0,0.0,1.0
6503,-0.8978197,12.389316,12.267945,1.0,1.0,0.0,1.0
6504,-0.91818625,12.388255,12.381966,1.0,1.0,0.0,1.0
6505,-0.91818625,12.385239,12.520871,1.0,1.0,0.0,1.0
6506,-0.91818625,12.580681,12.667212,1.0,1.0,0.0,1.0
6507,-0.91818625,12.800796,12.830611,1.0,1.0,0.0,1.0
6508,-0.93858725,13.013417,12.992512,1.0,1.0,1.0,1.0
6509,-0.93858725,13.23937,13.13851,1.0,1.0,1.0,1.0
6510,-0.93858725,13.51228,13.258448,1.0,1.0,1.0,1.0
6511,-0.93858725,13.616159,13.366555,1.0,1.0,1.0,1.0
6512,-0.93858725,13.79866,13.462212,1.0,1.0,1.0,1.0
6513,-0.93858725,13.973474,13.529244,1.0,1.0,1.0,1.0
6514,-0.93858725,13.964476,13.574831,1.0,1.0,1.0,1.0
6515,-0.93858725,13.828563,13.599833,1.0,1.0,1.0,1.0
6516,-0.93858725,13.685545,13.601455,1.0,1.0,1.0,1.0
6517,-0.93858725,13.53312,13.568206,1.0,1.0,1.0,1.0
6518,-0.93858725,13.385077,13.519656,1.0,1.0,1.0,1.0
6519,-0.93858725,13.347833,13.443981,1.0,1.0,1.0,1.0
6520,-0.93858725,13.313438,13.344562,1.0,1.0,1.0,1.0
6521,-0.93858725,13.258836,13.245318,1.0,1.0,1.0,1.0
6522,-0.93858725,13.113286,13.138706,1.0,1.0,1.0,1.0
6523,-0.93858725,13.033564,13.03983,1.0,1.0,1.0,1.0
6524,-0.93858725,12.890565,12.944311,1.0,1.0,1.0,1.0
6525,-0.91818625,12.780432,12.862098,1.0,1.0,1.0,1.0
6526,-0.91818625,12.773563,12.777409,1.0,1.0,1.0,1.0
6527,-0.91818625,12.549219,12.693187,1.0,1.0,1.0,1.0
6528,-0.91818625,12.499028,12.623138,1.0,1.0,1.0,1.0
6529,-0.91818625,12.386891,12.573587,1.0,1.0,1.0,1.0
6530,-0.91818625,12.398521,12.526743,1.0,1.0,1.0,1.0
6531,-0.8978197,12.331559,12.484107,1.0,1.0,1.0,1.0
6532,-0.8978197,12.302773,12.449017,1.0,1.0,1.0,1.0
6533,-0.8978197,12.418259,12.421024,1.0,1.0,1.0,1.0
6534,-0.8978197,12.518668,12.397454,1.0,1.0,1.0,1.0
6535,-0.8978197,12.471434,12.369921,1.0,1.0,1.0,1.0
6536,-0.8978197,12.378942,12.34782,1.0,1.0,1.0,1.0
6537,-0.8774871,12.359344,12.3117075,1.0,1.0,1.0,1.0
6538,-0.8774871,12.4376545,12.285494,1.0,1.0,1.0,1.0
6539,-0.8774871,12.266376,12.246149,1.0,1.0,1.0,1.0
6540,-0.8774871,12.1686325,12.185154,1.0,1.0,1.0,1.0
6541,-0.8571883,12.121686,12.103053,1.0,1.0,1.0,1.0
6542,-0.8774871,11.96516,12.021739,1.0,1.0,1.0,1.0
6543,-0.8571883,12.016995,11.945313,1.0,1.0,1.0,1.0
6544,-0.8571883,11.830641,11.851474,1.0,1.0,1.0,1.0
6545,-0.8571883,11.686314,11.749442,1.0,1.0,1.0,1.0
6546,-0.8571883,11.533465,11.656791,1.0,1.0,1.0,1.0
6547,-0.83692276,11.495658,11.573326,0.0,1.0,1.0,1.0
6548,-0.83692276,11.461839,11.492474,0.0,1.0,1.0,1.0
6549,-0.83692276,11.233269,11.417785,0.0,1.0,1.0,1.0
6550,-0.83692276,11.213272,11.3399515,0.0,1.0,1.0,1.0
6551,-0.83692276,11.154554,11.28208,0.0,1.0,1.0,1.0
6552,-0.83692276,11.167066,11.226188,0.0,1.0,1.0,1.0
6553,-0.83692276,11.15145,11.176405,0.0,1.0,1.0,1.0
6554,-0.8166903,11.068897,11.126254,0.0,1.0,1.0,1.0
6555,-0.8166903,11.082993,11.085713,0.0,1.0,1.0,1.0
6556,-0.8166903,11.136182,11.06865,0.0,1.0,1.0,1.0
6557,-0.8166903,11.015606,11.050945,0.0,1.0,1.0,1.0
6558,-0.8166903,10.936071,11.035687,0.0,1.0,1.0,1.0
6559,-0.8166903,10.893846,11.018743,0.0,1.0,1.0,1.0
6560,-0.7964905,10.975352,11.004388,0.0,1.0,1.0,1.0
6561,-0.7964905,11.028514,10.978763,0.0,1.0,1.0,1.0
6562,-0.7964905,11.000808,10.9439125,0.0,1.0,1.0,1.0
6563,-0.776323,10.971462,10.896625,0.0,1.0,1.0,1.0
6564,-0.776323,10.963726,10.839495,0.0,1.0,1.0,1.0
6565,-0.7561875,10.979195,10.784077,0.0,1.0,1.0,1.0
6566,-0.7561875,10.7613945,10.722707,0.0,1.0,1.0,1.0
6567,-0.7561875,10.664798,10.6570835,0.0,1.0,1.0,1.0
6568,-0.7360836,10.568726,10.582704,0.0,1.0,1.0,1.0
6569,-0.7360836,10.330048,10.495756,0.0,1.0,1.0,1.0
6570,-0.7160111,10.271057,10.394433,0.0,1.0,1.0,1.0
6571,-0.7160111,10.157404,10.277118,0.0,1.0,1.0,1.0
6572,-0.6959696,10.18787,10.147701,0.0,1.0,1.0,1.0
6573,-0.6959696,10.135959,10.030802,0.0,1.0,1.0,1.0
6574,-0.6959696,9.957433,9.917541,0.0,1.0,1.0,1.0
6575,-0.6959696,9.755587,9.820722,0.0,1.0,1.0,1.0
6576,-0.67595863,9.55594,9.745272,0.0,1.0,1.0,1.0
6577,-0.67595863,9.426195,9.683759,0.0,1.0,1.0,1.0
6578,-0.67595863,9.358604,9.637155,0.0,1.0,1.0,1.0
6579,-0.67595863,9.305662,9.574397,0.0,1.0,1.0,1.0
6580,-0.67595863,9.406904,9.530432,0.0,1.0,1.0,1.0
6581,-0.67595863,9.424644,9.487346,0.0,1.0,1.0,1.0
6582,-0.67595863,9.532901,9.476156,0.0,1.0,1.0,1.0
6583,-0.6559781,9.59816,9.459375,0.0,1.0,1.0,1.0
6584,-0.6559781,9.43478,9.4706745,0.0,1.0,1.0,1.0
6585,-0.6559781,9.608372,9.506513,0.0,1.0,1.0,1.0
6586,-0.6559781,9.440396,9.568938,0.0,1.0,1.0,1.0
6587,-0.6559781,9.621317,9.640983,0.0,1.0,1.0,1.0
6588,-0.67595863,9.354568,9.734228,0.0,1.0,1.0,1.0
6589,-0.6559781,9.56179,9.82676,0.0,1.0,1.0,1.0
6590,-0.6559781,9.788658,9.932964,0.0,1.0,1.0,1.0
6591,-0.6559781,10.054767,10.051027,0.0,1.0,1.0,1.0
6592,-0.6559781,10.271434,10.1625595,0.0,1.0,1.0,1.0
6593,-0.6559781,10.5436,10.293839,0.0,1.0,1.0,1.0
6594,-0.6559781,10.643281,10.414776,0.0,1.0,1.0,1.0
6595,-0.67595863,10.872613,10.580893,0.0,1.0,1.0,1.0
6596,-0.67595863,10.851527,10.732776,0.0,1.0,1.0,1.0
6597,-0.67595863,10.946762,10.88708,0.0,1.0,1.0,1.0
6598,-0.67595863,11.015757,11.021758,0.0,1.0,1.0,1.0
6599,-0.67595863,11.072555,11.16261,0.0,1.0,1.0,1.0
6600,-0.67595863,11.347964,11.27757,0.0,1.0,1.0,1.0
6601,-0.67595863,11.384394,11.383198,0.0,1.0,1.0,1.0
6602,-0.67595863,11.64031,11.468404,0.0,1.0,1.0,1.0
6603,-0.6959696,11.670896,11.557677,0.0,1.0,1.0,1.0
6604,-0.6959696,11.961667,11.6353655,1.0,1.0,1.0,1.0
6605,-0.6959696,11.923116,11.694308,1.0,1.0,1.0,1.0
6606,-0.6959696,11.910814,11.748517,1.0,1.0,1.0,1.0
6607,-0.6959696,11.895089,11.782788,1.0,1.0,1.0,1.0
6608,-0.6959696,11.922804,11.817785,1.0,1.0,1.0,1.0
6609,-0.6959696,11.879017,11.832996,1.0,1.0,1.0,1.0
6610,-0.6959696,11.723072,11.849196,1.0,1.0,1.0,1.0
6611,-0.6959696,11.72306,11.835274,1.0,1.0,1.0,1.0
6612,-0.6959696,11.759217,11.830102,1.0,1.0,1.0,1.0
6613,-0.67595863,11.80436,11.822834,1.0,1.0,1.0,1.0
6614,-0.67595863,11.822849,11.812807,1.0,1.0,1.0,1.0
6615,-0.6559781,11.865296,11.790569,1.0,1.0,1.0,1.0
6616,-0.6559781,11.794584,11.762489,1.0,1.0,1.0,1.0
6617,-0.6360275,11.861056,11.740725,1.0,1.0,1.0,1.0
6618,-0.6360275,11.823598,11.706055,1.0,1.0,1.0,1.0
6619,-0.61610657,11.774775,11.65251,1.0,1.0,1.0,1.0
6620,-0.61610657,11.655948,11.577211,0.0,1.0,0.0,1.0
6621,-0.596215,11.542053,11.497354,0.0,1.0,0.0,1.0
6622,-0.596215,11.461897,11.399869,0.0,1.0,0.0,1.0
6623,-0.596215,11.307017,11.306638,0.0,1.0,0.0,1.0
6624,-0.5763524,11.116683,11.189737,0.0,1.0,0.0,1.0
6625,-0.5763524,10.900777,11.070481,0.0,1.0,0.0,1.0
6626,-0.55651855,10.864562,10.933561,0.0,1.0,0.0,1.0
6627,-0.55651855,10.695479,10.790237,0.0,1.0,1.0,1.0
6628,-0.55651855,10.675806,10.629233,0.0,1.0,1.0,1.0
6629,-0.55651855,10.458247,10.470484,0.0,1.0,1.0,1.0
6630,-0.536713,10.39253,10.30283,0.0,1.0,1.0,1.0
6631,-0.536713,10.131736,10.133244,0.0,1.0,1.0,1.0
6632,-0.5169356,9.936063,9.96766,0.0,1.0,1.0,1.0
6633,-0.5169356,9.609998,9.787263,0.0,1.0,1.0,1.0
6634,-0.5169356,9.556909,9.607897,0.0,1.0,1.0,1.0
6635,-0.5169356,9.295173,9.4173975,0.0,1.0,1.0,1.0
6636,-0.49718586,9.081644,9.2313595,0.0,1.0,1.0,1.0
6637,-0.49718586,8.913774,9.043708,0.0,1.0,1.0,1.0
6638,-0.49718586,8.699796,8.865152,0.0,1.0,1.0,1.0
6639,-0.4774635,8.543092,8.678663,0.0,1.0,1.0,1.0
6640,-0.4774635,8.3898115,8.51082,0.0,1.0,1.0,1.0
6641,-0.4774635,8.225787,8.325571,0.0,1.0,1.0,1.0
6642,-0.4774635,8.140715,8.154989,0.0,1.0,1.0,1.0
6643,-0.45776832,7.989072,7.9984307,0.0,1.0,0.0,1.0
6644,-0.45776832,7.6981926,7.8522897,0.0,1.0,0.0,1.0
6645,-0.45776832,7.5958767,7.704257,0.0,1.0,0.0,1.0
6646,-0.45776832,7.333923,7.576331,0.0,1.0,1.0,1.0
6647,-0.45776832,7.248192,7.4593534,0.0,1.0,1.0,1.0
6648,-0.45776832,7.202939,7.3565135,0.0,1.0,1.0,1.0
6649,-0.4380999,7.160078,7.261416,0.0,1.0,1.0,1.0
6650,-0.4380999,6.923404,7.1798224,0.0,1.0,1.0,1.0
6651,-0.4380999,7.0079803,7.125865,0.0,1.0,1.0,1.0
6652,-0.4380999,6.9860806,7.086497,0.0,1.0,1.0,1.0
6653,-0.4380999,6.9917064,7.066252,0.0,1.0,1.0,1.0
6654,-0.4380999,6.9995446,7.051632,0.0,1.0,1.0,1.0
6655,-0.4380999,7.009954,7.0383716,0.0,1.0,1.0,1.0
6656,-0.4380999,7.050704,7.023857,0.0,1.0,1.0,1.0
6657,-0.4380999,7.123457,7.0267177,0.0,1.0,1.0,1.0
6658,-0.41845793,7.090986,7.0294814,0.0,1.0,1.0,1.0
6659,-0.41845793,7.0727496,7.0408654,0.0,1.0,1.0,1.0
6660,-0.41845793,7.0438123,7.0559945,0.0,1.0,1.0,1.0
6661,-0.41845793,6.985907,7.0757346,0.0,1.0,1.0,1.0
6662,-0.41845793,6.957728,7.087266,0.0,1.0,1.0,1.0
6663,-0.41845793,7.041149,7.099049,0.0,1.0,1.0,1.0
6664,-0.41845793,7.1226883,7.1028757,0.0,1.0,1.0,1.0
6665,-0.41845793,7.173257,7.103704,0.0,1.0,1.0,1.0
6666,-0.41845793,7.236422,7.103394,0.0,1.0,0.0,1.0
6667,-0.41845793,7.14833,7.1010566,0.0,1.0,0.0,1.0
6668,-0.41845793,7.1921005,7.0995126,0.0,1.0,0.0,1.0
6669,-0.41845793,7.169378,7.100063,0.0,1.0,0.0,1.0
6670,-0.41845793,7.100927,7.100259,0.0,1.0,1.0,1.0
6671,-0.41845793,7.06903,7.1010766,0.0,1.0,1.0,1.0
6672,-0.41845793,7.015762,7.108004,0.0,1.0,1.0,1.0
6673,-0.41845793,6.96738,7.1112046,0.0,1.0,1.0,1.0
6674,-0.41845793,6.964332,7.1148634,0.0,1.0,1.0,1.0
6675,-0.41845793,7.0435023,7.130215,0.0,1.0,1.0,1.0
6676,-0.41845793,7.1324983,7.1666617,0.0,1.0,1.0,1.0
6677,-0.4380999,7.256389,7.2219596,0.0,1.0,1.0,1.0
6678,-0.4380999,7.274827,7.3036723,0.0,1.0,1.0,1.0
6679,-0.4380999,7.192238,7.418798,0.0,1.0,1.0,1.0
6680,-0.4380999,7.376319,7.563985,0.0,1.0,1.0,1.0
6681,-0.4380999,7.6067386,7.737216,0.0,1.0,1.0,1.0
6682,-0.4380999,7.7645016,7.9293966,0.0,1.0,1.0,1.0
6683,-0.4380999,8.04958,8.141049,0.0,1.0,1.0,1.0
6684,-0.4380999,8.397272,8.367769,0.0,1.0,1.0,1.0
6685,-0.4380999,8.709623,8.618127,0.0,1.0,1.0,1.0
6686,-0.4380999,9.043103,8.891617,0.0,1.0,1.0,1.0
6687,-0.4380999,9.3496685,9.165424,0.0,1.0,1.0,1.0
6688,-0.45776832,9.67233,9.435078,0.0,1.0,1.0,1.0
6689,-0.45776832,9.977029,9.714023,0.0,1.0,1.0,1.0
6690,-0.45776832,10.279121,9.973386,0.0,1.0,1.0,1.0
6691,-0.45776832,10.474113,10.203057,0.0,1.0,1.0,1.0
6692,-0.45776832,10.66201,10.388294,0.0,1.0,1.0,1.0
6693,-0.45776832,10.842576,10.533646,0.0,1.0,1.0,1.0
6694,-0.4774635,11.111843,10.6341305,0.0,1.0,1.0,1.0
6695,-0.4774635,11.161944,10.681861,0.0,1.0,1.0,1.0
6696,-0.4774635,11.153325,10.681555,0.0,1.0,1.0,1.0
6697,-0.4774635,10.932462,10.63517,0.0,1.0,1.0,1.0
6698,-0.49718586,10.787325,10.552004,0.0,1.0,1.0,1.0
6699,-0.49718586,10.55549,10.448024,0.0,1.0,1.0,1.0
6700,-0.49718586,10.245093,10.324248,0.0,1.0,1.0,1.0
6701,-0.49718586,9.97336,10.172749,0.0,1.0,1.0,1.0
6702,-0.49718586,9.722496,10.011282,0.0,1.0,1.0,1.0
6703,-0.5169356,9.476121,9.830268,0.0,1.0,1.0,1.0
6704,-0.5169356,9.41425,9.646749,0.0,1.0,1.0,1.0
6705,-0.5169356,9.357265,9.449044,0.0,1.0,1.0,1.0
6706,-0.5169356,9.29385,9.2677555,0.0,1.0,1.0,1.0
6707,-0.5169356,9.224347,9.092066,0.0,1.0,1.0,1.0
6708,-0.5169356,8.981159,8.933894,0.0,1.0,1.0,1.0
6709,-0.5169356,8.730229,8.793178,0.0,1.0,1.0,1.0
6710,-0.49718586,8.4148655,8.668363,0.0,1.0,1.0,1.0
6711,-0.49718586,8.380033,8.539763,0.0,1.0,1.0,1.0
6712,-0.49718586,8.136812,8.414469,0.0,1.0,1.0,1.0
6713,-0.4774635,8.075299,8.285773,0.0,1.0,1.0,1.0
6714,-0.4774635,8.033896,8.153762,0.0,1.0,1.0,1.0
6715,-0.45776832,7.9783406,8.017679,0.0,1.0,1.0,1.0
6716,-0.45776832,7.871062,7.8780274,0.0,1.0,1.0,1.0
6717,-0.45776832,7.8537264,7.7427516,0.0,1.0,1.0,1.0
6718,-0.4380999,7.749504,7.5877686,0.0,1.0,1.0,1.0
6719,-0.4380999,7.6402183,7.445385,0.0,1.0,1.0,1.0
6720,-0.4380999,7.3481636,7.2984934,0.0,1.0,1.0,1.0
6721,-0.41845793,7.054408,7.151304,0.0,1.0,1.0,1.0
6722,-0.41845793,6.7915583,7.0024223,0.0,1.0,1.0,1.0
6723,-0.41845793,6.5202317,6.852306,0.0,1.0,1.0,1.0
6724,-0.39884216,6.428213,6.695977,0.0,1.0,1.0,1.0
6725,-0.39884216,6.3125987,6.5517297,0.0,1.0,1.0,1.0
6726,-0.39884216,6.2676206,6.409924,0.0,1.0,1.0,1.0
6727,-0.3792522,6.1917605,6.2910075,0.0,1.0,1.0,1.0
6728,-0.3792522,6.0696664,6.1896753,0.0,1.0,1.0,1.0
6729,-0.3792522,5.9777837,6.109425,0.0,1.0,1.0,1.0
6730,-0.3596878,6.018535,6.0518475,0.0,1.0,1.0,1.0
6731,-0.3596878,5.93855,6.0041237,0.0,1.0,1.0,1.0
6732,-0.3596878,5.9211636,5.9667187,0.0,1.0,1.0,1.0
6733,-0.34014866,5.838424,5.9349136,0.0,1.0,1.0,1.0
6734,-0.34014866,5.828554,5.9112535,0.0,1.0,1.0,1.0
6735,-0.34014866,5.829301,5.9005613,0.0,1.0,1.0,1.0
6736,-0.34014866,5.855526,5.897796,0.0,1.0,1.0,1.0
6737,-0.32063445,5.8637414,5.8945527,0.0,1.0,1.0,1.0
6738,-0.32063445,5.885956,5.895752,0.0,1.0,1.0,1.0
6739,-0.32063445,5.9078407,5.899679,0.0,1.0,1.0,1.0
6740,-0.30114487,5.9413605,5.9119654,0.0,1.0,1.0,1.0
6741,-0.30114487,5.9446015,5.9209876,0.0,1.0,1.0,1.0
6742,-0.30114487,5.9796143,5.929768,0.0,1.0,1.0,1.0
6743,-0.2816796,5.952938,5.9415245,0.0,1.0,1.0,1.0
6744,-0.2816796,5.9682937,5.9545546,0.0,1.0,1.0,1.0
6745,-0.26223838,5.9858603,5.9662194,0.0,1.0,1.0,1.0
6746,-0.24282087,5.936816,5.978209,0.0,1.0,1.0,1.0
6747,-0.24282087,5.93467,5.9880958,0.0,1.0,1.0,1.0
6748,-0.24282087,5.9965987,5.997811,0.0,1.0,1.0,1.0
6749,-0.2234268,6.020102,6.003084,0.0,1.0,1.0,1.0
6750,-0.2234268,6.025934,6.0084214,0.0,1.0,1.0,1.0
6751,-0.20405589,6.0517178,6.012401,0.0,1.0,1.0,1.0
6752,-0.20405589,6.060002,6.0223517,0.0,1.0,1.0,1.0
6753,-0.20405589,6.061182,6.041937,0.0,1.0,1.0,1.0
6754,-0.1847078,6.042895,6.068925,0.0,1.0,1.0,1.0
6755,-0.1847078,6.0169864,6.0983768,0.0,1.0,1.0,1.0
6756,-0.1847078,6.0160494,6.134507,0.0,1.0,1.0,1.0
6757,-0.16538227,6.1052675,6.1645494,0.0,1.0,1.0,1.0
6758,-0.16538227,6.1718397,6.196334,0.0,1.0,1.0,1.0
6759,-0.16538227,6.258526,6.231136,0.0,1.0,1.0,1.0
6760,-0.16538227,6.350018,6.2718835,0.0,1.0,1.0,1.0
6761,-0.16538227,6.4536657,6.316733,0.0,1.0,1.0,1.0
6762,-0.16538227,6.386442,6.3633456,0.0,1.0,1.0,1.0
6763,-0.14607899,6.433136,6.4075227,0.0,1.0,1.0,1.0
6764,-0.14607899,6.4776235,6.447204,0.0,1.0,1.0,1.0
6765,-0.14607899,6.5501556,6.4817634,0.0,1.0,1.0,1.0
6766,-0.14607899,6.581085,6.5204825,0.0,1.0,1.0,1.0
6767,-0.14607899,6.5763373,6.5533257,0.0,1.0,1.0,1.0
6768,-0.14607899,6.546177,6.577031,0.0,1.0,1.0,1.0
6769,-0.14607899,6.581442,6.6032887,0.0,1.0,1.0,1.0
6770,-0.14607899,6.5865536,6.6197104,0.0,1.0,1.0,1.0
6771,-0.14607899,6.723153,6.6277995,0.0,1.0,1.0,1.0
6772,-0.14607899,6.744135,6.623957,0.0,1.0,1.0,1.0
6773,-0.14607899,6.7381325,6.621102,0.0,1.0,1.0,1.0
6774,-0.14607899,6.701531,6.6204915,0.0,1.0,1.0,1.0
6775,-0.14607899,6.6301994,6.6183405,0.0,1.0,1.0,1.0
6776,-0.14607899,6.574695,6.607758,0.0,1.0,1.0,1.0
6777,-0.14607899,6.504048,6.6107836,0.0,1.0,1.0,1.0
6778,-0.14607899,6.5468173,6.6170697,0.0,1.0,1.0,1.0
6779,-0.14607899,6.569017,6.6255875,0.0,1.0,1.0,1.0
6780,-0.14607899,6.520365,6.636663,0.0,1.0,1.0,1.0
6781,-0.14607899,6.4544516,6.6561923,0.0,1.0,1.0,1.0
6782,-0.14607899,6.622861,6.6852574,0.0,1.0,1.0,1.0
6783,-0.16538227,6.7985864,6.723992,0.0,1.0,1.0,1.0
6784,-0.16538227,6.8463464,6.7693634,0.0,1.0,1.0,1.0
6785,-0.16538227,6.871036,6.8118396,0.0,1.0,1.0,1.0
6786,-0.16538227,6.9358835,6.8644295,0.0,1.0,1.0,1.0
6787,-0.16538227,6.97898,6.9325953,0.0,1.0,1.0,1.0
6788,-0.1847078,7.03951,7.0087657,0.0,1.0,1.0,1.0
6789,-0.1847078,7.0485063,7.0715003,0.0,1.0,1.0,1.0
6790,-0.1847078,7.0565343,7.125183,0.0,1.0,1.0,1.0
6791,-0.1847078,7.2000933,7.1822104,0.0,1.0,1.0,1.0
6792,-0.1847078,7.3383546,7.24503,0.0,1.0,1.0,1.0
6793,-0.20405589,7.368495,7.296215,0.0,1.0,1.0,1.0
6794,-0.20405589,7.3756776,7.339643,0.0,1.0,1.0,1.0
6795,-0.20405589,7.4427776,7.3847394,0.0,1.0,1.0,1.0
6796,-0.20405589,7.530679,7.434637,0.0,1.0,1.0,1.0
6797,-0.2234268,7.6248674,7.4832177,0.0,1.0,1.0,1.0
6798,-0.2234268,7.550103,7.5139365,0.0,1.0,1.0,1.0
6799,-0.2234268,7.5001183,7.5313377,0.0,1.0,1.0,1.0
6800,-0.2234268,7.580665,7.5461864,0.0,1.0,1.0,1.0
6801,-0.24282087,7.6472774,7.559489,0.0,1.0,1.0,1.0
6802,-0.24282087,7.6395025,7.5575666,0.0,1.0,1.0,1.0
6803,-0.24282087,7.5687213,7.5384736,0.0,1.0,1.0,1.0
6804,-0.24282087,7.5471697,7.517719,0.0,1.0,1.0,1.0
6805,-0.26223838,7.5466805,7.5069895,0.0,1.0,1.0,1.0
6806,-0.26223838,7.535303,7.4977407,0.0,1.0,1.0,1.0
6807,-0.26223838,7.419713,7.4751143,0.0,1.0,1.0,1.0
6808,-0.26223838,7.3015614,7.443043,0.0,1.0,1.0,1.0
6809,-0.26223838,7.3758082,7.4079895,0.0,1.0,1.0,1.0
6810,-0.26223838,7.4213533,7.3691278,0.0,1.0,1.0,1.0
6811,-0.26223838,7.389131,7.326424,0.0,1.0,1.0,1.0
6812,-0.2816796,7.30915,7.279415,0.0,1.0,1.0,1.0
6813,-0.2816796,7.262427,7.2315173,0.0,1.0,1.0,1.0
6814,-0.2816796,7.218855,7.189835,0.0,1.0,1.0,1.0
6815,-0.2816796,7.102382,7.1571946,0.0,1.0,1.0,1.0
6816,-0.2816796,7.0347266,7.1223407,0.0,1.0,1.0,1.0
6817,-0.2816796,6.982572,7.0905995,0.0,1.0,1.0,1.0
6818,-0.2816796,6.9605265,7.069723,0.0,1.0,1.0,1.0
6819,-0.2816796,6.919529,7.064405,0.0,1.0,1.0,1.0
6820,-0.2816796,6.909873,7.063597,0.0,1.0,1.0,1.0
6821,-0.2816796,6.9575653,7.0690227,0.0,1.0,1.0,1.0
6822,-0.26223838,7.0404553,7.091406,0.0,1.0,1.0,1.0
6823,-0.26223838,7.138613,7.1296573,0.0,1.0,1.0,1.0
6824,-0.26223838,7.2453337,7.1765227,0.0,1.0,1.0,1.0
6825,-0.26223838,7.2527323,7.2311893,0.0,1.0,1.0,1.0
6826,-0.26223838,7.283965,7.295401,0.0,1.0,1.0,1.0
6827,-0.26223838,7.37098,7.367635,0.0,1.0,1.0,1.0
6828,-0.26223838,7.4937434,7.4473753,0.0,1.0,1.0,1.0
6829,-0.26223838,7.5449543,7.5327916,0.0,1.0,1.0,1.0
6830,-0.26223838,7.616524,7.6091814,0.0,1.0,1.0,1.0
6831,-0.26223838,7.690072,7.674732,0.0,1.0,1.0,1.0
6832,-0.26223838,7.7766805,7.7349253,0.0,1.0,1.0,1.0
6833,-0.24282087,7.914452,7.7871714,0.0,1.0,1.0,1.0
6834,-0.24282087,8.065451,7.825426,0.0,1.0,1.0,1.0
6835,-0.24282087,8.05529,7.8443832,0.0,1.0,1.0,1.0
6836,-0.24282087,8.0319395,7.851935,0.0,1.0,1.0,1.0
6837,-0.2234268,7.975053,7.846269,0.0,1.0,1.0,1.0
6838,-0.2234268,7.9109178,7.823823,0.0,1.0,1.0,1.0
6839,-0.2234268,7.8300357,7.780418,0.0,1.0,1.0,1.0
6840,-0.20405589,7.721227,7.7144794,0.0,1.0,1.0,1.0
6841,-0.20405589,7.635577,7.629192,0.0,1.0,1.0,1.0
6842,-0.1847078,7.5485315,7.540152,0.0,1.0,1.0,1.0
6843,-0.1847078,7.4207206,7.4416485,0.0,1.0,1.0,1.0
6844,-0.16538227,7.2558227,7.3349557,0.0,1.0,1.0,1.0
6845,-0.16538227,7.123188,7.2311177,0.0,1.0,1.0,1.0
6846,-0.16538227,7.0419974,7.130888,0.0,1.0,1.0,1.0
6847,-0.14607899,6.9868135,7.034249,0.0,1.0,1.0,1.0
6848,-0.14607899,6.849899,6.9411917,0.0,1.0,1.0,1.0
6849,-0.12679769,6.6947393,6.851993,0.0,1.0,1.0,1.0
6850,-0.12679769,6.664859,6.771599,0.0,1.0,1.0,1.0
6851,-0.12679769,6.6272783,6.705282,0.0,1.0,1.0,1.0
6852,-0.10753806,6.561562,6.651564,0.0,1.0,1.0,1.0
6853,-0.10753806,6.518891,6.6183066,0.0,1.0,1.0,1.0
6854,-0.10753806,6.478144,6.5913863,0.0,1.0,1.0,1.0
6855,-0.10753806,6.4559927,6.578953,0.0,1.0,1.0,1.0
6856,-0.10753806,6.4600253,6.5853057,0.0,1.0,1.0,1.0
6857,-0.088299826,6.478567,6.6055303,0.0,1.0,1.0,1.0
6858,-0.088299826,6.642908,6.6429853,0.0,1.0,1.0,1.0
6859,-0.088299826,6.663772,6.702996,0.0,1.0,1.0,1.0
6860,-0.088299826,6.7006917,6.7803087,0.0,1.0,1.0,1.0
6861,-0.088299826,6.7709794,6.863394,0.0,1.0,1.0,1.0
6862,-0.088299826,6.9075537,6.9590034,0.0,1.0,1.0,1.0
6863,-0.088299826,7.0767374,7.0683084,0.0,1.0,1.0,1.0
6864,-0.0690827,7.281688,7.191827,0.0,1.0,1.0,1.0
6865,-0.0690827,7.4466457,7.317934,0.0,1.0,1.0,1.0
6866,-0.0690827,7.4751635,7.455455,0.0,1.0,1.0,1.0
6867,-0.0690827,7.6033063,7.6032963,0.0,1.0,1.0,1.0
6868,-0.0690827,7.7716875,7.752171,0.0,1.0,1.0,1.0
6869,-0.0690827,7.960789,7.887194,0.0,1.0,1.0,1.0
6870,-0.0690827,8.156192,8.017647,0.0,1.0,1.0,1.0
6871,-0.0690827,8.314022,8.140509,0.0,1.0,1.0,1.0
6872,-0.0690827,8.474791,8.25729,0.0,1.0,1.0,1.0
6873,-0.088299826,8.557478,8.369047,0.0,1.0,1.0,1.0
6874,-0.088299826,8.527832,8.467745,0.0,1.0,1.0,1.0
6875,-0.088299826,8.642168,8.548463,0.0,1.0,1.0,1.0
6876,-0.088299826,8.756028,8.6096325,0.0,1.0,1.0,1.0
6877,-0.088299826,8.848027,8.651643,0.0,1.0,1.0,1.0
6878,-0.088299826,8.816239,8.680826,0.0,1.0,1.0,1.0
6879,-0.088299826,8.787689,8.695076,0.0,1.0,1.0,1.0
6880,-0.088299826,8.740304,8.695853,0.0,1.0,1.0,1.0
6881,-0.088299826,8.694819,8.694861,0.0,1.0,1.0,1.0
6882,-0.10753806,8.660317,8.676037,0.0,1.0,1.0,1.0
6883,-0.10753806,8.664217,8.639264,0.0,1.0,1.0,1.0
6884,-0.10753806,8.64579,8.598305,0.0,1.0,1.0,1.0
6885,-0.10753806,8.566803,8.549182,0.0,1.0,1.0,1.0
6886,-0.10753806,8.515939,8.499619,0.0,1.0,1.0,1.0
6887,-0.10753806,8.416267,8.448398,0.0,1.0,1.0,1.0
6888,-0.12679769,8.314755,8.401678,0.0,1.0,1.0,1.0
6889,-0.12679769,8.356517,8.345919,0.0,1.0,1.0,1.0
6890,-0.12679769,8.226767,8.28647,0.0,1.0,1.0,1.0
6891,-0.12679769,8.192932,8.222454,0.0,1.0,1.0,1.0
6892,-0.14607899,8.125645,8.161566,0.0,1.0,1.0,1.0
6893,-0.14607899,8.134185,8.098775,0.0,1.0,1.0,1.0
6894,-0.14607899,7.991206,8.04327,0.0,1.0,1.0,1.0
6895,-0.14607899,7.9508386,7.9960365,0.0,1.0,1.0,1.0
6896,-0.14607899,7.877589,7.9465036,0.0,1.0,1.0,1.0
6897,-0.16538227,7.8361545,7.902181,0.0,1.0,1.0,1.0
6898,-0.16538227,7.762446,7.862392,0.0,1.0,1.0,1.0
6899,-0.16538227,7.7502103,7.8331785,0.0,1.0,1.0,1.0
6900,-0.16538227,7.7479496,7.799733,0.0,1.0,1.0,1.0
6901,-0.16538227,7.76212,7.790224,0.0,1.0,1.0,1.0
6902,-0.1847078,7.6948977,7.7812095,0.0,1.0,1.0,1.0
6903,-0.1847078,7.715462,7.7807746,0.0,1.0,1.0,1.0
6904,-0.1847078,7.7750826,7.7786303,0.0,1.0,1.0,1.0
6905,-0.1847078,7.732839,7.789866,0.0,1.0,1.0,1.0
6906,-0.1847078,7.8770967,7.8009977,0.0,1.0,1.0,1.0
6907,-0.1847078,7.842668,7.812243,0.0,1.0,1.0,1.0
6908,-0.1847078,7.87237,7.8204765,0.0,1.0,1.0,1.0
6909,-0.20405589,7.810419,7.8350067,0.0,1.0,1.0,1.0
6910,-0.20405589,7.897277,7.8445053,0.0,1.0,1.0,1.0
6911,-0.20405589,7.883793,7.844707,0.0,1.0,1.0,1.0
6912,-0.20405589,7.8828926,7.8442974,0.0,1.0,1.0,1.0
6913,-0.20405589,7.8609214,7.8300366,0.0,1.0,1.0,1.0
6914,-0.20405589,7.8692575,7.8159738,0.0,1.0,1.0,1.0
6915,-0.20405589,7.82945,7.792538,0.0,1.0,1.0,1.0
6916,-0.20405589,7.7775,7.768741,0.0,1.0,1.0,1.0
6917,-0.20405589,7.727925,7.728586,0.0,1.0,1.0,1.0
6918,-0.20405589,7.705966,7.6863766,0.0,1.0,1.0,1.0
6919,-0.1847078,7.673914,7.6383295,0.0,1.0,1.0,1.0
6920,-0.1847078,7.5911427,7.590203,0.0,1.0,1.0,1.0
6921,-0.1847078,7.524857,7.5403256,0.0,1.0,1.0,1.0
6922,-0.1847078,7.4154162,7.492138,0.0,1.0,1.0,1.0
6923,-0.1847078,7.377274,7.4448485,0.0,1.0,1.0,1.0
6924,-0.1847078,7.306328,7.3962073,0.0,1.0,1.0,1.0
6925,-0.1847078,7.2834053,7.343866,0.0,1.0,1.0,1.0
6926,-0.1847078,7.270727,7.2903147,0.0,1.0,1.0,1.0
6927,-0.1847078,7.2512016,7.238732,0.0,1.0,1.0,1.0
6928,-0.1847078,7.210027,7.186768,0.0,1.0,1.0,1.0
6929,-0.1847078,7.144231,7.13634,0.0,1.0,1.0,1.0
6930,-0.1847078,7.077866,7.084166,0.0,1.0,1.0,1.0
6931,-0.1847078,7.031298,7.033879,0.0,1.0,1.0,1.0
6932,-0.16538227,6.9721484,6.9778714,0.0,1.0,1.0,1.0
6933,-0.16538227,6.9012947,6.91563,0.0,1.0,1.0,1.0
6934,-0.16538227,6.8102827,6.8495464,0.0,1.0,1.0,1.0
6935,-0.16538227,6.751185,6.7861667,0.0,1.0,1.0,1.0
6936,-0.16538227,6.702881,6.7272,0.0,1.0,1.0,1.0
6937,-0.16538227,6.6113124,6.6670537,0.0,1.0,1.0,1.0
6938,-0.16538227,6.523832,6.603352,0.0,1.0,1.0,1.0
6939,-0.16538227,6.458196,6.5417786,0.0,1.0,1.0,1.0
6940,-0.16538227,6.4494724,6.484593,0.0,1.0,1.0,1.0
6941,-0.14607899,6.4366336,6.43346,0.0,1.0,1.0,1.0
6942,-0.14607899,6.356106,6.3865695,0.0,1.0,1.0,1.0
6943,-0.14607899,6.266883,6.342618,0.0,1.0,1.0,1.0
6944,-0.14607899,6.2332664,6.306481,0.0,1.0,1.0,1.0
6945,-0.14607899,6.2150636,6.2805004,0.0,1.0,1.0,1.0
6946,-0.12679769,6.1966896,6.25986,0.0,1.0,1.0,1.0
6947,-0.12679769,6.1884975,6.2363567,0.0,1.0,1.0,1.0
6948,-0.12679769,6.175461,6.214988,0.0,1.0,1.0,1.0
6949,-0.10753806,6.1776695,6.2013607,0.0,1.0,1.0,1.0
6950,-0.10753806,6.212066,6.192574,0.0,1.0,1.0,1.0
6951,-0.088299826,6.210513,6.1833735,0.0,1.0,1.0,1.0
6952,-0.088299826,6.1674294,6.167862,0.0,1.0,1.0,1.0
6953,-0.0690827,6.1802115,6.1581106,0.0,1.0,1.0,1.0
6954,-0.0690827,6.1925797,6.149409,0.0,1.0,1.0,1.0
6955,-0.049886398,6.1614428,6.142258,0.0,1.0,1.0,1.0
6956,-0.049886398,6.1228585,6.135863,0.0,1.0,1.0,1.0
6957,-0.049886398,6.0289226,6.1258245,0.0,1.0,1.0,1.0
6958,-0.030710636,6.0796776,6.1149917,0.0,1.0,1.0,1.0
6959,-0.030710636,6.084074,6.106656,0.0,1.0,1.0,1.0
6960,-0.030710636,6.0896525,6.0994287,0.0,1.0,1.0,1.0
6961,-0.030710636,6.100926,6.093477,0.0,1.0,1.0,1.0
6962,-0.011555132,6.091605,6.0898266,0.0,1.0,1.0,1.0
6963,-0.011555132,6.080521,6.093793,0.0,1.0,1.0,1.0
6964,-0.011555132,6.067399,6.107276,0.0,1.0,1.0,1.0
6965,-0.011555132,6.0934873,6.122637,0.0,1.0,1.0,1.0
6966,0.007580392,6.1211524,6.1426864,0.0,1.0,1.0,1.0
6967,0.007580392,6.11764,6.16326,0.0,1.0,1.0,1.0
6968,0.007580392,6.1704574,6.1920085,0.0,1.0,1.0,1.0
6969,0.007580392,6.1907177,6.223519,0.0,1.0,1.0,1.0
6970,0.007580392,6.2640114,6.2578845,0.0,1.0,1.0,1.0
6971,0.007580392,6.324664,6.299528,0.0,1.0,1.0,1.0
6972,0.007580392,6.336538,6.344424,0.0,1.0,1.0,1.0
6973,0.007580392,6.44591,6.3987255,0.0,1.0,1.0,1.0
6974,0.007580392,6.4697266,6.4569387,0.0,1.0,1.0,1.0
6975,0.007580392,6.4929113,6.522661,0.0,1.0,1.0,1.0
6976,0.007580392,6.5671225,6.586321,0.0,1.0,1.0,1.0
6977,0.007580392,6.632233,6.653502,0.0,1.0,1.0,1.0
6978,0.007580392,6.772772,6.7296867,0.0,1.0,1.0,1.0
6979,0.007580392,6.816201,6.811995,0.0,1.0,1.0,1.0
6980,0.007580392,6.9591265,6.897298,0.0,1.0,1.0,1.0
6981,0.007580392,6.954636,6.985544,0.0,1.0,1.0,1.0
6982,0.007580392,7.0701847,7.078058,0.0,1.0,1.0,1.0
6983,0.007580392,7.238881,7.1721206,0.0,1.0,1.0,1.0
6984,-0.011555132,7.3242354,7.2622194,0.0,1.0,0.0,1.0
6985,-0.011555132,7.4695435,7.3439994,0.0,1.0,0.0,1.0
6986,-0.011555132,7.528685,7.418695,0.0,1.0,0.0,1.0
6987,-0.011555132,7.603072,7.4743567,0.0,1.0,0.0,1.0
6988,-0.011555132,7.6958766,7.530449,0.0,1.0,0.0,1.0
6989,-0.011555132,7.7134166,7.586384,0.0,1.0,0.0,1.0
6990,-0.011555132,7.754134,7.645123,0.0,1.0,0.0,1.0
6991,-0.030710636,7.712549,7.7088256,0.0,1.0,0.0,1.0
6992,-0.030710636,7.6270666,7.7817955,0.0,1.0,0.0,1.0
6993,-0.030710636,7.6277432,7.8610954,0.0,1.0,0.0,1.0
6994,-0.030710636,7.7414002,7.943792,0.0,1.0,0.0,1.0
6995,-0.030710636,7.9437523,8.030922,0.0,1.0,0.0,1.0
6996,-0.049886398,8.088668,8.128337,0.0,1.0,0.0,1.0
6997,-0.049886398,8.3451805,8.237706,0.0,1.0,0.0,1.0
6998,-0.049886398,8.480286,8.369386,0.0,1.0,0.0,1.0
6999,-0.049886398,8.595429,8.525283,0.0,1.0,0.0,1.0
7000,-0.030710636,8.741442,8.6984825,0.0,1.0,0.0,1.0
7001,-0.030710636,8.882397,8.877738,0.0,1.0,0.0,1.0
7002,-0.030710636,9.066564,9.066432,0.0,1.0,0.0,1.0
7003,-0.030710636,9.292705,9.267964,0.0,1.0,0.0,1.0
7004,-0.030710636,9.4978285,9.467174,0.0,1.0,0.0,1.0
7005,-0.011555132,9.70614,9.652884,0.0,1.0,0.0,1.0
7006,-0.011555132,9.892467,9.832095,0.0,1.0,0.0,1.0
7007,-0.011555132,10.208083,9.999538,0.0,1.0,0.0,1.0
7008,-0.011555132,10.507055,10.1560755,0.0,1.0,0.0,1.0
7009,-0.011555132,10.735688,10.284574,0.0,1.0,0.0,1.0
7010,0.007580392,10.7088,10.380442,0.0,1.0,1.0,1.0
7011,0.007580392,10.745975,10.448096,0.0,1.0,1.0,1.0
7012,0.007580392,10.750763,10.487728,0.0,1.0,1.0,1.0
7013,0.007580392,10.76084,10.506576,0.0,1.0,1.0,1.0
7014,0.026696216,10.608541,10.491891,0.0,1.0,1.0,1.0
7015,0.026696216,10.443122,10.445775,0.0,1.0,1.0,1.0
7016,0.026696216,10.309686,10.358434,0.0,1.0,1.0,1.0
7017,0.026696216,10.181718,10.250239,0.0,1.0,1.0,1.0
7018,0.045792617,10.118633,10.129134,0.0,1.0,1.0,1.0
7019,0.045792617,10.031866,9.984785,0.0,1.0,1.0,1.0
7020,0.045792617,9.953664,9.820293,0.0,1.0,1.0,1.0
7021,0.045792617,9.687598,9.656435,0.0,1.0,1.0,1.0
7022,0.045792617,9.410466,9.484081,0.0,1.0,1.0,1.0
7023,0.064869866,9.292715,9.302027,0.0,1.0,1.0,1.0
7024,0.064869866,9.018569,9.107892,0.0,1.0,1.0,1.0
7025,0.064869866,8.786948,8.908389,0.0,1.0,1.0,1.0
7026,0.064869866,8.64223,8.705099,0.0,1.0,1.0,1.0
7027,0.064869866,8.374883,8.51457,0.0,1.0,1.0,1.0
7028,0.064869866,8.125031,8.342536,0.0,1.0,1.0,1.0
7029,0.08392824,7.8520975,8.173065,0.0,1.0,1.0,1.0
7030,0.08392824,7.724597,8.008812,0.0,1.0,1.0,1.0
7031,0.08392824,7.592392,7.852427,0.0,1.0,1.0,1.0
7032,0.08392824,7.667312,7.7241454,0.0,1.0,1.0,1.0
7033,0.08392824,7.623195,7.6186466,0.0,1.0,1.0,1.0
7034,0.08392824,7.376809,7.5331755,0.0,1.0,1.0,1.0
7035,0.08392824,7.3216786,7.471384,0.0,1.0,1.0,1.0
7036,0.10296802,7.1419477,7.4288125,0.0,1.0,1.0,1.0
7037,0.10296802,7.247574,7.401328,0.0,1.0,1.0,1.0
7038,0.10296802,7.3762436,7.388153,0.0,1.0,1.0,1.0
7039,0.10296802,7.3492265,7.3758464,0.0,1.0,1.0,1.0
7040,0.10296802,7.383535,7.375292,0.0,1.0,1.0,1.0
7041,0.10296802,7.341238,7.405057,0.0,1.0,1.0,1.0
7042,0.121989466,7.3947883,7.4514003,0.0,1.0,1.0,1.0
7043,0.121989466,7.434291,7.5010686,0.0,1.0,1.0,1.0
7044,0.121989466,7.519629,7.534999,0.0,1.0,1.0,1.0
7045,0.14099285,7.6165404,7.570352,0.0,1.0,1.0,1.0
7046,0.14099285,7.733993,7.59787,0.0,1.0,1.0,1.0
7047,0.14099285,7.877795,7.6229606,0.0,1.0,1.0,1.0
7048,0.15997845,7.7379723,7.6428776,0.0,1.0,1.0,1.0
7049,0.17894652,7.654735,7.647027,0.0,1.0,1.0,1.0
7050,0.17894652,7.80048,7.636781,0.0,1.0,1.0,1.0
7051,0.19789733,7.679441,7.6204157,0.0,1.0,1.0,1.0
7052,0.19789733,7.6846266,7.59836,0.0,1.0,1.0,1.0
7053,0.19789733,7.5802374,7.5556364,0.0,1.0,1.0,1.0
7054,0.21683115,7.444585,7.495486,0.0,1.0,1.0,1.0
7055,0.21683115,7.311341,7.437404,0.0,1.0,1.0,1.0
7056,0.21683115,7.323241,7.376663,0.0,1.0,1.0,1.0
7057,0.21683115,7.3518734,7.292371,0.0,1.0,1.0,1.0
7058,0.23574823,7.2213087,7.2083216,0.0,1.0,1.0,1.0
7059,0.23574823,7.155991,7.1302276,0.0,1.0,1.0,1.0
7060,0.23574823,7.0409875,7.069546,0.0,1.0,1.0,1.0
7061,0.23574823,6.925846,7.0229383,0.0,1.0,1.0,1.0
7062,0.23574823,6.788971,6.990264,0.0,1.0,1.0,1.0
7063,0.25464883,6.670848,6.9669013,0.0,1.0,1.0,1.0
7064,0.25464883,6.7474985,6.9477434,0.0,1.0,1.0,1.0
7065,0.25464883,6.8520656,6.949636,0.0,1.0,1.0,1.0
7066,0.25464883,6.8852882,6.9742823,0.0,1.0,1.0,1.0
7067,0.25464883,6.9192505,7.0140586,0.0,1.0,1.0,1.0
7068,0.25464883,7.042885,7.0710974,0.0,1.0,1.0,1.0
7069,0.25464883,7.1219783,7.151201,0.0,1.0,1.0,1.0
7070,0.25464883,7.244021,7.2484646,0.0,1.0,1.0,1.0
7071,0.25464883,7.4517465,7.3516145,0.0,1.0,1.0,1.0
7072,0.25464883,7.5183063,7.4612966,0.0,1.0,1.0,1.0
7073,0.25464883,7.610309,7.584642,0.0,1.0,1.0,1.0
7074,0.25464883,7.750214,7.716269,0.0,1.0,1.0,1.0
7075,0.25464883,7.8380103,7.8384,0.0,1.0,1.0,1.0
7076,0.25464883,7.9852977,7.9617915,0.0,1.0,1.0,1.0
7077,0.23574823,8.168253,8.065499,0.0,1.0,1.0,1.0
7078,0.23574823,8.36543,8.152814,0.0,1.0,1.0,1.0
7079,0.23574823,8.4987755,8.225616,0.0,1.0,1.0,1.0
7080,0.23574823,8.508455,8.304639,0.0,1.0,1.0,1.0
7081,0.23574823,8.602679,8.377536,0.0,1.0,1.0,1.0
7082,0.23574823,8.488512,8.423686,0.0,1.0,1.0,1.0
7083,0.21683115,8.499527,8.458728,0.0,1.0,1.0,1.0
7084,0.21683115,8.391938,8.465896,0.0,1.0,1.0,1.0
7085,0.21683115,8.558578,8.445921,0.0,1.0,1.0,1.0
7086,0.21683115,8.624975,8.410425,0.0,1.0,1.0,1.0
7087,0.19789733,8.391817,8.38496,0.0,1.0,1.0,1.0
7088,0.19789733,8.405799,8.347401,0.0,1.0,1.0,1.0
7089,0.19789733,8.254266,8.315404,0.0,1.0,1.0,1.0
7090,0.19789733,8.125724,8.297604,0.0,1.0,1.0,1.0
7091,0.17894652,8.072834,8.299585,0.0,1.0,1.0,1.0
7092,0.17894652,8.202873,8.287984,0.0,1.0,1.0,1.0
7093,0.17894652,8.151968,8.279677,0.0,1.0,1.0,1.0
7094,0.17894652,8.1045475,8.3067045,0.0,1.0,1.0,1.0
7095,0.15997845,8.285929,8.358066,0.0,1.0,1.0,1.0
7096,0.15997845,8.41571,8.418233,0.0,1.0,1.0,1.0
7097,0.15997845,8.419367,8.498308,0.0,1.0,1.0,1.0
7098,0.14099285,8.525293,8.610463,0.0,1.0,1.0,1.0
7099,0.14099285,8.716139,8.716117,0.0,1.0,1.0,1.0
7100,0.14099285,9.022135,8.842101,0.0,1.0,1.0,1.0
7101,0.14099285,8.976274,8.98781,0.0,1.0,1.0,1.0
7102,0.121989466,9.086635,9.120399,0.0,1.0,1.0,1.0
7103,0.121989466,9.418684,9.241948,0.0,1.0,1.0,1.0
7104,0.121989466,9.470719,9.363658,0.0,1.0,1.0,1.0
7105,0.121989466,9.663784,9.481132,0.0,1.0,1.0,1.0
7106,0.121989466,9.853059,9.565115,0.0,1.0,1.0,1.0
7107,0.121989466,9.876989,9.610329,0.0,1.0,1.0,1.0
7108,0.121989466,9.874299,9.657352,0.0,1.0,1.0,1.0
7109,0.121989466,9.87989,9.711088,0.0,1.0,1.0,1.0
7110,0.121989466,9.934974,9.73257,0.0,1.0,1.0,1.0
7111,0.121989466,9.723939,9.738852,0.0,1.0,1.0,1.0
7112,0.121989466,9.564693,9.725556,0.0,1.0,1.0,1.0
7113,0.121989466,9.54056,9.676935,0.0,1.0,1.0,1.0
7114,0.121989466,9.7314625,9.61541,0.0,1.0,1.0,1.0
7115,0.121989466,9.67647,9.545597,0.0,1.0,1.0,1.0
7116,0.121989466,9.546098,9.468011,0.0,1.0,1.0,1.0
7117,0.121989466,9.50424,9.3866005,0.0,1.0,1.0,1.0
7118,0.121989466,9.269606,9.337445,0.0,1.0,1.0,1.0
7119,0.121989466,9.13869,9.283682,0.0,1.0,1.0,1.0
7120,0.121989466,9.036544,9.226917,0.0,1.0,1.0,1.0
7121,0.121989466,8.948858,9.144722,0.0,1.0,1.0,1.0
7122,0.121989466,8.958041,9.075422,0.0,1.0,1.0,1.0
7123,0.121989466,9.134076,9.014005,0.0,1.0,1.0,1.0
7124,0.121989466,8.919542,8.954863,0.0,1.0,1.0,1.0
7125,0.14099285,8.859376,8.892304,0.0,1.0,1.0,1.0
7126,0.14099285,8.745121,8.837997,0.0,1.0,1.0,1.0
7127,0.14099285,8.84487,8.780327,0.0,1.0,1.0,1.0
7128,0.14099285,8.809097,8.721498,0.0,1.0,1.0,1.0
7129,0.14099285,8.794536,8.660806,0.0,1.0,1.0,1.0
7130,0.14099285,8.518901,8.575684,0.0,1.0,1.0,1.0
7131,0.14099285,8.487013,8.508564,0.0,1.0,1.0,1.0
7132,0.14099285,8.344493,8.445941,0.0,1.0,1.0,1.0
7133,0.15997845,8.242906,8.383215,0.0,1.0,1.0,1.0
7134,0.15997845,8.229738,8.29986,0.0,1.0,1.0,1.0
7135,0.15997845,8.112612,8.220697,0.0,1.0,1.0,1.0
7136,0.15997845,8.114109,8.143335,0.0,1.0,1.0,1.0
7137,0.15997845,8.107902,8.090005,0.0,1.0,1.0,1.0
7138,0.15997845,7.992408,8.027825,0.0,1.0,1.0,1.0
7139,0.15997845,7.8446007,7.979494,0.0,1.0,1.0,1.0
7140,0.15997845,7.859146,7.9351263,0.0,1.0,1.0,1.0
7141,0.17894652,7.866191,7.9015107,0.0,1.0,1.0,1.0
7142,0.17894652,7.878945,7.8740864,0.0,1.0,1.0,1.0
7143,0.17894652,7.74086,7.854933,0.0,1.0,1.0,1.0
7144,0.19789733,7.764511,7.8339148,0.0,1.0,1.0,1.0
7145,0.19789733,7.710493,7.823408,0.0,1.0,1.0,1.0
7146,0.19789733,7.8263516,7.82164,0.0,1.0,1.0,1.0
7147,0.21683115,7.7835197,7.8137712,0.0,1.0,1.0,1.0
7148,0.21683115,7.884268,7.800979,0.0,1.0,1.0,1.0
7149,0.21683115,7.855686,7.7833576,0.0,1.0,1.0,1.0
7150,0.23574823,7.8663273,7.775179,0.0,1.0,1.0,1.0
7151,0.23574823,7.8233843,7.764328,0.0,1.0,1.0,1.0
7152,0.23574823,7.7647195,7.7547116,0.0,1.0,1.0,1.0
7153,0.23574823,7.7126822,7.732039,0.0,1.0,1.0,1.0
7154,0.25464883,7.6674905,7.7092004,0.0,1.0,1.0,1.0
7155,0.25464883,7.6427145,7.6740465,0.0,1.0,1.0,1.0
7156,0.25464883,7.6343007,7.6353273,0.0,1.0,1.0,1.0
7157,0.25464883,7.5950937,7.5852427,0.0,1.0,1.0,1.0
7158,0.25464883,7.554281,7.533499,0.0,1.0,1.0,1.0
7159,0.27353325,7.5094543,7.4791365,0.0,1.0,1.0,1.0
7160,0.27353325,7.462425,7.437678,0.0,1.0,1.0,1.0
7161,0.27353325,7.3910537,7.400933,0.0,1.0,1.0,1.0
7162,0.27353325,7.265313,7.3754883,0.0,1.0,1.0,1.0
7163,0.27353325,7.2024546,7.3528857,0.0,1.0,1.0,1.0
7164,0.27353325,7.112373,7.3343325,0.0,1.0,1.0,1.0
7165,0.27353325,7.2151785,7.309368,0.0,1.0,1.0,1.0
7166,0.27353325,7.2265534,7.296433,0.0,1.0,1.0,1.0
7167,0.27353325,7.3373775,7.286617,0.0,1.0,1.0,1.0
7168,0.27353325,7.363071,7.2858706,0.0,1.0,1.0,1.0
7169,0.27353325,7.372457,7.296544,0.0,1.0,1.0,1.0
7170,0.27353325,7.2547073,7.314516,0.0,1.0,1.0,1.0
7171,0.27353325,7.3542333,7.3407693,0.0,1.0,1.0,1.0
7172,0.27353325,7.3446283,7.357664,0.0,1.0,1.0,1.0
7173,0.27353325,7.3820987,7.3776712,0.0,1.0,1.0,1.0
7174,0.25464883,7.3933983,7.379267,0.0,1.0,1.0,1.0
7175,0.25464883,7.4181166,7.3681507,0.0,1.0,1.0,1.0
7176,0.25464883,7.4274096,7.3394766,0.0,1.0,1.0,1.0
7177,0.25464883,7.4179173,7.3095064,0.0,1.0,1.0,1.0
7178,0.25464883,7.466643,7.2601542,0.0,1.0,1.0,1.0
7179,0.25464883,7.356524,7.2138205,0.0,1.0,1.0,1.0
7180,0.25464883,7.2296777,7.160582,0.0,1.0,1.0,1.0
7181,0.23574823,7.028364,7.108428,0.0,1.0,1.0,1.0
7182,0.23574823,6.8950663,7.0403137,0.0,1.0,1.0,1.0
7183,0.23574823,6.762008,6.964418,0.0,1.0,1.0,1.0
7184,0.23574823,6.788624,6.888575,0.0,1.0,1.0,1.0
7185,0.23574823,6.743236,6.8111396,0.0,1.0,1.0,1.0
7186,0.21683115,6.7675524,6.73738,0.0,1.0,1.0,1.0
7187,0.21683115,6.600743,6.6673183,0.0,1.0,1.0,1.0
7188,0.21683115,6.5166583,6.609504,0.0,1.0,1.0,1.0
7189,0.21683115,6.5078053,6.551013,0.0,1.0,1.0,1.0
7190,0.19789733,6.5374174,6.504554,0.0,1.0,1.0,1.0
7191,0.19789733,6.4714108,6.4568806,0.0,1.0,1.0,1.0
7192,0.19789733,6.388933,6.413787,0.0,1.0,1.0,1.0
7193,0.19789733,6.3345957,6.3820176,0.0,1.0,1.0,1.0
7194,0.17894652,6.1931705,6.373253,0.0,1.0,1.0,1.0
7195,0.17894652,6.2044983,6.373442,0.0,1.0,1.0,1.0
7196,0.17894652,6.216546,6.3835526,0.0,1.0,1.0,1.0
7197,0.17894652,6.226112,6.4084115,0.0,1.0,1.0,1.0
7198,0.15997845,6.386322,6.4495015,0.0,1.0,1.0,1.0
7199,0.15997845,6.4955626,6.4994607,0.0,1.0,1.0,1.0
7200,0.15997845,6.5189333,6.546125,0.0,1.0,1.0,1.0
7201,0.15997845,6.629127,6.5977974,0.0,1.0,1.0,1.0
7202,0.15997845,6.835729,6.659557,0.0,1.0,1.0,1.0
7203,0.17894652,6.964489,6.731823,0.0,1.0,1.0,1.0
7204,0.17894652,6.988442,6.8119326,0.0,1.0,1.0,1.0
7205,0.17894652,6.8945694,6.894169,0.0,1.0,1.0,1.0
7206,0.19789733,6.8132386,6.976692,0.0,1.0,1.0,1.0
7207,0.19789733,6.945612,7.067897,0.0,1.0,1.0,1.0
7208,0.19789733,7.0837364,7.1679173,0.0,1.0,1.0,1.0
7209,0.19789733,7.187432,7.2573047,0.0,1.0,1.0,1.0
7210,0.21683115,7.373154,7.340479,0.0,1.0,1.0,1.0
7211,0.21683115,7.485846,7.4143033,0.0,1.0,1.0,1.0
7212,0.21683115,7.613385,7.494811,0.0,1.0,1.0,1.0
7213,0.21683115,7.829376,7.5700645,0.0,1.0,1.0,1.0
7214,0.23574823,7.9083743,7.6249695,0.0,1.0,1.0,1.0
7215,0.23574823,7.9625826,7.669576,0.0,1.0,1.0,1.0
7216,0.23574823,7.874334,7.7205296,0.0,1.0,1.0,1.0
7217,0.23574823,7.8606644,7.7589707,0.0,1.0,1.0,1.0
7218,0.25464883,7.716276,7.785555,0.0,1.0,1.0,1.0
7219,0.25464883,7.604475,7.8007245,0.0,1.0,1.0,1.0
7220,0.25464883,7.619014,7.789559,0.0,1.0,1.0,1.0
7221,0.25464883,7.7988706,7.7592,0.0,1.0,1.0,1.0
7222,0.27353325,7.8344517,7.7159405,0.0,1.0,1.0,1.0
7223,0.27353325,7.8048563,7.6846175,0.0,1.0,1.0,1.0
7224,0.27353325,7.7954187,7.651652,0.0,1.0,1.0,1.0
7225,0.27353325,7.6953907,7.628054,0.0,1.0,1.0,1.0
7226,0.27353325,7.544068,7.612639,0.0,1.0,1.0,1.0
7227,0.27353325,7.4434695,7.6074066,0.0,1.0,1.0,1.0
7228,0.2924017,7.4984565,7.5861416,0.0,1.0,1.0,1.0
7229,0.2924017,7.465076,7.57425,0.0,1.0,1.0,1.0
7230,0.2924017,7.4331055,7.5744195,0.0,1.0,1.0,1.0
7231,0.2924017,7.41949,7.5857573,0.0,1.0,1.0,1.0
7232,0.2924017,7.5562286,7.605588,0.0,1.0,1.0,1.0
7233,0.2924017,7.543686,7.648175,0.0,1.0,1.0,1.0
7234,0.2924017,7.6917553,7.704433,0.0,1.0,1.0,1.0
7235,0.2924017,7.8068895,7.7505302,0.0,1.0,1.0,1.0
7236,0.31125447,7.9314694,7.8090034,0.0,1.0,1.0,1.0
7237,0.2924017,7.933361,7.879368,0.0,1.0,1.0,1.0
7238,0.31125447,8.055108,7.956349,0.0,1.0,1.0,1.0
7239,0.31125447,8.118567,8.014463,0.0,1.0,1.0,1.0
7240,0.31125447,8.051624,8.073113,0.0,1.0,1.0,1.0
7241,0.31125447,8.166758,8.114033,0.0,1.0,1.0,1.0
7242,0.31125447,8.277479,8.138509,0.0,1.0,1.0,1.0
7243,0.31125447,8.343259,8.141858,0.0,1.0,1.0,1.0
7244,0.31125447,8.253606,8.140425,0.0,1.0,1.0,1.0
7245,0.31125447,8.247486,8.1161585,0.0,1.0,1.0,1.0
7246,0.31125447,8.182789,8.077436,0.0,1.0,1.0,1.0
7247,0.31125447,8.100595,8.035348,0.0,1.0,1.0,1.0
7248,0.31125447,7.971662,7.972576,0.0,1.0,1.0,1.0
7249,0.31125447,7.916159,7.9020643,0.0,1.0,1.0,1.0
7250,0.33009177,7.7639203,7.8134675,0.0,1.0,1.0,1.0
7251,0.33009177,7.653898,7.7289653,0.0,1.0,1.0,1.0
7252,0.3489139,7.5465665,7.634099,0.0,1.0,1.0,1.0
7253,0.3489139,7.413492,7.5334496,0.0,1.0,1.0,1.0
7254,0.3489139,7.4313397,7.43124,0.0,1.0,1.0,1.0
7255,0.3677211,7.2800956,7.337113,0.0,1.0,1.0,1.0
7256,0.3677211,7.239581,7.238872,0.0,1.0,1.0,1.0
7257,0.3677211,7.109087,7.1484494,0.0,1.0,1.0,1.0
7258,0.38651365,6.9750004,7.062902,0.0,1.0,1.0,1.0
7259,0.38651365,6.8740807,6.9849353,0.0,1.0,1.0,1.0
7260,0.38651365,6.8421326,6.915015,0.0,1.0,1.0,1.0
7261,0.40529174,6.7372704,6.8422046,0.0,1.0,1.0,1.0
7262,0.40529174,6.6788483,6.779688,0.0,1.0,1.0,1.0
7263,0.40529174,6.627328,6.7281275,0.0,1.0,1.0,1.0
7264,0.40529174,6.6109676,6.6805863,0.0,1.0,1.0,1.0
7265,0.40529174,6.5744505,6.6244,0.0,1.0,1.0,1.0
7266,0.42405567,6.5576105,6.5724297,0.0,1.0,1.0,1.0
7267,0.42405567,6.5298977,6.5212116,0.0,1.0,1.0,1.0
7268,0.42405567,6.6208553,6.474463,0.0,1.0,1.0,1.0
7269,0.42405567,6.538595,6.4295835,0.0,1.0,1.0,1.0
7270,0.42405567,6.300762,6.396962,0.0,1.0,1.0,1.0
7271,0.42405567,6.250438,6.3557963,0.0,1.0,1.0,1.0
7272,0.42405567,6.2275176,6.3144045,0.0,1.0,1.0,1.0
7273,0.42405567,6.1762853,6.263371,0.0,1.0,1.0,1.0
7274,0.42405567,6.140294,6.2176156,0.0,1.0,1.0,1.0
7275,0.40529174,6.235872,6.1563888,0.0,1.0,1.0,1.0
7276,0.40529174,6.1169777,6.095333,0.0,1.0,1.0,1.0
7277,0.40529174,6.0777473,6.0473666,0.0,1.0,1.0,1.0
7278,0.40529174,5.94521,5.9983573,0.0,1.0,1.0,1.0
7279,0.40529174,5.98083,5.9357815,0.0,1.0,1.0,1.0
7280,0.40529174,5.886138,5.876915,0.0,1.0,1.0,1.0
7281,0.40529174,5.8059244,5.82267,0.0,1.0,1.0,1.0
7282,0.38651365,5.7251635,5.7626734,0.0,1.0,1.0,1.0
7283,0.38651365,5.66233,5.7118716,0.0,1.0,1.0,1.0
7284,0.38651365,5.4766083,5.6668105,0.0,1.0,1.0,1.0
7285,0.38651365,5.469884,5.6347404,0.0,1.0,1.0,1.0
7286,0.3677211,5.4893575,5.5929384,0.0,1.0,1.0,1.0
7287,0.3677211,5.5159082,5.5614247,0.0,1.0,1.0,1.0
7288,0.3677211,5.5073576,5.540439,0.0,1.0,1.0,1.0
7289,0.3677211,5.537014,5.5314317,0.0,1.0,1.0,1.0
7290,0.3489139,5.5603676,5.538933,0.0,1.0,1.0,1.0
7291,0.3489139,5.479209,5.5681963,0.0,1.0,1.0,1.0
7292,0.3489139,5.5079737,5.6217885,0.0,1.0,1.0,1.0
7293,0.3489139,5.554098,5.699635,0.0,1.0,1.0,1.0
7294,0.33009177,5.617073,5.7849865,0.0,1.0,1.0,1.0
7295,0.33009177,5.752341,5.89876,0.0,1.0,1.0,1.0
7296,0.33009177,5.827775,6.018421,0.0,1.0,1.0,1.0
7297,0.33009177,6.112988,6.1554084,0.0,1.0,1.0,1.0
7298,0.33009177,6.4235177,6.3159614,0.0,1.0,1.0,1.0
7299,0.33009177,6.540125,6.492719,0.0,1.0,1.0,1.0
7300,0.33009177,6.872637,6.680837,0.0,1.0,1.0,1.0
7301,0.33009177,6.9729514,6.878215,0.0,1.0,1.0,1.0
7302,0.33009177,7.204213,7.081592,0.0,1.0,1.0,1.0
7303,0.3489139,7.4058447,7.294891,0.0,1.0,1.0,1.0
7304,0.3489139,7.6290655,7.4960723,0.0,1.0,1.0,1.0
7305,0.3489139,7.8115134,7.6754723,0.0,1.0,1.0,1.0
7306,0.3677211,7.9856067,7.8434033,0.0,1.0,1.0,1.0
7307,0.3677211,8.192865,7.9979186,0.0,1.0,1.0,1.0
7308,0.3677211,8.3873625,8.138298,0.0,1.0,1.0,1.0
7309,0.38651365,8.527165,8.252207,0.0,1.0,1.0,1.0
7310,0.38651365,8.576318,8.35968,0.0,1.0,1.0,1.0
7311,0.38651365,8.555298,8.437927,0.0,1.0,1.0,1.0
7312,0.38651365,8.726821,8.508431,0.0,1.0,1.0,1.0
7313,0.40529174,8.657506,8.559711,0.0,1.0,1.0,1.0
7314,0.40529174,8.571113,8.589659,0.0,1.0,1.0,1.0
7315,0.40529174,8.695523,8.600069,0.0,1.0,1.0,1.0
7316,0.40529174,8.568038,8.600222,0.0,1.0,1.0,1.0
7317,0.40529174,8.657558,8.596051,0.0,1.0,1.0,1.0
7318,0.42405567,8.600966,8.572506,0.0,1.0,1.0,1.0
7319,0.42405567,8.552234,8.535044,0.0,1.0,1.0,1.0
7320,0.42405567,8.512287,8.490738,0.0,1.0,1.0,1.0
7321,0.42405567,8.528992,8.44816,0.0,1.0,1.0,1.0
7322,0.42405567,8.52628,8.374538,0.0,1.0,1.0,1.0
7323,0.42405567,8.272754,8.290429,0.0,1.0,1.0,1.0
7324,0.42405567,8.277267,8.177509,0.0,1.0,1.0,1.0
7325,0.42405567,8.125839,8.067142,0.0,1.0,1.0,1.0
7326,0.42405567,8.060187,7.9365153,0.0,1.0,1.0,1.0
7327,0.44280565,7.8120522,7.785452,0.0,1.0,1.0,1.0
7328,0.42405567,7.558731,7.609292,0.0,1.0,1.0,1.0
7329,0.44280565,7.3025265,7.4121294,0.0,1.0,1.0,1.0
7330,0.44280565,7.276553,7.2152753,0.0,1.0,1.0,1.0
7331,0.44280565,6.984715,7.0164623,0.0,1.0,1.0,1.0
7332,0.44280565,6.6995244,6.8068933,0.0,1.0,1.0,1.0
7333,0.44280565,6.4150715,6.5842967,0.0,1.0,1.0,1.0
7334,0.44280565,6.1603317,6.383349,0.0,1.0,1.0,1.0
7335,0.44280565,5.9105015,6.1935306,0.0,1.0,1.0,1.0
7336,0.44280565,5.891516,6.0248866,0.0,1.0,1.0,1.0
7337,0.44280565,5.6110106,5.877695,0.0,1.0,1.0,1.0
7338,0.44280565,5.3890243,5.7767916,0.0,1.0,1.0,1.0
7339,0.44280565,5.4006805,5.72458,0.0,1.0,1.0,1.0
7340,0.44280565,5.280911,5.7158337,0.0,1.0,1.0,1.0
7341,0.44280565,5.278799,5.7286034,0.0,1.0,1.0,1.0
7342,0.44280565,5.5102572,5.783622,0.0,1.0,1.0,1.0
7343,0.44280565,5.773868,5.8708844,0.0,1.0,1.0,1.0
7344,0.44280565,6.072989,6.0015645,0.0,1.0,1.0,1.0
7345,0.44280565,6.3101134,6.1723046,0.0,1.0,1.0,1.0
7346,0.44280565,6.3135724,6.357669,0.0,1.0,1.0,1.0
7347,0.44280565,6.5707192,6.5582395,0.0,1.0,1.0,1.0
7348,0.44280565,6.938666,6.7758813,0.0,1.0,1.0,1.0
7349,0.44280565,7.1791725,6.989224,0.0,1.0,1.0,1.0
7350,0.44280565,7.437906,7.194037,0.0,1.0,1.0,1.0
7351,0.44280565,7.6250544,7.379388,0.0,1.0,1.0,1.0
7352,0.44280565,7.6877565,7.5467186,0.0,1.0,1.0,1.0
7353,0.44280565,7.890502,7.701069,0.0,1.0,1.0,1.0
7354,0.44280565,8.070369,7.817591,0.0,1.0,1.0,1.0
7355,0.44280565,8.231624,7.8850484,0.0,1.0,1.0,1.0
7356,0.42405567,8.297197,7.923884,0.0,1.0,1.0,1.0
7357,0.42405567,8.318085,7.9323378,0.0,1.0,1.0,1.0
7358,0.42405567,8.165775,7.9154606,0.0,1.0,1.0,1.0
7359,0.42405567,7.9689865,7.877237,0.0,1.0,1.0,1.0
7360,0.42405567,7.7481537,7.820707,0.0,1.0,1.0,1.0
7361,0.42405567,7.645197,7.7438707,0.0,1.0,1.0,1.0
7362,0.42405567,7.539352,7.654493,0.0,1.0,1.0,1.0
7363,0.42405567,7.4225326,7.5498643,0.0,1.0,1.0,1.0
7364,0.40529174,7.2290688,7.4409504,0.0,1.0,1.0,1.0
7365,0.40529174,7.2121406,7.3434095,0.0,1.0,1.0,1.0
7366,0.40529174,7.148335,7.2585673,0.0,1.0,1.0,1.0
7367,0.40529174,7.15909,7.1910076,0.0,1.0,1.0,1.0
7368,0.40529174,7.041654,7.1346717,0.0,1.0,1.0,1.0
7369,0.40529174,7.0111184,7.1005607,0.0,1.0,1.0,1.0
7370,0.40529174,6.995285,7.082113,0.0,1.0,1.0,1.0
7371,0.38651365,6.9508824,7.0871186,0.0,1.0,1.0,1.0
7372,0.38651365,6.937434,7.108772,0.0,1.0,1.0,1.0
7373,0.38651365,6.96917,7.1492023,0.0,1.0,1.0,1.0
7374,0.38651365,7.1300163,7.1941113,0.0,1.0,1.0,1.0
7375,0.38651365,7.20116,7.239927,0.0,1.0,1.0,1.0
7376,0.3677211,7.2891355,7.2857585,0.0,1.0,1.0,1.0
7377,0.3677211,7.4719787,7.320357,0.0,1.0,1.0,1.0
7378,0.3677211,7.633503,7.35833,0.0,1.0,1.0,1.0
7379,0.3489139,7.6980014,7.393516,0.0,1.0,1.0,1.0
7380,0.3489139,7.591439,7.4282794,0.0,1.0,1.0,1.0
7381,0.3489139,7.5610986,7.450231,0.0,1.0,1.0,1.0
7382,0.3489139,7.4104643,7.470501,0.0,1.0,1.0,1.0
7383,0.33009177,7.406559,7.4854474,0.0,1.0,1.0,1.0
7384,0.33009177,7.3596683,7.4886394,0.0,1.0,1.0,1.0
7385,0.33009177,7.386328,7.473909,0.0,1.0,1.0,1.0
7386,0.31125447,7.393436,7.456312,0.0,1.0,1.0,1.0
7387,0.31125447,7.4443994,7.451324,0.0,1.0,1.0,1.0
7388,0.31125447,7.468491,7.439916,0.0,1.0,1.0,1.0
7389,0.31125447,7.5102854,7.4323583,0.0,1.0,1.0,1.0
7390,0.2924017,7.456738,7.42692,0.0,1.0,1.0,1.0
7391,0.2924017,7.4868417,7.438977,0.0,1.0,1.0,1.0
7392,0.2924017,7.5315757,7.4535103,0.0,1.0,1.0,1.0
7393,0.27353325,7.424205,7.48016,0.0,1.0,1.0,1.0
7394,0.27353325,7.319771,7.5026493,0.0,1.0,1.0,1.0
7395,0.27353325,7.3413,7.525926,0.0,1.0,1.0,1.0
7396,0.27353325,7.50435,7.543044,0.0,1.0,1.0,1.0
7397,0.27353325,7.560731,7.5618367,0.0,1.0,1.0,1.0
7398,0.2924017,7.713235,7.57193,0.0,1.0,1.0,1.0
7399,0.2924017,7.7142696,7.5706816,0.0,1.0,1.0,1.0
7400,0.2924017,7.7478127,7.578829,0.0,1.0,1.0,1.0
7401,0.2924017,7.7156997,7.593535,0.0,1.0,1.0,1.0
7402,0.31125447,7.682248,7.6061296,0.0,1.0,1.0,1.0
7403,0.31125447,7.607963,7.6022277,0.0,1.0,1.0,1.0
7404,0.31125447,7.5165925,7.5852118,0.0,1.0,1.0,1.0
7405,0.33009177,7.521976,7.558939,0.0,1.0,1.0,1.0
7406,0.33009177,7.496244,7.5312414,0.0,1.0,1.0,1.0
7407,0.33009177,7.4924335,7.500203,0.0,1.0,1.0,1.0
7408,0.3489139,7.4575286,7.462807,0.0,1.0,1.0,1.0
7409,0.3489139,7.3565364,7.4296017,0.0,1.0,1.0,1.0
7410,0.3677211,7.3979607,7.3944707,0.0,1.0,1.0,1.0
7411,0.3677211,7.3819036,7.3689723,0.0,1.0,1.0,1.0
7412,0.3677211,7.37535,7.343877,0.0,1.0,1.0,1.0
7413,0.3677211,7.26695,7.320882,0.0,1.0,1.0,1.0
7414,0.38651365,7.283782,7.2944055,0.0,1.0,1.0,1.0
7415,0.38651365,7.186391,7.2740088,0.0,1.0,1.0,1.0
7416,0.38651365,7.2106123,7.2636886,0.0,1.0,1.0,1.0
7417,0.38651365,7.2208285,7.2534094,0.0,1.0,1.0,1.0
7418,0.40529174,7.2203035,7.2358875,0.0,1.0,1.0,1.0
7419,0.40529174,7.1747203,7.2239923,0.0,1.0,1.0,1.0
7420,0.40529174,7.212768,7.2239738,0.0,1.0,1.0,1.0
7421,0.40529174,7.232694,7.211182,0.0,1.0,1.0,1.0
7422,0.40529174,7.2746096,7.2011285,0.0,1.0,1.0,1.0
7423,0.40529174,7.1716394,7.1844845,0.0,1.0,1.0,1.0
7424,0.40529174,7.2326097,7.1668673,0.0,1.0,1.0,1.0
7425,0.42405567,7.266727,7.1404185,0.0,1.0,1.0,1.0
7426,0.42405567,7.1302814,7.117421,0.0,1.0,1.0,1.0
7427,0.42405567,7.0657487,7.081062,0.0,1.0,1.0,1.0
7428,0.42405567,7.0108805,7.034379,0.0,1.0,1.0,1.0
7429,0.42405567,7.009422,6.975921,0.0,1.0,1.0,1.0
7430,0.42405567,6.9029226,6.923403,0.0,1.0,1.0,1.0
7431,0.42405567,6.89875,6.8608375,0.0,1.0,1.0,1.0
7432,0.42405567,6.776458,6.783397,0.0,1.0,1.0,1.0
7433,0.42405567,6.6724973,6.711467,0.0,1.0,1.0,1.0
7434,0.42405567,6.5731187,6.6516333,0.0,1.0,1.0,1.0
7435,0.42405567,6.5414166,6.5892653,0.0,1.0,1.0,1.0
7436,0.42405567,6.481827,6.530681,0.0,1.0,1.0,1.0
7437,0.42405567,6.337447,6.48955,0.0,1.0,1.0,1.0
7438,0.42405567,6.2671146,6.4514203,0.0,1.0,1.0,1.0
7439,0.42405567,6.347743,6.431734,0.0,1.0,1.0,1.0
7440,0.42405567,6.262468,6.437592,0.0,1.0,1.0,1.0
7441,0.42405567,6.3064117,6.4694533,0.0,1.0,1.0,1.0
7442,0.42405567,6.409349,6.522924,0.0,1.0,1.0,1.0
7443,0.42405567,6.441191,6.599242,0.0,1.0,1.0,1.0
7444,0.42405567,6.540224,6.70783,0.0,1.0,1.0,1.0
7445,0.42405567,6.7427955,6.853229,0.0,1.0,1.0,1.0
7446,0.42405567,6.9554515,7.0134125,0.0,1.0,1.0,1.0
7447,0.42405567,7.183063,7.197454,0.0,1.0,1.0,1.0
7448,0.42405567,7.397646,7.3902,0.0,1.0,1.0,1.0
7449,0.42405567,7.6405005,7.5782638,0.0,1.0,1.0,1.0
7450,0.42405567,8.011904,7.7675505,0.0,1.0,1.0,1.0
7451,0.42405567,8.269946,7.950194,0.0,1.0,1.0,1.0
7452,0.42405567,8.4709635,8.11936,0.0,1.0,1.0,1.0
7453,0.42405567,8.619368,8.315266,0.0,1.0,1.0,1.0
7454,0.42405567,8.666115,8.53928,0.0,1.0,1.0,1.0
7455,0.42405567,8.712631,8.786377,0.0,1.0,1.0,1.0
7456,0.42405567,8.731945,9.048911,0.0,1.0,1.0,1.0
7457,0.42405567,8.772786,9.31533,0.0,1.0,1.0,1.0
7458,0.42405567,9.306318,9.594889,0.0,1.0,1.0,1.0
7459,0.40529174,9.871239,9.893629,0.0,1.0,1.0,1.0
7460,0.40529174,10.36281,10.213589,0.0,1.0,1.0,1.0
7461,0.40529174,10.790907,10.553246,0.0,1.0,1.0,1.0
7462,0.40529174,11.208931,10.921661,0.0,1.0,1.0,1.0
7463,0.40529174,11.624647,11.323153,0.0,1.0,1.0,1.0
7464,0.40529174,12.055855,11.75906,1.0,1.0,1.0,1.0
7465,0.40529174,12.458877,12.190685,1.0,1.0,1.0,1.0
7466,0.38651365,12.742003,12.616237,1.0,1.0,1.0,1.0
7467,0.38651365,13.133622,13.044683,1.0,1.0,1.0,1.0
7468,0.38651365,13.549831,13.478774,1.0,1.0,1.0,1.0
7469,0.38651365,14.003675,13.87803,1.0,1.0,1.0,1.0
7470,0.38651365,14.48582,14.242642,1.0,1.0,1.0,1.0
7471,0.38651365,14.977866,14.5713215,1.0,1.0,1.0,1.0
7472,0.3677211,15.504162,14.866415,1.0,1.0,1.0,1.0
7473,0.3677211,16.0,15.137915,1.0,1.0,1.0,1.0
7474,0.3677211,16.0,15.37678,1.0,1.0,1.0,1.0
7475,0.3677211,16.0,15.58096,1.0,1.0,1.0,1.0
7476,0.3489139,16.0,15.747321,1.0,1.0,1.0,1.0
7477,0.3489139,16.0,15.873503,1.0,1.0,1.0,1.0
7478,0.3489139,16.0,15.95868,1.0,1.0,1.0,1.0
7479,0.3489139,16.0,16.0,1.0,1.0,1.0,1.0
7480,0.33009177,16.0,16.0,1.0,1.0,1.0,1.0
7481,0.33009177,16.0,16.0,1.0,1.0,1.0,1.0
7482,0.33009177,16.0,16.0,1.0,1.0,1.0,1.0
7483,0.31125447,16.0,16.0,1.0,1.0,1.0,1.0
7484,0.31125447,16.0,16.0,1.0,1.0,1.0,1.0
7485,0.31125447,16.0,16.0,1.0,1.0,1.0,1.0
7486,0.31125447,16.0,15.956609,1.0,1.0,1.0,1.0
7487,0.2924017,16.0,15.8639765,1.0,1.0,1.0,1.0
7488,0.2924017,16.0,15.723409,1.0,1.0,1.0,1.0
7489,0.2924017,16.0,15.536383,1.0,1.0,1.0,1.0
7490,0.2924017,16.0,15.304394,1.0,1.0,1.0,1.0
7491,0.27353325,15.4793,15.027276,1.0,1.0,1.0,1.0
7492,0.27353325,14.888414,14.703183,1.0,1.0,1.0,1.0
7493,0.27353325,14.313188,14.3286495,1.0,1.0,1.0,1.0
7494,0.27353325,13.755691,13.903396,1.0,1.0,1.0,1.0
7495,0.27353325,13.216127,13.428102,1.0,1.0,1.0,1.0
7496,0.27353325,12.67459,12.902451,1.0,1.0,1.0,1.0
7497,0.2924017,12.110892,12.324829,1.0,1.0,1.0,1.0
7498,0.2924017,11.505595,11.738314,1.0,1.0,1.0,1.0
7499,0.2924017,10.896947,11.150831,0.0,1.0,1.0,1.0
7500,0.2924017,10.296475,10.56312,0.0,1.0,1.0,1.0
7501,0.31125447,9.692192,9.973426,0.0,1.0,1.0,1.0
7502,0.31125447,9.068535,9.422682,0.0,1.0,1.0,1.0
7503,0.31125447,8.4411125,8.9137945,0.0,1.0,1.0,1.0
7504,0.33009177,7.8386335,8.4512615,0.0,1.0,1.0,1.0
7505,0.33009177,7.2606506,8.032835,0.0,1.0,1.0,1.0
7506,0.3489139,6.6793575,7.6559134,0.0,1.0,1.0,1.0
7507,0.3489139,6.6072006,7.3215938,0.0,1.0,1.0,1.0
7508,0.3489139,6.567937,7.032054,0.0,1.0,1.0,1.0
7509,0.3489139,6.5605063,6.8007283,0.0,1.0,1.0,1.0
7510,0.3677211,6.4844685,6.630739,0.0,1.0,1.0,1.0
7511,0.3677211,6.373893,6.5208287,0.0,1.0,1.0,1.0
7512,0.3677211,6.2846403,6.4688706,0.0,1.0,1.0,1.0
7513,0.38651365,6.217715,6.4771934,0.0,1.0,1.0,1.0
7514,0.38651365,6.2926245,6.491475,0.0,1.0,1.0,1.0
7515,0.38651365,6.401242,6.505557,0.0,1.0,1.0,1.0
7516,0.38651365,6.5197086,6.5151725,0.0,1.0,1.0,1.0
7517,0.38651365,6.6371527,6.526379,0.0,1.0,1.0,1.0
7518,0.38651365,6.779233,6.542561,0.0,1.0,1.0,1.0
7519,0.38651365,6.7785816,6.564624,0.0,1.0,1.0,1.0
7520,0.40529174,6.736921,6.586463,0.0,1.0,1.0,1.0
7521,0.40529174,6.675892,6.6015925,0.0,1.0,1.0,1.0
7522,0.40529174,6.6189466,6.60825,0.0,1.0,1.0,1.0
7523,0.40529174,6.568074,6.602794,0.0,1.0,1.0,1.0
7524,0.40529174,6.549397,6.586757,0.0,1.0,1.0,1.0
7525,0.40529174,6.4797845,6.551632,0.0,1.0,1.0,1.0
7526,0.42405567,6.4741783,6.51821,0.0,1.0,0.0,1.0
7527,0.42405567,6.481135,6.4749064,0.0,1.0,0.0,1.0
7528,0.42405567,6.454236,6.428128,0.0,1.0,0.0,1.0
7529,0.42405567,6.444705,6.3736587,0.0,1.0,0.0,1.0
7530,0.42405567,6.357733,6.322383,0.0,1.0,1.0,1.0
7531,0.42405567,6.3775196,6.2788887,0.0,1.0,1.0,1.0
7532,0.42405567,6.217274,6.2415457,0.0,1.0,1.0,1.0
7533,0.42405567,6.11455,6.209835,0.0,1.0,1.0,1.0
7534,0.42405567,5.9653172,6.205044,0.0,1.0,1.0,1.0
7535,0.42405567,5.952767,6.214182,0.0,1.0,1.0,1.0
7536,0.42405567,6.0274673,6.242236,0.0,1.0,1.0,1.0
7537,0.42405567,6.0316668,6.312427,0.0,1.0,1.0,1.0
7538,0.42405567,6.0936484,6.398249,0.0,1.0,1.0,1.0
7539,0.42405567,6.423641,6.5229445,0.0,1.0,1.0,1.0
7540,0.42405567,6.563892,6.6771216,0.0,1.0,1.0,1.0
7541,0.42405567,6.781356,6.8690066,0.0,1.0,1.0,1.0
7542,0.42405567,7.2000227,7.070039,0.0,1.0,1.0,1.0
7543,0.42405567,7.407387,7.2879543,0.0,1.0,1.0,1.0
7544,0.42405567,7.7136164,7.5266223,0.0,1.0,1.0,1.0
7545,0.42405567,7.9646764,7.786695,0.0,1.0,1.0,1.0
7546,0.42405567,8.26794,8.043039,0.0,1.0,1.0,1.0
7547,0.42405567,8.36515,8.305059,0.0,1.0,1.0,1.0
7548,0.42405567,8.642457,8.572435,0.0,1.0,1.0,1.0
7549,0.42405567,8.8956785,8.823673,0.0,1.0,1.0,1.0
7550,0.42405567,9.214524,9.053053,0.0,1.0,1.0,1.0
7551,0.42405567,9.499768,9.269294,0.0,1.0,1.0,1.0
7552,0.42405567,9.70814,9.466959,0.0,1.0,1.0,1.0
7553,0.42405567,9.989861,9.621497,0.0,1.0,1.0,1.0
7554,0.42405567,10.214878,9.769519,0.0,1.0,1.0,1.0
7555,0.42405567,10.1599455,9.888166,0.0,1.0,1.0,1.0
7556,0.44280565,10.308501,9.981858,0.0,1.0,1.0,1.0
7557,0.44280565,10.33667,10.039701,0.0,1.0,1.0,1.0
7558,0.44280565,10.122387,10.069966,0.0,1.0,1.0,1.0
7559,0.44280565,10.14142,10.077411,0.0,1.0,1.0,1.0
7560,0.46154195,10.066217,10.048261,0.0,1.0,1.0,1.0
7561,0.46154195,10.019987,9.987982,0.0,1.0,1.0,1.0
7562,0.46154195,9.908642,9.921826,0.0,1.0,1.0,1.0
7563,0.46154195,9.862948,9.832243,0.0,1.0,1.0,1.0
7564,0.4802648,9.797475,9.727959,0.0,1.0,1.0,1.0
7565,0.4802648,9.640062,9.628006,0.0,1.0,1.0,1.0
7566,0.4802648,9.491522,9.513358,0.0,1.0,1.0,1.0
7567,0.4802648,9.366082,9.394571,0.0,1.0,1.0,1.0
7568,0.4802648,9.233501,9.2687235,0.0,1.0,1.0,1.0
7569,0.4802648,9.085259,9.144754,0.0,1.0,1.0,1.0
7570,0.49897447,8.922955,9.013546,0.0,1.0,1.0,1.0
7571,0.4802648,8.765648,8.878875,0.0,1.0,1.0,1.0
7572,0.4802648,8.640769,8.750379,0.0,1.0,1.0,1.0
7573,0.4802648,8.509815,8.627186,0.0,1.0,1.0,1.0
7574,0.4802648,8.421015,8.505489,0.0,1.0,1.0,1.0
7575,0.4802648,8.288451,8.388434,0.0,1.0,1.0,1.0
7576,0.4802648,8.181415,8.281012,0.0,1.0,1.0,1.0
7577,0.4802648,8.098114,8.180991,0.0,1.0,1.0,1.0
7578,0.4802648,8.01321,8.09035,0.0,1.0,1.0,1.0
7579,0.4802648,7.9057198,8.005756,0.0,1.0,1.0,1.0
7580,0.4802648,7.828839,7.9295197,0.0,1.0,1.0,1.0
7581,0.4802648,7.796191,7.858452,0.0,1.0,1.0,1.0
7582,0.46154195,7.7227044,7.7891884,0.0,1.0,1.0,1.0
7583,0.46154195,7.677957,7.7197413,0.0,1.0,1.0,1.0
7584,0.46154195,7.625642,7.656607,0.0,1.0,1.0,1.0
7585,0.46154195,7.59498,7.596117,0.0,1.0,1.0,1.0
7586,0.46154195,7.5681977,7.539705,0.0,1.0,1.0,1.0
7587,0.44280565,7.457291,7.4936423,0.0,1.0,1.0,1.0
7588,0.44280565,7.348051,7.453546,0.0,1.0,1.0,1.0
7589,0.44280565,7.340504,7.418163,0.0,1.0,1.0,1.0
7590,0.44280565,7.287327,7.395577,0.0,1.0,1.0,1.0
7591,0.44280565,7.2287745,7.385144,0.0,1.0,1.0,1.0
7592,0.44280565,7.2760887,7.38245,0.0,1.0,1.0,1.0
7593,0.44280565,7.3150377,7.388238,0.0,1.0,1.0,1.0
7594,0.44280565,7.2981057,7.407991,0.0,1.0,1.0,1.0
7595,0.46154195,7.406925,7.447763,0.0,1.0,1.0,1.0
7596,0.46154195,7.500448,7.4979796,0.0,1.0,1.0,1.0
7597,0.46154195,7.562649,7.5617094,0.0,1.0,1.0,1.0
7598,0.4802648,7.6376543,7.649502,0.0,1.0,1.0,1.0
7599,0.4802648,7.694329,7.753793,0.0,1.0,1.0,1.0
7600,0.4802648,7.8253136,7.8663993,0.0,1.0,1.0,1.0
7601,0.4802648,7.9431043,7.995269,0.0,1.0,1.0,1.0
7602,0.49897447,8.052084,8.127803,0.0,1.0,1.0,1.0
7603,0.49897447,8.282282,8.247181,0.0,1.0,1.0,1.0
7604,0.49897447,8.527582,8.363928,0.0,1.0,1.0,1.0
7605,0.51767117,8.666315,8.471946,0.0,1.0,1.0,1.0
7606,0.51767117,8.844537,8.569291,0.0,1.0,1.0,1.0
7607,0.51767117,8.997338,8.647644,0.0,1.0,1.0,1.0
7608,0.51767117,8.932985,8.7099905,0.0,1.0,1.0,1.0
7609,0.51767117,8.963613,8.755352,0.0,1.0,1.0,1.0
7610,0.51767117,8.933868,8.772997,0.0,1.0,1.0,1.0
7611,0.53635514,8.862472,8.757604,0.0,1.0,1.0,1.0
7612,0.53635514,8.765543,8.716392,0.0,1.0,1.0,1.0
7613,0.53635514,8.691268,8.645279,0.0,1.0,1.0,1.0
7614,0.53635514,8.5964155,8.546751,0.0,1.0,1.0,1.0
7615,0.53635514,8.494024,8.4321575,0.0,1.0,1.0,1.0
7616,0.53635514,8.34286,8.2975235,0.0,1.0,1.0,1.0
7617,0.53635514,8.171775,8.146948,0.0,1.0,1.0,1.0
7618,0.53635514,7.9911814,7.9880595,0.0,1.0,1.0,1.0
7619,0.53635514,7.8150067,7.8304386,0.0,1.0,1.0,1.0
7620,0.53635514,7.5578694,7.6629686,0.0,1.0,1.0,1.0
7621,0.53635514,7.347997,7.496109,0.0,1.0,1.0,1.0
7622,0.53635514,7.1269584,7.325207,0.0,1.0,1.0,1.0
7623,0.53635514,6.955813,7.155588,0.0,1.0,1.0,1.0
7624,0.53635514,6.8740964,6.991165,0.0,1.0,1.0,1.0
7625,0.53635514,6.681624,6.8333325,0.0,1.0,0.0,1.0
7626,0.5550267,6.594105,6.6935987,0.0,1.0,0.0,1.0
7627,0.5550267,6.4432,6.573798,0.0,1.0,0.0,1.0
7628,0.5550267,6.3074336,6.4717727,0.0,1.0,0.0,1.0
7629,0.5550267,6.1986957,6.386252,0.0,1.0,0.0,1.0
7630,0.5550267,6.097193,6.310767,0.0,1.0,0.0,1.0
7631,0.5550267,6.1381984,6.23815,0.0,1.0,0.0,1.0
7632,0.5550267,6.120267,6.1777563,0.0,1.0,1.0,1.0
7633,0.5550267,6.1236887,6.1200542,0.0,1.0,1.0,1.0
7634,0.5550267,6.100708,6.075969,0.0,1.0,1.0,1.0
7635,0.5550267,6.0499964,6.038221,0.0,1.0,1.0,1.0
7636,0.5550267,6.002693,6.0110664,0.0,1.0,1.0,1.0
7637,0.5550267,5.956896,5.994387,0.0,1.0,1.0,1.0
7638,0.5550267,5.9016843,5.9779043,0.0,1.0,1.0,1.0
7639,0.5550267,5.914176,5.965532,0.0,1.0,1.0,1.0
7640,0.5550267,5.854456,5.955597,0.0,1.0,1.0,1.0
7641,0.5550267,5.872841,5.951283,0.0,1.0,1.0,1.0
7642,0.5550267,5.897039,5.941128,0.0,1.0,1.0,1.0
7643,0.53635514,5.940409,5.9360437,0.0,1.0,1.0,1.0
7644,0.53635514,5.9717946,5.9338813,0.0,1.0,1.0,1.0
7645,0.53635514,6.004468,5.9433455,0.0,1.0,1.0,1.0
7646,0.53635514,6.048944,5.9576707,0.0,1.0,1.0,1.0
7647,0.53635514,5.9281335,5.98551,0.0,1.0,1.0,1.0
7648,0.53635514,5.9416814,6.018441,0.0,1.0,1.0,1.0
7649,0.53635514,5.9309516,6.0593734,0.0,1.0,1.0,1.0
7650,0.53635514,6.0152545,6.1006155,0.0,1.0,1.0,1.0
7651,0.53635514,6.086077,6.149594,0.0,1.0,1.0,1.0
7652,0.53635514,6.188527,6.1989737,0.0,1.0,1.0,1.0
7653,0.53635514,6.268013,6.25049,0.0,1.0,1.0,1.0
7654,0.53635514,6.388229,6.315804,0.0,1.0,1.0,1.0
7655,0.51767117,6.435315,6.385423,0.0,1.0,1.0,1.0
7656,0.51767117,6.55953,6.461994,0.0,1.0,1.0,1.0
7657,0.51767117,6.59703,6.537811,0.0,1.0,1.0,1.0
7658,0.51767117,6.66714,6.615991,0.0,1.0,1.0,1.0
7659,0.51767117,6.7119017,6.6892877,0.0,1.0,1.0,1.0
7660,0.51767117,6.7771077,6.755994,0.0,1.0,1.0,1.0
7661,0.49897447,6.8498044,6.8152266,0.0,1.0,1.0,1.0
7662,0.49897447,6.925057,6.865002,0.0,1.0,1.0,1.0
7663,0.49897447,7.024238,6.9059486,0.0,1.0,1.0,1.0
7664,0.49897447,7.068088,6.94727,0.0,1.0,1.0,1.0
7665,0.49897447,7.0684834,6.982987,0.0,1.0,1.0,1.0
7666,0.49897447,7.0990205,7.009102,0.0,1.0,1.0,1.0
7667,0.4802648,7.0326233,7.0309854,0.0,1.0,1.0,1.0
7668,0.4802648,7.0508885,7.0511465,0.0,1.0,1.0,1.0
7669,0.4802648,7.0928884,7.0614214,0.0,1.0,1.0,1.0
7670,0.4802648,7.0957417,7.060783,0.0,1.0,1.0,1.0
7671,0.4802648,7.025282,7.053412,0.0,1.0,1.0,1.0
7672,0.46154195,7.0397086,7.037096,0.0,1.0,1.0,1.0
7673,0.46154195,7.091736,7.012987,0.0,1.0,1.0,1.0
7674,0.46154195,7.0483584,6.9900017,0.0,1.0,1.0,1.0
7675,0.44280565,7.016574,6.9600277,0.0,1.0,1.0,1.0
7676,0.44280565,6.979641,6.9300632,0.0,1.0,1.0,1.0
7677,0.44280565,6.8726892,6.8956027,0.0,1.0,1.0,1.0
7678,0.44280565,6.8097157,6.8712683,0.0,1.0,1.0,1.0
7679,0.44280565,6.7567997,6.8416114,0.0,1.0,1.0,1.0
7680,0.42405567,6.691198,6.8063765,0.0,1.0,1.0,1.0
7681,0.42405567,6.7333136,6.765995,0.0,1.0,1.0,1.0
7682,0.42405567,6.6822143,6.7300825,0.0,1.0,1.0,1.0
7683,0.40529174,6.73327,6.694133,0.0,1.0,1.0,1.0
7684,0.40529174,6.683828,6.6602407,0.0,1.0,1.0,1.0
7685,0.40529174,6.6689134,6.6347756,0.0,1.0,1.0,1.0
7686,0.40529174,6.5637827,6.6190677,0.0,1.0,1.0,1.0
7687,0.38651365,6.5856247,6.6091022,0.0,1.0,1.0,1.0
7688,0.38651365,6.5482435,6.601954,0.0,1.0,1.0,1.0
7689,0.38651365,6.465984,6.602219,0.0,1.0,1.0,1.0
7690,0.38651365,6.504136,6.596577,0.0,1.0,1.0,1.0
7691,0.40529174,6.568304,6.5989156,0.0,1.0,1.0,1.0
7692,0.40529174,6.57161,6.6014113,0.0,1.0,1.0,1.0
7693,0.40529174,6.647535,6.614357,0.0,1.0,1.0,1.0
7694,0.40529174,6.6853976,6.6259413,0.0,1.0,1.0,1.0
7695,0.40529174,6.6655684,6.641348,0.0,1.0,1.0,1.0
7696,0.42405567,6.7118907,6.6616836,0.0,1.0,1.0,1.0
7697,0.42405567,6.6988587,6.6846166,0.0,1.0,1.0,1.0
7698,0.42405567,6.719132,6.702261,0.0,1.0,1.0,1.0
7699,0.44280565,6.724634,6.7182775,0.0,1.0,1.0,1.0
7700,0.44280565,6.733122,6.732312,0.0,1.0,1.0,1.0
7701,0.44280565,6.7100143,6.7394624,0.0,1.0,1.0,1.0
7702,0.44280565,6.7793303,6.743953,0.0,1.0,1.0,1.0
7703,0.46154195,6.78004,6.7460093,0.0,1.0,1.0,1.0
7704,0.46154195,6.763806,6.7455163,0.0,1.0,1.0,1.0
7705,0.46154195,6.815951,6.741659,0.0,1.0,1.0,1.0
7706,0.4802648,6.771204,6.7453327,0.0,1.0,1.0,1.0
7707,0.4802648,6.719455,6.7417397,0.0,1.0,1.0,1.0
7708,0.4802648,6.7365675,6.7335997,0.0,1.0,1.0,1.0
7709,0.4802648,6.6929393,6.7135777,0.0,1.0,1.0,1.0
7710,0.4802648,6.672845,6.6878104,0.0,1.0,1.0,1.0
7711,0.4802648,6.768722,6.659812,0.0,1.0,1.0,1.0
7712,0.49897447,6.6900043,6.622694,0.0,1.0,1.0,1.0
7713,0.49897447,6.612331,6.5883574,0.0,1.0,1.0,1.0
7714,0.49897447,6.539067,6.5585365,0.0,1.0,1.0,1.0
7715,0.49897447,6.4708333,6.526062,0.0,1.0,1.0,1.0
7716,0.49897447,6.427822,6.4920607,0.0,1.0,1.0,1.0
7717,0.51767117,6.370536,6.4574747,0.0,1.0,1.0,1.0
7718,0.51767117,6.359166,6.4139357,0.0,1.0,1.0,1.0
7719,0.51767117,6.3616066,6.372431,0.0,1.0,1.0,1.0
7720,0.51767117,6.346874,6.337025,0.0,1.0,1.0,1.0
7721,0.53635514,6.28492,6.3045335,0.0,1.0,1.0,1.0
7722,0.53635514,6.257815,6.2697897,0.0,1.0,1.0,1.0
7723,0.53635514,6.24625,6.237908,0.0,1.0,1.0,1.0
7724,0.53635514,6.1919465,6.212195,0.0,1.0,1.0,1.0
7725,0.53635514,6.1874657,6.1836457,0.0,1.0,1.0,1.0
7726,0.53635514,6.1491666,6.156697,0.0,1.0,1.0,1.0
7727,0.53635514,6.053905,6.1310024,0.0,1.0,1.0,1.0
7728,0.53635514,6.0452414,6.112503,0.0,1.0,1.0,1.0
7729,0.53635514,6.0619807,6.0956416,0.0,1.0,1.0,1.0
7730,0.53635514,6.0165787,6.08246,0.0,1.0,1.0,1.0
7731,0.53635514,6.0382185,6.073582,0.0,1.0,1.0,1.0
7732,0.53635514,6.038542,6.069671,0.0,1.0,1.0,1.0
7733,0.5550267,6.0629272,6.0751266,0.0,1.0,1.0,1.0
7734,0.5550267,6.055477,6.0910993,0.0,1.0,1.0,1.0
7735,0.5550267,6.0880685,6.107547,0.0,1.0,1.0,1.0
7736,0.5550267,6.085414,6.130075,0.0,1.0,1.0,1.0
7737,0.57368594,6.1405354,6.1681,0.0,1.0,1.0,1.0
7738,0.57368594,6.2146316,6.1985626,0.0,1.0,1.0,1.0
7739,0.57368594,6.245578,6.225069,0.0,1.0,1.0,1.0
7740,0.59233326,6.242611,6.2441425,0.0,1.0,1.0,1.0
7741,0.59233326,6.332316,6.2619834,0.0,1.0,1.0,1.0
7742,0.59233326,6.472878,6.2722206,0.0,1.0,1.0,1.0
7743,0.61096877,6.4037747,6.27708,0.0,1.0,1.0,1.0
7744,0.61096877,6.356618,6.2722073,0.0,1.0,1.0,1.0
7745,0.61096877,6.2918077,6.2560787,0.0,1.0,1.0,1.0
7746,0.6295927,6.269568,6.230427,0.0,1.0,1.0,1.0
7747,0.6295927,6.210914,6.20159,0.0,1.0,1.0,1.0
7748,0.6295927,6.143731,6.1601906,0.0,1.0,1.0,1.0
7749,0.6295927,6.0820603,6.101945,0.0,1.0,1.0,1.0
7750,0.64820546,6.021091,6.0442705,0.0,1.0,1.0,1.0
7751,0.64820546,5.937754,5.9905972,0.0,1.0,1.0,1.0
7752,0.64820546,5.8965697,5.936037,0.0,1.0,1.0,1.0
7753,0.64820546,5.835521,5.8731933,0.0,1.0,1.0,1.0
7754,0.64820546,5.773932,5.82141,0.0,1.0,1.0,1.0
7755,0.64820546,5.711677,5.7809916,0.0,1.0,1.0,1.0
7756,0.64820546,5.7125425,5.7533207,0.0,1.0,1.0,1.0
7757,0.64820546,5.6370835,5.7404466,0.0,1.0,1.0,1.0
7758,0.64820546,5.5154424,5.742941,0.0,1.0,1.0,1.0
7759,0.64820546,5.589517,5.757167,0.0,1.0,1.0,1.0
7760,0.64820546,5.658707,5.78504,0.0,1.0,1.0,1.0
7761,0.64820546,5.7500105,5.827798,0.0,1.0,1.0,1.0
7762,0.64820546,5.866603,5.8838544,0.0,1.0,1.0,1.0
7763,0.64820546,5.967683,5.9391627,0.0,1.0,1.0,1.0
7764,0.64820546,6.067286,6.008859,0.0,1.0,1.0,1.0
7765,0.64820546,6.169996,6.089351,0.0,1.0,1.0,1.0
7766,0.64820546,6.2870245,6.1696305,0.0,1.0,1.0,1.0
7767,0.64820546,6.3843584,6.244006,0.0,1.0,1.0,1.0
7768,0.64820546,6.3762403,6.3083982,0.0,1.0,1.0,1.0
7769,0.6295927,6.473442,6.3642764,0.0,1.0,1.0,1.0
7770,0.6295927,6.4813457,6.415655,0.0,1.0,1.0,1.0
7771,0.6295927,6.552872,6.4569464,0.0,1.0,1.0,1.0
7772,0.6295927,6.551215,6.489352,0.0,1.0,1.0,1.0
7773,0.6295927,6.522711,6.5090103,0.0,1.0,1.0,1.0
7774,0.61096877,6.5371447,6.5226574,0.0,1.0,1.0,1.0
7775,0.61096877,6.584229,6.535602,0.0,1.0,1.0,1.0
7776,0.61096877,6.562778,6.5415573,0.0,1.0,1.0,1.0
7777,0.59233326,6.558865,6.5454574,0.0,1.0,1.0,1.0
7778,0.59233326,6.5229206,6.534452,0.0,1.0,1.0,1.0
7779,0.59233326,6.548128,6.5245667,0.0,1.0,1.0,1.0
7780,0.59233326,6.5315757,6.5034733,0.0,1.0,1.0,1.0
7781,0.57368594,6.544905,6.4756885,0.0,1.0,1.0,1.0
7782,0.57368594,6.528143,6.437393,0.0,1.0,1.0,1.0
7783,0.57368594,6.4208093,6.3982687,0.0,1.0,1.0,1.0
7784,0.5550267,6.4325914,6.36031,0.0,1.0,1.0,1.0
7785,0.5550267,6.2695885,6.3210497,0.0,1.0,1.0,1.0
7786,0.5550267,6.2037296,6.2714057,0.0,1.0,1.0,1.0
7787,0.53635514,6.124686,6.2252088,0.0,1.0,1.0,1.0
7788,0.53635514,6.0932817,6.1722255,0.0,1.0,1.0,1.0
7789,0.53635514,6.1033597,6.1151977,0.0,1.0,1.0,1.0
7790,0.53635514,6.051796,6.060975,0.0,1.0,1.0,1.0
7791,0.51767117,5.952401,6.0071297,0.0,1.0,1.0,1.0
7792,0.51767117,5.9772134,5.9589596,0.0,1.0,1.0,1.0
7793,0.51767117,5.909109,5.916972,0.0,1.0,1.0,1.0
7794,0.51767117,5.843809,5.8868,0.0,1.0,1.0,1.0
7795,0.51767117,5.7701364,5.863218,0.0,1.0,1.0,1.0
7796,0.49897447,5.7864466,5.8525753,0.0,1.0,1.0,1.0
7797,0.49897447,5.691549,5.8602724,0.0,1.0,1.0,1.0
7798,0.49897447,5.6998763,5.8803306,0.0,1.0,1.0,1.0
7799,0.49897447,5.7626185,5.9061065,0.0,1.0,1.0,1.0
7800,0.49897447,5.810296,5.94325,0.0,1.0,1.0,1.0
7801,0.49897447,5.975651,5.9932985,0.0,1.0,1.0,1.0
7802,0.49897447,6.144163,6.061497,0.0,1.0,1.0,1.0
7803,0.49897447,6.1931014,6.136052,0.0,1.0,1.0,1.0
7804,0.49897447,6.2865243,6.228738,0.0,1.0,1.0,1.0
7805,0.49897447,6.3548284,6.3362784,0.0,1.0,1.0,1.0
7806,0.49897447,6.4443893,6.445668,0.0,1.0,1.0,1.0
7807,0.49897447,6.588524,6.5552855,0.0,1.0,1.0,1.0
7808,0.49897447,6.681105,6.662542,0.0,1.0,1.0,1.0
7809,0.49897447,6.8037777,6.759144,0.0,1.0,1.0,1.0
7810,0.49897447,6.990365,6.8598456,0.0,1.0,1.0,1.0
7811,0.49897447,7.0752964,6.956846,0.0,1.0,1.0,1.0
7812,0.49897447,7.1257005,7.045087,0.0,1.0,1.0,1.0
7813,0.49897447,7.262727,7.1227336,0.0,1.0,1.0,1.0
7814,0.49897447,7.303388,7.1893063,0.0,1.0,1.0,1.0
7815,0.49897447,7.4015245,7.247197,0.0,1.0,1.0,1.0
7816,0.49897447,7.4505267,7.2934704,0.0,1.0,1.0,1.0
7817,0.49897447,7.413719,7.3215632,0.0,1.0,1.0,1.0
7818,0.49897447,7.376147,7.338532,0.0,1.0,1.0,1.0
7819,0.49897447,7.387401,7.3467484,0.0,1.0,1.0,1.0
7820,0.51767117,7.375796,7.34226,0.0,1.0,1.0,1.0
7821,0.51767117,7.359053,7.3289423,0.0,1.0,1.0,1.0
7822,0.51767117,7.327482,7.3072996,0.0,1.0,1.0,1.0
7823,0.51767117,7.278921,7.280395,0.0,1.0,1.0,1.0
7824,0.51767117,7.2242928,7.253471,0.0,1.0,1.0,1.0
7825,0.51767117,7.208869,7.227254,0.0,1.0,1.0,1.0
7826,0.51767117,7.143576,7.1982007,0.0,1.0,1.0,1.0
7827,0.51767117,7.14181,7.1752853,0.0,1.0,1.0,1.0
7828,0.51767117,7.1276712,7.1665487,0.0,1.0,1.0,1.0
7829,0.51767117,7.090629,7.165991,0.0,1.0,1.0,1.0
7830,0.51767117,7.061547,7.1781387,0.0,1.0,1.0,1.0
7831,0.51767117,7.0387635,7.209728,0.0,1.0,1.0,1.0
7832,0.51767117,7.1008067,7.259747,0.0,1.0,1.0,1.0
7833,0.51767117,7.2542186,7.335532,0.0,1.0,1.0,1.0
7834,0.51767117,7.3207865,7.4366145,0.0,1.0,1.0,1.0
7835,0.51767117,7.4246945,7.555039,0.0,1.0,1.0,1.0
7836,0.51767117,7.603359,7.6944766,0.0,1.0,1.0,1.0
7837,0.51767117,7.8091044,7.8543816,0.0,1.0,1.0,1.0
7838,0.51767117,8.052994,8.028117,0.0,1.0,1.0,1.0
7839,0.51767117,8.354799,8.209946,0.0,1.0,1.0,1.0
7840,0.51767117,8.548767,8.410306,0.0,1.0,1.0,1.0
7841,0.51767117,8.763877,8.63734,0.0,1.0,1.0,1.0
7842,0.51767117,8.980408,8.870546,0.0,1.0,1.0,1.0
7843,0.51767117,9.123595,9.130809,0.0,1.0,1.0,1.0
7844,0.51767117,9.28275,9.408546,0.0,1.0,1.0,1.0
7845,0.51767117,9.658536,9.705564,0.0,1.0,1.0,1.0
7846,0.51767117,10.045195,10.016366,0.0,1.0,1.0,1.0
7847,0.51767117,10.223173,10.343952,0.0,1.0,1.0,1.0
7848,0.51767117,10.726506,10.684267,0.0,1.0,1.0,1.0
7849,0.51767117,11.1419525,11.0344925,0.0,1.0,1.0,1.0
7850,0.49897447,11.617204,11.3956175,0.0,1.0,1.0,1.0
7851,0.51767117,12.084426,11.774816,1.0,1.0,1.0,1.0
7852,0.51767117,12.479803,12.151632,1.0,1.0,1.0,1.0
7853,0.49897447,12.847658,12.524448,1.0,1.0,1.0,1.0
7854,0.49897447,13.183105,12.915671,1.0,1.0,1.0,1.0
7855,0.49897447,13.457102,13.257969,1.0,1.0,1.0,1.0
7856,0.49897447,13.833121,13.5336685,1.0,1.0,1.0,1.0
7857,0.49897447,14.180343,13.7417755,1.0,1.0,1.0,1.0
7858,0.49897447,14.518982,13.897809,1.0,1.0,1.0,1.0
7859,0.49897447,14.91785,13.972694,1.0,1.0,1.0,1.0
7860,0.49897447,14.8340845,13.968136,1.0,1.0,1.0,1.0
7861,0.49897447,14.450349,13.893497,1.0,1.0,1.0,1.0
7862,0.49897447,14.114482,13.749864,1.0,1.0,1.0,1.0
7863,0.49897447,13.956831,13.532697,1.0,1.0,1.0,1.0
7864,0.49897447,13.3784275,13.242506,1.0,1.0,1.0,1.0
7865,0.4802648,12.792949,12.878258,1.0,1.0,1.0,1.0
7866,0.4802648,12.287444,12.436405,1.0,1.0,1.0,1.0
7867,0.4802648,11.733501,11.957432,1.0,1.0,1.0,1.0
7868,0.4802648,11.227116,11.467588,0.0,1.0,1.0,1.0
7869,0.4802648,10.698054,10.969376,0.0,1.0,1.0,1.0
7870,0.4802648,10.1480055,10.440236,0.0,1.0,1.0,1.0
7871,0.46154195,9.615615,9.954455,0.0,1.0,1.0,1.0
7872,0.46154195,9.086403,9.511236,0.0,1.0,1.0,1.0
7873,0.46154195,8.572228,9.103484,0.0,1.0,1.0,1.0
7874,0.46154195,8.135931,8.739206,0.0,1.0,1.0,1.0
7875,0.44280565,7.607156,8.417894,0.0,1.0,1.0,1.0
7876,0.44280565,7.549059,8.143883,0.0,1.0,1.0,1.0
7877,0.44280565,7.4743257,7.9050126,0.0,1.0,1.0,1.0
7878,0.44280565,7.3944154,7.7043667,0.0,1.0,1.0,1.0
7879,0.44280565,7.36217,7.5383825,0.0,1.0,1.0,1.0
7880,0.42405567,7.3713675,7.408392,0.0,1.0,1.0,1.0
7881,0.42405567,7.409917,7.3146234,0.0,1.0,1.0,1.0
7882,0.42405567,7.2815638,7.2612653,0.0,1.0,1.0,1.0
7883,0.40529174,7.207862,7.205319,0.0,1.0,1.0,1.0
7884,0.40529174,7.0945973,7.148444,0.0,1.0,1.0,1.0
7885,0.40529174,7.012338,7.084252,0.0,1.0,1.0,1.0
7886,0.40529174,7.010709,7.0188665,0.0,1.0,1.0,1.0
7887,0.38651365,6.966859,6.947622,0.0,1.0,1.0,1.0
7888,0.38651365,6.877701,6.8773503,0.0,1.0,1.0,1.0
7889,0.38651365,6.791832,6.81584,0.0,1.0,1.0,1.0
7890,0.38651365,6.6241045,6.7589355,0.0,1.0,1.0,1.0
7891,0.38651365,6.5775456,6.7113614,0.0,1.0,1.0,1.0
7892,0.38651365,6.5164323,6.6676106,0.0,1.0,1.0,1.0
7893,0.38651365,6.566659,6.628099,0.0,1.0,1.0,1.0
7894,0.40529174,6.5434403,6.5964727,0.0,1.0,1.0,1.0
7895,0.40529174,6.525007,6.5753226,0.0,1.0,1.0,1.0
7896,0.40529174,6.5237083,6.562245,0.0,1.0,1.0,1.0
7897,0.40529174,6.4873295,6.5580115,0.0,1.0,1.0,1.0
7898,0.42405567,6.536567,6.5530815,0.0,1.0,1.0,1.0
7899,0.42405567,6.5873446,6.554026,0.0,1.0,1.0,1.0
7900,0.42405567,6.623901,6.549427,0.0,1.0,1.0,1.0
7901,0.44280565,6.6349,6.544972,0.0,1.0,1.0,1.0
7902,0.44280565,6.5733037,6.537886,0.0,1.0,1.0,1.0
7903,0.44280565,6.5183845,6.528851,0.0,1.0,1.0,1.0
7904,0.44280565,6.52777,6.5206532,0.0,1.0,1.0,1.0
7905,0.46154195,6.5114655,6.505056,0.0,1.0,1.0,1.0
7906,0.46154195,6.489981,6.478513,0.0,1.0,1.0,1.0
7907,0.46154195,6.439979,6.443021,0.0,1.0,1.0,1.0
7908,0.46154195,6.4152837,6.402024,0.0,1.0,1.0,1.0
7909,0.4802648,6.388957,6.3613105,0.0,1.0,1.0,1.0
7910,0.4802648,6.3494034,6.319229,0.0,1.0,1.0,1.0
7911,0.4802648,6.268822,6.270901,0.0,1.0,1.0,1.0
7912,0.4802648,6.1979995,6.220783,0.0,1.0,1.0,1.0
7913,0.49897447,6.1429377,6.171066,0.0,1.0,1.0,1.0
7914,0.49897447,6.0847445,6.1267567,0.0,1.0,1.0,1.0
7915,0.49897447,6.0134087,6.0864425,0.0,1.0,1.0,1.0
7916,0.49897447,5.947831,6.049468,0.0,1.0,1.0,1.0
7917,0.49897447,5.910051,6.017934,0.0,1.0,1.0,1.0
7918,0.51767117,5.8933744,5.9950395,0.0,1.0,1.0,1.0
7919,0.51767117,5.9082656,5.9791512,0.0,1.0,1.0,1.0
7920,0.51767117,5.931515,5.9680395,0.0,1.0,1.0,1.0
7921,0.51767117,5.945261,5.9647126,0.0,1.0,1.0,1.0
7922,0.51767117,5.9709983,5.9706707,0.0,1.0,1.0,1.0
7923,0.51767117,5.9940863,5.9865146,0.0,1.0,1.0,1.0
7924,0.53635514,6.007339,6.006788,0.0,1.0,1.0,1.0
7925,0.53635514,6.0096,6.0330334,0.0,1.0,1.0,1.0
7926,0.53635514,6.0448227,6.062457,0.0,1.0,1.0,1.0
7927,0.53635514,6.084902,6.0925274,0.0,1.0,1.0,1.0
7928,0.53635514,6.137959,6.1229053,0.0,1.0,1.0,1.0
7929,0.53635514,6.1533294,6.1497717,0.0,1.0,1.0,1.0
7930,0.53635514,6.2083244,6.1716785,0.0,1.0,1.0,1.0
7931,0.5550267,6.2613487,6.187279,0.0,1.0,1.0,1.0
7932,0.5550267,6.292359,6.203849,0.0,1.0,1.0,1.0
7933,0.5550267,6.309793,6.212063,0.0,1.0,1.0,1.0
7934,0.57368594,6.2933955,6.2136126,0.0,1.0,1.0,1.0
7935,0.57368594,6.2569704,6.2066092,0.0,1.0,1.0,1.0
7936,0.59233326,6.1945457,6.1972356,0.0,1.0,1.0,1.0
7937,0.59233326,6.208439,6.181915,0.0,1.0,1.0,1.0
7938,0.59233326,6.143386,6.1601543,0.0,1.0,1.0,1.0
7939,0.61096877,6.1035013,6.1317825,0.0,1.0,1.0,1.0
7940,0.61096877,6.053919,6.1008143,0.0,1.0,1.0,1.0
7941,0.61096877,6.0408483,6.066953,0.0,1.0,1.0,1.0
7942,0.6295927,6.0244737,6.0311384,0.0,1.0,1.0,1.0
7943,0.6295927,6.00022,5.9960823,0.0,1.0,1.0,1.0
7944,0.6295927,5.9518967,5.955109,0.0,1.0,1.0,1.0
7945,0.64820546,5.9381785,5.9186788,0.0,1.0,1.0,1.0
7946,0.64820546,5.8870587,5.885913,0.0,1.0,1.0,1.0
7947,0.64820546,5.8271933,5.858553,0.0,1.0,1.0,1.0
7948,0.64820546,5.7738748,5.8265085,0.0,1.0,1.0,1.0
7949,0.64820546,5.71676,5.7982655,0.0,1.0,1.0,1.0
7950,0.64820546,5.7062216,5.7699194,0.0,1.0,1.0,1.0
7951,0.64820546,5.7103133,5.7467513,0.0,1.0,1.0,1.0
7952,0.64820546,5.7255983,5.7220364,0.0,1.0,1.0,1.0
7953,0.64820546,5.656312,5.701309,0.0,1.0,1.0,1.0
7954,0.66680706,5.6855564,5.682488,0.0,1.0,1.0,1.0
7955,0.66680706,5.6600666,5.6647377,0.0,1.0,1.0,1.0
7956,0.66680706,5.67388,5.64762,0.0,1.0,1.0,1.0
7957,0.66680706,5.6416025,5.626848,0.0,1.0,1.0,1.0
7958,0.66680706,5.6383295,5.602834,0.0,1.0,1.0,1.0
7959,0.64820546,5.6013412,5.5766325,0.0,1.0,1.0,1.0
7960,0.64820546,5.5608683,5.556743,0.0,1.0,1.0,1.0
7961,0.64820546,5.51135,5.529853,0.0,1.0,1.0,1.0
7962,0.64820546,5.456958,5.5012865,0.0,1.0,1.0,1.0
7963,0.64820546,5.422147,5.4657803,0.0,1.0,1.0,1.0
7964,0.64820546,5.411181,5.428011,0.0,1.0,1.0,1.0
7965,0.64820546,5.417636,5.38625,0.0,1.0,1.0,1.0
7966,0.64820546,5.362876,5.3489823,0.0,1.0,1.0,1.0
7967,0.6295927,5.3172703,5.3199043,0.0,1.0,1.0,1.0
7968,0.6295927,5.2478023,5.292702,0.0,1.0,1.0,1.0
7969,0.6295927,5.1883736,5.2695966,0.0,1.0,1.0,1.0
7970,0.6295927,5.137197,5.2548833,0.0,1.0,1.0,1.0
7971,0.6295927,5.154128,5.247855,0.0,1.0,1.0,1.0
7972,0.61096877,5.2119303,5.2461414,0.0,1.0,1.0,1.0
7973,0.61096877,5.1849275,5.2543106,0.0,1.0,1.0,1.0
7974,0.61096877,5.17969,5.2701597,0.0,1.0,1.0,1.0
7975,0.61096877,5.2455854,5.2975416,0.0,1.0,1.0,1.0
7976,0.59233326,5.326846,5.3345585,0.0,1.0,1.0,1.0
7977,0.59233326,5.3970704,5.3842115,0.0,1.0,1.0,1.0
7978,0.59233326,5.460906,5.4398246,0.0,1.0,1.0,1.0
7979,0.57368594,5.5074587,5.4991856,0.0,1.0,1.0,1.0
7980,0.57368594,5.5763836,5.569361,0.0,1.0,1.0,1.0
7981,0.57368594,5.6325817,5.6483426,0.0,1.0,1.0,1.0
7982,0.5550267,5.733029,5.7191005,0.0,1.0,1.0,1.0
7983,0.5550267,5.8214874,5.776444,0.0,1.0,1.0,1.0
7984,0.5550267,5.9242597,5.828829,0.0,1.0,1.0,1.0
7985,0.53635514,6.027037,5.872459,0.0,1.0,1.0,1.0
7986,0.53635514,6.1274676,5.9100866,0.0,1.0,1.0,1.0
7987,0.53635514,6.0946765,5.9415245,0.0,1.0,1.0,1.0
7988,0.53635514,6.0149717,5.970646,0.0,1.0,1.0,1.0
7989,0.51767117,6.0256863,5.9945,0.0,1.0,1.0,1.0
7990,0.51767117,5.98447,6.012735,0.0,1.0,1.0,1.0
7991,0.51767117,5.95899,6.0206647,0.0,1.0,1.0,1.0
7992,0.51767117,5.953635,6.0229435,0.0,1.0,1.0,1.0
7993,0.49897447,5.9820404,6.020585,0.0,1.0,1.0,1.0
7994,0.49897447,6.019278,6.022129,0.0,1.0,1.0,1.0
7995,0.49897447,6.0403066,6.032296,0.0,1.0,1.0,1.0
7996,0.49897447,6.0194173,6.0431733,0.0,1.0,1.0,1.0
7997,0.49897447,6.054382,6.055849,0.0,1.0,1.0,1.0
7998,0.49897447,6.0991654,6.0790544,0.0,1.0,1.0,1.0
7999,0.49897447,6.1132054,6.1094227,0.0,1.0,1.0,1.0
8000,0.49897447,6.136977,6.1449895,0.0,1.0,1.0,1.0
8001,0.49897447,6.156212,6.1850023,0.0,1.0,1.0,1.0
8002,0.49897447,6.136582,6.2255273,0.0,1.0,1.0,1.0
8003,0.49897447,6.237454,6.269639,0.0,1.0,1.0,1.0
8004,0.49897447,6.318052,6.3128304,0.0,1.0,1.0,1.0
8005,0.49897447,6.408841,6.3539195,0.0,1.0,1.0,1.0
8006,0.49897447,6.499432,6.394461,0.0,1.0,1.0,1.0
8007,0.49897447,6.5266085,6.4370527,0.0,1.0,1.0,1.0
8008,0.49897447,6.548759,6.4796104,0.0,1.0,1.0,1.0
8009,0.49897447,6.572677,6.524293,0.0,1.0,1.0,1.0
8010,0.49897447,6.5922356,6.5628815,0.0,1.0,1.0,1.0
8011,0.49897447,6.5997024,6.598596,0.0,1.0,1.0,1.0
8012,0.51767117,6.648078,6.6299844,0.0,1.0,1.0,1.0
8013,0.51767117,6.666901,6.658248,0.0,1.0,1.0,1.0
8014,0.51767117,6.6727767,6.687987,0.0,1.0,1.0,1.0
8015,0.51767117,6.7005157,6.7210374,0.0,1.0,1.0,1.0
8016,0.51767117,6.7466283,6.7604637,0.0,1.0,1.0,1.0
8017,0.51767117,6.785496,6.805358,0.0,1.0,1.0,1.0
8018,0.51767117,6.838595,6.8606324,0.0,1.0,1.0,1.0
8019,0.51767117,6.883477,6.9192204,0.0,1.0,1.0,1.0
8020,0.51767117,6.9453673,6.9885135,0.0,1.0,1.0,1.0
8021,0.51767117,7.0457897,7.0730286,0.0,1.0,1.0,1.0
8022,0.51767117,7.1309695,7.1745205,0.0,1.0,1.0,1.0
8023,0.51767117,7.262993,7.2855306,0.0,1.0,1.0,1.0
8024,0.51767117,7.351134,7.4032855,0.0,1.0,1.0,1.0
8025,0.51767117,7.498422,7.524254,0.0,1.0,1.0,1.0
8026,0.51767117,7.6869555,7.647757,0.0,1.0,1.0,1.0
8027,0.51767117,7.9184155,7.769789,0.0,1.0,1.0,1.0
8028,0.51767117,8.078752,7.8861094,0.0,1.0,1.0,1.0
8029,0.51767117,8.198554,7.99813,0.0,1.0,1.0,1.0
8030,0.53635514,8.290218,8.095826,0.0,1.0,1.0,1.0
8031,0.51767117,8.365515,8.180385,0.0,1.0,1.0,1.0
8032,0.51767117,8.409751,8.241807,0.0,1.0,1.0,1.0
8033,0.51767117,8.441636,8.280137,0.0,1.0,1.0,1.0
8034,0.51767117,8.475213,8.287371,0.0,1.0,1.0,1.0
8035,0.51767117,8.435346,8.2699795,0.0,1.0,1.0,1.0
8036,0.53635514,8.365839,8.233297,0.0,1.0,1.0,1.0
8037,0.53635514,8.235485,8.171945,0.0,1.0,1.0,1.0
8038,0.53635514,8.146915,8.086212,0.0,1.0,1.0,1.0
8039,0.53635514,8.005219,7.98136,0.0,1.0,1.0,1.0
8040,0.53635514,7.8700657,7.8616605,0.0,1.0,1.0,1.0
8041,0.5550267,7.758361,7.7265534,0.0,1.0,1.0,1.0
8042,0.5550267,7.5539856,7.5822287,0.0,1.0,1.0,1.0
8043,0.5550267,7.3367305,7.432175,0.0,1.0,1.0,1.0
8044,0.57368594,7.151521,7.290608,0.0,1.0,1.0,1.0
8045,0.57368594,7.005246,7.152705,0.0,1.0,1.0,1.0
8046,0.57368594,6.853929,7.0243664,0.0,1.0,1.0,1.0
8047,0.57368594,6.7034435,6.905977,0.0,1.0,1.0,1.0
8048,0.57368594,6.565202,6.795625,0.0,1.0,1.0,1.0
8049,0.59233326,6.5366755,6.697178,0.0,1.0,1.0,1.0
8050,0.59233326,6.4920807,6.617097,0.0,1.0,1.0,1.0
8051,0.59233326,6.4651585,6.5603395,0.0,1.0,1.0,1.0
8052,0.59233326,6.449386,6.5152526,0.0,1.0,1.0,1.0
8053,0.59233326,6.434141,6.4898877,0.0,1.0,1.0,1.0
8054,0.59233326,6.3726225,6.481319,0.0,1.0,1.0,1.0
8055,0.59233326,6.3757577,6.4876857,0.0,1.0,1.0,1.0
8056,0.59233326,6.4704323,6.4977593,0.0,1.0,1.0,1.0
8057,0.59233326,6.4642024,6.5174365,0.0,1.0,1.0,1.0
8058,0.59233326,6.549549,6.542949,0.0,1.0,1.0,1.0
8059,0.57368594,6.60062,6.572815,0.0,1.0,1.0,1.0
8060,0.57368594,6.6416006,6.603171,0.0,1.0,1.0,1.0
8061,0.57368594,6.6575603,6.6391196,0.0,1.0,1.0,1.0
8062,0.57368594,6.728205,6.6782436,0.0,1.0,1.0,1.0
8063,0.57368594,6.7713137,6.7141347,0.0,1.0,1.0,1.0
8064,0.57368594,6.8077765,6.7554917,0.0,1.0,1.0,1.0
8065,0.57368594,6.798413,6.797117,0.0,1.0,1.0,1.0
8066,0.57368594,6.8040037,6.8394866,0.0,1.0,1.0,1.0
8067,0.57368594,6.8452487,6.8761644,0.0,1.0,1.0,1.0
8068,0.5550267,6.901125,6.910795,0.0,1.0,1.0,1.0
8069,0.5550267,6.9604874,6.938157,0.0,1.0,1.0,1.0
8070,0.5550267,7.049056,6.9623504,0.0,1.0,1.0,1.0
8071,0.5550267,7.109048,6.98679,0.0,1.0,1.0,1.0
8072,0.5550267,7.081734,7.015702,0.0,1.0,1.0,1.0
8073,0.53635514,7.0731306,7.0456576,0.0,1.0,1.0,1.0
8074,0.53635514,7.056551,7.0773387,0.0,1.0,1.0,1.0
8075,0.53635514,7.061629,7.1088223,0.0,1.0,1.0,1.0
8076,0.53635514,7.101057,7.1391993,0.0,1.0,1.0,1.0
8077,0.51767117,7.14535,7.1670494,0.0,1.0,1.0,1.0
8078,0.51767117,7.163478,7.1953,0.0,1.0,1.0,1.0
8079,0.51767117,7.2254214,7.2261343,0.0,1.0,1.0,1.0
8080,0.51767117,7.2789245,7.268537,0.0,1.0,1.0,1.0
8081,0.49897447,7.3250127,7.312319,0.0,1.0,1.0,1.0
8082,0.49897447,7.3832593,7.3541613,0.0,1.0,1.0,1.0
8083,0.49897447,7.448056,7.386867,0.0,1.0,1.0,1.0
8084,0.49897447,7.4517446,7.425612,0.0,1.0,1.0,1.0
8085,0.49897447,7.5819616,7.458742,0.0,1.0,1.0,1.0
8086,0.49897447,7.581933,7.4828997,0.0,1.0,1.0,1.0
8087,0.49897447,7.5637393,7.5163193,0.0,1.0,1.0,1.0
8088,0.49897447,7.4935236,7.5472775,0.0,1.0,1.0,1.0
8089,0.49897447,7.610289,7.566064,0.0,1.0,1.0,1.0
8090,0.49897447,7.5610394,7.5706635,0.0,1.0,1.0,1.0
8091,0.51767117,7.5153146,7.5667267,0.0,1.0,1.0,1.0
8092,0.51767117,7.6799555,7.54336,0.0,1.0,1.0,1.0
8093,0.51767117,7.696516,7.5166655,0.0,1.0,1.0,1.0
8094,0.53635514,7.608691,7.4822855,0.0,1.0,1.0,1.0
8095,0.53635514,7.503252,7.449556,0.0,1.0,1.0,1.0
8096,0.53635514,7.404507,7.4040623,0.0,1.0,1.0,1.0
8097,0.5550267,7.3015623,7.3703713,0.0,1.0,1.0,1.0
8098,0.5550267,7.2615967,7.338217,0.0,1.0,1.0,1.0
8099,0.57368594,7.151176,7.2952037,0.0,1.0,1.0,1.0
8100,0.57368594,7.1007714,7.2403474,0.0,1.0,1.0,1.0
8101,0.57368594,7.064367,7.191614,0.0,1.0,1.0,1.0
8102,0.57368594,7.1567454,7.1511517,0.0,1.0,1.0,1.0
8103,0.59233326,7.129462,7.101415,0.0,1.0,1.0,1.0
8104,0.59233326,7.163797,7.0547757,0.0,1.0,1.0,1.0
8105,0.59233326,7.0382414,7.0274696,0.0,1.0,1.0,1.0
8106,0.59233326,7.0238943,7.0288243,0.0,1.0,1.0,1.0
8107,0.59233326,7.017702,7.0470166,0.0,1.0,1.0,1.0
8108,0.61096877,6.807668,7.0682397,0.0,1.0,1.0,1.0
8109,0.61096877,6.741889,7.074548,0.0,1.0,1.0,1.0
8110,0.61096877,6.933925,7.0821767,0.0,1.0,1.0,1.0
8111,0.61096877,7.167429,7.084824,0.0,1.0,1.0,1.0
8112,0.61096877,7.31908,7.0815496,0.0,1.0,1.0,1.0
8113,0.61096877,7.3190446,7.0661855,0.0,1.0,1.0,1.0
8114,0.6295927,7.232444,7.0479765,0.0,1.0,1.0,1.0
8115,0.6295927,7.2210083,7.0440426,0.0,1.0,1.0,1.0
8116,0.6295927,7.1955633,7.0390253,0.0,1.0,1.0,1.0
8117,0.6295927,6.998947,7.0130596,0.0,1.0,1.0,1.0
8118,0.6295927,6.839525,6.962717,0.0,1.0,1.0,1.0
8119,0.6295927,6.7991943,6.892378,0.0,1.0,1.0,1.0
8120,0.6295927,6.760462,6.815775,0.0,1.0,1.0,1.0
8121,0.6295927,6.6816792,6.729616,0.0,1.0,1.0,1.0
8122,0.6295927,6.622337,6.621575,0.0,1.0,1.0,1.0
8123,0.64820546,6.5633206,6.499684,0.0,1.0,1.0,1.0
8124,0.64820546,6.4750066,6.3905783,0.0,1.0,1.0,1.0
8125,0.64820546,6.3998137,6.2901516,0.0,1.0,1.0,1.0
8126,0.64820546,6.198538,6.18665,0.0,1.0,1.0,1.0
8127,0.6295927,5.924513,6.084456,0.0,1.0,1.0,1.0
8128,0.64820546,5.732868,5.983929,0.0,1.0,1.0,1.0
8129,0.6295927,5.6896825,5.882782,0.0,1.0,1.0,1.0
8130,0.64820546,5.6344028,5.7816195,0.0,1.0,1.0,1.0
8131,0.64820546,5.5571766,5.6848345,0.0,1.0,1.0,1.0
8132,0.64820546,5.534136,5.593783,0.0,1.0,1.0,1.0
8133,0.6295927,5.475354,5.5177207,0.0,1.0,1.0,1.0
8134,0.64820546,5.4085703,5.464693,0.0,1.0,1.0,1.0
8135,0.64820546,5.349376,5.4278383,0.0,1.0,1.0,1.0
8136,0.6295927,5.313583,5.3986087,0.0,1.0,1.0,1.0
8137,0.6295927,5.307197,5.3751698,0.0,1.0,1.0,1.0
8138,0.6295927,5.285788,5.3658075,0.0,1.0,1.0,1.0
8139,0.6295927,5.2881837,5.3658547,0.0,1.0,1.0,1.0
8140,0.6295927,5.2906117,5.37113,0.0,1.0,1.0,1.0
8141,0.6295927,5.3389244,5.387577,0.0,1.0,1.0,1.0
8142,0.6295927,5.353136,5.4127946,0.0,1.0,1.0,1.0
8143,0.6295927,5.444832,5.4421077,0.0,1.0,1.0,1.0
8144,0.6295927,5.534699,5.4771976,0.0,1.0,1.0,1.0
8145,0.61096877,5.5386558,5.5172057,0.0,1.0,1.0,1.0
8146,0.61096877,5.6059394,5.562,0.0,1.0,1.0,1.0
8147,0.61096877,5.651984,5.6100864,0.0,1.0,1.0,1.0
8148,0.61096877,5.6653385,5.661251,0.0,1.0,1.0,1.0
8149,0.61096877,5.728279,5.7216077,0.0,1.0,1.0,1.0
8150,0.61096877,5.765885,5.782643,0.0,1.0,1.0,1.0
8151,0.61096877,5.8257117,5.847713,0.0,1.0,1.0,1.0
8152,0.59233326,5.867652,5.916372,0.0,1.0,1.0,1.0
8153,0.59233326,5.9529033,5.9880295,0.0,1.0,1.0,1.0
8154,0.59233326,6.077414,6.0605326,0.0,1.0,1.0,1.0
8155,0.59233326,6.177251,6.138886,0.0,1.0,1.0,1.0
8156,0.59233326,6.315541,6.2239013,0.0,1.0,1.0,1.0
8157,0.59233326,6.3625627,6.316302,0.0,1.0,1.0,1.0
8158,0.59233326,6.4658327,6.414451,0.0,1.0,1.0,1.0
8159,0.57368594,6.5220227,6.5138,0.0,1.0,1.0,1.0
8160,0.57368594,6.6055756,6.6154704,0.0,1.0,1.0,1.0
8161,0.57368594,6.748464,6.7200127,0.0,1.0,1.0,1.0
8162,0.57368594,6.8746915,6.8269696,0.0,1.0,1.0,1.0
8163,0.5550267,7.0035043,6.9324737,0.0,1.0,1.0,1.0
8164,0.5550267,7.059841,7.034154,0.0,1.0,1.0,1.0
8165,0.5550267,7.1729436,7.127719,0.0,1.0,1.0,1.0
8166,0.5550267,7.3319197,7.218135,0.0,1.0,1.0,1.0
8167,0.5550267,7.4607363,7.30181,0.0,1.0,1.0,1.0
8168,0.53635514,7.581591,7.3743863,0.0,1.0,1.0,1.0
8169,0.53635514,7.5827246,7.434012,0.0,1.0,1.0,1.0
8170,0.53635514,7.588614,7.4807873,0.0,1.0,1.0,1.0
8171,0.51767117,7.607013,7.51526,0.0,1.0,1.0,1.0
8172,0.51767117,7.609673,7.538552,0.0,1.0,1.0,1.0
8173,0.51767117,7.6193843,7.5441113,0.0,1.0,1.0,1.0
8174,0.51767117,7.590201,7.5375853,0.0,1.0,1.0,1.0
8175,0.49897447,7.564808,7.521703,0.0,1.0,1.0,1.0
8176,0.49897447,7.4735155,7.505194,0.0,1.0,1.0,1.0
8177,0.49897447,7.4524417,7.4840193,0.0,1.0,1.0,1.0
8178,0.4802648,7.3986306,7.4590955,0.0,1.0,1.0,1.0
8179,0.4802648,7.3824253,7.4306827,0.0,1.0,1.0,1.0
8180,0.4802648,7.3910003,7.401718,0.0,1.0,1.0,1.0
8181,0.46154195,7.3846226,7.378241,0.0,1.0,1.0,1.0
8182,0.46154195,7.3345184,7.359163,0.0,1.0,1.0,1.0
8183,0.46154195,7.307924,7.350085,0.0,1.0,1.0,1.0
8184,0.46154195,7.2687216,7.3434253,0.0,1.0,1.0,1.0
8185,0.46154195,7.2718077,7.3440247,0.0,1.0,1.0,1.0
8186,0.46154195,7.308475,7.349856,0.0,1.0,1.0,1.0
8187,0.46154195,7.3358717,7.36175,0.0,1.0,1.0,1.0
8188,0.4802648,7.36458,7.37317,0.0,1.0,1.0,1.0
8189,0.4802648,7.372526,7.38984,0.0,1.0,1.0,1.0
8190,0.4802648,7.405824,7.411848,0.0,1.0,1.0,1.0
8191,0.4802648,7.452397,7.4414697,0.0,1.0,1.0,1.0
8192,0.49897447,7.533732,7.4703093,0.0,1.0,1.0,1.0
8193,0.49897447,7.5216627,7.495109,0.0,1.0,1.0,1.0
8194,0.49897447,7.5345583,7.5154867,0.0,1.0,1.0,1.0
8195,0.49897447,7.5720224,7.5343757,0.0,1.0,1.0,1.0
8196,0.51767117,7.6241813,7.5536323,0.0,1.0,1.0,1.0
8197,0.51767117,7.617878,7.563149,0.0,1.0,1.0,1.0
8198,0.51767117,7.6060753,7.5630884,0.0,1.0,1.0,1.0
8199,0.51767117,7.580404,7.5494123,0.0,1.0,1.0,1.0
8200,0.53635514,7.5912495,7.537265,0.0,1.0,1.0,1.0
8201,0.53635514,7.6036043,7.52002,0.0,1.0,1.0,1.0
8202,0.53635514,7.5200253,7.495662,0.0,1.0,1.0,1.0
8203,0.53635514,7.451669,7.4602356,0.0,1.0,1.0,1.0
8204,0.53635514,7.3696184,7.4245133,0.0,1.0,1.0,1.0
8205,0.5550267,7.375891,7.3881874,0.0,1.0,1.0,1.0
8206,0.5550267,7.3276243,7.3485346,0.0,1.0,1.0,1.0
8207,0.5550267,7.279725,7.3041854,0.0,1.0,1.0,1.0
8208,0.5550267,7.1990647,7.2606425,0.0,1.0,1.0,1.0
8209,0.5550267,7.1892114,7.227268,0.0,1.0,1.0,1.0
8210,0.5550267,7.1701617,7.199811,0.0,1.0,1.0,1.0
8211,0.5550267,7.1045704,7.1782517,0.0,1.0,1.0,1.0
8212,0.57368594,7.0590563,7.1565847,0.0,1.0,1.0,1.0
8213,0.57368594,7.0810914,7.14264,0.0,1.0,1.0,1.0
8214,0.57368594,7.1195335,7.1337013,0.0,1.0,1.0,1.0
8215,0.57368594,7.1221814,7.1306376,0.0,1.0,1.0,1.0
8216,0.57368594,7.110912,7.1274467,0.0,1.0,1.0,1.0
8217,0.59233326,7.1158824,7.1352434,0.0,1.0,1.0,1.0
8218,0.59233326,7.160294,7.1517396,0.0,1.0,1.0,1.0
8219,0.61096877,7.172456,7.1768436,0.0,1.0,1.0,1.0
8220,0.61096877,7.1623025,7.210516,0.0,1.0,1.0,1.0
8221,0.6295927,7.1509185,7.242894,0.0,1.0,1.0,1.0
8222,0.6295927,7.2637205,7.276702,0.0,1.0,1.0,1.0
8223,0.64820546,7.3025274,7.3151045,0.0,1.0,1.0,1.0
8224,0.64820546,7.3603053,7.355594,0.0,1.0,1.0,1.0
8225,0.64820546,7.485156,7.39008,0.0,1.0,1.0,1.0
8226,0.66680706,7.5080748,7.419923,0.0,1.0,1.0,1.0
8227,0.66680706,7.5278716,7.448615,0.0,1.0,1.0,1.0
8228,0.66680706,7.5717425,7.474497,0.0,1.0,1.0,1.0
8229,0.68539786,7.6017613,7.4830313,0.0,1.0,1.0,1.0
8230,0.68539786,7.5741234,7.4815927,0.0,1.0,1.0,1.0
8231,0.68539786,7.530573,7.470054,0.0,1.0,1.0,1.0
8232,0.703978,7.506607,7.4405026,0.0,1.0,1.0,1.0
8233,0.703978,7.4615,7.3933067,0.0,1.0,1.0,1.0
8234,0.703978,7.366132,7.332936,0.0,1.0,1.0,1.0
8235,0.703978,7.2852674,7.257931,0.0,1.0,1.0,1.0
8236,0.703978,7.2218394,7.1575413,0.0,1.0,1.0,1.0
8237,0.703978,7.1305394,7.0429115,0.0,1.0,1.0,1.0
8238,0.7225478,6.9417253,6.918446,0.0,1.0,1.0,1.0
8239,0.7225478,6.8034196,6.7809954,0.0,1.0,1.0,1.0
8240,0.7225478,6.671688,6.630439,0.0,1.0,1.0,1.0
8241,0.7225478,6.3970814,6.4741254,0.0,1.0,1.0,1.0
8242,0.7225478,6.198565,6.3127737,0.0,1.0,1.0,1.0
8243,0.7225478,6.036989,6.146867,0.0,1.0,1.0,1.0
8244,0.7225478,5.8571997,5.97547,0.0,1.0,1.0,1.0
8245,0.7225478,5.6548185,5.8145776,0.0,1.0,1.0,1.0
8246,0.7225478,5.4903727,5.6602583,0.0,1.0,1.0,1.0
8247,0.7225478,5.349047,5.50907,0.0,1.0,1.0,1.0
8248,0.703978,5.2309556,5.372686,0.0,1.0,1.0,1.0
8249,0.703978,5.073779,5.243521,0.0,1.0,1.0,1.0
8250,0.703978,5.011016,5.124806,0.0,1.0,1.0,1.0
8251,0.703978,4.95159,5.013031,0.0,1.0,1.0,1.0
8252,0.703978,4.857424,4.92026,0.0,1.0,1.0,1.0
8253,0.68539786,4.7604747,4.8507514,0.0,1.0,1.0,1.0
8254,0.68539786,4.648588,4.7994995,0.0,1.0,1.0,1.0
8255,0.68539786,4.612407,4.7639027,0.0,1.0,1.0,1.0
8256,0.68539786,4.515897,4.747655,0.0,1.0,1.0,1.0
8257,0.68539786,4.541567,4.7452707,0.0,1.0,1.0,1.0
8258,0.68539786,4.656271,4.7562795,0.0,1.0,1.0,1.0
8259,0.66680706,4.7340264,4.7805324,0.0,1.0,1.0,1.0
8260,0.66680706,4.803795,4.821541,0.0,1.0,1.0,1.0
8261,0.66680706,4.8788023,4.87824,0.0,1.0,1.0,1.0
8262,0.66680706,4.982407,4.9456153,0.0,1.0,1.0,1.0
8263,0.64820546,5.083694,5.0330143,0.0,1.0,1.0,1.0
8264,0.64820546,5.1484566,5.1300287,0.0,1.0,1.0,1.0
8265,0.64820546,5.252577,5.2287965,0.0,1.0,1.0,1.0
8266,0.64820546,5.32898,5.331597,0.0,1.0,1.0,1.0
8267,0.6295927,5.4209123,5.445006,0.0,1.0,1.0,1.0
8268,0.6295927,5.5646834,5.559625,0.0,1.0,1.0,1.0
8269,0.6295927,5.7057385,5.671603,0.0,1.0,1.0,1.0
8270,0.61096877,5.8414836,5.780183,0.0,1.0,1.0,1.0
8271,0.61096877,5.967632,5.8877506,0.0,1.0,1.0,1.0
8272,0.61096877,6.164705,5.9925156,0.0,1.0,1.0,1.0
8273,0.59233326,6.2542334,6.095063,0.0,1.0,1.0,1.0
8274,0.59233326,6.326146,6.1986165,0.0,1.0,1.0,1.0
8275,0.57368594,6.3866477,6.297327,0.0,1.0,1.0,1.0
8276,0.57368594,6.43927,6.392374,0.0,1.0,1.0,1.0
8277,0.57368594,6.509758,6.479731,0.0,1.0,1.0,1.0
8278,0.5550267,6.559546,6.560832,0.0,1.0,1.0,1.0
8279,0.5550267,6.663554,6.6265116,0.0,1.0,1.0,1.0
8280,0.5550267,6.7492085,6.6808577,0.0,1.0,1.0,1.0
8281,0.5550267,6.8463044,6.7305903,0.0,1.0,1.0,1.0
8282,0.5550267,6.8897667,6.7726088,0.0,1.0,1.0,1.0
8283,0.5550267,6.940842,6.8110857,0.0,1.0,1.0,1.0
8284,0.5550267,6.9528613,6.845821,0.0,1.0,1.0,1.0
8285,0.5550267,6.906387,6.8819494,0.0,1.0,1.0,1.0
8286,0.5550267,6.922939,6.903686,0.0,1.0,1.0,1.0
8287,0.5550267,6.89087,6.918659,0.0,1.0,1.0,1.0
8288,0.5550267,6.9009914,6.925669,0.0,1.0,1.0,1.0
8289,0.57368594,6.9265814,6.92785,0.0,1.0,1.0,1.0
8290,0.57368594,6.993087,6.9217334,0.0,1.0,1.0,1.0
8291,0.57368594,6.924396,6.9105864,0.0,1.0,1.0,1.0
8292,0.57368594,6.928883,6.8976264,0.0,1.0,1.0,1.0
8293,0.57368594,6.930425,6.8827567,0.0,1.0,1.0,1.0
8294,0.59233326,6.915932,6.8676205,0.0,1.0,1.0,1.0
8295,0.59233326,6.8674498,6.8525844,0.0,1.0,1.0,1.0
8296,0.59233326,6.819094,6.8482594,0.0,1.0,1.0,1.0
8297,0.59233326,6.75087,6.843839,0.0,1.0,1.0,1.0
8298,0.59233326,6.744502,6.856561,0.0,1.0,1.0,1.0
8299,0.59233326,6.709236,6.866796,0.0,1.0,1.0,1.0
8300,0.59233326,6.7205563,6.8825536,0.0,1.0,1.0,1.0
8301,0.59233326,6.874681,6.787231,0.0,1.0,1.0,1.0
8302,0.61096877,6.9400425,6.2149434,0.0,1.0,1.0,1.0
8303,0.61096877,7.07706,5.6466856,0.0,1.0,1.0,1.0
8304,0.61096877,7.0517015,5.084113,0.0,1.0,1.0,1.0
8305,0.61096877,7.119518,4.522071,0.0,1.0,1.0,1.0
8306,0.61096877,5.7720575,3.962968,0.0,0.0,1.0,1.0
