time_index,telemetry,point_score,smoothed_score,prediction,label,context_ood,valid_score
0,-0.69516194,0.0,0.0,0.0,0.0,0.0,0.0
1,-0.6857039,0.0,0.0,0.0,0.0,0.0,0.0
2,-0.7257185,0.0,0.0,0.0,0.0,0.0,0.0
3,-0.76136786,0.0,0.0,0.0,0.0,0.0,0.0
4,-0.7453619,0.0,0.0,0.0,0.0,0.0,0.0
5,-0.7359039,0.0,0.0,0.0,0.0,0.0,0.0
6,-0.69661695,0.0,0.0,0.0,0.0,0.0,0.0
7,-0.8399418,0.0,0.0,0.0,0.0,0.0,0.0
8,-0.031647965,0.0,0.0,0.0,0.0,0.0,0.0
9,0.009821797,0.0,0.0,0.0,0.0,0.0,0.0
10,0.8101127,0.0,0.0,0.0,0.0,0.0,0.0
11,0.83048373,0.0,0.0,0.0,0.0,0.0,0.0
12,0.8814113,0.0,0.0,0.0,0.0,0.0,0.0
13,0.8799563,0.0,0.0,0.0,0.0,0.0,0.0
14,0.8261186,0.0,0.0,0.0,0.0,0.0,0.0
15,0.31174964,0.0,0.0,0.0,0.0,0.0,0.0
16,0.3372134,0.0,0.0,0.0,0.0,0.0,0.0
17,-0.2993816,0.0,0.0,0.0,0.0,0.0,0.0
18,-0.22735548,0.0,0.0,0.0,0.0,0.0,0.0
19,-0.23826855,0.0,0.0,0.0,0.0,0.0,0.0
20,-0.22735548,0.0,0.0,0.0,0.0,0.0,0.0
21,-0.5023645,0.0,0.0,0.0,0.0,0.0,0.0
22,-0.5081848,0.0,0.0,0.0,0.0,0.0,0.0
23,-0.60349214,0.0,0.0,0.0,0.0,0.0,0.0
24,-0.62750095,0.0,0.0,0.0,0.0,0.0,0.0
25,-0.6158603,0.0,0.0,0.0,0.0,0.0,0.0
26,-0.65150964,0.0,0.0,0.0,0.0,0.0,0.0
27,-0.68352133,0.0,0.0,0.0,0.0,0.0,0.0
28,-0.6937068,0.0,0.0,0.0,0.0,0.0,0.0
29,-0.6405965,0.0,0.0,0.0,0.0,0.0,0.0
30,-0.73954165,0.0,0.0,0.0,0.0,0.0,0.0
31,-0.42088026,0.0,0.0,0.0,0.0,0.0,0.0
32,-0.39032373,0.0,0.0,0.0,0.0,0.0,0.0
33,-0.38304836,0.0,0.0,0.0,0.0,0.0,0.0
34,-0.6078574,0.0,0.0,0.0,0.0,0.0,0.0
35,-0.49799913,0.0,0.0,0.0,0.0,0.0,0.0
36,-0.47471797,0.0,0.0,0.0,0.0,0.0,0.0
37,-0.83484906,0.0,0.0,0.0,0.0,0.0,0.0
38,-0.8472171,0.0,0.0,0.0,0.0,0.0,0.0
39,-0.6013095,0.0,0.0,0.0,0.0,0.0,0.0
40,-0.649327,0.0,0.0,0.0,0.0,0.0,0.0
41,-0.6085849,0.0,0.0,0.0,0.0,0.0,0.0
42,-0.6551474,0.0,0.0,0.0,0.0,0.0,0.0
43,-0.8210258,0.0,0.0,0.0,0.0,0.0,0.0
44,-0.72717345,0.0,0.0,0.0,0.0,0.0,0.0
45,-0.6864314,0.0,0.0,0.0,0.0,0.0,0.0
46,-0.80574745,0.0,0.0,0.0,0.0,0.0,0.0
47,-0.45216438,0.0,0.0,0.0,0.0,0.0,0.0
48,-0.46089473,0.0,0.0,0.0,0.0,0.0,0.0
49,-0.6449617,0.0,0.0,0.0,0.0,0.0,0.0
50,-0.53292096,0.0,0.0,0.0,0.0,0.0,0.0
51,-0.8646781,0.0,0.0,0.0,0.0,0.0,0.0
52,-0.75627494,0.0,0.0,0.0,0.0,0.0,0.0
53,-0.74827206,0.0,0.0,0.0,0.0,0.0,0.0
54,-0.77519095,0.0,0.0,0.0,0.0,0.0,0.0
55,-0.7817389,0.0,0.0,0.0,0.0,0.0,0.0
56,-0.7191705,0.0,0.0,0.0,0.0,0.0,0.0
57,-0.74681705,0.0,0.0,0.0,0.0,0.0,0.0
58,-0.7497272,0.0,0.0,0.0,0.0,0.0,0.0
59,-0.7533648,0.0,0.0,0.0,0.0,0.0,0.0
60,-0.7409967,0.0,0.0,0.0,0.0,0.0,0.0
61,-0.85740274,0.0,0.0,0.0,0.0,0.0,0.0
62,-0.24336113,0.0,0.0,0.0,0.0,0.0,0.0
63,-0.16260454,0.0,0.0,0.0,0.0,0.0,0.0
64,-0.17278999,0.0,0.0,0.0,0.0,0.0,0.0
65,-0.14514367,0.0,0.0,0.0,0.0,0.0,0.0
66,-0.14368851,0.0,0.0,0.0,0.0,0.0,0.0
67,-0.10658419,0.0,0.0,0.0,0.0,0.0,0.0
68,-0.7148055,0.0,0.0,0.0,0.0,0.0,0.0
69,-0.57657325,0.0,0.0,0.0,0.0,0.0,0.0
70,-0.5823936,0.0,0.0,0.0,0.0,0.0,0.0
71,-0.60421973,0.0,0.0,0.0,0.0,0.0,0.0
72,-0.6013096,0.0,0.0,0.0,0.0,0.0,0.0
73,-0.59694433,0.0,0.0,0.0,0.0,0.0,0.0
74,-0.62604576,0.0,0.0,0.0,0.0,0.0,0.0
75,-0.7904693,0.0,0.0,0.0,0.0,0.0,0.0
76,-0.68715894,0.0,0.0,0.0,0.0,0.0,0.0
77,-0.80356497,0.0,0.0,0.0,0.0,0.0,0.0
78,-0.12186243,0.0,0.0,0.0,0.0,0.0,0.0
79,-0.13641323,0.0,0.0,0.0,0.0,0.0,0.0
80,-0.14368859,0.0,0.0,0.0,0.0,0.0,0.0
81,-0.110949345,0.0,0.0,0.0,0.0,0.0,0.0
82,-0.17861035,0.0,0.0,0.0,0.0,0.0,0.0
83,-0.21062195,0.0,0.0,0.0,0.0,0.0,0.0
84,-0.764278,0.0,0.0,0.0,0.0,0.0,0.0
85,-0.7744635,0.0,0.0,0.0,0.0,0.0,0.0
86,-0.71407783,0.0,0.0,0.0,0.0,0.0,0.0
87,-0.65878505,0.0,0.0,0.0,0.0,0.0,0.0
88,-0.66751546,0.0,0.0,0.0,0.0,0.0,0.0
89,-0.6842488,0.0,0.0,0.0,0.0,0.0,0.0
90,-0.65223706,0.0,0.0,0.0,0.0,0.0,0.0
91,-0.67988366,0.0,0.0,0.0,0.0,0.0,0.0
92,-0.61658776,0.0,0.0,0.0,0.0,0.0,0.0
93,-0.6209531,0.0,0.0,0.0,0.0,0.0,0.0
94,-0.76646054,0.0,0.0,0.0,0.0,0.0,0.0
95,-0.48490354,0.0,0.0,0.0,0.0,0.0,0.0
96,-0.38959622,0.0,0.0,0.0,0.0,0.0,0.0
97,-0.44707152,0.0,0.0,0.0,0.0,0.0,0.0
98,-0.45725715,0.0,0.0,0.0,0.0,0.0,0.0
99,-0.4667152,0.0,0.0,0.0,0.0,0.0,0.0
100,-0.45507452,0.0,0.0,0.0,0.0,0.0,0.0
101,-0.86613315,0.0,0.0,0.0,0.0,0.0,0.0
102,-0.73881406,0.0,0.0,0.0,0.0,0.0,0.0
103,-0.8603128,0.0,0.0,0.0,0.0,0.0,0.0
104,-0.423063,0.0,0.0,0.0,0.0,0.0,0.0
105,0.082575485,0.0,0.0,0.0,0.0,0.0,0.0
106,0.13932319,0.0,0.0,0.0,0.0,0.0,0.0
107,0.19679858,0.0,0.0,0.0,0.0,0.0,0.0
108,0.14659859,0.0,0.0,0.0,0.0,0.0,0.0
109,0.1960712,0.0,0.0,0.0,0.0,0.0,0.0
110,0.4536195,0.0,0.0,0.0,0.0,0.0,0.0
111,0.7402692,0.0,0.0,0.0,0.0,0.0,0.0
112,0.729356,0.0,0.0,0.0,0.0,0.0,0.0
113,0.73517627,0.0,0.0,0.0,0.0,0.0,0.0
114,0.6944342,0.0,0.0,0.0,0.0,0.0,0.0
115,-0.11822485,0.0,0.0,0.0,0.0,0.0,0.0
116,-0.4565297,0.0,0.0,0.0,0.0,0.0,0.0
117,-0.83703154,0.0,0.0,0.0,0.0,0.0,0.0
118,-0.91706073,0.0,0.0,0.0,0.0,0.0,0.0
119,-0.8115679,0.0,0.0,0.0,0.0,0.0,0.0
120,-0.7708257,0.0,0.0,0.0,0.0,0.0,0.0
121,-0.7759186,0.0,0.0,0.0,0.0,0.0,0.0
122,-0.7999273,0.0,0.0,0.0,0.0,0.0,0.0
123,-0.91124034,0.0,0.0,0.0,0.0,0.0,0.0
124,-0.6522371,0.0,0.0,0.0,0.0,0.0,0.0
125,-0.6282285,0.0,0.0,0.0,0.0,0.0,0.0
126,-0.6042197,0.0,0.0,0.0,0.0,0.0,0.0
127,-0.63186604,0.0,0.0,0.0,0.0,0.0,0.0
128,-0.6085849,0.0,0.0,0.0,0.0,0.0,0.0
129,-0.5940342,0.0,0.0,0.0,0.0,0.0,0.0
130,-0.58239347,0.0,0.0,0.0,0.0,0.0,0.0
131,-0.71480536,0.0,0.0,0.0,0.0,0.0,0.0
132,-0.35540184,0.0,0.0,0.0,0.0,0.0,0.0
133,-0.09130589,0.0,0.0,0.0,0.0,0.0,0.0
134,-0.11022184,0.0,0.0,0.0,0.0,0.0,0.0
135,-0.0702073,0.0,0.0,0.0,0.0,0.0,0.0
136,-0.094943464,0.0,0.0,0.0,0.0,0.0,0.0
137,-0.70971256,0.0,0.0,0.0,0.0,0.0,0.0
138,-0.59985447,0.0,0.0,0.0,0.0,0.0,0.0
139,-0.6078574,0.0,0.0,0.0,0.0,0.0,0.0
140,-0.5954892,0.0,0.0,0.0,0.0,0.0,0.0
141,-0.62095314,0.0,0.0,0.0,0.0,0.0,0.0
142,-0.64641684,0.0,0.0,0.0,0.0,0.0,0.0
143,-0.67479086,0.0,0.0,0.0,0.0,0.0,0.0
144,-0.6187704,0.0,0.0,0.0,0.0,0.0,0.0
145,-0.5605675,0.0,0.0,0.0,0.0,0.0,0.0
146,-0.53655875,0.0,0.0,0.0,0.0,0.0,0.0
147,-0.45580208,0.0,0.0,0.0,0.0,0.0,0.0
148,-0.43252087,0.0,0.0,0.0,0.0,0.0,0.0
149,-0.64859945,0.0,0.0,0.0,0.0,0.0,0.0
150,-0.58748627,0.0,0.0,0.0,0.0,0.0,0.0
151,-0.61804295,0.0,0.0,0.0,0.0,0.0,0.0
152,-0.6318661,0.0,0.0,0.0,0.0,0.0,0.0
153,-0.7162604,0.0,0.0,0.0,0.0,0.0,0.0
154,-0.3459439,0.0,0.0,0.0,0.0,0.0,0.0
155,-0.36704248,0.0,0.0,0.0,0.0,0.0,0.0
156,-0.47908333,0.0,0.0,0.0,0.0,0.0,0.0
157,-0.4725353,0.0,0.0,0.0,0.0,0.0,0.0
158,-0.5729356,0.0,0.0,0.0,0.0,0.0,0.0
159,-0.79192436,0.0,0.0,0.0,0.0,0.0,0.0
160,-0.6566024,0.0,0.0,0.0,0.0,0.0,0.0
161,-0.5823935,0.0,0.0,0.0,0.0,0.0,0.0
162,-0.63841397,0.0,0.0,0.0,0.0,0.0,0.0
163,-0.5692979,0.0,0.0,0.0,0.0,0.0,0.0
164,-0.7293562,0.0,0.0,0.0,0.0,0.0,0.0
165,-0.724991,0.0,0.0,0.0,0.0,0.0,0.0
166,-0.17206256,0.0,0.0,0.0,0.0,0.0,0.0
167,-0.078210235,0.0,0.0,0.0,0.0,0.0,0.0
168,-0.099308826,0.0,0.0,0.0,0.0,0.0,0.0
169,-0.08039281,0.0,0.0,0.0,0.0,0.0,0.0
170,-0.07457251,0.0,0.0,0.0,0.0,0.0,0.0
171,-0.11385956,0.0,0.0,0.0,0.0,0.0,0.0
172,-0.78828675,0.0,0.0,0.0,0.0,0.0,0.0
173,-0.75918514,0.0,0.0,0.0,0.0,0.0,0.0
174,-0.6427792,0.0,0.0,0.0,0.0,0.0,0.0
175,-0.6740633,0.0,0.0,0.0,0.0,0.0,0.0
176,-0.6791561,0.0,0.0,0.0,0.0,0.0,0.0
177,-0.647872,0.0,0.0,0.0,0.0,0.0,0.0
178,-0.65005463,0.0,0.0,0.0,0.0,0.0,0.0
179,-0.67624587,0.0,0.0,0.0,0.0,0.0,0.0
180,-0.6813387,0.0,0.0,0.0,0.0,0.0,0.0
181,-0.68934166,0.0,0.0,0.0,0.0,0.0,0.0
182,-0.8232084,0.0,0.0,0.0,0.0,0.0,0.0
183,-0.18006542,0.0,0.0,0.0,0.0,0.0,0.0
184,-0.16478719,0.0,0.0,0.0,0.0,0.0,0.0
185,-0.18152057,0.0,0.0,0.0,0.0,0.0,0.0
186,-0.21716982,0.0,0.0,0.0,0.0,0.0,0.0
187,-0.22080754,0.0,0.0,0.0,0.0,0.0,0.0
188,-0.8559477,0.0,0.0,0.0,0.0,0.0,0.0
189,-0.7831939,0.0,0.0,0.0,0.0,0.0,0.0
190,-0.7279011,0.0,0.0,0.0,0.0,0.0,0.0
191,-0.7300837,0.0,0.0,0.0,0.0,0.0,0.0
192,-0.73226637,0.0,0.0,0.0,0.0,0.0,0.0
193,-0.6718807,0.0,0.0,0.0,0.0,0.0,0.0
194,-0.649327,0.0,0.0,0.0,0.0,0.0,0.0
195,-0.6616951,0.0,0.0,0.0,0.0,0.0,0.0
196,-0.647872,0.0,0.0,0.0,0.0,0.0,0.0
197,-0.65078205,0.0,0.0,0.0,0.0,0.0,0.0
198,-0.6231356,0.0,0.0,0.0,0.0,0.0,0.0
199,-0.68206614,0.0,0.0,0.0,0.0,0.0,0.0
200,-0.76646054,0.0,0.0,0.0,0.0,0.0,0.0
201,-0.087668315,0.0,0.0,0.0,0.0,0.0,0.0
202,-0.14659888,0.0,0.0,0.0,0.0,0.0,0.0
203,0.42815548,0.0,0.0,0.0,0.0,0.0,0.0
204,0.4674426,0.0,0.0,0.0,0.0,0.0,0.0
205,0.4616224,0.0,0.0,0.0,0.0,0.0,0.0
206,0.4674426,0.0,0.0,0.0,0.0,0.0,0.0
207,0.23826842,0.0,0.0,0.0,0.0,0.0,0.0
208,0.21498728,0.0,0.0,0.0,0.0,0.0,0.0
209,0.22517265,0.0,0.0,0.0,0.0,0.0,0.0
210,0.19461618,0.0,0.0,0.0,0.0,0.0,0.0
211,0.1778827,0.0,0.0,0.0,0.0,0.0,0.0
212,0.1778827,0.0,0.0,0.0,0.0,0.0,0.0
213,-0.40269193,0.0,0.0,0.0,0.0,0.0,0.0
214,-0.86395043,0.0,0.0,0.0,0.0,0.0,0.0
215,-0.79192436,0.0,0.0,0.0,0.0,0.0,0.0
216,-0.9461623,0.0,0.0,0.0,0.0,0.0,0.0
217,-0.22881034,0.0,0.0,0.0,0.0,0.0,0.0
218,-0.1662422,0.0,0.0,0.0,0.0,0.0,0.0
219,-0.19025101,0.0,0.0,0.0,0.0,0.0,0.0
220,-0.20771188,0.0,0.0,0.0,0.0,0.0,0.0
221,-0.4812659,0.0,0.0,0.0,0.0,0.0,0.0
222,-0.6907967,0.0,0.0,0.0,0.0,0.0,0.0
223,-0.7148054,0.0,0.0,0.0,0.0,0.0,0.0
224,-0.72717357,0.0,0.0,0.0,0.0,0.0,0.0
225,-0.76355034,0.0,0.0,0.0,0.0,0.0,0.0
226,-0.784649,0.0,0.0,0.0,0.0,0.0,0.0
227,-0.82830125,0.0,0.0,0.0,0.0,0.0,0.0
228,-0.9847217,0.0,0.0,0.0,0.0,0.0,0.0
229,-0.82320845,0.0,0.0,0.0,0.0,0.0,0.0
230,-0.8253911,0.0,0.0,0.0,0.0,0.0,0.0
231,-0.84066933,0.0,0.0,0.0,0.0,0.0,0.0
232,-0.80793023,0.0,0.0,0.0,0.0,0.0,0.0
233,-0.9221535,0.0,0.0,0.0,0.0,0.0,0.0
234,-0.6471443,0.0,0.0,0.0,0.0,0.0,0.0
235,-0.6245907,0.0,0.0,0.0,0.0,0.0,0.0
236,-0.7118953,0.0,0.0,0.0,0.0,0.0,0.0
237,-0.020007238,0.0,0.0,0.0,0.0,0.0,0.0
238,-0.036740612,0.0,0.0,0.0,0.0,0.0,0.0
239,-0.029465176,0.0,0.0,0.0,0.0,0.0,0.0
240,-0.0061839363,0.0,0.0,0.0,0.0,0.0,0.0
241,-0.66751546,0.0,0.0,0.0,0.0,0.0,0.0
242,-0.61658776,0.0,0.0,0.0,0.0,0.0,0.0
243,-0.6093125,0.0,0.0,0.0,0.0,0.0,0.0
244,-0.67333573,0.0,0.0,0.0,0.0,0.0,0.0
245,-0.67551833,0.0,0.0,0.0,0.0,0.0,0.0
246,-0.6638777,0.0,0.0,0.0,0.0,0.0,0.0
247,-0.63768643,0.0,0.0,0.0,0.0,0.0,0.0
248,-0.7482721,0.0,0.0,0.0,0.0,0.0,0.0
249,-0.658785,0.0,0.0,0.0,0.0,0.0,0.0
250,-0.5401964,0.0,0.0,0.0,0.0,0.0,0.0
251,-0.5569297,0.0,0.0,0.0,0.0,0.0,0.0
252,-0.2273554,0.0,0.0,0.0,0.0,0.0,0.0
253,-0.22080761,0.0,0.0,0.0,0.0,0.0,0.0
254,0.41724256,0.0,0.0,0.0,0.0,0.0,0.0
255,0.39541644,0.0,0.0,0.0,0.0,0.0,0.0
256,0.4354309,0.0,0.0,0.0,0.0,0.0,0.0
257,0.6995271,0.0,0.0,0.0,0.0,0.0,0.0
258,0.72862846,0.0,0.0,0.0,0.0,0.0,0.0
259,0.70170957,0.0,0.0,0.0,0.0,0.0,0.0
260,0.53292096,0.0,0.0,0.0,0.0,0.0,0.0
261,0.5620223,0.0,0.0,0.0,0.0,0.0,0.0
262,0.56784284,0.0,0.0,0.0,0.0,0.0,0.0
263,0.5394687,0.0,0.0,0.0,0.0,0.0,0.0
264,0.506002,0.0,0.0,0.0,0.0,0.0,0.0
265,-0.31538743,0.0,0.0,0.0,0.0,0.0,0.0
266,-0.73735905,0.0,0.0,0.0,0.0,0.0,0.0
267,-0.62822855,0.0,0.0,0.0,0.0,0.0,0.0
268,-0.4012369,0.0,0.0,0.0,0.0,0.0,0.0
269,-0.40414703,0.0,0.0,0.0,0.0,0.0,0.0
270,-0.3692253,0.0,0.0,0.0,0.0,0.0,0.0
271,-0.51182246,0.0,0.0,0.0,0.0,0.0,0.0
272,-0.1284103,0.0,0.0,0.0,0.0,0.0,0.0
273,-0.18734086,0.0,0.0,0.0,0.0,0.0,0.0
274,-0.19097844,0.0,0.0,0.0,0.0,0.0,0.0
275,-0.16551477,0.0,0.0,0.0,0.0,0.0,0.0
276,-0.42670062,0.0,0.0,0.0,0.0,0.0,0.0
277,-0.81156784,0.0,0.0,0.0,0.0,0.0,0.0
278,-0.67697334,0.0,0.0,0.0,0.0,0.0,0.0
279,-0.6376864,0.0,0.125459,0.0,0.0,0.0,0.0
280,-0.6369589,0.0,0.28086823,0.0,0.0,0.0,0.0
281,-0.6660604,0.0,0.44418272,0.0,0.0,0.0,0.0
282,-0.6369589,0.0,0.61630017,0.0,0.0,0.0,0.0
283,-0.64059657,0.0,0.7887538,0.0,0.0,0.0,0.0
284,-0.76500547,1.505508,0.97537726,0.0,0.0,0.0,1.0
285,-0.6842488,1.8649107,1.1732069,0.0,0.0,0.0,1.0
286,-0.6827938,1.9597741,1.3898276,0.0,0.0,0.0,1.0
287,-0.8072027,2.0654092,1.6084733,0.0,0.0,0.0,1.0
288,-0.48563105,2.0694437,1.8181357,0.0,0.0,0.0,1.0
289,-0.67624587,2.2394814,2.0130334,0.0,0.0,0.0,1.0
290,-0.22808291,2.3739562,2.2047472,0.0,0.0,0.0,1.0
291,-0.25863943,2.5994477,2.270201,0.0,0.0,0.0,1.0
292,-0.2724626,2.6237488,2.2977538,0.0,0.0,0.0,1.0
293,-0.88432145,2.5159495,2.319626,0.0,0.0,0.0,1.0
294,-0.75627506,2.338772,2.335776,0.0,0.0,0.0,1.0
295,-0.73881406,2.3005643,2.3603227,0.0,0.0,0.0,1.0
296,-0.7548199,2.2909532,2.3765821,0.0,0.0,0.0,1.0
297,-0.70316476,2.195545,2.3863697,0.0,0.0,0.0,1.0
298,-0.6835213,2.2222419,2.3828394,0.0,0.0,0.0,1.0
299,-0.69661695,2.2592082,2.3856263,0.0,0.0,0.0,1.0
300,-0.6755184,2.3640049,2.4020762,0.0,0.0,0.0,1.0
301,-0.6704256,2.4345956,2.436126,0.0,0.0,0.0,1.0
302,-0.83775914,2.4914052,2.469376,0.0,0.0,0.0,1.0
303,-0.6755184,2.5570858,2.5045934,0.0,0.0,0.0,1.0
304,-0.6813387,2.6571915,2.5600758,0.0,0.0,0.0,1.0
305,-0.6347763,2.713348,2.6256673,0.0,0.0,0.0,1.0
306,-0.38523093,2.7473693,2.696137,0.0,0.0,0.0,1.0
307,-0.3561294,2.6995656,2.7662003,0.0,0.0,0.0,1.0
308,-0.35758448,2.7135606,2.842127,0.0,0.0,0.0,1.0
309,-0.13423058,2.8613331,2.9215078,0.0,0.0,0.0,1.0
310,-0.09130596,3.009339,3.0043309,0.0,0.0,0.0,1.0
311,-0.13277557,3.1048443,3.0746183,0.0,0.0,0.0,1.0
312,0.4739904,3.2047644,3.1424036,0.0,0.0,0.0,1.0
313,0.18006532,3.345718,3.2073193,0.0,0.0,0.0,1.0
314,0.14005074,3.4439738,3.2750397,0.0,0.0,0.0,1.0
315,0.12768264,3.5509617,3.3425848,0.0,0.0,0.0,1.0
316,0.1764277,3.5006423,3.3939285,0.0,0.0,0.0,1.0
317,0.1844307,3.5267725,3.4249682,0.0,0.0,0.0,1.0
318,0.15241896,3.5263567,3.4396324,0.0,0.0,0.0,1.0
319,0.15678415,3.5122087,3.4399343,0.0,0.0,0.0,1.0
320,0.16987984,3.524103,3.4192872,0.0,0.0,0.0,1.0
321,-0.38595855,3.4774585,3.3918936,0.0,0.0,0.0,1.0
322,-0.35103682,3.3818166,3.3551154,0.0,0.0,0.0,1.0
323,-0.7955619,3.280813,3.3225164,0.0,0.0,0.0,1.0
324,-0.46162245,3.2083876,3.2843595,0.0,0.0,0.0,1.0
325,-0.16842483,3.0979521,3.2384536,0.0,0.0,0.0,1.0
326,-0.12986536,3.115252,3.1923046,0.0,0.0,0.0,1.0
327,-0.15169139,3.1096222,3.1483974,0.0,0.0,0.0,1.0
328,-0.13932331,3.1094537,3.107628,0.0,0.0,1.0,1.0
329,-0.12550007,3.0688887,3.0739315,0.0,0.0,1.0,1.0
330,-0.68934155,2.9754882,3.0382812,0.0,0.0,1.0,1.0
331,-0.85376495,2.9584193,3.001237,0.0,0.0,1.0,1.0
332,-0.7759185,2.9972174,2.9705935,0.0,0.0,1.0,1.0
333,-0.7911968,2.9882276,2.9420395,0.0,0.0,1.0,1.0
334,-0.9381592,2.9774559,2.9162657,0.0,0.0,1.0,1.0
335,-0.7875591,2.8530097,2.8908782,0.0,0.0,1.0,1.0
336,-0.78755903,2.763856,2.866244,0.0,0.0,1.0,1.0
337,-0.7839215,2.7302296,2.838422,0.0,0.0,1.0,1.0
338,-0.8006548,2.7726047,2.8006542,0.0,0.0,1.0,1.0
339,-0.80283743,2.8003378,2.7507012,0.0,0.0,1.0,1.0
340,-0.7984722,2.8048031,2.7025926,0.0,0.0,1.0,1.0
341,-0.7635504,2.7732806,2.6566374,0.0,0.0,1.0,1.0
342,-0.73081124,2.641624,2.608227,0.0,0.0,1.0,1.0
343,-0.7024372,2.5052035,2.5636992,0.0,0.0,1.0,1.0
344,-0.70607495,2.397782,2.5147026,0.0,0.0,1.0,1.0
345,-0.7817388,2.4109244,2.461111,0.0,0.0,1.0,1.0
346,-0.3008367,2.4259932,2.4117215,0.0,0.0,1.0,1.0
347,-0.27901053,2.2720845,2.3629456,0.0,0.0,0.0,1.0
348,-0.3008367,2.2295237,2.3190079,0.0,0.0,0.0,1.0
349,-0.3124773,2.14227,2.284823,0.0,0.0,0.0,1.0
350,-0.31029463,2.1295066,2.262797,0.0,0.0,0.0,1.0
351,-0.7453619,2.207663,2.2577262,0.0,0.0,0.0,1.0
352,-0.6551473,2.2194905,2.2655702,0.0,0.0,0.0,1.0
353,-0.6420517,2.2460284,2.2871175,0.0,0.0,0.0,1.0
354,-0.6187705,2.2314067,2.3339696,0.0,0.0,0.0,1.0
355,-0.65805745,2.240892,2.392284,0.0,0.0,0.0,1.0
356,-0.572208,2.33693,2.4613893,0.0,0.0,0.0,1.0
357,-0.5598399,2.505052,2.5403256,0.0,0.0,0.0,1.0
358,-0.64932704,2.684562,2.6270406,0.0,0.0,0.0,1.0
359,-0.20552923,2.8343093,2.7230496,0.0,0.0,0.0,1.0
360,0.044743694,2.929296,2.8212209,0.0,0.0,0.0,1.0
361,0.05783928,2.9715362,2.92319,0.0,0.0,0.0,1.0
362,0.11094941,3.0767422,3.0276525,0.0,0.0,0.0,1.0
363,0.094216175,3.248243,3.1265733,0.0,0.0,0.0,1.0
364,0.12695536,3.371597,3.2120585,0.0,0.0,0.0,1.0
365,0.15823947,3.4240844,3.2873046,0.0,0.0,0.0,1.0
366,0.13059308,3.4550357,3.3538797,0.0,0.0,0.0,1.0
367,-0.34812653,3.494442,3.412788,0.0,0.0,0.0,1.0
368,-0.36267728,3.5239801,3.4635577,0.0,0.0,1.0,1.0
369,-0.42742813,3.530874,3.5022423,0.0,0.0,1.0,1.0
370,-0.45289195,3.5875146,3.5246623,0.0,0.0,1.0,1.0
371,-0.8021099,3.6332104,3.5356562,0.0,0.0,1.0,1.0
372,-0.6806112,3.6361957,3.5412667,0.0,0.0,1.0,1.0
373,-0.6515097,3.5807734,3.5365295,0.0,0.0,1.0,1.0
374,-0.67333573,3.5409575,3.5234113,0.0,0.0,1.0,1.0
375,-0.66678786,3.5172813,3.5046277,0.0,0.0,1.0,1.0
376,-0.20334665,3.5035253,3.4874349,0.0,0.0,1.0,1.0
377,-0.17933784,3.49141,3.4662337,0.0,0.0,1.0,1.0
378,-0.18734086,3.3981903,3.44287,0.0,0.0,1.0,1.0
379,-0.16260462,3.3370223,3.4189968,0.0,0.0,1.0,1.0
380,-0.18515821,3.298578,3.3988376,0.0,0.0,1.0,1.0
381,-0.23172055,3.3245597,3.3827016,0.0,0.0,1.0,1.0
382,-0.80938524,3.3331022,3.3734257,0.0,0.0,1.0,1.0
383,-0.6871589,3.3528426,3.3630075,0.0,0.0,1.0,1.0
384,-0.68643147,3.3497202,3.353605,0.0,0.0,0.0,1.0
385,-0.70461977,3.3388617,3.3541179,0.0,0.0,1.0,1.0
386,-0.7329938,3.3473258,3.3623648,0.0,0.0,1.0,1.0
387,-0.74608946,3.40597,3.3782752,0.0,0.0,1.0,1.0
388,-0.71262276,3.3785086,3.3968728,0.0,0.0,1.0,1.0
389,-0.7329939,3.378578,3.42382,0.0,0.0,1.0,1.0
390,-0.71116763,3.4043467,3.4470413,0.0,0.0,1.0,1.0
391,-0.7322663,3.4359841,3.4693992,0.0,0.0,1.0,1.0
392,-0.7286286,3.489503,3.4936159,0.0,0.0,1.0,1.0
393,-0.78974175,3.5477312,3.5156524,0.0,0.0,1.0,1.0
394,-0.88577664,3.6564682,3.5302982,0.0,0.0,1.0,1.0
395,-0.5016369,3.6314967,3.5425613,0.0,0.0,1.0,1.0
396,-0.2666423,3.6180182,3.551533,0.0,0.0,1.0,1.0
397,-0.2702801,3.6294603,3.5524945,0.0,0.0,1.0,1.0
398,-0.28846848,3.611765,3.547445,0.0,0.0,1.0,1.0
399,-0.23172048,3.5817204,3.543229,0.0,0.0,1.0,1.0
400,-0.8450346,3.5256636,3.5401826,0.0,0.0,1.0,1.0
401,-0.75190985,3.4862382,3.516524,0.0,0.0,1.0,1.0
402,-0.7904693,3.4158847,3.4945774,0.0,0.0,1.0,1.0
403,-0.767188,3.3753903,3.4635608,0.0,0.0,1.0,1.0
404,-0.87850124,3.438912,3.436594,0.0,0.0,1.0,1.0
405,-0.7337213,3.5111732,3.4119112,0.0,0.0,1.0,1.0
406,-0.71480536,3.3725667,3.4000316,0.0,0.0,1.0,1.0
407,-0.74172425,3.3681364,3.4019933,0.0,0.0,1.0,1.0
408,-0.24408878,3.24582,3.4044847,0.0,0.0,0.0,1.0
409,0.3124772,3.3058589,3.4153569,0.0,0.0,0.0,1.0
410,0.25500172,3.3155704,3.4409797,0.0,0.0,0.0,1.0
411,0.2644598,3.4391632,3.4765892,0.0,0.0,0.0,1.0
412,0.2615496,3.5492065,3.5208468,0.0,0.0,0.0,1.0
413,0.24845378,3.5161333,3.5924187,0.0,0.0,0.0,1.0
414,0.21280445,3.5463512,3.6680844,0.0,0.0,0.0,1.0
415,0.45070922,3.682866,3.7533522,0.0,0.0,0.0,1.0
416,0.48344848,3.8662233,3.8325515,0.0,0.0,0.0,1.0
417,0.40560198,4.042265,3.9248686,0.0,0.0,0.0,1.0
418,0.23463076,4.2314286,4.011867,0.0,0.0,0.0,1.0
419,0.33430338,4.2761273,4.103362,0.0,0.0,0.0,1.0
420,-0.1706074,4.269031,4.1953526,0.0,0.0,0.0,1.0
421,-0.9163332,4.256253,4.27554,0.0,0.0,0.0,1.0
422,-0.7548199,4.423376,4.3340397,0.0,0.0,0.0,1.0
423,-0.7620953,4.4831414,4.3785925,0.0,0.0,0.0,1.0
424,-0.7519098,4.647151,4.4111567,0.0,0.0,0.0,1.0
425,-0.9090578,4.620017,4.429348,0.0,0.0,0.0,1.0
426,-0.814478,4.5085993,4.438476,0.0,0.0,0.0,1.0
427,-1.0,4.3848658,4.4394965,0.0,0.0,0.0,1.0
428,-0.78464895,4.4008555,4.4334617,0.0,0.0,0.0,1.0
429,-0.7897418,4.433033,4.4056573,0.0,0.0,0.0,1.0
430,-0.7642778,4.4497232,4.372276,0.0,0.0,0.0,1.0
431,-0.76937073,4.385667,4.3241377,0.0,0.0,0.0,1.0
432,-0.88723165,4.281274,4.2776155,0.0,0.0,0.0,1.0
433,-0.52637315,4.183835,4.238746,0.0,0.0,0.0,1.0
434,-0.47253546,4.089727,4.2074575,0.0,0.0,0.0,1.0
435,-0.48126575,4.0825624,4.170387,0.0,0.0,0.0,1.0
436,-0.4492542,4.069496,4.128613,0.0,0.0,0.0,1.0
437,-0.84648955,4.0617466,4.0923667,0.0,0.0,1.0,1.0
438,-0.77009827,4.0421696,4.068365,0.0,0.0,1.0,1.0
439,-0.77882874,4.009399,4.050057,0.0,0.0,1.0,1.0
440,-0.77737355,3.9560063,4.045809,0.0,0.0,1.0,1.0
441,-0.8297563,3.9317517,4.0540066,0.0,0.0,1.0,1.0
442,-0.81375045,4.0147686,4.0693316,0.0,0.0,1.0,1.0
443,-0.79701704,4.0976467,4.0961804,0.0,0.0,1.0,1.0
444,-0.79701716,4.061575,4.1328316,0.0,0.0,1.0,1.0
445,-0.7984722,4.1328554,4.1824055,0.0,0.0,1.0,1.0
446,-0.795562,4.1881,4.2477126,0.0,0.0,1.0,1.0
447,-0.8115679,4.2664623,4.3331676,0.0,0.0,1.0,1.0
448,-0.89741725,4.3916836,4.432489,0.0,0.0,1.0,1.0
449,-0.52637315,4.501562,4.535554,0.0,0.0,1.0,1.0
450,-0.43252093,4.637056,4.633441,0.0,0.0,1.0,1.0
451,-0.46307746,4.793084,4.742401,0.0,0.0,1.0,1.0
452,-0.4572571,4.9814634,4.861038,0.0,0.0,1.0,1.0
453,-0.43688607,5.1236115,4.9732833,0.0,0.0,1.0,1.0
454,-0.75845766,5.251549,5.076652,0.0,0.0,1.0,1.0
455,-0.6478719,5.2722874,5.166654,0.0,0.0,1.0,1.0
456,-0.68133855,5.369101,5.247027,0.0,0.0,1.0,1.0
457,-0.73372144,5.556498,5.321049,0.0,0.0,1.0,1.0
458,-0.344489,5.5350437,5.385807,0.0,0.0,1.0,1.0
459,0.2542742,5.5068836,5.423914,0.0,0.0,1.0,1.0
460,0.46453232,5.471711,5.4390674,0.0,0.0,1.0,1.0
461,0.57002544,5.466034,5.4278965,0.0,0.0,0.0,1.0
462,0.8610404,5.525322,5.404574,0.0,0.0,0.0,1.0
463,0.89741725,5.570179,5.3730087,0.0,0.0,0.0,1.0
464,0.90760267,5.438746,5.3214774,0.0,0.0,0.0,1.0
465,0.895962,5.3054523,5.2710657,0.0,0.0,0.0,1.0
466,0.9046926,5.1174994,5.23025,0.0,0.0,0.0,1.0
467,0.9337941,4.9924164,5.1927843,0.0,0.0,0.0,1.0
468,0.4077846,4.9903164,5.140668,0.0,0.0,0.0,1.0
469,-0.1676974,4.938125,5.088955,0.0,0.0,0.0,1.0
470,-0.17642792,4.9301047,5.033822,0.0,0.0,0.0,1.0
471,-0.2062568,5.01709,4.9913073,0.0,0.0,0.0,1.0
472,-0.32775545,5.0221286,4.955864,0.0,0.0,0.0,1.0
473,-0.3386686,4.840635,4.9279304,0.0,0.0,0.0,1.0
474,-0.3910513,4.9047637,4.8978066,0.0,0.0,0.0,1.0
475,-0.40996733,4.9085875,4.879306,0.0,0.0,0.0,1.0
476,-0.47035283,4.9285684,4.875725,0.0,0.0,0.0,1.0
477,-0.25063658,4.8801346,4.879755,0.0,0.0,0.0,1.0
478,0.02073488,4.782297,4.870908,0.0,0.0,0.0,1.0
479,0.01127687,4.630928,4.8405933,0.0,0.0,0.0,1.0
480,-0.01636952,4.768307,4.810301,0.0,0.0,0.0,1.0
481,0.0047290055,4.895156,4.756776,0.0,0.0,0.0,1.0
482,0.023644956,4.978465,4.685368,0.0,0.0,0.0,1.0
483,0.0069117215,4.9109254,4.5953226,0.0,0.0,0.0,1.0
484,-0.51036745,4.6583548,4.4999804,0.0,0.0,0.0,1.0
485,-0.5052746,4.4771247,4.400966,0.0,0.0,0.0,1.0
486,-0.56929785,4.262462,4.3093266,0.0,0.0,0.0,1.0
487,-0.5714806,4.051691,4.198507,0.0,0.0,0.0,1.0
488,-0.591124,3.8480258,4.072424,0.0,0.0,0.0,1.0
489,-0.6282284,3.7360256,3.9348876,0.0,0.0,0.0,1.0
490,-0.63186604,3.594128,3.8078182,0.0,0.0,0.0,1.0
491,-0.62895596,3.5312538,3.6933396,0.0,0.0,0.0,1.0
492,-0.5809385,3.4384718,3.5851226,0.0,0.0,0.0,1.0
493,-0.7439068,3.3821585,3.5001583,0.0,0.0,0.0,1.0
494,-0.56784284,3.3280313,3.4399505,0.0,0.0,0.0,1.0
495,-0.6536923,3.3860903,3.4114826,0.0,0.0,0.0,1.0
496,-0.3248453,3.2846115,3.3905642,0.0,0.0,0.0,1.0
497,-0.29938155,3.1785202,3.3992946,0.0,0.0,0.0,1.0
498,-0.3182975,3.2428913,3.426197,0.0,0.0,0.0,1.0
499,-0.44416144,3.3291984,3.4787455,0.0,0.0,0.0,1.0
500,-0.63986886,3.5064092,3.5457463,0.0,0.0,0.0,1.0
501,-0.5212805,3.4850051,3.6235216,0.0,0.0,0.0,1.0
502,-0.9461622,3.6988947,3.6945152,0.0,0.0,0.0,1.0
503,-0.8217534,3.8540814,3.774872,0.0,0.0,0.0,1.0
504,-0.8006547,4.0690536,3.8769014,0.0,0.0,0.0,1.0
505,-0.9199709,4.18617,3.980017,0.0,0.0,0.0,1.0
506,-0.46962535,4.2613335,4.0794,0.0,0.0,0.0,1.0
507,0.09785368,4.2380147,4.1771264,0.0,0.0,0.0,1.0
508,0.14587106,4.2488923,4.291768,0.0,0.0,0.0,1.0
509,0.20843938,4.4028716,4.391579,0.0,0.0,0.0,1.0
510,0.20261902,4.4802794,4.481824,0.0,0.0,0.0,1.0
511,0.21062203,4.5217957,4.549775,0.0,0.0,0.0,1.0
512,0.7722808,4.679126,4.62423,0.0,0.0,0.0,1.0
513,0.79192424,4.860705,4.695803,0.0,0.0,0.0,1.0
514,0.7926518,4.8966284,4.7709994,0.0,0.0,0.0,1.0
515,0.7533648,4.9370184,4.8342752,0.0,0.0,0.0,1.0
516,0.7402693,4.8844686,4.883036,0.0,0.0,0.0,1.0
517,-0.018552234,5.0796247,4.940499,0.0,0.0,0.0,1.0
518,-0.42670077,5.120215,5.0017257,0.0,0.0,0.0,1.0
519,-0.8035649,5.140366,5.056132,0.0,0.0,0.0,1.0
520,-0.7257185,5.0082054,5.0975947,0.0,0.0,0.0,1.0
521,-0.7497272,4.988003,5.1384473,0.0,0.0,0.0,1.0
522,-0.75190985,5.169832,5.1709456,0.0,0.0,0.0,1.0
523,-0.72935617,5.256517,5.202941,0.0,0.0,1.0,1.0
524,-0.7046198,5.3320007,5.2126822,0.0,0.0,1.0,1.0
525,-0.688614,5.358257,5.206418,0.0,0.0,1.0,1.0
526,-0.6944343,5.38686,5.1984634,0.0,0.0,1.0,1.0
527,-0.71771544,5.3269997,5.2081156,0.0,0.0,1.0,1.0
528,-0.75481987,5.268413,5.208582,0.0,0.0,1.0,1.0
529,-0.7781011,5.196517,5.191965,0.0,0.0,1.0,1.0
530,-0.7810112,5.045048,5.159909,0.0,0.0,1.0,1.0
531,-0.79046935,5.044906,5.1349773,0.0,0.0,1.0,1.0
532,-0.8021099,5.1240363,5.1193194,0.0,0.0,1.0,1.0
533,-0.8981448,4.993597,5.094809,0.0,0.0,1.0,1.0
534,-0.21134953,4.970428,5.0740366,0.0,0.0,1.0,1.0
535,-0.24408871,4.8718405,5.047114,0.0,0.0,1.0,1.0
536,-0.22808284,5.032823,5.0085573,0.0,0.0,1.0,1.0
537,-0.24408871,5.170362,4.9713655,0.0,0.0,1.0,1.0
538,-0.8261185,5.0927353,4.9272857,0.0,0.0,1.0,1.0
539,-0.73372126,5.0777316,4.8653426,0.0,0.0,1.0,1.0
540,-0.7366315,4.945343,4.8033333,0.0,0.0,1.0,1.0
541,-0.776646,4.7338367,4.750391,0.0,0.0,1.0,1.0
542,-0.6937068,4.598746,4.7061834,0.0,0.0,1.0,1.0
543,-0.7024372,4.5159483,4.646555,0.0,0.0,1.0,1.0
544,-0.7388141,4.380722,4.5809007,0.0,0.0,1.0,1.0
545,-0.7708257,4.2494807,4.5189147,0.0,0.0,1.0,1.0
546,-0.7570026,4.335122,4.466202,0.0,0.0,1.0,1.0
547,-0.79265183,4.3413525,4.4038024,0.0,0.0,1.0,1.0
548,-0.8268461,4.3172774,4.3556232,0.0,0.0,1.0,1.0
549,-0.8435795,4.382515,4.3211265,0.0,0.0,1.0,1.0
550,-0.79410696,4.3489013,4.2883825,0.0,0.0,1.0,1.0
551,-0.77737355,4.4451766,4.2694182,0.0,0.0,1.0,1.0
552,-0.77591854,4.196548,4.2688313,0.0,0.0,1.0,1.0
553,-0.82466346,4.155687,4.2694554,0.0,0.0,1.0,1.0
554,-0.21862504,4.184786,4.2787986,0.0,0.0,1.0,1.0
555,-0.102219045,4.123019,4.293821,0.0,0.0,1.0,1.0
556,-0.10367419,4.153155,4.3089237,0.0,0.0,0.0,1.0
557,0.52346295,4.242438,4.324644,0.0,0.0,0.0,1.0
558,0.54310656,4.3426094,4.331822,0.0,0.0,0.0,1.0
559,0.48854113,4.4534717,4.3588305,0.0,0.0,0.0,1.0
560,0.52637327,4.4975414,4.394568,0.0,0.0,0.0,1.0
561,0.328483,4.563753,4.4281096,0.0,0.0,0.0,1.0
562,0.33212075,4.5375423,4.479575,0.0,0.0,0.0,1.0
563,0.2993815,4.53131,4.5282335,0.0,0.0,0.0,1.0
564,0.56566006,4.5206556,4.551626,0.0,0.0,0.0,1.0
565,0.63914144,4.584536,4.5441604,0.0,0.0,0.0,1.0
566,0.54019636,4.5872827,4.524639,0.0,0.0,0.0,1.0
567,0.065842144,4.7406073,4.4988112,0.0,0.0,0.0,1.0
568,0.28410318,4.737055,4.4603877,0.0,0.0,0.0,1.0
569,0.27100754,4.5231476,4.414681,0.0,0.0,0.0,1.0
570,0.01127687,4.2530212,4.3575864,0.0,0.0,0.0,1.0
571,0.03746833,4.219216,4.2949324,0.0,0.0,0.0,1.0
572,-0.24336113,4.187608,4.219073,0.0,0.0,0.0,1.0
573,-0.6646054,4.102672,4.1335635,0.0,0.0,0.0,1.0
574,-0.60858494,3.9890628,4.036246,0.0,0.0,0.0,1.0
575,-0.6544197,3.846171,3.9414418,0.0,0.0,0.0,1.0
576,-0.63768643,3.7688115,3.8647997,0.0,0.0,0.0,1.0
577,-0.84576213,3.674221,3.812679,0.0,0.0,0.0,1.0
578,-0.7439068,3.5611703,3.755703,0.0,0.0,0.0,1.0
579,-0.73954165,3.572794,3.7087476,0.0,0.0,0.0,1.0
580,-0.6806111,3.5994067,3.6711175,0.0,0.0,0.0,1.0
581,-0.79919976,3.6034412,3.6501465,0.0,0.0,0.0,1.0
582,-0.6951619,3.627575,3.6444159,0.0,0.0,0.0,1.0
583,-0.7017096,3.5355036,3.6445365,0.0,0.0,0.0,1.0
584,-0.43615863,3.6241426,3.6563237,0.0,0.0,0.0,1.0
585,-0.14296095,3.651111,3.6767852,0.0,0.0,0.0,1.0
586,-0.15605667,3.7374094,3.6963599,0.0,0.0,0.0,1.0
587,-0.17424513,3.7774048,3.712022,0.0,0.0,0.0,1.0
588,-0.21789733,3.7702587,3.725543,0.0,0.0,0.0,1.0
589,-0.11094927,3.8156676,3.7369857,0.0,0.0,1.0,1.0
590,-0.73153865,3.8067083,3.73546,0.0,0.0,1.0,1.0
591,-0.78901416,3.8076892,3.70661,0.0,0.0,1.0,1.0
592,-0.64859945,3.787354,3.663463,0.0,0.0,1.0,1.0
593,-0.64932704,3.7656908,3.594542,0.0,0.0,1.0,1.0
594,-0.63259363,3.7648885,3.5058498,0.0,0.0,1.0,1.0
595,-0.6405965,3.5171962,3.4214547,0.0,0.0,1.0,1.0
596,-0.6078574,3.277942,3.3410604,0.0,0.0,1.0,1.0
597,-0.6216806,3.1333475,3.2710056,0.0,0.0,1.0,1.0
598,-0.5947617,2.9103577,3.2138884,0.0,0.0,1.0,1.0
599,-0.59476167,2.7130985,3.1672838,0.0,0.0,1.0,1.0
600,-0.5853037,2.757515,3.1258395,0.0,0.0,1.0,1.0
601,-0.5671153,2.8509376,3.0928516,0.0,0.0,1.0,1.0
602,-0.77373576,2.9660506,3.0872083,0.0,0.0,1.0,1.0
603,-0.71044016,3.122283,3.1148922,0.0,0.0,1.0,1.0
604,-0.3248453,3.228098,3.162552,0.0,0.0,1.0,1.0
605,-0.13423058,3.2683604,3.2365496,0.0,0.0,1.0,1.0
606,-0.10076383,3.3690324,3.3309376,0.0,0.0,1.0,1.0
607,-0.058566637,3.4494772,3.4273777,0.0,0.0,1.0,1.0
608,-0.045470983,3.6101494,3.5150833,0.0,0.0,1.0,1.0
609,-0.09057832,3.705266,3.6006675,0.0,0.0,1.0,1.0
610,-0.5729355,3.798327,3.6698353,0.0,0.0,1.0,1.0
611,-0.57802826,3.845754,3.7242286,0.0,0.0,1.0,1.0
612,-0.55474716,3.9147968,3.7733912,0.0,0.0,0.0,1.0
613,-0.55911237,3.9034047,3.8069112,0.0,0.0,0.0,1.0
614,-0.5685704,3.9930625,3.825841,0.0,0.0,0.0,1.0
615,-0.80938524,3.9522948,3.820316,0.0,0.0,0.0,1.0
616,-0.7257184,3.8808174,3.7954803,0.0,0.0,0.0,1.0
617,-0.78974164,3.8583117,3.766153,0.0,0.0,0.0,1.0
618,-0.39468896,3.771274,3.7402682,0.0,0.0,0.0,1.0
619,-0.3263005,3.676634,3.6952345,0.0,0.0,0.0,1.0
620,0.16333194,3.5438502,3.6517136,0.0,0.0,0.0,1.0
621,0.14950877,3.4072359,3.6008058,0.0,0.0,0.0,1.0
622,0.15096386,3.4464025,3.5649793,0.0,0.0,0.0,1.0
623,0.10803919,3.535134,3.5429564,0.0,0.0,0.0,1.0
624,0.14296095,3.3743925,3.5273755,0.0,0.0,0.0,1.0
625,0.35321927,3.381154,3.5213206,0.0,0.0,0.0,1.0
626,0.34157866,3.3821666,3.5214405,0.0,0.0,0.0,1.0
627,-0.18152064,3.5223775,3.5351775,0.0,0.0,0.0,1.0
628,-0.074572586,3.6165419,3.5606146,0.0,0.0,0.0,1.0
629,-0.0767553,3.6713417,3.5818312,0.0,0.0,0.0,1.0
630,-0.42451805,3.698615,3.5920165,0.0,0.0,0.0,1.0
631,-0.7402691,3.6780756,3.6241333,0.0,0.0,0.0,1.0
632,-0.6478719,3.7086914,3.6642654,0.0,0.0,0.0,1.0
633,-0.6304111,3.712481,3.7009742,0.0,0.0,0.0,1.0
634,-0.602037,3.701004,3.7214055,0.0,0.0,0.0,1.0
635,-0.572208,3.6573555,3.7337005,0.0,0.0,0.0,1.0
636,-0.55983996,3.7597966,3.7344923,0.0,0.0,0.0,1.0
637,-0.5809384,3.862737,3.7285702,0.0,0.0,0.0,1.0
638,-0.638414,3.8226726,3.7142446,0.0,0.0,0.0,1.0
639,-0.79774463,3.7675543,3.6900125,0.0,0.0,0.0,1.0
640,-0.4477991,3.764082,3.663001,0.0,0.0,0.0,1.0
641,-0.43615857,3.680844,3.6346452,0.0,0.0,0.0,1.0
642,-0.40778455,3.6275487,3.6165268,0.0,0.0,0.0,1.0
643,-0.4128774,3.5061686,3.585294,0.0,0.0,0.0,1.0
644,-0.40778455,3.4179065,3.5412183,0.0,0.0,0.0,1.0
645,-0.8901418,3.3883433,3.4902792,0.0,0.0,0.0,1.0
646,-0.8275737,3.3607333,3.4430764,0.0,0.0,0.0,1.0
647,-0.80574757,3.4399366,3.3881545,0.0,0.0,0.0,1.0
648,-0.92506367,3.3850012,3.3330488,0.0,0.0,0.0,1.0
649,-0.75263727,3.333827,3.2815952,0.0,0.0,0.0,1.0
650,-0.7329938,3.2114048,3.2273195,0.0,0.0,0.0,1.0
651,-0.7570026,3.2011192,3.1817873,0.0,0.0,0.0,1.0
652,-0.7228083,3.1050212,3.134877,0.0,0.0,0.0,1.0
653,-0.727901,3.0195742,3.0813582,0.0,0.0,0.0,1.0
654,-0.81738806,3.010106,3.026123,0.0,0.0,0.0,1.0
655,-0.16915233,2.8548603,2.9680655,0.0,0.0,0.0,1.0
656,-0.1706074,2.8715208,2.9082758,0.0,0.0,0.0,1.0
657,-0.13641316,2.825418,2.8487198,0.0,0.0,0.0,1.0
658,-0.16114955,2.7185087,2.7828398,0.0,0.0,0.0,1.0
659,-0.16187704,2.7771165,2.7224379,0.0,0.0,0.0,1.0
660,-0.80138236,2.6883106,2.662496,0.0,0.0,1.0,1.0
661,-0.6987995,2.616349,2.6075513,0.0,0.0,1.0,1.0
662,-0.59839946,2.4967341,2.5682013,0.0,0.0,1.0,1.0
663,-0.5889415,2.410558,2.531916,0.0,0.0,1.0,1.0
664,-0.57148063,2.3801973,2.5072608,0.0,0.0,1.0,1.0
665,-0.5372862,2.3002746,2.4887817,0.0,0.0,1.0,1.0
666,-0.5634777,2.3507674,2.4791358,0.0,0.0,1.0,1.0
667,-0.5780284,2.3826594,2.482478,0.0,0.0,1.0,1.0
668,-0.578756,2.436097,2.4996195,0.0,0.0,1.0,1.0
669,-0.71262276,2.5295577,2.536286,0.0,0.0,1.0,1.0
670,-0.34812662,2.4967587,2.5744562,0.0,0.0,1.0,1.0
671,-0.07602751,2.661364,2.6191957,0.0,0.0,1.0,1.0
672,-0.08112038,2.728418,2.6718433,0.0,0.0,1.0,1.0
673,-0.05420149,2.8220482,2.715608,0.0,0.0,1.0,1.0
674,-0.09494354,2.9367323,2.7599657,0.0,0.0,1.0,1.0
675,-0.17497256,2.8685985,2.80316,0.0,0.0,1.0,1.0
676,-0.7133504,2.9170735,2.8472733,0.0,0.0,0.0,1.0
677,-0.8021099,2.9320457,2.894852,0.0,0.0,0.0,1.0
678,-0.6173154,2.8759415,2.9160225,0.0,0.0,0.0,1.0
679,-0.6442342,2.9149535,2.9412155,0.0,0.0,0.0,1.0
680,-0.6253182,2.9544275,2.9557261,0.0,0.0,0.0,1.0
681,-0.6762459,3.0589175,2.9614794,0.0,0.0,0.0,1.0
682,-0.63986903,3.0677035,2.965854,0.0,0.0,0.0,1.0
683,-0.69152427,2.9154122,2.968235,0.0,0.0,0.0,1.0
684,-0.6893415,3.0307312,2.9635606,0.0,0.0,0.0,1.0
685,-0.74245185,2.9961782,2.9666862,0.0,0.0,0.0,1.0
686,-0.7700982,3.0057712,2.965433,0.0,0.0,0.0,1.0
687,-0.7133503,2.9210925,2.9609876,0.0,0.0,0.0,1.0
688,-0.46526003,2.9456444,2.9471302,0.0,0.0,0.0,1.0
689,-0.24990892,2.875954,2.9394066,0.0,0.0,0.0,1.0
690,-0.23244806,2.9134498,2.9445965,0.0,0.0,0.0,1.0
691,-0.22153504,2.8999119,2.9334257,0.0,0.0,0.0,1.0
692,-0.23681334,2.901084,2.91906,0.0,0.0,0.0,1.0
693,-0.19461623,2.8926291,2.9042416,0.0,0.0,0.0,1.0
694,-0.86613315,2.975021,2.9085698,0.0,0.0,0.0,1.0
695,-0.84285194,2.9776921,2.9004855,0.0,0.0,0.0,1.0
696,-0.59621674,2.89668,2.896162,0.0,0.0,0.0,1.0
697,-0.6136777,2.8237913,2.8871713,0.0,0.0,0.0,1.0
698,-0.63332117,2.8279493,2.8788028,0.0,0.0,0.0,1.0
699,-0.6333211,2.9730315,2.8633738,0.0,0.0,0.0,1.0
700,-0.6085849,2.8486335,2.844024,0.0,0.0,0.0,1.0
701,-0.62240815,2.8240716,2.8199544,0.0,0.0,0.0,1.0
702,-0.5874864,2.8055606,2.7933204,0.0,0.0,0.0,1.0
703,-0.6064023,2.7994907,2.7743573,0.0,0.0,0.0,1.0
704,-0.6020371,2.715934,2.7613564,0.0,0.0,0.0,1.0
705,-0.5903965,2.6604328,2.749422,0.0,0.0,0.0,1.0
706,-0.62895596,2.686184,2.7280717,0.0,0.0,0.0,1.0
707,-0.5358312,2.6580849,2.7363298,0.0,0.0,0.0,1.0
708,-0.25500172,2.6691227,2.7625906,0.0,0.0,0.0,1.0
709,-0.22662783,2.6677802,2.8045456,0.0,0.0,0.0,1.0
710,-0.28410324,2.6847394,2.8573215,0.0,0.0,0.0,1.0
711,-0.31975257,2.716827,2.9299417,0.0,0.0,0.0,1.0
712,-0.27973804,2.9477308,3.0135064,0.0,0.0,0.0,1.0
713,-0.28192067,3.1392019,3.1008945,0.0,0.0,0.0,1.0
714,0.01127687,3.309019,3.1997025,0.0,0.0,0.0,1.0
715,-0.23681341,3.432802,3.3084998,0.0,0.0,0.0,1.0
716,0.3357583,3.5873768,3.433203,0.0,0.0,0.0,1.0
717,0.3364858,3.6632082,3.5558288,0.0,0.0,0.0,1.0
718,0.22808287,3.7348394,3.6942477,0.0,0.0,0.0,1.0
719,0.24190603,3.843782,3.8256729,0.0,0.0,0.0,1.0
720,0.24554364,3.974692,3.9549828,0.0,0.0,0.0,1.0
721,0.21789728,4.1642165,4.0817847,0.0,0.0,0.0,1.0
722,0.13641308,4.15625,4.2062545,0.0,0.0,0.0,1.0
723,0.12258986,4.3778543,4.3114986,0.0,0.0,0.0,1.0
724,0.11895228,4.5248327,4.404871,0.0,0.0,0.0,1.0
725,-0.14659888,4.690921,4.4779387,0.0,0.0,0.0,1.0
726,0.10221897,4.830644,4.5392766,0.0,0.0,0.0,1.0
727,0.102946475,4.926436,4.5755816,0.0,0.0,0.0,1.0
728,-0.1742452,4.8503084,4.594774,0.0,0.0,0.0,1.0
729,-0.19679873,4.783675,4.6134257,0.0,0.0,0.0,1.0
730,-0.09785368,4.6116495,4.6124606,0.0,0.0,0.0,1.0
731,-0.80502,4.579838,4.59366,0.0,0.0,0.0,1.0
732,-0.86395043,4.4103537,4.5584483,0.0,0.0,0.0,1.0
733,-0.6231357,4.3945227,4.508879,0.0,0.0,0.0,1.0
734,-0.6755184,4.3800726,4.4431605,0.0,0.0,0.0,1.0
735,-0.7264459,4.3662734,4.378067,0.0,0.0,0.0,1.0
736,-0.8624954,4.299223,4.31365,0.0,0.0,0.0,1.0
737,-0.76136786,4.2683825,4.256456,0.0,0.0,0.0,1.0
738,-0.7664605,4.2358174,4.2052937,0.0,0.0,0.0,1.0
739,-0.7002547,4.1378083,4.177281,0.0,0.0,0.0,1.0
740,-0.679156,4.069186,4.1498466,0.0,0.0,0.0,1.0
741,-0.7133503,4.0106716,4.1384196,0.0,0.0,0.0,1.0
742,-0.7228083,3.925322,4.131246,0.0,0.0,0.0,1.0
743,-0.7359039,3.9658875,4.1420155,0.0,0.0,0.0,1.0
744,-0.72280836,4.074205,4.16336,0.0,0.0,0.0,1.0
745,-0.7148054,4.065308,4.1971836,0.0,0.0,0.0,1.0
746,-0.8843216,4.242952,4.251357,0.0,0.0,0.0,1.0
747,-0.5547471,4.2801914,4.3113575,0.0,0.0,0.0,1.0
748,-0.52200794,4.4284534,4.376803,0.0,0.0,1.0,1.0
749,-0.19097865,4.524519,4.4507036,0.0,0.0,1.0,1.0
750,-0.23899606,4.6417017,4.520315,0.0,0.0,1.0,1.0
751,0.45434687,4.78789,4.6006894,0.0,0.0,1.0,1.0
752,0.41433227,4.7891893,4.693017,0.0,0.0,1.0,1.0
753,0.40923962,4.796018,4.789826,0.0,0.0,1.0,1.0
754,0.21425964,4.8121305,4.8930607,0.0,0.0,1.0,1.0
755,0.23026544,4.8012233,4.9737577,0.0,0.0,1.0,1.0
756,0.23972338,5.038696,5.043842,0.0,0.0,1.0,1.0
757,0.24699874,5.1732416,5.095297,0.0,0.0,1.0,1.0
758,0.3168423,5.404659,5.126883,0.0,0.0,1.0,1.0
759,0.5729356,5.5190096,5.154581,0.0,0.0,1.0,1.0
760,0.8544925,5.396816,5.1738462,0.0,0.0,1.0,1.0
761,0.825391,5.3655286,5.180052,0.0,0.0,1.0,1.0
762,0.24699886,5.2591596,5.173735,0.0,0.0,1.0,1.0
763,0.23754092,5.1669254,5.149701,0.0,0.0,1.0,1.0
764,-0.06802472,5.121566,5.1135473,0.0,0.0,1.0,1.0
765,-0.083302885,5.0272007,5.0578423,0.0,0.0,0.0,1.0
766,-0.11167698,4.886598,4.993304,0.0,0.0,0.0,1.0
767,-0.63986903,4.7254205,4.9173913,0.0,0.0,0.0,1.0
768,-0.64132416,4.750286,4.8368254,0.0,0.0,0.0,1.0
769,-0.8261185,4.7393975,4.7548294,0.0,0.0,0.0,1.0
770,-0.67406327,4.736197,4.666453,0.0,0.0,0.0,1.0
771,-0.80502,4.744551,4.572998,0.0,0.0,0.0,1.0
772,-0.677701,4.4858646,4.4786887,0.0,0.0,0.0,1.0
773,-0.690069,4.39874,4.389642,0.0,0.0,0.0,1.0
774,-0.6980721,4.2752056,4.303685,0.0,0.0,0.0,1.0
775,-0.7097127,4.1064076,4.219729,0.0,0.0,0.0,1.0
776,-0.71044016,4.000106,4.13247,0.0,0.0,0.0,1.0
777,-0.85230994,3.8954902,4.0342827,0.0,0.0,0.0,1.0
778,-0.13568558,3.8180356,3.9294174,0.0,0.0,0.0,1.0
779,-0.13132043,3.6939385,3.8404682,0.0,0.0,0.0,1.0
780,-0.10658419,3.7428133,3.7575598,0.0,0.0,0.0,1.0
781,-0.16696976,3.6922944,3.6802547,0.0,0.0,0.0,1.0
782,-0.17279005,3.557947,3.6152482,0.0,0.0,0.0,1.0
783,-0.77955616,3.486167,3.5641508,0.0,0.0,0.0,1.0
784,-0.6813387,3.4184737,3.5189795,0.0,0.0,0.0,1.0
785,-0.65296465,3.4038396,3.4767983,0.0,0.0,0.0,1.0
786,-0.6646053,3.3475447,3.4527,0.0,0.0,0.0,1.0
787,-0.56202245,3.3263276,3.4403732,0.0,0.0,0.0,1.0
788,-0.5634776,3.3869383,3.4528415,0.0,0.0,0.0,1.0
789,-0.68497634,3.3534338,3.4943063,0.0,0.0,0.0,1.0
790,-0.68497634,3.311861,3.5617597,0.0,0.0,0.0,1.0
791,-0.687159,3.4047575,3.6458964,0.0,0.0,0.0,1.0
792,-0.6944343,3.594893,3.7559574,0.0,0.0,0.0,1.0
793,-0.6878865,3.8419144,3.9024067,0.0,0.0,0.0,1.0
794,-0.6587849,4.0555267,4.0625978,0.0,0.0,0.0,1.0
795,-0.64641684,4.295607,4.2312484,0.0,0.0,0.0,1.0
796,-0.08548567,4.4281144,4.413408,0.0,0.0,0.0,1.0
797,-0.062932074,4.7245693,4.61333,0.0,0.0,1.0,1.0
798,0.6944343,5.1049366,4.818275,0.0,0.0,1.0,1.0
799,0.737359,5.2486215,5.014066,0.0,0.0,1.0,1.0
800,0.75409234,5.410748,5.192668,0.0,0.0,1.0,1.0
801,0.7439068,5.5393443,5.3582897,0.0,0.0,1.0,1.0
802,0.73081124,5.710926,5.500087,0.0,0.0,1.0,1.0
803,0.12040731,5.8641005,5.620003,0.0,0.0,1.0,1.0
804,0.12768269,5.944384,5.712297,0.0,0.0,1.0,1.0
805,0.2288104,5.9851356,5.760419,0.0,0.0,1.0,1.0
806,0.2557293,6.042989,5.789348,0.0,0.0,1.0,1.0
807,0.3226628,5.9971733,5.792129,0.0,0.0,1.0,1.0
808,0.30592927,5.8671107,5.7678084,0.0,0.0,1.0,1.0
809,-0.25791207,5.832094,5.711127,0.0,0.0,1.0,1.0
810,-0.6798836,5.6824017,5.6412754,0.0,0.0,1.0,1.0
811,-0.6064024,5.5957685,5.5553775,0.0,0.0,1.0,1.0
812,-0.5947617,5.444121,5.4625616,0.0,0.0,1.0,1.0
813,-0.5562021,5.2474966,5.348759,0.0,0.0,0.0,1.0
814,-0.5576572,5.0307474,5.223991,0.0,0.0,0.0,1.0
815,-0.5554747,5.0258813,5.0968094,0.0,0.0,0.0,1.0
816,-0.5227355,4.9136086,4.95938,0.0,0.0,0.0,1.0
817,-0.51036745,4.8713503,4.8189483,0.0,0.0,0.0,1.0
818,-0.7359039,4.6773562,4.6752696,0.0,0.0,0.0,1.0
819,-0.38159323,4.4999533,4.544112,0.0,0.0,0.0,1.0
820,-0.35903963,4.3409367,4.418323,0.0,0.0,0.0,1.0
821,-0.35685697,4.182942,4.3092237,0.0,0.0,0.0,1.0
822,-0.35321933,3.9972174,4.1974874,0.0,0.0,0.0,1.0
823,-0.38086578,3.8716226,4.087105,0.0,0.0,0.0,1.0
824,-0.41578755,3.8702323,3.974298,0.0,0.0,0.0,1.0
825,-0.7795561,3.73803,3.8706253,0.0,0.0,0.0,1.0
826,-0.6667879,3.7215538,3.7676759,0.0,0.0,0.0,1.0
827,-0.64350665,3.6850429,3.673049,0.0,0.0,0.0,1.0
828,-0.62968343,3.589018,3.5815642,0.0,0.0,0.0,1.0
829,-0.6253183,3.517672,3.5071156,0.0,0.0,0.0,1.0
830,-0.59839934,3.4332821,3.4443605,0.0,0.0,0.0,1.0
831,-0.8515824,3.264562,3.381976,0.0,0.0,0.0,1.0
832,-0.7097126,3.2054129,3.3368056,0.0,0.0,0.0,1.0
833,-0.874136,3.0851233,3.3063078,0.0,0.0,0.0,1.0
834,-0.863223,3.1038344,3.2841153,0.0,0.0,0.0,1.0
835,-0.5016369,3.1185617,3.2717147,0.0,0.0,0.0,1.0
836,-0.6202255,3.1216185,3.2685552,0.0,0.0,0.0,1.0
837,-0.4623499,3.1959863,3.276242,0.0,0.0,0.0,1.0
838,-0.4579846,3.3555808,3.306201,0.0,0.0,0.0,1.0
839,-0.41505998,3.4187315,3.356319,0.0,0.0,0.0,1.0
840,-0.8392142,3.440212,3.422338,0.0,0.0,0.0,1.0
841,-0.6995271,3.4797554,3.4992294,0.0,0.0,0.0,1.0
842,-0.6820662,3.5255268,3.5879097,0.0,0.0,0.0,1.0
843,-0.70389235,3.6240673,3.690626,0.0,0.0,0.0,1.0
844,-0.71698797,3.806831,3.8091366,0.0,0.0,0.0,1.0
845,-0.71116775,3.8773494,3.9217966,0.0,0.0,0.0,1.0
846,-0.7635504,4.0265317,4.045546,0.0,0.0,0.0,1.0
847,-0.3641325,4.1827273,4.184975,0.0,0.0,0.0,1.0
848,0.16187686,4.354212,4.335913,0.0,0.0,0.0,1.0
849,0.18734083,4.618116,4.4864187,0.0,0.0,0.0,1.0
850,0.4536193,4.707499,4.6436996,0.0,0.0,0.0,1.0
851,0.73081106,4.9037275,4.8074565,0.0,0.0,0.0,1.0
852,0.70752996,5.113361,4.990305,0.0,0.0,0.0,1.0
853,0.77519095,5.2910113,5.165162,0.0,0.0,0.0,1.0
854,0.7628228,5.3315897,5.3319902,0.0,0.0,0.0,1.0
855,0.775191,5.5114374,5.477994,0.0,0.0,0.0,1.0
856,0.80502,5.771918,5.606138,0.0,0.0,0.0,1.0
857,0.49799922,6.071526,5.726176,0.0,0.0,0.0,1.0
858,0.2295379,6.1248217,5.830513,0.0,0.0,0.0,1.0
859,-0.28119326,6.1846657,5.9149365,0.0,0.0,0.0,1.0
860,-0.24336135,6.1062555,5.9581714,0.0,0.0,0.0,1.0
861,-0.5903966,6.155846,5.9947834,0.0,0.0,0.0,1.0
862,-0.58384866,6.14795,6.001725,0.0,0.0,0.0,1.0
863,-0.5765733,6.155775,5.9805074,0.0,0.0,0.0,1.0
864,-0.5816661,6.126443,5.9284387,0.0,0.0,0.0,1.0
865,-0.62968355,5.809827,5.86166,0.0,0.0,0.0,1.0
866,-0.7315387,5.770936,5.7726607,0.0,0.0,0.0,1.0
867,-0.3881411,5.59474,5.6694946,0.0,0.0,0.0,1.0
868,-0.123317644,5.517303,5.534837,0.0,0.0,0.0,1.0
869,-0.15387417,5.4467015,5.394032,0.0,0.0,0.0,1.0
870,-0.13786823,5.323477,5.2379274,0.0,0.0,0.0,1.0
871,-0.16405961,5.1166735,5.079411,0.0,0.0,0.0,1.0
872,-0.4056021,4.868261,4.93986,0.0,0.0,0.0,1.0
873,-0.78101134,4.5399575,4.7966166,0.0,0.0,0.0,1.0
874,-0.6900691,4.4582925,4.6606464,0.0,0.0,0.0,1.0
875,-0.85012734,4.282521,4.523968,0.0,0.0,0.0,1.0
876,-0.73299384,4.224244,4.3981104,0.0,0.0,0.0,1.0
877,-0.75773007,4.135215,4.2781134,0.0,0.0,0.0,1.0
878,-0.77228075,4.052015,4.169563,0.0,0.0,0.0,1.0
879,-0.76500535,3.963095,4.070257,0.0,0.0,0.0,1.0
880,-0.7606402,3.8771667,3.998658,0.0,0.0,0.0,1.0
881,-0.78173876,3.9364061,3.9354618,0.0,0.0,0.0,1.0
882,-0.7744635,3.8835166,3.8830228,0.0,0.0,0.0,1.0
883,-0.9003273,3.8140638,3.8305483,0.0,0.0,0.0,1.0
884,-0.69807196,3.6765938,3.783907,0.0,0.0,0.0,1.0
885,-0.75481987,3.6807675,3.7404244,0.0,0.0,0.0,1.0
886,-0.37213522,3.699937,3.7122347,0.0,0.0,0.0,1.0
887,-0.11022184,3.6532533,3.6998823,0.0,0.0,0.0,1.0
888,-0.082575455,3.5945494,3.688876,0.0,0.0,0.0,1.0
889,-0.057111636,3.57552,3.6914196,0.0,0.0,0.0,1.0
890,-0.12986529,3.5302238,3.6990933,0.0,0.0,0.0,1.0
891,-0.7126228,3.6248176,3.717268,0.0,0.0,0.0,1.0
892,-0.8283012,3.7289386,3.7442272,0.0,0.0,0.0,1.0
893,-0.7097127,3.8043303,3.7863607,0.0,0.0,0.0,1.0
894,-0.9192433,3.914041,3.8413193,0.0,0.0,0.0,1.0
895,-0.79628956,3.9061465,3.9095178,0.0,0.0,0.0,1.0
896,-0.7962897,3.8946912,3.9761693,0.0,0.0,0.0,1.0
897,-0.813023,4.004278,4.061258,0.0,0.0,0.0,1.0
898,-0.814478,4.2055387,4.144008,0.0,0.0,0.0,1.0
899,-0.7359039,4.312755,4.239113,0.0,0.0,0.0,1.0
900,-0.7002546,4.4129314,4.3458986,0.0,0.0,0.0,1.0
901,-0.72208077,4.37534,4.460661,0.0,0.0,0.0,1.0
902,-0.836304,4.551283,4.5784187,0.0,0.0,0.0,1.0
903,-0.669698,4.617821,4.700643,0.0,0.0,0.0,1.0
904,-0.71044016,4.8701963,4.8172464,0.0,0.0,0.0,1.0
905,-0.8195708,5.085763,4.912262,0.0,0.0,0.0,1.0
906,-0.8195708,5.2911854,5.0075645,0.0,0.0,0.0,1.0
907,0.41797012,5.31924,5.1057453,0.0,0.0,0.0,1.0
908,0.43252093,5.361387,5.203111,0.0,0.0,0.0,1.0
909,0.38013816,5.4035144,5.2768135,0.0,0.0,0.0,1.0
910,0.31611478,5.345726,5.348029,0.0,0.0,0.0,1.0
911,0.3030193,5.4563875,5.395827,0.0,0.0,0.0,1.0
912,0.3219351,5.5910997,5.4228835,0.0,0.0,0.0,1.0
913,0.09858119,5.5437293,5.4193096,0.0,0.0,0.0,1.0
914,0.06293182,5.4357123,5.41614,0.0,0.0,0.0,1.0
915,-0.8195708,5.4724116,5.400938,0.0,0.0,0.0,1.0
916,-0.8195708,5.443766,5.3760614,0.0,0.0,0.0,1.0
917,-0.8195708,5.4104404,5.351918,0.0,0.0,0.0,1.0
918,-0.8195708,5.248298,5.3089585,0.0,0.0,0.0,1.0
919,-0.8195708,5.2812066,5.2426643,0.0,0.0,0.0,1.0
920,-0.8195708,5.1789646,5.1770544,0.0,0.0,0.0,1.0
921,-0.8195708,5.104996,5.118609,0.0,0.0,0.0,1.0
922,-0.8195708,5.056003,5.0484986,0.0,0.0,0.0,1.0
923,-0.8195708,4.940875,4.97482,0.0,0.0,0.0,1.0
924,-0.8195708,4.7955675,4.902694,0.0,0.0,0.0,1.0
925,-0.8195708,4.756414,4.838602,0.0,0.0,0.0,1.0
926,-0.8195708,4.734365,4.762356,0.0,0.0,0.0,1.0
927,-0.8195708,4.631085,4.700204,0.0,0.0,0.0,1.0
928,-0.8195708,4.559626,4.6431093,0.0,0.0,0.0,1.0
929,-0.8195708,4.544931,4.5914183,0.0,0.0,0.0,1.0
930,-0.8195708,4.4791927,4.549184,0.0,0.0,0.0,1.0
931,-0.8195708,4.3662496,4.521715,0.0,0.0,0.0,1.0
932,-0.8195708,4.433139,4.4989576,0.0,0.0,0.0,1.0
933,-0.8195708,4.4198666,4.47946,0.0,0.0,0.0,1.0
934,-0.8195708,4.4357057,4.4780736,0.0,0.0,0.0,1.0
935,-0.8195708,4.4340644,4.4880905,0.0,0.0,0.0,1.0
936,-0.33430323,4.4659405,4.495768,0.0,0.0,0.0,1.0
937,-0.33430323,4.483329,4.513645,0.0,0.0,1.0,1.0
938,-0.33430323,4.50039,4.551236,0.0,0.0,1.0,1.0
939,-0.33430323,4.6144485,4.5805016,0.0,0.0,1.0,1.0
940,-0.33430323,4.6798315,4.6188602,0.0,0.0,1.0,1.0
941,-0.33430323,4.637059,4.66793,0.0,0.0,1.0,1.0
942,-0.33430323,4.6937213,4.722325,0.0,0.0,1.0,1.0
943,-0.33430323,4.8173394,4.768331,0.0,0.0,1.0,1.0
944,-0.33430323,4.7843227,4.8142357,0.0,0.0,1.0,1.0
945,-0.33430323,4.8801694,4.8580685,0.0,0.0,1.0,1.0
946,-0.33430323,5.0245485,4.8960195,0.0,0.0,1.0,1.0
947,-0.33430323,5.086799,4.937644,0.0,0.0,1.0,1.0
948,-0.33430323,5.0180116,4.9716473,0.0,0.0,1.0,1.0
949,-0.33430323,5.0341883,4.9888835,0.0,0.0,1.0,1.0
950,-0.042560905,5.026383,4.9846506,0.0,0.0,1.0,1.0
951,-0.0025462892,5.0698614,4.9766417,0.0,0.0,1.0,1.0
952,-0.044015836,5.179327,4.9587426,0.0,0.0,1.0,1.0
953,-0.64568937,5.0450945,4.916022,0.0,0.0,1.0,1.0
954,-0.7366316,4.90056,4.8596344,0.0,0.0,1.0,1.0
955,-0.6566024,4.766543,4.804462,0.0,0.0,1.0,1.0
956,-0.6566023,4.6882124,4.7423944,0.0,0.0,1.0,1.0
957,-0.6435067,4.6653833,4.659264,0.0,0.0,1.0,1.0
958,-0.6231356,4.5118966,4.5754967,0.0,0.0,1.0,1.0
959,-0.6107676,4.410152,4.4706073,0.0,0.0,1.0,1.0
960,-0.5780284,4.3559437,4.374692,0.0,0.0,1.0,1.0
961,-0.561295,4.289379,4.2836623,0.0,0.0,1.0,1.0
962,-0.578756,4.028817,4.1968756,0.0,0.0,1.0,1.0
963,-0.7017098,4.0646544,4.100096,0.0,0.0,1.0,1.0
964,-0.093488395,3.9206524,4.0013676,0.0,0.0,1.0,1.0
965,-0.12841035,3.8941078,3.9091551,0.0,0.0,1.0,1.0
966,-0.15096396,3.808205,3.8187408,0.0,0.0,1.0,1.0
967,-0.16260454,3.7251039,3.7265036,0.0,0.0,1.0,1.0
968,-0.21207702,3.5268588,3.6319325,0.0,0.0,1.0,1.0
969,-0.8042925,3.4806406,3.5583193,0.0,0.0,1.0,1.0
970,-0.7599127,3.4053462,3.4730694,0.0,0.0,1.0,1.0
971,-0.7788287,3.3251808,3.394465,0.0,0.0,1.0,1.0
972,-0.75991267,3.2490985,3.3077817,0.0,0.0,1.0,1.0
973,-0.7693707,3.1545234,3.2339914,0.0,0.0,1.0,1.0
974,-0.7315387,3.1454616,3.1668246,0.0,0.0,1.0,1.0
975,-0.7118953,3.041655,3.1241596,0.0,0.0,1.0,1.0
976,-0.6544198,2.9773982,3.087354,0.0,0.0,1.0,1.0
977,-0.70680255,2.8539085,3.0627651,0.0,0.0,1.0,1.0
978,-0.67042553,2.92272,3.0383043,0.0,0.0,1.0,1.0
979,-0.8923244,2.9191043,3.0118093,0.0,0.0,1.0,1.0
980,-0.80938524,3.0148778,2.9933279,0.0,0.0,1.0,1.0
981,-0.78464895,3.0389745,2.9800436,0.0,0.0,1.0,1.0
982,-0.86831576,3.1102803,2.9808927,0.0,0.0,1.0,1.0
983,-0.6216805,3.031649,3.0009322,0.0,0.0,1.0,1.0
984,-0.46016723,2.931158,3.0387876,0.0,0.0,1.0,1.0
985,-0.6064022,2.9327474,3.0820975,0.0,0.0,1.0,1.0
986,-0.47762826,2.9860513,3.1377726,0.0,0.0,1.0,1.0
987,-0.4485266,3.0518425,3.1959412,0.0,0.0,1.0,1.0
988,-0.4201527,3.2178726,3.2550726,0.0,0.0,1.0,1.0
989,-0.8108403,3.3081741,3.306906,0.0,0.0,0.0,1.0
990,-0.8486722,3.4424374,3.3548849,0.0,0.0,0.0,1.0
991,-0.65587485,3.587207,3.404427,0.0,0.0,0.0,1.0
992,-0.73008364,3.7129,3.4468558,0.0,0.0,0.0,1.0
993,-0.37068027,3.7485526,3.4784172,0.0,0.0,0.0,1.0
994,0.17715532,3.732281,3.506443,0.0,0.0,0.0,1.0
995,0.22735523,3.607394,3.5276303,0.0,0.0,0.0,1.0
996,0.23099294,3.5256655,3.5510352,0.0,0.0,0.0,1.0
997,0.14368856,3.441892,3.567694,0.0,0.0,1.0,1.0
998,0.1160421,3.3647878,3.5787122,0.0,0.0,1.0,1.0
999,0.12986526,3.3881524,3.5682242,0.0,0.0,1.0,1.0
1000,0.39541653,3.4721217,3.5544815,0.0,0.0,1.0,1.0
1001,0.42815557,3.589032,3.5478165,0.0,0.0,1.0,1.0
1002,0.71189517,3.6423419,3.5416207,0.0,0.0,1.0,1.0
1003,0.71044016,3.7194257,3.5402925,0.0,0.0,1.0,1.0
1004,0.18297556,3.5870433,3.5476642,0.0,0.0,1.0,1.0
1005,0.21498717,3.5836406,3.5569997,0.0,0.0,1.0,1.0
1006,0.22590019,3.6523013,3.569889,0.0,0.0,1.0,1.0
1007,-0.75991267,3.5330446,3.5923772,0.0,0.0,1.0,1.0
1008,-0.7402691,3.5097272,3.6202056,0.0,0.0,1.0,1.0
1009,-0.75045466,3.5303512,3.6596913,0.0,0.0,1.0,1.0
1010,-0.76646054,3.4768136,3.7024422,0.0,0.0,1.0,1.0
1011,-0.776646,3.542825,3.7572613,0.0,0.0,1.0,1.0
1012,-0.79628956,3.7419786,3.8102086,0.0,0.0,1.0,1.0
1013,-0.83339393,3.9229739,3.8513365,0.0,0.0,1.0,1.0
1014,-0.8479447,4.1161704,3.8970923,0.0,0.0,1.0,1.0
1015,-0.84503454,4.2324357,3.948158,0.0,0.0,0.0,1.0
1016,-0.98690426,4.244873,3.9954412,0.0,0.0,0.0,1.0
1017,-0.82830125,4.219009,4.0329075,0.0,0.0,0.0,1.0
1018,-0.7606402,4.1458354,4.0649095,0.0,0.0,0.0,1.0
1019,-0.7409967,4.082114,4.080639,0.0,0.0,0.0,1.0
1020,-0.74099684,4.1225166,4.0815625,0.0,0.0,0.0,1.0
1021,-0.72571844,4.097749,4.0707726,0.0,0.0,0.0,1.0
1022,-0.8210258,3.9264078,4.0450015,0.0,0.0,0.0,1.0
1023,-0.45943975,3.926851,4.001698,0.0,0.0,0.0,1.0
1024,-0.4514368,3.9307323,3.946454,0.0,0.0,0.0,1.0
1025,-0.47471803,3.9340582,3.8858616,0.0,0.0,0.0,1.0
1026,-0.48926878,3.9866912,3.8242428,0.0,0.0,0.0,1.0
1027,-0.90687513,3.9231822,3.7580545,0.0,0.0,0.0,1.0
1028,-0.913423,3.7252283,3.6849155,0.0,0.0,0.0,1.0
1029,-0.7286286,3.5560806,3.6328998,0.0,0.0,0.0,1.0
1030,-0.66751546,3.4187286,3.578155,0.0,0.0,0.0,1.0
1031,-0.63550377,3.3426874,3.5257206,0.0,0.0,1.0,1.0
1032,-0.63623124,3.3282568,3.4765987,0.0,0.0,1.0,1.0
1033,-0.6064023,3.2200835,3.426024,0.0,0.0,1.0,1.0
1034,-0.55547476,3.302217,3.384308,0.0,0.0,1.0,1.0
1035,-0.6857039,3.2699156,3.3580816,0.0,0.0,1.0,1.0
1036,-0.56711525,3.301519,3.3490295,0.0,0.0,1.0,1.0
1037,-0.06293186,3.3445954,3.3557694,0.0,0.0,1.0,1.0
1038,-0.057839137,3.3797934,3.3740358,0.0,0.0,1.0,1.0
1039,-0.07457251,3.422591,3.398454,0.0,0.0,1.0,1.0
1040,-0.0491087,3.4105105,3.4359393,0.0,0.0,1.0,1.0
1041,0.030192891,3.4474576,3.4575653,0.0,0.0,1.0,1.0
1042,0.03383054,3.4996066,3.4800785,0.0,0.0,1.0,1.0
1043,-0.5649326,3.561884,3.4969494,0.0,0.0,1.0,1.0
1044,-0.42088035,3.6212728,3.5139556,0.0,0.0,1.0,1.0
1045,-0.38959616,3.6699104,3.5250206,0.0,0.0,1.0,1.0
1046,-0.42742813,3.5617285,3.5396254,0.0,0.0,1.0,1.0
1047,-0.4165151,3.540073,3.551939,0.0,0.0,1.0,1.0
1048,-0.3277555,3.5039704,3.5561087,0.0,0.0,1.0,1.0
1049,-0.30956715,3.5486705,3.5516396,0.0,0.0,1.0,1.0
1050,-0.33575845,3.5125718,3.5420263,0.0,0.0,1.0,1.0
1051,-0.3786831,3.597849,3.5257616,0.0,0.0,1.0,1.0
1052,-0.116042204,3.558274,3.494183,0.0,0.0,1.0,1.0
1053,0.03310311,3.4974945,3.4738717,0.0,0.0,1.0,1.0
1054,0.080392875,3.4459758,3.4578006,0.0,0.0,1.0,1.0
1055,0.05201906,3.4465244,3.4466276,0.0,0.0,1.0,1.0
1056,0.03746826,3.426097,3.4279723,0.0,0.0,1.0,1.0
1057,-0.20698424,3.2909687,3.420777,0.0,0.0,1.0,1.0
1058,-0.11313206,3.3179932,3.4064739,0.0,0.0,1.0,1.0
1059,-0.7984721,3.347218,3.3908474,0.0,0.0,1.0,1.0
1060,-0.69588935,3.3698955,3.3958616,0.0,0.0,1.0,1.0
1061,-0.7184431,3.3248072,3.3997765,0.0,0.0,1.0,1.0
1062,-0.6813386,3.426227,3.4016984,0.0,0.0,0.0,1.0
1063,-0.73372126,3.426212,3.4114032,0.0,0.0,0.0,1.0
1064,-0.74099666,3.3707554,3.4363687,0.0,0.0,0.0,1.0
1065,-0.7504547,3.5576649,3.4696562,0.0,0.0,0.0,1.0
1066,-0.72280824,3.4929538,3.5078816,0.0,0.0,0.0,1.0
1067,-0.7322663,3.469588,3.5508842,0.0,0.0,0.0,1.0
1068,-0.72208077,3.5425537,3.603707,0.0,0.0,0.0,1.0
1069,-0.7235357,3.5905569,3.6430647,0.0,0.0,0.0,1.0
1070,-0.7489996,3.717443,3.6798491,0.0,0.0,0.0,1.0
1071,-0.8479447,3.8059237,3.724001,0.0,0.0,0.0,1.0
1072,-0.669698,3.8859248,3.748197,0.0,0.0,0.0,1.0
1073,-0.24481614,3.9586809,3.7965302,0.0,0.0,0.0,1.0
1074,-0.18588571,3.89852,3.8572764,0.0,0.0,0.0,1.0
1075,-0.20698431,3.8676236,3.9112947,0.0,0.0,0.0,1.0
1076,-0.19679873,3.9005795,3.943448,0.0,0.0,0.0,1.0
1077,-0.83921427,3.8480158,3.9658089,0.0,0.0,0.0,1.0
1078,-0.76427794,4.0729523,3.9741118,0.0,0.0,0.0,1.0
1079,-0.74681693,4.198543,3.972269,0.0,0.0,1.0,1.0
1080,-0.7068025,4.190772,3.9631448,0.0,0.0,1.0,1.0
1081,-0.7650055,3.9763982,3.9573271,0.0,0.0,1.0,1.0
1082,-0.7904693,3.985774,3.9422393,0.0,0.0,1.0,1.0
1083,-0.78828675,3.905558,3.920735,0.0,0.0,1.0,1.0
1084,-0.8363041,3.863812,3.9056034,0.0,0.0,1.0,1.0
1085,-0.79774463,3.8491898,3.8802712,0.0,0.0,1.0,1.0
1086,-0.8050201,3.8287077,3.847799,0.0,0.0,1.0,1.0
1087,-0.7446345,3.6865702,3.8093133,0.0,0.0,1.0,1.0
1088,-0.7286287,3.6425261,3.7966232,0.0,0.0,1.0,1.0
1089,-0.89159685,3.6664374,3.7638004,0.0,0.0,1.0,1.0
1090,-0.37650067,3.7689645,3.7160687,0.0,0.0,1.0,1.0
1091,-0.055656634,3.8088784,3.6670346,0.0,0.0,1.0,1.0
1092,0.4943615,3.728943,3.6128447,0.0,0.0,1.0,1.0
1093,0.47399047,3.8241177,3.560544,0.0,0.0,1.0,1.0
1094,0.44125128,3.5918984,3.5148966,0.0,0.0,1.0,1.0
1095,0.39105123,3.3327806,3.4607966,0.0,0.0,1.0,1.0
1096,0.4361585,3.2754004,3.4004087,0.0,0.0,1.0,1.0
1097,0.41869769,3.1989121,3.3293629,0.0,0.0,1.0,1.0
1098,0.086940564,3.2010992,3.2572813,0.0,0.0,1.0,1.0
1099,0.18006535,3.138803,3.1859007,0.0,0.0,1.0,1.0
1100,0.14587106,2.993325,3.1011164,0.0,0.0,1.0,1.0
1101,-0.34303388,2.9417815,3.0267963,0.0,0.0,1.0,1.0
1102,-0.7148055,2.9164152,2.9618719,0.0,0.0,1.0,1.0
1103,-0.6624227,2.943899,2.907833,0.0,0.0,1.0,1.0
1104,-0.67479074,2.8723762,2.8536077,0.0,0.0,1.0,1.0
1105,-0.7140778,2.8067052,2.794384,0.0,0.0,1.0,1.0
1106,-0.6638778,2.7000573,2.746441,0.0,0.0,1.0,1.0
1107,-0.6958895,2.5536883,2.7163076,0.0,0.0,1.0,1.0
1108,-0.7286285,2.626934,2.6903167,0.0,0.0,1.0,1.0
1109,-0.32048008,2.5482068,2.6690898,0.0,0.0,1.0,1.0
1110,-0.32921052,2.4904153,2.648834,0.0,0.0,1.0,1.0
1111,-0.32993817,2.5634863,2.6388805,0.0,0.0,1.0,1.0
1112,-0.3779555,2.6317275,2.6355615,0.0,0.0,1.0,1.0
1113,-0.38668594,2.6298888,2.6363883,0.0,0.0,1.0,1.0
1114,-0.75118226,2.661693,2.6450188,0.0,0.0,1.0,1.0
1115,-0.6711532,2.7008288,2.6459153,0.0,0.0,1.0,1.0
1116,-0.7118953,2.7529337,2.6555214,0.0,0.0,1.0,1.0
1117,-0.8086576,2.766877,2.6689074,0.0,0.0,1.0,1.0
1118,-0.7599128,2.709979,2.6779945,0.0,0.0,1.0,1.0
1119,-0.7395417,2.6572566,2.675536,0.0,0.0,1.0,1.0
1120,-0.70025456,2.6376915,2.674536,0.0,0.0,1.0,1.0
1121,-0.72062564,2.6634784,2.6740482,0.0,0.0,1.0,1.0
1122,-0.7068024,2.6510484,2.673265,0.0,0.0,1.0,1.0
1123,-0.69152415,2.6725311,2.6674097,0.0,0.0,1.0,1.0
1124,-0.7788286,2.602224,2.6674128,0.0,0.0,1.0,1.0
1125,-0.8697708,2.6178896,2.6714444,0.0,0.0,1.0,1.0
1126,-0.62677336,2.655841,2.6804974,0.0,0.0,1.0,1.0
1127,-0.4732629,2.6914303,2.6951656,0.0,0.0,1.0,1.0
1128,-0.64205164,2.6826677,2.7079947,0.0,0.0,1.0,1.0
1129,-0.5249181,2.7669146,2.7188184,0.0,0.0,1.0,1.0
1130,-0.88359404,2.75836,2.7309854,0.0,0.0,1.0,1.0
1131,-0.7555475,2.765892,2.7527826,0.0,0.0,1.0,1.0
1132,-0.7155329,2.813709,2.7691517,0.0,0.0,1.0,1.0
1133,-0.8261186,2.8174272,2.7791474,0.0,0.0,1.0,1.0
1134,-0.6987996,2.7809355,2.7937741,0.0,0.0,1.0,1.0
1135,-0.70316476,2.8185325,2.8101041,0.0,0.0,1.0,1.0
1136,-0.63841397,2.8637927,2.8244343,0.0,0.0,1.0,1.0
1137,-0.69807196,2.8143184,2.837957,0.0,0.0,1.0,1.0
1138,-0.803565,2.7757893,2.860124,0.0,0.0,1.0,1.0
1139,-0.19097844,2.8669498,2.8819833,0.0,0.0,1.0,1.0
1140,-0.22953805,2.8786292,2.9047554,0.0,0.0,1.0,1.0
1141,-0.18661322,2.938877,2.937903,0.0,0.0,1.0,1.0
1142,-0.30156422,2.920629,2.9771233,0.0,0.0,1.0,1.0
1143,-0.17642763,3.0319,3.0099483,0.0,0.0,1.0,1.0
1144,-0.15678418,3.0760176,3.045054,0.0,0.0,1.0,1.0
1145,-0.6820662,3.0906932,3.0896835,0.0,0.0,1.0,1.0
1146,-0.6660604,3.1787066,3.1447806,0.0,0.0,1.0,1.0
1147,-0.6020372,3.2891757,3.2119894,0.0,0.0,1.0,1.0
1148,-0.67988354,3.2576923,3.2924075,0.0,0.0,1.0,1.0
1149,-0.5081848,3.2355876,3.392495,0.0,0.0,1.0,1.0
1150,-0.49799922,3.311343,3.4911194,0.0,0.0,1.0,1.0
1151,-0.5038196,3.5281174,3.590203,0.0,0.0,1.0,1.0
1152,-0.3517642,3.6851332,3.689847,0.0,0.0,1.0,1.0
1153,-0.3765005,3.9038937,3.790745,0.0,0.0,1.0,1.0
1154,0.108039334,4.1216774,3.8793242,0.0,0.0,1.0,1.0
1155,0.10803941,4.215394,3.9747965,0.0,0.0,1.0,1.0
1156,0.12550029,4.2650228,4.0720663,0.0,0.0,1.0,1.0
1157,0.12259014,4.2864194,4.159179,0.0,0.0,1.0,1.0
1158,0.12913793,4.389484,4.2259817,0.0,0.0,1.0,1.0
1159,0.09494368,4.352126,4.289374,0.0,0.0,1.0,1.0
1160,-0.5802109,4.403361,4.339574,0.0,0.0,1.0,1.0
1161,-0.69152415,4.4028215,4.3727922,0.0,0.0,1.0,1.0
1162,-0.60931253,4.3566995,4.380172,0.0,0.0,1.0,1.0
1163,-0.61440516,4.3297467,4.3763404,0.0,0.0,1.0,1.0
1164,-0.62313557,4.445843,4.3669996,0.0,0.0,1.0,1.0
1165,-0.33430323,4.506292,4.3430614,0.0,0.0,1.0,1.0
1166,-0.33430323,4.5202966,4.319977,0.0,0.0,1.0,1.0
1167,-0.33430323,4.3039474,4.292117,0.0,0.0,1.0,1.0
1168,-0.33430323,4.219049,4.263062,0.0,0.0,1.0,1.0
1169,-0.33430323,4.1743293,4.2335815,0.0,0.0,1.0,1.0
1170,-0.33430323,4.102224,4.2060018,0.0,0.0,1.0,1.0
1171,-0.33430323,4.075114,4.1686873,0.0,0.0,1.0,1.0
1172,-0.33430323,4.069043,4.125753,0.0,0.0,1.0,1.0
1173,-0.33430323,4.0541615,4.0846305,0.0,0.0,1.0,1.0
1174,-0.33430323,4.002931,4.063135,0.0,0.0,1.0,1.0
1175,-0.33430323,3.9987903,4.049035,0.0,0.0,1.0,1.0
1176,-0.33430323,3.99807,4.043472,0.0,0.0,1.0,1.0
1177,-0.33430323,3.9910796,4.042985,0.0,0.0,1.0,1.0
1178,-0.33430323,4.0268245,4.052632,0.0,0.0,1.0,1.0
1179,-0.33430323,4.0460052,4.0648274,0.0,0.0,1.0,1.0
1180,-0.33430323,4.0498457,4.080144,0.0,0.0,1.0,1.0
1181,-0.33430323,4.107573,4.095129,0.0,0.0,1.0,1.0
1182,-0.33430323,4.096383,4.1075826,0.0,0.0,1.0,1.0
1183,-0.80429244,4.1908727,4.1276474,0.0,0.0,1.0,1.0
1184,-0.79556197,4.215392,4.1553226,0.0,0.0,1.0,1.0
1185,-0.8072027,4.2379603,4.184826,0.0,0.0,1.0,1.0
1186,-0.8959621,4.1827536,4.207192,0.0,0.0,1.0,1.0
1187,-0.42670062,4.148233,4.227555,0.0,0.0,1.0,1.0
1188,-0.42815578,4.238844,4.252993,0.0,0.0,1.0,1.0
1189,0.1145871,4.3231826,4.2819014,0.0,0.0,1.0,1.0
1190,0.11967974,4.3808627,4.3107643,0.0,0.0,1.0,1.0
1191,0.1676973,4.314399,4.3323154,0.0,0.0,1.0,1.0
1192,0.378683,4.2941995,4.347878,0.0,0.0,1.0,1.0
1193,0.3874135,4.412834,4.3660493,0.0,0.0,1.0,1.0
1194,0.40123674,4.443281,4.381239,0.0,0.0,1.0,1.0
1195,-0.14587116,4.5372305,4.384693,0.0,0.0,1.0,1.0
1196,-0.20916696,4.474006,4.377253,0.0,0.0,1.0,1.0
1197,-0.19679886,4.4247103,4.3540606,0.0,0.0,1.0,1.0
1198,-0.8632229,4.4008102,4.3367777,0.0,0.0,1.0,1.0
1199,-0.7075301,4.330507,4.3113284,0.0,0.0,1.0,1.0
1200,-0.7198982,4.280294,4.260751,0.0,0.0,1.0,1.0
1201,-0.6944344,4.233905,4.2047267,0.0,0.0,1.0,1.0
1202,-0.67842853,4.102554,4.144252,0.0,0.0,1.0,1.0
1203,-0.67479086,4.1070013,4.0829945,0.0,0.0,1.0,1.0
1204,-0.65369225,3.9888055,4.0145245,0.0,0.0,1.0,1.0
1205,-0.62822837,3.8059068,3.9377437,0.0,0.0,1.0,1.0
1206,-0.60130954,3.7709877,3.8509233,0.0,0.0,1.0,1.0
1207,-0.60276455,3.8115346,3.7640584,0.0,0.0,1.0,1.0
1208,-0.60058194,3.73892,3.6730556,0.0,0.0,1.0,1.0
1209,-0.34521633,3.6030705,3.587997,0.0,0.0,1.0,1.0
1210,-0.17279005,3.479437,3.496826,0.0,0.0,1.0,1.0
1211,-0.2819206,3.288664,3.411541,0.0,0.0,1.0,1.0
1212,-0.21716982,3.2379131,3.3433852,0.0,0.0,1.0,1.0
1213,-0.20625673,3.141873,3.2949862,0.0,0.0,1.0,1.0
1214,-0.78683156,3.0818489,3.2366612,0.0,0.0,1.0,1.0
1215,-0.74608946,3.0129495,3.1875052,0.0,0.0,1.0,1.0
1216,-0.7897417,2.9653869,3.1626627,0.0,0.0,1.0,1.0
1217,-0.7744635,2.9880366,3.152895,0.0,0.0,1.0,1.0
1218,-0.7482722,3.1902015,3.166065,0.0,0.0,1.0,1.0
1219,-0.71626043,3.1116328,3.1920328,0.0,0.0,1.0,1.0
1220,-0.69807196,3.1490493,3.2244744,0.0,0.0,1.0,1.0
1221,-0.7075299,3.3049607,3.277998,0.0,0.0,1.0,1.0
1222,-0.7017097,3.362222,3.3551939,0.0,0.0,1.0,1.0
1223,-0.72499096,3.446706,3.4527125,0.0,0.0,1.0,1.0
1224,-0.7708258,3.5495281,3.561278,0.0,0.0,1.0,1.0
1225,-0.7970171,3.5311706,3.6644738,0.0,0.0,1.0,1.0
1226,-0.81084037,3.7241309,3.7872193,0.0,0.0,1.0,1.0
1227,-0.8173882,3.9393013,3.911993,0.0,0.0,1.0,1.0
1228,-0.80429244,4.13561,4.027966,0.0,0.0,1.0,1.0
1229,-0.9054202,4.290825,4.1452336,0.0,0.0,1.0,1.0
1230,-0.5169151,4.4285483,4.267226,0.0,0.0,1.0,1.0
1231,-0.47471803,4.5845785,4.38877,0.0,0.0,1.0,1.0
1232,-0.46962532,4.6463356,4.508939,0.0,0.0,1.0,1.0
1233,-0.45725715,4.6966333,4.609179,0.0,0.0,1.0,1.0
1234,-0.44707158,4.769434,4.686186,0.0,0.0,1.0,1.0
1235,-0.74099666,4.9106197,4.742731,0.0,0.0,1.0,1.0
1236,-0.6762459,5.008055,4.788773,0.0,0.0,1.0,1.0
1237,-0.688614,4.973193,4.8101997,0.0,0.0,1.0,1.0
1238,-0.65514725,4.927016,4.811217,0.0,0.0,1.0,1.0
1239,-0.66969806,4.8633833,4.8004794,0.0,0.0,1.0,1.0
1240,-0.6456894,4.8141494,4.789756,0.0,0.0,1.0,1.0
1241,-0.74463445,4.8433313,4.766159,0.0,0.0,1.0,1.0
1242,-0.39105138,4.6856666,4.737389,0.0,0.0,1.0,1.0
1243,-0.1596944,4.596782,4.705578,0.0,0.0,1.0,1.0
1244,-0.12986536,4.5174904,4.6670747,0.0,0.0,1.0,1.0
1245,-0.1451436,4.5679474,4.6322155,0.0,0.0,1.0,1.0
1246,-0.08112038,4.486276,4.5892,0.0,0.0,1.0,1.0
1247,-0.03092025,4.5653787,4.5277567,0.0,0.0,1.0,1.0
1248,-0.10221883,4.6263204,4.466477,0.0,0.0,1.0,1.0
1249,-0.6122227,4.511157,4.4233656,0.0,0.0,1.0,1.0
1250,-0.58748645,4.508706,4.38628,0.0,0.0,1.0,1.0
1251,-0.6282285,4.347195,4.372815,0.0,0.0,1.0,1.0
1252,-0.5256456,4.0768266,4.3716717,0.0,0.0,1.0,1.0
1253,-0.6638778,4.1079764,4.3764095,0.0,0.0,1.0,1.0
1254,-0.5278283,4.1683335,4.367054,0.0,0.0,1.0,1.0
1255,-0.5452892,4.1517553,4.3427787,0.0,0.0,1.0,1.0
1256,-0.5292834,4.355906,4.316385,0.0,0.0,1.0,1.0
1257,-0.5416515,4.554228,4.281443,0.0,0.0,1.0,1.0
1258,-0.6064024,4.5431304,4.24715,0.0,0.0,1.0,1.0
1259,-0.73226625,4.453116,4.2247286,0.0,0.0,1.0,1.0
1260,-0.12550014,4.3350163,4.1946273,0.0,0.0,1.0,1.0
1261,-0.10076383,4.1944265,4.146605,0.0,0.0,1.0,1.0
1262,-0.107311696,4.089407,4.1151223,0.0,0.0,1.0,1.0
1263,-0.15969433,3.9356768,4.08843,0.0,0.0,1.0,1.0
1264,-0.21062195,3.8077724,4.030952,0.0,0.0,1.0,1.0
1265,-0.8370316,3.7467606,3.9621794,0.0,0.0,1.0,1.0
1266,-0.71771556,3.5920644,3.8936605,0.0,0.0,1.0,1.0
1267,-0.72644603,3.773964,3.8130379,0.0,0.0,1.0,1.0
1268,-0.7715532,4.035595,3.7268274,0.0,0.0,1.0,1.0
1269,-0.77300847,3.8644946,3.6426094,0.0,0.0,1.0,1.0
1270,-0.9156056,3.7178597,3.5634518,0.0,0.0,1.0,1.0
1271,-0.6689705,3.6308882,3.497924,0.0,0.0,1.0,1.0
1272,-0.62168056,3.3675466,3.430857,0.0,0.0,1.0,1.0
1273,-0.5467443,3.159901,3.3819268,0.0,0.0,1.0,1.0
1274,-0.532921,3.0787907,3.3116486,0.0,0.0,1.0,1.0
1275,-0.5511095,2.9857855,3.2163725,0.0,0.0,1.0,1.0
1276,-0.51691514,3.02144,3.1345043,0.0,0.0,1.0,1.0
1277,-0.49290657,2.9419532,3.0598361,0.0,0.0,1.0,1.0
1278,-0.24190606,3.0049021,2.9754546,0.0,0.0,1.0,1.0
1279,-0.3132047,2.9306269,2.8947515,0.0,0.0,1.0,1.0
1280,-0.060749285,2.892281,2.8291802,0.0,0.0,1.0,1.0
1281,-0.03019275,2.8820772,2.7674832,0.0,0.0,1.0,1.0
1282,0.00036378604,2.8218422,2.7146063,0.0,0.0,1.0,1.0
1283,-0.15169147,2.618308,2.6584673,0.0,0.0,1.0,1.0
1284,-0.110949345,2.3991098,2.6072752,0.0,0.0,1.0,1.0
1285,-0.54383415,2.3730454,2.5542347,0.0,0.0,1.0,1.0
1286,-0.5773008,2.3384275,2.5213754,0.0,0.0,1.0,1.0
1287,-0.5474717,2.3512633,2.4922915,0.0,0.0,1.0,1.0
1288,-0.6740633,2.3477705,2.4676614,0.0,0.0,1.0,1.0
1289,-0.7097125,2.3276486,2.4481213,0.0,0.0,1.0,1.0
1290,-0.62750083,2.3684156,2.447127,0.0,0.0,0.0,1.0
1291,-0.599127,2.5363152,2.4655232,0.0,0.0,0.0,1.0
1292,-0.7824663,2.5432742,2.4862897,0.0,0.0,0.0,1.0
1293,-0.8108403,2.5865161,2.5169852,0.0,0.0,1.0,1.0
1294,-0.61295015,2.5873601,2.5488882,0.0,0.0,1.0,1.0
1295,-0.5925791,2.606379,2.5847623,0.0,0.0,1.0,1.0
1296,-0.58603126,2.6198618,2.6298761,0.0,0.0,1.0,1.0
1297,-0.8421244,2.6222441,2.6771526,0.0,0.0,1.0,1.0
1298,-0.75409245,2.7067747,2.7109208,0.0,0.0,1.0,1.0
1299,-0.687159,2.7340975,2.747794,0.0,0.0,1.0,1.0
1300,-0.7911968,2.7782598,2.780822,0.0,0.0,1.0,1.0
1301,-0.43252078,2.8690157,2.8192072,0.0,0.0,1.0,1.0
1302,-0.46016723,2.935734,2.8468633,0.0,0.0,1.0,1.0
1303,-0.4572571,2.9415317,2.878874,0.0,0.0,1.0,1.0
1304,-0.43324843,2.9857519,2.9209485,0.0,0.0,1.0,1.0
1305,-0.47981083,2.9828544,2.9557595,0.0,0.0,1.0,1.0
1306,-0.8406693,3.0479827,2.9857464,0.0,0.0,1.0,1.0
1307,-0.6857039,2.9382498,3.011587,0.0,0.0,1.0,1.0
1308,-0.76136774,3.003993,3.025638,0.0,0.0,1.0,1.0
1309,-0.5489268,3.1271377,3.0423355,0.0,0.0,1.0,1.0
1310,-0.52128047,3.124505,3.0618083,0.0,0.0,1.0,1.0
1311,-0.5954892,3.0939395,3.0837693,0.0,0.0,1.0,1.0
1312,-0.6165879,3.088348,3.111046,0.0,0.0,1.0,1.0
1313,-0.67115325,3.0376296,3.16044,0.0,0.0,1.0,1.0
1314,-0.7104402,3.136102,3.2482681,0.0,0.0,1.0,1.0
1315,-0.8108403,3.175207,3.3411593,0.0,0.0,1.0,1.0
1316,-0.424518,3.249282,3.4525304,0.0,0.0,1.0,1.0
1317,-0.60567474,3.3101776,3.5674982,0.0,0.0,1.0,1.0
1318,-0.5256457,3.6407075,3.701398,0.0,0.0,1.0,1.0
1319,-0.6638778,3.9921896,3.8438172,0.0,0.0,1.0,1.0
1320,-0.9025099,4.118688,3.997951,0.0,0.0,1.0,1.0
1321,-0.7744635,4.4635878,4.1746926,0.0,0.0,1.0,1.0
1322,-0.7773736,4.5041203,4.3752546,0.0,0.0,1.0,1.0
1323,-0.92579126,4.700735,4.595621,0.0,0.0,1.0,1.0
1324,-0.74681693,4.7973795,4.8410997,0.0,0.0,1.0,1.0
1325,-0.71480536,4.887236,5.0733185,0.0,0.0,1.0,1.0
1326,-0.73444885,5.2570024,5.288135,0.0,0.0,1.0,1.0
1327,-0.7526373,5.5819526,5.505153,0.0,0.0,1.0,1.0
1328,-0.73444885,5.893675,5.7061276,0.0,0.0,1.0,1.0
1329,-0.74390686,6.2559237,5.894095,0.0,0.0,1.0,1.0
1330,-0.7511822,6.427333,6.0428886,0.0,0.0,1.0,1.0
1331,-0.23681341,6.5699863,6.1815104,0.0,0.0,1.0,1.0
1332,0.1524191,6.722908,6.306596,0.0,0.0,1.0,1.0
1333,0.11022184,6.8752804,6.404508,0.0,0.0,1.0,1.0
1334,0.0862131,6.75973,6.4624476,0.0,0.0,1.0,1.0
1335,0.7024372,6.486254,6.485435,0.0,0.0,1.0,1.0
1336,0.7533648,6.460845,6.4640346,0.0,0.0,1.0,1.0
1337,0.4026919,6.388259,6.4011283,0.0,0.0,1.0,1.0
1338,0.31247714,6.4319515,6.310859,0.0,0.0,1.0,1.0
1339,0.26664227,6.277224,6.1864705,0.0,0.0,1.0,1.0
1340,0.289196,6.1695237,6.0238595,0.0,0.0,1.0,1.0
1341,0.25281903,5.999119,5.848427,0.0,0.0,1.0,1.0
1342,0.28846845,5.6724596,5.686196,0.0,0.0,1.0,1.0
1343,-0.32266295,5.486756,5.512923,0.0,0.0,1.0,1.0
1344,-0.31466007,5.2302446,5.332306,0.0,0.0,1.0,1.0
1345,-0.7504547,4.923946,5.1302767,0.0,0.0,1.0,1.0
1346,-0.76500547,4.6545377,4.9370203,0.0,0.0,1.0,1.0
1347,-0.39687166,4.5394845,4.742786,0.0,0.0,1.0,1.0
1348,-0.08184781,4.3815656,4.540573,0.0,0.0,1.0,1.0
1349,-0.06729708,4.2208595,4.354928,0.0,0.0,1.0,1.0
1350,-0.08184781,4.0076013,4.1873436,0.0,0.0,1.0,1.0
1351,-0.0352854,3.958148,4.0356226,0.0,0.0,1.0,1.0
1352,-0.05420142,3.8387122,3.9169066,0.0,0.0,1.0,1.0
1353,-0.2899236,3.5725617,3.821552,0.0,0.0,1.0,1.0
1354,-0.51909786,3.4447207,3.736343,0.0,0.0,1.0,1.0
1355,-0.57366306,3.4757428,3.6723423,0.0,0.0,1.0,1.0
1356,-0.5685703,3.4095888,3.630353,0.0,0.0,1.0,1.0
1357,-0.6165879,3.4993553,3.607808,0.0,0.0,1.0,1.0
1358,-0.6369589,3.510285,3.5981154,0.0,0.0,1.0,1.0
1359,-0.6114951,3.516974,3.6033602,0.0,0.0,1.0,1.0
1360,-0.66024005,3.613558,3.6318245,0.0,0.0,1.0,1.0
1361,-0.668243,3.7169893,3.6731112,0.0,0.0,1.0,1.0
1362,-0.6609676,3.737062,3.7341647,0.0,0.0,1.0,1.0
1363,-0.845762,3.841834,3.8152382,0.0,0.0,1.0,1.0
1364,-0.73008364,3.901651,3.8980181,0.0,0.0,1.0,1.0
1365,-0.14878139,3.9141345,3.9871776,0.0,0.0,1.0,1.0
1366,0.10512919,3.9401608,4.0802417,0.0,0.0,1.0,1.0
1367,0.6907967,4.2083836,4.168173,0.0,0.0,1.0,1.0
1368,0.71116775,4.382472,4.2425222,0.0,0.0,1.0,1.0
1369,0.68279356,4.4927135,4.324944,0.0,0.0,1.0,1.0
1370,0.62895596,4.5801983,4.4037805,0.0,0.0,1.0,1.0
1371,0.38013822,4.6337447,4.47688,0.0,0.0,1.0,1.0
1372,0.2630046,4.668731,4.550743,0.0,0.0,1.0,1.0
1373,0.249909,4.6091824,4.6297693,0.0,0.0,1.0,1.0
1374,0.24336113,4.726124,4.687334,0.0,0.0,1.0,1.0
1375,0.23972349,4.787871,4.7290144,0.0,0.0,1.0,1.0
1376,0.2615496,4.778843,4.7591243,0.0,0.0,1.0,1.0
1377,-0.2950164,4.8004932,4.7826185,0.0,0.0,1.0,1.0
1378,-0.6929792,4.888476,4.7900934,0.0,0.0,1.0,1.0
1379,-0.58239347,4.899158,4.785601,0.0,0.0,1.0,1.0
1380,-0.5780283,4.882641,4.781373,0.0,0.0,1.0,1.0
1381,-0.75190973,4.8540273,4.7684317,0.0,0.0,1.0,1.0
1382,-0.55620223,4.86213,4.748937,0.0,0.0,1.0,1.0
1383,-0.581666,4.7234454,4.732024,0.0,0.0,1.0,1.0
1384,-0.67042553,4.6148252,4.7154074,0.0,0.0,1.0,1.0
1385,-0.32921052,4.558445,4.6836114,0.0,0.0,1.0,1.0
1386,-0.35176426,4.5708246,4.651641,0.0,0.0,1.0,1.0
1387,-0.2855584,4.553935,4.6161284,0.0,0.0,1.0,1.0
1388,-0.30520192,4.575888,4.576935,0.0,0.0,1.0,1.0
1389,-0.34012368,4.601092,4.528715,0.0,0.0,1.0,1.0
1390,-0.33212075,4.5069227,4.4817057,0.0,0.0,1.0,1.0
1391,-0.80283743,4.5155163,4.438532,0.0,0.0,1.0,1.0
1392,-0.5663877,4.456487,4.4053216,0.0,0.0,1.0,1.0
1393,-0.56420505,4.3837066,4.366925,0.0,0.0,1.0,1.0
1394,-0.5678427,4.2834935,4.320648,0.0,0.0,1.0,1.0
1395,-0.5038195,4.159331,4.2679157,0.0,0.0,1.0,1.0
1396,-0.51109487,4.096739,4.225872,0.0,0.0,1.0,1.0
1397,-0.5612949,4.159922,4.197929,0.0,0.0,1.0,1.0
1398,-0.8683157,4.1100626,4.167619,0.0,0.0,1.0,1.0
1399,-0.6857039,3.9986157,4.1446285,0.0,0.0,1.0,1.0
1400,-0.6893415,3.9430985,4.1352844,0.0,0.0,1.0,1.0
1401,-0.78683156,4.0965724,4.1274986,0.0,0.0,1.0,1.0
1402,-0.23099305,4.1716022,4.1326733,0.0,0.0,1.0,1.0
1403,-0.23899585,4.151799,4.1531334,0.0,0.0,1.0,1.0
1404,-0.2615495,4.1806,4.167297,0.0,0.0,1.0,1.0
1405,-0.23463076,4.2715797,4.1800632,0.0,0.0,1.0,1.0
1406,-0.2506365,4.190058,4.197468,0.0,0.0,1.0,1.0
1407,-0.8777737,4.2214313,4.216294,0.0,0.0,1.0,1.0
1408,-0.74463445,4.34226,4.2107773,0.0,0.0,1.0,1.0
1409,-0.7715534,4.3298826,4.1969533,0.0,0.0,1.0,1.0
1410,-0.90251005,4.263261,4.1839547,0.0,0.0,1.0,1.0
1411,-0.67988354,4.2074695,4.1618857,0.0,0.0,1.0,1.0
1412,-0.70607495,4.1690116,4.120422,0.0,0.0,1.0,1.0
1413,-0.70825744,4.030374,4.069243,0.0,0.0,1.0,1.0
1414,-0.6646053,4.005712,4.0329056,0.0,0.0,1.0,1.0
1415,-0.6442342,3.9958186,3.9981987,0.0,0.0,1.0,1.0
1416,-0.6646054,3.9157689,3.96069,0.0,0.0,1.0,1.0
1417,-0.66678786,3.774015,3.9329216,0.0,0.0,1.0,1.0
1418,-0.6442343,3.5759115,3.8967621,0.0,0.0,1.0,1.0
1419,-0.66315025,3.7853806,3.852253,0.0,0.0,1.0,1.0
1420,-0.6995271,3.9257798,3.8259819,0.0,0.0,1.0,1.0
1421,-0.80574745,3.8797767,3.8050876,0.0,0.0,1.0,1.0
1422,-0.6202254,3.9300423,3.7878397,0.0,0.0,1.0,1.0
1423,-0.49217898,3.773555,3.7836194,0.0,0.0,1.0,1.0
1424,-0.50236446,3.6349013,3.8092885,0.0,0.0,1.0,1.0
1425,-0.50454706,3.7151208,3.8510046,0.0,0.0,1.0,1.0
1426,-0.5125499,3.7549808,3.8705127,0.0,0.0,1.0,1.0
1427,-0.8828664,3.7888443,3.8909144,0.0,0.0,1.0,1.0
1428,-0.746817,3.8651233,3.9142787,0.0,0.0,1.0,1.0
1429,-0.72062564,4.082047,3.9440784,0.0,0.0,1.0,1.0
1430,-0.72280824,4.0765033,3.970474,0.0,0.0,1.0,1.0
1431,-0.7082576,4.0194774,3.9905293,0.0,0.0,1.0,1.0
1432,-0.70898503,4.1706,3.986344,0.0,0.0,1.0,1.0
1433,-0.6551473,4.1601505,3.9751773,0.0,0.0,1.0,1.0
1434,-0.74827206,4.2876377,3.9577246,0.0,0.0,1.0,1.0
1435,-0.11458713,4.0903015,3.9211478,0.0,0.0,1.0,1.0
1436,-0.06365943,3.875565,3.8513823,0.0,0.0,1.0,1.0
1437,-0.078210235,3.6648972,3.7788153,0.0,0.0,1.0,1.0
1438,-0.06875222,3.620981,3.7033482,0.0,0.0,1.0,1.0
1439,-0.025827458,3.57941,3.6171505,0.0,0.0,1.0,1.0
1440,0.017824734,3.4262035,3.5017715,0.0,0.0,1.0,1.0
1441,-0.03892319,3.2448611,3.3708382,0.0,0.0,1.0,1.0
1442,-0.4972718,3.2056975,3.25378,0.0,0.0,1.0,1.0
1443,-0.48490363,3.113872,3.15598,0.0,0.0,1.0,1.0
1444,-0.49799925,3.1362305,3.0698001,0.0,0.0,1.0,1.0
1445,-0.5060021,2.7756002,2.9782627,0.0,0.0,1.0,1.0
1446,-0.5110949,2.7164395,2.8905706,0.0,0.0,1.0,1.0
1447,-0.5372863,2.6856005,2.8129992,0.0,0.0,1.0,1.0
1448,-0.531466,2.7019682,2.7552407,0.0,0.0,1.0,1.0
1449,-0.5605675,2.6307383,2.699082,0.0,0.0,1.0,1.0
1450,-0.7271735,2.5225308,2.650013,0.0,0.0,1.0,1.0
1451,-0.727901,2.5271068,2.6069286,0.0,0.0,1.0,1.0
1452,-0.13132043,2.4953458,2.589019,0.0,0.0,1.0,1.0
1453,-0.15241896,2.5517573,2.5630326,0.0,0.0,1.0,1.0
1454,-0.121134855,2.531793,2.5331447,0.0,0.0,1.0,1.0
1455,-0.0862131,2.5250454,2.4826956,0.0,0.0,1.0,1.0
1456,-0.12477257,2.6192162,2.4409192,0.0,0.0,1.0,1.0
1457,-0.7344489,2.560686,2.4061778,0.0,0.0,1.0,1.0
1458,-0.6660603,2.4046035,2.372923,0.0,0.0,1.0,1.0
1459,-0.67770094,2.3269458,2.33608,0.0,0.0,1.0,1.0
1460,-0.6718806,2.0965767,2.3003838,0.0,0.0,1.0,1.0
1461,-0.6733358,2.1294234,2.2668166,0.0,0.0,1.0,1.0
1462,-0.67479086,2.1056325,2.2304718,0.0,0.0,1.0,1.0
1463,-0.6624227,2.1280475,2.1833649,0.0,0.0,1.0,1.0
1464,-0.6726082,2.0532327,2.1436126,0.0,0.0,1.0,1.0
1465,-0.8610403,2.1234014,2.1172414,0.0,0.0,1.0,1.0
1466,-0.7613678,2.1289868,2.0974581,0.0,0.0,0.0,1.0
1467,-0.72062564,2.0889091,2.101996,0.0,0.0,0.0,1.0
1468,-0.74681693,2.0539327,2.1177754,0.0,0.0,0.0,1.0
1469,-0.8370316,2.0836606,2.1548183,0.0,0.0,1.0,1.0
1470,-0.5271008,2.0881474,2.1992083,0.0,0.0,1.0,1.0
1471,-0.2630046,2.089547,2.2597713,0.0,0.0,1.0,1.0
1472,-0.26445967,2.15103,2.3265352,0.0,0.0,1.0,1.0
1473,0.04910877,2.3187776,2.3980396,0.0,0.0,1.0,1.0
1474,0.10803927,2.5501463,2.4799266,0.0,0.0,1.0,1.0
1475,0.10512919,2.6607265,2.575237,0.0,0.0,1.0,1.0
1476,0.15678418,2.7799911,2.6692612,0.0,0.0,1.0,1.0
1477,0.15823929,2.9245687,2.768132,0.0,0.0,1.0,1.0
1478,0.1967987,2.987037,2.8670523,0.0,0.0,1.0,1.0
1479,0.118224636,3.0715554,2.967745,0.0,0.0,1.0,1.0
1480,0.15169147,3.1976578,3.0556087,0.0,0.0,1.0,1.0
1481,0.15314649,3.2119503,3.1257253,0.0,0.0,1.0,1.0
1482,0.10585662,3.2745967,3.1840966,0.0,0.0,1.0,1.0
1483,0.12186249,3.2765906,3.2341573,0.0,0.0,1.0,1.0
1484,-0.47762823,3.3593433,3.2730885,0.0,0.0,1.0,1.0
1485,-0.38304842,3.3731406,3.305609,0.0,0.0,1.0,1.0
1486,-0.23972364,3.3915458,3.337604,0.0,0.0,1.0,1.0
1487,-0.5649327,3.3611815,3.3585465,0.0,0.0,1.0,1.0
1488,-0.5401964,3.380721,3.3822117,0.0,0.0,1.0,1.0
1489,-0.5634775,3.3917425,3.4082007,0.0,0.0,1.0,1.0
1490,-0.65587485,3.3772824,3.4365737,0.0,0.0,1.0,1.0
1491,-0.29574376,3.4554954,3.451324,0.0,0.0,1.0,1.0
1492,-0.29647133,3.4489691,3.4647346,0.0,0.0,1.0,1.0
1493,-0.31465986,3.495931,3.475397,0.0,0.0,1.0,1.0
1494,-0.40923974,3.5864666,3.4884331,0.0,0.0,1.0,1.0
1495,-0.2862859,3.617065,3.499636,0.0,0.0,1.0,1.0
1496,-0.7111677,3.5363464,3.5103955,0.0,0.0,1.0,1.0
1497,-0.60567474,3.5340679,3.5309062,0.0,0.0,1.0,1.0
1498,-0.619498,3.5194964,3.5693223,0.0,0.0,1.0,1.0
1499,-0.6238632,3.5176134,3.6082375,0.0,0.0,1.0,1.0
1500,-0.60058206,3.5151541,3.6373808,0.0,0.0,1.0,1.0
1501,-0.5925791,3.5208595,3.6555386,0.0,0.0,1.0,1.0
1502,-0.620953,3.6234097,3.6717994,0.0,0.0,1.0,1.0
1503,-0.64496183,3.9164906,3.695172,0.0,0.0,1.0,1.0
1504,-0.59839934,3.9159505,3.7123725,0.0,0.0,1.0,1.0
1505,-0.60712993,3.8456495,3.7256815,0.0,0.0,1.0,1.0
1506,-0.56202245,3.8043604,3.7341883,0.0,0.0,1.0,1.0
1507,-0.67333573,3.8121948,3.7444348,0.0,0.0,1.0,1.0
1508,-0.22226255,3.8168192,3.750666,0.0,0.0,1.0,1.0
1509,-0.2644598,3.740472,3.7484841,0.0,0.0,1.0,1.0
1510,-0.27319017,3.679205,3.7135098,0.0,0.0,1.0,1.0
1511,-0.26300466,3.619695,3.6668983,0.0,0.0,1.0,1.0
1512,-0.79192436,3.638111,3.6283534,0.0,0.0,1.0,1.0
1513,-0.7104402,3.595633,3.602291,0.0,0.0,1.0,1.0
1514,-0.72426337,3.5972283,3.552639,0.0,0.0,1.0,1.0
1515,-0.73735905,3.4968,3.508103,0.0,0.0,1.0,1.0
1516,-0.75190985,3.3566122,3.465162,0.0,0.0,1.0,1.0
1517,-0.73081124,3.3831084,3.4269946,0.0,0.0,1.0,1.0
1518,-0.8959621,3.4916143,3.3915071,0.0,0.0,1.0,1.0
1519,-0.80138236,3.2163684,3.3543313,0.0,0.0,1.0,1.0
1520,-0.746817,3.282387,3.318459,0.0,0.0,1.0,1.0
1521,-0.7082575,3.2251825,3.2829278,0.0,0.0,1.0,1.0
1522,-0.80865765,3.221194,3.254296,0.0,0.0,1.0,1.0
1523,-0.8217533,3.193847,3.2286034,0.0,0.0,1.0,1.0
1524,-0.43615857,3.191999,3.1975563,0.0,0.0,1.0,1.0
1525,-0.20698431,3.165168,3.1606543,0.0,0.0,1.0,1.0
1526,-0.22371769,3.1708524,3.1525438,0.0,0.0,1.0,1.0
1527,-0.22517268,3.15322,3.1476543,0.0,0.0,1.0,1.0
1528,-0.22008003,3.0483003,3.145709,0.0,0.0,1.0,1.0
1529,-0.45871216,3.0105422,3.1285608,0.0,0.0,0.0,1.0
1530,-0.88359404,3.0487912,3.1096551,0.0,0.0,0.0,1.0
1531,-0.70898503,3.1190424,3.0727804,0.0,0.0,0.0,1.0
1532,-0.67624587,3.2237115,3.056321,0.0,0.0,0.0,1.0
1533,-0.65951246,3.2018402,3.035821,0.0,0.0,0.0,1.0
1534,-0.6078574,3.0154142,3.0162625,0.0,0.0,0.0,1.0
1535,-0.5896689,2.9669793,3.0007792,0.0,0.0,0.0,1.0
1536,-0.56420517,2.7495024,2.9828398,0.0,0.0,0.0,1.0
1537,-0.57220805,2.967656,2.9478192,0.0,0.0,1.0,1.0
1538,-0.5663878,2.9248526,2.9060407,0.0,0.0,1.0,1.0
1539,-0.28919604,2.9185185,2.853563,0.0,0.0,1.0,1.0
1540,-0.05056377,2.8624992,2.8120885,0.0,0.0,1.0,1.0
1541,-0.031647824,2.7952716,2.785061,0.0,0.0,1.0,1.0
1542,-0.042560834,2.6285436,2.759597,0.0,0.0,1.0,1.0
1543,-0.09567111,2.6176994,2.7537596,0.0,0.0,1.0,1.0
1544,-0.097853616,2.593981,2.7231796,0.0,0.0,1.0,1.0
1545,-0.12622765,2.7041452,2.690937,0.0,0.0,1.0,1.0
1546,-0.7439069,2.6910832,2.6581013,0.0,0.0,1.0,1.0
1547,-0.79410696,2.6614122,2.629431,0.0,0.0,1.0,1.0
1548,-0.64859957,2.6794534,2.5839126,0.0,0.0,1.0,1.0
1549,-0.6798836,2.600695,2.5588865,0.0,0.0,1.0,1.0
1550,-0.6718807,2.537941,2.5222049,0.0,0.0,1.0,1.0
1551,-0.6522372,2.5244908,2.4884946,0.0,0.0,1.0,1.0
1552,-0.76064026,2.5184548,2.4463198,0.0,0.0,1.0,1.0
1553,-0.5678429,2.2490516,2.4134727,0.0,0.0,1.0,1.0
1554,-0.75918514,2.3282304,2.3801384,0.0,0.0,1.0,1.0
1555,-0.6704256,2.1775203,2.349736,0.0,0.0,1.0,1.0
1556,-0.68279374,2.1894574,2.3226724,0.0,0.0,1.0,1.0
1557,-0.79556197,2.1980476,2.292946,0.0,0.0,1.0,1.0
1558,-0.19316114,2.2969167,2.2557309,0.0,0.0,1.0,1.0
1559,-0.17133506,2.2614014,2.2175329,0.0,0.0,1.0,1.0
1560,-0.18661322,2.3146238,2.1960099,0.0,0.0,1.0,1.0
1561,-0.15605661,2.2759323,2.164338,0.0,0.0,1.0,1.0
1562,-0.2571843,2.1812258,2.145419,0.0,0.0,1.0,1.0
1563,-0.8603128,2.0779078,2.1386468,0.0,0.0,1.0,1.0
1564,-0.7308112,2.0600808,2.1367402,0.0,0.0,1.0,1.0
1565,-0.7118953,1.9907752,2.1252713,0.0,0.0,1.0,1.0
1566,-0.7257185,1.948168,2.1219096,0.0,0.0,1.0,1.0
1567,-0.72499096,1.95049,2.1254375,0.0,0.0,1.0,1.0
1568,-0.71626043,2.1081927,2.146823,0.0,0.0,1.0,1.0
1569,-0.9119679,2.1751683,2.1879022,0.0,0.0,1.0,1.0
1570,-0.47180793,2.1592886,2.238344,0.0,0.0,1.0,1.0
1571,-0.4456167,2.2210617,2.301531,0.0,0.0,1.0,1.0
1572,0.11967985,2.3569582,2.379246,0.0,0.0,1.0,1.0
1573,0.12550007,2.532559,2.4720356,0.0,0.0,1.0,1.0
1574,0.19243343,2.6741772,2.5854678,0.0,0.0,1.0,1.0
1575,0.1778828,2.6832073,2.6917274,0.0,0.0,1.0,1.0
1576,0.39323366,2.8183258,2.8062146,0.0,0.0,1.0,1.0
1577,0.41142225,2.9233549,2.9387705,0.0,0.0,1.0,1.0
1578,0.37941065,3.061645,3.0822575,0.0,0.0,1.0,1.0
1579,0.4339758,3.3116763,3.2083268,0.0,0.0,1.0,1.0
1580,0.48053828,3.3833058,3.3275998,0.0,0.0,1.0,1.0
1581,0.45434695,3.549014,3.437532,0.0,0.0,1.0,1.0
1582,-0.12477279,3.7499614,3.5556645,0.0,0.0,1.0,1.0
1583,-0.72935617,3.9429061,3.6572473,0.0,0.0,1.0,1.0
1584,-0.6711532,3.8697894,3.7441106,0.0,0.0,1.0,1.0
1585,-0.6624226,3.963835,3.8130724,0.0,0.0,1.0,1.0
1586,-0.71480536,3.9933631,3.8684897,0.0,0.0,1.0,1.0
1587,-0.7177156,4.1007986,3.9124622,0.0,0.0,1.0,1.0
1588,-0.8341214,4.037319,3.9328806,0.0,0.0,1.0,1.0
1589,-0.6995271,3.9657145,3.930443,0.0,0.0,1.0,1.0
1590,-0.7904693,3.8891864,3.9067674,0.0,0.0,1.0,1.0
1591,-0.59112406,3.9766846,3.8898373,0.0,0.0,0.0,1.0
1592,-0.5889414,3.9109757,3.8595085,0.0,0.0,0.0,1.0
1593,-0.5780283,3.794033,3.8199272,0.0,0.0,0.0,1.0
1594,-0.10585648,3.7207098,3.7655869,0.0,0.0,0.0,1.0
1595,-0.03674054,3.6587977,3.7204075,0.0,0.0,0.0,1.0
1596,0.0018189301,3.6666286,3.679209,0.0,0.0,0.0,1.0
1597,-0.0054565063,3.599892,3.6372051,0.0,0.0,0.0,1.0
1598,-0.057111636,3.518387,3.581045,0.0,0.0,0.0,1.0
1599,-0.033830397,3.448714,3.5288029,0.0,0.0,0.0,1.0
1600,-0.5663877,3.4951665,3.4857378,0.0,0.0,0.0,1.0
1601,-0.80065477,3.471334,3.4510121,0.0,0.0,0.0,1.0
1602,-0.6544197,3.3851395,3.4167604,0.0,0.0,0.0,1.0
1603,-0.6500546,3.3027606,3.3746715,0.0,0.0,0.0,1.0
1604,-0.6558749,3.2840717,3.3378553,0.0,0.0,0.0,1.0
1605,-0.64568925,3.2772527,3.3040705,0.0,0.0,0.0,1.0
1606,-0.63477623,3.3040023,3.2710774,0.0,0.0,0.0,1.0
1607,-0.5969442,3.2477767,3.227775,0.0,0.0,0.0,1.0
1608,-0.5867588,3.161562,3.1904433,0.0,0.0,0.0,1.0
1609,-0.54965436,3.158098,3.163388,0.0,0.0,0.0,1.0
1610,-0.5278283,3.1129687,3.1455564,0.0,0.0,0.0,1.0
1611,-0.50527453,3.052796,3.1289046,0.0,0.0,0.0,1.0
1612,-0.64350665,2.9755397,3.117538,0.0,0.0,0.0,1.0
1613,-0.569298,3.023353,3.114597,0.0,0.0,0.0,1.0
1614,-0.5278283,3.060474,3.1201248,0.0,0.0,0.0,1.0
1615,-0.21935254,3.088782,3.139778,0.0,0.0,0.0,1.0
1616,-0.4128774,3.0842502,3.1691966,0.0,0.0,0.0,1.0
1617,-0.4652601,3.1408522,3.2029097,0.0,0.0,0.0,1.0
1618,-0.425973,3.2687132,3.2511513,0.0,0.0,0.0,1.0
1619,-0.42379043,3.3141103,3.3236735,0.0,0.0,0.0,1.0
1620,-0.87850124,3.3973985,3.4068127,0.0,0.0,0.0,1.0
1621,-0.85885775,3.5111225,3.4892013,0.0,0.0,0.0,1.0
1622,-0.46744272,3.5175247,3.586014,0.0,0.0,0.0,1.0
1623,0.07821009,3.631696,3.703793,0.0,0.0,0.0,1.0
1624,0.17933781,3.8458045,3.8190074,0.0,0.0,0.0,1.0
1625,0.20189148,4.021024,3.9219382,0.0,0.0,0.0,1.0
1626,0.21207692,4.049136,4.0309925,0.0,0.0,0.0,1.0
1627,0.1902509,4.250535,4.155231,0.0,0.0,0.0,1.0
1628,0.18079296,4.497598,4.269408,0.0,0.0,0.0,1.0
1629,0.69879943,4.523426,4.3785534,0.0,0.0,0.0,1.0
1630,0.81593305,4.5038834,4.4749537,0.0,0.0,0.0,1.0
1631,0.8537651,4.6227603,4.54854,0.0,0.0,0.0,1.0
1632,0.87122583,4.888261,4.6026797,0.0,0.0,0.0,1.0
1633,0.23463084,4.8812485,4.6531386,0.0,0.0,0.0,1.0
1634,0.27682802,4.8272705,4.684674,0.0,0.0,0.0,1.0
1635,0.25500193,4.788498,4.6808596,0.0,0.0,0.0,1.0
1636,-0.60858494,4.728838,4.6586943,0.0,0.0,0.0,1.0
1637,-0.6013096,4.670701,4.63825,0.0,0.0,0.0,1.0
1638,-0.60130954,4.6546416,4.5953646,0.0,0.0,0.0,1.0
1639,-0.59112406,4.6289606,4.512505,0.0,0.0,0.0,1.0
1640,-0.5773009,4.4518275,4.434682,0.0,0.0,0.0,1.0
1641,-0.7351765,4.2574425,4.366292,0.0,0.0,0.0,1.0
1642,-0.63695896,4.2585487,4.2942696,0.0,0.0,0.0,1.0
1643,-0.65005463,4.1081357,4.2070923,0.0,0.0,0.0,1.0
1644,-0.7017097,3.8939507,4.121587,0.0,0.0,0.0,1.0
1645,-0.77519095,3.9473705,4.036496,0.0,0.0,0.0,1.0
1646,-0.1538741,4.0065904,3.9597132,0.0,0.0,0.0,1.0
1647,-0.18152049,3.9242265,3.8974235,0.0,0.0,0.0,1.0
1648,-0.1706074,3.682711,3.8479967,0.0,0.0,0.0,1.0
1649,-0.27828288,3.6446369,3.7992592,0.0,0.0,0.0,1.0
1650,-0.15314654,3.6335537,3.7606733,0.0,0.0,0.0,1.0
1651,-0.756275,3.7075646,3.7420535,0.0,0.0,0.0,1.0
1652,-0.75773007,3.704351,3.7224574,0.0,0.0,0.0,1.0
1653,-0.6144052,3.6643198,3.7009013,0.0,0.0,0.0,1.0
1654,-0.58457625,3.6736987,3.686636,0.0,0.0,0.0,1.0
1655,-0.6827938,3.6451051,3.6991754,0.0,0.0,0.0,1.0
1656,-0.63623136,3.6705148,3.707639,0.0,0.0,0.0,1.0
1657,-0.6282284,3.712217,3.707896,0.0,0.0,0.0,1.0
1658,-0.6420516,3.7479172,3.7027266,0.0,0.0,0.0,1.0
1659,-0.6573299,3.7530422,3.687403,0.0,0.0,0.0,1.0
1660,-0.658785,3.833182,3.6647892,0.0,0.0,0.0,1.0
1661,-0.71480536,3.7462003,3.6538136,0.0,0.0,0.0,1.0
1662,-0.72571844,3.6366396,3.6579287,0.0,0.0,0.0,1.0
1663,-0.8974172,3.6455307,3.6733212,0.0,0.0,0.0,1.0
1664,-0.22953798,3.5204668,3.6990948,0.0,0.0,0.0,1.0
1665,-0.2062568,3.3929553,3.7350557,0.0,0.0,0.0,1.0
1666,-0.21280453,3.541991,3.7789304,0.0,0.0,0.0,1.0
1667,-0.24772629,3.6944876,3.82243,0.0,0.0,0.0,1.0
1668,0.108766906,3.8552248,3.8795764,0.0,0.0,0.0,1.0
1669,-0.24990907,4.0215,3.9524815,0.0,0.0,0.0,1.0
1670,0.13350305,4.179447,4.019907,0.0,0.0,0.0,1.0
1671,0.16478708,4.279539,4.096715,0.0,0.0,0.0,1.0
1672,0.17278992,4.3551774,4.1897454,0.0,0.0,0.0,1.0
1673,0.21862479,4.4319577,4.2764273,0.0,0.0,0.0,1.0
1674,0.21207699,4.5115,4.3464165,0.0,0.0,0.0,1.0
1675,0.20261891,4.454638,4.413853,0.0,0.0,0.0,1.0
1676,0.2215349,4.442164,4.4791813,0.0,0.0,0.0,1.0
1677,0.19243343,4.509317,4.5273957,0.0,0.0,0.0,1.0
1678,0.1982538,4.582175,4.5545783,0.0,0.0,0.0,1.0
1679,-0.38814116,4.534358,4.5627933,0.0,0.0,0.0,1.0
1680,-0.3655875,4.6644654,4.5631704,0.0,0.0,0.0,1.0
1681,-0.8581302,4.8054385,4.537998,0.0,0.0,0.0,1.0
1682,-0.7206257,4.758017,4.501398,0.0,0.0,0.0,1.0
1683,-0.8719535,4.6057305,4.44887,0.0,0.0,0.0,1.0
1684,-0.55256456,4.4537587,4.371276,0.0,0.0,0.0,1.0
1685,-0.5365587,4.436483,4.276484,0.0,0.0,0.0,1.0
1686,-0.52419055,4.209435,4.1875753,0.0,0.0,0.0,1.0
1687,-0.50527453,4.0154347,4.0777054,0.0,0.0,0.0,1.0
1688,-0.4863586,3.8118317,3.9470735,0.0,0.0,0.0,1.0
1689,-0.4870862,3.5781815,3.8154085,0.0,0.0,0.0,1.0
1690,-0.8399418,3.4446745,3.692016,0.0,0.0,0.0,1.0
1691,-0.7584577,3.4674542,3.5748825,0.0,0.0,0.0,1.0
1692,-0.7533648,3.3460262,3.4570758,0.0,0.0,0.0,1.0
1693,-0.73008364,3.2378557,3.3470206,0.0,0.0,0.0,1.0
1694,-0.75190985,3.178037,3.2528327,0.0,0.0,0.0,1.0
1695,-0.7861041,3.1250174,3.1734118,0.0,0.0,0.0,1.0
1696,-0.7890143,3.0481594,3.1001499,0.0,0.0,0.0,1.0
1697,-0.92069834,3.0228043,3.041151,0.0,0.0,0.0,1.0
1698,-0.78464895,2.888771,2.9868474,0.0,0.0,0.0,1.0
1699,-0.77591854,2.8851779,2.951125,0.0,0.0,0.0,1.0
1700,-0.8588578,2.8587832,2.9482617,0.0,0.0,0.0,1.0
1701,-0.47835577,2.6990383,2.9606385,0.0,0.0,0.0,1.0
1702,-0.22808291,2.736687,2.9922926,0.0,0.0,0.0,1.0
1703,-0.20334665,2.8158114,3.0378845,0.0,0.0,0.0,1.0
1704,-0.20916688,2.917357,3.101257,0.0,0.0,0.0,1.0
1705,-0.1960713,3.203496,3.176505,0.0,0.0,0.0,1.0
1706,-0.92215353,3.3265588,3.252059,0.0,0.0,0.0,1.0
1707,-0.7795563,3.5048666,3.3261178,0.0,0.0,0.0,1.0
1708,-0.90760267,3.5952613,3.4257843,0.0,0.0,1.0,1.0
1709,-0.6202254,3.7832754,3.5214643,0.0,0.0,1.0,1.0
1710,-0.6427792,3.791747,3.6139052,0.0,0.0,1.0,1.0
1711,-0.63332117,3.791827,3.708702,0.0,0.0,1.0,1.0
1712,-0.62895584,3.7474885,3.7789247,0.0,0.0,1.0,1.0
1713,-0.56129503,3.8950365,3.8515687,0.0,0.0,1.0,1.0
1714,-0.5649326,3.8848462,3.920216,0.0,0.0,1.0,1.0
1715,-0.5511095,3.9251018,3.9881775,0.0,0.0,1.0,1.0
1716,-0.5649326,4.054921,4.029026,0.0,0.0,1.0,1.0
1717,-0.51255,4.0461655,4.0593643,0.0,0.0,1.0,1.0
1718,-0.5321935,4.1982884,4.073814,0.0,0.0,1.0,1.0
1719,-0.22153512,4.3286357,4.0832686,0.0,0.0,1.0,1.0
1720,-0.14077845,4.410796,4.064406,0.0,0.0,1.0,1.0
1721,0.7075299,4.2734556,4.0428185,0.0,0.0,1.0,1.0
1722,0.74536186,4.1558113,4.019033,0.0,0.0,1.0,1.0
1723,0.7111677,3.9652195,3.996726,0.0,0.0,1.0,1.0
1724,0.7235359,3.8609452,3.966381,0.0,0.0,1.0,1.0
1725,0.61731523,3.6686854,3.9289474,0.0,0.0,1.0,1.0
1726,0.62750083,3.6257966,3.8789215,0.0,0.0,1.0,1.0
1727,0.6180427,3.639676,3.815755,0.0,0.0,1.0,1.0
1728,0.3503091,3.787237,3.7671123,0.0,0.0,1.0,1.0
1729,0.38377586,3.6820254,3.7195787,0.0,0.0,1.0,1.0
1730,0.37286264,3.7490861,3.676642,0.0,0.0,1.0,1.0
1731,-0.20771195,3.7283225,3.6367097,0.0,0.0,1.0,1.0
1732,-0.23172066,3.6527977,3.615352,0.0,0.0,1.0,1.0
1733,0.057839207,3.6897433,3.5956433,0.0,0.0,1.0,1.0
1734,-0.25209165,3.585409,3.5727224,0.0,0.0,1.0,1.0
1735,0.017824734,3.44998,3.5383065,0.0,0.0,1.0,1.0
1736,-0.15096396,3.3817563,3.5086908,0.0,0.0,1.0,1.0
1737,-0.09785376,3.4123938,3.4823098,0.0,0.0,1.0,1.0
1738,-0.0796653,3.389292,3.4625757,0.0,0.0,0.0,1.0
1739,-0.0862131,3.364627,3.4456022,0.0,0.0,1.0,1.0
1740,-0.15314654,3.374244,3.4285145,0.0,0.0,1.0,1.0
1741,-0.6194981,3.3266387,3.4091766,0.0,0.0,1.0,1.0
1742,-0.64423424,3.432515,3.3976939,0.0,0.0,1.0,1.0
1743,-0.6449618,3.491511,3.392512,0.0,0.0,1.0,1.0
1744,-0.647872,3.4491155,3.393436,0.0,0.0,1.0,1.0
1745,-0.81229544,3.4846923,3.392622,0.0,0.0,1.0,1.0
1746,-0.7213532,3.3533547,3.3902957,0.0,0.0,1.0,1.0
1747,-0.6907967,3.3121872,3.387307,0.0,0.0,1.0,1.0
1748,-0.7104401,3.3195734,3.3897905,0.0,0.0,1.0,1.0
1749,-0.7431793,3.4234805,3.3851643,0.0,0.0,1.0,1.0
1750,-0.69079673,3.3795254,3.3780773,0.0,0.0,1.0,1.0
1751,-0.7991997,3.3367107,3.3788803,0.0,0.0,1.0,1.0
1752,-0.19316109,3.338378,3.388128,0.0,0.0,1.0,1.0
1753,-0.1960713,3.3564427,3.3981643,0.0,0.0,1.0,1.0
1754,-0.22662783,3.3770006,3.4149954,0.0,0.0,1.0,1.0
1755,-0.121134855,3.4064672,3.4384828,0.0,0.0,1.0,1.0
1756,-0.13859573,3.458752,3.452968,0.0,0.0,1.0,1.0
1757,-0.8210258,3.595663,3.488557,0.0,0.0,1.0,1.0
1758,-0.6034922,3.4737892,3.5333633,0.0,0.0,1.0,1.0
1759,-0.59985435,3.514162,3.5838099,0.0,0.0,0.0,1.0
1760,-0.7380866,3.6014228,3.6275234,0.0,0.0,0.0,1.0
1761,-0.6304111,3.5973012,3.6740234,0.0,0.0,1.0,1.0
1762,-0.58530366,3.8065968,3.7295237,0.0,0.0,1.0,1.0
1763,-0.60567474,3.8743844,3.792401,0.0,0.0,1.0,1.0
1764,-0.6631502,3.9437377,3.8494477,0.0,0.0,1.0,1.0
1765,-0.6907965,3.8810055,3.9314146,0.0,0.0,1.0,1.0
1766,-0.55256456,3.9350002,4.0211987,0.0,0.0,1.0,1.0
1767,-0.54747176,4.0724697,4.103259,0.0,0.0,1.0,1.0
1768,-0.5576573,4.213281,4.189402,0.0,0.0,1.0,1.0
1769,-0.5649326,4.280223,4.2778883,0.0,0.0,1.0,1.0
1770,-0.7439069,4.4573917,4.3640256,0.0,0.0,1.0,1.0
1771,-0.121134855,4.591569,4.452923,0.0,0.0,1.0,1.0
1772,-0.12986529,4.586151,4.5583344,0.0,0.0,1.0,1.0
1773,-0.1400508,4.631016,4.64492,0.0,0.0,1.0,1.0
1774,-0.18152049,4.8684316,4.723487,0.0,0.0,1.0,1.0
1775,-0.18806829,4.9080286,4.788346,0.0,0.0,1.0,1.0
1776,-0.8479447,5.010506,4.8580136,0.0,0.0,1.0,1.0
1777,-0.43106592,5.145944,4.9267097,0.0,0.0,1.0,1.0
1778,0.12622768,4.9740257,4.97071,0.0,0.0,1.0,1.0
1779,0.15532914,5.015272,5.002311,0.0,0.0,1.0,1.0
1780,0.17933781,4.9915905,5.0311604,0.0,0.0,1.0,1.0
1781,0.16478708,5.1162357,5.033077,0.0,0.0,1.0,1.0
1782,0.17715517,5.281746,5.029396,0.0,0.0,1.0,1.0
1783,0.15460157,5.119568,5.024043,0.0,0.0,1.0,1.0
1784,0.13932334,4.965369,5.006414,0.0,0.0,1.0,1.0
1785,0.1167696,4.9772096,4.9803743,0.0,0.0,1.0,1.0
1786,0.11967964,4.891427,4.9471555,0.0,0.0,1.0,1.0
1787,0.047653556,4.8638563,4.8949976,0.0,0.0,1.0,1.0
1788,-0.44779927,4.94627,4.812492,0.0,0.0,1.0,1.0
1789,-0.4230631,4.934396,4.7161236,0.0,0.0,1.0,1.0
1790,-0.8865041,4.661552,4.629645,0.0,0.0,1.0,1.0
1791,-0.84939975,4.616645,4.5441523,0.0,0.0,1.0,1.0
1792,-0.4994543,4.365697,4.4432297,0.0,0.0,1.0,1.0
1793,-0.4674426,4.1261654,4.3417654,0.0,0.0,1.0,1.0
1794,-0.6536922,4.12533,4.2507687,0.0,0.0,1.0,1.0
1795,-0.44125128,4.081822,4.1539125,0.0,0.0,0.0,1.0
1796,-0.4623499,3.9394588,4.047074,0.0,0.0,0.0,1.0
1797,-0.4725354,3.7661395,3.9702945,0.0,0.0,0.0,1.0
1798,-0.83412147,3.6738558,3.8864799,0.0,0.0,0.0,1.0
1799,-0.756275,3.7718904,3.8209505,0.0,0.0,0.0,1.0
1800,-0.9388868,3.7840004,3.7671833,0.0,0.0,0.0,1.0
1801,-0.78319395,3.6523323,3.7288973,0.0,0.0,0.0,1.0
1802,-0.7664606,3.7401967,3.6903226,0.0,0.0,0.0,1.0
1803,-0.7220807,3.610871,3.6695216,0.0,0.0,0.0,1.0
1804,-0.765733,3.579344,3.6718154,0.0,0.0,0.0,1.0
1805,-0.7351763,3.4809592,3.690548,0.0,0.0,0.0,1.0
1806,-0.786104,3.6658993,3.700637,0.0,0.0,0.0,1.0
1807,-0.51546025,3.6189246,3.722004,0.0,0.0,0.0,1.0
1808,-0.48854122,3.6898446,3.7606466,0.0,0.0,0.0,1.0
1809,-0.46817017,3.7936656,3.7942736,0.0,0.0,0.0,1.0
1810,-0.4710804,3.8986468,3.8388028,0.0,0.0,0.0,1.0
1811,-0.4761731,3.8929594,3.8834918,0.0,0.0,0.0,1.0
1812,-0.8326664,4.040403,3.9519649,0.0,0.0,0.0,1.0
1813,-0.7759186,4.1160436,4.0042825,0.0,0.0,0.0,1.0
1814,-0.668243,4.1437225,4.081223,0.0,0.0,0.0,1.0
1815,-0.7184431,4.1452208,4.1679235,0.0,0.0,0.0,1.0
1816,-0.73008364,4.115611,4.249379,0.0,0.0,0.0,1.0
1817,-0.8624954,4.3026385,4.332788,0.0,0.0,0.0,1.0
1818,-0.34376135,4.293711,4.4035172,0.0,0.0,0.0,1.0
1819,-0.2993816,4.5422115,4.45218,0.0,0.0,0.0,1.0
1820,0.260822,4.730246,4.480029,0.0,0.0,0.0,1.0
1821,0.3219351,4.7711353,4.4893737,0.0,0.0,0.0,1.0
1822,0.3379409,4.8995504,4.4816318,0.0,0.0,0.0,1.0
1823,0.82830113,4.741713,4.470437,0.0,0.0,0.0,1.0
1824,0.8624954,4.624356,4.447059,0.0,0.0,1.0,1.0
1825,0.75045466,4.4502306,4.411063,0.0,0.0,1.0,1.0
1826,0.7999272,4.2558575,4.3541384,0.0,0.0,1.0,1.0
1827,0.79774463,4.052319,4.2853484,0.0,0.0,1.0,1.0
1828,0.15023638,3.9812765,4.1955295,0.0,0.0,1.0,1.0
1829,-0.41214988,4.0221033,4.08468,0.0,0.0,1.0,1.0
1830,-0.34739915,3.8617575,3.9719884,0.0,0.0,1.0,1.0
1831,-0.81229544,3.859117,3.8499546,0.0,0.0,1.0,1.0
1832,-0.55984,3.9047654,3.7436419,0.0,0.0,1.0,1.0
1833,-0.56056756,3.6933067,3.6433537,0.0,0.0,1.0,1.0
1834,-0.5336486,3.5693572,3.5684938,0.0,0.0,1.0,1.0
1835,-0.5380138,3.3894143,3.5235877,0.0,0.0,1.0,1.0
1836,-0.561295,3.1599514,3.5002332,0.0,0.0,1.0,1.0
1837,-0.5176428,3.174477,3.5094533,0.0,0.0,1.0,1.0
1838,-0.29137862,3.0523982,3.5389729,0.0,0.0,1.0,1.0
1839,-0.023644885,3.154002,3.5726027,0.0,0.0,1.0,1.0
1840,0.009094224,3.4424021,3.6219087,0.0,0.0,1.0,1.0
1841,0.019279808,3.7418482,3.6913044,0.0,0.0,1.0,1.0
1842,0.022917526,3.9723988,3.7824907,0.0,0.0,1.0,1.0
1843,-0.001091216,4.2133527,3.8974984,0.0,0.0,1.0,1.0
1844,-0.017824521,4.3083234,4.014207,0.0,0.0,1.0,1.0
1845,-0.66315013,4.2849793,4.1397405,0.0,0.0,1.0,1.0
1846,-0.53146595,4.402105,4.252178,0.0,0.0,1.0,1.0
1847,-0.55838484,4.4836497,4.3371143,0.0,0.0,1.0,1.0
1848,-0.57148063,4.540043,4.396161,0.0,0.0,1.0,1.0
1849,-0.62240815,4.5749793,4.4263887,0.0,0.0,1.0,1.0
1850,-0.62022555,4.558802,4.433594,0.0,0.0,1.0,1.0
1851,-0.6245907,4.5032525,4.4185023,0.0,0.0,1.0,1.0
1852,-0.5954892,4.46164,4.388652,0.0,0.0,1.0,1.0
1853,-0.6071299,4.4504075,4.3410187,0.0,0.0,1.0,1.0
1854,-0.5780284,4.335133,4.279132,0.0,0.0,1.0,1.0
1855,-0.68497634,4.299814,4.204346,0.0,0.0,1.0,1.0
1856,-0.59694433,4.1272254,4.1112413,0.0,0.0,1.0,1.0
1857,-0.33357581,3.9267719,4.0029173,0.0,0.0,1.0,1.0
1858,-0.048381127,3.8305035,3.893779,0.0,0.0,1.0,1.0
1859,-0.22444512,3.7410097,3.7845354,0.0,0.0,1.0,1.0
1860,-0.20698431,3.6426132,3.6716156,0.0,0.0,1.0,1.0
1861,-0.20698431,3.4577246,3.5759194,0.0,0.0,1.0,1.0
1862,-0.20334652,3.25891,3.4901597,0.0,0.0,1.0,1.0
1863,-0.64787185,3.193596,3.4256458,0.0,0.0,1.0,1.0
1864,-0.6449617,3.150715,3.3821664,0.0,0.0,1.0,1.0
1865,-0.59476167,3.095371,3.3499537,0.0,0.0,1.0,1.0
1866,-0.57220805,3.1867793,3.333507,0.0,0.0,1.0,1.0
1867,-0.7453619,3.2706983,3.322763,0.0,0.0,1.0,1.0
1868,-0.5933066,3.3530588,3.3290653,0.0,0.0,1.0,1.0
1869,-0.5947617,3.4050162,3.3533177,0.0,0.0,1.0,1.0
1870,-0.620953,3.4439526,3.3926072,0.0,0.0,1.0,1.0
1871,-0.619498,3.543649,3.4383662,0.0,0.0,1.0,1.0
1872,-0.5903965,3.5136845,3.5050356,0.0,0.0,1.0,1.0
1873,-0.8152055,3.5333536,3.5723875,0.0,0.0,1.0,1.0
1874,-0.7788287,3.5499384,3.6345835,0.0,0.0,1.0,1.0
1875,-0.39250648,3.6650712,3.6811433,0.0,0.0,1.0,1.0
1876,0.43615857,3.6998215,3.7365324,0.0,0.0,1.0,1.0
1877,0.4354309,3.895404,3.787693,0.0,0.0,1.0,1.0
1878,0.36122227,3.9950006,3.8259962,0.0,0.0,1.0,1.0
1879,0.34885404,4.0170503,3.871308,0.0,0.0,1.0,1.0
1880,0.35394678,3.911777,3.9032297,0.0,0.0,1.0,1.0
1881,0.40996724,4.0696855,3.9300456,0.0,0.0,1.0,1.0
1882,0.4390687,4.0578794,3.943633,0.0,0.0,1.0,1.0
1883,0.12186246,4.003288,3.941571,0.0,0.0,1.0,1.0
1884,0.15314649,4.0574274,3.9115,0.0,0.0,1.0,1.0
1885,0.15169142,3.9164128,3.8605714,0.0,0.0,1.0,1.0
1886,-0.5525647,3.8717284,3.8006802,0.0,0.0,1.0,1.0
1887,-0.44998187,3.8281217,3.7394433,0.0,0.0,1.0,1.0
1888,-0.86467797,3.675076,3.661378,0.0,0.0,1.0,1.0
1889,-0.9039651,3.5345519,3.5786433,0.0,0.0,1.0,1.0
1890,-0.8072026,3.3838573,3.484443,0.0,0.0,1.0,1.0
1891,-0.78319395,3.2983556,3.3818135,0.0,0.0,1.0,1.0
1892,-0.8224809,3.1769354,3.272545,0.0,0.0,1.0,1.0
1893,-0.7817389,3.1329,3.1557684,0.0,0.0,1.0,1.0
1894,-0.8872317,3.0650654,3.03704,0.0,0.0,1.0,1.0
1895,-0.22080754,2.8728833,2.9165566,0.0,0.0,1.0,1.0
1896,-0.22881047,2.8258748,2.8091583,0.0,0.0,1.0,1.0
1897,-0.21789733,2.6051912,2.7124884,0.0,0.0,1.0,1.0
1898,-0.27973795,2.470409,2.618871,0.0,0.0,1.0,1.0
1899,-0.8785012,2.4033813,2.5462856,0.0,0.0,1.0,1.0
1900,-0.81375045,2.2292738,2.4855196,0.0,0.0,1.0,1.0
1901,-0.7744635,2.2457716,2.4391334,0.0,0.0,1.0,1.0
1902,-0.7526374,2.2238207,2.3984551,0.0,0.0,1.0,1.0
1903,-0.7380866,2.174944,2.361444,0.0,0.0,1.0,1.0
1904,-0.7679156,2.3059113,2.3314552,0.0,0.0,1.0,1.0
1905,-0.7206256,2.4037101,2.3093247,0.0,0.0,1.0,1.0
1906,-0.7460894,2.5084286,2.296454,0.0,0.0,1.0,1.0
1907,-0.7570026,2.3847458,2.3138409,0.0,0.0,1.0,1.0
1908,-0.7773737,2.3817391,2.326258,0.0,0.0,1.0,1.0
1909,-0.73517644,2.2453277,2.3349116,0.0,0.0,1.0,1.0
1910,-0.7417242,2.204842,2.3369083,0.0,0.0,1.0,1.0
1911,-0.77373594,2.2489324,2.316534,0.0,0.0,1.0,1.0
1912,-0.7773736,2.4379165,2.2883716,0.0,0.0,1.0,1.0
1913,-0.77009815,2.3947778,2.248246,0.0,0.0,1.0,1.0
1914,-0.7926519,2.3276641,2.2131188,0.0,0.0,1.0,1.0
1915,-0.88213897,2.198904,2.1683493,0.0,0.0,1.0,1.0
1916,-0.4623499,2.061419,2.1222897,0.0,0.0,1.0,1.0
1917,-0.3990541,2.065763,2.0669258,0.0,0.0,1.0,1.0
1918,-0.4397963,2.02692,2.0014932,0.0,0.0,1.0,1.0
1919,-0.436886,1.9632187,1.9108502,0.0,0.0,1.0,1.0
1920,-0.6849763,1.8445047,1.8269935,0.0,0.0,1.0,1.0
1921,-0.6122226,1.6926126,1.7512188,0.0,0.0,1.0,1.0
1922,-0.58530366,1.540475,1.6969403,0.0,0.0,1.0,1.0
1923,-0.6027646,1.4637436,1.6498045,0.0,0.0,1.0,1.0
1924,-0.599127,1.3501997,1.6071534,0.0,0.0,1.0,1.0
1925,-0.55038196,1.388497,1.5776328,0.0,0.0,1.0,1.0
1926,-0.64277923,1.4183688,1.5696242,0.0,0.0,1.0,1.0
1927,-0.20771195,1.547562,1.5912215,0.0,0.0,1.0,1.0
1928,0.0032740033,1.4957885,1.6331208,0.0,0.0,1.0,1.0
1929,0.0069116503,1.5539497,1.7004886,0.0,0.0,1.0,1.0
1930,-0.010549156,1.6726731,1.7879912,0.0,0.0,1.0,1.0
1931,0.0025465023,1.8671161,1.8916618,0.0,0.0,1.0,1.0
1932,0.00036378604,2.1036716,2.0017045,0.0,0.0,1.0,1.0
1933,-0.048381127,2.1954036,2.1217332,0.0,0.0,1.0,1.0
1934,-0.66824293,2.3488894,2.2485344,0.0,0.0,1.0,1.0
1935,-0.5773009,2.513775,2.385228,0.0,0.0,1.0,1.0
1936,-0.619498,2.5942464,2.5272675,0.0,0.0,1.0,1.0
1937,-0.6216806,2.70901,2.6730905,0.0,0.0,1.0,1.0
1938,-0.6253182,2.8587122,2.7914395,0.0,0.0,0.0,1.0
1939,-0.59548926,3.069177,2.88569,0.0,0.0,0.0,1.0
1940,-0.45070937,3.136112,2.972278,0.0,0.0,0.0,1.0
1941,-0.45652968,3.258424,3.047828,0.0,0.0,0.0,1.0
1942,-0.50600225,3.4225497,3.1021507,0.0,0.0,0.0,1.0
1943,-0.48126587,3.2873032,3.1511045,0.0,0.0,0.0,1.0
1944,-0.033102896,3.2346764,3.1919665,0.0,0.0,0.0,1.0
1945,-0.017824521,3.234463,3.217452,0.0,0.0,0.0,1.0
1946,-0.03601297,3.2554865,3.2148395,0.0,0.0,0.0,1.0
1947,-0.032375325,3.1656475,3.2113354,0.0,0.0,0.0,1.0
1948,-0.001091216,3.1816926,3.2060723,0.0,0.0,0.0,1.0
1949,-0.060749356,3.199355,3.1906264,0.0,0.0,0.0,1.0
1950,-0.70389235,3.164539,3.181772,0.0,0.0,0.0,1.0
1951,-0.56202257,3.0378256,3.1790888,0.0,0.0,0.0,1.0
1952,-0.54819936,3.0940614,3.1659267,0.0,0.0,0.0,1.0
1953,-0.6180428,3.1952696,3.1429033,0.0,0.0,1.0,1.0
1954,-0.5816661,3.2371979,3.1341503,0.0,0.0,1.0,1.0
1955,-0.61004,3.181051,3.1219525,0.0,0.0,1.0,1.0
1956,-0.60058194,3.2024782,3.1230505,0.0,0.0,1.0,1.0
1957,-0.647872,3.076515,3.1258678,0.0,0.0,1.0,1.0
1958,-0.6427791,2.9792085,3.1475253,0.0,0.0,1.0,1.0
1959,-0.611495,3.0606093,3.1631472,0.0,0.0,1.0,1.0
1960,-0.5823936,3.0353203,3.1719463,0.0,0.0,1.0,1.0
1961,-0.6071298,3.2125294,3.1814942,0.0,0.0,1.0,1.0
1962,-0.35903963,3.1983488,3.2017741,0.0,0.0,1.0,1.0
1963,-0.33794102,3.2977142,3.2238326,0.0,0.0,1.0,1.0
1964,-0.07602759,3.2815235,3.2617652,0.0,0.0,1.0,1.0
1965,0.02946539,3.3008604,3.3125305,0.0,0.0,1.0,1.0
1966,-0.25936708,3.3517725,3.3716762,0.0,0.0,1.0,1.0
1967,-0.08694067,3.42441,3.4543195,0.0,0.0,1.0,1.0
1968,-0.054928992,3.4671795,3.5307424,0.0,0.0,1.0,1.0
1969,-0.75409234,3.5317056,3.6158602,0.0,0.0,1.0,1.0
1970,-0.5838487,3.5883932,3.7052972,0.0,0.0,1.0,1.0
1971,-0.66678786,3.7703557,3.8105457,0.0,0.0,1.0,1.0
1972,-0.25718457,4.02704,3.9063566,0.0,0.0,1.0,1.0
1973,0.31902486,4.129605,3.9920447,0.0,0.0,1.0,1.0
1974,0.3102945,4.2197638,4.0663953,0.0,0.0,1.0,1.0
1975,0.29719877,4.370959,4.138814,0.0,0.0,1.0,1.0
1976,0.30083662,4.5445037,4.2031684,0.0,0.0,1.0,1.0
1977,0.26809746,4.450591,4.2619696,0.0,0.0,1.0,1.0
1978,0.18152049,4.3800287,4.3022304,0.0,0.0,0.0,1.0
1979,0.10585658,4.316617,4.319482,0.0,0.0,0.0,1.0
1980,0.10658409,4.3362026,4.3259654,0.0,0.0,0.0,1.0
1981,0.088395745,4.3039627,4.3251057,0.0,0.0,0.0,1.0
1982,0.10003633,4.2940044,4.2942204,0.0,0.0,0.0,1.0
1983,-0.25500187,4.253485,4.234537,0.0,0.0,0.0,1.0
1984,-0.21644239,4.2340603,4.1745877,0.0,0.0,0.0,1.0
1985,-0.20043659,4.207405,4.117116,0.0,0.0,0.0,1.0
1986,-0.5016369,4.209446,4.054586,0.0,0.0,0.0,1.0
1987,-0.51182234,4.000341,3.9842393,0.0,0.0,0.0,1.0
1988,-0.5009094,3.8283029,3.9155412,0.0,0.0,0.0,1.0
1989,-0.8486723,3.7311993,3.852405,0.0,0.0,0.0,1.0
1990,-0.77373594,3.6903632,3.795888,0.0,0.0,0.0,1.0
1991,-0.756275,3.5662596,3.7359476,0.0,0.0,0.0,1.0
1992,-0.7133503,3.4920433,3.6729982,0.0,0.0,0.0,1.0
1993,-0.7315388,3.479583,3.5996623,0.0,0.0,0.0,1.0
1994,-0.7038923,3.5363736,3.5421834,0.0,0.0,0.0,1.0
1995,-0.83557653,3.5752778,3.4923186,0.0,0.0,0.0,1.0
1996,-0.7620953,3.5147762,3.4371681,0.0,0.0,0.0,1.0
1997,-0.75118226,3.4520137,3.3751445,0.0,0.0,0.0,1.0
1998,-0.74463433,3.329414,3.3239508,0.0,0.0,0.0,1.0
1999,-0.7919244,3.3105958,3.2770884,0.0,0.0,0.0,1.0
2000,-0.89668965,3.229925,3.2299871,0.0,0.0,0.0,1.0
2001,-0.5001818,3.0693932,3.1697133,0.0,0.0,0.0,1.0
2002,-0.48417613,2.9460802,3.102447,0.0,0.0,0.0,1.0
2003,-0.5161876,2.9519348,3.034409,0.0,0.0,0.0,1.0
2004,-0.5365587,2.929694,2.971171,0.0,0.0,0.0,1.0
2005,-0.91487813,2.9143682,2.9170861,0.0,0.0,0.0,1.0
2006,-0.75118226,2.8130867,2.8651283,0.0,0.0,0.0,1.0
2007,-0.7424519,2.7680836,2.814195,0.0,0.0,0.0,1.0
2008,-0.70389235,2.698319,2.77833,0.0,0.0,0.0,1.0
2009,-0.6915241,2.6931567,2.750516,0.0,0.0,0.0,1.0
2010,-0.6951619,2.6803951,2.737433,0.0,0.0,0.0,1.0
2011,-0.6973444,2.6871042,2.7276258,0.0,0.0,0.0,1.0
2012,-0.70025456,2.6187248,2.744753,0.0,0.0,0.0,1.0
2013,-0.7446344,2.6390135,2.7772186,0.0,0.0,0.0,1.0
2014,-0.7519098,2.6123095,2.8313088,0.0,0.0,0.0,1.0
2015,-0.7730083,2.7949388,2.9125788,0.0,0.0,0.0,1.0
2016,-0.9083302,2.8120093,3.0140982,0.0,0.0,0.0,1.0
2017,-0.18515813,3.1198936,3.138608,0.0,0.0,0.0,1.0
2018,-0.16696984,3.2026753,3.279257,0.0,0.0,1.0,1.0
2019,-0.20261902,3.4171658,3.4428122,0.0,0.0,1.0,1.0
2020,-0.15023646,3.6735604,3.6215785,0.0,0.0,1.0,1.0
2021,-0.14878139,3.911388,3.8183236,0.0,0.0,1.0,1.0
2022,-0.7555475,4.174513,4.0144033,0.0,0.0,1.0,1.0
2023,-0.58748645,4.374893,4.2286687,0.0,0.0,1.0,1.0
2024,-0.7686431,4.5813875,4.431817,0.0,0.0,1.0,1.0
2025,-0.52419055,4.784209,4.6477175,0.0,0.0,1.0,1.0
2026,-0.52128047,4.97325,4.8465633,0.0,0.0,1.0,1.0
2027,-0.5300108,5.147895,5.039048,0.0,0.0,1.0,1.0
2028,-0.531466,5.383197,5.1992383,0.0,0.0,1.0,1.0
2029,-0.67406327,5.557672,5.348865,0.0,0.0,1.0,1.0
2030,-0.59330666,5.7934785,5.4770956,0.0,0.0,1.0,1.0
2031,-0.6704256,5.8033147,5.5824103,0.0,0.0,1.0,1.0
2032,-0.063659504,5.9833803,5.6703134,0.0,0.0,1.0,1.0
2033,-0.08112038,5.8336716,5.743735,0.0,0.0,1.0,1.0
2034,-0.089850746,5.9700303,5.804763,0.0,0.0,0.0,1.0
2035,-0.0716623,5.913661,5.852032,0.0,0.0,0.0,1.0
2036,-0.054928992,5.8451653,5.889755,0.0,0.0,0.0,1.0
2037,-0.44707158,5.839043,5.914792,0.0,0.0,0.0,1.0
2038,-0.6806111,5.854309,5.945248,0.0,0.0,0.0,1.0
2039,-0.6187705,5.880234,5.9676123,0.0,0.0,0.0,1.0
2040,-0.65078205,5.9504275,6.0088553,0.0,0.0,0.0,1.0
2041,-0.66024005,6.0103416,6.047649,0.0,0.0,0.0,1.0
2042,-0.6864314,6.0939264,6.099253,0.0,0.0,0.0,1.0
2043,-0.67915606,6.16879,6.1645985,0.0,0.0,0.0,1.0
2044,-0.6820662,6.251747,6.2312026,0.0,0.0,0.0,1.0
2045,-0.69661695,6.32859,6.2828317,0.0,0.0,0.0,1.0
2046,-0.67042565,6.435553,6.317333,0.0,0.0,0.0,1.0
2047,-0.7242633,6.5329123,6.328069,0.0,0.0,0.0,1.0
2048,-0.71844304,6.629308,6.330704,0.0,0.0,0.0,1.0
2049,-0.7206257,6.638293,6.319952,0.0,0.0,0.0,1.0
2050,-0.19970888,6.473857,6.2902093,0.0,0.0,1.0,1.0
2051,-0.16333197,6.294252,6.2464223,0.0,0.0,1.0,1.0
2052,-0.18806821,6.0792594,6.19483,0.0,0.0,1.0,1.0
2053,-0.22735533,6.0419645,6.134289,0.0,0.0,1.0,1.0
2054,-0.21353218,5.964897,6.070008,0.0,0.0,1.0,1.0
2055,-0.21862482,5.81188,6.004901,0.0,0.0,1.0,1.0
2056,-0.727901,5.726303,5.942808,0.0,0.0,1.0,1.0
2057,-0.5867588,5.709481,5.8787956,0.0,0.0,1.0,1.0
2058,-0.59839934,5.709058,5.82868,0.0,0.0,1.0,1.0
2059,-0.6158602,5.7615395,5.790323,0.0,0.0,1.0,1.0
2060,-0.78246623,5.84803,5.7679844,0.0,0.0,1.0,1.0
2061,-0.73881406,5.893174,5.7695103,0.0,0.0,1.0,1.0
2062,-0.5481993,5.705707,5.8124948,0.0,0.0,1.0,1.0
2063,-0.55620223,5.692868,5.878559,0.0,0.0,1.0,1.0
2064,-0.5751182,5.618969,5.947507,0.0,0.0,1.0,1.0
2065,-0.542379,5.773905,6.023255,0.0,0.0,1.0,1.0
2066,-0.6558747,5.983209,6.1043577,0.0,0.0,0.0,1.0
2067,-0.7060749,6.327691,6.174289,0.0,0.0,0.0,1.0
2068,0.058566567,6.5190783,6.230707,0.0,0.0,0.0,1.0
2069,0.028010175,6.5368557,6.289559,0.0,0.0,0.0,1.0
2070,0.21353218,6.6180305,6.330095,0.0,0.0,0.0,1.0
2071,0.8355765,6.734774,6.3602834,0.0,0.0,0.0,1.0
2072,0.7766461,6.687207,6.3627167,0.0,0.0,0.0,1.0
2073,0.76136774,6.57019,6.3487105,0.0,0.0,0.0,1.0
2074,0.84576195,6.411929,6.2812824,0.0,0.0,0.0,1.0
2075,0.35758448,6.1792994,6.1802545,0.0,0.0,0.0,1.0
2076,0.37068015,5.981233,6.0537786,0.0,0.0,0.0,1.0
2077,0.3626772,5.803103,5.904471,0.0,0.0,0.0,1.0
2078,0.33430323,5.815137,5.7149577,0.0,0.0,0.0,1.0
2079,0.3735903,5.5185494,5.5143237,0.0,0.0,1.0,1.0
2080,0.32993808,5.3067474,5.302659,0.0,0.0,1.0,1.0
2081,-0.20116416,5.0191455,5.0847707,0.0,0.0,1.0,1.0
2082,-0.7737359,4.8263335,4.864811,0.0,0.0,1.0,1.0
2083,-0.63623136,4.4606156,4.6485176,0.0,0.0,1.0,1.0
2084,-0.66897047,4.2796,4.4395204,0.0,0.0,1.0,1.0
2085,-0.70389235,4.0302176,4.220448,0.0,0.0,1.0,1.0
2086,-0.7533648,3.797264,4.014112,0.0,0.0,1.0,1.0
2087,-0.7897418,3.5397832,3.8160796,0.0,0.0,1.0,1.0
2088,-0.83557653,3.3857155,3.63121,0.0,0.0,1.0,1.0
2089,-0.8232084,3.2951376,3.4577806,0.0,0.0,1.0,1.0
2090,-0.9265186,3.1862688,3.3196743,0.0,0.0,1.0,1.0
2091,-0.5765734,3.0425138,3.2025654,0.0,0.0,1.0,1.0
2092,-0.4987268,2.9303591,3.1081314,0.0,0.0,1.0,1.0
2093,-0.48635855,2.800711,3.0293698,0.0,0.0,1.0,1.0
2094,-0.48781377,2.7451813,2.9722075,0.0,0.0,1.0,1.0
2095,-0.4252454,2.8033395,2.932103,0.0,0.0,1.0,1.0
2096,-0.4026918,2.8742943,2.9024792,0.0,0.0,1.0,1.0
2097,-0.66969806,2.897009,2.8783884,0.0,0.0,1.0,1.0
2098,-0.6427791,2.8521254,2.8695998,0.0,0.0,1.0,1.0
2099,-0.62968355,2.853836,2.8683267,0.0,0.0,1.0,1.0
2100,-0.6325936,2.9044583,2.8727074,0.0,0.0,1.0,1.0
2101,-0.67551833,2.9396548,2.8786595,0.0,0.0,1.0,1.0
2102,-0.7002547,2.8971798,2.8809834,0.0,0.0,1.0,1.0
2103,-0.6726082,2.93705,2.8700569,0.0,0.0,1.0,1.0
2104,-0.7162605,2.9150796,2.8514614,0.0,0.0,1.0,1.0
2105,-0.814478,2.8532796,2.8287232,0.0,0.0,1.0,1.0
2106,-0.44634417,2.816609,2.797332,0.0,0.0,1.0,1.0
2107,-0.4507093,2.8312232,2.7531128,0.0,0.0,1.0,1.0
2108,-0.5038196,2.7431777,2.6966474,0.0,0.0,1.0,1.0
2109,-0.6296835,2.673863,2.6400163,0.0,0.0,1.0,1.0
2110,-0.8974172,2.5792685,2.586491,0.0,0.0,1.0,1.0
2111,-0.765733,2.47714,2.5345445,0.0,0.0,1.0,1.0
2112,-0.7191706,2.3738282,2.4886193,0.0,0.0,1.0,1.0
2113,-0.82902867,2.2620707,2.4451423,0.0,0.0,0.0,1.0
2114,-0.71989805,2.2176075,2.4007478,0.0,0.0,0.0,1.0
2115,-0.7024372,2.2947452,2.363511,0.0,0.0,0.0,1.0
2116,-0.61295015,2.2917202,2.3278022,0.0,0.0,0.0,1.0
2117,-0.6216806,2.3021784,2.2949882,0.0,0.0,0.0,1.0
2118,-0.63841397,2.2948864,2.27311,0.0,0.0,0.0,1.0
2119,-0.6224082,2.2984874,2.2592638,0.0,0.0,0.0,1.0
2120,-0.116769634,2.2963371,2.2567308,0.0,0.0,0.0,1.0
2121,-0.1444161,2.245356,2.2629783,0.0,0.0,0.0,1.0
2122,-0.25063658,2.185502,2.2719884,0.0,0.0,0.0,1.0
2123,-0.11895228,2.2146006,2.2893891,0.0,0.0,0.0,1.0
2124,-0.12186249,2.2076743,2.3208604,0.0,0.0,0.0,1.0
2125,-0.046198625,2.2316754,2.3678033,0.0,0.0,0.0,1.0
2126,-0.032375254,2.2925773,2.4231312,0.0,0.0,0.0,1.0
2127,-0.51327753,2.4028647,2.4862542,0.0,0.0,0.0,1.0
2128,-0.5583849,2.5005312,2.5635884,0.0,0.0,0.0,1.0
2129,-0.5365588,2.679831,2.6574545,0.0,0.0,0.0,1.0
2130,-0.55038196,2.858202,2.7565947,0.0,0.0,0.0,1.0
2131,-0.4972718,2.9624245,2.8597202,0.0,0.0,0.0,1.0
2132,-0.48126593,3.0538108,2.9716449,0.0,0.0,0.0,1.0
2133,-0.5096399,3.173368,3.0871785,0.0,0.0,0.0,1.0
2134,-0.55329204,3.3118942,3.191529,0.0,0.0,0.0,1.0
2135,-0.5903965,3.4042833,3.29729,0.0,0.0,0.0,1.0
2136,-0.11531463,3.4451807,3.399791,0.0,0.0,1.0,1.0
2137,-0.08112038,3.5747702,3.488018,0.0,0.0,1.0,1.0
2138,-0.06584208,3.6789799,3.5853465,0.0,0.0,1.0,1.0
2139,-0.1284103,3.6550725,3.6922727,0.0,0.0,1.0,1.0
2140,-0.1313205,3.7696652,3.7898526,0.0,0.0,1.0,1.0
2141,-0.1589669,3.9098408,3.8837717,0.0,0.0,1.0,1.0
2142,-0.79483455,3.9169273,3.9651365,0.0,0.0,1.0,1.0
2143,-0.68788654,4.130364,4.037823,0.0,0.0,1.0,1.0
2144,-0.7038923,4.3369274,4.0965962,0.0,0.0,1.0,1.0
2145,-0.6944343,4.3443255,4.14524,0.0,0.0,1.0,1.0
2146,-0.6987995,4.4389224,4.190866,0.0,0.0,1.0,1.0
2147,-0.8312113,4.380661,4.226367,0.0,0.0,1.0,1.0
2148,-0.73008364,4.317423,4.254833,0.0,0.0,1.0,1.0
2149,-0.7599127,4.2800436,4.2927957,0.0,1.0,1.0,1.0
2150,-0.7642779,4.262705,4.3263655,0.0,1.0,1.0,1.0
2151,-0.7533648,4.202587,4.34158,0.0,1.0,1.0,1.0
2152,-0.7380865,4.195675,4.359002,0.0,1.0,1.0,1.0
2153,-0.84939975,4.251438,4.3756795,0.0,1.0,1.0,1.0
2154,-0.4819934,4.3724775,4.3820705,0.0,1.0,1.0,1.0
2155,-0.18952343,4.5332017,4.380991,0.0,1.0,1.0,1.0
2156,-0.20552923,4.5194993,4.3867664,0.0,1.0,1.0,1.0
2157,-0.18370314,4.55339,4.3926935,0.0,1.0,1.0,1.0
2158,-0.20261909,4.6390533,4.4152365,0.0,1.0,1.0,1.0
2159,-0.84939975,4.4573507,4.4520974,0.0,1.0,1.0,1.0
2160,-0.75991267,4.3044734,4.492484,0.0,1.0,1.0,1.0
2161,-0.6616951,4.3493433,4.528682,0.0,1.0,1.0,1.0
2162,-0.6689705,4.3338356,4.5631337,0.0,1.0,1.0,1.0
2163,-0.69588935,4.4730997,4.6158605,0.0,1.0,1.0,1.0
2164,-0.71407783,4.638006,4.6738176,0.0,1.0,1.0,1.0
2165,-0.71262276,4.736076,4.730186,0.0,1.0,1.0,1.0
2166,-0.7249909,4.806857,4.805516,0.0,1.0,1.0,1.0
2167,-0.7046199,4.94662,4.906668,0.0,1.0,1.0,1.0
2168,-0.64714444,5.152219,5.006922,0.0,1.0,1.0,1.0
2169,-0.6442342,5.24888,5.119454,0.0,1.0,1.0,1.0
2170,-0.75627494,5.315473,5.2325406,0.0,1.0,1.0,1.0
2171,-0.5518369,5.361305,5.3420033,0.0,1.0,1.0,1.0
2172,-0.70389235,5.5183034,5.4528136,0.0,1.0,1.0,1.0
2173,-0.7111676,5.5523868,5.5592084,0.0,1.0,1.0,1.0
2174,-0.34958154,5.6842184,5.650859,0.0,1.0,1.0,1.0
2175,-0.36849755,5.830145,5.7311277,0.0,1.0,1.0,1.0
2176,-0.3444889,5.9515553,5.8087196,0.0,1.0,1.0,1.0
2177,-0.38523087,6.0658,5.89028,0.0,1.0,1.0,1.0
2178,-0.425973,6.083597,5.9762154,0.0,1.0,1.0,1.0
2179,-0.73299384,6.0464263,6.036304,0.0,1.0,1.0,1.0
2180,-0.825391,6.1154404,6.0907245,0.0,1.0,1.0,1.0
2181,-0.825391,6.1799817,6.129695,0.0,1.0,1.0,1.0
2182,-0.825391,6.2941976,6.1534424,0.0,1.0,1.0,1.0
2183,0.3364858,6.39253,6.1607623,0.0,1.0,1.0,1.0
2184,0.36267713,6.239371,6.152104,0.0,1.0,1.0,1.0
2185,0.3241178,6.2054315,6.1330886,0.0,1.0,1.0,1.0
2186,0.3794107,6.1518645,6.106491,0.0,1.0,1.0,1.0
2187,0.26227695,6.1151104,6.063853,0.0,1.0,1.0,1.0
2188,0.30665693,6.0394,6.0051503,0.0,1.0,1.0,1.0
2189,0.31538737,5.961894,5.925453,0.0,1.0,1.0,1.0
2190,-0.825391,5.855415,5.829391,0.0,1.0,1.0,1.0
2191,-0.825391,5.7272577,5.7284937,0.0,1.0,1.0,1.0
2192,-0.825391,5.6037784,5.617182,0.0,1.0,1.0,1.0
2193,-0.825391,5.4755545,5.49457,0.0,1.0,1.0,1.0
2194,-0.825391,5.3378334,5.366616,0.0,1.0,1.0,1.0
2195,-0.825391,5.2397795,5.256907,0.0,1.0,1.0,1.0
2196,-0.825391,5.028606,5.1558747,0.0,1.0,1.0,1.0
2197,-0.825391,4.869688,5.061407,0.0,1.0,1.0,1.0
2198,-0.825391,4.680521,4.9779763,0.0,1.0,1.0,1.0
2199,-0.825391,4.579664,4.9009356,0.0,1.0,1.0,1.0
2200,-0.825391,4.722891,4.8404264,0.0,1.0,1.0,1.0
2201,-0.825391,4.7495065,4.800288,0.0,1.0,1.0,1.0
2202,-0.825391,4.7218065,4.7778296,0.0,1.0,1.0,1.0
2203,-0.825391,4.726086,4.782406,0.0,1.0,1.0,1.0
2204,-0.825391,4.6792893,4.8046737,0.0,1.0,1.0,1.0
2205,-0.825391,4.749444,4.867973,0.0,1.0,1.0,1.0
2206,-0.825391,4.856176,4.957475,0.0,1.0,1.0,1.0
2207,-0.825391,4.970278,5.0610895,0.0,1.0,1.0,1.0
2208,-0.825391,5.083518,5.189253,0.0,1.0,1.0,1.0
2209,-0.825391,5.1369023,5.341603,0.0,1.0,1.0,1.0
2210,-0.825391,5.4401097,5.5137033,0.0,1.0,1.0,1.0
2211,-0.825391,5.6536946,5.6987476,0.0,1.0,1.0,1.0
2212,-0.825391,5.9662623,5.88846,0.0,1.0,1.0,1.0
2213,-0.825391,6.2874675,6.0839624,0.0,1.0,1.0,1.0
2214,-0.825391,6.550007,6.286535,0.0,1.0,1.0,1.0
2215,-0.825391,6.791291,6.503945,0.0,1.0,1.0,1.0
2216,-0.825391,6.899824,6.7308574,0.0,1.0,1.0,1.0
2217,-0.825391,7.0259933,6.9435143,0.0,1.0,1.0,1.0
2218,-0.825391,7.2022033,7.151726,0.0,1.0,1.0,1.0
2219,-0.825391,7.401144,7.346875,0.0,1.0,1.0,1.0
2220,-0.825391,7.6924405,7.541297,0.0,1.0,1.0,1.0
2221,-0.825391,7.8598537,7.7235875,0.0,1.0,1.0,1.0
2222,-0.825391,7.991988,7.895936,0.0,1.0,1.0,1.0
2223,-0.825391,8.152233,8.062947,0.0,1.0,1.0,1.0
2224,-0.825391,8.308054,8.223169,0.0,1.0,1.0,1.0
2225,-0.825391,8.620529,8.378773,0.0,1.0,1.0,1.0
2226,-0.825391,8.737498,8.5297165,0.0,1.0,1.0,1.0
2227,-0.825391,8.859472,8.670347,1.0,1.0,1.0,1.0
2228,-0.825391,8.903963,8.816687,1.0,1.0,1.0,1.0
2229,-0.825391,8.948648,8.967445,1.0,1.0,1.0,1.0
2230,-0.825391,9.069445,9.121533,1.0,1.0,1.0,1.0
2231,-0.825391,9.212467,9.278116,1.0,1.0,1.0,1.0
2232,-0.825391,9.380018,9.426999,1.0,1.0,1.0,1.0
2233,-0.825391,9.615926,9.580461,1.0,1.0,1.0,1.0
2234,-0.825391,9.801096,9.742347,1.0,1.0,1.0,1.0
2235,-0.825391,10.001285,9.915401,1.0,1.0,1.0,1.0
2236,-0.825391,10.187044,10.100187,1.0,1.0,1.0,1.0
2237,-0.825391,10.407122,10.282122,1.0,1.0,1.0,1.0
2238,-0.825391,10.579042,10.486563,1.0,1.0,0.0,1.0
2239,-0.825391,10.80211,10.710343,1.0,1.0,0.0,1.0
2240,-0.825391,10.980619,10.946964,1.0,1.0,0.0,1.0
2241,-0.825391,11.166077,11.198746,1.0,1.0,0.0,1.0
2242,-0.825391,11.252656,11.458004,1.0,1.0,0.0,1.0
2243,-0.825391,11.665753,11.730749,1.0,1.0,0.0,1.0
2244,-0.825391,12.065394,12.006339,1.0,1.0,0.0,1.0
2245,-0.825391,12.455374,12.294739,1.0,1.0,0.0,1.0
2246,-0.825391,12.822473,12.58685,1.0,1.0,0.0,1.0
2247,-0.825391,13.112379,12.885024,1.0,1.0,0.0,1.0
2248,-0.825391,13.459992,13.188605,1.0,1.0,0.0,1.0
2249,-0.825391,13.714203,13.507426,1.0,1.0,0.0,1.0
2250,-0.825391,14.039834,13.811579,1.0,1.0,1.0,1.0
2251,-0.825391,14.307452,14.104909,1.0,1.0,1.0,1.0
2252,-0.825391,14.5587,14.380351,1.0,1.0,1.0,1.0
2253,-0.825391,14.809053,14.645145,1.0,1.0,1.0,1.0
2254,-0.825391,15.0785055,14.88578,1.0,1.0,1.0,1.0
2255,-0.825391,15.315591,15.097447,1.0,1.0,1.0,1.0
2256,-0.825391,15.58535,15.2879305,1.0,1.0,1.0,1.0
2257,-0.825391,15.760681,15.451278,1.0,1.0,1.0,1.0
2258,-0.0702073,16.0,15.592323,1.0,1.0,1.0,1.0
2259,-0.108039334,16.0,15.712432,1.0,1.0,1.0,1.0
2260,0.4914514,16.0,15.811677,1.0,1.0,1.0,1.0
2261,0.39541644,16.0,15.888469,1.0,1.0,1.0,1.0
2262,0.21571463,16.0,15.945502,1.0,1.0,1.0,1.0
2263,0.20116398,16.0,15.980057,1.0,1.0,1.0,1.0
2264,0.09203332,16.0,16.0,1.0,1.0,1.0,1.0
2265,0.12331743,16.0,16.0,1.0,1.0,1.0,1.0
2266,0.11313188,16.0,16.0,1.0,1.0,0.0,1.0
2267,0.074572444,16.0,16.0,1.0,1.0,0.0,1.0
2268,0.06947969,16.0,16.0,1.0,1.0,0.0,1.0
2269,-0.025100136,16.0,16.0,1.0,1.0,0.0,1.0
2270,-0.63914156,16.0,16.0,1.0,1.0,0.0,1.0
2271,-0.5707529,16.0,16.0,1.0,1.0,0.0,1.0
2272,-0.5707529,16.0,16.0,1.0,1.0,0.0,1.0
2273,-0.5707529,16.0,16.0,1.0,1.0,0.0,1.0
2274,-0.5707529,16.0,16.0,1.0,1.0,0.0,1.0
2275,-0.5707529,16.0,16.0,1.0,1.0,0.0,1.0
2276,-0.45143673,16.0,16.0,1.0,1.0,0.0,1.0
2277,-0.79337937,16.0,16.0,1.0,1.0,1.0,1.0
2278,-0.7191705,16.0,16.0,1.0,1.0,1.0,1.0
2279,-0.65296465,16.0,16.0,1.0,1.0,1.0,1.0
2280,-0.8181156,16.0,16.0,1.0,1.0,1.0,1.0
2281,-0.6449618,16.0,16.0,1.0,1.0,1.0,1.0
2282,-0.7759185,16.0,16.0,1.0,1.0,1.0,1.0
2283,-0.66751546,16.0,16.0,1.0,1.0,1.0,1.0
2284,-0.68279374,16.0,16.0,1.0,1.0,1.0,1.0
2285,-0.7417242,16.0,16.0,1.0,1.0,1.0,1.0
2286,-0.68352115,16.0,15.96454,1.0,1.0,1.0,1.0
2287,-0.28992355,16.0,15.866099,1.0,1.0,1.0,1.0
2288,-0.3037467,16.0,15.694724,1.0,1.0,1.0,1.0
2289,-0.2768279,16.0,15.452404,1.0,1.0,1.0,1.0
2290,-0.27537274,16.0,15.146541,1.0,1.0,1.0,1.0
2291,-0.66678786,15.57447,14.774838,1.0,1.0,1.0,1.0
2292,-0.6056748,14.818726,14.344718,1.0,1.0,1.0,1.0
2293,-0.61004,13.943491,13.856205,1.0,1.0,1.0,1.0
2294,-0.56711525,13.092159,13.317023,1.0,1.0,1.0,1.0
2295,-0.64350665,12.329646,12.718311,1.0,1.0,1.0,1.0
2296,-0.64859945,11.539571,12.057123,1.0,1.0,1.0,1.0
2297,-0.58675873,10.838554,11.333671,1.0,1.0,1.0,1.0
2298,-0.5896689,10.137839,10.581615,1.0,1.0,1.0,1.0
2299,-0.6013095,9.52982,9.830905,1.0,1.0,1.0,1.0
2300,-0.6122225,8.815465,9.08419,1.0,1.0,1.0,1.0
2301,-0.5918516,8.065731,8.354842,0.0,1.0,1.0,1.0
2302,-0.6013095,7.3185754,7.6616864,0.0,1.0,1.0,1.0
2303,-0.11458699,6.549808,7.030618,0.0,1.0,1.0,1.0
2304,-0.078937665,5.8102016,6.4648376,0.0,1.0,1.0,1.0
2305,-0.028010033,4.982909,5.973202,0.0,1.0,1.0,1.0
2306,-0.04474348,4.3399854,5.5255213,0.0,1.0,1.0,1.0
2307,-0.027282603,4.0117764,5.1362853,0.0,1.0,1.0,1.0
2308,-0.70825744,3.9667513,4.807042,0.0,1.0,1.0,1.0
2309,-0.572208,4.049185,4.5290823,0.0,1.0,1.0,1.0
2310,-0.54601675,4.2382174,4.303202,0.0,1.0,1.0,1.0
2311,-0.5620225,4.157649,4.1341586,0.0,1.0,1.0,1.0
2312,-0.72935605,4.1446342,4.0287094,0.0,1.0,1.0,1.0
2313,-0.73808646,4.1148133,3.9803243,0.0,1.0,1.0,1.0
2314,-0.73954153,3.9830596,3.9592695,0.0,1.0,1.0,1.0
2315,-0.7329938,3.8392417,3.946457,0.0,1.0,1.0,1.0
2316,-0.716988,3.7816825,3.9376383,0.0,1.0,1.0,1.0
2317,-0.70025456,3.7175145,3.9105928,0.0,1.0,1.0,1.0
2318,-0.80210984,3.7593658,3.8972945,0.0,1.0,1.0,1.0
2319,-0.36049476,3.759121,3.8955944,0.0,1.0,1.0,1.0
2320,-0.11676971,3.8129995,3.9014518,0.0,1.0,1.0,1.0
2321,-0.09421611,3.9433622,3.9127235,0.0,1.0,1.0,1.0
2322,-0.0862131,3.9136693,3.9454646,0.0,1.0,1.0,1.0
2323,-0.09203339,3.9980702,3.9897404,0.0,1.0,1.0,1.0
2324,-0.08839581,4.1242337,4.028295,0.0,1.0,1.0,1.0
2325,-0.10658419,4.1851015,4.087743,0.0,1.0,1.0,1.0
2326,-0.8195708,4.1183195,4.1440544,0.0,1.0,1.0,1.0
2327,-0.61004,4.2321362,4.2013893,0.0,1.0,1.0,1.0
2328,-0.61658794,4.312992,4.2564783,0.0,1.0,1.0,1.0
2329,-0.60858494,4.1801705,4.312608,0.0,1.0,1.0,1.0
2330,-0.6129502,4.472739,4.3647747,0.0,1.0,1.0,1.0
2331,-0.63623136,4.4348574,4.3986077,0.0,1.0,1.0,1.0
2332,-0.62604576,4.501019,4.4237466,0.0,1.0,1.0,1.0
2333,-0.6347763,4.6044283,4.451727,0.0,1.0,1.0,1.0
2334,-0.64496183,4.5872264,4.465543,0.0,1.0,1.0,1.0
2335,-0.6093125,4.6240706,4.474759,0.0,1.0,1.0,1.0
2336,-0.7097126,4.530233,4.489824,0.0,1.0,1.0,1.0
2337,-0.1400508,4.486764,4.470879,0.0,1.0,1.0,1.0
2338,-0.0840306,4.454084,4.4449043,0.0,1.0,1.0,1.0
2339,-0.34376132,4.3979278,4.4098177,0.0,1.0,1.0,1.0
2340,-0.25427422,4.423588,4.3660846,0.0,1.0,1.0,1.0
2341,-0.25936702,4.360946,4.2963176,0.0,1.0,1.0,1.0
2342,-0.88504916,4.2454033,4.224269,0.0,1.0,1.0,1.0
2343,-0.75336486,4.123164,4.1539054,0.0,1.0,1.0,1.0
2344,-0.6602401,4.079979,4.0866156,0.0,1.0,1.0,1.0
2345,-0.6827936,4.0796304,4.015539,0.0,1.0,1.0,1.0
2346,-0.6995271,3.7500226,3.9437397,0.0,1.0,1.0,1.0
2347,-0.69516194,3.7594826,3.8710494,0.0,1.0,1.0,1.0
2348,-0.69370687,3.685871,3.7979186,0.0,1.0,1.0,1.0
2349,-0.6740632,3.6792865,3.7301295,0.0,0.0,1.0,1.0
2350,-0.6478719,3.6011689,3.664507,0.0,0.0,1.0,1.0
2351,-0.62895596,3.5363343,3.5895326,0.0,0.0,1.0,1.0
2352,-0.64277923,3.551303,3.5118914,0.0,0.0,1.0,1.0
2353,-0.6580575,3.4833784,3.4632926,0.0,0.0,1.0,1.0
2354,-0.74172425,3.431934,3.4212322,0.0,0.0,1.0,1.0
2355,-0.44852665,3.3356936,3.3917985,0.0,0.0,1.0,1.0
2356,-0.48563105,3.1802857,3.3623643,0.0,0.0,1.0,1.0
2357,-0.52782834,3.1479352,3.3441522,0.0,0.0,1.0,1.0
2358,-0.51182246,3.1668382,3.3306222,0.0,0.0,1.0,1.0
2359,-0.49654415,3.2547584,3.3204098,0.0,0.0,1.0,1.0
2360,-0.4776282,3.332666,3.3204346,0.0,0.0,1.0,1.0
2361,-0.83921427,3.3260775,3.3176832,0.0,0.0,1.0,1.0
2362,-0.706075,3.3826222,3.3198314,0.0,0.0,1.0,1.0
2363,-0.6951618,3.3739746,3.3320463,0.0,0.0,1.0,1.0
2364,-0.7184431,3.4287524,3.351729,0.0,0.0,1.0,1.0
2365,-0.7417243,3.4836779,3.365108,0.0,0.0,1.0,1.0
2366,-0.85012734,3.3989172,3.3779595,0.0,0.0,1.0,1.0
2367,-0.19243343,3.3614726,3.3886316,0.0,0.0,1.0,1.0
2368,0.05201881,3.3268623,3.4102368,0.0,0.0,1.0,1.0
2369,0.105129085,3.3841283,3.4353113,0.0,0.0,1.0,1.0
2370,0.15605661,3.3273878,3.467085,0.0,0.0,1.0,1.0
2371,0.08403046,3.4089756,3.4911435,0.0,0.0,1.0,1.0
2372,0.3648599,3.4607308,3.5244439,0.0,0.0,1.0,1.0
2373,0.3823208,3.585339,3.5747206,0.0,0.0,1.0,1.0
2374,0.34448883,3.6835172,3.6343951,0.0,0.0,1.0,1.0
2375,0.29792643,3.7552567,3.7057238,0.0,0.0,1.0,1.0
2376,0.3604947,3.7174566,3.7724638,0.0,0.0,1.0,1.0
2377,-0.17861041,3.8832827,3.863554,0.0,0.0,1.0,1.0
2378,-0.19243343,4.002238,3.964804,0.0,0.0,1.0,1.0
2379,-0.19243343,4.077566,4.0811214,0.0,0.0,1.0,1.0
2380,-0.19243343,4.1828065,4.2164903,0.0,0.0,1.0,1.0
2381,-0.19243343,4.1850085,4.367247,0.0,0.0,1.0,1.0
2382,-0.19243343,4.420471,4.550978,0.0,0.0,1.0,1.0
2383,-0.19243343,4.623975,4.7605147,0.0,0.0,1.0,1.0
2384,-0.19243343,4.856543,4.9730015,0.0,0.0,1.0,1.0
2385,-0.19243343,5.2097626,5.1951942,0.0,0.0,1.0,1.0
2386,-0.19243343,5.4925985,5.428005,0.0,0.0,1.0,1.0
2387,-0.19243343,5.9600296,5.665608,0.0,0.0,1.0,1.0
2388,-0.19243343,6.2318974,5.925888,0.0,0.0,1.0,1.0
2389,-0.19243343,6.4331193,6.1955934,0.0,0.0,1.0,1.0
2390,-0.19243343,6.6685553,6.4562345,0.0,0.0,1.0,1.0
2391,-0.19243343,6.871295,6.6972103,0.0,0.0,1.0,1.0
2392,-0.19243343,7.03404,6.9266205,0.0,0.0,1.0,1.0
2393,-0.19243343,7.308372,7.1533866,0.0,0.0,1.0,1.0
2394,-0.19243343,7.6569324,7.365618,0.0,0.0,1.0,1.0
2395,-0.19243343,7.7516685,7.5730863,0.0,0.0,1.0,1.0
2396,-0.19243343,7.748253,7.7509246,0.0,0.0,1.0,1.0
2397,-0.19243343,7.962685,7.90389,0.0,0.0,1.0,1.0
2398,-0.03601304,8.213793,8.014055,0.0,0.0,1.0,1.0
2399,-0.033102896,8.506806,8.101847,0.0,0.0,1.0,1.0
2400,-0.04910863,8.721517,8.166613,0.0,0.0,1.0,1.0
2401,-0.0032738612,8.567181,8.18886,0.0,0.0,1.0,1.0
2402,-0.0025462892,8.50414,8.194935,0.0,0.0,1.0,1.0
2403,-0.7773736,8.193279,8.194882,0.0,0.0,1.0,1.0
2404,-0.7009822,8.08753,8.156909,0.0,0.0,1.0,1.0
2405,-0.6907966,8.085571,8.069264,0.0,0.0,1.0,1.0
2406,-0.6638778,7.923891,7.9537454,0.0,0.0,1.0,1.0
2407,-0.6253183,7.8245745,7.8153744,0.0,0.0,1.0,1.0
2408,-0.63332117,7.747623,7.6691303,0.0,0.0,1.0,1.0
2409,-0.6347763,7.507003,7.501126,0.0,0.0,1.0,1.0
2410,-0.56129503,7.1620536,7.3288016,0.0,0.0,1.0,1.0
2411,-0.5358313,7.120584,7.136989,0.0,0.0,1.0,1.0
2412,-0.668243,7.06106,6.9381065,0.0,0.0,1.0,1.0
2413,-0.30010906,6.812253,6.7558627,0.0,0.0,1.0,1.0
2414,-0.041833404,6.48809,6.576455,0.0,0.0,1.0,1.0
2415,-0.0120043,6.125387,6.395793,0.0,0.0,1.0,1.0
2416,-0.10512912,5.785778,6.2202272,0.0,0.0,1.0,1.0
2417,-0.10512905,5.6989813,6.0693088,0.0,0.0,1.0,1.0
2418,-0.15314654,5.7369637,5.9183702,0.0,0.0,1.0,1.0
2419,-0.18734086,5.6716847,5.7750106,0.0,0.0,1.0,1.0
2420,-0.7802837,5.579677,5.657473,0.0,0.0,1.0,1.0
2421,-0.6762459,5.400212,5.572161,0.0,0.0,1.0,1.0
2422,-0.62968355,5.3510327,5.51644,0.0,0.0,1.0,1.0
2423,-0.5947618,5.3093214,5.492113,0.0,0.0,1.0,1.0
2424,-0.7242633,5.340746,5.4785194,0.0,0.0,1.0,1.0
2425,-0.59621686,5.4018044,5.463488,0.0,0.0,1.0,1.0
2426,-0.63477623,5.4643483,5.4530582,0.0,0.0,1.0,1.0
2427,-0.6747908,5.45673,5.4454923,0.0,0.0,1.0,1.0
2428,-0.5765733,5.4938545,5.4396644,0.0,0.0,1.0,1.0
2429,-0.5583849,5.5358615,5.422351,0.0,0.0,1.0,1.0
2430,-0.58457613,5.556585,5.397155,0.0,0.0,1.0,1.0
2431,-0.07602759,5.546527,5.3595624,0.0,0.0,1.0,1.0
2432,-0.03892319,5.4888844,5.306844,0.0,0.0,1.0,1.0
2433,-0.06293193,5.3302746,5.240273,0.0,0.0,1.0,1.0
2434,-0.27246267,5.1432734,5.1575756,0.0,0.0,1.0,1.0
2435,-0.19534358,5.006971,5.058276,0.0,0.0,1.0,1.0
2436,-0.23463063,4.889633,4.9404373,0.0,0.0,1.0,1.0
2437,-0.8122954,4.769187,4.8066397,0.0,0.0,1.0,1.0
2438,-0.65660226,4.665495,4.66262,0.0,0.0,1.0,1.0
2439,-0.8472171,4.4643583,4.507377,0.0,0.0,1.0,1.0
2440,-0.7570024,4.302266,4.3528924,0.0,0.0,1.0,1.0
2441,-0.7526374,4.1217957,4.2064924,0.0,0.0,1.0,1.0
2442,-0.716988,3.951011,4.0662103,0.0,0.0,1.0,1.0
2443,-0.7606403,3.818294,3.9300678,0.0,0.0,1.0,1.0
2444,-0.7788286,3.625966,3.8016703,0.0,0.0,1.0,1.0
2445,-0.71116763,3.4764607,3.6757834,0.0,0.0,1.0,1.0
2446,-0.7424517,3.3864715,3.5658586,0.0,0.0,1.0,1.0
2447,-0.7424517,3.3235822,3.47259,0.0,0.0,1.0,1.0
2448,-0.7700982,3.2559261,3.3980303,0.0,0.0,1.0,1.0
2449,-0.864678,3.228418,3.3471375,0.0,0.0,1.0,1.0
2450,-0.4907238,3.154851,3.3216197,0.0,0.0,1.0,1.0
2451,-0.22517268,3.1452599,3.3224692,0.0,0.0,1.0,1.0
2452,-0.22444518,3.1830444,3.34649,0.0,0.0,1.0,1.0
2453,-0.24336107,3.2270787,3.3897328,0.0,0.0,1.0,1.0
2454,-0.2411785,3.340296,3.4462714,0.0,0.0,1.0,1.0
2455,-0.86613315,3.5120828,3.5194747,0.0,0.0,1.0,1.0
2456,-0.7679156,3.6361592,3.6010733,0.0,0.0,1.0,1.0
2457,-0.87268084,3.7647083,3.6948838,0.0,0.0,1.0,1.0
2458,-0.4492544,3.9053867,3.7916677,0.0,0.0,1.0,1.0
2459,0.13641316,4.0020466,3.8942716,0.0,0.0,1.0,1.0
2460,0.16405958,4.134366,4.003903,0.0,0.0,1.0,1.0
2461,0.182248,4.2075987,4.1106534,0.0,0.0,1.0,1.0
2462,0.11604206,4.280578,4.2099404,0.0,0.0,1.0,1.0
2463,0.14077838,4.306666,4.300581,0.0,0.0,1.0,1.0
2464,0.09057832,4.414292,4.3875513,0.0,0.0,1.0,1.0
2465,0.10149133,4.542652,4.463725,0.0,0.0,1.0,1.0
2466,0.1102217,4.6213026,4.5296497,0.0,0.0,1.0,1.0
2467,0.11822474,4.703531,4.5856004,0.0,0.0,1.0,1.0
2468,0.17570017,4.723846,4.6366553,0.0,0.0,1.0,1.0
2469,-0.530011,4.808352,4.6812296,0.0,0.0,1.0,1.0
2470,-0.18152057,4.8194704,4.7268214,0.0,0.0,1.0,1.0
2471,-0.16187704,4.7931433,4.7685304,0.0,0.0,1.0,1.0
2472,-0.5169153,4.8057733,4.8080397,0.0,0.0,1.0,1.0
2473,-0.50454706,4.820256,4.849831,0.0,0.0,1.0,1.0
2474,-0.48999634,4.81547,4.8946757,0.0,0.0,1.0,1.0
2475,-0.66824293,4.8537683,4.9534807,0.0,0.0,1.0,1.0
2476,-0.19243343,4.9147983,5.019315,0.0,0.0,1.0,1.0
2477,-0.19243343,5.016765,5.100891,0.0,0.0,1.0,1.0
2478,-0.19243343,5.1228013,5.203142,0.0,0.0,1.0,1.0
2479,-0.19243343,5.241664,5.32486,0.0,0.0,1.0,1.0
2480,-0.19243343,5.4295034,5.456909,0.0,0.0,1.0,1.0
2481,-0.19243343,5.5983644,5.606632,0.0,0.0,1.0,1.0
2482,-0.19243343,5.7983866,5.769646,0.0,0.0,1.0,1.0
2483,-0.19243343,6.020153,5.9388137,0.0,0.0,1.0,1.0
2484,-0.19243343,6.266388,6.116271,0.0,0.0,1.0,1.0
2485,-0.19243343,6.40485,6.308296,0.0,0.0,1.0,1.0
2486,-0.19243343,6.6121464,6.513732,0.0,0.0,1.0,1.0
2487,-0.19243343,6.809936,6.742264,0.0,0.0,1.0,1.0
2488,-0.19243343,6.9448056,6.9961276,0.0,0.0,1.0,1.0
2489,-0.19243343,7.1462526,7.272822,0.0,0.0,1.0,1.0
2490,-0.19243343,7.427102,7.5541997,0.0,0.0,1.0,1.0
2491,-0.19243343,7.7068977,7.846274,0.0,0.0,1.0,1.0
2492,-0.19243343,8.171884,8.15951,0.0,0.0,1.0,1.0
2493,-0.19243343,8.6447315,8.488414,0.0,0.0,1.0,1.0
2494,-0.19243343,9.118719,8.8336,1.0,0.0,1.0,1.0
2495,-0.19243343,9.396685,9.1991205,1.0,0.0,1.0,1.0
2496,-0.19243343,9.77128,9.585151,1.0,0.0,1.0,1.0
2497,-0.19243343,10.163674,9.976617,1.0,0.0,1.0,1.0
2498,-0.19243343,10.559001,10.37984,1.0,0.0,1.0,1.0
2499,-0.19243343,10.952165,10.778211,1.0,0.0,1.0,1.0
2500,-0.19243343,11.3310585,11.165575,1.0,0.0,1.0,1.0
2501,-0.19243343,11.778615,11.539854,1.0,0.0,1.0,1.0
2502,-0.19243343,12.124696,11.913622,1.0,0.0,1.0,1.0
2503,-0.19243343,12.545569,12.26186,1.0,0.0,1.0,1.0
2504,-0.19243343,12.952335,12.578892,1.0,0.0,1.0,1.0
2505,0.21207717,13.2931,12.862858,1.0,0.0,1.0,1.0
2506,0.19534358,13.6100645,13.127689,1.0,0.0,1.0,1.0
2507,0.32266265,13.881905,13.352654,1.0,0.0,1.0,1.0
2508,0.34448868,13.950136,13.531491,1.0,0.0,1.0,1.0
2509,0.29719892,13.96805,13.669306,1.0,0.0,1.0,1.0
2510,0.2884684,13.966594,13.754284,1.0,0.0,1.0,1.0
2511,0.369225,14.13015,13.787558,1.0,0.0,1.0,1.0
2512,0.3837758,14.0306425,13.768655,1.0,0.0,1.0,1.0
2513,0.38523093,13.924652,13.70098,1.0,0.0,1.0,1.0
2514,0.38523087,13.77847,13.583943,1.0,0.0,1.0,1.0
2515,0.36485985,13.565303,13.429187,1.0,0.0,1.0,1.0
2516,0.29137868,13.35162,13.242205,1.0,0.0,1.0,1.0
2517,-0.5707529,13.066272,13.025339,1.0,0.0,1.0,1.0
2518,-0.5707529,12.797973,12.767162,1.0,0.0,1.0,1.0
2519,-0.5707529,12.477458,12.488925,1.0,0.0,1.0,1.0
2520,-0.5707529,12.093059,12.193918,1.0,0.0,1.0,1.0
2521,-0.5707529,11.724259,11.88517,1.0,0.0,1.0,1.0
2522,-0.5707529,11.364207,11.571226,1.0,0.0,1.0,1.0
2523,-0.5227355,11.032028,11.255118,1.0,0.0,1.0,1.0
2524,-0.50818485,10.691801,10.941531,1.0,0.0,1.0,1.0
2525,-0.54383415,10.384572,10.634897,1.0,0.0,1.0,1.0
2526,-0.5307385,10.073491,10.34015,1.0,0.0,1.0,1.0
2527,-0.53364855,9.797974,10.045575,1.0,0.0,1.0,1.0
2528,-0.5467442,9.5583315,9.768956,1.0,0.0,1.0,1.0
2529,-0.5714806,9.303221,9.496378,1.0,0.0,1.0,1.0
2530,-0.60276455,9.118363,9.226309,1.0,0.0,1.0,1.0
2531,-0.5969443,8.940496,8.974755,1.0,0.0,1.0,1.0
2532,-0.79774463,8.558158,8.73683,1.0,0.0,1.0,1.0
2533,-0.6966169,8.404835,8.502779,0.0,0.0,1.0,1.0
2534,-0.7999273,8.093267,8.276232,0.0,0.0,1.0,1.0
2535,-0.23172048,7.7911983,8.054342,0.0,0.0,1.0,1.0
2536,-0.262277,7.6731524,7.8316383,0.0,0.0,1.0,1.0
2537,-0.22371762,7.529473,7.605119,0.0,0.0,1.0,1.0
2538,-0.24481621,7.2648773,7.375086,0.0,0.0,1.0,1.0
2539,-0.21571468,7.0794067,7.161977,0.0,0.0,1.0,1.0
2540,-0.85813016,6.8956537,6.9494057,0.0,0.0,1.0,1.0
2541,-0.7308112,6.6307807,6.745419,0.0,0.0,1.0,1.0
2542,-0.75554746,6.4001307,6.5598097,0.0,0.0,1.0,1.0
2543,-0.73808664,6.180095,6.390671,0.0,0.0,1.0,1.0
2544,-0.76500547,6.000854,6.226238,0.0,0.0,1.0,1.0
2545,-0.8923245,5.8539767,6.087606,0.0,0.0,1.0,1.0
2546,-0.74972713,5.6454315,5.9746146,0.0,0.0,1.0,1.0
2547,-0.72062564,5.5638833,5.8755903,0.0,0.0,1.0,1.0
2548,-0.78246635,5.643487,5.803499,0.0,0.0,1.0,1.0
2549,-0.7897417,5.5562763,5.7595835,0.0,0.0,1.0,1.0
2550,-0.8050201,5.6012945,5.7314587,0.0,0.0,1.0,1.0
2551,-0.8341215,5.7235126,5.7207384,0.0,0.0,1.0,1.0
2552,-0.9497999,5.707362,5.730998,0.0,0.0,1.0,1.0
2553,-0.5722081,5.765686,5.7682457,0.0,0.0,1.0,1.0
2554,-0.22371775,5.8731394,5.8070188,0.0,0.0,1.0,1.0
2555,-0.18515836,5.8426027,5.841818,0.0,0.0,1.0,1.0
2556,0.4143324,5.8722115,5.88428,0.0,0.0,1.0,1.0
2557,0.45507446,5.9770885,5.919966,0.0,0.0,1.0,1.0
2558,0.44488907,6.092403,5.9328194,0.0,0.0,1.0,1.0
2559,0.16624208,6.0291624,5.9350367,0.0,0.0,1.0,1.0
2560,0.1611495,6.061076,5.9189634,0.0,0.0,1.0,1.0
2561,0.18224803,6.0658236,5.8829556,0.0,0.0,1.0,1.0
2562,0.14296098,6.0295277,5.832881,0.0,0.0,1.0,1.0
2563,0.16842487,5.8777514,5.7670393,0.0,0.0,1.0,1.0
2564,-0.4056021,5.733966,5.6724043,0.0,0.0,1.0,1.0
2565,-0.39468905,5.5728083,5.5512824,0.0,0.0,1.0,1.0
2566,-0.8326664,5.4410434,5.4245057,0.0,0.0,1.0,1.0
2567,-0.69006914,5.241709,5.27848,0.0,0.0,1.0,1.0
2568,-0.68279374,5.08211,5.1176124,0.0,0.0,1.0,1.0
2569,-0.6849764,4.841473,4.938358,0.0,0.0,1.0,1.0
2570,-0.10512912,4.6389384,4.7672124,0.0,0.0,1.0,1.0
2571,-0.11385949,4.507844,4.588513,0.0,0.0,1.0,1.0
2572,-0.0876681,4.3087645,4.4123087,0.0,0.0,1.0,1.0
2573,-0.10440155,4.1354117,4.247084,0.0,0.0,1.0,1.0
2574,-0.082575455,3.878476,4.094862,0.0,0.0,1.0,1.0
2575,-0.7271734,3.824006,3.9574947,0.0,0.0,1.0,1.0
2576,-0.57730085,3.5895689,3.8491082,0.0,0.0,1.0,1.0
2577,-0.6107674,3.4583616,3.7629664,0.0,0.0,1.0,1.0
2578,-0.650782,3.4583464,3.687386,0.0,0.0,1.0,1.0
2579,-0.60712975,3.4150417,3.6176949,0.0,0.0,1.0,1.0
2580,-0.64932704,3.4337037,3.5618312,0.0,0.0,1.0,1.0
2581,-0.71989816,3.540835,3.5256603,0.0,0.0,1.0,1.0
2582,-0.74681705,3.6052387,3.4953132,0.0,0.0,1.0,1.0
2583,-0.7460895,3.6008778,3.4890246,0.0,0.0,1.0,1.0
2584,-0.69516194,3.4724696,3.4962878,0.0,0.0,1.0,1.0
2585,-0.6929793,3.4650505,3.5116415,0.0,0.0,1.0,1.0
2586,-0.6864314,3.4444249,3.537676,0.0,0.0,1.0,1.0
2587,-0.68497634,3.4598398,3.5790114,0.0,0.0,1.0,1.0
2588,-0.63477635,3.514105,3.6205537,0.0,0.0,1.0,1.0
2589,-0.6296835,3.5455225,3.666499,0.0,0.0,1.0,1.0
2590,-0.8122954,3.6425886,3.7278352,0.0,0.0,1.0,1.0
2591,-0.45361945,3.7274587,3.813904,0.0,0.0,1.0,1.0
2592,-0.45798466,3.9297276,3.8974638,0.0,0.0,1.0,1.0
2593,-0.45943967,4.03934,4.008166,0.0,0.0,1.0,1.0
2594,-0.4652601,4.1565814,4.142254,0.0,0.0,1.0,1.0
2595,-0.50018185,4.336915,4.2816277,0.0,0.0,1.0,1.0
2596,-0.8493998,4.505295,4.4408236,0.0,0.0,1.0,1.0
2597,-0.74317926,4.4677663,4.5920687,0.0,0.0,1.0,1.0
2598,-0.7570024,4.7728477,4.7378583,0.0,0.0,1.0,1.0
2599,-0.7351764,5.0688987,4.8987956,0.0,0.0,1.0,1.0
2600,-0.71917063,5.1865907,5.0564766,0.0,0.0,1.0,1.0
2601,-0.83775914,5.455874,5.2069287,0.0,0.0,1.0,1.0
2602,-0.16696997,5.4575286,5.354276,0.0,0.0,1.0,1.0
2603,0.08112038,5.476935,5.4864235,0.0,0.0,1.0,1.0
2604,0.9330664,5.8609753,5.62216,0.0,0.0,1.0,1.0
2605,0.9672606,5.931513,5.7352924,0.0,0.0,1.0,1.0
2606,0.92360854,5.9620056,5.82742,0.0,0.0,1.0,1.0
2607,0.92433614,6.1050844,5.895229,0.0,0.0,1.0,1.0
2608,0.9672606,6.091064,5.9365478,0.0,0.0,1.0,1.0
2609,0.94179696,6.0966024,5.9496875,0.0,0.0,0.0,1.0
2610,0.94034195,6.130439,5.9376583,0.0,0.0,0.0,1.0
2611,0.4485266,6.1744294,5.8952537,0.0,0.0,0.0,1.0
2612,0.45507446,6.0002937,5.8292336,0.0,0.0,0.0,1.0
2613,0.46089482,5.9517007,5.765568,0.0,0.0,0.0,1.0
2614,-0.13859588,5.615209,5.6905975,0.0,0.0,0.0,1.0
2615,-0.15751182,5.3325863,5.583081,0.0,0.0,0.0,1.0
2616,-0.185886,5.352119,5.466401,0.0,0.0,0.0,1.0
2617,-0.46817032,5.1392703,5.3363233,0.0,0.0,0.0,1.0
2618,-0.4878137,5.198017,5.1844563,0.0,0.0,0.0,1.0
2619,-0.444889,5.205438,5.0370283,0.0,0.0,0.0,1.0
2620,0.009094224,4.800863,4.8826194,0.0,0.0,0.0,1.0
2621,0.08985096,4.6964455,4.7376795,0.0,0.0,0.0,1.0
2622,0.11385963,4.5695095,4.5877767,0.0,0.0,0.0,1.0
2623,0.15532924,4.352022,4.4317265,0.0,0.0,0.0,1.0
2624,0.0978539,4.2311583,4.287975,0.0,0.0,0.0,1.0
2625,0.03383061,4.098792,4.1386747,0.0,0.0,0.0,1.0
2626,-0.23390312,3.8759336,3.9794142,0.0,0.0,0.0,1.0
2627,-0.4528919,3.5337536,3.8505147,0.0,0.0,0.0,1.0
2628,-0.72717357,3.4795136,3.7223172,0.0,0.0,0.0,1.0
2629,-0.62168056,3.414251,3.594387,0.0,0.0,0.0,1.0
2630,-0.60494727,3.4064164,3.476115,0.0,0.0,0.0,1.0
2631,-0.65369225,3.2943127,3.3643138,0.0,0.0,0.0,1.0
2632,-0.6325937,3.254068,3.2584286,0.0,0.0,0.0,1.0
2633,-0.9068752,3.158076,3.1700964,0.0,0.0,0.0,1.0
2634,-0.786104,3.0343466,3.1045852,0.0,0.0,0.0,1.0
2635,-0.74681705,2.9327593,3.0404155,0.0,0.0,0.0,1.0
2636,-0.7759186,2.8895435,2.9789424,0.0,0.0,0.0,1.0
2637,-0.79628956,2.8281698,2.916443,0.0,0.0,0.0,1.0
2638,-0.8668606,2.815945,2.869818,0.0,0.0,0.0,1.0
2639,-0.50963974,2.7476213,2.8271027,0.0,0.0,0.0,1.0
2640,-0.51546013,2.7094758,2.7862697,0.0,0.0,0.0,1.0
2641,-0.53510356,2.676573,2.7501686,0.0,0.0,0.0,1.0
2642,-0.5241906,2.6564274,2.7278473,0.0,0.0,0.0,1.0
2643,-0.44852665,2.7348096,2.7100024,0.0,0.0,0.0,1.0
2644,-0.46889776,2.7414842,2.7057536,0.0,0.0,0.0,1.0
2645,-0.8595852,2.668081,2.7055712,0.0,0.0,0.0,1.0
2646,-0.7126227,2.601134,2.7152374,0.0,0.0,0.0,1.0
2647,-0.6551473,2.6649044,2.7211049,0.0,0.0,1.0,1.0
2648,-0.6857038,2.675403,2.727687,0.0,0.0,1.0,1.0
2649,-0.7177156,2.7771847,2.7346165,0.0,0.0,1.0,1.0
2650,-0.7366315,2.8137562,2.7371004,0.0,0.0,1.0,1.0
2651,-0.8588577,2.863615,2.7360291,0.0,0.0,1.0,1.0
2652,-0.75118226,2.7798848,2.7356067,0.0,0.0,1.0,1.0
2653,-0.7933794,2.755557,2.7349575,0.0,0.0,1.0,1.0
2654,-0.90760267,2.7395833,2.7211893,0.0,0.0,1.0,1.0
2655,-0.28992355,2.764617,2.6996746,0.0,0.0,1.0,1.0
2656,-0.24918143,2.7286294,2.686942,0.0,0.0,1.0,1.0
2657,-0.2491815,2.66301,2.6847088,0.0,0.0,1.0,1.0
2658,-0.6675154,2.5933447,2.6750345,0.0,0.0,1.0,1.0
2659,-0.5060021,2.4996853,2.683962,0.0,0.0,1.0,1.0
2660,-0.85303754,2.417227,2.6892526,0.0,0.0,1.0,1.0
2661,-0.6842488,2.6243954,2.6970403,0.0,0.0,1.0,1.0
2662,-0.7009821,2.7869568,2.7025208,0.0,0.0,1.0,1.0
2663,-0.7453619,2.7475238,2.7269132,0.0,0.0,1.0,1.0
2664,-0.863223,2.887015,2.7641048,0.0,0.0,1.0,1.0
2665,-0.6660603,2.8190439,2.814625,0.0,0.0,1.0,1.0
2666,-0.64859945,2.8330348,2.8835537,0.0,0.0,1.0,1.0
2667,-0.658785,2.8303843,2.9698896,0.0,0.0,1.0,1.0
2668,-0.65587485,3.0213377,3.0547192,0.0,0.0,1.0,1.0
2669,-0.6762459,3.1093104,3.1398692,0.0,0.0,1.0,1.0
2670,-0.6929792,3.1995857,3.2455816,0.0,0.0,1.0,1.0
2671,-0.72135323,3.326831,3.3560207,0.0,0.0,1.0,1.0
2672,-0.756275,3.4532568,3.4689429,0.0,0.0,1.0,1.0
2673,-0.77519095,3.642351,3.5797012,0.0,0.0,1.0,1.0
2674,-0.7730083,3.8087575,3.705077,0.0,0.0,1.0,1.0
2675,-0.8668607,4.016071,3.8132586,0.0,0.0,1.0,1.0
2676,-0.25500166,4.212283,3.9267433,0.0,0.0,1.0,1.0
2677,-0.28192067,4.1741104,4.046597,0.0,0.0,1.0,1.0
2678,-0.25281915,4.162135,4.1691227,0.0,0.0,0.0,1.0
2679,-0.22444512,4.3348923,4.27574,0.0,0.0,0.0,1.0
2680,-0.83484894,4.3195195,4.367607,0.0,0.0,0.0,1.0
2681,-0.6951619,4.4711256,4.4434624,0.0,0.0,0.0,1.0
2682,-0.7198981,4.6378326,4.518035,0.0,0.0,0.0,1.0
2683,-0.6238632,4.7971363,4.5898266,0.0,0.0,0.0,1.0
2684,-0.6522371,4.7326655,4.6824474,0.0,0.0,0.0,1.0
2685,-0.67915606,4.7447557,4.7960987,0.0,0.0,0.0,1.0
2686,-0.7911967,4.719022,4.9137025,0.0,0.0,0.0,1.0
2687,-0.6609675,4.910944,5.0503497,0.0,0.0,0.0,1.0
2688,-0.6544197,5.073782,5.191228,0.0,0.0,0.0,1.0
2689,-0.65223706,5.2855616,5.3124237,0.0,0.0,0.0,1.0
2690,-0.68934166,5.5259476,5.4268994,0.0,0.0,0.0,1.0
2691,-0.72862864,5.7461395,5.5531373,0.0,0.0,0.0,1.0
2692,-0.6733358,5.9592857,5.681233,0.0,0.0,0.0,1.0
2693,-0.8115677,6.1616607,5.810354,0.0,0.0,0.0,1.0
2694,-0.8595853,6.092181,5.9259796,0.0,0.0,0.0,1.0
2695,-0.7329939,6.170849,6.0341973,0.0,0.0,0.0,1.0
2696,-0.8195708,6.2475204,6.1380177,0.0,0.0,0.0,1.0
2697,-0.46089488,6.2819,6.2249084,0.0,0.0,0.0,1.0
2698,-0.45580202,6.2684774,6.2631087,0.0,0.0,0.0,1.0
2699,0.18806836,6.2984514,6.2591343,0.0,0.0,0.0,1.0
2700,0.14150581,6.372393,6.222658,0.0,0.0,0.0,1.0
2701,0.1400508,6.531408,6.172312,0.0,0.0,0.0,1.0
2702,0.71917063,6.568633,6.099697,0.0,0.0,0.0,1.0
2703,0.4907239,6.204543,5.993782,0.0,0.0,0.0,1.0
2704,0.49654406,5.9115934,5.8735704,0.0,0.0,0.0,1.0
2705,0.21862482,5.7239456,5.7442546,0.0,0.0,0.0,1.0
2706,0.23535813,5.488026,5.589104,0.0,0.0,0.0,1.0
2707,0.27100757,5.299472,5.4057884,0.0,0.0,0.0,1.0
2708,0.35612944,4.976539,5.1904206,0.0,0.0,0.0,1.0
2709,0.38304836,4.839365,4.95831,0.0,0.0,0.0,1.0
2710,0.38013807,4.716683,4.741489,0.0,0.0,0.0,1.0
2711,-0.19679898,4.43665,4.540431,0.0,0.0,0.0,1.0
2712,0.11167684,4.1726055,4.3387427,0.0,0.0,0.0,1.0
2713,0.14077845,3.9469898,4.15232,0.0,0.0,0.0,1.0
2714,0.0978539,3.7833083,3.9859385,0.0,0.0,0.0,1.0
2715,0.068752296,3.602688,3.852482,0.0,0.0,0.0,1.0
2716,-0.034557898,3.498902,3.721154,0.0,0.0,0.0,1.0
2717,0.07602773,3.3036869,3.597235,0.0,0.0,0.0,1.0
2718,0.04328862,3.2509482,3.4862301,0.0,0.0,0.0,1.0
2719,-0.21134953,3.302897,3.4005134,0.0,0.0,0.0,1.0
2720,-0.5547472,3.3750625,3.3243556,0.0,0.0,0.0,1.0
2721,-0.57002544,3.2634277,3.271542,0.0,0.0,0.0,1.0
2722,-0.54819936,3.2296538,3.2428098,0.0,0.0,0.0,1.0
2723,-0.5409241,3.1045926,3.2296503,0.0,0.0,0.0,1.0
2724,-0.5722081,3.1440034,3.2403734,0.0,0.0,0.0,1.0
2725,-0.5794834,3.0330966,3.2597387,0.0,0.0,0.0,1.0
2726,-0.5496544,3.1495464,3.277008,0.0,0.0,0.0,1.0
2727,-0.64132404,3.2578993,3.289023,0.0,0.0,0.0,1.0
2728,-0.63914144,3.3409896,3.3102782,0.0,0.0,0.0,1.0
2729,-0.48490354,3.4323647,3.3344805,0.0,0.0,0.0,1.0
2730,-0.21207702,3.4833307,3.3769684,0.0,0.0,0.0,1.0
2731,-0.19316114,3.5101306,3.4156,0.0,0.0,0.0,1.0
2732,0.055656705,3.519239,3.4575531,0.0,0.0,0.0,1.0
2733,0.11458713,3.5184903,3.482224,0.0,0.0,0.0,1.0
2734,0.084758095,3.5200827,3.4933748,0.0,0.0,0.0,1.0
2735,0.08621317,3.614448,3.4928052,0.0,0.0,0.0,1.0
2736,-0.55329204,3.607583,3.4761271,0.0,0.0,0.0,1.0
2737,-0.44125137,3.5365322,3.447227,0.0,0.0,0.0,1.0
2738,-0.4674426,3.4455972,3.4070585,0.0,0.0,0.0,1.0
2739,-0.7730084,3.3917098,3.3582582,0.0,0.0,0.0,1.0
2740,-0.6646053,3.3341546,3.301969,0.0,0.0,0.0,1.0
2741,-0.65514725,3.2322273,3.2458162,0.0,0.0,0.0,1.0
2742,-0.6791561,3.136529,3.179542,0.0,0.0,0.0,1.0
2743,-0.6689705,3.028109,3.1161633,0.0,0.0,0.0,1.0
2744,-0.87850124,2.933635,3.057442,0.0,0.0,0.0,1.0
2745,-0.7570025,2.8430192,3.0011654,0.0,0.0,0.0,1.0
2746,-0.7708258,2.846249,2.9406817,0.0,0.0,0.0,1.0
2747,-0.75773,2.81916,2.8831456,0.0,0.0,0.0,1.0
2748,-0.89523464,2.847037,2.8354099,0.0,0.0,0.0,1.0
2749,-0.8675882,2.8318765,2.7971401,0.0,0.0,0.0,1.0
2750,-0.51255,2.770278,2.767312,0.0,0.0,0.0,1.0
2751,-0.495089,2.665905,2.7464182,0.0,0.0,0.0,1.0
2752,-0.495089,2.6437206,2.7376482,0.0,0.0,0.0,1.0
2753,-0.50309205,2.6594002,2.7328975,0.0,0.0,0.0,1.0
2754,-0.4907239,2.6772919,2.7347708,0.0,0.0,0.0,1.0
2755,-0.77446336,2.6701722,2.7373302,0.0,0.0,0.0,1.0
2756,-0.6471444,2.6829083,2.7459013,0.0,0.0,0.0,1.0
2757,-0.6202255,2.7377799,2.753951,0.0,0.0,0.0,1.0
2758,-0.63841385,2.78924,2.7675192,0.0,0.0,1.0,1.0
2759,-0.60567474,2.8416398,2.7749686,0.0,0.0,1.0,1.0
2760,-0.68643135,2.8777509,2.7779605,0.0,0.0,1.0,1.0
2761,-0.70680255,2.93473,2.7829847,0.0,0.0,1.0,1.0
2762,-0.70461977,2.8668754,2.7906032,0.0,0.0,1.0,1.0
2763,-0.80429244,2.8287222,2.8072329,0.0,0.0,1.0,1.0
2764,-0.73808664,2.7331138,2.825567,0.0,0.0,1.0,1.0
2765,-0.7395416,2.695302,2.8460746,0.0,0.0,1.0,1.0
2766,-0.7380866,2.737583,2.8704543,0.0,0.0,1.0,1.0
2767,-0.9061476,2.7615926,2.8961892,0.0,0.0,1.0,1.0
2768,-0.2870134,2.8824637,2.9225664,0.0,0.0,1.0,1.0
2769,-0.2928337,2.9577906,2.9591978,0.0,0.0,1.0,1.0
2770,-0.23172063,3.0353296,3.0022943,0.0,0.0,1.0,1.0
2771,-0.25718436,3.1341991,3.058843,0.0,0.0,1.0,1.0
2772,-0.79046917,3.1865683,3.121111,0.0,0.0,1.0,1.0
2773,-0.6864314,3.2512553,3.186103,0.0,0.0,1.0,1.0
2774,-0.70534736,3.3064525,3.254958,0.0,0.0,0.0,1.0
2775,-0.690069,3.3458812,3.3237326,0.0,0.0,0.0,1.0
2776,-0.74899966,3.4116971,3.3950343,0.0,0.0,0.0,1.0
2777,-0.7984721,3.442519,3.4660583,0.0,0.0,0.0,1.0
2778,-0.8937796,3.5174894,3.5391095,0.0,0.0,0.0,1.0
2779,-0.74317926,3.5878499,3.6144342,0.0,0.0,0.0,1.0
2780,-0.74536186,3.7077582,3.6964543,0.0,0.0,0.0,1.0
2781,-0.89887226,3.8134124,3.786385,0.0,0.0,0.0,1.0
2782,-0.71989805,3.8876164,3.8873386,0.0,0.0,0.0,1.0
2783,-0.7264459,4.010814,3.9867756,0.0,0.0,0.0,1.0
2784,-0.66678786,4.090465,4.0953197,0.0,0.0,0.0,1.0
2785,-0.6646054,4.235496,4.2092886,0.0,0.0,0.0,1.0
2786,-0.6158603,4.385621,4.3306623,0.0,0.0,0.0,1.0
2787,-0.7620952,4.557326,4.455095,0.0,0.0,0.0,1.0
2788,-0.38086566,4.6049414,4.5847044,0.0,0.0,0.0,1.0
2789,-0.39105123,4.745045,4.7236443,0.0,0.0,0.0,1.0
2790,-0.37577292,4.885115,4.8692164,0.0,0.0,0.0,1.0
2791,-0.42233533,5.044335,5.0251665,0.0,0.0,0.0,1.0
2792,-0.46089473,5.200953,5.193142,0.0,0.0,0.0,1.0
2793,-0.86904323,5.368723,5.3632236,0.0,0.0,0.0,1.0
2794,-0.7519098,5.5548987,5.520845,0.0,0.0,0.0,1.0
2795,-0.7082576,5.7576776,5.6714067,0.0,0.0,0.0,1.0
2796,-0.8406693,5.9618645,5.821546,0.0,0.0,0.0,1.0
2797,-0.51982546,6.2512026,5.951921,0.0,0.0,0.0,1.0
2798,-0.353947,6.426601,6.0602627,0.0,0.0,0.0,1.0
2799,0.28774083,6.448785,6.1576405,0.0,0.0,1.0,1.0
2800,0.5300109,6.4116826,6.234344,0.0,0.0,1.0,1.0
2801,0.7417242,6.546715,6.288869,0.0,0.0,1.0,1.0
2802,0.85012734,6.449616,6.320983,0.0,0.0,1.0,1.0
2803,0.8508548,6.3444314,6.329921,0.0,0.0,1.0,1.0
2804,0.85085475,6.369489,6.3024383,0.0,0.0,1.0,1.0
2805,0.8828664,6.289168,6.2649035,0.0,0.0,1.0,1.0
2806,0.77955616,6.2091947,6.227984,0.0,0.0,1.0,1.0
2807,0.000363715,6.143046,6.1952877,0.0,0.0,1.0,1.0
2808,-0.2761005,6.0691156,6.1457925,0.0,0.0,1.0,1.0
2809,-0.67479086,5.9214153,6.1072497,0.0,0.0,1.0,1.0
2810,-0.60567486,5.9761868,6.086212,0.0,0.0,1.0,1.0
2811,-0.6405965,6.005746,6.0421395,0.0,0.0,1.0,1.0
2812,-0.6253183,6.019328,5.9709616,0.0,0.0,1.0,1.0
2813,-0.61076754,5.9527707,5.913483,0.0,0.0,1.0,1.0
2814,-0.63550377,5.987107,5.861792,0.0,0.0,1.0,1.0
2815,-0.6362314,6.0919766,5.819062,0.0,0.0,1.0,1.0
2816,-0.64205164,5.840617,5.7915387,0.0,0.0,1.0,1.0
2817,-0.13350308,5.4350333,5.765146,0.0,0.0,1.0,1.0
2818,-0.133503,5.519454,5.7423325,0.0,0.0,1.0,1.0
2819,-0.13714072,5.522754,5.7339573,0.0,0.0,1.0,1.0
2820,-0.19388857,5.556356,5.7449794,0.0,0.0,1.0,1.0
2821,-0.16114955,5.5911365,5.750222,0.0,0.0,1.0,1.0
2822,-0.23972349,5.6594715,5.7439404,0.0,0.0,1.0,1.0
2823,-0.6405965,5.731982,5.755829,0.0,0.0,1.0,1.0
2824,-0.56420517,5.918827,5.8068686,0.0,0.0,1.0,1.0
2825,-0.6013095,6.0850368,5.851715,0.0,0.0,1.0,1.0
2826,-0.5212804,6.050023,5.8986607,0.0,0.0,1.0,1.0
2827,-0.5241906,6.0165935,5.965765,0.0,0.0,1.0,1.0
2828,-0.53655875,5.9832764,6.0608826,0.0,0.0,1.0,1.0
2829,-0.49145135,6.047514,6.1585116,0.0,0.0,1.0,1.0
2830,-0.20189159,6.057609,6.258988,0.0,0.0,1.0,1.0
2831,-0.19461629,6.0861015,6.350692,0.0,0.0,1.0,1.0
2832,-0.17642777,6.361607,6.4342484,0.0,0.0,1.0,1.0
2833,0.3743178,6.7325506,6.5097036,0.0,0.0,1.0,1.0
2834,0.3823208,6.8310213,6.601469,0.0,0.0,1.0,1.0
2835,0.6260457,6.937697,6.6827126,0.0,0.0,1.0,1.0
2836,0.6114949,7.019272,6.7586627,0.0,0.0,1.0,1.0
2837,0.7970171,7.087719,6.8390584,0.0,0.0,1.0,1.0
2838,0.80793,6.955484,6.908533,0.0,0.0,1.0,1.0
2839,0.8050199,7.1177764,6.96008,0.0,0.0,1.0,1.0
2840,0.23608577,6.958201,6.9709883,0.0,0.0,1.0,1.0
2841,0.23681328,6.9589114,6.9679236,0.0,0.0,1.0,1.0
2842,-0.23099326,7.0223584,6.9419475,0.0,0.0,1.0,1.0
2843,-0.56420517,6.9198003,6.9077377,0.0,0.0,1.0,1.0
2844,-0.55038196,6.980171,6.8598456,0.0,0.0,1.0,1.0
2845,-0.54965436,6.863447,6.8119116,0.0,0.0,1.0,1.0
2846,-0.50309205,6.7942433,6.744117,0.0,0.0,1.0,1.0
2847,-0.5234631,6.625984,6.6846313,0.0,0.0,1.0,1.0
2848,-0.8181156,6.608754,6.623921,0.0,0.0,1.0,1.0
2849,-0.6922518,6.513015,6.572581,0.0,0.0,1.0,1.0
2850,-0.6857039,6.380275,6.518832,0.0,0.0,1.0,1.0
2851,-0.7126227,6.30424,6.4543433,0.0,0.0,1.0,1.0
2852,-0.7031647,6.2443776,6.3956656,0.0,0.0,1.0,1.0
2853,-0.74463445,6.2303843,6.3320518,0.0,0.0,1.0,1.0
2854,-0.75918514,6.406276,6.2851987,0.0,0.0,1.0,1.0
2855,-0.8501273,6.2748203,6.218501,0.0,0.0,1.0,1.0
2856,-0.4485266,6.2063036,6.15496,0.0,0.0,1.0,1.0
2857,-0.6100399,6.159312,6.098416,0.0,0.0,1.0,1.0
2858,-0.48781377,6.03088,6.0481987,0.0,0.0,1.0,1.0
2859,-0.46162233,6.0637484,6.004421,0.0,0.0,1.0,1.0
2860,-0.44852665,5.8083825,5.950876,0.0,0.0,1.0,1.0
2861,-0.43324843,5.7505198,5.872927,0.0,0.0,1.0,1.0
2862,-0.8021099,5.701743,5.7970505,0.0,0.0,1.0,1.0
2863,-0.71989816,5.701639,5.7166057,0.0,0.0,1.0,1.0
2864,-0.74827206,5.719047,5.63002,0.0,0.0,1.0,1.0
2865,-0.74536186,5.587842,5.548437,0.0,0.0,1.0,1.0
2866,-0.7337213,5.4708867,5.4533534,0.0,0.0,1.0,1.0
2867,-0.7693706,5.3643026,5.378995,0.0,0.0,1.0,1.0
2868,-0.80502003,5.240967,5.301117,0.0,0.0,1.0,1.0
2869,-0.7962897,5.120282,5.2228155,0.0,0.0,1.0,1.0
2870,-0.81084037,5.051887,5.144597,0.0,0.0,1.0,1.0
2871,-0.8152055,4.9227414,5.071173,0.0,0.0,1.0,1.0
2872,-0.47544563,4.916079,5.007493,0.0,0.0,1.0,1.0
2873,-0.48854128,4.815989,4.9515476,0.0,0.0,1.0,1.0
2874,-0.50163686,4.7621207,4.8983417,0.0,0.0,1.0,1.0
2875,-0.4194252,4.7630177,4.847053,0.0,0.0,1.0,1.0
2876,-0.44852665,4.8379636,4.807766,0.0,0.0,1.0,1.0
2877,-0.8574026,4.823682,4.779161,0.0,0.0,1.0,1.0
2878,-0.70607495,4.7995377,4.7663937,0.0,0.0,1.0,1.0
2879,-0.64714444,4.725833,4.7610927,0.0,0.0,1.0,1.0
2880,-0.6071298,4.6255054,4.763237,0.0,0.0,1.0,1.0
2881,-0.6245909,4.6488366,4.7649484,0.0,0.0,1.0,1.0
2882,-0.649327,4.7086244,4.7669063,0.0,0.0,1.0,1.0
2883,-0.6609676,4.769533,4.7654157,0.0,0.0,1.0,1.0
2884,-0.67770094,4.8524704,4.7704825,0.0,0.0,1.0,1.0
2885,-0.6733358,4.841718,4.7775164,0.0,0.0,1.0,1.0
2886,-0.68861395,4.7826605,4.7946825,0.0,0.0,1.0,1.0
2887,-0.7329938,4.7865105,4.8290124,0.0,0.0,1.0,1.0
2888,-0.84939975,4.820074,4.867685,0.0,0.0,1.0,1.0
2889,-0.18370299,4.884486,4.8995385,0.0,0.0,1.0,1.0
2890,-0.13059287,4.8839417,4.9438176,0.0,0.0,1.0,1.0
2891,-0.19607115,4.931826,4.9745746,0.0,0.0,1.0,1.0
2892,0.16987997,5.037467,5.0168204,0.0,0.0,1.0,1.0
2893,-0.07893787,5.112908,5.062693,0.0,0.0,1.0,1.0
2894,-0.29428887,5.090868,5.107145,0.0,0.0,1.0,1.0
2895,0.30956692,5.300879,5.1460276,0.0,0.0,1.0,1.0
2896,0.34812647,5.2215548,5.1817,0.0,0.0,1.0,1.0
2897,0.37213513,5.348672,5.2162275,0.0,0.0,1.0,1.0
2898,0.3779555,5.3331327,5.246555,0.0,0.0,1.0,1.0
2899,0.31684238,5.319928,5.2533646,0.0,0.0,1.0,1.0
2900,0.3946888,5.286666,5.232879,0.0,0.0,1.0,1.0
2901,0.40923968,5.3125577,5.195156,0.0,0.0,1.0,1.0
2902,0.34739897,5.298269,5.1256533,0.0,0.0,1.0,1.0
2903,0.3059294,5.295757,5.0443897,0.0,0.0,1.0,1.0
2904,0.2491815,5.119184,4.93404,0.0,0.0,1.0,1.0
2905,0.28410333,4.8670826,4.8201876,0.0,0.0,1.0,1.0
2906,-0.15169147,4.638192,4.690802,0.0,0.0,1.0,1.0
2907,-0.043288406,4.4668436,4.5674267,0.0,0.0,1.0,1.0
2908,-0.047653697,4.2463903,4.425613,0.0,0.0,1.0,1.0
2909,-0.03528547,4.0244803,4.281933,0.0,0.0,1.0,1.0
2910,-0.7351765,3.9668999,4.132778,0.0,0.0,1.0,1.0
2911,-0.79701704,3.7673051,3.9912546,0.0,0.0,1.0,1.0
2912,-0.6922518,3.8061574,3.865293,0.0,0.0,1.0,1.0
2913,-0.67188066,3.610792,3.7525482,0.0,0.0,1.0,1.0
2914,-0.6769734,3.5741103,3.6478496,0.0,0.0,1.0,1.0
2915,-0.66315025,3.5058992,3.5714498,0.0,0.0,1.0,1.0
2916,-0.64350677,3.4209008,3.5273914,0.0,0.0,1.0,1.0
2917,-0.67042565,3.3555467,3.503413,0.0,0.0,1.0,1.0
2918,-0.679156,3.2852523,3.4901114,0.0,0.0,1.0,1.0
2919,-0.7351763,3.210459,3.4717937,0.0,0.0,1.0,1.0
2920,-0.81447804,3.3295934,3.4643507,0.0,0.0,1.0,1.0
2921,-0.18734078,3.4957814,3.4567912,0.0,0.0,1.0,1.0
2922,-0.10512912,3.6791592,3.457489,0.0,0.0,1.0,1.0
2923,-0.08694067,3.6076834,3.4730544,0.0,0.0,1.0,1.0
2924,-0.11531456,3.586346,3.5071783,0.0,0.0,1.0,1.0
2925,-0.094943605,3.5214772,3.5565736,0.0,0.0,1.0,1.0
2926,-0.79337937,3.4833956,3.6134367,0.0,0.0,1.0,1.0
2927,-0.8493997,3.514272,3.6805253,0.0,0.0,1.0,1.0
2928,-0.677701,3.607688,3.7445426,0.0,0.0,1.0,1.0
2929,-0.6755184,3.7650323,3.8006604,0.0,0.0,1.0,1.0
2930,-0.6420516,3.8779964,3.8719523,0.0,0.0,1.0,1.0
2931,-0.65150964,3.8928144,3.962044,0.0,0.0,1.0,1.0
2932,-0.6820662,4.134657,4.0601616,0.0,0.0,1.0,1.0
2933,-0.73081124,4.2639885,4.179231,0.0,0.0,1.0,1.0
2934,-0.74972713,4.3525734,4.3145127,0.0,0.0,1.0,1.0
2935,-0.8654055,4.4631867,4.4623685,0.0,0.0,1.0,1.0
2936,-0.69443434,4.6674466,4.611171,0.0,0.0,1.0,1.0
2937,-0.7999272,4.6988873,4.7620907,0.0,0.0,1.0,1.0
2938,-0.23681356,4.9122305,4.9138446,0.0,0.0,1.0,1.0
2939,0.49363393,5.137649,5.052841,0.0,0.0,1.0,1.0
2940,0.5518369,5.3819623,5.184354,0.0,0.0,1.0,1.0
2941,0.5882138,5.550658,5.3189726,0.0,0.0,1.0,1.0
2942,0.57730085,5.6890335,5.4621425,0.0,0.0,1.0,1.0
2943,0.60858476,5.713865,5.589219,0.0,0.0,1.0,1.0
2944,0.620953,5.802616,5.7234073,0.0,0.0,1.0,1.0
2945,0.5743906,5.8421373,5.8524156,0.0,0.0,1.0,1.0
2946,0.3728628,5.9680014,5.971429,0.0,0.0,1.0,1.0
2947,0.29574385,6.1812224,6.0582466,0.0,0.0,1.0,1.0
2948,0.27391768,6.1923676,6.128395,0.0,0.0,1.0,1.0
2949,-0.2651874,6.3091435,6.1661925,0.0,0.0,1.0,1.0
2950,-0.27246267,6.4603314,6.19005,0.0,0.0,1.0,1.0
2951,-0.59621674,6.5658054,6.1905966,0.0,0.0,1.0,1.0
2952,-0.59912694,6.4237804,6.1807747,0.0,0.0,1.0,1.0
2953,-0.5634776,6.392437,6.145308,0.0,0.0,1.0,1.0
2954,-0.5962168,6.1426024,6.085151,0.0,0.0,1.0,1.0
2955,-0.592579,6.0001583,6.019402,0.0,0.0,1.0,1.0
2956,-0.70534736,5.8091745,5.926086,0.0,0.0,1.0,1.0
2957,-0.33503082,5.7242746,5.7941685,0.0,0.0,1.0,1.0
2958,-0.120407425,5.5424004,5.631659,0.0,0.0,1.0,1.0
2959,-0.18297556,5.4593387,5.458432,0.0,0.0,1.0,1.0
2960,-0.17570013,5.403378,5.2682714,0.0,0.0,1.0,1.0
2961,-0.14150588,5.1893477,5.081628,0.0,0.0,1.0,1.0
2962,-0.7606402,4.8773265,4.88504,0.0,0.0,1.0,1.0
2963,-0.8253911,4.615688,4.696661,0.0,0.0,1.0,1.0
2964,-0.73881406,4.345058,4.5125194,0.0,0.0,1.0,1.0
2965,-0.7329938,4.1105123,4.3432274,0.0,0.0,1.0,1.0
2966,-0.7409967,3.90288,4.1750193,0.0,0.0,1.0,1.0
2967,-0.71262276,3.6410995,4.013224,0.0,0.0,1.0,1.0
2968,-0.8195708,3.54863,3.8699937,0.0,0.0,0.0,1.0
2969,-0.69297916,3.514573,3.7573073,0.0,0.0,0.0,1.0
2970,-0.7009822,3.5108974,3.664485,0.0,0.0,0.0,1.0
2971,-0.69225174,3.4408402,3.5871177,0.0,0.0,0.0,1.0
2972,-0.7300837,3.4618366,3.5332005,0.0,0.0,0.0,1.0
2973,-0.7759186,3.4705815,3.5000193,0.0,0.0,0.0,1.0
2974,-0.78464895,3.5250924,3.486943,0.0,0.0,0.0,1.0
2975,-0.9388869,3.5018196,3.4846911,0.0,0.0,0.0,1.0
2976,-0.82611865,3.41665,3.4829512,0.0,0.0,0.0,1.0
2977,-0.9985449,3.4635046,3.474953,0.0,0.0,0.0,1.0
2978,-0.5176428,3.5047069,3.4736552,0.0,0.0,0.0,1.0
2979,-0.5009094,3.4841843,3.4620981,0.0,0.0,0.0,1.0
2980,-0.5198253,3.5216067,3.4497209,0.0,0.0,0.0,1.0
2981,-0.45943967,3.4936948,3.4378204,0.0,0.0,0.0,1.0
2982,-0.35321933,3.414917,3.4395678,0.0,0.0,0.0,1.0
2983,-0.70898503,3.4252691,3.4517775,0.0,0.0,0.0,1.0
2984,-0.55620223,3.3231497,3.4697275,0.0,0.0,0.0,1.0
2985,-0.5249181,3.3220553,3.4856243,0.0,0.0,0.0,1.0
2986,-0.5707529,3.3822873,3.5114517,0.0,0.0,0.0,1.0
2987,-0.6027646,3.5227883,3.5373008,0.0,0.0,0.0,1.0
2988,-0.5918516,3.5631657,3.5858932,0.0,0.0,0.0,1.0
2989,-0.64641696,3.6789062,3.6534548,0.0,0.0,0.0,1.0
2990,-0.3473991,3.695467,3.7376912,0.0,0.0,0.0,1.0
2991,0.25354657,3.7941122,3.8508992,0.0,0.0,0.0,1.0
2992,0.2891959,3.8317978,3.9708335,0.0,0.0,0.0,1.0
2993,0.43979615,4.0768013,4.0994697,0.0,0.0,0.0,1.0
2994,0.6951619,4.225657,4.2266545,0.0,0.0,1.0,1.0
2995,0.6122226,4.4361057,4.3646836,0.0,0.0,1.0,1.0
2996,0.63623124,4.681646,4.495514,0.0,0.0,1.0,1.0
2997,0.72353584,4.761269,4.6229377,0.0,0.0,1.0,1.0
2998,0.7424518,4.9259186,4.7363706,0.0,0.0,1.0,1.0
2999,0.7359039,5.0490055,4.8445897,0.0,0.0,1.0,1.0
3000,-0.5707529,5.219518,4.927475,0.0,0.0,1.0,1.0
3001,-0.5707529,5.248868,5.0031347,0.0,0.0,1.0,1.0
3002,-0.5707529,5.2245502,5.0640845,0.0,0.0,1.0,1.0
3003,-0.5707529,5.155312,5.1077466,0.0,0.0,1.0,1.0
3004,-0.5707529,5.130426,5.1327314,0.0,0.0,1.0,1.0
3005,-0.5707529,5.071424,5.137591,0.0,0.0,1.0,1.0
3006,-0.6202255,5.1335716,5.1329093,0.0,0.0,1.0,1.0
3007,-0.6202255,5.1675076,5.1063128,0.0,0.0,1.0,1.0
3008,-0.6202255,5.2055907,5.094833,0.0,0.0,1.0,1.0
3009,-0.6202255,5.061087,5.089,0.0,0.0,1.0,1.0
3010,-0.6202255,4.98423,5.1021714,0.0,0.0,0.0,1.0
3011,-0.6202255,4.992825,5.1319804,0.0,0.0,0.0,1.0
3012,-0.6202255,4.9003615,5.187669,0.0,0.0,0.0,1.0
3013,-0.6202255,5.1111083,5.2615895,0.0,0.0,0.0,1.0
3014,-0.6202255,5.1545563,5.3612175,0.0,0.0,0.0,1.0
3015,-0.6202255,5.3133683,5.4850807,0.0,0.0,0.0,1.0
3016,-0.6202255,5.488132,5.638073,0.0,0.0,0.0,1.0
3017,-0.6202255,5.7396874,5.811382,0.0,0.0,1.0,1.0
3018,-0.6202255,6.020621,5.9969645,0.0,0.0,1.0,1.0
3019,-0.6202255,6.363045,6.203861,0.0,0.0,1.0,1.0
3020,-0.6202255,6.691944,6.409223,0.0,0.0,1.0,1.0
3021,-0.6202255,6.8969965,6.6292877,0.0,0.0,1.0,1.0
3022,-0.6202255,7.063936,6.8429265,0.0,0.0,1.0,1.0
3023,-0.6202255,7.2198195,7.04504,0.0,0.0,1.0,1.0
3024,-0.6202255,7.3831196,7.2160907,0.0,0.0,1.0,1.0
3025,-0.5707529,7.575453,7.3650694,0.0,0.0,1.0,1.0
3026,-0.5707529,7.795328,7.481307,0.0,0.0,1.0,1.0
3027,-0.5707529,7.877036,7.5647926,0.0,0.0,1.0,1.0
3028,-0.5707529,7.9134927,7.629476,0.0,0.0,1.0,1.0
3029,-0.5707529,7.792297,7.666334,0.0,0.0,1.0,1.0
3030,-0.5707529,7.808364,7.6676655,0.0,0.0,1.0,1.0
3031,-0.7213532,7.757895,7.629883,0.0,0.0,1.0,1.0
3032,-0.32411793,7.6937714,7.566598,0.0,0.0,1.0,1.0
3033,0.28337568,7.673201,7.4720764,0.0,0.0,1.0,1.0
3034,0.2935612,7.5062337,7.351238,0.0,0.0,1.0,1.0
3035,0.28919598,7.2357945,7.210332,0.0,0.0,1.0,1.0
3036,0.1706074,6.92973,7.058394,0.0,0.0,1.0,1.0
3037,0.16769727,6.816033,6.88579,0.0,0.0,1.0,1.0
3038,0.15241896,6.661072,6.7023892,0.0,0.0,1.0,1.0
3039,0.13932319,6.426971,6.5132284,0.0,0.0,1.0,1.0
3040,0.16333202,6.222622,6.316976,0.0,0.0,0.0,1.0
3041,0.11749717,5.969039,6.1215053,0.0,0.0,0.0,1.0
3042,0.13568562,5.737115,5.9324684,0.0,0.0,0.0,1.0
3043,-0.47908336,5.557087,5.7512126,0.0,0.0,0.0,1.0
3044,-0.17933784,5.4238424,5.55971,0.0,0.0,0.0,1.0
3045,-0.70534736,5.318174,5.366152,0.0,0.0,0.0,1.0
3046,-0.51254994,5.1605844,5.1831565,0.0,0.0,0.0,1.0
3047,-0.5001818,4.96735,5.011448,0.0,0.0,0.0,1.0
3048,-0.51691526,4.754662,4.8477707,0.0,0.0,0.0,1.0
3049,-0.49872673,4.518,4.6976204,0.0,0.0,0.0,1.0
3050,-0.83557665,4.338375,4.5619545,0.0,0.0,1.0,1.0
3051,-0.8333939,4.2310266,4.4365788,0.0,0.0,1.0,1.0
3052,-0.57948345,4.162119,4.3155794,0.0,0.0,1.0,1.0
3053,-0.5903965,4.0049148,4.203935,0.0,0.0,1.0,1.0
3054,-0.5802109,3.9353108,4.101865,0.0,0.0,1.0,1.0
3055,-0.56420517,3.929092,4.0108685,0.0,0.0,1.0,1.0
3056,-0.59621674,3.9193368,3.9344904,0.0,0.0,1.0,1.0
3057,-0.619498,3.8661842,3.864703,0.0,0.0,1.0,1.0
3058,-0.7439069,3.8208477,3.797703,0.0,0.0,1.0,1.0
3059,-0.6566023,3.7425108,3.7379897,0.0,0.0,1.0,1.0
3060,-0.7177155,3.6627066,3.6852088,0.0,0.0,1.0,1.0
3061,-0.075300016,3.6014597,3.6372864,0.0,0.0,1.0,1.0
3062,-0.023644885,3.500926,3.5913494,0.0,0.0,1.0,1.0
3063,-0.03092025,3.4270275,3.5376606,0.0,0.0,1.0,1.0
3064,-0.017097091,3.44556,3.4859798,0.0,0.0,1.0,1.0
3065,-0.017824663,3.3715432,3.4262297,0.0,0.0,1.0,1.0
3066,-0.03019275,3.3602436,3.369346,0.0,0.0,1.0,1.0
3067,-0.5700254,3.377847,3.3075812,0.0,0.0,1.0,1.0
3068,-0.5409239,3.2750714,3.247859,0.0,0.0,1.0,1.0
3069,-0.51691514,3.2460139,3.1900938,0.0,0.0,1.0,1.0
3070,-0.514005,3.103847,3.1329982,0.0,0.0,1.0,1.0
3071,-0.66824293,3.0599053,3.070412,0.0,0.0,1.0,1.0
3072,-0.45798475,2.9215298,3.009965,0.0,0.0,1.0,1.0
3073,-0.4914514,2.884794,2.9552658,0.0,0.0,1.0,1.0
3074,-0.49436158,2.8077428,2.9033067,0.0,0.0,1.0,1.0
3075,-0.49799922,2.7418818,2.8597116,0.0,0.0,1.0,1.0
3076,-0.5241906,2.6945248,2.8225033,0.0,0.0,1.0,1.0
3077,-0.6835212,2.6461794,2.7931628,0.0,0.0,1.0,1.0
3078,-0.8785012,2.7038524,2.7658548,0.0,0.0,1.0,1.0
3079,-0.79192436,2.754337,2.7529225,0.0,0.0,1.0,1.0
3080,-0.7366315,2.7519321,2.739426,0.0,0.0,1.0,1.0
3081,-0.72644603,2.799512,2.737704,0.0,0.0,1.0,1.0
3082,-0.8508548,2.7517638,2.7413719,0.0,0.0,1.0,1.0
3083,-0.40487438,2.7322068,2.7498267,0.0,0.0,1.0,1.0
3084,-0.36631492,2.7663443,2.7605221,0.0,0.0,1.0,1.0
3085,-0.38304824,2.7228339,2.7689955,0.0,0.0,1.0,1.0
3086,-0.28919598,2.7870793,2.7770474,0.0,0.0,1.0,1.0
3087,-0.6202255,2.785897,2.788546,0.0,0.0,1.0,1.0
3088,-0.6202255,2.7959828,2.7938967,0.0,0.0,1.0,1.0
3089,-0.6202255,2.7745233,2.7999177,0.0,0.0,1.0,1.0
3090,-0.6202255,2.8055344,2.8040748,0.0,0.0,1.0,1.0
3091,-0.6202255,2.8509593,2.8014193,0.0,0.0,1.0,1.0
3092,-0.6202255,2.8899174,2.7984622,0.0,0.0,1.0,1.0
3093,-0.6202255,2.863719,2.7938688,0.0,0.0,1.0,1.0
3094,-0.6202255,2.824015,2.7913892,0.0,0.0,1.0,1.0
3095,-0.6202255,2.782093,2.7952237,0.0,0.0,1.0,1.0
3096,-0.6202255,2.7344775,2.8086991,0.0,0.0,1.0,1.0
3097,-0.6202255,2.687348,2.828653,0.0,0.0,1.0,1.0
3098,-0.6202255,2.7319577,2.849912,0.0,0.0,1.0,1.0
3099,-0.6202255,2.756145,2.8753157,0.0,0.0,1.0,1.0
3100,-0.6202255,2.8419955,2.9038944,0.0,0.0,1.0,1.0
3101,-0.6202255,2.9362288,2.9298522,0.0,0.0,1.0,1.0
3102,-0.6202255,3.0449803,2.956243,0.0,0.0,1.0,1.0
3103,-0.6202255,3.106067,2.9778826,0.0,0.0,1.0,1.0
3104,-0.64568937,3.1947625,3.0038373,0.0,0.0,1.0,1.0
3105,-0.6696981,3.2066643,3.0326324,0.0,0.0,1.0,1.0
3106,-0.65587485,3.135507,3.0755944,0.0,0.0,0.0,1.0
3107,-0.6900691,3.0987837,3.123933,0.0,0.0,0.0,1.0
3108,-0.649327,2.9941506,3.165107,0.0,0.0,0.0,1.0
3109,-0.11822478,2.9988053,3.20029,0.0,0.0,0.0,1.0
3110,-0.13859588,3.0774994,3.247689,0.0,0.0,0.0,1.0
3111,-0.14077845,3.2716897,3.2891324,0.0,0.0,0.0,1.0
3112,-0.1604219,3.4220583,3.327124,0.0,0.0,0.0,1.0
3113,-0.18152057,3.4303155,3.386694,0.0,0.0,0.0,1.0
3114,-0.1924335,3.4671755,3.4508748,0.0,0.0,1.0,1.0
3115,-0.8115678,3.6748562,3.5287957,0.0,0.0,1.0,1.0
3116,-0.73299384,3.6920817,3.605544,0.0,0.0,1.0,1.0
3117,-0.71044016,3.6625667,3.6817992,0.0,0.0,1.0,1.0
3118,-0.7031648,3.8503444,3.7550223,0.0,0.0,1.0,1.0
3119,-0.8886867,3.8689544,3.8230164,0.0,0.0,1.0,1.0
3120,-0.7773736,3.9292028,3.8951354,0.0,0.0,1.0,1.0
3121,-0.78173876,3.919784,3.9634118,0.0,0.0,1.0,1.0
3122,-0.7373589,3.9925616,4.0038495,0.0,0.0,1.0,1.0
3123,-0.73590386,4.150366,4.036574,0.0,0.0,1.0,1.0
3124,-0.70825756,4.237988,4.0766077,0.0,0.0,1.0,1.0
3125,-0.64205164,4.2957435,4.1040945,0.0,0.0,1.0,1.0
3126,-0.6376863,4.286494,4.114687,0.0,0.0,1.0,1.0
3127,-0.74390686,4.160108,4.119554,0.0,0.0,1.0,1.0
3128,-0.042560976,4.084776,4.129578,0.0,0.0,1.0,1.0
3129,-0.03455811,4.142972,4.1081953,0.0,0.0,1.0,1.0
3130,-0.008366724,4.180186,4.078996,0.0,0.0,0.0,1.0
3131,0.55547464,3.9960647,4.033642,0.0,0.0,0.0,1.0
3132,0.53292096,3.9876075,3.9961438,0.0,0.0,1.0,1.0
3133,0.5525645,4.040072,3.9630682,0.0,0.0,1.0,1.0
3134,0.26518723,3.735964,3.9322052,0.0,0.0,1.0,1.0
3135,0.22590026,3.799979,3.909688,0.0,0.0,1.0,1.0
3136,0.21789739,3.6937332,3.8778765,0.0,0.0,1.0,1.0
3137,0.11676971,3.8457704,3.844824,0.0,0.0,1.0,1.0
3138,-0.46671528,3.889587,3.8264067,0.0,0.0,1.0,1.0
3139,-0.41869783,3.7897522,3.8082535,0.0,0.0,1.0,1.0
3140,-0.82757366,3.814567,3.784442,0.0,0.0,1.0,1.0
3141,-0.78537655,3.7612348,3.7828338,0.0,0.0,1.0,1.0
3142,-0.74463433,3.7835584,3.772993,0.0,0.0,1.0,1.0
3143,-0.90614766,3.775054,3.7678132,0.0,0.0,1.0,1.0
3144,-0.65441966,3.7697697,3.7473814,0.0,0.0,1.0,1.0
3145,-0.25863943,3.7543325,3.7287197,0.0,0.0,1.0,1.0
3146,-0.25863943,3.716668,3.705963,0.0,0.0,1.0,1.0
3147,-0.25427416,3.681889,3.680311,0.0,0.0,1.0,1.0
3148,-0.504547,3.6315746,3.6434436,0.0,0.0,1.0,1.0
3149,-0.91051286,3.6005888,3.6022909,0.0,0.0,1.0,1.0
3150,-0.79046935,3.6656487,3.5603874,0.0,0.0,0.0,1.0
3151,-0.73808646,3.5166702,3.5177321,0.0,0.0,0.0,1.0
3152,-0.7584576,3.506742,3.4840653,0.0,0.0,0.0,1.0
3153,-0.73590404,3.318826,3.4525344,0.0,0.0,0.0,1.0
3154,-0.91196793,3.2897263,3.423184,0.0,0.0,0.0,1.0
3155,-0.7693707,3.2722135,3.399763,0.0,0.0,0.0,1.0
3156,-0.7548199,3.2579076,3.3751466,0.0,0.0,0.0,1.0
3157,-0.93670416,3.3503284,3.3441372,0.0,0.0,0.0,1.0
3158,-0.7984722,3.338299,3.3225944,0.0,0.0,0.0,1.0
3159,-0.783194,3.329681,3.293799,0.0,0.0,0.0,1.0
3160,-0.76136786,3.3505263,3.2733686,0.0,0.0,0.0,1.0
3161,-0.73590404,3.3051894,3.2553854,0.0,0.0,0.0,1.0
3162,-0.7337213,3.2935376,3.2334278,0.0,0.0,0.0,1.0
3163,-0.7526373,3.258155,3.2085094,0.0,0.0,0.0,1.0
3164,-0.88577664,3.1611965,3.1769638,0.0,0.0,0.0,1.0
3165,-0.24990892,3.073663,3.1442516,0.0,0.0,0.0,1.0
3166,-0.2295379,3.0739262,3.1104405,0.0,0.0,0.0,1.0
3167,-0.22371769,3.008722,3.0833359,0.0,0.0,0.0,1.0
3168,-0.22371769,2.9588888,3.067617,0.0,0.0,1.0,1.0
3169,-0.87340844,2.971782,3.0633457,0.0,0.0,1.0,1.0
3170,-0.756275,2.945752,3.0665839,0.0,0.0,1.0,1.0
3171,-0.74026924,2.9239478,3.0793147,0.0,0.0,1.0,1.0
3172,-0.77955616,3.0252714,3.1055872,0.0,0.0,1.0,1.0
3173,-0.6136777,3.1165602,3.1312792,0.0,0.0,1.0,1.0
3174,-0.628956,3.2422829,3.178583,0.0,0.0,1.0,1.0
3175,-0.59839934,3.2970142,3.2384064,0.0,0.0,1.0,1.0
3176,-0.53655875,3.3139668,3.3047032,0.0,0.0,1.0,1.0
3177,-0.5045471,3.3889315,3.3773181,0.0,0.0,1.0,1.0
3178,-0.22662798,3.3822303,3.4665103,0.0,0.0,1.0,1.0
3179,-0.19825394,3.5763686,3.5610046,0.0,0.0,1.0,1.0
3180,-0.17570034,3.6767688,3.6538794,0.0,0.0,1.0,1.0
3181,0.3604947,3.7673452,3.7501101,0.0,0.0,1.0,1.0
3182,0.34594396,3.8171308,3.856483,0.0,0.0,1.0,1.0
3183,0.45507452,3.994254,3.9494085,0.0,0.0,1.0,1.0
3184,0.7431792,4.1592026,4.020131,0.0,0.0,0.0,1.0
3185,0.746817,4.231058,4.0724573,0.0,0.0,0.0,1.0
3186,0.6966169,4.3970523,4.1036596,0.0,0.0,0.0,1.0
3187,0.70098215,4.5734873,4.118343,0.0,0.0,0.0,1.0
3188,0.6020369,4.4290724,4.124612,0.0,0.0,0.0,1.0
3189,0.6886141,4.237602,4.121374,0.0,0.0,0.0,1.0
3190,0.6558747,4.0101457,4.082877,0.0,0.0,0.0,1.0
3191,0.133503,3.9507964,4.0260663,0.0,0.0,0.0,1.0
3192,-0.14805396,3.852967,3.9565096,0.0,0.0,0.0,1.0
3193,-0.44561657,3.8425734,3.8638232,0.0,0.0,0.0,1.0
3194,-0.43615863,3.778279,3.7451334,0.0,0.0,0.0,1.0
3195,-0.20916702,3.532288,3.62702,0.0,0.0,0.0,1.0
3196,-0.19534372,3.477474,3.5167546,0.0,0.0,0.0,1.0
3197,-0.20043652,3.3963761,3.4064498,0.0,0.0,0.0,1.0
3198,0.03528568,3.2848177,3.2872066,0.0,0.0,0.0,1.0
3199,0.02073488,3.149209,3.1787407,0.0,0.0,0.0,1.0
3200,0.02146238,3.0117085,3.0755832,0.0,0.0,0.0,1.0
3201,-0.14296095,2.9144197,2.9852285,0.0,0.0,0.0,1.0
3202,-0.1596944,2.6864896,2.9222133,0.0,0.0,0.0,1.0
3203,-0.78319395,2.519878,2.8656342,0.0,0.0,0.0,1.0
3204,-0.698072,2.551377,2.8121715,0.0,0.0,0.0,1.0
3205,-0.6747909,2.6046815,2.7790997,0.0,0.0,0.0,1.0
3206,-0.6937068,2.6940238,2.7673907,0.0,0.0,0.0,1.0
3207,-0.71262276,2.7761045,2.7772663,0.0,0.0,0.0,1.0
3208,-0.68715894,2.7985237,2.8023329,0.0,0.0,0.0,1.0
3209,-0.65005463,2.754825,2.8409312,0.0,0.0,0.0,1.0
3210,-0.67260826,2.8879561,2.8886576,0.0,0.0,0.0,1.0
3211,-0.6871589,3.0087013,2.9367716,0.0,0.0,0.0,1.0
3212,-0.7017097,3.130216,2.9873335,0.0,0.0,0.0,1.0
3213,-0.7009822,3.2152166,3.0371084,0.0,0.0,0.0,1.0
3214,-0.7766461,3.1496708,3.0793657,0.0,0.0,0.0,1.0
3215,-0.47544554,3.092594,3.120273,0.0,0.0,0.0,1.0
3216,-0.2135321,3.1287475,3.1579552,0.0,0.0,0.0,1.0
3217,-0.19752629,3.2114246,3.1787884,0.0,0.0,0.0,1.0
3218,-0.23754077,3.2913218,3.1967177,0.0,0.0,0.0,1.0
3219,-0.22735526,3.2831914,3.2053237,0.0,0.0,0.0,1.0
3220,-0.85813016,3.2894127,3.2045155,0.0,0.0,0.0,1.0
3221,-0.7359039,3.2070093,3.2006123,0.0,0.0,0.0,1.0
3222,-0.73954165,3.1379542,3.196147,0.0,0.0,0.0,1.0
3223,-0.8668607,3.2238529,3.184678,0.0,0.0,0.0,1.0
3224,-0.66024,3.2334895,3.167395,0.0,0.0,0.0,1.0
3225,-0.69661695,3.2055175,3.164105,0.0,0.0,0.0,1.0
3226,-0.6929793,3.1028323,3.178161,0.0,0.0,0.0,1.0
3227,-0.67479086,3.0390089,3.1940997,0.0,0.0,0.0,1.0
3228,-0.7009821,2.9911213,3.231316,0.0,0.0,1.0,1.0
3229,-0.70898515,3.00403,3.28407,0.0,0.0,1.0,1.0
3230,-0.7708257,3.2518392,3.3422174,0.0,0.0,1.0,1.0
3231,-0.5431065,3.4518619,3.4084082,0.0,0.0,1.0,1.0
3232,-0.51691514,3.4806795,3.4904125,0.0,0.0,1.0,1.0
3233,-0.67042553,3.6536047,3.5890884,0.0,0.0,1.0,1.0
3234,-0.26591474,3.771004,3.686309,0.0,0.0,1.0,1.0
3235,-0.32048008,3.9216204,3.7977326,0.0,0.0,1.0,1.0
3236,-0.0025465023,4.0277786,3.9196875,0.0,0.0,1.0,1.0
3237,-0.0061841495,4.18957,4.0260987,0.0,0.0,1.0,1.0
3238,0.5598398,4.2869434,4.1157074,0.0,0.0,1.0,1.0
3239,0.5292832,4.2056575,4.207619,0.0,0.0,1.0,1.0
3240,0.5445615,4.3282022,4.2808824,0.0,0.0,1.0,1.0
3241,0.22735536,4.4674897,4.341241,0.0,0.0,1.0,1.0
3242,0.1989814,4.5287724,4.375875,0.0,0.0,1.0,1.0
3243,0.17279005,4.5271673,4.390048,0.0,0.0,1.0,1.0
3244,0.17861028,4.58362,4.375867,0.0,0.0,0.0,1.0
3245,0.1604219,4.5327654,4.3439493,0.0,0.0,0.0,1.0
3246,0.1967988,4.495306,4.3063803,0.0,0.0,0.0,1.0
3247,0.038195614,4.3372254,4.248016,0.0,0.0,0.0,1.0
3248,-0.47471812,4.19786,4.175166,0.0,0.0,0.0,1.0
3249,-0.4972718,4.019392,4.091175,0.0,0.0,0.0,1.0
3250,-0.9439796,3.9039354,4.000174,0.0,0.0,0.0,1.0
3251,-0.8312113,3.7548275,3.8905363,0.0,0.0,0.0,1.0
3252,-0.16696969,3.6278281,3.7747498,0.0,0.0,0.0,1.0
3253,-0.20480174,3.5932925,3.6605074,0.0,0.0,0.0,1.0
3254,-0.17933784,3.5208824,3.566291,0.0,0.0,0.0,1.0
3255,-0.23172048,3.4351535,3.4769523,0.0,0.0,0.0,1.0
3256,-0.20116395,3.2679667,3.4056609,0.0,0.0,0.0,1.0
3257,-0.853765,3.1433265,3.3271828,0.0,0.0,0.0,1.0
3258,-0.75773007,3.1243987,3.263373,0.0,0.0,0.0,1.0
3259,-0.8152056,3.2066295,3.2137713,0.0,0.0,0.0,1.0
3260,-0.80865765,3.1257956,3.165937,0.0,0.0,0.0,1.0
3261,-0.80720264,3.1638944,3.1181052,0.0,0.0,0.0,1.0
3262,-0.7802837,2.9621966,3.0836022,0.0,0.0,0.0,1.0
3263,-0.79410696,2.9891098,3.058246,0.0,0.0,0.0,1.0
3264,-0.9396144,3.03261,3.0345876,0.0,0.0,0.0,1.0
3265,-0.7599128,3.019279,3.0107112,0.0,0.0,0.0,1.0
3266,-0.87049836,2.9469028,2.9737325,0.0,0.0,0.0,1.0
3267,-0.7249908,3.021117,2.9523144,0.0,0.0,0.0,1.0
3268,-0.70243716,2.9636903,2.928513,0.0,0.0,0.0,1.0
3269,-0.7053473,2.8594275,2.9201074,0.0,0.0,0.0,1.0
3270,-0.72499084,2.8378813,2.9094555,0.0,0.0,0.0,1.0
3271,-0.73517644,2.7628868,2.915222,0.0,0.0,0.0,1.0
3272,-0.7402692,2.8687787,2.9278255,0.0,0.0,0.0,1.0
3273,-0.8297563,2.8782778,2.9652038,0.0,0.0,0.0,1.0
3274,-0.46016732,2.8613281,3.014382,0.0,0.0,0.0,1.0
3275,-0.4812659,2.8612885,3.0857182,0.0,0.0,0.0,1.0
3276,-0.45871216,3.1018043,3.1780612,0.0,0.0,0.0,1.0
3277,-0.46016723,3.170523,3.2870955,0.0,0.0,0.0,1.0
3278,-0.8581303,3.395443,3.413307,0.0,0.0,0.0,1.0
3279,-0.7839214,3.611253,3.5427341,0.0,0.0,0.0,1.0
3280,-0.72208077,3.8197274,3.674201,0.0,0.0,0.0,1.0
3281,-0.6820662,3.9675431,3.8304164,0.0,0.0,0.0,1.0
3282,-0.62750083,4.1462927,3.9970903,0.0,0.0,1.0,1.0
3283,-0.62604576,4.277424,4.1417155,0.0,0.0,1.0,1.0
3284,-0.6042197,4.4219055,4.2879977,0.0,0.0,1.0,1.0
3285,-0.6202255,4.45588,4.437433,0.0,0.0,1.0,1.0
3286,-0.6202255,4.7359133,4.571314,0.0,0.0,1.0,1.0
3287,0.11022184,4.8613753,4.6753798,0.0,0.0,1.0,1.0
3288,0.8304838,4.837307,4.763423,0.0,0.0,1.0,1.0
3289,0.82466346,4.9259105,4.831786,0.0,0.0,1.0,1.0
3290,0.83703166,5.188659,4.878268,0.0,0.0,1.0,1.0
3291,0.7773737,5.2178307,4.9091964,0.0,0.0,1.0,1.0
3292,0.9854492,5.0685153,4.9437485,0.0,0.0,1.0,1.0
3293,0.41505998,5.024061,4.9515104,0.0,0.0,1.0,1.0
3294,0.41942513,4.966654,4.9354954,0.0,0.0,1.0,1.0
3295,0.43252087,4.8352036,4.9174604,0.0,0.0,1.0,1.0
3296,0.42815563,4.793047,4.902558,0.0,0.0,1.0,1.0
3297,-0.10076411,4.870507,4.851966,0.0,0.0,1.0,1.0
3298,-0.6202255,4.8290563,4.801357,0.0,0.0,1.0,1.0
3299,-0.6202255,4.6691937,4.766618,0.0,0.0,1.0,1.0
3300,-0.6202255,4.6208844,4.73355,0.0,0.0,1.0,1.0
3301,-0.6202255,4.7470837,4.689073,0.0,0.0,1.0,1.0
3302,-0.6202255,4.581555,4.6632643,0.0,0.0,1.0,1.0
3303,-0.02146238,4.610519,4.6409745,0.0,0.0,1.0,1.0
3304,-0.022917384,4.651649,4.6013403,0.0,0.0,1.0,1.0
3305,0.013459515,4.6272473,4.566451,0.0,0.0,1.0,1.0
3306,-0.028737605,4.432931,4.5456724,0.0,0.0,1.0,1.0
3307,-0.4150599,4.525498,4.521996,0.0,0.0,1.0,1.0
3308,-0.6682431,4.525572,4.47365,0.0,0.0,1.0,1.0
3309,-0.581666,4.394896,4.442645,0.0,0.0,1.0,1.0
3310,-0.55620223,4.4103847,4.408569,0.0,0.0,1.0,1.0
3311,-0.5518371,4.4198523,4.377088,0.0,0.0,1.0,1.0
3312,-0.58093846,4.3367643,4.3448796,0.0,0.0,1.0,1.0
3313,-0.56493264,4.166932,4.331621,0.0,0.0,1.0,1.0
3314,-0.6726082,4.2094955,4.31462,0.0,0.0,1.0,1.0
3315,-0.49727172,4.2016034,4.2946978,0.0,0.0,1.0,1.0
3316,-0.55038184,4.273881,4.2896223,0.0,0.0,1.0,1.0
3317,-0.55547476,4.2407475,4.2811995,0.0,0.0,1.0,1.0
3318,-0.82902867,4.273826,4.2604504,0.0,0.0,1.0,1.0
3319,-0.78464895,4.321488,4.2483325,0.0,0.0,1.0,1.0
3320,-0.43179336,4.2865024,4.267791,0.0,0.0,1.0,1.0
3321,-0.19097836,4.3339887,4.285714,0.0,0.0,1.0,1.0
3322,-0.13277552,4.3093133,4.3115344,0.0,0.0,1.0,1.0
3323,-0.30592942,4.1708617,4.3435307,0.0,0.0,1.0,1.0
3324,-0.19898137,4.1913495,4.387306,0.0,0.0,1.0,1.0
3325,-0.786104,4.4004354,4.434724,0.0,0.0,1.0,1.0
3326,-0.71044016,4.424573,4.489959,0.0,0.0,1.0,1.0
3327,-0.7475446,4.511447,4.5552173,0.0,0.0,1.0,1.0
3328,-0.71480536,4.657837,4.6234107,0.0,0.0,1.0,1.0
3329,-0.75481987,4.766054,4.70656,0.0,0.0,1.0,1.0
3330,-0.7475446,4.842834,4.800397,0.0,0.0,1.0,1.0
3331,-0.75918514,4.9843082,4.896115,0.0,0.0,1.0,1.0
3332,-0.8748636,5.069606,4.9709334,0.0,0.0,1.0,1.0
3333,-0.4870863,5.152307,5.0420156,0.0,0.0,1.0,1.0
3334,0.09494336,5.3071065,5.101418,0.0,0.0,1.0,1.0
3335,0.14368846,5.2969027,5.1486087,0.0,0.0,1.0,1.0
3336,0.14005074,5.3399696,5.180673,0.0,0.0,1.0,1.0
3337,0.076755054,5.298255,5.200177,0.0,0.0,1.0,1.0
3338,0.22517273,5.2775583,5.1978197,0.0,0.0,1.0,1.0
3339,0.45216444,5.2242785,5.1841807,0.0,0.0,1.0,1.0
3340,0.45871216,5.2241235,5.157456,0.0,0.0,1.0,1.0
3341,0.46526003,5.1508303,5.110562,0.0,0.0,1.0,1.0
3342,0.4565296,5.0768814,5.055287,0.0,0.0,1.0,1.0
3343,0.45725703,4.9560194,4.9812274,0.0,0.0,1.0,1.0
3344,0.43834114,4.905936,4.90385,0.0,0.0,1.0,1.0
3345,-0.121135,4.831611,4.8135104,0.0,0.0,1.0,1.0
3346,-0.83193886,4.7443757,4.7254033,0.0,0.0,1.0,1.0
3347,-0.71407783,4.6336017,4.641753,0.0,0.0,1.0,1.0
3348,-0.8952346,4.4512568,4.5681276,0.0,0.0,1.0,1.0
3349,-0.8050201,4.3697295,4.510301,0.0,0.0,1.0,1.0
3350,-0.8093853,4.1934834,4.4721303,0.0,0.0,1.0,1.0
3351,-0.8217533,4.16699,4.4277506,0.0,0.0,1.0,1.0
3352,-0.7904692,4.220324,4.386179,0.0,0.0,1.0,1.0
3353,-0.76500535,4.267321,4.3634477,0.0,0.0,1.0,1.0
3354,-0.72208065,4.382963,4.358897,0.0,0.0,1.0,1.0
3355,-0.7184431,4.4979734,4.3638673,0.0,0.0,1.0,1.0
3356,-0.8785012,4.373379,4.377636,0.0,0.0,1.0,1.0
3357,-0.2651873,4.3327527,4.3980346,0.0,0.0,1.0,1.0
3358,-0.2433612,4.471595,4.4223685,0.0,0.0,1.0,1.0
3359,-0.2062568,4.5789995,4.452207,0.0,0.0,1.0,1.0
3360,-0.20698424,4.510898,4.4793515,0.0,0.0,1.0,1.0
3361,-0.2339032,4.5349517,4.493971,0.0,0.0,1.0,1.0
3362,-0.8486723,4.438267,4.491836,0.0,0.0,1.0,1.0
3363,-0.71335036,4.459,4.4900556,0.0,0.0,1.0,1.0
3364,-0.71917063,4.5783844,4.485008,0.0,0.0,1.0,1.0
3365,-0.74972713,4.5930543,4.4598403,0.0,0.0,1.0,1.0
3366,-0.7184431,4.558398,4.4224014,0.0,0.0,1.0,1.0
3367,-0.68206614,4.4723554,4.401269,0.0,0.0,1.0,1.0
3368,-0.6740632,4.352013,4.378946,0.0,0.0,1.0,1.0
3369,-0.69079673,4.272175,4.359432,0.0,0.0,1.0,1.0
3370,-0.72717345,4.1695895,4.335074,0.0,0.0,1.0,1.0
3371,-0.7009822,4.1297326,4.2990255,0.0,0.0,1.0,1.0
3372,-0.86031276,4.2573094,4.255056,0.0,0.0,1.0,1.0
3373,-0.64132404,4.2670717,4.224032,0.0,0.0,1.0,1.0
3374,-0.67624587,4.204101,4.2030053,0.0,0.0,1.0,1.0
3375,-0.7060749,4.1667027,4.1902027,0.0,0.0,1.0,1.0
3376,-0.7279011,4.1458063,4.1838307,0.0,0.0,1.0,1.0
3377,-0.814478,4.0654144,4.1896515,0.0,0.0,1.0,1.0
3378,-0.47617304,4.1861105,4.205766,0.0,0.0,1.0,1.0
3379,-0.43615863,4.2200365,4.2124057,0.0,0.0,1.0,1.0
3380,-0.4347035,4.1983824,4.2234583,0.0,0.0,1.0,1.0
3381,-0.44343394,4.1957126,4.2469487,0.0,0.0,1.0,1.0
3382,-0.15169153,4.2394357,4.2744045,0.0,0.0,1.0,1.0
3383,-0.14732638,4.3231106,4.298385,0.0,0.0,1.0,1.0
3384,0.20480159,4.3369846,4.330471,0.0,0.0,1.0,1.0
3385,0.27028006,4.3997016,4.3513775,0.0,0.0,1.0,1.0
3386,0.2564566,4.4859858,4.3673663,0.0,0.0,1.0,1.0
3387,0.28483078,4.4961743,4.3919287,0.0,0.0,1.0,1.0
3388,0.5562021,4.433575,4.4248686,0.0,0.0,1.0,1.0
3389,0.6529646,4.450441,4.449693,0.0,0.0,1.0,1.0
3390,0.90469253,4.4369884,4.470093,0.0,0.0,1.0,1.0
3391,0.940342,4.4119062,4.491079,0.0,0.0,1.0,1.0
3392,0.97089845,4.4931254,4.506688,0.0,0.0,1.0,1.0
3393,0.9854492,4.5909967,4.514221,0.0,0.0,1.0,1.0
3394,0.9221534,4.5373282,4.531661,0.0,0.0,1.0,1.0
3395,0.38450345,4.5679054,4.5592723,0.0,0.0,1.0,1.0
3396,0.13204794,4.5888157,4.5788746,0.0,0.0,1.0,1.0
3397,-0.46889782,4.587013,4.5978727,0.0,0.0,1.0,1.0
3398,-0.48854128,4.576383,4.61837,0.0,0.0,1.0,1.0
3399,-0.5401964,4.7054534,4.630578,0.0,0.0,1.0,1.0
3400,-0.53946894,4.7649097,4.6352615,0.0,0.0,1.0,1.0
3401,-0.5481993,4.6856728,4.651512,0.0,0.0,1.0,1.0
3402,-0.56420517,4.6649647,4.6642027,0.0,0.0,1.0,1.0
3403,-0.59839934,4.657872,4.671337,0.0,0.0,1.0,1.0
3404,-0.7882867,4.639623,4.678749,0.0,0.0,1.0,1.0
3405,-0.6951618,4.6471944,4.6883225,0.0,0.0,0.0,1.0
3406,-0.8275737,4.7323356,4.6842976,0.0,0.0,1.0,1.0
3407,-0.29283363,4.7201967,4.677711,0.0,0.0,1.0,1.0
3408,-0.18661322,4.674424,4.681075,0.0,0.0,1.0,1.0
3409,-0.11385949,4.675959,4.6845512,0.0,0.0,1.0,1.0
3410,-0.11895235,4.6912622,4.6739845,0.0,0.0,1.0,1.0
3411,-0.123317495,4.6571574,4.6612263,0.0,0.0,1.0,1.0
3412,-0.117497206,4.6858716,4.658312,0.0,0.0,1.0,1.0
3413,-0.6667879,4.726038,4.64472,0.0,0.0,1.0,1.0
3414,-0.6420516,4.7066793,4.6246305,0.0,0.0,1.0,1.0
3415,-0.6544197,4.5310745,4.607713,0.0,0.0,1.0,1.0
3416,-0.6958894,4.4865203,4.5899854,0.0,0.0,1.0,1.0
3417,-0.5278283,4.6122246,4.5615406,0.0,0.0,1.0,1.0
3418,-0.5103674,4.569235,4.53275,0.0,0.0,1.0,1.0
3419,-0.5205529,4.4791193,4.509951,0.0,0.0,1.0,1.0
3420,-0.7046198,4.471417,4.490403,0.0,0.0,1.0,1.0
3421,-0.7060749,4.4632263,4.479408,0.0,0.0,1.0,1.0
3422,-0.6078574,4.349925,4.4903665,0.0,0.0,1.0,1.0
3423,-0.62968355,4.3116703,4.5130167,0.0,0.0,1.0,1.0
3424,-0.6391414,4.4122853,4.5307865,0.0,0.0,1.0,1.0
3425,-0.7060749,4.4914637,4.573442,0.0,0.0,1.0,1.0
3426,-0.32848307,4.574732,4.638283,0.0,0.0,1.0,1.0
3427,-0.062204428,4.6625805,4.716931,0.0,0.0,1.0,1.0
3428,-0.23317562,4.7583246,4.8012147,0.0,0.0,1.0,1.0
3429,-0.09785368,4.8254614,4.9202194,0.0,0.0,1.0,1.0
3430,0.21644224,5.0810976,5.050188,0.0,0.0,1.0,1.0
3431,0.17933792,5.2572117,5.1864505,0.0,0.0,1.0,1.0
3432,0.30156407,5.4151945,5.3178563,0.0,0.0,1.0,1.0
3433,0.2906511,5.47463,5.446037,0.0,0.0,1.0,1.0
3434,0.31902495,5.7779818,5.5800214,0.0,0.0,1.0,1.0
3435,0.2768279,5.871291,5.7042193,0.0,0.0,1.0,1.0
3436,0.28046554,6.0474358,5.815708,0.0,0.0,1.0,1.0
3437,0.2906511,6.068337,5.8982306,0.0,0.0,1.0,1.0
3438,0.23172055,6.112897,5.954228,0.0,0.0,1.0,1.0
3439,0.25500172,6.270393,5.9931192,0.0,0.0,1.0,1.0
3440,0.2339032,6.2487016,6.0142026,0.0,0.0,1.0,1.0
3441,0.15896672,6.1633296,5.9875846,0.0,0.0,1.0,1.0
3442,-0.31320482,6.0713644,5.935718,0.0,0.0,1.0,1.0
3443,-0.23826855,5.9291787,5.850422,0.0,0.0,1.0,1.0
3444,-0.8937795,5.8818893,5.7530518,0.0,0.0,1.0,1.0
3445,-0.74972713,5.7276344,5.6203976,0.0,0.0,1.0,1.0
3446,-0.7337213,5.4585614,5.4656906,0.0,0.0,1.0,1.0
3447,-0.814478,5.2488956,5.3003354,0.0,0.0,1.0,1.0
3448,-0.47835577,5.023882,5.1339765,0.0,0.0,1.0,1.0
3449,-0.4288832,4.899895,4.967197,0.0,0.0,1.0,1.0
3450,-0.43033826,4.521046,4.7948956,0.0,0.0,1.0,1.0
3451,-0.4405238,4.4139104,4.6133513,0.0,0.0,1.0,1.0
3452,-0.43688607,4.2644386,4.4319916,0.0,0.0,1.0,1.0
3453,-0.7984721,4.1670227,4.2649794,0.0,0.0,1.0,1.0
3454,-0.8181157,4.0700088,4.1079392,0.0,0.0,1.0,1.0
3455,-0.76864314,3.861564,3.9522266,0.0,0.0,1.0,1.0
3456,-0.658785,3.7033572,3.801642,0.0,0.0,1.0,1.0
3457,-0.6442343,3.5513153,3.677708,0.0,0.0,1.0,1.0
3458,-0.6282285,3.4544148,3.5580444,0.0,0.0,1.0,1.0
3459,-0.58603126,3.3644147,3.4455814,0.0,0.0,1.0,1.0
3460,-0.6696981,3.1553316,3.327116,0.0,0.0,1.0,1.0
3461,-0.6973445,3.0928793,3.2118793,0.0,0.0,1.0,1.0
3462,-0.80574745,3.0338387,3.1074953,0.0,0.0,1.0,1.0
3463,-0.75554746,2.977948,3.0197573,0.0,0.0,1.0,1.0
3464,-0.37286285,2.914882,2.9491937,0.0,0.0,1.0,1.0
3465,-0.40341938,2.7454376,2.8847275,0.0,0.0,1.0,1.0
3466,-0.42670056,2.6871688,2.8339148,0.0,0.0,1.0,1.0
3467,-0.44343394,2.6089568,2.8113685,0.0,0.0,1.0,1.0
3468,-0.8108403,2.6504984,2.7958996,0.0,0.0,1.0,1.0
3469,-0.7671881,2.7045531,2.789765,0.0,0.0,1.0,1.0
3470,-0.90178233,2.680822,2.7970104,0.0,0.0,1.0,1.0
3471,-0.7744635,2.7546613,2.8125727,0.0,0.0,1.0,1.0
3472,-0.7620954,2.884775,2.8447475,0.0,0.0,1.0,1.0
3473,-0.76064014,2.9072545,2.8817468,0.0,0.0,1.0,1.0
3474,-0.79628956,2.9602215,2.9285932,0.0,0.0,1.0,1.0
3475,-0.7802838,3.0648942,2.9823532,0.0,0.0,1.0,1.0
3476,-0.7788286,3.1016293,3.0438175,0.0,0.0,1.0,1.0
3477,-0.78246635,3.131536,3.110257,0.0,0.0,1.0,1.0
3478,-0.7184431,3.1311584,3.1854453,0.0,0.0,1.0,1.0
3479,-0.29719892,3.1711156,3.2408035,0.0,0.0,1.0,1.0
3480,-0.20989445,3.2956173,3.289412,0.0,0.0,1.0,1.0
3481,-0.22662783,3.4421265,3.3408475,0.0,0.0,1.0,1.0
3482,-0.17206256,3.4780943,3.383409,0.0,0.0,1.0,1.0
3483,-0.13641323,3.6569223,3.421979,0.0,0.0,1.0,1.0
3484,-0.102946475,3.5490725,3.4655135,0.0,0.0,1.0,1.0
3485,-0.75118226,3.4905555,3.5108292,0.0,0.0,1.0,1.0
3486,-0.6369589,3.5774481,3.5595098,0.0,0.0,1.0,1.0
3487,-0.64205164,3.5756338,3.6011078,0.0,0.0,1.0,1.0
3488,-0.6718807,3.5644681,3.6359224,0.0,0.0,1.0,1.0
3489,-0.676246,3.65395,3.6725078,0.0,0.0,1.0,1.0
3490,-0.67406327,3.674947,3.7108994,0.0,0.0,1.0,1.0
3491,-0.69443434,3.7552814,3.758049,0.0,0.0,1.0,1.0
3492,-0.6551473,3.7947948,3.8059142,0.0,0.0,1.0,1.0
3493,-0.65805745,3.8598998,3.8601773,0.0,0.0,1.0,1.0
3494,-0.7591851,3.9171197,3.897337,0.0,0.0,1.0,1.0
3495,-0.18297563,4.1176205,3.9316468,0.0,0.0,1.0,1.0
3496,-0.12695515,4.114869,3.9593132,0.0,0.0,1.0,1.0
3497,-0.057839207,4.0649366,3.9800797,0.0,0.0,1.0,1.0
3498,-0.057839137,4.2286057,3.9909427,0.0,0.0,1.0,1.0
3499,-0.060749285,4.0215507,3.9951527,0.0,0.0,1.0,1.0
3500,-0.07384494,3.976187,3.9902108,0.0,0.0,1.0,1.0
3501,-0.7053474,3.9859462,3.9802077,0.0,0.0,1.0,1.0
3502,-0.58603126,3.9241455,3.9424982,0.0,0.0,1.0,1.0
3503,-0.6013096,3.8856366,3.9097981,0.0,0.0,1.0,1.0
3504,-0.6194981,3.8453162,3.8828008,0.0,0.0,1.0,1.0
3505,-0.6427792,3.8005948,3.845483,0.0,0.0,1.0,1.0
3506,-0.5969443,3.7970843,3.8168986,0.0,0.0,1.0,1.0
3507,-0.62459075,3.6651056,3.797822,0.0,0.0,1.0,1.0
3508,-0.58675873,3.722468,3.7793107,0.0,0.0,1.0,1.0
3509,-0.6064023,3.740969,3.764657,0.0,0.0,1.0,1.0
3510,-0.6929793,3.7807925,3.7541468,0.0,0.0,1.0,1.0
3511,-0.68279374,3.6785378,3.7584913,0.0,0.0,1.0,1.0
3512,-0.7664604,3.7472665,3.7596061,0.0,0.0,1.0,1.0
3513,-0.14005087,3.7638109,3.751531,0.0,0.0,1.0,1.0
3514,-0.16696976,3.7483025,3.7480214,0.0,0.0,1.0,1.0
3515,-0.16551462,3.7595136,3.7302947,0.0,0.0,1.0,1.0
3516,-0.14587116,3.8974497,3.7045293,0.0,0.0,1.0,1.0
3517,-0.14223345,3.8139722,3.6652684,0.0,0.0,1.0,1.0
3518,-0.853765,3.7001836,3.6370263,0.0,0.0,1.0,1.0
3519,-0.72717345,3.6229894,3.5998483,0.0,0.0,1.0,1.0
3520,-0.7395417,3.5097485,3.55411,0.0,0.0,1.0,1.0
3521,-0.76282287,3.4317844,3.4989328,0.0,0.0,1.0,1.0
3522,-0.74972725,3.3096607,3.4344766,0.0,0.0,1.0,1.0
3523,-0.8581301,3.3396325,3.3511574,0.0,0.0,1.0,1.0
3524,-0.60058206,3.3011327,3.276645,0.0,0.0,1.0,1.0
3525,-0.6034922,3.214951,3.206243,0.0,0.0,1.0,1.0
3526,-0.59330666,3.0861757,3.154957,0.0,0.0,1.0,1.0
3527,-0.5889414,2.986038,3.1067777,0.0,0.0,1.0,1.0
3528,-0.59621674,2.89762,3.0715778,0.0,0.0,1.0,1.0
3529,-0.60712975,2.9198215,3.0540771,0.0,0.0,1.0,1.0
3530,-0.6064023,2.8553624,3.0436206,0.0,0.0,1.0,1.0
3531,-0.70825756,3.0075579,3.0574684,0.0,0.0,1.0,1.0
3532,-0.48272097,2.9315944,3.081003,0.0,0.0,1.0,1.0
3533,-0.37068027,3.009388,3.1191342,0.0,0.0,1.0,1.0
3534,-0.35831204,3.0996516,3.1734822,0.0,0.0,1.0,1.0
3535,-0.36849755,3.2141554,3.2498481,0.0,0.0,1.0,1.0
3536,-0.38159323,3.4673066,3.3357568,0.0,0.0,1.0,1.0
3537,-0.77155334,3.497363,3.43858,0.0,0.0,1.0,1.0
3538,-0.658785,3.5437515,3.5460467,0.0,0.0,1.0,1.0
3539,-0.66242266,3.638213,3.66998,0.0,1.0,1.0,1.0
3540,-0.6216806,3.8140113,3.7845206,0.0,1.0,1.0,1.0
3541,-0.79046935,3.9507275,3.9036875,0.0,1.0,1.0,1.0
3542,-0.27391782,4.0892415,4.024245,0.0,1.0,1.0,1.0
3543,0.23681341,4.297157,4.1377964,0.0,1.0,1.0,1.0
3544,0.27537268,4.4187937,4.265819,0.0,1.0,1.0,1.0
3545,0.2564568,4.383876,4.407448,0.0,1.0,1.0,1.0
3546,0.2855583,4.529655,4.5395527,0.0,1.0,1.0,1.0
3547,0.28992355,4.660843,4.6457667,0.0,1.0,1.0,1.0
3548,0.28119305,4.829924,4.7474756,0.0,1.0,1.0,1.0
3549,0.81375045,5.033636,4.841647,0.0,1.0,1.0,1.0
3550,0.60785735,5.243295,4.9092875,0.0,1.0,1.0,1.0
3551,0.6420515,5.2234697,4.951111,0.0,1.0,1.0,1.0
3552,0.7075299,5.08858,4.990933,0.0,1.0,1.0,1.0
3553,0.14587131,5.1712365,5.021051,0.0,1.0,1.0,1.0
3554,-0.79046935,5.219299,5.0365148,0.0,1.0,1.0,1.0
3555,-0.79046935,5.1088386,5.03469,0.0,1.0,1.0,1.0
3556,-0.79046935,4.920678,5.035656,0.0,1.0,1.0,1.0
3557,-0.79046935,4.8617387,5.0218453,0.0,1.0,1.0,1.0
3558,-0.79046935,4.8910723,5.007671,0.0,1.0,1.0,1.0
3559,-0.79046935,4.84641,4.999232,0.0,1.0,1.0,1.0
3560,-0.79046935,4.808026,4.9795065,0.0,1.0,1.0,1.0
3561,-0.79046935,5.045226,4.952037,0.0,1.0,1.0,1.0
3562,-0.79046935,5.077568,4.952613,0.0,1.0,1.0,1.0
3563,-0.79046935,5.0533757,4.985177,0.0,1.0,1.0,1.0
3564,-0.79046935,4.987312,5.046113,0.0,1.0,1.0,1.0
3565,-0.79046935,4.9345326,5.1267595,0.0,1.0,0.0,1.0
3566,-0.79046935,4.8896627,5.239133,0.0,1.0,0.0,1.0
3567,-0.79046935,5.115754,5.374724,0.0,1.0,0.0,1.0
3568,-0.79046935,5.311445,5.5105963,0.0,1.0,0.0,1.0
3569,-0.79046935,5.592969,5.657242,0.0,1.0,0.0,1.0
3570,-0.79046935,5.858833,5.8245316,0.0,1.0,1.0,1.0
3571,-0.79046935,6.1948934,6.015225,0.0,1.0,1.0,1.0
3572,-0.79046935,6.4351134,6.224809,0.0,1.0,1.0,1.0
3573,-0.79046935,6.675699,6.451443,0.0,1.0,1.0,1.0
3574,-0.79046935,6.837313,6.6815414,0.0,1.0,1.0,1.0
3575,-0.79046935,7.0608535,6.919971,0.0,1.0,1.0,1.0
3576,-0.79046935,7.27563,7.161281,0.0,1.0,1.0,1.0
3577,-0.79046935,7.449546,7.3974257,0.0,1.0,1.0,1.0
3578,-0.79046935,7.6092706,7.6152806,0.0,1.0,1.0,1.0
3579,-0.79046935,7.8769326,7.8222213,0.0,1.0,1.0,1.0
3580,-0.79046935,8.172596,8.015108,0.0,1.0,1.0,1.0
3581,-0.79046935,8.488694,8.201524,0.0,1.0,1.0,1.0
3582,-0.79046935,8.692568,8.3724785,0.0,1.0,1.0,1.0
3583,-0.79046935,8.809152,8.53341,0.0,1.0,1.0,1.0
3584,-0.79046935,8.918403,8.686818,1.0,1.0,1.0,1.0
3585,-0.79046935,8.990343,8.836528,1.0,1.0,1.0,1.0
3586,-0.79046935,9.074297,8.9667635,1.0,1.0,1.0,1.0
3587,-0.79046935,9.112307,9.081158,1.0,1.0,1.0,1.0
3588,-0.79046935,9.206811,9.171788,1.0,1.0,1.0,1.0
3589,-0.79046935,9.290441,9.252636,1.0,1.0,1.0,1.0
3590,-0.79046935,9.405789,9.337647,1.0,1.0,1.0,1.0
3591,-0.79046935,9.439766,9.42424,1.0,1.0,1.0,1.0
3592,-0.79046935,9.545319,9.520567,1.0,1.0,1.0,1.0
3593,-0.79046935,9.5762615,9.632095,1.0,1.0,1.0,1.0
3594,-0.79046935,9.6627445,9.762736,1.0,1.0,1.0,1.0
3595,-0.79046935,9.829292,9.90793,1.0,1.0,1.0,1.0
3596,-0.79046935,9.957506,10.061868,1.0,1.0,1.0,1.0
3597,-0.79046935,10.146274,10.227487,1.0,1.0,1.0,1.0
3598,-0.79046935,10.412638,10.413182,1.0,1.0,1.0,1.0
3599,-0.79046935,10.6799965,10.6172285,1.0,1.0,1.0,1.0
3600,-0.79046935,10.949142,10.848193,1.0,1.0,1.0,1.0
3601,-0.79046935,11.137682,11.105863,1.0,1.0,1.0,1.0
3602,-0.79046935,11.393217,11.386937,1.0,1.0,1.0,1.0
3603,-0.79046935,11.668116,11.689339,1.0,1.0,1.0,1.0
3604,-0.79046935,11.993875,12.005451,1.0,1.0,1.0,1.0
3605,-0.79046935,12.347835,12.329964,1.0,1.0,1.0,1.0
3606,-0.79046935,12.754776,12.6502905,1.0,1.0,1.0,1.0
3607,-0.79046935,13.20219,12.9707575,1.0,1.0,1.0,1.0
3608,-0.79046935,13.5863285,13.289194,1.0,1.0,1.0,1.0
3609,-0.79046935,13.939613,13.600087,1.0,1.0,1.0,1.0
3610,-0.79046935,14.306789,13.901855,1.0,1.0,1.0,1.0
3611,-0.79046935,14.523918,14.190347,1.0,1.0,1.0,1.0
3612,-0.79046935,14.794748,14.46575,1.0,1.0,1.0,1.0
3613,-0.79046935,14.958924,14.721606,1.0,1.0,1.0,1.0
3614,-0.79046935,15.123931,14.950949,1.0,1.0,1.0,1.0
3615,-0.79046935,15.28934,15.155623,1.0,1.0,1.0,1.0
3616,-0.79046935,15.455762,15.335457,1.0,1.0,1.0,1.0
3617,-0.79046935,15.652681,15.484693,1.0,1.0,1.0,1.0
3618,-0.79046935,15.82505,15.611311,1.0,1.0,1.0,1.0
3619,-0.79046935,15.954302,15.715238,1.0,1.0,1.0,1.0
3620,-0.79046935,16.04242,15.805483,1.0,1.0,1.0,1.0
3621,0.07821016,16.097616,15.87904,1.0,1.0,1.0,1.0
3622,0.1269551,16.097616,15.938812,1.0,1.0,1.0,1.0
3623,0.15460153,16.043339,15.984165,1.0,1.0,1.0,1.0
3624,0.13932331,16.04187,16.01311,1.0,1.0,1.0,1.0
3625,0.11167688,16.04187,16.027687,1.0,1.0,1.0,1.0
3626,0.10440144,16.006609,15.9933405,1.0,1.0,1.0,1.0
3627,0.02364485,16.006609,15.909457,1.0,1.0,1.0,1.0
3628,0.13641313,16.0,15.777726,1.0,1.0,1.0,1.0
3629,0.13859583,16.0,15.602717,1.0,1.0,1.0,1.0
3630,0.08112024,16.0,15.389557,1.0,1.0,1.0,1.0
3631,-0.79046935,15.542137,15.130782,1.0,1.0,1.0,1.0
3632,-0.79046935,15.035816,14.830074,1.0,1.0,1.0,1.0
3633,-0.79046935,14.516852,14.487215,1.0,1.0,1.0,1.0
3634,-0.79046935,13.99751,14.10246,1.0,1.0,1.0,1.0
3635,-0.79046935,13.485404,13.663804,1.0,1.0,1.0,1.0
3636,-0.79046935,12.936577,13.186178,1.0,1.0,1.0,1.0
3637,-0.79046935,12.433381,12.668192,1.0,1.0,1.0,1.0
3638,-0.79046935,11.892296,12.146426,1.0,1.0,0.0,1.0
3639,-0.79046935,11.389545,11.626987,1.0,1.0,0.0,1.0
3640,-0.79046935,10.736134,11.113391,1.0,1.0,1.0,1.0
3641,-0.79046935,10.268481,10.602095,1.0,1.0,1.0,1.0
3642,-0.79046935,9.784171,10.133679,1.0,1.0,1.0,1.0
3643,-0.79046935,9.28095,9.715033,1.0,1.0,1.0,1.0
3644,-0.79046935,8.802548,9.343156,1.0,1.0,1.0,1.0
3645,-0.79046935,8.35369,9.022773,1.0,1.0,1.0,1.0
3646,-0.79046935,7.8619614,8.7517185,1.0,1.0,1.0,1.0
3647,-0.79046935,7.864418,8.544473,0.0,1.0,1.0,1.0
3648,-0.79046935,7.912812,8.381562,0.0,1.0,1.0,1.0
3649,-0.79046935,7.970861,8.2674,0.0,1.0,1.0,1.0
3650,-0.79046935,8.047696,8.2027855,0.0,1.0,1.0,1.0
3651,-0.79046935,8.136902,8.195986,0.0,1.0,1.0,1.0
3652,-0.79046935,8.249184,8.226915,0.0,1.0,1.0,1.0
3653,-0.79046935,8.313553,8.30271,0.0,1.0,1.0,1.0
3654,-0.79046935,8.414221,8.379837,0.0,1.0,1.0,1.0
3655,-0.79046935,8.505576,8.45443,0.0,1.0,1.0,1.0
3656,-0.79046935,8.720959,8.523062,0.0,1.0,1.0,1.0
3657,-0.79046935,8.724845,8.586665,0.0,1.0,1.0,1.0
3658,-0.79046935,8.771485,8.642593,1.0,1.0,1.0,1.0
3659,-0.79046935,8.789953,8.687774,1.0,1.0,1.0,1.0
3660,-0.79046935,8.807917,8.727699,1.0,1.0,1.0,1.0
3661,-0.79046935,8.794447,8.75783,1.0,1.0,1.0,1.0
3662,-0.79046935,8.810942,8.773452,1.0,1.0,1.0,1.0
3663,-0.79046935,8.808038,8.770151,1.0,1.0,0.0,1.0
3664,-0.79046935,8.791351,8.764086,1.0,1.0,0.0,1.0
3665,-0.79046935,8.792662,8.751808,1.0,1.0,0.0,1.0
3666,-0.79046935,8.775785,8.741124,1.0,1.0,0.0,1.0
3667,-0.79046935,8.693035,8.735806,1.0,1.0,0.0,1.0
3668,-0.79046935,8.681354,8.747021,1.0,1.0,1.0,1.0
3669,-0.79046935,8.652064,8.771866,1.0,1.0,1.0,1.0
3670,-0.79046935,8.624152,8.814529,1.0,1.0,1.0,1.0
3671,-0.79046935,8.661746,8.87436,1.0,1.0,1.0,1.0
3672,-0.79046935,8.744098,8.954031,1.0,1.0,1.0,1.0
3673,-0.79046935,8.92902,9.057818,1.0,1.0,1.0,1.0
3674,-0.79046935,9.109087,9.194302,1.0,1.0,1.0,1.0
3675,-0.79046935,9.3200035,9.354294,1.0,1.0,1.0,1.0
3676,-0.79046935,9.509313,9.537936,1.0,1.0,1.0,1.0
3677,-0.79046935,9.74871,9.745376,1.0,1.0,1.0,1.0
3678,-0.79046935,10.021236,9.975358,1.0,1.0,1.0,1.0
3679,-0.79046935,10.330838,10.219557,1.0,1.0,1.0,1.0
3680,-0.79046935,10.601254,10.471011,1.0,1.0,1.0,1.0
3681,-0.79046935,10.855772,10.731987,1.0,1.0,1.0,1.0
3682,-0.79046935,11.113425,11.0065365,1.0,1.0,1.0,1.0
3683,-0.79046935,11.42154,11.29495,1.0,1.0,1.0,1.0
3684,-0.79046935,11.674482,11.586651,1.0,1.0,1.0,1.0
3685,-0.79046935,11.946473,11.877108,1.0,1.0,1.0,1.0
3686,-0.79046935,12.240795,12.164638,1.0,1.0,1.0,1.0
3687,-0.79046935,12.614596,12.452227,1.0,1.0,1.0,1.0
3688,-0.79046935,12.970274,12.737184,1.0,1.0,1.0,1.0
3689,-0.79046935,13.249117,13.017562,1.0,1.0,1.0,1.0
3690,-0.79046935,13.50672,13.284657,1.0,1.0,1.0,1.0
3691,-0.79046935,13.781198,13.549518,1.0,1.0,1.0,1.0
3692,-0.79046935,14.052325,13.8088045,1.0,1.0,1.0,1.0
3693,-0.79046935,14.275258,14.060375,1.0,1.0,1.0,1.0
3694,-0.79046935,14.477964,14.297256,1.0,1.0,1.0,1.0
3695,-0.79046935,14.626673,14.520772,1.0,1.0,1.0,1.0
3696,-0.79046935,14.852823,14.73943,1.0,1.0,1.0,1.0
3697,-0.79046935,15.057911,14.951122,1.0,1.0,1.0,1.0
3698,-0.79046935,15.259641,15.13994,1.0,1.0,1.0,1.0
3699,-0.79046935,15.457177,15.306165,1.0,1.0,1.0,1.0
3700,-0.79046935,15.652462,15.453812,1.0,1.0,1.0,1.0
3701,-0.79046935,15.873011,15.584566,1.0,1.0,1.0,1.0
3702,-0.07166237,16.04702,15.702875,1.0,1.0,1.0,1.0
3703,0.08694067,16.04702,15.802339,1.0,1.0,1.0,1.0
3704,0.6660604,16.04702,15.88471,1.0,1.0,1.0,1.0
3705,0.70534736,16.04702,15.950273,1.0,1.0,1.0,1.0
3706,0.64932704,16.04702,15.9993725,1.0,1.0,1.0,1.0
3707,0.69952697,16.04638,16.030369,1.0,1.0,1.0,1.0
3708,0.65296465,16.04638,16.042988,1.0,1.0,1.0,1.0
3709,0.22662775,16.04638,16.041103,1.0,1.0,1.0,1.0
3710,0.14878124,16.04638,16.03922,1.0,1.0,1.0,1.0
3711,0.18661322,16.04638,16.037338,1.0,1.0,1.0,1.0
3712,0.19170605,16.024426,16.03342,1.0,1.0,1.0,1.0
3713,0.21207699,16.024426,16.029501,1.0,1.0,1.0,1.0
3714,0.124772646,16.024426,16.025637,1.0,1.0,1.0,1.0
3715,-0.42815578,16.024426,16.021772,1.0,1.0,1.0,1.0
3716,-0.7875591,16.024426,16.017906,1.0,1.0,1.0,1.0
3717,-0.74172425,16.0,16.014042,1.0,1.0,1.0,1.0
3718,-0.764278,16.0,16.010178,1.0,1.0,1.0,1.0
3719,-0.75409234,16.0,16.008142,1.0,1.0,1.0,1.0
3720,-0.75190985,16.0,16.006107,1.0,1.0,0.0,1.0
3721,-0.73444897,16.0,16.00407,1.0,1.0,0.0,1.0
3722,-0.7693706,16.0,16.002035,1.0,1.0,0.0,1.0
3723,-0.7635504,16.0,16.0,1.0,1.0,0.0,1.0
3724,-0.82684606,16.0,16.0,1.0,1.0,0.0,1.0
3725,-0.52710074,16.0,16.0,1.0,1.0,0.0,1.0
3726,-0.522008,16.0,16.0,1.0,1.0,0.0,1.0
3727,-0.5132775,16.0,16.0,1.0,1.0,0.0,1.0
3728,-0.5394689,16.0,16.0,1.0,1.0,0.0,1.0
3729,-0.53655875,16.0,16.0,1.0,1.0,0.0,1.0
3730,-0.8966897,16.0,15.973489,1.0,1.0,0.0,1.0
3731,-0.59330666,16.0,15.892463,1.0,1.0,0.0,1.0
3732,-0.60785747,16.0,15.773202,1.0,1.0,1.0,1.0
3733,-0.59694433,16.0,15.596176,1.0,1.0,1.0,1.0
3734,-0.5554747,16.0,15.358003,1.0,1.0,1.0,1.0
3735,-0.51182246,15.6818695,15.059527,1.0,1.0,1.0,1.0
3736,-0.50600225,15.027687,14.698381,1.0,1.0,1.0,1.0
3737,-0.5016369,14.568868,14.271298,1.0,1.0,1.0,1.0
3738,-0.5416514,13.875695,13.777909,1.0,1.0,1.0,1.0
3739,-0.23317562,13.141915,13.217822,1.0,1.0,1.0,1.0
3740,-0.36194977,12.418288,12.600132,1.0,1.0,1.0,1.0
3741,-0.24554385,11.666254,11.924535,1.0,1.0,1.0,1.0
3742,-0.25427428,10.875009,11.216955,1.0,1.0,1.0,1.0
3743,-0.27755538,10.079323,10.49205,1.0,1.0,1.0,1.0
3744,-0.6660604,9.278958,9.738987,1.0,1.0,1.0,1.0
3745,-0.5809384,8.587714,8.981688,1.0,1.0,1.0,1.0
3746,-0.59694433,7.8928323,8.244433,0.0,1.0,1.0,1.0
3747,-0.7104401,7.190914,7.560353,0.0,1.0,1.0,1.0
3748,-0.5780283,6.3288326,6.900663,0.0,1.0,1.0,1.0
3749,-0.56493264,5.5321026,6.298707,0.0,1.0,1.0,1.0
3750,-0.5205529,4.7881126,5.7610903,0.0,1.0,1.0,1.0
3751,-0.5154601,4.294858,5.279489,0.0,1.0,1.0,1.0
3752,-0.5110949,4.209322,4.8432217,0.0,1.0,1.0,1.0
3753,-0.50672966,3.7499752,4.458989,0.0,1.0,1.0,1.0
3754,-0.6966169,3.6515367,4.1305804,0.0,1.0,1.0,1.0
3755,-0.105856694,3.6279242,3.868962,0.0,1.0,1.0,1.0
3756,-0.047653627,3.4997458,3.664164,0.0,1.0,1.0,1.0
3757,-0.2120771,3.3525064,3.511643,0.0,1.0,1.0,1.0
3758,-0.18297556,3.2820365,3.3944266,0.0,1.0,1.0,1.0
3759,-0.20916702,3.250015,3.290677,0.0,1.0,1.0,1.0
3760,-0.55984,3.1894107,3.2241452,0.0,1.0,1.0,1.0
3761,-0.78828675,3.0745256,3.1548257,0.0,1.0,1.0,1.0
3762,-0.64568937,2.957858,3.0775795,0.0,1.0,1.0,1.0
3763,-0.6231357,2.888262,3.0021873,0.0,1.0,1.0,1.0
3764,-0.66024005,2.9643295,2.9462593,0.0,1.0,1.0,1.0
3765,-0.6304111,2.951591,2.894076,0.0,1.0,1.0,1.0
3766,-0.62895596,2.819702,2.8353424,0.0,1.0,1.0,1.0
3767,-0.6275009,2.700971,2.7847035,0.0,1.0,1.0,1.0
3768,-0.5947617,2.5950387,2.7493966,0.0,1.0,1.0,1.0
3769,-0.6282285,2.6813717,2.7278426,0.0,1.0,1.0,1.0
3770,-0.38523102,2.6558392,2.7149792,0.0,1.0,1.0,1.0
3771,-0.14878124,2.5452096,2.7131162,0.0,1.0,1.0,1.0
3772,-0.13714072,2.5817428,2.7162964,0.0,1.0,1.0,1.0
3773,-0.16842483,2.6508446,2.732378,0.0,1.0,1.0,1.0
3774,-0.17279005,2.69921,2.7606392,0.0,1.0,1.0,1.0
3775,-0.17133498,2.7339017,2.7972956,0.0,1.0,1.0,1.0
3776,-0.47399047,2.9419718,2.8260324,0.0,1.0,1.0,1.0
3777,-0.81084037,2.9897542,2.860628,0.0,1.0,1.0,1.0
3778,-0.6333212,3.0126815,2.9170349,0.0,1.0,1.0,1.0
3779,-0.600582,3.0401034,2.9769049,0.0,0.0,1.0,1.0
3780,-0.6122226,3.0349166,3.033158,0.0,0.0,1.0,1.0
3781,-0.57293564,3.0262134,3.0760028,0.0,0.0,1.0,1.0
3782,-0.60494727,3.0709858,3.1219375,0.0,0.0,1.0,1.0
3783,-0.6049472,3.222093,3.1538072,0.0,0.0,1.0,1.0
3784,-0.6122226,3.3001816,3.1837788,0.0,0.0,1.0,1.0
3785,-0.5787559,3.3258834,3.2115612,0.0,0.0,1.0,1.0
3786,-0.7213531,3.213348,3.233286,0.0,0.0,1.0,1.0
3787,-0.5962168,3.2851179,3.2377179,0.0,0.0,1.0,1.0
3788,-0.69225174,3.324406,3.2301154,0.0,0.0,1.0,1.0
3789,-0.13059287,3.349416,3.21395,0.0,0.0,1.0,1.0
3790,-0.14732625,3.3460684,3.1760278,0.0,0.0,1.0,1.0
3791,-0.15023631,3.3008013,3.135038,0.0,0.0,1.0,1.0
3792,-0.15096396,3.0880988,3.0957122,0.0,0.0,1.0,1.0
3793,-0.182248,2.9349844,3.073698,0.0,0.0,1.0,1.0
3794,-0.8028373,2.8770003,3.0448468,0.0,0.0,1.0,1.0
3795,-0.6915242,2.7670267,3.0112064,0.0,0.0,1.0,1.0
3796,-0.7097126,2.8083026,2.9800022,0.0,0.0,1.0,1.0
3797,-0.74681705,2.8539767,2.9580302,0.0,0.0,1.0,1.0
3798,-0.8101128,2.9491787,2.9443107,0.0,0.0,1.0,1.0
3799,-0.776646,2.9389026,2.948237,0.0,0.0,1.0,1.0
3800,-0.7257185,2.9207191,2.96578,0.0,0.0,1.0,1.0
3801,-0.7642779,2.9749675,2.9862647,0.0,0.0,1.0,1.0
3802,-0.7315388,3.0824034,3.0150485,0.0,0.0,1.0,1.0
3803,-0.70898503,3.1361659,3.0462365,0.0,0.0,1.0,1.0
3804,-0.74099666,3.1352146,3.0831218,0.0,0.0,1.0,1.0
3805,-0.72862864,3.1455019,3.116499,0.0,0.0,1.0,1.0
3806,-0.7802838,3.1228175,3.1610382,0.0,0.0,1.0,1.0
3807,-0.8755911,3.1124325,3.2101524,0.0,0.0,1.0,1.0
3808,-0.44416144,3.1825576,3.2549412,0.0,0.0,1.0,1.0
3809,-0.6420516,3.2965991,3.2929585,0.0,0.0,1.0,1.0
3810,-0.15896697,3.349706,3.3339381,0.0,0.0,1.0,1.0
3811,-0.15532924,3.4733722,3.3847108,0.0,0.0,1.0,1.0
3812,-0.056384206,3.5100918,3.4414382,0.0,0.0,1.0,1.0
3813,0.35685697,3.5124335,3.51132,0.0,0.0,1.0,1.0
3814,0.36340484,3.538609,3.587496,0.0,0.0,1.0,1.0
3815,0.0963985,3.627921,3.6552825,0.0,0.0,1.0,1.0
3816,0.046926018,3.744488,3.7214944,0.0,0.0,1.0,1.0
3817,0.08475792,3.8262298,3.796695,0.0,0.0,1.0,1.0
3818,0.10658409,3.9614012,3.8672714,0.0,0.0,1.0,1.0
3819,0.087667994,4.0265436,3.9444308,0.0,0.0,1.0,1.0
3820,0.12913772,3.9959934,4.0285654,0.0,0.0,1.0,1.0
3821,0.13204794,4.091144,4.1175957,0.0,0.0,1.0,1.0
3822,-0.48272106,4.252112,4.194886,0.0,0.0,1.0,1.0
3823,-0.41433266,4.32029,4.260589,0.0,0.0,1.0,1.0
3824,-0.8450344,4.4360027,4.3191295,0.0,0.0,1.0,1.0
3825,-0.8239359,4.522049,4.3591557,0.0,0.0,1.0,1.0
3826,-0.13277537,4.6069727,4.3841634,0.0,0.0,1.0,1.0
3827,-0.1451436,4.5554085,4.408838,0.0,0.0,1.0,1.0
3828,-0.14587116,4.532925,4.422822,0.0,0.0,1.0,1.0
3829,-0.1538741,4.528712,4.4224763,0.0,0.0,1.0,1.0
3830,-0.8472172,4.4417124,4.4072742,0.0,0.0,1.0,1.0
3831,-0.7715533,4.326639,4.3872695,0.0,0.0,1.0,1.0
3832,-0.7802838,4.2920847,4.352384,0.0,0.0,1.0,1.0
3833,-0.76573306,4.2589555,4.300285,0.0,0.0,1.0,1.0
3834,-0.7759185,4.247963,4.2523437,0.0,0.0,1.0,1.0
3835,-0.7897417,4.137867,4.1911535,0.0,0.0,1.0,1.0
3836,-0.7853765,4.195947,4.119648,0.0,0.0,1.0,1.0
3837,-0.8806839,4.103423,4.036962,0.0,0.0,1.0,1.0
3838,-0.6056747,3.9817827,3.9508817,0.0,0.0,1.0,1.0
3839,-0.5998544,3.9801116,3.8571987,0.0,0.0,1.0,1.0
3840,-0.70243716,3.7986429,3.7604213,0.0,0.0,1.0,1.0
3841,-0.5314659,3.6706488,3.6633866,0.0,0.0,1.0,1.0
3842,-0.46089482,3.4494789,3.5753572,0.0,0.0,1.0,1.0
3843,-0.48999628,3.293675,3.475501,0.0,0.0,1.0,1.0
3844,-0.65805745,3.1678903,3.375348,0.0,0.0,1.0,1.0
3845,-0.5452891,3.0976238,3.2754724,0.0,0.0,1.0,1.0
3846,-0.6515096,3.083548,3.1689975,0.0,0.0,1.0,1.0
3847,-0.31756985,3.0815132,3.069098,0.0,0.0,1.0,1.0
3848,-0.3088395,2.9976757,2.9783792,0.0,0.0,1.0,1.0
3849,-0.29137856,2.9015877,2.9067068,0.0,0.0,1.0,1.0
3850,-0.3030192,2.7832718,2.8475502,0.0,0.0,1.0,1.0
3851,-0.73081124,2.7024157,2.8036454,0.0,0.0,1.0,1.0
3852,-0.61440516,2.599848,2.7697074,0.0,0.0,1.0,1.0
3853,-0.60203713,2.5820224,2.7521677,0.0,0.0,1.0,1.0
3854,-0.5700255,2.5894115,2.748318,0.0,0.0,1.0,1.0
3855,-0.5678428,2.5837946,2.7573552,0.0,0.0,1.0,1.0
3856,-0.5038195,2.6410317,2.7770715,0.0,0.0,1.0,1.0
3857,-0.5911241,2.6903684,2.807555,0.0,0.0,1.0,1.0
3858,-0.48344848,2.873073,2.849461,0.0,0.0,1.0,1.0
3859,0.009821868,3.035315,2.9007463,0.0,0.0,1.0,1.0
3860,0.03965083,3.106124,2.9508471,0.0,0.0,1.0,1.0
3861,0.046926197,3.1381805,3.002269,0.0,0.0,1.0,1.0
3862,0.06438714,3.1490734,3.069105,0.0,0.0,1.0,1.0
3863,0.09494375,3.20529,3.1409874,0.0,0.0,1.0,1.0
3864,0.045471124,3.2152722,3.2146938,0.0,0.0,1.0,1.0
3865,-0.037468184,3.1832318,3.2764194,0.0,0.0,1.0,1.0
3866,-0.5569298,3.2064736,3.3293834,0.0,0.0,1.0,1.0
3867,-0.5358313,3.385825,3.3865037,0.0,0.0,1.0,1.0
3868,-0.5052746,3.503622,3.4507496,0.0,0.0,1.0,1.0
3869,-0.5583849,3.5748453,3.5170493,0.0,0.0,1.0,1.0
3870,-0.5576573,3.613781,3.5855253,0.0,0.0,1.0,1.0
3871,-0.54674435,3.6708806,3.6604497,0.0,0.0,1.0,1.0
3872,-0.5147326,3.7915685,3.748435,0.0,0.0,1.0,1.0
3873,-0.48417613,3.9091327,3.8428352,0.0,0.0,1.0,1.0
3874,-0.71917063,3.94467,3.927741,0.0,0.0,1.0,1.0
3875,-0.6165879,4.027001,4.0102177,0.0,0.0,1.0,1.0
3876,-0.06729722,4.114366,4.095908,0.0,0.0,1.0,1.0
3877,-0.09130582,4.2390556,4.182579,0.0,0.0,1.0,1.0
3878,-0.15314654,4.3392754,4.260697,0.0,0.0,1.0,1.0
3879,-0.12259,4.404695,4.3271213,0.0,0.0,1.0,1.0
3880,-0.12913778,4.4933414,4.3782616,0.0,0.0,1.0,1.0
3881,-0.12913786,4.603133,4.419895,0.0,0.0,1.0,1.0
3882,-0.67770094,4.6538286,4.440079,0.0,0.0,1.0,1.0
3883,-0.62895596,4.6082973,4.4340143,0.0,0.0,1.0,1.0
3884,-0.6958894,4.5886593,4.399062,0.0,0.0,1.0,1.0
3885,-0.69879955,4.5228133,4.3423824,0.0,0.0,1.0,1.0
3886,-0.716988,4.4442744,4.277893,0.0,0.0,1.0,1.0
3887,-0.677701,4.2692137,4.2073054,0.0,0.0,1.0,1.0
3888,-0.63986903,4.0415854,4.120587,0.0,0.0,1.0,1.0
3889,-0.6740632,3.819627,4.022328,0.0,0.0,1.0,1.0
3890,-0.68279374,3.659123,3.9234164,0.0,0.0,1.0,1.0
3891,-0.7053475,3.6308205,3.8213286,0.0,0.0,1.0,1.0
3892,-0.6718807,3.646287,3.7188299,0.0,0.0,1.0,1.0
3893,-0.6711531,3.562514,3.619725,0.0,0.0,1.0,1.0
3894,-0.47108033,3.4747205,3.5359166,0.0,0.0,1.0,1.0
3895,-0.16987984,3.4213588,3.470412,0.0,0.0,1.0,1.0
3896,-0.18370299,3.3636067,3.4302778,0.0,0.0,1.0,1.0
3897,-0.17351748,3.2928283,3.4043202,0.0,0.0,1.0,1.0
3898,-0.20771182,3.2550144,3.390775,0.0,0.0,1.0,1.0
3899,-0.81302285,3.2635121,3.3747954,0.0,0.0,1.0,1.0
3900,-0.7970171,3.255532,3.366493,0.0,0.0,1.0,1.0
3901,-0.9097854,3.3380177,3.372267,0.0,0.0,1.0,1.0
3902,-0.75482,3.3476303,3.3820865,0.0,0.0,1.0,1.0
3903,-0.75700265,3.4682767,3.400916,0.0,0.0,1.0,1.0
3904,-0.7730084,3.4545333,3.4247742,0.0,0.0,1.0,1.0
3905,-0.74463433,3.462884,3.4644897,0.0,0.0,1.0,1.0
3906,-0.75409245,3.544011,3.5056894,0.0,0.0,1.0,1.0
3907,-0.7373591,3.5391917,3.5491323,0.0,0.0,1.0,1.0
3908,-0.8413969,3.5895624,3.5996735,0.0,0.0,1.0,1.0
3909,-0.49945447,3.5791242,3.6561778,0.0,0.0,1.0,1.0
3910,0.13423048,3.7316017,3.7100713,0.0,0.0,1.0,1.0
3911,0.16696966,3.757908,3.7653437,0.0,0.0,1.0,1.0
3912,0.15969422,3.7768457,3.8152106,0.0,0.0,1.0,1.0
3913,0.14732607,3.9445136,3.867589,0.0,0.0,1.0,1.0
3914,0.39978173,4.025679,3.9265697,0.0,0.0,1.0,1.0
3915,0.4317932,4.1150002,3.9992888,0.0,0.0,1.0,1.0
3916,0.43106565,4.1178017,4.0840664,0.0,0.0,1.0,1.0
3917,0.43179336,4.061287,4.1645327,0.0,0.0,1.0,1.0
3918,0.40778446,4.1725526,4.234407,0.0,0.0,1.0,1.0
3919,0.3554019,4.2469606,4.2893534,0.0,0.0,1.0,1.0
3920,-0.1509641,4.4621916,4.327183,0.0,0.0,1.0,1.0
3921,-0.88723165,4.596453,4.3433447,0.0,0.0,1.0,1.0
3922,-0.74536204,4.6971965,4.346162,0.0,0.0,1.0,1.0
3923,-0.71698797,4.596403,4.3483233,0.0,0.0,1.0,1.0
3924,-0.7388141,4.4362,4.345198,0.0,0.0,1.0,1.0
3925,-0.7388141,4.398465,4.32974,0.0,0.0,1.0,1.0
3926,-0.71698797,4.219622,4.2973986,0.0,0.0,1.0,1.0
3927,-0.69443434,4.1488113,4.243915,0.0,0.0,1.0,1.0
3928,-0.6616951,4.1437373,4.172513,0.0,0.0,1.0,1.0
3929,-0.649327,4.0237823,4.078661,0.0,0.0,1.0,1.0
3930,-0.7853765,3.9870563,3.9772387,0.0,0.0,1.0,1.0
3931,-0.41724256,3.8588629,3.8750188,0.0,0.0,1.0,1.0
3932,-0.60785735,3.820389,3.7658677,0.0,0.0,1.0,1.0
3933,-0.48854122,3.7396307,3.6562283,0.0,0.0,1.0,1.0
3934,-0.4106947,3.5709732,3.550131,0.0,0.0,1.0,1.0
3935,-0.85158235,3.3793347,3.4395986,0.0,0.0,1.0,1.0
3936,-0.8828664,3.20956,3.3387976,0.0,0.0,1.0,1.0
3937,-0.7439069,3.0886517,3.2400718,0.0,0.0,1.0,1.0
3938,-0.76573306,2.9039495,3.147155,0.0,0.0,1.0,1.0
3939,-0.79701704,2.8756452,3.0510647,0.0,0.0,1.0,1.0
3940,-0.7082575,2.8173468,2.9551976,0.0,0.0,1.0,1.0
3941,-0.7155329,2.8141706,2.8673265,0.0,0.0,1.0,1.0
3942,-0.6966169,2.802347,2.7924511,0.0,0.0,1.0,1.0
3943,-0.71553296,2.7438612,2.731849,0.0,0.0,1.0,1.0
3944,-0.7933795,2.6673055,2.6867085,0.0,0.0,1.0,1.0
3945,-0.40923968,2.5892258,2.6654875,0.0,0.0,1.0,1.0
3946,-0.36849755,2.5165205,2.6575036,0.0,0.0,1.0,1.0
3947,-0.24918143,2.480831,2.6649575,0.0,0.0,1.0,1.0
3948,-0.24554385,2.482332,2.6871803,0.0,0.0,1.0,1.0
3949,-0.25645685,2.5469666,2.7254846,0.0,0.0,1.0,1.0
3950,-0.2273554,2.6492982,2.7826202,0.0,0.0,1.0,1.0
3951,-0.6951619,2.7798395,2.8629737,0.0,0.0,1.0,1.0
3952,-0.5663878,2.9067922,2.9670799,0.0,0.0,1.0,1.0
3953,-0.55401963,3.0808449,3.0950828,0.0,0.0,1.0,1.0
3954,-0.57730085,3.2619987,3.2461307,0.0,0.0,1.0,1.0
3955,-0.58675873,3.4294882,3.4094734,0.0,0.0,1.0,1.0
3956,-0.5940342,3.6315458,3.5850801,0.0,0.0,1.0,1.0
3957,-0.67260826,3.8385,3.7692473,0.0,0.0,1.0,1.0
3958,-0.060021713,4.052555,3.960926,0.0,0.0,1.0,1.0
3959,-0.028737675,4.2934065,4.161873,0.0,0.0,1.0,1.0
3960,-0.046926126,4.442446,4.3533545,0.0,0.0,1.0,1.0
3961,-0.0483812,4.654247,4.5297127,0.0,0.0,1.0,1.0
3962,-0.02073481,4.8593035,4.691732,0.0,0.0,1.0,1.0
3963,0.0010912871,5.0799837,4.851568,0.0,0.0,1.0,1.0
3964,-0.03455797,5.318154,4.990211,0.0,0.0,1.0,1.0
3965,-0.6260458,5.3786263,5.108967,0.0,0.0,1.0,1.0
3966,-0.4492543,5.3782973,5.2118974,0.0,0.0,1.0,1.0
3967,-0.45361945,5.3737183,5.297028,0.0,0.0,1.0,1.0
3968,-0.4674427,5.549578,5.3602843,0.0,0.0,1.0,1.0
3969,-0.432521,5.5022154,5.413956,0.0,0.0,1.0,1.0
3970,-0.47035283,5.477628,5.455831,0.0,0.0,1.0,1.0
3971,-0.44125128,5.528569,5.4869757,0.0,0.0,1.0,1.0
3972,-0.4397963,5.4640136,5.519161,0.0,0.0,1.0,1.0
3973,-0.19170608,5.4133224,5.5356965,0.0,0.0,1.0,1.0
3974,-0.07166237,5.5033693,5.5345426,0.0,0.0,1.0,1.0
3975,-0.08839581,5.5824795,5.506629,0.0,0.0,1.0,1.0
3976,-0.09130589,5.6918907,5.4858413,0.0,0.0,1.0,1.0
3977,-0.16187704,5.764855,5.4729013,0.0,0.0,1.0,1.0
3978,-0.1604219,5.576717,5.4595904,0.0,0.0,1.0,1.0
3979,-0.43033826,5.3598733,5.4392147,0.0,0.0,1.0,1.0
3980,-0.7380866,5.214614,5.426261,0.0,0.0,1.0,1.0
3981,-0.82830125,5.252764,5.405092,0.0,0.0,1.0,1.0
3982,-0.6405965,5.3223457,5.369522,0.0,0.0,1.0,1.0
3983,-0.73735905,5.3688416,5.3229775,0.0,0.0,1.0,1.0
3984,-0.3503091,5.219506,5.265407,0.0,0.0,1.0,1.0
3985,-0.3503091,5.257878,5.2093477,0.0,0.0,1.0,1.0
3986,-0.3503091,5.2493343,5.1573806,0.0,0.0,1.0,1.0
3987,-0.3503091,5.1556487,5.1062684,0.0,0.0,1.0,1.0
3988,-0.3503091,5.133356,5.041793,0.0,0.0,1.0,1.0
3989,-0.3503091,5.074008,4.976054,0.0,0.0,1.0,1.0
3990,-0.3503091,4.9040055,4.911459,0.0,0.0,1.0,1.0
3991,-0.3503091,4.736265,4.8720374,0.0,0.0,1.0,1.0
3992,-0.3503091,4.6012692,4.8380303,0.0,0.0,1.0,1.0
3993,-0.3503091,4.4790564,4.813816,0.0,0.0,1.0,1.0
3994,-0.3503091,4.533479,4.7981567,0.0,0.0,1.0,1.0
3995,-0.3503091,4.5937014,4.7844872,0.0,0.0,1.0,1.0
3996,-0.3503091,4.74645,4.7788205,0.0,0.0,1.0,1.0
3997,-0.3503091,4.8497915,4.796414,0.0,0.0,1.0,1.0
3998,-0.3503091,4.95876,4.8371224,0.0,0.0,1.0,1.0
3999,-0.7977447,4.9677367,4.899746,0.0,0.0,1.0,1.0
4000,-0.7620954,4.9693255,4.9796343,0.0,0.0,1.0,1.0
4001,-0.7839214,5.006004,5.0601273,0.0,0.0,1.0,1.0
4002,-0.76064014,5.1151295,5.126703,0.0,0.0,1.0,1.0
4003,-0.8253911,5.224764,5.1791263,0.0,0.0,1.0,1.0
4004,-0.45216453,5.352752,5.2259917,0.0,0.0,1.0,1.0
4005,-0.4558022,5.4377203,5.2699313,0.0,0.0,1.0,1.0
4006,0.18515821,5.4993944,5.3200912,0.0,0.0,1.0,1.0
4007,0.2673698,5.392605,5.353684,0.0,0.0,1.0,1.0
4008,0.21425967,5.3755302,5.3727913,0.0,0.0,1.0,1.0
4009,0.22444512,5.412182,5.3693247,0.0,0.0,1.0,1.0
4010,0.45580196,5.4860315,5.359781,0.0,0.0,1.0,1.0
4011,0.42306298,5.569654,5.3423924,0.0,0.0,1.0,1.0
4012,0.47835562,5.3724427,5.3105316,0.0,0.0,1.0,1.0
4013,-0.028737746,5.235288,5.2644587,0.0,0.0,1.0,1.0
4014,-0.057839207,5.073534,5.2155166,0.0,0.0,1.0,1.0
4015,-0.028737819,5.1102347,5.155777,0.0,0.0,1.0,1.0
4016,-0.73153865,5.1440926,5.083674,0.0,0.0,1.0,1.0
4017,-0.7686431,5.0553923,4.994938,0.0,0.0,1.0,1.0
4018,-0.72062576,4.946516,4.903079,0.0,0.0,1.0,1.0
4019,-0.66824293,4.8052993,4.8221116,0.0,0.0,1.0,1.0
4020,-0.6376864,4.6586566,4.73881,0.0,0.0,1.0,1.0
4021,-0.6566024,4.5469475,4.658634,0.0,0.0,1.0,1.0
4022,-0.69152427,4.421196,4.5648155,0.0,0.0,1.0,1.0
4023,-0.6813386,4.467349,4.4765224,0.0,0.0,1.0,1.0
4024,-0.6791561,4.400835,4.3929796,0.0,0.0,1.0,1.0
4025,-0.8392142,4.2356677,4.3183765,0.0,0.0,1.0,1.0
4026,-0.7802838,4.1114225,4.246452,0.0,0.0,1.0,1.0
4027,-0.39468896,3.9844143,4.180441,0.0,0.0,1.0,1.0
4028,-0.44561666,4.0845714,4.1245193,0.0,0.0,1.0,1.0
4029,-0.4521643,4.05288,4.0801888,0.0,0.0,1.0,1.0
4030,-0.47908327,4.051281,4.0391974,0.0,0.0,1.0,1.0
4031,-0.8188431,3.9422007,4.0046387,0.0,0.0,1.0,1.0
4032,-0.7846491,3.8665254,3.988928,0.0,0.0,1.0,1.0
4033,-0.75554746,3.8758907,3.9827664,0.0,0.0,1.0,1.0
4034,-0.7322663,3.8892255,3.9919977,0.0,0.0,1.0,1.0
4035,-0.6733357,3.975454,3.9898787,0.0,0.0,1.0,1.0
4036,-0.6464169,3.9861312,3.9886317,0.0,0.0,1.0,1.0
4037,-0.63914156,4.0471406,3.9892604,0.0,0.0,1.0,1.0
4038,-0.6318661,4.037481,4.00012,0.0,0.0,1.0,1.0
4039,-0.6529647,4.095192,4.0133753,0.0,0.0,1.0,1.0
4040,-0.67770094,4.0591435,4.021884,0.0,0.0,1.0,1.0
4041,-0.85012734,4.037914,4.024231,0.0,0.0,1.0,1.0
4042,-0.8530375,4.058827,4.031719,0.0,0.0,1.0,1.0
4043,-0.47544563,4.0725164,4.045648,0.0,0.0,1.0,1.0
4044,-0.22735533,4.02559,4.0719137,0.0,0.0,1.0,1.0
4045,-0.22299004,3.977992,4.1029935,0.0,0.0,1.0,1.0
4046,-0.20771188,3.9173927,4.117685,0.0,0.0,1.0,1.0
4047,-0.24772643,4.065308,4.150877,0.0,0.0,1.0,1.0
4048,-0.87704617,4.1532784,4.2002015,0.0,0.0,1.0,1.0
4049,-0.7315387,4.362331,4.2559915,0.0,0.0,1.0,1.0
4050,-0.7046198,4.410439,4.3176813,0.0,0.0,1.0,1.0
4051,-0.8253911,4.2714868,4.404741,0.0,0.0,1.0,1.0
4052,-0.37140787,4.4574485,4.518157,0.0,0.0,1.0,1.0
4053,-0.2550019,4.6298075,4.639186,0.0,0.0,1.0,1.0
4054,0.3292105,4.7283077,4.7605095,0.0,0.0,1.0,1.0
4055,0.34376127,4.812793,4.8867435,0.0,0.0,1.0,1.0
4056,0.3022915,5.070304,5.018878,0.0,0.0,1.0,1.0
4057,0.57948333,5.3389907,5.1680503,0.0,0.0,1.0,1.0
4058,0.592579,5.3697367,5.333224,0.0,0.0,1.0,1.0
4059,0.5947616,5.521194,5.494604,0.0,0.0,1.0,1.0
4060,0.9599853,5.668087,5.636908,0.0,0.0,1.0,1.0
4061,0.9272462,5.947941,5.7758,0.0,0.0,1.0,1.0
4062,0.9592578,6.2005053,5.925162,0.0,0.0,1.0,1.0
4063,0.971626,6.253571,6.0303526,0.0,0.0,1.0,1.0
4064,0.38377595,6.3940134,6.086948,0.0,0.0,1.0,1.0
4065,0.14077838,6.337453,6.1275477,0.0,0.0,1.0,1.0
4066,-0.1967988,6.3950167,6.1538153,0.0,0.0,1.0,1.0
4067,-0.5445616,6.605128,6.1478367,0.0,0.0,1.0,1.0
4068,-0.52419066,6.332597,6.1116204,0.0,0.0,1.0,1.0
4069,-0.51837033,6.0181303,6.050252,0.0,0.0,1.0,1.0
4070,-0.71626043,5.856937,5.9717326,0.0,0.0,1.0,1.0
4071,-0.5511096,5.836402,5.8622494,0.0,0.0,1.0,1.0
4072,-0.51909786,5.596346,5.741833,0.0,0.0,1.0,1.0
4073,-0.55547476,5.5133486,5.596115,0.0,0.0,1.0,1.0
4074,-0.57584584,5.464083,5.4123306,0.0,0.0,1.0,1.0
4075,-0.55329204,5.311338,5.226637,0.0,0.0,1.0,1.0
4076,-0.03892312,5.0802155,5.0461645,0.0,0.0,1.0,1.0
4077,-0.065114506,4.8924575,4.861473,0.0,0.0,1.0,1.0
4078,0.054929204,4.6463966,4.659505,0.0,0.0,1.0,1.0
4079,0.012004371,4.3997145,4.480785,0.0,0.0,1.0,1.0
4080,0.023645027,4.104272,4.3207183,0.0,0.0,0.0,1.0
4081,-0.3692252,3.8524616,4.1721277,0.0,0.0,0.0,1.0
4082,-0.6209531,3.6406422,4.0201044,0.0,0.0,0.0,1.0
4083,-0.56711525,3.412783,3.8827577,0.0,0.0,0.0,1.0
4084,-0.5874864,3.4517045,3.7416663,0.0,0.0,0.0,1.0
4085,-0.59476167,3.5925517,3.6121573,0.0,0.0,0.0,1.0
4086,-0.80502003,3.6809974,3.5030577,0.0,0.0,0.0,1.0
4087,-0.7075299,3.487057,3.4181247,0.0,0.0,0.0,1.0
4088,-0.68934155,3.432053,3.34387,0.0,0.0,0.0,1.0
4089,-0.85303754,3.1993618,3.2866008,0.0,0.0,0.0,1.0
4090,-0.7489996,3.0922894,3.2478838,0.0,0.0,0.0,1.0
4091,-0.7497271,3.0905185,3.2135923,0.0,0.0,0.0,1.0
4092,-0.7300837,3.085077,3.1777527,0.0,0.0,0.0,1.0
4093,-0.71044016,2.9614043,3.1423087,0.0,0.0,0.0,1.0
4094,-0.8501273,2.9534135,3.1226156,0.0,0.0,0.0,1.0
4095,-0.4485266,2.9481783,3.1091945,0.0,0.0,0.0,1.0
4096,-0.17497256,3.0402067,3.1064084,0.0,0.0,0.0,1.0
4097,-0.17788285,3.1624768,3.1082225,0.0,0.0,0.0,1.0
4098,-0.1757002,3.2556684,3.113991,0.0,0.0,0.0,1.0
4099,-0.15605667,3.250738,3.1284027,0.0,0.0,0.0,1.0
4100,-0.80574745,3.2710004,3.1562252,0.0,0.0,0.0,1.0
4101,-0.7126228,3.1659298,3.1915393,0.0,0.0,0.0,1.0
4102,-0.70098215,3.114058,3.2268264,0.0,0.0,0.0,1.0
4103,-0.68570393,3.159741,3.2551367,0.0,0.0,0.0,1.0
4104,-0.7053474,3.2580175,3.2782617,0.0,0.0,0.0,1.0
4105,-0.6704256,3.2952738,3.31225,0.0,0.0,0.0,1.0
4106,-0.70898503,3.377184,3.3516622,0.0,0.0,0.0,1.0
4107,-0.87631863,3.3716223,3.3935747,0.0,0.0,0.0,1.0
4108,-0.73954165,3.3799322,3.4410877,0.0,0.0,0.0,1.0
4109,-0.76136786,3.4399743,3.4957752,0.0,0.0,0.0,1.0
4110,-0.85521996,3.6635273,3.5497878,0.0,0.0,0.0,1.0
4111,-0.67551833,3.7236848,3.6018846,0.0,0.0,0.0,1.0
4112,-0.71335036,3.7739513,3.6475236,0.0,0.0,0.0,1.0
4113,-0.7439069,3.7360873,3.6879642,0.0,0.0,0.0,1.0
4114,-0.7235358,3.7703068,3.73395,0.0,0.0,0.0,1.0
4115,-0.7846489,3.8078907,3.7707176,0.0,0.0,0.0,1.0
4116,-0.90905774,3.8831806,3.8055215,0.0,0.0,0.0,1.0
4117,-0.5358311,3.8429434,3.8232813,0.0,0.0,0.0,1.0
4118,-0.2520915,3.8624685,3.842412,0.0,0.0,0.0,1.0
4119,-0.2520915,3.9234517,3.8567524,0.0,0.0,0.0,1.0
4120,-0.21425961,3.8211436,3.8767047,0.0,0.0,0.0,1.0
4121,-0.24336107,3.8576207,3.8864107,0.0,0.0,0.0,1.0
4122,-0.825391,3.8766456,3.8982732,0.0,0.0,0.0,1.0
4123,-0.74245185,3.953253,3.9026294,0.0,0.0,0.0,1.0
4124,-0.7686432,3.9460382,3.9107888,0.0,0.0,0.0,1.0
4125,-0.73226625,3.975513,3.902661,0.0,0.0,0.0,1.0
4126,-0.7475446,3.8867807,3.8888693,0.0,0.0,0.0,1.0
4127,-0.73735905,3.9502394,3.871728,0.0,0.0,0.0,1.0
4128,-0.6980721,3.9354534,3.8543189,0.0,0.0,0.0,1.0
4129,-0.71044016,3.9408586,3.8386214,0.0,0.0,1.0,1.0
4130,-0.7584576,3.7649348,3.8092022,0.0,0.0,1.0,1.0
4131,-0.7591851,3.7579494,3.7841997,0.0,0.0,1.0,1.0
4132,-0.716988,3.6154473,3.7609842,0.0,0.0,1.0,1.0
4133,-0.7009821,3.6487124,3.75468,0.0,0.0,1.0,1.0
4134,-0.7053473,3.688277,3.7491982,0.0,0.0,1.0,1.0
4135,-0.6646053,3.6002214,3.7626672,0.0,0.0,1.0,1.0
4136,-0.67551833,3.6460102,3.7971675,0.0,0.0,1.0,1.0
4137,-0.65296465,3.696925,3.852876,0.0,0.0,1.0,1.0
4138,-0.7482721,3.8111308,3.9176292,0.0,0.0,1.0,1.0
4139,-0.40050918,3.8844583,4.0019693,0.0,0.0,1.0,1.0
4140,-0.38668594,4.0970826,4.105677,0.0,0.0,1.0,1.0
4141,-0.3604946,4.3548613,4.239865,0.0,0.0,1.0,1.0
4142,-0.34376127,4.433437,4.398824,0.0,0.0,1.0,1.0
4143,-0.8603128,4.5349894,4.5815635,0.0,0.0,1.0,1.0
4144,-0.66533285,4.6275263,4.7840075,0.0,0.0,1.0,1.0
4145,-0.65078205,4.893208,4.9925547,0.0,0.0,1.0,1.0
4146,-0.6689705,5.29853,5.216716,0.0,0.0,1.0,1.0
4147,-0.66897047,5.5077324,5.4398317,0.0,0.0,1.0,1.0
4148,-0.7904692,5.8388796,5.6518774,0.0,0.0,1.0,1.0
4149,-0.3561297,6.1262536,5.8628864,0.0,0.0,1.0,1.0
4150,-0.34303388,6.313695,6.0640216,0.0,0.0,1.0,1.0
4151,0.15096389,6.5743947,6.249687,0.0,0.0,1.0,1.0
4152,0.7286286,6.7744713,6.4117537,0.0,0.0,1.0,1.0
4153,0.74608934,6.8994093,6.5448546,0.0,0.0,1.0,1.0
4154,0.7730082,6.965548,6.6371694,0.0,0.0,1.0,1.0
4155,0.7933794,6.9486094,6.6881437,0.0,0.0,1.0,1.0
4156,0.7868315,6.8555136,6.699293,0.0,0.0,1.0,1.0
4157,0.7475444,6.8380065,6.684659,0.0,0.0,1.0,1.0
4158,0.28192058,6.895742,6.648054,0.0,0.0,1.0,1.0
4159,0.28119293,6.615508,6.572003,0.0,0.0,1.0,1.0
4160,-0.28628597,6.450571,6.464482,0.0,0.0,1.0,1.0
4161,-0.31102243,6.260047,6.339388,0.0,0.0,1.0,1.0
4162,-0.77009815,6.1380863,6.190963,0.0,0.0,1.0,1.0
4163,-0.6806112,6.135136,6.0225616,0.0,0.0,1.0,1.0
4164,-0.6449617,5.861859,5.8381524,0.0,0.0,1.0,1.0
4165,-0.6689705,5.609153,5.6283617,0.0,0.0,1.0,1.0
4166,-0.7635504,5.464422,5.4296513,0.0,0.0,1.0,1.0
4167,-0.77373594,5.1675105,5.2277784,0.0,0.0,0.0,1.0
4168,-0.14732625,4.834695,5.0212655,0.0,0.0,0.0,1.0
4169,-0.1378683,4.6250973,4.7950454,0.0,0.0,0.0,1.0
4170,-0.11895228,4.378253,4.5777984,0.0,0.0,0.0,1.0
4171,-0.019279664,4.230987,4.384939,0.0,0.0,0.0,1.0
4172,-0.03092018,4.028093,4.1959243,0.0,0.0,0.0,1.0
4173,-0.21571481,3.7818923,4.0029044,0.0,0.0,0.0,1.0
4174,-0.6245907,3.423448,3.818029,0.0,0.0,0.0,1.0
4175,-0.6711531,3.5281708,3.6684587,0.0,0.0,0.0,1.0
4176,-0.668243,3.5475469,3.5388842,0.0,0.0,0.0,1.0
4177,-0.49290642,3.3409774,3.4273584,0.0,0.0,0.0,1.0
4178,-0.4456165,3.148181,3.342687,0.0,0.0,0.0,1.0
4179,-0.4667151,2.9490047,3.2917662,0.0,0.0,0.0,1.0
4180,-0.433976,3.0398543,3.256979,0.0,0.0,0.0,1.0
4181,-0.5736632,3.0702014,3.2632344,0.0,0.0,0.0,1.0
4182,-0.4499818,3.0399446,3.2658112,0.0,0.0,0.0,1.0
4183,-0.41651505,3.2149298,3.2770343,0.0,0.0,0.0,1.0
4184,-0.39468887,3.417044,3.302938,0.0,0.0,0.0,1.0
4185,-0.1618769,3.3644443,3.3520508,0.0,0.0,0.0,1.0
4186,0.074572586,3.4985144,3.4119406,0.0,0.0,0.0,1.0
4187,0.1138597,3.5590918,3.455685,0.0,0.0,0.0,1.0
4188,0.04328862,3.6822243,3.502926,0.0,0.0,0.0,1.0
4189,-0.051291272,3.6518216,3.54778,0.0,0.0,0.0,1.0
4190,0.044015978,3.737534,3.5764856,0.0,0.0,0.0,1.0
4191,-0.10076383,3.6676815,3.5860472,0.0,0.0,0.0,1.0
4192,-0.5758457,3.5647886,3.5971282,0.0,0.0,0.0,1.0
4193,-0.5503819,3.637094,3.584861,0.0,0.0,0.0,1.0
4194,-0.570753,3.5781927,3.5611858,0.0,0.0,0.0,1.0
4195,-0.7198981,3.5593953,3.526809,0.0,0.0,0.0,1.0
4196,-0.57948345,3.5317836,3.5162747,0.0,0.0,0.0,1.0
4197,-0.8472171,3.4974148,3.4903882,0.0,0.0,0.0,1.0
4198,-0.7584576,3.3513112,3.465238,0.0,0.0,0.0,1.0
4199,-0.7708258,3.2749891,3.444409,0.0,0.0,0.0,1.0
4200,-0.90614766,3.2697005,3.4184992,0.0,0.0,0.0,1.0
4201,-0.90178245,3.525411,3.4007494,0.0,0.0,0.0,1.0
4202,-0.745362,3.4268968,3.387332,0.0,0.0,0.0,1.0
4203,-0.7650055,3.3658793,3.3771193,0.0,0.0,0.0,1.0
4204,-0.7606402,3.3148391,3.3702476,0.0,0.0,0.0,1.0
4205,-0.7533648,3.3261776,3.3798552,0.0,0.0,0.0,1.0
4206,-0.8923244,3.3651946,3.3958972,0.0,0.0,0.0,1.0
4207,-0.48563114,3.3983846,3.4066746,0.0,0.0,0.0,1.0
4208,-0.61295015,3.4092329,3.3896277,0.0,0.0,0.0,1.0
4209,-0.4812659,3.4149559,3.38914,0.0,0.0,0.0,1.0
4210,-0.50163686,3.4666016,3.3933268,0.0,0.0,0.0,1.0
4211,-0.5103674,3.467492,3.399793,0.0,0.0,0.0,1.0
4212,-0.9396143,3.3990293,3.3935518,0.0,0.0,0.0,1.0
4213,-0.76500547,3.3208482,3.3894823,0.0,0.0,0.0,1.0
4214,-0.78901416,3.4210432,3.382738,0.0,0.0,0.0,1.0
4215,-0.8093853,3.4161222,3.3758655,0.0,0.0,0.0,1.0
4216,-0.75409245,3.3924317,3.36775,0.0,0.0,0.0,1.0
4217,-0.7271735,3.2512848,3.3533273,0.0,0.0,0.0,1.0
4218,-0.72426337,3.316361,3.3411586,0.0,0.0,0.0,1.0
4219,-0.72935605,3.3174539,3.3370514,0.0,0.0,0.0,1.0
4220,-0.74390686,3.326761,3.3440638,0.0,0.0,0.0,1.0
4221,-0.87559104,3.3175716,3.3388798,0.0,0.0,0.0,1.0
4222,-0.4652601,3.2935295,3.3348732,0.0,0.0,0.0,1.0
4223,-0.47981077,3.321468,3.3332434,0.0,0.0,0.0,1.0
4224,-0.4819934,3.3497407,3.3466876,0.0,0.0,0.0,1.0
4225,-0.45580202,3.404997,3.3534355,0.0,0.0,0.0,1.0
4226,-0.48272106,3.358837,3.3646524,0.0,0.0,0.0,1.0
4227,-0.86613303,3.3680425,3.3722363,0.0,0.0,0.0,1.0
4228,-0.7606402,3.3728728,3.3821957,0.0,0.0,1.0,1.0
4229,-0.8959621,3.4126146,3.4004908,0.0,0.0,1.0,1.0
4230,-0.6827937,3.3973362,3.423727,0.0,0.0,1.0,1.0
4231,-0.65587485,3.452057,3.4567018,0.0,0.0,1.0,1.0
4232,-0.6675154,3.4177673,3.500799,0.0,0.0,1.0,1.0
4233,-0.6718807,3.437085,3.5673645,0.0,0.0,1.0,1.0
4234,-0.6362314,3.5130706,3.6507368,0.0,0.0,1.0,1.0
4235,-0.57802826,3.6003044,3.7534113,0.0,0.0,1.0,1.0
4236,-0.6136776,3.745438,3.8698118,0.0,0.0,1.0,1.0
4237,-0.33575845,3.934161,4.005552,0.0,0.0,1.0,1.0
4238,-0.3466714,4.1576242,4.1416397,0.0,0.0,1.0,1.0
4239,-0.36558735,4.368511,4.281214,0.0,0.0,1.0,1.0
4240,-0.3561294,4.6049657,4.4284697,0.0,0.0,1.0,1.0
4241,-0.43033826,4.809422,4.5831175,0.0,0.0,1.0,1.0
4242,-0.836304,5.0262165,4.7381926,0.0,0.0,1.0,1.0
4243,-0.71044016,5.0851116,4.8891683,0.0,0.0,1.0,1.0
4244,-0.6733358,5.092661,5.0168653,0.0,0.0,1.0,1.0
4245,-0.78974164,5.2041507,5.1298733,0.0,0.0,1.0,1.0
4246,-0.3495817,5.368841,5.2291117,0.0,0.0,1.0,1.0
4247,-0.41215,5.4612064,5.3068614,0.0,0.0,1.0,1.0
4248,0.21134938,5.5571465,5.360675,0.0,0.0,1.0,1.0
4249,0.48490348,5.466524,5.3879385,0.0,0.0,1.0,1.0
4250,0.7111676,5.5137253,5.390696,0.0,0.0,1.0,1.0
4251,0.7475446,5.559367,5.3876104,0.0,0.0,1.0,1.0
4252,0.7613678,5.537963,5.367318,0.0,0.0,1.0,1.0
4253,0.7853763,5.4551835,5.330152,0.0,0.0,0.0,1.0
4254,0.78464895,5.3533816,5.296386,0.0,0.0,0.0,1.0
4255,0.7955619,5.118201,5.259139,0.0,0.0,0.0,1.0
4256,0.21571481,5.0556326,5.2302804,0.0,0.0,0.0,1.0
4257,-0.26082227,4.960644,5.1955338,0.0,0.0,0.0,1.0
4258,-0.7133503,4.9228477,5.1521206,0.0,0.0,0.0,1.0
4259,-0.61295015,5.056015,5.108421,0.0,0.0,0.0,1.0
4260,-0.6136777,5.1101823,5.0783124,0.0,0.0,0.0,1.0
4261,-0.66751546,5.120221,5.0538116,0.0,0.0,0.0,1.0
4262,-0.6740632,5.0967665,5.028346,0.0,0.0,0.0,1.0
4263,-0.6551474,5.0384116,4.993896,0.0,0.0,0.0,1.0
4264,-0.64568937,5.013563,4.9579062,0.0,0.0,0.0,1.0
4265,-0.68206626,5.0938826,4.9170637,0.0,0.0,0.0,1.0
4266,-0.15532911,5.0593696,4.870746,0.0,0.0,0.0,1.0
4267,-0.15169147,4.8126183,4.8078947,0.0,0.0,0.0,1.0
4268,-0.14878124,4.642228,4.727514,0.0,0.0,0.0,1.0
4269,-0.15678418,4.5287666,4.640263,0.0,0.0,0.0,1.0
4270,-0.12550007,4.4327383,4.5340705,0.0,0.0,0.0,1.0
4271,-0.09348846,4.500207,4.4254007,0.0,0.0,0.0,1.0
4272,-0.7322663,4.355962,4.295779,0.0,0.0,0.0,1.0
4273,-0.6369589,4.1556497,4.15113,0.0,0.0,0.0,1.0
4274,-0.6413241,4.0497584,4.0234385,0.0,0.0,0.0,1.0
4275,-0.63550377,3.7641034,3.9124231,0.0,0.0,0.0,1.0
4276,-0.64132404,3.7095227,3.8153472,0.0,0.0,0.0,1.0
4277,-0.6391415,3.5384285,3.7184398,0.0,0.0,0.0,1.0
4278,-0.64932704,3.3235781,3.6304128,0.0,0.0,0.0,1.0
4279,-0.6165878,3.2803197,3.5563002,0.0,0.0,0.0,1.0
4280,-0.75409245,3.310044,3.496498,0.0,0.0,0.0,1.0
4281,-0.61877036,3.3638558,3.4464364,0.0,0.0,0.0,1.0
4282,-0.8072025,3.2698493,3.4348888,0.0,0.0,0.0,1.0
4283,-0.57220805,3.4438834,3.4339457,0.0,0.0,0.0,1.0
4284,-0.27973795,3.4666076,3.4413188,0.0,0.0,0.0,1.0
4285,-0.29210618,3.4380267,3.4686942,0.0,0.0,0.0,1.0
4286,-0.38523087,3.4490163,3.5131361,0.0,0.0,0.0,1.0
4287,-0.29574385,3.6255343,3.5508053,0.0,0.0,0.0,1.0
4288,-0.3088395,3.6982043,3.595553,0.0,0.0,0.0,1.0
4289,-0.31975257,3.6269042,3.6580856,0.0,0.0,1.0,1.0
4290,-0.010549298,3.6520855,3.698625,0.0,0.0,1.0,1.0
4291,-0.032375395,3.813623,3.7336009,0.0,0.0,1.0,1.0
4292,-0.28774107,3.7620738,3.7680912,0.0,0.0,1.0,1.0
4293,0.28628576,3.9008262,3.8080897,0.0,0.0,1.0,1.0
4294,0.30156407,4.0202427,3.8290398,0.0,0.0,1.0,1.0
4295,0.31538722,3.930357,3.8483427,0.0,0.0,1.0,1.0
4296,0.3241178,3.8863168,3.877443,0.0,0.0,1.0,1.0
4297,0.2884684,3.8519108,3.9053478,0.0,0.0,1.0,1.0
4298,0.25863943,3.9289982,3.9069421,0.0,0.0,1.0,1.0
4299,0.19461618,3.8769362,3.9100819,0.0,0.0,1.0,1.0
4300,0.22953805,3.9298368,3.9183497,0.0,0.0,1.0,1.0
4301,0.20916696,3.9761097,3.918719,0.0,0.0,1.0,1.0
4302,0.19243366,3.9869435,3.9249442,0.0,0.0,1.0,1.0
4303,0.16769734,3.8327549,3.9369373,0.0,0.0,1.0,1.0
4304,-0.11531456,3.7997484,3.950962,0.0,0.0,1.0,1.0
4305,-0.377228,4.000043,3.9629283,0.0,0.0,1.0,1.0
4306,-0.7373589,4.024672,3.9782088,0.0,0.0,1.0,1.0
4307,-0.59621674,4.00506,3.9896622,0.0,0.0,1.0,1.0
4308,-0.56493264,4.030233,3.9862008,0.0,0.0,1.0,1.0
4309,-0.8886868,4.020208,3.969095,0.0,0.0,1.0,1.0
4310,-0.75918514,4.0725927,3.9636605,0.0,0.0,1.0,1.0
4311,-0.7722809,4.060304,3.9602962,0.0,0.0,1.0,1.0
4312,-0.7941069,4.067277,3.9331346,0.0,0.0,1.0,1.0
4313,-0.8115679,3.9345741,3.8987503,0.0,0.0,1.0,1.0
4314,-0.7970171,3.7816718,3.8522573,0.0,0.0,1.0,1.0
4315,-0.9294288,3.767541,3.7962825,0.0,0.0,1.0,1.0
4316,-0.83630407,3.7593768,3.7315004,0.0,0.0,1.0,1.0
4317,-0.7948345,3.6741033,3.6569438,0.0,0.0,1.0,1.0
4318,-0.78683156,3.612061,3.5807533,0.0,0.0,1.0,1.0
4319,-0.8072027,3.4471443,3.506649,0.0,0.0,1.0,1.0
4320,-0.7606402,3.3585365,3.4399357,0.0,0.0,1.0,1.0
4321,-0.84648955,3.2428222,3.3735027,0.0,0.0,1.0,1.0
4322,-0.20771182,3.177915,3.3074503,0.0,0.0,1.0,1.0
4323,-0.18879586,3.1460183,3.2378936,0.0,0.0,1.0,1.0
4324,-0.20698424,3.1780252,3.1801813,0.0,0.0,1.0,1.0
4325,-0.17642777,3.134013,3.130246,0.0,0.0,1.0,1.0
4326,-0.7759185,2.9844754,3.0884256,0.0,0.0,1.0,1.0
4327,-0.68424886,2.9749122,3.0505292,0.0,0.0,1.0,1.0
4328,-0.658785,2.9246976,3.024518,0.0,0.0,1.0,1.0
4329,-0.61658776,2.9815557,3.0070224,0.0,0.0,1.0,1.0
4330,-0.6369589,3.0128367,2.9955435,0.0,0.0,1.0,1.0
4331,-0.63550377,2.9452991,2.9793348,0.0,0.0,1.0,1.0
4332,-0.62895584,2.9037812,2.964553,0.0,0.0,1.0,1.0
4333,-0.6442342,2.9306865,2.9572215,0.0,0.0,1.0,1.0
4334,-0.6435068,2.9679663,2.9508183,0.0,0.0,1.0,1.0
4335,-0.6231357,3.0082743,2.948307,0.0,0.0,1.0,1.0
4336,-0.7548199,2.9835215,2.9378288,0.0,0.0,1.0,1.0
4337,-0.5918516,2.95663,2.9280798,0.0,0.0,1.0,1.0
4338,-0.5627501,2.8964963,2.9248114,0.0,0.0,1.0,1.0
4339,-0.66824293,2.8980742,2.923485,0.0,0.0,1.0,1.0
4340,-0.6566024,2.8945622,2.919944,0.0,0.0,1.0,1.0
4341,-0.7548198,2.855816,2.9146922,0.0,0.0,1.0,1.0
4342,-0.34521633,2.8958507,2.9115047,0.0,0.0,1.0,1.0
4343,-0.35758457,2.9060779,2.9158986,0.0,0.0,1.0,1.0
4344,-0.35976714,2.8878663,2.9219043,0.0,0.0,1.0,1.0
4345,-0.36122227,2.888193,2.9365096,0.0,0.0,1.0,1.0
4346,-0.3815933,2.9049444,2.9608986,0.0,0.0,1.0,1.0
4347,-0.39978173,2.970024,3.0003536,0.0,0.0,1.0,1.0
4348,-0.72353584,3.0362473,3.0537908,0.0,0.0,1.0,1.0
4349,-0.64277923,3.0287004,3.1024127,0.0,0.0,1.0,1.0
4350,-0.59185165,3.0717585,3.1566045,0.0,0.0,1.0,1.0
4351,-0.59112406,3.1907423,3.2184005,0.0,0.0,1.0,1.0
4352,-0.59621686,3.3680232,3.2928784,0.0,0.0,1.0,1.0
4353,-0.34448883,3.4970608,3.3747132,0.0,0.0,1.0,1.0
4354,-0.35903963,3.479316,3.46062,0.0,0.0,1.0,1.0
4355,-0.11385956,3.5563788,3.549141,0.0,0.0,1.0,1.0
4356,-0.09276089,3.6294174,3.6442235,0.0,0.0,1.0,1.0
4357,-0.10003633,3.7819269,3.7450457,0.0,0.0,1.0,1.0
4358,-0.21716975,3.886964,3.8390527,0.0,0.0,1.0,1.0
4359,-0.10803927,4.0009036,3.9145014,0.0,0.0,0.0,1.0
4360,-0.11240435,4.0984983,3.9861727,0.0,0.0,0.0,1.0
4361,-0.6667879,4.1696916,4.0597873,0.0,0.0,0.0,1.0
4362,-0.6667879,4.281626,4.128607,0.0,0.0,1.0,1.0
4363,-0.67697346,4.3188252,4.1816993,0.0,0.0,1.0,1.0
4364,-0.6857039,4.273407,4.220701,0.0,0.0,1.0,1.0
4365,-0.6740632,4.357118,4.2537804,0.0,0.0,1.0,1.0
4366,-0.6827938,4.3626895,4.270238,0.0,0.0,1.0,1.0
4367,-0.71989816,4.382216,4.2735844,0.0,0.0,1.0,1.0
4368,-0.6704256,4.2665257,4.2653937,0.0,0.0,1.0,1.0
4369,-0.6871589,4.2499495,4.243335,0.0,0.0,1.0,1.0
4370,-0.60130954,4.283915,4.2156477,0.0,0.0,1.0,1.0
4371,-0.72862864,4.1983957,4.1895666,0.0,0.0,1.0,1.0
4372,-0.098581254,4.138651,4.150366,0.0,0.0,1.0,1.0
4373,-0.1007639,4.071407,4.1096563,0.0,0.0,1.0,1.0
4374,-0.064386934,4.016918,4.074804,0.0,0.0,1.0,1.0
4375,-0.11240441,3.9865806,4.060411,0.0,0.0,1.0,1.0
4376,-0.11822471,3.9604304,4.049794,0.0,0.0,1.0,1.0
4377,-0.11531456,3.8867133,4.038816,0.0,0.0,1.0,1.0
4378,-0.61804295,3.8741748,4.0362015,0.0,0.0,1.0,1.0
4379,-0.63768643,3.9639878,4.048004,0.0,0.0,1.0,1.0
4380,-0.6173154,4.0938087,4.0714803,0.0,0.0,1.0,1.0
4381,-0.77664596,4.122547,4.103746,0.0,0.0,1.0,1.0
4382,-0.6987996,4.1521792,4.1458373,0.0,0.0,1.0,1.0
4383,-0.6820662,4.1670175,4.1938324,0.0,0.0,1.0,1.0
4384,-0.75045466,4.280285,4.2497425,0.0,0.0,1.0,1.0
4385,-0.7315388,4.3531218,4.3094697,0.0,0.0,1.0,1.0
4386,-0.86613303,4.4041038,4.356242,0.0,0.0,1.0,1.0
4387,-0.45216447,4.491677,4.393751,0.0,0.0,1.0,1.0
4388,0.10585662,4.536373,4.4376316,0.0,0.0,1.0,1.0
4389,0.12622772,4.5576334,4.4805593,0.0,0.0,1.0,1.0
4390,0.3554019,4.590902,4.511541,0.0,0.0,1.0,1.0
4391,0.39032367,4.5252566,4.5169888,0.0,0.0,1.0,1.0
4392,0.6362313,4.5439167,4.5203514,0.0,0.0,1.0,1.0
4393,0.6391415,4.6491165,4.5223193,0.0,0.0,1.0,1.0
4394,0.6595124,4.667311,4.519752,0.0,0.0,1.0,1.0
4395,0.6369588,4.5387917,4.502002,0.0,0.0,1.0,1.0
4396,0.65005445,4.3456593,4.46801,0.0,0.0,1.0,1.0
4397,0.1385957,4.393479,4.4328785,0.0,0.0,1.0,1.0
4398,-0.481266,4.4277134,4.3948154,0.0,0.0,1.0,1.0
4399,-0.6158603,4.460872,4.3612328,0.0,0.0,1.0,1.0
4400,-0.7024373,4.323369,4.317608,0.0,0.0,1.0,1.0
4401,-0.619498,4.1497326,4.269645,0.0,0.0,1.0,1.0
4402,-0.630411,4.1693215,4.23787,0.0,0.0,1.0,1.0
4403,-0.63477623,4.0685034,4.220463,0.0,0.0,1.0,1.0
4404,-0.63695884,4.140923,4.1915145,0.0,0.0,1.0,1.0
4405,-0.7453619,4.1256213,4.147178,0.0,0.0,1.0,1.0
4406,-0.6558748,4.0917587,4.0973425,0.0,0.0,1.0,1.0
4407,-0.64641684,4.157489,4.066137,0.0,0.0,1.0,1.0
4408,-0.6485995,4.136769,4.039523,0.0,0.0,1.0,1.0
4409,-0.5983994,4.0461025,4.0041723,0.0,0.0,0.0,1.0
4410,-0.60494727,3.8956764,3.9646134,0.0,0.0,0.0,1.0
4411,-0.59476167,3.8628457,3.9164336,0.0,0.0,0.0,1.0
4412,-0.69807196,3.9488993,3.8700676,0.0,0.0,0.0,1.0
4413,-0.34012368,3.8303697,3.8210077,0.0,0.0,0.0,1.0
4414,-0.044015907,3.7451084,3.767514,0.0,0.0,0.0,1.0
4415,-0.033102967,3.5938,3.705035,0.0,0.0,0.0,1.0
4416,-0.033102825,3.5627627,3.6475675,0.0,0.0,0.0,1.0
4417,-0.06293186,3.5692306,3.5985003,0.0,0.0,0.0,1.0
4418,-0.10221897,3.5030408,3.5458958,0.0,0.0,0.0,1.0
4419,-0.6820662,3.5155618,3.47981,0.0,0.0,0.0,1.0
4420,-0.6689705,3.387021,3.4215493,0.0,0.0,0.0,1.0
4421,-0.6835213,3.3564947,3.37027,0.0,0.0,0.0,1.0
4422,-0.8130228,3.306869,3.3342822,0.0,0.0,1.0,1.0
4423,-0.60785735,3.2315927,3.299676,0.0,0.0,1.0,1.0
4424,-0.50090945,3.1558673,3.2673602,0.0,0.0,1.0,1.0
4425,-0.47544554,3.1312437,3.2427564,0.0,0.0,1.0,1.0
4426,-0.6071298,3.1297553,3.2224185,0.0,0.0,1.0,1.0
4427,-0.7308112,3.1619468,3.2208645,0.0,0.0,1.0,1.0
4428,-0.5249182,3.1474879,3.2265084,0.0,0.0,1.0,1.0
4429,-0.5569297,3.181443,3.2386491,0.0,0.0,1.0,1.0
4430,-0.5707529,3.2077942,3.261923,0.0,0.0,1.0,1.0
4431,-0.58603126,3.2715082,3.2904994,0.0,0.0,1.0,1.0
4432,-0.57730085,3.3683715,3.3166325,0.0,0.0,1.0,1.0
4433,-0.6616951,3.4242218,3.342268,0.0,0.0,1.0,1.0
4434,-0.70170975,3.4525561,3.373585,0.0,0.0,1.0,1.0
4435,-0.8370316,3.5108802,3.4104257,0.0,0.0,1.0,1.0
4436,-0.5285557,3.4987848,3.4521875,0.0,0.0,1.0,1.0
4437,-0.5249181,3.444841,3.4921207,0.0,0.0,1.0,1.0
4438,-0.20989452,3.4373794,3.5364454,0.0,0.0,0.0,1.0
4439,-0.24481635,3.5377512,3.587237,0.0,0.0,1.0,1.0
4440,-0.21134959,3.589578,3.6266766,0.0,0.0,1.0,1.0
4441,-0.4194253,3.6825855,3.6505377,0.0,0.0,1.0,1.0
4442,0.18734083,3.686993,3.6776967,0.0,0.0,1.0,1.0
4443,0.2077117,3.8034027,3.716639,0.0,0.0,1.0,1.0
4444,0.19461608,3.9778693,3.7576787,0.0,0.0,1.0,1.0
4445,0.24045095,3.8974993,3.7903886,0.0,0.0,1.0,1.0
4446,0.24699874,3.7388887,3.8141565,0.0,0.0,1.0,1.0
4447,0.23535809,3.836787,3.8298173,0.0,0.0,1.0,1.0
4448,0.698072,3.9660938,3.8437755,0.0,0.0,1.0,1.0
4449,0.7751909,3.9373174,3.8606827,0.0,0.0,1.0,1.0
4450,0.21498725,3.8298979,3.8596134,0.0,0.0,1.0,1.0
4451,0.2331757,3.8229656,3.8393698,0.0,0.0,1.0,1.0
4452,0.17933807,3.777506,3.8221965,0.0,0.0,1.0,1.0
4453,-0.124045074,3.8500867,3.8216195,0.0,0.0,1.0,1.0
4454,-0.13714072,3.889877,3.79984,0.0,0.0,1.0,1.0
4455,-0.6420517,3.7905724,3.7491815,0.0,0.0,1.0,1.0
4456,-0.6413241,3.7349458,3.7090347,0.0,0.0,1.0,1.0
4457,-0.6464169,3.6914206,3.6902068,0.0,0.0,1.0,1.0
4458,-0.6638777,3.7319632,3.6659636,0.0,0.0,1.0,1.0
4459,-0.658785,3.5754328,3.635412,0.0,0.0,1.0,1.0
4460,-0.67915606,3.3581939,3.6028388,0.0,0.0,1.0,1.0
4461,-0.68570393,3.4555545,3.576274,0.0,0.0,1.0,1.0
4462,-0.7308112,3.6039624,3.5548701,0.0,0.0,0.0,1.0
4463,-0.7111677,3.5320477,3.542165,0.0,0.0,0.0,1.0
4464,-0.8115679,3.4108858,3.525457,0.0,0.0,0.0,1.0
4465,-0.18152057,3.4592078,3.5029259,0.0,0.0,0.0,1.0
4466,-0.14805381,3.5711005,3.4957647,0.0,0.0,0.0,1.0
4467,-0.15532924,3.5337281,3.5108483,0.0,0.0,0.0,1.0
4468,-0.07530008,3.5824842,3.5196354,0.0,0.0,0.0,1.0
4469,-0.054929063,3.490923,3.5208328,0.0,0.0,1.0,1.0
4470,-0.2768278,3.4615884,3.5368338,0.0,0.0,1.0,1.0
4471,-0.5212804,3.4895003,3.5672314,0.0,0.0,1.0,1.0
4472,-0.5256456,3.5391967,3.5936348,0.0,0.0,1.0,1.0
4473,-0.5525645,3.561001,3.6134396,0.0,0.0,1.0,1.0
4474,-0.58966887,3.6183302,3.6393597,0.0,0.0,1.0,1.0
4475,-0.63477623,3.7240577,3.6640222,0.0,0.0,1.0,1.0
4476,-0.62604576,3.775658,3.7054265,0.0,0.0,1.0,1.0
4477,-0.77228075,3.7760506,3.7548923,0.0,0.0,1.0,1.0
4478,-0.8413968,3.8087559,3.8166156,0.0,0.0,1.0,1.0
4479,-0.6791561,3.8447716,3.8889916,0.0,0.0,1.0,1.0
4480,-0.6937068,3.8784337,3.9731774,0.0,0.0,1.0,1.0
4481,-0.7431793,3.987774,4.0673447,0.0,0.0,1.0,1.0
4482,-0.825391,4.0551786,4.166158,0.0,0.0,1.0,1.0
4483,-0.48053828,4.2301784,4.2731166,0.0,0.0,1.0,1.0
4484,-0.5401965,4.407709,4.393581,0.0,0.0,1.0,1.0
4485,-0.21280468,4.571231,4.52079,0.0,0.0,1.0,1.0
4486,0.3408512,4.7483363,4.6592336,0.0,0.0,1.0,1.0
4487,0.48781362,4.9098234,4.804202,0.0,0.0,1.0,1.0
4488,0.42742798,5.059155,4.9483104,0.0,0.0,1.0,1.0
4489,0.34448883,5.2216215,5.0918827,0.0,0.0,1.0,1.0
4490,0.10803916,5.335267,5.2177405,0.0,0.0,1.0,1.0
4491,0.13786812,5.5060935,5.333333,0.0,0.0,1.0,1.0
4492,0.13423048,5.6180544,5.435538,0.0,0.0,1.0,1.0
4493,0.0723898,5.7170763,5.528826,0.0,0.0,1.0,1.0
4494,0.03455797,5.778047,5.605258,0.0,0.0,1.0,1.0
4495,-0.42597318,5.740471,5.666235,0.0,0.0,1.0,1.0
4496,-0.46307757,5.794822,5.7154665,0.0,0.0,1.0,1.0
4497,-0.5401965,5.7976866,5.753362,0.0,0.0,1.0,1.0
4498,-0.5401965,5.867799,5.7761645,0.0,0.0,1.0,1.0
4499,-0.5401965,5.827004,5.788991,0.0,0.0,1.0,1.0
4500,-0.5401965,5.79088,5.7917323,0.0,0.0,1.0,1.0
4501,-0.5401965,5.8123994,5.7952824,0.0,0.0,1.0,1.0
4502,-0.5401965,5.7900147,5.8021536,0.0,0.0,1.0,1.0
4503,-0.5401965,5.7797203,5.816758,0.0,0.0,1.0,1.0
4504,-0.5401965,5.7719684,5.8352847,0.0,0.0,1.0,1.0
4505,-0.5401965,5.7499743,5.8668666,0.0,0.0,1.0,1.0
4506,-0.5401965,5.820651,5.926519,0.0,0.0,0.0,1.0
4507,-0.5401965,5.8229213,6.0093727,0.0,0.0,0.0,1.0
4508,-0.5401965,5.97008,6.112296,0.0,0.0,0.0,1.0
4509,-0.5401965,6.020002,6.2389,0.0,0.0,0.0,1.0
4510,-0.5401965,6.246786,6.390495,0.0,0.0,0.0,1.0
4511,-0.5401965,6.5428305,6.566298,0.0,0.0,0.0,1.0
4512,-0.5401965,6.7851276,6.770222,0.0,0.0,0.0,1.0
4513,-0.5401965,7.047475,6.9949913,0.0,0.0,0.0,1.0
4514,-0.5401965,7.309268,7.2376904,0.0,0.0,0.0,1.0
4515,-0.5401965,7.598856,7.4951835,0.0,0.0,0.0,1.0
4516,-0.5401965,7.881605,7.769371,0.0,0.0,0.0,1.0
4517,-0.5401965,8.1970625,8.041471,0.0,0.0,0.0,1.0
4518,-0.5401965,8.5178795,8.310572,0.0,0.0,1.0,1.0
4519,-0.5401965,8.735314,8.572693,0.0,0.0,1.0,1.0
4520,-0.5401965,9.059994,8.837561,1.0,0.0,1.0,1.0
4521,-0.5401965,9.310253,9.083502,1.0,0.0,1.0,1.0
4522,-0.5401965,9.511979,9.311327,1.0,0.0,1.0,1.0
4523,-0.5401965,9.77204,9.522039,1.0,0.0,1.0,1.0
4524,-0.5401965,9.930585,9.711373,1.0,0.0,1.0,1.0
4525,-0.5401965,10.225896,9.884602,1.0,0.0,1.0,1.0
4526,-0.5401965,10.260559,10.044862,1.0,0.0,1.0,1.0
4527,-0.5401965,10.332761,10.185244,1.0,0.0,1.0,1.0
4528,-0.5401965,10.410154,10.313464,1.0,0.0,1.0,1.0
4529,-0.5401965,10.469061,10.434487,1.0,0.0,1.0,1.0
4530,-0.5401965,10.596626,10.553844,1.0,0.0,1.0,1.0
4531,-0.5401965,10.658437,10.670481,1.0,0.0,1.0,1.0
4532,-0.5401965,10.744573,10.780951,1.0,0.0,1.0,1.0
4533,-0.5401965,10.848904,10.889907,1.0,0.0,1.0,1.0
4534,-0.5401965,10.9642515,11.009323,1.0,0.0,1.0,1.0
4535,-0.5401965,11.20433,11.130966,1.0,0.0,1.0,1.0
4536,-0.5401965,11.330219,11.272345,1.0,1.0,1.0,1.0
4537,-0.5401965,11.551534,11.434552,1.0,1.0,1.0,1.0
4538,-0.5401965,11.568036,11.621925,1.0,1.0,1.0,1.0
4539,-0.5401965,11.765752,11.830362,1.0,1.0,1.0,1.0
4540,-0.5401965,11.869872,12.057282,1.0,1.0,1.0,1.0
4541,-0.5401965,12.165597,12.290928,1.0,1.0,1.0,1.0
4542,-0.5401965,12.543124,12.528627,1.0,1.0,1.0,1.0
4543,-0.5401965,12.906909,12.775093,1.0,1.0,1.0,1.0
4544,-0.5401965,13.245814,13.015364,1.0,1.0,1.0,1.0
4545,-0.5401965,13.571947,13.267401,1.0,1.0,1.0,1.0
4546,-0.5401965,13.767996,13.511069,1.0,1.0,1.0,1.0
4547,-0.5401965,14.056727,13.75304,1.0,1.0,1.0,1.0
4548,-0.5401965,14.28781,13.971902,1.0,1.0,1.0,1.0
4549,-0.5401965,14.434779,14.174776,1.0,1.0,1.0,1.0
4550,-0.5401965,14.5924835,14.341602,1.0,1.0,1.0,1.0
4551,-0.5401965,14.689771,14.48321,1.0,1.0,1.0,1.0
4552,-0.5401965,14.773523,14.582092,1.0,1.0,1.0,1.0
4553,-0.5401965,14.791943,14.649058,1.0,1.0,1.0,1.0
4554,-0.5401965,14.97761,14.6768675,1.0,1.0,1.0,1.0
4555,-0.5401965,14.908829,14.670027,1.0,1.0,0.0,1.0
4556,-0.5401965,14.945095,14.635492,1.0,1.0,0.0,1.0
4557,-0.5401965,14.758538,14.576536,1.0,1.0,0.0,1.0
4558,-0.5401965,14.571592,14.494026,1.0,1.0,0.0,1.0
4559,-0.5401965,14.390434,14.39086,1.0,1.0,0.0,1.0
4560,-0.5401965,14.205718,14.268915,1.0,1.0,0.0,1.0
4561,-0.5401965,14.020366,14.117422,1.0,1.0,0.0,1.0
4562,-0.5401965,13.885013,13.960004,1.0,1.0,0.0,1.0
4563,-0.5401965,13.699658,13.788772,1.0,1.0,0.0,1.0
4564,-0.5401965,13.535521,13.625119,1.0,1.0,0.0,1.0
4565,-0.5401965,13.328612,13.470627,1.0,1.0,0.0,1.0
4566,-0.5401965,13.159691,13.3455105,1.0,1.0,0.0,1.0
4567,-0.5401965,13.019811,13.253252,1.0,1.0,0.0,1.0
4568,-0.5401965,12.890306,13.192674,1.0,1.0,0.0,1.0
4569,-0.5401965,12.794712,13.160024,1.0,1.0,0.0,1.0
4570,-0.5401965,12.717681,13.1585,1.0,1.0,0.0,1.0
4571,-0.5401965,12.889037,13.1867485,1.0,1.0,0.0,1.0
4572,-0.5401965,13.098617,13.248459,1.0,1.0,0.0,1.0
4573,-0.5401965,13.29343,13.340238,1.0,1.0,0.0,1.0
4574,-0.5401965,13.493208,13.460076,1.0,1.0,0.0,1.0
4575,-0.5401965,13.681373,13.607898,1.0,1.0,0.0,1.0
4576,-0.5401965,13.874503,13.787341,1.0,1.0,0.0,1.0
4577,-0.5401965,14.069142,13.990653,1.0,1.0,0.0,1.0
4578,-0.5401965,14.26103,14.197093,1.0,1.0,0.0,1.0
4579,-0.5401965,14.457876,14.403899,1.0,1.0,0.0,1.0
4580,-0.5401965,14.664168,14.61185,1.0,1.0,0.0,1.0
4581,-0.5401965,14.948027,14.820749,1.0,1.0,0.0,1.0
4582,-0.5401965,15.157425,15.0139675,1.0,1.0,0.0,1.0
4583,-0.5401965,15.366312,15.1910925,1.0,1.0,0.0,1.0
4584,-0.5401965,15.580291,15.351997,1.0,1.0,0.0,1.0
4585,-0.5401965,15.788838,15.496911,1.0,1.0,0.0,1.0
4586,0.10076383,16.0,15.625422,1.0,1.0,0.0,1.0
4587,0.12768272,16.0,15.736741,1.0,1.0,0.0,1.0
4588,0.15169153,16.0,15.824406,1.0,1.0,0.0,1.0
4589,0.21716975,16.0,15.89462,1.0,1.0,0.0,1.0
4590,0.19316109,16.0,15.947428,1.0,1.0,0.0,1.0
4591,0.23535824,16.0,15.982403,1.0,1.0,0.0,1.0
4592,0.21280463,16.0,16.0,1.0,1.0,0.0,1.0
4593,0.14950882,16.0,16.0,1.0,1.0,0.0,1.0
4594,0.13277537,16.0,16.0,1.0,1.0,0.0,1.0
4595,0.11967974,16.0,16.0,1.0,1.0,0.0,1.0
4596,0.12113478,16.0,16.0,1.0,1.0,0.0,1.0
4597,0.09057825,16.0,16.0,1.0,1.0,0.0,1.0
4598,-0.48272103,16.0,16.0,1.0,1.0,0.0,1.0
4599,-0.48781383,16.0,16.0,1.0,1.0,0.0,1.0
4600,-0.8843216,16.0,16.0,1.0,1.0,0.0,1.0
4601,-0.80138224,16.0,16.0,1.0,1.0,0.0,1.0
4602,-0.7941069,16.0,16.0,1.0,1.0,0.0,1.0
4603,-0.7322662,16.0,16.0,1.0,1.0,0.0,1.0
4604,-0.83921427,16.0,16.0,1.0,1.0,0.0,1.0
4605,-0.46089482,16.0,16.0,1.0,1.0,0.0,1.0
4606,-0.29137856,16.0,16.0,1.0,1.0,0.0,1.0
4607,-0.18588571,16.0,16.0,1.0,1.0,0.0,1.0
4608,-0.13932337,16.0,16.0,1.0,1.0,0.0,1.0
4609,-0.1713349,16.0,16.0,1.0,1.0,1.0,1.0
4610,-0.8079301,16.0,16.0,1.0,1.0,1.0,1.0
4611,-0.7380866,16.0,16.0,1.0,1.0,1.0,1.0
4612,-0.71116775,16.0,16.0,1.0,1.0,1.0,1.0
4613,-0.7031648,16.0,15.966966,1.0,1.0,1.0,1.0
4614,-0.70098215,16.0,15.872488,1.0,1.0,1.0,1.0
4615,-0.69225174,16.0,15.715314,1.0,1.0,1.0,1.0
4616,-0.7038923,16.0,15.497695,1.0,1.0,1.0,1.0
4617,-0.70098215,16.0,15.222559,1.0,1.0,1.0,1.0
4618,-0.65078217,15.603585,14.883801,1.0,1.0,1.0,1.0
4619,-0.66897047,14.866272,14.485227,1.0,1.0,1.0,1.0
4620,-0.6973444,14.113914,14.023679,1.0,1.0,1.0,1.0
4621,-0.67333573,13.38857,13.503586,1.0,1.0,1.0,1.0
4622,-0.6558749,12.698365,12.921144,1.0,1.0,1.0,1.0
4623,-0.65878505,11.93491,12.283276,1.0,1.0,1.0,1.0
4624,-0.7380866,11.217104,11.584615,1.0,1.0,1.0,1.0
4625,-0.58675873,10.461422,10.863814,1.0,1.0,1.0,1.0
4626,-0.6886141,9.75889,10.14335,1.0,1.0,1.0,1.0
4627,-0.31611487,9.010688,9.426554,1.0,1.0,1.0,1.0
4628,-0.060021784,8.345591,8.705439,1.0,1.0,1.0,1.0
4629,-0.0054565775,7.616068,8.008981,0.0,1.0,1.0,1.0
4630,0.51036745,6.9539785,7.371922,0.0,1.0,1.0,1.0
4631,0.5452892,6.220702,6.7981906,0.0,1.0,1.0,1.0
4632,0.2499089,5.5123563,6.2819085,0.0,1.0,1.0,1.0
4633,0.3946888,4.7351837,5.8180566,0.0,1.0,1.0,1.0
4634,0.42888314,4.3408747,5.414173,0.0,1.0,1.0,1.0
4635,0.4114222,4.290205,5.06384,0.0,1.0,1.0,1.0
4636,0.3779555,4.332326,4.7739015,0.0,1.0,1.0,1.0
4637,0.41287726,4.2660418,4.53905,0.0,1.0,1.0,1.0
4638,0.33284825,4.1926637,4.3666396,0.0,1.0,1.0,1.0
4639,-0.18079306,4.164085,4.2487125,0.0,1.0,1.0,1.0
4640,-0.5401965,4.1415954,4.1976156,0.0,1.0,1.0,1.0
4641,-0.5401965,4.1368074,4.176856,0.0,1.0,1.0,1.0
4642,-0.5401965,4.135759,4.1651306,0.0,1.0,1.0,1.0
4643,-0.5401965,4.1517754,4.149244,0.0,1.0,1.0,1.0
4644,-0.5401965,4.0972357,4.143185,0.0,1.0,1.0,1.0
4645,-0.5401965,4.1220207,4.1434193,0.0,1.0,1.0,1.0
4646,-0.5401965,4.091756,4.146916,0.0,1.0,1.0,1.0
4647,-0.5401965,4.1495037,4.1592226,0.0,1.0,1.0,1.0
4648,-0.5401965,4.141681,4.178477,0.0,1.0,1.0,1.0
4649,-0.5401965,4.193341,4.219257,0.0,1.0,1.0,1.0
4650,-0.5401965,4.1954703,4.2776504,0.0,1.0,1.0,1.0
4651,-0.5401965,4.2060432,4.3590097,0.0,1.0,1.0,1.0
4652,-0.5401965,4.2892776,4.4574966,0.0,1.0,1.0,1.0
4653,-0.5401965,4.367856,4.5739903,0.0,1.0,1.0,1.0
4654,-0.5401965,4.6251225,4.704393,0.0,1.0,1.0,1.0
4655,-0.5401965,4.8524985,4.8541017,0.0,1.0,1.0,1.0
4656,-0.5401965,5.073549,5.017846,0.0,1.0,1.0,1.0
4657,-0.5401965,5.3038607,5.199684,0.0,1.0,1.0,1.0
4658,-0.5401965,5.489682,5.398532,0.0,1.0,1.0,1.0
4659,-0.5401965,5.714331,5.612634,0.0,1.0,1.0,1.0
4660,-0.5401965,5.9381905,5.8447795,0.0,1.0,1.0,1.0
4661,-0.5401965,6.1582723,6.0811005,0.0,1.0,1.0,1.0
4662,-0.5401965,6.3775244,6.323918,0.0,1.0,1.0,1.0
4663,-0.5401965,6.5922184,6.5587363,0.0,1.0,1.0,1.0
4664,-0.5401965,6.858505,6.7997785,0.0,1.0,1.0,1.0
4665,-0.5401965,7.153602,7.0330563,0.0,1.0,1.0,1.0
4666,-0.5401965,7.4609747,7.25949,0.0,1.0,1.0,1.0
4667,-0.5401965,7.766305,7.477817,0.0,1.0,1.0,1.0
4668,-0.5401965,7.8913717,7.7219834,0.0,1.0,1.0,1.0
4669,-0.5401965,8.196364,7.991026,0.0,1.0,1.0,1.0
4670,-0.5401965,8.289017,8.2844715,0.0,1.0,1.0,1.0
4671,-0.5401965,8.431538,8.597041,1.0,1.0,0.0,1.0
4672,-0.5401965,8.558113,8.925408,1.0,1.0,0.0,1.0
4673,-0.5401965,9.088271,9.267586,1.0,1.0,0.0,1.0
4674,-0.5401965,9.6060295,9.622722,1.0,1.0,0.0,1.0
4675,-0.5401965,10.113567,10.004925,1.0,1.0,0.0,1.0
4676,-0.5401965,10.6093445,10.397581,1.0,1.0,0.0,1.0
4677,-0.5401965,11.094,10.822618,1.0,1.0,1.0,1.0
4678,-0.5401965,11.567102,11.275118,1.0,1.0,1.0,1.0
4679,-0.5401965,12.027937,11.758898,1.0,1.0,1.0,1.0
4680,-0.5401965,12.4778185,12.232502,1.0,1.0,1.0,1.0
4681,-0.5401965,12.908235,12.6974325,1.0,1.0,1.0,1.0
4682,-0.5401965,13.389457,13.155246,1.0,1.0,1.0,1.0
4683,-0.5401965,13.861536,13.604467,1.0,1.0,1.0,1.0
4684,-0.87704617,14.363472,14.013301,1.0,1.0,1.0,1.0
4685,-0.501637,14.77153,14.382709,1.0,1.0,1.0,1.0
4686,0.02218981,15.185192,14.713715,1.0,1.0,1.0,1.0
4687,0.06438682,15.60733,15.00723,1.0,1.0,1.0,1.0
4688,0.087668136,16.0,15.264876,1.0,1.0,1.0,1.0
4689,0.1305928,16.0,15.482422,1.0,1.0,1.0,1.0
4690,0.16696973,16.0,15.660627,1.0,1.0,1.0,1.0
4691,0.16333194,16.0,15.797005,1.0,1.0,1.0,1.0
4692,0.17279013,16.0,15.899377,1.0,1.0,1.0,1.0
4693,0.18370304,16.0,15.967278,1.0,1.0,1.0,1.0
4694,0.18806818,16.0,16.0,1.0,1.0,1.0,1.0
4695,0.44779915,16.0,16.0,1.0,1.0,1.0,1.0
4696,0.3648599,16.0,16.0,1.0,1.0,1.0,1.0
4697,-0.16915241,16.0,16.0,1.0,1.0,1.0,1.0
4698,-0.22153512,16.0,16.0,1.0,1.0,1.0,1.0
4699,-0.48999634,16.0,16.0,1.0,1.0,1.0,1.0
4700,-0.5358312,16.0,16.0,1.0,1.0,1.0,1.0
4701,-0.9046925,16.0,16.0,1.0,1.0,1.0,1.0
4702,-0.8006547,16.0,16.0,1.0,1.0,1.0,1.0
4703,-0.7802838,16.0,16.0,1.0,1.0,1.0,1.0
4704,-0.7235358,16.0,16.0,1.0,1.0,1.0,1.0
4705,-0.67042553,16.0,16.0,1.0,1.0,1.0,1.0
4706,-0.6791561,16.0,16.0,1.0,1.0,1.0,1.0
4707,-0.6573299,16.0,16.0,1.0,1.0,1.0,1.0
4708,-0.6449618,16.0,16.0,1.0,1.0,1.0,1.0
4709,-0.64059657,16.0,16.0,1.0,1.0,1.0,1.0
4710,-0.6587849,16.0,16.0,1.0,1.0,1.0,1.0
4711,-0.75918514,16.0,16.0,1.0,1.0,1.0,1.0
4712,-0.36922514,16.0,15.933673,1.0,1.0,1.0,1.0
4713,-0.35685697,16.0,15.801685,1.0,1.0,1.0,1.0
4714,-0.33357581,16.0,15.6051,1.0,1.0,1.0,1.0
4715,-0.29574376,16.0,15.341992,1.0,1.0,1.0,1.0
4716,-0.40923962,16.0,15.017868,1.0,1.0,1.0,1.0
4717,-0.79919976,15.20408,14.629149,1.0,1.0,1.0,1.0
4718,-0.6966169,14.416148,14.180489,1.0,1.0,1.0,1.0
4719,-0.66897047,13.640971,13.6660185,1.0,1.0,1.0,1.0
4720,-0.7046199,12.842707,13.087897,1.0,1.0,1.0,1.0
4721,-0.69443434,12.110512,12.440894,1.0,1.0,1.0,1.0
4722,-0.71698797,11.335373,11.731075,1.0,1.0,1.0,1.0
4723,-0.7191707,10.6160755,10.953092,1.0,1.0,1.0,1.0
4724,-0.72135323,9.826352,10.1806,1.0,1.0,1.0,1.0
4725,-0.7693706,9.062547,9.425646,1.0,1.0,1.0,1.0
4726,-0.7635504,8.235965,8.675394,1.0,1.0,1.0,1.0
4727,-0.7475446,7.4821787,7.9237857,0.0,1.0,0.0,1.0
4728,-0.88432145,6.6641927,7.2456264,0.0,1.0,1.0,1.0
4729,-0.22590019,5.934179,6.6372886,0.0,1.0,1.0,1.0
4730,-0.21280453,5.356697,6.1019406,0.0,1.0,1.0,1.0
4731,-0.20771182,4.6379457,5.638218,0.0,1.0,1.0,1.0
4732,-0.2273554,3.8234112,5.2229247,0.0,1.0,1.0,1.0
4733,-0.16478704,3.972601,4.888617,0.0,1.0,1.0,1.0
4734,-0.35030925,4.03532,4.6288886,0.0,1.0,1.0,1.0
4735,-0.31465986,4.191899,4.461836,0.0,1.0,1.0,1.0
4736,0.3510366,4.261679,4.367082,0.0,1.0,1.0,1.0
4737,0.32048008,4.079026,4.3288774,0.0,1.0,1.0,1.0
4738,0.38668603,4.2242737,4.3541865,0.0,1.0,1.0,1.0
4739,0.32193515,4.3654375,4.452589,0.0,1.0,1.0,1.0
4740,0.3604947,4.65956,4.536977,0.0,1.0,1.0,1.0
4741,0.36704248,4.7971377,4.599564,0.0,1.0,1.0,1.0
4742,0.36777008,4.8982363,4.6467977,0.0,1.0,1.0,1.0
4743,0.6544197,4.9416547,4.693968,0.0,1.0,1.0,1.0
4744,0.62240815,5.004246,4.745806,0.0,1.0,1.0,1.0
4745,0.875591,4.985254,4.7842255,0.0,1.0,1.0,1.0
4746,0.31684244,4.7863646,4.801198,0.0,1.0,1.0,1.0
4747,-0.5401965,4.7587037,4.7987227,0.0,1.0,1.0,1.0
4748,-0.5401965,4.8277183,4.798298,0.0,1.0,1.0,1.0
4749,-0.5401965,4.7010865,4.78655,0.0,1.0,1.0,1.0
4750,-0.5401965,4.6853056,4.759463,0.0,1.0,1.0,1.0
4751,-0.5401965,4.569111,4.7077694,0.0,1.0,1.0,1.0
4752,-0.5401965,4.6298547,4.64956,0.0,1.0,1.0,1.0
4753,-0.5401965,4.7920375,4.610906,0.0,1.0,1.0,1.0
4754,-0.5401965,4.757263,4.5855284,0.0,1.0,1.0,1.0
4755,-0.5401965,4.616609,4.5669312,0.0,1.0,1.0,1.0
4756,-0.5401965,4.383924,4.571418,0.0,1.0,1.0,1.0
4757,-0.5401965,4.28674,4.5935793,0.0,1.0,1.0,1.0
4758,-0.5401965,4.322522,4.6356344,0.0,1.0,1.0,1.0
4759,-0.5401965,4.4541693,4.6841364,0.0,1.0,1.0,1.0
4760,-0.5401965,4.60455,4.7432117,0.0,1.0,1.0,1.0
4761,-0.5401965,4.75493,4.826324,0.0,1.0,1.0,1.0
4762,-0.5401965,4.951243,4.948698,0.0,1.0,1.0,1.0
4763,-0.5401965,5.0737734,5.101065,0.0,1.0,1.0,1.0
4764,-0.5401965,5.211875,5.277671,0.0,1.0,1.0,1.0
4765,-0.5401965,5.5009413,5.465015,0.0,1.0,1.0,1.0
4766,-0.5401965,5.7546124,5.6613007,0.0,1.0,1.0,1.0
4767,-0.5401965,6.0850973,5.8670263,0.0,1.0,1.0,1.0
4768,-0.5401965,6.212329,6.0843997,0.0,1.0,1.0,1.0
4769,-0.5401965,6.406009,6.3059235,0.0,1.0,1.0,1.0
4770,-0.5401965,6.570652,6.530782,0.0,1.0,1.0,1.0
4771,-0.5401965,6.8095965,6.750731,0.0,1.0,1.0,1.0
4772,-0.5401965,7.0732574,6.945742,0.0,1.0,1.0,1.0
4773,-0.5401965,7.363411,7.128588,0.0,1.0,1.0,1.0
4774,-0.5401965,7.6095295,7.3022256,0.0,1.0,1.0,1.0
4775,-0.5401965,7.772076,7.5158787,0.0,1.0,1.0,1.0
4776,-0.5401965,7.8512607,7.75375,0.0,1.0,1.0,1.0
4777,-0.5401965,7.841076,8.018511,0.0,1.0,1.0,1.0
4778,-0.5401965,7.948765,8.297052,0.0,1.0,1.0,1.0
4779,-0.5401965,8.168747,8.598664,1.0,1.0,1.0,1.0
4780,-0.13859588,8.776166,8.922679,1.0,1.0,1.0,1.0
4781,-0.12331771,9.260462,9.267852,1.0,1.0,1.0,1.0
4782,0.4579846,9.747785,9.639466,1.0,1.0,1.0,1.0
4783,0.46962526,10.152092,10.043201,1.0,1.0,1.0,1.0
4784,0.41505983,10.692601,10.48389,1.0,1.0,1.0,1.0
4785,0.4594398,11.251586,10.952569,1.0,1.0,1.0,1.0
4786,0.19097833,11.751609,11.437597,1.0,1.0,1.0,1.0
4787,0.20625673,12.231451,11.915828,1.0,1.0,1.0,1.0
4788,0.19025093,12.696077,12.404433,1.0,1.0,1.0,1.0
4789,0.26955253,13.129334,12.891793,1.0,1.0,1.0,1.0
4790,0.24772635,13.572918,13.379119,1.0,1.0,1.0,1.0
4791,0.20989439,13.989092,13.821402,1.0,1.0,1.0,1.0
4792,-0.33721352,14.514921,14.217103,1.0,1.0,1.0,1.0
4793,-0.3124773,15.123732,14.5711355,1.0,1.0,1.0,1.0
4794,-0.7409967,15.596102,14.885181,1.0,1.0,1.0,1.0
4795,-0.62168056,16.0,15.160508,1.0,1.0,1.0,1.0
4796,-0.6253182,16.0,15.399731,1.0,1.0,1.0,1.0
4797,-0.07602751,16.0,15.601987,1.0,1.0,1.0,1.0
4798,-0.046926126,16.0,15.769563,1.0,1.0,1.0,1.0
4799,-0.123317495,16.0,15.893319,1.0,1.0,1.0,1.0
4800,-0.24336113,16.0,15.966342,1.0,1.0,1.0,1.0
4801,-0.16624212,16.0,16.0,1.0,1.0,1.0,1.0
4802,-0.83921415,16.0,16.0,1.0,1.0,1.0,1.0
4803,-0.91415054,16.0,16.0,1.0,1.0,1.0,1.0
4804,-0.7991997,16.0,16.0,1.0,1.0,1.0,1.0
4805,-0.78028375,16.0,16.0,1.0,1.0,1.0,1.0
4806,-0.7540925,16.0,16.0,1.0,1.0,1.0,1.0
4807,-0.7679156,16.0,15.924692,1.0,1.0,1.0,1.0
4808,-0.7460895,16.0,15.7680645,1.0,1.0,1.0,1.0
4809,-0.7700982,16.0,15.530943,1.0,1.0,1.0,1.0
4810,-0.74390686,16.0,15.2160635,1.0,1.0,1.0,1.0
4811,-0.7366314,16.0,14.826483,1.0,1.0,1.0,1.0
4812,-0.6762458,15.096301,14.369588,1.0,1.0,1.0,1.0
4813,-0.80938524,14.120471,13.844871,1.0,1.0,1.0,1.0
4814,-0.7024373,13.154549,13.247448,1.0,1.0,1.0,1.0
4815,-0.6864314,12.22144,12.575871,1.0,1.0,1.0,1.0
4816,-0.6966169,11.325037,11.839993,1.0,1.0,1.0,1.0
4817,-0.64859945,10.517258,11.04109,1.0,1.0,1.0,1.0
4818,-0.7308112,9.70339,10.1768265,1.0,1.0,1.0,1.0
4819,-0.3932338,8.830932,9.319862,1.0,1.0,1.0,1.0
4820,-0.3983266,7.9410796,8.476276,0.0,1.0,1.0,1.0
4821,-0.40341932,7.1694508,7.644214,0.0,1.0,0.0,1.0
4822,-0.38232085,6.4131756,6.821269,0.0,1.0,0.0,1.0
4823,-0.8799563,5.628837,6.083287,0.0,1.0,0.0,1.0
4824,-0.7933794,4.8127236,5.4302874,0.0,1.0,0.0,1.0
4825,-0.76282287,3.9974415,4.8636303,0.0,1.0,0.0,1.0
4826,-0.7519098,3.1698024,4.392251,0.0,1.0,0.0,1.0
4827,-0.91415054,2.3460996,4.019536,0.0,1.0,0.0,1.0
4828,-0.76136774,2.4692488,3.7258074,0.0,1.0,0.0,1.0
4829,-0.73444885,2.6812682,3.4997563,0.0,1.0,0.0,1.0
4830,-0.76209533,2.9035041,3.3381865,0.0,1.0,1.0,1.0
4831,-0.40560213,3.1743803,3.2540407,0.0,1.0,1.0,1.0
4832,0.7257184,3.4684997,3.2267313,0.0,1.0,1.0,1.0
4833,0.8166606,3.644709,3.2636247,0.0,1.0,1.0,1.0
4834,0.7795561,3.7005615,3.3682249,0.0,1.0,1.0,1.0
4835,0.7671881,3.689998,3.464486,0.0,1.0,1.0,1.0
4836,0.7882866,3.8029745,3.5410264,0.0,1.0,1.0,1.0
4837,0.7810111,3.6697307,3.5970426,0.0,1.0,1.0,1.0
4838,0.78173876,3.6125224,3.630283,0.0,1.0,1.0,1.0
4839,0.30738434,3.6013024,3.629751,0.0,1.0,1.0,1.0
4840,0.30592927,3.624379,3.602991,0.0,1.0,1.0,1.0
4841,0.3132047,3.5997555,3.557951,0.0,1.0,1.0,1.0
4842,-0.2964716,3.5756977,3.4896746,0.0,1.0,1.0,1.0
4843,-0.22953816,3.573268,3.3873847,0.0,1.0,1.0,1.0
4844,-0.7133503,3.462112,3.2770452,0.0,0.0,1.0,1.0
4845,-0.6064023,3.323592,3.1641219,0.0,0.0,1.0,1.0
4846,-0.58748645,3.1600814,3.0556645,0.0,0.0,1.0,1.0
4847,-0.5962168,2.8706784,2.941737,0.0,0.0,1.0,1.0
4848,-0.68061113,2.5754964,2.8365896,0.0,0.0,1.0,1.0
4849,-0.09494354,2.3456583,2.7358723,0.0,0.0,1.0,1.0
4850,-0.1284103,2.2574406,2.6368077,0.0,0.0,1.0,1.0
4851,-0.17497262,2.299816,2.549565,0.0,0.0,1.0,1.0
4852,-0.14878131,2.257246,2.478038,0.0,0.0,1.0,1.0
4853,-0.14659874,2.3379898,2.4294906,0.0,0.0,1.0,1.0
4854,-0.68497634,2.3670893,2.4116056,0.0,0.0,0.0,1.0
4855,-0.5605674,2.384492,2.429831,0.0,0.0,0.0,1.0
4856,-0.65805745,2.4152012,2.4795647,0.0,0.0,0.0,1.0
4857,-0.63259363,2.465267,2.5512612,0.0,0.0,0.0,1.0
4858,-0.47835577,2.5775106,2.637676,0.0,0.0,0.0,1.0
4859,-0.45871216,2.6560614,2.7396157,0.0,0.0,0.0,1.0
4860,-0.44852665,2.7942002,2.8433113,0.0,0.0,0.0,1.0
4861,-0.47908327,2.942461,2.9507577,0.0,0.0,0.0,1.0
4862,-0.5089123,3.1178012,3.0545466,0.0,0.0,0.0,1.0
4863,-0.47908318,3.3367922,3.1516423,0.0,0.0,0.0,1.0
4864,-0.572208,3.4805222,3.2438407,0.0,0.0,0.0,1.0
4865,-0.5300109,3.5823371,3.3203528,0.0,0.0,0.0,1.0
4866,-0.7155329,3.656446,3.383183,0.0,0.0,0.0,1.0
4867,-0.37941065,3.6299596,3.4286892,0.0,0.0,0.0,1.0
4868,-0.10731176,3.5803506,3.4599016,0.0,0.0,0.0,1.0
4869,-0.09130582,3.5716457,3.4693916,0.0,0.0,0.0,1.0
4870,-0.09494354,3.4956565,3.4545696,0.0,0.0,1.0,1.0
4871,-0.07311744,3.4100237,3.42375,0.0,0.0,1.0,1.0
4872,-0.1029464,3.3402762,3.376286,0.0,0.0,1.0,1.0
4873,-0.6056747,3.3170075,3.3184516,0.0,0.0,1.0,1.0
4874,-0.599127,3.231683,3.2562451,0.0,0.0,1.0,1.0
4875,-0.6034922,3.158928,3.1947215,0.0,0.0,1.0,1.0
4876,-0.6347762,3.110684,3.1321554,0.0,0.0,1.0,1.0
4877,-0.599127,3.0127716,3.0733993,0.0,0.0,1.0,1.0
4878,-0.5714806,2.9624345,3.0302672,0.0,0.0,1.0,1.0
4879,-0.6238632,2.8834815,3.0009212,0.0,0.0,1.0,1.0
4880,-0.83484906,2.8420663,2.9780111,0.0,0.0,1.0,1.0
4881,-0.7213532,2.8208525,2.960968,0.0,0.0,1.0,1.0
4882,-0.718443,2.7905827,2.9604688,0.0,0.0,1.0,1.0
4883,-0.70680255,2.89244,2.964397,0.0,0.0,1.0,1.0
4884,-0.69225174,2.9881232,2.9851809,0.0,0.0,1.0,1.0
4885,-0.87777376,3.0420861,3.0208085,0.0,0.0,1.0,1.0
4886,-0.8690433,3.0271666,3.0683434,0.0,0.0,1.0,1.0
4887,-0.44197893,3.1529377,3.1181054,0.0,0.0,0.0,1.0
4888,-0.45289195,3.15782,3.1721792,0.0,0.0,0.0,1.0
4889,-0.43397593,3.262179,3.227751,0.0,0.0,1.0,1.0
4890,-0.41214976,3.389965,3.2758224,0.0,0.0,1.0,1.0
4891,-0.4361585,3.453903,3.3138807,0.0,0.0,1.0,1.0
4892,-0.15823954,3.439208,3.3464196,0.0,0.0,1.0,1.0
4893,-0.19898158,3.4697409,3.376874,0.0,0.0,1.0,1.0
4894,0.15969433,3.4574418,3.3953912,0.0,0.0,1.0,1.0
4895,0.08184777,3.4692974,3.4167345,0.0,0.0,1.0,1.0
4896,0.07748269,3.4448233,3.4279459,0.0,0.0,1.0,1.0
4897,0.110949375,3.4325533,3.433868,0.0,0.0,1.0,1.0
4898,0.10367394,3.3926172,3.430846,0.0,0.0,1.0,1.0
4899,0.10949427,3.3751457,3.4341645,0.0,0.0,1.0,1.0
4900,0.13932331,3.4139395,3.4270227,0.0,0.0,1.0,1.0
4901,0.12040728,3.396714,3.413227,0.0,0.0,1.0,1.0
4902,-0.43906885,3.4610322,3.3915675,0.0,0.0,1.0,1.0
4903,-0.42888334,3.417639,3.3706872,0.0,0.0,1.0,1.0
4904,-0.16988005,3.4790297,3.3467772,0.0,0.0,1.0,1.0
4905,-0.43397585,3.3840399,3.3277588,0.0,0.0,1.0,1.0
4906,-0.19316101,3.2918928,3.3119667,0.0,0.0,1.0,1.0
4907,-0.17133498,3.2093828,3.2961574,0.0,0.0,1.0,1.0
4908,-0.15096396,3.1942623,3.2829883,0.0,0.0,1.0,1.0
4909,-0.23899585,3.1456308,3.2695782,0.0,0.0,1.0,1.0
4910,-0.48490348,3.164398,3.2589068,0.0,0.0,1.0,1.0
4911,-0.76573306,3.18564,3.2349653,0.0,0.0,1.0,1.0
4912,-0.74317944,3.224227,3.2161815,0.0,0.0,1.0,1.0
4913,-0.76646054,3.238686,3.2035677,0.0,0.0,1.0,1.0
4914,-0.74317926,3.3001106,3.1953583,0.0,0.0,1.0,1.0
4915,-0.70316476,3.2895834,3.1866472,0.0,0.0,1.0,1.0
4916,-0.7177155,3.1917293,3.1826422,0.0,0.0,1.0,1.0
4917,-0.70898503,3.158636,3.1727934,0.0,0.0,1.0,1.0
4918,-0.6944343,3.1405263,3.1615722,0.0,0.0,1.0,1.0
4919,-0.6849764,3.1108706,3.145733,0.0,0.0,1.0,1.0
4920,-0.67770094,3.0897288,3.1476455,0.0,0.0,1.0,1.0
4921,-0.6485995,3.0975716,3.1598608,0.0,0.0,1.0,1.0
4922,-0.65441984,3.0462115,3.1874878,0.0,0.0,1.0,1.0
4923,-0.6551472,3.0509853,3.219532,0.0,0.0,1.0,1.0
4924,-0.63041097,3.0341573,3.2488933,0.0,0.0,1.0,1.0
4925,-0.82684606,3.2616339,3.2770214,0.0,0.0,1.0,1.0
4926,-0.42597312,3.4466958,3.316291,0.0,0.0,1.0,1.0
4927,-0.15314667,3.6211083,3.3706734,0.0,0.0,1.0,1.0
4928,-0.1422336,3.576259,3.4271388,0.0,0.0,1.0,1.0
4929,0.4150599,3.5109694,3.4896653,0.0,0.0,1.0,1.0
4930,0.45580196,3.4780643,3.5510821,0.0,0.0,1.0,1.0
4931,0.48926857,3.5821083,3.6140323,0.0,0.0,1.0,1.0
4932,0.47835562,3.7423153,3.6561797,0.0,0.0,1.0,1.0
4933,0.28846833,3.775159,3.690992,0.0,0.0,1.0,1.0
4934,0.24627121,3.7965271,3.7137618,0.0,0.0,1.0,1.0
4935,0.32266265,3.7879887,3.7418664,0.0,0.0,1.0,1.0
4936,0.6042197,3.7895596,3.7623038,0.0,0.0,1.0,1.0
4937,0.6522371,3.7674007,3.7749593,0.0,0.0,1.0,1.0
4938,0.63986903,3.864445,3.7614796,0.0,0.0,1.0,1.0
4939,0.06438714,3.8943462,3.7444208,0.0,0.0,1.0,1.0
4940,0.36995277,3.9135137,3.73035,0.0,0.0,1.0,1.0
4941,0.3779555,3.756218,3.7193124,0.0,0.0,1.0,1.0
4942,-0.015641946,3.6299312,3.7027335,0.0,0.0,0.0,1.0
4943,0.0010914291,3.4203515,3.678993,0.0,0.0,0.0,1.0
4944,-0.018552164,3.5376093,3.6600614,0.0,0.0,0.0,1.0
4945,-0.67624587,3.6063087,3.6367476,0.0,0.0,0.0,1.0
4946,-0.57439065,3.6640763,3.6165094,0.0,0.0,0.0,1.0
4947,-0.5678429,3.5890405,3.5982535,0.0,0.0,0.0,1.0
4948,-0.6806112,3.504675,3.593908,0.0,0.0,0.0,1.0
4949,-0.581666,3.5402217,3.5949676,0.0,0.0,0.0,1.0
4950,-0.5765733,3.5846794,3.6148715,0.0,0.0,0.0,1.0
4951,-0.6042196,3.6514866,3.6290445,0.0,0.0,0.0,1.0
4952,-0.6056748,3.694445,3.6395078,0.0,0.0,0.0,1.0
4953,-0.7635503,3.7040706,3.639698,0.0,0.0,0.0,1.0
4954,-0.80865765,3.6426477,3.6479738,0.0,0.0,0.0,1.0
4955,-0.69297916,3.6591988,3.656584,0.0,0.0,0.0,1.0
4956,-0.8232084,3.7076828,3.6603723,0.0,0.0,0.0,1.0
4957,-0.19461615,3.7318704,3.658105,0.0,0.0,0.0,1.0
4958,-0.15241896,3.6663573,3.6468692,0.0,0.0,0.0,1.0
4959,-0.20698424,3.688351,3.6258428,0.0,0.0,0.0,1.0
4960,-0.14296095,3.607998,3.6004267,0.0,0.0,0.0,1.0
4961,-0.13568558,3.5856788,3.579983,0.0,0.0,0.0,1.0
4962,-0.7628228,3.5574715,3.5535104,0.0,0.0,0.0,1.0
4963,-0.5074572,3.5166576,3.520012,0.0,0.0,0.0,1.0
4964,-0.5365587,3.4421294,3.4904065,0.0,0.0,0.0,1.0
4965,-0.51837033,3.399078,3.4716659,0.0,0.0,0.0,1.0
4966,-0.53655875,3.3973227,3.4549391,0.0,0.0,0.0,1.0
4967,-0.54019636,3.3415291,3.448641,0.0,0.0,0.0,1.0
4968,-0.55329204,3.3056982,3.4475837,0.0,0.0,0.0,1.0
4969,-0.7671881,3.3766077,3.4436884,0.0,0.0,0.0,1.0
4970,-0.61004,3.441469,3.4396946,0.0,0.0,0.0,1.0
4971,-0.64059657,3.4876306,3.4400127,0.0,0.0,0.0,1.0
4972,-0.6573299,3.5324206,3.444474,0.0,0.0,0.0,1.0
4973,-0.67042553,3.5729897,3.4479718,0.0,0.0,0.0,1.0
4974,-0.6064023,3.5107296,3.4569402,0.0,0.0,0.0,1.0
4975,-0.68279374,3.468731,3.4681573,0.0,0.0,0.0,1.0
4976,-0.34739903,3.4459453,3.4732463,0.0,0.0,0.0,1.0
4977,-0.33721352,3.4526145,3.4656537,0.0,0.0,0.0,1.0
4978,-0.33866853,3.439297,3.4507272,0.0,0.0,0.0,1.0
4979,-0.37213528,3.4491498,3.426269,0.0,0.0,0.0,1.0
4980,-0.3248453,3.4403024,3.406294,0.0,0.0,0.0,1.0
4981,-0.6595125,3.4376755,3.4036703,0.0,0.0,0.0,1.0
4982,-0.5598399,3.3503575,3.4085436,0.0,0.0,0.0,1.0
4983,-0.5583848,3.3085153,3.4194744,0.0,0.0,0.0,1.0
4984,-0.5780283,3.23892,3.442336,0.0,0.0,0.0,1.0
4985,-0.7169879,3.3332915,3.4880075,0.0,0.0,0.0,1.0
4986,-0.61003995,3.479243,3.5520682,0.0,0.0,0.0,1.0
4987,-0.6042196,3.527211,3.6276014,0.0,0.0,0.0,1.0
4988,-0.8188432,3.577114,3.7185428,0.0,0.0,0.0,1.0
4989,-0.7817388,3.7269545,3.8301916,0.0,0.0,0.0,1.0
4990,-0.4063296,3.9873548,3.95758,0.0,0.0,0.0,1.0
4991,0.19970898,4.217879,4.104534,0.0,0.0,0.0,1.0
4992,0.09421597,4.3467016,4.2614,0.0,0.0,0.0,1.0
4993,0.34885404,4.528971,4.4251695,0.0,0.0,0.0,1.0
4994,0.60058206,4.690144,4.605573,0.0,0.0,0.0,1.0
4995,0.58021086,4.8371778,4.804234,0.0,0.0,0.0,1.0
4996,0.578756,5.0023685,4.997061,0.0,0.0,1.0,1.0
4997,0.5642052,5.215682,5.16571,0.0,0.0,1.0,1.0
4998,0.5642052,5.444478,5.320532,0.0,0.0,1.0,1.0
4999,0.017096985,5.6920547,5.4687743,0.0,0.0,1.0,1.0
5000,-0.5547473,5.9610415,5.6021833,0.0,0.0,1.0,1.0
5001,-0.6907967,6.0408773,5.7205544,0.0,0.0,1.0,1.0
5002,-0.3110223,6.011144,5.8329606,0.0,0.0,1.0,1.0
5003,-0.20334677,6.075741,5.9431267,0.0,0.0,1.0,1.0
5004,0.31393215,6.1256094,6.039732,0.0,0.0,1.0,1.0
5005,0.24554385,6.1298814,6.119699,0.0,0.0,1.0,1.0
5006,0.30374685,6.1105957,6.181335,0.0,0.0,1.0,1.0
5007,0.35540184,6.1860566,6.2250423,0.0,0.0,1.0,1.0
5008,0.32993802,6.32436,6.274875,0.0,0.0,1.0,1.0
5009,0.35831204,6.3749433,6.32939,0.0,0.0,1.0,1.0
5010,0.33357567,6.4040813,6.3909745,0.0,0.0,1.0,1.0
5011,0.35394678,6.4316893,6.4465737,0.0,0.0,1.0,1.0
5012,0.3357584,6.4855294,6.4965296,0.0,0.0,0.0,1.0
5013,0.3182975,6.63887,6.543003,0.0,0.0,1.0,1.0
5014,0.08694074,6.6653223,6.578044,0.0,0.0,1.0,1.0
5015,0.044743624,6.814754,6.59356,0.0,0.0,1.0,1.0
5016,-0.24627128,6.792802,6.5915456,0.0,0.0,1.0,1.0
5017,-0.2979265,6.72935,6.573762,0.0,0.0,1.0,1.0
5018,-0.48344857,6.668277,6.5359087,0.0,0.0,1.0,1.0
5019,-0.7104402,6.6065493,6.4776006,0.0,0.0,1.0,1.0
5020,-0.6369589,6.5105553,6.391368,0.0,0.0,1.0,1.0
5021,-0.6529646,6.3507686,6.2914357,0.0,0.0,1.0,1.0
5022,-0.8872317,6.1906753,6.168032,0.0,0.0,1.0,1.0
5023,-0.7730084,5.977452,6.034169,0.0,0.0,1.0,1.0
5024,-0.7642778,5.785832,5.8757086,0.0,0.0,1.0,1.0
5025,-0.8726809,5.6040773,5.7041154,0.0,0.0,1.0,1.0
5026,-0.7257184,5.466139,5.5075936,0.0,0.0,1.0,1.0
5027,-0.69734436,5.33391,5.2981977,0.0,0.0,1.0,1.0
5028,-0.745362,5.186446,5.0851316,0.0,0.0,1.0,1.0
5029,-0.7220808,4.8278213,4.8707695,0.0,0.0,1.0,1.0
5030,-0.84648955,4.609161,4.667363,0.0,0.0,1.0,1.0
5031,-0.42524555,4.248284,4.4729233,0.0,0.0,1.0,1.0
5032,-0.3743178,3.9978054,4.287306,0.0,0.0,1.0,1.0
5033,-0.3925063,3.7939742,4.115509,0.0,0.0,1.0,1.0
5034,-0.36631492,3.6183326,3.952666,0.0,0.0,1.0,1.0
5035,-0.71989816,3.536574,3.7945712,0.0,0.0,1.0,1.0
5036,-0.6798836,3.4525537,3.661004,0.0,0.0,1.0,1.0
5037,-0.6653328,3.3766692,3.5426366,0.0,0.0,1.0,1.0
5038,-0.7322663,3.4045753,3.4524195,0.0,0.0,1.0,1.0
5039,-0.73081124,3.3797965,3.394619,0.0,0.0,1.0,1.0
5040,-0.8384866,3.2893085,3.3649313,0.0,0.0,1.0,1.0
5041,-0.70607495,3.2250137,3.363073,0.0,0.0,0.0,1.0
5042,-0.8821389,3.1887524,3.379297,0.0,0.0,1.0,1.0
5043,-0.75118214,3.1656795,3.4163558,0.0,0.0,1.0,1.0
5044,-0.7970171,3.304199,3.4684224,0.0,0.0,1.0,1.0
5045,-0.7620953,3.4377208,3.5277147,0.0,0.0,1.0,1.0
5046,-0.88941425,3.5960338,3.5908656,0.0,0.0,1.0,1.0
5047,-0.41142234,3.7312617,3.6645195,0.0,0.0,1.0,1.0
5048,-0.15096389,3.8972595,3.7447836,0.0,0.0,1.0,1.0
5049,-0.11749728,4.001469,3.8224723,0.0,0.0,1.0,1.0
5050,-0.12550001,4.1160817,3.8968372,0.0,0.0,1.0,1.0
5051,-0.11604206,4.137606,3.9574654,0.0,0.0,1.0,1.0
5052,-0.36267728,4.173158,4.0081234,0.0,0.0,1.0,1.0
5053,-0.75700253,4.188181,4.049549,0.0,0.0,1.0,1.0
5054,-0.6660603,4.1210165,4.073383,0.0,0.0,1.0,1.0
5055,-0.79992723,4.0580587,4.0597653,0.0,0.0,1.0,1.0
5056,-0.64205164,4.031737,4.0172167,0.0,0.0,1.0,1.0
5057,-0.79046935,4.045617,3.9462671,0.0,0.0,1.0,1.0
5058,-0.6646053,4.0931416,3.8549879,0.0,0.0,1.0,1.0
5059,-0.6464168,4.017268,3.7431903,0.0,0.0,1.0,1.0
5060,-0.6158603,3.7338474,3.613792,0.0,0.0,1.0,1.0
5061,-0.5969443,3.4908862,3.4771671,0.0,0.0,1.0,1.0
5062,-0.6616951,3.2646866,3.3343542,0.0,0.0,1.0,1.0
5063,-0.29865414,3.0422575,3.1872144,0.0,0.0,1.0,1.0
5064,-0.066569574,2.8315861,3.0357928,0.0,0.0,1.0,1.0
5065,-0.06729708,2.6354008,2.8696826,0.0,0.0,1.0,1.0
5066,-0.052018847,2.4815197,2.7080097,0.0,0.0,1.0,1.0
5067,-0.12331757,2.344302,2.5697322,0.0,0.0,1.0,1.0
5068,-0.09130589,2.266059,2.44797,0.0,0.0,1.0,1.0
5069,-0.4776281,2.2285578,2.3365545,0.0,0.0,1.0,1.0
5070,-0.75918514,2.0998187,2.243892,0.0,0.0,1.0,1.0
5071,-0.66606045,2.077195,2.1730525,0.0,0.0,1.0,1.0
5072,-0.6806111,2.0745156,2.1204538,0.0,0.0,1.0,1.0
5073,-0.647872,2.0297394,2.080676,0.0,0.0,1.0,1.0
5074,-0.6857038,1.9277035,2.0530007,0.0,0.0,1.0,1.0
5075,-0.64496183,1.9303074,2.0403357,0.0,0.0,1.0,1.0
5076,-0.67260814,1.9815129,2.026837,0.0,0.0,1.0,1.0
5077,-0.66751546,2.004215,2.02387,0.0,0.0,1.0,1.0
5078,-0.6631503,2.004188,2.0402412,0.0,0.0,1.0,1.0
5079,-0.6951619,2.012196,2.0702276,0.0,0.0,1.0,1.0
5080,-0.6638778,2.1140785,2.1011848,0.0,0.0,1.0,1.0
5081,-0.79483455,2.0665746,2.1462111,0.0,0.0,1.0,1.0
5082,-0.21498717,2.064213,2.1885629,0.0,0.0,1.0,1.0
5083,-0.20771188,2.2736495,2.2237964,0.0,0.0,1.0,1.0
5084,-0.20989439,2.4343529,2.2583046,0.0,0.0,1.0,1.0
5085,-0.25427416,2.401227,2.2923107,0.0,0.0,0.0,1.0
5086,-0.22662783,2.4680192,2.3237104,0.0,0.0,0.0,1.0
5087,-0.85230994,2.438528,2.3578308,0.0,0.0,0.0,1.0
5088,-0.7475446,2.404314,2.4016216,0.0,0.0,0.0,1.0
5089,-0.7191706,2.418315,2.4534593,0.0,0.0,0.0,1.0
5090,-0.7351764,2.4122608,2.4929059,0.0,0.0,0.0,1.0
5091,-0.6900692,2.3889914,2.5109336,0.0,0.0,0.0,1.0
5092,-0.6405965,2.5235226,2.5405114,0.0,0.0,0.0,1.0
5093,-0.6347762,2.592065,2.5725625,0.0,0.0,0.0,1.0
5094,-0.6747908,2.6862655,2.6030855,0.0,0.0,0.0,1.0
5095,-0.6522371,2.7470086,2.6355414,0.0,0.0,0.0,1.0
5096,-0.6362313,2.6506877,2.676754,0.0,0.0,0.0,1.0
5097,-0.6427791,2.7561598,2.732498,0.0,0.0,0.0,1.0
5098,-0.6966169,2.8526316,2.7916732,0.0,0.0,0.0,1.0
5099,-0.6893415,2.804805,2.8454182,0.0,0.0,0.0,1.0
5100,-0.767188,2.7937853,2.9042623,0.0,0.0,0.0,1.0
5101,-0.4281557,2.912865,2.9596229,0.0,0.0,0.0,1.0
5102,-0.35612947,3.0811872,3.0191224,0.0,0.0,0.0,1.0
5103,-0.35249168,3.0990953,3.093547,0.0,0.0,0.0,1.0
5104,-0.3830483,3.1684613,3.1732771,0.0,0.0,0.0,1.0
5105,-0.3786831,3.2981958,3.2516685,0.0,0.0,0.0,1.0
5106,-0.4143324,3.3505902,3.3414738,0.0,0.0,0.0,1.0
5107,-0.8508548,3.4610033,3.457341,0.0,0.0,0.0,1.0
5108,-0.56711525,3.543785,3.5801227,0.0,0.0,0.0,1.0
5109,-0.6747908,3.712921,3.7033255,0.0,0.0,0.0,1.0
5110,-0.25718445,3.7933257,3.8282988,0.0,0.0,0.0,1.0
5111,-0.2928338,3.8824718,3.952571,0.0,0.0,0.0,1.0
5112,0.27973795,4.1841893,4.072794,0.0,0.0,0.0,1.0
5113,0.2804656,4.386246,4.182889,0.0,0.0,0.0,1.0
5114,0.2753728,4.55962,4.291411,0.0,0.0,0.0,1.0
5115,0.29065096,4.598776,4.390827,0.0,0.0,0.0,1.0
5116,0.2717351,4.6597266,4.4742885,0.0,0.0,0.0,1.0
5117,0.27100745,4.7408752,4.5559607,0.0,0.0,0.0,1.0
5118,0.2761003,4.6717253,4.6259923,0.0,0.0,0.0,1.0
5119,0.8057475,4.763267,4.6594806,0.0,0.0,0.0,1.0
5120,0.21498738,4.736782,4.6641088,0.0,0.0,0.0,1.0
5121,0.21571489,4.714458,4.6441565,0.0,0.0,0.0,1.0
5122,0.2273554,4.773391,4.615988,0.0,0.0,0.0,1.0
5123,-0.07384494,4.722853,4.5603685,0.0,0.0,0.0,1.0
5124,-0.71335036,4.5860467,4.4841623,0.0,0.0,0.0,1.0
5125,-0.61731535,4.441786,4.3964806,0.0,0.0,0.0,1.0
5126,-0.6071298,4.320192,4.2890635,0.0,0.0,0.0,1.0
5127,-0.650782,4.2607503,4.171603,0.0,0.0,0.0,1.0
5128,-0.6813386,3.992299,4.0447383,0.0,0.0,0.0,1.0
5129,-0.69079673,3.826397,3.908885,0.0,0.0,0.0,1.0
5130,-0.67042553,3.6195478,3.7740257,0.0,0.0,0.0,1.0
5131,-0.6529647,3.4742618,3.6545618,0.0,0.0,0.0,1.0
5132,-0.64787185,3.3272538,3.5398788,0.0,0.0,0.0,1.0
5133,-0.6267733,3.1920815,3.4296677,0.0,0.0,0.0,1.0
5134,-0.8632229,3.1431508,3.3253968,0.0,0.0,0.0,1.0
5135,-0.7417242,3.1045413,3.2391343,0.0,0.0,0.0,1.0
5136,-0.8901417,3.1524794,3.161613,0.0,0.0,0.0,1.0
5137,-0.7024372,3.065592,3.0965278,0.0,0.0,0.0,1.0
5138,-0.71553296,2.997659,3.0358133,0.0,0.0,0.0,1.0
5139,-0.7526374,3.0094976,2.9854581,0.0,0.0,0.0,1.0
5140,-0.7737359,2.9571507,2.9489176,0.0,0.0,0.0,1.0
5141,-0.45871216,2.8961391,2.9114337,0.0,0.0,0.0,1.0
5142,-0.4914514,2.8385262,2.8818157,0.0,0.0,0.0,1.0
5143,-0.5241906,2.7456894,2.8494093,0.0,0.0,0.0,1.0
5144,-0.5380138,2.7229917,2.82891,0.0,0.0,0.0,1.0
5145,-0.86686057,2.7535946,2.8201697,0.0,0.0,0.0,1.0
5146,-0.7388141,2.6933436,2.8127584,0.0,0.0,0.0,1.0
5147,-0.69588935,2.7491252,2.8073597,0.0,0.0,0.0,1.0
5148,-0.7351764,2.7636037,2.8112438,0.0,0.0,0.0,1.0
5149,-0.84285194,2.8196003,2.8213274,0.0,0.0,0.0,1.0
5150,-0.58675873,2.8927743,2.832962,0.0,0.0,0.0,1.0
5151,-0.5663877,2.9205625,2.841753,0.0,0.0,0.0,1.0
5152,-0.5372862,2.8923647,2.849717,0.0,0.0,0.0,1.0
5153,-0.7002547,2.94275,2.8624566,0.0,0.0,0.0,1.0
5154,-0.15896675,2.9595292,2.8732193,0.0,0.0,0.0,1.0
5155,-0.064387,2.885305,2.8826416,0.0,0.0,0.0,1.0
5156,-0.09494354,2.828484,2.8867044,0.0,0.0,0.0,1.0
5157,-0.13932337,2.8491607,2.8929033,0.0,0.0,0.0,1.0
5158,-0.10512912,2.8462183,2.8975434,0.0,0.0,0.0,1.0
5159,-0.11022184,2.8782783,2.8963332,0.0,0.0,0.0,1.0
5160,-0.108766764,2.8766716,2.8777983,0.0,0.0,0.0,1.0
5161,-0.60130954,2.8683548,2.8406694,0.0,0.0,0.0,1.0
5162,-0.6413242,2.96716,2.810189,0.0,0.0,0.0,1.0
5163,-0.6464169,2.9762447,2.7798069,0.0,0.0,0.0,1.0
5164,-0.6209532,2.8778422,2.7424116,0.0,0.0,0.0,1.0
5165,-0.63332117,2.7203302,2.7024212,0.0,0.0,0.0,1.0
5166,-0.6202255,2.5139832,2.660699,0.0,0.0,0.0,1.0
5167,-0.7810112,2.5195386,2.6345282,0.0,0.0,0.0,1.0
5168,-0.6900691,2.4638991,2.604567,0.0,0.0,0.0,1.0
5169,-0.6835213,2.4004178,2.5728605,0.0,0.0,0.0,1.0
5170,-0.42233542,2.3663332,2.5397222,0.0,0.0,0.0,1.0
5171,-0.18661329,2.3776119,2.5222077,0.0,0.0,0.0,1.0
5172,-0.18443064,2.5626214,2.5152903,0.0,0.0,0.0,1.0
5173,-0.191706,2.5088224,2.5199215,0.0,0.0,0.0,1.0
5174,-0.18443064,2.586682,2.5145032,0.0,0.0,0.0,1.0
5175,-0.19170608,2.578584,2.5220275,0.0,0.0,0.0,1.0
5176,-0.75336486,2.6676688,2.5412884,0.0,0.0,0.0,1.0
5177,-0.70461977,2.6373193,2.5726345,0.0,0.0,0.0,1.0
5178,-0.66969806,2.5695605,2.5982819,0.0,0.0,0.0,1.0
5179,-0.69952714,2.4545171,2.6134276,0.0,0.0,0.0,1.0
5180,-0.6740632,2.5541925,2.6341932,0.0,0.0,0.0,1.0
5181,-0.68570393,2.6315465,2.6497374,0.0,0.0,0.0,1.0
5182,-0.6929793,2.7424872,2.673078,0.0,0.0,0.0,1.0
5183,-0.7286285,2.6853817,2.6828988,0.0,0.0,0.0,1.0
5184,-0.72935617,2.7443683,2.7100482,0.0,0.0,0.0,1.0
5185,-0.69588935,2.75801,2.7405443,0.0,0.0,0.0,1.0
5186,-0.70898503,2.7732112,2.7887552,0.0,0.0,0.0,1.0
5187,-0.7329938,2.8586729,2.8224587,0.0,0.0,0.0,1.0
5188,-0.8202982,2.7855167,2.848041,0.0,0.0,0.0,1.0
5189,-0.21062203,2.9631128,2.8652174,0.0,0.0,0.0,1.0
5190,-0.14368859,2.9355135,2.8955233,0.0,0.0,0.0,1.0
5191,-0.037468042,3.03305,2.911503,0.0,0.0,0.0,1.0
5192,0.010549298,2.958635,2.9340346,0.0,0.0,0.0,1.0
5193,-0.0040013622,2.9385345,2.9611683,0.0,0.0,0.0,1.0
5194,-0.28628582,2.9486027,2.988431,0.0,0.0,0.0,1.0
5195,-0.5089124,3.049053,3.0272412,0.0,0.0,0.0,1.0
5196,-0.55983984,2.9361253,3.0555801,0.0,0.0,0.0,1.0
5197,-0.523463,3.0283873,3.0869694,0.0,0.0,0.0,1.0
5198,-0.50236434,3.0988166,3.1123774,0.0,0.0,0.0,1.0
5199,-0.5271007,3.1858242,3.142028,0.0,0.0,0.0,1.0
5200,-0.5591124,3.2512395,3.1661663,0.0,0.0,0.0,1.0
5201,-0.56347764,3.3031793,3.2051406,0.0,0.0,0.0,1.0
5202,-0.81011266,3.3121862,3.2407455,0.0,0.0,0.0,1.0
5203,-0.6958893,3.3379464,3.288632,0.0,0.0,0.0,1.0
5204,-0.6740632,3.3144422,3.335303,0.0,0.0,0.0,1.0
5205,-0.6747909,3.2281933,3.3815796,0.0,0.0,0.0,1.0
5206,-0.66533273,3.4162939,3.419291,0.0,0.0,0.0,1.0
5207,-0.18515828,3.4763136,3.4659088,0.0,0.0,0.0,1.0
5208,-0.15532918,3.510759,3.5136108,0.0,0.0,0.0,1.0
5209,0.40269175,3.5884414,3.558901,0.0,0.0,0.0,1.0
5210,0.3037468,3.6541378,3.60036,0.0,0.0,0.0,1.0
5211,0.36486,3.6383593,3.6387281,0.0,0.0,0.0,1.0
5212,0.377228,3.8106532,3.6828935,0.0,0.0,0.0,1.0
5213,0.39687154,3.875605,3.7146487,0.0,0.0,0.0,1.0
5214,0.38668603,3.8556676,3.7411566,0.0,0.0,0.0,1.0
5215,0.1778828,3.835453,3.7663352,0.0,0.0,0.0,1.0
5216,0.14150594,3.7748609,3.7854772,0.0,0.0,0.0,1.0
5217,0.10585655,3.758178,3.787523,0.0,0.0,0.0,1.0
5218,0.10221883,3.7973545,3.7845397,0.0,0.0,0.0,1.0
5219,-0.49290666,3.7944088,3.7713895,0.0,0.0,0.0,1.0
5220,-0.4645326,3.8129025,3.7562258,0.0,0.0,0.0,1.0
5221,-0.72644603,3.8181448,3.7437317,0.0,0.0,0.0,1.0
5222,-0.6144052,3.678689,3.7352715,0.0,0.0,0.0,1.0
5223,-0.65078217,3.6025605,3.7280185,0.0,0.0,0.0,1.0
5224,-0.7839213,3.6528482,3.7164457,0.0,0.0,0.0,1.0
5225,-0.33866853,3.6936417,3.6985795,0.0,0.0,0.0,1.0
5226,-0.13568565,3.7057402,3.680157,0.0,0.0,0.0,1.0
5227,-0.09057825,3.7339294,3.6663458,0.0,0.0,0.0,1.0
5228,-0.043288406,3.687825,3.6506863,0.0,0.0,0.0,1.0
5229,-0.047653627,3.619305,3.6428952,0.0,0.0,0.0,1.0
5230,-0.6762459,3.5829592,3.6386294,0.0,0.0,0.0,1.0
5231,-0.5663877,3.5733378,3.6332378,0.0,0.0,0.0,1.0
5232,-0.60058194,3.6471682,3.6292837,0.0,0.0,0.0,1.0
5233,-0.78464884,3.6302314,3.621046,0.0,0.0,0.0,1.0
5234,-0.6864314,3.5851948,3.6119053,0.0,0.0,0.0,1.0
5235,-0.63477623,3.5513728,3.6055307,0.0,0.0,0.0,1.0
5236,-0.6507821,3.5881495,3.5980258,0.0,0.0,0.0,1.0
5237,-0.6209531,3.64619,3.5915842,0.0,0.0,0.0,1.0
5238,-0.73808664,3.606889,3.5885568,0.0,0.0,0.0,1.0
5239,-0.61877054,3.6242416,3.5778062,0.0,0.0,0.0,1.0
5240,-0.60494715,3.6113303,3.5658758,0.0,0.0,0.0,1.0
5241,-0.5685703,3.5292454,3.5655973,0.0,0.0,0.0,1.0
5242,-0.5540196,3.5056598,3.5683618,0.0,0.0,0.0,1.0
5243,-0.50018185,3.537008,3.5652323,0.0,0.0,0.0,1.0
5244,-0.4507093,3.5181623,3.5563638,0.0,0.0,0.0,1.0
5245,-0.17861041,3.4870665,3.5556514,0.0,0.0,0.0,1.0
5246,-0.17133498,3.5818517,3.560606,0.0,0.0,0.0,1.0
5247,-0.4296108,3.5845466,3.5695002,0.0,0.0,0.0,1.0
5248,-0.3241178,3.550596,3.592939,0.0,0.0,0.0,1.0
5249,-0.29428875,3.539768,3.6342015,0.0,0.0,0.0,1.0
5250,-0.7118953,3.598342,3.6956859,0.0,0.0,0.0,1.0
5251,-0.6478719,3.6836958,3.7803297,0.0,0.0,0.0,1.0
5252,-0.69152415,3.7180595,3.8918343,0.0,0.0,0.0,1.0
5253,-0.64423424,3.8105106,4.016098,0.0,0.0,0.0,1.0
5254,-0.6238633,4.0008125,4.1513286,0.0,0.0,0.0,1.0
5255,-0.6827936,4.274819,4.303374,0.0,0.0,0.0,1.0
5256,-0.4034195,4.533887,4.4583244,0.0,0.0,0.0,1.0
5257,-0.0840306,4.8251224,4.616029,0.0,0.0,0.0,1.0
5258,0.7897416,5.0730166,4.7739353,0.0,0.0,0.0,1.0
5259,0.8057475,5.207312,4.9353127,0.0,0.0,0.0,1.0
5260,0.78828657,5.375142,5.0983477,0.0,0.0,0.0,1.0
5261,0.77519083,5.399176,5.2584352,0.0,0.0,0.0,1.0
5262,0.81229526,5.4907937,5.3996086,0.0,0.0,0.0,1.0
5263,0.8181156,5.578572,5.5147653,0.0,0.0,0.0,1.0
5264,0.22735523,5.6545873,5.5929227,0.0,0.0,0.0,1.0
5265,0.31102204,5.766933,5.6386986,0.0,0.0,0.0,1.0
5266,-0.38013822,5.9218593,5.6564136,0.0,0.0,0.0,1.0
5267,-0.34376138,5.968901,5.645759,0.0,0.0,0.0,1.0
5268,-0.6958894,5.9157667,5.6121645,0.0,0.0,0.0,1.0
5269,-0.67188066,5.763013,5.555996,0.0,0.0,0.0,1.0
5270,-0.66024005,5.6223288,5.487683,0.0,0.0,0.0,1.0
5271,-0.67333573,5.4198923,5.40379,0.0,0.0,0.0,1.0
5272,-0.6551473,5.247287,5.3100667,0.0,0.0,0.0,1.0
5273,-0.68206626,4.996039,5.1888456,0.0,0.0,0.0,1.0
5274,-0.7948345,4.8167715,5.053623,0.0,0.0,0.0,1.0
5275,-0.15241903,4.7588153,4.9164524,0.0,0.0,0.0,1.0
5276,-0.14805374,4.6478744,4.7832384,0.0,0.0,0.0,1.0
5277,-0.1524191,4.6422544,4.6411033,0.0,0.0,0.0,1.0
5278,-0.19898137,4.467207,4.498029,0.0,0.0,0.0,1.0
5279,-0.24699886,4.3462324,4.3561306,0.0,0.0,0.0,1.0
5280,-0.84576213,4.2697134,4.2359185,0.0,0.0,0.0,1.0
5281,-0.89450705,4.1644444,4.129921,0.0,0.0,0.0,1.0
5282,-0.718443,3.916708,4.021488,0.0,0.0,0.0,1.0
5283,-0.708985,3.7030056,3.9153924,0.0,0.0,0.0,1.0
5284,-0.7228083,3.5445018,3.8076787,0.0,0.0,0.0,1.0
5285,-0.69661695,3.553493,3.7078795,0.0,0.0,0.0,1.0
5286,-0.65660244,3.5448008,3.6078196,0.0,0.0,0.0,1.0
5287,-0.61440516,3.4576213,3.5071504,0.0,0.0,0.0,1.0
5288,-0.589669,3.374728,3.4154763,0.0,0.0,0.0,1.0
5289,-0.52273554,3.3496888,3.3398116,0.0,0.0,0.0,1.0
5290,-0.54310656,3.2696168,3.2857058,0.0,0.0,0.0,1.0
5291,-0.592579,3.1455133,3.2456887,0.0,0.0,0.0,1.0
5292,-0.5605674,3.061682,3.2053778,0.0,0.0,0.0,1.0
5293,-0.6355038,3.064356,3.172115,0.0,0.0,0.0,1.0
5294,-0.41869763,3.0087311,3.1556234,0.0,0.0,0.0,1.0
5295,-0.20480159,3.0537362,3.160681,0.0,0.0,0.0,1.0
5296,-0.15678425,3.0642965,3.1672745,0.0,0.0,0.0,1.0
5297,-0.18370306,3.0697644,3.1820545,0.0,0.0,0.0,1.0
5298,-0.22371762,3.145648,3.2116098,0.0,0.0,0.0,1.0
5299,-0.79701704,3.2597215,3.2477047,0.0,0.0,0.0,1.0
5300,-0.9119679,3.435417,3.2899146,0.0,0.0,0.0,1.0
5301,-0.75627494,3.4288118,3.3414118,0.0,0.0,0.0,1.0
5302,-0.7366314,3.446977,3.3872776,0.0,0.0,0.0,1.0
5303,-0.7184431,3.5001774,3.4307158,0.0,0.0,0.0,1.0
5304,-0.834849,3.494821,3.466102,0.0,0.0,0.0,1.0
5305,-0.4106949,3.5708723,3.5023675,0.0,0.0,0.0,1.0
5306,-0.40414703,3.6266985,3.5268235,0.0,0.0,0.0,1.0
5307,0.15823929,3.6041245,3.5285492,0.0,0.0,0.0,1.0
5308,0.093488395,3.5855556,3.5268161,0.0,0.0,0.0,1.0
5309,0.11167684,3.494397,3.518491,0.0,0.0,0.0,1.0
5310,0.093488395,3.5808356,3.4996026,0.0,0.0,0.0,1.0
5311,0.09203332,3.5531955,3.4743807,0.0,0.0,0.0,1.0
5312,0.1014914,3.4561229,3.4357522,0.0,0.0,0.0,1.0
5313,0.10440155,3.4080157,3.3845012,0.0,0.0,0.0,1.0
5314,0.14368849,3.3470767,3.3232503,0.0,0.0,0.0,1.0
5315,0.33721346,3.2735145,3.2566013,0.0,0.0,0.0,1.0
5316,-0.14878131,3.1921594,3.185881,0.0,0.0,0.0,1.0
5317,-0.13714072,3.1073296,3.0986516,0.0,0.0,0.0,1.0
5318,-0.425973,3.011687,3.0072157,0.0,0.0,0.0,1.0
5319,-0.43979615,2.869115,2.9191387,0.0,0.0,0.0,1.0
5320,-0.45070937,2.785768,2.8314314,0.0,0.0,0.0,1.0
5321,-0.87995636,2.6457522,2.7457442,0.0,0.0,0.0,1.0
5322,-0.921426,2.5340831,2.6600018,0.0,0.0,0.0,1.0
5323,-0.77446353,2.4559653,2.5785494,0.0,0.0,0.0,1.0
5324,-0.8173882,2.3991985,2.5057933,0.0,0.0,0.0,1.0
5325,-0.7948345,2.3555264,2.4364078,0.0,0.0,0.0,1.0
5326,-0.7817388,2.3188312,2.3840666,0.0,0.0,0.0,1.0
5327,-0.7904693,2.2446046,2.3384604,0.0,0.0,0.0,1.0
5328,-0.88213897,2.214733,2.3034174,0.0,0.0,0.0,1.0
5329,-0.8028374,2.2342553,2.2812474,0.0,0.0,0.0,1.0
5330,-0.7431793,2.1790614,2.2745614,0.0,0.0,0.0,1.0
5331,-0.4143324,2.2410202,2.2847178,0.0,0.0,0.0,1.0
5332,-0.40632954,2.2384949,2.2951167,0.0,0.0,0.0,1.0
5333,-0.24045107,2.2252357,2.3066351,0.0,0.0,0.0,1.0
5334,-0.19534366,2.2680418,2.3341305,0.0,0.0,0.0,1.0
5335,-0.33066574,2.3757327,2.3695605,0.0,0.0,1.0,1.0
5336,-0.23244806,2.5210776,2.4114854,0.0,0.0,1.0,1.0
5337,-0.4776282,2.4803114,2.4610846,0.0,0.0,1.0,1.0
5338,-0.64568925,2.4570541,2.512172,0.0,0.0,1.0,1.0
5339,-0.55401963,2.5745487,2.5706286,0.0,0.0,1.0,1.0
5340,-0.5598399,2.6398928,2.6278799,0.0,0.0,1.0,1.0
5341,-0.59185153,2.7373528,2.6887217,0.0,0.0,1.0,1.0
5342,-0.60785735,2.7742527,2.7439137,0.0,0.0,1.0,1.0
5343,-0.7570026,2.8540697,2.79358,0.0,0.0,1.0,1.0
5344,-0.5671153,2.9399729,2.8591442,0.0,0.0,1.0,1.0
5345,-0.49508905,2.9122498,2.9372423,0.0,0.0,1.0,1.0
5346,-0.4827209,2.9981458,3.0073833,0.0,0.0,1.0,1.0
5347,-0.18297556,3.0380354,3.0683768,0.0,0.0,1.0,1.0
5348,0.07893787,3.117073,3.1295295,0.0,0.0,1.0,1.0
5349,0.09858147,3.2670813,3.195206,0.0,0.0,1.0,1.0
5350,0.10512919,3.3942316,3.252465,0.0,0.0,1.0,1.0
5351,0.10585676,3.4162421,3.3082516,0.0,0.0,0.0,1.0
5352,0.07748273,3.3718133,3.362878,0.0,0.0,0.0,1.0
5353,0.062932074,3.4711864,3.4068892,0.0,0.0,0.0,1.0
5354,-0.42233542,3.56237,3.4444914,0.0,0.0,0.0,1.0
5355,-0.43834114,3.5411773,3.4765272,0.0,0.0,0.0,1.0
5356,-0.4397963,3.6094134,3.497109,0.0,0.0,0.0,1.0
5357,-0.433976,3.5677664,3.513819,0.0,0.0,0.0,1.0
5358,-0.44852674,3.526281,3.5292673,0.0,0.0,0.0,1.0
5359,-0.44561657,3.4892619,3.5391197,0.0,0.0,0.0,1.0
5360,-0.45216444,3.501503,3.5369866,0.0,0.0,0.0,1.0
5361,-0.67551833,3.514061,3.5180066,0.0,0.0,0.0,1.0
5362,-0.7009822,3.5947511,3.499374,0.0,0.0,0.0,1.0
5363,-0.3554019,3.6016214,3.4742956,0.0,0.0,0.0,1.0
5364,-0.13568558,3.4900432,3.4588478,0.0,0.0,0.0,1.0
5365,-0.1546016,3.4455895,3.4480221,0.0,0.0,0.0,1.0
5366,-0.12259,3.3346097,3.4416656,0.0,0.0,0.0,1.0
5367,-0.15314654,3.317584,3.4347916,0.0,0.0,0.0,1.0
5368,-0.18297556,3.3084755,3.4417272,0.0,0.0,0.0,1.0
5369,-0.8246635,3.3823924,3.4493582,0.0,0.0,0.0,1.0
5370,-0.7126228,3.396373,3.462602,0.0,0.0,0.0,1.0
5371,-0.66824293,3.4129837,3.4882631,0.0,0.0,0.0,1.0
5372,-0.6609676,3.4190142,3.5250847,0.0,0.0,0.0,1.0
5373,-0.76573306,3.5972867,3.56659,0.0,0.0,0.0,1.0
5374,-0.677701,3.6863246,3.6073775,0.0,0.0,0.0,1.0
5375,-0.62968355,3.7605472,3.6539135,0.0,0.0,0.0,1.0
5376,-0.6296835,3.7979774,3.691715,0.0,0.0,0.0,1.0
5377,-0.6129501,3.8874483,3.732017,0.0,0.0,0.0,1.0
5378,-0.6253182,3.832673,3.771222,0.0,0.0,0.0,1.0
5379,-0.63695884,3.8070335,3.8167458,0.0,0.0,0.0,1.0
5380,-0.68061113,3.8669083,3.842787,0.0,0.0,0.0,1.0
5381,-0.7620953,3.8360105,3.85993,0.0,0.0,0.0,1.0
5382,-0.18734072,3.879998,3.867831,0.0,0.0,0.0,1.0
5383,-0.16624226,3.8834448,3.8661664,0.0,0.0,0.0,1.0
5384,-0.1757002,3.9652956,3.841471,0.0,0.0,0.0,1.0
5385,-0.2353582,3.9097822,3.8162627,0.0,0.0,0.0,1.0
5386,-0.21280453,3.8920429,3.7848337,0.0,0.0,0.0,1.0
5387,-0.883594,3.8553565,3.746146,0.0,0.0,0.0,1.0
5388,-0.776646,3.778003,3.6984832,0.0,0.0,0.0,1.0
5389,-0.8857765,3.5911026,3.6481175,0.0,0.0,0.0,1.0
5390,-0.68424886,3.5301735,3.5974207,0.0,0.0,0.0,1.0
5391,-0.65805745,3.429886,3.5377574,0.0,0.0,0.0,1.0
5392,-0.6267734,3.4026551,3.4820266,0.0,0.0,0.0,1.0
5393,-0.63841397,3.2640574,3.4250617,0.0,0.0,0.0,1.0
5394,-0.8355766,3.27561,3.3634202,0.0,0.0,0.0,1.0
5395,-0.68861413,3.275083,3.303188,0.0,0.0,0.0,1.0
5396,-0.68715894,3.2493355,3.2600448,0.0,0.0,0.0,1.0
5397,-0.85376495,3.241013,3.2249882,0.0,0.0,0.0,1.0
5398,-0.7031648,3.208465,3.1953356,0.0,0.0,0.0,1.0
5399,-0.72862864,3.1156588,3.1730456,0.0,0.0,0.0,1.0
5400,-0.85522,3.0552166,3.1707432,0.0,0.0,0.0,1.0
5401,-0.51691526,3.073383,3.1689832,0.0,0.0,0.0,1.0
5402,-0.55547464,3.1094942,3.1742141,0.0,0.0,0.0,1.0
5403,-0.5096398,3.0740561,3.1822844,0.0,0.0,0.0,1.0
5404,-0.49290648,3.1351743,3.2035365,0.0,0.0,0.0,1.0
5405,-0.51618767,3.2364292,3.231219,0.0,0.0,0.0,1.0
5406,-0.47326297,3.2544897,3.2672815,0.0,0.0,0.0,1.0
5407,-0.8683157,3.3378549,3.3198225,0.0,0.0,0.0,1.0
5408,-0.74972725,3.3461785,3.3832433,0.0,0.0,0.0,1.0
5409,-0.7671882,3.4960382,3.4461067,0.0,0.0,0.0,1.0
5410,-0.75700253,3.5406554,3.525613,0.0,0.0,0.0,1.0
5411,-0.7671882,3.5484078,3.5948932,0.0,0.0,0.0,1.0
5412,-0.7118953,3.6857088,3.6514335,0.0,0.0,0.0,1.0
5413,-0.7591851,3.8344336,3.7161832,0.0,0.0,0.0,1.0
5414,-0.7453619,3.8638532,3.7756517,0.0,0.0,0.0,1.0
5415,-0.77446353,4.028134,3.847435,0.0,0.0,0.0,1.0
5416,-0.746817,3.966537,3.8955443,0.0,0.0,0.0,1.0
5417,-0.7766461,3.9149115,3.9384797,0.0,0.0,0.0,1.0
5418,-0.8755911,4.031487,3.9776673,0.0,0.0,0.0,1.0
5419,-0.2193524,4.051475,4.0145845,0.0,0.0,0.0,1.0
5420,-0.18297563,4.207579,4.0349016,0.0,0.0,0.0,1.0
5421,-0.21134953,4.073349,4.047603,0.0,0.0,0.0,1.0
5422,-0.23317562,4.0558796,4.052925,0.0,0.0,0.0,1.0
5423,-0.27028003,4.0186615,4.057228,0.0,0.0,0.0,1.0
5424,-0.8479447,4.128714,4.0609283,0.0,0.0,0.0,1.0
5425,-0.8537649,4.078237,4.0486298,0.0,0.0,0.0,1.0
5426,-0.64059657,4.016273,4.03055,0.0,0.0,0.0,1.0
5427,-0.67333573,4.091996,4.011063,0.0,0.0,0.0,1.0
5428,-0.6646053,4.018174,4.013983,0.0,0.0,0.0,1.0
5429,-0.6835213,3.959316,4.004284,0.0,0.0,0.0,1.0
5430,-0.67770094,3.8839025,4.0056963,0.0,0.0,0.0,1.0
5431,-0.6835213,3.8345158,3.9803681,0.0,0.0,0.0,1.0
5432,-0.7890141,3.9737387,3.9671326,0.0,0.0,0.0,1.0
5433,-0.6806111,4.1083837,3.9653502,0.0,0.0,0.0,1.0
5434,-0.69297934,3.9394941,3.9688442,0.0,0.0,0.0,1.0
5435,-0.7097126,4.035612,3.982711,0.0,0.0,0.0,1.0
5436,-0.86904323,3.8247747,4.0132837,0.0,0.0,0.0,1.0
5437,-0.7599128,3.91941,4.061307,0.0,0.0,0.0,1.0
5438,-0.7235357,3.9948835,4.122175,0.0,0.0,0.0,1.0
5439,-0.8690433,4.133925,4.198568,0.0,0.0,0.0,1.0
5440,-0.49727172,4.184577,4.26467,0.0,0.0,0.0,1.0
5441,-0.45580208,4.3261905,4.3736205,0.0,0.0,0.0,1.0
5442,-0.39541644,4.460176,4.470663,0.0,0.0,0.0,1.0
5443,-0.36267734,4.5649347,4.601924,0.0,0.0,0.0,1.0
5444,-0.4063296,4.8904543,4.720323,0.0,0.0,1.0,1.0
5445,-0.6646053,4.901607,4.860942,0.0,0.0,1.0,1.0
5446,-0.64859945,5.2468987,4.991897,0.0,0.0,1.0,1.0
5447,-0.6231357,5.2001266,5.1539726,0.0,0.0,1.0,1.0
5448,-0.7140779,5.3999033,5.3205323,0.0,0.0,1.0,1.0
5449,-0.49217898,5.3401985,5.4821825,0.0,0.0,1.0,1.0
5450,-0.19170623,5.6823115,5.6259227,0.0,0.0,1.0,1.0
5451,-0.14659895,5.7053866,5.752522,0.0,0.0,1.0,1.0
5452,0.43470335,6.1294856,5.8799543,0.0,0.0,1.0,1.0
5453,0.90542006,6.3249044,5.9708166,0.0,0.0,1.0,1.0
5454,0.9090577,6.399976,6.0456843,0.0,0.0,1.0,1.0
5455,0.8712258,6.2898173,6.075726,0.0,0.0,1.0,1.0
5456,0.92651856,6.4096494,6.105351,0.0,0.0,1.0,1.0
5457,0.9607129,6.430796,6.0962725,0.0,0.0,1.0,1.0
5458,0.95271003,6.3372445,6.086969,0.0,0.0,1.0,1.0
5459,0.8952346,6.0985403,6.010724,0.0,0.0,1.0,1.0
5460,0.4354309,5.7604036,5.9336786,0.0,0.0,1.0,1.0
5461,0.34448868,5.6956973,5.8478804,0.0,0.0,1.0,1.0
5462,-0.13859594,5.5733695,5.764218,0.0,0.0,1.0,1.0
5463,-0.18806857,5.593741,5.6349716,0.0,0.0,1.0,1.0
5464,-0.23608585,5.2145514,5.4870067,0.0,0.0,1.0,1.0
5465,-0.51255,5.4003553,5.3281,0.0,0.0,1.0,1.0
5466,-0.5256456,5.3703966,5.1904573,0.0,0.0,1.0,1.0
5467,-0.51255,5.285867,5.0501156,0.0,0.0,1.0,1.0
5468,-0.5234631,4.858696,4.8960466,0.0,0.0,1.0,1.0
5469,-0.026554959,4.655219,4.7462697,0.0,0.0,1.0,1.0
5470,-0.13059287,4.430363,4.5950127,0.0,0.0,1.0,1.0
5471,-0.020734668,4.4468303,4.4715443,0.0,0.0,0.0,1.0
5472,0.012732014,4.0763016,4.329248,0.0,0.0,0.0,1.0
5473,-0.015642019,3.8468704,4.1727567,0.0,0.0,0.0,1.0
5474,-0.022917455,3.7760465,4.0183854,0.0,0.0,0.0,1.0
5475,-0.7948345,3.7786531,3.908146,0.0,0.0,0.0,1.0
5476,-0.690069,3.7329347,3.7915134,0.0,0.0,0.0,1.0
5477,-0.67551833,3.692796,3.664733,0.0,0.0,0.0,1.0
5478,-0.6646053,3.4924998,3.5307615,0.0,0.0,0.0,1.0
5479,-0.6442342,3.433413,3.4286091,0.0,0.0,0.0,1.0
5480,-0.630411,3.535824,3.3421006,0.0,0.0,0.0,1.0
5481,-0.64059657,3.2556286,3.2557383,0.0,0.0,0.0,1.0
5482,-0.6551473,2.9089968,3.1619332,0.0,0.0,0.0,1.0
5483,-0.735904,2.8391743,3.0759957,0.0,0.0,0.0,1.0
5484,-0.74827206,2.8504727,2.9941592,0.0,0.0,0.0,1.0
5485,-0.55329204,2.8087673,2.9287906,0.0,0.0,0.0,1.0
5486,-0.756275,2.7397,2.8638475,0.0,0.0,0.0,1.0
5487,-0.7111677,2.6529908,2.7879531,0.0,0.0,0.0,1.0
5488,-0.41578755,2.7016847,2.7300565,0.0,0.0,0.0,1.0
5489,-0.16405955,2.710757,2.6979954,0.0,0.0,0.0,1.0
5490,-0.30520186,2.7080789,2.6835523,0.0,0.0,0.0,1.0
5491,-0.21134953,2.6540942,2.6731856,0.0,0.0,0.0,1.0
5492,-0.21062195,2.6250918,2.677702,0.0,0.0,0.0,1.0
5493,-0.76573306,2.5608697,2.6999593,0.0,0.0,0.0,1.0
5494,-0.87995636,2.5242627,2.7315717,0.0,0.0,0.0,1.0
5495,-0.75773007,2.6658578,2.7690039,0.0,0.0,0.0,1.0
5496,-0.7555475,2.7260714,2.8143263,0.0,0.0,0.0,1.0
5497,-0.7642779,2.862963,2.8768175,0.0,0.0,0.0,1.0
5498,-0.76937073,3.0067887,2.9575014,0.0,0.0,0.0,1.0
5499,-0.7380865,3.0323417,3.0364578,0.0,0.0,0.0,1.0
5500,-0.7031648,3.1508684,3.1312513,0.0,0.0,0.0,1.0
5501,-0.67915595,3.254628,3.229402,0.0,0.0,0.0,1.0
5502,-0.6835213,3.4579713,3.3217916,0.0,0.0,0.0,1.0
5503,-0.70534736,3.6223018,3.4159055,0.0,0.0,0.0,1.0
5504,-0.86395055,3.5725682,3.5081582,0.0,0.0,0.0,1.0
5505,-0.6660603,3.6983922,3.5962284,0.0,0.0,0.0,1.0
5506,-0.6704256,3.7020736,3.6692488,0.0,0.0,0.0,1.0
5507,-0.6631502,3.774531,3.744892,0.0,0.0,0.0,1.0
5508,-0.80938524,3.8554394,3.8012662,0.0,0.0,0.0,1.0
5509,-0.43834114,3.9699934,3.8404894,0.0,0.0,0.0,1.0
5510,-0.45652968,4.063632,3.8744574,0.0,0.0,0.0,1.0
5511,-0.44707164,3.9085863,3.909777,0.0,0.0,0.0,1.0
5512,-0.5845761,4.0585856,3.933441,0.0,0.0,0.0,1.0
5513,-0.44270644,3.931119,3.9520946,0.0,0.0,0.0,1.0
5514,-0.42742813,3.9286513,3.9561684,0.0,0.0,0.0,1.0
5515,-0.81302285,4.0299177,3.962664,0.0,0.0,0.0,1.0
5516,-0.7097126,3.9964015,3.9518702,0.0,0.0,0.0,1.0
5517,-0.706075,3.9823608,3.9275577,0.0,0.0,0.0,1.0
5518,-0.7693707,3.9259179,3.9111767,0.0,0.0,0.0,1.0
5519,-0.78537655,3.8234162,3.8775558,0.0,0.0,0.0,1.0
5520,-0.79483455,3.9333851,3.8465757,0.0,0.0,0.0,1.0
5521,-0.73590386,3.840468,3.8221376,0.0,0.0,0.0,1.0
5522,-0.75336474,3.7718823,3.8007338,0.0,0.0,0.0,1.0
5523,-0.67770094,3.7120137,3.7608614,0.0,0.0,0.0,1.0
5524,-0.82757354,3.6551373,3.7330658,0.0,0.0,0.0,1.0
5525,-0.4208802,3.5593562,3.6994684,0.0,0.0,0.0,1.0
5526,-0.39978167,3.635395,3.6714709,0.0,0.0,0.0,1.0
5527,-0.41287732,3.7730713,3.6297858,0.0,0.0,0.0,1.0
5528,-0.43979615,3.5179327,3.5960426,0.0,0.0,0.0,1.0
5529,-0.45580202,3.6488135,3.5719867,0.0,0.0,0.0,1.0
5530,-0.8188432,3.5227497,3.5433571,0.0,0.0,0.0,1.0
5531,-0.67115325,3.4874449,3.5254807,0.0,0.0,0.0,1.0
5532,-0.6646053,3.433165,3.5178523,0.0,0.0,0.0,1.0
5533,-0.6660604,3.4355488,3.5117667,0.0,0.0,0.0,1.0
5534,-0.6769735,3.4832115,3.4995193,0.0,0.0,0.0,1.0
5535,-0.7424518,3.368461,3.514758,0.0,0.0,0.0,1.0
5536,-0.75045466,3.4406185,3.5271764,0.0,0.0,0.0,1.0
5537,-0.7395417,3.4678152,3.5517507,0.0,0.0,0.0,1.0
5538,-0.8777737,3.5623686,3.582828,0.0,0.0,0.0,1.0
5539,-0.9097853,3.6261027,3.632654,0.0,0.0,0.0,1.0
5540,-0.85085475,3.7007983,3.6748447,0.0,0.0,0.0,1.0
5541,-0.21280453,3.7978334,3.7295237,0.0,0.0,0.0,1.0
5542,-0.1778827,3.817639,3.804494,0.0,0.0,0.0,1.0
5543,-0.14732617,3.860373,3.8813324,0.0,0.0,0.0,1.0
5544,-0.12113492,4.031079,3.9526103,0.0,0.0,0.0,1.0
5545,-0.070207365,3.9418354,4.0269394,0.0,0.0,0.0,1.0
5546,-0.4769006,4.13936,4.113126,0.0,0.0,0.0,1.0
5547,-0.6951619,4.268104,4.1932817,0.0,0.0,1.0,1.0
5548,-0.27464536,4.36268,4.2781367,0.0,0.0,1.0,1.0
5549,-0.35321945,4.32315,4.3757415,0.0,0.0,1.0,1.0
5550,0.21716975,4.4543157,4.4645967,0.0,0.0,1.0,1.0
5551,0.26009446,4.660343,4.5334277,0.0,0.0,1.0,1.0
5552,0.24190606,4.662667,4.6084895,0.0,0.0,1.0,1.0
5553,0.22881034,4.816092,4.649141,0.0,0.0,1.0,1.0
5554,0.25427416,4.988898,4.6659627,0.0,0.0,1.0,1.0
5555,0.27610028,4.9266396,4.6609545,0.0,0.0,1.0,1.0
5556,0.5263731,4.857047,4.6592007,0.0,0.0,1.0,1.0
5557,0.6420516,4.842577,4.6385527,0.0,0.0,1.0,1.0
5558,0.34958154,4.6271796,4.595757,0.0,0.0,1.0,1.0
5559,0.31902516,4.469965,4.5517273,0.0,0.0,1.0,1.0
5560,0.33139324,4.302581,4.4931984,0.0,0.0,1.0,1.0
5561,0.041105904,4.302102,4.3981223,0.0,0.0,1.0,1.0
5562,0.062932,4.206543,4.3042026,0.0,0.0,1.0,1.0
5563,-0.23535834,4.146794,4.1987886,0.0,0.0,1.0,1.0
5564,-0.4878137,4.1343117,4.0720916,0.0,0.0,1.0,1.0
5565,-0.5249182,4.1137443,3.9546163,0.0,0.0,1.0,1.0
5566,-0.52128047,3.8479824,3.8585186,0.0,0.0,1.0,1.0
5567,-0.50236446,3.7996056,3.7845309,0.0,0.0,1.0,1.0
5568,-0.45798475,3.5920804,3.7079988,0.0,0.0,1.0,1.0
5569,-0.4638051,3.3222108,3.6489885,0.0,0.0,1.0,1.0
5570,-0.44488907,3.217477,3.5950978,0.0,0.0,1.0,1.0
5571,-0.45216444,3.316792,3.5480897,0.0,0.0,1.0,1.0
5572,-0.5096399,3.4147263,3.5070121,0.0,0.0,1.0,1.0
5573,-0.46962526,3.3837166,3.4792452,0.0,0.0,1.0,1.0
5574,-0.21425967,3.498421,3.4483123,0.0,0.0,1.0,1.0
5575,0.065842144,3.5001056,3.426864,0.0,0.0,1.0,1.0
5576,0.032375466,3.5702147,3.4272518,0.0,0.0,1.0,1.0
5577,0.01636959,3.6208136,3.4467351,0.0,0.0,0.0,1.0
5578,0.00036378604,3.5147786,3.4481945,0.0,0.0,0.0,1.0
5579,0.022917526,3.4284117,3.4507031,0.0,0.0,0.0,1.0
5580,-0.699527,3.334699,3.4592218,0.0,0.0,0.0,1.0
5581,-0.59112394,3.3268647,3.4495947,0.0,0.0,1.0,1.0
5582,-0.5547471,3.4512768,3.4318461,0.0,0.0,1.0,1.0
5583,-0.786104,3.334306,3.4060292,0.0,0.0,1.0,1.0
5584,-0.6987996,3.4448295,3.3841379,0.0,0.0,1.0,1.0
5585,-0.7046198,3.4859414,3.36422,0.0,0.0,1.0,1.0
5586,-0.6515096,3.3828952,3.3592327,0.0,0.0,1.0,1.0
5587,-0.6740633,3.287124,3.3543212,0.0,0.0,1.0,1.0
5588,-0.64859945,3.2604117,3.3530848,0.0,0.0,1.0,1.0
5589,-0.6405965,3.3581169,3.3435504,0.0,0.0,1.0,1.0
5590,-0.6318661,3.2757635,3.3484232,0.0,0.0,1.0,1.0
5591,-0.65150964,3.3685637,3.3508618,0.0,0.0,1.0,1.0
5592,-0.81666064,3.275762,3.3593118,0.0,0.0,1.0,1.0
5593,-0.46307746,3.312027,3.384631,0.0,0.0,1.0,1.0
5594,-0.5285558,3.3368652,3.431096,0.0,0.0,1.0,1.0
5595,-0.5431065,3.3927796,3.490909,0.0,0.0,1.0,1.0
5596,-0.52273554,3.47409,3.5558865,0.0,0.0,1.0,1.0
5597,-0.5351037,3.5873427,3.637074,0.0,0.0,1.0,1.0
5598,-0.53874135,3.686725,3.7225904,0.0,0.0,1.0,1.0
5599,-0.8675883,3.8447063,3.8217134,0.0,0.0,1.0,1.0
5600,-0.8013823,3.9781666,3.9211762,0.0,0.0,1.0,1.0
5601,-0.8137505,4.137848,4.0335617,0.0,0.0,1.0,1.0
5602,-0.8021099,4.250013,4.1404433,0.0,0.0,1.0,1.0
5603,-0.7570026,4.3947616,4.253057,0.0,0.0,1.0,1.0
5604,-0.73663145,4.4652376,4.3565335,0.0,0.0,1.0,1.0
5605,-0.7133503,4.5055804,4.4580865,0.0,0.0,1.0,1.0
5606,-0.737359,4.685492,4.5438275,0.0,0.0,1.0,1.0
5607,-0.74172425,4.675357,4.614113,0.0,0.0,1.0,1.0
5608,-0.72280824,4.825457,4.66726,0.0,0.0,1.0,1.0
5609,-0.72062564,4.829057,4.703126,0.0,0.0,1.0,1.0
5610,-0.74899966,4.905364,4.717274,0.0,0.0,1.0,1.0
5611,-0.8872317,4.8735948,4.717878,0.0,0.0,1.0,1.0
5612,-0.18588571,4.8215895,4.707884,0.0,0.0,1.0,1.0
5613,-0.20116402,4.775615,4.6746454,0.0,0.0,1.0,1.0
5614,-0.20989445,4.680408,4.6295815,0.0,0.0,1.0,1.0
5615,-0.20480174,4.5645394,4.559989,0.0,0.0,1.0,1.0
5616,-0.21644224,4.4724803,4.482909,0.0,0.0,1.0,1.0
5617,-0.699527,4.385653,4.387088,0.0,0.0,1.0,1.0
5618,-0.8479447,4.286627,4.2857265,0.0,0.0,1.0,1.0
5619,-0.7337214,4.1345906,4.1822834,0.0,0.0,1.0,1.0
5620,-0.67988354,3.9903498,4.076805,0.0,0.0,1.0,1.0
5621,-0.668243,3.904099,3.9797134,0.0,0.0,1.0,1.0
5622,-0.87631863,3.7555103,3.8906863,0.0,0.0,1.0,1.0
5623,-0.7388142,3.6572537,3.8081064,0.0,0.0,1.0,1.0
5624,-0.77228075,3.5802717,3.7283542,0.0,0.0,1.0,1.0
5625,-0.7708258,3.5098758,3.6507845,0.0,0.0,1.0,1.0
5626,-0.7620953,3.5153098,3.5929618,0.0,0.0,1.0,1.0
5627,-0.9359767,3.4962134,3.5550075,0.0,0.0,1.0,1.0
5628,-0.79774463,3.4815238,3.535941,0.0,0.0,1.0,1.0
5629,-0.767188,3.428626,3.545707,0.0,0.0,1.0,1.0
5630,-0.75045466,3.3557906,3.583623,0.0,0.0,1.0,1.0
5631,-0.70607495,3.440719,3.6574082,0.0,0.0,1.0,1.0
5632,-0.7024372,3.5348969,3.7660494,0.0,0.0,1.0,1.0
5633,-0.39614394,3.6753001,3.88533,0.0,0.0,1.0,1.0
5634,-0.4208802,3.872702,4.0378246,0.0,0.0,1.0,1.0
5635,-0.41214976,4.112247,4.2177763,0.0,0.0,1.0,1.0
5636,-0.40196425,4.465694,4.405504,0.0,0.0,1.0,1.0
5637,-0.784649,4.813569,4.607482,0.0,0.0,1.0,1.0
5638,-0.68643147,4.9466777,4.8258014,0.0,0.0,1.0,1.0
5639,-0.6726082,5.326148,5.056509,0.0,0.0,1.0,1.0
5640,-0.68715894,5.6409445,5.2963686,0.0,0.0,1.0,1.0
5641,-0.69734454,5.6813617,5.5468497,0.0,0.0,1.0,1.0
5642,-0.690069,5.779522,5.792039,0.0,0.0,1.0,1.0
5643,-0.8493998,6.060554,6.0180683,0.0,0.0,1.0,1.0
5644,-0.3524918,6.3033857,6.2169037,0.0,0.0,1.0,1.0
5645,-0.37431803,6.553619,6.4068604,0.0,0.0,1.0,1.0
5646,0.47399032,6.878475,6.569458,0.0,0.0,1.0,1.0
5647,0.7737358,7.054514,6.683685,0.0,0.0,1.0,1.0
5648,0.84939975,7.1780505,6.779451,0.0,0.0,1.0,1.0
5649,0.8843215,7.199594,6.8675222,0.0,0.0,1.0,1.0
5650,0.874136,7.226157,6.9125605,0.0,0.0,1.0,1.0
5651,0.8574027,7.2773175,6.916553,0.0,0.0,1.0,1.0
5652,0.77009815,7.0116696,6.906036,0.0,0.0,1.0,1.0
5653,0.61004007,6.830552,6.8577275,0.0,0.0,1.0,1.0
5654,-0.23899609,6.8363786,6.780635,0.0,0.0,1.0,1.0
5655,-0.2309933,6.601014,6.673857,0.0,0.0,1.0,1.0
5656,-0.6900691,6.3512964,6.5365043,0.0,0.0,1.0,1.0
5657,-0.5161877,6.427414,6.365527,0.0,0.0,1.0,1.0
5658,-0.4776282,6.2987733,6.174315,0.0,0.0,1.0,1.0
5659,-0.5110949,6.1293993,5.979565,0.0,0.0,1.0,1.0
5660,-0.561295,5.896719,5.7864656,0.0,0.0,1.0,1.0
5661,-0.52782834,5.551359,5.5851593,0.0,0.0,1.0,1.0
5662,-0.28410333,5.1744347,5.3840227,0.0,0.0,1.0,1.0
5663,0.0040015043,4.982768,5.1984386,0.0,0.0,1.0,1.0
5664,0.026555173,4.6746716,5.0000243,0.0,0.0,1.0,1.0
5665,-0.03455797,4.513361,4.8196826,0.0,0.0,1.0,1.0
5666,-0.065842,4.4207015,4.651318,0.0,0.0,1.0,1.0
5667,-0.067297146,4.1873736,4.496794,0.0,0.0,1.0,1.0
5668,-0.21935247,4.124289,4.3655896,0.0,0.0,1.0,1.0
5669,-0.50963986,4.046441,4.2842813,0.0,0.0,1.0,1.0
5670,-0.55329216,4.1346755,4.2186136,0.0,0.0,1.0,1.0
5671,-0.5540197,4.109025,4.18817,0.0,0.0,1.0,1.0
5672,-0.5249182,4.0424314,4.1952763,0.0,0.0,1.0,1.0
5673,-0.581666,3.9769013,4.2297163,0.0,0.0,1.0,1.0
5674,-0.5118225,4.1987348,4.296134,0.0,0.0,1.0,1.0
5675,-0.5256456,4.1947584,4.3797626,0.0,0.0,1.0,1.0
5676,-0.50672966,4.309349,4.4794445,0.0,0.0,1.0,1.0
5677,-0.54674417,4.5986342,4.5775733,0.0,0.0,1.0,1.0
5678,-0.5154601,4.8339844,4.687275,0.0,0.0,1.0,1.0
5679,-0.5227355,4.9843855,4.8171906,0.0,0.0,1.0,1.0
5680,-0.5394689,5.127834,4.9517474,0.0,0.0,1.0,1.0
5681,-0.26809737,5.2426186,5.062572,0.0,0.0,1.0,1.0
5682,-0.02146231,5.3122215,5.179694,0.0,0.0,1.0,1.0
5683,0.0061842203,5.4254446,5.292279,0.0,0.0,1.0,1.0
5684,-0.022917312,5.601421,5.3817782,0.0,0.0,1.0,1.0
5685,-0.07166237,5.5915856,5.4402256,0.0,0.0,1.0,1.0
5686,-0.12695521,5.5286293,5.487048,0.0,0.0,1.0,1.0
5687,-0.6224081,5.6002207,5.523643,0.0,0.0,1.0,1.0
5688,-0.73081124,5.6603646,5.5435743,0.0,0.0,1.0,1.0
5689,-0.29647148,5.6726284,5.553668,0.0,0.0,1.0,1.0
5690,-0.21571486,5.535356,5.544976,0.0,0.0,1.0,1.0
5691,0.2993815,5.5462513,5.5193586,0.0,0.0,1.0,1.0
5692,0.2950162,5.5669765,5.489476,0.0,0.0,1.0,1.0
5693,0.25863943,5.4817953,5.457295,0.0,0.0,1.0,1.0
5694,0.2753728,5.433344,5.4167275,0.0,0.0,1.0,1.0
5695,0.13568558,5.3211427,5.3695416,0.0,0.0,1.0,1.0
5696,0.15096381,5.294008,5.3190885,0.0,0.0,1.0,1.0
5697,0.152419,5.2329984,5.280342,0.0,0.0,1.0,1.0
5698,0.13932331,5.142455,5.229442,0.0,0.0,1.0,1.0
5699,-0.45798478,5.1134124,5.178225,0.0,0.0,1.0,1.0
5700,-0.2535468,5.094133,5.1282163,0.0,0.0,1.0,1.0
5701,-0.18734093,5.0671906,5.0830774,0.0,0.0,1.0,1.0
5702,-0.44707158,5.070398,5.0421395,0.0,0.0,1.0,1.0
5703,-0.45943975,4.935453,4.9897695,0.0,0.0,1.0,1.0
5704,-0.46162233,4.952371,4.9317937,0.0,0.0,1.0,1.0
5705,-0.4383412,4.88169,4.8719025,0.0,0.0,1.0,1.0
5706,-0.4361585,4.8916774,4.796656,0.0,0.0,1.0,1.0
5707,-0.8661331,4.829888,4.7117314,0.0,0.0,1.0,1.0
5708,-0.72135323,4.665568,4.6236563,0.0,0.0,1.0,1.0
5709,-0.7424518,4.537286,4.525192,0.0,0.0,1.0,1.0
5710,-0.7300837,4.4237647,4.4350286,0.0,0.0,1.0,1.0
5711,-0.8355765,4.210454,4.3240714,0.0,0.0,1.0,1.0
5712,-0.6325936,4.0750394,4.214733,0.0,0.0,1.0,1.0
5713,-0.8479446,4.0102882,4.089263,0.0,0.0,1.0,1.0
5714,-0.7068024,3.88882,3.9582067,0.0,0.0,1.0,1.0
5715,-0.66751546,3.853497,3.8260398,0.0,0.0,1.0,1.0
5716,-0.9054201,3.6208837,3.697137,0.0,0.0,1.0,1.0
5717,-0.9105129,3.5696323,3.5712705,0.0,0.0,1.0,1.0
5718,-0.24481614,3.3860345,3.4510245,0.0,0.0,1.0,1.0
5719,-0.21571468,3.2572117,3.3381152,0.0,0.0,1.0,1.0
5720,-0.21571468,3.079566,3.230491,0.0,0.0,1.0,1.0
5721,-0.23099297,2.9904544,3.133536,0.0,0.0,1.0,1.0
5722,-0.22080746,2.9133642,3.0527098,0.0,0.0,1.0,1.0
5723,-0.9287014,2.7675037,3.0013018,0.0,0.0,1.0,1.0
5724,-0.7453619,2.7201273,2.9568903,0.0,0.0,1.0,1.0
5725,-0.8013823,2.718795,2.925756,0.0,0.0,1.0,1.0
5726,-0.76427794,2.7253623,2.9094267,0.0,0.0,1.0,1.0
5727,-0.6944343,2.8835826,2.9251366,0.0,0.0,1.0,1.0
5728,-0.6675154,3.003986,2.9454834,0.0,0.0,1.0,1.0
5729,-0.65587485,3.0366971,2.976269,0.0,0.0,1.0,1.0
5730,-0.6616951,3.0124204,3.0394583,0.0,0.0,1.0,1.0
5731,-0.63186604,3.0612602,3.1131113,0.0,0.0,1.0,1.0
5732,-0.66169506,3.2680857,3.1888661,0.0,0.0,1.0,1.0
5733,-0.6696982,3.2346156,3.2592776,0.0,0.0,1.0,1.0
5734,-0.66024,3.282793,3.3220568,0.0,0.0,1.0,1.0
5735,-0.7104402,3.5257735,3.3783925,0.0,0.0,0.0,1.0
5736,-0.7089851,3.6039631,3.4337237,0.0,0.0,0.0,1.0
5737,-0.7089851,3.6278555,3.4943204,0.0,0.0,0.0,1.0
5738,-0.7722809,3.5702996,3.5471776,0.0,0.0,0.0,1.0
5739,-0.5351036,3.6369314,3.5752618,0.0,0.0,0.0,1.0
5740,-0.5241906,3.6800156,3.604437,0.0,0.0,0.0,1.0
5741,-0.46526003,3.700672,3.63448,0.0,0.0,0.0,1.0
5742,-0.47035274,3.7395792,3.6325302,0.0,0.0,0.0,1.0
5743,-0.45798475,3.6955473,3.6093574,0.0,0.0,0.0,1.0
5744,-0.8297563,3.6050973,3.5806253,0.0,0.0,0.0,1.0
5745,-0.70025456,3.584719,3.5568614,0.0,0.0,0.0,1.0
5746,-0.718443,3.643307,3.5131352,0.0,0.0,0.0,1.0
5747,-0.7300837,3.502375,3.4598303,0.0,0.0,0.0,1.0
5748,-0.70025456,3.3258898,3.4100628,0.0,0.0,0.0,1.0
5749,-0.69443434,3.2830696,3.3564987,0.0,0.0,0.0,1.0
5750,-0.7606402,3.2851334,3.3055851,0.0,0.0,0.0,1.0
5751,-0.10585655,3.1122162,3.2618365,0.0,0.0,0.0,1.0
5752,-0.062204286,3.040359,3.2220411,0.0,0.0,0.0,1.0
5753,-0.08621303,3.1034603,3.1769276,0.0,0.0,0.0,1.0
5754,-0.046198625,3.0968122,3.1448913,0.0,0.0,0.0,1.0
5755,-0.065114506,3.084583,3.1274867,0.0,0.0,0.0,1.0
5756,-0.046198554,3.0801144,3.1167138,0.0,0.0,0.0,1.0
5757,-0.6500545,3.1071746,3.1044867,0.0,0.0,0.0,1.0
5758,-0.5663878,3.1019425,3.105639,0.0,0.0,0.0,1.0
5759,-0.5809385,3.1179388,3.1169605,0.0,0.0,0.0,1.0
5760,-0.5794834,3.117035,3.1241431,0.0,0.0,0.0,1.0
5761,-0.5525646,3.1537955,3.1265514,0.0,0.0,0.0,1.0
5762,-0.59839934,3.13841,3.131039,0.0,0.0,0.0,1.0
5763,-0.64859945,3.1260433,3.1341927,0.0,0.0,0.0,1.0
5764,-0.8646781,3.176218,3.1280725,0.0,0.0,0.0,1.0
5765,-0.72280836,3.1896508,3.121125,0.0,0.0,0.0,1.0
5766,-0.6929793,3.1257114,3.110814,0.0,0.0,0.0,1.0
5767,-0.80793023,3.1384327,3.1082513,0.0,0.0,0.0,1.0
5768,-0.10512912,3.1179595,3.1042943,0.0,0.0,0.0,1.0
5769,-0.09712625,3.0337317,3.1071098,0.0,0.0,0.0,1.0
5770,-0.08621317,3.018573,3.1204581,0.0,0.0,0.0,1.0
5771,-0.09712625,2.9942074,3.1362026,0.0,0.0,0.0,1.0
5772,-0.066569574,3.0862823,3.1495814,0.0,0.0,0.0,1.0
5773,-0.7242633,3.1063108,3.1685195,0.0,0.0,0.0,1.0
5774,-0.6209531,3.172195,3.1994002,0.0,0.0,0.0,1.0
5775,-0.6347762,3.286224,3.242446,0.0,0.0,0.0,1.0
5776,-0.7118952,3.3651526,3.3068316,0.0,0.0,0.0,1.0
5777,-0.6718806,3.3501956,3.389836,0.0,0.0,0.0,1.0
5778,-0.67697334,3.3529696,3.483734,0.0,0.0,0.0,1.0
5779,-0.85522,3.5090015,3.5801902,0.0,0.0,0.0,1.0
5780,-0.85449255,3.6345086,3.6980093,0.0,0.0,0.0,1.0
5781,-0.6071299,3.8063583,3.824734,0.0,0.0,0.0,1.0
5782,-0.589669,4.0146275,3.9505062,0.0,0.0,0.0,1.0
5783,-0.5969443,4.1209803,4.0682898,0.0,0.0,0.0,1.0
5784,-0.7038923,4.243758,4.187515,0.0,0.0,0.0,1.0
5785,-0.24990915,4.52014,4.30121,0.0,0.0,0.0,1.0
5786,-0.03601311,4.692891,4.3933535,0.0,0.0,0.0,1.0
5787,0.8479447,4.7954917,4.4685473,0.0,0.0,0.0,1.0
5788,0.8355765,4.778553,4.524019,0.0,0.0,0.0,1.0
5789,0.80938506,4.780898,4.566484,0.0,0.0,0.0,1.0
5790,0.79046917,4.7173104,4.596596,0.0,0.0,0.0,1.0
5791,0.87340844,4.614722,4.61309,0.0,0.0,0.0,1.0
5792,0.56929785,4.536836,4.606112,0.0,0.0,0.0,1.0
5793,0.32921052,4.4720154,4.571266,0.0,0.0,0.0,1.0
5794,0.3241178,4.524212,4.522357,0.0,0.0,0.0,1.0
5795,0.3699525,4.482322,4.4722366,0.0,0.0,0.0,1.0
5796,0.38595843,4.4416895,4.4109335,0.0,0.0,0.0,1.0
5797,-0.15751182,4.4364033,4.3520517,0.0,0.0,0.0,1.0
5798,-0.20698439,4.2747397,4.305185,0.0,0.0,0.0,1.0
5799,-0.6471443,4.2085853,4.2610497,0.0,0.0,0.0,1.0
5800,-0.71771544,4.177105,4.2116027,0.0,0.0,0.0,1.0
5801,-0.48053828,4.0452614,4.149954,0.0,0.0,0.0,1.0
5802,-0.66533285,4.0107284,4.0848236,0.0,0.0,0.0,1.0
5803,-0.5081848,4.0523224,4.0313425,0.0,0.0,0.0,1.0
5804,-0.51400506,4.0072117,3.9792588,0.0,0.0,0.0,1.0
5805,-0.5278283,3.8786511,3.935991,0.0,0.0,0.0,1.0
5806,-0.5954893,3.7844248,3.8885503,0.0,0.0,0.0,1.0
5807,-0.84066933,3.7007618,3.8338022,0.0,0.0,0.0,1.0
5808,-0.47326297,3.7999165,3.7757711,0.0,0.0,0.0,1.0
5809,-0.5860312,3.811397,3.7181265,0.0,0.0,0.0,1.0
5810,-0.4623499,3.755527,3.6518734,0.0,0.0,0.0,1.0
5811,-0.50600225,3.6392963,3.5861123,0.0,0.0,0.0,1.0
5812,-0.5489269,3.5201287,3.523125,0.0,0.0,0.0,1.0
5813,-0.54601663,3.3488882,3.4528804,0.0,0.0,0.0,1.0
5814,-0.88795924,3.3189917,3.3813305,0.0,0.0,0.0,1.0
5815,-0.77737355,3.2572842,3.2995932,0.0,0.0,0.0,1.0
5816,-0.7744635,3.2180789,3.2231357,0.0,0.0,0.0,1.0
5817,-0.7897417,3.122805,3.1567569,0.0,0.0,0.0,1.0
5818,-0.71116775,2.9414902,3.1062448,0.0,0.0,0.0,1.0
5819,-0.6631502,2.8421621,3.0532367,0.0,0.0,0.0,1.0
5820,-0.6813386,2.8190694,3.0150213,0.0,0.0,0.0,1.0
5821,-0.7089851,2.8939059,2.9781654,0.0,0.0,0.0,1.0
5822,-0.69370675,2.958981,2.9525697,0.0,0.0,0.0,1.0
5823,-0.84794456,3.0331538,2.9314356,0.0,0.0,0.0,1.0
5824,-0.4769007,2.8840306,2.9341235,0.0,0.0,0.0,1.0
5825,-0.5249182,2.8903017,2.964825,0.0,0.0,0.0,1.0
5826,-0.4638049,2.8767226,3.0147827,0.0,0.0,0.0,1.0
5827,-0.4492542,2.950137,3.0711522,0.0,0.0,0.0,1.0
5828,-0.784649,2.9644666,3.1227434,0.0,0.0,0.0,1.0
5829,-0.7184431,3.1550608,3.1809254,0.0,0.0,0.0,1.0
5830,-0.7089851,3.3099084,3.234307,0.0,0.0,0.0,1.0
5831,-0.7380866,3.4416552,3.3081686,0.0,0.0,0.0,1.0
5832,-0.7148053,3.4955034,3.3806036,0.0,0.0,0.0,1.0
5833,-0.6980721,3.5129998,3.4515722,0.0,0.0,0.0,1.0
5834,-0.7009822,3.657165,3.5164273,0.0,0.0,0.0,1.0
5835,-0.71407783,3.6737337,3.5867498,0.0,0.0,0.0,1.0
5836,-0.64859945,3.7703693,3.6453614,0.0,0.0,0.0,1.0
5837,-0.7359039,3.7595205,3.6940598,0.0,0.0,0.0,1.0
5838,-0.74463433,3.7283475,3.7337675,0.0,0.0,0.0,1.0
5839,-0.8261185,3.7283967,3.7775586,0.0,0.0,0.0,1.0
5840,-0.25936702,3.8083384,3.812181,0.0,0.0,0.0,1.0
5841,-0.19025101,3.858398,3.8278701,0.0,0.0,0.0,1.0
5842,-0.14805388,3.894291,3.840594,0.0,0.0,0.0,1.0
5843,-0.13568558,3.9181454,3.849656,0.0,0.0,0.0,1.0
5844,-0.12404514,4.0209975,3.8624864,0.0,0.0,0.0,1.0
5845,-0.5060021,3.9284678,3.8750181,0.0,0.0,0.0,1.0
5846,-0.8101128,3.8454368,3.8858669,0.0,0.0,0.0,1.0
5847,-0.61513275,3.8264208,3.8815749,0.0,0.0,0.0,1.0
5848,-0.5903966,3.879114,3.8732677,0.0,0.0,0.0,1.0
5849,-0.5823936,3.9134817,3.866542,0.0,0.0,0.0,1.0
5850,-0.60203713,3.8787284,3.8618677,0.0,0.0,0.0,1.0
5851,-0.6129502,3.858584,3.8451595,0.0,0.0,0.0,1.0
5852,-0.5969444,3.7568338,3.8267524,0.0,0.0,0.0,1.0
5853,-0.61367774,3.758712,3.8101513,0.0,0.0,0.0,1.0
5854,-0.77810115,3.813583,3.7917683,0.0,0.0,1.0,1.0
5855,-0.4026919,3.8620515,3.762535,0.0,0.0,1.0,1.0
5856,-0.18734078,3.8205001,3.7308784,0.0,0.0,1.0,1.0
5857,-0.14950895,3.7075825,3.7008076,0.0,0.0,1.0,1.0
5858,-0.11531463,3.646224,3.6692858,0.0,0.0,1.0,1.0
5859,-0.13714072,3.605826,3.6375427,0.0,0.0,1.0,1.0
5860,-0.13786823,3.528314,3.6063027,0.0,0.0,1.0,1.0
5861,-0.17497262,3.533602,3.5733006,0.0,0.0,1.0,1.0
5862,-0.7460895,3.5178785,3.5360167,0.0,0.0,1.0,1.0
5863,-0.6122226,3.4803207,3.5054414,0.0,0.0,1.0,1.0
5864,-0.6507821,3.375919,3.4858177,0.0,0.0,1.0,1.0
5865,-0.64277923,3.383833,3.4796646,0.0,0.0,1.0,1.0
5866,-0.63186616,3.4175556,3.4808729,0.0,0.0,1.0,1.0
5867,-0.8268462,3.414644,3.4969118,0.0,0.0,1.0,1.0
5868,-0.63550377,3.453599,3.5215266,0.0,0.0,1.0,1.0
5869,-0.6551473,3.4720964,3.5565023,0.0,0.0,1.0,1.0
5870,-0.6857038,3.572386,3.5981712,0.0,0.0,1.0,1.0
5871,-0.6864314,3.620325,3.6573858,0.0,0.0,1.0,1.0
5872,-0.64132404,3.7207816,3.7151575,0.0,0.0,1.0,1.0
5873,-0.106584124,3.828981,3.777568,0.0,0.0,1.0,1.0
5874,-0.13641316,3.9375865,3.8474913,0.0,0.0,1.0,1.0
5875,-0.11385949,3.9803464,3.9235208,0.0,0.0,1.0,1.0
5876,-0.13132043,4.086495,4.0032716,0.0,0.0,1.0,1.0
5877,-0.13495809,4.0770936,4.0815496,0.0,0.0,1.0,1.0
5878,-0.48490363,4.166482,4.17097,0.0,0.0,1.0,1.0
5879,-0.82466346,4.253722,4.2621994,0.0,0.0,1.0,1.0
5880,-0.73444885,4.365953,4.350652,0.0,0.0,1.0,1.0
5881,-0.7351764,4.429109,4.421291,0.0,0.0,1.0,1.0
5882,-0.7366314,4.511721,4.481782,0.0,0.0,1.0,1.0
5883,-0.8530375,4.6933703,4.538587,0.0,0.0,1.0,1.0
5884,-0.4710805,4.8155317,4.5899796,0.0,0.0,1.0,1.0
5885,0.13204801,4.890414,4.6247854,0.0,0.0,1.0,1.0
5886,0.1014914,4.7852516,4.6494603,0.0,0.0,1.0,1.0
5887,0.21571468,4.7062397,4.657838,0.0,0.0,1.0,1.0
5888,0.21134946,4.7681556,4.6507144,0.0,0.0,0.0,1.0
5889,0.24045092,4.693806,4.6257977,0.0,0.0,0.0,1.0
5890,0.21353213,4.584151,4.578768,0.0,0.0,0.0,1.0
5891,0.45725715,4.549821,4.5183706,0.0,0.0,0.0,1.0
5892,0.4863586,4.466486,4.4507203,0.0,0.0,0.0,1.0
5893,0.620953,4.3436246,4.385724,0.0,0.0,0.0,1.0
5894,0.29283363,4.2127233,4.318654,0.0,0.0,0.0,1.0
5895,0.3073845,4.1290116,4.2381644,0.0,0.0,0.0,1.0
5896,0.27973804,4.0907655,4.163676,0.0,0.0,0.0,1.0
5897,-0.017824592,4.0786076,4.1034665,0.0,0.0,0.0,1.0
5898,-0.60130954,4.005299,4.0526967,0.0,0.0,0.0,1.0
5899,-0.619498,3.9014003,4.003914,0.0,0.0,0.0,1.0
5900,-0.6238632,3.8022757,3.9691677,0.0,0.0,0.0,1.0
5901,-0.658785,3.7999465,3.947877,0.0,0.0,0.0,1.0
5902,-0.64641696,3.8616345,3.935426,0.0,0.0,0.0,1.0
5903,-0.6267733,3.9405873,3.933548,0.0,0.0,0.0,1.0
5904,-0.6405965,3.8810925,3.9469504,0.0,0.0,0.0,1.0
5905,-0.63550377,3.926669,3.9783885,0.0,0.0,0.0,1.0
5906,-0.6420516,3.9572337,4.017364,0.0,0.0,0.0,1.0
5907,-0.6515096,3.9796004,4.0599694,0.0,0.0,0.0,1.0
5908,-0.60712975,4.0682287,4.0994334,0.0,0.0,0.0,1.0
5909,-0.5663877,4.239437,4.126368,0.0,0.0,0.0,1.0
5910,-0.5823936,4.3825583,4.139496,0.0,0.0,0.0,1.0
5911,-0.59039646,4.369102,4.1513658,0.0,0.0,0.0,1.0
5912,-0.58821386,4.3135405,4.1517153,0.0,0.0,0.0,1.0
5913,-0.7220807,4.2735157,4.139178,0.0,0.0,0.0,1.0
5914,-0.38304836,4.1848516,4.1130714,0.0,0.0,0.0,1.0
5915,-0.13859573,4.0981207,4.07122,0.0,0.0,0.0,1.0
5916,-0.13932337,4.02353,4.011033,0.0,0.0,0.0,1.0
5917,-0.124045,3.9308639,3.941837,0.0,0.0,0.0,1.0
5918,-0.10512905,3.8067856,3.866553,0.0,0.0,0.0,1.0
5919,-0.834849,3.6663253,3.7879465,0.0,0.0,0.0,1.0
5920,-0.7351765,3.5660083,3.7051592,0.0,0.0,0.0,1.0
5921,-0.6922516,3.517197,3.6193202,0.0,0.0,0.0,1.0
5922,-0.69807196,3.552205,3.5384848,0.0,0.0,0.0,1.0
5923,-0.68934155,3.4656935,3.4606395,0.0,0.0,0.0,1.0
5924,-0.6544197,3.3702598,3.3852274,0.0,0.0,0.0,1.0
5925,-0.6391414,3.2800703,3.3193722,0.0,0.0,0.0,1.0
5926,-0.6529647,3.1547818,3.2665448,0.0,0.0,0.0,1.0
5927,-0.64859957,3.1280963,3.2221506,0.0,0.0,0.0,1.0
5928,-0.6718806,3.089388,3.1818218,0.0,0.0,0.0,1.0
5929,-0.6464169,3.0259178,3.141606,0.0,0.0,0.0,1.0
5930,-0.6798836,3.0165222,3.106633,0.0,0.0,0.0,1.0
5931,-0.6427791,3.0323987,3.0791488,0.0,0.0,0.0,1.0
5932,-0.72499096,3.0332758,3.0573285,0.0,0.0,0.0,1.0
5933,-0.8057475,3.0332518,3.0345058,0.0,0.0,0.0,1.0
5934,-0.9221534,3.0696177,3.0137734,0.0,0.0,0.0,1.0
5935,-0.4776282,3.0460148,2.9879286,0.0,0.0,0.0,1.0
5936,-0.4769007,3.0404487,2.9610703,0.0,0.0,0.0,1.0
5937,-0.45434695,3.0182276,2.933475,0.0,0.0,0.0,1.0
5938,-0.41069475,2.8809094,2.906962,0.0,0.0,0.0,1.0
5939,-0.36631498,2.8793097,2.8840754,0.0,0.0,0.0,1.0
5940,-0.7482721,2.7792482,2.862279,0.0,0.0,0.0,1.0
5941,-0.6391415,2.703618,2.8391538,0.0,0.0,0.0,1.0
5942,-0.74972725,2.6853797,2.8170543,0.0,0.0,0.0,1.0
5943,-0.63695884,2.714242,2.7996368,0.0,0.0,0.0,1.0
5944,-0.611495,2.7586372,2.7857413,0.0,0.0,0.0,1.0
5945,-0.60349214,2.771695,2.7833319,0.0,0.0,0.0,1.0
5946,-0.73881406,2.7921162,2.7899978,0.0,0.0,0.0,1.0
5947,-0.35249168,2.7808187,2.8140929,0.0,0.0,0.0,1.0
5948,-0.12186249,2.8314412,2.848925,0.0,0.0,0.0,1.0
5949,-0.13714066,2.8514795,2.8950298,0.0,0.0,0.0,1.0
5950,-0.08184781,2.8519964,2.9453053,0.0,0.0,0.0,1.0
5951,-0.017097091,2.959301,2.999541,0.0,0.0,0.0,1.0
5952,-0.06802465,3.0683908,3.058594,0.0,0.0,0.0,1.0
5953,-0.03965076,3.1216042,3.1155367,0.0,0.0,0.0,1.0
5954,-0.550382,3.2386365,3.1688883,0.0,0.0,0.0,1.0
5955,-0.5722081,3.3175461,3.2124288,0.0,0.0,0.0,1.0
5956,-0.72717345,3.4094663,3.2467241,0.0,0.0,0.0,1.0
5957,-0.60058206,3.4803305,3.2741623,0.0,0.0,0.0,1.0
5958,-0.581666,3.475428,3.2894754,0.0,0.0,0.0,1.0
5959,-0.5874863,3.4210386,3.2955375,0.0,0.0,0.0,1.0
5960,-0.6042197,3.353929,3.2894258,0.0,0.0,0.0,1.0
5961,-0.6224081,3.2630208,3.2656765,0.0,0.0,0.0,1.0
5962,-0.60567474,3.1812544,3.2224936,0.0,0.0,0.0,1.0
5963,-0.619498,3.1430588,3.158275,0.0,0.0,0.0,1.0
5964,-0.05274642,3.1411378,3.0822093,0.0,0.0,0.0,1.0
5965,-0.023644885,3.0482628,2.9985921,0.0,0.0,0.0,1.0
5966,-0.046198625,2.9536462,2.914882,0.0,0.0,0.0,1.0
5967,-0.03455797,2.7993498,2.8253672,0.0,0.0,0.0,1.0
5968,-0.06875222,2.638842,2.7369514,0.0,0.0,0.0,1.0
5969,-0.49799934,2.5675445,2.6593537,0.0,0.0,0.0,1.0
5970,-0.75991267,2.4720216,2.5860221,0.0,0.0,0.0,1.0
5971,-0.65078205,2.4165165,2.5248044,0.0,0.0,0.0,1.0
5972,-0.6638777,2.2797523,2.479598,0.0,0.0,0.0,1.0
5973,-0.69443434,2.202029,2.4458203,0.0,0.0,0.0,1.0
5974,-0.7082575,2.250084,2.4258587,0.0,0.0,0.0,1.0
5975,-0.69006914,2.2630787,2.4142847,0.0,0.0,0.0,1.0
5976,-0.6958894,2.4065254,2.41319,0.0,0.0,0.0,1.0
5977,-0.7810113,2.505786,2.4282956,0.0,0.0,0.0,1.0
5978,-0.7315387,2.5483155,2.4534824,0.0,0.0,0.0,1.0
5979,-0.6806111,2.5598087,2.4966564,0.0,0.0,0.0,1.0
5980,-0.6515096,2.4999557,2.5514627,0.0,0.0,0.0,1.0
5981,-0.71626043,2.5544045,2.6090865,0.0,0.0,1.0,1.0
5982,-0.41942513,2.6532905,2.6677213,0.0,0.0,1.0,1.0
5983,-0.14150588,2.7187598,2.725127,0.0,0.0,1.0,1.0
5984,-0.116042204,2.7978387,2.7799532,0.0,0.0,1.0,1.0
5985,-0.11967978,2.859704,2.8261588,0.0,0.0,1.0,1.0
5986,-0.13059287,2.9415712,2.8726726,0.0,0.0,1.0,1.0
5987,-0.117497206,2.9666963,2.9121773,0.0,0.0,1.0,1.0
5988,-0.825391,3.095393,2.943531,0.0,0.0,1.0,1.0
5989,-0.70534736,3.1637,2.9687505,0.0,0.0,1.0,1.0
5990,-0.86104035,3.1027827,2.9928432,0.0,0.0,1.0,1.0
5991,-0.8595853,3.117974,3.011812,0.0,0.0,1.0,1.0
5992,-0.4645326,2.9740129,3.0309803,0.0,0.0,1.0,1.0
5993,0.11167688,2.9306502,3.0449681,0.0,0.0,1.0,1.0
5994,0.10440162,2.9559236,3.0607393,0.0,0.0,1.0,1.0
5995,0.078937665,3.0078723,3.0710378,0.0,0.0,1.0,1.0
5996,0.103673905,3.0254638,3.071646,0.0,0.0,1.0,1.0
5997,0.11240435,3.0897245,3.0784585,0.0,0.0,0.0,1.0
5998,0.18661311,3.1094255,3.0840793,0.0,0.0,0.0,1.0
5999,0.20116402,3.1559489,3.0989542,0.0,0.0,0.0,1.0
6000,0.14296092,3.2189755,3.1136196,0.0,0.0,0.0,1.0
6001,0.18152039,3.1709979,3.1245787,0.0,0.0,0.0,1.0
6002,0.21353218,3.1845324,3.1317408,0.0,0.0,0.0,1.0
6003,-0.13204809,3.1854231,3.144405,0.0,0.0,0.0,1.0
6004,-0.15314661,3.1525128,3.1554263,0.0,0.0,0.0,1.0
6005,-0.5889414,3.1066349,3.166292,0.0,0.0,0.0,1.0
6006,-0.50236434,3.087432,3.173243,0.0,0.0,0.0,1.0
6007,-0.49727163,3.0938177,3.173161,0.0,0.0,0.0,1.0
6008,-0.49654415,3.177433,3.171286,0.0,0.0,0.0,1.0
6009,-0.8690433,3.221981,3.1689925,0.0,0.0,0.0,1.0
6010,-0.78246635,3.2398152,3.160094,0.0,0.0,0.0,1.0
6011,-0.8639505,3.2393608,3.1449332,0.0,0.0,0.0,1.0
6012,-0.5998544,3.2179923,3.1400318,0.0,0.0,0.0,1.0
6013,-0.74972713,3.1484985,3.135939,0.0,0.0,0.0,1.0
6014,-0.58166593,3.1570077,3.1286902,0.0,0.0,0.0,1.0
6015,-0.5620225,3.0786421,3.1166055,0.0,0.0,0.0,1.0
6016,-0.56638765,2.9705837,3.1065345,0.0,0.0,0.0,1.0
6017,-0.51400495,3.0478182,3.1018631,0.0,0.0,0.0,1.0
6018,-0.27319017,3.038317,3.0971696,0.0,0.0,0.0,1.0
6019,-0.27610025,3.0068347,3.0956438,0.0,0.0,0.0,1.0
6020,-0.2979265,3.032414,3.103991,0.0,0.0,0.0,1.0
6021,-0.30229178,3.101129,3.1107056,0.0,0.0,0.0,1.0
6022,-0.31538737,3.1837585,3.1246333,0.0,0.0,0.0,1.0
6023,-0.32048008,3.1830406,3.167917,0.0,0.0,0.0,1.0
6024,-0.66751546,3.1996806,3.2280548,0.0,0.0,0.0,1.0
6025,-0.48490363,3.2486677,3.2923906,0.0,0.0,0.0,1.0
6026,-0.52782834,3.23758,3.3938835,0.0,0.0,0.0,1.0
6027,-0.47399053,3.2457747,3.5138547,0.0,0.0,0.0,1.0
6028,-0.51109487,3.489989,3.6425607,0.0,0.0,0.0,1.0
6029,-0.5351037,3.7694705,3.7760065,0.0,0.0,0.0,1.0
6030,-0.56056744,3.8103485,3.9191697,0.0,0.0,0.0,1.0
6031,-0.6173154,4.224749,4.074971,0.0,0.0,0.0,1.0
6032,-0.5925792,4.4720697,4.236718,0.0,0.0,0.0,1.0
6033,-0.23972356,4.6456,4.4196835,0.0,0.0,0.0,1.0
6034,-0.22371782,4.7851076,4.6235433,0.0,0.0,0.0,1.0
6035,0.29647133,4.900999,4.8140354,0.0,0.0,0.0,1.0
6036,0.834849,5.069297,4.978744,0.0,0.0,0.0,1.0
6037,0.83339405,5.189635,5.1484084,0.0,0.0,0.0,1.0
6038,0.8035648,5.433159,5.288582,0.0,0.0,0.0,1.0
6039,0.6536921,5.6920967,5.3956127,0.0,0.0,0.0,1.0
6040,0.6296835,5.775892,5.4650917,0.0,0.0,0.0,1.0
6041,0.40705696,5.745978,5.5151052,0.0,0.0,0.0,1.0
6042,0.23099294,5.84632,5.526832,0.0,0.0,0.0,1.0
6043,-0.27319038,5.9068317,5.510512,0.0,0.0,0.0,1.0
6044,-0.31393257,5.7564363,5.467306,0.0,0.0,0.0,1.0
6045,-0.32193536,5.4793468,5.38955,0.0,0.0,0.0,1.0
6046,-0.756275,5.3852744,5.280789,0.0,0.0,0.0,1.0
6047,-0.63404876,5.0417166,5.163685,0.0,0.0,0.0,1.0
6048,-0.6485995,4.873455,5.0426993,0.0,0.0,0.0,1.0
6049,-0.6755184,4.6711674,4.894871,0.0,0.0,0.0,1.0
6050,-0.7744634,4.5000877,4.719412,0.0,0.0,0.0,1.0
6051,-0.3975991,4.3869605,4.549815,0.0,0.0,0.0,1.0
6052,-0.13495809,4.370645,4.4019594,0.0,0.0,0.0,1.0
6053,-0.12768272,4.2941513,4.2553406,0.0,0.0,0.0,1.0
6054,-0.15241896,4.0723805,4.1293497,0.0,0.0,0.0,1.0
6055,-0.15023638,3.8013177,4.017553,0.0,0.0,0.0,1.0
6056,-0.13132037,3.7212768,3.930954,0.0,0.0,0.0,1.0
6057,-0.36995265,3.7050793,3.8656154,0.0,0.0,0.0,1.0
6058,-0.7359039,3.625847,3.8172398,0.0,0.0,0.0,1.0
6059,-0.55984,3.5298269,3.777267,0.0,0.0,0.0,1.0
6060,-0.5765733,3.5318933,3.7522619,0.0,0.0,0.0,1.0
6061,-0.6180429,3.6319814,3.7549627,0.0,0.0,0.0,1.0
6062,-0.60712975,3.7160234,3.786405,0.0,0.0,0.0,1.0
6063,-0.63332117,3.8064551,3.8189802,0.0,0.0,0.0,1.0
6064,-0.6347763,3.8909712,3.8559818,0.0,0.0,0.0,1.0
6065,-0.6507821,3.9940891,3.8976588,0.0,0.0,0.0,1.0
6066,-0.6660604,4.104792,3.9495187,0.0,0.0,0.0,1.0
6067,-0.6355038,4.1786265,3.9960191,0.0,0.0,0.0,1.0
6068,-0.6267733,4.1121764,4.0329022,0.0,0.0,0.0,1.0
6069,-0.103673905,4.1491003,4.0652905,0.0,0.0,0.0,1.0
6070,-0.0869406,4.1259704,4.096164,0.0,0.0,0.0,1.0
6071,-0.14805374,4.152144,4.118168,0.0,0.0,0.0,1.0
6072,-0.12331757,4.089899,4.132125,0.0,0.0,0.0,1.0
6073,-0.11385956,4.074581,4.1364264,0.0,0.0,0.0,1.0
6074,-0.13132037,4.104683,4.1302814,0.0,0.0,0.0,1.0
6075,-0.756275,4.176936,4.130766,0.0,0.0,0.0,1.0
6076,-0.6726083,4.1550136,4.1293335,0.0,0.0,0.0,1.0
6077,-0.69370675,4.161578,4.1328483,0.0,0.0,0.0,1.0
6078,-0.69588935,4.1564074,4.1399364,0.0,0.0,0.0,1.0
6079,-0.69807196,4.1048865,4.1611567,0.0,0.0,0.0,1.0
6080,-0.7613677,4.1179886,4.191998,0.0,0.0,0.0,1.0
6081,-0.7708258,4.131913,4.236967,0.0,0.0,0.0,1.0
6082,-0.922881,4.168148,4.2914248,0.0,0.0,0.0,1.0
6083,-0.80938524,4.2372055,4.369294,0.0,0.0,0.0,1.0
6084,-0.7635504,4.3445415,4.4639792,0.0,0.0,0.0,1.0
6085,-0.7329937,4.4446735,4.566253,0.0,0.0,0.0,1.0
6086,-0.7046198,4.6443133,4.6618237,0.0,0.0,0.0,1.0
6087,-0.65587485,4.8304257,4.7650805,0.0,0.0,0.0,1.0
6088,-0.7788286,5.08945,4.868122,0.0,0.0,0.0,1.0
6089,0.19898137,5.2977996,4.975182,0.0,0.0,0.0,1.0
6090,0.13641323,5.3836927,5.0833325,0.0,0.0,0.0,1.0
6091,0.6660604,5.251734,5.173783,0.0,0.0,0.0,1.0
6092,0.6973444,5.3570666,5.2484555,0.0,0.0,0.0,1.0
6093,0.67915606,5.3684173,5.29602,0.0,0.0,0.0,1.0
6094,0.3444889,5.4528675,5.317253,0.0,0.0,0.0,1.0
6095,0.09712611,5.5350075,5.3014016,0.0,0.0,0.0,1.0
6096,0.13568558,5.429946,5.252103,0.0,0.0,0.0,1.0
6097,0.13277544,5.3407464,5.1787286,0.0,0.0,0.0,1.0
6098,0.13059287,5.2150855,5.1011724,0.0,0.0,0.0,1.0
6099,0.19461611,5.085225,4.996815,0.0,0.0,0.0,1.0
6100,0.21862479,4.8992314,4.8752255,0.0,0.0,0.0,1.0
6101,-0.40050927,4.706215,4.7366357,0.0,0.0,0.0,1.0
6102,-0.4012369,4.503201,4.5983744,0.0,0.0,0.0,1.0
6103,-0.7439069,4.321062,4.4575624,0.0,0.0,0.0,1.0
6104,-0.6806112,4.104779,4.317597,0.0,0.0,1.0,1.0
6105,-0.67842853,3.9093404,4.1778307,0.0,0.0,1.0,1.0
6106,-0.6740634,3.7897868,4.0397243,0.0,0.0,1.0,1.0
6107,-0.65951246,3.8758736,3.9176254,0.0,0.0,1.0,1.0
6108,-0.6675154,3.740206,3.8096347,0.0,0.0,1.0,1.0
6109,-0.814478,3.6611557,3.7199235,0.0,0.0,1.0,1.0
6110,-0.2193524,3.537893,3.646418,0.0,0.0,1.0,1.0
6111,-0.10585662,3.4279487,3.589624,0.0,0.0,1.0,1.0
6112,-0.21789739,3.4340448,3.546675,0.0,0.0,1.0,1.0
6113,-0.11822471,3.4103255,3.5103943,0.0,0.0,1.0,1.0
6114,-0.070934795,3.426666,3.4667647,0.0,0.0,1.0,1.0
6115,-0.08766817,3.4389968,3.4301872,0.0,0.0,1.0,1.0
6116,-0.7548198,3.4232488,3.3950458,0.0,0.0,1.0,1.0
6117,-0.6100399,3.3939545,3.3700361,0.0,0.0,1.0,1.0
6118,-0.6020371,3.3544176,3.3519785,0.0,0.0,1.0,1.0
6119,-0.64205176,3.3523178,3.3291614,0.0,0.0,1.0,1.0
6120,-0.60349214,3.3012767,3.3024378,0.0,0.0,1.0,1.0
6121,-0.5918516,3.23946,3.2710555,0.0,0.0,1.0,1.0
6122,-0.58966887,3.2377756,3.2289581,0.0,0.0,1.0,1.0
6123,-0.67260826,3.2112582,3.1748714,0.0,0.0,1.0,1.0
6124,-0.85303754,3.1602383,3.114856,0.0,0.0,1.0,1.0
6125,-0.863223,3.0896437,3.0658455,0.0,0.0,1.0,1.0
6126,-0.66460526,3.0500786,3.011703,0.0,0.0,1.0,1.0
6127,-0.6260458,2.9338288,2.9641924,0.0,0.0,1.0,1.0
6128,-0.6245907,2.7742085,2.9276962,0.0,0.0,1.0,1.0
6129,-0.61804295,2.6737683,2.8950481,0.0,0.0,1.0,1.0
6130,-0.62895596,2.7662904,2.860491,0.0,0.0,1.0,1.0
6131,-0.70825756,2.702609,2.8318293,0.0,0.0,1.0,1.0
6132,-0.35321927,2.7311502,2.8095531,0.0,0.0,1.0,1.0
6133,-0.31975257,2.8015037,2.7886014,0.0,0.0,1.0,1.0
6134,-0.32048014,2.8459997,2.779201,0.0,0.0,1.0,1.0
6135,-0.30811206,2.7965727,2.7886183,0.0,0.0,1.0,1.0
6136,-0.32921052,2.8162968,2.8153663,0.0,0.0,1.0,1.0
6137,-0.7286286,2.8223321,2.836122,0.0,0.0,1.0,1.0
6138,-0.5954892,2.798655,2.873692,0.0,0.0,1.0,1.0
6139,-0.56056756,2.8210266,2.9210064,0.0,0.0,1.0,1.0
6140,-0.7228083,2.8872166,2.978121,0.0,0.0,1.0,1.0
6141,-0.51400506,2.9947417,3.0274398,0.0,0.0,1.0,1.0
6142,-0.5380138,3.0153613,3.0834587,0.0,0.0,1.0,1.0
6143,-0.64859945,3.1534488,3.1317155,0.0,0.0,1.0,1.0
6144,-0.26664236,3.2989216,3.1672308,0.0,0.0,1.0,1.0
6145,0.028737746,3.48688,3.1911137,0.0,0.0,1.0,1.0
6146,0.010549368,3.437825,3.203512,0.0,0.0,1.0,1.0
6147,0.05420149,3.4687986,3.2121,0.0,0.0,1.0,1.0
6148,0.033830468,3.3953788,3.2159784,0.0,0.0,1.0,1.0
6149,0.02073488,3.2485154,3.21714,0.0,0.0,1.0,1.0
6150,0.03819576,3.0852506,3.2003524,0.0,0.0,1.0,1.0
6151,-0.5030921,2.969805,3.1738765,0.0,0.0,1.0,1.0
6152,-0.65805745,2.9902723,3.1312723,0.0,0.0,1.0,1.0
6153,-0.7664604,3.0412846,3.0946543,0.0,0.0,1.0,1.0
6154,-0.69225174,3.0292988,3.053072,0.0,0.0,0.0,1.0
6155,-0.6864314,2.9519982,3.0168877,0.0,0.0,0.0,1.0
6156,-0.65223724,2.9812112,2.983755,0.0,0.0,0.0,1.0
6157,-0.60567474,2.97563,2.9600377,0.0,0.0,0.0,1.0
6158,-0.581666,2.998409,2.9582658,0.0,0.0,0.0,1.0
6159,-0.5438341,2.9698098,2.9658573,0.0,0.0,0.0,1.0
6160,-0.5474718,2.9611683,2.9765692,0.0,0.0,0.0,1.0
6161,-0.044015907,2.850923,2.9964888,0.0,0.0,0.0,1.0
6162,-0.019279737,2.8006408,3.0305247,0.0,0.0,0.0,1.0
6163,-0.046926055,2.9485419,3.0558372,0.0,0.0,0.0,1.0
6164,-0.023644885,3.0813704,3.0805593,0.0,0.0,0.0,1.0
6165,-0.0025463603,3.1698277,3.1092165,0.0,0.0,0.0,1.0
6166,-0.089850746,3.2683365,3.1457548,0.0,0.0,0.0,1.0
6167,-0.72208077,3.3604274,3.1797807,0.0,0.0,0.0,1.0
6168,-0.6471444,3.2849603,3.2221649,0.0,0.0,0.0,1.0
6169,-0.8268461,3.272297,3.2661777,0.0,0.0,0.0,1.0
6170,-0.74681705,3.3422937,3.3002534,0.0,0.0,0.0,1.0
6171,-0.7489996,3.4082701,3.3300576,0.0,0.0,0.0,1.0
6172,-0.7482721,3.3694787,3.3509176,0.0,0.0,0.0,1.0
6173,-0.74317926,3.3595328,3.3617535,0.0,0.0,0.0,1.0
6174,-0.7453619,3.3287945,3.3535087,0.0,0.0,0.0,1.0
6175,-0.78028375,3.3574524,3.349651,0.0,0.0,0.0,1.0
6176,-0.7460894,3.43902,3.343489,0.0,0.0,0.0,1.0
6177,-0.7504547,3.4201472,3.3450944,0.0,0.0,0.0,1.0
6178,-0.7388141,3.3983684,3.349472,0.0,0.0,0.0,1.0
6179,-0.48272097,3.2614899,3.373406,0.0,0.0,0.0,1.0
6180,-0.23172048,3.238668,3.4097335,0.0,0.0,0.0,1.0
6181,-0.19316114,3.1983507,3.4492362,0.0,0.0,0.0,1.0
6182,-0.18588571,3.3615608,3.4951787,0.0,0.0,0.0,1.0
6183,-0.17424513,3.460802,3.5427115,0.0,0.0,0.0,1.0
6184,-0.22444512,3.656686,3.5989661,0.0,0.0,0.0,1.0
6185,-0.85376495,3.795463,3.666904,0.0,0.0,0.0,1.0
6186,-0.87486356,3.8028255,3.7435765,0.0,0.0,0.0,1.0
6187,-0.46598765,3.9087644,3.8165143,0.0,0.0,0.0,1.0
6188,-0.56129503,4.0094113,3.9061527,0.0,0.0,0.0,1.0
6189,0.117497206,4.095205,3.991093,0.0,0.0,0.0,1.0
6190,0.097126186,4.21362,4.0684266,0.0,0.0,0.0,1.0
6191,0.112404376,4.181562,4.1209116,0.0,0.0,0.0,1.0
6192,0.11458713,4.11392,4.1622763,0.0,0.0,0.0,1.0
6193,0.1400508,4.2740116,4.1861057,0.0,0.0,0.0,1.0
6194,0.16624223,4.3808446,4.199691,0.0,0.0,0.0,1.0
6195,0.17715524,4.388808,4.1940293,0.0,0.0,0.0,1.0
6196,0.18079288,4.286501,4.165069,0.0,0.0,0.0,1.0
6197,0.18806826,4.291843,4.11796,0.0,0.0,0.0,1.0
6198,-0.3306657,4.0887794,4.0612774,0.0,0.0,0.0,1.0
6199,-0.3379411,4.0717816,3.993432,0.0,0.0,0.0,1.0
6200,-0.8384866,3.9414773,3.8951838,0.0,0.0,0.0,1.0
6201,-0.48490363,3.747681,3.768344,0.0,0.0,0.0,1.0
6202,-0.48926884,3.648311,3.63553,0.0,0.0,0.0,1.0
6203,-0.46307746,3.5013733,3.5051634,0.0,0.0,0.0,1.0
6204,-0.52564573,3.2997723,3.3591332,0.0,0.0,0.0,1.0
6205,-0.45798466,3.0950334,3.2180243,0.0,0.0,0.0,1.0
6206,-0.43979615,2.8587668,3.07562,0.0,0.0,0.0,1.0
6207,-0.82539105,2.795041,2.9486372,0.0,0.0,0.0,1.0
6208,-0.70898503,2.7221026,2.8417723,0.0,0.0,0.0,1.0
6209,-0.7439069,2.5394807,2.7501206,0.0,0.0,1.0,1.0
6210,-0.8530374,2.3954704,2.6696954,0.0,0.0,1.0,1.0
6211,-0.6304111,2.3629293,2.598502,0.0,0.0,1.0,1.0
6212,-0.6144052,2.4176855,2.5482318,0.0,0.0,1.0,1.0
6213,-0.62313575,2.465302,2.52127,0.0,0.0,1.0,1.0
6214,-0.6085849,2.5484898,2.4967787,0.0,0.0,1.0,1.0
6215,-0.7810112,2.536271,2.4824188,0.0,0.0,1.0,1.0
6216,-0.79119676,2.44545,2.4858756,0.0,0.0,1.0,1.0
6217,-0.5634776,2.491792,2.5103376,0.0,0.0,1.0,1.0
6218,-0.4572571,2.5352263,2.5442307,0.0,0.0,1.0,1.0
6219,-0.43834108,2.5011454,2.5828733,0.0,0.0,1.0,1.0
6220,-0.44270638,2.5497828,2.6246772,0.0,0.0,1.0,1.0
6221,-0.8821389,2.5809634,2.6631198,0.0,0.0,1.0,1.0
6222,-0.81084037,2.6890135,2.7063198,0.0,0.0,1.0,1.0
6223,-0.79919976,2.7696474,2.7564094,0.0,0.0,1.0,1.0
6224,-0.73008364,2.881395,2.7987356,0.0,0.0,1.0,1.0
6225,-0.764278,2.966948,2.8343065,0.0,0.0,1.0,1.0
6226,-0.7329939,3.0098014,2.8671625,0.0,0.0,1.0,1.0
6227,-0.70752996,3.0546715,2.9005327,0.0,0.0,1.0,1.0
6228,-0.7017097,3.0465262,2.9295387,0.0,0.0,1.0,1.0
6229,-0.6842488,2.9997077,2.9554102,0.0,0.0,1.0,1.0
6230,-0.70534736,2.962075,2.9874904,0.0,0.0,1.0,1.0
6231,-0.7329938,2.8954186,3.025925,0.0,0.0,1.0,1.0
6232,-0.83921427,2.9502256,3.0706613,0.0,0.0,1.0,1.0
6233,-0.4536195,2.9290352,3.1238284,0.0,0.0,1.0,1.0
6234,-0.2128046,2.9994726,3.1841428,0.0,0.0,1.0,1.0
6235,-0.19898137,3.1546073,3.242999,0.0,0.0,1.0,1.0
6236,0.11967992,3.3426108,3.3078337,0.0,0.0,1.0,1.0
6237,0.08694067,3.5037842,3.391543,0.0,0.0,0.0,1.0
6238,0.44125128,3.6478064,3.5000489,0.0,0.0,0.0,1.0
6239,0.5067296,3.778445,3.6141,0.0,0.0,0.0,1.0
6240,0.24481617,3.7527993,3.7619617,0.0,0.0,0.0,1.0
6241,0.25645676,3.7777255,3.9102511,0.0,0.0,0.0,1.0
6242,0.26300454,3.966585,4.0540166,0.0,0.0,0.0,1.0
6243,0.44852674,4.19749,4.198773,0.0,0.0,0.0,1.0
6244,0.4616224,4.3188386,4.3465834,0.0,0.0,0.0,1.0
6245,0.4354309,4.703377,4.490408,0.0,0.0,0.0,1.0
6246,0.44197872,4.778945,4.6250353,0.0,0.0,0.0,1.0
6247,0.42088035,4.8797903,4.761207,0.0,0.0,0.0,1.0
6248,0.73372144,5.079687,4.8971972,0.0,0.0,0.0,1.0
6249,0.4405237,5.27751,5.01386,0.0,0.0,0.0,1.0
6250,0.45725715,5.3737025,5.1054025,0.0,0.0,0.0,1.0
6251,0.10731176,5.393974,5.1936746,0.0,0.0,0.0,1.0
6252,0.14732638,5.3868594,5.2487445,0.0,0.0,0.0,1.0
6253,0.23244826,5.409606,5.286539,0.0,0.0,0.0,1.0
6254,0.25500193,5.3665423,5.300924,0.0,0.0,0.0,1.0
6255,-0.078937665,5.2959957,5.295756,0.0,0.0,0.0,1.0
6256,-0.3604947,5.378105,5.2502556,0.0,0.0,0.0,1.0
6257,-0.36631498,5.3642144,5.199992,0.0,0.0,0.0,1.0
6258,-0.36049476,5.232484,5.148602,0.0,0.0,0.0,1.0
6259,-0.42597306,5.0524073,5.090024,0.0,0.0,0.0,1.0
6260,-0.45507458,5.0176673,5.022805,0.0,0.0,0.0,1.0
6261,-0.44197887,4.731512,4.9452314,0.0,0.0,0.0,1.0
6262,-0.4208802,4.7705383,4.865694,0.0,0.0,0.0,1.0
6263,-0.5016369,4.7772903,4.769494,0.0,0.0,0.0,1.0
6264,-0.5089124,4.683927,4.6648593,0.0,0.0,1.0,1.0
6265,-0.5416514,4.60298,4.5653095,0.0,0.0,1.0,1.0
6266,-0.76573294,4.435654,4.4708166,0.0,0.0,1.0,1.0
6267,-0.109494336,4.3415475,4.370727,0.0,0.0,1.0,1.0
6268,-0.063659504,4.223707,4.2913647,0.0,0.0,1.0,1.0
6269,-0.0512912,4.1085963,4.203882,0.0,0.0,1.0,1.0
6270,-0.032375395,4.037885,4.1108136,0.0,0.0,1.0,1.0
6271,-0.0876681,3.9184926,4.0177026,0.0,0.0,1.0,1.0
6272,-0.8122953,3.8165927,3.9231467,0.0,0.0,1.0,1.0
6273,-0.71626043,3.7791636,3.8354607,0.0,0.0,1.0,1.0
6274,-0.73735905,3.7207503,3.749884,0.0,0.0,1.0,1.0
6275,-0.7257185,3.6604674,3.66861,0.0,0.0,1.0,1.0
6276,-0.7671882,3.5665963,3.5911987,0.0,0.0,1.0,1.0
6277,-0.7511822,3.4683077,3.5182302,0.0,0.0,1.0,1.0
6278,-0.7853765,3.3834202,3.4515667,0.0,0.0,1.0,1.0
6279,-0.7475446,3.3146267,3.3900824,0.0,0.0,1.0,1.0
6280,-0.78610396,3.248422,3.3298717,0.0,0.0,1.0,1.0
6281,-0.7184431,3.179661,3.274127,0.0,0.0,1.0,1.0
6282,-0.7300836,3.162262,3.2277732,0.0,0.0,1.0,1.0
6283,-0.738814,3.11853,3.1926131,0.0,0.0,1.0,1.0
6284,-0.726446,3.078782,3.1642969,0.0,0.0,1.0,1.0
6285,-0.8523098,3.0566347,3.1424236,0.0,0.0,1.0,1.0
6286,-0.6064022,3.0518138,3.126856,0.0,0.0,1.0,1.0
6287,-0.5205528,3.1042209,3.1242895,0.0,0.0,1.0,1.0
6288,-0.4288832,3.1446753,3.1365137,0.0,0.0,1.0,1.0
6289,-0.45289195,3.1285143,3.1558378,0.0,0.0,1.0,1.0
6290,-0.45507458,3.120942,3.1839707,0.0,0.0,1.0,1.0
6291,-0.45216438,3.1278162,3.2143474,0.0,0.0,1.0,1.0
6292,-0.8450345,3.2176216,3.2413428,0.0,0.0,1.0,1.0
6293,-0.71917063,3.3263528,3.265326,0.0,0.0,0.0,1.0
6294,-0.6747908,3.3941503,3.3094513,0.0,0.0,0.0,1.0
6295,-0.69225174,3.456123,3.3718543,0.0,0.0,0.0,1.0
6296,-0.7133504,3.4433024,3.4566343,0.0,0.0,0.0,1.0
6297,-0.7075301,3.3805795,3.550635,0.0,0.0,0.0,1.0
6298,-0.70389235,3.339613,3.659746,0.0,0.0,0.0,1.0
6299,-0.3881412,3.633726,3.7761745,0.0,0.0,0.0,1.0
6300,0.20625673,3.8935115,3.8881674,0.0,0.0,0.0,1.0
6301,0.21716975,4.1458735,3.9897985,0.0,0.0,0.0,1.0
6302,0.19170608,4.248951,4.091354,0.0,0.0,0.0,1.0
6303,0.4106947,4.437148,4.195787,0.0,0.0,0.0,1.0
6304,0.6515095,4.614764,4.300538,0.0,0.0,0.0,1.0
6305,0.630411,4.6702666,4.4057817,0.0,0.0,0.0,1.0
6306,0.5940342,4.6137247,4.4859676,0.0,0.0,0.0,1.0
6307,0.60785735,4.674789,4.5462112,0.0,0.0,0.0,1.0
6308,0.6020371,4.696494,4.5891976,0.0,0.0,0.0,1.0
6309,0.3132047,4.6375966,4.6258435,0.0,0.0,0.0,1.0
6310,-0.548927,4.602535,4.6265225,0.0,0.0,0.0,1.0
6311,-0.34958175,4.595957,4.5919847,0.0,0.0,0.0,1.0
6312,-0.7788287,4.616437,4.5336213,0.0,0.0,0.0,1.0
6313,-0.6842488,4.661709,4.4780636,0.0,0.0,0.0,1.0
6314,-0.64787185,4.6887045,4.407616,0.0,0.0,0.0,1.0
6315,-0.6071298,4.4452944,4.318817,0.0,0.0,0.0,1.0
6316,-0.6042197,4.200307,4.2214007,0.0,0.0,0.0,1.0
6317,-0.628956,3.9699092,4.1200085,0.0,0.0,0.0,1.0
6318,-0.6100399,3.9470284,4.005599,0.0,0.0,0.0,1.0
6319,-0.64205164,3.829422,3.8724878,0.0,0.0,0.0,1.0
6320,-0.68570393,3.630905,3.7270477,0.0,0.0,0.0,1.0
6321,-0.68570393,3.4686015,3.585031,0.0,0.0,0.0,1.0
6322,-0.76427794,3.385825,3.470595,0.0,0.0,0.0,1.0
6323,-0.7802838,3.2230432,3.3787792,0.0,0.0,0.0,1.0
6324,-0.9272463,3.0191057,3.3137863,0.0,0.0,0.0,1.0
6325,-0.54237914,2.9164262,3.2636313,0.0,0.0,0.0,1.0
6326,-0.52710074,2.9845057,3.2363944,0.0,0.0,0.0,1.0
6327,-0.50163686,3.0720613,3.2353246,0.0,0.0,0.0,1.0
6328,-0.50963974,3.0985165,3.2480862,0.0,0.0,0.0,1.0
6329,-0.43470344,3.189994,3.2552907,0.0,0.0,0.0,1.0
6330,-0.8726809,3.3451712,3.2745335,0.0,0.0,0.0,1.0
6331,-0.85813016,3.5025783,3.330103,0.0,0.0,0.0,1.0
6332,-0.6646053,3.618067,3.4234686,0.0,0.0,0.0,1.0
6333,-0.775191,3.6217413,3.5495315,0.0,0.0,0.0,1.0
6334,-0.32339036,3.472279,3.7011657,0.0,0.0,0.0,1.0
6335,-0.36486006,3.4539552,3.8650331,0.0,0.0,0.0,1.0
6336,0.2579117,3.6859405,4.062471,0.0,0.0,0.0,1.0
6337,0.3008366,4.036812,4.266214,0.0,0.0,0.0,1.0
6338,0.8377592,4.497261,4.469404,0.0,0.0,0.0,1.0
6339,0.8392141,4.8916717,4.6775618,0.0,0.0,0.0,1.0
6340,0.86540544,5.0649266,4.91157,0.0,0.0,0.0,1.0
6341,0.8159329,5.5592456,5.1556196,0.0,0.0,0.0,1.0
6342,0.74972713,5.79009,5.403635,0.0,0.0,0.0,1.0
6343,0.8341215,5.9408603,5.628168,0.0,0.0,0.0,1.0
6344,0.8108402,6.1159596,5.833199,0.0,0.0,0.0,1.0
6345,0.26082197,6.4298377,6.012009,0.0,0.0,0.0,1.0
6346,-0.31174985,6.400873,6.16006,0.0,0.0,0.0,1.0
6347,-0.3182978,6.4301434,6.258513,0.0,0.0,0.0,1.0
6348,-0.75336486,6.380334,6.3070526,0.0,0.0,0.0,1.0
6349,-0.6638778,6.4971857,6.3136964,0.0,0.0,0.0,1.0
6350,-0.668243,6.6429825,6.2865133,0.0,0.0,0.0,1.0
6351,-0.6813387,6.6682777,6.2447653,0.0,0.0,0.0,1.0
6352,-0.6653329,6.246368,6.164372,0.0,0.0,0.0,1.0
6353,-0.6820662,6.1417217,6.0780373,0.0,0.0,0.0,1.0
6354,-0.70534736,5.8698144,5.9819317,0.0,0.0,0.0,1.0
6355,-0.09712625,5.614661,5.8914576,0.0,0.0,0.0,1.0
6356,0.08985096,5.6149836,5.777033,0.0,0.0,0.0,1.0
6357,-0.028010033,5.4651203,5.660037,0.0,0.0,0.0,1.0
6358,0.08621317,5.3648543,5.534191,0.0,0.0,0.0,1.0
6359,0.053474132,5.276877,5.45006,0.0,0.0,0.0,1.0
6360,-0.182248,5.294646,5.376607,0.0,0.0,0.0,1.0
6361,-0.4761731,5.124089,5.3251653,0.0,0.0,1.0,1.0
6362,-0.51400506,5.2390337,5.2919655,0.0,0.0,1.0,1.0
6363,-0.5562021,5.158126,5.2644167,0.0,0.0,1.0,1.0
6364,-0.5358311,5.236793,5.2380404,0.0,0.0,1.0,1.0
6365,-0.74827206,5.2602873,5.219373,0.0,0.0,1.0,1.0
6366,-0.64641684,5.252512,5.2073164,0.0,0.0,1.0,1.0
6367,-0.630411,5.216262,5.193241,0.0,0.0,1.0,1.0
6368,-0.60130954,5.2844014,5.171794,0.0,0.0,1.0,1.0
6369,-0.63550377,5.1486034,5.120022,0.0,0.0,1.0,1.0
6370,-0.6158603,5.140848,5.0604506,0.0,0.0,1.0,1.0
6371,-0.6362313,5.132194,4.9755936,0.0,0.0,1.0,1.0
6372,-0.7308112,5.1257424,4.874961,0.0,0.0,1.0,1.0
6373,-0.2644598,4.866725,4.7652464,0.0,0.0,1.0,1.0
6374,0.016369661,4.617767,4.6586366,0.0,0.0,1.0,1.0
6375,0.025100028,4.44327,4.5430446,0.0,0.0,1.0,1.0
6376,0.016369661,4.21851,4.436813,0.0,0.0,1.0,1.0
6377,-0.09639868,4.052698,4.3375154,0.0,0.0,1.0,1.0
6378,0.017824804,3.9359329,4.2475524,0.0,0.0,1.0,1.0
6379,-0.52128047,3.9369464,4.1786985,0.0,0.0,0.0,1.0
6380,-0.56493264,3.8972964,4.149099,0.0,0.0,0.0,1.0
6381,-0.21571481,3.873824,4.1539216,0.0,0.0,0.0,1.0
6382,-0.20334673,3.9492795,4.185043,0.0,0.0,0.0,1.0
6383,0.19825387,4.0526366,4.24954,0.0,0.0,0.0,1.0
6384,0.18515807,4.299495,4.3431225,0.0,0.0,0.0,1.0
6385,0.09639854,4.511532,4.4635334,0.0,0.0,0.0,1.0
6386,0.09639854,4.6756406,4.595982,0.0,0.0,0.0,1.0
6387,0.083302885,4.8167205,4.743726,0.0,0.0,0.0,1.0
6388,0.070207186,4.992475,4.897891,0.0,0.0,0.0,1.0
6389,0.10440148,5.175691,5.0386415,0.0,0.0,0.0,1.0
6390,0.124044895,5.3808646,5.1658964,0.0,0.0,0.0,1.0
6391,0.12040721,5.526327,5.2690654,0.0,0.0,0.0,1.0
6392,0.14441599,5.670225,5.3432183,0.0,0.0,0.0,1.0
6393,-0.14441617,5.723803,5.395423,0.0,0.0,0.0,1.0
6394,-0.14077851,5.638287,5.4320006,0.0,0.0,0.0,1.0
6395,-0.6114951,5.579697,5.4446807,0.0,0.0,0.0,1.0
6396,-0.45580202,5.537519,5.427562,0.0,0.0,0.0,1.0
6397,-0.45507452,5.4013705,5.3787827,0.0,0.0,0.0,1.0
6398,-0.49072385,5.3020973,5.3042397,0.0,0.0,0.0,1.0
6399,-0.8937796,5.25565,5.2015805,0.0,0.0,0.0,1.0
6400,-0.7599127,5.144635,5.0842047,0.0,0.0,0.0,1.0
6401,-0.82830125,4.9702725,4.9586253,0.0,0.0,0.0,1.0
6402,-0.75627506,4.795508,4.826204,0.0,0.0,0.0,1.0
6403,-0.7257185,4.631813,4.6822367,0.0,0.0,0.0,1.0
6404,-0.70461977,4.438314,4.5396776,0.0,0.0,0.0,1.0
6405,-0.7315386,4.315294,4.4014893,0.0,0.0,0.0,1.0
6406,-0.69152415,4.1313314,4.2615404,0.0,0.0,0.0,1.0
6407,-0.658785,3.9906428,4.1291704,0.0,0.0,0.0,1.0
6408,-0.6646052,3.8099122,4.0127916,0.0,0.0,0.0,1.0
6409,-0.34448883,3.69066,3.9079669,0.0,0.0,0.0,1.0
6410,-0.31538728,3.6438358,3.8084898,0.0,0.0,0.0,1.0
6411,-0.32411772,3.576268,3.7196813,0.0,0.0,0.0,1.0
6412,-0.3263003,3.5561907,3.6377718,0.0,0.0,0.0,1.0
6413,-0.32848307,3.5737274,3.570463,0.0,0.0,0.0,1.0
6414,-0.7460894,3.537612,3.517049,0.0,0.0,0.0,1.0
6415,-0.6144053,3.4380884,3.483292,0.0,0.0,0.0,1.0
6416,-0.6340488,3.3726127,3.4544797,0.0,0.0,0.0,1.0
6417,-0.6820662,3.3323798,3.4337964,0.0,0.0,0.0,1.0
6418,-0.6202255,3.3236244,3.4207768,0.0,0.0,0.0,1.0
6419,-0.7999272,3.349677,3.407486,0.0,0.0,0.0,1.0
6420,-0.6987996,3.4048305,3.406108,0.0,0.0,0.0,1.0
6421,-0.6813386,3.344909,3.4080021,0.0,0.0,0.0,1.0
6422,-0.6937068,3.3956382,3.4199061,0.0,0.0,0.0,1.0
6423,-0.6813386,3.4200332,3.4357562,0.0,0.0,0.0,1.0
6424,-0.67915606,3.3966978,3.463219,0.0,0.0,0.0,1.0
6425,-0.7475446,3.557192,3.507582,0.0,0.0,0.0,1.0
6426,-0.38086566,3.560342,3.5477238,0.0,0.0,0.0,1.0
6427,-0.4347035,3.5809364,3.583797,0.0,0.0,0.0,1.0
6428,-0.4012368,3.5628152,3.6317134,0.0,0.0,0.0,1.0
6429,-0.47835577,3.6619327,3.6761737,0.0,0.0,0.0,1.0
6430,-0.8363041,3.8559785,3.7296507,0.0,0.0,0.0,1.0
6431,-0.45361954,3.8313792,3.7959175,0.0,0.0,0.0,1.0
6432,-0.4237906,3.837709,3.870399,0.0,0.0,0.0,1.0
6433,0.153874,3.919906,3.963975,0.0,0.0,0.0,1.0
6434,0.10585658,3.9291615,4.0621266,0.0,0.0,0.0,1.0
6435,0.16915216,4.061758,4.1878514,0.0,0.0,0.0,1.0
6436,0.21571471,4.1919,4.3150845,0.0,0.0,0.0,1.0
6437,0.46962512,4.450971,4.455038,0.0,0.0,0.0,1.0
6438,0.7359038,4.6832514,4.6118827,0.0,0.0,0.0,1.0
6439,0.78392124,4.7587595,4.781795,0.0,0.0,0.0,1.0
6440,0.7533648,5.071512,4.9420085,0.0,0.0,0.0,1.0
6441,0.7926518,5.1887264,5.0914598,0.0,0.0,0.0,1.0
6442,0.80647504,5.5354257,5.2402754,0.0,0.0,0.0,1.0
6443,0.20771188,5.713513,5.3904448,0.0,0.0,0.0,1.0
6444,-0.39177895,5.8766546,5.524791,0.0,0.0,0.0,1.0
6445,-0.7526372,5.842471,5.646513,0.0,0.0,0.0,1.0
6446,-0.62750095,5.722575,5.7563853,0.0,0.0,1.0,1.0
6447,-0.6311387,5.8475437,5.831365,0.0,0.0,1.0,1.0
6448,-0.6616951,5.9939327,5.8817616,0.0,0.0,1.0,1.0
6449,-0.6653329,6.0631237,5.894029,0.0,0.0,1.0,1.0
6450,-0.6340488,6.1439157,5.8937535,0.0,0.0,1.0,1.0
6451,-0.6369589,6.07723,5.8704805,0.0,0.0,1.0,1.0
6452,-0.6522371,5.971271,5.837134,0.0,0.0,1.0,1.0
6453,-0.62968355,5.7934847,5.7981315,0.0,0.0,1.0,1.0
6454,-0.03528547,5.6826334,5.751801,0.0,0.0,1.0,1.0
6455,-0.02146231,5.7102056,5.6913743,0.0,0.0,1.0,1.0
6456,-0.08330295,5.5973825,5.63502,0.0,0.0,1.0,1.0
6457,0.056384206,5.4423084,5.577078,0.0,0.0,1.0,1.0
6458,0.03819583,5.254547,5.526781,0.0,0.0,1.0,1.0
6459,0.012731943,5.2915764,5.482889,0.0,0.0,1.0,1.0
6460,-0.68643135,5.268813,5.454107,0.0,0.0,1.0,1.0
6461,-0.52273554,5.38687,5.4342513,0.0,0.0,1.0,1.0
6462,-0.47835577,5.4486103,5.4109573,0.0,0.0,1.0,1.0
6463,-0.5060021,5.473668,5.3942065,0.0,0.0,1.0,1.0
6464,-0.47180784,5.444568,5.39581,0.0,0.0,1.0,1.0
6465,-0.46598753,5.4480996,5.412919,0.0,0.0,1.0,1.0
6466,-0.52273554,5.4443665,5.4283743,0.0,0.0,1.0,1.0
6467,-0.49727172,5.430678,5.4476285,0.0,0.0,1.0,1.0
6468,-0.47471803,5.3963747,5.45779,0.0,0.0,1.0,1.0
6469,-0.4965442,5.4615474,5.463318,0.0,0.0,1.0,1.0
6470,-0.523463,5.459857,5.461059,0.0,0.0,1.0,1.0
6471,-0.5576573,5.4770393,5.4616613,0.0,0.0,1.0,1.0
6472,-0.666788,5.4998617,5.460433,0.0,0.0,1.0,1.0
6473,-0.07748266,5.5088086,5.457447,0.0,0.0,1.0,1.0
6474,-0.08112038,5.514948,5.4532275,0.0,0.0,1.0,1.0
6475,-0.06875215,5.44656,5.4555,0.0,0.0,1.0,1.0
6476,-0.051291343,5.451795,5.4488583,0.0,0.0,1.0,1.0
6477,-0.12695521,5.4333615,5.450523,0.0,0.0,1.0,1.0
6478,-0.85813016,5.408535,5.458904,0.0,0.0,1.0,1.0
6479,-0.3917789,5.380044,5.4728203,0.0,0.0,1.0,1.0
6480,0.20625673,5.4236417,5.480408,0.0,0.0,1.0,1.0
6481,0.2979265,5.381849,5.4834676,0.0,0.0,1.0,1.0
6482,0.26373217,5.4798317,5.4869046,0.0,0.0,1.0,1.0
6483,0.11094931,5.577612,5.486798,0.0,0.0,1.0,1.0
6484,0.10658416,5.6668553,5.484565,0.0,0.0,1.0,1.0
6485,0.13714059,5.5998645,5.4835176,0.0,0.0,1.0,1.0
6486,0.084757954,5.5516644,5.4811325,0.0,0.0,1.0,1.0
6487,0.060021747,5.487802,5.4661365,0.0,0.0,1.0,1.0
6488,0.040378224,5.4505157,5.44826,0.0,0.0,1.0,1.0
6489,0.02073481,5.4065604,5.4127336,0.0,0.0,1.0,1.0
6490,-0.5110949,5.395973,5.366806,0.0,0.0,1.0,1.0
6491,-0.5110949,5.3514194,5.30711,0.0,0.0,1.0,1.0
6492,-0.5110949,5.24369,5.2557335,0.0,0.0,1.0,1.0
6493,-0.5110949,5.1673317,5.204313,0.0,0.0,1.0,1.0
6494,-0.5110949,5.053515,5.152004,0.0,0.0,1.0,1.0
6495,-0.5110949,5.0264783,5.095254,0.0,0.0,1.0,1.0
6496,-0.5110949,4.950505,5.0462413,0.0,0.0,1.0,1.0
6497,-0.5110949,4.983349,4.9928913,0.0,0.0,1.0,1.0
6498,-0.5110949,4.934613,4.9479737,0.0,0.0,1.0,1.0
6499,-0.5110949,4.860097,4.9105926,0.0,0.0,1.0,1.0
6500,-0.5110949,4.769518,4.8846073,0.0,0.0,1.0,1.0
6501,-0.5110949,4.8184075,4.8718743,0.0,0.0,1.0,1.0
6502,-0.5110949,4.755773,4.871332,0.0,0.0,1.0,1.0
6503,-0.5110949,4.8124075,4.8863273,0.0,0.0,1.0,1.0
6504,-0.5110949,4.7951174,4.902528,0.0,0.0,1.0,1.0
6505,-0.5110949,4.855507,4.9333467,0.0,0.0,1.0,1.0
6506,-0.5110949,4.900721,4.9769464,0.0,0.0,1.0,1.0
6507,-0.5110949,5.0199738,5.037178,0.0,0.0,1.0,1.0
6508,-0.5110949,5.130446,5.1037717,0.0,0.0,1.0,1.0
6509,-0.5110949,5.177752,5.179436,0.0,0.0,1.0,1.0
6510,-0.5110949,5.3044415,5.2564816,0.0,0.0,1.0,1.0
6511,-0.5110949,5.3832917,5.3494544,0.0,0.0,1.0,1.0
6512,-0.5110949,5.4923,5.44018,0.0,0.0,1.0,1.0
6513,-0.5110949,5.617531,5.5337863,0.0,0.0,1.0,1.0
6514,-0.71189517,5.6637454,5.6112046,0.0,0.0,1.0,1.0
6515,-0.6136776,5.7369537,5.673769,0.0,0.0,1.0,1.0
6516,-0.6013095,5.910789,5.7264853,0.0,0.0,1.0,1.0
6517,-0.6435067,5.94421,5.7569532,0.0,0.0,1.0,1.0
6518,-0.7620953,6.0240035,5.768681,0.0,0.0,1.0,1.0
6519,-0.6900692,5.9489927,5.7696323,0.0,0.0,1.0,1.0
6520,-0.7038923,5.88122,5.7560287,0.0,0.0,1.0,1.0
6521,-0.7468171,5.8103423,5.7345376,0.0,0.0,1.0,1.0
6522,-0.87122583,5.6700573,5.698001,0.0,0.0,1.0,1.0
6523,-0.48344848,5.524026,5.6390567,0.0,0.0,1.0,1.0
6524,-0.49799928,5.503715,5.5667543,0.0,0.0,1.0,1.0
6525,-0.22444518,5.454287,5.4764643,0.0,0.0,1.0,1.0
6526,-0.17424513,5.405855,5.379752,0.0,0.0,1.0,1.0
6527,-0.16551462,5.298514,5.277589,0.0,0.0,1.0,1.0
6528,-0.18443057,5.2034597,5.173389,0.0,0.0,1.0,1.0
6529,-0.76718813,5.07658,5.0739417,0.0,0.0,1.0,1.0
6530,-0.68861395,4.940525,4.9846225,0.0,0.0,1.0,1.0
6531,-0.6689705,4.788443,4.9012914,0.0,0.0,1.0,1.0
6532,-0.696617,4.655263,4.8244843,0.0,0.0,1.0,1.0
6533,-0.73881406,4.5599427,4.757038,0.0,0.0,1.0,1.0
6534,-0.66533285,4.4766912,4.6994905,0.0,0.0,1.0,1.0
6535,-0.6784285,4.4521914,4.638242,0.0,0.0,1.0,1.0
6536,-0.6740632,4.503745,4.579163,0.0,0.0,1.0,1.0
6537,-0.66606045,4.5325994,4.536946,0.0,0.0,1.0,1.0
6538,-0.7293561,4.596504,4.517961,0.0,0.0,1.0,1.0
6539,-0.3495816,4.6079407,4.5167108,0.0,0.0,1.0,1.0
6540,-0.124772646,4.468475,4.52594,0.0,0.0,1.0,1.0
6541,-0.07093494,4.367637,4.5484734,0.0,0.0,1.0,1.0
6542,-0.12040735,4.4339185,4.58051,0.0,0.0,1.0,1.0
6543,-0.11167698,4.560623,4.608104,0.0,0.0,1.0,1.0
6544,-0.09130589,4.640259,4.6347513,0.0,0.0,1.0,1.0
6545,-0.47035274,4.670697,4.660169,0.0,0.0,1.0,1.0
6546,-0.70971256,4.74709,4.6847773,0.0,0.0,1.0,1.0
6547,-0.6500545,4.836634,4.718151,0.0,0.0,1.0,1.0
6548,-0.69297916,4.834873,4.7594123,0.0,0.0,1.0,1.0
6549,-0.67624587,4.8523664,4.795783,0.0,0.0,1.0,1.0
6550,-0.6835213,4.901514,4.818701,0.0,0.0,1.0,1.0
6551,-0.66969806,4.903242,4.8448267,0.0,0.0,1.0,1.0
6552,-0.6551473,4.86896,4.8830075,0.0,0.0,1.0,1.0
6553,-0.55911237,4.86277,4.906934,0.0,0.0,1.0,1.0
6554,-0.7184431,4.8703675,4.9155912,0.0,0.0,1.0,1.0
6555,-0.6049472,4.8356347,4.9162917,0.0,0.0,1.0,1.0
6556,-0.52855575,4.9537706,4.8972893,0.0,0.0,1.0,1.0
6557,0.0025465023,5.1288652,4.859444,0.0,0.0,1.0,1.0
6558,-0.008366582,5.034207,4.8075414,0.0,0.0,1.0,1.0
6559,0.017824734,4.940525,4.745484,0.0,0.0,1.0,1.0
6560,0.04401605,4.843278,4.7009897,0.0,0.0,1.0,1.0
6561,-0.064386934,4.624339,4.6481647,0.0,0.0,1.0,1.0
6562,-0.3132048,4.447369,4.5963483,0.0,0.0,1.0,1.0
6563,-0.6987996,4.280412,4.532464,0.0,0.0,1.0,1.0
6564,-0.60567486,4.124268,4.4496145,0.0,0.0,1.0,1.0
6565,-0.6566024,4.32884,4.370577,0.0,0.0,1.0,1.0
6566,-0.6267733,4.2364707,4.29794,0.0,0.0,1.0,1.0
6567,-0.7504546,4.2138352,4.2342014,0.0,0.0,1.0,1.0
6568,-0.5001819,4.1871595,4.180996,0.0,0.0,1.0,1.0
6569,-0.61731535,4.134673,4.144486,0.0,0.0,1.0,1.0
6570,-0.49654415,4.0857496,4.1199684,0.0,0.0,1.0,1.0
6571,-0.5038195,4.068883,4.1178355,0.0,0.0,1.0,1.0
6572,-0.46962532,4.078418,4.1105614,0.0,0.0,1.0,1.0
6573,-0.5074572,3.9858727,4.1158104,0.0,0.0,1.0,1.0
6574,-0.50309205,4.0092473,4.1245656,0.0,0.0,1.0,1.0
6575,-0.63259363,3.9862034,4.135232,0.0,0.0,1.0,1.0
6576,-0.3561294,4.0986767,4.1426873,0.0,0.0,1.0,1.0
6577,-0.13932337,4.2415466,4.1705294,0.0,0.0,1.0,1.0
6578,-0.13277544,4.299462,4.2118807,0.0,0.0,1.0,1.0
6579,-0.13132043,4.318894,4.2568464,0.0,0.0,1.0,1.0
6580,-0.12550014,4.315156,4.328734,0.0,0.0,1.0,1.0
6581,-0.78464895,4.224139,4.4196215,0.0,0.0,1.0,1.0
6582,-0.6333211,4.4198527,4.521815,0.0,0.0,1.0,1.0
6583,-0.6907967,4.5651,4.617076,0.0,0.0,1.0,1.0
6584,-0.6616951,4.6180067,4.709676,0.0,0.0,1.0,1.0
6585,-0.72644603,4.8485246,4.809294,0.0,0.0,1.0,1.0
6586,-0.27755556,5.099898,4.91614,0.0,0.0,0.0,1.0
6587,0.3197525,5.2125244,5.025212,0.0,0.0,0.0,1.0
6588,0.34448874,5.2418056,5.1482143,0.0,0.0,0.0,1.0
6589,0.31611487,5.3527484,5.267128,0.0,0.0,0.0,1.0
6590,0.30083662,5.4948807,5.3802304,0.0,0.0,0.0,1.0
6591,0.28192067,5.601045,5.5009913,0.0,0.0,0.0,1.0
6592,0.25645685,5.624017,5.5954595,0.0,0.0,0.0,1.0
6593,0.27100754,5.700172,5.660644,0.0,0.0,0.0,1.0
6594,0.24627128,5.8468137,5.7125535,0.0,0.0,0.0,1.0
6595,0.15241885,5.922332,5.7600303,0.0,0.0,0.0,1.0
6596,-0.5467444,6.067134,5.784619,0.0,0.0,0.0,1.0
6597,-0.20771202,5.982141,5.7804937,0.0,0.0,0.0,1.0
6598,-0.18806843,5.882116,5.758832,0.0,0.0,0.0,1.0
6599,-0.65005445,5.835435,5.726657,0.0,0.0,0.0,1.0
6600,-0.55838484,5.811529,5.6796527,0.0,0.0,0.0,1.0
6601,-0.56493276,5.6478105,5.606026,0.0,0.0,1.0,1.0
6602,-0.56275,5.4453793,5.5150557,0.0,0.0,1.0,1.0
6603,-0.81593305,5.3411045,5.401603,0.0,0.0,1.0,1.0
6604,-0.70025456,5.2379146,5.2891273,0.0,0.0,1.0,1.0
6605,-0.6929792,5.136122,5.176196,0.0,0.0,1.0,1.0
6606,-0.69152415,4.9632993,5.0651627,0.0,0.0,1.0,1.0
6607,-0.6718806,4.8306847,4.948979,0.0,0.0,1.0,1.0
6608,-0.6376863,4.7057033,4.835895,0.0,0.0,1.0,1.0
6609,-0.66824293,4.6324306,4.7311263,0.0,0.0,1.0,1.0
6610,-0.7024372,4.5269423,4.622865,0.0,0.0,1.0,1.0
6611,-0.40414682,4.5030313,4.520142,0.0,0.0,1.0,1.0
6612,-0.32193515,4.417327,4.423321,0.0,0.0,1.0,1.0
6613,-0.32775545,4.2908034,4.337694,0.0,0.0,1.0,1.0
6614,-0.35903963,4.188152,4.2583284,0.0,0.0,1.0,1.0
6615,-0.3655875,4.0419726,4.1853485,0.0,0.0,1.0,1.0
6616,-0.75336486,4.0052342,4.116109,0.0,0.0,1.0,1.0
6617,-0.7038923,3.974268,4.0572877,0.0,0.0,1.0,1.0
6618,-0.6987996,3.9357805,4.005425,0.0,0.0,1.0,1.0
6619,-0.72862864,3.8782947,3.9621968,0.0,0.0,1.0,1.0
6620,-0.73881406,3.8299484,3.925111,0.0,0.0,1.0,1.0
6621,-0.7366315,3.801553,3.899109,0.0,0.0,1.0,1.0
6622,-0.6835213,3.8210883,3.8910568,0.0,0.0,1.0,1.0
6623,-0.8413968,3.8806803,3.8916667,0.0,0.0,1.0,1.0
6624,-0.75627506,3.8985865,3.9037094,0.0,0.0,1.0,1.0
6625,-0.7584576,3.8457735,3.9211564,0.0,0.0,1.0,1.0
6626,-0.72862864,3.8761277,3.946428,0.0,0.0,1.0,1.0
6627,-0.8166606,3.9453468,3.980087,0.0,0.0,1.0,1.0
6628,-0.23026541,4.0125513,4.0135446,0.0,0.0,1.0,1.0
6629,-0.22662783,4.118781,4.044938,0.0,0.0,1.0,1.0
6630,-0.2062568,4.145145,4.0738993,0.0,0.0,1.0,1.0
6631,-0.19752629,4.1815543,4.1077037,0.0,0.0,1.0,1.0
6632,-0.18661329,4.2338567,4.14043,0.0,0.0,1.0,1.0
6633,-0.7504547,4.203042,4.170456,0.0,0.0,1.0,1.0
6634,-0.67115307,4.197812,4.1941934,0.0,0.0,1.0,1.0
6635,-0.66169524,4.2282166,4.200829,0.0,0.0,1.0,1.0
6636,-0.6667879,4.304238,4.2023845,0.0,0.0,1.0,1.0
6637,-0.6536923,4.2384906,4.2011347,0.0,0.0,1.0,1.0
6638,-0.6267734,4.2364373,4.1806,0.0,0.0,1.0,1.0
6639,-0.6398691,4.230197,4.141112,0.0,0.0,1.0,1.0
6640,-0.64932704,4.092178,4.0929255,0.0,0.0,1.0,1.0
6641,-0.6245908,4.137448,4.0423946,0.0,0.0,1.0,1.0
6642,-0.7286286,4.1301446,3.9883766,0.0,0.0,1.0,1.0
6643,-0.38595852,3.9351404,3.9205272,0.0,0.0,1.0,1.0
6644,-0.14296108,3.7599976,3.859668,0.0,0.0,1.0,1.0
6645,-0.16187698,3.6248083,3.8001833,0.0,0.0,1.0,1.0
6646,-0.18006542,3.5914376,3.7331033,0.0,0.0,1.0,1.0
6647,-0.12986536,3.5800023,3.6814342,0.0,0.0,1.0,1.0
6648,-0.19316114,3.490045,3.6431599,0.0,0.0,1.0,1.0
6649,-0.6798835,3.50818,3.6165924,0.0,0.0,1.0,1.0
6650,-0.6078574,3.52262,3.6150873,0.0,0.0,1.0,1.0
6651,-0.6136777,3.4252381,3.6478004,0.0,0.0,1.0,1.0
6652,-0.6296835,3.4721496,3.6929398,0.0,0.0,1.0,1.0
6653,-0.6296835,3.6781564,3.7348356,0.0,0.0,1.0,1.0
6654,-0.6151328,3.8113327,3.7826235,0.0,0.0,1.0,1.0
6655,-0.58821386,3.9170806,3.8529053,0.0,0.0,1.0,1.0
6656,-0.58384866,4.152555,3.931487,0.0,0.0,1.0,1.0
6657,-0.56711525,4.1664786,4.0107293,0.0,0.0,1.0,1.0
6658,-0.5503819,4.094188,4.0992637,0.0,0.0,1.0,1.0
6659,-0.58603126,4.1534576,4.187246,0.0,0.0,1.0,1.0
6660,-0.74099666,4.333428,4.2653575,0.0,0.0,1.0,1.0
6661,-0.21062195,4.45116,4.33,0.0,0.0,1.0,1.0
6662,-0.14150588,4.473528,4.3916416,0.0,0.0,1.0,1.0
6663,-0.16260447,4.4876504,4.421285,0.0,0.0,1.0,1.0
6664,-0.14077838,4.5279346,4.430528,0.0,0.0,1.0,1.0
6665,-0.17133498,4.6154943,4.4261594,0.0,0.0,1.0,1.0
6666,-0.81229544,4.587046,4.397615,0.0,0.0,1.0,1.0
6667,-0.7409967,4.6567774,4.3367643,0.0,0.0,1.0,1.0
6668,-0.7897418,4.5082774,4.2696323,0.0,0.0,1.0,1.0
6669,-0.7759186,4.2773943,4.2136507,0.0,0.0,1.0,1.0
6670,-0.7599127,4.041767,4.170406,0.0,0.0,1.0,1.0
6671,-0.7380866,3.810921,4.1102777,0.0,0.0,1.0,1.0
6672,-0.7642778,3.6032221,4.0349264,0.0,0.0,1.0,1.0
6673,-0.7577301,3.6455765,3.9699142,0.0,0.0,0.0,1.0
6674,-0.7279011,3.8017468,3.8999782,0.0,0.0,0.0,1.0
6675,-0.7031648,3.9687107,3.852418,0.0,0.0,0.0,1.0
6676,-0.7439069,3.8063958,3.8185213,0.0,0.0,0.0,1.0
6677,-0.8523099,3.7112799,3.813037,0.0,0.0,0.0,1.0
6678,-0.54310656,3.8069024,3.8365035,0.0,0.0,0.0,1.0
6679,-0.7068024,3.8175442,3.8866737,0.0,0.0,0.0,1.0
6680,-0.3182975,3.9375536,3.9498494,0.0,0.0,0.0,1.0
6681,-0.2804656,3.8706362,4.010858,0.0,0.0,0.0,1.0
6682,-0.05274649,3.975953,4.0679884,0.0,0.0,0.0,1.0
6683,-0.04401605,4.092522,4.1493487,0.0,0.0,0.0,1.0
6684,-0.03965083,4.2052627,4.2218466,0.0,0.0,0.0,1.0
6685,0.553292,4.4036846,4.2650766,0.0,0.0,0.0,1.0
6686,0.52419055,4.533852,4.288817,0.0,0.0,0.0,1.0
6687,0.22153504,4.6542716,4.3118405,0.0,0.0,0.0,1.0
6688,0.23172052,4.782721,4.3414245,0.0,0.0,0.0,1.0
6689,0.22881034,4.581256,4.35196,0.0,0.0,0.0,1.0
6690,0.22662783,4.3256607,4.35028,0.0,0.0,0.0,1.0
6691,0.22371772,4.102431,4.3286495,0.0,0.0,1.0,1.0
6692,0.2884684,4.213835,4.281831,0.0,0.0,1.0,1.0
6693,0.28701332,4.2256436,4.2075725,0.0,0.0,1.0,1.0
6694,-0.23244826,4.102385,4.1122656,0.0,0.0,1.0,1.0
6695,-0.3263005,4.072355,3.994614,0.0,0.0,1.0,1.0
6696,-0.23099312,3.9457,3.873007,0.0,0.0,1.0,1.0
6697,-0.060749356,3.8418572,3.760463,0.0,0.0,1.0,1.0
6698,0.010549368,3.6427531,3.6572976,0.0,0.0,1.0,1.0
6699,-0.024372386,3.51059,3.5474842,0.0,0.0,1.0,1.0
6700,-0.075300016,3.3709018,3.4373293,0.0,0.0,1.0,1.0
6701,-0.08184788,3.1219718,3.359363,0.0,0.0,1.0,1.0
6702,-0.09421597,2.9751325,3.2906978,0.0,0.0,1.0,1.0
6703,-0.825391,2.864447,3.2247167,0.0,0.0,1.0,1.0
6704,-0.71044016,2.8960726,3.1655185,0.0,0.0,1.0,1.0
6705,-0.7555475,2.9037848,3.119787,0.0,0.0,1.0,1.0
6706,-0.7395417,3.1667914,3.0878053,0.0,0.0,1.0,1.0
6707,-0.756275,3.24837,3.0654542,0.0,0.0,1.0,1.0
6708,-0.718443,3.1539266,3.0660303,0.0,0.0,1.0,1.0
6709,-0.6355039,3.1314807,3.077173,0.0,0.0,1.0,1.0
6710,-0.6733358,3.093975,3.0915189,0.0,0.0,1.0,1.0
6711,-0.6595126,3.1268094,3.0977268,0.0,0.0,1.0,1.0
6712,-0.6784285,3.1026888,3.1088836,0.0,0.0,1.0,1.0
6713,-0.68934155,3.1288834,3.098961,0.0,0.0,1.0,1.0
6714,-0.78028375,3.1088452,3.0811965,0.0,0.0,1.0,1.0
6715,-0.6340487,3.036599,3.0562453,0.0,0.0,1.0,1.0
6716,-0.61513275,2.9705675,3.0351002,0.0,0.0,1.0,1.0
6717,-0.7097126,3.0376678,3.0053546,0.0,0.0,1.0,1.0
6718,-0.3459439,3.04772,2.9747014,0.0,0.0,1.0,1.0
6719,-0.34885418,3.0351949,2.9498131,0.0,0.0,1.0,1.0
6720,-0.3357584,2.8545122,2.924353,0.0,0.0,1.0,1.0
6721,-0.424518,2.8777406,2.9046125,0.0,0.0,1.0,1.0
6722,-0.44634408,2.7370262,2.889418,0.0,0.0,1.0,1.0
6723,-0.8210258,2.758971,2.8695304,0.0,0.0,0.0,1.0
6724,-0.6660604,2.8040304,2.8313777,0.0,0.0,0.0,1.0
6725,-0.6646052,2.8233612,2.7903256,0.0,0.0,0.0,1.0
6726,-0.6551472,2.871961,2.766266,0.0,0.0,0.0,1.0
6727,-0.64350665,2.854262,2.7811537,0.0,0.0,0.0,1.0
6728,-0.6835213,2.731919,2.7998798,0.0,0.0,0.0,1.0
6729,-0.679156,2.5798333,2.8313255,0.0,0.0,0.0,1.0
6730,-0.7984721,2.5550966,2.8694425,0.0,0.0,0.0,1.0
6731,-0.19534366,2.746479,2.9132326,0.0,0.0,0.0,1.0
6732,-0.18879592,3.033165,2.966537,0.0,0.0,0.0,1.0
6733,-0.18515821,3.1024537,3.0185366,0.0,0.0,0.0,1.0
6734,-0.1655147,3.1143744,3.0779026,0.0,0.0,0.0,1.0
6735,-0.14878131,3.2163725,3.1429908,0.0,0.0,0.0,1.0
6736,-0.14077845,3.3295124,3.21894,0.0,0.0,0.0,1.0
6737,-0.124045074,3.463016,3.301775,0.0,0.0,1.0,1.0
6738,-0.5860313,3.4959545,3.3748763,0.0,0.0,1.0,1.0
6739,-0.6013096,3.5666533,3.440369,0.0,0.0,1.0,1.0
6740,-0.57730097,3.5129788,3.5271616,0.0,0.0,1.0,1.0
6741,-0.5889415,3.4912233,3.6223004,0.0,0.0,1.0,1.0
6742,-0.6536923,3.5491176,3.7005937,0.0,0.0,1.0,1.0
6743,-0.64641684,3.623694,3.7556927,0.0,0.0,1.0,1.0
6744,-0.6238632,3.819077,3.7968917,0.0,0.0,1.0,1.0
6745,-0.63914144,4.1439667,3.8338354,0.0,0.0,1.0,1.0
6746,-0.74899966,4.2560396,3.8602645,0.0,0.0,1.0,1.0
6747,-0.14296108,4.155892,3.8865714,0.0,0.0,1.0,1.0
6748,-0.11385956,3.9907012,3.9102483,0.0,0.0,1.0,1.0
6749,-0.11895228,3.9574032,3.9250765,0.0,0.0,1.0,1.0
6750,-0.108766764,3.939278,3.928865,0.0,0.0,1.0,1.0
6751,-0.15169139,3.883804,3.9249866,0.0,0.0,1.0,1.0
6752,-0.70461994,3.8286612,3.900258,0.0,0.0,1.0,1.0
6753,-0.60058194,3.7753463,3.8650346,0.0,0.0,1.0,1.0
6754,-0.5416514,3.7270553,3.8360078,0.0,0.0,1.0,1.0
6755,-0.7191705,3.6691546,3.81989,0.0,0.0,1.0,1.0
6756,-0.6529647,3.7725375,3.7952511,0.0,0.0,1.0,1.0
6757,-0.63259363,3.8472228,3.7769425,0.0,0.0,1.0,1.0
6758,-0.6253182,3.8333576,3.7799342,0.0,0.0,1.0,1.0
6759,-0.69152415,3.8075736,3.7848003,0.0,0.0,1.0,1.0
6760,-0.6806111,3.7972877,3.7889943,0.0,0.0,1.0,1.0
6761,-0.65660226,3.6617346,3.8027217,0.0,0.0,1.0,1.0
6762,-0.68424875,3.7195735,3.8250046,0.0,0.0,1.0,1.0
6763,-0.69079655,3.9197063,3.8441935,0.0,0.0,1.0,1.0
6764,-0.756275,3.8870547,3.8584569,0.0,0.0,1.0,1.0
6765,-0.17351755,3.8256729,3.8779194,0.0,0.0,1.0,1.0
6766,-0.17861028,3.8917847,3.9066331,0.0,0.0,1.0,1.0
6767,-0.1960713,3.9365492,3.9385157,0.0,0.0,1.0,1.0
6768,-0.19607122,4.002804,3.9813325,0.0,0.0,1.0,1.0
6769,-0.7693706,4.0183845,4.018286,0.0,0.0,1.0,1.0
6770,-0.71626055,4.0669084,4.032811,0.0,0.0,1.0,1.0
6771,-0.71771556,4.152138,4.0433493,0.0,0.0,1.0,1.0
6772,-0.75554746,4.1798763,4.05231,0.0,0.0,1.0,1.0
6773,-0.71989816,4.175539,4.0454454,0.0,0.0,1.0,1.0
6774,-0.76282275,4.1630144,4.0121655,0.0,0.0,1.0,1.0
6775,-0.7861041,4.094008,3.9876018,0.0,0.0,1.0,1.0
6776,-0.87195337,4.0135117,3.977995,0.0,0.0,1.0,1.0
6777,-0.5110949,3.933201,3.9706752,0.0,0.0,1.0,1.0
6778,-0.5110949,3.8094137,3.9630399,0.0,0.0,0.0,1.0
6779,-0.5110949,3.5371854,3.9547548,0.0,0.0,0.0,1.0
6780,-0.7009821,3.7080407,3.9487238,0.0,0.0,0.0,1.0
6781,-0.2753728,3.903101,3.9492698,0.0,0.0,0.0,1.0
6782,0.30811194,3.9790735,3.9584131,0.0,0.0,0.0,1.0
6783,0.32993808,4.0605145,3.9757516,0.0,0.0,1.0,1.0
6784,0.5903964,4.080454,4.002121,0.0,0.0,1.0,1.0
6785,0.58384854,4.103169,4.032189,0.0,0.0,1.0,1.0
6786,0.5685703,4.1695642,4.076318,0.0,0.0,1.0,1.0
6787,0.523463,4.2037296,4.1173296,0.0,0.0,1.0,1.0
6788,0.5154601,4.221573,4.151403,0.0,0.0,1.0,1.0
6789,0.42742807,4.249633,4.1843953,0.0,0.0,1.0,1.0
6790,-0.11167698,4.170231,4.2164702,0.0,0.0,1.0,1.0
6791,-0.2899237,4.066733,4.2327175,0.0,0.0,1.0,1.0
6792,-0.738814,4.2001824,4.2316413,0.0,0.0,1.0,1.0
6793,-0.58894145,4.3119793,4.2154064,0.0,0.0,1.0,1.0
6794,-0.5685704,4.374982,4.1814055,0.0,0.0,1.0,1.0
6795,-0.58384866,4.4454126,4.1320972,0.0,0.0,1.0,1.0
6796,-0.5743907,4.27542,4.070195,0.0,0.0,1.0,1.0
6797,-0.5598399,4.090256,4.0007243,0.0,0.0,1.0,1.0
6798,-0.53728616,3.9747453,3.9278686,0.0,0.0,1.0,1.0
6799,-0.5256456,3.7957208,3.8338268,0.0,0.0,1.0,1.0
6800,-0.2659148,3.6298728,3.7254488,0.0,0.0,1.0,1.0
6801,-0.2855583,3.506805,3.6141376,0.0,0.0,1.0,1.0
6802,-0.33357581,3.3365853,3.505856,0.0,0.0,1.0,1.0
6803,-0.30956706,3.1924605,3.4031813,0.0,0.0,1.0,1.0
6804,-0.33939597,3.071681,3.305574,0.0,0.0,1.0,1.0
6805,-0.86613315,3.0114458,3.22175,0.0,0.0,1.0,1.0
6806,-0.75627494,3.0392458,3.1574183,0.0,0.0,1.0,1.0
6807,-0.78246635,3.1460326,3.106899,0.0,0.0,1.0,1.0
6808,-0.7460895,3.043325,3.0898428,0.0,0.0,1.0,1.0
6809,-0.6747908,2.9189677,3.0877378,0.0,0.0,1.0,1.0
6810,-0.6958894,2.9688592,3.102354,0.0,0.0,1.0,1.0
6811,-0.6784284,3.023738,3.1537447,0.0,0.0,1.0,1.0
6812,-0.70461994,3.0236423,3.2342937,0.0,0.0,1.0,1.0
6813,-0.6980721,3.3021307,3.3184376,0.0,0.0,1.0,1.0
6814,-0.71262276,3.3113246,3.388861,0.0,0.0,1.0,1.0
6815,-0.80429244,3.3678572,3.4718032,0.0,0.0,1.0,1.0
6816,-0.16405961,3.6883676,3.563165,0.0,0.0,1.0,1.0
6817,-0.18006535,3.978033,3.6512785,0.0,0.0,1.0,1.0
6818,-0.1829755,4.0489726,3.733611,0.0,0.0,1.0,1.0
6819,-0.16696976,3.9911137,3.8157861,0.0,0.0,1.0,1.0
6820,-0.50818473,4.0386324,3.8787293,0.0,0.0,1.0,1.0
6821,-0.8617679,4.0153084,3.936645,0.0,0.0,1.0,1.0
6822,-0.7620952,4.0262218,3.978644,0.0,0.0,1.0,1.0
6823,-0.7060749,4.0117297,3.9922433,0.0,0.0,1.0,1.0
6824,-0.6915241,4.0097423,3.9716752,0.0,0.0,1.0,1.0
6825,-0.6907966,4.0574484,3.9555821,0.0,0.0,1.0,1.0
6826,-0.7315388,4.0063143,3.946732,0.0,0.0,1.0,1.0
6827,-0.7002546,3.8718429,3.9238307,0.0,0.0,1.0,1.0
6828,-0.822481,3.8515606,3.8931556,0.0,0.0,1.0,1.0
6829,-0.7213532,3.7312148,3.8706756,0.0,0.0,1.0,1.0
6830,-0.67697346,3.8558557,3.874248,0.0,0.0,1.0,1.0
6831,-0.7810112,3.884913,3.884053,0.0,0.0,1.0,1.0
6832,-0.4019644,3.763817,3.899002,0.0,0.0,1.0,1.0
6833,-0.16042183,3.6472075,3.928963,0.0,0.0,1.0,1.0
6834,-0.15678418,3.756461,3.9777577,0.0,0.0,1.0,1.0
6835,-0.081120305,4.054598,4.032805,0.0,0.0,1.0,1.0
6836,-0.095671035,4.127404,4.0984597,0.0,0.0,1.0,1.0
6837,-0.094216034,4.236836,4.1565094,0.0,0.0,1.0,1.0
6838,-0.07093487,4.365846,4.2231665,0.0,0.0,1.0,1.0
6839,-0.66533285,4.4573774,4.3015223,0.0,0.0,1.0,1.0
6840,-0.72426337,4.5121274,4.388021,0.0,0.0,1.0,1.0
6841,-0.5809386,4.5190735,4.4546175,0.0,0.0,1.0,1.0
6842,-0.60349214,4.5524526,4.502995,0.0,0.0,1.0,1.0
6843,-0.5969443,4.6847973,4.531266,0.0,0.0,1.0,1.0
6844,-0.5736632,4.704088,4.5505934,0.0,0.0,1.0,1.0
6845,-0.5947617,4.6851897,4.5574174,0.0,0.0,1.0,1.0
6846,-0.6209531,4.55562,4.545407,0.0,0.0,1.0,1.0
6847,-0.6660604,4.6351295,4.5134745,0.0,0.0,1.0,1.0
6848,-0.7875591,4.4666557,4.4811826,0.0,0.0,1.0,1.0
6849,-0.10294655,4.468763,4.4428806,0.0,0.0,1.0,1.0
6850,-0.12622772,4.4477334,4.393306,0.0,0.0,1.0,1.0
6851,-0.064386934,4.3132534,4.3438263,0.0,0.0,1.0,1.0
6852,-0.10003633,4.128939,4.2972584,0.0,0.0,1.0,1.0
6853,-0.097126186,4.13157,4.258035,0.0,0.0,1.0,1.0
6854,-0.7337213,4.092827,4.2095428,0.0,0.0,1.0,1.0
6855,-0.7599127,4.089901,4.170107,0.0,0.0,1.0,1.0
6856,-0.6864315,4.110331,4.131158,0.0,0.0,1.0,1.0
6857,-0.66533285,4.1263747,4.0997663,0.0,0.0,1.0,1.0
6858,-0.6973446,4.0849423,4.076028,0.0,0.0,1.0,1.0
6859,-0.6616951,4.053225,4.063141,0.0,0.0,1.0,1.0
6860,-0.6893415,3.9934225,4.047781,0.0,0.0,1.0,1.0
6861,-0.6842488,4.0013757,4.0287776,0.0,0.0,1.0,1.0
6862,-0.7228083,4.071033,3.9990413,0.0,0.0,1.0,1.0
6863,-0.746817,4.0283904,3.9676793,0.0,0.0,1.0,1.0
6864,-0.7395416,3.9742997,3.9208546,0.0,0.0,1.0,1.0
6865,-0.8704983,3.9472518,3.8705437,0.0,0.0,0.0,1.0
6866,-0.8544925,3.8647852,3.8067834,0.0,0.0,0.0,1.0
6867,-0.42015275,3.7330654,3.7344182,0.0,0.0,0.0,1.0
6868,-0.1611494,3.7339854,3.6595118,0.0,0.0,0.0,1.0
6869,-0.18370299,3.5644796,3.5760286,0.0,0.0,0.0,1.0
6870,-0.22444518,3.4812098,3.4914217,0.0,0.0,1.0,1.0
6871,-0.17351755,3.2881036,3.4165263,0.0,0.0,1.0,1.0
6872,-0.745362,3.1250384,3.3382504,0.0,0.0,1.0,1.0
6873,-0.6609676,3.1024995,3.258192,0.0,0.0,1.0,1.0
6874,-0.70461977,3.0692358,3.1766465,0.0,0.0,1.0,1.0
6875,-0.7097126,3.0131068,3.093607,0.0,0.0,1.0,1.0
6876,-0.668243,3.0755541,3.007975,0.0,0.0,1.0,1.0
6877,-0.7700982,3.0079427,2.9149249,0.0,0.0,1.0,1.0
6878,-0.6362314,2.9040847,2.8441074,0.0,0.0,1.0,1.0
6879,-0.619498,2.7545185,2.781961,0.0,0.0,1.0,1.0
6880,-0.6347763,2.7375114,2.7162802,0.0,0.0,1.0,1.0
6881,-0.6049472,2.5368967,2.6440184,0.0,0.0,1.0,1.0
6882,-0.6391415,2.3646052,2.5869608,0.0,0.0,1.0,1.0
6883,-0.7620952,2.4382942,2.5350332,0.0,0.0,1.0,1.0
6884,-0.55183697,2.3792825,2.4885325,0.0,0.0,1.0,1.0
6885,-0.5460167,2.3143291,2.4525824,0.0,0.0,1.0,1.0
6886,-0.56202245,2.2020955,2.4239433,0.0,0.0,1.0,1.0
6887,-0.7118951,2.3284142,2.3824806,0.0,0.0,1.0,1.0
6888,-0.3655875,2.4524255,2.343977,0.0,0.0,1.0,1.0
6889,-0.388141,2.4499345,2.3187456,0.0,0.0,0.0,1.0
6890,-0.3641323,2.4726808,2.2950826,0.0,0.0,0.0,1.0
6891,-0.3008367,2.4108493,2.2848165,0.0,0.0,0.0,1.0
6892,-0.33212066,2.2399585,2.278275,0.0,0.0,0.0,1.0
6893,-0.33794102,2.0748544,2.29629,0.0,0.0,0.0,1.0
6894,-0.72135323,2.0618296,2.2953427,0.0,0.0,0.0,1.0
6895,-0.5969443,2.1543357,2.3002574,0.0,0.0,0.0,1.0
6896,-0.620953,2.2560916,2.3103058,0.0,0.0,0.0,1.0
6897,-0.63768643,2.2358308,2.3323834,0.0,0.0,0.0,1.0
6898,-0.6507821,2.4182734,2.348182,0.0,0.0,1.0,1.0
6899,-0.6427791,2.3170469,2.366321,0.0,0.0,1.0,1.0
6900,-0.688614,2.5114045,2.3899188,0.0,0.0,1.0,1.0
6901,-0.6835212,2.5705135,2.416574,0.0,0.0,1.0,1.0
6902,-0.75845766,2.7376113,2.440883,0.0,0.0,1.0,1.0
6903,-0.40123674,2.6004336,2.464417,0.0,0.0,1.0,1.0
6904,-0.35831198,2.457627,2.4909277,0.0,0.0,1.0,1.0
6905,-0.25136414,2.358027,2.5099597,0.0,0.0,1.0,1.0
6906,-0.20552917,2.3816917,2.5438473,0.0,0.0,1.0,1.0
6907,-0.24190606,2.4460428,2.5505676,0.0,0.0,1.0,1.0
6908,-0.47035274,2.5385027,2.565869,0.0,0.0,1.0,1.0
6909,-0.68133867,2.5539591,2.5647311,0.0,0.0,1.0,1.0
6910,-0.6296835,2.646656,2.5789604,0.0,0.0,1.0,1.0
6911,-0.59548926,2.7236984,2.5959826,0.0,0.0,1.0,1.0
6912,-0.66242266,2.5920484,2.6247346,0.0,0.0,1.0,1.0
6913,-0.6478719,2.7541318,2.6550097,0.0,0.0,1.0,1.0
6914,-0.679156,2.7239537,2.6893601,0.0,0.0,1.0,1.0
6915,-0.6937068,2.7711878,2.7278337,0.0,0.0,1.0,1.0
6916,-0.8879592,2.66189,2.7811027,0.0,0.0,1.0,1.0
6917,-0.7693707,2.7030532,2.8402655,0.0,0.0,1.0,1.0
6918,-0.5038196,2.7449937,2.9046504,0.0,0.0,1.0,1.0
6919,-0.2877409,2.8582463,2.9928231,0.0,0.0,1.0,1.0
6920,-0.27464518,3.000186,3.0891287,0.0,0.0,1.0,1.0
6921,-0.23899598,3.1931853,3.1949124,0.0,0.0,1.0,1.0
6922,-0.22007997,3.3566117,3.3009748,0.0,0.0,1.0,1.0
6923,-0.22299004,3.4963174,3.4370227,0.0,0.0,1.0,1.0
6924,-0.7977447,3.6501203,3.5618236,0.0,0.0,1.0,1.0
6925,-0.8152055,3.9097993,3.6778808,0.0,0.0,1.0,1.0
6926,-0.36995286,3.9933593,3.7789495,0.0,0.0,1.0,1.0
6927,-0.3655876,4.0439363,3.8676484,0.0,0.0,1.0,1.0
6928,0.26445973,4.2944627,3.9480321,0.0,0.0,1.0,1.0
6929,0.30447423,4.200665,4.024607,0.0,0.0,1.0,1.0
6930,0.32993805,4.137679,4.1079035,0.0,0.0,1.0,1.0
6931,0.2986539,4.0710716,4.1918135,0.0,0.0,1.0,1.0
6932,0.33139306,4.064574,4.2508264,0.0,0.0,1.0,1.0
6933,0.6071298,4.1577897,4.292158,0.0,0.0,1.0,1.0
6934,0.59985447,4.2755136,4.3323107,0.0,0.0,1.0,1.0
6935,0.8894143,4.495873,4.341385,0.0,0.0,1.0,1.0
6936,0.8326664,4.657037,4.355828,0.0,0.0,1.0,1.0
6937,0.29137868,4.6179547,4.368267,0.0,0.0,1.0,1.0
6938,0.27173516,4.489343,4.3739085,0.0,0.0,1.0,1.0
6939,0.24045107,4.525763,4.369576,0.0,0.0,1.0,1.0
6940,-0.3655875,4.4033556,4.3593545,0.0,0.0,1.0,1.0
6941,-0.8064751,4.373982,4.3387775,0.0,0.0,1.0,1.0
6942,-0.7155329,4.2869473,4.3019233,0.0,0.0,1.0,1.0
6943,-0.71189517,4.138769,4.253066,0.0,0.0,1.0,1.0
6944,-0.7148053,4.0125847,4.196074,0.0,0.0,1.0,1.0
6945,-0.71626043,4.035129,4.1384964,0.0,0.0,1.0,1.0
6946,-0.6282285,4.028593,4.0637345,0.0,0.0,1.0,1.0
6947,-0.64859945,4.0536227,3.9841769,0.0,0.0,1.0,1.0
6948,-0.63986903,4.0707464,3.9032881,0.0,0.0,1.0,1.0
6949,-0.6456893,3.9340532,3.8305063,0.0,0.0,1.0,1.0
6950,-0.75481987,3.798408,3.7632737,0.0,0.0,1.0,1.0
6951,-0.064387,3.6286216,3.7143168,0.0,0.0,1.0,1.0
6952,-0.07530008,3.4486663,3.6494048,0.0,0.0,0.0,1.0
6953,-0.09203339,3.4033167,3.5834281,0.0,0.0,0.0,1.0
6954,-0.21134946,3.4135656,3.5161872,0.0,0.0,0.0,1.0
6955,-0.08985089,3.331978,3.44491,0.0,0.0,0.0,1.0
6956,-0.16478704,3.4251008,3.3898668,0.0,0.0,1.0,1.0
6957,-0.7861041,3.2561848,3.3563802,0.0,0.0,1.0,1.0
6958,-0.76573306,3.2368748,3.3466487,0.0,0.0,1.0,1.0
6959,-0.7882866,3.2467308,3.3618152,0.0,0.0,1.0,1.0
6960,-0.79919964,3.2154212,3.396516,0.0,0.0,1.0,1.0
6961,-0.80938524,3.2735338,3.4238212,0.0,0.0,1.0,1.0
6962,-0.78101134,3.3965683,3.4580352,0.0,0.0,1.0,1.0
6963,-0.7802838,3.5118442,3.483986,0.0,0.0,1.0,1.0
6964,-0.76282287,3.6306646,3.5273528,0.0,0.0,1.0,1.0
6965,-0.7177155,3.8197253,3.5678644,0.0,0.0,1.0,1.0
6966,-0.6937068,3.7412279,3.6024077,0.0,0.0,1.0,1.0
6967,-0.70243716,3.7425475,3.6376245,0.0,0.0,1.0,1.0
6968,-0.70534736,3.7365077,3.6755185,0.0,0.0,1.0,1.0
6969,-0.80720264,3.776589,3.7107494,0.0,0.0,1.0,1.0
6970,-0.435431,3.7230115,3.7467368,0.0,0.0,1.0,1.0
6971,-0.13568558,3.6612518,3.7834432,0.0,0.0,1.0,1.0
6972,-0.16769719,3.6380236,3.8093083,0.0,0.0,1.0,1.0
6973,-0.14805381,3.7282622,3.8423061,0.0,0.0,1.0,1.0
6974,-0.16405961,3.8193388,3.8690667,0.0,0.0,1.0,1.0
6975,-0.78755915,3.9436903,3.894464,0.0,0.0,1.0,1.0
6976,-0.72862864,4.0711436,3.9147031,0.0,0.0,1.0,1.0
6977,-0.7024372,4.130105,3.94508,0.0,0.0,1.0,1.0
6978,-0.7002547,4.137203,3.9883375,0.0,0.0,1.0,1.0
6979,-0.7002547,4.0636744,4.0393295,0.0,0.0,1.0,1.0
6980,-0.6587849,4.041275,4.086584,0.0,0.0,1.0,1.0
6981,-0.6573299,4.0194592,4.1316667,0.0,0.0,1.0,1.0
6982,-0.7431793,4.0875344,4.171853,0.0,0.0,1.0,1.0
6983,-0.7737358,4.1803403,4.198687,0.0,0.0,1.0,1.0
6984,-0.7264459,4.249925,4.2141027,0.0,0.0,1.0,1.0
6985,-0.6798835,4.2953224,4.2183013,0.0,0.0,1.0,1.0
6986,-0.7191706,4.3603272,4.218528,0.0,0.0,1.0,1.0
6987,-0.7628228,4.4259267,4.2149134,0.0,0.0,1.0,1.0
6988,-0.765733,4.3931513,4.205958,0.0,0.0,1.0,1.0
6989,-0.75700253,4.315094,4.185722,0.0,0.0,1.0,1.0
6990,-0.75118226,4.187586,4.158269,0.0,0.0,1.0,1.0
6991,-0.8544925,4.0663943,4.1171064,0.0,0.0,1.0,1.0
6992,-0.16333212,3.9979,4.056201,0.0,0.0,0.0,1.0
6993,-0.12695515,3.911992,3.977417,0.0,0.0,0.0,1.0
6994,-0.15532918,3.8447006,3.876102,0.0,0.0,0.0,1.0
6995,-0.1611494,3.8509083,3.7648845,0.0,0.0,0.0,1.0
6996,-0.083302885,3.7559724,3.6500354,0.0,0.0,0.0,1.0
6997,-0.5161877,3.5644603,3.5472152,0.0,0.0,0.0,1.0
6998,-0.49072385,3.4149196,3.449829,0.0,0.0,0.0,1.0
6999,-0.48708612,3.2101462,3.3652773,0.0,0.0,0.0,1.0
7000,-0.523463,3.0585413,3.3051546,0.0,0.0,0.0,1.0
7001,-0.55474705,2.9369035,3.2583508,0.0,0.0,0.0,1.0
7002,-0.5431065,2.9537456,3.2082593,0.0,0.0,1.0,1.0
7003,-0.5358311,2.897759,3.1793685,0.0,0.0,1.0,1.0
7004,-0.5416515,2.983278,3.167022,0.0,0.0,1.0,1.0
7005,-0.5678428,3.1905189,3.172514,0.0,0.0,1.0,1.0
7006,-0.61076754,3.283057,3.21289,0.0,0.0,1.0,1.0
7007,-0.57002544,3.2498114,3.283907,0.0,0.0,1.0,1.0
7008,-0.5460167,3.4092805,3.3893645,0.0,0.0,1.0,1.0
7009,-0.5743907,3.4163032,3.5161083,0.0,0.0,1.0,1.0
7010,-0.63404876,3.4808228,3.6719575,0.0,0.0,1.0,1.0
7011,-0.57439065,3.6946578,3.8468723,0.0,0.0,1.0,1.0
7012,-0.6929792,3.9107444,4.0383706,0.0,0.0,1.0,1.0
7013,-0.28919604,4.2023945,4.2402525,0.0,0.0,1.0,1.0
7014,-0.33939603,4.474673,4.470195,0.0,0.0,1.0,1.0
7015,-0.32630038,4.767948,4.705109,0.0,0.0,1.0,1.0
7016,-0.27246267,5.0822573,4.9219785,0.0,0.0,1.0,1.0
7017,-0.5176428,5.4885,5.1397824,0.0,0.0,1.0,1.0
7018,-0.6129501,5.7056355,5.372352,0.0,0.0,1.0,1.0
7019,-0.74681705,6.0091186,5.569728,0.0,0.0,1.0,1.0
7020,-0.6093124,6.228254,5.7743115,0.0,0.0,1.0,1.0
7021,-0.5983994,6.018736,5.976665,0.0,0.0,1.0,1.0
7022,-0.71626055,6.094471,6.1613593,0.0,0.0,1.0,1.0
7023,-0.27246273,6.485492,6.31786,0.0,0.0,1.0,1.0
7024,-0.27464542,6.2792525,6.4398236,0.0,0.0,1.0,1.0
7025,0.35685697,6.657403,6.543244,0.0,0.0,1.0,1.0
7026,0.8530375,6.902913,6.605468,0.0,0.0,1.0,1.0
7027,0.88577664,6.98428,6.629374,0.0,0.0,1.0,1.0
7028,0.91051275,6.9602633,6.6538725,0.0,0.0,1.0,1.0
7029,0.8857766,6.9520645,6.646821,0.0,0.0,1.0,1.0
7030,0.80138224,6.9466763,6.5791163,0.0,0.0,1.0,1.0
7031,0.8450345,6.7558074,6.506359,0.0,0.0,1.0,1.0
7032,0.85230976,6.5151315,6.42331,0.0,0.0,1.0,1.0
7033,-0.245544,6.3127146,6.3255715,0.0,0.0,1.0,1.0
7034,-0.27100772,6.009856,6.1871777,0.0,0.0,1.0,1.0
7035,-0.70461977,5.6730356,6.072581,0.0,0.0,1.0,1.0
7036,-0.58966905,5.4061637,5.9240355,0.0,0.0,1.0,1.0
7037,-0.57366306,5.660809,5.747286,0.0,0.0,1.0,1.0
7038,-0.5474718,5.7300577,5.569326,0.0,0.0,1.0,1.0
7039,-0.5394688,5.323551,5.412638,0.0,0.0,1.0,1.0
7040,-0.5321935,5.5851045,5.267544,0.0,0.0,1.0,1.0
7041,-0.56493264,5.1695204,5.131039,0.0,0.0,1.0,1.0
7042,-0.10731176,4.8256774,5.028526,0.0,0.0,1.0,1.0
7043,-0.07457251,4.620288,4.946323,0.0,0.0,1.0,1.0
7044,-0.113131985,4.6348815,4.8313313,0.0,0.0,1.0,1.0
7045,-0.11458706,4.571578,4.709242,0.0,0.0,1.0,1.0
7046,-0.14223352,4.3718014,4.6218653,0.0,0.0,1.0,1.0
7047,-0.13568565,4.4428787,4.512419,0.0,0.0,0.0,1.0
7048,-0.7599128,4.4197264,4.4160275,0.0,0.0,0.0,1.0
7049,-0.6595125,4.2809124,4.340198,0.0,0.0,0.0,1.0
7050,-0.72499084,4.264985,4.2878065,0.0,0.0,0.0,1.0
7051,-0.7031647,4.2750297,4.2159705,0.0,0.0,0.0,1.0
7052,-0.82902867,4.271752,4.15754,0.0,0.0,0.0,1.0
7053,-0.716988,4.0128202,4.132144,0.0,0.0,0.0,1.0
7054,-0.7235358,3.9157214,4.097965,0.0,0.0,0.0,1.0
7055,-0.690069,3.9915905,4.0574822,0.0,0.0,0.0,1.0
7056,-0.69006914,3.7728503,4.0283523,0.0,0.0,0.0,1.0
7057,-0.7126228,3.8704076,4.007103,0.0,0.0,0.0,1.0
7058,-0.7046199,4.067051,3.9810097,0.0,0.0,0.0,1.0
7059,-0.67551833,4.0327325,3.961201,0.0,0.0,0.0,1.0
7060,-0.8406693,3.9339364,3.9655123,0.0,0.0,0.0,1.0
7061,-0.1546016,3.9313517,3.9874828,0.0,0.0,0.0,1.0
7062,-0.18806836,4.009992,4.0147934,0.0,0.0,0.0,1.0
7063,-0.17497256,3.961912,4.0640807,0.0,0.0,0.0,1.0
7064,-0.18443064,4.0340457,4.1189394,0.0,0.0,0.0,1.0
7065,-0.16478711,4.0645566,4.1603217,0.0,0.0,0.0,1.0
7066,-0.8399418,4.179367,4.213594,0.0,0.0,0.0,1.0
7067,-0.8210258,4.319317,4.286293,0.0,0.0,0.0,1.0
7068,-0.3590397,4.364298,4.3597383,0.0,0.0,0.0,1.0
7069,-0.34303388,4.528716,4.422648,0.0,0.0,0.0,1.0
7070,0.19170597,4.5636363,4.495018,0.0,0.0,0.0,1.0
7071,0.18079288,4.6720014,4.5625105,0.0,0.0,0.0,1.0
7072,0.1691523,4.8063226,4.6192718,0.0,0.0,0.0,1.0
7073,0.1473262,4.8126965,4.667451,0.0,0.0,0.0,1.0
7074,0.16187693,4.7649093,4.7000685,0.0,0.0,0.0,1.0
7075,0.11313206,4.830349,4.740638,0.0,0.0,0.0,1.0
7076,0.04256087,4.8439593,4.776283,0.0,0.0,0.0,1.0
7077,-0.43106592,4.745689,4.8038454,0.0,0.0,0.0,1.0
7078,-0.4383413,4.7575154,4.8154945,0.0,0.0,0.0,1.0
7079,-0.83412147,4.710731,4.8116827,0.0,0.0,0.0,1.0
7080,-0.87922883,4.8511286,4.7992077,0.0,0.0,0.0,1.0
7081,-0.48708612,4.956456,4.780971,0.0,0.0,0.0,1.0
7082,-0.47471797,4.894389,4.7483425,0.0,0.0,1.0,1.0
7083,-0.47835577,4.811789,4.708493,0.0,0.0,1.0,1.0
7084,-0.4397963,4.7605777,4.670202,0.0,0.0,1.0,1.0
7085,-0.493634,4.662998,4.6197824,0.0,0.0,1.0,1.0
7086,-0.82175326,4.5460706,4.56835,0.0,0.0,1.0,1.0
7087,-0.7555475,4.438808,4.50023,0.0,0.0,1.0,1.0
7088,-0.8821389,4.365766,4.4246817,0.0,0.0,1.0,1.0
7089,-0.76864326,4.286193,4.347322,0.0,0.0,1.0,1.0
7090,-0.7424518,4.1524806,4.2759867,0.0,0.0,1.0,1.0
7091,-0.69006914,4.093539,4.192364,0.0,0.0,1.0,1.0
7092,-0.71698797,4.033691,4.103968,0.0,0.0,1.0,1.0
7093,-0.70098215,4.0498767,4.022371,0.0,0.0,1.0,1.0
7094,-0.6987995,3.9660764,3.9492784,0.0,0.0,1.0,1.0
7095,-0.6980721,3.9557614,3.884296,0.0,0.0,1.0,1.0
7096,-0.76791555,3.757109,3.8206327,0.0,0.0,1.0,1.0
7097,-0.38668603,3.602246,3.765704,0.0,0.0,1.0,1.0
7098,-0.38959616,3.566902,3.7135534,0.0,0.0,1.0,1.0
7099,-0.40996724,3.5616996,3.6626182,0.0,0.0,1.0,1.0
7100,-0.5620225,3.585976,3.6131644,0.0,0.0,1.0,1.0
7101,-0.76282287,3.5222337,3.5780756,0.0,0.0,1.0,1.0
7102,-0.7279011,3.4933376,3.5443187,0.0,0.0,1.0,1.0
7103,-0.7118952,3.4677317,3.5340576,0.0,0.0,1.0,1.0
7104,-0.69807196,3.4224675,3.5431972,0.0,0.0,1.0,1.0
7105,-0.6878866,3.4564312,3.563662,0.0,0.0,1.0,1.0
7106,-0.68643135,3.5450134,3.5868616,0.0,0.0,1.0,1.0
7107,-0.7911967,3.550676,3.6031952,0.0,0.0,1.0,1.0
7108,-0.55256456,3.6339762,3.6167803,0.0,0.0,1.0,1.0
7109,-0.5198253,3.7119207,3.6358216,0.0,0.0,1.0,1.0
7110,-0.580211,3.8124816,3.6490526,0.0,0.0,1.0,1.0
7111,-0.7584576,3.8400943,3.6659803,0.0,0.0,1.0,1.0
7112,-0.74899954,3.781979,3.6950138,0.0,0.0,1.0,1.0
7113,-0.105856694,3.6852536,3.7326193,0.0,0.0,1.0,1.0
7114,-0.124045,3.7218342,3.7652133,0.0,0.0,1.0,1.0
7115,-0.074572444,3.626504,3.8060484,0.0,0.0,1.0,1.0
7116,-0.10076376,3.625599,3.857036,0.0,0.0,1.0,1.0
7117,-0.40923968,3.8048332,3.896802,0.0,0.0,1.0,1.0
7118,-0.7046198,3.9962807,3.9301486,0.0,0.0,1.0,1.0
7119,-0.24408884,3.9418035,3.9612336,0.0,0.0,1.0,1.0
7120,-0.24190627,4.1239963,3.9904792,0.0,0.0,1.0,1.0
7121,0.39759895,4.3237743,4.0077806,0.0,0.0,1.0,1.0
7122,0.38159323,4.2896705,4.0297623,0.0,0.0,1.0,1.0
7123,0.38595852,4.240254,4.0508666,0.0,0.0,1.0,1.0
7124,0.36413234,4.1550016,4.0606847,0.0,0.0,1.0,1.0
7125,0.39323375,4.036201,4.0560646,0.0,0.0,1.0,1.0
7126,0.40851212,3.9294462,4.070184,0.0,0.0,1.0,1.0
7127,0.65005445,3.8902857,4.073578,0.0,0.0,1.0,1.0
7128,0.65732974,3.878854,4.047813,0.0,0.0,1.0,1.0
7129,0.074572586,3.9226499,4.0073214,0.0,0.0,1.0,1.0
7130,0.32921058,3.9408355,3.97452,0.0,0.0,1.0,1.0
7131,0.3357584,4.1112423,3.9313614,0.0,0.0,1.0,1.0
7132,0.28919604,4.1647196,3.8882666,0.0,0.0,1.0,1.0
7133,0.011276941,4.014596,3.8536053,0.0,0.0,1.0,1.0
7134,0.077482805,3.8037682,3.818735,0.0,0.0,0.0,1.0
7135,-0.3357584,3.8466403,3.7807517,0.0,0.0,0.0,1.0
7136,-0.7482722,3.6370974,3.737534,0.0,0.0,0.0,1.0
7137,-0.6027646,3.519064,3.6954162,0.0,0.0,0.0,1.0
7138,-0.60785735,3.5135098,3.6505451,0.0,0.0,0.0,1.0
7139,-0.5889415,3.4718428,3.6083252,0.0,0.0,0.0,1.0
7140,-0.578756,3.4230545,3.5782783,0.0,0.0,0.0,1.0
7141,-0.5998545,3.4040384,3.5592237,0.0,0.0,0.0,1.0
7142,-0.6253182,3.4354208,3.5391116,0.0,0.0,0.0,1.0
7143,-0.60349214,3.5727901,3.534197,0.0,0.0,0.0,1.0
7144,-0.76646054,3.658082,3.5431733,0.0,0.0,0.0,1.0
7145,-0.5649327,3.6540318,3.55044,0.0,0.0,0.0,1.0
7146,-0.07311737,3.5751114,3.5592265,0.0,0.0,0.0,1.0
7147,-0.10003633,3.605297,3.570704,0.0,0.0,0.0,1.0
7148,-0.09567118,3.5781214,3.577611,0.0,0.0,0.0,1.0
7149,-0.13932337,3.62678,3.5792234,0.0,0.0,0.0,1.0
7150,-0.1713349,3.6007106,3.5872068,0.0,0.0,0.0,1.0
7151,-0.41724256,3.5772786,3.5987132,0.0,0.0,0.0,1.0
7152,-0.8072026,3.5607843,3.6239367,0.0,0.0,0.0,1.0
7153,-0.7133503,3.4869232,3.6650488,0.0,0.0,1.0,1.0
7154,-0.70316476,3.4547696,3.7080157,0.0,0.0,1.0,1.0
7155,-0.70389235,3.6685915,3.7696643,0.0,0.0,1.0,1.0
7156,-0.7599128,3.796158,3.844914,0.0,0.0,1.0,1.0
7157,-0.79847217,3.956715,3.9430206,0.0,0.0,1.0,1.0
7158,-0.77519095,4.0684566,4.0388083,0.0,0.0,1.0,1.0
7159,-0.75554746,4.1208997,4.1374283,0.0,0.0,1.0,1.0
7160,-0.73008364,4.317903,4.248406,0.0,0.0,1.0,1.0
7161,-0.7460895,4.5297785,4.386233,0.0,0.0,1.0,1.0
7162,-0.7017097,4.77799,4.5234256,0.0,0.0,1.0,1.0
7163,-0.83266634,4.726728,4.654455,0.0,0.0,1.0,1.0
7164,-0.16187704,4.7442284,4.774541,0.0,0.0,1.0,1.0
7165,0.37213528,4.8186502,4.888507,0.0,0.0,1.0,1.0
7166,0.6253183,5.108695,4.9913683,0.0,0.0,1.0,1.0
7167,0.60058206,5.3149023,5.079324,0.0,0.0,1.0,1.0
7168,0.61731535,5.368513,5.1558194,0.0,0.0,1.0,1.0
7169,0.6355037,5.3977437,5.2125793,0.0,0.0,1.0,1.0
7170,0.6136776,5.4360533,5.2674575,0.0,0.0,1.0,1.0
7171,0.094216004,5.355234,5.312122,0.0,0.0,1.0,1.0
7172,0.1313203,5.3733664,5.344413,0.0,0.0,0.0,1.0
7173,0.14441592,5.4477296,5.3420596,0.0,0.0,0.0,1.0
7174,0.16551462,5.459107,5.321913,0.0,0.0,0.0,1.0
7175,-0.42888334,5.3852687,5.2964487,0.0,0.0,1.0,1.0
7176,-0.41214994,5.2802005,5.2646246,0.0,0.0,1.0,1.0
7177,-0.7897417,5.20614,5.2136455,0.0,0.0,1.0,1.0
7178,-0.64859945,5.0804553,5.161462,0.0,0.0,1.0,1.0
7179,-0.6340487,5.073141,5.11024,0.0,0.0,1.0,1.0
7180,-0.6529647,5.062945,5.053087,0.0,0.0,1.0,1.0
7181,-0.6566023,5.0158563,4.997248,0.0,0.0,1.0,1.0
7182,-0.6595126,4.824302,4.9505935,0.0,0.0,1.0,1.0
7183,-0.6718806,4.7290277,4.912927,0.0,0.0,1.0,1.0
7184,-0.70170957,4.7587075,4.873731,0.0,0.0,1.0,1.0
7185,-0.70534736,4.7618976,4.8304625,0.0,0.0,1.0,1.0
7186,-0.78028363,4.7890377,4.7747693,0.0,0.0,1.0,1.0
7187,-0.39687154,4.8254085,4.7044125,0.0,0.0,1.0,1.0
7188,-0.38595837,4.8282075,4.627904,0.0,0.0,1.0,1.0
7189,-0.37504542,4.7357855,4.556417,0.0,0.0,1.0,1.0
7190,-0.34812647,4.5612354,4.4823384,0.0,0.0,1.0,1.0
7191,-0.35758448,4.404822,4.3959646,0.0,0.0,1.0,1.0
7192,-0.6689705,4.2186613,4.3020515,0.0,0.0,0.0,1.0
7193,-0.6049472,4.097755,4.20101,0.0,0.0,0.0,1.0
7194,-0.56493264,3.966456,4.096708,0.0,0.0,0.0,1.0
7195,-0.5460167,3.8400872,3.9877954,0.0,0.0,0.0,1.0
7196,-0.74317926,3.722223,3.880503,0.0,0.0,0.0,1.0
7197,-0.65150964,3.6349425,3.782617,0.0,0.0,0.0,1.0
7198,-0.6973445,3.5765383,3.6894324,0.0,0.0,0.0,1.0
7199,-0.7228083,3.5737817,3.6126323,0.0,0.0,0.0,1.0
7200,-0.73444885,3.521257,3.5531423,0.0,0.0,0.0,1.0
7201,-0.8399418,3.4482756,3.5264328,0.0,0.0,0.0,1.0
7202,-0.49217886,3.3866055,3.5197604,0.0,0.0,0.0,1.0
7203,-0.4870862,3.2866044,3.5414963,0.0,0.0,0.0,1.0
7204,-0.4761732,3.297061,3.577853,0.0,0.0,1.0,1.0
7205,-0.47544554,3.383875,3.6414993,0.0,0.0,1.0,1.0
7206,-0.83775914,3.6459417,3.73327,0.0,0.0,1.0,1.0
7207,-0.73444897,3.76002,3.8554032,0.0,0.0,1.0,1.0
7208,-0.7417243,3.9830518,4.003004,0.0,0.0,1.0,1.0
7209,-0.73590404,4.071223,4.1777005,0.0,0.0,1.0,1.0
7210,-0.7366315,4.3402963,4.378212,0.0,0.0,1.0,1.0
7211,-0.73444885,4.675028,4.588204,0.0,0.0,1.0,1.0
7212,-0.7606402,4.986857,4.7906666,0.0,0.0,1.0,1.0
7213,-0.80502,5.2194886,4.997024,0.0,0.0,1.0,1.0
7214,-0.7970171,5.482962,5.2171702,0.0,0.0,1.0,1.0
7215,-0.8886868,5.692741,5.4338593,0.0,0.0,1.0,1.0
7216,-0.4121499,5.816961,5.639259,0.0,0.0,1.0,1.0
7217,-0.14659882,5.813427,5.810054,0.0,0.0,1.0,1.0
7218,0.23390312,6.1222353,5.9492993,0.0,0.0,1.0,1.0
7219,0.8370316,6.4017735,6.0526342,0.0,0.0,1.0,1.0
7220,0.82975626,6.583321,6.134566,0.0,0.0,1.0,1.0
7221,0.88286644,6.5360136,6.1746607,0.0,0.0,1.0,1.0
7222,0.911968,6.3898387,6.1725883,0.0,0.0,1.0,1.0
7223,0.88650423,6.345976,6.140903,0.0,0.0,1.0,1.0
7224,0.62677324,6.2268715,6.0900197,0.0,0.0,1.0,1.0
7225,0.38523093,6.202671,5.990601,0.0,0.0,1.0,1.0
7226,0.3510366,5.964101,5.842206,0.0,0.0,1.0,1.0
7227,-0.18515831,5.667872,5.6656585,0.0,0.0,1.0,1.0
7228,-0.19970904,5.436738,5.493429,0.0,0.0,1.0,1.0
7229,-0.67260826,5.2028255,5.3083034,0.0,0.0,1.0,1.0
7230,-0.54674435,4.9292097,5.100791,0.0,0.0,1.0,1.0
7231,-0.6442342,4.621033,4.8749843,0.0,0.0,1.0,1.0
7232,-0.5991269,4.464753,4.6388745,0.0,0.0,1.0,1.0
7233,-0.130593,4.4692607,4.415392,0.0,0.0,1.0,1.0
7234,0.0622045,4.1683283,4.213923,0.0,0.0,1.0,1.0
7235,0.14077859,3.8558283,4.026897,0.0,0.0,1.0,1.0
7236,0.14077851,3.51719,3.8500605,0.0,0.0,1.0,1.0
7237,0.11967985,3.3693538,3.6980193,0.0,0.0,1.0,1.0
7238,0.062932074,3.2823129,3.570985,0.0,0.0,1.0,1.0
7239,-0.26300472,3.2502415,3.4535317,0.0,0.0,1.0,1.0
7240,-0.16987991,3.1924253,3.3351588,0.0,0.0,1.0,1.0
7241,-0.40851218,3.0807886,3.240861,0.0,0.0,1.0,1.0
7242,-0.5518371,3.1047144,3.173033,0.0,0.0,1.0,1.0
7243,-0.44125122,3.0966237,3.1379044,0.0,0.0,1.0,1.0
7244,-0.638414,3.0553133,3.118592,0.0,0.0,1.0,1.0
7245,-0.75627506,3.048786,3.1108189,0.0,0.0,1.0,1.0
7246,-0.67551833,3.0367525,3.105708,0.0,0.0,1.0,1.0
7247,-0.668243,3.0418942,3.115591,0.0,0.0,1.0,1.0
7248,-0.68424875,3.0956461,3.1369982,0.0,0.0,1.0,1.0
7249,-0.62386316,3.1376064,3.156115,0.0,0.0,1.0,1.0
7250,-0.74899966,3.1890357,3.177232,0.0,0.0,1.0,1.0
7251,-0.72935617,3.1889079,3.2171648,0.0,0.0,1.0,1.0
7252,-0.17206241,3.311024,3.2784412,0.0,0.0,1.0,1.0
7253,-0.15532918,3.337674,3.3575723,0.0,0.0,1.0,1.0
7254,-0.16042183,3.3341177,3.4553406,0.0,0.0,1.0,1.0
7255,-0.19170608,3.3500261,3.569116,0.0,0.0,1.0,1.0
7256,-0.5205529,3.5345075,3.7016149,0.0,0.0,1.0,1.0
7257,-0.9221535,3.7841036,3.850003,0.0,0.0,1.0,1.0
7258,-0.8021099,3.986326,4.0156803,0.0,0.0,1.0,1.0
7259,-0.8064751,4.2151127,4.184526,0.0,0.0,1.0,1.0
7260,-0.863223,4.4609513,4.362154,0.0,0.0,1.0,1.0
7261,-0.47471815,4.727591,4.5497746,0.0,0.0,1.0,1.0
7262,0.08694064,4.9696937,4.752159,0.0,0.0,1.0,1.0
7263,0.14150588,5.1770334,4.950883,0.0,0.0,1.0,1.0
7264,0.15096386,5.3371763,5.1476707,0.0,0.0,1.0,1.0
7265,0.1378682,5.469208,5.3497434,0.0,0.0,1.0,1.0
7266,0.19097844,5.5855637,5.54802,0.0,0.0,1.0,1.0
7267,0.1982538,5.7786403,5.7303867,0.0,0.0,1.0,1.0
7268,0.14005084,5.919195,5.8958797,0.0,0.0,1.0,1.0
7269,0.08621306,6.1455574,6.044342,0.0,0.0,1.0,1.0
7270,0.3837758,6.411199,6.176998,0.0,0.0,1.0,1.0
7271,0.39250624,6.594431,6.2844234,0.0,0.0,1.0,1.0
7272,0.022917384,6.64935,6.365175,0.0,0.0,1.0,1.0
7273,0.057839207,6.7135096,6.427136,0.0,0.0,1.0,1.0
7274,0.060021855,6.7512383,6.4663444,0.0,0.0,1.0,1.0
7275,-0.25063643,6.7689066,6.4875774,0.0,0.0,1.0,1.0
7276,-0.86395055,6.626279,6.486297,0.0,0.0,1.0,1.0
7277,-0.75773,6.4382267,6.4582825,0.0,0.0,1.0,1.0
7278,-0.75045466,6.329098,6.410296,0.0,0.0,1.0,1.0
7279,-0.7555475,6.24914,6.3487115,0.0,0.0,1.0,1.0
7280,-0.75554746,6.173994,6.258909,0.0,0.0,1.0,1.0
7281,-0.794107,6.1301928,6.144909,0.0,0.0,1.0,1.0
7282,-0.7337214,6.0750227,6.0176167,0.0,0.0,1.0,1.0
7283,-0.7380866,6.0185947,5.88752,0.0,0.0,1.0,1.0
7284,-0.8886868,5.9103374,5.744048,0.0,0.0,1.0,1.0
7285,-0.7126228,5.6358824,5.5943747,0.0,0.0,1.0,1.0
7286,-0.6980721,5.383233,5.429924,0.0,0.0,1.0,1.0
7287,-0.6667879,5.241399,5.263033,0.0,0.0,1.0,1.0
7288,-0.64205164,5.0651145,5.0902424,0.0,0.0,1.0,1.0
7289,-0.6507821,4.716568,4.9203606,0.0,0.0,1.0,1.0
7290,-0.64205164,4.533019,4.7388067,0.0,0.0,1.0,1.0
7291,-0.63332117,4.275732,4.554954,0.0,0.0,1.0,1.0
7292,-0.73444885,4.1712995,4.389734,0.0,0.0,1.0,1.0
7293,-0.36777,4.0567064,4.2438993,0.0,0.0,1.0,1.0
7294,-0.09785368,4.03644,4.09886,0.0,0.0,0.0,1.0
7295,-0.1014914,3.839952,3.9599605,0.0,0.0,0.0,1.0
7296,-0.19316109,3.704102,3.8488398,0.0,0.0,0.0,1.0
7297,-0.18588571,3.6532402,3.7507384,0.0,0.0,0.0,1.0
7298,-0.8217533,3.6332216,3.6762624,0.0,0.0,0.0,1.0
7299,-0.7715532,3.5009234,3.610365,0.0,0.0,0.0,1.0
7300,-0.7664605,3.3983216,3.56174,0.0,0.0,0.0,1.0
7301,-0.7315387,3.3831203,3.5013616,0.0,0.0,0.0,1.0
7302,-0.7206256,3.3558006,3.4640071,0.0,0.0,0.0,1.0
7303,-0.75918514,3.382022,3.4559925,0.0,0.0,1.0,1.0
7304,-0.7439069,3.3805282,3.466453,0.0,0.0,1.0,1.0
7305,-0.7293561,3.473208,3.471671,0.0,0.0,1.0,1.0
7306,-0.7591851,3.3119,3.4929574,0.0,0.0,1.0,1.0
7307,-0.73444885,3.391697,3.527393,0.0,0.0,1.0,1.0
7308,-0.8472172,3.6079266,3.5718274,0.0,0.0,1.0,1.0
7309,-0.745362,3.7787683,3.6171823,0.0,0.0,1.0,1.0
7310,-0.7824663,3.6958363,3.6653588,0.0,0.0,1.0,1.0
7311,-0.81156784,3.7563605,3.7167222,0.0,0.0,1.0,1.0
7312,-0.85376495,3.8115509,3.7697861,0.0,0.0,1.0,1.0
7313,-0.46817034,3.91633,3.8499846,0.0,0.0,1.0,1.0
7314,0.42742813,3.900058,3.923125,0.0,0.0,1.0,1.0
7315,0.48199335,3.9601417,3.9800441,0.0,0.0,1.0,1.0
7316,0.49654406,3.9968896,4.021588,0.0,0.0,1.0,1.0
7317,0.44707152,4.1099734,4.073625,0.0,0.0,1.0,1.0
7318,0.44779903,4.2742825,4.1115513,0.0,0.0,1.0,1.0
7319,0.41651496,4.269383,4.1270437,0.0,0.0,1.0,1.0
7320,0.42815548,4.2909555,4.120475,0.0,0.0,1.0,1.0
7321,0.21716979,4.277292,4.1149516,0.0,0.0,1.0,1.0
7322,0.2208074,4.3202834,4.101654,0.0,0.0,1.0,1.0
7323,0.23244795,4.2114754,4.082913,0.0,0.0,0.0,1.0
7324,-0.30665717,3.9974625,4.0436177,0.0,0.0,0.0,1.0
7325,-0.05783928,3.8375037,3.9898324,0.0,0.0,0.0,1.0
7326,-0.07893787,3.833776,3.9348156,0.0,0.0,1.0,1.0
7327,-0.182248,3.8005695,3.8783736,0.0,0.0,1.0,1.0
7328,-0.10440155,3.7720006,3.8237357,0.0,0.0,1.0,1.0
7329,-0.03601311,3.6384284,3.7610128,0.0,0.0,1.0,1.0
7330,-0.044015907,3.6288605,3.71036,0.0,0.0,1.0,1.0
7331,-0.032375395,3.60918,3.6824226,0.0,0.0,1.0,1.0
7332,-0.022917384,3.613652,3.6851847,0.0,0.0,1.0,1.0
7333,-0.7009821,3.6216357,3.7068195,0.0,0.0,1.0,1.0
7334,-0.32411787,3.5676095,3.749611,0.0,0.0,1.0,1.0
7335,-0.33721352,3.6036413,3.8052466,0.0,0.0,1.0,1.0
7336,-0.44707164,3.662216,3.8939161,0.0,0.0,1.0,1.0
7337,-0.35540196,3.8706474,4.0010104,0.0,0.0,1.0,1.0
7338,-0.34085125,4.0933943,4.1292987,0.0,0.0,1.0,1.0
7339,-0.30956715,4.314066,4.2728643,0.0,0.0,1.0,1.0
7340,-0.3313933,4.439627,4.4289083,0.0,0.0,1.0,1.0
7341,-0.3168425,4.702465,4.5984364,0.0,0.0,1.0,1.0
7342,-0.29865405,4.9139924,4.771409,0.0,0.0,1.0,1.0
7343,0.15678439,5.148636,4.953484,0.0,0.0,1.0,1.0
7344,0.19607143,5.3364425,5.1291246,0.0,0.0,1.0,1.0
7345,0.14150602,5.4941616,5.289211,0.0,0.0,0.0,1.0
7346,0.051291488,5.601948,5.432534,0.0,0.0,0.0,1.0
7347,-0.018552164,5.6793103,5.5727906,0.0,0.0,0.0,1.0
7348,-0.07311744,5.8471184,5.6982427,0.0,0.0,0.0,1.0
7349,-0.71116763,5.978337,5.810822,0.0,0.0,0.0,1.0
7350,-0.6064024,6.014428,5.908436,0.0,0.0,0.0,1.0
7351,-0.6435067,6.0339475,5.9974494,0.0,0.0,0.0,1.0
7352,-0.6289559,6.1227026,6.070119,0.0,0.0,0.0,1.0
7353,-0.628956,6.2078867,6.126416,0.0,0.0,0.0,1.0
7354,-0.6187705,6.264946,6.1665077,0.0,0.0,0.0,1.0
7355,-0.6078574,6.3200016,6.1937056,0.0,0.0,0.0,1.0
7356,-0.6071298,6.404607,6.2005424,0.0,0.0,0.0,1.0
7357,-0.70898515,6.3661966,6.2082157,0.0,0.0,0.0,1.0
7358,-0.6013095,6.2775145,6.2281976,0.0,0.0,0.0,1.0
7359,-0.6958894,6.160409,6.2377734,0.0,0.0,0.0,1.0
7360,-0.286286,6.173491,6.241536,0.0,0.0,0.0,1.0
7361,-0.4157876,6.0603795,6.2475996,0.0,0.0,0.0,1.0
7362,0.240451,6.106506,6.253511,0.0,0.0,0.0,1.0
7363,0.58384866,6.2737303,6.238654,0.0,0.0,0.0,1.0
7364,0.6085849,6.237613,6.2163515,0.0,0.0,0.0,1.0
7365,0.61731535,6.253039,6.1928053,0.0,0.0,0.0,1.0
7366,0.63332117,6.337708,6.1692224,0.0,0.0,0.0,1.0
7367,0.63623136,6.3909397,6.1349535,0.0,0.0,0.0,1.0
7368,0.3386686,6.226321,6.0889277,0.0,0.0,0.0,1.0
7369,-0.45143697,6.0985694,6.0306277,0.0,0.0,0.0,1.0
7370,-0.45434713,5.9949584,5.9551473,0.0,0.0,0.0,1.0
7371,-0.42670062,5.8774157,5.8643475,0.0,0.0,0.0,1.0
7372,-0.8595852,5.762262,5.767425,0.0,0.0,0.0,1.0
7373,-0.68934155,5.508068,5.6453114,0.0,0.0,0.0,1.0
7374,-0.7162605,5.4069057,5.497808,0.0,0.0,0.0,1.0
7375,-0.89159685,5.3679647,5.347335,0.0,0.0,0.0,1.0
7376,-0.75991267,5.148016,5.1907883,0.0,0.0,0.0,1.0
7377,-0.7388141,5.089972,5.0313973,0.0,0.0,0.0,1.0
7378,-0.7002547,4.8723464,4.862986,0.0,0.0,0.0,1.0
7379,-0.74172425,4.620897,4.7039666,0.0,0.0,0.0,1.0
7380,-0.7220807,4.4206433,4.55423,0.0,0.0,0.0,1.0
7381,-0.7089851,4.220012,4.400178,0.0,0.0,0.0,1.0
7382,-0.71262276,4.0822673,4.238758,0.0,0.0,0.0,1.0
7383,-0.72135323,3.8564773,4.087061,0.0,0.0,0.0,1.0
7384,-0.8421244,3.8540273,3.9400375,0.0,0.0,0.0,1.0
7385,-0.23317562,3.7112334,3.806099,0.0,0.0,0.0,1.0
7386,-0.20043652,3.5582817,3.6822846,0.0,0.0,0.0,1.0
7387,-0.22735533,3.4309263,3.5714192,0.0,0.0,0.0,1.0
7388,-0.070934795,3.3276498,3.4659936,0.0,0.0,0.0,1.0
7389,-0.07457251,3.325688,3.3687613,0.0,0.0,0.0,1.0
7390,-0.8028374,3.2650836,3.281608,0.0,0.0,0.0,1.0
7391,-0.65878505,3.1351259,3.1912043,0.0,0.0,0.0,1.0
7392,-0.79410684,3.0902588,3.1056547,0.0,0.0,0.0,1.0
7393,-0.6464168,2.9549048,3.0231247,0.0,0.0,0.0,1.0
7394,-0.6842488,2.9154797,2.9512615,0.0,0.0,0.0,1.0
7395,-0.6667878,2.8106387,2.8821964,0.0,0.0,1.0,1.0
7396,-0.6864314,2.7691808,2.8100953,0.0,0.0,1.0,1.0
7397,-0.8275736,2.6846378,2.74197,0.0,0.0,1.0,1.0
7398,-0.72280824,2.5679228,2.681304,0.0,0.0,1.0,1.0
7399,-0.7388141,2.5685668,2.62247,0.0,0.0,1.0,1.0
7400,-0.8057475,2.498871,2.579043,0.0,0.0,1.0,1.0
7401,-0.80793023,2.4604723,2.5402744,0.0,0.0,1.0,1.0
7402,-0.7999273,2.447582,2.5181093,0.0,0.0,1.0,1.0
7403,-0.784649,2.4071317,2.5044808,0.0,0.0,1.0,1.0
7404,-0.80647504,2.3842514,2.5100458,0.0,0.0,1.0,1.0
7405,-0.7475445,2.4337795,2.5334842,0.0,0.0,1.0,1.0
7406,-0.46453252,2.4502573,2.56876,0.0,0.0,1.0,1.0
7407,-0.42379043,2.5446591,2.6207798,0.0,0.0,1.0,1.0
7408,-0.44416136,2.6056378,2.6822057,0.0,0.0,1.0,1.0
7409,-0.44488895,2.7514179,2.7607577,0.0,0.0,1.0,1.0
7410,-0.14223365,2.8491838,2.8562217,0.0,0.0,1.0,1.0
7411,-0.14368874,2.991876,2.9684827,0.0,0.0,1.0,1.0
7412,0.1385958,3.1231093,3.087284,0.0,0.0,1.0,1.0
7413,0.18515803,3.1975825,3.2148778,0.0,0.0,1.0,1.0
7414,0.18079288,3.3902066,3.339046,0.0,0.0,1.0,1.0
7415,0.17570013,3.5526984,3.4596093,0.0,0.0,1.0,1.0
7416,0.13714069,3.731386,3.5681217,0.0,0.0,1.0,1.0
7417,0.18297553,3.8593931,3.6700327,0.0,0.0,1.0,1.0
7418,0.18297553,3.9813838,3.7610326,0.0,0.0,1.0,1.0
7419,0.7497271,4.034678,3.8389614,0.0,0.0,1.0,1.0
7420,0.7824664,4.0523953,3.906717,0.0,0.0,1.0,1.0
7421,0.7584575,4.053567,3.9485567,0.0,0.0,1.0,1.0
7422,0.20407408,4.072118,3.9706118,0.0,0.0,1.0,1.0
7423,0.18806836,4.083874,3.9709637,0.0,0.0,1.0,1.0
7424,-0.23463063,4.058254,3.959449,0.0,0.0,1.0,1.0
7425,-0.10440162,4.0106506,3.92629,0.0,0.0,1.0,1.0
7426,-0.6784284,3.892282,3.8801482,0.0,0.0,1.0,1.0
7427,-0.5743907,3.8173604,3.8324583,0.0,0.0,0.0,1.0
7428,-0.5518371,3.73561,3.7900894,0.0,0.0,0.0,1.0
7429,-0.55401975,3.7212162,3.75901,0.0,0.0,0.0,1.0
7430,-0.55038196,3.5834763,3.7316294,0.0,0.0,0.0,1.0
7431,-0.54819936,3.4809737,3.7142694,0.0,0.0,0.0,1.0
7432,-0.57220805,3.4801164,3.7119043,0.0,0.0,0.0,1.0
7433,-0.69588935,3.5451405,3.7239006,0.0,0.0,0.0,1.0
7434,-0.62604576,3.6991682,3.7369967,0.0,0.0,0.0,1.0
7435,-0.28919604,3.7553034,3.7653708,0.0,0.0,0.0,1.0
7436,-0.07238994,3.849936,3.7988918,0.0,0.0,0.0,1.0
7437,-0.083302885,3.9822676,3.8479674,0.0,0.0,0.0,1.0
7438,-0.12477257,4.0362372,3.9002008,0.0,0.0,0.0,1.0
7439,-0.11895228,3.974515,3.9519722,0.0,0.0,0.0,1.0
7440,-0.48490354,4.0760984,3.997201,0.0,0.0,1.0,1.0
7441,-0.3983266,4.1234674,4.0219574,0.0,0.0,1.0,1.0
7442,-0.77519095,4.172385,4.03483,0.0,0.0,1.0,1.0
7443,-0.6704256,4.107774,4.0229483,0.0,0.0,1.0,1.0
7444,-0.6267734,4.1013746,3.9798684,0.0,0.0,1.0,1.0
7445,-0.658785,4.0878835,3.9107063,0.0,0.0,1.0,1.0
7446,-0.7118952,3.9962494,3.8382266,0.0,0.0,1.0,1.0
7447,-0.8668607,3.9097745,3.7514193,0.0,0.0,1.0,1.0
7448,-0.6973444,3.7073553,3.6545587,0.0,0.0,1.0,1.0
7449,-0.69225174,3.465308,3.5476346,0.0,0.0,1.0,1.0
7450,-0.6820662,3.2062905,3.4457626,0.0,0.0,1.0,1.0
7451,-0.70243716,3.104758,3.3292623,0.0,0.0,1.0,1.0
7452,-0.5962168,3.0344105,3.2057078,0.0,0.0,1.0,1.0
7453,-0.73735905,2.9611406,3.093413,0.0,0.0,1.0,1.0
7454,-0.38886866,2.8892975,2.983106,0.0,0.0,1.0,1.0
7455,-0.13059287,2.8853106,2.8835926,0.0,0.0,1.0,1.0
7456,-0.121134855,2.7033691,2.792994,0.0,0.0,1.0,1.0
7457,-0.11531463,2.6052287,2.7340255,0.0,0.0,1.0,1.0
7458,-0.08548567,2.648715,2.6960876,0.0,0.0,1.0,1.0
7459,-0.13932331,2.5860865,2.6670861,0.0,0.0,1.0,1.0
7460,-0.6624226,2.5131962,2.6623383,0.0,0.0,1.0,1.0
7461,-0.60640234,2.3781254,2.6605136,0.0,0.0,1.0,1.0
7462,-0.591124,2.4986665,2.6757605,0.0,0.0,1.0,1.0
7463,-0.599127,2.649504,2.7101495,0.0,0.0,1.0,1.0
7464,-0.5976718,2.6863923,2.7609215,0.0,0.0,1.0,1.0
7465,-0.58312106,2.904166,2.8317828,0.0,0.0,1.0,1.0
7466,-0.5962168,2.867402,2.9186215,0.0,0.0,1.0,1.0
7467,-0.25136414,3.0682752,3.026594,0.0,0.0,1.0,1.0
7468,-0.30010918,3.1160367,3.1602242,0.0,0.0,1.0,1.0
7469,0.3139322,3.214492,3.2938004,0.0,0.0,1.0,1.0
7470,0.319025,3.4990509,3.4329093,0.0,0.0,1.0,1.0
7471,0.31102222,3.6281507,3.576499,0.0,0.0,1.0,1.0
7472,0.3481264,3.808866,3.7227256,0.0,0.0,1.0,1.0
7473,0.2957437,3.9816883,3.876065,0.0,0.0,1.0,1.0
7474,0.5452891,4.101581,4.012448,0.0,0.0,1.0,1.0
7475,0.55620205,4.3188095,4.1522646,0.0,0.0,1.0,1.0
7476,0.5489268,4.4094706,4.2780285,0.0,0.0,1.0,1.0
7477,0.5416515,4.658885,4.3911695,0.0,0.0,1.0,1.0
7478,0.5416515,4.707474,4.475698,0.0,0.0,1.0,1.0
7479,-0.11385963,4.7048697,4.535376,0.0,0.0,1.0,1.0
7480,-0.11167698,4.793839,4.5655212,0.0,0.0,1.0,1.0
7481,-0.8290286,4.7236576,4.5631366,0.0,0.0,1.0,1.0
7482,-0.7133503,4.856741,4.535113,0.0,0.0,1.0,1.0
7483,-0.6478719,4.642492,4.4940205,0.0,0.0,1.0,1.0
7484,-0.6747908,4.5250025,4.4213443,0.0,0.0,1.0,1.0
7485,-0.63986903,4.3434324,4.33223,0.0,0.0,1.0,1.0
7486,-0.8086576,4.072963,4.238478,0.0,0.0,1.0,1.0
7487,-0.7409968,3.9825287,4.1405964,0.0,0.0,1.0,1.0
7488,-0.89086944,3.9163587,4.0408854,0.0,0.0,1.0,1.0
7489,-0.73444885,3.7867708,3.91352,0.0,0.0,1.0,1.0
7490,-0.36558735,3.6381044,3.7982333,0.0,0.0,1.0,1.0
7491,-0.34157866,3.5798464,3.6787074,0.0,0.0,1.0,1.0
7492,-0.33721352,3.6192596,3.5608277,0.0,0.0,1.0,1.0
7493,-0.35758457,3.5271275,3.4517534,0.0,0.0,1.0,1.0
7494,-0.71553284,3.3283548,3.3512027,0.0,0.0,1.0,1.0
7495,-0.61877054,3.2590508,3.2576866,0.0,0.0,1.0,1.0
7496,-0.6224081,3.09069,3.173431,0.0,0.0,1.0,1.0
7497,-0.59767187,2.928878,3.094298,0.0,0.0,1.0,1.0
7498,-0.6064024,2.7640712,3.0128317,0.0,0.0,1.0,1.0
7499,-0.87049836,2.7759202,2.920003,0.0,0.0,1.0,1.0
7500,-0.7540923,2.7941647,2.8355517,0.0,0.0,1.0,1.0
7501,-0.7642779,2.7757032,2.763329,0.0,0.0,1.0,1.0
7502,-0.77591854,2.688507,2.6882882,0.0,0.0,1.0,1.0
7503,-0.78901416,2.6022542,2.616188,0.0,0.0,1.0,1.0
7504,-0.7620953,2.5053146,2.5483475,0.0,0.0,1.0,1.0
7505,-0.86176795,2.5137134,2.4971552,0.0,0.0,1.0,1.0
7506,-0.4769007,2.4616804,2.4340365,0.0,0.0,1.0,1.0
7507,-0.48490348,2.3585622,2.3756785,0.0,0.0,1.0,1.0
7508,-0.62895584,2.2254872,2.3216326,0.0,0.0,1.0,1.0
7509,-0.1967988,2.1147907,2.2736442,0.0,0.0,1.0,1.0
7510,-0.179338,2.1497638,2.2360148,0.0,0.0,1.0,1.0
7511,-0.50891244,2.0184968,2.2117016,0.0,0.0,1.0,1.0
7512,-0.33066583,2.0938697,2.179996,0.0,0.0,1.0,1.0
7513,0.19243343,2.1271527,2.1508923,0.0,0.0,1.0,1.0
7514,0.18297546,2.1126454,2.1322951,0.0,0.0,1.0,1.0
7515,0.1713349,2.1507013,2.1269631,0.0,0.0,1.0,1.0
7516,0.21862468,2.2135572,2.1280656,0.0,0.0,1.0,1.0
7517,0.21280442,2.133244,2.127044,0.0,0.0,1.0,1.0
7518,-0.16915241,2.1124363,2.1439054,0.0,0.0,0.0,1.0
7519,0.21425967,2.1353967,2.166449,0.0,0.0,0.0,1.0
7520,0.23172063,2.161503,2.2003648,0.0,0.0,0.0,1.0
7521,0.2659148,2.1280208,2.2351081,0.0,0.0,0.0,1.0
7522,-0.042560905,2.1375039,2.269659,0.0,0.0,0.0,1.0
7523,-0.055656563,2.2208345,2.2939095,0.0,0.0,0.0,1.0
7524,-0.04910877,2.364394,2.324089,0.0,0.0,0.0,1.0
7525,-0.58021104,2.5341396,2.3577356,0.0,0.0,0.0,1.0
7526,-0.5853037,2.529565,2.3868773,0.0,0.0,0.0,1.0
7527,-0.5751182,2.5653148,2.4076607,0.0,0.0,0.0,1.0
7528,-0.5758458,2.5045633,2.445019,0.0,0.0,0.0,1.0
7529,-0.5642052,2.4953964,2.490458,0.0,0.0,0.0,1.0
7530,-0.7380865,2.5161943,2.534517,0.0,0.0,0.0,1.0
7531,-0.64350665,2.4850984,2.5618792,0.0,0.0,0.0,1.0
7532,-0.6224082,2.410905,2.5702062,0.0,0.0,0.0,1.0
7533,-0.5831211,2.5763195,2.5745163,0.0,0.0,0.0,1.0
7534,-0.33357581,2.6827724,2.5693839,0.0,0.0,0.0,1.0
7535,-0.05056377,2.749542,2.5613596,0.0,0.0,0.0,1.0
7536,-0.03601311,2.69274,2.5543628,0.0,0.0,0.0,1.0
7537,-0.03674054,2.6340628,2.5498939,0.0,0.0,0.0,1.0
7538,-0.02146231,2.5812864,2.5542457,0.0,0.0,0.0,1.0
7539,0.014187016,2.503727,2.571376,0.0,0.0,0.0,1.0
7540,-0.7177155,2.4082706,2.5764625,0.0,0.0,0.0,1.0
7541,-0.6042197,2.4114356,2.5775535,0.0,0.0,0.0,1.0
7542,-0.64568937,2.4625673,2.574396,0.0,0.0,0.0,1.0
7543,-0.69443434,2.537321,2.5787132,0.0,0.0,0.0,1.0
7544,-0.8668606,2.6164694,2.5824428,0.0,0.0,0.0,1.0
7545,-0.7795563,2.6373568,2.5847735,0.0,0.0,0.0,1.0
7546,-0.75118226,2.6958637,2.5895128,0.0,0.0,0.0,1.0
7547,-0.74317926,2.7116494,2.601714,0.0,0.0,0.0,1.0
7548,-0.71044016,2.7445474,2.6135252,0.0,0.0,0.0,1.0
7549,-0.7548199,2.6788192,2.621783,0.0,0.0,0.0,1.0
7550,-0.76573294,2.6092563,2.628365,0.0,0.0,0.0,1.0
7551,-0.76427794,2.5605967,2.6264527,0.0,0.0,0.0,1.0
7552,-0.86831576,2.5546846,2.6167493,0.0,0.0,0.0,1.0
7553,-0.20771182,2.5531688,2.6054692,0.0,0.0,0.0,1.0
7554,-0.18370306,2.5616636,2.6015148,0.0,0.0,0.0,1.0
7555,-0.1713349,2.6163054,2.5982757,0.0,0.0,0.0,1.0
7556,-0.18806821,2.593521,2.610579,0.0,0.0,0.0,1.0
7557,-0.21862482,2.520914,2.635292,0.0,0.0,0.0,1.0
7558,-0.83557653,2.560504,2.6774404,0.0,0.0,0.0,1.0
7559,-0.86322296,2.6641974,2.7396677,0.0,0.0,1.0,1.0
7560,-0.75263727,2.7056773,2.8002446,0.0,0.0,1.0,1.0
7561,-0.81375057,2.826459,2.8644423,0.0,0.0,1.0,1.0
7562,-0.74463433,2.9058123,2.929161,0.0,0.0,1.0,1.0
7563,-0.7446343,3.0663767,3.0136902,0.0,0.0,1.0,1.0
7564,-0.64496183,3.3014123,3.1146698,0.0,0.0,1.0,1.0
7565,-0.22953811,3.280092,3.234433,0.0,0.0,1.0,1.0
7566,-0.2520918,3.3320374,3.3620834,0.0,0.0,1.0,1.0
7567,0.31975257,3.3929305,3.4979417,0.0,0.0,1.0,1.0
7568,0.35030904,3.607869,3.624748,0.0,0.0,1.0,1.0
7569,0.3866861,3.7326689,3.7587929,0.0,0.0,1.0,1.0
7570,0.36704242,3.9976628,3.8815765,0.0,0.0,1.0,1.0
7571,0.33066553,4.1960044,3.9874866,0.0,0.0,1.0,1.0
7572,0.58966887,4.3359766,4.0949564,0.0,0.0,1.0,1.0
7573,0.5321935,4.348133,4.1995416,0.0,0.0,1.0,1.0
7574,0.5001819,4.51435,4.281878,0.0,0.0,1.0,1.0
7575,0.4870862,4.5397825,4.3218694,0.0,0.0,1.0,1.0
7576,0.51909775,4.5723324,4.348743,0.0,0.0,1.0,1.0
7577,-0.05347406,4.569729,4.351571,0.0,0.0,1.0,1.0
7578,-0.09276111,4.5870614,4.337128,0.0,0.0,1.0,1.0
7579,-0.64932704,4.3809643,4.3059464,0.0,0.0,1.0,1.0
7580,-0.7584576,4.087769,4.273584,0.0,0.0,1.0,1.0
7581,-0.65878505,4.055151,4.2123737,0.0,0.0,1.0,1.0
7582,-0.6740632,4.031598,4.134961,0.0,0.0,1.0,1.0
7583,-0.6515097,4.0226912,4.0519195,0.0,0.0,1.0,1.0
7584,-0.669698,3.9617934,3.9580112,0.0,0.0,1.0,1.0
7585,-0.66024005,3.9597843,3.843165,0.0,0.0,1.0,1.0
7586,-0.78828657,3.7798295,3.7298036,0.0,0.0,1.0,1.0
7587,-0.86977077,3.610831,3.6301608,0.0,0.0,1.0,1.0
7588,-0.8304838,3.5758343,3.5217614,0.0,0.0,1.0,1.0
7589,-0.41797012,3.442825,3.4081671,0.0,0.0,1.0,1.0
7590,-0.40632945,3.2089088,3.2915747,0.0,0.0,1.0,1.0
7591,-0.4070571,3.020628,3.1836228,0.0,0.0,1.0,1.0
7592,-0.38886866,2.8920538,3.0829024,0.0,0.0,1.0,1.0
7593,-0.40341938,2.7543597,2.9965265,0.0,0.0,1.0,1.0
7594,-0.83484894,2.6684654,2.9217932,0.0,0.0,1.0,1.0
7595,-0.7431793,2.6235824,2.837957,0.0,0.0,1.0,1.0
7596,-0.7213533,2.6663723,2.7565525,0.0,0.0,1.0,1.0
7597,-0.6973445,2.7511387,2.6980412,0.0,0.0,1.0,1.0
7598,-0.7366316,2.7433197,2.6484022,0.0,0.0,1.0,1.0
7599,-0.7097126,2.7140296,2.601192,0.0,0.0,1.0,1.0
7600,-0.66533285,2.5697987,2.5643938,0.0,0.0,1.0,1.0
7601,-0.72935617,2.4659727,2.534206,0.0,0.0,1.0,1.0
7602,-0.74972713,2.5067747,2.5085373,0.0,0.0,1.0,1.0
7603,-0.7577301,2.424959,2.475976,0.0,0.0,1.0,1.0
7604,-0.89523464,2.32553,2.4426415,0.0,0.0,1.0,1.0
7605,-0.50236446,2.3127823,2.3963954,0.0,0.0,1.0,1.0
7606,-0.52419066,2.3062112,2.347627,0.0,0.0,1.0,1.0
7607,-0.44852674,2.31556,2.3032527,0.0,0.0,1.0,1.0
7608,-0.3983266,2.2756348,2.2541075,0.0,0.0,1.0,1.0
7609,-0.80938524,2.3511262,2.1948361,0.0,0.0,1.0,1.0
7610,-0.6857039,2.1883667,2.1379101,0.0,0.0,1.0,1.0
7611,-0.6857038,2.1288066,2.0910065,0.0,0.0,1.0,1.0
7612,-0.69079655,2.0373087,2.0469415,0.0,0.0,1.0,1.0
7613,-0.669698,1.8762299,1.9918572,0.0,0.0,1.0,1.0
7614,-0.6667879,1.7955183,1.9394953,0.0,0.0,1.0,1.0
7615,-0.61004,1.7418468,1.8962913,0.0,0.0,1.0,1.0
7616,-0.71407783,1.7626859,1.858644,0.0,0.0,1.0,1.0
7617,-0.107311696,1.7840044,1.83124,0.0,0.0,1.0,1.0
7618,-0.11385956,1.6451985,1.8086448,0.0,0.0,1.0,1.0
7619,-0.13932337,1.6872171,1.7963154,0.0,0.0,1.0,1.0
7620,-0.12913786,1.7571855,1.7991416,0.0,0.0,1.0,1.0
7621,-0.15605661,1.8993603,1.8141369,0.0,0.0,1.0,1.0
7622,-0.113131985,1.8595184,1.8468368,0.0,0.0,1.0,1.0
7623,-0.7831939,1.8576642,1.88892,0.0,0.0,1.0,1.0
7624,-0.63695896,1.889356,1.9423289,0.0,0.0,1.0,1.0
7625,-0.6653329,1.9101446,2.0154648,0.0,0.0,1.0,1.0
7626,-0.66969806,1.9754612,2.0921822,0.0,0.0,1.0,1.0
7627,-0.6616952,2.1342456,2.1640372,0.0,0.0,1.0,1.0
7628,-0.6944343,2.267683,2.2152495,0.0,0.0,1.0,1.0
7629,-0.67770094,2.4249127,2.2623422,0.0,0.0,1.0,1.0
7630,-0.6798836,2.5228276,2.2996492,0.0,0.0,1.0,1.0
7631,-0.668243,2.607826,2.3220289,0.0,0.0,1.0,1.0
7632,-0.80647504,2.619448,2.3360968,0.0,0.0,1.0,1.0
7633,-0.13132043,2.5139074,2.3442984,0.0,0.0,1.0,1.0
7634,-0.12113492,2.424631,2.3425283,0.0,0.0,1.0,1.0
7635,-0.07530016,2.3053467,2.326991,0.0,0.0,1.0,1.0
7636,-0.09057839,2.1579113,2.292035,0.0,0.0,1.0,1.0
7637,-0.07166244,2.0789592,2.2558007,0.0,0.0,1.0,1.0
7638,-0.6646053,2.0738823,2.213573,0.0,0.0,1.0,1.0
7639,-0.5867588,2.1130044,2.172114,0.0,0.0,1.0,1.0
7640,-0.6384139,2.081235,2.1302955,0.0,0.0,1.0,1.0
7641,-0.6173153,2.0054414,2.1013951,0.0,0.0,1.0,1.0
7642,-0.6085849,2.0880156,2.0814104,0.0,0.0,1.0,1.0
7643,-0.6624226,2.1010945,2.0785048,0.0,0.0,1.0,1.0
7644,-0.63841397,2.1219375,2.0901618,0.0,0.0,1.0,1.0
7645,-0.63623124,2.0120885,2.11144,0.0,0.0,1.0,1.0
7646,-0.6260459,2.0778258,2.149744,0.0,0.0,1.0,1.0
7647,-0.6471443,2.065529,2.2033277,0.0,0.0,1.0,1.0
7648,-0.7955619,2.123044,2.263001,0.0,0.0,1.0,1.0
7649,-0.8202982,2.2188442,2.3234663,0.0,0.0,1.0,1.0
7650,-0.1444161,2.3292196,2.3832211,0.0,0.0,1.0,1.0
7651,-0.09639861,2.5726535,2.448517,0.0,0.0,1.0,1.0
7652,-0.08184781,2.724239,2.5237446,0.0,0.0,1.0,1.0
7653,-0.11167692,2.721521,2.6016374,0.0,0.0,1.0,1.0
7654,-0.106584124,2.8135974,2.6820087,0.0,0.0,1.0,1.0
7655,-0.11531456,2.8181536,2.759041,0.0,0.0,1.0,1.0
7656,-0.64132404,2.9054887,2.8433654,0.0,0.0,1.0,1.0
7657,-0.61658776,2.91482,2.9212892,0.0,0.0,1.0,1.0
7658,-0.58603126,3.0125394,2.992097,0.0,0.0,1.0,1.0
7659,-0.5809385,3.0299852,3.0632398,0.0,0.0,1.0,1.0
7660,-0.5802109,3.04743,3.151543,0.0,0.0,1.0,1.0
7661,-0.5729355,3.2307386,3.2462304,0.0,0.0,1.0,1.0
7662,-0.6660604,3.2643037,3.3404932,0.0,0.0,1.0,1.0
7663,-0.42451814,3.4223475,3.4308374,0.0,0.0,1.0,1.0
7664,0.11895221,3.5779524,3.5254421,0.0,0.0,1.0,1.0
7665,0.15969443,3.7811587,3.6104739,0.0,0.0,1.0,1.0
7666,0.09276089,3.9498453,3.7011063,0.0,0.0,1.0,1.0
7667,0.09494336,3.9493084,3.7888303,0.0,0.0,0.0,1.0
7668,0.084030524,3.9896207,3.8625827,0.0,0.0,0.0,1.0
7669,0.378683,4.050076,3.930373,0.0,0.0,0.0,1.0
7670,0.3743178,4.03292,3.9869576,0.0,0.0,1.0,1.0
7671,0.35394683,4.1175733,4.029007,0.0,0.0,1.0,1.0
7672,0.47180784,4.1001186,4.0419936,0.0,0.0,1.0,1.0
7673,0.545289,4.1157665,4.0367365,0.0,0.0,1.0,1.0
7674,-0.0040015043,4.077788,4.0243864,0.0,0.0,1.0,1.0
7675,-0.009821797,4.1013627,3.9967725,0.0,0.0,1.0,1.0
7676,-0.7322662,4.0825443,3.9464767,0.0,0.0,1.0,1.0
7677,-0.5882138,3.9369977,3.888539,0.0,0.0,1.0,1.0
7678,-0.58603126,3.8867617,3.814575,0.0,0.0,1.0,1.0
7679,-0.6355039,3.8011081,3.7376413,0.0,0.0,1.0,1.0
7680,-0.62313557,3.6582537,3.6612134,0.0,0.0,1.0,1.0
7681,-0.58894134,3.446527,3.5942104,0.0,0.0,1.0,1.0
7682,-0.64350665,3.337667,3.520394,0.0,0.0,1.0,1.0
7683,-0.63623124,3.230005,3.4427912,0.0,0.0,1.0,1.0
7684,-0.6420516,3.176913,3.3782332,0.0,0.0,1.0,1.0
7685,-0.7548199,3.1986337,3.319069,0.0,0.0,1.0,1.0
7686,-0.36777014,3.2737498,3.261637,0.0,0.0,1.0,1.0
7687,-0.32048002,3.2155669,3.215213,0.0,0.0,0.0,1.0
7688,-0.03601304,3.1513114,3.1887314,0.0,0.0,0.0,1.0
7689,-0.017824521,3.1623013,3.1630533,0.0,0.0,0.0,1.0
7690,-0.025099957,3.1767893,3.139361,0.0,0.0,0.0,1.0
7691,-0.27901053,3.1119263,3.1100535,0.0,0.0,0.0,1.0
7692,-0.2855583,3.1011655,3.083538,0.0,0.0,0.0,1.0
7693,-0.5212804,3.1287477,3.0427315,0.0,0.0,0.0,1.0
7694,-0.4987268,3.0295296,2.9955568,0.0,0.0,0.0,1.0
7695,-0.5038194,2.9456956,2.942849,0.0,0.0,0.0,1.0
7696,-0.48999634,2.8252242,2.8780448,0.0,0.0,0.0,1.0
7697,-0.4056021,2.88045,2.7964659,0.0,0.0,0.0,1.0
7698,-0.7468171,2.7840712,2.7198822,0.0,0.0,0.0,1.0
7699,-0.8377591,2.6494713,2.6413426,0.0,0.0,0.0,1.0
7700,-0.7337213,2.5188146,2.5532324,0.0,0.0,0.0,1.0
7701,-0.73590404,2.3846538,2.4666662,0.0,0.0,0.0,1.0
7702,-0.67915606,2.1978395,2.3857138,0.0,0.0,0.0,1.0
7703,-0.7017097,2.1929252,2.3118942,0.0,0.0,0.0,1.0
7704,-0.6769734,2.1586905,2.2394273,0.0,0.0,0.0,1.0
7705,-0.69225174,2.0714235,2.1798146,0.0,0.0,0.0,1.0
7706,-0.79556197,1.9907352,2.1350908,0.0,0.0,0.0,1.0
7707,-0.4026919,1.9742664,2.110299,0.0,0.0,0.0,1.0
7708,-0.41651505,1.9393896,2.0935912,0.0,0.0,0.0,1.0
7709,-0.46598753,2.0108483,2.0957227,0.0,0.0,0.0,1.0
7710,-0.6333212,2.0687182,2.0992231,0.0,0.0,0.0,1.0
7711,-0.5016369,2.1127846,2.1060147,0.0,0.0,0.0,1.0
7712,-0.8457622,2.221314,2.121014,0.0,0.0,0.0,1.0
7713,-0.842852,2.184161,2.1455214,0.0,0.0,0.0,1.0
7714,-0.81884325,2.2234163,2.1699476,0.0,0.0,0.0,1.0
7715,-0.7388141,2.2349305,2.2082014,0.0,0.0,0.0,1.0
7716,-0.666788,2.2401903,2.249657,0.0,0.0,0.0,1.0
7717,-0.6529647,2.251416,2.288968,0.0,0.0,0.0,1.0
7718,-0.76427794,2.2848215,2.332792,0.0,0.0,0.0,1.0
7719,-0.39978182,2.2673802,2.3684928,0.0,0.0,0.0,1.0
7720,-0.10585662,2.3984358,2.4077287,0.0,0.0,0.0,1.0
7721,-0.08039281,2.5083148,2.447549,0.0,0.0,0.0,1.0
7722,-0.099308684,2.5404532,2.4826877,0.0,0.0,0.0,1.0
7723,-0.10367398,2.6386704,2.5264792,0.0,0.0,0.0,1.0
7724,-0.11458706,2.649724,2.5747647,0.0,0.0,0.0,1.0
7725,-0.12258992,2.6549897,2.6268451,0.0,0.0,0.0,1.0
7726,-0.66606045,2.7012641,2.683388,0.0,0.0,0.0,1.0
7727,-0.70170975,2.6565917,2.727695,0.0,0.0,0.0,1.0
7728,-0.70025456,2.7656903,2.7674034,0.0,0.0,0.0,1.0
7729,-0.813023,2.8308415,2.812673,0.0,0.0,0.0,1.0
7730,-0.6740632,2.9097862,2.8468242,0.0,0.0,0.0,1.0
7731,-0.67988354,2.9458945,2.8745148,0.0,0.0,0.0,1.0
7732,-0.68061113,2.9301207,2.8950913,0.0,0.0,0.0,1.0
7733,-0.78246635,2.9848127,2.9123294,0.0,0.0,0.0,1.0
7734,-0.6071299,3.0836926,2.9236698,0.0,0.0,0.0,1.0
7735,-0.1007639,3.048481,2.9297602,0.0,0.0,0.0,1.0
7736,-0.084030524,2.9820116,2.927052,0.0,0.0,0.0,1.0
7737,-0.07239001,2.9019086,2.914464,0.0,0.0,0.0,1.0
7738,-0.11604213,2.9081209,2.9070137,0.0,0.0,0.0,1.0
7739,-0.12622772,2.7926774,2.897128,0.0,0.0,0.0,1.0
7740,-0.064387,2.8387764,2.8844423,0.0,0.0,0.0,1.0
7741,-0.795562,2.7983408,2.8626792,0.0,0.0,0.0,1.0
7742,-0.6886141,2.7587295,2.8493938,0.0,0.0,0.0,1.0
7743,-0.6456893,2.856493,2.849494,0.0,0.0,0.0,1.0
7744,-0.6376864,2.8114927,2.8564227,0.0,0.0,0.0,1.0
7745,-0.70825744,2.8325849,2.8512826,0.0,0.0,0.0,1.0
7746,-0.71480536,2.8225331,2.85677,0.0,0.0,0.0,1.0
7747,-0.66533285,2.889056,2.848908,0.0,0.0,0.0,1.0
7748,-0.6646054,2.9832132,2.8348958,0.0,0.0,0.0,1.0
7749,-0.64568925,2.9850528,2.8084269,0.0,0.0,0.0,1.0
7750,-0.62750083,2.8464415,2.7748358,0.0,0.0,0.0,1.0
7751,-0.6369589,2.8585253,2.7359986,0.0,0.0,0.0,1.0
7752,-0.7730083,2.7444327,2.6865983,0.0,0.0,0.0,1.0
7753,-0.75627494,2.6301968,2.6286747,0.0,0.0,0.0,1.0
7754,-0.1596944,2.4410992,2.5491478,0.0,0.0,0.0,1.0
7755,-0.21716982,2.453401,2.4469094,0.0,0.0,0.0,1.0
7756,-0.26882502,2.345446,2.3366926,0.0,0.0,0.0,1.0
7757,-0.26300466,2.2397816,2.2369995,0.0,0.0,0.0,1.0
7758,-0.26445973,2.1274498,2.132308,0.0,0.0,0.0,1.0
7759,-0.8937795,1.9347332,2.0530822,0.0,0.0,0.0,1.0
7760,-0.73299384,1.7563541,1.9934531,0.0,0.0,0.0,1.0
7761,-0.7933795,1.6624498,1.9672529,0.0,0.0,0.0,1.0
7762,-0.77446353,1.6501237,1.9497384,0.0,0.0,0.0,1.0
7763,-0.7802838,1.6022273,1.9608452,0.0,0.0,0.0,1.0
7764,-0.87049836,1.7937253,1.9987935,0.0,0.0,0.0,1.0
7765,-0.69952714,1.9146465,2.068824,0.0,0.0,0.0,1.0
7766,-0.68497634,2.1266963,2.1611593,0.0,0.0,0.0,1.0
7767,-0.6987996,2.2432265,2.2769094,0.0,0.0,0.0,1.0
7768,-0.6966169,2.478728,2.4164388,0.0,0.0,0.0,1.0
7769,-0.7286285,2.6951609,2.5750167,0.0,0.0,0.0,1.0
7770,-0.78101134,2.967817,2.751957,0.0,0.0,0.0,1.0
7771,-0.7795563,3.0427563,2.9163947,0.0,0.0,0.0,1.0
7772,-0.76791567,3.1453538,3.0844576,0.0,0.0,0.0,1.0
7773,-0.87995625,3.3368044,3.2412434,0.0,0.0,0.0,1.0
7774,-0.20261909,3.5530589,3.3992546,0.0,0.0,0.0,1.0
7775,0.34667146,3.7255087,3.5324292,0.0,0.0,0.0,1.0
7776,0.397599,3.766979,3.651291,0.0,0.0,0.0,1.0
7777,0.38959607,3.9314013,3.7481236,0.0,0.0,0.0,1.0
7778,0.41651496,4.0081253,3.8339221,0.0,0.0,0.0,1.0
7779,0.34812647,4.13936,3.906732,0.0,0.0,0.0,1.0
7780,0.3554019,4.076826,3.9609742,0.0,0.0,0.0,1.0
7781,0.30811194,4.1215014,3.9892535,0.0,0.0,0.0,1.0
7782,0.32993808,4.1298094,3.9996982,0.0,0.0,0.0,1.0
7783,0.30956706,4.072338,4.002135,0.0,0.0,0.0,1.0
7784,0.32630023,4.0190716,3.983625,0.0,0.0,0.0,1.0
7785,-0.26082215,3.9877107,3.9483187,0.0,0.0,0.0,1.0
7786,-0.20625696,3.8924112,3.8976161,0.0,0.0,0.0,1.0
7787,-0.66678786,3.8508432,3.856686,0.0,0.0,0.0,1.0
7788,-0.5190978,3.7962205,3.803765,0.0,0.0,0.0,1.0
7789,-0.22299011,3.7092812,3.741206,0.0,0.0,0.0,1.0
7790,-0.1771552,3.5844514,3.6752594,0.0,0.0,0.0,1.0
7791,-0.12986529,3.5309277,3.5973895,0.0,0.0,0.0,1.0
7792,-0.13641323,3.5856664,3.5048008,0.0,0.0,0.0,1.0
7793,-0.16260462,3.486449,3.4088912,0.0,0.0,0.0,1.0
7794,-0.1706074,3.3791003,3.310441,0.0,0.0,0.0,1.0
7795,-0.40050924,3.2809787,3.2205002,0.0,0.0,0.0,1.0
7796,-0.42015275,3.0846334,3.1453867,0.0,0.0,0.0,1.0
7797,-0.4441615,2.876647,3.080097,0.0,0.0,0.0,1.0
7798,-0.5060021,2.7414947,3.02244,0.0,0.0,0.0,1.0
7799,-0.47471797,2.669443,2.9629781,0.0,0.0,0.0,1.0
7800,-0.66460526,2.7169297,2.9154847,0.0,0.0,0.0,1.0
7801,-0.5758457,2.8079183,2.8800752,0.0,0.0,0.0,1.0
7802,-0.5700254,2.8009744,2.8539648,0.0,0.0,0.0,1.0
7803,-0.71553284,2.839046,2.8423843,0.0,0.0,1.0,1.0
7804,-0.55692977,2.8721225,2.8482301,0.0,0.0,1.0,1.0
7805,-0.69370675,2.916527,2.8670788,0.0,0.0,1.0,1.0
7806,-0.10803927,2.9541874,2.8934295,0.0,0.0,1.0,1.0
7807,-0.11167684,2.9676557,2.9251318,0.0,0.0,1.0,1.0
7808,-0.1655147,2.9456656,2.9530675,0.0,0.0,1.0,1.0
7809,-0.19534366,2.9467978,2.98566,0.0,0.0,1.0,1.0
7810,-0.20625673,2.9676788,3.0181093,0.0,0.0,1.0,1.0
7811,-0.7919244,2.9856513,3.0386667,0.0,0.0,1.0,1.0
7812,-0.6944343,3.097357,3.0450728,0.0,0.0,1.0,1.0
7813,-0.6944343,3.1431458,3.0370543,0.0,0.0,1.0,1.0
7814,-0.6536923,3.1920857,3.0139518,0.0,0.0,1.0,1.0
7815,-0.68934155,3.2284372,2.984527,0.0,0.0,1.0,1.0
7816,-0.73517644,3.11881,2.940815,0.0,0.0,1.0,1.0
7817,-0.68570393,2.9934018,2.880281,0.0,0.0,1.0,1.0
7818,-0.688614,2.8579638,2.8026414,0.0,0.0,1.0,1.0
7819,-0.6849764,2.6904254,2.710386,0.0,0.0,0.0,1.0
7820,-0.74972713,2.5925694,2.610881,0.0,0.0,0.0,1.0
7821,-0.48708612,2.4222522,2.5094144,0.0,0.0,0.0,1.0
7822,-0.09785368,2.2412734,2.407299,0.0,0.0,0.0,1.0
7823,-0.10731176,2.0539758,2.3150797,0.0,0.0,1.0,1.0
7824,-0.1000364,1.9902929,2.239826,0.0,0.0,1.0,1.0
7825,-0.123317495,1.9490854,2.1849174,0.0,0.0,1.0,1.0
7826,-0.123317495,1.9744849,2.1470916,0.0,0.0,1.0,1.0
7827,-0.42379043,2.0030527,2.1305664,0.0,0.0,1.0,1.0
7828,-0.7773737,2.012179,2.13672,0.0,0.0,1.0,1.0
7829,-0.60203713,2.0903573,2.1759017,0.0,0.0,1.0,1.0
7830,-0.6340487,2.1990607,2.2486246,0.0,0.0,1.0,1.0
7831,-0.7482721,2.2365165,2.3370938,0.0,0.0,1.0,1.0
7832,-0.59403414,2.3942661,2.4399118,0.0,0.0,1.0,1.0
7833,-0.5685704,2.4960945,2.5545764,0.0,0.0,1.0,1.0
7834,-0.542379,2.7114537,2.6800916,0.0,0.0,1.0,1.0
7835,-0.5394689,2.9266517,2.8115854,0.0,0.0,1.0,1.0
7836,-0.5853037,3.0519223,2.9348655,0.0,0.0,1.0,1.0
7837,-0.7460894,3.182902,3.054874,0.0,0.0,1.0,1.0
7838,-0.07457251,3.35046,3.1717908,0.0,0.0,1.0,1.0
7839,-0.07238987,3.509236,3.2777238,0.0,0.0,1.0,1.0
7840,-0.08403046,3.590104,3.3783288,0.0,0.0,1.0,1.0
7841,-0.15314646,3.5697165,3.46153,0.0,0.0,1.0,1.0
7842,-0.18443057,3.6391644,3.5359428,0.0,0.0,1.0,1.0
7843,-0.18588564,3.639518,3.6031103,0.0,0.0,1.0,1.0
7844,-0.84939975,3.6654613,3.6765988,0.0,0.0,1.0,1.0
7845,-0.6755184,3.703355,3.7456875,0.0,0.0,1.0,1.0
7846,-0.7235357,3.7098672,3.8043692,0.0,0.0,1.0,1.0
7847,-0.7489996,3.819607,3.8700774,0.0,0.0,1.0,1.0
7848,-0.776646,3.8579319,3.9701347,0.0,0.0,1.0,1.0
7849,-0.7409967,4.064765,4.079549,0.0,0.0,1.0,1.0
7850,-0.7337213,4.179522,4.205723,0.0,0.0,1.0,1.0
7851,-0.7242633,4.213419,4.3650923,0.0,0.0,1.0,1.0
7852,-0.7344489,4.3786006,4.5521483,0.0,0.0,1.0,1.0
7853,-0.71116763,4.770405,4.7410917,0.0,0.0,1.0,1.0
7854,-0.69297916,4.952134,4.9282994,0.0,0.0,1.0,1.0
7855,-0.7599127,5.153606,5.117714,0.0,0.0,1.0,1.0
7856,-0.8421244,5.577892,5.290141,0.0,0.0,1.0,1.0
7857,-0.13932344,5.9480286,5.455895,0.0,0.0,1.0,1.0
7858,0.66387767,5.9771895,5.617665,0.0,0.0,0.0,1.0
7859,0.7366314,6.0660996,5.767934,0.0,0.0,0.0,1.0
7860,0.6849762,6.130907,5.8668027,0.0,0.0,0.0,1.0
7861,0.6660603,6.1338897,5.939926,0.0,0.0,0.0,1.0
7862,0.64059657,6.168567,5.989003,0.0,0.0,0.0,1.0
7863,0.12841022,6.15466,5.9864316,0.0,0.0,1.0,1.0
7864,0.11458699,6.18183,5.9211087,0.0,0.0,1.0,1.0
7865,0.061476786,5.9568276,5.837452,0.0,0.0,1.0,1.0
7866,0.10658405,5.829615,5.731915,0.0,0.0,1.0,1.0
7867,0.12913778,5.7425327,5.583969,0.0,0.0,1.0,1.0
7868,-0.40923983,5.547029,5.41077,0.0,0.0,1.0,1.0
7869,-0.4165151,5.164155,5.2248917,0.0,0.0,1.0,1.0
7870,-0.7919243,4.9733095,5.031242,0.0,0.0,1.0,1.0
7871,-0.78464895,4.7996593,4.8284016,0.0,0.0,1.0,1.0
7872,-0.68061113,4.355552,4.6401267,0.0,0.0,1.0,1.0
7873,-0.70753,4.0555024,4.4527636,0.0,0.0,1.0,1.0
7874,-0.7046199,3.938025,4.2637973,0.0,0.0,1.0,1.0
7875,-0.7293561,3.8308663,4.0774693,0.0,0.0,1.0,1.0
7876,-0.7700982,3.7477465,3.9193192,0.0,0.0,1.0,1.0
7877,-0.8079302,3.6975255,3.773226,0.0,0.0,1.0,1.0
7878,-0.86176795,3.5812616,3.637405,0.0,0.0,1.0,1.0
7879,-0.23244806,3.4749362,3.5353112,0.0,0.0,1.0,1.0
7880,-0.191706,3.31109,3.4564776,0.0,0.0,1.0,1.0
7881,-0.17424513,3.2663553,3.3854125,0.0,0.0,0.0,1.0
7882,-0.2135321,3.220193,3.320287,0.0,0.0,0.0,1.0
7883,-0.8122954,3.1698065,3.2610278,0.0,0.0,0.0,1.0
7884,-0.75554746,3.130426,3.1991112,0.0,0.0,0.0,1.0
7885,-0.8697707,3.1095014,3.1422417,0.0,0.0,0.0,1.0
7886,-0.62968343,3.0852406,3.0879831,0.0,0.0,0.0,1.0
7887,-0.6122226,3.049363,3.0385895,0.0,0.0,0.0,1.0
7888,-0.6013096,3.036634,2.9927669,0.0,0.0,0.0,1.0
7889,-0.6049472,2.954528,2.953193,0.0,0.0,0.0,1.0
7890,-0.6027646,2.8988278,2.9204912,0.0,0.0,1.0,1.0
7891,-0.7802837,2.8238332,2.8918574,0.0,0.0,1.0,1.0
7892,-0.68643135,2.7183647,2.8656566,0.0,0.0,1.0,1.0
7893,-0.81302285,2.7164838,2.848108,0.0,0.0,1.0,1.0
7894,-0.6893416,2.745306,2.8317797,0.0,0.0,1.0,1.0
7895,-0.70971256,2.777385,2.8197749,0.0,0.0,1.0,1.0
7896,-0.70607483,2.7868214,2.8167994,0.0,0.0,1.0,1.0
7897,-0.8966897,2.7950916,2.824451,0.0,0.0,1.0,1.0
7898,-0.80065477,2.8746572,2.8408408,0.0,0.0,1.0,1.0
7899,-0.9119679,2.8534243,2.8722186,0.0,0.0,1.0,1.0
7900,-0.62895596,2.8925743,2.915206,0.0,0.0,1.0,1.0
7901,-0.34739897,2.9188225,2.9586434,0.0,0.0,1.0,1.0
7902,-0.33794096,2.9906485,3.0097713,0.0,0.0,1.0,1.0
7903,-0.3510367,3.0205112,3.0687616,0.0,0.0,1.0,1.0
7904,-0.33430332,3.094898,3.124483,0.0,0.0,1.0,1.0
7905,-0.5889414,3.2323315,3.1713922,0.0,0.0,1.0,1.0
7906,-0.58021104,3.2665544,3.2061477,0.0,0.0,1.0,1.0
7907,-0.62168056,3.3909228,3.2272716,0.0,0.0,1.0,1.0
7908,-0.6173154,3.4947026,3.235249,0.0,0.0,1.0,1.0
7909,-0.60058194,3.4637506,3.2238266,0.0,0.0,1.0,1.0
7910,-0.72208077,3.4375665,3.2176218,0.0,0.0,1.0,1.0
7911,-0.58457625,3.2704904,3.217898,0.0,0.0,1.0,1.0
7912,-0.041105762,3.146061,3.2048633,0.0,0.0,1.0,1.0
7913,-0.013459302,3.014551,3.182105,0.0,0.0,1.0,1.0
7914,0.009094296,2.853579,3.140641,0.0,0.0,0.0,1.0
7915,0.0047290763,2.9460542,3.0784485,0.0,0.0,0.0,1.0
7916,-0.02146224,3.0982108,3.002718,0.0,0.0,0.0,1.0
7917,0.044743624,3.0759177,2.9337626,0.0,0.0,0.0,1.0
7918,-0.0032738612,2.9934542,2.8701758,0.0,0.0,0.0,1.0
7919,-0.50745726,2.8933532,2.8129406,0.0,0.0,0.0,1.0
7920,-0.4608949,2.7483933,2.7755947,0.0,0.0,0.0,1.0
7921,-0.5147326,2.5549831,2.7465708,0.0,0.0,0.0,1.0
7922,-0.48926884,2.610104,2.7320316,0.0,0.0,0.0,1.0
7923,-0.49872684,2.5074496,2.7107856,0.0,0.0,1.0,1.0
7924,-0.5671153,2.4592378,2.701285,0.0,0.0,1.0,1.0
7925,-0.561295,2.5663989,2.7056985,0.0,0.0,1.0,1.0
7926,-0.5205529,2.5052927,2.7229066,0.0,0.0,1.0,1.0
7927,-0.14368851,2.7715847,2.746694,0.0,0.0,1.0,1.0
7928,-0.13132043,2.8432572,2.798771,0.0,0.0,1.0,1.0
7929,0.026555173,2.9619107,2.86113,0.0,0.0,1.0,1.0
7930,0.055656705,3.0464163,2.9414544,0.0,0.0,1.0,1.0
7931,0.069479935,3.09985,3.044736,0.0,0.0,1.0,1.0
7932,0.03892333,3.0338445,3.1515524,0.0,0.0,1.0,1.0
7933,-0.24117856,3.179904,3.256956,0.0,0.0,1.0,1.0
7934,-0.28410324,3.3584146,3.3503149,0.0,0.0,1.0,1.0
7935,-0.54965436,3.471341,3.4473622,0.0,0.0,1.0,1.0
7936,-0.5562022,3.698617,3.5409718,0.0,0.0,1.0,1.0
7937,-0.5940341,3.8481977,3.64565,0.0,0.0,1.0,1.0
7938,-0.7686431,3.7701366,3.7506013,0.0,0.0,1.0,1.0
7939,-0.8974172,3.891889,3.865217,0.0,0.0,0.0,1.0
7940,-0.7555475,4.0078254,3.970154,0.0,0.0,0.0,1.0
7941,-0.7402692,4.0852256,4.053451,0.0,0.0,0.0,1.0
7942,-0.7235358,4.302553,4.132698,0.0,0.0,0.0,1.0
7943,-0.718443,4.3592677,4.198581,0.0,0.0,0.0,1.0
7944,-0.7082575,4.4092317,4.243268,0.0,0.0,0.0,1.0
7945,-0.6587849,4.439148,4.2888165,0.0,0.0,1.0,1.0
7946,-0.75918514,4.3579774,4.328232,0.0,0.0,1.0,1.0
7947,-0.133503,4.422305,4.3504877,0.0,0.0,1.0,1.0
7948,-0.13714066,4.4892178,4.3610506,0.0,0.0,1.0,1.0
7949,-0.13495809,4.38444,4.3540893,0.0,0.0,1.0,1.0
7950,-0.14005087,4.316717,4.341061,0.0,0.0,1.0,1.0
7951,-0.1546016,4.3648734,4.3152776,0.0,0.0,1.0,1.0
7952,-0.85012734,4.274898,4.270971,0.0,0.0,1.0,1.0
7953,-0.7184431,4.2119784,4.2245884,0.0,0.0,1.0,1.0
7954,-0.698072,4.2190166,4.1625457,0.0,0.0,1.0,1.0
7955,-0.6784284,4.2029285,4.1028275,0.0,0.0,1.0,1.0
7956,-0.72426337,4.0998306,4.059552,0.0,0.0,1.0,1.0
7957,-0.7540924,3.9074671,4.0295644,0.0,0.0,1.0,1.0
7958,-0.76791567,3.8013864,3.99207,0.0,0.0,1.0,1.0
7959,-0.7533648,3.6777937,3.9529693,0.0,0.0,1.0,1.0
7960,-0.71262276,3.7726028,3.9122474,0.0,0.0,1.0,1.0
7961,-0.73081124,3.865132,3.8627017,0.0,0.0,0.0,1.0
7962,-0.7228083,3.9568639,3.807354,0.0,0.0,0.0,1.0
7963,-0.8406693,3.9149418,3.7565873,0.0,0.0,0.0,1.0
7964,-0.8603128,3.805691,3.7171524,0.0,0.0,0.0,1.0
7965,-0.34739903,3.723315,3.694048,0.0,0.0,0.0,1.0
7966,-0.28483096,3.624466,3.6819375,0.0,0.0,0.0,1.0
7967,0.3408512,3.5387573,3.6679804,0.0,0.0,0.0,1.0
7968,0.29356134,3.4906294,3.6518037,0.0,0.0,0.0,1.0
7969,0.34812653,3.4342484,3.6207228,0.0,0.0,0.0,1.0
7970,0.3328483,3.524135,3.5903733,0.0,0.0,0.0,1.0
7971,0.30301914,3.5324676,3.5613184,0.0,0.0,0.0,1.0
7972,0.10221897,3.6051164,3.531614,0.0,0.0,0.0,1.0
7973,0.081120305,3.671012,3.5114791,0.0,0.0,0.0,1.0
7974,-0.34739903,3.5838933,3.4945495,0.0,0.0,0.0,1.0
7975,-0.34739903,3.5507474,3.4834301,0.0,0.0,0.0,1.0
7976,-0.34739903,3.457032,3.4909778,0.0,0.0,0.0,1.0
7977,-0.34739903,3.3668633,3.499613,0.0,0.0,0.0,1.0
7978,-0.34739903,3.382849,3.5290601,0.0,0.0,0.0,1.0
7979,-0.34739903,3.3356018,3.5666776,0.0,0.0,0.0,1.0
7980,-0.34739903,3.3571951,3.6192868,0.0,0.0,0.0,1.0
7981,-0.34739903,3.5248194,3.6911619,0.0,0.0,0.0,1.0
7982,-0.34739903,3.6277587,3.776284,0.0,0.0,0.0,1.0
7983,-0.34739903,3.885834,3.879675,0.0,0.0,0.0,1.0
7984,-0.34739903,4.0565248,4.002511,0.0,0.0,0.0,1.0
7985,-0.34739903,4.3023214,4.1472244,0.0,0.0,1.0,1.0
7986,-0.34739903,4.446395,4.3178697,0.0,0.0,1.0,1.0
7987,-0.34739903,4.5722146,4.5060396,0.0,0.0,1.0,1.0
7988,-0.34739903,4.6977215,4.695634,0.0,0.0,1.0,1.0
7989,-0.34739903,4.840895,4.8988867,0.0,0.0,1.0,1.0
7990,-0.34739903,5.1194115,5.0992274,0.0,0.0,1.0,1.0
7991,-0.34739903,5.3833447,5.295104,0.0,0.0,1.0,1.0
7992,-0.34739903,5.615233,5.480364,0.0,0.0,1.0,1.0
7993,-0.34739903,5.7999535,5.6658435,0.0,0.0,1.0,1.0
7994,-0.34739903,6.0667906,5.838051,0.0,0.0,1.0,1.0
7995,-0.34739903,6.289922,6.0046577,0.0,0.0,1.0,1.0
7996,-0.34739903,6.4070444,6.149717,0.0,0.0,1.0,1.0
7997,-0.34739903,6.525441,6.2625537,0.0,0.0,1.0,1.0
7998,-0.34739903,6.6721497,6.3431225,0.0,0.0,1.0,1.0
7999,-0.34739903,6.638702,6.396258,0.0,0.0,1.0,1.0
8000,-0.34739903,6.6970053,6.4218297,0.0,0.0,1.0,1.0
8001,-0.81738806,6.581603,6.4002285,0.0,0.0,1.0,1.0
8002,-0.8879592,6.473453,6.330569,0.0,0.0,1.0,1.0
8003,-0.78974175,6.350173,6.2261524,0.0,0.0,1.0,1.0
8004,-0.7337213,6.2528577,6.092547,0.0,0.0,1.0,1.0
8005,-0.6944343,6.1068144,5.931593,0.0,0.0,1.0,1.0
8006,-0.70389235,5.8075767,5.7475057,0.0,0.0,0.0,1.0
8007,-0.7017096,5.454003,5.5436254,0.0,0.0,0.0,1.0
8008,-0.74827206,5.1540494,5.324591,0.0,0.0,0.0,1.0
8009,-0.83703166,4.9221764,5.100303,0.0,0.0,0.0,1.0
8010,-0.18370314,4.7407,4.870285,0.0,0.0,0.0,1.0
8011,-0.19097844,4.4296594,4.646718,0.0,0.0,0.0,1.0
8012,-0.21498725,4.250441,4.4336295,0.0,0.0,0.0,1.0
8013,-0.19243358,3.9531896,4.2414875,0.0,0.0,0.0,1.0
8014,-0.052746348,3.7819953,4.0751033,0.0,0.0,0.0,1.0
8015,-0.01636959,3.589956,3.9326847,0.0,0.0,0.0,1.0
8016,-0.48053837,3.5700538,3.8108187,0.0,0.0,0.0,1.0
8017,-0.59330666,3.5497518,3.7088523,0.0,0.0,0.0,1.0
8018,-0.46962535,3.5018756,3.6373744,0.0,0.0,0.0,1.0
8019,-0.48563114,3.4573896,3.5832734,0.0,0.0,0.0,1.0
8020,-0.44197887,3.4450283,3.560586,0.0,0.0,0.0,1.0
8021,-0.4194252,3.4597847,3.5390985,0.0,0.0,0.0,1.0
8022,-0.40196425,3.5171015,3.5332243,0.0,0.0,0.0,1.0
8023,-0.444889,3.5719252,3.5308805,0.0,0.0,0.0,1.0
8024,-0.17279005,3.6012301,3.5338283,0.0,0.0,0.0,1.0
8025,-0.13423051,3.680941,3.543909,0.0,0.0,0.0,1.0
8026,0.11895242,3.5241456,3.5611165,0.0,0.0,0.0,1.0
8027,0.06656979,3.519464,3.5804267,0.0,0.0,0.0,1.0
8028,0.060749497,3.5419273,3.5994709,0.0,0.0,0.0,1.0
8029,0.063659646,3.585126,3.6122212,0.0,0.0,0.0,1.0
8030,-0.1611494,3.6228456,3.620852,0.0,0.0,0.0,1.0
8031,-0.41578755,3.663877,3.6276155,0.0,0.0,0.0,1.0
8032,-0.5576573,3.676751,3.6298895,0.0,0.0,0.0,1.0
8033,-0.60130954,3.6883166,3.6475725,0.0,0.0,0.0,1.0
8034,-0.49072385,3.6701064,3.669296,0.0,0.0,0.0,1.0
8035,-0.5154601,3.6754932,3.6957707,0.0,0.0,0.0,1.0
8036,-0.49436158,3.6823914,3.7165763,0.0,0.0,0.0,1.0
8037,-0.51837033,3.7082305,3.7373514,0.0,0.0,0.0,1.0
8038,-0.55838484,3.736342,3.7526093,0.0,0.0,0.0,1.0
8039,-0.5532921,3.7801442,3.7662983,0.0,0.0,0.0,1.0
8040,-0.58894145,3.8596258,3.785522,0.0,0.0,0.0,1.0
8041,-0.63404864,3.834793,3.8045585,0.0,0.0,0.0,1.0
8042,-0.75190973,3.8721464,3.81595,0.0,0.0,0.0,1.0
8043,-0.23026548,3.84697,3.8203964,0.0,0.0,0.0,1.0
8044,-0.20407408,3.8410192,3.8248987,0.0,0.0,0.0,1.0
8045,-0.23535827,3.9190009,3.8379743,0.0,0.0,0.0,1.0
8046,-0.27464518,3.8985453,3.8522103,0.0,0.0,0.0,1.0
8047,-0.65514725,3.8121889,3.8567677,0.0,0.0,0.0,1.0
8048,-0.9505274,3.73575,3.8591437,0.0,0.0,0.0,1.0
8049,-0.8421244,3.762258,3.8616827,0.0,0.0,0.0,1.0
8050,-0.7460895,3.893251,3.8669164,0.0,0.0,0.0,1.0
8051,-0.7671881,3.950974,3.871817,0.0,0.0,0.0,1.0
8052,-0.7788287,3.914315,3.869856,0.0,0.0,0.0,1.0
8053,-0.756275,3.8633056,3.8794603,0.0,0.0,0.0,1.0
8054,-0.85376495,3.9026132,3.9117231,0.0,0.0,0.0,1.0
8055,-0.7599128,3.9097772,3.9513516,0.0,0.0,0.0,1.0
8056,-0.76573294,3.8998277,3.996122,0.0,0.0,0.0,1.0
8057,-0.79556197,3.8954666,4.029178,0.0,0.0,0.0,1.0
8058,-0.7519098,4.013796,4.066624,0.0,0.0,0.0,1.0
8059,-0.7249909,4.199343,4.1171303,0.0,0.0,0.0,1.0
8060,-0.72135323,4.2112937,4.1668096,0.0,0.0,0.0,1.0
8061,-0.86031276,4.2995,4.2144547,0.0,0.0,0.0,1.0
8062,-0.14296103,4.2899284,4.259046,0.0,0.0,0.0,1.0
8063,0.07602773,4.400324,4.3072844,0.0,0.0,0.0,1.0
8064,0.7104401,4.5203886,4.3535347,0.0,0.0,0.0,1.0
8065,0.67842835,4.4594555,4.397543,0.0,0.0,0.0,1.0
8066,0.6515096,4.474353,4.436218,0.0,0.0,0.0,1.0
8067,0.3561294,4.444876,4.468636,0.0,0.0,0.0,1.0
8068,0.20334665,4.4786873,4.501505,0.0,0.0,0.0,1.0
8069,0.23972346,4.4504685,4.5250616,0.0,0.0,0.0,1.0
8070,0.24627131,4.541895,4.5354667,0.0,0.0,0.0,1.0
8071,0.18297553,4.6634426,4.5414963,0.0,0.0,0.0,1.0
8072,0.18734078,4.6003113,4.547991,0.0,0.0,0.0,1.0
8073,0.18661311,4.6939316,4.5559363,0.0,0.0,0.0,1.0
8074,-0.31902507,4.572608,4.5637345,0.0,0.0,0.0,1.0
8075,-0.7526374,4.525182,4.5525227,0.0,0.0,0.0,1.0
8076,-0.8042924,4.592747,4.545423,0.0,0.0,0.0,1.0
8077,-0.6944343,4.537389,4.516079,0.0,0.0,0.0,1.0
8078,-0.795562,4.5696964,4.4719343,0.0,0.0,0.0,1.0
8079,-0.6296835,4.538455,4.4250383,0.0,0.0,0.0,1.0
8080,-0.6529647,4.3441443,4.3833766,0.0,0.0,0.0,1.0
8081,-0.6544197,4.365273,4.3500757,0.0,0.0,0.0,1.0
8082,-0.35758457,4.1897674,4.3185754,0.0,0.0,0.0,1.0
8083,-0.1604219,4.133709,4.2947845,0.0,0.0,0.0,1.0
8084,-0.13641308,4.0375566,4.27822,0.0,0.0,0.0,1.0
8085,-0.16915226,4.193991,4.2660084,0.0,0.0,0.0,1.0
8086,-0.13277537,4.1729975,4.2530413,0.0,0.0,0.0,1.0
8087,-0.41797018,4.1471796,4.259281,0.0,0.0,0.0,1.0
8088,-0.82102585,4.3072543,4.264054,0.0,0.0,0.0,1.0
8089,-0.6958894,4.3386183,4.2840123,0.0,0.0,0.0,1.0
8090,-0.7431793,4.423154,4.312253,0.0,0.0,0.0,1.0
8091,-0.7395417,4.3828497,4.3533945,0.0,0.0,0.0,1.0
8092,-0.7570024,4.4190254,4.387228,0.0,0.0,0.0,1.0
8093,-0.743907,4.422541,4.4324923,0.0,0.0,0.0,1.0
8094,-0.7148053,4.4292727,4.4919047,0.0,0.0,0.0,1.0
8095,-0.72208077,4.472597,4.551068,0.0,0.0,0.0,1.0
8096,-0.7242634,4.531251,4.612073,0.0,0.0,0.0,1.0
8097,-0.7082576,4.5999975,4.6603703,0.0,0.0,0.0,1.0
8098,-0.6929792,4.7161655,4.7118034,0.0,0.0,0.0,1.0
8099,-0.69225174,4.8601317,4.746121,0.0,0.0,0.0,1.0
8100,-0.6747908,5.01721,4.7830915,0.0,0.0,0.0,1.0
8101,-0.6718806,5.0706778,4.8308287,0.0,0.0,0.0,1.0
8102,-0.39541653,5.0027223,4.885153,0.0,0.0,0.0,1.0
8103,-0.35758463,5.000052,4.9364505,0.0,0.0,0.0,1.0
8104,-0.36849755,4.8308334,4.9900103,0.0,0.0,0.0,1.0
8105,-0.4026918,4.8661876,5.0449347,0.0,0.0,0.0,1.0
8106,-0.3546744,5.0021152,5.0930424,0.0,0.0,0.0,1.0
8107,-0.33139324,5.1244907,5.1503024,0.0,0.0,0.0,1.0
8108,-0.706075,5.1468244,5.2258396,0.0,0.0,0.0,1.0
8109,-0.75918514,5.2427106,5.3137383,0.0,0.0,0.0,1.0
8110,-0.3292107,5.3752637,5.4187436,0.0,0.0,0.0,1.0
8111,-0.35249192,5.437421,5.5361295,0.0,0.0,0.0,1.0
8112,-0.36122227,5.7043314,5.6519012,0.0,0.0,0.0,1.0
8113,0.6587849,5.977123,5.7648363,0.0,0.0,0.0,1.0
8114,0.8966897,6.0575104,5.869623,0.0,0.0,0.0,1.0
8115,0.8981447,6.260111,5.989116,0.0,0.0,0.0,1.0
8116,0.93888676,6.239463,6.096593,0.0,0.0,0.0,1.0
8117,1.0,6.2554502,6.1935596,0.0,0.0,0.0,1.0
8118,0.41360492,6.3573375,6.298583,0.0,0.0,0.0,1.0
8119,0.40123674,6.3819313,6.3836393,0.0,0.0,0.0,1.0
8120,0.3786832,6.580742,6.445592,0.0,0.0,0.0,1.0
8121,-0.086940885,6.5324297,6.497102,0.0,0.0,0.0,1.0
8122,-0.2048018,6.538864,6.534481,0.0,0.0,0.0,1.0
8123,-0.09348868,6.697702,6.5450325,0.0,0.0,0.0,1.0
8124,-0.38086572,6.72501,6.5349035,0.0,0.0,0.0,1.0
8125,-0.3612222,6.720552,6.5200577,0.0,0.0,0.0,1.0
8126,-0.34230626,6.6756268,6.494085,0.0,0.0,0.0,1.0
8127,-0.34739897,6.708665,6.462698,0.0,0.0,0.0,1.0
8128,-0.33430338,6.366079,6.4365954,0.0,0.0,0.0,1.0
8129,-0.34376132,6.133902,6.4082346,0.0,0.0,0.0,1.0
8130,-0.43688613,6.1791887,6.3622966,0.0,0.0,0.0,1.0
8131,0.0069116503,6.0702567,6.301579,0.0,0.0,0.0,1.0
8132,0.0025465023,6.204101,6.2306643,0.0,0.0,0.0,1.0
8133,-0.011276798,6.2191963,6.144405,0.0,0.0,0.0,1.0
8134,-0.08694067,6.198534,6.0299735,0.0,0.0,0.0,1.0
8135,-0.11531456,6.146445,5.9367576,0.0,0.0,0.0,1.0
8136,-0.72790104,5.9964027,5.855456,0.0,0.0,0.0,1.0
8137,-0.658785,5.869575,5.7649784,0.0,0.0,0.0,1.0
8138,-0.6442343,5.6405134,5.6844735,0.0,0.0,0.0,1.0
8139,-0.88941437,5.3354893,5.60156,0.0,0.0,0.0,1.0
8140,-0.7620953,5.247489,5.5103426,0.0,0.0,0.0,1.0
8141,-0.7359039,5.1582775,5.4064612,0.0,0.0,0.0,1.0
8142,-0.7148053,5.0934606,5.290923,0.0,0.0,0.0,1.0
8143,-0.7177155,5.1041965,5.171833,0.0,0.0,0.0,1.0
8144,-0.6813386,5.2091417,5.048083,0.0,0.0,0.0,1.0
8145,-0.8166605,5.1245894,4.9297347,0.0,0.0,0.0,1.0
8146,-0.67988354,4.9519563,4.8306403,0.0,0.0,0.0,1.0
8147,-0.7235359,4.7599854,4.743698,0.0,0.0,0.0,1.0
8148,-0.74026924,4.5673203,4.664194,0.0,0.0,0.0,1.0
8149,-0.85012734,4.3845763,4.6043386,0.0,0.0,0.0,1.0
8150,-0.22662783,4.220336,4.5441494,0.0,0.0,0.0,1.0
8151,-0.20771188,4.1463532,4.46858,0.0,0.0,0.0,1.0
8152,-0.2520915,4.2041836,4.398231,0.0,0.0,0.0,1.0
8153,-0.26736996,4.204228,4.336162,0.0,0.0,0.0,1.0
8154,-0.26373217,4.3751974,4.2851515,0.0,0.0,0.0,1.0
8155,-0.8894143,4.381928,4.2406363,0.0,0.0,0.0,1.0
8156,-0.73735905,4.302303,4.2133164,0.0,0.0,0.0,1.0
8157,-0.7439068,4.2804027,4.207266,0.0,0.0,0.0,1.0
8158,-0.7380866,4.2071295,4.2096796,0.0,0.0,0.0,1.0
8159,-0.81738806,4.147863,4.2032576,0.0,0.0,0.0,1.0
8160,-0.36340502,4.033138,4.202321,0.0,0.0,0.0,1.0
8161,0.14005074,4.0567355,4.1894407,0.0,0.0,0.0,1.0
8162,0.14150584,4.1477284,4.179481,0.0,0.0,0.0,1.0
8163,0.16405961,4.1753182,4.1837482,0.0,0.0,0.0,1.0
8164,0.18006542,4.1271214,4.201444,0.0,0.0,0.0,1.0
8165,0.1713349,4.1929903,4.21763,0.0,0.0,0.0,1.0
8166,0.17133506,4.2206297,4.2416215,0.0,0.0,0.0,1.0
8167,0.19898145,4.2624135,4.270624,0.0,0.0,0.0,1.0
8168,0.2033466,4.353509,4.297807,0.0,0.0,0.0,1.0
8169,0.19607122,4.4927526,4.313377,0.0,0.0,0.0,1.0
8170,0.18079285,4.4013615,4.3135424,0.0,0.0,0.0,1.0
8171,-0.17133506,4.4357615,4.3214955,0.0,0.0,0.0,1.0
8172,-0.53728634,4.3811674,4.315693,0.0,0.0,0.0,1.0
8173,-0.45143673,4.382933,4.2927847,0.0,0.0,1.0,1.0
8174,-0.42233527,4.334564,4.2602057,0.0,0.0,1.0,1.0
8175,-0.43615863,4.1773057,4.2178807,0.0,0.0,1.0,1.0
8176,-0.8253911,4.2225566,4.1510897,0.0,0.0,1.0,1.0
8177,-0.7424517,4.1233625,4.0862274,0.0,0.0,1.0,1.0
8178,-0.8763187,3.9457262,4.0088077,0.0,0.0,1.0,1.0
8179,-0.68934155,3.8714693,3.9211469,0.0,0.0,1.0,1.0
8180,-0.844307,3.8456087,3.8178663,0.0,0.0,1.0,1.0
8181,-0.7424518,3.6912603,3.7105627,0.0,0.0,1.0,1.0
8182,-0.7089851,3.6230123,3.6055996,0.0,0.0,1.0,1.0
8183,-0.7097126,3.5067258,3.494169,0.0,0.0,1.0,1.0
8184,-0.71407783,3.3292372,3.3828347,0.0,0.0,1.0,1.0
8185,-0.8290287,3.143567,3.2867885,0.0,0.0,1.0,1.0
8186,-0.5598398,3.0469205,3.194845,0.0,0.0,1.0,1.0
8187,-0.42015275,2.9177494,3.097051,0.0,0.0,1.0,1.0
8188,-0.38595852,2.8853881,3.0115905,0.0,0.0,1.0,1.0
8189,-0.5780283,2.787351,2.9292061,0.0,0.0,1.0,1.0
8190,-0.8595852,2.7931716,2.852208,0.0,0.0,1.0,1.0
8191,-0.72862864,2.768148,2.7864182,0.0,0.0,1.0,1.0
8192,-0.7635504,2.6720808,2.733842,0.0,0.0,1.0,1.0
8193,-0.75118226,2.6657338,2.6869972,0.0,0.0,1.0,1.0
8194,-0.8617679,2.6344018,2.648755,0.0,0.0,1.0,1.0
8195,-0.7817389,2.582745,2.6137223,0.0,0.0,1.0,1.0
8196,-0.75918514,2.5397613,2.5854254,0.0,0.0,1.0,1.0
8197,-0.7802838,2.5126517,2.55131,0.0,0.0,1.0,1.0
8198,-0.77955616,2.4847836,2.5199919,0.0,0.0,1.0,1.0
8199,-0.8064751,2.4588435,2.5046942,0.0,0.0,1.0,1.0
8200,-0.8937795,2.464995,2.4927945,0.0,0.0,1.0,1.0
8201,-0.47908318,2.447788,2.483911,0.0,0.0,1.0,1.0
8202,-0.42670062,2.3837895,2.485368,0.0,0.0,1.0,1.0
8203,-0.42524555,2.3923275,2.4949536,0.0,0.0,1.0,1.0
8204,-0.42742822,2.488509,2.5117683,0.0,0.0,1.0,1.0
8205,-0.4252455,2.522939,2.5356712,0.0,0.0,1.0,1.0
8206,-0.7599128,2.5278006,2.569124,0.0,0.0,1.0,1.0
8207,-0.68206626,2.6002264,2.6062667,0.0,0.0,1.0,1.0
8208,-0.6646053,2.6547894,2.6432567,0.0,0.0,1.0,1.0
8209,-0.6871589,2.7144272,2.690902,0.0,0.0,1.0,1.0
8210,-0.7853765,2.7716196,2.7469664,0.0,0.0,1.0,1.0
8211,-0.40269196,2.860278,2.7962332,0.0,0.0,1.0,1.0
8212,-0.3328483,2.9107075,2.850416,0.0,0.0,1.0,1.0
8213,-0.0040014335,2.8916657,2.9115267,0.0,0.0,1.0,1.0
8214,-0.04037826,2.9555335,2.9725444,0.0,0.0,1.0,1.0
8215,-0.028737746,3.0651014,3.0341392,0.0,0.0,1.0,1.0
8216,-0.12768272,3.0797102,3.0988057,0.0,0.0,1.0,1.0
8217,-0.017824592,3.173132,3.1634226,0.0,0.0,1.0,1.0
8218,-0.046926126,3.2611306,3.2206159,0.0,0.0,1.0,1.0
8219,-0.5736631,3.3324375,3.2783315,0.0,0.0,1.0,1.0
8220,-0.58457625,3.393927,3.3337455,0.0,0.0,1.0,1.0
8221,-0.54383415,3.4904256,3.3861501,0.0,0.0,0.0,1.0
8222,-0.55983996,3.5470226,3.4278102,0.0,0.0,0.0,1.0
8223,-0.5794834,3.5465977,3.4718792,0.0,0.0,0.0,1.0
8224,-0.5758458,3.603295,3.5077336,0.0,0.0,0.0,1.0
8225,-0.6165879,3.5566325,3.5400252,0.0,0.0,0.0,1.0
8226,-0.63768643,3.5843894,3.5668502,0.0,0.0,0.0,1.0
8227,-0.6347763,3.565021,3.5875356,0.0,0.0,0.0,1.0
8228,-0.77519095,3.6085408,3.5927112,0.0,0.0,0.0,1.0
8229,-0.11167692,3.6033835,3.5934298,0.0,0.0,0.0,1.0
8230,-0.0018187171,3.648629,3.5940206,0.0,0.0,0.0,1.0
8231,0.04838127,3.6543381,3.5841746,0.0,0.0,0.0,1.0
8232,0.04765377,3.6421533,3.5734742,0.0,0.0,0.0,1.0
8233,0.089123316,3.5525312,3.557339,0.0,0.0,1.0,1.0
8234,-0.80865765,3.5556448,3.5429084,0.0,0.0,1.0,1.0
8235,-0.80865765,3.5536876,3.5282097,0.0,0.0,1.0,1.0
8236,-0.80865765,3.4851449,3.522354,0.0,0.0,1.0,1.0
8237,-0.80865765,3.4282274,3.5197675,0.0,0.0,1.0,1.0
8238,-0.80865765,3.390767,3.5178719,0.0,0.0,1.0,1.0
8239,-0.80865765,3.3918543,3.5229194,0.0,0.0,1.0,1.0
8240,-0.80865765,3.4321554,3.5417082,0.0,0.0,1.0,1.0
8241,-0.80865765,3.5331142,3.5588946,0.0,0.0,1.0,1.0
8242,-0.80865765,3.617592,3.5726943,0.0,0.0,1.0,1.0
8243,-0.80865765,3.63159,3.5960636,0.0,0.0,1.0,1.0
8244,-0.80865765,3.702724,3.6283567,0.0,0.0,1.0,1.0
8245,-0.80865765,3.777997,3.6668427,0.0,0.0,1.0,1.0
8246,-0.80865765,3.7618804,3.7102597,0.0,0.0,1.0,1.0
8247,-0.80865765,3.7192838,3.747054,0.0,0.0,1.0,1.0
8248,-0.80865765,3.7655764,3.7767246,0.0,0.0,1.0,1.0
8249,-0.80865765,3.8157458,3.7989578,0.0,0.0,1.0,1.0
8250,-0.5380138,3.8526,3.8236845,0.0,0.0,1.0,1.0
8251,-0.5351037,3.912857,3.8404334,0.0,0.0,1.0,1.0
8252,-0.58966887,3.8736887,3.8484879,0.0,0.0,1.0,1.0
8253,-0.25500193,3.88916,3.844281,0.0,0.0,1.0,1.0
8254,-0.27319032,3.8843913,3.8435845,0.0,0.0,1.0,1.0
8255,-0.500182,3.9283082,3.8321471,0.0,0.0,1.0,1.0
8256,0.22080743,3.9037106,3.818256,0.0,0.0,1.0,1.0
8257,0.21134943,3.8746512,3.799263,0.0,0.0,1.0,1.0
8258,0.21571475,3.7113984,3.7742937,0.0,0.0,1.0,1.0
8259,0.22590022,3.7109272,3.7532008,0.0,0.0,1.0,1.0
8260,0.210622,3.628327,3.7405796,0.0,0.0,1.0,1.0
8261,0.19970876,3.6490505,3.733431,0.0,0.0,1.0,1.0
8262,-0.39687163,3.6246848,3.7175202,0.0,0.0,1.0,1.0
8263,-0.34521642,3.6132257,3.7061863,0.0,0.0,1.0,1.0
8264,-0.09276111,3.6205738,3.694476,0.0,0.0,1.0,1.0
8265,-0.10585676,3.737706,3.6966379,0.0,0.0,1.0,1.0
8266,-0.1378683,3.7986095,3.6948318,0.0,0.0,1.0,1.0
8267,-0.19534358,3.7373781,3.6966598,0.0,0.0,0.0,1.0
8268,-0.2120771,3.7677023,3.6968699,0.0,0.0,0.0,1.0
8269,-0.90105486,3.734128,3.7056565,0.0,0.0,0.0,1.0
8270,-0.7555475,3.7373416,3.7135427,0.0,0.0,0.0,1.0
8271,-0.72717357,3.6892548,3.7238166,0.0,0.0,0.0,1.0
8272,-0.81738806,3.6502616,3.729263,0.0,0.0,0.0,1.0
8273,-0.7046199,3.6515713,3.7242792,0.0,0.0,0.0,1.0
8274,-0.70752996,3.730126,3.7176466,0.0,0.0,0.0,1.0
8275,-0.72062576,3.7078607,3.703377,0.0,0.0,0.0,1.0
8276,-0.72280824,3.7438598,3.6765301,0.0,0.0,0.0,1.0
8277,-0.7082576,3.803062,3.6358476,0.0,0.0,0.0,1.0
8278,-0.71044016,3.738803,3.5884187,0.0,0.0,0.0,1.0
8279,-0.6762459,3.657787,3.5353,0.0,0.0,0.0,1.0
8280,-0.66242266,3.5964692,3.479073,0.0,0.0,0.0,1.0
8281,-0.77955616,3.4119654,3.417594,0.0,0.0,0.0,1.0
8282,-0.66533285,3.2491496,3.3592956,0.0,0.0,0.0,1.0
8283,-0.745362,3.1201084,3.300538,0.0,0.0,0.0,1.0
8284,-0.8574027,3.0128393,3.2431474,0.0,0.0,0.0,1.0
8285,-0.45580208,2.9768462,3.199743,0.0,0.0,0.0,1.0
8286,-0.6260457,2.992378,3.1659465,0.0,0.0,0.0,1.0
8287,-0.46962526,3.0082805,3.1370676,0.0,0.0,0.0,1.0
8288,-0.4718079,3.0387695,3.129165,0.0,0.0,0.0,1.0
8289,-0.8384867,3.1143715,3.1427438,0.0,0.0,0.0,1.0
8290,-0.7329937,3.217951,3.1831038,0.0,0.0,0.0,1.0
8291,-0.72862864,3.2522283,3.2417426,0.0,0.0,0.0,1.0
8292,-0.7293561,3.2499242,3.3169072,0.0,0.0,0.0,1.0
8293,-0.74899966,3.317133,3.404624,0.0,0.0,0.0,1.0
8294,-0.72717357,3.4120948,3.5064697,0.0,0.0,0.0,1.0
8295,-0.76136774,3.6044295,3.6191876,0.0,0.0,0.0,1.0
8296,-0.72571844,3.716505,3.7415538,0.0,0.0,0.0,1.0
8297,-0.74172425,3.8788202,3.864438,0.0,0.0,0.0,1.0
8298,-0.83994186,4.0449796,3.9816077,0.0,0.0,0.0,1.0
8299,-0.2717351,4.23043,4.1045494,0.0,0.0,0.0,1.0
8300,-0.13059287,4.3913827,4.227264,0.0,0.0,0.0,1.0
8301,0.14441602,4.582766,4.3318543,0.0,0.0,0.0,1.0
8302,0.1538741,4.692564,4.431895,0.0,0.0,0.0,1.0
8303,0.18224807,4.6582627,4.5355153,0.0,0.0,0.0,1.0
8304,0.7198981,4.7252264,4.6266,0.0,0.0,0.0,1.0
8305,0.5845762,4.7897034,4.6975665,0.0,0.0,0.0,1.0
8306,0.2964712,4.6671815,4.7537365,0.0,0.0,0.0,1.0
8307,0.3233902,4.8049145,4.7912507,0.0,0.0,0.0,1.0
8308,0.32775554,4.9599524,4.8103075,0.0,0.0,0.0,1.0
8309,0.3481265,4.9718328,4.808113,0.0,0.0,0.0,1.0
8310,0.36340478,4.896581,4.803075,0.0,0.0,0.0,1.0
8311,0.30883947,4.904469,4.7888737,0.0,0.0,0.0,1.0
8312,0.3386685,4.8415565,4.761427,0.0,0.0,0.0,1.0
8313,0.59476155,4.811447,4.7262254,0.0,0.0,0.0,1.0
8314,-0.011276941,4.6662273,4.6771293,0.0,0.0,0.0,1.0
8315,0.23826842,4.5978045,4.6005635,0.0,0.0,0.0,1.0
8316,-0.019279594,4.5548134,4.502451,0.0,0.0,0.0,1.0
8317,-0.14878124,4.460342,4.4118743,0.0,0.0,0.0,1.0
8318,-0.010549227,4.2447634,4.3009334,0.0,0.0,0.0,1.0
8319,-0.31538737,4.2157607,4.174265,0.0,0.0,0.0,1.0
8320,-0.68715894,4.041163,4.03434,0.0,0.0,0.0,1.0
8321,-0.58603126,3.7944858,3.9051814,0.0,0.0,0.0,1.0
8322,-0.5933066,3.809658,3.7595289,0.0,0.0,0.0,1.0
8323,-0.58821386,3.5731802,3.6150506,0.0,0.0,0.0,1.0
8324,-0.6311386,3.3215327,3.472338,0.0,0.0,0.0,1.0
8325,-0.6194981,3.1323473,3.3486493,0.0,0.0,0.0,1.0
8326,-0.6726082,3.1163251,3.232364,0.0,0.0,0.0,1.0
8327,-0.6609675,2.849976,3.1213603,0.0,0.0,0.0,1.0
8328,-0.8406693,2.8210728,3.0228572,0.0,0.0,0.0,1.0
8329,-0.71553296,2.7477899,2.9205236,0.0,0.0,0.0,1.0
8330,-0.7620954,2.7604985,2.8331919,0.0,0.0,0.0,1.0
8331,-0.8748636,2.820337,2.7662148,0.0,0.0,0.0,1.0
8332,-0.103673905,2.7091212,2.7258658,0.0,0.0,0.0,1.0
8333,-0.08184788,2.6124465,2.6785164,0.0,0.0,1.0,1.0
8334,-0.060021784,2.5816572,2.652431,0.0,0.0,1.0,1.0
8335,-0.10949427,2.5251982,2.629104,0.0,0.0,1.0,1.0
8336,-0.34157875,2.5178072,2.6119816,0.0,0.0,1.0,1.0
8337,-0.72717345,2.6481605,2.5982368,0.0,0.0,1.0,1.0
8338,-0.60058194,2.5481324,2.588626,0.0,0.0,1.0,1.0
8339,-0.5853037,2.536952,2.5848868,0.0,0.0,1.0,1.0
8340,-0.5620225,2.541147,2.5900054,0.0,0.0,1.0,1.0
8341,-0.60276455,2.5423214,2.5973299,0.0,0.0,1.0,1.0
8342,-0.59403414,2.5955606,2.6056995,0.0,0.0,1.0,1.0
8343,-0.58530366,2.7050052,2.62118,0.0,0.0,1.0,1.0
8344,-0.6282285,2.6642532,2.6272523,0.0,0.0,1.0,1.0
8345,-0.6231356,2.6738713,2.6498559,0.0,0.0,1.0,1.0
8346,-0.64859945,2.6695483,2.6857915,0.0,0.0,1.0,1.0
8347,-0.65587485,2.6256342,2.7261572,0.0,0.0,1.0,1.0
8348,-0.5867588,2.7035758,2.7548215,0.0,0.0,1.0,1.0
8349,-0.1444161,2.7210257,2.7876048,0.0,0.0,1.0,1.0
8350,-0.056384064,2.8193743,2.8220704,0.0,0.0,1.0,1.0
8351,-0.014186945,2.9681807,2.8579948,0.0,0.0,1.0,1.0
8352,-0.022917312,3.0255346,2.8953424,0.0,0.0,1.0,1.0
8353,-0.022917384,2.886295,2.9291728,0.0,0.0,1.0,1.0
8354,-0.39978167,2.9889586,2.965128,0.0,0.0,0.0,1.0
8355,-0.66533285,3.1185913,2.9918487,0.0,0.0,0.0,1.0
8356,-0.51618767,3.0953481,3.014792,0.0,0.0,0.0,1.0
8357,-0.51909786,3.12204,3.032409,0.0,0.0,0.0,1.0
8358,-0.7788286,3.0755157,3.0460708,0.0,0.0,0.0,1.0
8359,-0.7118953,3.0570946,3.0534747,0.0,0.0,0.0,1.0
8360,-0.7424517,3.0242245,3.080518,0.0,0.0,0.0,1.0
8361,-0.76573294,2.9963446,3.106973,0.0,0.0,0.0,1.0
8362,-0.9468897,3.030779,3.1233575,0.0,0.0,0.0,1.0
8363,-0.8166607,3.1321247,3.1460426,0.0,0.0,0.0,1.0
8364,-0.7802837,3.1143794,3.1771488,0.0,0.0,0.0,1.0
8365,-0.79410696,3.2108152,3.2153792,0.0,0.0,0.0,1.0
8366,-0.81156784,3.3064191,3.2547088,0.0,0.0,0.0,1.0
8367,-0.75773,3.3152063,3.30067,0.0,0.0,0.0,1.0
8368,-0.7322663,3.3675692,3.3554735,0.0,0.0,0.0,1.0
8369,-0.68570393,3.4953146,3.4129786,0.0,0.0,0.0,1.0
8370,-0.7606402,3.534279,3.470837,0.0,0.0,0.0,1.0
8371,-0.057111565,3.529051,3.542353,0.0,0.0,0.0,1.0
8372,-0.06947979,3.5757558,3.6052105,0.0,0.0,0.0,1.0
8373,-0.10585655,3.65399,3.667022,0.0,0.0,0.0,1.0
8374,-0.12913772,3.7208378,3.7224317,0.0,0.0,0.0,1.0
8375,-0.5300109,3.8264287,3.7729146,0.0,0.0,0.0,1.0
8376,-0.8086576,3.9725685,3.8125665,0.0,0.0,0.0,1.0
8377,-0.8392142,3.9651048,3.8484297,0.0,0.0,0.0,1.0
8378,-0.71480536,4.048159,3.8851857,0.0,0.0,0.0,1.0
8379,-0.73372144,3.9801197,3.919107,0.0,0.0,0.0,1.0
8380,-0.70971256,3.9733665,3.9497583,0.0,0.0,0.0,1.0
8381,-0.7911967,3.9711368,3.9706464,0.0,0.0,0.0,1.0
8382,-0.76136774,3.9646375,3.9868584,0.0,0.0,0.0,1.0
8383,-0.76282287,3.9701233,4.0016394,0.0,0.0,0.0,1.0
8384,-0.7671881,3.98281,4.0245047,0.0,0.0,0.0,1.0
8385,-0.7737359,4.021808,4.054231,0.0,0.0,0.0,1.0
8386,-0.72062564,3.9714923,4.105385,0.0,0.0,0.0,1.0
8387,-0.7148054,4.0209727,4.166856,0.0,0.0,0.0,1.0
8388,-0.74681693,4.149941,4.247194,0.0,0.0,0.0,1.0
8389,-0.73153865,4.23949,4.338572,0.0,0.0,0.0,1.0
8390,-0.46817017,4.4048758,4.448232,0.0,0.0,0.0,1.0
8391,-0.48490363,4.593964,4.577501,0.0,0.0,0.0,1.0
8392,-0.51400506,4.711021,4.7165155,0.0,0.0,0.0,1.0
8393,-0.5481993,4.935192,4.866147,0.0,0.0,0.0,1.0
8394,-0.82830125,5.0611734,5.0231266,0.0,0.0,0.0,1.0
8395,-0.70316476,5.286044,5.1855516,0.0,0.0,0.0,1.0
8396,-0.6493269,5.534034,5.356644,0.0,0.0,0.0,1.0
8397,-0.6355038,5.689987,5.5315056,0.0,0.0,0.0,1.0
8398,-0.78901416,5.7670665,5.7012706,0.0,0.0,0.0,1.0
8399,-0.33430353,5.90473,5.8782167,0.0,0.0,0.0,1.0
8400,-0.31975272,6.0990415,6.049136,0.0,0.0,0.0,1.0
8401,-0.24190621,6.292602,6.207644,0.0,0.0,0.0,1.0
8402,0.8886867,6.503209,6.349142,0.0,0.0,0.0,1.0
8403,0.90469253,6.631148,6.467382,0.0,0.0,0.0,1.0
8404,0.8937796,6.8343716,6.56479,0.0,0.0,0.0,1.0
8405,0.875591,6.986226,6.6523423,0.0,0.0,0.0,1.0
8406,0.90978533,6.963268,6.7184744,0.0,0.0,0.0,1.0
8407,0.89232445,6.984024,6.756373,0.0,0.0,0.0,1.0
8408,0.8537649,6.9529095,6.757174,0.0,0.0,0.0,1.0
8409,0.35758445,6.8588824,6.7269535,0.0,0.0,0.0,1.0
8410,-0.22080757,6.8176985,6.6680365,0.0,0.0,0.0,1.0
8411,-0.21134964,6.6983123,6.5690594,0.0,0.0,0.0,1.0
8412,-0.21789739,6.553826,6.4435816,0.0,0.0,0.0,1.0
8413,-0.5387413,6.302214,6.298757,0.0,0.0,0.0,1.0
8414,-0.53364855,6.1405616,6.132827,0.0,0.0,0.0,1.0
8415,-0.5132776,5.9241424,5.944014,0.0,0.0,0.0,1.0
8416,-0.4798109,5.6466465,5.736677,0.0,0.0,0.0,1.0
8417,-0.20043644,5.4804964,5.519574,0.0,0.0,0.0,1.0
8418,-0.24554378,5.22537,5.2888713,0.0,0.0,0.0,1.0
8419,-0.054201562,4.992864,5.0503364,0.0,0.0,0.0,1.0
8420,-0.054928992,4.6871543,4.8228474,0.0,0.0,0.0,1.0
8421,-0.084030524,4.3708425,4.592344,0.0,0.0,0.0,1.0
8422,-0.09057832,4.212457,4.375175,0.0,0.0,0.0,1.0
8423,-0.36049476,3.9298809,4.1789017,0.0,0.0,0.0,1.0
8424,-0.7286286,3.691404,4.002279,0.0,0.0,0.0,1.0
8425,-0.62604576,3.5723507,3.8577793,0.0,0.0,0.0,1.0
8426,-0.7104401,3.374514,3.7410152,0.0,0.0,0.0,1.0
8427,-0.70316476,3.3181217,3.6616027,0.0,0.0,0.0,1.0
8428,-0.6987995,3.2913635,3.6023107,0.0,0.0,0.0,1.0
8429,-0.68279374,3.3610213,3.5698652,0.0,0.0,0.0,1.0
8430,-0.85376495,3.4913757,3.5671716,0.0,0.0,0.0,1.0
8431,-0.72280824,3.5916965,3.5958161,0.0,0.0,0.0,1.0
8432,-0.73517644,3.7342038,3.6370475,0.0,0.0,0.0,1.0
8433,-0.748272,3.6593392,3.7104208,0.0,0.0,0.0,1.0
8434,-0.71044004,3.82311,3.794314,0.0,0.0,0.0,1.0
8435,-0.8544925,3.897558,3.8989022,0.0,0.0,0.0,1.0
8436,-0.27027994,4.0351377,4.014743,0.0,0.0,0.0,1.0
8437,-0.34739903,4.067129,4.138301,0.0,0.0,0.0,1.0
8438,-0.34739903,4.254995,4.2631197,0.0,0.0,0.0,1.0
8439,-0.34739903,4.3248386,4.390919,0.0,0.0,0.0,1.0
8440,-0.34739903,4.5464215,4.5378575,0.0,0.0,0.0,1.0
8441,-0.34739903,4.7511067,4.672202,0.0,0.0,0.0,1.0
8442,-0.34739903,4.974072,4.809143,0.0,0.0,0.0,1.0
8443,-0.34739903,5.0895224,4.9405613,0.0,0.0,0.0,1.0
8444,-0.34739903,5.2677984,5.084425,0.0,0.0,0.0,1.0
8445,-0.34739903,5.4226007,5.217615,0.0,0.0,0.0,1.0
8446,-0.34739903,5.435246,5.3568544,0.0,0.0,0.0,1.0
8447,-0.34739903,5.540846,5.4763575,0.0,0.0,0.0,1.0
8448,-0.34739903,5.6121597,5.5882173,0.0,0.0,0.0,1.0
8449,-0.34739903,5.793492,5.6772633,0.0,0.0,0.0,1.0
8450,-0.34739903,5.8532805,5.762945,0.0,0.0,0.0,1.0
8451,-0.7388141,5.9957066,5.836654,0.0,0.0,0.0,1.0
8452,-0.4070571,5.9804606,5.896505,0.0,0.0,0.0,1.0
8453,-0.32921058,6.09342,5.9523115,0.0,0.0,0.0,1.0
8454,-0.31829756,6.0426245,5.9932003,0.0,0.0,0.0,1.0
8455,-0.29283378,6.1177073,6.0197372,0.0,0.0,0.0,1.0
8456,-0.31174964,6.1523075,6.0288014,0.0,0.0,0.0,1.0
8457,-0.6842488,6.140808,6.029777,0.0,0.0,0.0,1.0
8458,-0.61076754,6.104926,6.010051,0.0,0.0,0.0,1.0
8459,-0.6369588,6.0315094,5.9786167,0.0,0.0,0.0,1.0
8460,-0.6391414,5.9306026,5.9199314,0.0,0.0,0.0,1.0
8461,-0.6529647,5.9022627,5.8608327,0.0,0.0,0.0,1.0
8462,-0.64714444,5.864989,5.7781186,0.0,0.0,0.0,1.0
8463,-0.85158235,5.758992,5.6828613,0.0,0.0,0.0,1.0
8464,-0.8297562,5.603253,5.580917,0.0,0.0,0.0,1.0
8465,-0.8312114,5.389192,5.475533,0.0,0.0,0.0,1.0
8466,-0.43397585,5.333441,5.371436,0.0,0.0,0.0,1.0
8467,-0.43179336,5.1251388,5.2648573,0.0,0.0,0.0,1.0
8468,-0.40560198,5.009219,5.1528506,0.0,0.0,0.0,1.0
8469,-0.39687154,4.917478,5.0333233,0.0,0.0,0.0,1.0
8470,-0.7635503,4.8403177,4.9190607,0.0,0.0,0.0,1.0
8471,-0.6529647,4.782346,4.8054733,0.0,0.0,0.0,1.0
8472,-0.6580576,4.651656,4.6907473,0.0,0.0,0.0,1.0
8473,-0.7024372,4.5581856,4.5730996,0.0,0.0,1.0,1.0
8474,-0.68570393,4.430659,4.4647264,0.0,0.0,1.0,1.0
8475,-0.68497634,4.3878417,4.364334,0.0,0.0,1.0,1.0
8476,-0.87704617,4.2402067,4.2911468,0.0,0.0,1.0,1.0
8477,-0.7781011,4.012475,4.2373867,0.0,0.0,1.0,1.0
8478,-0.7315388,3.9216723,4.205576,0.0,0.0,1.0,1.0
8479,-0.7097126,3.8246624,4.1957192,0.0,0.0,1.0,1.0
8480,-0.83412147,3.8045084,4.2079887,0.0,0.0,1.0,1.0
8481,-0.44707152,4.0392313,4.2383027,0.0,0.0,1.0,1.0
8482,-0.43834114,4.195195,4.2879725,0.0,0.0,1.0,1.0
8483,-0.41142234,4.40062,4.3688793,0.0,0.0,1.0,1.0
8484,-0.4310657,4.533374,4.477746,0.0,0.0,1.0,1.0
8485,-0.79556197,4.705416,4.6027584,0.0,0.0,1.0,1.0
8486,-0.6806112,4.794431,4.73977,0.0,0.0,1.0,1.0
8487,-0.6820662,4.9838753,4.895742,0.0,0.0,1.0,1.0
8488,-0.71480536,5.2110925,5.0532,0.0,0.0,1.0,1.0
8489,-0.77519095,5.3188725,5.217457,0.0,0.0,1.0,1.0
8490,-0.7388141,5.421822,5.3892255,0.0,0.0,1.0,1.0
8491,-0.8210259,5.468802,5.5758047,0.0,0.0,1.0,1.0
8492,-0.34303397,5.676169,5.743972,0.0,0.0,1.0,1.0
8493,0.098581254,5.9287276,5.8906837,0.0,0.0,0.0,1.0
8494,0.7359039,6.166282,6.0221186,0.0,0.0,0.0,1.0
8495,0.76718795,6.461843,6.1494994,0.0,0.0,0.0,1.0
8496,0.77009815,6.772322,6.268019,0.0,0.0,0.0,1.0
8497,0.81520545,6.7234216,6.4081616,0.0,0.0,0.0,1.0
8498,0.8363041,6.554974,6.5326986,0.0,0.0,0.0,1.0
8499,0.5605675,6.5610924,6.5785007,0.0,0.0,0.0,1.0
8500,0.2935611,6.7396665,6.08444,0.0,0.0,0.0,1.0
8501,0.34157863,6.741107,5.5705833,0.0,0.0,0.0,1.0
8502,-0.31611505,7.1035314,5.0320964,0.0,0.0,0.0,1.0
8503,-0.2971992,6.963249,4.4677362,0.0,0.0,0.0,1.0
8504,-0.7322662,6.225794,3.9074512,0.0,0.0,0.0,1.0
