window_index,window_score,successor_score,successor_median_score,successor_dispersion,local_score,successor_z,local_z,context_distance,context_ratio,context_ood
0,4.35437,1.0961121,1.0943586,0.5587899,16566.244,3.956976,0.0,0.105023,1.286939,1.0
1,3.4956694,1.0292917,1.0658045,0.58542335,16566.244,3.3360832,0.0,0.09276047,1.1366756,1.0
2,3.3868396,1.0095654,1.0255408,0.7240649,16566.244,3.152786,0.0,0.0989161,1.2121059,1.0
3,3.850859,1.0620022,1.0701061,0.58387977,16566.244,3.6400273,0.0,0.095111646,1.1654866,1.0
4,3.9392333,1.0632906,1.0824559,0.53959215,16566.244,3.6519992,0.0,0.0999453,1.2247176,1.0
5,3.184055,0.9893627,1.0274891,0.6869341,16566.244,2.9650638,0.0,0.098827526,1.2110206,1.0
6,4.0397067,1.0707146,1.082037,0.64987403,16566.244,3.7209828,0.0,0.101578526,1.244731,1.0
7,3.7848704,1.0542667,1.1260211,0.53959215,16566.244,3.5681496,0.0,0.09576855,1.1735362,1.0
8,4.042273,1.0835348,1.141227,0.50732744,16566.244,3.8401082,0.0,0.09388179,1.1504161,1.0
9,3.8969333,1.0683882,1.153176,0.50732744,16566.244,3.6993663,0.0,0.09405898,1.1525874,1.0
10,4.221898,1.1111778,1.040421,0.7397514,16566.244,4.096966,0.0,0.08871682,1.0871252,1.0
11,2.3018064,0.87446237,1.1173346,0.8059661,16566.244,1.8974134,0.0,0.13130037,1.6089389,1.0
12,3.8769772,1.065308,1.1616436,0.60535574,16566.244,3.6707447,0.0,0.0947065,1.160522,1.0
13,3.2515824,1.0093398,1.1522514,0.5065747,16566.244,3.1506903,0.0,0.08907317,1.0914919,1.0
14,3.312685,0.9927118,1.2196652,0.5917225,16566.244,2.9961832,0.0,0.10623692,1.3018143,1.0
15,3.609673,1.0230943,1.2112886,0.64847636,16566.244,3.2784965,0.0,0.10515965,1.2886136,1.0
16,3.7117481,1.0367332,1.2461908,0.5524971,16566.244,3.4052284,0.0,0.102594785,1.257184,1.0
17,4.224178,1.1046268,1.2483919,0.552497,16566.244,4.0360937,0.0,0.0924723,1.1331444,1.0
18,4.1072907,1.0879333,1.2209527,0.5917225,16566.244,3.8809786,0.0,0.095203236,1.1666089,1.0
19,4.124498,1.0894086,1.2298439,0.5524971,16566.244,3.8946874,0.0,0.0953648,1.1685888,1.0
20,4.61763,1.1344968,1.2096641,0.53180945,16566.244,4.3136454,0.0,0.098037876,1.2013443,1.0
21,3.6780922,1.039208,1.1833202,0.5524971,16566.244,3.428225,0.0,0.098600924,1.2082437,1.0
22,3.2394147,0.9955649,1.1559643,0.60344744,16566.244,3.022694,0.0,0.09832403,1.2048508,1.0
23,2.5055983,0.9399151,0.91221464,0.6144019,16566.244,2.5055983,0.0,0.045390323,0.55620754,0.0
24,2.0474854,0.8906131,0.88765675,0.5036768,16566.244,2.0474854,0.0,0.039007895,0.47799802,0.0
25,1.1934737,0.7987045,0.77989125,0.64630353,16566.244,1.1934737,0.0,0.046174914,0.5658218,0.0
26,2.4332888,0.9321332,0.8076326,0.89060056,16566.244,2.4332888,0.0,0.03442823,0.42187938,0.0
27,1.2236915,0.80195653,0.7114508,0.86407024,16566.244,1.2236915,0.0,0.04653177,0.57019466,0.0
28,3.925037,1.0926749,1.1118051,0.88713413,28714.828,3.925037,1.1146086,0.037667416,0.46157196,0.0
29,2.4342244,0.93223387,1.0725538,0.90092516,28714.828,2.4342244,1.1146086,0.036901183,0.45218262,0.0
30,2.8187828,0.97362,1.108789,0.92246825,28714.828,2.8187828,1.1146086,0.03779493,0.46313447,0.0
31,2.8917985,0.9814779,1.0289333,0.9289572,28714.828,2.8917985,1.1146086,0.033903576,0.4154503,0.0
32,3.5891268,1.0565243,1.2798569,0.71247435,28714.828,3.5891268,1.1146086,0.04114358,0.50416845,0.0
33,3.5501418,1.0523287,0.8853845,0.8922489,28714.828,3.5501418,1.1146086,0.04783178,0.58612484,0.0
34,4.2550383,1.1281896,1.0457697,0.85565484,28714.828,4.2550383,1.1146086,0.046569243,0.57065386,0.0
35,3.8957396,1.0895219,1.0678744,0.84310275,28714.828,3.8957396,1.1146086,0.043544333,0.533587,0.0
36,3.115324,1.0055337,1.1609032,0.74462634,28714.828,3.115324,1.1146086,0.04597951,0.5634274,0.0
37,6.06515,1.3229934,1.3964493,0.659135,28714.828,6.06515,1.1146086,0.043485552,0.5328667,0.0
38,6.33037,1.3515364,1.378163,0.7988286,28714.828,6.33037,1.1146086,0.044322964,0.54312825,0.0
39,7.11344,1.4358102,1.3533767,0.8480905,28714.828,7.11344,1.1146086,0.040548068,0.4968711,0.0
40,7.057507,1.4297907,1.406957,0.8530396,28714.828,7.057507,1.1146086,0.039409116,0.48291454,0.0
41,7.266484,1.4522808,1.4767594,0.59559697,28714.828,7.266484,1.1146086,0.0392711,0.48122332,0.0
42,1.5100197,0.8327711,1.448217,0.79346704,28714.828,1.5100197,1.1146086,0.0387321,0.47461846,0.0
43,3.1371565,1.0078833,1.4475596,0.82971954,28714.828,3.1371565,1.1146086,0.039975446,0.48985428,0.0
44,3.5623496,1.0536425,1.2491993,0.95698947,24297.16,3.5623496,0.70021516,0.03923781,0.48081535,0.0
45,2.4458163,0.9334814,0.9557653,1.0011772,23744.955,2.4458163,0.6484163,0.04622403,0.5664237,0.0
46,1.797347,0.86369324,0.71147954,0.7887552,23744.955,1.797347,0.6484163,0.042312786,0.51849574,0.0
47,1.8402034,0.86830544,0.77876663,0.69429475,23744.955,1.8402034,0.6484163,0.041005835,0.5024805,0.0
48,1.7692908,0.86067384,0.9708877,0.8443105,23744.955,1.7692908,0.6484163,0.041320235,0.5063332,0.0
49,0.69589424,0.7451551,0.71573585,0.8836537,23744.955,0.69589424,0.6484163,0.056978732,0.6982105,0.0
50,1.0049572,0.7784164,0.8263867,0.80631405,23744.955,1.0049572,0.6484163,0.055528037,0.68043387,0.0
51,0.58634657,0.7333656,0.83554643,0.804356,23744.955,0.58634657,0.6484163,0.050885133,0.6235403,0.0
52,2.779172,0.9693571,0.7998437,0.70593756,23744.955,2.779172,0.6484163,0.047900494,0.5869669,0.0
53,2.4267104,0.9314252,0.73984253,0.8971244,16566.244,2.4267104,0.0,0.055602446,0.68134564,0.0
54,3.2397218,1.0189214,0.9090347,0.619952,16566.244,3.2397218,0.0,0.047364183,0.580395,0.0
55,3.1719058,1.011623,0.8255697,0.7969394,16566.244,3.1719058,0.0,0.05871142,0.71944267,0.0
56,3.2686558,1.0220352,0.78427106,0.75966924,16566.244,3.2686558,0.0,0.060071368,0.7361073,0.0
57,3.5925972,1.0568978,0.90122044,0.73476034,16566.244,3.5925972,0.0,0.05576374,0.68332213,0.0
58,3.3792176,1.0339339,0.9042724,0.84490037,16566.244,3.3792176,0.0,0.060882416,0.74604577,0.0
59,0.41696873,0.7151372,0.88399965,0.837844,16566.244,0.41696873,0.0,0.05110765,0.62626696,0.0
60,2.0873604,0.89490443,0.7253436,0.85450727,16566.244,2.0873604,0.0,0.052475024,0.6430226,0.0
61,3.6221516,1.0600784,1.1975753,0.74453264,16566.244,3.6221516,0.0,0.048972014,0.6000971,0.0
62,3.8215666,1.0815394,1.2207509,0.74453264,16566.244,3.8215666,0.0,0.045826428,0.5615515,0.0
63,0.0,0.6634157,0.8153883,0.7442398,16566.244,0.0,0.0,0.04627197,0.5670111,0.0
64,1.5657042,0.8387639,0.7624279,0.7585089,16566.244,1.5657042,0.0,0.04251708,0.52099913,0.0
65,2.1874151,0.9056723,1.1819235,0.7500133,16566.244,2.1874151,0.0,0.05179676,0.6347112,0.0
66,1.6582046,0.84871876,1.0729898,0.82735175,16566.244,1.6582046,0.0,0.048080813,0.5891765,0.0
67,1.0471884,0.7829613,1.0643744,0.82735175,16566.244,1.0471884,0.0,0.045765664,0.56080693,0.0
68,4.103952,1.1119297,0.88322276,0.8284952,16566.244,4.103952,0.0,0.043581054,0.53403693,0.0
69,0.920322,0.769308,0.88990986,0.8618194,16566.244,0.920322,0.0,0.044831946,0.5493652,0.0
70,1.5768199,0.83996016,0.870023,0.6899737,16566.244,1.5768199,0.0,0.042751804,0.5238754,0.0
71,2.385516,0.9269919,1.0439271,0.6375356,16566.244,2.385516,0.0,0.039456844,0.48349938,0.0
72,3.257393,1.0208231,1.0521425,0.5946746,16566.244,3.257393,0.0,0.039570495,0.48489207,0.0
73,3.825316,1.0819429,0.9199765,0.74311197,16566.244,3.825316,0.0,0.04579488,0.5611649,0.0
74,3.6698031,1.0652066,1.1527388,0.53953815,16566.244,3.6698031,0.0,0.0395322,0.48442277,0.0
75,4.037855,1.1048163,1.1413417,0.52815324,16566.244,4.037855,0.0,0.041588355,0.50961864,0.0
76,4.4656057,1.1508508,1.2072936,0.5883034,27610.412,4.4656057,1.0110104,0.037938558,0.4648945,0.0
77,4.315814,1.1347302,1.2403148,0.54246366,27610.412,4.315814,1.0110104,0.034901857,0.42768314,0.0
78,3.27344,1.0225501,1.0055271,0.7424726,27610.412,3.27344,1.0110104,0.043237813,0.52983093,0.0
79,3.0890617,1.0027074,1.0838672,0.67160845,27610.412,3.0890617,1.0110104,0.045685433,0.55982375,0.0
80,3.167186,1.0111151,0.94557256,0.7740301,27610.412,3.167186,1.0110104,0.050858006,0.62320787,0.0
81,1.2303818,0.80267656,0.7296599,0.86326104,27610.412,1.2303818,1.0110104,0.058770385,0.7201652,0.0
82,2.6100516,0.9511564,0.9798731,0.72063595,27610.412,2.6100516,1.0110104,0.033706322,0.4130332,0.0
83,0.8088083,0.7309261,0.856682,0.6854544,27610.412,0.5636788,1.0110104,0.045411207,0.5564634,0.0
84,3.5513337,1.052457,0.9805215,0.67607415,27610.412,3.5513337,1.0110104,0.048157476,0.5901159,0.0
85,0.8088083,0.57972115,1.0109591,0.75301296,27610.412,0.0,1.0110104,0.046123248,0.5651887,0.0
86,4.655819,1.1713215,1.262389,0.80715984,27610.412,4.655819,1.0110104,0.03912578,0.4794426,0.0
87,2.6851358,0.9592369,1.2829252,0.7988059,27610.412,2.6851358,1.0110104,0.04593629,0.56289774,0.0
88,5.7244177,1.2863239,1.4029721,0.8376906,27610.412,5.7244177,1.0110104,0.05644431,0.6916617,0.0
89,0.8088083,0.5884558,1.0333121,0.7893683,27610.412,0.0,1.0110104,0.0829529,1.0164949,1.0
90,3.2587397,1.0209681,1.4633757,0.6367866,27610.412,3.2587397,1.0110104,0.0431224,0.52841663,0.0
91,2.9681282,0.9896925,1.517046,0.7393335,27610.412,2.9681282,1.0110104,0.044777278,0.5486953,0.0
92,2.6561353,0.9561159,1.3356748,0.77720034,27058.193,2.6561353,0.9592102,0.04443633,0.54451746,0.0
93,4.0298743,1.1039574,1.3167256,0.8287936,27058.193,4.0298743,0.9592102,0.037239607,0.45632964,0.0
94,4.293687,1.1323489,1.3532275,0.73508686,27058.193,4.293687,0.9592102,0.040925045,0.50149053,0.0
95,3.1246297,1.0065352,1.3183912,0.8527488,25401.572,3.1246297,0.8038131,0.041096732,0.5035944,0.0
96,4.355608,1.1390128,1.3507466,0.81429243,25401.572,4.355608,0.8038131,0.041750804,0.5116093,0.0
97,3.0416443,0.9976043,1.241026,0.7628147,25401.572,3.0416443,0.8038131,0.03712583,0.45493543,0.0
98,2.7042296,0.9612918,1.07201,0.47513413,23744.955,2.7042296,0.6484163,0.043315873,0.53078747,0.0
99,4.1084204,1.1124105,1.061848,0.51692414,22640.53,4.1084204,0.5448171,0.04623197,0.566521,0.0
100,3.0423567,0.99768096,1.0306957,0.454273,7.226684,3.0423567,0.0,0.042015545,0.5148534,0.0
101,1.942596,0.8793249,0.9771452,0.5105524,3.2760966,1.942596,0.0,0.038570195,0.4726345,0.0
102,2.610029,0.95115393,0.93450403,0.49063608,3.179741,2.610029,0.0,0.034968346,0.42849788,0.0
103,2.1557884,0.90226865,0.8984984,0.66115874,2.1198282,2.1557884,0.0,0.03905089,0.47852486,0.0
104,1.8105567,0.86511487,0.8062767,0.4515881,2.1198282,1.8105567,0.0,0.037154876,0.45529136,0.0
105,1.6948613,0.85266376,0.81184053,0.48486286,2.1198282,1.6948613,0.0,0.044386674,0.54390895,0.0
106,1.9010289,0.87485147,0.7962689,0.5232345,0.67449075,1.9010289,0.0,0.03598753,0.44098684,0.0
107,0.25405815,0.6976048,0.64329726,0.52231276,0.67449075,0.25405815,0.0,0.040463258,0.49583185,0.0
108,1.0607615,0.78442204,0.7189322,0.46284804,2.1198282,1.0607615,0.0,0.039077505,0.47885102,0.0
109,1.5371978,0.83569604,0.7806693,0.4731899,2.2161837,1.5371978,0.0,0.030765595,0.3769979,0.0
110,0.78853804,0.7551254,0.7453121,0.5202397,2.2161837,0.78853804,0.0,0.03969772,0.48645106,0.0
111,1.5445623,0.8364886,0.7984996,0.7937526,5.1068583,1.5445623,0.0,0.029685445,0.36376184,0.0
112,1.8231057,0.8664654,0.80410236,0.76525813,16566.244,1.8231057,0.0,0.042111456,0.5160287,0.0
113,2.1387656,0.90043664,0.9222895,0.73490983,16566.244,2.1387656,0.0,0.04144766,0.50789464,0.0
114,3.1160042,1.0056069,0.9119932,0.7835352,16566.244,3.1160042,0.0,0.042097386,0.51585627,0.0
115,2.1278868,0.8992659,1.3508024,0.7673783,16566.244,2.1278868,0.0,0.042431958,0.51995605,0.0
116,1.8176951,0.8658831,1.0055226,0.678026,16566.244,1.8176951,0.0,0.04976472,0.6098108,0.0
117,1.5816134,0.84047604,0.974327,0.6859464,16566.244,1.5816134,0.0,0.04272941,0.52360106,0.0
118,2.2008924,0.90712273,0.8746003,0.77384233,16566.244,2.2008924,0.0,0.055427924,0.6792071,0.0
119,1.1448534,0.793472,0.759663,0.5527772,16566.244,1.1448534,0.0,0.046487045,0.5696466,0.0
120,4.2142987,1.1238052,0.8904223,0.8249928,16566.244,4.2142987,0.0,0.039802413,0.48773396,0.0
121,2.6754103,0.95819026,0.9396,0.8087913,16566.244,2.6754103,0.0,0.047883395,0.5867573,0.0
122,0.8578561,0.7625854,0.738599,0.7102646,16566.244,0.8578561,0.0,0.051268935,0.6282433,0.0
123,1.8987038,0.87460124,0.78350747,0.60363,16566.244,1.8987038,0.0,0.04063556,0.49794322,0.0
124,1.6482769,0.84765035,0.68363976,0.7928125,16566.244,1.6482769,0.0,0.036262732,0.44435912,0.0
125,3.347151,1.0304829,1.184748,0.7853554,28162.62,3.347151,1.0628095,0.040138707,0.49185485,0.0
126,3.1552472,1.0098302,0.9603338,0.7743723,28714.828,3.1552472,1.1146086,0.036543924,0.4478048,0.0
127,2.902358,0.98261434,1.0237863,0.8180465,28714.828,2.902358,1.1146086,0.041895613,0.51338375,0.0
128,1.9314598,0.87812644,0.9087375,0.774011,28714.828,1.9314598,1.1146086,0.03337706,0.40899843,0.0
129,1.7050709,0.8537625,0.7173899,0.7638136,28714.828,1.7050709,1.1146086,0.04180417,0.51226324,0.0
130,1.8590485,0.87033355,0.88594264,0.7485156,28714.828,1.8590485,1.1146086,0.036527853,0.4476079,0.0
131,1.4225775,0.8233606,0.9367319,0.82329446,28714.828,1.4225775,1.1146086,0.03979457,0.48763785,0.0
132,0.8916869,0.6737304,0.7669309,0.7683779,28714.828,0.032217965,1.1146086,0.039063077,0.47867423,0.0
133,0.8916869,0.66925603,0.73682576,0.64809626,28714.828,0.0,1.1146086,0.04276315,0.5240145,0.0
134,4.872299,1.194619,1.1458197,0.65112597,28714.828,4.872299,1.1146086,0.04086977,0.5008132,0.0
135,0.8916869,0.7136428,1.1898655,0.69183975,28714.828,0.40308276,1.1146086,0.042275533,0.5180393,0.0
136,0.8916869,0.7408417,1.0402251,0.8404751,28714.828,0.6558142,1.1146086,0.054027066,0.6620411,0.0
137,6.158068,1.3329933,1.3832296,0.56288373,28714.828,6.158068,1.1146086,0.043022178,0.52718854,0.0
138,3.6147432,1.0592811,1.3406887,0.679514,28714.828,3.6147432,1.1146086,0.03898215,0.47768253,0.0
139,3.229077,1.0177758,1.4187078,0.7242503,28714.828,3.229077,1.1146086,0.043743532,0.53602797,0.0
140,6.5084944,1.3707061,1.4841526,0.6078609,28714.828,6.5084944,1.1146086,0.030693185,0.37611055,0.0
141,0.8916869,0.7421765,1.141576,0.7987103,28714.828,0.66821694,1.1146086,0.053526305,0.6559048,0.0
142,0.58119917,0.7328116,1.0492588,0.70713705,24297.16,0.58119917,0.70021516,0.0365488,0.4478646,0.0
143,0.60652256,0.73553693,1.1497436,0.70756936,24297.16,0.60652256,0.70021516,0.04209593,0.51583844,0.0
144,3.57988,1.0555291,1.0825175,0.72578216,24297.16,3.57988,0.70021516,0.04593003,0.56282103,0.0
145,0.83538383,0.76016694,1.0667018,0.7759459,24297.16,0.83538383,0.70021516,0.035023276,0.42917097,0.0
146,3.55001,1.0523145,1.0485743,0.75876635,23744.955,3.55001,0.6484163,0.050491776,0.6187201,0.0
147,2.4249303,0.93123364,1.2220739,0.6879253,7.6121106,2.4249303,0.0,0.04369557,0.5354402,0.0
148,2.1386476,0.90042394,1.0407215,0.8291488,3.46881,2.1386476,0.0,0.050501797,0.6188429,0.0
149,4.3394732,1.1372764,1.1434503,0.8787437,3.46881,4.3394732,0.0,0.053171463,0.6515567,0.0
150,0.6629289,0.74160737,1.1142606,0.73585325,3.2760966,0.6629289,0.0,0.0515866,0.6321359,0.0
151,0.49931267,0.723999,0.85082203,0.79451513,3.2760966,0.49931267,0.0,0.052269973,0.6405099,0.0
152,1.9264774,0.87759024,0.6929869,0.6382624,2.2161837,1.9264774,0.0,0.05586967,0.68462014,0.0
153,1.1874057,0.7980515,0.69615936,0.6161071,2.2161837,1.1874057,0.0,0.050595377,0.61998963,0.0
154,1.9780586,0.8831414,0.72777605,0.6312767,2.2161837,1.9780586,0.0,0.049070537,0.6013044,0.0
155,1.116553,0.7904263,0.70580155,0.59910506,2.2161837,1.116553,0.0,0.042075235,0.5155848,0.0
156,0.0,0.6549613,0.69264096,0.5952426,2.2161837,0.0,0.0,0.041360945,0.506832,0.0
157,0.040798124,0.67465377,0.7517058,0.5516883,2.2161837,0.040798124,0.0,0.037026275,0.4537155,0.0
158,0.5171293,0.72591645,0.76801986,0.5669126,5.1068583,0.5171293,0.0,0.041512623,0.50869066,0.0
159,1.5012429,0.83182657,0.8313435,0.58365226,16566.244,1.5012429,0.0,0.038522806,0.4720538,0.0
160,1.2106545,0.8005535,0.9039915,0.5758302,16566.244,1.2106545,0.0,0.03537792,0.43351674,0.0
161,0.0,0.6572919,0.765376,0.7048486,16566.244,0.0,0.0,0.045780938,0.5609941,0.0
162,0.16867694,0.68841606,0.8230667,0.65733725,16566.244,0.16867694,0.0,0.03872836,0.47457263,0.0
163,1.7407728,0.85760474,0.84542423,0.5825622,16566.244,1.7407728,0.0,0.040363114,0.4946047,0.0
164,0.80478835,0.75687426,0.7596322,0.65000707,16566.244,0.80478835,0.0,0.036922667,0.4524459,0.0
165,1.1013106,0.78878593,0.7549441,0.5910752,16566.244,1.1013106,0.0,0.030263558,0.37084597,0.0
166,0.9057254,0.7677371,0.7287162,0.571693,16566.244,0.9057254,0.0,0.02986261,0.36593282,0.0
167,0.7909506,0.75538504,0.72488457,0.5896708,16566.244,0.7909506,0.0,0.03427805,0.4200391,0.0
168,1.8746912,0.872017,0.92861,0.6649715,16566.244,1.8746912,0.0,0.041407976,0.5074083,0.0
169,1.2724441,0.8072033,0.75365674,0.6780947,16566.244,1.2724441,0.0,0.046073996,0.56458515,0.0
170,1.3208036,0.81240773,0.7850534,0.62391585,16566.244,1.3208036,0.0,0.041500773,0.50854546,0.0
171,0.74274725,0.7501974,0.70323145,0.43207434,16566.244,0.74274725,0.0,0.0450864,0.55248326,0.0
172,1.4265758,0.8237909,0.74227655,0.62747467,16566.244,1.4265758,0.0,0.030033782,0.36803034,0.0
173,3.439395,1.0404102,0.93835455,0.68831205,27610.412,3.439395,1.0110104,0.037548013,0.46010882,0.0
174,2.9446385,0.98716456,0.82846034,0.6318653,27610.412,2.9446385,1.0110104,0.028818661,0.35314038,0.0
175,2.0666327,0.89267373,0.8182081,0.6318653,27610.412,2.0666327,1.0110104,0.03892731,0.47701052,0.0
176,1.7309405,0.8565466,0.7939752,0.6050458,27610.412,1.7309405,1.0110104,0.066393144,0.81357354,0.0
177,1.9044793,0.8752228,0.9010012,0.63621724,27610.412,1.9044793,1.0110104,0.04564538,0.55933297,0.0
178,2.5443075,0.944081,0.8978286,0.7585595,27610.412,2.5443075,1.0110104,0.033585913,0.4115577,0.0
179,3.1551442,1.0098191,0.9437379,0.8014774,27610.412,3.1551442,1.0110104,0.03794046,0.4649178,0.0
180,3.490629,1.045924,0.96186876,0.7255099,27610.412,3.490629,1.0110104,0.038156763,0.46756834,0.0
181,3.1252744,1.0066046,0.9634543,0.8107325,27610.412,3.1252744,1.0110104,0.0324597,0.3977572,0.0
182,2.0233448,0.8880151,1.0616369,0.70881146,27610.412,2.0233448,1.0110104,0.03214694,0.39392468,0.0
183,3.6291642,1.0608331,1.1702675,0.587318,27610.412,3.6291642,1.0110104,0.03543917,0.4342673,0.0
184,6.6290374,1.3836789,1.2971135,0.7207182,27610.412,6.6290374,1.0110104,0.04899801,0.60041565,0.0
185,6.409343,1.3600354,1.3088136,0.61753595,27610.412,6.409343,1.0110104,0.04083468,0.5003832,0.0
186,6.8844085,1.4111619,1.3369786,0.6920883,27610.412,6.8844085,1.0110104,0.048949573,0.59982216,0.0
187,4.928767,1.2006961,1.3542387,0.786338,27610.412,4.928767,1.0110104,0.05123563,0.6278352,0.0
188,4.5987654,1.1651814,1.4983263,0.70541894,27610.412,4.5987654,1.0110104,0.060810693,0.74516684,0.0
189,3.985274,1.0991576,1.4823148,0.75201696,24849.367,3.985274,0.7520142,0.05309341,0.65060025,0.0
190,2.8226798,0.9740394,1.4523708,0.7805299,24849.367,2.8226798,0.7520142,0.061899703,0.7585115,0.0
191,2.979631,0.99093044,1.4162554,0.80176497,24849.367,2.979631,0.7520142,0.050593477,0.6199663,0.0
192,2.7766266,0.96908313,1.4136826,0.8445524,24297.16,2.7766266,0.70021516,0.046484865,0.5696199,0.0
193,5.65717,1.2790867,1.4714613,0.5555152,24297.16,5.65717,0.70021516,0.043349426,0.5311986,0.0
194,3.1372728,1.0078958,1.4016781,0.7259017,24297.16,3.1372728,0.70021516,0.048751954,0.59740055,0.0
195,3.5635405,1.0537707,1.3230746,0.76381135,7.4193997,3.5635405,0.0,0.050389998,0.61747295,0.0
196,5.344987,1.2454896,1.2437652,0.62600285,3.2760966,5.344987,0.0,0.06039571,0.7400817,0.0
197,4.73646,1.1800001,1.2980384,0.49943584,3.2760966,4.73646,0.0,0.035728086,0.43780765,0.0
198,4.07796,1.1091324,1.0378577,0.40299255,3.2760966,4.07796,0.0,0.04432392,0.54313993,0.0
199,2.2037673,0.90743214,0.9926932,0.5630052,0.67449075,2.2037673,0.0,0.03321781,0.40704703,0.0
200,1.4501158,0.8263243,0.7672336,0.52875024,0.67449075,1.4501158,0.0,0.03655528,0.44794396,0.0
201,1.1771059,0.796943,0.78464174,0.64335483,0.67449075,1.1771059,0.0,0.037606012,0.4608195,0.0
202,1.6465505,0.84746456,0.7166374,0.5521817,2.2161837,1.6465505,0.0,0.042176396,0.5168244,0.0
203,1.4205804,0.8231457,0.714437,0.543642,2.2161837,1.4205804,0.0,0.03826203,0.46885827,0.0
204,0.0,0.6644951,0.7159884,0.3870696,0.67449075,0.0,0.0,0.03364671,0.4123027,0.0
205,1.674317,0.8504528,0.7576408,0.75376004,2.2161837,1.674317,0.0,0.034351062,0.42093375,0.0
206,0.0,0.5856392,0.6283594,0.73572034,2.2161837,0.0,0.0,0.041830294,0.5125834,0.0
207,1.2295682,0.802589,0.67297804,0.7025936,2.2161837,1.2295682,0.0,0.032187667,0.39442378,0.0
208,1.189152,0.7982394,0.8342225,0.72252613,2.2161837,1.189152,0.0,0.033773776,0.41385975,0.0
209,1.1710823,0.79629475,0.64747757,0.6493945,5.1068583,1.1710823,0.0,0.03327054,0.40769318,0.0
210,1.9244896,0.8773763,0.7634382,0.71271,16566.244,1.9244896,0.0,0.052992456,0.64936316,0.0
211,1.5052494,0.83225775,0.7710632,0.5909737,16566.244,1.5052494,0.0,0.052431207,0.6424857,0.0
212,2.0792959,0.89403653,0.8422785,0.8505254,16566.244,2.0792959,0.0,0.045363653,0.5558807,0.0
213,1.783997,0.8622565,0.9409727,0.80050296,16566.244,1.783997,0.0,0.046187308,0.5659737,0.0
214,2.9013236,0.982503,0.7980373,0.7957022,16566.244,2.9013236,0.0,0.03925937,0.48107958,0.0
215,2.7587733,0.9671618,1.0043913,0.59049845,16566.244,2.7587733,0.0,0.049907494,0.6115604,0.0
216,1.7127146,0.8545851,0.7145281,0.6529646,16566.244,1.7127146,0.0,0.04370718,0.5355825,0.0
217,1.6151177,0.84408176,0.72387916,0.68951106,16566.244,1.6151177,0.0,0.030539548,0.3742279,0.0
218,1.4133892,0.8223718,0.80257094,0.68119466,16566.244,1.4133892,0.0,0.031755276,0.38912532,0.0
219,1.0585649,0.78418565,0.76862186,0.64973634,16566.244,1.0585649,0.0,0.031977143,0.39184403,0.0
220,1.2136408,0.8008749,0.8169577,0.6805063,16566.244,1.2136408,0.0,0.046616927,0.57123816,0.0
221,1.4517884,0.8265043,1.0801696,0.6573648,28714.828,1.4517884,1.1146086,0.04353116,0.53342557,0.0
222,1.9313972,0.8781197,1.3622966,0.5784267,28714.828,1.9313972,1.1146086,0.03294545,0.40370956,0.0
223,2.2686226,0.91441184,1.1285416,0.6946856,28714.828,2.2686226,1.1146086,0.029917574,0.36660632,0.0
224,3.5747857,1.0549809,1.4003551,0.57542264,28714.828,3.5747857,1.1146086,0.028495124,0.34917578,0.0
225,3.0145752,0.99469113,1.403818,0.57542264,28714.828,3.0145752,1.1146086,0.029675316,0.36363772,0.0
226,2.0192811,0.8875778,1.3811493,0.6479391,28714.828,2.0192811,1.1146086,0.029288031,0.358892,0.0
227,1.1480695,0.7938181,1.3808334,0.6282414,28714.828,1.1480695,1.1146086,0.03370739,0.4130463,0.0
228,3.0788324,1.0016065,1.4040445,0.6226712,28714.828,3.0788324,1.1146086,0.036389977,0.44591838,0.0
229,5.3490453,1.2459264,1.3406256,0.75397027,28714.828,5.3490453,1.1146086,0.04553081,0.55792904,0.0
230,2.3212628,0.92007697,0.9825221,0.6378507,28714.828,2.3212628,1.1146086,0.05087096,0.6233666,0.0
231,3.1744347,1.0118952,1.3455302,0.7227135,28714.828,3.1744347,1.1146086,0.049056765,0.6011357,0.0
232,1.8721658,0.8717452,0.83362085,0.5120818,28714.828,1.8721658,1.1146086,0.04344816,0.53240854,0.0
233,1.9525608,0.8803973,0.94070566,0.7954356,28714.828,1.9525608,1.1146086,0.07184337,0.88035995,0.0
234,3.2131705,1.0160639,0.9894561,0.8308686,28714.828,3.2131705,1.1146086,0.08114719,0.9943678,0.0
235,3.9013677,1.0901276,1.2795354,0.7184792,28714.828,3.9013677,1.1146086,0.06406637,0.7850616,0.0
236,0.89945316,0.76706207,1.146346,0.7605367,28714.828,0.89945316,1.1146086,0.075744785,0.9281674,0.0
237,0.56017214,0.5386071,1.0065017,0.77588445,24297.16,0.0,0.70021516,0.059131186,0.72458637,0.0
238,0.7198026,0.7477281,1.0077381,0.71147573,24297.16,0.7198026,0.70021516,0.05200617,0.6372773,0.0
239,2.1827762,0.90517306,1.1901423,0.6788012,24297.16,2.1827762,0.70021516,0.03427505,0.4200023,0.0
240,6.430678,1.3623315,1.3007872,0.5524159,24297.16,6.430678,0.70021516,0.054560255,0.66857475,0.0
241,0.7334576,0.74919766,1.1713936,0.69610465,24297.16,0.7334576,0.70021516,0.0613352,0.75159407,0.0
242,0.56017214,0.6247826,0.7206107,0.5274635,24297.16,0.0,0.70021516,0.040972583,0.50207305,0.0
243,0.518733,0.6819969,0.7511555,0.41081628,23744.955,0.109030105,0.6484163,0.041175522,0.5045599,0.0
244,0.62909615,0.7379663,0.8614782,0.65210783,23744.955,0.62909615,0.6484163,0.036995623,0.45333987,0.0
245,0.8374441,0.7603887,0.9320594,0.5198701,23192.75,0.8374441,0.5966174,0.044884246,0.5500061,0.0
246,2.1241894,0.89886796,0.9018021,0.6665549,23192.75,2.1241894,0.5966174,0.04029934,0.49382323,0.0
247,1.9380816,0.8788391,0.91280574,0.7620834,23192.75,1.9380816,0.5966174,0.06508853,0.797587,0.0
248,3.287988,1.0123158,1.0062087,0.81402415,16566.244,3.1783426,0.0,0.08965035,1.0985645,1.0
249,1.8093055,0.8649802,0.8187373,0.31415555,16566.244,1.8093055,0.0,0.043616515,0.5344715,0.0
250,1.7987975,0.86384934,0.8331953,0.51265275,16566.244,1.7987975,0.0,0.045884162,0.56225896,0.0
251,1.7000802,0.8532254,0.83489996,0.60834825,16566.244,1.7000802,0.0,0.046658244,0.57174444,0.0
252,0.63509595,0.738612,0.7951235,0.5397679,16566.244,0.63509595,0.0,0.05751414,0.7047713,0.0
253,1.5725248,0.8394979,0.8315942,0.56747097,16566.244,1.5725248,0.0,0.053617943,0.6570278,0.0
254,2.1927636,0.9062479,0.7786579,0.6408079,16566.244,2.1927636,0.0,0.04951806,0.60678834,0.0
255,2.8305843,0.97489005,0.8586034,0.63882256,16566.244,2.8305843,0.0,0.04202581,0.5149792,0.0
256,2.0272632,0.8884368,0.92454123,0.56069124,16566.244,2.0272632,0.0,0.042869564,0.52531844,0.0
257,3.0353854,0.9969307,0.80740666,0.6693724,16566.244,3.0353854,0.0,0.047016706,0.576137,0.0
258,3.145144,1.0087429,0.7778686,0.6377457,16566.244,3.145144,0.0,0.052470382,0.64296573,0.0
259,2.9981139,0.99291956,0.85894763,0.7891144,16566.244,2.9981139,0.0,0.057627976,0.70616627,0.0
260,2.7740643,0.9688074,0.95991415,0.5253366,16566.244,2.7740643,0.0,0.045556683,0.5582461,0.0
261,1.8532885,0.86971366,0.6342193,0.74369645,16566.244,1.8532885,0.0,0.06034093,0.73941046,0.0
262,1.7422322,0.8577618,0.8998466,0.519491,16566.244,1.7422322,0.0,0.07885598,0.9662916,0.0
263,2.1868963,0.90561646,0.86908007,0.50368655,16566.244,2.1868963,0.0,0.048593033,0.59545314,0.0
264,1.1639804,0.79553044,0.87087893,0.28870633,16566.244,1.1639804,0.0,0.06530543,0.8002448,0.0
265,1.1378593,0.7927193,0.7547575,0.6262238,16566.244,1.1378593,0.0,0.065574616,0.8035434,0.0
266,1.2907349,0.80917174,0.79192966,0.53485185,16566.244,1.2907349,0.0,0.061966766,0.75933325,0.0
267,1.1044171,0.78912026,0.7818513,0.35306773,16566.244,1.1044171,0.0,0.06075906,0.74453413,0.0
268,1.5891529,0.84128743,0.78510875,0.68604296,16566.244,1.5891529,0.0,0.07500146,0.91905886,0.0
269,0.6759486,0.74300855,0.819424,0.6854669,16566.244,0.6759486,0.0,0.07754226,0.95019346,0.0
270,1.5989637,0.8423433,0.70069164,0.6542633,16566.244,1.5989637,0.0,0.07016961,0.85984993,0.0
271,1.3694953,0.8107129,0.6301626,0.57789385,16566.244,1.305055,0.0,0.09311977,1.1410784,1.0
272,1.4954141,0.8311993,0.7500277,0.4963307,16566.244,1.4954141,0.0,0.06899161,0.8454148,0.0
273,1.5591007,0.8380532,0.6921522,0.6836179,16566.244,1.5591007,0.0,0.07210084,0.88351494,0.0
274,1.89976,0.8747149,1.0123866,0.75449365,16566.244,1.89976,0.0,0.080942266,0.9918567,0.0
275,1.9066187,0.87545305,1.0422934,0.78874606,16566.244,1.9066187,0.0,0.07780903,0.9534624,0.0
276,2.2214355,0.9093336,0.8852193,0.7039064,16566.244,2.2214355,0.0,0.069304764,0.84925216,0.0
277,2.014131,0.8870235,0.7704087,0.7715386,16566.244,2.014131,0.0,0.07409838,0.90799254,0.0
278,2.701183,0.94408774,0.7922679,0.779313,16566.244,2.5443702,0.0,0.095976904,1.1760894,1.0
279,2.0044587,0.8859826,0.8530652,0.37239364,16566.244,2.0044587,0.0,0.07091567,0.86899203,0.0
280,1.5748216,0.8397451,0.8194019,0.6411785,16566.244,1.5748216,0.0,0.065881416,0.8073029,0.0
281,4.3116035,1.1342771,1.1403636,0.46998,16566.244,4.3116035,0.0,0.04823317,0.5910434,0.0
282,5.4776945,1.2597716,1.1853079,0.6238743,16566.244,5.4776945,0.0,0.042818934,0.524698,0.0
283,4.273468,1.130173,1.1463097,0.5371588,16566.244,4.273468,0.0,0.05802941,0.7110854,0.0
284,2.3617887,0.92443836,0.8206443,0.7259596,16566.244,2.3617887,0.0,0.056604277,0.69362193,0.0
285,1.114985,0.7902576,1.0233507,0.74960667,16566.244,1.114985,0.0,0.053623613,0.6570973,0.0
286,3.5788088,1.0554138,1.1744636,0.5146402,16566.244,3.5788088,0.0,0.052156974,0.6391252,0.0
287,5.5700316,1.2697089,1.2561799,0.54779303,16566.244,5.5700316,0.0,0.05281299,0.647164,0.0
288,5.5540166,1.2679853,1.258474,0.5029682,16566.244,5.5540166,0.0,0.039194092,0.48027965,0.0
289,4.6593604,1.1717026,1.2254785,0.51099986,16566.244,4.6593604,0.0,0.0515617,0.6318308,0.0
290,3.4632778,1.0429804,0.9592781,0.7002504,16566.244,3.4632778,0.0,0.046823047,0.57376397,0.0
291,4.1210537,1.1137701,1.17594,0.7102186,16566.244,4.1210537,0.0,0.04325778,0.5300756,0.0
292,1.5264505,0.8345394,0.8232126,0.7573435,16566.244,1.5264505,0.0,0.053201,0.65191865,0.0
293,0.9786961,0.7755902,0.65948164,0.6497106,16566.244,0.9786961,0.0,0.058022212,0.71099716,0.0
294,1.6526983,0.8481262,0.79162973,0.8392933,16566.244,1.6526983,0.0,0.07107574,0.8709535,0.0
295,1.9727583,0.882571,0.9330572,0.69627863,16566.244,1.9727583,0.0,0.058009706,0.7108439,0.0
296,0.2993942,0.70248383,0.6935668,0.7178888,16566.244,0.2993942,0.0,0.052931707,0.64861876,0.0
297,0.41888282,0.7153432,0.6749618,0.7642895,16566.244,0.41888282,0.0,0.063962415,0.78378767,0.0
298,0.5727912,0.7319068,0.7435598,0.63796514,16566.244,0.5727912,0.0,0.060365662,0.7397135,0.0
299,0.27376837,0.699726,0.74957263,0.65697384,16566.244,0.27376837,0.0,0.064677805,0.79255396,0.0
300,1.8579447,0.87021476,0.95528615,0.6704041,16566.244,1.8579447,0.0,0.049487755,0.60641694,0.0
301,3.3007765,1.0254921,1.0674354,0.7915469,16566.244,3.3007765,0.0,0.05304769,0.65004,0.0
302,3.3290935,1.0285395,1.0008183,0.77222127,16566.244,3.3290935,0.0,0.058543075,0.71737975,0.0
303,3.3679733,1.0327238,1.0118862,0.77222127,16566.244,3.3679733,0.0,0.07055543,0.8645777,0.0
304,3.4758668,1.0443352,1.0298749,0.7695156,16566.244,3.4758668,0.0,0.057864577,0.7090655,0.0
305,3.8542278,1.0850544,1.0595251,0.7076723,16566.244,3.8542278,0.0,0.05456997,0.66869384,0.0
306,4.1058407,1.1121329,1.0967252,0.7645244,16566.244,4.1058407,0.0,0.05926259,0.7261966,0.0
307,4.69265,1.1752852,1.1208266,0.7076723,16566.244,4.69265,0.0,0.061870698,0.75815606,0.0
308,4.056229,1.1067938,1.1530814,0.6509051,16566.244,4.056229,0.0,0.065436326,0.8018488,0.0
309,4.0770936,1.1090392,1.0163618,0.5450537,16566.244,4.0770936,0.0,0.07837128,0.9603522,0.0
310,3.126751,1.0067635,1.1303103,0.650905,16566.244,3.126751,0.0,0.06542633,0.8017263,0.0
311,3.3668149,1.0325991,1.0413356,0.55164725,16566.244,3.3668149,0.0,0.0562432,0.68919736,0.0
312,3.7954705,1.078731,1.1032841,0.8011574,16566.244,3.7954705,0.0,0.060918275,0.7464852,0.0
313,3.5370388,1.0509186,1.0190345,0.69327104,16566.244,3.5370388,0.0,0.056146797,0.68801606,0.0
314,3.9670093,1.0971919,1.1077485,0.5325276,16566.244,3.9670093,0.0,0.048435446,0.5935221,0.0
315,3.7630517,1.075242,1.0312021,0.55164725,28714.828,3.7630517,1.1146086,0.045893736,0.56237626,0.0
316,3.6358116,1.0615485,1.0310938,0.5569006,28714.828,3.6358116,1.1146086,0.053240076,0.65239745,0.0
317,3.3306553,1.0287076,0.9856377,0.5359717,28714.828,3.3306553,1.1146086,0.053314347,0.65330756,0.0
318,1.686963,0.85181373,0.9204966,0.5359717,28714.828,1.686963,1.1146086,0.05185672,0.63544595,0.0
319,1.3179181,0.8120972,0.91185075,0.6176091,28714.828,1.3179181,1.1146086,0.05357329,0.6564806,0.0
320,1.1812437,0.7973883,1.0892464,0.61486757,28714.828,1.1812437,1.1146086,0.0490332,0.6008469,0.0
321,1.0113407,0.7791034,1.1692991,0.5904831,28714.828,1.0113407,1.1146086,0.050946545,0.6242928,0.0
322,0.8916869,0.7575163,1.1061944,0.56535405,28714.828,0.81075436,1.1146086,0.047477238,0.5817803,0.0
323,0.8916869,0.69922614,1.148071,0.5904831,28714.828,0.26912382,1.1146086,0.048985112,0.60025764,0.0
324,0.8916869,0.6461255,1.063203,0.671488,28714.828,0.0,1.1146086,0.05251716,0.64353895,0.0
325,0.8916869,0.638457,0.6537165,0.43070847,28714.828,0.0,1.1146086,0.04499143,0.55131954,0.0
326,0.8916869,0.6990797,0.9670455,0.56525797,28714.828,0.26776305,1.1146086,0.04889365,0.5991368,0.0
327,1.5999562,0.8424501,1.2923087,0.79934376,28714.828,1.5999562,1.1146086,0.04646646,0.56939435,0.0
328,3.031132,0.99647295,1.2421491,0.7936161,28714.828,3.031132,1.1146086,0.03895896,0.47739837,0.0
329,1.9936776,0.8848223,1.0787812,0.6840652,28714.828,1.9936776,1.1146086,0.039676942,0.48619643,0.0
330,1.5144155,0.8332442,1.4001869,0.71035004,28714.828,1.5144155,1.1146086,0.037940603,0.46491954,0.0
331,0.6016114,0.6047948,0.8085162,0.64701986,24849.367,0.0,0.7520142,0.031080194,0.38085294,0.0
332,0.6016114,0.6249757,0.92144096,0.691916,24849.367,0.0,0.7520142,0.030214978,0.37025067,0.0
333,0.6016114,0.675991,0.7437665,0.63318574,24849.367,0.053223625,0.7520142,0.027604263,0.3382593,0.0
334,0.8026998,0.7566495,0.7474539,0.6992785,24849.367,0.8026998,0.7520142,0.0385145,0.471952,0.0
335,1.0169629,0.77970845,0.8048347,0.73825204,24849.367,1.0169629,0.7520142,0.03721145,0.45598462,0.0
336,2.238886,0.90948874,1.132467,0.75454336,24849.367,2.2228773,0.7520142,0.08328601,1.0205767,1.0
337,4.4433975,1.1484607,1.1572957,0.76805204,23744.955,4.4433975,0.6484163,0.05851723,0.717063,0.0
338,1.550977,0.83717895,0.94067246,0.46980983,23192.75,1.550977,0.5966174,0.032816153,0.40212515,0.0
339,1.5189786,0.8337353,0.9137924,0.42425665,23192.75,1.5189786,0.5966174,0.030947499,0.3792269,0.0
340,1.2446755,0.80421484,0.85632133,0.47763994,23192.75,1.2446755,0.5966174,0.03856168,0.47253016,0.0
341,1.785617,0.8624309,0.8124238,0.41685128,23192.75,1.785617,0.5966174,0.033358015,0.40876508,0.0
342,0.78808445,0.7550766,0.73278075,0.5013318,16566.244,0.78808445,0.0,0.061379954,0.75214255,0.0
343,0.96713346,0.7743458,0.71367234,0.49546927,16566.244,0.96713346,0.0,0.062131435,0.76135105,0.0
344,1.1175947,0.79053843,0.72350115,0.421726,16566.244,1.1175947,0.0,0.033045325,0.40493342,0.0
345,1.5083303,0.8325893,0.78237075,0.4904972,16566.244,1.5083303,0.0,0.047373477,0.5805088,0.0
346,1.1724541,0.7964424,0.7799734,0.4330795,16566.244,1.1724541,0.0,0.029475015,0.36118326,0.0
347,1.953495,0.8804979,0.75481254,0.44567797,16566.244,1.953495,0.0,0.04508581,0.55247605,0.0
348,0.87525237,0.7644576,0.7778886,0.47865498,16566.244,0.87525237,0.0,0.049131013,0.6020455,0.0
349,1.8125123,0.86532533,0.82245374,0.43560803,16566.244,1.8125123,0.0,0.033783864,0.41398337,0.0
350,0.28653505,0.70109993,0.73693115,0.40675512,16566.244,0.28653505,0.0,0.03594388,0.44045195,0.0
351,1.7137419,0.8546957,0.82338685,0.3937945,16566.244,1.7137419,0.0,0.025975188,0.31829682,0.0
352,1.7956632,0.86351204,0.7662788,0.47633818,16566.244,1.7956632,0.0,0.040209968,0.49272808,0.0
353,0.832711,0.7598793,0.73451304,0.4112805,16566.244,0.832711,0.0,0.039997563,0.4901253,0.0
354,0.0,0.6262355,0.76434654,0.4272159,16566.244,0.0,0.0,0.031278525,0.38328326,0.0
355,0.0,0.63885766,0.8299413,0.42150944,16566.244,0.0,0.0,0.041284446,0.5058946,0.0
356,1.2635876,0.80625015,0.82275367,0.50078094,16566.244,1.2635876,0.0,0.045242812,0.55439997,0.0
357,1.5723515,0.83947927,0.91641134,0.58121747,16566.244,1.5723515,0.0,0.03637889,0.4457825,0.0
358,1.2073486,0.8001977,0.87228495,0.54314536,16566.244,1.2073486,0.0,0.03565165,0.436871,0.0
359,1.9011861,0.8748684,0.9714799,0.6760914,16566.244,1.9011861,0.0,0.03921386,0.4805219,0.0
360,1.2411879,0.8038395,0.85457003,0.6154054,16566.244,1.2411879,0.0,0.032628763,0.3998289,0.0
361,2.1328022,0.8997949,0.87613916,0.5930544,16566.244,2.1328022,0.0,0.038395807,0.47049758,0.0
362,1.7922843,0.8631484,0.907863,0.5369273,28162.62,1.7922843,1.0628095,0.04142847,0.50765944,0.0
363,2.5335286,0.942921,1.0125666,0.51484805,28162.62,2.5335286,1.0628095,0.035215445,0.4315258,0.0
364,2.7176826,0.9627396,0.97682565,0.4817812,28162.62,2.7176826,1.0628095,0.038980506,0.4776624,0.0
365,3.2991872,1.025321,1.1018368,0.5915554,28162.62,3.2991872,1.0628095,0.032850906,0.40255103,0.0
366,1.9238915,0.87731194,1.0912942,0.45231566,28162.62,1.9238915,1.0628095,0.036710665,0.44984803,0.0
367,1.4549803,0.8268478,1.0941367,0.47593468,28162.62,1.4549803,1.0628095,0.034442496,0.42205417,0.0
368,2.708225,0.9617218,1.0801638,0.7624651,28162.62,2.708225,1.0628095,0.049802482,0.6102736,0.0
369,1.3903521,0.8198925,0.9329882,0.72505087,28162.62,1.3903521,1.0628095,0.04694281,0.57523155,0.0
370,1.3565798,0.81625795,1.0248952,0.73601115,28162.62,1.3565798,1.0628095,0.065311566,0.80032,0.0
371,6.756999,1.3974501,1.2733073,0.86609536,28162.62,6.756999,1.0628095,0.042452786,0.5202113,0.0
372,3.6442997,1.062462,1.0374508,0.5904321,28162.62,3.6442997,1.0628095,0.033711527,0.41309696,0.0
373,4.993866,1.207702,1.3826877,0.7741291,28162.62,4.993866,1.0628095,0.052832775,0.6474064,0.0
374,7.0195556,1.4257064,1.4944472,0.7391003,28162.62,7.0195556,1.0628095,0.062214836,0.7623731,0.0
375,1.5923957,0.8416364,0.9810688,0.76871145,28162.62,1.5923957,1.0628095,0.03853353,0.47218522,0.0
376,2.0001447,0.8855183,1.0761884,0.7699358,28162.62,2.0001447,1.0628095,0.035282407,0.43234634,0.0
377,2.3965585,0.9281803,1.3219169,0.8106454,28162.62,2.3965585,1.0628095,0.03761431,0.46092117,0.0
378,3.6557212,1.0636911,1.2248796,0.7518571,24297.16,3.6557212,0.70021516,0.038704094,0.47427526,0.0
379,4.930538,1.2008867,1.4192586,0.7928802,24297.16,4.930538,0.70021516,0.044411864,0.5442176,0.0
380,6.007831,1.3168248,1.7035277,0.7027675,24297.16,6.007831,0.70021516,0.033299644,0.4080498,0.0
381,6.2466044,1.3425215,1.7261732,0.69872814,24297.16,6.2466044,0.70021516,0.038491182,0.47166628,0.0
382,5.3393607,1.2448841,1.7249078,0.7965302,23744.955,5.3393607,0.6484163,0.036824692,0.4512453,0.0
383,4.6429677,1.1699384,1.4173982,0.7865433,7.6121106,4.6429677,0.0,0.03318902,0.40669423,0.0
384,4.8505597,1.1922795,1.5706178,0.8294101,3.46881,4.8505597,0.0,0.038414944,0.47073206,0.0
385,3.6403143,1.062033,1.4399294,0.54611975,0.89932126,3.6403143,0.0,0.04562003,0.55902237,0.0
386,4.88035,1.1954855,1.3170723,0.7558795,0.8618488,4.88035,0.0,0.047712117,0.5846585,0.0
387,4.517142,1.1563971,1.225472,0.537369,0.88910145,4.517142,0.0,0.04480335,0.54901487,0.0
388,4.1522737,1.11713,1.2194196,0.6193449,0.88910145,4.1522737,0.0,0.04171463,0.51116604,0.0
389,3.6386604,1.0618551,1.1725769,0.4573472,0.88910145,3.6386604,0.0,0.04418757,0.54146916,0.0
390,3.1384735,1.008025,1.0993314,0.50576204,1.0294861,3.1384735,0.0,0.04180133,0.5122284,0.0
391,3.0101511,0.994215,1.0755969,0.5091991,1.0294861,3.0101511,0.0,0.042034127,0.5150811,0.0
392,3.5829337,1.0558578,1.0872151,0.50335884,1.0294861,3.5829337,0.0,0.029587386,0.36256024,0.0
393,2.5734687,0.9472193,0.95232403,0.55432093,1.2619507,2.5734687,0.0,0.04016551,0.4921833,0.0
394,3.0793695,1.0016643,0.9178991,0.49584344,1.2619507,3.0793695,0.0,0.03398776,0.4164819,0.0
395,1.9519011,0.88032633,0.8196327,0.4333918,1.3040155,1.9519011,0.0,0.035729114,0.43782023,0.0
396,1.5103232,0.8328038,0.8085048,0.56659144,1.2619507,1.5103232,0.0,0.034724087,0.42550474,0.0
397,0.89227307,0.76628935,0.75427544,0.43895692,1.0294861,0.89227307,0.0,0.03808358,0.46667156,0.0
398,0.72140765,0.74790084,0.79680413,0.41373324,0.67449075,0.72140765,0.0,0.035958167,0.44062704,0.0
399,2.1242437,0.8988738,0.8881984,0.71798646,5.1068583,2.1242437,0.0,0.033231433,0.40721396,0.0
400,2.414478,0.9301088,0.88175076,0.68320686,5.1068583,2.414478,0.0,0.035806067,0.4387632,0.0
401,2.1990116,0.9069203,0.8754805,0.57235974,16566.244,2.1990116,0.0,0.039073106,0.4787971,0.0
402,2.0517066,0.8910674,0.9144957,0.499428,16566.244,2.0517066,0.0,0.047405034,0.58089554,0.0
403,0.0417308,0.67475414,0.87354994,0.57771224,16566.244,0.0417308,0.0,0.0523716,0.6417552,0.0
404,1.1148632,0.79024446,0.8090134,0.5311879,16566.244,1.1148632,0.0,0.04874414,0.59730476,0.0
405,1.3369787,0.8141485,0.7735241,0.49157727,16566.244,1.3369787,0.0,0.032960586,0.40389502,0.0
406,1.6921104,0.8523677,0.842797,0.6177758,16566.244,1.6921104,0.0,0.028245272,0.34611413,0.0
407,2.2786422,0.91549015,0.89224416,0.56284374,16566.244,2.2786422,0.0,0.03983807,0.48817086,0.0
408,2.39195,0.9276843,0.86329484,0.75712836,16566.244,2.39195,0.0,0.03590966,0.44003263,0.0
409,1.2320113,0.8028519,0.82003695,0.56892484,16566.244,1.2320113,0.0,0.043470953,0.5326878,0.0
410,2.738433,0.96497273,0.9138901,0.69597644,16566.244,2.738433,0.0,0.038672276,0.4738854,0.0
411,3.6110969,1.0588887,0.9365998,0.69907546,16566.244,3.6110969,0.0,0.059620038,0.7305767,0.0
412,2.162021,0.9029394,0.9222039,0.7105997,28714.828,2.162021,1.1146086,0.047568884,0.5829033,0.0
413,2.5676653,0.9465948,1.0523725,0.644669,28714.828,2.5676653,1.1146086,0.06373768,0.7810339,0.0
414,3.1688652,1.0112958,1.1842089,0.66424805,28714.828,3.1688652,1.1146086,0.06923574,0.8484064,0.0
415,2.3303902,0.92105925,1.0856943,0.644669,28714.828,2.3303902,1.1146086,0.067202166,0.8234872,0.0
416,3.2374976,1.018682,1.121367,0.644669,28714.828,3.2374976,1.1146086,0.06686364,0.819339,0.0
417,2.3634386,0.9246159,1.170711,0.6642481,28714.828,2.3634386,1.1146086,0.06118416,0.7497433,0.0
418,1.6133764,0.84389436,1.1612424,0.68617463,28714.828,1.6133764,1.1146086,0.07480362,0.9166345,0.0
419,1.6825274,0.8474329,0.9986325,0.6943102,28714.828,1.6462564,1.1146086,0.08674394,1.0629498,1.0
420,2.4559815,0.9257759,0.93930954,0.70903945,28714.828,2.374217,1.1146086,0.08963657,1.0983957,1.0
421,4.4500647,1.1138024,1.1614922,0.7379383,28714.828,4.1213536,1.1146086,0.10020338,1.2278801,1.0
422,3.309632,0.9985815,1.0651228,0.7442093,28714.828,3.0507247,1.1146086,0.101394705,1.2424785,1.0
423,6.8265853,1.3448426,1.307042,0.7379383,28714.828,6.2681713,1.1146086,0.1023786,1.254535,1.0
424,1.647045,0.80507094,1.2495247,0.78560174,28714.828,1.2526304,1.1146086,0.15502244,1.8996263,1.0
425,0.8916869,0.55055505,1.2010578,0.6352015,28714.828,0.0,1.1146086,0.040593382,0.4974264,0.0
426,0.8916869,0.5600914,1.2086153,0.62800145,28714.828,0.0,1.1146086,0.03299939,0.40437052,0.0
427,0.8916869,0.55964124,1.300727,0.56717443,28714.828,0.0,1.1146086,0.031088354,0.38095292,0.0
428,1.070112,0.78542835,1.3340265,0.5671745,27058.193,1.070112,0.9592102,0.03315933,0.4063304,0.0
429,0.98925406,0.7767264,1.3764037,0.6814616,27058.193,0.98925406,0.9592102,0.044209633,0.54173946,0.0
430,0.97246367,0.77491945,1.4700947,0.71958876,27058.193,0.97246367,0.9592102,0.03249988,0.3982496,0.0
431,0.56017214,0.603769,1.2995723,0.8630309,24297.16,0.0,0.70021516,0.0485625,0.595079,0.0
432,0.56017214,0.64086413,1.1964842,0.89726824,24297.16,0.0,0.70021516,0.040199913,0.49260485,0.0
433,4.323415,1.1355482,1.1858938,0.68364763,23744.955,4.323415,0.6484163,0.046402093,0.5686056,0.0
434,3.3954086,1.0356764,1.0505867,0.66880393,23744.955,3.3954086,0.6484163,0.04335769,0.5312999,0.0
435,0.34402633,0.70728713,0.8889461,0.5832257,7.6121106,0.34402633,0.0,0.05613142,0.6878276,0.0
436,0.22624353,0.6946114,0.96130586,0.5745194,3.46881,0.22624353,0.0,0.05398536,0.6615301,0.0
437,1.0113053,0.7790996,0.8252248,0.4803359,0.93679285,1.0113053,0.0,0.049628407,0.60814047,0.0
438,0.0,0.63020855,0.7535122,0.4573472,0.93679285,0.0,0.0,0.046424884,0.5688849,0.0
439,0.32077426,0.70478475,0.5943462,0.42551774,0.88910145,0.32077426,0.0,0.040542163,0.49679875,0.0
440,0.50164217,0.7242497,0.5961671,0.42281365,0.88910145,0.50164217,0.0,0.041993942,0.51458865,0.0
441,0.0,0.6319085,0.5894827,0.48753008,0.88910145,0.0,0.0,0.04175048,0.5116053,0.0
442,0.25026488,0.69719654,0.555652,0.5043146,0.67449075,0.25026488,0.0,0.04266949,0.5228668,0.0
443,0.9782037,0.7755372,0.7078917,0.5517327,2.2161837,0.9782037,0.0,0.044294644,0.54278123,0.0
444,0.92788696,0.7701221,0.58667713,0.5494008,5.1068583,0.92788696,0.0,0.036356796,0.44551176,0.0
445,0.6136777,0.73630697,0.6320859,0.6373676,16566.244,0.6136777,0.0,0.028597824,0.35043427,0.0
446,0.6402024,0.73916155,0.66148067,0.48895362,16566.244,0.6402024,0.0,0.027864631,0.34144983,0.0
447,1.4160782,0.82266116,0.645103,0.5262595,16566.244,1.4160782,0.0,0.027750062,0.3400459,0.0
448,0.6786896,0.74330354,0.67332524,0.4379756,16566.244,0.6786896,0.0,0.03275726,0.4014035,0.0
449,0.15461704,0.68690294,0.6685237,0.44694814,16566.244,0.15461704,0.0,0.040763505,0.49951106,0.0
450,1.0184671,0.77987033,0.6474079,0.6399402,16566.244,1.0184671,0.0,0.036353584,0.44547242,0.0
451,0.57599634,0.7322517,0.64966595,0.6262912,16566.244,0.57599634,0.0,0.04001105,0.49029055,0.0
452,0.6608281,0.7413813,0.70183736,0.44694814,16566.244,0.6608281,0.0,0.043941915,0.5384589,0.0
453,0.705895,0.7462314,0.73056954,0.5505377,16566.244,0.705895,0.0,0.038823847,0.47574273,0.0
454,0.59797955,0.73461753,0.6897006,0.77053183,16566.244,0.59797955,0.0,0.04024984,0.49321666,0.0
455,1.1206199,0.790864,0.7437987,0.6103857,16566.244,1.1206199,0.0,0.042252377,0.5177555,0.0
456,1.3270239,0.81307715,0.8107558,0.6123372,16566.244,1.3270239,0.0,0.03938367,0.48260272,0.0
457,0.4975902,0.72381365,0.65673,0.52447665,16566.244,0.4975902,0.0,0.043455653,0.5325003,0.0
458,0.2581411,0.6980442,0.6322637,0.49340367,16566.244,0.2581411,0.0,0.040921126,0.5014425,0.0
459,1.3552649,0.81611645,0.6007314,0.5873028,28162.62,1.3552649,1.0628095,0.052018408,0.6374273,0.0
460,1.7011895,0.8533448,0.72560793,0.62495226,28162.62,1.7011895,1.0628095,0.03969015,0.4863583,0.0
461,1.4012778,0.82106835,0.7756322,0.49555817,28162.62,1.4012778,1.0628095,0.04355203,0.5336813,0.0
462,0.85024756,0.76080245,0.81951,0.4704045,28162.62,0.8412889,1.0628095,0.039986555,0.48999038,0.0
463,1.4112707,0.8221438,0.8307482,0.5180457,28162.62,1.4112707,1.0628095,0.04583855,0.56170005,0.0
464,2.2858903,0.9162702,0.9328826,0.7248709,28162.62,2.2858903,1.0628095,0.03926221,0.48111436,0.0
465,1.7020652,0.85343903,1.0598265,0.66424805,28162.62,1.7020652,1.0628095,0.068510376,0.83951783,0.0
466,0.9846433,0.7762302,1.082741,0.6605638,28162.62,0.9846433,1.0628095,0.05801687,0.7109317,0.0
467,2.1120462,0.89756113,1.1056217,0.65573645,28162.62,2.1120462,1.0628095,0.07512517,0.9205748,0.0
468,2.3788552,0.9258729,1.0319515,0.66920507,28162.62,2.3751185,1.0628095,0.08197366,1.0044953,1.0
469,1.722435,0.85563123,1.0075326,0.6411715,28162.62,1.722435,1.0628095,0.073129475,0.8961197,0.0
470,5.808908,1.2281251,1.2276995,0.69775873,28162.62,5.183636,1.0628095,0.10973182,1.3446405,1.0
471,5.0107226,1.2095162,1.3686825,0.7321966,28162.62,5.0107226,1.0628095,0.056787476,0.6958668,0.0
472,0.85024756,0.6484032,0.88902193,0.8186241,28162.62,0.0,1.0628095,0.029465463,0.36106622,0.0
473,1.526964,0.83459467,1.2565215,0.7727026,28162.62,1.526964,1.0628095,0.035742942,0.43798968,0.0
474,0.85024756,0.6877089,0.9011348,0.77133405,28162.62,0.16210613,1.0628095,0.03893308,0.47708124,0.0
475,1.2464045,0.8044009,0.91782176,0.7688145,24297.16,1.2464045,0.70021516,0.037231132,0.45622578,0.0
476,2.5244677,0.94194585,1.2769787,0.6440402,24297.16,2.5244677,0.70021516,0.043114413,0.52831876,0.0
477,2.504326,0.9397782,1.5400078,0.7148753,24297.16,2.504326,0.70021516,0.04467832,0.5474827,0.0
478,1.2367084,0.8033574,1.3856353,0.73833996,24297.16,1.2367084,0.70021516,0.047480464,0.58181983,0.0
479,0.76985353,0.7531146,1.2489746,0.78187925,24297.16,0.76985353,0.70021516,0.043500274,0.5330471,0.0
480,2.6101906,0.95117134,0.9223507,0.67275244,24297.16,2.6101906,0.70021516,0.035685048,0.43728024,0.0
481,5.5313864,1.2655499,1.5068566,0.801764,23744.955,5.5313864,0.6484163,0.04939678,0.60530216,0.0
482,2.0655284,0.8925549,0.9076005,0.8169541,23744.955,2.0655284,0.6484163,0.046616204,0.57122934,0.0
483,1.4345328,0.82464725,0.8646354,0.5020126,7.226684,1.4345328,0.0,0.029038548,0.35583484,0.0
484,1.3392134,0.814389,0.89501846,0.53927726,3.2760966,1.3392134,0.0,0.04167398,0.5106679,0.0
485,1.6910015,0.8522484,0.9925526,0.7987696,3.2760966,1.6910015,0.0,0.045746148,0.56056774,0.0
486,2.1063805,0.8969514,0.8465582,0.49051335,2.2161837,2.1063805,0.0,0.04399683,0.5391318,0.0
487,1.6904112,0.85218483,0.7806516,0.42614987,2.2161837,1.6904112,0.0,0.038786404,0.4752839,0.0
488,0.6170307,0.7366678,0.6857632,0.5460448,2.2161837,0.6170307,0.0,0.03887327,0.47634834,0.0
489,1.3891298,0.819761,0.7038352,0.46344092,2.2161837,1.3891298,0.0,0.04067209,0.49839085,0.0
490,0.0,0.5747766,0.6201598,0.5205002,2.2161837,0.0,0.0,0.03559881,0.4362235,0.0
491,0.79756457,0.75609684,0.7036376,0.59576255,2.2161837,0.79756457,0.0,0.03097733,0.37959245,0.0
492,0.25121418,0.6972987,0.71634555,0.4394495,2.2161837,0.25121418,0.0,0.032094326,0.39327997,0.0
493,0.7823123,0.7544554,0.7194617,0.4416979,5.1068583,0.7823123,0.0,0.032961722,0.40390897,0.0
494,0.0,0.6091515,0.6224962,0.5894331,16566.244,0.0,0.0,0.03203501,0.39255315,0.0
495,0.0,0.63946927,0.6796033,0.44909146,16566.244,0.0,0.0,0.039558332,0.48474303,0.0
496,0.5927496,0.7340547,0.6633346,0.77312577,16566.244,0.5927496,0.0,0.03933739,0.4820356,0.0
497,1.6640283,0.8493455,0.80547637,0.7082094,16566.244,1.6640283,0.0,0.033642888,0.41225588,0.0
498,1.4035264,0.82131034,0.77372026,0.54769117,16566.244,1.4035264,0.0,0.041486233,0.5083673,0.0
499,0.9376645,0.7711744,0.66639966,0.5401781,16566.244,0.9376645,0.0,0.037973672,0.4653248,0.0
500,0.24411388,0.6965346,0.6601009,0.57134455,16566.244,0.24411388,0.0,0.042477652,0.52051604,0.0
501,0.89257216,0.76632154,0.7577484,0.48841298,16566.244,0.89257216,0.0,0.04277965,0.52421665,0.0
502,0.8758367,0.76452047,0.6095762,0.4952808,16566.244,0.8758367,0.0,0.044833653,0.54938614,0.0
503,2.0541153,0.8913266,0.7834505,0.58022505,16566.244,2.0541153,0.0,0.05192713,0.6363088,0.0
504,0.023430668,0.6727847,0.5842428,0.5103225,16566.244,0.023430668,0.0,0.046671513,0.5719071,0.0
505,0.35709816,0.7086939,0.66280013,0.4874285,16566.244,0.35709816,0.0,0.03950469,0.48408568,0.0
506,1.1900653,0.7983377,0.8168983,0.74361986,16566.244,1.1900653,0.0,0.052287333,0.64072263,0.0
507,1.2193699,0.8006827,0.77107024,0.64770705,16566.244,1.2118552,0.0,0.08305266,1.0177172,1.0
508,2.5169847,0.94114053,1.2222914,0.57043904,16566.244,2.5169847,0.0,0.078812554,0.9657595,0.0
509,1.8212049,0.8662608,0.7860575,0.51109594,28714.828,1.8212049,1.1146086,0.033797164,0.41414633,0.0
510,1.5013564,0.8318388,1.0781972,0.676803,28714.828,1.5013564,1.1146086,0.05301646,0.6496573,0.0
511,1.7662302,0.86034447,1.2897527,0.6671211,28714.828,1.7662302,1.1146086,0.06047241,0.7410216,0.0
512,2.004523,0.8859895,1.2999308,0.6671211,28714.828,2.004523,1.1146086,0.0645392,0.7908556,0.0
513,2.336987,0.9217692,1.2594589,0.6794103,28714.828,2.336987,1.1146086,0.060782246,0.7448183,0.0
514,2.6209807,0.95233256,1.2220708,0.6411715,28714.828,2.6209807,1.1146086,0.067198016,0.8234363,0.0
515,2.8193262,0.97367847,0.90555304,0.68351066,28714.828,2.8193262,1.1146086,0.06859095,0.8405051,0.0
516,1.9954599,0.8850141,0.87421274,0.68351066,28714.828,1.9954599,1.1146086,0.06784115,0.83131725,0.0
517,1.1134415,0.7849376,0.8936016,0.68910176,28714.828,1.0655522,1.1146086,0.09208583,1.1284087,1.0
518,4.9899845,1.1300279,1.0082109,0.7443547,28714.828,4.27212,1.1146086,0.120786175,1.4800992,1.0
519,5.206088,1.1075532,1.1249478,0.7692662,28714.828,4.0632863,1.1146086,0.14718385,1.8035731,1.0
520,7.48987,1.2206198,1.3606713,0.82719207,28714.828,5.1138973,1.1146086,0.18993658,2.3274598,1.0
521,7.8811584,1.2811441,1.4007144,0.87238413,28714.828,5.6762877,1.1146086,0.1721753,2.1098154,1.0
522,0.8916869,0.7378207,1.4208881,0.7134463,28714.828,0.6277431,1.1146086,0.09645025,1.1818897,1.0
523,3.878772,1.0783646,1.171612,0.49049792,28714.828,3.7920666,1.1146086,0.08693805,1.0653284,1.0
524,5.006583,1.2090707,1.273425,0.50905776,28714.828,5.006583,1.1146086,0.07377779,0.90406406,0.0
525,5.246327,1.2348719,1.2735898,0.5031119,24297.16,5.246327,0.70021516,0.057563808,0.7053799,0.0
526,5.112911,1.2205137,1.2594819,0.5600522,24297.16,5.112911,0.70021516,0.080435485,0.98564667,0.0
527,2.92444,0.9849908,0.9803696,0.75081974,24297.16,2.92444,0.70021516,0.053957418,0.66118765,0.0
528,2.9936345,0.9924375,1.1256269,0.7441843,24297.16,2.9936345,0.70021516,0.0415723,0.50942194,0.0
529,1.2565732,0.80549526,1.1131445,0.7028628,24297.16,1.2565732,0.70021516,0.058892414,0.7216605,0.0
530,2.8505225,0.9770358,1.0906204,0.7014481,23744.955,2.8505225,0.6484163,0.053755067,0.6587081,0.0
531,3.5081968,1.0478146,1.1213127,0.67172456,23744.955,3.5081968,0.6484163,0.04666258,0.5717976,0.0
532,3.6757438,1.065846,1.0995866,0.72810316,23744.955,3.6757438,0.6484163,0.04795037,0.587578,0.0
533,3.3602805,1.0318959,0.9169163,0.6254556,23744.955,3.3602805,0.6484163,0.05006119,0.61344373,0.0
534,3.4015408,1.0363363,0.9144102,0.6327907,23744.955,3.4015408,0.6484163,0.0467172,0.5724669,0.0
535,2.258608,0.9133341,0.9601316,0.8950517,23192.75,2.258608,0.5966174,0.052744508,0.6463248,0.0
536,1.0563146,0.7839435,0.8644109,0.4276142,16566.244,1.0563146,0.0,0.04144854,0.5079054,0.0
537,0.04985237,0.6756282,0.74627995,0.40718293,5.1068583,0.04985237,0.0,0.037019014,0.4536265,0.0
538,0.9511446,0.7726251,0.78747034,0.40718293,16566.244,0.9511446,0.0,0.032246955,0.39515027,0.0
539,0.2047455,0.69229776,0.7199103,0.42287904,16566.244,0.2047455,0.0,0.03773429,0.4623914,0.0
540,1.187902,0.7981049,0.7227642,0.5102398,16566.244,1.187902,0.0,0.03820305,0.46813554,0.0
541,1.1279129,0.79164886,0.7902317,0.498475,16566.244,1.1279129,0.0,0.025940934,0.31787705,0.0
542,1.4421897,0.8254713,0.739315,0.47515935,16566.244,1.4421897,0.0,0.033755686,0.4136381,0.0
543,1.3302417,0.81342345,0.82071155,0.6775133,16566.244,1.3302417,0.0,0.03877011,0.47508422,0.0
544,0.90794027,0.76797545,0.8770112,0.7661194,16566.244,0.90794027,0.0,0.038530223,0.4721447,0.0
545,1.1077646,0.7894805,0.74566454,0.743096,16566.244,1.1077646,0.0,0.037976183,0.46535555,0.0
546,1.0826389,0.7867765,0.7528646,0.53560114,16566.244,1.0826389,0.0,0.040547978,0.49687,0.0
547,2.793362,0.9708842,0.8429143,0.8295447,16566.244,2.793362,0.0,0.04678986,0.5733573,0.0
548,1.8218241,0.86632746,0.83506525,0.60213464,16566.244,1.8218241,0.0,0.034250747,0.4197045,0.0
549,0.0,0.6534283,0.7038896,0.58248365,16566.244,0.0,0.0,0.037104294,0.45467153,0.0
550,0.2764008,0.7000093,0.7706078,0.65601844,16566.244,0.2764008,0.0,0.043276824,0.53030896,0.0
551,1.1963382,0.7990128,0.79843134,0.6372798,16566.244,1.1963382,0.0,0.043842252,0.53723764,0.0
552,0.20156644,0.6919556,0.7234305,0.44560242,16566.244,0.20156644,0.0,0.03579975,0.4386858,0.0
553,0.0076965,0.6710914,0.7445852,0.41083148,16566.244,0.0076965,0.0,0.048943087,0.59974265,0.0
554,1.5051004,0.8322417,0.80342305,0.5698855,16566.244,1.5051004,0.0,0.040825598,0.5002719,0.0
555,0.35866055,0.70886207,0.7580572,0.4571736,16566.244,0.35866055,0.0,0.039340425,0.4820728,0.0
556,1.2245244,0.8020462,0.7763858,0.6542979,16566.244,1.2245244,0.0,0.04451595,0.54549307,0.0
557,0.0,0.6350498,0.6709665,0.6307633,16566.244,0.0,0.0,0.041185986,0.5046881,0.0
558,1.2742131,0.80739367,0.82249695,0.5798261,16014.038,1.2742131,0.0,0.04058357,0.49730614,0.0
559,1.5224302,0.83410674,0.9154256,0.69126815,16014.038,1.5224302,0.0,0.04342316,0.53210217,0.0
560,2.2911773,0.9168392,1.0581157,0.6411715,16014.038,2.2911773,0.0,0.07074326,0.8668794,0.0
561,2.7649465,0.9678261,1.0818174,0.6731534,16014.038,2.7649465,0.0,0.07607199,0.932177,0.0
562,1.3873475,0.8195692,0.7275391,0.4788334,16566.244,1.3873475,0.0,0.03562932,0.43659738,0.0
563,1.9862373,0.8840216,1.0382706,0.68472093,16566.244,1.9862373,0.0,0.069257654,0.8486749,0.0
564,1.7960747,0.8635563,0.86581784,0.6918614,16566.244,1.7960747,0.0,0.04356956,0.53389615,0.0
565,2.2233863,0.9095435,1.1919609,0.6411715,28162.62,2.2233863,1.0628095,0.054906297,0.67281514,0.0
566,1.5414375,0.8361523,1.2024107,0.6411715,28162.62,1.5414375,1.0628095,0.058455247,0.7163035,0.0
567,1.8559581,0.87000096,1.0786679,0.63892835,28162.62,1.8559581,1.0628095,0.064543314,0.79090595,0.0
568,2.0549622,0.89141774,1.0655327,0.62024873,28162.62,2.0549622,1.0628095,0.059375245,0.7275771,0.0
569,1.7051634,0.85377246,1.0074515,0.63892835,28162.62,1.7051634,1.0628095,0.054060843,0.662455,0.0
570,2.6814992,0.95884556,0.9610004,0.63892835,28162.62,2.6814992,1.0628095,0.06922326,0.8482535,0.0
571,2.2724547,0.91482425,0.8955541,0.8423419,28162.62,2.2724547,1.0628095,0.044630587,0.5468978,0.0
572,2.1482465,0.89713925,0.889623,0.7728092,28162.62,2.1081262,1.0628095,0.08604419,1.054375,1.0
573,1.4915667,0.8307852,0.90025234,0.5907236,28162.62,1.4915667,1.0628095,0.07786926,0.95420045,0.0
574,1.6512572,0.8479711,1.0781338,0.7160399,28162.62,1.6512572,1.0628095,0.06541883,0.80163443,0.0
575,2.5472512,0.9443978,1.0417873,0.7270644,28162.62,2.5472512,1.0628095,0.048386857,0.5929267,0.0
576,0.93305045,0.7706778,0.8588811,0.6400604,28162.62,0.93305045,1.0628095,0.07970017,0.97663623,0.0
577,2.2065406,0.9077306,0.8539156,0.69713295,28162.62,2.2065406,1.0628095,0.07491637,0.91801614,0.0
578,1.9713422,0.8824186,0.8566522,0.6691165,28162.62,1.9713422,1.0628095,0.07759834,0.95088065,0.0
579,2.5429025,0.9439298,0.987401,0.6462666,28162.62,2.5429025,1.0628095,0.08070115,0.9889021,0.0
580,1.6779745,0.8476876,1.0486431,0.6462666,28162.62,1.6486231,1.0628095,0.08575793,1.0508673,1.0
581,1.9516345,0.8641381,1.1011515,0.66817594,23744.955,1.8014808,0.6484163,0.10104094,1.2381434,1.0
582,5.150451,1.1774081,1.0879085,0.7017615,23744.955,4.7123756,0.6484163,0.10328223,1.265608,1.0
583,4.924125,1.1963787,1.1174036,0.6658918,23744.955,4.88865,0.6484163,0.08329879,1.0207332,1.0
584,3.407893,1.0065613,1.1295623,0.6118106,23744.955,3.1248722,0.6484163,0.10272439,1.2587723,1.0
585,2.8741255,0.96513724,1.022127,0.68503237,23744.955,2.7399614,0.6484163,0.09302376,1.1399019,1.0
586,2.9820728,0.96173966,1.0991516,0.64330167,23744.955,2.7083912,0.6484163,0.10516777,1.2887131,1.0
587,3.9736712,1.0693488,0.9898163,0.6841442,7.6121106,3.708292,0.0,0.09829277,1.2044677,1.0
588,3.0493844,0.9727642,0.8862123,0.67561024,7.4193997,2.8108308,0.0,0.10139515,1.242484,1.0
589,0.60395604,0.7320237,0.9895213,0.54876065,5.684991,0.5738779,0.0,0.09382735,1.149749,1.0
590,2.7976308,0.9526521,0.90522915,0.66951877,18222.863,2.6239498,0.13042375,0.09704,1.1891164,1.0
591,2.479566,0.9165334,0.9129849,0.6229045,18222.863,2.288336,0.13042375,0.10109154,1.2387635,1.0
592,3.1316283,0.96847206,0.86249006,0.69459975,18222.863,2.7709484,0.13042375,0.11195632,1.3718992,1.0
593,3.2282856,0.95085156,0.811246,0.6664367,18222.863,2.6072192,0.13042375,0.13714845,1.6806005,1.0
594,4.445863,1.0498878,0.92295617,0.4957871,16566.244,3.5274608,0.0,0.14231245,1.7438796,1.0
595,3.3048725,0.9591558,0.8932247,0.66447693,16566.244,2.684382,0.0,0.13550189,1.6604238,1.0
596,4.0454736,1.049413,0.93824255,0.48398915,16566.244,3.5230489,0.0,0.116181895,1.4236789,1.0
597,3.3189948,0.9881379,0.9209498,0.7033725,16566.244,2.953683,0.0,0.11044435,1.3533717,1.0
598,4.274818,1.1078706,1.0837594,0.7351799,0.0,4.066235,0.0,0.093567185,1.1465609,1.0
599,4.0053515,1.0483356,0.99546325,0.7062511,0.0,3.5130374,0.0,0.11428197,1.4003974,1.0
600,4.0355268,1.0555205,1.0128455,0.7062511,0.0,3.5798001,0.0,0.11128955,1.3637288,1.0
601,4.5112166,1.0896405,1.0325761,0.7062511,0.0,3.8968418,0.0,0.11836711,1.4504563,1.0
602,3.2642612,0.9567546,0.88411206,0.7262084,16566.244,2.6620705,0.0,0.13435079,1.6463183,1.0
603,4.0807323,1.0425066,1.0102818,0.6761345,16566.244,3.458875,0.0,0.12352613,1.5136743,1.0
604,3.4372187,0.98746175,0.9419119,0.4250471,16566.244,2.9474,0.0,0.120355286,1.4748191,1.0
605,2.7198217,0.9053374,0.90683466,0.45830178,16566.244,2.184303,0.0,0.13877048,1.7004766,1.0
606,2.4644892,0.89994603,0.8582263,0.49116197,16566.244,2.1342068,0.0,0.1176902,1.4421614,1.0
607,3.6808403,0.98585147,1.0660441,0.676995,16566.244,2.9324374,0.0,0.1411134,1.7291865,1.0
608,3.4240942,1.003705,1.0711159,0.63946855,16566.244,3.098332,0.0,0.10612176,1.3004032,1.0
609,3.5026107,0.9866624,0.9574409,0.6464008,16566.244,2.9399724,0.0,0.12622835,1.5467869,1.0
610,3.3512719,0.9679597,0.8894731,0.633077,16566.244,2.7661877,0.0,0.13092363,1.6043223,1.0
611,2.6392868,0.89568293,0.8244,0.5727844,16566.244,2.0945942,0.0,0.14223994,1.7429911,1.0
612,2.9009078,0.926389,0.9028307,0.65082705,16566.244,2.3799138,0.0,0.13264906,1.6254655,1.0
613,4.16164,1.0293999,0.9460255,0.8584482,16566.244,3.3370879,0.0,0.13921829,1.705964,1.0
614,2.5705597,0.8879959,0.9008682,0.75971717,16566.244,2.0231664,0.0,0.14469182,1.7730361,1.0
615,3.9940703,0.997776,0.9134498,0.75971717,16566.244,3.0432394,0.0,0.15445615,1.892687,1.0
616,3.9043915,0.98230594,0.9240298,0.7229767,16566.244,2.8994925,0.0,0.16241564,1.9902216,1.0
617,3.4817188,1.044965,1.429756,0.71256715,16566.244,3.4817188,0.0,0.051626176,0.63262093,0.0
618,3.8438168,1.083934,1.3867253,0.6064032,16566.244,3.8438168,0.0,0.051616855,0.63250667,0.0
619,2.679655,0.9586471,1.3963034,0.60069567,16566.244,2.679655,0.0,0.051281333,0.62839526,0.0
620,2.785565,0.9700451,1.0228738,0.5602158,16566.244,2.785565,0.0,0.051377483,0.62957346,0.0
621,2.8645926,0.97855,1.4286379,0.5680129,16566.244,2.8645926,0.0,0.03297954,0.4041273,0.0
622,2.672888,0.9579188,1.4052424,0.60492826,16566.244,2.672888,0.0,0.057431296,0.70375615,0.0
623,3.8608246,1.0649773,0.8967943,0.73376846,16566.244,3.667672,0.0,0.09388598,1.1504674,1.0
624,4.781546,1.1848522,1.1976668,0.73085594,16566.244,4.781546,0.0,0.06309979,0.77321714,0.0
625,3.2360566,1.0185269,0.9379916,0.6980826,16566.244,3.2360566,0.0,0.04784753,0.58631784,0.0
626,3.556809,1.0530462,1.1421369,0.75322837,16566.244,3.556809,0.0,0.0766918,0.939772,0.0
627,2.9336908,0.98598635,1.1351321,0.7007925,16566.244,2.9336908,0.0,0.036042154,0.4416562,0.0
628,2.4586594,0.93486357,1.0025281,0.7168624,16566.244,2.4586594,0.0,0.050599482,0.62003994,0.0
629,4.1531267,1.1172218,1.3446586,0.7552628,16566.244,4.1531267,0.0,0.06875782,0.84255,0.0
630,3.4557223,1.0421673,0.93712944,0.7876411,16566.244,3.4557223,0.0,0.06504171,0.7970133,0.0
631,3.7835739,1.0774506,1.0847621,0.8260672,16566.244,3.7835739,0.0,0.0488767,0.59892917,0.0
632,4.9462595,1.2025787,1.4632555,0.68458974,16566.244,4.9462595,0.0,0.062358454,0.7641329,0.0
633,3.068142,1.000456,1.461396,0.7963197,16566.244,3.068142,0.0,0.060418986,0.74036694,0.0
634,5.659679,1.2793567,1.4587551,0.5634429,16566.244,5.659679,0.0,0.055811547,0.6839079,0.0
635,2.4323618,0.9320334,1.2010485,0.8290933,16566.244,2.4323618,0.0,0.062087044,0.7608071,0.0
636,2.7142792,0.9623733,0.9040129,0.7212276,16566.244,2.7142792,0.0,0.061810065,0.757413,0.0
637,2.1999226,0.90701836,1.1167161,0.85669863,16566.244,2.1999226,0.0,0.04556923,0.5583998,0.0
638,1.8341632,0.8676554,1.0509413,0.829852,16566.244,1.8341632,0.0,0.061826423,0.7576135,0.0
639,2.1025534,0.8965395,1.103888,0.8097803,16566.244,2.1025534,0.0,0.058773864,0.7202078,0.0
640,6.351601,1.3538213,1.520584,0.5634429,16566.244,6.351601,0.0,0.064567514,0.7912025,0.0
641,1.2234992,0.80193585,0.7978539,0.766438,16566.244,1.2234992,0.0,0.06812417,0.8347853,0.0
642,5.7059603,1.2843375,1.3939548,0.5452338,16566.244,5.7059603,0.0,0.076829866,0.9414639,0.0
643,0.6117005,0.7360942,0.80104464,0.7898954,16566.244,0.6117005,0.0,0.07174792,0.8791903,0.0
644,2.0287554,0.88859737,0.8766548,0.76643795,16566.244,2.0287554,0.0,0.068099864,0.8344875,0.0
645,2.451783,0.90921456,1.2180331,0.78791124,16566.244,2.2203295,0.0,0.1059123,1.2978364,1.0
646,1.6888638,0.8520183,0.9527708,0.72897995,16566.244,1.6888638,0.0,0.07010314,0.8590354,0.0
647,1.4071386,0.8216991,0.85893744,0.7138613,16566.244,1.4071386,0.0,0.078455605,0.9613855,0.0
648,0.12561277,0.6837815,0.792852,0.3756996,16566.244,0.12561277,0.0,0.069933236,0.8569534,0.0
649,1.7945704,0.8347604,1.2622557,0.74410564,16566.244,1.5285041,0.0,0.122193314,1.4973421,1.0
650,1.348384,0.8153759,0.98492783,0.52198046,16566.244,1.348384,0.0,0.07300026,0.8945363,0.0
651,1.838068,0.8596985,1.2777833,0.8053718,16566.244,1.7602277,0.0,0.09191767,1.126348,1.0
652,1.6978197,0.82052517,1.2220539,0.7699172,16566.244,1.3962306,0.0,0.13197044,1.6171497,1.0
653,2.8680272,0.9163782,1.1279213,0.6711891,16566.244,2.2868938,0.0,0.1408568,1.7260422,1.0
654,3.6090055,0.984729,1.0778396,0.69459736,16566.244,2.9220073,0.0,0.13642602,1.6717479,1.0
655,6.3270006,1.2798696,1.2664328,0.5263988,27610.412,5.664444,1.0110104,0.10887926,1.3341932,1.0
656,6.471743,1.2742363,1.2788451,0.52698743,27610.412,5.6121,1.0110104,0.11732184,1.4376476,1.0
657,0.8088083,0.6609476,1.0949566,0.69637996,27610.412,0.0,1.0110104,0.076080136,0.9322768,0.0
658,6.1025248,1.2377176,1.2519677,0.47536322,27610.412,5.27277,1.0110104,0.11829866,1.4496174,1.0
659,6.808554,1.3309393,1.2744606,0.48323956,27610.412,6.138983,1.0110104,0.10703753,1.3116249,1.0
660,0.8088083,0.72670484,0.90422505,0.60173494,27610.412,0.524455,1.0110104,0.050564867,0.61961573,0.0
661,6.605899,1.3811888,1.3611021,0.49557126,27610.412,6.605899,1.0110104,0.04870472,0.5968217,0.0
662,6.082795,1.3248924,1.2832588,0.57959604,27610.412,6.082795,1.0110104,0.04165349,0.51041687,0.0
663,5.8869934,1.3038203,1.2860845,0.64716005,27610.412,5.8869934,1.0110104,0.046227355,0.5664644,0.0
664,4.7413473,1.180526,1.2015585,0.79269063,27610.412,4.7413473,1.0110104,0.052928586,0.6485805,0.0
665,3.2107537,1.0158038,1.2403585,0.8071319,27610.412,3.2107537,1.0110104,0.049954757,0.6121395,0.0
666,1.778175,0.86162996,1.059605,0.67146575,27610.412,1.778175,1.0110104,0.056856457,0.69671214,0.0
667,5.9184427,1.3072048,1.2420632,0.7811864,27610.412,5.9184427,1.0110104,0.07005699,0.85846984,0.0
668,1.4428344,0.82554066,1.2629459,0.7665358,27610.412,1.4428344,1.0110104,0.06985591,0.8560059,0.0
669,6.635378,1.3843613,1.2992316,0.6738229,27610.412,6.635378,1.0110104,0.06760944,0.82847786,0.0
670,6.428435,1.3620901,1.3249727,0.6768803,27610.412,6.428435,1.0110104,0.06804161,0.8337736,0.0
671,3.8512704,1.0847361,1.1623642,0.6459781,27058.193,3.8512704,0.9592102,0.06482723,0.7943851,0.0
672,6.0841885,1.3250424,1.2626064,0.7797359,27058.193,6.0841885,0.9592102,0.06019788,0.7376575,0.0
673,2.332761,0.9213144,1.193914,0.58192307,27058.193,2.332761,0.9592102,0.060151365,0.73708755,0.0
674,3.8311658,1.0825725,1.0732911,0.6397165,27058.193,3.8311658,0.9592102,0.067488946,0.8270014,0.0
675,4.1054583,1.1120918,1.2377762,0.41577622,27058.193,4.1054583,0.9592102,0.06236368,0.764197,0.0
676,2.5690396,0.94674265,1.1014475,0.48976633,27058.193,2.5690396,0.9592102,0.07083136,0.8679589,0.0
677,3.1499946,1.009265,1.1342393,0.40705472,27058.193,3.1499946,0.9592102,0.06167914,0.7558087,0.0
678,0.7673682,0.7086169,0.95797074,0.50896966,27058.193,0.35638258,0.9592102,0.08268484,1.0132099,1.0
679,1.7410088,0.85763013,0.9765929,0.4249896,27058.193,1.7410088,0.9592102,0.08079997,0.990113,0.0
680,1.5830412,0.8406297,0.9599424,0.43830353,27058.193,1.5830412,0.9592102,0.05551373,0.6802585,0.0
681,0.7673682,0.73828113,0.8213448,0.45712778,27058.193,0.63202155,0.9592102,0.07248863,0.88826686,0.0
682,1.2600263,0.8058669,0.7836063,0.49096587,27058.193,1.2600263,0.9592102,0.06971117,0.85423225,0.0
683,0.37224802,0.71032435,0.61562216,0.40407538,16566.244,0.37224802,0.0,0.057796042,0.7082257,0.0
684,0.0,0.61755896,0.58577186,0.49140614,16566.244,0.0,0.0,0.06613395,0.81039745,0.0
685,0.0,0.66140884,0.6367868,0.49972087,16566.244,0.0,0.0,0.06844454,0.83871114,0.0
686,0.433712,0.7169391,0.58376074,0.40407538,16566.244,0.433712,0.0,0.05146098,0.63059664,0.0
687,0.0,0.56791055,0.6658942,0.4772463,16566.244,0.0,0.0,0.052285142,0.6406958,0.0
688,0.68098086,0.7435501,0.717761,0.4845527,16566.244,0.68098086,0.0,0.058167495,0.71277744,0.0
689,0.0,0.5199063,0.67315775,0.4725151,16566.244,0.0,0.0,0.060413353,0.7402979,0.0
690,0.0,0.48528022,0.62559015,0.4510818,16566.244,0.0,0.0,0.048874587,0.59890324,0.0
691,0.80341816,0.7567268,0.72366786,0.6083149,16566.244,0.80341816,0.0,0.050838064,0.6229635,0.0
692,0.0,0.6384706,0.6606842,0.48289567,16566.244,0.0,0.0,0.04944996,0.6059538,0.0
693,0.38693818,0.7119053,0.7575062,0.75573033,16566.244,0.38693818,0.0,0.062822685,0.7698216,0.0
694,0.039806742,0.6745471,0.584033,0.55393106,16566.244,0.039806742,0.0,0.043827623,0.5370584,0.0
695,1.0758216,0.7860428,0.8543439,0.7256092,16566.244,1.0758216,0.0,0.0712909,0.8735901,0.0
696,2.5733533,0.9472069,0.9015928,0.5952702,16566.244,2.5733533,0.0,0.044087227,0.5402396,0.0
697,2.4728606,0.9363919,0.8827758,0.52320224,16566.244,2.4728606,0.0,0.042057935,0.5153729,0.0
698,2.8697548,0.9791056,1.002119,0.63131565,16566.244,2.8697548,0.0,0.048786536,0.5978243,0.0
699,1.6824874,0.85133207,0.72359025,0.75617415,16566.244,1.6824874,0.0,0.04572792,0.5603444,0.0
700,1.5709358,0.8393269,0.9073425,0.6313363,16566.244,1.5709358,0.0,0.036804058,0.45099247,0.0
701,2.289827,0.91669387,0.7454151,0.77378803,16566.244,2.289827,0.0,0.04070443,0.49878713,0.0
702,1.8923844,0.87392116,1.0115842,0.76066023,16566.244,1.8923844,0.0,0.038156245,0.467562,0.0
703,2.578813,0.9477945,0.92312527,0.6560847,16566.244,2.578813,0.0,0.03777656,0.4629094,0.0
704,1.0102552,0.7789866,0.81624436,0.7684861,16566.244,1.0102552,0.0,0.036440104,0.44653264,0.0
705,1.8353196,0.86777985,0.7878152,0.5824434,16566.244,1.8353196,0.0,0.037566133,0.46033084,0.0
706,1.650911,0.8479338,0.9039341,0.66147333,16566.244,1.650911,0.0,0.042243116,0.517642,0.0
707,2.1947591,0.90646267,1.0009385,0.74195594,16566.244,2.1947591,0.0,0.050655346,0.6207245,0.0
708,2.3945065,0.92795944,0.8608524,0.7624461,16566.244,2.3945065,0.0,0.069041766,0.84602946,0.0
709,1.1524111,0.79428536,0.85641694,0.6983587,16566.244,1.1524111,0.0,0.046053443,0.5643333,0.0
710,1.5730916,0.8375854,0.9580706,0.7339854,16566.244,1.5547537,0.0,0.08435693,1.0336995,1.0
711,1.5786498,0.8401571,0.91685367,0.7983546,16566.244,1.5786498,0.0,0.031484514,0.38580742,0.0
712,5.9969234,1.3156509,1.2629069,0.6559282,16566.244,5.9969234,0.0,0.0388999,0.47667465,0.0
713,0.89793503,0.7668987,1.1695782,0.7295066,16566.244,0.89793503,0.0,0.036800873,0.45095342,0.0
714,6.1788793,1.335233,1.2452781,0.5910627,16566.244,6.1788793,0.0,0.029575448,0.36241397,0.0
715,6.2669826,1.3447146,1.2623181,0.5910627,16566.244,6.2669826,0.0,0.034827642,0.4267737,0.0
716,6.2970343,1.3479488,1.2770387,0.6197234,16566.244,6.2970343,0.0,0.04015237,0.49202228,0.0
717,2.8146136,0.9731713,1.2101996,0.7493777,16566.244,2.8146136,0.0,0.037861884,0.46395493,0.0
718,1.1892872,0.79825395,0.77196646,0.8257969,16566.244,1.1892872,0.0,0.031096399,0.3810515,0.0
719,0.9670936,0.7743415,0.7837427,0.86537325,16566.244,0.9670936,0.0,0.049803864,0.6102905,0.0
720,0.96927077,0.7745758,0.7575825,0.7669346,16566.244,0.96927077,0.0,0.05014232,0.61443794,0.0
721,2.7338653,0.9644812,0.9343299,0.64858705,16566.244,2.7338653,0.0,0.043482374,0.53282773,0.0
722,0.30932298,0.70355237,0.59781337,0.82596123,16566.244,0.30932298,0.0,0.044708673,0.54785466,0.0
723,0.15031035,0.68643945,0.8033164,0.78554064,16566.244,0.15031035,0.0,0.05248279,0.6431178,0.0
724,0.8503266,0.7617751,1.2179502,0.62839144,16566.244,0.8503266,0.0,0.048916556,0.59941757,0.0
725,2.006849,0.8862398,1.0282034,0.7653766,16566.244,2.006849,0.0,0.05291686,0.6484368,0.0
726,1.7381747,0.85732514,1.0106337,0.61498636,16566.244,1.7381747,0.0,0.04473839,0.5482188,0.0
727,1.8413997,0.8684342,0.7547508,0.76195884,16566.244,1.8413997,0.0,0.05545125,0.67949295,0.0
728,4.132003,1.1149485,1.0539885,0.5088612,16566.244,4.132003,0.0,0.046915665,0.5748989,0.0
729,1.195591,0.7989324,1.0904832,0.67304033,16566.244,1.195591,0.0,0.03811116,0.46700954,0.0
730,2.490343,0.9382734,0.8713743,0.6957741,16566.244,2.490343,0.0,0.04058693,0.49734733,0.0
731,2.3076532,0.9186123,1.0956299,0.66970754,16566.244,2.3076532,0.0,0.041979667,0.5144138,0.0
732,1.4423785,0.8254916,0.9405463,0.7539007,16566.244,1.4423785,0.0,0.047320746,0.5798627,0.0
733,1.1128882,0.7900319,0.724183,0.786804,16566.244,1.1128882,0.0,0.040907595,0.50127673,0.0
734,1.7418196,0.8577174,0.7675332,0.6813925,16566.244,1.7418196,0.0,0.03781198,0.4633434,0.0
735,2.121979,0.8986301,0.9323947,0.69001067,16566.244,2.121979,0.0,0.044019118,0.5394049,0.0
736,2.0641239,0.8924037,0.91711086,0.76677656,16014.038,2.0641239,0.0,0.037334576,0.45749336,0.0
737,1.4572769,0.827095,0.68411446,0.6311515,16014.038,1.4572769,0.0,0.03289,0.40303007,0.0
738,1.4730444,0.82879186,0.77624935,0.47675344,16014.038,1.4730444,0.0,0.025686027,0.31475347,0.0
739,1.9220473,0.87711346,0.78506315,0.643032,16014.038,1.9220473,0.0,0.028569134,0.3500827,0.0
740,1.686495,0.85176337,0.7784314,0.64831483,16014.038,1.686495,0.0,0.023059908,0.2825733,0.0
741,1.517877,0.83361673,0.8795779,0.6844936,16014.038,1.517877,0.0,0.03968555,0.48630193,0.0
742,1.3731513,0.8180414,0.7889467,0.8100256,16014.038,1.3731513,0.0,0.02945093,0.36088812,0.0
743,1.5012318,0.8318254,1.0380929,0.53589976,16566.244,1.5012318,0.0,0.043740626,0.5359923,0.0
744,0.9708016,0.7747406,0.73708916,0.506289,16566.244,0.9708016,0.0,0.038313095,0.46948403,0.0
745,1.8557997,0.8699839,1.056197,0.5756326,16566.244,1.8557997,0.0,0.041719645,0.5112275,0.0
746,2.5818355,0.94811976,1.0119661,0.7097884,16566.244,2.5818355,0.0,0.034994714,0.428821,0.0
747,3.984008,1.0990213,1.270576,0.7790821,39758.98,3.984008,2.150591,0.034816504,0.42663723,0.0
748,5.7370887,1.2876875,1.309075,0.54570144,39758.98,5.7370887,2.150591,0.036008205,0.4412402,0.0
749,5.802714,1.2947501,1.2781011,0.50012755,39758.98,5.802714,2.150591,0.04009939,0.49137306,0.0
750,6.517721,1.3716991,1.5103629,0.5653669,39758.98,6.517721,2.150591,0.044468287,0.544909,0.0
751,6.9242287,1.4154474,1.4094276,0.6190346,39758.98,6.9242287,2.150591,0.042871997,0.52534825,0.0
752,4.171822,1.1192338,1.2518598,0.86171114,39758.98,4.171822,2.150591,0.045869876,0.5620839,0.0
753,5.4970546,1.2618551,1.3786725,0.6646298,39758.98,5.4970546,2.150591,0.04931817,0.6043389,0.0
754,5.0532303,1.2140908,1.302038,0.84140414,39758.98,5.0532303,2.150591,0.048020285,0.58843476,0.0
755,4.6327524,1.1688391,1.2145926,0.6771984,39758.98,4.6327524,2.150591,0.075674556,0.92730683,0.0
756,6.4609756,1.3655921,1.4514521,0.8579606,39758.98,6.4609756,2.150591,0.0668358,0.8189978,0.0
757,5.0901327,1.2180623,1.2427955,0.9534138,39758.98,5.0901327,2.150591,0.064574845,0.7912923,0.0
758,3.8808987,1.0879247,1.1842425,0.78313524,39758.98,3.8808987,2.150591,0.03731166,0.45721254,0.0
759,3.1566985,1.0099864,1.2399412,0.8505641,39758.98,3.1566985,2.150591,0.038921203,0.4769357,0.0
760,5.110241,1.2202263,1.3112195,0.8100649,39758.98,5.110241,2.150591,0.03899957,0.477896,0.0
761,5.3931136,1.250669,1.2580398,0.8273856,39758.98,5.3931136,2.150591,0.040222727,0.49288443,0.0
762,4.9809456,1.2063116,1.1383356,0.7891153,39758.98,4.9809456,2.150591,0.04247854,0.5205269,0.0
763,4.609457,1.166332,1.3147349,0.78705764,27058.193,4.609457,0.9592102,0.031957332,0.39160126,0.0
764,2.7716374,0.9685462,1.0007488,0.7076703,27058.193,2.7716374,0.9592102,0.026709775,0.32729834,0.0
765,2.9392242,0.98658186,1.2031168,0.7916126,27058.193,2.9392242,0.9592102,0.032441836,0.39753833,0.0
766,3.7582443,1.0747247,1.3011357,0.8206028,25953.78,3.7582443,0.85561216,0.047865324,0.5865359,0.0
767,5.2885365,1.2394145,1.296457,0.68786454,25953.78,5.2885365,0.85561216,0.051980875,0.63696736,0.0
768,3.9104862,1.0911089,1.2945507,0.51445276,25953.78,3.9104862,0.85561216,0.051108133,0.62627286,0.0
769,4.340617,1.1373996,1.1452482,0.46991053,25953.78,4.340617,0.85561216,0.048855737,0.5986723,0.0
770,3.3026664,1.0256954,1.0253022,0.41952813,25953.78,3.3026664,0.85561216,0.052549507,0.6439353,0.0
771,2.5756607,0.9474552,1.0130922,0.4836268,25953.78,2.5756607,0.85561216,0.052732073,0.6461724,0.0
772,1.8252468,0.8666958,1.0096895,0.5225635,25953.78,1.8252468,0.85561216,0.048454296,0.5937531,0.0
773,3.861594,1.0858471,1.0806814,0.51753443,25953.78,3.861594,0.85561216,0.043590575,0.53415364,0.0
774,3.1987374,1.0145106,1.0015079,0.541202,16566.244,3.1987374,0.0,0.04458641,0.54635644,0.0
775,3.0604346,0.9996265,1.0447614,0.42836612,16566.244,3.0604346,0.0,0.040145807,0.49194187,0.0
776,3.662159,1.064384,1.0078406,0.4383841,16566.244,3.662159,0.0,0.03676629,0.45052966,0.0
777,3.4590266,1.0425229,1.0136888,0.43977767,16566.244,3.4590266,0.0,0.036252145,0.4442294,0.0
778,2.436601,0.93248963,0.94680935,0.43372124,16566.244,2.436601,0.0,0.048952874,0.5998626,0.0
779,2.6446593,0.95488083,0.9587274,0.52814,16566.244,2.6446593,0.0,0.032924376,0.40345132,0.0
780,3.3791854,1.0339304,1.0101988,0.6483396,16566.244,3.3791854,0.0,0.04617311,0.5657997,0.0
781,3.4494596,1.0414933,1.0282153,0.61419386,16566.244,3.4494596,0.0,0.039687075,0.4863206,0.0
782,1.8114196,0.86520773,0.9087729,0.6806876,16566.244,1.8114196,0.0,0.046808746,0.5735887,0.0
783,3.3949125,1.035623,0.9384928,0.54395926,16566.244,3.3949125,0.0,0.039009906,0.47802266,0.0
784,3.5855324,1.0561374,0.9275167,0.53994185,16566.244,3.5855324,0.0,0.036984712,0.45320618,0.0
785,3.7367287,1.0724092,0.99040145,0.49149725,16566.244,3.7367287,0.0,0.038593434,0.47291926,0.0
786,3.5209243,1.0491843,0.9333291,0.6550091,16566.244,3.5209243,0.0,0.043957014,0.5386439,0.0
787,3.6471376,1.0627674,0.9683088,0.52561194,16566.244,3.6471376,0.0,0.034541335,0.42326534,0.0
788,4.5432744,1.1592095,1.1246743,0.71685416,16566.244,4.5432744,0.0,0.03698158,0.4531678,0.0
789,3.2785275,1.0230976,0.9995557,0.64678687,16566.244,3.2785275,0.0,0.034430094,0.4219022,0.0
790,3.593767,1.0570236,0.97708625,0.6236836,16566.244,3.593767,0.0,0.043755222,0.5361712,0.0
791,3.632093,1.0611483,0.9995419,0.5611967,16566.244,3.632093,0.0,0.04437005,0.5437052,0.0
792,3.103867,1.0043007,1.0281497,0.57041717,16566.244,3.103867,0.0,0.04720014,0.5783848,0.0
793,3.331462,1.0287944,1.0281047,0.57638514,16566.244,3.331462,0.0,0.03791611,0.4646194,0.0
794,3.3675714,1.0326805,1.0853529,0.5228375,16566.244,3.3675714,0.0,0.057239953,0.7014115,0.0
795,5.329394,1.2438115,1.345317,0.67148376,16566.244,5.329394,0.0,0.046555437,0.5704847,0.0
796,5.254081,1.2357063,1.360302,0.6239643,16566.244,5.254081,0.0,0.04561043,0.5589047,0.0
797,5.6924434,1.2828828,1.3781192,0.6532566,16566.244,5.6924434,0.0,0.048780367,0.5977487,0.0
798,5.427678,1.2543888,1.3353723,0.6239643,16566.244,5.427678,0.0,0.044236746,0.5420717,0.0
799,4.8452053,1.1917032,1.3281137,0.5086998,16566.244,4.8452053,0.0,0.03953801,0.484494,0.0
800,5.2494974,1.235213,1.2681527,0.52316725,16566.244,5.2494974,0.0,0.041448813,0.50790876,0.0
801,6.0803137,1.3246254,1.2988695,0.5183324,16566.244,6.0803137,0.0,0.04488174,0.5499754,0.0
802,6.08114,1.3247143,1.2626151,0.5183324,16566.244,6.08114,0.0,0.0465271,0.57013744,0.0
803,5.400676,1.2514828,1.2286508,0.65323573,16566.244,5.400676,0.0,0.048070345,0.5890482,0.0
804,6.5798926,1.37839,1.3370557,0.5876995,16566.244,6.5798926,0.0,0.05095262,0.62436724,0.0
805,4.232251,1.1257372,1.1515639,0.8073129,16566.244,4.232251,0.0,0.051035564,0.6253836,0.0
806,5.005601,1.208965,1.266382,0.62682694,16566.244,5.005601,0.0,0.041764718,0.5117798,0.0
807,1.7095399,0.85424346,1.0389351,0.79848444,16566.244,1.7095399,0.0,0.055605125,0.6813785,0.0
808,3.1944008,1.0140439,1.0247499,0.74003935,16566.244,3.1944008,0.0,0.05712545,0.70000833,0.0
809,1.8362871,0.867884,0.94542086,0.75654966,16566.244,1.8362871,0.0,0.042089883,0.51576436,0.0
810,3.0198772,0.9952617,1.1691146,0.83198595,16566.244,3.0198772,0.0,0.028121924,0.34460264,0.0
811,2.2570374,0.91316503,0.9354918,0.65201384,16566.244,2.2570374,0.0,0.036414888,0.44622362,0.0
812,2.60359,0.950461,1.036207,0.6878258,16566.244,2.60359,0.0,0.028516198,0.34943402,0.0
813,2.422512,0.9309734,0.93878144,0.65374994,16566.244,2.422512,0.0,0.032768037,0.40153557,0.0
814,2.126838,0.899153,0.9306597,0.68314314,16566.244,2.126838,0.0,0.033654224,0.4123948,0.0
815,2.0652604,0.89252603,0.8516839,0.65461314,16566.244,2.0652604,0.0,0.0480312,0.5885685,0.0
816,2.455986,0.93457586,0.84188926,0.7558861,16566.244,2.455986,0.0,0.040546786,0.4968554,0.0
817,2.4523146,0.93418074,0.8995236,0.77853376,16566.244,2.4523146,0.0,0.056160085,0.6881789,0.0
818,1.3718133,0.8178974,0.8114448,0.8370606,16566.244,1.3718133,0.0,0.052313562,0.6410441,0.0
819,2.0637567,0.8923642,0.80706507,0.52990305,16566.244,2.0637567,0.0,0.04235781,0.5190475,0.0
820,2.1961887,0.9066165,0.88165885,0.6479967,16566.244,2.1961887,0.0,0.029035209,0.35579392,0.0
821,1.8037493,0.86438227,0.84001607,0.4997591,16566.244,1.8037493,0.0,0.029909942,0.3665128,0.0
822,2.14554,0.9011657,0.87580997,0.5134121,16566.244,2.14554,0.0,0.04671319,0.57241774,0.0
823,1.764248,0.86013114,0.93707854,0.44494173,16566.244,1.764248,0.0,0.03929112,0.48146865,0.0
824,3.1461143,1.0088474,0.97276706,0.66932493,16566.244,3.1461143,0.0,0.03745479,0.45896646,0.0
825,2.7776155,0.9691896,0.940892,0.51548135,16566.244,2.7776155,0.0,0.03521105,0.43147194,0.0
826,4.6394653,1.1695615,1.1890495,0.7106514,16566.244,4.6394653,0.0,0.047761895,0.5852685,0.0
827,3.169049,1.0113156,0.9759244,0.71309495,16566.244,3.169049,0.0,0.061469823,0.75324374,0.0
828,3.439848,1.0404589,1.2260867,0.5625378,16566.244,3.439848,0.0,0.047286052,0.57943755,0.0
829,2.3079848,0.918648,0.9664396,0.6703539,16566.244,2.3079848,0.0,0.0336037,0.41177568,0.0
830,3.7866654,1.0777833,1.272518,0.5432116,16566.244,3.7866654,0.0,0.036064778,0.44193342,0.0
831,2.822774,0.9740495,0.9777185,0.68978006,16566.244,2.822774,0.0,0.030425584,0.37283143,0.0
832,2.4922893,0.9384828,0.9616515,0.720595,16566.244,2.4922893,0.0,0.036657125,0.44919196,0.0
833,2.673509,0.95798564,1.1192012,0.62096137,16566.244,2.673509,0.0,0.034481876,0.42253673,0.0
834,3.8733575,1.0871131,1.2154073,0.5510061,16566.244,3.8733575,0.0,0.039188422,0.48021019,0.0
835,3.6275427,1.0606586,1.0652498,0.7491178,16566.244,3.6275427,0.0,0.030059565,0.36834627,0.0
836,2.3885045,0.9273135,0.918825,0.75811476,16566.244,2.3885045,0.0,0.036451634,0.4466739,0.0
837,2.787483,0.9702515,0.8973435,0.69334614,16566.244,2.787483,0.0,0.032440852,0.39752626,0.0
838,3.9528465,1.0956677,1.3236349,0.56836516,16566.244,3.9528465,0.0,0.02008181,0.24608007,0.0
839,3.4448726,1.0409997,1.1183585,0.5949232,16566.244,3.4448726,0.0,0.045266032,0.55468446,0.0
840,3.1282008,1.0069195,0.9152494,0.77154315,27610.412,3.1282008,1.0110104,0.027643608,0.33874142,0.0
841,2.984394,0.99144304,1.0459759,0.7728802,27610.412,2.984394,1.0110104,0.052936926,0.6486827,0.0
842,3.4211493,1.0384465,1.192377,0.7656284,27610.412,3.4211493,1.0110104,0.037547953,0.46010807,0.0
843,3.0272615,0.99605644,0.9550789,0.68559295,27610.412,3.0272615,1.0110104,0.031760793,0.3891929,0.0
844,4.347731,1.1381651,1.2049286,0.8294873,27610.412,4.347731,1.0110104,0.039527345,0.48436332,0.0
845,4.907063,1.1983603,1.3112139,0.79685444,27610.412,4.907063,1.0110104,0.05715206,0.7003344,0.0
846,4.913666,1.1990709,1.2629708,0.78129804,27610.412,4.913666,1.0110104,0.058665168,0.7188759,0.0
847,2.9299994,0.9855891,1.2082844,0.7463866,27610.412,2.9299994,1.0110104,0.047603995,0.5833336,0.0
848,0.8088083,0.7007249,0.82664514,0.6506422,27610.412,0.28305027,1.0110104,0.047361594,0.5803632,0.0
849,4.865941,1.1939348,1.1380299,0.844384,27610.412,4.865941,1.0110104,0.05221352,0.63981813,0.0
850,1.9240577,0.8773298,0.9151981,0.57160276,27610.412,1.9240577,1.0110104,0.038002703,0.4656805,0.0
851,2.280799,0.91572225,0.9473655,0.56340945,27610.412,2.280799,1.0110104,0.041557778,0.50924397,0.0
852,1.1149479,0.7902536,0.8667221,0.79095834,27610.412,1.1149479,1.0110104,0.052429684,0.64246696,0.0
853,0.86377007,0.76322186,0.8251752,0.61098605,27610.412,0.86377007,1.0110104,0.06048959,0.7412321,0.0
854,0.8088083,0.6857396,0.7056291,0.65795887,27610.412,0.1438071,1.0110104,0.06691833,0.8200091,0.0
855,0.8088083,0.6823557,0.7078442,0.6633995,27610.412,0.11236425,1.0110104,0.06101013,0.74761075,0.0
856,1.3257068,0.8129354,0.81756926,0.6896909,23744.955,1.3257068,0.6484163,0.049198285,0.6028698,0.0
857,2.392157,0.9277066,0.93251985,0.76976645,23744.955,2.392157,0.6484163,0.061323497,0.7514507,0.0
858,2.1268733,0.8991568,0.84300786,0.7243682,23744.955,2.1268733,0.6484163,0.06536971,0.8010325,0.0
859,1.3859557,0.8194194,0.71792436,0.6533031,23744.955,1.3859557,0.6484163,0.053792432,0.6591659,0.0
860,1.6757864,0.8506109,0.7535054,0.6533031,23744.955,1.6757864,0.6484163,0.053006746,0.6495382,0.0
861,2.7420201,0.9653588,0.94017416,0.6058722,23744.955,2.7420201,0.6484163,0.047223214,0.5786675,0.0
862,1.1862499,0.7979271,0.7758671,0.6605299,23744.955,1.1862499,0.6484163,0.062008772,0.759848,0.0
863,1.3413086,0.8146145,0.9252846,0.5210391,23744.955,1.3413086,0.6484163,0.038745847,0.4747869,0.0
864,2.771498,0.9685312,0.72395587,0.9100353,23744.955,2.771498,0.6484163,0.06529996,0.80017775,0.0
865,0.05362239,0.6760339,0.688635,0.5824267,16566.244,0.05362239,0.0,0.028527606,0.34957382,0.0
866,0.0,0.6068431,0.5510665,0.59948945,16566.244,0.0,0.0,0.050688785,0.6211342,0.0
867,0.0,0.61599183,0.5722737,0.46513692,16566.244,0.0,0.0,0.04568866,0.55986327,0.0
868,0.0,0.6316073,0.5788264,0.5803964,16566.244,0.0,0.0,0.047876082,0.5866677,0.0
869,0.0,0.6141876,0.59408146,0.40218297,16566.244,0.0,0.0,0.039819583,0.48794436,0.0
870,0.0,0.6076751,0.619398,0.59823656,16566.244,0.0,0.0,0.039882246,0.48871222,0.0
871,0.80813307,0.7572342,0.64930314,0.64105016,16566.244,0.80813307,0.0,0.039084077,0.47893155,0.0
872,0.091401786,0.6800997,0.6067114,0.7367858,16566.244,0.091401786,0.0,0.035854407,0.43935555,0.0
873,1.2643857,0.80633605,0.620158,0.68570584,16566.244,1.2643857,0.0,0.033911843,0.4155516,0.0
874,0.1180982,0.6829728,0.5423809,0.46596885,16566.244,0.1180982,0.0,0.03837912,0.4702931,0.0
875,0.4658278,0.7203954,0.574329,0.6280932,16566.244,0.4658278,0.0,0.030441321,0.37302426,0.0
876,0.8103157,0.7574691,0.59703135,0.4313363,16566.244,0.8103157,0.0,0.04037553,0.49475688,0.0
877,1.2188153,0.8014318,0.64699453,0.5433342,16566.244,1.2188153,0.0,0.03754813,0.46011022,0.0
878,0.83402085,0.76002026,0.6191174,0.617615,16566.244,0.83402085,0.0,0.038373638,0.4702259,0.0
879,1.2660977,0.8065203,0.69223905,0.5725037,16566.244,1.2660977,0.0,0.03744627,0.45886207,0.0
880,1.1355731,0.79247326,0.6358854,0.59296125,16566.244,1.1355731,0.0,0.03896278,0.47744521,0.0
881,0.7936511,0.7556757,0.605859,0.70413226,16566.244,0.7936511,0.0,0.04950099,0.6065791,0.0
882,1.6382474,0.84657097,0.63021386,0.69481814,16566.244,1.6382474,0.0,0.049947,0.6120445,0.0
883,1.4586965,0.82724774,0.6399802,0.6883343,16566.244,1.4586965,0.0,0.042559195,0.52151525,0.0
884,1.0766767,0.78613484,0.603183,0.61913747,16566.244,1.0766767,0.0,0.041592523,0.5096697,0.0
885,0.44173944,0.717803,0.6524271,0.6530849,16566.244,0.44173944,0.0,0.041320357,0.50633466,0.0
886,1.584057,0.840739,0.6285954,0.6365278,16566.244,1.584057,0.0,0.046722997,0.57253796,0.0
887,1.9968971,0.8851688,0.680974,0.6355096,27610.412,1.9968971,1.0110104,0.04514845,0.55324364,0.0
888,1.6626093,0.8491928,0.6725481,0.65856355,28162.62,1.6626093,1.0628095,0.04632319,0.56763875,0.0
889,0.85024756,0.6992957,0.7500804,0.48866504,28162.62,0.26977018,1.0628095,0.034972016,0.42854285,0.0
890,2.1591756,0.9026332,0.8270401,0.5584882,28162.62,2.1591756,1.0628095,0.039823346,0.48799047,0.0
891,2.370843,0.9254128,0.83484477,0.48465347,28162.62,2.370843,1.0628095,0.04372795,0.535837,0.0
892,3.2719889,1.022394,0.9332779,0.60215646,28162.62,3.2719889,1.0628095,0.03331377,0.4082229,0.0
893,0.85024756,0.7542816,0.8978782,0.63758284,28162.62,0.7806972,1.0628095,0.039596558,0.48521143,0.0
894,3.406869,1.0369097,1.1018713,0.45490986,28162.62,3.406869,1.0628095,0.042201046,0.5171265,0.0
895,3.3523982,1.0310476,1.0080415,0.7393031,28162.62,3.3523982,1.0628095,0.042721346,0.5235022,0.0
896,2.1146305,0.89783925,0.97285765,0.78750646,28162.62,2.1146305,1.0628095,0.048405275,0.5931524,0.0
897,2.348662,0.92302567,1.127353,0.65041065,28162.62,2.348662,1.0628095,0.044155445,0.54107547,0.0
898,3.637412,1.0617207,1.0017438,0.7217399,28162.62,3.637412,1.0628095,0.036944423,0.45271248,0.0
899,2.0817893,0.8943049,0.9129306,0.6451109,28162.62,2.0817893,1.0628095,0.040374722,0.49474695,0.0
900,2.3036666,0.91818327,1.1207341,0.88590914,28162.62,2.3036666,1.0628095,0.04082001,0.50020343,0.0
901,1.0410728,0.78230315,1.2897061,0.8111523,28162.62,1.0410728,1.0628095,0.048903458,0.59925705,0.0
902,2.5202978,0.9414971,1.556189,0.8092069,28162.62,2.5202978,1.0628095,0.040377334,0.49477896,0.0
903,2.8632748,0.9784082,1.297744,0.8185958,28162.62,2.8632748,1.0628095,0.034547143,0.4233365,0.0
904,1.5568881,0.8378151,1.5898739,0.8831893,27058.193,1.5568881,0.9592102,0.039926276,0.48925173,0.0
905,4.5743012,1.1625485,1.3110355,0.68122447,26505.986,4.5743012,0.90741116,0.043642852,0.5347942,0.0
906,5.9689655,1.3126421,1.2779281,0.57438236,26505.986,5.9689655,0.90741116,0.046255264,0.56680644,0.0
907,4.667552,1.1725842,1.2014025,0.5626961,24297.16,4.667552,0.70021516,0.05352192,0.6558511,0.0
908,2.964336,0.9892844,0.85437775,0.68739045,24297.16,2.964336,0.70021516,0.05458114,0.6688307,0.0
909,2.3440063,0.92252463,0.87582314,0.6212588,23192.75,2.3440063,0.5966174,0.05072822,0.6216175,0.0
910,2.4995005,0.9392589,0.9706851,0.684082,23192.75,2.4995005,0.5966174,0.04753159,0.58244634,0.0
911,1.8870941,0.8733518,0.8600136,0.6860997,23192.75,1.8870941,0.5966174,0.04566754,0.5596045,0.0
912,3.3243072,1.0280244,1.0075173,0.6905522,22640.53,3.3243072,0.5448171,0.04836187,0.5926205,0.0
913,3.6995845,1.0684117,1.199179,0.67108864,7.226684,3.6995845,0.0,0.044254202,0.5422856,0.0
914,3.561694,1.0535719,1.3117883,0.65096533,2.2161837,3.561694,0.0,0.041202698,0.5048929,0.0
915,3.065499,1.0001715,0.98911744,0.6381951,2.2161837,3.065499,0.0,0.048323557,0.592151,0.0
916,2.871135,0.9792541,0.8800943,0.70034873,2.2161837,2.871135,0.0,0.045740455,0.560498,0.0
917,2.7941728,0.97097147,0.9399903,0.56006,2.2161837,2.7941728,0.0,0.037999086,0.4656362,0.0
918,2.9596715,0.9887824,0.98457795,0.6255999,2.2161837,2.9596715,0.0,0.036436934,0.44649377,0.0
919,2.9730957,0.9902271,0.9739989,0.7636316,2.2161837,2.9730957,0.0,0.04017802,0.49233657,0.0
920,3.0257359,0.9958922,0.98368716,0.73447484,5.1068583,3.0257359,0.0,0.037360035,0.45780534,0.0
921,3.2455273,1.0195462,0.9520698,0.75677997,16566.244,3.2455273,0.0,0.043210957,0.52950186,0.0
922,3.2857108,1.0238707,0.9561146,0.8133892,16566.244,3.2857108,0.0,0.037616547,0.46094862,0.0
923,3.0973673,1.0036012,1.0938506,0.5446841,16566.244,3.0973673,0.0,0.037171934,0.45550036,0.0
924,2.1107903,0.89742595,0.9224091,0.54193175,16566.244,2.1107903,0.0,0.034606155,0.42405963,0.0
925,5.8948226,1.3046628,1.0357069,0.9591209,16566.244,5.8948226,0.0,0.056868296,0.6968572,0.0
926,4.724655,1.1787297,0.94521505,0.9063286,17118.451,4.724655,0.026825838,0.047566943,0.58287954,0.0
927,2.6542933,0.95591766,1.2298284,0.73202753,17118.451,2.6542933,0.026825838,0.05051745,0.6190347,0.0
928,2.3757427,0.9259401,1.0944899,0.6766321,17118.451,2.3757427,0.026825838,0.042102072,0.5159137,0.0
929,1.8178408,0.8658988,0.9279639,0.7008495,17118.451,1.8178408,0.026825838,0.060416553,0.74033713,0.0
930,2.4726233,0.9363664,0.81453127,0.6849404,17118.451,2.4726233,0.026825838,0.04232171,0.5186051,0.0
931,0.93617857,0.77101445,0.83807194,0.5676374,17118.451,0.93617857,0.026825838,0.047680065,0.58426577,0.0
932,0.66964644,0.7423303,0.8348328,0.53641576,17118.451,0.66964644,0.026825838,0.04152675,0.50886375,0.0
933,1.6050748,0.84300095,0.91239625,0.7394989,17118.451,1.6050748,0.026825838,0.054535814,0.66827524,0.0
934,0.6459663,0.73978186,0.7911843,0.5651509,17118.451,0.6459663,0.026825838,0.03408267,0.41764492,0.0
935,0.6844446,0.7439229,0.64590436,0.3784766,17118.451,0.6844446,0.026825838,0.026054095,0.31926373,0.0
936,1.0835876,0.7868786,0.82121664,0.6039151,17118.451,1.0835876,0.026825838,0.02871872,0.35191572,0.0
937,1.5338753,0.8353385,0.9679676,0.5987545,17118.451,1.5338753,0.026825838,0.027549796,0.33759186,0.0
938,1.1672968,0.79588735,0.7744181,0.4786302,17118.451,1.1672968,0.026825838,0.022582939,0.2767286,0.0
939,1.6480997,0.8476313,0.90547514,0.5811829,17118.451,1.6480997,0.026825838,0.035528574,0.43536285,0.0
940,1.8091793,0.86496663,0.98698246,0.5340783,17118.451,1.8091793,0.026825838,0.036271278,0.44446385,0.0
941,2.4978456,0.9390808,1.1157835,0.63597006,17118.451,2.4978456,0.026825838,0.04319039,0.5292498,0.0
942,2.3515964,0.92334145,1.0660298,0.54756653,16566.244,2.3515964,0.0,0.03522564,0.43165073,0.0
943,1.4098225,0.8219879,0.7908949,0.7379722,16566.244,1.4098225,0.0,0.04286607,0.52527565,0.0
944,2.5258064,0.9420899,0.9544923,0.5412545,16566.244,2.5258064,0.0,0.029265888,0.35862064,0.0
945,2.7443583,0.96561044,0.9653318,0.69669384,16566.244,2.7443583,0.0,0.04422045,0.541872,0.0
946,3.3401837,1.0297331,1.1616687,0.62461776,16566.244,3.3401837,0.0,0.024304384,0.29782298,0.0
947,4.4093385,1.1447953,0.94742537,0.8725713,16566.244,4.4093385,0.0,0.033414267,0.40945438,0.0
948,1.5761536,0.83988845,0.7041847,0.7862922,16566.244,1.5761536,0.0,0.042662565,0.5227819,0.0
949,2.4900215,0.93823874,1.0299189,0.821386,16566.244,2.4900215,0.0,0.031199487,0.38231474,0.0
950,1.4089607,0.8218952,0.820453,0.73109543,16566.244,1.4089607,0.0,0.033164438,0.406393,0.0
951,1.3587343,0.8164898,1.0739963,0.777013,16566.244,1.3587343,0.0,0.035750035,0.43807662,0.0
952,1.2609469,0.80596596,1.0701804,0.78911096,16566.244,1.2609469,0.0,0.03697443,0.45308018,0.0
953,2.376968,0.92607194,0.9197272,0.79537207,16566.244,2.376968,0.0,0.05199095,0.6370908,0.0
954,3.2041264,1.0150906,0.8034089,0.89495885,16566.244,3.2041264,0.0,0.065343946,0.8007168,0.0
955,3.9358501,1.0938386,0.76329094,0.9381971,16566.244,3.9358501,0.0,0.068493314,0.8393088,0.0
956,2.1832154,0.9052203,0.9154284,0.788975,16566.244,2.1832154,0.0,0.047172375,0.5780446,0.0
957,1.8225502,0.8664056,0.82013613,0.77636766,16566.244,1.8225502,0.0,0.045033358,0.55183333,0.0
958,1.8093011,0.86497974,0.8422591,0.7196649,16566.244,1.8093011,0.0,0.040525068,0.49658927,0.0
959,1.1029667,0.78896415,0.8172649,0.75306284,16566.244,1.1029667,0.0,0.040551122,0.49690855,0.0
960,2.0296752,0.8886964,0.85627013,0.8319851,16566.244,2.0296752,0.0,0.048895955,0.5991651,0.0
961,1.9782674,0.88316387,0.81325245,0.6775761,16566.244,1.9782674,0.0,0.040147144,0.49195823,0.0
962,1.3508027,0.8156362,0.7996143,0.74545604,16566.244,1.3508027,0.0,0.04293439,0.52611285,0.0
963,2.840616,0.9759697,0.9532962,0.784769,16566.244,2.840616,0.0,0.056937512,0.6977054,0.0
964,2.6586006,0.9563812,0.8493088,0.5685404,16566.244,2.6586006,0.0,0.055870276,0.6846276,0.0
965,2.868465,0.9789668,0.9729753,0.78642106,16566.244,2.868465,0.0,0.059054382,0.72364527,0.0
966,2.6603231,0.9565666,0.89905804,0.42362937,16566.244,2.6603231,0.0,0.03661642,0.44869316,0.0
967,2.633949,0.9537282,0.86687815,0.48553774,16566.244,2.633949,0.0,0.034547802,0.42334458,0.0
968,2.6135464,0.9515325,0.95268244,0.38592246,16566.244,2.6135464,0.0,0.03218906,0.39444083,0.0
969,1.6329055,0.8459961,0.8336532,0.5106726,16566.244,1.6329055,0.0,0.037856605,0.46389025,0.0
970,2.4819613,0.9373713,0.9385611,0.616106,16566.244,2.4819613,0.0,0.04613987,0.5653924,0.0
971,2.09936,0.8961958,1.180014,0.6597005,16566.244,2.09936,0.0,0.040249847,0.49321675,0.0
972,5.046079,1.2133212,1.1801114,0.4209155,16566.244,5.046079,0.0,0.03309882,0.40558892,0.0
973,2.621543,0.95239305,1.138989,0.7525724,16566.244,2.621543,0.0,0.03840358,0.47059283,0.0
974,2.179114,0.90477896,0.8956243,0.7735445,16566.244,2.179114,0.0,0.033519857,0.41074827,0.0
975,2.1865628,0.9055806,1.1259576,0.5547311,16566.244,2.1865628,0.0,0.03695946,0.4528967,0.0
976,3.9353638,1.0937862,1.0987108,0.6363788,16566.244,3.9353638,0.0,0.044480376,0.5450571,0.0
977,4.368903,1.1404437,1.1289501,0.6189673,16566.244,4.368903,0.0,0.043077838,0.5278706,0.0
978,2.8933475,0.98164463,1.1617103,0.62856275,16566.244,2.8933475,0.0,0.045850564,0.56184727,0.0
979,3.2799764,1.0232536,1.046934,0.72230005,16566.244,3.2799764,0.0,0.0417698,0.5118421,0.0
980,2.139008,0.90046275,1.1299188,0.61927146,16566.244,2.139008,0.0,0.045322407,0.5553753,0.0
981,3.7107477,1.0696131,1.1431848,0.6229866,27610.412,3.7107477,1.0110104,0.049461935,0.60610056,0.0
982,2.7249036,0.9635167,0.8489642,0.7146024,28162.62,2.7249036,1.0628095,0.040811338,0.5000972,0.0
983,3.4060137,1.0368177,1.1190164,0.6444284,28162.62,3.4060137,1.0628095,0.039833117,0.48811018,0.0
984,4.9231024,1.2000865,1.2295654,0.5139945,28162.62,4.9231024,1.0628095,0.040585067,0.4973245,0.0
985,3.8802385,1.0878537,1.1528691,0.66043454,28162.62,3.8802385,1.0628095,0.042221207,0.51737356,0.0
986,4.67685,1.1735848,1.0270308,0.76556265,28162.62,4.67685,1.0628095,0.038181756,0.46787462,0.0
987,4.8665347,1.1939987,1.2506262,0.8602244,28162.62,4.8665347,1.0628095,0.044888247,0.55005515,0.0
988,4.872038,1.1945909,1.123185,0.8217362,28162.62,4.872038,1.0628095,0.051073067,0.62584317,0.0
989,6.005898,1.3166168,1.3305774,0.5279247,28162.62,6.005898,1.0628095,0.06380425,0.7818495,0.0
990,4.359633,1.139446,1.4389378,0.76294243,28162.62,4.359633,1.0628095,0.04737997,0.5805884,0.0
991,6.2059345,1.3381447,1.3193153,0.8170224,28162.62,6.2059345,1.0628095,0.0704427,0.8631963,0.0
992,2.731814,0.9642604,0.9407056,0.6880197,28162.62,2.731814,1.0628095,0.047213696,0.57855093,0.0
993,1.4967755,0.8313458,0.9320916,0.7472549,28162.62,1.4967755,1.0628095,0.06878491,0.8428819,0.0
994,2.814504,0.9731595,1.2488581,0.8212988,28162.62,2.814504,1.0628095,0.05090155,0.62374145,0.0
995,2.644832,0.95489943,0.95291114,0.6062188,28162.62,2.644832,1.0628095,0.033044253,0.40492028,0.0
996,2.067279,0.8927433,0.8892529,0.5716504,28162.62,2.067279,1.0628095,0.031448714,0.38536873,0.0
997,1.7303345,0.8564814,0.9592119,0.51980424,28162.62,1.7303345,1.0628095,0.03692775,0.45250815,0.0
998,1.0137688,0.7793647,1.0989857,0.7292366,27058.193,1.0137688,0.9592102,0.043823533,0.5370083,0.0
999,2.1643448,0.9031895,0.9129135,0.8729486,27058.193,2.1643448,0.9592102,0.05816382,0.71273243,0.0
1000,1.2678245,0.80670613,0.7431836,0.574027,24297.16,1.2678245,0.70021516,0.03869424,0.47415453,0.0
1001,1.7128829,0.85460323,1.0026671,0.8209826,24297.16,1.7128829,0.70021516,0.053256772,0.652602,0.0
1002,1.5642731,0.8386099,1.2130853,0.8542731,23744.955,1.5642731,0.6484163,0.059880443,0.7337677,0.0
1003,2.3452563,0.92265916,0.9354536,0.6627018,23744.955,2.3452563,0.6484163,0.04839631,0.59304255,0.0
1004,3.0831003,1.0020658,0.9783572,0.566142,23744.955,3.0831003,0.6484163,0.053016294,0.6496552,0.0
1005,3.2230134,1.0171232,1.0626732,0.53709036,22640.53,3.2230134,0.5448171,0.046178855,0.5658701,0.0
1006,3.202312,1.0148953,0.9965004,0.6271548,16566.244,3.202312,0.0,0.04379854,0.536702,0.0
1007,3.6713483,1.065373,1.0249645,0.697687,16566.244,3.6713483,0.0,0.04794557,0.5875192,0.0
1008,0.863173,0.7631576,0.94889003,0.6569918,16566.244,0.863173,0.0,0.044340856,0.5433475,0.0
1009,2.0867035,0.89483374,0.88112444,0.73721987,16566.244,2.0867035,0.0,0.0772662,0.94681066,0.0
1010,3.829202,1.0823611,1.220147,0.6856186,16566.244,3.829202,0.0,0.03666204,0.4492522,0.0
1011,3.5183377,1.048906,1.2012688,0.7152847,16566.244,3.5183377,0.0,0.04085044,0.5005763,0.0
1012,1.3818933,0.8189822,0.86866397,0.67326635,16566.244,1.3818933,0.0,0.038121436,0.46713546,0.0
1013,1.6638931,0.84933096,0.8478128,0.7532639,16566.244,1.6638931,0.0,0.051368367,0.62946177,0.0
1014,1.5817137,0.8404868,0.8451725,0.6504021,16566.244,1.5817137,0.0,0.040259585,0.49333608,0.0
1015,1.458111,0.82718474,0.80532444,0.5888331,16566.244,1.458111,0.0,0.038535737,0.47221226,0.0
1016,1.5040414,0.83212775,0.78394735,0.5493145,16566.244,1.5040414,0.0,0.038716618,0.47442874,0.0
1017,1.5721006,0.83945227,0.7499301,0.4715996,16566.244,1.5721006,0.0,0.045033555,0.5518357,0.0
1018,1.6223543,0.84486055,0.72502625,0.65933466,16566.244,1.6223543,0.0,0.053060956,0.6502025,0.0
1019,3.3342366,1.029093,0.9770365,0.57728434,16566.244,3.3342366,0.0,0.053586643,0.6566442,0.0
1020,2.161579,0.9028918,0.77946484,0.58472,16566.244,2.161579,0.0,0.047705814,0.58458126,0.0
1021,2.5418944,0.9438213,0.8320642,0.6097151,16566.244,2.5418944,0.0,0.049165342,0.60246617,0.0
1022,2.367188,0.92501944,0.83680725,0.6194197,16566.244,2.367188,0.0,0.043033816,0.5273312,0.0
1023,0.0,0.64614356,0.78638905,0.56862766,16566.244,0.0,0.0,0.0402595,0.49333504,0.0
1024,0.35342783,0.7082989,0.9838281,0.5793694,16566.244,0.35342783,0.0,0.03559074,0.43612465,0.0
1025,1.0264032,0.7807244,0.9145355,0.54454553,16566.244,1.0264032,0.0,0.033324692,0.40835676,0.0
1026,1.402191,0.82116663,0.97184724,0.53775865,16566.244,1.402191,0.0,0.033311438,0.40819433,0.0
1027,1.3520122,0.8157664,0.83237916,0.54011077,16566.244,1.3520122,0.0,0.03308944,0.405474,0.0
1028,1.1619693,0.795314,0.7073974,0.5242011,16566.244,1.1619693,0.0,0.03620513,0.4436533,0.0
1029,0.8863198,0.76564866,0.65946734,0.52420104,16566.244,0.8863198,0.0,0.036687594,0.44956532,0.0
1030,0.5691059,0.73151016,0.81182814,0.54187435,16566.244,0.5691059,0.0,0.033680353,0.41271496,0.0
1031,3.2631905,1.0214471,1.1027634,0.556818,16566.244,3.2631905,0.0,0.044290174,0.5427264,0.0
1032,3.402983,1.0364915,1.045458,0.608821,16566.244,3.402983,0.0,0.031990167,0.39200363,0.0
1033,1.8509463,0.8694616,0.9355784,0.55733675,16566.244,1.8509463,0.0,0.03259666,0.39943552,0.0
1034,1.5826591,0.84058857,1.1430198,0.5693586,16566.244,1.5826591,0.0,0.0325207,0.39850473,0.0
1035,2.24552,0.91192555,1.1965824,0.6700921,16566.244,2.24552,0.0,0.039294537,0.4815105,0.0
1036,2.8591764,0.97796714,1.1846706,0.65968233,16566.244,2.8591764,0.0,0.037302192,0.45709655,0.0
1037,2.9558644,0.9883727,1.1777331,0.7059422,16566.244,2.9558644,0.0,0.039479837,0.48378113,0.0
1038,0.5424422,0.7286406,1.1753572,0.7227221,16566.244,0.5424422,0.0,0.027341228,0.3350361,0.0
1039,3.7817519,1.0772545,1.2247665,0.679908,16566.244,3.7817519,0.0,0.027602576,0.33823863,0.0
1040,3.881818,1.0880237,1.1493012,0.6622788,16566.244,3.881818,0.0,0.03205404,0.39278632,0.0
1041,1.3235252,0.8127006,1.2917923,0.72350353,16566.244,1.3235252,0.0,0.040165797,0.4921868,0.0
1042,1.3270078,0.8130754,1.3338088,0.78593004,16566.244,1.3270078,0.0,0.05021262,0.6152994,0.0
1043,0.92300814,0.76959705,1.327372,0.64869034,16566.244,0.92300814,0.0,0.031815533,0.38986367,0.0
1044,0.0,0.6581967,0.94598734,0.75482416,16566.244,0.0,0.0,0.038555644,0.4724562,0.0
1045,4.66391,1.1721922,1.2774868,0.8095008,16566.244,4.66391,0.0,0.04585355,0.56188387,0.0
1046,0.0,0.6496779,0.60340905,0.8156224,16566.244,0.0,0.0,0.044406787,0.54415536,0.0
1047,4.9438148,1.2023156,1.3379723,0.7888739,16566.244,4.9438148,0.0,0.049271967,0.6037727,0.0
1048,5.1402836,1.2234595,1.4699026,0.7629028,16566.244,5.1402836,0.0,0.049532864,0.6069697,0.0
1049,1.5685731,0.83907264,0.98284024,0.519047,16566.244,1.5685731,0.0,0.061835162,0.7577206,0.0
1050,2.0335395,0.88911223,1.0151281,0.8512643,16566.244,2.0335395,0.0,0.053409323,0.6544714,0.0
1051,3.275859,1.0228105,1.363902,0.61597186,16566.244,3.275859,0.0,0.051224224,0.62769544,0.0
1052,2.8487082,0.97684056,1.1961257,0.645956,16566.244,2.8487082,0.0,0.053251125,0.6525328,0.0
1053,1.8826119,0.87286943,1.3849663,0.76195467,16566.244,1.8826119,0.0,0.04737004,0.58046675,0.0
1054,1.7847298,0.8623354,1.1796103,0.7119439,16566.244,1.7847298,0.0,0.053967737,0.66131413,0.0
1055,3.3994873,1.0361153,1.2069882,0.5269409,16566.244,3.3994873,0.0,0.047970954,0.58783025,0.0
1056,1.7489969,0.8584898,0.84126854,0.5353563,16566.244,1.7489969,0.0,0.048974816,0.60013145,0.0
1057,1.9419197,0.87925214,0.7337094,0.70587873,16566.244,1.9419197,0.0,0.05182422,0.63504773,0.0
1058,1.6990396,0.8531134,0.7986841,0.83535236,16566.244,1.6990396,0.0,0.050054785,0.6133653,0.0
1059,1.8446181,0.86878055,0.78585637,0.5359683,16566.244,1.8446181,0.0,0.034807634,0.4265285,0.0
1060,1.2473345,0.804501,0.8599294,0.6534117,16566.244,1.2473345,0.0,0.04931214,0.604265,0.0
1061,1.2575934,0.80560505,0.7078691,0.69217414,16566.244,1.2575934,0.0,0.044629555,0.5468852,0.0
1062,1.0250956,0.7805837,0.7656221,0.5127663,16566.244,1.0250956,0.0,0.032993313,0.40429607,0.0
1063,1.0021476,0.778114,0.7909483,0.52324164,16566.244,1.0021476,0.0,0.05067011,0.6209054,0.0
1064,1.1077989,0.7894842,0.7514723,0.5477949,16566.244,1.1077989,0.0,0.044407506,0.5441642,0.0
1065,0.80035704,0.75639737,0.7121438,0.5563953,16566.244,0.80035704,0.0,0.041482568,0.50832236,0.0
1066,0.6762472,0.7430407,0.7901821,0.6080216,16566.244,0.6762472,0.0,0.051613815,0.6324694,0.0
1067,2.0908751,0.8952827,1.196322,0.68828315,16566.244,2.0908751,0.0,0.05418276,0.663949,0.0
1068,1.180362,0.7972934,0.7466202,0.41839984,16566.244,1.180362,0.0,0.035895843,0.43986332,0.0
1069,1.7914884,0.86306274,1.2968832,0.7037262,16566.244,1.7914884,0.0,0.04663613,0.5714735,0.0
1070,1.4012424,0.82106453,0.98031473,0.67110497,16566.244,1.4012424,0.0,0.042490266,0.5206706,0.0
1071,0.78918433,0.75519496,0.7032016,0.66503125,16566.244,0.78918433,0.0,0.04670662,0.57233727,0.0
1072,0.32288662,0.7050121,1.263599,0.6728373,16566.244,0.32288662,0.0,0.039654132,0.48591694,0.0
1073,0.9443627,0.77189523,0.8035517,0.6629734,27610.412,0.9443627,1.0110104,0.03618725,0.44343418,0.0
1074,2.7524002,0.9664759,1.0059435,0.7733076,27610.412,2.7524002,1.0110104,0.04414001,0.54088634,0.0
1075,2.570943,0.9469475,0.9254612,0.7450441,27610.412,2.570943,1.0110104,0.052276377,0.6405884,0.0
1076,3.2604446,1.0211515,0.93022907,0.7253804,27610.412,3.2604446,1.0110104,0.04883486,0.59841645,0.0
1077,2.4768062,0.9368165,0.9793697,0.7760614,27610.412,2.4768062,1.0110104,0.05427978,0.6651378,0.0
1078,2.6746116,0.9581043,0.96510917,0.7811171,27610.412,2.6746116,1.0110104,0.050021883,0.6129621,0.0
1079,2.517971,0.9412467,1.538837,0.56300265,27610.412,2.517971,1.0110104,0.03674163,0.45022747,0.0
1080,3.3246384,1.0280601,0.9569774,0.7709598,27610.412,3.3246384,1.0110104,0.056476958,0.6920618,0.0
1081,0.8088083,0.6738208,0.8177525,0.6973954,27610.412,0.033058148,1.0110104,0.045276854,0.5548171,0.0
1082,2.6028202,0.9503781,1.0840473,0.791793,27610.412,2.6028202,1.0110104,0.06423669,0.78714865,0.0
1083,1.8464458,0.86897725,0.8945429,0.69788337,27610.412,1.8464458,1.0110104,0.048143893,0.5899494,0.0
1084,1.5594674,0.8380927,0.78335965,0.5392383,27610.412,1.5594674,1.0110104,0.044022836,0.5394505,0.0
1085,3.7797346,1.0770375,1.1242605,0.85509306,27610.412,3.7797346,1.0110104,0.0528917,0.6481285,0.0
1086,0.8088083,0.65997493,0.60990554,0.50057113,27610.412,0.0,1.0110104,0.044774003,0.5486552,0.0
1087,0.8088083,0.68252945,0.6291577,0.6536853,27610.412,0.1139787,1.0110104,0.044316,0.5430429,0.0
1088,0.8088083,0.69005615,0.67556036,0.6756324,27610.412,0.18391652,1.0110104,0.04803024,0.5885567,0.0
1089,0.8261119,0.7591691,1.1519752,0.8033131,25953.78,0.8261119,0.85561216,0.05791214,0.7096484,0.0
1090,4.8555255,1.1928139,1.0239365,0.8574742,25953.78,4.8555255,0.85561216,0.070644975,0.865675,0.0
1091,0.6844897,0.71692085,1.0091366,0.7532639,25953.78,0.43354255,0.85561216,0.05494587,0.6733,0.0
1092,0.6844897,0.69401073,0.9593329,0.65284735,25953.78,0.22066244,0.85561216,0.05210165,0.6384473,0.0
1093,2.146018,0.90121716,0.9009073,0.8258974,25953.78,2.146018,0.85561216,0.06577483,0.8059968,0.0
1094,0.77677494,0.75385946,0.8223776,0.7090321,23744.955,0.77677494,0.6484163,0.06005664,0.7359268,0.0
1095,3.7127004,1.0679737,1.1827427,0.7227374,23192.75,3.695515,0.5966174,0.0826911,1.0132867,1.0
1096,2.346984,0.92284507,1.004304,0.7537731,23192.75,2.346984,0.5966174,0.054214258,0.66433495,0.0
1097,1.9904586,0.8844759,0.7685793,0.73721987,17118.451,1.9904586,0.026825838,0.060398016,0.74011,0.0
1098,3.127831,1.0068797,1.1612972,0.5611452,17118.451,3.127831,0.026825838,0.06248856,0.7657272,0.0
1099,0.6591583,0.7412016,0.8545533,0.6539969,17118.451,0.6591583,0.026825838,0.05125251,0.62804204,0.0
1100,1.5662088,0.8388182,0.83176666,0.69357526,17118.451,1.5662088,0.026825838,0.07059958,0.8651187,0.0
1101,1.1366924,0.7925937,0.8597909,0.70318544,17118.451,1.1366924,0.026825838,0.055668533,0.68215543,0.0
1102,1.7581563,0.85947555,0.89854777,0.71441764,17118.451,1.7581563,0.026825838,0.056171637,0.68832046,0.0
1103,1.0190692,0.7799351,0.7856532,0.5947946,16014.038,1.0190692,0.0,0.047936443,0.58740735,0.0
1104,1.4732393,0.82881284,0.76323724,0.75088286,16014.038,1.4732393,0.0,0.053917047,0.66069293,0.0
1105,0.0,0.6072821,0.6215521,0.7645395,16566.244,0.0,0.0,0.05324101,0.6524089,0.0
1106,1.509303,0.832694,0.83771914,0.67118424,16566.244,1.509303,0.0,0.04978469,0.61005557,0.0
1107,1.6203504,0.8446449,0.73861647,0.5896677,16566.244,1.6203504,0.0,0.063333206,0.77607745,0.0
1108,2.021836,0.8878527,1.0049233,0.6563967,16566.244,2.021836,0.0,0.05269584,0.64572847,0.0
1109,1.453024,0.82663727,0.6756431,0.77918345,16566.244,1.453024,0.0,0.050452206,0.61823523,0.0
1110,1.230691,0.8027098,0.6557126,0.56535167,16566.244,1.230691,0.0,0.05027664,0.61608386,0.0
1111,3.1624994,1.0106107,1.0443852,0.7656646,16566.244,3.1624994,0.0,0.0569948,0.69840735,0.0
1112,1.4199512,0.823078,0.6905125,0.7276241,16566.244,1.4199512,0.0,0.053688142,0.657888,0.0
1113,2.20738,0.90782094,0.7173509,0.8189799,16566.244,2.20738,0.0,0.045718756,0.5602321,0.0
1114,0.0,0.5925253,0.69756323,0.75392216,16566.244,0.0,0.0,0.049719032,0.609251,0.0
1115,1.2955887,0.8096941,0.80183333,0.76095515,16566.244,1.2955887,0.0,0.048992593,0.6003493,0.0
1116,1.4909735,0.8307214,0.68338215,0.71992046,28162.62,1.4909735,1.0628095,0.05099163,0.62484527,0.0
1117,0.9041857,0.7675714,0.639041,0.4894837,28162.62,0.9041857,1.0628095,0.04834474,0.59241056,0.0
1118,0.85024756,0.73755556,0.8963146,0.6989979,28162.62,0.6252796,1.0628095,0.04847174,0.59396684,0.0
1119,0.85024756,0.70848817,0.94270355,0.6989979,28162.62,0.35518628,1.0628095,0.046864584,0.57427293,0.0
1120,1.4966874,0.8313363,0.8306404,0.6608529,28162.62,1.4966874,1.0628095,0.045235954,0.5543159,0.0
1121,6.8334217,1.4056747,1.4338194,0.4567682,28162.62,6.8334217,1.0628095,0.0462926,0.5672639,0.0
1122,2.2966821,0.9174316,0.9920137,0.705201,28162.62,2.2966821,1.0628095,0.044766434,0.54856247,0.0
1123,3.8250437,1.0819136,1.3185657,0.68197805,28162.62,3.8250437,1.0628095,0.046510816,0.5699379,0.0
1124,0.85024756,0.72032315,0.73701847,0.67348546,28162.62,0.46515653,1.0628095,0.051932137,0.6363701,0.0
1125,0.85024756,0.7485858,0.6582249,0.68860614,28162.62,0.7277724,1.0628095,0.0473501,0.5802224,0.0
1126,3.1984406,1.0144787,1.0777167,0.8060091,28162.62,3.1984406,1.0628095,0.038308147,0.46942338,0.0
1127,0.85024756,0.76047504,0.7588927,0.54700506,28162.62,0.83824664,1.0628095,0.03797642,0.46535847,0.0
1128,0.9547667,0.7730149,0.7500242,0.59313226,28162.62,0.9547667,1.0628095,0.043616153,0.53446704,0.0
1129,2.5663977,0.94645834,0.86505544,0.8906595,28162.62,2.5663977,1.0628095,0.037500806,0.45953032,0.0
1130,1.0506926,0.7833384,1.2402477,0.9533338,28162.62,1.0506926,1.0628095,0.041419532,0.50754994,0.0
1131,0.85024756,0.7476486,0.7659452,0.5540678,28162.62,0.71906376,1.0628095,0.04006019,0.4908927,0.0
1132,0.7673682,0.74583185,0.81075287,0.51555884,27058.193,0.7021826,0.9592102,0.03747956,0.45927,0.0
1133,2.3016987,0.9179715,0.9762904,0.5222619,27058.193,2.3016987,0.9592102,0.027842343,0.3411767,0.0
1134,2.8292012,0.9747412,1.1435294,0.7449784,27058.193,2.8292012,0.9592102,0.047078237,0.576891,0.0
1135,1.7833153,0.86218315,0.8650321,0.78626966,27058.193,1.7833153,0.9592102,0.047636352,0.5837301,0.0
1136,2.9455125,0.9872586,1.1932901,0.6660883,26505.986,2.9455125,0.90741116,0.042525046,0.52109677,0.0
1137,0.72592896,0.73797363,1.140204,0.6756435,26505.986,0.6291643,0.90741116,0.052883532,0.6480284,0.0
1138,2.6748996,0.9581353,1.1918635,0.8536273,26505.986,2.6748996,0.90741116,0.051364467,0.62941396,0.0
1139,3.1447797,1.0087037,0.9382015,0.8909808,26505.986,3.1447797,0.90741116,0.06521918,0.7991879,0.0
1140,1.798238,0.86378914,0.8342867,0.9049492,26505.986,1.798238,0.90741116,0.05401409,0.6618821,0.0
1141,2.0937474,0.8955918,1.0610076,0.71890855,26505.986,2.0937474,0.90741116,0.04930917,0.6042286,0.0
1142,1.764746,0.8601847,0.8659715,0.56650496,20983.91,1.764746,0.38942012,0.044448305,0.54466414,0.0
1143,0.49726513,0.72377867,0.7719085,0.4054009,6.648551,0.49726513,0.0,0.048797663,0.59796065,0.0
1144,0.6267966,0.7377188,0.7692313,0.47371313,6.648551,0.6267966,0.0,0.0488218,0.5982564,0.0
1145,0.7265634,0.7484557,0.87925667,0.80356807,6.648551,0.7265634,0.0,0.042193327,0.5170319,0.0
1146,0.72673064,0.7484737,0.77021873,0.6999412,6.648551,0.72673064,0.0,0.039575756,0.4849565,0.0
1147,1.0186715,0.7798923,0.75219274,0.70473415,20983.91,1.0186715,0.38942012,0.049362607,0.60488343,0.0
1148,2.1411247,0.90069056,0.92124104,0.80581516,20983.91,2.1411247,0.38942012,0.044849474,0.54958004,0.0
1149,1.4838748,0.8299574,0.81628,0.72575766,20983.91,1.4838748,0.38942012,0.04631893,0.56758654,0.0
1150,1.522434,0.83410716,0.8741793,0.7476404,20983.91,1.522434,0.38942012,0.05057994,0.61980045,0.0
1151,2.4047637,0.9290633,0.7824213,0.730762,20983.91,2.4047637,0.38942012,0.03994638,0.4894981,0.0
1152,1.7217566,0.8555582,0.83852506,0.6290879,20983.91,1.7217566,0.38942012,0.042961653,0.5264469,0.0
1153,1.6057765,0.84307647,0.9099307,0.60014915,16566.244,1.6057765,0.0,0.038667753,0.47382995,0.0
1154,1.5488502,0.83695006,0.91521174,0.4697734,16566.244,1.5488502,0.0,0.04716236,0.57792187,0.0
1155,2.7213423,0.96313345,0.89563686,0.678059,16566.244,2.7213423,0.0,0.037666608,0.46156204,0.0
1156,2.6084383,0.95098275,1.0208757,0.63129145,16566.244,2.6084383,0.0,0.04962065,0.60804546,0.0
1157,3.2890995,1.0242354,1.0190235,0.3968405,16566.244,3.2890995,0.0,0.033107515,0.4056955,0.0
1158,1.9965725,0.88513386,0.97770095,0.43375796,16566.244,1.9965725,0.0,0.038037907,0.4661119,0.0
1159,2.8369207,0.975572,1.0200514,0.40402028,16566.244,2.8369207,0.0,0.03584278,0.4392131,0.0
1160,2.5718386,0.9470439,1.0596513,0.5091256,16566.244,2.5718386,0.0,0.048324037,0.5921569,0.0
1161,2.9888504,0.9919226,0.9793298,0.61965215,16566.244,2.9888504,0.0,0.053701546,0.65805227,0.0
1162,2.7764437,0.96906346,1.0608957,0.60906845,16566.244,2.7764437,0.0,0.05022229,0.61541784,0.0
1163,3.6268115,1.0605799,1.1271515,0.51646346,16566.244,3.6268115,0.0,0.039468795,0.48364583,0.0
1164,3.436946,1.0401466,0.979167,0.5679768,16566.244,3.436946,0.0,0.043038093,0.52738357,0.0
1165,3.5758634,1.0550969,1.0648613,0.5385025,16566.244,3.5758634,0.0,0.04020944,0.4927216,0.0
1166,3.6627173,1.0644441,1.1563048,0.5908996,16566.244,3.6627173,0.0,0.04227124,0.51798666,0.0
1167,4.2231956,1.1247627,1.2036234,0.5272697,16566.244,4.2231956,0.0,0.037990715,0.4655336,0.0
1168,4.40768,1.1446168,1.1752974,0.58133537,16566.244,4.40768,0.0,0.041984122,0.5144684,0.0
1169,3.8661544,1.0863379,1.0462341,0.64228547,16566.244,3.8661544,0.0,0.034729786,0.4255746,0.0
1170,3.661531,1.0643164,1.292629,0.51610756,16566.244,3.661531,0.0,0.035176184,0.4310447,0.0
1171,5.882537,1.3033407,1.3667145,0.83425325,16566.244,5.882537,0.0,0.048431676,0.5934759,0.0
1172,6.3419156,1.3527789,1.4661441,0.7145948,16566.244,6.3419156,0.0,0.04282221,0.52473813,0.0
1173,4.209527,1.1232916,1.534313,0.6836198,16566.244,4.209527,0.0,0.04159785,0.50973505,0.0
1174,6.128709,1.3298336,1.5419142,0.7210871,16566.244,6.128709,0.0,0.04544615,0.5568916,0.0
1175,8.4573765,1.5804445,1.5561395,0.6689197,16566.244,8.4573765,0.0,0.04259996,0.52201474,0.0
1176,4.1700044,1.1190382,1.1442629,0.6824207,16566.244,4.1700044,0.0,0.035436306,0.4342322,0.0
1177,4.0938873,1.1108465,1.1297765,0.75183505,16566.244,4.0938873,0.0,0.035895146,0.43985477,0.0
1178,7.837133,1.5136939,1.2853625,0.88575065,16566.244,7.837133,0.0,0.04848053,0.59407455,0.0
1179,9.287102,1.6697394,1.336997,0.9779943,16566.244,9.287102,0.0,0.04128095,0.5058518,0.0
1180,7.594262,1.4875562,1.5595038,0.6736845,16566.244,7.594262,0.0,0.026009304,0.31871486,0.0
1181,6.751629,1.3968722,1.4282683,0.7113879,16566.244,6.751629,0.0,0.038728096,0.47456938,0.0
1182,7.3862514,1.4651701,1.6037581,0.7634112,16566.244,7.3862514,0.0,0.03636123,0.4455661,0.0
1183,6.770505,1.3989036,1.569113,0.63044333,16566.244,6.770505,0.0,0.03549193,0.43491378,0.0
1184,7.0946336,1.4337863,1.6374918,0.5596775,16566.244,7.0946336,0.0,0.036894444,0.45210004,0.0
1185,2.734386,0.9645372,0.9647138,0.9005231,16566.244,2.734386,0.0,0.041469336,0.50816023,0.0
1186,2.8668506,0.978793,0.97455925,0.7711444,16566.244,2.8668506,0.0,0.04388225,0.5377278,0.0
1187,3.0322967,0.9965983,1.0067285,0.75590897,16566.244,3.0322967,0.0,0.03989402,0.48885646,0.0
1188,2.860221,0.97807956,0.9273464,0.6034345,16566.244,2.860221,0.0,0.03537768,0.43351382,0.0
1189,3.0787416,1.0015967,0.9076679,0.65811235,16566.244,3.0787416,0.0,0.03971697,0.48668694,0.0
1190,2.7963643,0.9712073,0.8984528,0.682372,16566.244,2.7963643,0.0,0.04501277,0.551581,0.0
1191,2.7934163,0.97089005,0.92600226,0.6792773,16566.244,2.7934163,0.0,0.03979037,0.48758638,0.0
1192,2.72358,0.96337426,0.9391656,0.6034345,16566.244,2.72358,0.0,0.03306336,0.4051544,0.0
1193,2.7869744,0.9701968,1.0053992,0.74599326,16566.244,2.7869744,0.0,0.04741272,0.5809897,0.0
1194,2.609586,0.95110625,0.8876378,0.54284596,16566.244,2.609586,0.0,0.03333775,0.40851673,0.0
1195,5.678155,1.2813451,1.3506769,0.3846654,16566.244,5.678155,0.0,0.039569296,0.48487735,0.0
1196,2.5549662,0.9452281,0.8662476,0.559449,16566.244,2.5549662,0.0,0.037976068,0.46535414,0.0
1197,2.7930756,0.9708534,0.90303755,0.50574404,16566.244,2.7930756,0.0,0.039125986,0.4794451,0.0
1198,3.006232,0.99379325,0.9374534,0.683142,16566.244,3.006232,0.0,0.045510147,0.55767584,0.0
1199,2.8468091,0.9766362,0.95333076,0.64262587,16566.244,2.8468091,0.0,0.044467926,0.5449046,0.0
1200,3.948757,1.0952276,1.0372908,0.60486823,16566.244,3.948757,0.0,0.042405035,0.51962614,0.0
1201,2.4413795,0.9330039,0.88068,0.5417725,16566.244,2.4413795,0.0,0.03990976,0.48904938,0.0
1202,2.9123943,0.98369443,1.0354873,0.51250017,16566.244,2.9123943,0.0,0.037780873,0.46296224,0.0
1203,3.0098858,0.99418646,1.0221457,0.5815189,16566.244,3.0098858,0.0,0.032633238,0.39988375,0.0
1204,0.8155424,0.7580316,0.9642055,0.5661945,16566.244,0.8155424,0.0,0.03244993,0.39763752,0.0
1205,2.6404839,0.9544315,1.1683115,0.6842829,16566.244,2.6404839,0.0,0.04000602,0.49022892,0.0
1206,0.5083049,0.72496676,1.3834822,0.6017885,16566.244,0.5083049,0.0,0.048046693,0.58875835,0.0
1207,2.2379727,0.9111133,1.1927683,0.704359,16566.244,2.2379727,0.0,0.039881635,0.48870474,0.0
1208,3.3805268,1.0340748,1.3038076,0.7131823,16566.244,3.3805268,0.0,0.040079623,0.49113086,0.0
1209,6.241723,1.3419962,1.3397678,0.46331653,16566.244,6.241723,0.0,0.032359295,0.39652687,0.0
1210,5.432451,1.2549025,1.3411585,0.4787192,28162.62,5.432451,1.0628095,0.03179059,0.38955805,0.0
1211,5.954147,1.3110473,1.2940066,0.49792764,28162.62,5.954147,1.0628095,0.031598125,0.38719958,0.0
1212,4.882426,1.1957089,1.1917862,0.7783169,28162.62,4.882426,1.0628095,0.047026675,0.5762592,0.0
1213,3.1421146,1.0084169,1.052517,0.77701837,28162.62,3.1421146,1.0628095,0.039337512,0.4820371,0.0
1214,4.686234,1.1745948,1.0481186,0.77700466,28162.62,4.686234,1.0628095,0.04397865,0.5389091,0.0
1215,5.288544,1.2394153,1.2039727,0.80614007,28162.62,5.288544,1.0628095,0.03200301,0.39216104,0.0
1216,3.064871,1.000104,1.059992,0.75665283,28162.62,3.064871,1.0628095,0.03730877,0.45717716,0.0
1217,4.9687743,1.2050017,1.1994644,0.7405681,28162.62,4.9687743,1.0628095,0.043690473,0.53537774,0.0
1218,2.1843934,0.9053471,1.1583633,0.64580536,28162.62,2.1843934,1.0628095,0.0496759,0.60872245,0.0
1219,4.5000405,1.1545566,1.595629,0.7098669,28162.62,4.5000405,1.0628095,0.041886665,0.51327413,0.0
1220,2.8451757,0.9764604,1.1466761,0.7798637,28162.62,2.8451757,1.0628095,0.047232877,0.57878596,0.0
1221,6.9348927,1.416595,1.424995,0.4649402,28162.62,6.9348927,1.0628095,0.06970315,0.8541339,0.0
1222,3.1502173,1.0092889,1.1669059,0.7085223,28162.62,3.1502173,1.0628095,0.04737779,0.5805617,0.0
1223,2.0089316,0.88646394,0.96957964,0.6867082,28162.62,2.0089316,1.0628095,0.047174543,0.5780711,0.0
1224,2.5909345,0.949099,0.97675693,0.7931736,28162.62,2.5909345,1.0628095,0.053318273,0.65335566,0.0
1225,3.4791346,1.0446869,1.3078371,0.81866777,28162.62,3.4791346,1.0628095,0.049270544,0.6037553,0.0
1226,1.0389023,0.78206956,1.1619858,0.46591327,25953.78,1.0389023,0.85561216,0.045592267,0.55868214,0.0
1227,2.3258193,0.92056733,1.0508509,0.6448185,25953.78,2.3258193,0.85561216,0.057467375,0.70419824,0.0
1228,2.9815278,0.9911346,1.1014104,0.6448185,25953.78,2.9815278,0.85561216,0.054369602,0.66623855,0.0
1229,0.6844897,0.73804855,0.86857814,0.566142,25953.78,0.62986046,0.85561216,0.054498278,0.66781527,0.0
1230,0.6844897,0.7225091,0.9248223,0.62746745,25953.78,0.48546824,0.85561216,0.05596378,0.6857734,0.0
1231,0.6844897,0.7163615,1.0783502,0.6276314,25953.78,0.42834526,0.85561216,0.061738677,0.7565383,0.0
1232,2.0589848,0.89185065,1.0692747,0.64685446,25953.78,2.0589848,0.85561216,0.0625261,0.76618725,0.0
1233,2.6705923,0.95767176,1.0756257,0.6388796,25953.78,2.6705923,0.85561216,0.05875135,0.7199319,0.0
1234,2.0949016,0.895716,0.90400106,0.50245917,25953.78,2.0949016,0.85561216,0.058933556,0.72216463,0.0
1235,2.7694027,0.9683057,0.974222,0.61150134,25953.78,2.7694027,0.85561216,0.0541805,0.6639213,0.0
1236,1.988163,0.8842288,0.84640807,0.55087256,25953.78,1.988163,0.85561216,0.04063835,0.4979774,0.0
1237,1.2718526,0.80713964,0.87181777,0.6404516,16566.244,1.2718526,0.0,0.060630567,0.7429596,0.0
1238,1.0318806,0.7813139,0.7871367,0.58149165,16566.244,1.0318806,0.0,0.06559076,0.8037413,0.0
1239,1.9752202,0.8828359,0.832056,0.6270563,16566.244,1.9752202,0.0,0.06562932,0.8042137,0.0
1240,0.95048434,0.77255404,0.8282744,0.6270563,16566.244,0.95048434,0.0,0.064923994,0.7955708,0.0
1241,1.0571681,0.7840353,0.88837266,0.6242853,28162.62,1.0571681,1.0628095,0.059258588,0.72614753,0.0
1242,2.2875314,0.9164468,1.053158,0.6833257,28162.62,2.2875314,1.0628095,0.056391444,0.69101393,0.0
1243,1.2857585,0.8086362,0.82787555,0.6475909,28162.62,1.2857585,1.0628095,0.05224268,0.64017546,0.0
1244,2.4090564,0.9295253,0.8764777,0.62588036,28162.62,2.4090564,1.0628095,0.052860748,0.6477492,0.0
1245,2.5202036,0.94148695,0.9167537,0.643872,28162.62,2.5202036,1.0628095,0.057364967,0.7029433,0.0
1246,2.6049614,0.95060855,0.88902456,0.4745248,28162.62,2.6049614,1.0628095,0.042769466,0.52409184,0.0
1247,2.4423537,0.93310875,0.89661723,0.43200013,28162.62,2.4423537,1.0628095,0.03904075,0.47840065,0.0
1248,2.8310273,0.97493774,0.9047473,0.5572683,28162.62,2.8310273,1.0628095,0.04806108,0.58893466,0.0
1249,2.9936035,0.99243414,0.83686095,0.7913839,28162.62,2.9936035,1.0628095,0.04031882,0.49406195,0.0
1250,1.8287549,0.86707336,0.8889769,0.4285605,28162.62,1.8287549,1.0628095,0.04043373,0.49547005,0.0
1251,1.8245567,0.86662155,0.9061317,0.43253922,28162.62,1.8245567,1.0628095,0.04780956,0.58585256,0.0
1252,2.571005,0.9469542,0.84175175,0.66395223,28162.62,2.571005,1.0628095,0.047461256,0.5815845,0.0
1253,2.0231936,0.8879988,0.9431143,0.6501405,28162.62,2.0231936,1.0628095,0.044529706,0.5456616,0.0
1254,2.4386451,0.93270963,0.9046801,0.52617294,28162.62,2.4386451,1.0628095,0.042703226,0.52328014,0.0
1255,1.9369888,0.8787215,0.94578654,0.52797294,28162.62,1.9369888,1.0628095,0.03442163,0.4217985,0.0
1256,1.5712731,0.8393632,0.8612544,0.47857717,28162.62,1.5712731,1.0628095,0.043179166,0.5291123,0.0
1257,1.3502039,0.8155718,0.75606126,0.43068323,22088.322,1.3502039,0.49301803,0.04155687,0.5092328,0.0
1258,1.0188032,0.7799065,0.87112594,0.55254537,16566.244,1.0188032,0.0,0.035099752,0.4301081,0.0
1259,1.2015083,0.7995692,0.783132,0.49252298,16566.244,1.2015083,0.0,0.03784026,0.46368995,0.0
1260,3.0689163,1.0005393,1.0869488,0.58908576,16566.244,3.0689163,0.0,0.041298054,0.5060614,0.0
1261,2.5094557,0.94033027,1.054222,0.5493566,16566.244,2.5094557,0.0,0.033841137,0.4146852,0.0
1262,2.1417236,0.900755,0.91926587,0.5525453,16566.244,2.1417236,0.0,0.030451402,0.3731478,0.0
1263,0.5356587,0.7279106,0.78366715,0.66537386,16566.244,0.5356587,0.0,0.04209965,0.51588404,0.0
1264,1.3649235,0.8171559,0.85724735,0.6458594,16566.244,1.3649235,0.0,0.041259907,0.5055939,0.0
1265,3.77835,1.0768884,1.1233237,0.7171111,16566.244,3.77835,0.0,0.039426327,0.48312542,0.0
1266,1.2084994,0.8003216,0.797276,0.7645718,16566.244,1.2084994,0.0,0.0444037,0.54411757,0.0
1267,0.86272496,0.7631094,0.71083385,0.602346,16566.244,0.86272496,0.0,0.038474604,0.47146314,0.0
1268,0.4435937,0.71800256,0.950358,0.742765,16566.244,0.4435937,0.0,0.034994446,0.4288177,0.0
1269,0.9854774,0.77632,1.1576732,0.84719,16566.244,0.9854774,0.0,0.02832813,0.34712946,0.0
1270,2.623498,0.95260346,0.9140629,0.69473433,16566.244,2.623498,0.0,0.036779683,0.4506938,0.0
1271,0.27878454,0.7002658,0.678018,0.4722248,16566.244,0.27878454,0.0,0.03605294,0.44178835,0.0
1272,1.1687595,0.79604477,0.6943211,0.72905463,16566.244,1.1687595,0.0,0.042673443,0.5229152,0.0
1273,3.2802987,1.0232882,0.9907082,0.7348396,16566.244,3.2802987,0.0,0.040423166,0.4953406,0.0
1274,2.2607553,0.91356516,0.8811516,0.86881745,16566.244,2.2607553,0.0,0.03149711,0.38596177,0.0
1275,2.8491883,0.97689223,0.81615555,0.9224112,16566.244,2.8491883,0.0,0.04897798,0.6001702,0.0
1276,1.4160715,0.82266045,0.97314644,0.79970384,16566.244,1.4160715,0.0,0.045960005,0.5631883,0.0
1277,1.4404013,0.8252788,1.0854684,0.78892183,16566.244,1.4404013,0.0,0.045281384,0.5548726,0.0
1278,1.2053674,0.7999845,1.1051791,0.77199167,16566.244,1.2053674,0.0,0.04560049,0.5587829,0.0
1279,1.8163449,0.8657378,0.82476753,0.86719245,16566.244,1.8163449,0.0,0.048039302,0.5886678,0.0
1280,3.0207381,0.99475867,1.0354711,0.55585545,16566.244,3.0152028,0.0,0.08203487,1.0052453,1.0
1281,3.2857807,1.0238782,1.0753806,0.55585545,16566.244,3.2857807,0.0,0.058612674,0.71823263,0.0
1282,2.1496124,0.901604,0.7905438,0.58026963,16566.244,2.1496124,0.0,0.040720247,0.49898097,0.0
1283,2.7595022,0.9672402,0.8873545,0.7072512,16566.244,2.7595022,0.0,0.029869854,0.36602157,0.0
1284,1.969027,0.8821694,0.8346277,0.7016165,16566.244,1.969027,0.0,0.038061198,0.46639732,0.0
1285,3.6033251,1.0580523,0.9771089,0.80894816,16566.244,3.6033251,0.0,0.050888084,0.6235764,0.0
1286,3.567918,1.0542418,0.98169065,0.59760046,16566.244,3.567918,0.0,0.062768504,0.76915765,0.0
1287,2.9427948,0.98696613,1.0215237,0.53002584,16566.244,2.9427948,0.0,0.04980407,0.61029303,0.0
1288,1.7146275,0.854791,0.9665101,0.56389004,16566.244,1.7146275,0.0,0.051013004,0.62510717,0.0
1289,3.4401858,1.0404953,0.9867155,0.7587339,16566.244,3.4401858,0.0,0.038226448,0.46842226,0.0
1290,1.6616938,0.8490943,0.9181792,0.5258547,16566.244,1.6616938,0.0,0.047128774,0.5775103,0.0
1291,1.3940623,0.8202918,0.83516705,0.6678055,16566.244,1.3940623,0.0,0.04948142,0.60633934,0.0
1292,2.4196072,0.9306608,1.2703956,0.66110265,16566.244,2.4196072,0.0,0.04282442,0.52476525,0.0
1293,0.76865,0.75298506,1.2491332,0.6879897,16566.244,0.76865,0.0,0.04093476,0.50160956,0.0
1294,0.49765944,0.7238211,0.78127223,0.5583453,16566.244,0.49765944,0.0,0.04442682,0.5444009,0.0
1295,3.784419,1.0775416,0.98187655,0.5841536,16566.244,3.784419,0.0,0.041643918,0.5102995,0.0
1296,2.267238,0.91426283,0.93129855,0.55938995,16566.244,2.267238,0.0,0.040071476,0.49103102,0.0
1297,3.3672323,1.032644,0.9726476,0.70812243,16566.244,3.3672323,0.0,0.0440046,0.53922707,0.0
1298,2.9165626,0.984143,0.98752034,0.7684386,16566.244,2.9165626,0.0,0.036998875,0.45337975,0.0
1299,2.9266946,0.9852334,1.0225502,0.5291691,16566.244,2.9266946,0.0,0.037677452,0.46169493,0.0
1300,4.7263756,1.1789148,1.2750742,0.5962405,16566.244,4.7263756,0.0,0.04064776,0.49809274,0.0
1301,4.7116103,1.1773257,1.3041396,0.7071578,0.0,4.7116103,0.0,0.042119652,0.51612914,0.0
1302,5.178039,1.2275227,1.5152487,0.7811459,0.0,5.178039,0.0,0.041585267,0.5095808,0.0
1303,5.568384,1.2695316,1.7187574,0.5334699,3865.4575,5.568384,0.0,0.036605563,0.44856015,0.0
1304,6.456606,1.3651218,1.8036557,0.7070677,28162.62,6.456606,1.0628095,0.038097855,0.4668465,0.0
1305,7.5188575,1.4794412,1.6121042,0.8004205,28162.62,7.5188575,1.0628095,0.04350241,0.53307325,0.0
1306,5.881851,1.3032669,1.376366,0.6875672,28162.62,5.881851,1.0628095,0.04291166,0.52583426,0.0
1307,9.402715,1.6821816,1.7333059,0.78811926,28162.62,9.402715,1.0628095,0.041693,0.510901,0.0
1308,7.6637053,1.4950297,1.7956902,0.7020768,28162.62,7.6637053,1.0628095,0.044644132,0.54706377,0.0
1309,6.1961637,1.3370931,1.4255687,0.65100056,28162.62,6.1961637,1.0628095,0.04622853,0.56647885,0.0
1310,6.7245646,1.3939595,1.3815013,0.8272515,28162.62,6.7245646,1.0628095,0.04040529,0.4951215,0.0
1311,6.580986,1.3785076,1.4498831,0.7692496,28162.62,6.580986,1.0628095,0.045013733,0.5515928,0.0
1312,9.5167055,1.6944492,1.6662315,0.74129945,28162.62,9.5167055,1.0628095,0.048275996,0.59156823,0.0
1313,7.9340115,1.52412,1.6320678,0.8264467,28162.62,7.9340115,1.0628095,0.04058361,0.49730664,0.0
1314,5.8810625,1.303182,1.6702377,0.5976537,28162.62,5.8810625,1.0628095,0.04942203,0.60561156,0.0
1315,8.251326,1.5582693,1.6240908,0.6454203,28162.62,8.251326,1.0628095,0.033070832,0.405246,0.0
1316,9.94839,1.7409071,1.7576543,0.5203791,28162.62,9.94839,1.0628095,0.0353705,0.4334258,0.0
1317,8.541304,1.5894767,1.7223725,0.5860397,28162.62,8.541304,1.0628095,0.038287412,0.46916932,0.0
1318,4.590082,1.1642469,1.4424174,0.72225505,28162.62,4.590082,1.0628095,0.043765467,0.5362967,0.0
1319,9.75884,1.7205076,1.7267506,0.5203791,28162.62,9.75884,1.0628095,0.040835194,0.5003895,0.0
1320,9.56529,1.699678,1.699163,0.53615534,25401.572,9.56529,0.8038131,0.030892035,0.37854725,0.0
1321,9.150969,1.6550887,1.6723449,0.7090851,25401.572,9.150969,0.8038131,0.028721318,0.35194755,0.0
1322,7.389887,1.4655614,1.5954416,0.7167167,25401.572,7.389887,0.8038131,0.04355801,0.5337546,0.0
1323,2.0354557,0.88931847,1.5404906,0.7399682,25401.572,2.0354557,0.8038131,0.04454778,0.5458831,0.0
1324,1.027826,0.78087753,1.2758335,0.78168344,25401.572,1.027826,0.8038131,0.04308278,0.52793115,0.0
1325,1.0770223,0.78617203,1.2640485,0.7747703,25401.572,1.0770223,0.8038131,0.049368918,0.60496074,0.0
1326,1.8938593,0.8740799,0.9375113,0.7038534,25401.572,1.8938593,0.8038131,0.054735735,0.67072505,0.0
1327,3.3983219,1.0359899,1.0053614,0.78544104,25401.572,3.3983219,0.8038131,0.055400986,0.678877,0.0
1328,3.8979926,1.0897644,1.0449617,0.72341055,25401.572,3.8979926,0.8038131,0.04601992,0.5639225,0.0
1329,3.542635,1.0515208,1.0551318,0.72341067,25401.572,3.542635,0.8038131,0.048645034,0.5960904,0.0
1330,2.303269,0.9181405,1.1169149,0.55451137,25401.572,2.303269,0.8038131,0.046268173,0.56696457,0.0
1331,1.7568703,0.85933715,0.98423,0.7120224,16566.244,1.7568703,0.0,0.060689174,0.7436778,0.0
1332,0.2969429,0.70222,0.7001457,0.565098,16566.244,0.2969429,0.0,0.059696943,0.7315191,0.0
1333,1.4239765,0.8235112,0.72295076,0.66318464,16566.244,1.4239765,0.0,0.058389097,0.7154929,0.0
1334,0.67612755,0.7430278,0.90854585,0.6450932,16566.244,0.67612755,0.0,0.06247073,0.7655088,0.0
1335,0.8297679,0.75956255,0.76000595,0.59590393,16566.244,0.8297679,0.0,0.05342262,0.6546343,0.0
1336,1.8514282,0.86951345,0.7888907,0.5566084,16566.244,1.8514282,0.0,0.056646746,0.69414234,0.0
1337,1.4185538,0.8229276,0.74119407,0.68659526,16566.244,1.4185538,0.0,0.049045842,0.6010018,0.0
1338,2.305034,0.91833043,0.7880396,0.7506472,16566.244,2.305034,0.0,0.048447277,0.5936671,0.0
1339,2.7160902,0.9625682,0.96338415,0.5682505,16566.244,2.7160902,0.0,0.06361037,0.7794737,0.0
1340,1.8526677,0.86964685,0.7677616,0.6547328,16566.244,1.8526677,0.0,0.046543065,0.57033306,0.0
1341,1.6105363,0.8435887,0.7556184,0.64727134,16566.244,1.6105363,0.0,0.042319,0.5185719,0.0
1342,1.6980426,0.8530061,0.79004437,0.6270344,16566.244,1.6980426,0.0,0.03416332,0.41863316,0.0
1343,2.1253352,0.8989913,0.78890693,0.7879972,16566.244,2.1253352,0.0,0.039181106,0.48012054,0.0
1344,1.9925101,0.88469666,0.8077774,0.6900743,16566.244,1.9925101,0.0,0.04002765,0.49049395,0.0
1345,1.7510189,0.8587074,0.8766587,0.71769667,16566.244,1.7510189,0.0,0.04323028,0.5297386,0.0
1346,1.8690991,0.8714152,0.8564945,0.8280868,16566.244,1.8690991,0.0,0.04414195,0.54091007,0.0
1347,0.49914542,0.723981,0.70666516,0.48564222,16566.244,0.49914542,0.0,0.030958837,0.37936583,0.0
1348,1.436314,0.82483894,0.79008776,0.5475483,16566.244,1.436314,0.0,0.032292094,0.3957034,0.0
1349,1.0676779,0.7851664,0.8954969,0.5493566,16566.244,1.0676779,0.0,0.030007312,0.36770597,0.0
1350,1.8645061,0.8709209,0.9174726,0.60871166,16566.244,1.8645061,0.0,0.027792161,0.34056178,0.0
1351,3.248662,1.0198835,0.9152854,0.71890074,16566.244,3.248662,0.0,0.03613591,0.44280505,0.0
1352,2.6867175,0.95940715,0.9906762,0.6069112,16566.244,2.6867175,0.0,0.03262399,0.39977044,0.0
1353,2.6166148,0.9518627,0.9503791,0.7207771,16566.244,2.6166148,0.0,0.039335888,0.48201722,0.0
1354,2.3496435,0.9231313,1.2254257,0.6054388,27610.412,2.3496435,1.0110104,0.038705964,0.47429818,0.0
1355,1.4821862,0.8297757,0.9068619,0.76599777,27610.412,1.4821862,1.0110104,0.040115375,0.49156895,0.0
1356,1.7273864,0.8561641,1.1548133,0.62182325,27610.412,1.7273864,1.0110104,0.036688063,0.44957107,0.0
1357,1.0453441,0.7827628,1.0769522,0.57885253,27610.412,1.0453441,1.0110104,0.03748603,0.4593493,0.0
1358,1.463171,0.8277293,1.0504619,0.74643576,27610.412,1.463171,1.0110104,0.04178735,0.5120571,0.0
1359,1.2762097,0.80760854,1.0612153,0.7373746,27610.412,1.2762097,1.0110104,0.04245537,0.520243,0.0
1360,3.2064192,1.0153373,1.1700498,0.70618796,27610.412,3.2064192,1.0110104,0.042030107,0.5150318,0.0
1361,3.2928677,1.0246409,1.0380671,0.79970723,27610.412,3.2928677,1.0110104,0.043559745,0.53377587,0.0
1362,1.5254259,0.83442914,0.96187633,0.682002,27610.412,1.5254259,1.0110104,0.031689156,0.38831508,0.0
1363,4.911504,1.1988382,1.2340778,0.67905366,27610.412,4.911504,1.0110104,0.03572816,0.43780854,0.0
1364,1.5595449,0.838101,1.138455,0.7693166,27610.412,1.5595449,1.0110104,0.04532036,0.55535024,0.0
1365,4.929787,1.2008059,1.174696,0.75554556,27610.412,4.929787,1.0110104,0.03939778,0.48277563,0.0
1366,5.4478436,1.256559,1.3622575,0.7983842,27610.412,5.4478436,1.0110104,0.04036334,0.4946075,0.0
1367,4.425608,1.1465462,1.3741611,0.74997354,27610.412,4.425608,1.0110104,0.050151177,0.6145464,0.0
1368,5.57521,1.2702662,1.3818473,0.61273956,27610.412,5.57521,1.0110104,0.036865447,0.4517447,0.0
1369,5.399392,1.2513447,1.2644532,0.6530437,27610.412,5.399392,1.0110104,0.03452485,0.42306334,0.0
1370,3.935151,1.0937634,1.2091316,0.709638,24849.367,3.935151,0.7520142,0.040748455,0.49932662,0.0
1371,4.2257733,1.12504,1.4499583,0.82689327,24849.367,4.2257733,0.7520142,0.04370684,0.53557837,0.0
1372,0.6016114,0.68627363,1.4352437,0.787106,24849.367,0.14876956,0.7520142,0.070508696,0.864005,0.0
1373,0.6016114,0.6914999,1.4025806,0.9475293,24849.367,0.19733174,0.7520142,0.080524124,0.98673284,0.0
1374,5.910731,1.3063749,1.6933681,0.740177,24849.367,5.910731,0.7520142,0.055398587,0.67884755,0.0
1375,4.294706,1.1324586,1.3319103,0.7425471,24849.367,4.294706,0.7520142,0.05291535,0.6484183,0.0
1376,2.9973214,0.99283427,1.4246303,0.8194673,24849.367,2.9973214,0.7520142,0.046745047,0.57280815,0.0
1377,3.8409567,1.0836262,1.1314515,0.5204292,7.8048215,3.8409567,0.0,0.043375995,0.5315242,0.0
1378,3.8289483,1.0823338,1.1895481,0.55539167,3.46881,3.8289483,0.0,0.040871654,0.5008363,0.0
1379,3.922477,1.0923994,1.1252892,0.59272057,0.89932126,3.922477,0.0,0.043721497,0.53575796,0.0
1380,1.704249,0.85367405,0.97094864,0.54141116,0.9097782,1.704249,0.0,0.038677186,0.47394556,0.0
1381,1.3857512,0.8193974,0.8801248,0.522227,1.0294861,1.3857512,0.0,0.038312387,0.46947536,0.0
1382,1.3468316,0.81520885,0.81877095,0.4203146,1.0294861,1.3468316,0.0,0.035847764,0.43927416,0.0
1383,2.350963,0.9232733,0.8431173,0.52069396,1.0294861,2.350963,0.0,0.03242713,0.3973581,0.0
1384,2.839705,0.9758716,1.1113341,0.47649947,1.1854692,2.839705,0.0,0.04116668,0.5044515,0.0
1385,2.0613785,0.89210826,1.0064983,0.4851724,1.0294861,2.0613785,0.0,0.03037046,0.37215593,0.0
1386,1.1222687,0.79104143,0.95773286,0.702237,0.67449075,1.1222687,0.0,0.029972967,0.3672851,0.0
1387,1.3628703,0.81693494,0.79627484,0.4725419,2.2161837,1.3628703,0.0,0.037537884,0.4599847,0.0
1388,1.1403196,0.79298407,0.8538226,0.47691014,5.1068583,1.1403196,0.0,0.03756809,0.4603548,0.0
1389,2.1537664,0.90205103,0.85679764,0.42813152,16566.244,2.1537664,0.0,0.038179137,0.46784252,0.0
1390,1.8751814,0.8720698,0.9977899,0.78645116,16566.244,1.8751814,0.0,0.04488197,0.5499782,0.0
1391,1.0902747,0.78759825,0.8202029,0.4891301,16566.244,1.0902747,0.0,0.04365644,0.5349607,0.0
1392,0.7797513,0.7541798,0.8104815,0.5451059,16566.244,0.7797513,0.0,0.04494282,0.55072385,0.0
1393,1.8539072,0.86978024,0.9137486,0.519307,16566.244,1.8539072,0.0,0.039710123,0.48660305,0.0
1394,0.15427034,0.6868656,0.71170956,0.42513198,16566.244,0.15427034,0.0,0.026584856,0.3257676,0.0
1395,2.3988614,0.9284281,0.9961944,0.62053406,16566.244,2.3988614,0.0,0.03926474,0.48114535,0.0
1396,1.7737913,0.8611582,0.8819064,0.48078418,16566.244,1.7737913,0.0,0.040705997,0.49880636,0.0
1397,1.6028832,0.8427651,0.88811946,0.55324936,16566.244,1.6028832,0.0,0.039541297,0.48453426,0.0
1398,2.7890704,0.9704223,0.91035736,0.5306686,16566.244,2.7890704,0.0,0.033229843,0.40719447,0.0
1399,1.0576665,0.78408897,0.8722044,0.5590091,16566.244,1.0576665,0.0,0.033494975,0.41044337,0.0
1400,1.665414,0.84949464,0.82789135,0.47361907,16566.244,1.665414,0.0,0.028949343,0.35474175,0.0
1401,0.0,0.6408893,0.7600356,0.5110732,16566.244,0.0,0.0,0.038397342,0.47051638,0.0
1402,1.3218946,0.81252515,0.7632938,0.52491874,16566.244,1.3218946,0.0,0.051087644,0.6260218,0.0
1403,1.9130428,0.8761444,0.79099244,0.62318456,16566.244,1.9130428,0.0,0.04237058,0.51920396,0.0
1404,2.662761,0.95682895,0.8389421,0.5755274,16566.244,2.662761,0.0,0.040122416,0.49165523,0.0
1405,5.714883,1.2852978,1.2807035,0.7056957,16566.244,5.714883,0.0,0.04594427,0.5629955,0.0
1406,1.8888315,0.8735388,1.0639638,0.75306016,16566.244,1.8888315,0.0,0.052222755,0.6399313,0.0
1407,2.0917268,0.89537436,1.1438814,0.6792581,16566.244,2.0917268,0.0,0.050802864,0.6225321,0.0
1408,2.3874416,0.9271991,1.1190841,0.7560546,16566.244,2.3874416,0.0,0.05232585,0.6411946,0.0
1409,2.0690956,0.8929388,0.9248932,0.73250514,16566.244,2.0690956,0.0,0.049171675,0.6025438,0.0
1410,0.9529988,0.77282465,0.7807259,0.5909037,16566.244,0.9529988,0.0,0.056467183,0.69194204,0.0
1411,1.5384612,0.835832,0.9055926,0.7870742,28714.828,1.5384612,1.1146086,0.052771978,0.6466614,0.0
1412,2.1777737,0.9046347,0.8994007,0.72541636,28714.828,2.1777737,1.1146086,0.052343372,0.64140934,0.0
1413,1.1715419,0.7963442,1.0039848,0.77552927,28714.828,1.1715419,1.1146086,0.04459797,0.5464981,0.0
1414,2.0843785,0.8945835,0.9954706,0.75274324,28714.828,2.0843785,1.1146086,0.052258667,0.6403714,0.0
1415,3.537061,1.050921,1.077367,0.8195134,28714.828,3.537061,1.1146086,0.07819896,0.9582406,0.0
1416,2.720392,0.9630312,1.1653948,0.7251066,28714.828,2.720392,1.1146086,0.078820415,0.96585584,0.0
1417,2.2633827,0.9138479,0.96225196,0.80930966,28714.828,2.2633827,1.1146086,0.056575753,0.6932724,0.0
1418,5.8681107,1.3017881,1.2470025,0.6469156,28714.828,5.8681107,1.1146086,0.03654503,0.44781837,0.0
1419,0.8916869,0.68643373,1.1221049,0.62804455,28714.828,0.15025719,1.1146086,0.03662101,0.44874945,0.0
1420,6.1333885,1.3303373,1.3356119,0.7439388,28714.828,6.1333885,1.1146086,0.04089529,0.50112593,0.0
1421,6.5651727,1.3768058,1.3414735,0.6469156,28714.828,6.5651727,1.1146086,0.0318313,0.3900569,0.0
1422,5.390445,1.2503818,1.2759835,0.58444786,28714.828,5.390445,1.1146086,0.034441464,0.42204154,0.0
1423,5.6566925,1.2790353,1.2907741,0.44147938,28714.828,5.6566925,1.1146086,0.039047547,0.47848392,0.0
1424,4.785298,1.185256,1.1498977,0.6674646,28714.828,4.785298,1.1146086,0.08021743,0.98297465,0.0
1425,5.095424,1.2186317,1.3334649,0.5700906,28714.828,5.095424,1.1146086,0.03230939,0.39591536,0.0
1426,4.6727223,1.1731406,1.3303453,0.7291188,28714.828,4.6727223,1.1146086,0.034263477,0.41986048,0.0
1427,3.0433557,0.9977885,1.2012587,0.7785467,24297.16,3.0433557,0.70021516,0.051836688,0.6352005,0.0
1428,3.387296,1.0348033,1.3110173,0.6159605,24297.16,3.387296,0.70021516,0.040435955,0.4954973,0.0
1429,2.710308,0.96194595,1.2727847,0.7266744,7.6121106,2.710308,0.0,0.025465086,0.31204608,0.0
1430,3.70284,1.0687621,1.286146,0.6703707,7.6121106,3.70284,0.0,0.04337831,0.53155255,0.0
1431,4.628253,1.1683549,1.4111168,0.6926821,3.46881,4.628253,0.0,0.047703084,0.5845478,0.0
1432,1.3365877,0.8141064,0.7682525,0.75140905,3.46881,1.3365877,0.0,0.0524248,0.6424071,0.0
1433,0.6053152,0.735407,0.7194074,0.5363439,3.46881,0.6053152,0.0,0.050524723,0.6191238,0.0
1434,1.6091018,0.84343433,0.79007757,0.56734824,3.46881,1.6091018,0.0,0.0575144,0.7047745,0.0
1435,1.2225599,0.80183476,0.7577033,0.5158545,3.46881,1.2225599,0.0,0.056849495,0.69662684,0.0
1436,1.2204531,0.801608,0.8164005,0.46048793,2.2161837,1.2204531,0.0,0.053040516,0.64995205,0.0
1437,0.8557664,0.7623605,0.6649296,0.55185384,5.1068583,0.8557664,0.0,0.044781014,0.5487411,0.0
1438,0.7584554,0.7518879,0.72347707,0.52558815,5.1068583,0.7584554,0.0,0.050674923,0.62096435,0.0
1439,0.9336248,0.7707396,0.67280746,0.5358701,5.1068583,0.9336248,0.0,0.0419475,0.51401955,0.0
1440,0.4448897,0.71814203,0.68585145,0.45830163,16566.244,0.4448897,0.0,0.04584826,0.561819,0.0
1441,1.1203756,0.7908377,0.6612231,0.4880799,16566.244,1.1203756,0.0,0.040881347,0.50095505,0.0
1442,0.35357958,0.70831525,0.69517463,0.49022147,16566.244,0.35357958,0.0,0.043780614,0.53648233,0.0
1443,0.2286749,0.69487303,0.6330086,0.5109163,16566.244,0.2286749,0.0,0.045442533,0.5568473,0.0
1444,1.3083211,0.81106436,0.73800325,0.61841697,16566.244,1.3083211,0.0,0.03997352,0.48983067,0.0
1445,0.78934497,0.75521225,0.66604394,0.58828187,16566.244,0.78934497,0.0,0.039740298,0.4869728,0.0
1446,0.743454,0.75027347,0.6390929,0.5590957,16566.244,0.743454,0.0,0.055404555,0.6789207,0.0
1447,0.737828,0.749668,0.63977665,0.67737496,16566.244,0.737828,0.0,0.0554977,0.68006206,0.0
1448,0.80812085,0.7572329,0.66989565,0.8298376,16566.244,0.80812085,0.0,0.034069,0.41747743,0.0
1449,1.203147,0.79974556,0.6870451,0.73662996,16566.244,1.203147,0.0,0.043677136,0.53521436,0.0
1450,0.8270723,0.75927246,0.6797704,0.68596077,16566.244,0.8270723,0.0,0.047924235,0.5872578,0.0
1451,1.0415474,0.78235424,0.77768743,0.5027128,28162.62,1.0415474,1.0628095,0.054927874,0.6730795,0.0
1452,0.96185976,0.77377826,0.7848971,0.5919899,28162.62,0.96185976,1.0628095,0.030269993,0.37092483,0.0
1453,1.2746695,0.8074428,0.86143774,0.58391225,28162.62,1.2746695,1.0628095,0.047389496,0.58070517,0.0
1454,1.5606128,0.83821595,0.8602641,0.62788284,28162.62,1.5606128,1.0628095,0.030511228,0.3738809,0.0
1455,2.4285603,0.9316243,0.8889644,0.66202796,28162.62,2.4285603,1.0628095,0.043192104,0.5292708,0.0
1456,0.89517355,0.7666015,0.88091964,0.6736669,28162.62,0.89517355,1.0628095,0.040917598,0.5013993,0.0
1457,3.1366935,1.0078335,0.83047754,0.7190079,28162.62,3.1366935,1.0628095,0.053392153,0.654261,0.0
1458,2.6057765,0.9506963,0.8312259,0.5546222,28162.62,2.6057765,1.0628095,0.04794949,0.5875672,0.0
1459,2.4501839,0.93395144,0.9738183,0.70554715,28162.62,2.4501839,1.0628095,0.04457804,0.54625386,0.0
1460,3.109624,1.0049202,0.8341303,0.69204384,28162.62,3.109624,1.0628095,0.04645299,0.5692293,0.0
1461,2.8820612,0.98043,0.95945406,0.55873024,28162.62,2.8820612,1.0628095,0.037780832,0.46296173,0.0
1462,4.026283,1.1035709,1.146106,0.60125566,28162.62,4.026283,1.0628095,0.04718472,0.57819587,0.0
1463,4.187282,1.1208977,0.8927454,0.7985988,28162.62,4.187282,1.0628095,0.047382217,0.58061594,0.0
1464,3.986002,1.0992359,0.95952815,0.8465868,28162.62,3.986002,1.0628095,0.044419,0.5443051,0.0
1465,3.118781,1.0059057,1.0739592,0.81293523,28162.62,3.118781,1.0628095,0.03916438,0.47991556,0.0
1466,2.701923,0.96104354,1.1404152,0.820044,28162.62,2.701923,1.0628095,0.033689395,0.41282576,0.0
1467,2.4672258,0.9357855,1.1871393,0.8189598,26505.986,2.4672258,0.90741116,0.03956678,0.48484653,0.0
1468,2.6098812,0.951138,1.1713109,0.8248336,26505.986,2.6098812,0.90741116,0.042265594,0.51791745,0.0
1469,3.703312,1.0688128,1.2170022,0.76157826,26505.986,3.703312,0.90741116,0.03736597,0.45787805,0.0
1470,4.590666,1.1643097,1.2389376,0.75680125,24297.16,4.590666,0.70021516,0.04070676,0.49881572,0.0
1471,3.6946619,1.067882,1.1890996,0.63813317,24297.16,3.6946619,0.70021516,0.04527854,0.55483776,0.0
1472,2.3226306,0.9202242,0.86527294,0.6552078,23744.955,2.3226306,0.6484163,0.04389164,0.5378428,0.0
1473,2.7996824,0.9715644,0.92390496,0.66024625,23744.955,2.7996824,0.6484163,0.035919722,0.44015592,0.0
1474,3.5127983,1.0483098,0.9721739,0.6408022,23744.955,3.5127983,0.6484163,0.038373485,0.47022405,0.0
1475,3.6127274,1.0590641,1.1398127,0.4705885,7.4193997,3.6127274,0.0,0.032922857,0.4034327,0.0
1476,4.927982,1.2006116,1.5139979,0.6666516,2.2161837,4.927982,0.0,0.044175096,0.5413163,0.0
1477,3.1301005,1.007124,1.1219028,0.4292044,2.2161837,3.1301005,0.0,0.030515812,0.37393707,0.0
1478,4.6466484,1.1703346,1.1381829,0.5874593,2.2161837,4.6466484,0.0,0.031006495,0.37994984,0.0
1479,4.6131597,1.1667305,1.1258925,0.59954184,2.2161837,4.6131597,0.0,0.030044848,0.36816594,0.0
1480,4.7055035,1.1766685,1.1446302,0.4564812,2.2161837,4.7055035,0.0,0.02914681,0.35716146,0.0
1481,2.7024345,0.9610986,1.1347597,0.4204891,2.2161837,2.7024345,0.0,0.034653123,0.42463517,0.0
1482,0.9390519,0.7713237,1.0843079,0.58159107,2.2161837,0.9390519,0.0,0.042569555,0.52164215,0.0
1483,2.148672,0.9015028,0.93698025,0.5690564,2.2161837,2.148672,0.0,0.029483713,0.36128986,0.0
1484,0.0,0.66946375,0.9365578,0.57529646,2.2161837,0.0,0.0,0.036740888,0.45021838,0.0
1485,0.0,0.64938855,0.7884132,0.54189444,2.2161837,0.0,0.0,0.03729011,0.45694852,0.0
1486,1.8670006,0.87118936,1.0632813,0.54831713,2.2161837,1.8670006,0.0,0.04663495,0.57145905,0.0
1487,0.84237057,0.76091886,0.77501196,0.5557592,2.2161837,0.84237057,0.0,0.03834697,0.46989912,0.0
1488,1.7473663,0.85831434,0.80667937,0.5641803,2.2161837,1.7473663,0.0,0.043663133,0.53504276,0.0
1489,0.8967681,0.7667731,0.97379315,0.5660295,2.2161837,0.8967681,0.0,0.040088758,0.4912428,0.0
1490,1.3609158,0.8167246,0.70858127,0.5335391,2.2161837,1.3609158,0.0,0.04369127,0.5353875,0.0
1491,0.8838757,0.7653856,0.7449156,0.5667924,2.2161837,0.8838757,0.0,0.044083152,0.5401896,0.0
1492,1.035386,0.78169113,0.7559829,0.5257982,5.1068583,1.035386,0.0,0.04011135,0.49151966,0.0
1493,1.2924573,0.8093571,0.80421066,0.61698574,16566.244,1.2924573,0.0,0.04082381,0.50025004,0.0
1494,0.0,0.6503673,0.7906987,0.6389465,16566.244,0.0,0.0,0.053869158,0.6601061,0.0
1495,1.6359351,0.8463221,1.1714494,0.6606428,16566.244,1.6359351,0.0,0.054368965,0.66623074,0.0
1496,0.83927625,0.76058584,0.78905934,0.5761102,16566.244,0.83927625,0.0,0.03660555,0.44856,0.0
1497,1.182096,0.79748005,0.82069534,0.6098984,16566.244,1.182096,0.0,0.045555197,0.55822784,0.0
1498,2.021207,0.887785,1.2029545,0.63631165,16566.244,2.021207,0.0,0.048486862,0.59415215,0.0
1499,2.1748495,0.90432,0.9352249,0.61576265,16566.244,2.1748495,0.0,0.03638787,0.44589254,0.0
1500,1.0259501,0.78067565,0.9267596,0.61576265,16566.244,1.0259501,0.0,0.03458198,0.42376342,0.0
1501,1.0293945,0.78104633,0.84562594,0.6074936,16566.244,1.0293945,0.0,0.037190083,0.45572278,0.0
1502,1.1851693,0.7978108,0.8796634,0.6074936,16566.244,1.1851693,0.0,0.04128953,0.5059569,0.0
1503,2.790153,0.97053885,0.94090503,0.6049796,16566.244,2.790153,0.0,0.039137103,0.47958133,0.0
1504,2.1102214,0.89736474,0.9465389,0.67626303,16566.244,2.1102214,0.0,0.051667057,0.63312185,0.0
1505,3.40869,1.0371057,0.9111145,0.65253526,16566.244,3.40869,0.0,0.064288795,0.7877871,0.0
1506,2.8643217,0.9785209,0.88893604,0.65253526,27610.412,2.8643217,1.0110104,0.04940852,0.60544604,0.0
1507,3.015186,0.9947569,0.8698281,0.89350295,27610.412,3.015186,1.0110104,0.06591553,0.80772096,0.0
1508,3.4340725,1.0398374,0.9855702,0.7657642,27610.412,3.4340725,1.0110104,0.06516473,0.7985207,0.0
1509,4.5611515,1.1611334,1.1252443,0.84035826,27610.412,4.5611515,1.0110104,0.06022517,0.7379919,0.0
1510,3.3681097,1.0327384,0.96233386,0.6934331,27610.412,3.3681097,1.0110104,0.0645112,0.79051244,0.0
1511,3.4913168,1.045998,1.0103371,0.7883159,27610.412,3.4913168,1.0110104,0.05823208,0.71356887,0.0
1512,3.8520746,1.0848227,0.9899053,0.7952425,27610.412,3.8520746,1.0110104,0.058813114,0.72068876,0.0
1513,2.580812,0.9480096,1.05593,0.5949966,27610.412,2.580812,1.0110104,0.031881537,0.3906725,0.0
1514,1.5295986,0.8348782,1.071236,0.74292904,27610.412,1.5295986,1.0110104,0.034981467,0.42865866,0.0
1515,1.0976397,0.7883909,1.1040092,0.737371,27610.412,1.0976397,1.0110104,0.04058165,0.49728262,0.0
1516,1.3389835,0.81436425,1.1647133,0.7109977,27610.412,1.3389835,1.0110104,0.048514426,0.5944899,0.0
1517,1.667194,0.8496862,1.3414378,0.6266677,27610.412,1.667194,1.0110104,0.054942194,0.67325497,0.0
1518,2.83355,0.97520924,1.1417192,0.74721795,27610.412,2.83355,1.0110104,0.038917594,0.4768915,0.0
1519,5.044896,1.2131939,1.4698995,0.6985126,27610.412,5.044896,1.0110104,0.06784514,0.8313662,0.0
1520,6.2432027,1.3421555,1.389607,0.31277046,27610.412,6.2432027,1.0110104,0.05236603,0.641687,0.0
1521,4.4751673,1.1518798,1.4093852,0.7719415,27610.412,4.4751673,1.0110104,0.04317387,0.52904737,0.0
1522,4.2532563,1.1279978,1.1526815,0.724753,23744.955,4.2532563,0.6484163,0.06684125,0.8190646,0.0
1523,0.518733,0.6432842,1.2533648,0.7570824,23744.955,0.0,0.6484163,0.066556,0.81556916,0.0
1524,0.518733,0.65380913,0.9681039,0.7765423,23744.955,0.0,0.6484163,0.092662804,1.1354787,1.0
1525,5.5253706,1.2649025,1.2270736,0.7326143,23744.955,5.5253706,0.6484163,0.07026192,0.86098105,0.0
1526,0.518733,0.70565236,1.0405432,0.8015349,23744.955,0.32883602,0.6484163,0.062261883,0.7629496,0.0
1527,0.518733,0.7242331,1.004633,0.4577129,23744.955,0.5014876,0.6484163,0.06703894,0.821487,0.0
1528,0.6263502,0.7376708,0.8016141,0.47931945,23744.955,0.6263502,0.6484163,0.07163222,0.87777257,0.0
1529,2.5923553,0.9492519,1.0991821,0.46375266,7.6121106,2.5923553,0.0,0.07429088,0.91035146,0.0
1530,1.054855,0.775233,0.90941966,0.49938723,7.6121106,0.9753769,0.0,0.10060592,1.2328128,1.0
1531,1.0583794,0.7841657,0.9070379,0.5003824,7.6121106,1.0583794,0.0,0.055243474,0.6769468,0.0
1532,0.8966562,0.76676106,0.8810405,0.4894211,7.226684,0.8966562,0.0,0.053100415,0.650686,0.0
1533,0.9284696,0.7701848,0.6881276,0.49110833,5.1068583,0.9284696,0.0,0.04423282,0.5420236,0.0
1534,0.0,0.6178237,0.58102906,0.39532727,5.1068583,0.0,0.0,0.038533457,0.4721843,0.0
1535,0.0,0.6472844,0.63632196,0.41752964,16566.244,0.0,0.0,0.037468396,0.45913318,0.0
1536,0.0,0.62957317,0.61973757,0.43645427,16566.244,0.0,0.0,0.044443678,0.54460746,0.0
1537,0.6604166,0.741337,0.7527747,0.49960592,16566.244,0.6604166,0.0,0.051830914,0.63512975,0.0
1538,0.30295265,0.7028668,0.66057456,0.44693407,16566.244,0.30295265,0.0,0.07114189,0.8717641,0.0
1539,0.5258839,0.7268586,0.7678895,0.50595427,16566.244,0.5258839,0.0,0.061951924,0.7591514,0.0
1540,1.8627609,0.8707331,0.8740276,0.42043793,16566.244,1.8627609,0.0,0.03970755,0.4865715,0.0
1541,0.68705046,0.7442033,0.76181763,0.7374183,16566.244,0.68705046,0.0,0.04488209,0.5499797,0.0
1542,0.7521909,0.7512137,1.4781998,0.6765806,16566.244,0.7521909,0.0,0.0325757,0.39917868,0.0
1543,0.47335508,0.7212055,0.66874075,0.4796837,16566.244,0.47335508,0.0,0.054362677,0.66615367,0.0
1544,0.40635818,0.7139953,0.98802114,0.78430957,16566.244,0.40635818,0.0,0.04296414,0.5264774,0.0
1545,3.1406336,1.0082575,1.3206846,0.72668654,16566.244,3.1406336,0.0,0.048611064,0.5956741,0.0
1546,0.99943316,0.7778219,0.9438493,0.6777183,16566.244,0.99943316,0.0,0.045173153,0.55354637,0.0
1547,5.260684,1.2364169,1.3044432,0.65218943,16566.244,5.260684,0.0,0.06307885,0.7729606,0.0
1548,0.37856573,0.71100426,0.6494068,0.65690607,16566.244,0.37856573,0.0,0.04668852,0.5721155,0.0
1549,2.2093744,0.9080356,0.93754214,0.7479542,16566.244,2.2093744,0.0,0.04258626,0.5218469,0.0
1550,3.1393409,1.0081184,0.96729904,0.6060571,16566.244,3.1393409,0.0,0.053805053,0.6593206,0.0
1551,2.0125792,0.8868565,0.8040497,0.6573013,16566.244,2.0125792,0.0,0.03589759,0.43988472,0.0
1552,3.0861363,1.0023925,0.9743225,0.6005893,16566.244,3.0861363,0.0,0.043453306,0.53247154,0.0
1553,4.6865907,1.1746331,1.1710665,0.6746043,16566.244,4.6865907,0.0,0.04321572,0.5295602,0.0
1554,2.618839,0.95210207,0.9950594,0.738745,16566.244,2.618839,0.0,0.058866877,0.7213476,0.0
1555,3.7225425,1.0708824,1.0716633,0.75825995,16566.244,3.7225425,0.0,0.058393992,0.7155529,0.0
1556,4.6585827,1.1716189,1.1765413,0.748003,16566.244,4.6585827,0.0,0.06163081,0.7552165,0.0
1557,2.2039735,0.9074543,0.86472267,0.6364629,16566.244,2.2039735,0.0,0.04278993,0.5243426,0.0
1558,4.499132,1.1544589,1.0856245,0.7479739,16566.244,4.499132,0.0,0.069146074,0.8473076,0.0
1559,3.5660803,1.054044,1.0934336,0.6750633,16566.244,3.5660803,0.0,0.047958706,0.58768016,0.0
1560,0.25209865,0.6973939,0.7297761,0.66850126,16566.244,0.25209865,0.0,0.048299488,0.59185606,0.0
1561,1.6014494,0.8426108,1.0724435,0.8294268,16566.244,1.6014494,0.0,0.06841852,0.83839226,0.0
1562,1.3630708,0.8169565,0.9226164,0.9184323,16566.244,1.3630708,0.0,0.06399492,0.784186,0.0
1563,1.4031897,0.8212741,0.77149624,0.61924446,16566.244,1.4031897,0.0,0.055714354,0.68271697,0.0
1564,4.2891397,1.1318595,1.1654468,0.39952594,16566.244,4.2891397,0.0,0.050916076,0.6239194,0.0
1565,3.495114,1.0464066,1.1280018,0.6060363,16566.244,3.495114,0.0,0.056062713,0.6869857,0.0
1566,1.350894,0.81564605,1.0380387,0.50854915,16566.244,1.350894,0.0,0.056091003,0.68733233,0.0
1567,4.0037737,1.1011485,1.1268258,0.4844437,16566.244,4.0037737,0.0,0.07440243,0.91171837,0.0
1568,4.226378,1.1251051,1.0802712,0.47751248,16566.244,4.226378,0.0,0.06767615,0.82929534,0.0
1569,4.7129693,1.177472,1.379781,0.64789784,16566.244,4.7129693,0.0,0.076457985,0.9369069,0.0
1570,0.37299016,0.7104042,0.7798047,0.54544127,16566.244,0.37299016,0.0,0.06615205,0.81061924,0.0
1571,3.867264,1.0851715,1.0265872,0.7668411,16566.244,3.8553157,0.0,0.082329445,1.008855,1.0
1572,3.7283134,1.0615758,1.2301886,0.72251916,16566.244,3.6360652,0.0,0.087522216,1.0724866,1.0
1573,3.6254058,1.0604286,1.0368546,0.54676294,16566.244,3.6254058,0.0,0.076078855,0.93226105,0.0
1574,2.8752944,0.976083,0.9396064,0.77525246,16566.244,2.8416688,0.0,0.08436584,1.0338087,1.0
1575,2.1781487,0.90467507,0.9723391,0.53491694,16566.244,2.1781487,0.0,0.08076282,0.9896578,0.0
1576,2.2303011,0.90793836,0.9160704,0.5168392,16566.244,2.2084713,0.0,0.083911546,1.0282419,1.0
1577,2.9944232,0.99252236,0.94706166,0.4882234,16566.244,2.9944232,0.0,0.0769966,0.943507,0.0
1578,1.212589,0.8007617,0.9165888,0.4882234,16566.244,1.212589,0.0,0.07476005,0.9161006,0.0
1579,1.3411857,0.81460124,0.8970315,0.4882234,16566.244,1.3411857,0.0,0.073628865,0.9022392,0.0
1580,0.93451923,0.7708359,0.81997675,0.51390517,16566.244,0.93451923,0.0,0.077065684,0.9443536,0.0
1581,0.0,0.6375468,0.7826712,0.4996046,16566.244,0.0,0.0,0.077963956,0.9553609,0.0
1582,0.0,0.6316398,0.783391,0.48822337,16566.244,0.0,0.0,0.062977366,0.771717,0.0
1583,0.0,0.64646316,0.84438187,0.4102964,16566.244,0.0,0.0,0.051804606,0.63480735,0.0
1584,0.0,0.59178424,0.69068456,0.36260957,16566.244,0.0,0.0,0.07045411,0.86333615,0.0
1585,1.050554,0.7833235,0.73152405,0.40763244,16566.244,1.050554,0.0,0.07894908,0.96743244,0.0
1586,0.0,0.64417267,0.73062867,0.39914802,16566.244,0.0,0.0,0.06784742,0.83139414,0.0
1587,0.0,0.66683424,0.7267706,0.39914802,16566.244,0.0,0.0,0.068119295,0.8347256,0.0
1588,0.6652528,0.74185747,0.7008887,0.35532176,16566.244,0.6652528,0.0,0.0719041,0.8811041,0.0
1589,0.42878193,0.7161734,0.661938,0.3949609,16566.244,0.42659733,0.0,0.082800835,1.0146314,1.0
1590,0.9324912,0.7702845,0.75064594,0.35532176,16566.244,0.9293956,0.0,0.0823834,1.0095162,1.0
1591,1.3749607,0.81073976,0.77773654,0.35532176,16566.244,1.3053049,0.0,0.09404918,1.1524673,1.0
1592,1.186685,0.79099154,0.80816436,0.35532176,16566.244,1.1218051,0.0,0.09509182,1.1652436,1.0
1593,1.6951846,0.8326864,0.77129686,0.5466273,16566.244,1.5092326,0.0,0.11033466,1.3520275,1.0
1594,1.7179606,0.837863,0.8122109,0.46857315,16566.244,1.5573335,0.0,0.10565572,1.2946924,1.0
1595,1.9934694,0.86462903,0.79996186,0.5682252,16566.244,1.8060423,0.0,0.10580387,1.2965078,1.0
1596,1.8114506,0.84918106,0.7494973,0.57433873,16566.244,1.6625001,0.0,0.10249682,1.2559836,1.0
1597,0.0,0.6365882,1.0256146,0.584478,16566.244,0.0,0.0,0.09045706,1.1084498,1.0
1598,1.9653777,0.86826444,1.10623,0.584478,16566.244,1.8398224,0.0,0.09751854,1.1949804,1.0
1599,4.3453817,1.1184194,1.132463,0.5948525,16566.244,4.1642547,0.0,0.09174835,1.1242732,1.0
1600,4.5304947,1.1345154,1.1151351,0.5948525,28162.62,4.313818,1.0628095,0.093318194,1.1435099,1.0
1601,3.5920696,1.0445224,1.1135416,0.60177386,28162.62,3.4776058,1.0628095,0.08928124,1.0940415,1.0
1602,2.5091245,0.9402946,1.0803419,0.65171033,28162.62,2.5091245,1.0628095,0.07763515,0.9513317,0.0
1603,5.119007,1.2211697,1.169177,0.74776393,28162.62,5.119007,1.0628095,0.07298053,0.89429456,0.0
1604,4.964285,1.2045186,1.1558645,0.71625835,28162.62,4.964285,1.0628095,0.05766109,0.706572,0.0
1605,4.5814004,1.1633126,1.3267031,0.4950483,28162.62,4.5814004,1.0628095,0.069845416,0.8558773,0.0
1606,5.730601,1.2869893,1.3170716,0.35528448,28162.62,5.730601,1.0628095,0.07029926,0.86143863,0.0
1607,6.252113,1.3388611,1.3300927,0.3172404,28162.62,6.2125916,1.0628095,0.08309007,1.0181756,1.0
1608,2.2324827,0.91052246,1.1741287,0.82650375,28162.62,2.2324827,1.0628095,0.06946525,0.85121876,0.0
1609,2.9385629,0.9865107,1.4715247,0.63126737,28162.62,2.9385629,1.0628095,0.07364931,0.9024897,0.0
1610,3.7662907,1.0755906,1.4672784,0.7081066,28162.62,3.7662907,1.0628095,0.065915026,0.80771476,0.0
1611,4.708329,1.1769726,1.3635617,0.74059844,28162.62,4.708329,1.0628095,0.056287162,0.68973607,0.0
1612,4.667749,1.1726054,1.4006447,0.66453975,28162.62,4.667749,1.0628095,0.07818687,0.95809245,0.0
1613,1.4360071,0.8248059,1.3690119,0.7340791,28162.62,1.4360071,1.0628095,0.056421172,0.69137824,0.0
1614,6.0814824,1.3247511,1.360034,0.6582802,28162.62,6.0814824,1.0628095,0.06334054,0.7761673,0.0
1615,1.5869569,0.8410511,1.3762339,0.7164288,28162.62,1.5869569,1.0628095,0.04307368,0.52781963,0.0
1616,2.286934,0.9163825,1.3949087,0.68208903,25401.572,2.286934,0.8038131,0.045545347,0.55810714,0.0
1617,3.288201,1.0241387,1.3842672,0.6170571,25401.572,3.288201,0.8038131,0.03872398,0.47451895,0.0
1618,5.5485635,1.2673985,1.242528,0.83784825,25401.572,5.5485635,0.8038131,0.053338543,0.65360403,0.0
1619,1.3041196,0.8106122,1.1227134,0.64755815,25401.572,1.3041196,0.8038131,0.044688296,0.547605,0.0
1620,4.942356,1.2021586,1.1339935,0.66498655,25401.572,4.942356,0.8038131,0.05085777,0.62320495,0.0
1621,4.0029087,1.1010554,1.1427597,0.44845316,25401.572,4.0029087,0.8038131,0.053424854,0.6546617,0.0
1622,2.6617758,0.9567229,1.0469964,0.50614864,25401.572,2.6617758,0.8038131,0.0546832,0.6700813,0.0
1623,0.518733,0.53596437,0.9726875,0.4205153,23744.955,0.0,0.6484163,0.057886083,0.70932907,0.0
1624,0.75595427,0.75161874,0.8924227,0.45987386,23744.955,0.75595427,0.6484163,0.07656438,0.9382106,0.0
1625,1.6192272,0.844524,0.8416685,0.37293696,23744.955,1.6192272,0.6484163,0.05135239,0.62926596,0.0
1626,0.518733,0.6047279,0.7049814,0.45398164,23744.955,0.0,0.6484163,0.05559576,0.6812637,0.0
1627,0.07880459,0.678744,0.64770997,0.4615119,16566.244,0.07880459,0.0,0.046395507,0.5685249,0.0
1628,0.0,0.6558579,0.58658165,0.48633566,16566.244,0.0,0.0,0.060957663,0.7469678,0.0
1629,0.0,0.618848,0.60005987,0.39959735,16566.244,0.0,0.0,0.06402251,0.7845241,0.0
1630,0.0,0.6392572,0.5503257,0.42693081,16566.244,0.0,0.0,0.048471697,0.5939663,0.0
1631,0.21651082,0.69356394,0.6353552,0.43008697,16566.244,0.21651082,0.0,0.060736597,0.7442589,0.0
1632,0.0,0.6432218,0.554277,0.42169854,16566.244,0.0,0.0,0.042334553,0.51876247,0.0
1633,0.7023039,0.7458449,0.5537018,0.4749746,16566.244,0.7023039,0.0,0.054766275,0.6710993,0.0
1634,0.259287,0.6981675,0.53828996,0.46901798,16566.244,0.259287,0.0,0.061694838,0.75600106,0.0
1635,0.6619397,0.7415009,0.5780029,0.50275505,16566.244,0.6619397,0.0,0.051201575,0.6274179,0.0
1636,0.66872984,0.74223167,0.5659995,0.47129846,16566.244,0.66872984,0.0,0.05691476,0.6974266,0.0
1637,0.6252575,0.7375532,0.62121385,0.41536754,16566.244,0.6252575,0.0,0.053136956,0.65113384,0.0
1638,0.6811437,0.74356765,0.651704,0.36409014,16566.244,0.6811437,0.0,0.05808636,0.71178323,0.0
1639,0.88121,0.76509875,1.168786,0.57991385,16566.244,0.88121,0.0,0.048950836,0.5998376,0.0
1640,0.9239934,0.7697031,1.1090323,0.52208596,16566.244,0.9239934,0.0,0.038365517,0.4701264,0.0
1641,1.1417124,0.793134,0.7810226,0.79885423,16566.244,1.1417124,0.0,0.04291669,0.5258959,0.0
1642,1.2340683,0.8030733,0.616738,0.6830415,16566.244,1.2340683,0.0,0.06528592,0.8000058,0.0
1643,1.428014,0.8239457,1.0961949,0.55516386,16566.244,1.428014,0.0,0.06854307,0.8399185,0.0
1644,1.8752961,0.8720821,1.0649701,0.5654059,16566.244,1.8752961,0.0,0.0652715,0.799829,0.0
1645,1.4871597,0.83031094,1.0458894,0.6977967,16566.244,1.4871597,0.0,0.06867723,0.84156245,0.0
1646,1.8885994,0.8735138,0.9235852,0.74392015,16566.244,1.8885994,0.0,0.057357226,0.7028485,0.0
1647,1.5764749,0.839923,0.8534318,0.7341642,16566.244,1.5764749,0.0,0.06392399,0.78331685,0.0
1648,1.6369492,0.84643126,0.96018165,0.603047,16566.244,1.6369492,0.0,0.067871176,0.8316852,0.0
1649,0.879569,0.76492214,0.7123882,0.7191998,16566.244,0.879569,0.0,0.06182338,0.7575762,0.0
1650,1.9781555,0.8831518,0.7909001,0.6136437,16566.244,1.9781555,0.0,0.05201112,0.637338,0.0
1651,2.8927288,0.98157805,1.1923447,0.591778,16566.244,2.8927288,0.0,0.052273642,0.6405549,0.0
1652,1.4751053,0.82901365,0.7208592,0.6428222,16566.244,1.4751053,0.0,0.07958426,0.9752159,0.0
1653,0.58061093,0.7327483,0.65133446,0.71230525,16566.244,0.58061093,0.0,0.06170976,0.7561839,0.0
1654,2.0522473,0.89112556,1.0131068,0.5022657,16566.244,2.0522473,0.0,0.05236138,0.64163,0.0
1655,0.31885573,0.7045783,0.6107551,0.55058074,16566.244,0.31885573,0.0,0.05237926,0.6418491,0.0
1656,0.33991015,0.70684415,0.6222377,0.4176814,16566.244,0.33991015,0.0,0.05048357,0.61861956,0.0
1657,0.24775983,0.69692695,0.6316724,0.41327286,16566.244,0.24775983,0.0,0.039891537,0.48882607,0.0
1658,0.27188143,0.6995229,0.5957932,0.48253185,16566.244,0.27188143,0.0,0.032335956,0.3962409,0.0
1659,0.25964534,0.69820607,0.62438107,0.45527998,16566.244,0.25964534,0.0,0.03360875,0.41183755,0.0
1660,0.0,0.66007954,0.62308526,0.50358254,16566.244,0.0,0.0,0.04083209,0.5003515,0.0
1661,0.6168944,0.73665315,0.6333332,0.806831,16566.244,0.6168944,0.0,0.060214467,0.7378608,0.0
1662,4.026738,1.1036199,1.0959735,0.3890555,16566.244,4.026738,0.0,0.07722949,0.9463608,0.0
1663,0.7388626,0.74977934,0.98067003,0.48425663,16566.244,0.7388626,0.0,0.06431042,0.7880521,0.0
1664,0.38864902,0.7120894,0.597841,0.6179012,16566.244,0.38864902,0.0,0.044601645,0.5465432,0.0
1665,0.0,0.5481202,0.55923086,0.49603137,16566.244,0.0,0.0,0.041789826,0.51208746,0.0
1666,3.1006405,1.0039535,0.99419683,0.67107296,16566.244,3.1006405,0.0,0.0616434,0.75537074,0.0
1667,0.0,0.5163348,0.6088502,0.6179012,16566.244,0.0,0.0,0.037695736,0.46191898,0.0
1668,0.0,0.51464677,0.66367894,0.42871785,16566.244,0.0,0.0,0.05219224,0.6395574,0.0
1669,0.0,0.5339886,0.7011133,0.49545556,16566.244,0.0,0.0,0.05021252,0.61529815,0.0
1670,4.0400395,1.1050514,1.0377293,0.6449336,16566.244,4.0400395,0.0,0.059105385,0.7242702,0.0
1671,2.4047353,0.9290603,0.75133234,0.7694669,16566.244,2.4047353,0.0,0.058865853,0.72133505,0.0
1672,1.1029307,0.7889603,0.71510595,0.6567911,16566.244,1.1029307,0.0,0.055011008,0.67409825,0.0
1673,4.4413395,1.1482393,1.1449082,0.44334602,16566.244,4.4413395,0.0,0.047464117,0.58161956,0.0
1674,2.0181687,0.887458,0.7733099,0.77720416,16566.244,2.0181687,0.0,0.052577864,0.64428276,0.0
1675,2.284637,0.9161353,0.99299514,0.6383213,16566.244,2.284637,0.0,0.053935405,0.66091794,0.0
1676,1.7674731,0.8604782,1.0897853,0.599062,16566.244,1.7674731,0.0,0.06640667,0.81373924,0.0
1677,2.7848606,0.9699693,1.1546626,0.73476875,16566.244,2.7848606,0.0,0.046791483,0.57337713,0.0
1678,2.0989497,0.89615166,1.0846878,0.58019316,16566.244,2.0989497,0.0,0.05899239,0.7228856,0.0
1679,1.9701647,0.88229185,0.82403255,0.7135189,16566.244,1.9701647,0.0,0.053330097,0.65350056,0.0
1680,3.540258,1.051265,1.1429448,0.57183063,16566.244,3.540258,0.0,0.054154526,0.663603,0.0
1681,1.5726644,0.83951294,1.2601447,0.5886834,16566.244,1.5726644,0.0,0.045838322,0.56169724,0.0
1682,1.6842391,0.8515206,0.76862234,0.6524788,16566.244,1.6842391,0.0,0.048264667,0.5914294,0.0
1683,1.2884463,0.80892545,0.8658364,0.6554716,16566.244,1.2884463,0.0,0.04985133,0.6108722,0.0
1684,1.3678638,0.81747234,0.88465065,0.6041758,16566.244,1.3678638,0.0,0.047530957,0.5824386,0.0
1685,2.2736742,0.9149555,1.0294021,0.52817595,16566.244,2.2736742,0.0,0.04312637,0.52846533,0.0
1686,4.79221,1.1859999,1.1467257,0.55598444,16566.244,4.79221,0.0,0.062491123,0.76575863,0.0
1687,1.9344417,0.87844735,1.1440278,0.725746,16566.244,1.9344417,0.0,0.038531937,0.47216567,0.0
1688,2.6772883,0.9583924,1.1139793,0.6944843,16566.244,2.6772883,0.0,0.0740969,0.9079745,0.0
1689,2.8051467,0.9721525,1.062197,0.69966525,16566.244,2.8051467,0.0,0.064101614,0.78549343,0.0
1690,4.074966,1.1088102,1.0001094,0.90432996,16566.244,4.074966,0.0,0.0518343,0.63517123,0.0
1691,5.2033286,1.2302444,1.7103989,0.8826228,16566.244,5.2033286,0.0,0.047643922,0.58382285,0.0
1692,2.7686284,0.9682224,1.0601935,0.9653566,16566.244,2.7686284,0.0,0.052301608,0.6408976,0.0
1693,1.8555183,0.86995363,0.86577076,0.64370567,16566.244,1.8555183,0.0,0.03425631,0.41977265,0.0
1694,4.5176716,1.1564541,1.3071587,0.59848195,16566.244,4.5176716,0.0,0.051240847,0.6278991,0.0
1695,3.2873158,1.0240434,1.0760286,0.6652274,16566.244,3.2873158,0.0,0.04543137,0.55671054,0.0
1696,2.416057,0.9302787,1.0246847,0.7908676,16566.244,2.416057,0.0,0.040204052,0.49265558,0.0
1697,0.98518103,0.7762881,0.8886292,0.71588755,16566.244,0.98518103,0.0,0.038594227,0.472929,0.0
1698,3.000168,0.99314064,1.0365268,0.7510258,16566.244,3.000168,0.0,0.049921002,0.6117259,0.0
1699,3.8465638,1.0842296,1.0297654,0.6664635,16566.244,3.8465638,0.0,0.031623837,0.38751465,0.0
1700,2.558152,0.94557095,1.2479094,0.6917125,16566.244,2.558152,0.0,0.05358786,0.6566592,0.0
1701,2.1134796,0.8977154,0.8404789,0.79759854,16566.244,2.1134796,0.0,0.046226013,0.566448,0.0
1702,1.5942289,0.8418337,0.90179694,0.72477126,16566.244,1.5942289,0.0,0.042090088,0.51576686,0.0
1703,1.6217881,0.84479964,0.75600237,0.65876836,16566.244,1.6217881,0.0,0.04036233,0.49459508,0.0
1704,1.3728689,0.818011,0.9651981,0.9135037,16566.244,1.3728689,0.0,0.052004922,0.63726205,0.0
1705,1.6472402,0.84753877,1.0900788,0.8443066,16566.244,1.6472402,0.0,0.053470157,0.6552168,0.0
1706,1.2739738,0.8073679,1.0171285,0.79828215,16566.244,1.2739738,0.0,0.054774135,0.6711956,0.0
1707,2.8572147,0.977756,1.0373272,0.758597,28714.828,2.8572147,1.1146086,0.049346626,0.6046876,0.0
1708,7.788039,1.5084105,1.5284667,0.70696783,28714.828,7.788039,1.1146086,0.06732834,0.82503337,0.0
1709,2.3465552,0.92279893,0.91671604,0.7269065,28714.828,2.3465552,1.1146086,0.051191024,0.62728864,0.0
1710,4.809539,1.1878648,1.1684699,0.6981112,28714.828,4.809539,1.1146086,0.03347704,0.41022357,0.0
1711,2.94708,0.9874273,1.0780216,0.76302904,28714.828,2.94708,1.1146086,0.03819182,0.46799797,0.0
1712,4.409509,1.1448137,1.0349783,0.8590313,28714.828,4.409509,1.1146086,0.041678816,0.51072717,0.0
1713,3.7562816,1.0745134,0.9701139,0.82891196,28714.828,3.7562816,1.1146086,0.036219347,0.44382748,0.0
1714,4.8081255,1.1877127,1.1708022,0.81814915,28714.828,4.8081255,1.1146086,0.02831636,0.34698525,0.0
1715,2.755674,0.9668282,1.0310795,0.8514021,28714.828,2.755674,1.1146086,0.026907388,0.32971987,0.0
1716,4.908849,1.1985525,1.2449033,0.6704663,28714.828,4.908849,1.1146086,0.03592952,0.440276,0.0
1717,6.061678,1.3226198,1.2997925,0.59128344,28714.828,6.061678,1.1146086,0.0432515,0.52999866,0.0
1718,5.713868,1.2851886,1.4502563,0.767335,28714.828,5.713868,1.1146086,0.06284354,0.7700771,0.0
1719,6.726974,1.3942188,1.3255888,0.57408506,28714.828,6.726974,1.1146086,0.040533554,0.49669325,0.0
1720,6.414589,1.3606,1.3079578,0.6797373,28714.828,6.414589,1.1146086,0.035363328,0.43333793,0.0
1721,6.045419,1.32087,1.3009033,0.6848516,28714.828,6.045419,1.1146086,0.042964417,0.5264808,0.0
1722,6.2810645,1.3462301,1.275356,0.6797373,28714.828,6.2810645,1.1146086,0.029310027,0.35916153,0.0
1723,5.508269,1.263062,1.206943,0.642988,24297.16,5.508269,0.70021516,0.02758939,0.33807704,0.0
1724,5.1867023,1.2284551,1.1795315,0.6753532,24297.16,5.1867023,0.70021516,0.04241659,0.51976776,0.0
1725,4.5661983,1.1616765,1.1982534,0.6059589,24297.16,4.5661983,0.70021516,0.0593501,0.72726893,0.0
1726,2.8123257,0.97292507,1.1014664,0.64394003,24297.16,2.8123257,0.70021516,0.059672512,0.7312197,0.0
1727,3.4568756,1.0422914,1.0343498,0.33804855,24297.16,3.4568756,0.70021516,0.041237295,0.5053168,0.0
1728,2.7229967,0.9633115,0.93861586,0.72616595,24297.16,2.7229967,0.70021516,0.04875347,0.59741914,0.0
1729,2.5569198,0.9454383,0.9152898,0.39462155,24297.16,2.5569198,0.70021516,0.044482674,0.5450853,0.0
1730,2.9703963,0.9899366,0.930809,0.63834333,24297.16,2.9703963,0.70021516,0.06326577,0.7752511,0.0
1731,1.7285357,0.8562878,0.8610653,0.4600113,24297.16,1.7285357,0.70021516,0.052960288,0.64896894,0.0
1732,0.85285985,0.7620477,0.6318213,0.4160741,16566.244,0.85285985,0.0,0.05216579,0.6392333,0.0
1733,0.49112132,0.7231175,0.5955188,0.45432606,16566.244,0.49112132,0.0,0.05062088,0.62030214,0.0
1734,0.15808244,0.6872759,0.7769036,0.4600113,16566.244,0.15808244,0.0,0.055985022,0.68603367,0.0
1735,0.30415782,0.7029965,0.60521674,0.42172816,16566.244,0.30415782,0.0,0.053655557,0.6574887,0.0
1736,0.0,0.6593024,0.6567436,0.4805389,16566.244,0.0,0.0,0.058401026,0.7156391,0.0
1737,0.0,0.637464,0.60229856,0.40265474,16566.244,0.0,0.0,0.030948991,0.3792452,0.0
1738,0.3994955,0.7132567,0.8450566,0.45050135,16566.244,0.3994955,0.0,0.04839252,0.59299606,0.0
1739,0.7955159,0.75587636,0.7363441,0.6383497,16566.244,0.7955159,0.0,0.036041208,0.44164458,0.0
1740,2.0680528,0.89282656,0.811637,0.44163463,16566.244,2.0680528,0.0,0.049834434,0.61066514,0.0
1741,0.0,0.6524014,0.63216287,0.4395364,16566.244,0.0,0.0,0.057688784,0.7069114,0.0
1742,0.0,0.61906284,0.5935448,0.3980399,16566.244,0.0,0.0,0.046024617,0.5639801,0.0
1743,1.6213456,0.844752,0.88309276,0.43244895,16566.244,1.6213456,0.0,0.04325955,0.5300973,0.0
1744,1.4545028,0.8267964,0.7624649,0.47067887,16566.244,1.4545028,0.0,0.04028446,0.49364087,0.0
1745,1.5427258,0.83629096,0.7213088,0.6675293,16566.244,1.5427258,0.0,0.035259362,0.43206397,0.0
1746,1.8035207,0.86435765,0.7828576,0.51688415,16566.244,1.8035207,0.0,0.041608766,0.5098688,0.0
1747,4.24491,1.1270995,0.9387627,0.91237324,16566.244,4.24491,0.0,0.06359035,0.77922845,0.0
1748,4.159478,1.1179054,0.745167,0.9422398,16566.244,4.159478,0.0,0.06261654,0.76729554,0.0
1749,2.3173475,0.9196556,1.0421712,0.8074273,16566.244,2.3173475,0.0,0.07125618,0.87316465,0.0
1750,1.7288613,0.8563228,0.8068085,0.72692525,16566.244,1.7288613,0.0,0.04199205,0.51456547,0.0
1751,2.1683729,0.903623,0.80562395,0.70686144,16566.244,2.1683729,0.0,0.042992115,0.5268202,0.0
1752,3.0314825,0.9965107,0.9261862,0.78270805,16566.244,3.0314825,0.0,0.04876865,0.59760517,0.0
1753,0.0,0.6404359,0.6991998,0.7209146,16566.244,0.0,0.0,0.06567031,0.80471605,0.0
1754,0.73924255,0.74982023,0.79214,0.74955285,16566.244,0.73924255,0.0,0.058086604,0.7117862,0.0
1755,1.3351765,0.81395453,0.78178,0.74955285,16566.244,1.3351765,0.0,0.059280783,0.7264195,0.0
1756,1.6812013,0.85119367,0.8533277,0.8194504,16566.244,1.6812013,0.0,0.058096573,0.71190834,0.0
1757,0.32688096,0.70544195,0.5992622,0.67196655,16566.244,0.32688096,0.0,0.07039041,0.86255556,0.0
1758,0.14593996,0.6859691,0.71824294,0.6343485,16566.244,0.14593996,0.0,0.067843795,0.8313497,0.0
1759,1.8168317,0.8657902,0.82223266,0.69608855,16566.244,1.8168317,0.0,0.044421017,0.54432976,0.0
1760,1.4761027,0.829121,0.9343225,0.7670288,16566.244,1.4761027,0.0,0.04599708,0.5636426,0.0
1761,1.4805201,0.8295964,0.81348395,0.87134737,16566.244,1.4805201,0.0,0.055244423,0.6769585,0.0
1762,1.2996069,0.81012654,0.6654943,0.55394447,16566.244,1.2996069,0.0,0.04011206,0.49152833,0.0
1763,1.5658005,0.83877426,0.83223516,0.8900579,16566.244,1.5658005,0.0,0.06530293,0.80021423,0.0
1764,0.33549324,0.7063688,0.8881288,0.7862051,16566.244,0.33549324,0.0,0.06445456,0.7898184,0.0
1765,0.78689754,0.75494885,0.7159365,0.49520442,16566.244,0.78689754,0.0,0.041062113,0.50317013,0.0
1766,0.7187409,0.74761385,0.6696533,0.5319203,16566.244,0.7187409,0.0,0.07420103,0.90925044,0.0
1767,0.60062355,0.7349021,0.94562066,0.5225099,16566.244,0.60062355,0.0,0.05046832,0.61843264,0.0
1768,0.34029672,0.70688576,0.6708068,0.52465117,16566.244,0.34029672,0.0,0.04629682,0.56731564,0.0
1769,1.6096933,0.843498,0.9503139,0.5758427,16566.244,1.6096933,0.0,0.03383216,0.4145752,0.0
1770,0.054346267,0.6761118,0.69072753,0.57473165,16566.244,0.054346267,0.0,0.04586488,0.5620227,0.0
1771,0.0,0.66812646,0.9040817,0.58585656,16566.244,0.0,0.0,0.04424211,0.54213744,0.0
1772,1.012521,0.7792304,0.6705015,0.67773575,16566.244,1.012521,0.0,0.05758495,0.705639,0.0
1773,0.4126482,0.7146722,0.8879622,0.5236847,16566.244,0.4126482,0.0,0.05119397,0.6273247,0.0
1774,0.2929757,0.7017931,0.7391085,0.8251197,16566.244,0.2929757,0.0,0.06269648,0.7682751,0.0
1775,2.0265326,0.8883582,0.7379296,0.5697623,16566.244,2.0265326,0.0,0.056801185,0.69603485,0.0
1776,2.107964,0.8971218,0.8169684,0.5584451,16566.244,2.107964,0.0,0.05146505,0.63064647,0.0
1777,1.3889437,0.81974095,0.78866243,0.5845719,16566.244,1.3889437,0.0,0.04536248,0.55586636,0.0
1778,1.5478904,0.83684677,0.8807315,0.6341086,16566.244,1.5478904,0.0,0.0456609,0.55952317,0.0
1779,2.419513,0.93065065,0.7827989,0.63013357,16566.244,2.419513,0.0,0.043266583,0.5301835,0.0
1780,1.5857811,0.84092456,0.7931998,0.6213328,16566.244,1.5857811,0.0,0.044661716,0.54727924,0.0
1781,3.0764043,1.0013452,1.0029583,0.5459271,16566.244,3.0764043,0.0,0.057146277,0.70026356,0.0
1782,0.67011446,0.7423807,0.68558735,0.6883046,16566.244,0.67011446,0.0,0.053934596,0.660908,0.0
1783,1.5788968,0.8401837,0.7709867,0.69767463,16566.244,1.5788968,0.0,0.045375027,0.5560201,0.0
1784,1.3573252,0.8163382,0.968571,0.7342307,16566.244,1.3573252,0.0,0.06618026,0.8109649,0.0
1785,1.2520334,0.8050067,1.1741273,0.81140935,16566.244,1.2520334,0.0,0.06786262,0.83158034,0.0
1786,4.087,1.1101053,1.2675569,0.7644028,16566.244,4.087,0.0,0.052586563,0.6443894,0.0
1787,3.6492965,1.0629997,1.4422657,0.7836438,16566.244,3.6492965,0.0,0.049778566,0.6099805,0.0
1788,2.4573002,0.9347173,1.4376101,0.82346135,16566.244,2.4573002,0.0,0.044456605,0.54476583,0.0
1789,2.1789496,0.90476125,0.7970334,0.45946214,16566.244,2.1789496,0.0,0.027556183,0.33767012,0.0
1790,1.2911081,0.8092119,0.7802609,0.5442954,16566.244,1.2911081,0.0,0.037127092,0.4549509,0.0
1791,2.568112,0.9466428,1.1117018,0.71780545,16566.244,2.568112,0.0,0.049949743,0.6120781,0.0
1792,1.467239,0.8281671,0.7862347,0.45966116,16566.244,1.467239,0.0,0.034923755,0.42795146,0.0
1793,1.226135,0.8022195,0.6426259,0.58676237,16566.244,1.226135,0.0,0.038415052,0.4707334,0.0
1794,1.6750165,0.85052806,0.656605,0.7265405,16566.244,1.6750165,0.0,0.033116095,0.4058006,0.0
1795,2.1874084,0.9056716,1.0861135,0.6941594,16566.244,2.1874084,0.0,0.04638703,0.56842107,0.0
1796,1.4980189,0.8314796,0.66849035,0.80222815,16566.244,1.4980189,0.0,0.045923404,0.56273985,0.0
1797,1.8439087,0.8687042,1.4429166,0.67389894,16566.244,1.8439087,0.0,0.045461435,0.5570789,0.0
1798,0.6371646,0.7388346,0.803947,0.88685274,16566.244,0.6371646,0.0,0.057149522,0.7003033,0.0
1799,2.03591,0.88936734,0.82673883,0.77575386,16566.244,2.03591,0.0,0.040393107,0.49497223,0.0
1800,1.7170732,0.8550542,0.88706905,0.71477956,28162.62,1.7170732,1.0628095,0.037818868,0.4634278,0.0
1801,2.2118237,0.90829915,0.9078502,0.71967703,28162.62,2.2118237,1.0628095,0.053737685,0.65849507,0.0
1802,6.0951214,1.326219,1.3365453,0.5731986,28162.62,6.0951214,1.0628095,0.057333827,0.7025618,0.0
1803,5.556448,1.268247,1.3780857,0.6170145,28162.62,5.556448,1.0628095,0.056047544,0.6867998,0.0
1804,2.4374704,0.9325832,0.80328995,0.76393706,28162.62,2.4374704,1.0628095,0.049244657,0.6034381,0.0
1805,3.5200825,1.0490937,0.96519315,0.6982657,28162.62,3.5200825,1.0628095,0.0414986,0.5085188,0.0
1806,3.0145276,0.994686,0.8877405,0.8214863,28162.62,3.0145276,1.0628095,0.028039416,0.3435916,0.0
1807,2.875587,0.9797332,0.843822,0.7887077,28162.62,2.875587,1.0628095,0.034184705,0.41889524,0.0
1808,1.771884,0.8609529,1.0805644,0.7976276,28162.62,1.771884,1.0628095,0.029690294,0.36382127,0.0
1809,2.3543012,0.92363256,0.9764813,0.82261145,28162.62,2.3543012,1.0628095,0.03964922,0.4858567,0.0
1810,2.4871995,0.93793505,0.81158775,0.76799536,28162.62,2.4871995,1.0628095,0.040898375,0.5011637,0.0
1811,2.378779,0.92626685,1.2615577,0.7084975,28162.62,2.378779,1.0628095,0.03833044,0.46969655,0.0
1812,5.26981,1.2373991,1.2443129,0.5434102,28162.62,5.26981,1.0628095,0.029267337,0.3586384,0.0
1813,5.5263267,1.2650054,1.2537434,0.5909435,28162.62,5.5263267,1.0628095,0.03237218,0.39668477,0.0
1814,2.8530426,0.977307,1.0922246,0.8010574,28162.62,2.8530426,1.0628095,0.04314709,0.52871925,0.0
1815,2.767025,0.9680498,1.130253,0.7677118,28162.62,2.767025,1.0628095,0.044742934,0.5482745,0.0
1816,2.679641,0.9586456,1.164925,0.7674336,24297.16,2.679641,0.70021516,0.03734454,0.4576155,0.0
1817,2.0325751,0.88900846,0.7502829,0.7914149,24297.16,2.0325751,0.70021516,0.04128979,0.5059601,0.0
1818,2.0380168,0.8895941,0.7572769,0.7346567,24297.16,2.0380168,0.70021516,0.042076398,0.5155991,0.0
1819,2.2290132,0.9101491,0.868577,0.8045442,24297.16,2.2290132,0.70021516,0.042691424,0.52313554,0.0
1820,2.4262269,0.9313732,1.1123468,0.6962552,24297.16,2.4262269,0.70021516,0.050755117,0.62194705,0.0
1821,2.011158,0.88670355,0.81662196,0.73152715,24297.16,2.011158,0.70021516,0.041127834,0.5039755,0.0
1822,2.0660655,0.8926127,0.83118576,0.7360778,23744.955,2.0660655,0.6484163,0.04166281,0.510531,0.0
1823,2.3217046,0.92012453,0.83535004,0.7812243,23744.955,2.3217046,0.6484163,0.03741768,0.4585117,0.0
1824,1.7907096,0.86297894,0.80109215,0.78775793,16566.244,1.7907096,0.0,0.03213242,0.3937468,0.0
1825,1.6530632,0.84816545,0.7907227,0.6878044,16566.244,1.6530632,0.0,0.043386854,0.5316573,0.0
1826,1.8751787,0.8720695,0.85141325,0.6060838,16566.244,1.8751787,0.0,0.04397406,0.5388528,0.0
1827,2.1376739,0.90031916,0.89063895,0.33501676,16566.244,2.1376739,0.0,0.04985121,0.61087066,0.0
1828,2.0185385,0.88749784,0.86204654,0.5997632,16566.244,2.0185385,0.0,0.038109317,0.46698695,0.0
1829,2.2383704,0.9111561,0.9355181,0.36719662,16566.244,2.2383704,0.0,0.043814007,0.5368915,0.0
1830,2.5783076,0.9477401,0.9949327,0.40227646,16566.244,2.5783076,0.0,0.041029487,0.50277036,0.0
1831,2.5914946,0.94915926,0.74269575,0.73810554,16566.244,2.5914946,0.0,0.03910292,0.47916242,0.0
1832,2.6865613,0.95939034,1.0337783,0.6453028,16566.244,2.6865613,0.0,0.043065324,0.5277173,0.0
1833,2.1574478,0.9024472,1.0519716,0.63222986,16566.244,2.1574478,0.0,0.04649539,0.5697489,0.0
1834,3.1359348,1.0077518,1.0292811,0.68664545,16566.244,3.1359348,0.0,0.050242346,0.61566365,0.0
1835,1.9206455,0.8769626,0.8312978,0.6560807,16566.244,1.9206455,0.0,0.05041058,0.61772513,0.0
1836,1.6477225,0.8475907,0.77259606,0.61664027,16566.244,1.6477225,0.0,0.051831067,0.6351316,0.0
1837,1.8665653,0.8711425,0.7914095,0.65409625,16566.244,1.8665653,0.0,0.048552826,0.59496045,0.0
1838,1.8659251,0.8710736,0.74352604,0.8015281,16566.244,1.8659251,0.0,0.047144983,0.5777089,0.0
1839,2.2607293,0.91356236,0.9757757,0.7233679,16566.244,2.2607293,0.0,0.051248264,0.62799,0.0
1840,0.61022836,0.73593575,0.752596,0.63541067,16566.244,0.61022836,0.0,0.070610635,0.86525416,0.0
1841,2.1123195,0.8975905,0.82655203,0.663836,17118.451,2.1123195,0.026825838,0.06466845,0.79243934,0.0
1842,0.4752498,0.7214094,0.74544096,0.7336487,17118.451,0.4752498,0.026825838,0.057542708,0.7051214,0.0
1843,3.4117448,1.0374345,1.1759592,0.5675434,17118.451,3.4117448,0.026825838,0.056024805,0.6865212,0.0
1844,2.7968972,0.97126466,0.87624323,0.6641377,17118.451,2.7968972,0.026825838,0.050074488,0.6136067,0.0
1845,3.2703793,1.0222207,1.1813288,0.65731466,17118.451,3.2703793,0.026825838,0.041083977,0.50343806,0.0
1846,3.1146727,1.0054636,1.2217441,0.574047,17118.451,3.1146727,0.026825838,0.043414816,0.5319999,0.0
1847,1.4222153,0.82332164,0.76358825,0.6472513,17118.451,1.4222153,0.026825838,0.06061169,0.74272835,0.0
1848,2.7012184,0.9609677,0.80213964,0.6898108,17118.451,2.7012184,0.026825838,0.057293452,0.702067,0.0
1849,2.621016,0.9523364,0.81647396,0.69025224,17118.451,2.621016,0.026825838,0.057200458,0.7009275,0.0
1850,1.8471127,0.869049,1.2557075,0.6102486,17118.451,1.8471127,0.026825838,0.051317405,0.6288373,0.0
1851,1.8242565,0.86658925,1.2172245,0.65094244,17118.451,1.8242565,0.026825838,0.056385297,0.6909386,0.0
1852,3.033844,0.99676484,0.96808374,0.7278639,17118.451,3.033844,0.026825838,0.071198635,0.8724595,0.0
1853,4.159498,1.1179075,1.203431,0.7031407,17118.451,4.159498,0.026825838,0.050019387,0.6129315,0.0
1854,2.894073,0.9817227,0.65710235,0.79817003,17118.451,2.894073,0.026825838,0.053462308,0.6551207,0.0
1855,2.5078137,0.94015354,0.79801565,0.7082432,17118.451,2.5078137,0.026825838,0.055862047,0.68452674,0.0
1856,3.215921,1.0163599,0.88606095,0.7563305,17118.451,3.215921,0.026825838,0.050397348,0.617563,0.0
1857,2.489364,0.938168,0.8747526,0.64690703,16566.244,2.489364,0.0,0.054056246,0.6623987,0.0
1858,2.681981,0.9588974,0.82994246,0.636719,16566.244,2.681981,0.0,0.047729354,0.58486974,0.0
1859,1.2624732,0.80613023,0.6707666,0.79763746,16566.244,1.2624732,0.0,0.06568701,0.8049206,0.0
1860,5.29727,1.2403543,1.295555,0.71348953,16566.244,5.29727,0.0,0.04243122,0.51994705,0.0
1861,5.1204405,1.221324,1.3062458,0.73250395,16566.244,5.1204405,0.0,0.048670612,0.5964038,0.0
1862,5.0547056,1.2142496,1.3302908,0.495618,16566.244,5.0547056,0.0,0.05565565,0.6819976,0.0
1863,3.8507397,1.084679,0.9005207,0.7741701,16566.244,3.8507397,0.0,0.08111759,0.99400514,0.0
1864,5.7537317,1.2894787,1.3845276,0.48656175,16566.244,5.7537317,0.0,0.04836332,0.59263825,0.0
1865,5.2497253,1.2352376,1.3510461,0.47574583,16566.244,5.2497253,0.0,0.053854603,0.6599278,0.0
1866,5.4487906,1.2566609,1.3422214,0.5088789,16566.244,5.4487906,0.0,0.06889842,0.84427285,0.0
1867,4.574808,1.1626031,1.1424782,0.56232375,16566.244,4.574808,0.0,0.05944644,0.72844946,0.0
1868,4.801774,1.1870291,1.1862346,0.48373455,16566.244,4.801774,0.0,0.054167446,0.6637613,0.0
1869,4.9767733,1.2058625,1.1709684,0.5799768,16566.244,4.9767733,0.0,0.060896106,0.7462135,0.0
1870,5.255846,1.2182238,1.1795822,0.6081856,16566.244,5.091634,0.0,0.08912662,1.0921468,1.0
1871,4.0061817,1.1014076,1.2121499,0.6451707,16566.244,4.0061817,0.0,0.05997073,0.73487407,0.0
1872,5.061406,1.2149707,1.4025526,0.6412938,16566.244,5.061406,0.0,0.052999135,0.649445,0.0
1873,6.7404556,1.3956697,1.4941615,0.55350286,16566.244,6.7404556,0.0,0.054368176,0.666221,0.0
1874,5.612141,1.2742407,1.2633843,0.5628128,16566.244,5.612141,0.0,0.07959477,0.97534466,0.0
1875,6.318228,1.3502296,1.2302827,0.7190638,16566.244,6.318228,0.0,0.074149035,0.90861326,0.0
1876,6.8710885,1.4097284,1.5744613,0.46538287,16566.244,6.8710885,0.0,0.04580788,0.5613242,0.0
1877,6.130048,1.3299778,1.5265007,0.63558954,16014.038,6.130048,0.0,0.05849744,0.71682054,0.0
1878,6.9145465,1.4144053,1.4974135,0.5815262,16014.038,6.9145465,0.0,0.055462055,0.67962533,0.0
1879,7.6344557,1.4918818,1.6197481,0.5784241,26505.986,7.6344557,0.90741116,0.05668078,0.6945594,0.0
1880,7.701679,1.4991164,1.6185361,0.58292025,28162.62,7.701679,1.0628095,0.057915885,0.70969427,0.0
1881,7.4896984,1.4763031,1.5429206,0.6030558,28162.62,7.4896984,1.0628095,0.054751635,0.6709199,0.0
1882,5.4615674,1.258036,1.5728346,0.640634,28162.62,5.4615674,1.0628095,0.05942872,0.7282324,0.0
1883,5.862774,1.3012137,1.4384214,0.669051,28162.62,5.862774,1.0628095,0.05984228,0.7333001,0.0
1884,6.439854,1.363319,1.4594371,0.54417676,28162.62,6.439854,1.0628095,0.07761779,0.95111895,0.0
1885,6.2124114,1.3388417,1.3293693,0.68203646,28162.62,6.2124114,1.0628095,0.059753206,0.73220855,0.0
1886,5.174066,1.2270951,1.3168993,0.6197338,28162.62,5.174066,1.0628095,0.05036036,0.6171097,0.0
1887,5.3975987,1.2511517,1.2765486,0.65199536,28162.62,5.3975987,1.0628095,0.05469768,0.67025876,0.0
1888,5.8303084,1.2977198,1.453344,0.5553159,28162.62,5.8303084,1.0628095,0.07375506,0.9037856,0.0
1889,5.6478066,1.278079,1.2968588,0.66743946,28162.62,5.6478066,1.0628095,0.060747176,0.7443885,0.0
1890,3.9440482,1.0947208,1.2562051,0.74134314,28162.62,3.9440482,1.0628095,0.050050776,0.6133162,0.0
1891,4.2647915,1.1292392,1.2190759,0.6431691,28162.62,4.2647915,1.0628095,0.051322713,0.6289023,0.0
1892,2.4215884,0.930874,1.0460191,0.46337226,28162.62,2.4215884,1.0628095,0.052210953,0.6397867,0.0
1893,2.4435565,0.9332382,0.9779238,0.5996345,28162.62,2.4435565,1.0628095,0.05253832,0.64379823,0.0
1894,1.8398241,0.8682646,0.93054765,0.59308887,28162.62,1.8398241,1.0628095,0.052740958,0.6462813,0.0
1895,0.86705214,0.7635751,0.8703691,0.64137787,28162.62,0.86705214,1.0628095,0.049318243,0.6043398,0.0
1896,2.3912282,0.92760664,0.91524726,0.7006719,23744.955,2.3912282,0.6484163,0.058923148,0.72203714,0.0
1897,3.1983042,1.014464,0.9943973,0.6534067,23744.955,3.1983042,0.6484163,0.04671665,0.5724602,0.0
1898,6.657883,1.3459641,1.3259478,0.5967336,23744.955,6.2785926,0.6484163,0.09569219,1.1726005,1.0
1899,5.917496,1.2771105,1.1570687,0.858726,23744.955,5.638807,0.6484163,0.09313051,1.14121,1.0
1900,5.266375,1.2370294,1.0500795,0.9181233,23744.955,5.266375,0.6484163,0.080023475,0.980598,0.0
1901,5.1376634,1.2201724,1.0270876,0.9432791,23192.75,5.1097403,0.5966174,0.08288097,1.0156133,1.0
1902,4.6154647,1.1376606,1.0189943,0.9027286,23192.75,4.3430433,0.5966174,0.09623214,1.179217,1.0
1903,1.3223882,0.81257826,0.99429566,0.7928755,22640.53,1.3223882,0.5448171,0.07760711,0.9509881,0.0
1904,1.9092872,0.87574023,0.94221896,0.7382565,22088.322,1.9092872,0.49301803,0.07840766,0.96079797,0.0
1905,1.4418474,0.82543445,0.9093404,0.736567,22088.322,1.4418474,0.49301803,0.07288126,0.89307815,0.0
1906,1.2652326,0.8064272,0.8421213,0.7426544,16566.244,1.2652326,0.0,0.073392905,0.8993478,0.0
1907,1.648041,0.84762496,0.82094085,0.7715371,16566.244,1.648041,0.0,0.07307959,0.89550847,0.0
1908,4.947871,1.1993972,1.3363352,0.74044186,16566.244,4.9166975,0.0,0.08308515,1.0181154,1.0
1909,2.166064,0.8919071,0.8753716,0.7607591,0.0,2.0595093,0.0,0.09367014,1.1478225,1.0
1910,5.280678,1.2385687,1.3253366,0.7499635,0.0,5.280678,0.0,0.071699895,0.87860185,0.0
1911,3.5988967,1.0575757,1.2478607,0.69487375,0.0,3.5988967,0.0,0.06297986,0.7717476,0.0
1912,3.666099,1.064808,1.2502298,0.7320215,0.0,3.666099,0.0,0.07198866,0.8821403,0.0
1913,3.7931035,1.0784762,1.2648811,0.8068407,0.0,3.7931035,0.0,0.0706385,0.86559564,0.0
1914,3.9286735,1.0930662,1.0120976,0.82874346,0.0,3.9286735,0.0,0.07731563,0.94741637,0.0
1915,4.698812,1.1759484,1.1496271,0.7943267,0.0,4.698812,0.0,0.072117686,0.8837214,0.0
1916,3.1246076,1.0057125,1.0039684,0.6195586,0.0,3.1169856,0.0,0.082176976,1.0069867,1.0
1917,4.852887,1.1925299,1.3149657,0.66315955,0.0,4.852887,0.0,0.07734159,0.9477344,0.0
1918,3.584747,1.0560529,1.0507362,0.5310461,16566.244,3.584747,0.0,0.08092498,0.9916449,0.0
1919,4.114484,1.1130631,1.0626792,0.40066653,16566.244,4.114484,0.0,0.072682425,0.8906416,0.0
1920,2.930978,0.9856944,1.0913887,0.34744292,16566.244,2.930978,0.0,0.06142043,0.7526385,0.0
1921,3.8811646,1.0879533,1.0730376,0.3609435,16566.244,3.8811646,0.0,0.061653238,0.7554913,0.0
1922,4.0061383,1.101403,1.0834153,0.3642776,16566.244,4.0061383,0.0,0.0779493,0.9551813,0.0
1923,2.7661555,0.96795624,1.05661,0.40426934,16566.244,2.7661555,0.0,0.06762754,0.8286997,0.0
1924,2.8078933,0.97244805,1.0513829,0.40080634,16566.244,2.8078933,0.0,0.08032236,0.9842605,0.0
1925,3.7801125,1.0770781,1.0554358,0.34744292,16566.244,3.7801125,0.0,0.067973234,0.83293575,0.0
1926,3.6014588,1.0578514,1.0506372,0.38658658,16566.244,3.6014588,0.0,0.06391243,0.7831752,0.0
1927,3.808376,1.0801198,1.0554539,0.40080634,16566.244,3.808376,0.0,0.073326394,0.89853275,0.0
1928,3.9377291,1.0609909,1.0373095,0.40080634,16566.244,3.630631,0.0,0.10132892,1.2416723,1.0
1929,3.5794773,1.0453352,1.0131478,0.3012763,16566.244,3.485158,0.0,0.08791692,1.0773233,1.0
1930,3.84222,1.058719,1.0405684,0.6172811,16566.244,3.6095204,0.0,0.09663838,1.184195,1.0
1931,3.8911192,1.0481274,1.0201341,0.40080634,16566.244,3.5111034,0.0,0.10684259,1.3092362,1.0
1932,3.534659,1.0192643,0.9970858,0.5423856,16566.244,3.2429087,0.0,0.102583386,1.2570444,1.0
1933,2.9330187,0.9557623,0.9785519,0.44929206,16566.244,2.65285,0.0,0.106231205,1.3017443,1.0
1934,2.8187723,0.96861327,0.9462314,0.31213856,16566.244,2.7722604,0.0,0.08551873,1.0479362,1.0
1935,6.766452,1.3984674,1.3810263,0.5628706,16566.244,6.766452,0.0,0.07099874,0.87001,0.0
1936,5.942257,1.3097677,1.2734554,0.53615266,16566.244,5.942257,0.0,0.07186846,0.8806674,0.0
1937,5.8955646,1.3047427,1.3091031,0.53145975,16566.244,5.8955646,0.0,0.063610084,0.77947026,0.0
1938,6.495126,1.3692673,1.3035799,0.53464377,16566.244,6.495126,0.0,0.06292583,0.7710855,0.0
1939,6.2742767,1.3454996,1.2904345,0.53145975,16566.244,6.2742767,0.0,0.0682238,0.83600616,0.0
1940,6.203417,1.3378737,1.2814939,0.53464377,16566.244,6.203417,0.0,0.063288935,0.7755349,0.0
1941,6.2714047,1.3451905,1.2799999,0.53145975,16566.244,6.2714047,0.0,0.062295593,0.76336265,0.0
1942,5.428071,1.2528477,1.2472878,0.5448041,16566.244,5.4133577,0.0,0.082240544,1.0077657,1.0
1943,8.693433,1.4064173,1.2545924,0.909864,16566.244,6.8403215,0.0,0.1447728,1.7740283,1.0
1944,6.296388,1.3108166,1.214806,0.6769227,16566.244,5.9520035,0.0,0.095097646,1.165315,1.0
1945,6.73423,1.3949997,1.4897479,0.49426994,16566.244,6.73423,0.0,0.059784226,0.73258865,0.0
1946,6.014514,1.317544,1.3463882,0.43534744,16566.244,6.014514,0.0,0.06917237,0.8476298,0.0
1947,5.873374,1.2961541,1.4826193,0.7385491,16566.244,5.81576,0.0,0.083916634,1.0283042,1.0
1948,6.1205564,1.3090171,1.3800943,0.5785709,16566.244,5.9352818,0.0,0.08888515,1.0891879,1.0
1949,5.400587,1.2514733,1.3936526,0.64736974,16566.244,5.400587,0.0,0.062443685,0.76517737,0.0
1950,5.7817397,1.2924929,1.3531626,0.5440205,16566.244,5.7817397,0.0,0.07786269,0.9541199,0.0
1951,6.2859926,1.3467605,1.4403805,0.43534744,16566.244,6.2859926,0.0,0.06806398,0.8340478,0.0
1952,6.9665303,1.4199998,1.4771167,0.3207045,16566.244,6.9665303,0.0,0.066319086,0.81266606,0.0
1953,7.421597,1.4657882,1.491521,0.54045916,16566.244,7.391995,0.0,0.08254054,1.0114418,1.0
1954,4.034543,1.1044599,1.4395715,0.6796425,16566.244,4.034543,0.0,0.07718688,0.9458387,0.0
1955,7.8213625,1.5119967,1.5186976,0.5561822,16566.244,7.8213625,0.0,0.06883606,0.8435088,0.0
1956,7.7260637,1.5017407,1.4885654,0.5440205,16566.244,7.7260637,0.0,0.07509305,0.92018116,0.0
1957,7.8417997,1.5141962,1.4932985,0.5440205,16566.244,7.8417997,0.0,0.07250576,0.8884768,0.0
1958,8.463057,1.5810558,1.5429063,0.53145975,16566.244,8.463057,0.0,0.06992622,0.8568674,0.0
1959,8.188486,1.5515065,1.4944831,0.5844724,16566.244,8.188486,0.0,0.0627625,0.76908404,0.0
1960,7.70108,1.4990519,1.4916443,0.5545438,16566.244,7.70108,0.0,0.049685553,0.60884076,0.0
1961,8.126622,1.5448487,1.4832357,0.54905856,16566.244,8.126622,0.0,0.05944608,0.7284451,0.0
1962,8.17949,1.5505383,1.5239447,0.507112,16566.244,8.17949,0.0,0.038227506,0.46843523,0.0
1963,7.4386396,1.4708081,1.5370935,0.43876615,16566.244,7.4386396,0.0,0.048767976,0.5975969,0.0
1964,8.283905,1.5617754,1.5846857,0.54803526,16566.244,8.283905,0.0,0.047817226,0.5859465,0.0
1965,5.186534,1.228437,1.4005238,0.79203284,16566.244,5.186534,0.0,0.05284311,0.64753306,0.0
1966,2.6746705,0.95811063,1.2216536,0.7581734,16566.244,2.6746705,0.0,0.06636483,0.81322664,0.0
1967,4.5640793,1.1614485,1.3924979,0.7046133,16566.244,4.5640793,0.0,0.060916662,0.7464654,0.0
1968,7.773918,1.5068908,1.537288,0.5049616,16566.244,7.773918,0.0,0.05405926,0.6624356,0.0
1969,7.364976,1.4628805,1.51096,0.47487855,16566.244,7.364976,0.0,0.05792553,0.7098124,0.0
1970,5.413907,1.2529068,1.4333588,0.7010093,16566.244,5.413907,0.0,0.05849139,0.7167464,0.0
1971,8.026855,1.5341119,1.5974882,0.57603806,16566.244,8.026855,0.0,0.055569395,0.6809406,0.0
1972,7.9480658,1.5256325,1.494476,0.6798074,16566.244,7.9480658,0.0,0.061250426,0.7505553,0.0
1973,7.223982,1.4477067,1.452411,0.6660312,16566.244,7.223982,0.0,0.0604342,0.7405534,0.0
1974,1.8104514,0.86510354,1.0196396,0.8911934,16566.244,1.8104514,0.0,0.078037634,0.9562637,0.0
1975,7.286154,1.4543977,1.5571054,0.6826042,16566.244,7.286154,0.0,0.058835026,0.7209573,0.0
1976,4.79656,1.186468,1.3198866,0.73944074,16566.244,4.79656,0.0,0.05848972,0.71672595,0.0
1977,3.814309,1.0807583,1.3298676,0.75822115,16566.244,3.814309,0.0,0.06040723,0.7402229,0.0
1978,2.895071,0.9818301,1.2906204,0.75976026,16566.244,2.895071,0.0,0.05774057,0.70754594,0.0
1979,3.1687856,1.0112872,1.3326125,0.7276206,16566.244,3.1687856,0.0,0.054801155,0.67152673,0.0
1980,3.7791564,1.0769752,1.2627851,0.73239285,16566.244,3.7791564,0.0,0.05673247,0.6951928,0.0
1981,4.148132,1.1166843,1.193421,0.71423507,16566.244,4.148132,0.0,0.059274517,0.72634274,0.0
1982,4.1048546,1.1120268,1.1862175,0.71021616,29267.033,4.1048546,1.1664076,0.059306808,0.72673845,0.0
1983,4.02365,1.1032876,1.2245775,0.70902437,29267.033,4.02365,1.1664076,0.0623376,0.7638774,0.0
1984,4.0808177,1.10944,1.1368929,0.7335455,29267.033,4.0808177,1.1664076,0.060305826,0.7389803,0.0
1985,3.5709155,1.0545644,0.94647926,0.7058083,29267.033,3.5709155,1.1664076,0.05785266,0.70891947,0.0
1986,3.918927,1.0920173,1.0277157,0.65943426,29267.033,3.918927,1.1664076,0.05315647,0.6513729,0.0
1987,4.666534,1.1724746,1.1887218,0.70688486,29267.033,4.666534,1.1664076,0.06658691,0.81594795,0.0
1988,4.9055343,1.1981958,1.2014226,0.72132266,29267.033,4.9055343,1.1664076,0.07224227,0.885248,0.0
1989,4.6080256,1.166178,1.0090572,0.69544446,29267.033,4.6080256,1.1664076,0.06471071,0.7929572,0.0
1990,4.1941166,1.1216332,1.0863527,0.7293479,29267.033,4.1941166,1.1664076,0.059832536,0.73318064,0.0
1991,3.5989509,1.0575815,1.2163804,0.6923277,29267.033,3.5989509,1.1664076,0.0586903,0.7191838,0.0
1992,3.735025,1.0722258,1.206825,0.70142645,29267.033,3.735025,1.1664076,0.059593573,0.73025244,0.0
1993,4.3058047,1.133653,1.1386847,0.7713367,29267.033,4.3058047,1.1664076,0.07050552,0.8639661,0.0
1994,3.9436572,1.0946788,1.2512677,0.8151379,29267.033,3.9436572,1.1664076,0.067578755,0.8281019,0.0
1995,3.3659952,1.0325109,1.1569595,0.76712966,29267.033,3.3659952,1.1664076,0.07150375,0.8761983,0.0
1996,4.855045,1.1927621,1.2790321,0.8168013,29267.033,4.855045,1.1664076,0.079660945,0.9761556,0.0
1997,0.9331261,0.6624718,1.1397765,0.76819205,29267.033,0.0,1.1664076,0.061368167,0.75199807,0.0
1998,0.9203425,0.7693102,1.0841618,0.7299415,25401.572,0.9203425,0.8038131,0.055613298,0.6814786,0.0
1999,2.78659,0.9701554,1.1733181,0.76321447,25401.572,2.78659,0.8038131,0.052863594,0.64778405,0.0
2000,3.7905025,1.0781963,1.118092,0.78160876,25401.572,3.7905025,0.8038131,0.05356905,0.65642864,0.0
2001,2.8150113,0.9732141,0.93519354,0.66691726,25401.572,2.8150113,0.8038131,0.066649884,0.8167196,0.0
2002,4.0205164,1.1029503,1.1704407,0.8102449,25401.572,4.0205164,0.8038131,0.06780938,0.8309279,0.0
2003,3.8328185,1.0827503,1.0935941,0.636456,25401.572,3.8328185,0.8038131,0.048742373,0.5972831,0.0
2004,3.5020325,1.0471512,1.1070997,0.6756751,25401.572,3.5020325,0.8038131,0.05478167,0.67128795,0.0
2005,1.1055304,0.78924006,0.94783705,0.9486871,25401.572,1.1055304,0.8038131,0.08136663,0.9970568,0.0
2006,0.9127266,0.76849055,1.1082371,0.6986201,25401.572,0.9127266,0.8038131,0.07782839,0.9536997,0.0
2007,3.3164272,1.0271764,1.13659,0.6736097,25401.572,3.3164272,0.8038131,0.076853305,0.9417511,0.0
2008,3.3053348,1.0259826,1.2338681,0.5733446,16566.244,3.3053348,0.0,0.070541434,0.86440617,0.0
2009,2.414361,0.86850303,0.8807364,0.6388602,16566.244,1.8420393,0.0,0.15405035,1.8877144,1.0
2010,2.6520586,0.95567715,0.9331426,0.62117463,16566.244,2.6520586,0.0,0.071235746,0.8729142,0.0
2011,2.8466048,0.9766142,0.95613354,0.7562994,16566.244,2.8466048,0.0,0.076078236,0.9322535,0.0
2012,2.6027918,0.9503751,0.83952415,0.7348048,16566.244,2.6027918,0.0,0.07322375,0.8972749,0.0
2013,2.9349995,0.9861272,0.8200542,0.7467114,16566.244,2.9349995,0.0,0.06611161,0.8101237,0.0
2014,2.7776213,0.9691902,1.0487747,0.7184582,16566.244,2.7776213,0.0,0.06191657,0.7587182,0.0
2015,2.130769,0.89957607,0.9377854,0.78261036,16566.244,2.130769,0.0,0.070899814,0.8687977,0.0
2016,3.1016319,1.0040601,1.139823,0.8090051,16566.244,3.1016319,0.0,0.047798153,0.5857128,0.0
2017,0.009642709,0.6713008,1.2320551,0.7288352,16566.244,0.009642709,0.0,0.045342036,0.55561584,0.0
2018,1.1194302,0.79073596,1.2964623,0.7666588,16566.244,1.1194302,0.0,0.056521162,0.69260347,0.0
2019,2.6261857,0.9528927,0.95221215,0.7841464,16566.244,2.6261857,0.0,0.0520675,0.63802886,0.0
2020,1.3917106,0.82003874,0.9616576,0.76116586,16566.244,1.3917106,0.0,0.057599805,0.70582104,0.0
2021,2.190261,0.90597856,0.9729497,0.79485893,16566.244,2.190261,0.0,0.05284658,0.6475756,0.0
2022,2.3671305,0.92501324,0.8425226,0.5342251,16566.244,2.3671305,0.0,0.058520116,0.7170984,0.0
2023,1.4624771,0.8276546,0.87562186,0.6903325,16566.244,1.4624771,0.0,0.06053332,0.74176794,0.0
2024,1.8588341,0.8703105,0.8688973,0.6423406,16566.244,1.8588341,0.0,0.05247582,0.6430324,0.0
2025,2.0536556,0.89127713,0.94081515,0.66721195,16566.244,2.0536556,0.0,0.058228828,0.713529,0.0
2026,1.01324,0.7793078,0.70799583,0.47220802,16566.244,1.01324,0.0,0.054979283,0.67370945,0.0
2027,0.14510919,0.6858797,0.72374,0.46451527,16566.244,0.14510919,0.0,0.056437727,0.6915811,0.0
2028,0.041906364,0.67477304,0.67764616,0.44477922,16566.244,0.041906364,0.0,0.060094662,0.73639274,0.0
2029,1.3209676,0.8124254,0.77161294,0.7256302,16566.244,1.3209676,0.0,0.045846518,0.5617977,0.0
2030,0.7013917,0.74574673,0.7407033,0.68258935,16566.244,0.7013917,0.0,0.063434854,0.777323,0.0
2031,1.1365446,0.7925778,0.7379349,0.6547194,16566.244,1.1365446,0.0,0.06250127,0.76588297,0.0
2032,2.1875913,0.90569127,0.9571558,0.63414943,16566.244,2.1875913,0.0,0.057279333,0.701894,0.0
2033,1.3552234,0.816112,0.77605,0.52394354,16566.244,1.3552234,0.0,0.0725663,0.8892187,0.0
2034,0.32052228,0.70475763,0.6404808,0.41970658,16566.244,0.32052228,0.0,0.061889816,0.7583903,0.0
2035,0.5313149,0.7274431,0.7584055,0.7130205,16566.244,0.5313149,0.0,0.052232474,0.6400504,0.0
2036,0.6114512,0.73606735,0.8406348,0.7464354,16566.244,0.6114512,0.0,0.056390744,0.69100535,0.0
2037,3.466632,1.0433414,0.9148787,0.8127547,16566.244,3.466632,0.0,0.0678282,0.8311586,0.0
2038,3.756409,1.0745271,1.0455726,0.7891666,16566.244,3.756409,0.0,0.06939284,0.8503314,0.0
2039,2.2337842,0.91066253,0.9455028,0.6592062,16566.244,2.2337842,0.0,0.067092925,0.82214856,0.0
2040,0.96942586,0.7745925,0.8154185,0.630171,17118.451,0.96942586,0.026825838,0.05016795,0.614752,0.0
2041,3.5699582,1.0544614,0.9377593,0.940852,17118.451,3.5699582,0.026825838,0.0662778,0.81216013,0.0
2042,4.3175974,1.1349221,1.1878722,0.5480726,17118.451,4.3175974,0.026825838,0.056914438,0.6974226,0.0
2043,2.8699272,0.9791241,0.931052,0.5980535,17118.451,2.8699272,0.026825838,0.055152074,0.67582685,0.0
2044,2.6753604,0.9581849,1.0888268,0.5743571,17118.451,2.6753604,0.026825838,0.05582422,0.68406326,0.0
2045,4.023786,1.1033022,1.071428,0.5659194,17118.451,4.023786,0.026825838,0.054425593,0.66692466,0.0
2046,2.3894293,0.92741305,0.8291721,0.5952477,17118.451,2.3894293,0.026825838,0.053063955,0.6502393,0.0
2047,2.5098646,0.94037426,0.8809095,0.621785,17118.451,2.5098646,0.026825838,0.054844625,0.6720594,0.0
2048,1.6876414,0.85188675,0.8403103,0.6192441,17118.451,1.6876414,0.026825838,0.05725356,0.70157814,0.0
2049,3.0660207,1.0002277,0.875085,0.6561353,17118.451,3.0660207,0.026825838,0.051614784,0.63248134,0.0
2050,1.8297441,0.8671798,0.8503265,0.5869516,17118.451,1.8297441,0.026825838,0.05547414,0.6797734,0.0
2051,2.485584,0.9377612,0.8407757,0.5794453,17118.451,2.485584,0.026825838,0.057496164,0.70455104,0.0
2052,2.639437,0.9543188,0.9523218,0.5289716,17118.451,2.639437,0.026825838,0.055745676,0.68310076,0.0
2053,2.5990622,0.9499737,1.0025686,0.546512,17118.451,2.5990622,0.026825838,0.054631162,0.66944367,0.0
2054,2.5238967,0.9418844,0.94300014,0.5776694,17118.451,2.5238967,0.026825838,0.05679728,0.695987,0.0
2055,3.1618125,1.0105368,0.95975757,0.576051,17118.451,3.1618125,0.026825838,0.056939878,0.69773436,0.0
2056,2.4327788,0.9320783,0.8255255,0.6370297,16566.244,2.4327788,0.0,0.061509445,0.7537293,0.0
2057,2.251345,0.9125524,0.8709952,0.49336603,16566.244,2.251345,0.0,0.057807263,0.7083632,0.0
2058,2.2661204,0.91414255,0.826682,0.7289837,16566.244,2.2661204,0.0,0.055185713,0.676239,0.0
2059,2.429699,0.93174684,0.80484235,0.60045314,16566.244,2.429699,0.0,0.061881147,0.7582841,0.0
2060,2.3808255,0.9264871,0.7907835,0.59009504,16566.244,2.3808255,0.0,0.050493658,0.6187432,0.0
2061,1.7665571,0.86037964,0.72776383,0.67723364,16566.244,1.7665571,0.0,0.05102605,0.625267,0.0
2062,1.5295631,0.8348744,0.8716978,0.54651195,16566.244,1.5295631,0.0,0.055196177,0.6763673,0.0
2063,2.4116907,0.9298088,0.7719573,0.55404246,16566.244,2.4116907,0.0,0.051773563,0.63442695,0.0
2064,0.9750308,0.7751957,0.80495906,0.576051,16566.244,0.9750308,0.0,0.0517455,0.6340831,0.0
2065,2.8953967,0.98186517,0.8305154,0.5789798,16566.244,2.8953967,0.0,0.056777667,0.69574666,0.0
2066,1.9517317,0.8803081,0.82339364,0.5558722,16566.244,1.9517317,0.0,0.052699193,0.64576954,0.0
2067,1.971567,0.8824428,0.8572658,0.5746273,16566.244,1.971567,0.0,0.06354959,0.778729,0.0
2068,3.449228,1.0414684,0.88201725,0.61634505,16566.244,3.449228,0.0,0.050629433,0.6204069,0.0
2069,1.2615235,0.806028,0.82175,0.7558056,16566.244,1.2615235,0.0,0.045798257,0.5612063,0.0
2070,2.0439878,0.8902367,0.8568753,0.9009628,16566.244,2.0439878,0.0,0.061156042,0.7493987,0.0
2071,1.1192962,0.79072154,0.858793,0.6044789,16566.244,1.1192962,0.0,0.059511065,0.7292414,0.0
2072,1.4261227,0.82374215,1.0280893,0.8583594,16566.244,1.4261227,0.0,0.053129647,0.65104425,0.0
2073,2.1169932,0.8980935,0.73634595,0.8145,16566.244,2.1169932,0.0,0.0578381,0.70874107,0.0
2074,1.2039286,0.79982966,0.9137487,0.7272415,16566.244,1.2039286,0.0,0.053562626,0.65634996,0.0
2075,4.0169883,1.1025707,1.2349998,0.8237811,28162.62,4.0169883,1.0628095,0.06623796,0.8116719,0.0
2076,3.0547583,0.9990156,1.1976367,0.8986716,28162.62,3.0547583,1.0628095,0.07776259,0.9528933,0.0
2077,2.889202,0.9811985,1.1980698,0.7691805,28162.62,2.889202,1.0628095,0.06310776,0.77331483,0.0
2078,3.2250938,1.0173471,1.2103766,0.7748241,28162.62,3.2250938,1.0628095,0.06070279,0.7438446,0.0
2079,3.4190445,1.03822,1.1652819,0.6960703,28162.62,3.4190445,1.0628095,0.049563,0.607339,0.0
2080,3.9170804,1.0918186,1.184535,0.6984679,28162.62,3.9170804,1.0628095,0.055382088,0.6786454,0.0
2081,4.1790643,1.1200132,1.1010904,0.72734636,28162.62,4.1790643,1.0628095,0.05333232,0.6535278,0.0
2082,4.339019,1.1372275,1.0959588,0.7743628,28162.62,4.339019,1.0628095,0.060993146,0.7474026,0.0
2083,4.336305,1.1369355,1.0808114,0.80229336,28162.62,4.336305,1.0628095,0.06011232,0.7366091,0.0
2084,5.1284003,1.2221806,1.0757474,0.710169,28162.62,5.1284003,1.0628095,0.05036942,0.61722076,0.0
2085,4.180799,1.1201999,0.94284266,0.77656025,28162.62,4.180799,1.0628095,0.06133603,0.75160426,0.0
2086,4.333214,1.1366028,1.1868899,0.88922155,28162.62,4.333214,1.0628095,0.05156225,0.63183755,0.0
2087,3.507498,1.0477394,1.1765875,0.82546467,28162.62,3.507498,1.0628095,0.058076832,0.71166646,0.0
2088,2.6244805,0.9527092,1.2213942,0.7782319,28162.62,2.6244805,1.0628095,0.059003066,0.72301644,0.0
2089,3.4528844,1.0418619,1.2453164,0.71496713,28162.62,3.4528844,1.0628095,0.044071008,0.5400408,0.0
2090,5.719028,1.2857438,1.302745,0.6867493,28162.62,5.719028,1.0628095,0.052382544,0.64188933,0.0
2091,0.8953857,0.76662433,1.1757191,0.7755689,27610.412,0.8953857,1.0110104,0.050004993,0.6127551,0.0
2092,5.060337,1.2148557,1.2808695,0.7084331,27610.412,5.060337,1.0110104,0.04352671,0.53337103,0.0
2093,4.327961,1.1360375,1.1514362,0.7099092,27610.412,4.327961,1.0110104,0.04414505,0.5409481,0.0
2094,4.364951,1.1400183,1.248414,0.63922507,27610.412,4.364951,1.0110104,0.04236437,0.51912785,0.0
2095,4.1849327,1.1206448,1.2410368,0.63922507,27610.412,4.1849327,1.0110104,0.053828858,0.6596123,0.0
2096,4.0051694,1.1012987,1.079106,0.7080685,27610.412,4.0051694,1.0110104,0.056764442,0.6955846,0.0
2097,3.8126297,1.0805776,1.0603995,0.6920815,27610.412,3.8126297,1.0110104,0.059452128,0.7285192,0.0
2098,0.88119453,0.7650971,0.9685122,0.80748624,25953.78,0.88119453,0.85561216,0.06620608,0.8112813,0.0
2099,1.2649462,0.80639637,1.2008648,0.89495,25953.78,1.2649462,0.85561216,0.07597003,0.9309276,0.0
2100,1.729941,0.85621095,1.0641836,0.77247244,25953.78,1.7278217,0.85561216,0.08189279,1.0035043,1.0
2101,2.1656725,0.9007921,0.99197435,0.77247244,25953.78,2.1420686,0.85561216,0.08417607,1.0314834,1.0
2102,2.9435852,0.9870512,1.0104358,0.78489405,16566.244,2.9435852,0.0,0.06489493,0.7952146,0.0
2103,1.7737913,0.8611582,0.80013627,0.74722135,16566.244,1.7737913,0.0,0.06135275,0.7518091,0.0
2104,1.2490149,0.80468184,0.8310012,0.78425944,16566.244,1.2490149,0.0,0.06337465,0.77658534,0.0
2105,1.2029544,0.7997248,0.8149791,0.7672217,16566.244,1.2029544,0.0,0.068867855,0.84389836,0.0
2106,1.3227443,0.8126166,0.7971348,0.787653,16566.244,1.3227443,0.0,0.07155693,0.87685,0.0
2107,1.6092985,0.8434555,0.73369277,0.78311205,16566.244,1.6092985,0.0,0.062130544,0.76134014,0.0
2108,0.5267197,0.72694856,0.879898,0.7304537,16566.244,0.5267197,0.0,0.05883517,0.72095907,0.0
2109,2.855567,0.9775787,1.1112818,0.77181756,16566.244,2.855567,0.0,0.048264805,0.5914311,0.0
2110,2.6475332,0.9551901,1.3207898,0.55461115,16566.244,2.6475332,0.0,0.048605353,0.5956041,0.0
2111,2.7673087,0.96808034,1.2355049,0.7691665,16566.244,2.7673087,0.0,0.043285027,0.53040946,0.0
2112,2.4442992,0.93331814,0.9017515,0.75743103,16566.244,2.4442992,0.0,0.05763994,0.70631284,0.0
2113,3.657848,1.06392,1.1984048,0.8176814,16566.244,3.657848,0.0,0.047179908,0.57813686,0.0
2114,1.5405592,0.8360578,0.77137077,0.752021,16566.244,1.5405592,0.0,0.062427897,0.7649839,0.0
2115,1.7221093,0.8555962,0.79264146,0.67913985,16566.244,1.7221093,0.0,0.070633665,0.8655364,0.0
2116,1.6706527,0.85005844,0.7584537,0.70884764,16566.244,1.6706527,0.0,0.06454937,0.79098016,0.0
2117,2.7697783,0.9683461,1.1902313,0.6053197,16566.244,2.7697783,0.0,0.05700693,0.698556,0.0
2118,2.6541514,0.9559024,1.1737951,0.60178274,16566.244,2.6541514,0.0,0.057223484,0.70120966,0.0
2119,2.0409415,0.88990885,0.88700765,0.6338796,16566.244,2.0409415,0.0,0.05663759,0.69403017,0.0
2120,1.5985489,0.8422986,0.7722341,0.8141411,16566.244,1.5985489,0.0,0.053035375,0.64988905,0.0
2121,1.0360506,0.78176266,0.64157254,0.76546204,16566.244,1.0360506,0.0,0.05573897,0.6830186,0.0
2122,1.9260969,0.8775493,0.8109896,0.7033184,16566.244,1.9260969,0.0,0.060286358,0.73874176,0.0
2123,0.85024756,0.7497429,0.7386754,0.55664593,28162.62,0.7385242,1.0628095,0.05560674,0.6813983,0.0
2124,1.8142807,0.86551565,0.7929789,0.5682424,28162.62,1.8142807,1.0628095,0.061814692,0.7574698,0.0
2125,1.5350429,0.8354641,0.7437748,0.52844995,28162.62,1.5350429,1.0628095,0.071673766,0.87828165,0.0
2126,0.85024756,0.6473628,0.7479598,0.6300754,28162.62,0.0,1.0628095,0.06406623,0.7850598,0.0
2127,0.85024756,0.6928539,0.63999563,0.53441495,28162.62,0.20991343,1.0628095,0.06068465,0.74362236,0.0
2128,0.85024756,0.62033087,0.8948976,0.6294533,28162.62,0.0,1.0628095,0.055378597,0.67860264,0.0
2129,3.2388966,1.0188326,1.188633,0.71277213,28162.62,3.2388966,1.0628095,0.058940016,0.7222438,0.0
2130,0.85024756,0.74578303,0.86676043,0.8014887,28162.62,0.701729,1.0628095,0.05816987,0.7128066,0.0
2131,0.85024756,0.7313486,0.9473007,0.76654816,28162.62,0.5676045,1.0628095,0.059942134,0.73452365,0.0
2132,2.395051,0.92801803,0.8927053,0.66193116,28162.62,2.395051,1.0628095,0.056201264,0.6886835,0.0
2133,2.5859954,0.94856745,1.3922876,0.7585235,28162.62,2.5859954,1.0628095,0.042534206,0.521209,0.0
2134,8.545567,1.5899354,1.594462,0.62954515,28162.62,8.545567,1.0628095,0.038546473,0.4723438,0.0
2135,9.079656,1.647414,1.6188209,0.5569145,28162.62,9.079656,1.0628095,0.03928255,0.4813636,0.0
2136,9.4070215,1.6826451,1.6512885,0.5799989,28162.62,9.4070215,1.0628095,0.04029709,0.49379566,0.0
2137,9.557932,1.698886,1.6955615,0.5590856,28162.62,9.557932,1.0628095,0.044573516,0.5461985,0.0
2138,9.386231,1.6804076,1.7170842,0.684969,28162.62,9.386231,1.0628095,0.04831216,0.5920114,0.0
2139,1.7238755,0.85578626,1.2640748,0.892603,27610.412,1.7238755,1.0110104,0.06353234,0.77851754,0.0
2140,1.833678,0.8676032,1.0297842,0.9183723,23744.955,1.833678,0.6484163,0.062592395,0.7669996,0.0
2141,8.750329,1.611972,1.6608425,0.6482233,23744.955,8.750329,0.6484163,0.038132645,0.46727282,0.0
2142,7.842246,1.5142442,1.4531685,0.6623713,23744.955,7.842246,0.6484163,0.05043209,0.6179887,0.0
2143,3.9806595,1.098661,1.2955517,0.75397813,23744.955,3.9806595,0.6484163,0.051549185,0.63167745,0.0
2144,3.6914341,1.0675346,1.180279,0.82814026,23192.75,3.6914341,0.5966174,0.060996585,0.74744475,0.0
2145,2.030846,0.8888224,1.1647989,0.8155952,23192.75,2.030846,0.5966174,0.0618971,0.75847954,0.0
2146,1.2787795,0.8078851,1.0215895,0.8711367,23192.75,1.2787795,0.5966174,0.06332209,0.7759412,0.0
2147,1.2504953,0.80484116,0.8626192,0.8700112,23192.75,1.2504953,0.5966174,0.06255671,0.7665623,0.0
2148,1.6721404,0.85021853,0.86345154,0.8515386,22640.53,1.6721404,0.5448171,0.06165405,0.7555013,0.0
2149,1.6223592,0.8448611,1.055365,0.80152047,5.1068583,1.6223592,0.0,0.06352292,0.77840215,0.0
2150,1.4697546,0.8284378,1.0358983,0.65620387,2.2161837,1.4697546,0.0,0.06835943,0.8376681,0.0
2151,1.35902,0.8165206,0.65105104,0.80492085,2.2161837,1.35902,0.0,0.065547265,0.80320823,0.0
2152,0.86234003,0.76306796,0.6825368,0.6993496,2.2161837,0.86234003,0.0,0.06901374,0.84568596,0.0
2153,0.8906542,0.7661151,0.7468366,0.778044,2.2161837,0.8906542,0.0,0.062870555,0.77040815,0.0
2154,3.8711479,1.0868753,1.0380942,0.7968286,2.2161837,3.8711479,0.0,0.057112362,0.699848,0.0
2155,2.117248,0.89812094,0.7734204,0.7788313,2.2161837,2.117248,0.0,0.06419174,0.7865978,0.0
2156,0.05322861,0.67599154,0.63226604,0.70675427,2.2161837,0.05322861,0.0,0.053514745,0.6557632,0.0
2157,2.8881347,0.98108363,0.92125165,0.69212455,5.1068583,2.8881347,0.0,0.054046348,0.6622774,0.0
2158,3.3568313,1.0315247,0.96816677,0.85228455,16566.244,3.3568313,0.0,0.06589492,0.80746835,0.0
2159,3.600494,1.0577476,0.984369,0.78501886,16566.244,3.600494,0.0,0.049649067,0.60839367,0.0
2160,3.6633065,1.0645075,1.2361702,0.725741,16566.244,3.6633065,0.0,0.060532454,0.7417574,0.0
2161,4.050678,1.1061963,0.92809796,0.8420713,16566.244,4.050678,0.0,0.05339965,0.65435284,0.0
2162,3.6316488,1.0611005,1.0714096,0.7663178,16566.244,3.6316488,0.0,0.05320095,0.651918,0.0
2163,2.4494572,0.93387324,0.870245,0.7321542,16566.244,2.4494572,0.0,0.051021412,0.6252102,0.0
2164,1.3186752,0.8121787,0.7428561,0.7065542,16566.244,1.3186752,0.0,0.047027256,0.5762663,0.0
2165,1.0619489,0.78454983,0.7302634,0.6374763,16566.244,1.0619489,0.0,0.0469781,0.575664,0.0
2166,0.87861526,0.7648195,0.7232721,0.6374764,16566.244,0.87861526,0.0,0.040910084,0.5013072,0.0
2167,1.5557638,0.8376941,0.71097684,0.6374763,16566.244,1.5557638,0.0,0.036858927,0.45166484,0.0
2168,0.5534526,0.72982556,0.79612935,0.50149435,16566.244,0.5534526,0.0,0.044083335,0.5401918,0.0
2169,2.7208068,0.9630758,0.88822776,0.6528925,16566.244,2.7208068,0.0,0.042547017,0.521366,0.0
2170,1.1181397,0.7905971,0.7740301,0.58758485,16566.244,1.1181397,0.0,0.034330215,0.4206783,0.0
2171,1.708626,0.8541451,0.85129976,0.5417283,16566.244,1.708626,0.0,0.04071969,0.49897417,0.0
2172,0.91166764,0.7683766,0.8666721,0.5236693,28162.62,0.91166764,1.0628095,0.038536794,0.47222522,0.0
2173,0.85024756,0.67227346,0.78603876,0.5417283,28162.62,0.018680343,1.0628095,0.03505217,0.42952505,0.0
2174,0.85024756,0.75194836,0.93642426,0.53132665,28162.62,0.759017,1.0628095,0.035271365,0.43221104,0.0
2175,0.85024756,0.6500114,0.8587692,0.5928074,28162.62,0.0,1.0628095,0.0338917,0.41530478,0.0
2176,1.3491039,0.8154534,0.86904377,0.8807587,28162.62,1.3491039,1.0628095,0.041359432,0.50681347,0.0
2177,2.6357434,0.9539213,0.7824429,0.92215174,28162.62,2.6357434,1.0628095,0.052739013,0.64625746,0.0
2178,0.85024756,0.74546933,0.9859761,0.7853552,28162.62,0.6988141,1.0628095,0.064898826,0.79526234,0.0
2179,0.85024756,0.76081824,0.7695315,0.7271994,28162.62,0.84143573,1.0628095,0.057204686,0.7009793,0.0
2180,0.85024756,0.7132737,1.0052047,0.7516079,28162.62,0.39965335,1.0628095,0.053657856,0.65751684,0.0
2181,2.6683512,0.91664815,1.1280782,0.886763,28162.62,2.2894022,1.0628095,0.12020056,1.472923,1.0
2182,1.0928568,0.7878761,1.2846594,0.6500996,28162.62,1.0928568,1.0628095,0.054550573,0.66845614,0.0
2183,4.3756394,1.1411686,1.3895404,0.7235658,28162.62,4.3756394,1.0628095,0.052774645,0.6466941,0.0
2184,3.8031092,1.079553,1.4413778,0.78040904,28162.62,3.8031092,1.0628095,0.04177344,0.51188666,0.0
2185,4.5448256,1.1593764,1.4874634,0.78040904,28162.62,4.5448256,1.0628095,0.037151724,0.45525274,0.0
2186,8.425088,1.5769695,1.5896498,0.4127747,28162.62,8.425088,1.0628095,0.042660136,0.52275217,0.0
2187,4.311864,1.1343051,1.4596915,0.7335575,28162.62,4.311864,1.0628095,0.06298156,0.7717684,0.0
2188,3.00291,0.97787434,1.2392031,0.78052056,25953.78,2.858314,0.85561216,0.09340198,1.1445366,1.0
2189,9.04327,1.6434982,1.6491545,0.4731549,25953.78,9.04327,0.85561216,0.053244073,0.65244645,0.0
2190,7.733758,1.5025687,1.5989673,0.5184441,25953.78,7.733758,0.85561216,0.048201118,0.5906507,0.0
2191,1.2298458,0.80261886,1.5450231,0.83241063,25953.78,1.2298458,0.85561216,0.052323427,0.64116496,0.0
2192,7.0997634,1.4343383,1.5453687,0.4557617,25953.78,7.0997634,0.85561216,0.044733204,0.54815525,0.0
2193,7.740529,1.5032974,1.5113223,0.74837154,25953.78,7.740529,0.85561216,0.05251164,0.6434713,0.0
2194,3.496287,1.0465329,1.4038815,0.7107374,8.382955,3.496287,0.0,0.037939012,0.46490005,0.0
2195,7.1519895,1.4399589,1.4526987,0.6129509,8.382955,7.1519895,0.0,0.0405254,0.49659333,0.0
2196,5.980252,1.3138567,1.4300401,0.5644716,3.8542318,5.980252,0.0,0.04810261,0.58944356,0.0
2197,5.55028,1.2675833,1.3498939,0.61559194,3.8542318,5.55028,0.0,0.044933315,0.5506074,0.0
2198,4.7601514,1.1825497,1.2800722,0.72249544,1.0866791,4.7601514,0.0,0.043997444,0.53913933,0.0
2199,1.0575846,0.78408015,1.0142236,0.60917526,0.88910145,1.0575846,0.0,0.042471945,0.52044606,0.0
2200,1.471502,0.82862586,0.8491422,0.5133052,0.88910145,1.471502,0.0,0.04782898,0.5860905,0.0
2201,1.7403369,0.85755783,0.7820351,0.73962915,0.88910145,1.7403369,0.0,0.045407202,0.55641437,0.0
2202,2.225204,0.90973914,1.0405859,0.7700362,0.88910145,2.225204,0.0,0.036964074,0.45295328,0.0
2203,1.7008688,0.8533103,0.87434685,0.7147263,0.67449075,1.7008688,0.0,0.04058408,0.4973124,0.0
2204,1.2976385,0.8099147,0.81566113,0.69639105,2.2161837,1.2976385,0.0,0.0395088,0.48413607,0.0
2205,1.3122888,0.8114914,0.8069642,0.6122324,2.2161837,1.3122888,0.0,0.040850732,0.50057995,0.0
2206,1.7438289,0.85793364,0.85574603,0.73101157,5.1068583,1.7438289,0.0,0.042079642,0.5156388,0.0
2207,1.6486884,0.84769464,1.3250439,0.71537125,16566.244,1.6486884,0.0,0.038064767,0.46644104,0.0
2208,0.60756767,0.7356494,0.71935534,0.6384285,16566.244,0.60756767,0.0,0.043957807,0.5386537,0.0
2209,3.5095603,1.0479614,0.8999149,0.66293323,16566.244,3.5095603,0.0,0.048904967,0.5992755,0.0
2210,1.3344448,0.8138758,0.80038875,0.7886826,16566.244,1.3344448,0.0,0.05313024,0.6510515,0.0
2211,1.2993011,0.81009364,0.9337782,0.81174135,16566.244,1.2993011,0.0,0.051548123,0.63166445,0.0
2212,1.4372982,0.82494485,1.2255862,0.72102123,16566.244,1.4372982,0.0,0.049994636,0.6126282,0.0
2213,4.517536,1.1564395,1.2712417,0.6646473,16566.244,4.517536,0.0,0.04780527,0.5858,0.0
2214,1.1987363,0.79927087,1.097105,0.67014277,16566.244,1.1987363,0.0,0.04629241,0.5672616,0.0
2215,1.3038975,0.8105883,0.93098855,0.5119885,16566.244,1.3038975,0.0,0.0389102,0.47680086,0.0
2216,2.762005,0.96750957,0.90900666,0.6390182,16566.244,2.762005,0.0,0.031472396,0.38565892,0.0
2217,0.80278957,0.75665915,0.82697386,0.54909164,16566.244,0.80278957,0.0,0.036738094,0.45018417,0.0
2218,1.6336803,0.84607947,0.8104855,0.55650896,16566.244,1.6336803,0.0,0.03692532,0.4524784,0.0
2219,0.66174144,0.7414796,0.8488104,0.52475446,16566.244,0.66174144,0.0,0.03787743,0.46414542,0.0
2220,0.9509075,0.7725996,0.8519412,0.52303714,27610.412,0.9509075,1.0110104,0.042208366,0.5172162,0.0
2221,1.0242864,0.7804966,0.6916643,0.5806439,27610.412,1.0242864,1.0110104,0.03705988,0.45412728,0.0
2222,1.0382205,0.7819962,0.8614348,0.6390182,27610.412,1.0382205,1.0110104,0.031687938,0.38830015,0.0
2223,1.7089201,0.85417676,0.83873934,0.7057145,27610.412,1.7089201,1.0110104,0.030428737,0.37287006,0.0
2224,3.077194,1.0014302,0.8861461,0.6957268,27610.412,3.077194,1.0110104,0.034576222,0.42369285,0.0
2225,2.3585138,0.9240859,0.9793938,0.7749249,27610.412,2.3585138,1.0110104,0.033864524,0.41497177,0.0
2226,3.008509,0.9940383,1.2739526,0.7224698,27610.412,3.008509,1.0110104,0.02300551,0.28190672,0.0
2227,2.6301086,0.9533149,1.0250244,0.67438096,27610.412,2.6301086,1.0110104,0.030263126,0.37084067,0.0
2228,3.7554188,1.0744206,1.333474,0.7043245,27610.412,3.7554188,1.0110104,0.024095772,0.29526666,0.0
2229,2.26016,0.9135011,0.97836936,0.7949872,27610.412,2.26016,1.0110104,0.028508447,0.34933907,0.0
2230,2.2191732,0.9090901,0.95459205,0.75026643,27610.412,2.2191732,1.0110104,0.03942836,0.48315036,0.0
2231,0.98645604,0.7764253,1.0667561,0.7592956,27610.412,0.98645604,1.0110104,0.029042039,0.35587764,0.0
2232,2.6640692,0.95696974,0.99038094,0.77629703,27610.412,2.6640692,1.0110104,0.03803268,0.46604785,0.0
2233,3.8537161,1.0849993,1.0464593,0.8191958,27610.412,3.8537161,1.0110104,0.046839375,0.573964,0.0
2234,3.1533675,1.0096279,1.1566718,0.84344614,27610.412,3.1533675,1.0110104,0.053256076,0.6525935,0.0
2235,1.7508168,0.8586857,1.1329193,0.7448048,27610.412,1.7508168,1.0110104,0.044131305,0.54077965,0.0
2236,0.72592896,0.6173992,0.9887003,0.73973197,26505.986,0.0,0.90741116,0.03692312,0.45245147,0.0
2237,1.6152313,0.844094,1.1560696,0.7496728,26505.986,1.6152313,0.90741116,0.036443416,0.4465732,0.0
2238,0.6016114,0.63119036,1.1667427,0.7681709,24849.367,0.0,0.7520142,0.047769804,0.5853654,0.0
2239,0.6016114,0.6368755,0.99274665,0.765249,24849.367,0.0,0.7520142,0.04127593,0.50579023,0.0
2240,0.6016114,0.6416738,0.8197249,0.6276459,24849.367,0.0,0.7520142,0.040388536,0.49491623,0.0
2241,2.978738,0.99083436,0.91196406,0.6108237,23744.955,2.978738,0.6484163,0.03838322,0.47034332,0.0
2242,2.9827237,0.9912633,0.91465724,0.58057296,23744.955,2.9827237,0.6484163,0.037154824,0.4552907,0.0
2243,0.518733,0.72139174,0.9112253,0.5962731,23744.955,0.47508585,0.6484163,0.040064897,0.4909504,0.0
2244,2.7024755,0.961103,1.030742,0.62563074,23192.75,2.7024755,0.5966174,0.030575737,0.37467137,0.0
2245,3.1004777,1.0039359,0.98675495,0.6405444,7.4193997,3.1004777,0.0,0.038838286,0.47591966,0.0
2246,2.673572,0.95799243,0.9107918,0.56773204,3.3724546,2.673572,0.0,0.042937938,0.5261563,0.0
2247,2.4982393,0.93912315,0.8920566,0.46952173,2.2161837,2.4982393,0.0,0.048637398,0.5959968,0.0
2248,1.9963676,0.8851118,0.81332654,0.50214446,2.2161837,1.9963676,0.0,0.05201333,0.63736504,0.0
2249,2.1856174,0.90547884,0.8766677,0.5747908,0.67449075,2.1856174,0.0,0.042567004,0.5216109,0.0
2250,2.513847,0.9408029,0.8896899,0.6072049,0.67449075,2.513847,0.0,0.04208411,0.5156936,0.0
2251,2.5778134,0.9476869,0.93386364,0.64627314,2.2161837,2.5778134,0.0,0.041835226,0.5126438,0.0
2252,2.890355,0.9813226,0.9069855,0.6894987,2.2161837,2.890355,0.0,0.04189295,0.51335114,0.0
2253,1.4781408,0.82934034,0.8684201,0.6078903,5.1068583,1.4781408,0.0,0.04098944,0.50227964,0.0
2254,2.1440551,0.9010059,0.8532076,0.5915514,5.1068583,2.1440551,0.0,0.03642232,0.4463147,0.0
2255,1.2974358,0.8098929,0.89570385,0.71083754,16566.244,1.2974358,0.0,0.0486493,0.59614265,0.0
2256,4.844662,1.1916448,1.0798004,0.7953233,16566.244,4.844662,0.0,0.04864373,0.5960744,0.0
2257,0.9652748,0.7741458,1.0685505,0.6757913,16566.244,0.9652748,0.0,0.04110258,0.50366604,0.0
2258,2.6309621,0.95340675,1.2543991,0.66202253,16566.244,2.6309621,0.0,0.036726862,0.4500465,0.0
2259,2.4515867,0.9341024,0.9154106,0.6299492,16566.244,2.4515867,0.0,0.040871557,0.5008351,0.0
2260,2.4965928,0.93894595,1.2641115,0.5691826,16566.244,2.4965928,0.0,0.037462633,0.45906258,0.0
2261,3.0122335,0.9944391,1.1895028,0.6145363,16566.244,3.0122335,0.0,0.045666903,0.5595967,0.0
2262,3.2620873,1.0213283,1.050581,0.6576559,16566.244,3.2620873,0.0,0.04358314,0.5340625,0.0
2263,4.5258684,1.1573362,1.2721224,0.78572613,16566.244,4.5258684,0.0,0.054184042,0.6639647,0.0
2264,2.3084323,0.91869617,1.0469153,0.60759073,16566.244,2.3084323,0.0,0.040479004,0.49602482,0.0
2265,2.6094508,0.9510917,1.183989,0.63333315,16566.244,2.6094508,0.0,0.041090127,0.50351346,0.0
2266,2.8552175,0.9775411,1.235409,0.6033012,16566.244,2.8552175,0.0,0.04009843,0.4913613,0.0
2267,5.5028334,1.262477,1.273675,0.7616048,16566.244,5.5028334,0.0,0.042789213,0.52433383,0.0
2268,3.6558242,1.0637022,1.1513473,0.5988935,16566.244,3.6558242,0.0,0.04680019,0.5734838,0.0
2269,2.7511601,0.96634245,1.3814139,0.7099033,16566.244,2.7511601,0.0,0.04251978,0.5210323,0.0
2270,3.5134351,1.0483783,1.19536,0.77226794,16566.244,3.5134351,0.0,0.048936825,0.59966594,0.0
2271,3.2848713,1.0237803,1.3032405,0.7325126,16566.244,3.2848713,0.0,0.044085283,0.54021573,0.0
2272,3.1522498,1.0095077,1.329901,0.6861557,16566.244,3.1522498,0.0,0.039142508,0.47964755,0.0
2273,3.11303,1.0052868,1.4069034,0.63785654,16566.244,3.11303,0.0,0.033576988,0.41144833,0.0
2274,4.2818356,1.1310735,1.2828752,0.6020179,16566.244,4.2818356,0.0,0.033124514,0.4059038,0.0
2275,4.445081,1.148642,1.2531172,0.66283506,16566.244,4.445081,0.0,0.036778457,0.45067877,0.0
2276,4.2513223,1.1277896,1.141289,0.66424876,16566.244,4.2513223,0.0,0.038237296,0.46855518,0.0
2277,2.784269,0.9699056,0.97305423,0.64461076,16566.244,2.784269,0.0,0.033203676,0.40687382,0.0
2278,1.7225409,0.8556426,1.0232414,0.705089,16566.244,1.7225409,0.0,0.04179087,0.5121002,0.0
2279,3.5989654,1.0575831,1.1315815,0.5728634,16566.244,3.5989654,0.0,0.032139167,0.39382946,0.0
2280,2.1991296,0.906933,0.87334895,0.6954246,16566.244,2.1991296,0.0,0.037046563,0.45396408,0.0
2281,5.897131,1.3049113,1.1253358,0.76914895,16566.244,5.897131,0.0,0.043187596,0.5292156,0.0
2282,4.4430265,1.1484208,1.0687656,0.7740301,16566.244,4.4430265,0.0,0.047958724,0.5876804,0.0
2283,2.995765,0.9926668,0.98645496,0.8404881,16566.244,2.995765,0.0,0.037542686,0.46004352,0.0
2284,1.9609565,0.88130087,1.2401024,0.7268763,16566.244,1.9609565,0.0,0.03616371,0.44314572,0.0
2285,1.8513312,0.869503,1.224683,0.8327188,16566.244,1.8513312,0.0,0.037875745,0.4641248,0.0
2286,2.7462504,0.96581405,1.1765755,0.7967413,16566.244,2.7462504,0.0,0.040515065,0.4964667,0.0
2287,6.8984575,1.4126738,1.3036556,0.6397959,16566.244,6.8984575,0.0,0.03327265,0.40771902,0.0
2288,0.86523885,0.76337993,0.6212269,0.66361785,16566.244,0.86523885,0.0,0.047359616,0.580339,0.0
2289,1.0914301,0.7877226,0.70617884,0.7400159,16566.244,1.0914301,0.0,0.056326434,0.6902173,0.0
2290,1.6491575,0.8477451,0.92699075,0.71734434,16566.244,1.6491575,0.0,0.05773806,0.7075152,0.0
2291,0.6536719,0.74061114,0.7195858,0.7401448,16566.244,0.6536719,0.0,0.05241339,0.64226735,0.0
2292,1.353733,0.8159516,0.7218355,0.48875743,16566.244,1.353733,0.0,0.0554023,0.6788931,0.0
2293,1.0306395,0.7811803,0.6999914,0.78683496,16566.244,1.0306395,0.0,0.05662003,0.693815,0.0
2294,0.8070929,0.7571223,0.72346383,0.676994,16566.244,0.8070929,0.0,0.05609082,0.6873301,0.0
2295,2.5886018,0.94884795,0.73937774,0.7893651,16566.244,2.5886018,0.0,0.047893472,0.5868808,0.0
2296,1.2227272,0.80185276,0.8035967,0.77262014,16566.244,1.2227272,0.0,0.047031526,0.5763186,0.0
2297,2.5913067,0.94913906,0.7890014,0.8756152,16566.244,2.5913067,0.0,0.03799396,0.46557337,0.0
2298,2.6016753,0.9502549,0.9871006,0.63997036,16566.244,2.6016753,0.0,0.038409553,0.47066602,0.0
2299,2.4224868,0.93097067,0.8002702,0.82399285,16566.244,2.4224868,0.0,0.0387185,0.4744518,0.0
2300,1.7716419,0.86092687,0.9043239,0.70223594,16566.244,1.7716419,0.0,0.04161349,0.5099267,0.0
2301,1.9207269,0.87697136,0.9231085,0.58294904,16566.244,1.9207269,0.0,0.051143825,0.62671024,0.0
2302,2.002208,0.88574034,0.8804571,0.75769806,16566.244,2.002208,0.0,0.049209457,0.6030067,0.0
2303,1.5094929,0.83271444,0.80018944,0.6637359,16566.244,1.5094929,0.0,0.039512582,0.4841824,0.0
2304,1.8738058,0.8719217,1.0260788,0.69212604,16566.244,1.8738058,0.0,0.037413802,0.4584642,0.0
2305,1.9247705,0.87740654,0.79833686,0.4784089,16566.244,1.9247705,0.0,0.037422102,0.4585659,0.0
2306,4.9131784,1.1990185,1.1401093,0.74383825,16566.244,4.9131784,0.0,0.03812217,0.46714446,0.0
2307,0.88722813,0.7657464,0.80971676,0.48329267,16566.244,0.88722813,0.0,0.027336258,0.3349752,0.0
2308,1.9986202,0.8853542,1.0840285,0.7234417,16566.244,1.9986202,0.0,0.036938034,0.4526342,0.0
2309,0.6908526,0.7446125,0.7574695,0.48329267,16566.244,0.6908526,0.0,0.0282389,0.34603605,0.0
2310,1.5531912,0.83741724,1.1720247,0.8558549,27610.412,1.5531912,1.0110104,0.047046475,0.5765018,0.0
2311,1.6517645,0.8480257,0.90144944,0.865064,27610.412,1.6517645,1.0110104,0.04016881,0.49222374,0.0
2312,3.911492,1.0912172,1.1531872,0.75566214,27610.412,3.911492,1.0110104,0.04248247,0.52057505,0.0
2313,4.2987733,1.1328963,1.1274313,0.71571434,27610.412,4.2987733,1.0110104,0.044690903,0.5476369,0.0
2314,3.1683557,1.011241,1.1809152,0.89629686,27610.412,3.1683557,1.0110104,0.048037753,0.5886488,0.0
2315,4.4817204,1.152585,1.2484717,0.8003651,27610.412,4.4817204,1.0110104,0.05301652,0.649658,0.0
2316,8.548009,1.5901983,1.6971059,0.6807103,27610.412,8.548009,1.0110104,0.05688848,0.6971045,0.0
2317,6.7386312,1.3954734,1.3849578,0.7241594,27610.412,6.7386312,1.0110104,0.05518453,0.6762245,0.0
2318,4.2033315,1.1226249,1.3512112,0.8343422,27610.412,4.2033315,1.0110104,0.050748467,0.6218656,0.0
2319,5.334293,1.2443388,1.3520267,0.8359612,27610.412,5.334293,1.0110104,0.047582645,0.58307195,0.0
2320,4.4806933,1.1524745,1.3344095,0.8857237,27610.412,4.4806933,1.0110104,0.049073257,0.60133773,0.0
2321,2.8139014,0.97309464,1.2316396,0.88339597,27610.412,2.8139014,1.0110104,0.04766973,0.5841391,0.0
2322,1.7873489,0.86261725,0.8854006,0.72511125,27610.412,1.7873489,1.0110104,0.03748794,0.45937267,0.0
2323,0.8088083,0.747533,1.0877403,0.6728267,27610.412,0.71798986,1.0110104,0.03991381,0.489099,0.0
2324,0.8088083,0.7379022,1.1283455,0.7430926,27610.412,0.62850076,1.0110104,0.043086987,0.5279827,0.0
2325,1.231926,0.80284274,1.321405,0.7788357,27610.412,1.231926,1.0110104,0.03984516,0.48825777,0.0
2326,1.0392872,0.782111,1.3934588,0.8209551,25953.78,1.0392872,0.85561216,0.042798925,0.52445287,0.0
2327,0.7972444,0.7560624,0.90909237,0.93774873,23744.955,0.7972444,0.6484163,0.039129794,0.47949174,0.0
2328,0.5487743,0.7293221,0.98655856,0.54598486,23744.955,0.5487743,0.6484163,0.04103192,0.50280017,0.0
2329,2.259872,0.9134701,0.83232474,0.6852919,23744.955,2.259872,0.6484163,0.039427,0.4831337,0.0
2330,3.25765,1.0208508,1.2772934,0.70176214,23744.955,3.25765,0.6484163,0.041851185,0.5128394,0.0
2331,2.6928341,0.9600654,1.0184196,0.8720985,23744.955,2.6928341,0.6484163,0.047188092,0.5782372,0.0
2332,2.053764,0.8912888,0.92968196,0.61876494,23744.955,2.053764,0.6484163,0.047126736,0.5774853,0.0
2333,3.114635,1.0054595,0.9962088,0.57300377,23744.955,3.114635,0.6484163,0.046552055,0.5704432,0.0
2334,2.2124455,0.9083661,0.7950958,0.63650036,22640.53,2.2124455,0.5448171,0.04688743,0.5745529,0.0
2335,1.9273103,0.8776799,0.75105184,0.61474955,22640.53,1.9273103,0.5448171,0.046302054,0.5673798,0.0
2336,0.4358537,0.67952627,0.7816289,0.40579316,22640.53,0.08607325,0.5448171,0.038881395,0.4764479,0.0
2337,0.19418092,0.6911608,0.71672666,0.5359164,16566.244,0.19418092,0.0,0.03482866,0.42678618,0.0
2338,0.38027102,0.7111878,0.72025114,0.5588977,16566.244,0.38027102,0.0,0.045041677,0.55193526,0.0
2339,1.3150514,0.8117887,0.74852735,0.43302494,16566.244,1.3150514,0.0,0.047698073,0.5844864,0.0
2340,1.5715988,0.83939826,0.7767025,0.40956658,16566.244,1.5715988,0.0,0.04231638,0.5185398,0.0
2341,1.5807981,0.8403883,0.79332125,0.40579316,16566.244,1.5807981,0.0,0.04332613,0.5309131,0.0
2342,1.3512301,0.81568223,0.8243399,0.41495115,16566.244,1.3512301,0.0,0.040287558,0.49367887,0.0
2343,1.7805322,0.86188364,0.9059665,0.41495115,28162.62,1.7805322,1.0628095,0.037557237,0.46022183,0.0
2344,1.6851707,0.85162085,0.830807,0.49699202,28162.62,1.6851707,1.0628095,0.034569364,0.4236088,0.0
2345,2.051771,0.8910743,0.9409913,0.3926206,28162.62,2.051771,1.0628095,0.028626097,0.35078073,0.0
2346,3.032598,0.9966307,0.96357083,0.42585227,28162.62,3.032598,1.0628095,0.037584055,0.46055046,0.0
2347,1.1200516,0.79080284,0.85542476,0.6814381,28162.62,1.1200516,1.0628095,0.040865585,0.5007619,0.0
2348,1.5987184,0.84231687,0.9629986,0.6215054,28162.62,1.5987184,1.0628095,0.0354674,0.43461323,0.0
2349,2.0903141,0.8952223,0.8817794,0.61616355,28162.62,2.0903141,1.0628095,0.031611964,0.3873692,0.0
2350,0.85024756,0.7219626,0.7846797,0.60523516,28162.62,0.48039004,1.0628095,0.03383727,0.4146378,0.0
2351,1.2522111,0.8050258,0.84231865,0.6050547,28162.62,1.2522111,1.0628095,0.035419438,0.4340255,0.0
2352,2.513528,0.94076854,0.88770145,0.64022696,28162.62,2.513528,1.0628095,0.040545974,0.49684545,0.0
2353,3.3359413,1.0292765,1.004813,0.6105727,28162.62,3.3359413,1.0628095,0.034945436,0.42821714,0.0
2354,0.85024756,0.6799037,0.99776804,0.6133162,28162.62,0.08958019,1.0628095,0.043333728,0.5310063,0.0
2355,0.85024756,0.65127355,0.78027964,0.61967164,28162.62,0.0,1.0628095,0.035354257,0.43322676,0.0
2356,0.85024756,0.66018367,0.93909144,0.6371339,28162.62,0.0,1.0628095,0.036546305,0.44783399,0.0
2357,1.3131124,0.81158,0.89769936,0.6015642,28162.62,1.3131124,1.0628095,0.036846064,0.4515072,0.0
2358,2.7238357,0.9634018,1.0847782,0.6085822,28162.62,2.7238357,1.0628095,0.037193198,0.45576093,0.0
2359,2.802707,0.9718899,1.0869344,0.5955528,24297.16,2.802707,0.70021516,0.0333474,0.40863502,0.0
2360,4.2801166,1.1308885,1.1233652,0.6033012,24297.16,4.2801166,0.70021516,0.030494863,0.37368035,0.0
2361,4.6581254,1.1715697,1.1027514,0.60407716,24297.16,4.6581254,0.70021516,0.033599786,0.41172773,0.0
2362,4.7259016,1.1788638,1.0678573,0.6045993,24297.16,4.7259016,0.70021516,0.030379392,0.3722654,0.0
2363,4.569683,1.1620516,1.079248,0.61433333,24297.16,4.569683,0.70021516,0.035977196,0.4408602,0.0
2364,3.0258498,0.9959045,0.9882621,0.6681307,24297.16,3.0258498,0.70021516,0.04340448,0.5318732,0.0
2365,3.227185,1.0175722,1.0616378,0.645098,24297.16,3.227185,0.70021516,0.036897488,0.45213735,0.0
2366,3.97481,1.0980314,1.1056685,0.6655681,24297.16,3.97481,0.70021516,0.03621068,0.44372126,0.0
2367,3.7486153,1.0736884,0.97916085,0.7221057,16566.244,3.7486153,0.0,0.040695194,0.49867398,0.0
2368,3.8992786,1.0899028,0.94564825,0.6782963,16566.244,3.8992786,0.0,0.04065984,0.49824077,0.0
2369,4.4539704,1.1495986,1.0548536,0.6797275,16566.244,4.4539704,0.0,0.04055765,0.4969885,0.0
2370,4.33771,1.1370866,0.99871397,0.6581576,16566.244,4.33771,0.0,0.04123345,0.5052697,0.0
2371,3.6276035,1.0606651,0.9813803,0.66376853,16566.244,3.6276035,0.0,0.04200273,0.51469636,0.0
2372,5.340589,1.2450163,1.2214572,0.6868763,16566.244,5.340589,0.0,0.061120115,0.74895847,0.0
2373,3.974658,1.0980151,0.92418605,0.7227629,16566.244,3.974658,0.0,0.04942166,0.60560703,0.0
2374,5.174932,1.2271883,1.0870404,0.6098445,5.1068583,5.174932,0.0,0.04105431,0.5030745,0.0
2375,5.1927104,1.2291017,0.94380504,0.8138877,16566.244,5.1927104,0.0,0.039061785,0.47865838,0.0
2376,3.872475,1.0870181,1.0154527,0.7334103,16566.244,3.872475,0.0,0.04062814,0.4978523,0.0
2377,4.113746,1.1129837,1.0136304,0.775588,16566.244,4.113746,0.0,0.029083809,0.35638946,0.0
2378,3.6088603,1.058648,1.0127733,0.49216875,16566.244,3.6088603,0.0,0.046970785,0.5755743,0.0
2379,4.0727873,1.1085757,0.94496715,0.70761317,16566.244,4.0727873,0.0,0.030828912,0.37777376,0.0
2380,4.115121,1.1131316,0.94932324,0.69054174,16566.244,4.115121,0.0,0.036795385,0.4508862,0.0
2381,3.2606483,1.0211735,0.8993618,0.76882553,16566.244,3.2606483,0.0,0.040942393,0.50170314,0.0
2382,1.9120226,0.8760346,0.94548374,0.4977933,5.1068583,1.9120226,0.0,0.03012957,0.3692041,0.0
2383,1.9729035,0.8825866,0.8904886,0.56017435,5.1068583,1.9729035,0.0,0.047545582,0.5826178,0.0
2384,2.244057,0.9117681,0.86717993,0.53261083,5.1068583,2.244057,0.0,0.043450776,0.53244054,0.0
2385,0.44054702,0.7176747,0.7746695,0.5261874,2.2161837,0.44054702,0.0,0.03894924,0.47727928,0.0
2386,1.3657681,0.8172468,0.80122536,0.65178335,2.2161837,1.3657681,0.0,0.03679979,0.45094016,0.0
2387,1.4839512,0.82996565,0.84126174,0.69470465,2.2161837,1.4839512,0.0,0.035109624,0.4302291,0.0
2388,1.7580627,0.8594655,0.818478,0.69142824,2.2161837,1.7580627,0.0,0.04325736,0.5300704,0.0
2389,1.5016078,0.83186585,0.73340726,0.5316518,2.2161837,1.5016078,0.0,0.034400117,0.42153487,0.0
2390,2.022133,0.8878847,0.87440026,0.57407165,5.1068583,2.022133,0.0,0.038493823,0.47169864,0.0
2391,2.7429848,0.9654626,0.90813476,0.6073285,16566.244,2.7429848,0.0,0.039836813,0.48815548,0.0
2392,2.1637168,0.9031219,0.8998445,0.55341536,16566.244,2.1637168,0.0,0.03427461,0.41999695,0.0
2393,2.3878946,0.9272479,0.8476704,0.56363064,16014.038,2.3878946,0.0,0.041680712,0.5107504,0.0
2394,2.660576,0.9565938,0.86640525,0.56363064,16014.038,2.660576,0.0,0.045268066,0.5547094,0.0
2395,1.3637532,0.81702995,0.84227425,0.42566022,16014.038,1.3637532,0.0,0.034352828,0.4209554,0.0
2396,1.4152623,0.82257336,0.82458675,0.56385577,16014.038,1.4152623,0.0,0.039788123,0.48755884,0.0
2397,1.3439183,0.81489533,0.8808492,0.54481107,16014.038,1.3439183,0.0,0.04214094,0.51638997,0.0
2398,3.332246,1.0288788,0.97276384,0.39424673,16014.038,3.332246,0.0,0.026650218,0.32656854,0.0
2399,2.286862,0.91637474,0.91265965,0.7701418,16014.038,2.286862,0.0,0.032969844,0.40400848,0.0
2400,1.2561556,0.8054503,0.7847723,0.8087659,16014.038,1.2561556,0.0,0.034852996,0.4270844,0.0
2401,1.4679013,0.82823837,0.71806103,0.808475,16014.038,1.4679013,0.0,0.04015283,0.4920279,0.0
2402,0.94742936,0.77222526,0.6505135,0.81518096,16014.038,0.94742936,0.0,0.047734864,0.5849372,0.0
2403,0.8323355,0.7598389,1.1268001,0.72520995,16014.038,0.8323355,0.0,0.05233313,0.64128387,0.0
2404,0.9817965,0.77592385,0.69335914,0.8685474,16014.038,0.9817965,0.0,0.041445762,0.5078713,0.0
2405,2.9556773,0.98835254,1.0699049,0.7268671,16014.038,2.9556773,0.0,0.040382467,0.49484187,0.0
2406,1.5581205,0.8379477,0.7949672,0.41239408,33684.695,1.5581205,1.5808005,0.03663498,0.44892064,0.0
2407,3.2464767,1.0196483,1.1111027,0.81095445,33684.695,3.2464767,1.5808005,0.051921032,0.63623405,0.0
2408,2.536819,0.9432751,0.88829684,0.73816997,33684.695,2.536819,1.5808005,0.053908158,0.66058403,0.0
2409,3.6630874,1.0644839,0.9672618,0.6023631,33684.695,3.6630874,1.5808005,0.041991934,0.5145641,0.0
2410,3.1231432,1.0063752,0.988343,0.42881942,33684.695,3.1231432,1.5808005,0.04036596,0.4946396,0.0
2411,3.296441,1.0250255,1.1449605,0.8376371,33684.695,3.296441,1.5808005,0.054298844,0.6653715,0.0
2412,3.3739915,1.0333714,0.9932966,0.7992756,33684.695,3.3739915,1.5808005,0.051982496,0.6369872,0.0
2413,3.1580863,1.0101358,1.0364586,0.8515742,33684.695,3.1580863,1.5808005,0.051961284,0.6367273,0.0
2414,3.3128417,1.0267905,0.99764836,0.7266413,33684.695,3.3128417,1.5808005,0.05658914,0.6934365,0.0
2415,6.1429834,1.3313699,1.3573074,0.81345683,33684.695,6.1429834,1.5808005,0.058044683,0.71127254,0.0
2416,4.6787353,1.1737877,1.2545145,0.71277386,33684.695,4.6787353,1.5808005,0.059093162,0.72412044,0.0
2417,6.055772,1.3219842,1.2697725,0.7730312,33684.695,6.055772,1.5808005,0.060647294,0.7431646,0.0
2418,5.511076,1.2633641,1.2846373,0.67681354,33684.695,5.511076,1.5808005,0.061383102,0.7521811,0.0
2419,3.5485854,1.0521612,1.2013925,0.74902785,33684.695,3.5485854,1.5808005,0.060933407,0.7466706,0.0
2420,4.1677594,1.1187966,1.1348598,0.74194276,33684.695,4.1677594,1.5808005,0.05556342,0.68086743,0.0
2421,4.093215,1.1107742,1.2202387,0.7697881,33684.695,4.093215,1.5808005,0.045451265,0.55695426,0.0
2422,6.1087136,1.3276818,1.1516379,0.76914895,24297.16,6.1087136,0.70021516,0.0615979,0.7548132,0.0
2423,5.6791553,1.2814528,1.1988366,0.6113072,24297.16,5.6791553,0.70021516,0.045952436,0.56309557,0.0
2424,6.1778693,1.3351243,1.1129421,0.7727026,24297.16,6.1778693,0.70021516,0.048346575,0.5924331,0.0
2425,6.2961926,1.3478582,1.055919,0.82313687,24297.16,6.2961926,0.70021516,0.05406747,0.6625362,0.0
2426,5.7376304,1.2877458,1.0651125,0.852733,23744.955,5.7376304,0.6484163,0.055577997,0.68104607,0.0
2427,3.1468987,1.0089318,0.9091673,0.88113064,23744.955,3.1468987,0.6484163,0.056981068,0.6982391,0.0
2428,2.6316936,0.9534855,0.82330227,0.8089636,23744.955,2.6316936,0.6484163,0.05178837,0.63460845,0.0
2429,3.013581,0.99458414,0.924987,0.70201,22640.53,3.013581,0.5448171,0.047788814,0.58559835,0.0
2430,1.9558866,0.88075525,0.8668973,0.7554163,16566.244,1.9558866,0.0,0.04572967,0.56036586,0.0
2431,1.7700175,0.86075205,0.7301572,0.48799396,16566.244,1.7700175,0.0,0.05480915,0.67162466,0.0
2432,1.9839809,0.88377875,0.77960426,0.7800701,16566.244,1.9839809,0.0,0.061508592,0.75371885,0.0
2433,0.93486375,0.77087295,0.66860014,0.48756495,16566.244,0.93486375,0.0,0.049717437,0.6092315,0.0
2434,1.7287915,0.8563153,0.8120404,0.4401618,16566.244,1.7287915,0.0,0.050259158,0.61586964,0.0
2435,1.8082023,0.8648615,0.7155171,0.71856666,16566.244,1.8082023,0.0,0.05494132,0.6732443,0.0
2436,1.9363203,0.87864953,0.8004989,0.49397853,16566.244,1.9363203,0.0,0.043021187,0.52717644,0.0
2437,1.720989,0.8554756,0.8175777,0.51476055,28162.62,1.720989,1.0628095,0.041756667,0.51168114,0.0
2438,1.5296849,0.8348875,0.82213384,0.4338665,28162.62,1.5296849,1.0628095,0.03533171,0.4329505,0.0
2439,2.4506397,0.9340005,0.831606,0.56206006,28162.62,2.4506397,1.0628095,0.051346093,0.62918884,0.0
2440,2.4728615,0.936392,0.8904074,0.6845112,28162.62,2.4728615,1.0628095,0.046670284,0.571892,0.0
2441,3.1381512,1.0079904,0.91438496,0.45386907,28162.62,3.1381512,1.0628095,0.04316917,0.5289898,0.0
2442,2.9520545,0.98796266,0.98002404,0.5006859,28162.62,2.9520545,1.0628095,0.040966015,0.5019926,0.0
2443,3.2316148,1.0180489,0.99304354,0.51385134,28162.62,3.2316148,1.0628095,0.04196283,0.5142074,0.0
2444,4.361068,1.1396004,1.0689499,0.4401718,28162.62,4.361068,1.0628095,0.04401494,0.5393537,0.0
2445,4.730968,1.179409,1.1093124,0.40276834,28162.62,4.730968,1.0628095,0.046570573,0.5706702,0.0
2446,3.7184505,1.0704421,1.2852926,0.6035942,28162.62,3.7184505,1.0628095,0.028356237,0.3474739,0.0
2447,5.288714,1.2394335,1.3105478,0.64896035,28162.62,5.288714,1.0628095,0.022466412,0.27530068,0.0
2448,4.83897,1.1910322,1.2692854,0.49099857,28162.62,4.83897,1.0628095,0.030949334,0.3792494,0.0
2449,5.776717,1.2919524,1.2571571,0.5387755,28162.62,5.776717,1.0628095,0.039287414,0.48142323,0.0
2450,6.154817,1.3326434,1.2963297,0.54588884,28162.62,6.154817,1.0628095,0.049463075,0.6061145,0.0
2451,6.6699533,1.3880823,1.3673953,0.5041397,28162.62,6.6699533,1.0628095,0.042384632,0.51937616,0.0
2452,6.6051803,1.3811114,1.407189,0.5390074,28162.62,6.6051803,1.0628095,0.037958656,0.46514076,0.0
2453,6.5556197,1.3757777,1.345045,0.50369096,25953.78,6.5556197,0.85561216,0.038064405,0.46643662,0.0
2454,6.654099,1.386376,1.3658644,0.5411513,25953.78,6.654099,0.85561216,0.05047783,0.6185492,0.0
2455,7.2112474,1.4463363,1.3631622,0.56268287,25953.78,7.2112474,0.85561216,0.053199347,0.6518984,0.0
2456,6.2348785,1.3412596,1.3730202,0.5640746,25953.78,6.2348785,0.85561216,0.034290258,0.42018867,0.0
2457,3.7743325,1.0764561,1.1634656,0.67578536,25953.78,3.7743325,0.85561216,0.03481225,0.42658508,0.0
2458,2.2246795,0.9096827,1.1465794,0.78790647,23744.955,2.2246795,0.6484163,0.04349095,0.5329328,0.0
2459,3.3296628,1.0286008,0.9170046,0.74549806,23744.955,3.3296628,0.6484163,0.044418715,0.54430157,0.0
2460,2.3053546,0.91836494,1.2560863,0.9255651,23744.955,2.3053546,0.6484163,0.058254596,0.7138448,0.0
2461,2.6300216,0.95330554,1.1966989,0.7720812,23744.955,2.6300216,0.6484163,0.049578357,0.6075272,0.0
2462,3.3503954,1.030832,1.0096897,0.52940536,23744.955,3.3503954,0.6484163,0.036619388,0.44872954,0.0
2463,4.323222,1.1355275,1.0199145,0.6796304,16566.244,4.323222,0.0,0.0355157,0.43520507,0.0
2464,2.852675,0.97726744,0.936826,0.7226691,16566.244,2.852675,0.0,0.042304154,0.51839,0.0
2465,2.3729818,0.92564297,0.8683263,0.75162655,5.1068583,2.3729818,0.0,0.043702196,0.53552145,0.0
2466,3.5215247,1.0492489,1.134413,0.6421054,5.1068583,3.5215247,0.0,0.04405991,0.5399048,0.0
2467,3.953922,1.0957835,1.0116056,0.69170994,2.2161837,3.953922,0.0,0.040536404,0.49672818,0.0
2468,4.0499134,1.106114,0.9218329,0.8026856,2.2161837,4.0499134,0.0,0.056690127,0.69467396,0.0
2469,4.8322296,1.1903068,1.0058864,0.8068576,2.2161837,4.8322296,0.0,0.045011543,0.551566,0.0
2470,2.5128133,0.8827824,0.89838904,0.76743525,2.2161837,1.9747229,0.0,0.145141,1.7785403,1.0
2471,4.74082,1.1804693,1.0571694,0.69543296,2.2161837,4.74082,0.0,0.036526468,0.44759092,0.0
2472,4.1058483,1.1121337,0.9869836,0.68976575,2.2161837,4.1058483,0.0,0.030552734,0.3743895,0.0
2473,4.2511716,1.1277734,0.95755994,0.6897658,2.2161837,4.2511716,0.0,0.03599775,0.44111204,0.0
2474,4.1040406,1.1119392,0.9469755,0.7939605,2.2161837,4.1040406,0.0,0.03198348,0.3919217,0.0
2475,3.5483994,1.0521412,0.87395865,0.7993155,2.2161837,3.5483994,0.0,0.04012231,0.49165395,0.0
2476,1.6393716,0.84669197,0.8287299,0.76518965,2.2161837,1.6393716,0.0,0.044499893,0.5452963,0.0
2477,2.5274458,0.94226635,0.8642399,0.59555054,2.2161837,2.5274458,0.0,0.04202364,0.5149526,0.0
2478,1.280275,0.80804604,0.81035125,0.6035106,2.2161837,1.280275,0.0,0.039908122,0.4890293,0.0
2479,1.5513663,0.83722085,0.77431387,0.57010335,2.2161837,1.5513663,0.0,0.037297,0.45703292,0.0
2480,1.5403476,0.836035,0.835823,0.49222162,2.2161837,1.5403476,0.0,0.06027306,0.73857874,0.0
2481,2.2431662,0.91167223,0.8365521,0.67358035,2.2161837,2.2431662,0.0,0.03853148,0.47216007,0.0
2482,1.8196813,0.86609685,0.79982924,0.6696877,2.2161837,1.8196813,0.0,0.037568934,0.46036518,0.0
2483,2.5700874,0.9468554,0.8441612,0.586755,2.2161837,2.5700874,0.0,0.043671656,0.5351472,0.0
2484,2.380019,0.9264003,0.84032005,0.68910354,5.1068583,2.380019,0.0,0.038054787,0.46631876,0.0
2485,2.6321247,0.95353186,0.92947817,0.5875414,16566.244,2.6321247,0.0,0.040837392,0.50041646,0.0
2486,2.707634,0.9616582,0.9470989,0.57057106,16566.244,2.707634,0.0,0.04246308,0.5203374,0.0
2487,1.2647983,0.80638045,0.81058943,0.57151425,16566.244,1.2647983,0.0,0.046162717,0.56567234,0.0
2488,1.3822548,0.8190211,0.6662757,0.51934856,16566.244,1.3822548,0.0,0.041111365,0.5037737,0.0
2489,1.0596217,0.7842994,0.7635787,0.57470345,16566.244,1.0596217,0.0,0.043509055,0.53315467,0.0
2490,0.7524063,0.7512369,0.71131194,0.5427801,16566.244,0.7524063,0.0,0.044537105,0.5457523,0.0
2491,0.7987127,0.7562204,0.65016925,0.6068691,16566.244,0.7987127,0.0,0.046982355,0.5757161,0.0
2492,0.9578793,0.7733499,0.75710523,0.5145567,16566.244,0.9578793,0.0,0.04399232,0.53907657,0.0
2493,0.0,0.55053,0.63363177,0.5752769,16566.244,0.0,0.0,0.043487225,0.53288716,0.0
2494,1.1127099,0.7900127,0.8142264,0.6236576,16566.244,1.1127099,0.0,0.048858672,0.5987083,0.0
2495,0.9894058,0.77674276,0.7283115,0.6021447,16566.244,0.9894058,0.0,0.045907468,0.5625445,0.0
2496,1.3975604,0.8206683,0.70877916,0.8151436,16566.244,1.3975604,0.0,0.053967174,0.6613072,0.0
2497,1.2987661,0.81003606,0.7470381,0.60300034,16566.244,1.2987661,0.0,0.04519088,0.55376357,0.0
2498,0.1501154,0.6864185,0.67211896,0.5476719,16566.244,0.1501154,0.0,0.05484473,0.67206067,0.0
2499,0.18542022,0.690218,0.6688418,0.5494587,16566.244,0.18542022,0.0,0.055653967,0.681977,0.0
2500,1.1839492,0.7976795,0.74500096,0.7892333,16566.244,1.1839492,0.0,0.055182233,0.6761964,0.0
2501,0.53271836,0.72759414,1.0546205,0.7619307,16566.244,0.53271836,0.0,0.05763791,0.706288,0.0
2502,0.44253087,0.7178882,0.6830329,0.5494587,16566.244,0.44253087,0.0,0.049261097,0.60363954,0.0
2503,1.3531133,0.8158849,0.83617276,0.81345195,16566.244,1.3531133,0.0,0.04951898,0.6067996,0.0
2504,0.3046934,0.70305413,0.80703604,0.77040243,16566.244,0.3046934,0.0,0.057756286,0.7077385,0.0
2505,0.662781,0.74159145,0.6832202,0.46523315,16566.244,0.662781,0.0,0.054087058,0.66277623,0.0
2506,0.67132074,0.7425105,0.77369964,0.7655301,16566.244,0.67132074,0.0,0.05356178,0.6563396,0.0
2507,2.5291083,0.9424453,1.3974042,0.6557937,16566.244,2.5291083,0.0,0.047379836,0.5805868,0.0
2508,2.5392604,0.94353783,1.3086456,0.7247248,16566.244,2.5392604,0.0,0.046322074,0.5676251,0.0
2509,1.8065081,0.86467916,1.0608671,0.720345,16566.244,1.8065081,0.0,0.05255613,0.64401644,0.0
2510,0.6840093,0.74387604,0.7533988,0.7404991,16566.244,0.6840093,0.0,0.06001465,0.73541224,0.0
2511,4.792921,1.1860764,1.2750896,0.7795075,16566.244,4.792921,0.0,0.056895293,0.697188,0.0
2512,4.4022007,1.1440271,1.2077701,0.6808377,16566.244,4.4022007,0.0,0.050973397,0.6246218,0.0
2513,4.2584934,1.1285614,1.1134382,0.63494366,16566.244,4.2584934,0.0,0.039291423,0.48147234,0.0
2514,3.8906443,1.0889735,1.1447802,0.6225989,16566.244,3.8906443,0.0,0.04344609,0.53238314,0.0
2515,4.126274,1.114332,1.1916227,0.66783684,16566.244,4.126274,0.0,0.05053264,0.61922085,0.0
2516,5.536801,1.2661326,1.2485299,0.65192896,16566.244,5.536801,0.0,0.042111255,0.5160262,0.0
2517,5.470398,1.2589864,1.2619607,0.62905395,16566.244,5.470398,0.0,0.031431332,0.38515574,0.0
2518,4.3346767,1.1367602,1.1903051,0.7298584,16566.244,4.3346767,0.0,0.06642547,0.8139697,0.0
2519,4.837033,1.1908237,1.2613263,0.51271486,16566.244,4.837033,0.0,0.04867638,0.59647447,0.0
2520,4.767176,1.1833057,1.1552659,0.5280369,16566.244,4.767176,0.0,0.034289334,0.42017734,0.0
2521,4.9126534,1.198962,1.13724,0.6128578,16566.244,4.9126534,0.0,0.04350952,0.5331604,0.0
2522,5.0158105,1.2100637,1.2084738,0.63845146,16566.244,5.0158105,0.0,0.04097358,0.5020853,0.0
2523,4.6475844,1.1704353,1.2023499,0.7138492,16566.244,4.6475844,0.0,0.041744635,0.5115337,0.0
2524,4.2646255,1.1292213,1.3392406,0.91776323,16566.244,4.2646255,0.0,0.05025575,0.61582786,0.0
2525,4.862474,1.1935617,1.2436147,0.77886057,16566.244,4.862474,0.0,0.04222823,0.51745963,0.0
2526,4.0507317,1.1062021,1.1838403,0.76620334,16566.244,4.0507317,0.0,0.047631525,0.5836709,0.0
2527,3.7528067,1.0741395,1.111766,0.7428536,16566.244,3.7528067,0.0,0.05298882,0.6493186,0.0
2528,4.1549697,1.1174202,1.1133424,0.6135928,16566.244,4.1549697,0.0,0.038792472,0.47535825,0.0
2529,4.150732,1.1169641,1.1369523,0.6135928,16566.244,4.150732,0.0,0.037971165,0.46529406,0.0
2530,2.1709173,0.9038968,0.9800994,0.578843,16566.244,2.1709173,0.0,0.042836133,0.5249088,0.0
2531,2.4177125,0.9304569,0.87954897,0.73972493,16566.244,2.4177125,0.0,0.059119456,0.72444266,0.0
2532,2.6942298,0.9602156,0.9959979,0.6893537,16566.244,2.6942298,0.0,0.038010005,0.46577,0.0
2533,2.1527035,0.90193665,0.84727263,0.67392373,16566.244,2.1527035,0.0,0.0531747,0.65159637,0.0
2534,2.5819929,0.9481367,0.9084575,0.7232721,16566.244,2.5819929,0.0,0.046069197,0.5645264,0.0
2535,3.3376791,1.0294635,1.1752408,0.6338169,16566.244,3.3376791,0.0,0.03568778,0.4373137,0.0
2536,1.7610158,0.8597833,0.85551655,0.6964624,16566.244,1.7610158,0.0,0.03926424,0.48113924,0.0
2537,2.134087,0.89993316,1.1047022,0.5782003,16566.244,2.134087,0.0,0.048140634,0.5899095,0.0
2538,1.30217,0.8104024,0.78352123,0.6986612,16566.244,1.30217,0.0,0.044905283,0.5502639,0.0
2539,0.9636808,0.77397424,0.80937153,0.713531,16566.244,0.9636808,0.0,0.04034666,0.4944031,0.0
2540,1.0635207,0.784719,1.1832311,0.6248587,16566.244,1.0635207,0.0,0.04553275,0.5579528,0.0
2541,2.4985378,0.9391553,1.043161,0.7469434,16566.244,2.4985378,0.0,0.03656216,0.44802827,0.0
2542,2.1873896,0.90566957,1.167562,0.6248587,27610.412,2.1873896,1.0110104,0.04667992,0.5720101,0.0
2543,2.4664724,0.9357044,1.1309767,0.6248587,27610.412,2.4664724,1.0110104,0.05019649,0.6151017,0.0
2544,2.5620606,0.9459916,0.84715354,0.74433905,27610.412,2.5620606,1.0110104,0.05819908,0.7131645,0.0
2545,3.0678363,1.0004231,1.0454563,0.64139646,27610.412,3.0678363,1.0110104,0.06308444,0.7730291,0.0
2546,3.5002859,1.0469632,0.96630836,0.59230363,27610.412,3.5002859,1.0110104,0.061097316,0.7486791,0.0
2547,2.71811,0.9627856,0.89641666,0.74363965,27610.412,2.71811,1.0110104,0.064861506,0.79480505,0.0
2548,3.5429716,1.0515571,1.060573,0.62067103,27610.412,3.5429716,1.0110104,0.064908266,0.795378,0.0
2549,2.9452217,0.9872273,1.0585318,0.5879911,27610.412,2.9452217,1.0110104,0.07335793,0.8989192,0.0
2550,5.323389,1.2431653,1.2550603,0.7939124,27610.412,5.323389,1.0110104,0.06147906,0.753357,0.0
2551,3.0797117,1.0017011,1.0342444,0.7635435,27610.412,3.0797117,1.0110104,0.04955916,0.60729194,0.0
2552,3.926087,1.0927879,1.197106,0.68641543,27610.412,3.926087,1.0110104,0.042920742,0.5259456,0.0
2553,5.063443,1.2151899,1.3267716,0.828055,27610.412,5.063443,1.0110104,0.046201196,0.5661439,0.0
2554,0.8088083,0.7510589,1.1048617,0.6709556,27610.412,0.750752,1.0110104,0.067423835,0.8262035,0.0
2555,0.8088083,0.67140377,1.2364979,0.7390316,27610.412,0.010599199,1.0110104,0.057804454,0.7083288,0.0
2556,5.5086675,1.2631049,1.4094273,0.6354326,27610.412,5.5086675,1.0110104,0.0581365,0.71239763,0.0
2557,2.30582,0.918415,1.3229471,0.6387658,27610.412,2.30582,1.0110104,0.052256707,0.64034736,0.0
2558,3.435608,1.0400026,1.3666197,0.7147092,23744.955,3.435608,0.6484163,0.05666155,0.6943238,0.0
2559,0.518733,0.6925738,1.1999072,0.71049803,23744.955,0.20731036,0.6484163,0.054051667,0.6623426,0.0
2560,1.9557525,0.8807408,0.90920347,0.73051834,23744.955,1.9557525,0.6484163,0.06043301,0.7405388,0.0
2561,0.6710615,0.7424826,0.9421194,0.73075193,23744.955,0.6710615,0.6484163,0.050864246,0.6232843,0.0
2562,0.6221698,0.7372209,0.8839498,0.64453703,23744.955,0.6221698,0.6484163,0.054049373,0.6623145,0.0
2563,0.64599395,0.73978484,0.8772134,0.46426308,23744.955,0.64599395,0.6484163,0.054208405,0.66426325,0.0
2564,2.1764927,0.90449685,0.9195373,0.47542912,23744.955,2.1764927,0.6484163,0.059297074,0.7266192,0.0
2565,2.6278274,0.9412723,0.9582365,0.8483842,23744.955,2.5182092,0.6484163,0.091756426,1.1243721,1.0
2566,4.205432,1.1228509,1.0925518,0.48473892,23744.955,4.205432,0.6484163,0.057238236,0.7013904,0.0
2567,1.9226642,0.87717986,0.81441593,0.6818014,23744.955,1.9226642,0.6484163,0.05879448,0.7204604,0.0
2568,2.434586,0.9322728,0.98806137,0.7956601,16566.244,2.434586,0.0,0.06048172,0.74113566,0.0
2569,1.8279945,0.8669915,0.9656159,0.639118,16566.244,1.8279945,0.0,0.054100975,0.6629468,0.0
2570,0.27973273,0.70036787,1.0111936,0.5596718,16566.244,0.27973273,0.0,0.058053985,0.7113865,0.0
2571,0.53838307,0.7282038,0.59718096,0.6668209,16566.244,0.53838307,0.0,0.052866936,0.647825,0.0
2572,0.72146857,0.7479074,0.63504493,0.7200566,17670.658,0.72146857,0.07862489,0.05238743,0.64194924,0.0
2573,1.4267573,0.82381046,0.70353365,0.48796985,17670.658,1.4267573,0.07862489,0.044713095,0.54790884,0.0
2574,2.0493212,0.89081067,0.92929065,0.87881726,17670.658,2.0493212,0.07862489,0.0639241,0.78331816,0.0
2575,1.4691105,0.8283685,0.7663683,0.7351903,17670.658,1.4691105,0.07862489,0.03924671,0.4809244,0.0
2576,1.4806243,0.8296076,0.9311722,0.8464001,17670.658,1.4806243,0.07862489,0.07061363,0.8652909,0.0
2577,1.2544342,0.80526507,0.69265985,0.7282755,17670.658,1.2544342,0.07862489,0.035940226,0.4404072,0.0
2578,1.689895,0.8521293,0.79533064,0.28997076,17670.658,1.689895,0.07862489,0.036809947,0.45106465,0.0
2579,1.1584082,0.79493076,0.789387,0.28997076,17670.658,1.1584082,0.07862489,0.039891247,0.48882252,0.0
2580,1.7968518,0.86363995,0.82410663,0.3148663,17670.658,1.7968518,0.07862489,0.04655773,0.5705128,0.0
2581,1.5286554,0.8347767,0.8064756,0.3853155,17670.658,1.5286554,0.07862489,0.046438336,0.5690498,0.0
2582,2.6324315,0.9535649,0.9042713,0.7027153,17670.658,2.6324315,0.07862489,0.050517134,0.61903083,0.0
2583,1.9644263,0.8816743,0.87554127,0.38606536,17670.658,1.9644263,0.07862489,0.051767018,0.6343468,0.0
2584,2.7622128,0.9675319,0.85915905,0.59117246,17670.658,2.7622128,0.07862489,0.04733104,0.57998884,0.0
2585,1.2903316,0.80912834,0.89916146,0.47429454,17670.658,1.2903316,0.07862489,0.052273057,0.6405477,0.0
2586,2.6204534,0.9522758,0.9217392,0.56292653,17670.658,2.6204534,0.07862489,0.054606643,0.6691432,0.0
2587,2.1236637,0.8988114,0.7597261,0.62514025,17670.658,2.1236637,0.07862489,0.053382836,0.6541468,0.0
2588,1.1041313,0.7890895,0.838809,0.6594325,16014.038,1.1041313,0.0,0.048470628,0.5939532,0.0
2589,1.7513845,0.85874677,0.9644005,0.67459345,16014.038,1.7513845,0.0,0.04986427,0.6110307,0.0
2590,1.7076906,0.85404444,1.0025556,0.5938305,16014.038,1.7076906,0.0,0.045418948,0.5565583,0.0
2591,3.0050447,0.99366546,1.0638549,0.6396274,16014.038,3.0050447,0.0,0.0487125,0.5969171,0.0
2592,2.6543083,0.95591927,1.1861254,0.6714121,16014.038,2.6543083,0.0,0.04987509,0.6111633,0.0
2593,2.558522,0.94561076,0.88627124,0.5948374,16014.038,2.558522,0.0,0.056050237,0.68683285,0.0
2594,3.9276764,1.0929589,1.2423332,0.69708216,27610.412,3.9276764,1.0110104,0.047676392,0.5842207,0.0
2595,2.2194633,0.90912133,0.88060904,0.63020366,27610.412,2.2194633,1.0110104,0.042341158,0.5188434,0.0
2596,5.103744,1.2195271,1.2295333,0.7048579,27610.412,5.103744,1.0110104,0.04291177,0.52583563,0.0
2597,4.827038,1.189748,1.1620954,0.7228338,27610.412,4.827038,1.0110104,0.039486926,0.483868,0.0
2598,4.738447,1.1802139,1.1489328,0.7012548,27610.412,4.738447,1.0110104,0.048438016,0.5935536,0.0
2599,4.1205363,1.1137145,1.1146333,0.7292003,27610.412,4.1205363,1.0110104,0.0469753,0.57562965,0.0
2600,5.1114073,1.2203518,1.2494627,0.6849804,27610.412,5.1114073,1.0110104,0.04365391,0.5349297,0.0
2601,4.39521,1.1432748,1.1850417,0.6214905,27610.412,4.39521,1.0110104,0.036954932,0.45284125,0.0
2602,4.210259,1.1233704,1.2354559,0.7336829,27610.412,4.210259,1.0110104,0.03633952,0.4453001,0.0
2603,5.264833,1.2368635,1.2441071,0.7326277,27610.412,5.264833,1.0110104,0.0397176,0.48669466,0.0
2604,2.643475,0.9547534,1.2076464,0.8255729,27610.412,2.643475,1.0110104,0.038970865,0.47754428,0.0
2605,6.0613823,1.322588,1.5119094,0.7328228,27610.412,6.0613823,1.0110104,0.042840198,0.5249586,0.0
2606,3.695825,1.0680071,1.1490388,0.7260321,27610.412,3.695825,1.0110104,0.045056958,0.5521225,0.0
2607,4.870638,1.1944402,1.1359626,0.77100223,27610.412,4.870638,1.0110104,0.04555007,0.5581651,0.0
2608,2.6785834,0.95853174,1.0094234,0.8125988,27610.412,2.6785834,1.0110104,0.06137187,0.7520435,0.0
2609,6.3178887,1.3501931,1.3256958,0.6511389,27610.412,6.3178887,1.0110104,0.06463396,0.7920167,0.0
2610,6.2703524,1.3450773,1.1949999,0.7740301,23744.955,6.2703524,0.6484163,0.036180157,0.44334728,0.0
2611,6.4073744,1.3598236,1.2101941,0.75418985,23744.955,6.4073744,0.6484163,0.051777463,0.63447475,0.0
2612,5.996462,1.3156012,1.2631959,0.7364245,23744.955,5.996462,0.6484163,0.058830425,0.7209009,0.0
2613,3.723443,1.0709794,1.0276335,0.78424305,23744.955,3.723443,0.6484163,0.05230951,0.64099437,0.0
2614,2.072354,0.89328945,1.0598954,0.8736725,23744.955,2.072354,0.6484163,0.05519962,0.6764094,0.0
2615,1.0625415,0.7846136,0.8401234,0.6879074,23744.955,1.0625415,0.6484163,0.04389951,0.53793925,0.0
2616,1.0756931,0.786029,0.9424772,0.71093917,23744.955,1.0756931,0.6484163,0.044374034,0.54375404,0.0
2617,1.3938735,0.8202715,0.83851683,0.6455824,23744.955,1.3938735,0.6484163,0.039963048,0.48970234,0.0
2618,2.303461,0.91816115,0.8039229,0.90803593,22640.53,2.303461,0.5448171,0.06456165,0.79113066,0.0
2619,2.8714979,0.97929317,0.96966666,0.7964336,22640.53,2.8714979,0.5448171,0.05475914,0.67101187,0.0
2620,4.349039,1.1383059,0.9971877,0.79876214,16566.244,4.349039,0.0,0.053148936,0.65128064,0.0
2621,1.1693426,0.79610753,0.7358415,0.746384,16566.244,1.1693426,0.0,0.046105854,0.56497556,0.0
2622,1.2421455,0.80394256,0.7498567,0.72423786,16566.244,1.2421455,0.0,0.057233203,0.70132875,0.0
2623,0.66843796,0.74220026,0.63787633,0.5081642,16566.244,0.66843796,0.0,0.0559206,0.68524426,0.0
2624,1.0554335,0.78384864,0.81764126,0.68439406,16566.244,1.0554335,0.0,0.055785485,0.68358856,0.0
2625,0.90964884,0.76815933,0.7153956,0.5382125,16566.244,0.90964884,0.0,0.04393322,0.5383524,0.0
2626,2.295292,0.917282,0.7956493,0.7824028,16566.244,2.295292,0.0,0.044784937,0.5487892,0.0
2627,0.9889306,0.7766916,0.68041015,0.47382113,16566.244,0.9889306,0.0,0.052419778,0.6423456,0.0
2628,1.1709958,0.79628545,0.74805725,0.64428693,16566.244,1.1709958,0.0,0.03882525,0.47575992,0.0
2629,0.60939866,0.73584646,0.70346916,0.6240362,16566.244,0.60939866,0.0,0.047220167,0.5786302,0.0
2630,1.095446,0.7881548,0.7946655,0.6177505,16566.244,1.095446,0.0,0.047872376,0.5866223,0.0
2631,0.9222211,0.76951236,0.75346434,0.84125173,16566.244,0.9222211,0.0,0.045128807,0.55300295,0.0
2632,0.71658087,0.7473814,0.72029513,0.80367464,16566.244,0.71658087,0.0,0.04949612,0.60651946,0.0
2633,1.2180417,0.8013485,0.75349706,0.65903574,16566.244,1.2180417,0.0,0.045324832,0.555405,0.0
2634,1.6206871,0.84468114,0.69226986,0.6729271,16566.244,1.6206871,0.0,0.04732148,0.57987165,0.0
2635,0.42100406,0.71557146,1.1055579,0.71631235,16566.244,0.42100406,0.0,0.042074297,0.5155733,0.0
2636,0.63171864,0.7382485,0.68110675,0.44227302,16566.244,0.63171864,0.0,0.04639814,0.5685572,0.0
2637,1.4194577,0.82302487,0.70229447,0.5641803,28162.62,1.4194577,1.0628095,0.045743518,0.56053555,0.0
2638,1.6161695,0.84419495,0.76114565,0.47354293,28162.62,1.6161695,1.0628095,0.041205958,0.5049328,0.0
2639,1.971551,0.88244104,0.7437189,0.50566673,28162.62,1.971551,1.0628095,0.048787966,0.59784186,0.0
2640,2.0230336,0.8879816,0.8393216,0.4749565,28162.62,2.0230336,1.0628095,0.03949297,0.48394206,0.0
2641,2.4016871,0.9287322,0.82117015,0.46353698,28162.62,2.4016871,1.0628095,0.04829431,0.59179264,0.0
2642,1.6722456,0.85022986,0.9511401,0.6541093,28162.62,1.6722456,1.0628095,0.05644276,0.69164276,0.0
2643,0.85024756,0.63580847,0.9816385,0.56633633,28162.62,0.0,1.0628095,0.056845993,0.6965839,0.0
2644,1.2704098,0.80698436,0.9922874,0.65769106,28162.62,1.2704098,1.0628095,0.053666916,0.6576279,0.0
2645,1.7085086,0.8541325,1.0077978,0.76176965,28162.62,1.7085086,1.0628095,0.052365992,0.6416865,0.0
2646,2.2952635,0.91727895,1.0653604,0.76176965,28162.62,2.2952635,1.0628095,0.049027946,0.6007825,0.0
2647,1.6780483,0.85085434,0.9864166,0.78304464,28162.62,1.6780483,1.0628095,0.050529126,0.6191778,0.0
2648,0.9298022,0.7703282,0.9621409,0.76597005,28162.62,0.9298022,1.0628095,0.057508983,0.7047081,0.0
2649,0.85024756,0.73219746,0.98414075,0.78423774,28162.62,0.5754923,1.0628095,0.051710982,0.63366014,0.0
2650,2.3437698,0.9224992,0.9282815,0.8209853,28162.62,2.3437698,1.0628095,0.052252077,0.6402906,0.0
2651,3.933648,1.0936016,1.2124474,0.8132881,28162.62,3.933648,1.0628095,0.05749539,0.70454156,0.0
2652,6.3628764,1.3550347,1.4630921,0.82399154,28162.62,6.3628764,1.0628095,0.04867745,0.5964876,0.0
2653,5.062568,1.2150958,1.5817091,0.6668642,24849.367,5.062568,0.7520142,0.051074363,0.6258591,0.0
2654,4.0751886,1.1088341,1.5025269,0.73952335,24849.367,4.0751886,0.7520142,0.044737335,0.5482059,0.0
2655,6.8237147,1.4046301,1.5829225,0.6736028,24849.367,6.8237147,0.7520142,0.04220192,0.5171372,0.0
2656,3.10576,1.0045044,1.5451269,0.80416423,24849.367,3.10576,0.7520142,0.052623205,0.6448384,0.0
2657,4.336651,1.1369727,1.5531106,0.6812323,24849.367,4.336651,0.7520142,0.06402394,0.7845416,0.0
2658,4.5001864,1.1545724,1.4628894,0.637828,24849.367,4.5001864,0.7520142,0.04453068,0.54567355,0.0
2659,7.553336,1.4831518,1.5225769,0.54231304,24849.367,7.553336,0.7520142,0.052861188,0.6477546,0.0
2660,8.865357,1.6243513,1.6015025,0.5171685,23744.955,8.865357,0.6484163,0.045795154,0.56116825,0.0
2661,5.1286206,1.2222043,1.4898647,0.72637224,23744.955,5.1286206,0.6484163,0.043254305,0.530033,0.0
2662,4.3151097,1.1346544,1.416283,0.66931283,7.6121106,4.3151097,0.0,0.041197296,0.50482666,0.0
2663,3.070621,1.0007228,1.2599893,0.6369337,3.46881,3.070621,0.0,0.036941454,0.4526761,0.0
2664,4.5517883,1.1601257,1.2126707,0.58046633,2.2161837,4.5517883,0.0,0.050259907,0.6158788,0.0
2665,2.967442,0.98961866,0.9735712,0.57413286,2.2161837,2.967442,0.0,0.051598463,0.6322813,0.0
2666,2.274033,0.9149941,0.90890896,0.56904995,2.2161837,2.274033,0.0,0.052713323,0.6459427,0.0
2667,2.0742953,0.89349836,0.97706056,0.55137235,2.2161837,2.0742953,0.0,0.047831997,0.5861275,0.0
2668,1.8169502,0.86580294,1.0385832,0.70222306,2.2161837,1.8169502,0.0,0.052066296,0.6380141,0.0
2669,3.1190825,1.0059382,0.9890237,0.4958686,0.67449075,3.1190825,0.0,0.041608866,0.50987,0.0
2670,0.34231272,0.7071027,0.7309469,0.5953175,0.67449075,0.34231272,0.0,0.046131887,0.56529456,0.0
2671,0.0,0.6085207,0.7198632,0.6205853,0.67449075,0.0,0.0,0.051372077,0.6295072,0.0
2672,0.86455095,0.7633059,0.730223,0.58788574,0.67449075,0.86455095,0.0,0.05717346,0.7005967,0.0
2673,1.3384862,0.8143107,0.7462343,0.7505487,0.67449075,1.3384862,0.0,0.045557078,0.5582509,0.0
2674,1.35308,0.8158813,1.3552945,0.6467271,0.67449075,1.35308,0.0,0.04206423,0.51545,0.0
2675,1.9428252,0.8793496,0.8282236,0.7711099,2.2161837,1.9428252,0.0,0.059826076,0.7331015,0.0
2676,0.24313025,0.6964287,0.6902448,0.5226384,2.2161837,0.24313025,0.0,0.05583485,0.6841935,0.0
2677,1.8677328,0.87126815,0.89608264,0.6252106,5.1068583,1.8677328,0.0,0.052231662,0.64004046,0.0
2678,2.4141192,0.93007016,0.8952044,0.50392145,16566.244,2.4141192,0.0,0.05051305,0.6189808,0.0
2679,2.3996234,0.9285101,0.8562609,0.5606918,16566.244,2.3996234,0.0,0.05109245,0.6260807,0.0
2680,2.4264593,0.9313982,0.97651553,0.49410895,16566.244,2.4264593,0.0,0.053287633,0.6529802,0.0
2681,2.6488414,0.9553309,0.9489528,0.5633656,16566.244,2.6488414,0.0,0.053758334,0.6587481,0.0
2682,2.9482806,0.9875565,0.9138768,0.6576177,16566.244,2.9482806,0.0,0.05960202,0.7303559,0.0
2683,3.1944396,1.0140481,0.9193526,0.6576177,16566.244,3.1944396,0.0,0.05606543,0.687019,0.0
2684,2.798313,0.971417,0.9267974,0.65647537,16566.244,2.798313,0.0,0.054472856,0.6675038,0.0
2685,3.3473494,1.0305042,0.89757097,0.65761775,16566.244,3.3473494,0.0,0.060010467,0.735361,0.0
2686,2.989217,0.9919621,0.89675313,0.68448615,16566.244,2.989217,0.0,0.055418722,0.6790943,0.0
2687,2.983142,0.9913083,0.8776864,0.7101163,16566.244,2.983142,0.0,0.056940258,0.697739,0.0
2688,2.585106,0.9484717,0.97236514,0.72545576,28162.62,2.585106,1.0628095,0.056380957,0.6908854,0.0
2689,1.6775653,0.85080236,0.8802087,0.7326332,28162.62,1.6775653,1.0628095,0.0638654,0.7825989,0.0
2690,1.4619547,0.8275984,0.83132297,0.68377435,28162.62,1.4619547,1.0628095,0.05392243,0.6607589,0.0
2691,1.1856678,0.79786444,0.8860649,0.7209517,28162.62,1.1856678,1.0628095,0.057198033,0.70089775,0.0
2692,1.0440602,0.78262466,0.8161129,0.7330251,28162.62,1.0440602,1.0628095,0.05584265,0.68428904,0.0
2693,0.85024756,0.6913897,1.2327273,0.65375966,28162.62,0.19630769,1.0628095,0.058964208,0.72254026,0.0
2694,0.85024756,0.69583106,0.6658816,0.6011495,28162.62,0.23757686,1.0628095,0.047058757,0.5766523,0.0
2695,0.85024756,0.7148914,0.8266021,0.7547751,28162.62,0.41468468,1.0628095,0.055049043,0.6745643,0.0
2696,0.85024756,0.62649393,0.63699806,0.59016615,28162.62,0.0,1.0628095,0.050226003,0.6154634,0.0
2697,0.85024756,0.6194035,0.6623693,0.5354745,28162.62,0.0,1.0628095,0.050090447,0.61380225,0.0
2698,0.85024756,0.6235893,0.74170357,0.5354745,28162.62,0.0,1.0628095,0.04416505,0.5411932,0.0
2699,1.4325145,0.82443005,0.929431,0.5114164,28162.62,1.4325145,1.0628095,0.043902203,0.5379723,0.0
2700,1.0216672,0.7802147,0.97132903,0.64959764,28162.62,1.0216672,1.0628095,0.04685441,0.5741483,0.0
2701,0.85024756,0.7324785,0.9128583,0.7269151,28162.62,0.5781037,1.0628095,0.05137782,0.6295776,0.0
2702,2.529665,0.9425052,0.9711147,0.7063287,28162.62,2.529665,1.0628095,0.055643924,0.6818539,0.0
2703,3.3366215,1.0293497,0.95726156,0.6303336,28162.62,3.3366215,1.0628095,0.06213042,0.76133865,0.0
2704,2.0138128,0.8816027,0.82174534,0.6900487,25401.572,1.9637611,0.8038131,0.08754957,1.0728217,1.0
2705,4.2602043,1.0491369,1.115224,0.7859044,25401.572,3.5204835,0.8038131,0.13059866,1.6003402,1.0
2706,7.456345,1.3477118,1.2959139,0.8372345,25401.572,6.294832,0.8038131,0.12462955,1.5271955,1.0
2707,1.0042189,0.776337,0.9807688,0.6577205,25401.572,0.98563576,0.8038131,0.08600287,1.0538688,1.0
2708,1.5233258,0.8271808,0.9759097,0.69973373,25401.572,1.4580746,0.8038131,0.092041224,1.127862,1.0
2709,3.7203515,1.0706466,1.22555,0.82315904,25401.572,3.7203515,0.8038131,0.06208783,0.76081675,0.0
2710,4.898436,1.1974319,1.2668082,0.75288683,25401.572,4.898436,0.8038131,0.06336074,0.7764149,0.0
2711,0.518733,0.7090188,0.786938,0.6626328,23744.955,0.36011717,0.6484163,0.04935498,0.60479,0.0
2712,0.6935249,0.7449001,0.7036889,0.46247384,23192.75,0.6935249,0.5966174,0.042727005,0.52357155,0.0
2713,0.8137174,0.7578352,0.7141327,0.6350617,7.4193997,0.8137174,0.0,0.043206025,0.5294414,0.0
2714,1.8762293,0.87218255,1.3883181,0.609848,3.3724546,1.8762293,0.0,0.04403923,0.5396514,0.0
2715,1.3848081,0.8192959,1.0862327,0.62916833,2.2161837,1.3848081,0.0,0.049016144,0.6006379,0.0
2716,2.9658673,0.9894492,1.1146796,0.83353376,2.2161837,2.9658673,0.0,0.05622349,0.68895584,0.0
2717,1.0660839,0.78499484,0.83238375,0.71858263,2.2161837,1.0660839,0.0,0.061250202,0.75055254,0.0
2718,1.4509288,0.8264118,1.1743261,0.66111714,2.1198282,1.4509288,0.0,0.045947876,0.5630397,0.0
2719,1.21209,0.800708,0.71804243,0.6860347,4.914147,1.21209,0.0,0.057635665,0.70626044,0.0
2720,1.7887081,0.8627635,0.88876194,0.8374553,16014.038,1.7887081,0.0,0.051623728,0.6325909,0.0
2721,1.7815102,0.8619889,0.9211565,0.80894834,16566.244,1.7815102,0.0,0.06354654,0.7786916,0.0
2722,1.4639547,0.8278136,0.75090426,0.86349887,16566.244,1.4639547,0.0,0.050527845,0.6191621,0.0
2723,1.0914711,0.787727,1.1385278,0.84054863,16566.244,1.0914711,0.0,0.05386111,0.66000754,0.0
2724,0.8501366,0.76175463,0.6820572,0.6437451,16566.244,0.8501366,0.0,0.05292106,0.6484883,0.0
2725,0.7247252,0.7482579,0.692941,0.47665253,16566.244,0.7247252,0.0,0.050108448,0.61402285,0.0
2726,0.35842073,0.70883626,0.6866081,0.6039456,16566.244,0.35842073,0.0,0.050391734,0.6174942,0.0
2727,1.2442806,0.80417234,0.81324404,0.8251019,16566.244,1.2442806,0.0,0.058814242,0.7207026,0.0
2728,1.543242,0.8363465,0.88261527,0.81277555,16566.244,1.543242,0.0,0.05728874,0.70200926,0.0
2729,1.501275,0.83183,0.7747285,0.72028923,16566.244,1.501275,0.0,0.038546313,0.47234184,0.0
2730,1.4192904,0.82300687,0.7383359,0.6555972,16566.244,1.4192904,0.0,0.05820397,0.7132244,0.0
2731,1.3436154,0.8148627,0.7524426,0.600486,16566.244,1.3436154,0.0,0.05403325,0.6621169,0.0
2732,0.90548563,0.7677113,0.73265725,0.5656866,16566.244,0.90548563,0.0,0.05234921,0.64148086,0.0
2733,1.4635764,0.8277729,0.7391931,0.59951764,28162.62,1.4635764,1.0628095,0.055406544,0.67894506,0.0
2734,1.5089834,0.8326596,0.77473634,0.5502274,28162.62,1.5089834,1.0628095,0.054856416,0.6722039,0.0
2735,1.9024788,0.8750075,0.88734055,0.5546797,28162.62,1.9024788,1.0628095,0.054764777,0.67108095,0.0
2736,1.6940311,0.8525744,0.8005377,0.65769106,28162.62,1.6940311,1.0628095,0.057919256,0.7097356,0.0
2737,0.85024756,0.698575,0.87679756,0.56633633,28162.62,0.26307362,1.0628095,0.054460417,0.66735137,0.0
2738,0.94345444,0.7717975,0.883926,0.65769106,28162.62,0.94345444,1.0628095,0.056687698,0.69464415,0.0
2739,0.85024756,0.5504038,0.90361434,0.6599101,28162.62,0.0,1.0628095,0.059797365,0.7327497,0.0
2740,0.85024756,0.75913155,0.9079744,0.7932244,28162.62,0.82576305,1.0628095,0.059335247,0.7270869,0.0
2741,0.85024756,0.73874086,0.79674435,0.79063016,28162.62,0.63629335,1.0628095,0.05674639,0.6953634,0.0
2742,1.1717818,0.79637,1.0526146,0.78151506,28162.62,1.1717818,1.0628095,0.0653744,0.80108994,0.0
2743,1.9666992,0.8819189,1.0736625,0.73046774,28162.62,1.9666992,1.0628095,0.061734006,0.75648105,0.0
2744,0.85024756,0.6886808,0.96126765,0.7275223,28162.62,0.17113711,1.0628095,0.06721044,0.8235886,0.0
2745,6.4778614,1.3674093,1.4032062,0.4722242,28162.62,6.4778614,1.0628095,0.05377132,0.65890723,0.0
2746,0.85024756,0.70912546,1.2456347,0.721292,28162.62,0.36110798,1.0628095,0.053926002,0.6608027,0.0
2747,6.456256,1.3650842,1.4025698,0.71938276,28162.62,6.456256,1.0628095,0.07199699,0.8822424,0.0
2748,2.0558622,0.8915146,1.3977443,0.7769339,28162.62,2.0558622,1.0628095,0.052489597,0.6432012,0.0
2749,7.1133513,1.4358007,1.4664532,0.70292276,26505.986,7.1133513,0.90741116,0.06679886,0.8185451,0.0
2750,0.72592896,0.7353763,1.2746124,0.8610361,26505.986,0.60502994,0.90741116,0.05739775,0.70334506,0.0
2751,2.0226607,0.8879415,1.1314273,0.76133204,26505.986,2.0226607,0.90741116,0.05409582,0.66288364,0.0
2752,0.93622506,0.77101946,1.3933506,0.84545743,26505.986,0.93622506,0.90741116,0.062101826,0.76098824,0.0
2753,0.72592896,0.72950846,1.1563717,0.80940783,26505.986,0.5505062,0.90741116,0.04911667,0.60186976,0.0
2754,1.3307168,0.8134746,1.2355746,0.76135546,26505.986,1.3307168,0.90741116,0.056981314,0.6982421,0.0
2755,4.15577,1.1175063,1.3064758,0.8270048,8.575665,4.15577,0.0,0.061754495,0.7567321,0.0
2756,0.7713063,0.7532709,1.2711338,0.62351996,3.9505875,0.7713063,0.0,0.046583887,0.5708333,0.0
2757,1.9238966,0.8773125,1.1916012,0.7278446,3.9505875,1.9238966,0.0,0.048316997,0.59207064,0.0
2758,4.8502364,1.1922446,1.2525059,0.5258598,3.9505875,4.8502364,0.0,0.048383534,0.592886,0.0
2759,4.4386845,1.1479535,1.124126,0.4770118,2.2161837,4.4386845,0.0,0.047316283,0.579808,0.0
2760,1.5187088,0.83370626,1.0318849,0.59562325,2.2161837,1.5187088,0.0,0.05990738,0.7340978,0.0
2761,1.2651024,0.8064132,0.99437594,0.5623296,2.2161837,1.2651024,0.0,0.052194573,0.639586,0.0
2762,1.249675,0.8047529,1.0014491,0.5804407,2.2161837,1.249675,0.0,0.047848664,0.5863317,0.0
2763,1.0782983,0.78630936,0.8543881,0.5447674,2.2161837,1.0782983,0.0,0.04094839,0.50177664,0.0
2764,0.43260986,0.7168205,0.68030113,0.5063157,2.2161837,0.43260986,0.0,0.047967933,0.58779323,0.0
2765,0.28247148,0.7006626,0.78709924,0.7425275,2.2161837,0.28247148,0.0,0.04756933,0.5829088,0.0
2766,1.9292699,0.87789077,0.8248182,0.73211634,2.2161837,1.9292699,0.0,0.040374614,0.49474564,0.0
2767,1.4764328,0.8291565,0.8616942,0.64228183,2.2161837,1.4764328,0.0,0.039644014,0.48579293,0.0
2768,1.4385786,0.82508266,0.7433537,0.68658763,2.2161837,1.4385786,0.0,0.05123459,0.62782246,0.0
2769,0.0,0.6393243,0.6148354,0.44311905,5.1068583,0.0,0.0,0.05059817,0.62002385,0.0
2770,2.5121984,0.9406254,0.9283372,0.90706253,16566.244,2.5121984,0.0,0.057375703,0.70307493,0.0
2771,2.6451604,0.9549348,1.0015616,0.724919,16566.244,2.6451604,0.0,0.06061712,0.7427948,0.0
2772,2.0712955,0.89317554,0.83831054,0.6679771,16566.244,2.0712955,0.0,0.058921628,0.7220185,0.0
2773,0.9384621,0.7712602,0.6289135,0.67671984,16566.244,0.9384621,0.0,0.051696923,0.6334878,0.0
2774,1.0441666,0.7826361,0.6470384,0.62809396,16566.244,1.0441666,0.0,0.05203295,0.6376055,0.0
2775,3.2052019,1.0152063,1.1623346,0.5986356,16566.244,3.2052019,0.0,0.07245587,0.8878654,0.0
2776,2.3698094,0.92530155,0.7511898,0.63152266,16566.244,2.3698094,0.0,0.051024687,0.62525034,0.0
2777,1.050353,0.7833019,0.7653926,0.610348,16566.244,1.050353,0.0,0.05439294,0.6665245,0.0
2778,2.3764856,0.92602,0.9863712,0.6932912,16566.244,2.3764856,0.0,0.059140723,0.72470325,0.0
2779,1.4049919,0.82146806,1.08015,0.7042258,16566.244,1.4049919,0.0,0.05509096,0.675078,0.0
2780,1.1111032,0.7898398,1.1631958,0.6429182,16566.244,1.1111032,0.0,0.052761897,0.6465379,0.0
2781,1.5047121,0.83219993,0.76353383,0.7223411,16566.244,1.5047121,0.0,0.05500142,0.6739807,0.0
2782,5.0700526,1.2159013,1.2568954,0.64416254,16566.244,5.0700526,0.0,0.05114469,0.62672085,0.0
2783,2.3561206,0.92382836,0.9411866,0.8166209,16566.244,2.3561206,0.0,0.0514076,0.62994254,0.0
2784,2.273496,0.9149363,1.2773983,0.66015345,16566.244,2.273496,0.0,0.04596092,0.5631996,0.0
2785,2.688217,0.9595685,1.0021331,0.722086,16566.244,2.688217,0.0,0.049682356,0.6088016,0.0
2786,1.2335743,0.8030201,0.8234622,0.60694253,16566.244,1.2335743,0.0,0.059788812,0.73264486,0.0
2787,4.9704185,1.2051786,1.3153446,0.6656313,16566.244,4.9704185,0.0,0.052476928,0.6430459,0.0
2788,2.4538782,0.934349,0.8382081,0.6910051,16566.244,2.4538782,0.0,0.05335265,0.65377694,0.0
2789,4.2194796,1.1243627,1.0473783,0.6117376,16566.244,4.2194796,0.0,0.06245939,0.76536983,0.0
2790,2.900228,0.9823851,1.0940338,0.46315914,16566.244,2.900228,0.0,0.062289342,0.76328605,0.0
2791,1.8860495,0.8732394,1.0728599,0.46936175,16566.244,1.8860495,0.0,0.048109148,0.5895237,0.0
2792,3.923362,1.0924946,1.1500322,0.5585189,28162.62,3.923362,1.0628095,0.057507582,0.70469093,0.0
2793,6.684793,1.3896793,1.362852,0.5820561,28162.62,6.684793,1.0628095,0.07100948,0.87014157,0.0
2794,2.638569,0.9542254,1.1176949,0.52512497,28162.62,2.638569,1.0628095,0.039472226,0.48368788,0.0
2795,2.5957282,0.9496149,1.1010659,0.58343714,28162.62,2.5957282,1.0628095,0.046212193,0.56627864,0.0
2796,2.6547756,0.9559696,0.9709051,0.76924366,28162.62,2.6547756,1.0628095,0.049395483,0.60528624,0.0
2797,1.14898,0.7939161,1.2328311,0.6520199,28162.62,1.14898,1.0628095,0.06123021,0.75030756,0.0
2798,0.85024756,0.71029216,1.183082,0.6859246,28162.62,0.37194893,1.0628095,0.06526034,0.79969233,0.0
2799,1.6535822,0.8482213,0.9707084,0.77914065,28162.62,1.6535822,1.0628095,0.0704364,0.8631191,0.0
2800,0.85024756,0.7507061,0.9272205,0.74563485,28162.62,0.7474738,1.0628095,0.06175009,0.75667816,0.0
2801,2.6365857,0.954012,1.2587377,0.71571696,28162.62,2.6365857,1.0628095,0.041668493,0.5106007,0.0
2802,2.2722707,0.91480446,0.7790073,0.62783194,28162.62,2.2722707,1.0628095,0.053417526,0.6545719,0.0
2803,3.4306111,1.0394648,0.9547461,0.7288699,28162.62,3.4306111,1.0628095,0.04057186,0.49716267,0.0
2804,1.0442475,0.7826448,0.67120606,0.7130365,28162.62,1.0442475,1.0628095,0.049241953,0.60340494,0.0
2805,0.85024756,0.67656547,0.6940865,0.6269398,28162.62,0.05856158,1.0628095,0.045658655,0.5594956,0.0
2806,0.85024756,0.7155846,0.77188087,0.60096705,28162.62,0.4211259,1.0628095,0.048944537,0.5997604,0.0
2807,0.85024756,0.7303704,0.8752413,0.61555964,28162.62,0.5585153,1.0628095,0.04773477,0.5849361,0.0
2808,2.1488605,0.90152305,0.92600304,0.5220979,24297.16,2.1488605,0.70021516,0.046751693,0.57288957,0.0
2809,1.0534756,0.78363794,0.9271814,0.56698745,23744.955,1.0534756,0.6484163,0.04524263,0.5543977,0.0
2810,0.518733,0.7202779,0.96142954,0.66958046,23744.955,0.46473616,0.6484163,0.051230222,0.62776893,0.0
2811,1.7948823,0.863428,0.8893052,0.7003649,23744.955,1.7948823,0.6484163,0.047670446,0.5841479,0.0
2812,0.8283855,0.7594138,0.89401054,0.69483656,23744.955,0.8283855,0.6484163,0.05435134,0.66601473,0.0
2813,1.0919938,0.78778327,0.83421254,0.65851516,23744.955,1.0919938,0.6484163,0.054468222,0.667447,0.0
2814,2.2287812,0.90940744,0.86461097,0.67322886,23744.955,2.2221217,0.6484163,0.08230559,1.0085627,1.0
2815,1.4846369,0.83003944,0.85378724,0.6447557,23192.75,1.4846369,0.5966174,0.044615537,0.5467134,0.0
2816,1.5924633,0.8416437,0.84143895,0.6085034,23192.75,1.5924633,0.5966174,0.045714565,0.5601807,0.0
2817,1.4459376,0.8258746,0.8144272,0.6130583,16566.244,1.4459376,0.0,0.05100816,0.6250478,0.0
2818,1.6793243,0.85099167,0.8842878,0.6983367,16566.244,1.6793243,0.0,0.07341532,0.8996224,0.0
2819,2.437712,0.9326092,1.2090573,0.6170233,16566.244,2.437712,0.0,0.038163647,0.4676527,0.0
2820,3.3376417,1.0294595,1.123333,0.6239389,16566.244,3.3376417,0.0,0.048486594,0.5941489,0.0
2821,2.1002793,0.8962948,0.9525463,0.6741773,16566.244,2.1002793,0.0,0.07576128,0.9283696,0.0
2822,1.8345553,0.8676976,1.1923044,0.5523877,16566.244,1.8345553,0.0,0.0444609,0.54481846,0.0
2823,3.9530702,1.0956918,1.1979243,0.5451516,16566.244,3.9530702,0.0,0.04010136,0.4913972,0.0
2824,3.5344536,1.0506403,1.0566368,0.62917024,16566.244,3.5344536,0.0,0.05005915,0.61341876,0.0
2825,2.883184,0.9805508,1.0187203,0.66800016,16566.244,2.883184,0.0,0.06946668,0.8512363,0.0
2826,1.706795,0.85394806,1.1235155,0.60410225,16566.244,1.706795,0.0,0.044838015,0.5494396,0.0
2827,3.9048393,1.0905012,0.94354606,0.6665768,16566.244,3.9048393,0.0,0.056664627,0.69436145,0.0
2828,2.84904,0.97687626,1.1126693,0.64457613,16566.244,2.84904,0.0,0.046044458,0.56422323,0.0
2829,1.4492313,0.8262291,0.7810373,0.5580074,16566.244,1.4492313,0.0,0.052150894,0.6390507,0.0
2830,4.1663213,1.1186419,1.0077709,0.6177006,16566.244,4.1663213,0.0,0.062278945,0.7631586,0.0
2831,1.9750701,0.8828198,0.89970994,0.66163933,16566.244,1.9750701,0.0,0.053236514,0.6523538,0.0
2832,1.6999168,0.8532078,0.7849107,0.60253924,16566.244,1.6999168,0.0,0.055480234,0.6798481,0.0
2833,1.7234868,0.8557444,0.80790854,0.36526582,16566.244,1.7234868,0.0,0.053001218,0.6494705,0.0
2834,4.2296877,1.1254613,1.071555,0.5624802,16566.244,4.2296877,0.0,0.06298571,0.7718193,0.0
2835,2.1905317,0.9060077,0.8804253,0.29647258,16566.244,2.1905317,0.0,0.05531621,0.67783815,0.0
2836,2.0811965,0.8942411,0.88776225,0.30396396,16566.244,2.0811965,0.0,0.055703625,0.6825855,0.0
2837,2.229639,0.91021645,0.8619192,0.4412958,16566.244,2.229639,0.0,0.05641002,0.69124156,0.0
2838,1.3848901,0.8193047,0.8284408,0.7969688,16566.244,1.3848901,0.0,0.07192083,0.8813091,0.0
2839,2.3080966,0.91866004,0.84885806,0.5884247,16566.244,2.3080966,0.0,0.05624249,0.68918866,0.0
2840,4.0268865,1.1036359,1.1559261,0.45116448,28162.62,4.0268865,1.0628095,0.06121024,0.7500629,0.0
2841,2.625345,0.9270926,0.73842406,0.81822157,28162.62,2.386452,1.0628095,0.10494726,1.286011,1.0
2842,2.1191685,0.8872494,0.7777145,0.67023855,28162.62,2.01623,1.0628095,0.09351088,1.145871,1.0
2843,3.3316734,1.0288172,0.9412913,0.7601909,28162.62,3.3316734,1.0628095,0.049586155,0.60762274,0.0
2844,2.182862,0.9051823,0.9546375,0.78838396,28162.62,2.182862,1.0628095,0.04901884,0.60067093,0.0
2845,1.6952562,0.85270625,0.921111,0.5706465,28162.62,1.6952562,1.0628095,0.040839784,0.5004458,0.0
2846,4.1123395,1.1128323,1.0254536,0.7596414,28162.62,4.1123395,1.0628095,0.047899686,0.586957,0.0
2847,3.6347415,1.0614333,1.0936053,0.7506596,28162.62,3.6347415,1.0628095,0.06083198,0.7454277,0.0
2848,3.6326823,1.0612117,1.0277663,0.77431345,28162.62,3.6326823,1.0628095,0.071523026,0.8764345,0.0
2849,4.159876,1.1179482,1.0955178,0.7161802,28162.62,4.159876,1.0628095,0.052166685,0.63924426,0.0
2850,4.115743,1.1131986,1.2074019,0.7109742,28162.62,4.115743,1.0628095,0.06921711,0.8481781,0.0
2851,5.419891,1.2535508,1.4121351,0.69911134,28162.62,5.419891,1.0628095,0.041380234,0.5070684,0.0
2852,7.0066996,1.4243228,1.5170745,0.43761796,28162.62,7.0066996,1.0628095,0.04779997,0.5857351,0.0
2853,6.690205,1.3902618,1.5265379,0.45409054,28162.62,6.690205,1.0628095,0.057429533,0.7037346,0.0
2854,4.280131,1.13089,1.4810122,0.6888499,28162.62,4.280131,1.0628095,0.068532966,0.8397947,0.0
2855,0.85024756,0.73722374,1.04094,0.6755265,28162.62,0.6221964,1.0628095,0.06938788,0.8502707,0.0
2856,0.56017214,0.7246338,0.8624854,0.5270912,24297.16,0.5052111,0.70021516,0.06878334,0.8428627,0.0
2857,4.9399137,1.2018957,1.5388343,0.57660234,24297.16,4.9399137,0.70021516,0.07165652,0.8780703,0.0
2858,1.6994637,0.85315907,0.95835894,0.38537097,24297.16,1.6994637,0.70021516,0.04818074,0.59040093,0.0
2859,2.142378,0.90082544,0.950031,0.57996607,23744.955,2.142378,0.6484163,0.058233526,0.71358657,0.0
2860,1.7807732,0.86190957,0.9398431,0.5025867,23744.955,1.7807732,0.6484163,0.05945322,0.72853255,0.0
2861,1.6011165,0.84257495,0.8675749,0.50486106,23744.955,1.6011165,0.6484163,0.05222408,0.6399476,0.0
2862,1.9979416,0.8852812,0.86939234,0.37977484,23744.955,1.9979416,0.6484163,0.046066217,0.56448984,0.0
2863,2.3264158,0.9206315,0.8781866,0.37977484,23192.75,2.3264158,0.5966174,0.05098356,0.6247464,0.0
2864,2.5238497,0.94187933,0.90675306,0.37977484,7.4193997,2.5238497,0.0,0.050140064,0.6144103,0.0
2865,2.900511,0.98241556,0.8904811,0.5226987,3.2760966,2.900511,0.0,0.04346528,0.5326183,0.0
2866,3.0802157,1.0017554,0.8941359,0.59635055,0.67449075,3.0802157,0.0,0.06763518,0.8287933,0.0
2867,3.0277262,0.99610645,0.8945698,0.51151323,0.67449075,3.0277262,0.0,0.08065034,0.98827946,0.0
2868,3.1681907,1.0112232,0.86472374,0.49689713,0.67449075,3.1681907,0.0,0.058637492,0.71853673,0.0
2869,3.559319,1.0533164,1.0235955,0.39222005,0.67449075,3.559319,0.0,0.051098935,0.62616014,0.0
2870,3.3329594,1.0289556,0.9518287,0.4782473,0.67449075,3.3329594,0.0,0.046046413,0.5642472,0.0
2871,1.5654639,0.838738,0.9568483,0.64363843,0.67449075,1.5654639,0.0,0.063859925,0.7825318,0.0
2872,2.9712675,0.99003035,0.945834,0.74912965,5.1068583,2.9712675,0.0,0.051614862,0.6324823,0.0
2873,3.4511387,1.041674,0.97187865,0.74154705,16566.244,3.4511387,0.0,0.06745581,0.82659537,0.0
2874,6.8864956,1.4113865,1.3886164,0.5391981,16566.244,6.8864956,0.0,0.07255783,0.88911486,0.0
2875,7.3353653,1.4596938,1.3906312,0.56388056,16566.244,7.3353653,0.0,0.060259305,0.73841023,0.0
2876,6.8506703,1.407531,1.3805641,0.53048515,16566.244,6.8506703,0.0,0.048011735,0.58833,0.0
2877,4.3036084,1.1334167,1.3662815,0.58093333,16566.244,4.3036084,0.0,0.04996315,0.6122424,0.0
2878,3.896382,1.089591,1.0421557,0.7233683,16566.244,3.896382,0.0,0.07089905,0.86878836,0.0
2879,5.626054,1.275738,1.3909856,0.55426604,16566.244,5.626054,0.0,0.070936635,0.8692489,0.0
2880,5.1095552,1.2201525,1.3606473,0.5519625,16566.244,5.1095552,0.0,0.06321823,0.7746685,0.0
2881,6.4595556,1.3654393,1.4769377,0.5569006,16566.244,6.4595556,0.0,0.06288218,0.7705506,0.0
2882,6.670423,1.3881328,1.4911599,0.5569006,16566.244,6.670423,0.0,0.058698226,0.71928096,0.0
2883,6.8300242,1.4053091,1.3898209,0.56241953,16566.244,6.8300242,0.0,0.057650026,0.70643646,0.0
2884,7.0831723,1.4325528,1.4091238,0.56241953,16566.244,7.0831723,0.0,0.05960593,0.73040384,0.0
2885,6.7621074,1.3979999,1.5377468,0.5569006,16566.244,6.7621074,0.0,0.06299528,0.7719365,0.0
2886,7.5351357,1.4811931,1.5325588,0.5569006,16566.244,7.5351357,0.0,0.06039358,0.7400556,0.0
2887,6.6154284,1.3822143,1.5187613,0.5569006,16566.244,6.6154284,0.0,0.061742973,0.7565909,0.0
2888,7.59466,1.487599,1.5206922,0.5569006,16566.244,7.59466,0.0,0.057909522,0.70961624,0.0
2889,7.9488225,1.5257139,1.5220386,0.5359717,16566.244,7.9488225,0.0,0.05767783,0.70677716,0.0
2890,7.954279,1.5263011,1.471847,0.56472504,28714.828,7.954279,1.1146086,0.053089652,0.6505542,0.0
2891,8.150527,1.5474213,1.5243248,0.5438423,28714.828,8.150527,1.1146086,0.05447437,0.6675223,0.0
2892,8.110464,1.5431098,1.519388,0.6167255,28714.828,8.110464,1.1146086,0.06476553,0.79362893,0.0
2893,3.5371366,1.0281954,1.3770831,0.7609763,28714.828,3.3258955,1.1146086,0.0964159,1.1814687,1.0
2894,4.857205,1.1652058,1.3313648,0.7866065,28714.828,4.5989923,1.1146086,0.09469781,1.1604155,1.0
2895,6.0378857,1.2402805,1.3290294,0.7451308,28714.828,5.296584,1.1146086,0.11423984,1.3998812,1.0
2896,6.8490224,1.4073536,1.3848788,0.7396442,28714.828,6.8490224,1.1146086,0.05448583,0.6676628,0.0
2897,5.0053005,1.2089326,1.367061,0.68530405,28714.828,5.0053005,1.1146086,0.049742363,0.6095369,0.0
2898,2.1578271,0.90248805,1.1111089,0.47618964,28714.828,2.1578271,1.1146086,0.049071673,0.60131836,0.0
2899,6.5938563,1.3798927,1.3677138,0.6983158,28714.828,6.5938563,1.1146086,0.06474997,0.7934383,0.0
2900,6.00902,1.3169527,1.3885099,0.66276324,28714.828,6.00902,1.1146086,0.049331672,0.60450435,0.0
2901,0.8916869,0.722331,1.4175519,0.7722878,28714.828,0.48381335,1.1146086,0.053165186,0.6514798,0.0
2902,5.151872,1.2247066,1.2854558,0.7138926,28714.828,5.151872,1.1146086,0.081226006,0.9953336,0.0
2903,4.129944,1.1147269,1.474717,0.71778315,28714.828,4.129944,1.1146086,0.047915194,0.587147,0.0
2904,7.0565677,1.4296896,1.5862366,0.46768656,28714.828,7.0565677,1.1146086,0.05340568,0.65442675,0.0
2905,8.500262,1.5850598,1.6466062,0.4048439,28714.828,8.500262,1.1146086,0.05085833,0.6232118,0.0
2906,0.56017214,0.7280106,0.946194,0.40978134,24297.16,0.5365881,0.70021516,0.056489952,0.69222105,0.0
2907,3.0930972,1.0031416,1.0353456,0.5141849,24297.16,3.0930972,0.70021516,0.06331115,0.7758072,0.0
2908,3.1178517,1.0058057,1.0956751,0.6666499,24297.16,3.1178517,0.70021516,0.06507288,0.79739517,0.0
2909,4.4230714,1.1462733,1.5866216,0.544914,24297.16,4.4230714,0.70021516,0.06845562,0.8388469,0.0
2910,1.0626568,0.784626,1.0579854,0.6940536,24297.16,1.0626568,0.70021516,0.06574979,0.80568993,0.0
2911,0.56017214,0.6545621,0.7556534,0.48250496,24297.16,0.0,0.70021516,0.059961032,0.7347552,0.0
2912,0.518733,0.67603475,0.7224012,0.39395362,23744.955,0.053630147,0.6484163,0.06519748,0.79892206,0.0
2913,3.231103,1.0179938,1.1103811,0.42908826,23192.75,3.231103,0.5966174,0.06138723,0.75223166,0.0
2914,0.47729394,0.7062891,0.83762676,0.45761934,23192.75,0.33475274,0.5966174,0.06587036,0.8071674,0.0
2915,0.47729394,0.7092812,0.7370429,0.47015128,23192.75,0.36255518,0.5966174,0.055798303,0.6837456,0.0
2916,0.66854316,0.7422116,0.68093044,0.38133755,16566.244,0.66854316,0.0,0.054218363,0.66438526,0.0
2917,1.0449094,0.78271604,0.7934016,0.49440366,16566.244,1.0449094,0.0,0.07734437,0.94776857,0.0
2918,0.8646783,0.7633196,0.68457913,0.48317885,16566.244,0.8646783,0.0,0.059414227,0.72805476,0.0
2919,1.6763009,0.8506663,0.7953611,0.4960683,16566.244,1.6763009,0.0,0.06871128,0.84197974,0.0
2920,1.4326332,0.8244428,0.7752799,0.45822293,16566.244,1.4326332,0.0,0.07030942,0.86156315,0.0
2921,0.66308504,0.7416242,0.64488393,0.47871152,16566.244,0.66308504,0.0,0.06181957,0.7575295,0.0
2922,1.0298043,0.78109044,0.6443613,0.49388248,16566.244,1.0298043,0.0,0.07068383,0.8661511,0.0
2923,1.3611678,0.8167517,0.7222344,0.37445566,16566.244,1.3611678,0.0,0.06465204,0.7922383,0.0
2924,0.9217642,0.7694632,0.7349254,0.5965559,16566.244,0.9217642,0.0,0.056450523,0.6917379,0.0
2925,0.81107175,0.7575505,0.6792915,0.47009563,16566.244,0.81107175,0.0,0.06759783,0.8283356,0.0
2926,0.9351728,0.7709062,0.7469786,0.47381118,16566.244,0.9351728,0.0,0.081235096,0.995445,0.0
2927,1.6415881,0.8469305,0.6837789,0.71406823,16566.244,1.6415881,0.0,0.06412322,0.7857582,0.0
2928,2.4333155,0.93213606,1.1180515,0.70697385,16566.244,2.4333155,0.0,0.059901364,0.73402405,0.0
2929,1.3505507,0.8156091,0.7798635,0.40476844,16566.244,1.3505507,0.0,0.07780743,0.95344275,0.0
2930,1.9785726,0.8831967,0.91318333,0.5614844,16566.244,1.9785726,0.0,0.059958935,0.7347295,0.0
2931,1.6140393,0.8439657,1.0259538,0.5845778,16566.244,1.6140393,0.0,0.057522353,0.70487195,0.0
2932,3.5681007,1.0542614,1.0172079,0.662025,16566.244,3.5681007,0.0,0.07531012,0.9228411,0.0
2933,4.352289,1.1386557,1.1142908,0.5113503,16566.244,4.352289,0.0,0.067981176,0.8330331,0.0
2934,3.4508867,1.0059943,0.7657048,0.80978227,16566.244,3.119604,0.0,0.106367186,1.3034106,1.0
2935,2.8393033,0.9137165,0.83065236,0.7766881,16566.244,2.2621615,0.0,0.14109318,1.7289387,1.0
2936,2.3158157,0.91949075,0.8398007,0.70593107,16566.244,2.3158157,0.0,0.0669202,0.820032,0.0
2937,2.7298644,0.9640506,0.86552894,0.65545756,16566.244,2.7298644,0.0,0.06433376,0.78833807,0.0
2938,2.4549675,0.93446624,0.90225357,0.7017849,16566.244,2.4549675,0.0,0.06450653,0.7904552,0.0
2939,3.2457788,1.0195732,0.90700513,0.65545756,16566.244,3.2457788,0.0,0.064736314,0.79327095,0.0
2940,2.7752204,0.9689318,0.95121455,0.7017849,16566.244,2.7752204,0.0,0.06859628,0.8405705,0.0
2941,3.2355525,1.0184727,0.96587676,0.7017849,16566.244,3.2355525,0.0,0.07190471,0.8811116,0.0
2942,2.631228,0.95343536,0.95024717,0.44915324,16566.244,2.631228,0.0,0.07012336,0.85928315,0.0
2943,2.6812716,0.95882106,0.95861846,0.41108727,16566.244,2.6812716,0.0,0.06685112,0.8191855,0.0
2944,3.5235748,1.0494696,1.1497806,0.6157718,16566.244,3.5235748,0.0,0.07510523,0.92033035,0.0
2945,3.2183623,1.0166227,0.97499865,0.64348567,16566.244,3.2183623,0.0,0.07466796,0.9149721,0.0
2946,3.1087155,1.0048225,1.0088016,0.71914244,16566.244,3.1087155,0.0,0.07769417,0.952055,0.0
2947,3.1730368,1.0117447,0.9756175,0.60325277,16566.244,3.1730368,0.0,0.0648312,0.79443365,0.0
2948,2.8486612,0.9768355,0.9388859,0.50112575,16566.244,2.8486612,0.0,0.057264,0.7017061,0.0
2949,3.2479088,1.0198025,0.98919386,0.5619341,16566.244,3.2479088,0.0,0.06552344,0.8029163,0.0
2950,4.7473254,1.1811694,1.119046,0.7966438,16566.244,4.7473254,0.0,0.07234307,0.8864832,0.0
2951,5.524431,1.2648014,1.232817,0.771151,16566.244,5.524431,0.0,0.07009456,0.8589303,0.0
2952,3.0436366,0.9978187,1.1304383,0.85296136,16566.244,3.0436366,0.0,0.07888439,0.9666398,0.0
2953,2.380605,0.92646337,0.8051572,0.7361954,16566.244,2.380605,0.0,0.063473515,0.77779675,0.0
2954,5.65653,1.2790178,1.2835314,0.7373129,16566.244,5.65653,0.0,0.06850983,0.83951116,0.0
2955,3.9577968,1.0962005,0.9581824,0.714431,16566.244,3.9577968,0.0,0.059139688,0.72469056,0.0
2956,4.340148,1.137349,1.1390436,0.5912114,16566.244,4.340148,0.0,0.061826974,0.7576203,0.0
2957,3.9360218,1.093857,1.0198221,0.7392708,16566.244,3.9360218,0.0,0.05750294,0.7046341,0.0
2958,4.697783,1.1758376,1.1079526,0.7624857,16566.244,4.697783,0.0,0.055785578,0.6835897,0.0
2959,4.4925733,1.153753,1.1119998,0.71395606,16566.244,4.4925733,0.0,0.054703757,0.6703332,0.0
2960,4.3248363,1.1357012,1.1273432,0.7262653,16566.244,4.3248363,0.0,0.05646561,0.6919228,0.0
2961,3.8547761,1.0851134,1.2549392,0.6195087,16566.244,3.8547761,0.0,0.05823284,0.71357816,0.0
2962,3.768753,1.0758556,1.1867313,0.7807385,16566.244,3.768753,0.0,0.06827201,0.8365969,0.0
2963,4.1361537,1.1153952,1.1918744,0.7731151,16566.244,4.1361537,0.0,0.06459218,0.7915048,0.0
2964,4.020503,1.1029489,0.97561306,0.723902,16566.244,4.020503,0.0,0.057522364,0.7048721,0.0
2965,2.3867023,0.92711955,0.84721375,0.8506055,16566.244,2.3867023,0.0,0.067299075,0.8246747,0.0
2966,4.226181,1.1250839,0.944786,0.6833263,16566.244,4.226181,0.0,0.06683138,0.8189436,0.0
2967,2.7344024,0.964539,0.970356,0.732734,16566.244,2.7344024,0.0,0.066361986,0.8131917,0.0
2968,1.1413507,0.79309505,0.8642875,0.72879595,16566.244,1.1413507,0.0,0.055507418,0.68018115,0.0
2969,2.4496133,0.93389004,0.92822754,0.69341815,16566.244,2.4496133,0.0,0.06503721,0.79695815,0.0
2970,4.254631,1.1281457,1.0706716,0.66754156,16566.244,4.254631,0.0,0.07210398,0.8835534,0.0
2971,3.7113605,1.069679,1.0958852,0.6918249,16566.244,3.7113605,0.0,0.07148596,0.87598026,0.0
2972,2.1304367,0.8995403,0.8362571,0.7107655,16566.244,2.1304367,0.0,0.079742536,0.9771554,0.0
2973,2.4427092,0.933147,1.0005705,0.78995514,16566.244,2.4427092,0.0,0.074132346,0.90840876,0.0
2974,3.886589,1.0885371,1.0260657,0.5575848,16566.244,3.886589,0.0,0.07293051,0.8936816,0.0
2975,3.4849033,1.0453078,1.0603603,0.5510167,16566.244,3.4849033,0.0,0.06856362,0.84017026,0.0
2976,3.215725,1.0163388,1.0255055,0.5569006,16566.244,3.215725,0.0,0.056422044,0.6913889,0.0
2977,4.91456,1.1991671,1.1142639,0.7683517,16566.244,4.91456,0.0,0.05303878,0.6499308,0.0
2978,5.3501406,1.1925795,1.3046097,0.7203751,16566.244,4.853348,0.0,0.10547351,1.2924596,1.0
2979,4.5232353,1.1570529,1.0830911,0.575524,16566.244,4.5232353,0.0,0.058560293,0.71759075,0.0
2980,3.140588,1.0082526,1.0576847,0.575524,16566.244,3.140588,0.0,0.058318727,0.7146306,0.0
2981,3.301933,1.0256165,0.995159,0.6245852,16566.244,3.301933,0.0,0.06292432,0.77106696,0.0
2982,3.937494,1.0940155,1.082354,0.55164725,16566.244,3.937494,0.0,0.057905138,0.70956254,0.0
2983,3.5747745,1.0549797,1.120873,0.53048515,16566.244,3.5747745,0.0,0.053223602,0.6521956,0.0
2984,3.4753485,1.0442795,1.2789431,0.671054,16566.244,3.4753485,0.0,0.05929857,0.7266375,0.0
2985,5.00268,1.2086506,1.1277353,0.7375916,28714.828,5.00268,1.1146086,0.07500751,0.919133,0.0
2986,5.2775784,1.2382351,1.2246174,0.7707027,28714.828,5.2775784,1.1146086,0.06359124,0.77923936,0.0
2987,4.647237,1.1703979,1.5153065,0.74349177,28714.828,4.647237,1.1146086,0.04346374,0.5325994,0.0
2988,7.3551874,1.461827,1.5165486,0.6349247,28714.828,7.3551874,1.1146086,0.037611853,0.4608911,0.0
2989,3.864268,1.0861349,1.3211204,0.8058319,28714.828,3.864268,1.1146086,0.047256455,0.57907486,0.0
2990,6.725128,1.3940202,1.4988804,0.6439286,28714.828,6.725128,1.1146086,0.051536858,0.6315264,0.0
2991,6.623159,1.3830463,1.4847773,0.62305224,28714.828,6.623159,1.1146086,0.045790277,0.5611085,0.0
2992,5.114852,1.2207226,1.350896,0.6349247,28714.828,5.114852,1.1146086,0.045316186,0.55529904,0.0
2993,4.2198915,1.124407,1.1794817,0.86118233,28714.828,4.2198915,1.1146086,0.041980542,0.5144245,0.0
2994,4.6329565,1.168861,1.2013483,0.63223016,28714.828,4.6329565,1.1146086,0.03958896,0.48511833,0.0
2995,4.3818145,1.1418332,1.1028414,0.7405964,28714.828,4.3818145,1.1146086,0.045722898,0.5602828,0.0
2996,5.507952,1.2630279,1.3352634,0.53006536,28714.828,5.507952,1.1146086,0.059052173,0.72361815,0.0
2997,6.184358,1.3358226,1.4759043,0.55174804,28714.828,6.184358,1.1146086,0.057451744,0.70400673,0.0
2998,7.2162557,1.4468752,1.5802,0.61081,28714.828,7.2162557,1.1146086,0.047082614,0.57694465,0.0
2999,2.3066711,0.9185066,1.4361892,0.6810523,28714.828,2.3066711,1.1146086,0.045958135,0.5631654,0.0
3000,6.635454,1.3843695,1.4591024,0.4375599,28714.828,6.635454,1.1146086,0.05954173,0.7296171,0.0
3001,6.648658,1.3857905,1.6023083,0.65319496,24297.16,6.648658,0.70021516,0.057312537,0.7023009,0.0
3002,6.6129813,1.381951,1.5015875,0.83652496,24297.16,6.6129813,0.70021516,0.061036352,0.7479321,0.0
3003,5.7913976,1.2935323,1.4764744,0.71510553,24297.16,5.7913976,0.70021516,0.06156901,0.7544592,0.0
3004,3.8869655,1.0885776,1.409498,0.84554404,24297.16,3.8869655,0.70021516,0.062155858,0.7616503,0.0
3005,4.072275,1.1085206,1.1798917,0.760784,23744.955,4.072275,0.6484163,0.067228496,0.82380986,0.0
3006,3.3759046,1.0335773,1.1933087,0.52262115,23744.955,3.3759046,0.6484163,0.069311365,0.8493331,0.0
3007,3.7615485,1.0750803,1.1053809,0.5414995,23744.955,3.7615485,0.6484163,0.056860264,0.6967588,0.0
3008,2.8178647,0.9735212,1.1171286,0.52914083,23744.955,2.8178647,0.6484163,0.06669677,0.8172941,0.0
3009,2.1247625,0.89892966,1.0418802,0.5310175,23192.75,2.1247625,0.5966174,0.07318416,0.89678985,0.0
3010,3.367301,1.0326514,1.0220182,0.46793333,23192.75,3.367301,0.5966174,0.070115134,0.85918236,0.0
3011,2.9625604,0.9890933,0.9238827,0.46418074,23192.75,2.9625604,0.5966174,0.062219054,0.76242477,0.0
3012,2.728941,0.96395123,0.93199396,0.4808275,16566.244,2.728941,0.0,0.054721486,0.67055047,0.0
3013,2.0273054,0.8884413,0.9812767,0.44197863,16566.244,2.0273054,0.0,0.05285494,0.647678,0.0
3014,1.9255619,0.8774917,0.9722957,0.44197866,16566.244,1.9255619,0.0,0.04757459,0.5829733,0.0
3015,2.8714225,0.97928506,0.9238631,0.4806567,16566.244,2.8714225,0.0,0.065282434,0.79996306,0.0
3016,2.1352358,0.9000568,0.88827926,0.46307117,16566.244,2.1352358,0.0,0.04686435,0.57427007,0.0
3017,2.1410944,0.9006873,0.93752015,0.5007284,16566.244,2.1410944,0.0,0.041217733,0.5050771,0.0
3018,2.275816,0.915186,0.8918133,0.49531066,16566.244,2.275816,0.0,0.0350839,0.42991388,0.0
3019,2.120426,0.89846295,0.9090747,0.507882,16566.244,2.120426,0.0,0.061068572,0.7483269,0.0
3020,0.77046883,0.7531808,0.875416,0.63033974,16566.244,0.77046883,0.0,0.041505776,0.50860673,0.0
3021,5.01342,1.2098064,1.1816247,0.58362705,16566.244,5.01342,0.0,0.046292014,0.56725675,0.0
3022,3.3386872,1.029572,1.0456961,0.84739435,16566.244,3.3386872,0.0,0.06300768,0.7720885,0.0
3023,4.397298,1.1434995,1.1047145,0.7453444,16566.244,4.397298,0.0,0.056093287,0.68736035,0.0
3024,1.6747346,0.8504977,0.83047134,0.6411659,16566.244,1.6747346,0.0,0.054902077,0.6727634,0.0
3025,3.195207,1.0141307,1.0767537,0.76061,16566.244,3.195207,0.0,0.054118656,0.6631634,0.0
3026,3.3260274,1.0282096,1.3411341,0.56401616,16566.244,3.3260274,0.0,0.050161164,0.61466885,0.0
3027,1.8280665,0.86699927,1.4163226,0.6141714,16566.244,1.8280665,0.0,0.04750628,0.5821362,0.0
3028,1.5334888,0.83529687,1.0882499,0.78461474,16566.244,1.5334888,0.0,0.051694993,0.63346416,0.0
3029,6.140192,1.3310695,1.3266724,0.6926853,16566.244,6.140192,0.0,0.04613381,0.5653181,0.0
3030,5.6947703,1.2831333,1.4057285,0.629167,16566.244,5.6947703,0.0,0.03591407,0.44008666,0.0
3031,4.125504,1.1142491,1.176677,0.7987486,16566.244,4.125504,0.0,0.06361373,0.7795149,0.0
3032,1.1639814,0.79553056,1.0455872,0.6045695,16566.244,1.1639814,0.0,0.04065337,0.49816146,0.0
3033,1.1850724,0.79780036,1.0622258,0.6157526,16566.244,1.1850724,0.0,0.037095577,0.4545647,0.0
3034,1.5901731,0.8413972,1.0866939,0.6265333,16566.244,1.5901731,0.0,0.03661614,0.44868973,0.0
3035,0.85367846,0.7621358,1.057502,0.6265333,16566.244,0.85367846,0.0,0.04416376,0.5411774,0.0
3036,0.85043293,0.7617865,1.0029843,0.6669815,16566.244,0.85043293,0.0,0.03963448,0.48567614,0.0
3037,0.83926356,0.7605845,1.0301185,0.72007287,16566.244,0.83926356,0.0,0.041029092,0.50276554,0.0
3038,0.6790125,0.7433383,0.8519609,0.49681482,16566.244,0.6790125,0.0,0.04275016,0.52385527,0.0
3039,1.2680799,0.8067336,0.8697164,0.62323296,16566.244,1.2680799,0.0,0.03765702,0.46144456,0.0
3040,2.3326626,0.9213038,0.8971091,0.64133394,16566.244,2.3326626,0.0,0.03269992,0.40070087,0.0
3041,2.2063067,0.9077054,1.0007654,0.7272165,16566.244,2.2063067,0.0,0.05378709,0.6591005,0.0
3042,1.2890368,0.808989,0.7007076,0.46224508,16566.244,1.2890368,0.0,0.045586735,0.5586143,0.0
3043,0.39104939,0.71234775,0.8844642,0.7073903,16566.244,0.39104939,0.0,0.043558832,0.53376466,0.0
3044,2.87403,0.9795657,0.9047711,0.68003565,16566.244,2.87403,0.0,0.042014763,0.5148438,0.0
3045,2.7439492,0.9655664,1.011828,0.5014353,16566.244,2.7439492,0.0,0.034971826,0.42854053,0.0
3046,1.6020575,0.8426762,1.1473078,0.52131695,16566.244,1.6020575,0.0,0.03706196,0.45415276,0.0
3047,3.6708844,1.065323,1.3202899,0.52459365,16566.244,3.6708844,0.0,0.04289089,0.5255798,0.0
3048,3.192984,1.0138915,1.3732983,0.49910256,16566.244,3.192984,0.0,0.043492172,0.5329478,0.0
3049,3.0721407,1.0008863,1.2172081,0.7001771,16566.244,3.0721407,0.0,0.04669483,0.5721928,0.0
3050,4.942444,1.202168,1.4359372,0.42571336,16566.244,4.942444,0.0,0.045116987,0.5528581,0.0
3051,1.4362265,0.8248295,1.4053458,0.5101313,16566.244,1.4362265,0.0,0.040573608,0.49718407,0.0
3052,3.2808948,1.0233524,1.0695722,0.6966405,16566.244,3.2808948,0.0,0.05391138,0.66062355,0.0
3053,1.5903969,0.8414213,0.9359758,0.7579782,16566.244,1.5903969,0.0,0.046642005,0.5715455,0.0
3054,1.5235478,0.834227,1.1757663,0.5065254,16566.244,1.5235478,0.0,0.04565079,0.55939925,0.0
3055,2.782366,0.9697008,1.295707,0.51166105,16566.244,2.782366,0.0,0.041662768,0.51053053,0.0
3056,2.0958133,0.8958141,1.0506972,0.58620536,16566.244,2.0958133,0.0,0.041857656,0.51291865,0.0
3057,3.2005296,1.0147035,1.0659643,0.6219659,16566.244,3.2005296,0.0,0.037301682,0.4570903,0.0
3058,3.096109,1.0034658,1.1445205,0.8298675,16566.244,3.096109,0.0,0.05876779,0.7201334,0.0
3059,2.827527,0.97456104,1.1213028,0.6260119,16566.244,2.827527,0.0,0.049046945,0.6010153,0.0
3060,1.9994043,0.8854386,1.185691,0.4962461,16566.244,1.9994043,0.0,0.037586056,0.46057498,0.0
3061,2.8841183,0.9806514,1.0726745,0.51915175,16566.244,2.8841183,0.0,0.043341942,0.5311069,0.0
3062,2.4074354,0.92935085,0.97502786,0.6992154,16566.244,2.4074354,0.0,0.043329608,0.5309558,0.0
3063,3.4909546,1.045959,1.0958779,0.80485135,16566.244,3.4909546,0.0,0.04426435,0.54240996,0.0
3064,2.1191988,0.89833087,1.1388965,0.72441137,16566.244,2.1191988,0.0,0.047513247,0.58222157,0.0
3065,2.993074,0.99237716,1.3015041,0.76297337,16566.244,2.993074,0.0,0.041934233,0.513857,0.0
3066,3.9928074,1.0999683,1.2067335,0.8148024,16566.244,3.9928074,0.0,0.047312014,0.57975566,0.0
3067,1.9489951,0.8800136,0.8951484,0.69113314,16566.244,1.9489951,0.0,0.036554646,0.4479362,0.0
3068,3.234786,1.0183902,1.1657403,0.8137825,16566.244,3.234786,0.0,0.04684478,0.5740303,0.0
3069,3.0783694,1.0015566,1.0683324,0.79234266,16566.244,3.0783694,0.0,0.05673542,0.69522893,0.0
3070,3.5212033,1.0492144,1.1122084,0.44471797,16566.244,3.5212033,0.0,0.027244944,0.33385625,0.0
3071,3.6914828,1.0675398,1.0640143,0.40937427,16566.244,3.6914828,0.0,0.02977528,0.36486268,0.0
3072,3.1660795,1.010996,1.0863402,0.40937427,16566.244,3.1660795,0.0,0.025925318,0.3176857,0.0
3073,2.910981,0.9835423,1.0612711,0.47082272,16566.244,2.910981,0.0,0.036175307,0.44328782,0.0
3074,3.5317042,1.0503445,1.1309094,0.44295996,16566.244,3.5317042,0.0,0.03280651,0.40200698,0.0
3075,4.129001,1.1146255,1.1211756,0.54819256,16566.244,4.129001,0.0,0.037626725,0.46107334,0.0
3076,4.338836,1.1372079,1.0503982,0.69805944,16566.244,4.338836,0.0,0.041274525,0.505773,0.0
3077,4.3747764,1.1410757,1.0737472,0.6630321,16566.244,4.3747764,0.0,0.03792195,0.46469098,0.0
3078,1.418607,0.8229333,0.8989773,0.7588992,16566.244,1.418607,0.0,0.04653983,0.5702934,0.0
3079,3.385465,1.0346062,1.0096184,0.7317683,16566.244,3.385465,0.0,0.04925672,0.6035859,0.0
3080,2.396024,0.92812276,0.9901932,0.65391225,28714.828,2.396024,1.1146086,0.044115007,0.54058,0.0
3081,3.8974032,1.0897009,1.1257101,0.54415166,28714.828,3.8974032,1.1146086,0.046873946,0.57438767,0.0
3082,2.5715013,0.9470076,0.98345363,0.65391225,28714.828,2.5715013,1.1146086,0.04491645,0.55040073,0.0
3083,1.7267805,0.8560989,1.0151199,0.5416805,28714.828,1.7267805,1.1146086,0.047975935,0.5878913,0.0
3084,2.4349356,0.9323104,0.91734815,0.6505238,28714.828,2.4349356,1.1146086,0.04706913,0.5767794,0.0
3085,3.6267507,1.0605733,1.1753719,0.8957012,28714.828,3.6267507,1.1146086,0.055212345,0.6765654,0.0
3086,2.5523157,0.94494283,0.949106,0.5019917,28714.828,2.5523157,1.1146086,0.04386429,0.5375077,0.0
3087,4.6381845,1.1694237,1.1755638,0.6236664,28714.828,4.6381845,1.1146086,0.044227954,0.541964,0.0
3088,5.558373,1.2684542,1.2900509,0.7557426,28714.828,5.558373,1.1146086,0.054628044,0.66940546,0.0
3089,1.3763193,0.8183823,1.0448245,0.7938642,28714.828,1.3763193,1.1146086,0.046819143,0.5737161,0.0
3090,4.886057,1.1960996,1.3433949,0.7558564,28714.828,4.886057,1.1146086,0.040844858,0.50050795,0.0
3091,5.179303,1.2276587,1.1325479,0.79481757,28714.828,5.179303,1.1146086,0.054667808,0.6698927,0.0
3092,4.469818,1.1513041,1.3706807,0.533361,28714.828,4.469818,1.1146086,0.041961543,0.5141917,0.0
3093,4.6286798,1.1684008,1.3486185,0.668832,28714.828,4.6286798,1.1146086,0.03190273,0.3909322,0.0
3094,4.0752363,1.1088393,1.336374,0.6417014,28714.828,4.0752363,1.1146086,0.03967979,0.48623136,0.0
3095,2.6262338,0.9528979,1.3229072,0.44525757,28714.828,2.6262338,1.1146086,0.035360597,0.4333045,0.0
3096,0.8705347,0.7639499,1.1305375,0.7981682,24297.16,0.8705347,0.70021516,0.041917745,0.51365495,0.0
3097,3.501286,1.0470709,1.0355101,0.73529583,24297.16,3.501286,0.70021516,0.034752686,0.4258552,0.0
3098,0.56017214,0.5864243,0.8907375,0.6873494,24297.16,0.0,0.70021516,0.038621802,0.47326687,0.0
3099,0.56017214,0.62725496,1.1880107,0.81734675,24297.16,0.0,0.70021516,0.03952298,0.4843098,0.0
3100,5.5172114,1.2640244,1.2944555,0.7499784,24297.16,5.5172114,0.70021516,0.0411707,0.5045008,0.0
3101,2.142342,0.90082157,1.1787738,0.76368946,24297.16,2.142342,0.70021516,0.03888346,0.47647318,0.0
3102,3.3300319,1.0286405,1.0785838,0.5210402,23744.955,3.3300319,0.6484163,0.05188714,0.6358187,0.0
3103,3.3066308,1.0261221,1.0139081,0.4346856,23744.955,3.3066308,0.6484163,0.04104956,0.5030163,0.0
3104,2.7454274,0.9657255,0.9804498,0.5210402,23192.75,2.7454274,0.5966174,0.047337525,0.5800683,0.0
3105,1.6344075,0.8461577,0.84356385,0.46093,23192.75,1.6344075,0.5966174,0.045401428,0.5563436,0.0
3106,0.84925157,0.7616594,0.7199885,0.47761428,23192.75,0.84925157,0.5966174,0.051995363,0.63714486,0.0
3107,0.80045396,0.7564078,0.7296279,0.45516044,16566.244,0.80045396,0.0,0.04724265,0.5789057,0.0
3108,0.55601805,0.73010164,0.74843425,0.47813806,16566.244,0.55601805,0.0,0.04430621,0.542923,0.0
3109,0.7991741,0.75627005,0.7167518,0.4590668,16566.244,0.7991741,0.0,0.043875143,0.5376407,0.0
3110,0.6995928,0.74555314,0.6687822,0.4564404,16566.244,0.6995928,0.0,0.049561426,0.6073197,0.0
3111,0.66415286,0.7417391,0.6567114,0.4564404,16566.244,0.66415286,0.0,0.046594363,0.57096165,0.0
3112,0.67105544,0.74248195,0.67162955,0.49822998,17118.451,0.67105544,0.026825838,0.04618481,0.56594306,0.0
3113,0.57986325,0.73266786,0.65692705,0.48401156,17118.451,0.57986325,0.026825838,0.05247972,0.6430802,0.0
3114,0.7258018,0.74837375,0.59943837,0.46665117,17118.451,0.7258018,0.026825838,0.0440526,0.53981525,0.0
3115,0.67405725,0.742805,0.576815,0.53169364,17118.451,0.67405725,0.026825838,0.04133678,0.5065359,0.0
3116,1.0790112,0.7863861,0.63872755,0.5329878,17118.451,1.0790112,0.026825838,0.039369565,0.48242986,0.0
3117,1.0870996,0.78725654,0.6400862,0.56210977,17118.451,1.0870996,0.026825838,0.035358142,0.4332744,0.0
3118,1.5110757,0.8328848,0.72183377,0.59750116,17118.451,1.5110757,0.026825838,0.057043947,0.6990096,0.0
3119,1.6749219,0.85051787,0.7954097,0.60671514,17118.451,1.6749219,0.026825838,0.04887757,0.59893984,0.0
3120,2.1100216,0.8973432,0.84176034,0.4031267,17118.451,2.1100216,0.026825838,0.043751672,0.5361277,0.0
3121,1.3242729,0.8127811,0.64530075,0.63457483,17118.451,1.3242729,0.026825838,0.043329697,0.53095686,0.0
3122,2.0792909,0.894036,0.7734044,0.6145924,17118.451,2.0792909,0.026825838,0.06088548,0.7460833,0.0
3123,1.6756208,0.8505931,0.8106892,0.5744688,17118.451,1.6756208,0.026825838,0.063255474,0.7751249,0.0
3124,1.9405202,0.8791015,0.76407963,0.55983436,17118.451,1.9405202,0.026825838,0.04324823,0.52995855,0.0
3125,1.6891162,0.8520455,0.77934796,0.6756092,17118.451,1.6891162,0.026825838,0.04864641,0.5961072,0.0
3126,0.48153982,0.7220863,0.7492224,0.7082803,17118.451,0.48153982,0.026825838,0.042234857,0.5175408,0.0
3127,3.2020028,1.0148621,1.0206488,0.6317307,17118.451,3.2020028,0.026825838,0.044215944,0.54181683,0.0
3128,1.2275168,0.8023682,0.87320113,0.6391486,17118.451,1.2275168,0.026825838,0.036156584,0.4430584,0.0
3129,0.6473099,0.73992646,0.7552718,0.5763544,17118.451,0.6473099,0.026825838,0.06621207,0.8113547,0.0
3130,0.27855414,0.700241,0.6798807,0.65331954,16566.244,0.27855414,0.0,0.036787916,0.45079467,0.0
3131,0.45941982,0.71970576,0.7385706,0.6011603,16566.244,0.45941982,0.0,0.037045296,0.4539486,0.0
3132,0.0,0.6410126,0.68406105,0.5702949,16566.244,0.0,0.0,0.041139904,0.5041234,0.0
3133,0.0,0.6045857,0.65081024,0.5362214,16566.244,0.0,0.0,0.043145828,0.52870375,0.0
3134,0.38835326,0.7120576,0.68938756,0.6382336,16566.244,0.38835326,0.0,0.041981626,0.51443774,0.0
3135,0.53781265,0.7281424,0.94095576,0.67648345,16566.244,0.53781265,0.0,0.048489023,0.5941786,0.0
3136,2.918153,0.9843142,0.7891865,0.90509015,16566.244,2.918153,0.0,0.0640923,0.7853793,0.0
3137,0.6838204,0.7438557,0.7886437,0.8261331,16566.244,0.6838204,0.0,0.057435468,0.7038073,0.0
3138,3.0565944,0.9992132,0.92960984,0.8498188,16566.244,3.0565944,0.0,0.051621344,0.6325617,0.0
3139,2.184303,0.8619544,0.78247356,0.7460828,16566.244,1.7811896,0.0,0.13437542,1.6466202,1.0
3140,2.1137872,0.8977485,1.397535,0.6752869,16566.244,2.1137872,0.0,0.039014425,0.47807804,0.0
3141,0.787447,0.755008,0.7855854,0.6833802,16566.244,0.787447,0.0,0.043201607,0.52938724,0.0
3142,1.8107295,0.86513346,0.84203833,0.57212156,16566.244,1.8107295,0.0,0.048022624,0.5884634,0.0
3143,1.830864,0.86730033,0.86038005,0.58299667,16566.244,1.830864,0.0,0.042026933,0.51499295,0.0
3144,1.9107438,0.875897,0.9244134,0.66594434,16566.244,1.9107438,0.0,0.03993298,0.48933393,0.0
3145,1.585348,0.84087795,0.85511357,0.6296301,16566.244,1.585348,0.0,0.04400049,0.5391767,0.0
3146,0.67863864,0.74329805,0.7013842,0.61237454,16566.244,0.67863864,0.0,0.039251767,0.4809864,0.0
3147,1.4437876,0.82564324,0.7299142,0.4826763,16566.244,1.4437876,0.0,0.043213293,0.52953047,0.0
3148,0.0,0.6671826,0.7274975,0.7421659,16566.244,0.0,0.0,0.074699506,0.9153587,0.0
3149,1.2171743,0.80125517,0.6808684,0.6344709,16566.244,1.2171743,0.0,0.05536203,0.6783996,0.0
3150,1.119871,0.7907834,0.67541665,0.6289081,16566.244,1.119871,0.0,0.0418014,0.5122293,0.0
3151,1.5400175,0.8359995,0.76120484,0.71167356,16566.244,1.5400175,0.0,0.04880326,0.5980292,0.0
3152,1.5814661,0.8404602,0.7402744,0.62789446,16566.244,1.5814661,0.0,0.047849383,0.58634055,0.0
3153,0.86886543,0.7637702,0.6439049,0.5075904,16566.244,0.86886543,0.0,0.04354879,0.5336416,0.0
3154,0.77775246,0.75396466,0.6293389,0.5312574,16566.244,0.77775246,0.0,0.04358172,0.5340451,0.0
3155,0.7671602,0.7528247,0.69315106,0.66773266,16566.244,0.7671602,0.0,0.038296476,0.4692804,0.0
3156,1.0708452,0.78550726,0.787943,0.7018367,16566.244,1.0708452,0.0,0.039669994,0.4861113,0.0
3157,1.7141539,0.85474,0.6726728,0.52135235,16566.244,1.7141539,0.0,0.038917508,0.47689041,0.0
3158,2.0121334,0.8868085,1.0884706,0.7076587,16566.244,2.0121334,0.0,0.044392694,0.5439827,0.0
3159,1.9242493,0.87735045,0.8586508,0.6882366,16566.244,1.9242493,0.0,0.03935354,0.4822335,0.0
3160,1.3552705,0.81611705,0.7356627,0.5960914,16566.244,1.3552705,0.0,0.0340877,0.41770652,0.0
3161,1.6073517,0.843246,0.7630855,0.6234604,16566.244,1.6073517,0.0,0.032795183,0.4018682,0.0
3162,0.0050801383,0.6708098,0.85866475,0.6990507,16566.244,0.0050801383,0.0,0.033612102,0.41187862,0.0
3163,2.2068667,0.9077657,1.2368298,0.7469806,16566.244,2.2068667,0.0,0.041057896,0.50311846,0.0
3164,2.159888,0.90270984,0.8898798,0.6871313,16566.244,2.159888,0.0,0.037227485,0.4561811,0.0
3165,2.122442,0.8986799,0.98440415,0.7380992,16566.244,2.122442,0.0,0.037955098,0.46509716,0.0
3166,2.2711892,0.91468805,0.92136365,0.76231664,16566.244,2.2711892,0.0,0.036339805,0.44530356,0.0
3167,1.8584176,0.87026566,0.88657314,0.7404012,16566.244,1.8584176,0.0,0.038010832,0.46578014,0.0
3168,1.7861532,0.86248857,1.302771,0.7627033,16566.244,1.7861532,0.0,0.061523344,0.75389963,0.0
3169,2.453522,0.9343107,0.7969383,0.7373937,16566.244,2.453522,0.0,0.043199915,0.52936655,0.0
3170,1.9963427,0.8851091,0.8764682,0.65709877,16566.244,1.9963427,0.0,0.043637965,0.5347343,0.0
3171,1.345036,0.8150156,1.2637019,0.7299963,16566.244,1.345036,0.0,0.048251335,0.59126604,0.0
3172,2.4489589,0.9338196,1.284935,0.8911904,16566.244,2.4489589,0.0,0.03707742,0.45434222,0.0
3173,2.6964414,0.9604536,1.0226855,0.7415488,16566.244,2.6964414,0.0,0.037165955,0.4554271,0.0
3174,3.330261,1.0286652,1.3061376,0.6746014,28714.828,3.330261,1.1146086,0.03682658,0.45126846,0.0
3175,3.1325285,1.0073853,1.4165802,0.65998054,28714.828,3.1325285,1.1146086,0.039241903,0.4808655,0.0
3176,3.2806,1.0233207,1.3488424,0.6599805,28714.828,3.2806,1.1146086,0.033135053,0.40603292,0.0
3177,2.6233344,0.9525859,1.3058919,0.6351202,28714.828,2.6233344,1.1146086,0.037514772,0.45970148,0.0
3178,1.3419759,0.8146863,0.95347726,0.7336231,28714.828,1.3419759,1.1146086,0.037733834,0.46238583,0.0
3179,0.8916869,0.7067722,0.85760057,0.64584166,28714.828,0.33924165,1.1146086,0.028750133,0.35230064,0.0
3180,2.0071926,0.8862768,1.2694694,0.6018854,28714.828,2.0071926,1.1146086,0.033794872,0.41411826,0.0
3181,1.4693452,0.82839376,0.94106025,0.6079475,28714.828,1.4693452,1.1146086,0.033851754,0.4148153,0.0
3182,0.8916869,0.66948897,1.0593364,0.63328284,28714.828,0.0,1.1146086,0.03373819,0.4134237,0.0
3183,0.8916869,0.6694422,0.9149007,0.6047391,28714.828,0.0,1.1146086,0.038827352,0.47578567,0.0
3184,1.848418,0.8691895,1.015415,0.59773034,28714.828,1.848418,1.1146086,0.043299995,0.5305929,0.0
3185,0.8916869,0.73083293,0.81441385,0.5834938,28714.828,0.56281316,1.1146086,0.052935366,0.6486636,0.0
3186,0.8916869,0.7484352,0.7832338,0.6742756,28714.828,0.72637284,1.1146086,0.052961558,0.6489845,0.0
3187,2.8844767,0.98068994,1.5012797,0.6620784,28714.828,2.8844767,1.1146086,0.06722663,0.82378703,0.0
3188,1.8221818,0.86636597,1.3478211,0.74167573,28714.828,1.8221818,1.1146086,0.064008296,0.7843499,0.0
3189,2.9897642,0.99202096,1.0820248,0.87152433,28714.828,2.9897642,1.1146086,0.045314867,0.5552829,0.0
3190,2.7011497,0.9609603,1.0702068,0.8881191,24297.16,2.7011497,0.70021516,0.031407427,0.3848628,0.0
3191,4.8612533,1.1934303,1.1152521,0.88264173,24297.16,4.8612533,0.70021516,0.04942853,0.6056912,0.0
3192,1.1910052,0.79843885,0.87514734,0.7942545,24297.16,1.1910052,0.70021516,0.036503058,0.44730404,0.0
3193,2.4101992,0.9296483,0.95198864,0.7481696,24297.16,2.4101992,0.70021516,0.037064888,0.45418864,0.0
3194,1.6487925,0.84770584,0.8743346,0.7045134,23744.955,1.6487925,0.6484163,0.035161838,0.4308689,0.0
3195,1.6931256,0.85247695,0.8975711,0.4086249,23744.955,1.6931256,0.6484163,0.037514064,0.4596928,0.0
3196,3.1922529,1.0138128,1.0345943,0.5853627,23744.955,3.1922529,0.6484163,0.033134665,0.40602818,0.0
3197,1.9921871,0.8846619,1.0270877,0.6000833,23744.955,1.9921871,0.6484163,0.037903197,0.46446118,0.0
3198,4.192796,1.1214911,1.0697082,0.81423944,23192.75,4.192796,0.5966174,0.06575103,0.8057052,0.0
3199,1.2501353,0.8048024,0.9033922,0.47059417,23192.75,1.2501353,0.5966174,0.042392805,0.5194763,0.0
3200,1.2828348,0.80832154,0.77365625,0.6112607,22640.53,1.2828348,0.5448171,0.046261348,0.56688094,0.0
3201,1.4000378,0.8209349,0.778064,0.47757146,16566.244,1.4000378,0.0,0.04541023,0.55645144,0.0
3202,0.6670927,0.7420555,0.6448252,0.3611932,16566.244,0.6670927,0.0,0.052363865,0.64166045,0.0
3203,0.0,0.6444718,0.6504792,0.38094163,16566.244,0.0,0.0,0.050516035,0.61901736,0.0
3204,0.88503766,0.7655107,0.64878947,0.4401472,16566.244,0.88503766,0.0,0.05318342,0.6517032,0.0
3205,1.263052,0.8061925,0.8442271,0.35794663,16566.244,1.263052,0.0,0.034628082,0.42432833,0.0
3206,1.0775408,0.7862278,0.8555743,0.46056896,16566.244,1.0775408,0.0,0.041114874,0.50381666,0.0
3207,1.5848413,0.8408234,0.87027967,0.5777885,16566.244,1.5848413,0.0,0.028403087,0.34804797,0.0
3208,2.3212268,0.9200731,0.84859097,0.6704377,16566.244,2.3212268,0.0,0.033050746,0.40499982,0.0
3209,0.96588016,0.77421093,0.88277316,0.57389724,16566.244,0.96588016,0.0,0.035561815,0.43577018,0.0
3210,3.1081316,1.0047597,0.92951727,0.658312,16566.244,3.1081316,0.0,0.04049323,0.49619916,0.0
3211,1.862206,0.87067336,0.8608588,0.7103869,16566.244,1.862206,0.0,0.044907156,0.5502868,0.0
3212,1.4588449,0.8272637,0.7984059,0.69756,16566.244,1.4588449,0.0,0.043462086,0.5325791,0.0
3213,1.1127907,0.7900214,0.8184356,0.7103706,16566.244,1.1127907,0.0,0.039568517,0.4848678,0.0
3214,1.9184854,0.87673014,0.8616013,0.6177359,16566.244,1.9184854,0.0,0.04527246,0.5547632,0.0
3215,1.6542623,0.8482945,0.79059416,0.63799775,16566.244,1.6542623,0.0,0.052847166,0.64758277,0.0
3216,1.6934124,0.8525078,0.9370632,0.5468777,16566.244,1.6934124,0.0,0.03637235,0.44570234,0.0
3217,2.9369998,0.9863425,1.0125669,0.58287644,16566.244,2.9369998,0.0,0.040845145,0.50051147,0.0
3218,0.85024756,0.702495,0.95103496,0.582987,28162.62,0.29949778,1.0628095,0.05295743,0.64893395,0.0
3219,2.3698797,0.9253091,0.843378,0.7565967,28162.62,2.3698797,1.0628095,0.067897014,0.8320018,0.0
3220,0.85024756,0.74376273,0.9448066,0.79560786,28162.62,0.68295646,1.0628095,0.041884266,0.51324475,0.0
3221,3.498838,1.0468074,1.0308203,0.5791898,28162.62,3.498838,1.0628095,0.0493371,0.60457087,0.0
3222,1.5423564,0.8362512,0.87966895,0.5694995,28162.62,1.5423564,1.0628095,0.06993903,0.85702443,0.0
3223,3.9882016,1.0994726,1.1444182,0.4068918,28162.62,3.9882016,1.0628095,0.037234113,0.45626232,0.0
3224,3.0830526,1.0020607,1.2853038,0.4498431,28162.62,3.0830526,1.0628095,0.0432253,0.52967757,0.0
3225,6.2452507,1.3423759,1.3963157,0.42164022,28162.62,6.2452507,1.0628095,0.03915781,0.4798351,0.0
3226,4.555114,1.1604836,1.1920463,0.45168304,28162.62,4.555114,1.0628095,0.055508498,0.68019444,0.0
3227,3.6944802,1.0678624,1.5369015,0.4993049,28162.62,3.6944802,1.0628095,0.040261537,0.49335998,0.0
3228,7.3940797,1.4660126,1.6530976,0.434011,28162.62,7.3940797,1.0628095,0.034358423,0.42102396,0.0
3229,8.255357,1.5587031,1.7129408,0.53185046,28162.62,8.255357,1.0628095,0.037642766,0.4612699,0.0
3230,10.43811,1.7936107,1.7283697,0.5500869,28162.62,10.43811,1.0628095,0.035468373,0.43462515,0.0
3231,10.987019,1.852684,1.7941602,0.59736454,28162.62,10.987019,1.0628095,0.03798604,0.46547633,0.0
3232,11.512105,1.9091938,1.8354353,0.59736454,28162.62,11.512105,1.0628095,0.036488507,0.44712573,0.0
3233,11.894956,1.9503961,1.8753147,0.5740398,28162.62,11.894956,1.0628095,0.032838345,0.4023971,0.0
3234,9.2718935,1.6681026,1.8882232,0.587548,28162.62,9.2718935,1.0628095,0.0370508,0.454016,0.0
3235,7.7436604,1.5036345,1.7744974,0.72566754,28162.62,7.7436604,1.0628095,0.043824647,0.53702193,0.0
3236,7.0656652,1.4306687,1.762236,0.71699274,28162.62,7.0656652,1.0628095,0.044621564,0.54678726,0.0
3237,7.3260317,1.4586893,1.8457953,0.68164927,28162.62,7.3260317,1.0628095,0.05147381,0.6307539,0.0
3238,1.3336468,0.8137899,1.1433058,0.8198997,27610.412,1.3336468,1.0110104,0.05345348,0.6550124,0.0
3239,3.2430196,1.0192763,1.4440229,0.75327915,27610.412,3.2430196,1.0110104,0.059159584,0.7249344,0.0
3240,2.3137045,0.91926354,1.5467005,0.71153027,27610.412,2.3137045,1.0110104,0.058848873,0.721127,0.0
3241,0.8088083,0.6686628,1.4396616,0.77800864,27610.412,0.0,1.0110104,0.06324221,0.7749624,0.0
3242,1.2274166,0.80235744,1.1420691,0.7531465,26505.986,1.2274166,0.90741116,0.068331,0.83731985,0.0
3243,4.38402,1.1420705,1.1977826,0.47368953,26505.986,4.38402,0.90741116,0.062842526,0.7700647,0.0
3244,5.2823935,1.2387533,1.2133445,0.5173774,25953.78,5.2823935,0.85561216,0.053578977,0.6565503,0.0
3245,1.4234465,0.82345414,0.9144888,0.5252105,16566.244,1.4234465,0.0,0.057418194,0.7035956,0.0
3246,2.2775173,0.9153691,1.194461,0.46022433,16566.244,2.2775173,0.0,0.044564232,0.5460847,0.0
3247,0.8926203,0.7663267,0.84961456,0.5067668,5.1068583,0.8926203,0.0,0.05649788,0.69231814,0.0
3248,1.0213792,0.78018373,0.83103883,0.51063937,5.1068583,1.0213792,0.0,0.05341061,0.65448713,0.0
3249,0.90218025,0.76735556,0.7280412,0.48387462,5.1068583,0.90218025,0.0,0.046167444,0.5657303,0.0
3250,1.1977754,0.79916745,0.8436687,0.5738975,16566.244,1.1977754,0.0,0.051072173,0.6258322,0.0
3251,1.767189,0.86044765,1.205225,0.5510586,16566.244,1.767189,0.0,0.043980878,0.5389364,0.0
3252,0.30302575,0.70287466,0.7425432,0.6311433,5.1068583,0.30302575,0.0,0.041849647,0.5128205,0.0
3253,6.5772853,1.3781093,1.5625467,0.7392498,16566.244,6.5772853,0.0,0.060492985,0.7412737,0.0
3254,5.7410407,1.2881129,1.5546186,0.7127544,16566.244,5.7410407,0.0,0.050051734,0.61332786,0.0
3255,3.67836,1.0661275,1.0002245,0.7564548,16566.244,3.67836,0.0,0.0474959,0.582009,0.0
3256,0.52483714,0.72674596,0.73582166,0.41074714,16566.244,0.52483714,0.0,0.03888373,0.47647652,0.0
3257,1.0520705,0.7834867,0.82432115,0.54367536,16566.244,1.0520705,0.0,0.031497553,0.3859672,0.0
3258,0.35229522,0.70817703,0.74185866,0.41906318,16566.244,0.35229522,0.0,0.03179056,0.38955766,0.0
3259,0.81943643,0.7584507,0.7702339,0.66815794,16566.244,0.81943643,0.0,0.04397861,0.53890854,0.0
3260,5.226115,1.2326967,1.2174914,0.7561881,16566.244,5.226115,0.0,0.054492302,0.6677421,0.0
3261,0.5098169,0.7251295,0.85658866,0.50823313,16566.244,0.5098169,0.0,0.042858947,0.5251883,0.0
3262,1.0844212,0.7869683,0.8195503,0.54811436,16566.244,1.0844212,0.0,0.029969832,0.3672467,0.0
3263,0.8679156,0.763668,0.77583694,0.5469622,16566.244,0.8679156,0.0,0.031021321,0.3801315,0.0
3264,1.3765951,0.818412,0.77629334,0.53987455,16566.244,1.3765951,0.0,0.028144468,0.3448789,0.0
3265,1.6383941,0.84658676,1.053875,0.5553665,16566.244,1.6383941,0.0,0.037025288,0.4537034,0.0
3266,1.4354638,0.82474744,1.0262166,0.52641404,16566.244,1.4354638,0.0,0.038285494,0.4691458,0.0
3267,1.0429271,0.7825027,1.0530287,0.5051777,16566.244,1.0429271,0.0,0.03780893,0.46330604,0.0
3268,1.1044354,0.7891222,0.8714429,0.5587977,16566.244,1.1044354,0.0,0.027718129,0.3396546,0.0
3269,1.7915764,0.8630722,0.93525505,0.5558885,16566.244,1.7915764,0.0,0.0271297,0.33244407,0.0
3270,1.8613526,0.8705815,0.9391005,0.5525453,16566.244,1.8613526,0.0,0.02792079,0.342138,0.0
3271,2.0441074,0.89024955,0.7728131,0.5167618,16566.244,2.0441074,0.0,0.03426899,0.41992804,0.0
3272,0.8929394,0.76636106,1.104784,0.6410825,16566.244,0.8929394,0.0,0.04142338,0.5075971,0.0
3273,0.6384052,0.73896813,0.9305855,0.6539711,16566.244,0.6384052,0.0,0.036720827,0.44997257,0.0
3274,2.0753906,0.89361626,1.0177076,0.5940184,16566.244,2.0753906,0.0,0.037583586,0.4605447,0.0
3275,0.67811525,0.7432417,0.77314746,0.58367956,16566.244,0.67811525,0.0,0.03899861,0.47788426,0.0
3276,1.1722636,0.7964219,0.75556254,0.5190173,16566.244,1.1722636,0.0,0.036634184,0.44891086,0.0
3277,0.2012801,0.6919248,0.65598744,0.53748035,16566.244,0.2012801,0.0,0.042281404,0.5181112,0.0
3278,0.9076916,0.7679487,0.8424101,0.60338676,16566.244,0.9076916,0.0,0.039313234,0.4817396,0.0
3279,1.6695517,0.84993994,0.8497213,0.5752207,16566.244,1.6695517,0.0,0.036120124,0.44261163,0.0
3280,2.329366,0.92094904,0.84146094,0.97368157,16566.244,2.329366,0.0,0.05832034,0.7146504,0.0
3281,1.4418026,0.8254296,0.794977,0.45795387,16566.244,1.4418026,0.0,0.03738772,0.4581446,0.0
3282,1.9783195,0.8831695,0.76363695,0.74212366,16566.244,1.9783195,0.0,0.04202039,0.5149128,0.0
3283,1.8758588,0.8721427,0.9743735,0.8212897,16566.244,1.8758588,0.0,0.065521665,0.80289453,0.0
3284,5.089291,1.2176042,1.1388988,0.72998476,16566.244,5.085876,0.0,0.08176339,1.0019187,1.0
3285,5.382973,1.242171,1.1300836,0.72998476,16566.244,5.314151,0.0,0.08462645,1.0370023,1.0
3286,4.2677836,1.1295612,1.0929296,0.8787479,16566.244,4.2677836,0.0,0.062404532,0.76469755,0.0
3287,1.0182755,0.7798497,0.88555926,0.5221965,16566.244,1.0182755,0.0,0.0406819,0.49851105,0.0
3288,2.1497974,0.9016239,0.80592734,0.8076824,16566.244,2.1497974,0.0,0.057133254,0.700104,0.0
3289,0.6902428,0.7445469,0.6474886,0.65469825,16566.244,0.6902428,0.0,0.03987584,0.4886337,0.0
3290,1.4317924,0.8243523,0.8235547,0.4374198,16566.244,1.4317924,0.0,0.044600897,0.546534,0.0
3291,0.42081797,0.71555144,0.6424169,0.7443138,16566.244,0.42081797,0.0,0.036513407,0.44743088,0.0
3292,1.02439,0.78050774,0.666237,0.47636962,16566.244,1.02439,0.0,0.05199584,0.6371507,0.0
3293,2.8703952,0.9791745,0.943868,0.800335,16566.244,2.8703952,0.0,0.05588695,0.6848319,0.0
3294,2.3722513,0.92556435,0.9005032,0.77076954,16566.244,2.3722513,0.0,0.0627865,0.7693781,0.0
3295,1.8976698,0.87448996,0.8068214,0.547956,16566.244,1.8976698,0.0,0.038685787,0.47405097,0.0
3296,0.94806904,0.7722941,0.82069135,0.6955907,16566.244,0.94806904,0.0,0.05542216,0.67913646,0.0
3297,0.6317884,0.73825604,0.702293,0.5011788,16566.244,0.6317884,0.0,0.043884292,0.5377528,0.0
3298,0.51929873,0.7261499,0.72125185,0.5923001,16014.038,0.51929873,0.0,0.03871861,0.47445318,0.0
3299,1.8275725,0.8669461,0.92252564,0.67918354,19879.498,1.8275725,0.28582218,0.04571493,0.5601852,0.0
3300,3.6402345,1.0620245,1.0752481,0.6339428,19879.498,3.6402345,0.28582218,0.040768348,0.4995704,0.0
3301,2.7789083,0.9693287,1.0887725,0.6410271,19879.498,2.7789083,0.28582218,0.034096774,0.41781774,0.0
3302,2.338696,0.92195314,0.93110466,0.8414101,19879.498,2.338696,0.28582218,0.04108009,0.5033905,0.0
3303,2.6842103,0.9591373,1.0116715,0.70784,19879.498,2.6842103,0.28582218,0.041204643,0.5049167,0.0
3304,2.0468855,0.8905485,1.123183,0.76456517,19879.498,2.0468855,0.28582218,0.042834155,0.5248845,0.0
3305,2.3291562,0.92092645,0.96914685,0.78839725,19879.498,2.3291562,0.28582218,0.034716822,0.42541572,0.0
3306,2.4921355,0.93846625,1.122417,0.71731585,19879.498,2.4921355,0.28582218,0.045833353,0.5616363,0.0
3307,2.933194,0.9859329,1.1283957,0.67304826,19879.498,2.933194,0.28582218,0.048561636,0.5950684,0.0
3308,2.016984,0.88733053,0.7546145,0.7144754,19879.498,2.016984,0.28582218,0.037739426,0.46245435,0.0
3309,1.5065011,0.83239245,0.88004076,0.7703673,19879.498,1.5065011,0.28582218,0.043903507,0.53798825,0.0
3310,0.85024756,0.7550007,0.8760568,0.73043126,28162.62,0.7873794,1.0628095,0.048088606,0.58927196,0.0
3311,2.4198453,0.9306864,0.8840516,0.4978505,28162.62,2.4198453,1.0628095,0.03894841,0.47726908,0.0
3312,2.7580628,0.9670853,0.9190938,0.59820825,28162.62,2.7580628,1.0628095,0.042370226,0.5191996,0.0
3313,2.8607554,0.9781371,0.9625866,0.6246202,28162.62,2.8607554,1.0628095,0.032260854,0.3953206,0.0
3314,2.6315956,0.95347494,1.0085282,0.6763645,28162.62,2.6315956,1.0628095,0.030059546,0.36834604,0.0
3315,3.5342264,1.0506159,0.9516363,0.7408933,28162.62,3.5342264,1.0628095,0.032561954,0.39901024,0.0
3316,4.4868236,1.1531342,1.1513913,0.6919374,28162.62,4.4868236,1.0628095,0.026197908,0.321026,0.0
3317,5.539563,1.2664299,1.2168204,0.7866022,29819.24,5.539563,1.2182066,0.03876081,0.47497028,0.0
3318,4.5894995,1.1641842,1.2022547,0.75263554,29819.24,4.5894995,1.2182066,0.049060535,0.60118186,0.0
3319,0.9745653,0.7404404,1.3015887,0.5512398,29819.24,0.6520857,1.2182066,0.05552517,0.6803987,0.0
3320,3.2521968,1.0202639,1.3938708,0.6424792,29819.24,3.2521968,1.2182066,0.052240387,0.6401474,0.0
3321,2.3127844,0.91916454,1.2434663,0.64293516,29819.24,2.3127844,1.2182066,0.028299538,0.3467791,0.0
3322,3.5549912,1.0528506,1.4717157,0.7616564,29819.24,3.5549912,1.2182066,0.038584027,0.472804,0.0
3323,2.0735657,0.89341986,1.2165053,0.6808516,29819.24,2.0735657,1.2182066,0.03268619,0.4005326,0.0
3324,5.2609296,1.2364434,1.6226459,0.64724576,29819.24,5.2609296,1.2182066,0.061435062,0.7528178,0.0
3325,3.6310318,1.0610341,1.6501812,0.68444824,29819.24,3.6310318,1.2182066,0.036627352,0.44882715,0.0
3326,2.3584578,0.9240799,1.6153277,0.6767768,29819.24,2.3584578,1.2182066,0.03283075,0.40230402,0.0
3327,2.0603848,0.89200133,1.68899,0.6477805,29819.24,2.0603848,1.2182066,0.036734216,0.45013663,0.0
3328,1.6208904,0.844703,1.2854937,0.7394155,29819.24,1.6208904,1.2182066,0.04501327,0.55158716,0.0
3329,1.8317418,0.8673948,1.236437,0.8492021,29819.24,1.8317418,1.2182066,0.073789515,0.90420777,0.0
3330,1.8954682,0.87425303,1.0245241,0.71422666,29819.24,1.8954682,1.2182066,0.05404936,0.66231436,0.0
3331,0.9745653,0.7624035,1.0595146,0.5945973,29819.24,0.85616577,1.2182066,0.050193153,0.6150608,0.0
3332,1.7899925,0.86290175,1.2251416,0.52206224,29819.24,1.7899925,1.2182066,0.04732086,0.5798641,0.0
3333,1.7618632,0.8598745,1.3527458,0.48495048,27610.412,1.7618632,1.0110104,0.045079,0.5523926,0.0
3334,4.408636,1.1447197,1.3326275,0.3224211,26505.986,4.408636,0.90741116,0.034158368,0.4185725,0.0
3335,1.2199336,0.8015521,0.8873168,0.41288346,26505.986,1.2199336,0.90741116,0.07441091,0.91182226,0.0
3336,3.9492166,1.0952771,1.2061287,0.48495048,26505.986,3.9492166,0.90741116,0.044484258,0.5451047,0.0
3337,4.765088,1.183081,1.2298145,0.36968547,16566.244,4.765088,0.0,0.024939453,0.30560505,0.0
3338,4.219444,1.1243589,1.0911932,0.52991843,16566.244,4.219444,0.0,0.057183955,0.70072526,0.0
3339,3.9765987,1.0982239,1.0163249,0.55448467,16566.244,3.9765987,0.0,0.05472172,0.6705533,0.0
3340,4.6696997,1.1728153,1.17359,0.5603719,16566.244,4.6696997,0.0,0.043824602,0.53702134,0.0
3341,3.7539985,1.0742677,1.1852707,0.45500946,16566.244,3.7539985,0.0,0.04845463,0.59375715,0.0
3342,4.4448023,1.1486119,1.1089486,0.61951494,16566.244,4.4448023,0.0,0.037113428,0.45478344,0.0
3343,4.194191,1.1216412,1.1548088,0.3701662,16566.244,4.194191,0.0,0.035101984,0.43013546,0.0
3344,2.2216809,0.90936,0.96948147,0.57032055,16566.244,2.2216809,0.0,0.064967565,0.79610467,0.0
3345,5.0658026,1.2154438,1.1928273,0.6711165,16566.244,5.0658026,0.0,0.029586067,0.3625441,0.0
3346,1.7156432,0.8549003,1.1239895,0.8119127,16566.244,1.7156432,0.0,0.039310243,0.48170295,0.0
3347,4.783754,1.1850898,1.2264619,0.7307998,16566.244,4.783754,0.0,0.037717406,0.46218452,0.0
3348,1.6126475,0.8438159,1.0401142,0.76253676,16566.244,1.6126475,0.0,0.03757247,0.46040848,0.0
3349,4.9649863,1.204594,1.1386421,0.68597555,16566.244,4.9649863,0.0,0.04009444,0.49131238,0.0
3350,2.281248,0.9157706,0.9829767,0.6233672,16566.244,2.281248,0.0,0.0426805,0.5230017,0.0
3351,1.8945372,0.87415284,0.93935716,0.73376465,16566.244,1.8945372,0.0,0.038939565,0.47716072,0.0
3352,1.915987,0.87646127,0.8428948,0.5211326,16566.244,1.915987,0.0,0.031926293,0.39122093,0.0
3353,2.05041,0.89092785,0.8620032,0.43214375,16566.244,2.05041,0.0,0.03157812,0.38695446,0.0
3354,1.7985116,0.8638186,0.87520623,0.52594846,16566.244,1.7985116,0.0,0.03183932,0.39015517,0.0
3355,1.6920196,0.8523579,0.83979505,0.34402174,16566.244,1.6920196,0.0,0.038414218,0.47072318,0.0
3356,1.2535752,0.8051726,0.8112546,0.53987455,16566.244,1.2535752,0.0,0.03010488,0.36890155,0.0
3357,1.8541486,0.86980623,0.87671256,0.34948432,16566.244,1.8541486,0.0,0.028276714,0.3464994,0.0
3358,1.92366,0.87728703,0.8566605,0.55752844,16566.244,1.92366,0.0,0.034807827,0.4265309,0.0
3359,3.3182383,1.0273713,1.0654027,0.6192695,16566.244,3.3182383,0.0,0.035113223,0.43027318,0.0
3360,3.4227288,1.0386165,1.0114552,0.54980046,16566.244,3.4227288,0.0,0.032852054,0.4025651,0.0
3361,3.6025996,1.0579742,0.9412317,0.50938433,0.0,3.6025996,0.0,0.031259447,0.3830495,0.0
3362,3.6027858,1.0579942,0.99316216,0.47046012,0.0,3.6027858,0.0,0.02947064,0.36112964,0.0
3363,3.1458564,1.0088196,1.029456,0.50210017,16566.244,3.1458564,0.0,0.03343686,0.40973124,0.0
3364,3.6305134,1.0609783,1.0348419,0.5493566,16566.244,3.6305134,0.0,0.02882508,0.35321903,0.0
3365,3.0856192,1.0023369,1.077262,0.596212,16566.244,3.0856192,0.0,0.024820345,0.3041455,0.0
3366,3.4305124,1.0394542,1.1664549,0.617313,16566.244,3.4305124,0.0,0.02737123,0.33540374,0.0
3367,2.8681161,0.9789292,1.0984774,0.617269,16566.244,2.8681161,0.0,0.024466693,0.2998119,0.0
3368,2.9496691,0.98770595,1.2957516,0.6343638,16566.244,2.9496691,0.0,0.031632315,0.38761857,0.0
3369,3.1148498,1.0054827,1.3102489,0.56474185,16566.244,3.1148498,0.0,0.027629338,0.33856657,0.0
3370,3.2416084,1.0191244,1.3274221,0.5289605,16566.244,3.2416084,0.0,0.034996863,0.4288473,0.0
3371,3.7467499,1.0734876,1.1232347,0.6395236,16566.244,3.7467499,0.0,0.04268383,0.52304244,0.0
3372,6.1053586,1.3273207,1.4116669,0.46665084,16566.244,6.1053586,0.0,0.02850981,0.34935576,0.0
3373,6.371778,1.3559927,1.4590268,0.49288538,16566.244,6.371778,0.0,0.030849122,0.3780214,0.0
3374,6.5520453,1.375393,1.4702541,0.6104696,16566.244,6.5520453,0.0,0.03569723,0.43742952,0.0
3375,4.321976,1.1353934,1.2952337,0.65025157,16566.244,4.321976,0.0,0.04596902,0.5632988,0.0
3376,3.8760827,1.0874064,1.2857388,0.7566759,16566.244,3.8760827,0.0,0.049106315,0.6017428,0.0
3377,6.794491,1.401485,1.373348,0.6159059,16566.244,6.794491,0.0,0.04063987,0.49799603,0.0
3378,3.3100247,1.0264874,1.1579721,0.8668798,16566.244,3.3100247,0.0,0.048659805,0.59627134,0.0
3379,6.369324,1.3557286,1.3437587,0.7740301,16566.244,6.369324,0.0,0.07020682,0.8603059,0.0
3380,5.5275927,1.2651416,1.2998629,0.7740301,16566.244,5.5275927,0.0,0.07262339,0.8899182,0.0
3381,5.730879,1.2870193,1.3043216,0.9258438,16566.244,5.730879,0.0,0.081065394,0.9933655,0.0
3382,1.3249768,0.81285685,0.8190918,0.7172434,17118.451,1.3249768,0.026825838,0.051314324,0.6287995,0.0
3383,0.5172395,0.7259283,0.73326707,0.77112997,17118.451,0.5172395,0.026825838,0.035604145,0.4362889,0.0
3384,2.3032212,0.91813534,1.3768669,0.81831044,17118.451,2.3032212,0.026825838,0.041872162,0.5130964,0.0
3385,2.8870442,0.98096627,1.4102216,0.81977737,17118.451,2.8870442,0.026825838,0.045470987,0.55719596,0.0
3386,1.8495789,0.86931443,1.3637578,0.8077445,17118.451,1.8495789,0.026825838,0.03648795,0.4471189,0.0
3387,0.776822,0.7538645,0.8338849,0.77167326,17118.451,0.776822,0.026825838,0.04317785,0.5290961,0.0
3388,3.4870932,1.0455434,0.92905617,0.7767368,17118.451,3.4870932,0.026825838,0.04346478,0.53261214,0.0
3389,3.0042698,0.99358207,0.9141712,0.88153654,17118.451,3.0042698,0.026825838,0.055628102,0.68166006,0.0
3390,1.5486087,0.8369241,0.8327573,0.563606,17118.451,1.5486087,0.026825838,0.058991678,0.7228769,0.0
3391,1.331865,0.81359816,0.8913425,0.75316584,17118.451,1.331865,0.026825838,0.043204054,0.5294173,0.0
3392,1.3287092,0.8132585,0.72247714,0.6054053,17118.451,1.3287092,0.026825838,0.03938262,0.48258987,0.0
3393,2.080402,0.89415556,0.7667879,0.60158014,17118.451,2.080402,0.026825838,0.040400922,0.495068,0.0
3394,1.965061,0.8817426,1.2295301,0.73545116,17118.451,1.965061,0.026825838,0.041921493,0.5137009,0.0
3395,2.1578543,0.902491,0.96273696,0.6733574,17118.451,2.1578543,0.026825838,0.044939015,0.55067724,0.0
3396,1.2465198,0.8044133,0.8364061,0.6730204,17118.451,1.2465198,0.026825838,0.040717907,0.4989523,0.0
3397,2.0350316,0.8892728,0.7869459,0.7018297,17118.451,2.0350316,0.026825838,0.042772844,0.52413327,0.0
3398,0.9270839,0.7700357,0.75156933,0.54007244,16566.244,0.9270839,0.0,0.036636192,0.44893545,0.0
3399,0.8620044,0.76303184,0.7337227,0.65613323,16566.244,0.8620044,0.0,0.035591315,0.43613166,0.0
3400,1.8837062,0.8729872,0.83928174,0.72063494,16566.244,1.8837062,0.0,0.0348401,0.42692637,0.0
3401,1.4622107,0.82762593,0.7388733,0.6557193,16566.244,1.4622107,0.0,0.03631871,0.44504505,0.0
3402,2.426615,0.93141496,0.91952527,0.5444639,16566.244,2.426615,0.0,0.033157635,0.40630963,0.0
3403,2.030367,0.8887708,0.9496236,0.6888557,16566.244,2.030367,0.0,0.037529252,0.45987892,0.0
3404,1.0859663,0.7871346,1.0647298,0.5761143,16566.244,1.0859663,0.0,0.03073872,0.37666857,0.0
3405,1.018188,0.7798403,0.812587,0.65677917,16566.244,1.018188,0.0,0.0358098,0.43880895,0.0
3406,0.45176512,0.71888196,0.6683318,0.6244051,17118.451,0.45176512,0.026825838,0.03859221,0.47290424,0.0
3407,0.49187067,0.7231981,0.70237356,0.65716213,17118.451,0.49187067,0.026825838,0.042979907,0.5266706,0.0
3408,1.6706944,0.8500629,1.0527369,0.8153773,17118.451,1.6706944,0.026825838,0.049434606,0.6057657,0.0
3409,1.5344447,0.83539975,1.1212538,0.84890044,17118.451,1.5344447,0.026825838,0.047384642,0.5806457,0.0
3410,6.4177933,1.3609449,1.4610863,0.8884458,17118.451,6.4177933,0.026825838,0.056330033,0.6902614,0.0
3411,0.9117651,0.7683871,0.70511085,0.61902267,17118.451,0.9117651,0.026825838,0.0345935,0.42390457,0.0
3412,1.5208844,0.8339404,0.7993234,0.76638794,17118.451,1.5208844,0.026825838,0.06242441,0.76494116,0.0
3413,2.2743382,0.91502696,0.7914072,0.80995417,17118.451,2.2743382,0.026825838,0.04813645,0.58985823,0.0
3414,3.6240783,1.0453618,1.1360544,0.8380506,17118.451,3.4854052,0.026825838,0.09088359,1.1136765,1.0
3415,1.4325511,0.824434,0.88010263,0.84874135,17118.451,1.4325511,0.026825838,0.054007627,0.66180295,0.0
3416,2.5490007,0.9445861,0.89207834,0.8744352,17118.451,2.5490007,0.026825838,0.054248784,0.664758,0.0
3417,5.226147,1.2327001,1.2361027,0.6984255,28162.62,5.226147,1.0628095,0.050576825,0.6197623,0.0
3418,3.806717,1.0799413,1.2298377,0.5707077,28162.62,3.806717,1.0628095,0.048094407,0.589343,0.0
3419,4.1817946,1.1203071,1.2062509,0.72832686,28162.62,4.1817946,1.0628095,0.059662975,0.7311029,0.0
3420,3.3642151,1.0323193,1.1539944,0.80038047,28162.62,3.3642151,1.0628095,0.045717016,0.56021076,0.0
3421,0.85024756,0.67082185,0.76075494,0.74589777,28162.62,0.0051920153,1.0628095,0.06017714,0.7374034,0.0
3422,4.5028815,1.1548624,1.1287572,0.7382032,28162.62,4.5028815,1.0628095,0.051674545,0.63321364,0.0
3423,1.6976211,0.85296077,0.86003417,0.74589777,28162.62,1.6976211,1.0628095,0.06329228,0.77557594,0.0
3424,1.1477007,0.7937784,1.0496498,0.4940228,28162.62,1.1477007,1.0628095,0.048680384,0.5965235,0.0
3425,1.2262152,0.80222815,0.8159477,0.7497504,28162.62,1.2262152,1.0628095,0.053585917,0.65663534,0.0
3426,3.4548419,1.0420725,1.0522301,0.89350146,28162.62,3.4548419,1.0628095,0.0513434,0.6291558,0.0
3427,0.85024756,0.7402297,1.1140314,0.6572653,28162.62,0.6501278,1.0628095,0.047716197,0.5847085,0.0
3428,3.1533885,1.0096302,1.249012,0.5901762,28162.62,3.1533885,1.0628095,0.047843732,0.5862713,0.0
3429,1.8139722,0.86548245,1.2479806,0.5849392,28162.62,1.8139722,1.0628095,0.056097336,0.68740994,0.0
3430,0.85024756,0.6217292,1.2235479,0.5849392,28162.62,0.0,1.0628095,0.056696266,0.6947492,0.0
3431,0.85024756,0.6242293,1.181189,0.5125824,28162.62,0.0,1.0628095,0.040208623,0.4927116,0.0
3432,0.85024756,0.74474317,0.9177106,0.5856419,28162.62,0.6920666,1.0628095,0.03516273,0.4308798,0.0
3433,2.0677342,0.8927923,1.066653,0.66861093,27058.193,2.0677342,0.9592102,0.03009034,0.36872336,0.0
3434,3.4618356,1.0428252,1.0939953,0.7272193,27058.193,3.4618356,0.9592102,0.036647413,0.44907296,0.0
3435,4.150538,1.1169432,1.2248433,0.7070535,27058.193,4.150538,0.9592102,0.041727398,0.5113225,0.0
3436,1.6729983,0.85031086,1.2725964,0.7564255,27058.193,1.6729983,0.9592102,0.050154634,0.6145888,0.0
3437,3.6614535,1.064308,0.9977262,0.6771334,27058.193,3.6614535,0.9592102,0.046094913,0.5648415,0.0
3438,3.5251856,1.0496429,1.0468584,0.7661008,27058.193,3.5251856,0.9592102,0.054242816,0.6646849,0.0
3439,3.1803985,1.012537,1.147584,0.7204268,27058.193,3.1803985,0.9592102,0.04828434,0.59167045,0.0
3440,0.7985626,0.75620425,0.83239925,0.67463195,27058.193,0.7985626,0.9592102,0.05321976,0.6521485,0.0
3441,5.0282397,1.2114013,1.2180965,0.75109357,27058.193,5.0282397,0.9592102,0.05831339,0.7145652,0.0
3442,2.2584307,0.913315,0.77919525,0.60753083,27058.193,2.2584307,0.9592102,0.06062913,0.74294204,0.0
3443,1.4967113,0.8313389,0.7067765,0.73830396,27058.193,1.4967113,0.9592102,0.05356211,0.6563436,0.0
3444,0.8602986,0.76284826,0.6960449,0.42088968,16566.244,0.8602986,0.0,0.047743455,0.58504254,0.0
3445,1.0268556,0.7807731,0.7142669,0.43922246,16566.244,1.0268556,0.0,0.051195715,0.6273461,0.0
3446,0.8077171,0.75718945,0.74320346,0.43922246,16566.244,0.8077171,0.0,0.045547213,0.55813,0.0
3447,1.7361748,0.8571099,0.7689728,0.4357357,16566.244,1.7361748,0.0,0.045503624,0.5575959,0.0
3448,1.6833835,0.8514285,0.7935994,0.42736575,16566.244,1.6833835,0.0,0.044942245,0.5507168,0.0
3449,1.2356894,0.80324775,0.74438995,0.47463134,16566.244,1.2356894,0.0,0.048668925,0.5963831,0.0
3450,1.5769417,0.8399733,0.8079918,0.5133315,16566.244,1.5769417,0.0,0.04633928,0.5678359,0.0
3451,1.8438427,0.8686971,0.791529,0.5210196,16566.244,1.8438427,0.0,0.049309596,0.6042338,0.0
3452,1.7120471,0.8545133,0.76527816,0.4914141,16566.244,1.7120471,0.0,0.050371878,0.6172509,0.0
3453,0.0,0.5912624,0.67761934,0.5292038,16566.244,0.0,0.0,0.052318353,0.6411028,0.0
3454,1.2704403,0.80698764,0.687415,0.5859063,16566.244,1.2704403,0.0,0.048669193,0.5963864,0.0
3455,0.9982944,0.77769935,0.740104,0.5077837,16566.244,0.9982944,0.0,0.049172148,0.60254955,0.0
3456,2.1348903,0.9000196,0.75225425,0.6657423,16566.244,2.1348903,0.0,0.04489756,0.5501693,0.0
3457,1.1728557,0.7964856,0.7539199,0.5872928,16566.244,1.1728557,0.0,0.04704197,0.5764466,0.0
3458,1.7698252,0.86073136,0.7451877,0.560539,16566.244,1.7698252,0.0,0.046814263,0.5736563,0.0
3459,1.1943156,0.7987951,0.6850753,0.59170526,16566.244,1.1943156,0.0,0.038158737,0.46759254,0.0
3460,2.0524726,0.8911498,0.79537076,0.5705797,16566.244,2.0524726,0.0,0.04262893,0.52236974,0.0
3461,1.9274068,0.87769026,0.72001344,0.6885883,16566.244,1.9274068,0.0,0.039944176,0.48947108,0.0
3462,0.10234631,0.6812776,0.749523,0.48618945,16566.244,0.10234631,0.0,0.045940407,0.56294817,0.0
3463,1.9358562,0.8785996,0.8115048,0.5294048,16566.244,1.9358562,0.0,0.034064695,0.41742465,0.0
3464,0.0,0.65660125,0.71444863,0.51603717,16566.244,0.0,0.0,0.03972706,0.48681056,0.0
3465,0.952543,0.7727756,0.7273179,0.5195289,16566.244,0.952543,0.0,0.044896875,0.5501609,0.0
3466,0.97799826,0.7755151,0.8419137,0.5221388,16566.244,0.97799826,0.0,0.03972147,0.48674208,0.0
3467,1.5793294,0.8402302,0.7479824,0.5525453,16566.244,1.5793294,0.0,0.033568278,0.4113416,0.0
3468,1.9973285,0.8852152,0.7983266,0.63668954,16566.244,1.9973285,0.0,0.040920544,0.5014354,0.0
3469,1.1171235,0.7904877,0.79558367,0.6471346,16566.244,1.1171235,0.0,0.040125463,0.49169257,0.0
3470,1.9404143,0.87909013,0.80449545,0.5544841,16566.244,1.9404143,0.0,0.040486276,0.49611393,0.0
3471,2.5602145,0.9457929,0.8415082,0.5650713,16566.244,2.5602145,0.0,0.04442937,0.5444321,0.0
3472,3.0840063,1.0021633,1.1089269,0.68711597,16566.244,3.0840063,0.0,0.053379316,0.6541037,0.0
3473,2.4630668,0.9353379,0.83124727,0.8179483,16566.244,2.4630668,0.0,0.057905167,0.7095629,0.0
3474,4.0753217,1.1088485,1.0272717,0.6767711,16566.244,4.0753217,0.0,0.05395694,0.6611818,0.0
3475,2.735117,0.9646159,0.73360145,0.8549516,16566.244,2.735117,0.0,0.06082252,0.7453118,0.0
3476,2.94044,0.9867127,0.9836974,0.69138134,16566.244,2.94044,0.0,0.057884008,0.7093036,0.0
3477,4.034326,1.1044365,1.194274,0.70581305,16566.244,4.034326,0.0,0.040494677,0.49621686,0.0
3478,3.3430736,1.0300441,1.0327449,0.662685,16566.244,3.3430736,0.0,0.038052768,0.466294,0.0
3479,2.8088148,0.97254723,0.8863528,0.7932892,16566.244,2.8088148,0.0,0.039490327,0.4839097,0.0
3480,1.164039,0.79553676,0.8293661,0.7654084,16566.244,1.164039,0.0,0.04940769,0.60543585,0.0
3481,3.9076662,1.0908054,1.2023292,0.7367785,16566.244,3.9076662,0.0,0.050899997,0.6237224,0.0
3482,3.9163148,1.0917362,1.2779155,0.8325892,16566.244,3.9163148,0.0,0.050035257,0.613126,0.0
3483,3.3112342,1.0266175,0.93266207,0.709251,0.0,3.3112342,0.0,0.060544487,0.7419048,0.0
3484,3.8005803,1.0792809,1.0015514,0.74104863,0.0,3.8005803,0.0,0.05558356,0.6811142,0.0
3485,3.883052,1.0881565,0.9795885,0.76681834,0.0,3.883052,0.0,0.045370724,0.55596733,0.0
3486,5.7240214,1.2862812,1.6400093,0.70832086,0.0,5.7240214,0.0,0.056031555,0.6866039,0.0
3487,4.879853,1.195432,1.2208807,0.67088753,0.0,4.879853,0.0,0.051768597,0.6343661,0.0
3488,7.235443,1.4489402,1.4325559,0.6896294,0.0,7.235443,0.0,0.05206137,0.63795376,0.0
3489,5.2815027,1.2386575,1.4484321,0.7293702,0.0,5.2815027,0.0,0.053032387,0.64985245,0.0
3490,7.7325473,1.5024384,1.447341,0.55913526,0.0,7.7325473,0.0,0.043424975,0.5321244,0.0
3491,6.104416,1.3272192,1.5622303,0.76496077,0.0,6.104416,0.0,0.050459996,0.61833066,0.0
3492,7.8109617,1.5108774,1.6311444,0.67873895,0.0,7.8109617,0.0,0.03996211,0.48969084,0.0
3493,6.9126267,1.4141988,1.722579,0.564949,0.0,6.9126267,0.0,0.036947947,0.45275566,0.0
3494,11.136936,1.8688182,1.9234139,0.6333206,0.0,11.136936,0.0,0.036861524,0.45169666,0.0
3495,11.829492,1.9433509,2.0241053,0.70555216,0.0,11.829492,0.0,0.041850578,0.5128319,0.0
3496,12.494908,2.014963,2.0747406,0.65166354,0.0,12.494908,0.0,0.040743552,0.49926656,0.0
3497,11.02638,1.8569201,2.103521,0.5560758,16014.038,11.02638,0.0,0.04526354,0.55465394,0.0
3498,13.662995,2.1406722,2.2148929,0.6591811,16014.038,13.662995,0.0,0.047296774,0.5795689,0.0
3499,9.173603,1.6575246,2.0579412,0.72855765,16014.038,9.173603,0.0,0.056256924,0.6893655,0.0
3500,12.299913,1.9939775,2.1981938,0.8151806,16014.038,12.299913,0.0,0.04452867,0.54564893,0.0
3501,10.299613,1.7787056,1.8656739,0.5413091,16014.038,10.299613,0.0,0.03829283,0.4692357,0.0
3502,11.006926,1.8548265,2.092285,0.7913252,16014.038,11.006926,0.0,0.047588985,0.5831497,0.0
3503,11.134154,1.8685188,2.0555618,0.6447305,16014.038,11.134154,0.0,0.04574684,0.56057626,0.0
3504,11.479704,1.9057068,2.600682,0.90148866,16014.038,11.479704,0.0,0.0569764,0.6981819,0.0
3505,10.654142,1.81686,2.064651,0.8302627,16014.038,10.654142,0.0,0.049523667,0.606857,0.0
3506,10.9347515,1.8470591,1.8660203,0.8755887,16014.038,10.9347515,0.0,0.048776235,0.5976981,0.0
3507,10.785817,1.8310308,1.9705197,0.78752935,16566.244,10.785817,0.0,0.052075047,0.6381213,0.0
3508,14.133535,2.1913116,2.3773623,0.696577,16566.244,14.133535,0.0,0.067208365,0.82356316,0.0
3509,10.61459,1.8126034,2.3425355,0.7846164,16566.244,10.61459,0.0,0.061515287,0.75380087,0.0
3510,10.165451,1.7642671,1.7400831,0.63589674,16566.244,10.165451,0.0,0.043848693,0.53731656,0.0
3511,10.029559,1.7496425,1.7741296,0.7885524,28162.62,10.029559,1.0628095,0.046800215,0.5734842,0.0
3512,9.960566,1.7422174,1.8212557,0.8269047,28162.62,9.960566,1.0628095,0.043380074,0.5315742,0.0
3513,8.271623,1.5604537,1.7624271,0.74229395,28162.62,8.271623,1.0628095,0.050945025,0.6242742,0.0
3514,8.980764,1.6367713,1.9393924,0.7024396,28162.62,8.980764,1.0628095,0.046503484,0.56984806,0.0
3515,10.024296,1.749076,2.0381296,0.88147354,28162.62,10.024296,1.0628095,0.061540462,0.7541094,0.0
3516,6.7887707,1.4008694,2.1706545,0.97082907,28162.62,6.7887707,1.0628095,0.047666922,0.5841047,0.0
3517,7.194178,1.4444993,1.7894344,0.86618257,28162.62,7.194178,1.0628095,0.04246568,0.5203693,0.0
3518,10.351928,1.7843357,2.1979084,0.9124717,28162.62,10.351928,1.0628095,0.050473236,0.6184929,0.0
3519,6.4813027,1.3677797,1.8885357,0.61189884,28162.62,6.4813027,1.0628095,0.05527614,0.6773471,0.0
3520,7.6062083,1.4888419,1.8556665,0.6394989,28162.62,7.6062083,1.0628095,0.04782814,0.58608025,0.0
3521,1.995143,0.88498,1.4681786,0.77960336,28162.62,1.995143,1.0628095,0.039986376,0.4899882,0.0
3522,5.138868,1.2233071,1.226118,0.7353791,28162.62,5.138868,1.0628095,0.034139898,0.41834617,0.0
3523,4.7167907,1.1778833,1.2678635,0.7857348,28162.62,4.7167907,1.0628095,0.041344624,0.50663203,0.0
3524,4.386796,1.1423693,1.3672026,0.80586946,28162.62,4.386796,1.0628095,0.03209479,0.3932857,0.0
3525,4.5895452,1.1641891,1.3782008,0.7661226,28162.62,4.5895452,1.0628095,0.038217977,0.46831846,0.0
3526,3.9440758,1.0947238,1.5662076,0.7588992,28162.62,3.9440758,1.0628095,0.046988312,0.5757891,0.0
3527,3.2895513,1.024284,1.5847085,0.6597317,28162.62,3.2895513,1.0628095,0.03376006,0.41369167,0.0
3528,3.5811703,1.055668,1.2086827,0.7067838,26505.986,3.5811703,0.90741116,0.03716445,0.45540866,0.0
3529,2.691757,0.9599495,1.5818533,0.65196735,26505.986,2.691757,0.90741116,0.045067754,0.5522548,0.0
3530,2.5169106,0.94113255,0.95049596,0.7142825,26505.986,2.5169106,0.90741116,0.031512804,0.3861541,0.0
3531,2.433846,0.93219316,1.1216614,0.7722337,26505.986,2.433846,0.90741116,0.031531464,0.38638276,0.0
3532,2.6127748,0.95144945,1.0272931,0.59884787,26505.986,2.6127748,0.90741116,0.029656682,0.3634094,0.0
3533,2.9643283,0.98928356,1.0325272,0.5925185,26505.986,2.9643283,0.90741116,0.02850726,0.34932452,0.0
3534,3.089126,1.0027143,1.2358756,0.49214578,26505.986,3.089126,0.90741116,0.033902552,0.41543776,0.0
3535,3.019613,0.9952333,0.97284925,0.41368973,26505.986,3.019613,0.90741116,0.032197483,0.39454406,0.0
3536,3.0574322,0.9993034,1.1155618,0.50118697,26505.986,3.0574322,0.90741116,0.036513455,0.44743145,0.0
3537,2.8430972,0.9762367,1.0522083,0.49255255,26505.986,2.8430972,0.90741116,0.04028925,0.49369958,0.0
3538,2.6309404,0.9534044,0.9707069,0.51703554,26505.986,2.6309404,0.90741116,0.035828423,0.43903714,0.0
3539,2.3644443,0.92472416,0.79089737,0.6702308,16566.244,2.3644443,0.0,0.045021515,0.5516882,0.0
3540,2.2853189,0.9162087,0.8958163,0.4728096,16566.244,2.2853189,0.0,0.03950951,0.48414475,0.0
3541,2.349445,0.92310995,0.89443654,0.49188784,16566.244,2.349445,0.0,0.039503686,0.48407337,0.0
3542,1.1671444,0.79587096,0.8493855,0.47379526,16566.244,1.1671444,0.0,0.037141085,0.45512235,0.0
3543,2.0387285,0.88967067,0.9211356,0.49223793,16566.244,2.0387285,0.0,0.05128907,0.62849003,0.0
3544,2.0964136,0.89587873,0.79784656,0.7576875,16566.244,2.0964136,0.0,0.04852946,0.5946741,0.0
3545,0.49820665,0.72388,0.78985965,0.64316374,16566.244,0.49820665,0.0,0.035545025,0.43556443,0.0
3546,1.7847414,0.86233664,0.79330176,0.7357188,16566.244,1.7847414,0.0,0.037912916,0.4645803,0.0
3547,2.494868,0.93876034,0.85476524,0.6219308,16566.244,2.494868,0.0,0.0377994,0.46318927,0.0
3548,1.6806297,0.85113215,0.90446866,0.64877665,16566.244,1.6806297,0.0,0.06014813,0.7370479,0.0
3549,1.8463539,0.86896735,1.0658675,0.695532,16566.244,1.8463539,0.0,0.050645974,0.62060964,0.0
3550,1.8106447,0.86512434,1.0393107,0.6287758,16566.244,1.8106447,0.0,0.035132457,0.43050888,0.0
3551,5.1434073,1.2237957,1.0345432,0.78588,16566.244,5.1434073,0.0,0.05552631,0.68041265,0.0
3552,2.8352754,0.9753949,0.972295,0.6521145,16566.244,2.8352754,0.0,0.05799653,0.71068245,0.0
3553,2.39769,0.92830205,0.9172107,0.7585646,16566.244,2.39769,0.0,0.05500486,0.6740229,0.0
3554,2.3785198,0.92623895,0.8824166,0.7284312,16566.244,2.3785198,0.0,0.045864917,0.56202316,0.0
3555,2.40291,0.9288638,0.9070764,0.61088604,16014.038,2.40291,0.0,0.049885456,0.61129034,0.0
3556,2.2832751,0.91598874,0.8899158,0.74789923,16014.038,2.2832751,0.0,0.05352679,0.6559108,0.0
3557,1.0823071,0.7867408,0.8511553,0.76105154,16014.038,1.0823071,0.0,0.067743026,0.83011484,0.0
3558,3.100183,1.0039042,1.1317799,0.62432224,16014.038,3.100183,0.0,0.05811702,0.7121589,0.0
3559,2.090905,0.8952859,0.8051103,0.7169918,16014.038,2.090905,0.0,0.053207427,0.6519974,0.0
3560,2.722681,0.9632775,1.260808,0.7492913,27610.412,2.722681,1.0110104,0.05050463,0.6188776,0.0
3561,1.768001,0.860535,1.3455341,0.8043956,27610.412,1.768001,1.0110104,0.059049655,0.72358733,0.0
3562,1.3073236,0.810957,1.0155145,0.79441535,27610.412,1.3073236,1.0110104,0.055793304,0.6836844,0.0
3563,0.8088083,0.7299771,1.1151782,0.8243961,27610.412,0.55486053,1.0110104,0.06412447,0.7857735,0.0
3564,1.3337088,0.8137966,1.2892685,0.7238422,27610.412,1.3337088,1.0110104,0.054569047,0.6686825,0.0
3565,4.8780417,1.195237,1.2744993,0.79526156,27610.412,4.8780417,1.0110104,0.06907892,0.8464847,0.0
3566,0.8088083,0.6399173,0.79579085,0.76654565,27610.412,0.0,1.0110104,0.069733955,0.85451144,0.0
3567,0.8088083,0.7318437,0.88182217,0.71786004,27610.412,0.57220525,1.0110104,0.052124273,0.6387245,0.0
3568,6.441333,1.3634782,1.3947476,0.62998086,27610.412,6.441333,1.0110104,0.061194576,0.74987096,0.0
3569,2.2824864,0.91590387,1.4077343,0.6618807,27610.412,2.2824864,1.0110104,0.060991473,0.7473821,0.0
3570,2.7132301,0.9622604,1.4444972,0.5950897,27610.412,2.7132301,1.0110104,0.07351706,0.9008692,0.0
3571,0.8088083,0.7467631,1.1486208,0.82316226,27610.412,0.7108359,1.0110104,0.076800145,0.9410997,0.0
3572,1.9132538,0.8761671,1.346575,0.65679497,27610.412,1.9132538,1.0110104,0.058183283,0.7129709,0.0
3573,4.9931955,1.2076299,1.3900683,0.70621836,27610.412,4.9931955,1.0110104,0.079067744,0.96888655,0.0
3574,2.1080115,0.8971269,1.4017621,0.67650735,27610.412,2.1080115,1.0110104,0.062279213,0.76316196,0.0
3575,4.922533,1.2000252,1.3928969,0.74052644,27610.412,4.922533,1.0110104,0.055421315,0.6791261,0.0
3576,2.8338597,0.97524256,1.6760178,0.61941546,24297.16,2.8338597,0.70021516,0.06582938,0.80666524,0.0
3577,2.753421,0.96658576,1.5449376,0.63337755,24297.16,2.753421,0.70021516,0.07117047,0.87211436,0.0
3578,2.7099774,0.96191037,1.0967287,0.784654,24297.16,2.7099774,0.70021516,0.07879973,0.9656024,0.0
3579,3.2405436,1.018471,0.97331417,0.746074,24297.16,3.235537,0.70021516,0.0819676,1.004421,1.0
3580,3.129941,1.0071068,1.1310546,0.62816876,24297.16,3.129941,0.70021516,0.075350925,0.9233411,0.0
3581,1.5432802,0.8322271,1.0309111,0.83406645,24297.16,1.5049647,0.70021516,0.08754297,1.072741,1.0
3582,3.9707766,1.0975974,1.2023726,0.6589364,24297.16,3.9707766,0.70021516,0.055827994,0.68410945,0.0
3583,4.650201,1.1707169,1.2382843,0.6197401,24297.16,4.650201,0.70021516,0.05879758,0.72049844,0.0
3584,5.8521013,1.3000652,1.1675581,0.71222705,23192.75,5.8521013,0.5966174,0.080140986,0.9820379,0.0
3585,4.87853,1.1952896,1.1766369,0.6166711,23192.75,4.87853,0.5966174,0.07197847,0.88201547,0.0
3586,5.1441627,1.223877,1.2865947,0.631534,16566.244,5.1441627,0.0,0.04618276,0.5659179,0.0
3587,4.8016267,1.1870133,1.242955,0.70117253,16566.244,4.8016267,0.0,0.06296346,0.77154666,0.0
3588,5.002127,1.2085911,1.0975748,0.6407905,16566.244,5.002127,0.0,0.051562827,0.63184464,0.0
3589,4.8415985,1.191315,1.175297,0.55359375,16566.244,4.8415985,0.0,0.05299173,0.6493542,0.0
3590,4.781111,1.1848054,1.165633,0.6199393,16566.244,4.781111,0.0,0.046309914,0.5674761,0.0
3591,4.7468557,1.1811188,1.1504471,0.6199393,16566.244,4.7468557,0.0,0.045205005,0.55393666,0.0
3592,4.578723,1.1630244,1.1491416,0.6199393,16566.244,4.578723,0.0,0.03801336,0.46581113,0.0
3593,4.911468,1.1988344,1.036379,0.642145,16566.244,4.911468,0.0,0.035030548,0.42926008,0.0
3594,4.501623,1.154727,1.1225495,0.5422935,16566.244,4.501623,0.0,0.046072222,0.56456345,0.0
3595,4.351865,1.13861,1.1112251,0.462899,16566.244,4.351865,0.0,0.050612126,0.62019485,0.0
3596,4.340946,1.137435,1.1155534,0.5490271,16566.244,4.340946,0.0,0.04874774,0.5973489,0.0
3597,3.1481814,1.0090698,0.8874444,0.7167903,16566.244,3.1481814,0.0,0.07209792,0.8834792,0.0
3598,3.6695385,1.0651782,0.994492,0.857154,16566.244,3.6695385,0.0,0.064666785,0.79241896,0.0
3599,3.3383882,1.0295398,0.78652006,0.68250215,16566.244,3.3383882,0.0,0.037935853,0.46486133,0.0
3600,3.0731566,1.0009956,1.0346283,0.5504016,16566.244,3.0731566,0.0,0.04994894,0.61206824,0.0
3601,3.842049,1.0837437,1.0376122,0.5504016,16566.244,3.842049,0.0,0.049567353,0.6073923,0.0
3602,3.9121423,1.0912871,1.0827233,0.5576555,16566.244,3.9121423,0.0,0.042602498,0.52204585,0.0
3603,3.7579265,1.0746905,1.0258657,0.4967869,16566.244,3.7579265,0.0,0.047497634,0.58203024,0.0
3604,3.5848324,1.0560621,1.1568439,0.51319486,16566.244,3.5848324,0.0,0.078059174,0.95652765,0.0
3605,4.574026,1.1491673,1.1856676,0.67937344,16566.244,4.449963,0.0,0.08810728,1.0796559,1.0
3606,2.4108455,0.92971784,1.010059,0.5257769,16566.244,2.4108455,0.0,0.04324532,0.5299229,0.0
3607,2.3893971,0.9274096,0.9974712,0.62443125,16566.244,2.3893971,0.0,0.05967161,0.7312087,0.0
3608,4.2001095,1.0966799,1.1716151,0.7216265,28162.62,3.962252,1.0628095,0.09560377,1.171517,1.0
3609,3.5338032,1.0475631,1.0444132,0.7559826,28162.62,3.5058596,1.0628095,0.083465256,1.0227731,1.0
3610,3.8702357,1.0643159,1.0472498,0.7650683,28162.62,3.6615264,1.0628095,0.09489721,1.162859,1.0
3611,3.777643,1.0496644,1.0503492,0.7515038,28162.62,3.525385,1.0628095,0.09829068,1.2044421,1.0
3612,1.4426295,0.8255186,0.8672806,0.5555955,28162.62,1.4426295,1.0628095,0.0765524,0.9380638,0.0
3613,0.85024756,0.7301892,0.8739014,0.5555955,28162.62,0.55683166,1.0628095,0.07915917,0.9700069,0.0
3614,2.8840003,0.96819675,0.95251423,0.6041645,28162.62,2.7683902,1.0628095,0.09134387,1.1193167,1.0
3615,3.9426935,1.094575,1.1204126,0.7039971,28162.62,3.9426935,1.0628095,0.071006455,0.8701045,0.0
3616,4.140038,1.1158133,1.146495,0.6479883,28162.62,4.140038,1.0628095,0.079703614,0.97667843,0.0
3617,2.1598969,0.9027108,1.076834,0.64603347,28162.62,2.1598969,1.0628095,0.08096636,0.992152,0.0
3618,3.7447448,1.051936,1.014177,0.80772525,28162.62,3.546493,1.0628095,0.094640784,1.1597167,1.0
3619,4.0155764,1.0902882,1.2011505,0.66683435,28162.62,3.90286,1.0628095,0.08834065,1.0825156,1.0
3620,4.9514093,1.2031329,1.1739397,0.6646265,28162.62,4.9514093,1.0628095,0.075953536,0.93072546,0.0
3621,5.7102633,1.2785754,1.1582767,0.74185747,28162.62,5.652419,1.0628095,0.08399288,1.0292386,1.0
3622,1.8726,0.8698397,1.0206376,0.77504605,28162.62,1.8544599,1.0628095,0.083887585,1.0279483,1.0
3623,1.2817442,0.8082042,1.0303009,0.7807499,28162.62,1.2817442,1.0628095,0.08110746,0.993881,0.0
3624,6.2234693,1.3400317,1.3094745,0.2989165,26505.986,6.2234693,0.90741116,0.06442606,0.7894691,0.0
3625,5.700451,1.2837446,1.2939087,0.5124438,26505.986,5.700451,0.90741116,0.062132254,0.7613611,0.0
3626,7.6997447,1.3263394,1.2935497,0.29356104,26505.986,6.09624,0.90741116,0.14293589,1.7515191,1.0
3627,6.283107,1.3093966,1.2790502,0.29901323,26505.986,5.938809,0.90741116,0.09512421,1.1656405,1.0
3628,6.0806637,1.324663,1.2724049,0.29901323,26505.986,6.0806637,0.90741116,0.08055091,0.9870611,0.0
3629,5.946657,1.3048688,1.266196,0.31266713,26505.986,5.8967366,0.90741116,0.0835807,1.0241878,1.0
3630,6.0126476,1.3037401,1.2454096,0.3030693,26505.986,5.886249,0.90741116,0.086613625,1.0613528,1.0
3631,5.343475,1.2407552,1.2122798,0.3077942,26505.986,5.300995,0.90741116,0.0834753,1.0228962,1.0
3632,5.123247,1.221626,1.1676713,0.3548394,8.575665,5.123247,0.0,0.08040958,0.9853293,0.0
3633,4.537787,1.1586189,1.1087128,0.32110116,2.2161837,4.537787,0.0,0.069130056,0.84711134,0.0
3634,3.6624105,1.064411,1.0566103,0.4744402,2.2161837,3.6624105,0.0,0.07717196,0.9456558,0.0
3635,3.846607,1.0842342,1.0600396,0.45351145,2.2161837,3.846607,0.0,0.07386508,0.9051337,0.0
3636,3.524245,1.0495417,1.0231229,0.31429914,2.2161837,3.524245,0.0,0.06600751,0.808848,0.0
3637,3.693951,1.0678054,1.0039059,0.3552072,2.2161837,3.693951,0.0,0.07152916,0.8765096,0.0
3638,3.4510589,1.0416654,1.0041528,0.31436592,2.2161837,3.4510589,0.0,0.067311816,0.82483083,0.0
3639,3.2780888,1.0230504,0.9752401,0.51055086,2.2161837,3.2780888,0.0,0.06648394,0.8146861,0.0
3640,3.1705413,1.0114762,0.98403335,0.30602846,5.1068583,3.1705413,0.0,0.0626157,0.7672852,0.0
3641,2.6327643,0.9536007,1.2563515,0.5872704,16566.244,2.6327643,0.0,0.07237372,0.88685876,0.0
3642,3.4312513,1.0395337,0.98135066,0.58050627,16566.244,3.4312513,0.0,0.07094448,0.86934507,0.0
3643,3.0516496,0.99868107,0.9611162,0.3161902,16566.244,3.0516496,0.0,0.075342335,0.92323583,0.0
3644,2.814773,0.97318846,0.9670134,0.41267714,16566.244,2.814773,0.0,0.07267987,0.89061034,0.0
3645,2.8642979,0.9785183,0.98619694,0.78282434,16566.244,2.8642979,0.0,0.06242192,0.76491064,0.0
3646,3.019261,0.9951954,0.9395962,0.52454555,16566.244,3.019261,0.0,0.049282506,0.60390186,0.0
3647,3.080453,1.0017809,0.9960597,0.49103484,16566.244,3.080453,0.0,0.049876373,0.61117905,0.0
3648,2.9406698,0.98673743,0.97773063,0.4792815,16566.244,2.9406698,0.0,0.051690996,0.6334152,0.0
3649,3.0115423,0.99436474,0.9958074,0.49510512,16566.244,3.0115423,0.0,0.04727624,0.57931733,0.0
3650,3.569246,1.0543847,1.0715886,0.5240987,16566.244,3.569246,0.0,0.05131997,0.6288687,0.0
3651,3.0527062,0.9987948,1.0730668,0.5214607,16566.244,3.0527062,0.0,0.051030107,0.62531674,0.0
3652,3.3329318,1.0289526,1.0931684,0.50829405,16566.244,3.3329318,0.0,0.05022703,0.61547595,0.0
3653,4.4196763,1.1459079,1.1151645,0.5214607,16566.244,4.4196763,0.0,0.04595424,0.5631177,0.0
3654,4.257175,1.1284195,1.1171871,0.5214607,16566.244,4.257175,0.0,0.045260616,0.5546181,0.0
3655,4.329935,1.1362499,1.1258391,0.5214607,29267.033,4.329935,1.1664076,0.0435727,0.5339346,0.0
3656,4.747568,1.1811955,1.131279,0.53298414,29267.033,4.747568,1.1664076,0.046996128,0.5758849,0.0
3657,5.269338,1.2373483,1.1293445,0.5196682,29267.033,5.269338,1.1664076,0.04540489,0.556386,0.0
3658,4.6768665,1.1735866,1.1145059,0.5196682,29267.033,4.6768665,1.1664076,0.045575242,0.5584735,0.0
3659,4.898886,1.1974803,1.1036576,0.53298414,29267.033,4.898886,1.1664076,0.047976475,0.5878979,0.0
3660,4.5750575,1.16263,1.1274245,0.53298414,29267.033,4.5750575,1.1664076,0.050265945,0.6159528,0.0
3661,5.114317,1.220665,1.1721095,0.52777654,29267.033,5.114317,1.1664076,0.05394173,0.6609954,0.0
3662,5.4742117,1.2593968,1.2229674,0.5238353,29267.033,5.4742117,1.1664076,0.04695935,0.5754342,0.0
3663,5.5909657,1.2719618,1.2672102,0.5011281,29267.033,5.5909657,1.1664076,0.058412418,0.7157787,0.0
3664,5.3126764,1.2420124,1.3096163,0.5011281,29267.033,5.3126764,1.1664076,0.0584825,0.7166375,0.0
3665,4.708551,1.1769965,1.3421289,0.5046096,29267.033,4.708551,1.1664076,0.058644343,0.71862066,0.0
3666,5.136732,1.2230773,1.3793552,0.5011281,29267.033,5.136732,1.1664076,0.058864985,0.7213244,0.0
3667,5.812356,1.2957878,1.4068706,0.5011281,29267.033,5.812356,1.1664076,0.05870561,0.71937144,0.0
3668,6.6558027,1.3865594,1.4064679,0.50112814,29267.033,6.6558027,1.1664076,0.06610467,0.8100386,0.0
3669,6.7257166,1.3940835,1.3986465,0.4757021,29267.033,6.7257166,1.1664076,0.06316697,0.7740404,0.0
3670,6.6656065,1.3876145,1.3850467,0.508544,29267.033,6.6656065,1.1664076,0.063743435,0.7811043,0.0
3671,2.6759293,0.9582461,1.256889,0.6851321,27610.412,2.6759293,1.0110104,0.06746251,0.82667744,0.0
3672,6.1387734,1.3309168,1.3530848,0.552632,23744.955,6.1387734,0.6484163,0.065981336,0.8085273,0.0
3673,6.267365,1.3447558,1.3441266,0.5772184,23744.955,6.267365,0.6484163,0.06411976,0.7857158,0.0
3674,6.3270082,1.3511746,1.3249875,0.5504016,23744.955,6.3270082,0.6484163,0.053471208,0.6552297,0.0
3675,6.273775,1.3454456,1.3266859,0.48438853,23744.955,6.273775,0.6484163,0.06652706,0.8152146,0.0
3676,5.4112167,1.2526172,1.2780313,0.564077,23744.955,5.4112167,0.6484163,0.06985297,0.85596985,0.0
3677,4.6711297,1.1729692,1.1931196,0.55595624,23744.955,4.6711297,0.6484163,0.078704774,0.9644388,0.0
3678,4.361474,1.1396441,1.1708411,0.5701129,23192.75,4.361474,0.5966174,0.077652015,0.9515384,0.0
3679,2.6306946,0.95337796,1.1315567,0.6522437,22640.53,2.6306946,0.5448171,0.060683683,0.7436105,0.0
3680,3.9238927,1.0925517,1.2087976,0.61649257,22640.53,3.9238927,0.5448171,0.05900706,0.7230654,0.0
3681,2.7740738,0.9688084,1.0603603,0.62030226,22640.53,2.7740738,0.5448171,0.071819745,0.88007045,0.0
3682,2.933091,0.9859218,1.0980574,0.6305126,16566.244,2.933091,0.0,0.044611223,0.54666054,0.0
3683,2.0481644,0.89068615,0.9512426,0.6413288,5.1068583,2.0481644,0.0,0.06403839,0.78471863,0.0
3684,2.1263437,0.8990998,0.9417359,0.64839417,16566.244,2.1263437,0.0,0.0631743,0.7741302,0.0
3685,1.9844372,0.88382787,1.1290091,0.6230759,5.1068583,1.9844372,0.0,0.0537411,0.658537,0.0
3686,1.8483355,0.8691806,0.8808779,0.6304498,5.1068583,1.8483355,0.0,0.05784075,0.70877355,0.0
3687,2.3161082,0.9195222,0.8149078,0.6692618,16566.244,2.3161082,0.0,0.05713587,0.700136,0.0
3688,1.9768552,0.8830119,0.81710225,0.6423246,16566.244,1.9768552,0.0,0.06096068,0.7470048,0.0
3689,2.0430956,0.89014065,1.0213311,0.6213798,16566.244,2.0430956,0.0,0.04229275,0.5182502,0.0
3690,2.107676,0.8970908,1.1319108,0.48551983,16566.244,2.107676,0.0,0.04312914,0.52849925,0.0
3691,2.3627446,0.92454123,0.9277243,0.63219005,16566.244,2.3627446,0.0,0.043989927,0.53904724,0.0
3692,2.6674554,0.95733416,0.96732944,0.6247607,16566.244,2.6674554,0.0,0.045950714,0.56307447,0.0
3693,1.0562581,0.7839374,0.85264266,0.58380175,16566.244,1.0562581,0.0,0.051896412,0.6359323,0.0
3694,1.8360031,0.8678534,1.0919172,0.57064825,16566.244,1.8360031,0.0,0.03903622,0.47834513,0.0
3695,2.9654984,0.9894095,1.134813,0.57111967,16566.244,2.9654984,0.0,0.04069917,0.4987227,0.0
3696,3.197139,1.0143386,1.236265,0.56739825,16566.244,3.197139,0.0,0.04492193,0.5504679,0.0
3697,1.2977859,0.80993056,0.98161787,0.5973384,16566.244,1.2977859,0.0,0.050357565,0.6170755,0.0
3698,1.2529881,0.80510944,0.93451166,0.5779332,16566.244,1.2529881,0.0,0.067320794,0.82494086,0.0
3699,1.0322157,0.78134996,1.1266835,0.6195076,16566.244,1.0322157,0.0,0.04639421,0.56850904,0.0
3700,3.899488,1.0899253,1.2531526,0.56999797,16566.244,3.899488,0.0,0.06531142,0.8003182,0.0
3701,0.93154895,0.7705162,0.806067,0.5408061,16566.244,0.93154895,0.0,0.07147889,0.87589365,0.0
3702,2.0324156,0.8889913,1.2054169,0.6195076,16566.244,2.0324156,0.0,0.054386046,0.66644,0.0
3703,2.6278749,0.9530745,1.1551754,0.6135933,16566.244,2.6278749,0.0,0.057124887,0.7000014,0.0
3704,2.8206007,0.9738156,1.1819072,0.6050779,17118.451,2.8206007,0.026825838,0.06575171,0.8057135,0.0
3705,2.0920525,0.8954094,0.9116985,0.5774437,17118.451,2.0920525,0.026825838,0.07859035,0.9630366,0.0
3706,2.547093,0.94438076,1.2286621,0.57831407,17118.451,2.547093,0.026825838,0.062074114,0.76064867,0.0
3707,3.2749786,1.0227157,1.1189127,0.7072076,17118.451,3.2749786,0.026825838,0.06565492,0.8045274,0.0
3708,2.3032162,0.9181348,1.0280325,0.64572155,17118.451,2.3032162,0.026825838,0.06385781,0.78250587,0.0
3709,1.5074847,0.8324983,0.9061504,0.65706724,17118.451,1.5074847,0.026825838,0.07559704,0.926357,0.0
3710,2.9229488,0.9848303,1.0570022,0.5854149,17118.451,2.9229488,0.026825838,0.059732288,0.73195225,0.0
3711,2.9292521,0.9855087,1.0424652,0.6454,17118.451,2.9292521,0.026825838,0.06623694,0.81165946,0.0
3712,3.7989576,1.0791062,1.3182819,0.6177582,17118.451,3.7989576,0.026825838,0.06409904,0.7854619,0.0
3713,4.884797,1.1959641,1.3742827,0.5447384,17118.451,4.884797,0.026825838,0.0695369,0.8520968,0.0
3714,4.090263,1.1104565,1.1762816,0.54339445,17118.451,4.090263,0.026825838,0.07879208,0.9655086,0.0
3715,2.227944,0.910034,1.0015672,0.79579353,17118.451,2.227944,0.026825838,0.07482776,0.9169303,0.0
3716,4.8548775,1.1927441,1.0855099,0.75418985,17118.451,4.8548775,0.026825838,0.07256085,0.8891518,0.0
3717,4.9369593,1.2015778,1.1061697,0.7559826,17118.451,4.9369593,0.026825838,0.08081837,0.9903385,0.0
3718,4.440601,1.1481597,1.0994285,0.7559826,17118.451,4.440601,0.026825838,0.07703545,0.9439831,0.0
3719,2.4858856,0.9366769,0.9569175,0.83677053,17118.451,2.475509,0.026825838,0.08258419,1.0119766,1.0
3720,6.3187747,1.3502885,1.2606616,0.6435347,16566.244,6.3187747,0.0,0.07714661,0.9453452,0.0
3721,6.4946337,1.3692144,1.2313652,0.6714492,16566.244,6.4946337,0.0,0.0628548,0.7702151,0.0
3722,6.622315,1.3829554,1.2710654,0.6714492,16566.244,6.622315,0.0,0.06817725,0.8354358,0.0
3723,4.2287984,1.1253656,1.2120565,0.7518559,16566.244,4.2287984,0.0,0.06923143,0.84835356,0.0
3724,7.253865,1.4509227,1.3554652,0.5931672,16566.244,7.253865,0.0,0.07722501,0.9463059,0.0
3725,1.787612,0.84894735,0.8048222,0.709297,16566.244,1.6603285,0.0,0.099481404,1.2190331,1.0
3726,1.633523,0.8384249,0.756262,0.6798991,16566.244,1.5625545,0.0,0.09219665,1.1297666,1.0
3727,0.61562765,0.73627216,0.7894176,0.7391887,16566.244,0.61335427,0.0,0.08247103,1.01059,1.0
3728,1.9192929,0.87681705,0.84062266,0.7974832,16566.244,1.9192929,0.0,0.07966046,0.9761496,0.0
3729,1.4109423,0.82210845,0.8482049,0.6805746,16566.244,1.4109423,0.0,0.0771582,0.9454872,0.0
3730,1.7965261,0.8636049,0.8401888,0.33881876,16566.244,1.7965261,0.0,0.07034845,0.86204135,0.0
3731,1.6658964,0.84954655,0.83986455,0.561415,16566.244,1.6658964,0.0,0.07253023,0.88877666,0.0
3732,2.516761,0.94111645,0.87247014,0.55398893,16566.244,2.516761,0.0,0.073421374,0.89969665,0.0
3733,2.4625413,0.93528134,0.88346386,0.32723233,16566.244,2.4625413,0.0,0.060289692,0.7387826,0.0
3734,2.7781606,0.96924824,0.8928845,0.67831755,16566.244,2.7781606,0.0,0.064727575,0.79316384,0.0
3735,2.999812,0.9931023,0.9183753,0.561415,16566.244,2.999812,0.0,0.07111762,0.8714667,0.0
3736,3.308094,1.0262796,0.9707507,0.56141496,16566.244,3.308094,0.0,0.05660601,0.6936432,0.0
3737,3.4448593,1.0409982,1.0010821,0.66867673,16566.244,3.4448593,0.0,0.055169094,0.6760354,0.0
3738,5.3094673,1.241667,1.2176905,0.5751429,16566.244,5.3094673,0.0,0.043389767,0.531693,0.0
3739,2.820194,0.97377187,1.1570334,0.86322653,16566.244,2.820194,0.0,0.042964876,0.5264864,0.0
3740,3.6563215,1.0637558,1.1431018,0.8273254,16566.244,3.6563215,0.0,0.046692643,0.572166,0.0
3741,1.2960308,0.8097417,1.1481003,0.8614704,16566.244,1.2960308,0.0,0.055875093,0.6846866,0.0
3742,4.685833,1.1745516,1.1699684,0.6997638,16566.244,4.685833,0.0,0.046351954,0.56799126,0.0
3743,4.869405,1.1943076,1.28012,0.5668998,16566.244,4.869405,0.0,0.044877388,0.54992205,0.0
3744,0.0,0.65941674,0.9906346,0.6020301,16566.244,0.0,0.0,0.056784436,0.69582963,0.0
3745,1.7448198,0.8580403,0.9717992,0.59487164,16566.244,1.7448198,0.0,0.060390472,0.74001753,0.0
3746,4.536808,1.1585135,1.1369697,0.76530397,16566.244,4.536808,0.0,0.057222392,0.70119625,0.0
3747,4.2539597,1.1280735,1.2742515,0.5748371,16566.244,4.2539597,0.0,0.053005423,0.64952207,0.0
3748,0.9953203,0.7773793,0.73483974,0.622201,16566.244,0.9953203,0.0,0.050173126,0.6148154,0.0
3749,0.82535315,0.75908744,0.6858268,0.4760475,16566.244,0.82535315,0.0,0.055518262,0.68031406,0.0
3750,0.7249755,0.7482848,0.90515536,0.69702613,16566.244,0.7249755,0.0,0.060934924,0.7466892,0.0
3751,1.5516613,0.83627164,1.0056541,0.61049944,16566.244,1.5425464,0.0,0.082984574,1.0168829,1.0
3752,4.0023713,1.1009976,1.1081299,0.5413783,16566.244,4.0023713,0.0,0.078302704,0.9595119,0.0
3753,2.8178153,0.97351587,1.0856278,0.739952,27610.412,2.8178153,1.0110104,0.07235418,0.8866194,0.0
3754,4.53976,1.1588312,1.225439,0.69103086,27610.412,4.53976,1.0110104,0.068370946,0.83780926,0.0
3755,0.82935804,0.75951844,1.0099857,0.8424855,27610.412,0.82935804,1.0110104,0.06680507,0.8186213,0.0
3756,2.3820107,0.92661464,1.0468619,0.74163795,27610.412,2.3820107,1.0110104,0.06445301,0.7897994,0.0
3757,2.683612,0.95907295,1.0716952,0.69127184,27610.412,2.683612,1.0110104,0.06386196,0.7825567,0.0
3758,3.1168525,1.0056982,1.0435382,0.64119995,27610.412,3.1168525,1.0110104,0.056860145,0.6967573,0.0
3759,0.8088083,0.6455454,1.1853263,0.8560691,27610.412,0.0,1.0110104,0.08575925,1.0508835,1.0
3760,1.9653019,0.8817685,0.94536126,0.75654536,27610.412,1.9653019,1.0110104,0.065797985,0.80628055,0.0
3761,3.1496346,1.0092262,1.125702,0.6491328,27610.412,3.1496346,1.0110104,0.0623469,0.76399136,0.0
3762,0.8088083,0.6905936,0.85679114,0.7848896,27610.412,0.18891054,1.0110104,0.07326824,0.8978202,0.0
3763,2.511762,0.94057846,0.91707957,0.8012275,27610.412,2.511762,1.0110104,0.0758113,0.92898244,0.0
3764,1.8318974,0.86741155,0.9371157,0.8012275,27610.412,1.8318974,1.0110104,0.075773895,0.92852414,0.0
3765,0.8088083,0.7168,1.0405483,0.780298,27610.412,0.43241933,1.0110104,0.07403034,0.9071588,0.0
3766,2.098709,0.8961258,1.2076901,0.67033577,27610.412,2.098709,1.0110104,0.06595212,0.8081693,0.0
3767,1.6763452,0.85067105,0.9404764,0.8279877,27610.412,1.6763452,1.0110104,0.06922197,0.8482377,0.0
3768,0.8088083,0.67848974,0.8275025,0.75294006,27610.412,0.07644189,1.0110104,0.07649181,0.93732136,0.0
3769,0.56017214,0.67551655,1.0365993,0.7823164,24297.16,0.048815023,0.70021516,0.07421978,0.90948015,0.0
3770,0.56017214,0.68046045,0.9562645,0.7881211,24297.16,0.09475365,0.70021516,0.074167274,0.9088368,0.0
3771,1.2131163,0.80081844,0.9833459,0.6697304,24297.16,1.2131163,0.70021516,0.071512535,0.87630594,0.0
3772,2.0989878,0.8961558,0.8106039,0.70376354,24297.16,2.0989878,0.70021516,0.07150633,0.8762299,0.0
3773,1.439899,0.82522476,0.7649963,0.6471784,23744.955,1.439899,0.6484163,0.073459834,0.9001679,0.0
3774,1.2263393,0.8022415,0.7183327,0.6553487,23744.955,1.2263393,0.6484163,0.0704719,0.8635541,0.0
3775,1.3002278,0.81019336,0.7202357,0.5674809,23744.955,1.3002278,0.6484163,0.07139879,0.8749121,0.0
3776,1.2992967,0.81009316,0.7218543,0.55882627,23192.75,1.2992967,0.5966174,0.07069297,0.8662631,0.0
3777,1.2992164,0.8100845,0.6883343,0.5767027,22640.53,1.2992164,0.5448171,0.071915865,0.8812483,0.0
3778,0.28540686,0.7009785,0.6482348,0.5767027,16566.244,0.28540686,0.0,0.0711263,0.87157303,0.0
3779,0.18766162,0.6904592,0.6064292,0.6343834,16566.244,0.18766162,0.0,0.06993666,0.8569954,0.0
3780,0.2429785,0.6964124,0.65585214,0.67450625,16566.244,0.2429785,0.0,0.066615045,0.8162927,0.0
3781,2.5725582,0.9471213,0.97853273,0.4586957,16566.244,2.5725582,0.0,0.065723434,0.805367,0.0
3782,0.45770732,0.71952146,0.73309505,0.52644175,16566.244,0.45770732,0.0,0.059367064,0.72747684,0.0
3783,0.067973055,0.67757833,0.8249931,0.49963465,16566.244,0.067973055,0.0,0.060838163,0.7455035,0.0
3784,0.8088083,0.681675,0.74377185,0.5339276,27610.412,0.106039345,1.0110104,0.05993332,0.73441565,0.0
3785,1.5480139,0.83686006,0.90407646,0.46364146,27610.412,1.5480139,1.0110104,0.062409505,0.7647585,0.0
3786,1.091599,0.78774077,0.87693876,0.5770401,27610.412,1.091599,1.0110104,0.0605365,0.7418069,0.0
3787,0.8088083,0.7409022,0.78439635,0.541453,27610.412,0.6563763,1.0110104,0.058421094,0.715885,0.0
3788,1.0992603,0.7885653,0.84064794,0.60497695,27610.412,1.0992603,1.0110104,0.056541543,0.6928532,0.0
3789,3.139302,1.0081142,0.8943326,0.64242375,27610.412,3.139302,1.0110104,0.051999755,0.6371987,0.0
3790,2.5669649,0.9465194,0.88269734,0.8036255,27610.412,2.5669649,1.0110104,0.05144984,0.6304601,0.0
3791,2.637164,0.9540742,0.8528385,0.77679557,27610.412,2.637164,1.0110104,0.05219759,0.6396229,0.0
3792,3.1396244,1.0081489,1.0981853,0.54658264,27610.412,3.1396244,1.0110104,0.05198479,0.63701534,0.0
3793,4.022591,1.1031736,1.1792601,0.48696584,27610.412,4.022591,1.0110104,0.05512652,0.67551374,0.0
3794,5.067277,1.2156025,1.2387347,0.43295404,27610.412,5.067277,1.0110104,0.05010201,0.613944,0.0
3795,5.1980505,1.2296764,1.2635658,0.48332825,27610.412,5.1980505,1.0110104,0.045423448,0.55661345,0.0
3796,5.4858956,1.2606542,1.298795,0.524275,27610.412,5.4858956,1.0110104,0.05279354,0.6469256,0.0
3797,4.021737,1.1030817,1.3128839,0.5171786,27610.412,4.021737,1.0110104,0.035987373,0.4409849,0.0
3798,5.125315,1.2218486,1.3210378,0.522792,27610.412,5.125315,1.0110104,0.039506484,0.48410767,0.0
3799,5.9100986,1.3063068,1.3485636,0.522792,27610.412,5.9100986,1.0110104,0.037109364,0.45473364,0.0
3800,6.1001406,1.3267591,1.3543743,0.54936993,24297.16,6.1001406,0.70021516,0.042656537,0.52270806,0.0
3801,6.5963316,1.3801591,1.3278486,0.5541701,24297.16,6.5963316,0.70021516,0.04498685,0.55126345,0.0
3802,6.596127,1.3801371,1.3403524,0.5541701,24297.16,6.596127,0.70021516,0.046162065,0.56566435,0.0
3803,4.5180016,1.1564896,1.3063333,0.61000514,24297.16,4.5180016,0.70021516,0.044597697,0.5464948,0.0
3804,4.364879,1.1400106,1.3062195,0.6100051,23744.955,4.364879,0.6484163,0.045067076,0.5522465,0.0
3805,3.9048815,1.0905057,1.307694,0.5745582,23744.955,3.9048815,0.6484163,0.04622534,0.5664397,0.0
3806,3.6699207,1.0652193,1.291222,0.5682956,23744.955,3.6699207,0.6484163,0.043888845,0.5378086,0.0
3807,3.0693705,1.0005882,1.2554381,0.599035,7.6121106,3.0693705,0.0,0.03739617,0.45824814,0.0
3808,2.7832415,0.96979505,1.2281753,0.59733194,3.3724546,2.7832415,0.0,0.034730174,0.42557934,0.0
3809,5.672526,1.2807393,1.2979583,0.6066969,3.2760966,5.672526,0.0,0.051245607,0.62795746,0.0
3810,2.4747148,0.93659145,0.95473254,0.7139157,2.2161837,2.4747148,0.0,0.054187883,0.6640118,0.0
3811,2.23965,0.9112938,1.0782715,0.754742,2.2161837,2.23965,0.0,0.055422187,0.67913675,0.0
3812,1.465835,0.828016,1.0377042,0.754742,2.2161837,1.465835,0.0,0.054876495,0.67244995,0.0
3813,2.1710901,0.9039154,1.0257735,0.754742,2.2161837,2.1710901,0.0,0.05392973,0.6608484,0.0
3814,1.815616,0.86565936,0.8892394,0.6685102,2.2161837,1.815616,0.0,0.055185966,0.6762422,0.0
3815,1.9386464,0.8788999,0.8504014,0.7938781,2.2161837,1.9386464,0.0,0.05575226,0.6831814,0.0
3816,2.1306162,0.8995596,0.7523066,0.75880915,2.2161837,2.1306162,0.0,0.042940084,0.5261826,0.0
3817,2.1127377,0.8976355,0.9266057,0.8243695,2.312539,2.1127377,0.0,0.041585844,0.5095879,0.0
3818,1.7321361,0.85667527,0.7639521,0.8058178,2.312539,1.7321361,0.0,0.0463285,0.56770384,0.0
3819,3.0474339,0.9878201,0.8783209,0.6363055,2.312539,2.9507296,0.0,0.089248255,1.0936373,1.0
3820,2.1000917,0.89627457,0.86257786,0.6049454,2.312539,2.1000917,0.0,0.05040858,0.61770064,0.0
3821,1.9468135,0.8797788,0.83089995,0.6391098,2.312539,1.9468135,0.0,0.077384554,0.94826096,0.0
3822,1.7266382,0.8560836,0.8700414,0.54333305,2.312539,1.7266382,0.0,0.045466527,0.5571413,0.0
3823,1.616221,0.8442005,0.80437666,0.70535576,2.312539,1.616221,0.0,0.038558424,0.47249025,0.0
3824,2.1027057,0.8965559,0.8154906,0.6356256,2.312539,2.1027057,0.0,0.046081647,0.5646789,0.0
3825,2.1064198,0.8969556,0.83169514,0.59222215,2.312539,2.1064198,0.0,0.057131995,0.70008856,0.0
3826,2.2846253,0.91613406,0.8890482,0.59222215,2.312539,2.2846253,0.0,0.058753222,0.71995485,0.0
3827,2.0638967,0.8923793,0.7686484,0.6580619,2.312539,2.0638967,0.0,0.045251753,0.5545095,0.0
3828,1.7592435,0.85959256,0.8255918,0.5893539,2.312539,1.7592435,0.0,0.052074227,0.6381113,0.0
3829,2.3308592,0.92110974,0.8091021,0.5480413,2.312539,2.3308592,0.0,0.057526745,0.7049258,0.0
3830,0.6401437,0.73915523,0.84841746,0.5402661,2.312539,0.6401437,0.0,0.059423286,0.72816575,0.0
3831,0.60793656,0.7356891,0.792353,0.5103463,2.312539,0.60793656,0.0,0.043973543,0.5388465,0.0
3832,0.51996446,0.72622156,0.6716056,0.572811,2.312539,0.51996446,0.0,0.04391257,0.53809935,0.0
3833,1.7257736,0.8559905,0.791973,0.5012972,2.2161837,1.7257736,0.0,0.047261674,0.5791388,0.0
3834,2.0288112,0.8886034,0.8669441,0.48737377,5.1068583,2.0288112,0.0,0.042658444,0.5227314,0.0
3835,1.1509821,0.7941316,0.81100243,0.56996965,16566.244,1.1509821,0.0,0.050365783,0.61717623,0.0
3836,2.0099053,0.8865687,0.8520592,0.5103463,16566.244,2.0099053,0.0,0.04933029,0.6044874,0.0
3837,1.9078649,0.87558717,0.8378745,0.62288046,16566.244,1.9078649,0.0,0.051869735,0.63560545,0.0
3838,1.9259651,0.8775351,0.84532255,0.4369525,16566.244,1.9259651,0.0,0.04369334,0.5354129,0.0
3839,1.0066332,0.77859676,0.792079,0.63998365,16566.244,1.0066332,0.0,0.04521425,0.55404997,0.0
3840,2.1077447,0.8970982,0.8060699,0.69637764,16566.244,2.1077447,0.0,0.05444359,0.66714513,0.0
3841,2.0784414,0.89394456,0.9435335,0.6797913,16566.244,2.0784414,0.0,0.04956239,0.6073315,0.0
3842,2.1613872,0.9028712,1.0668226,0.7129709,16566.244,2.1613872,0.0,0.062263086,0.7629643,0.0
3843,1.0196978,0.7800028,0.73777,0.68981874,16566.244,1.0196978,0.0,0.061614886,0.75502133,0.0
3844,1.034188,0.7815622,0.6423127,0.6409861,16566.244,1.034188,0.0,0.067373194,0.825583,0.0
3845,2.4505024,0.9339857,0.75692934,0.8132845,16566.244,2.4505024,0.0,0.047952782,0.58760756,0.0
3846,0.59908056,0.734736,0.7679214,0.5795648,16566.244,0.59908056,0.0,0.037457563,0.45900044,0.0
3847,1.5087004,0.83262914,0.8159236,0.56810194,16566.244,1.5087004,0.0,0.04823734,0.5910945,0.0
3848,0.7166601,0.7473899,0.78573537,0.5766655,16566.244,0.7166601,0.0,0.050077364,0.613642,0.0
3849,1.4996284,0.8316528,0.95831853,0.6519985,16566.244,1.4996284,0.0,0.044119712,0.5406376,0.0
3850,0.0,0.6560808,0.7593865,0.6382309,16566.244,0.0,0.0,0.04320717,0.5294554,0.0
3851,1.6520115,0.84805226,0.9615343,0.62582356,16566.244,1.6520115,0.0,0.047222342,0.57865685,0.0
3852,0.5669637,0.7312796,0.96404535,0.74714065,16566.244,0.5669637,0.0,0.05351211,0.6557309,0.0
3853,0.740075,0.7499098,0.98375106,0.6433884,16566.244,0.740075,0.0,0.045466624,0.5571425,0.0
3854,2.7059724,0.96147937,1.1421031,0.7087278,16566.244,2.7059724,0.0,0.041392412,0.5072176,0.0
3855,2.473106,0.9364183,0.897309,0.55902666,16566.244,2.473106,0.0,0.041421097,0.5075691,0.0
3856,2.2159038,0.90873826,0.9173965,0.62442166,16566.244,2.2159038,0.0,0.049467016,0.60616285,0.0
3857,3.1531096,1.0096002,0.99712056,0.4838387,16566.244,3.1531096,0.0,0.0537707,0.6588996,0.0
3858,2.9739187,0.9903157,0.90929335,0.7476444,16566.244,2.9739187,0.0,0.054666705,0.6698792,0.0
3859,6.8034067,1.4024445,1.2706325,0.76914895,16566.244,6.8034067,0.0,0.0397482,0.4870696,0.0
3860,6.9164076,1.4146056,1.277309,0.76914895,16566.244,6.9164076,0.0,0.04109198,0.5035361,0.0
3861,3.4217706,1.0385134,1.1478847,0.832829,16566.244,3.4217706,0.0,0.052024584,0.63750297,0.0
3862,3.8420422,1.083743,1.0231692,0.7392567,16566.244,3.8420422,0.0,0.033421714,0.40954563,0.0
3863,3.9332614,1.09356,1.0585938,0.80725443,16566.244,3.9332614,0.0,0.030068839,0.3684599,0.0
3864,3.8204443,1.0814186,1.2381893,0.8250421,16566.244,3.8204443,0.0,0.043618288,0.5344932,0.0
3865,2.677274,0.95839083,1.4486343,0.8056678,16566.244,2.677274,0.0,0.041346904,0.5066599,0.0
3866,1.0750014,0.78595454,0.9476536,0.7619143,16566.244,1.0750014,0.0,0.045479547,0.55730087,0.0
3867,3.085372,1.0023103,0.9416937,0.7906334,16566.244,3.085372,0.0,0.0341627,0.4186256,0.0
3868,3.656347,1.0572613,1.0779133,0.7660118,16566.244,3.5959756,0.0,0.08552129,1.0479676,1.0
3869,3.3047974,1.0259248,1.0434159,0.7515575,16566.244,3.3047974,0.0,0.033080798,0.4053681,0.0
3870,2.1824272,0.9051355,0.966368,0.7893001,16566.244,2.1824272,0.0,0.041064437,0.5031986,0.0
3871,2.755844,0.9668465,0.9945315,0.66644037,16566.244,2.755844,0.0,0.044032685,0.53957117,0.0
3872,1.8745317,0.87199986,0.95479804,0.6848246,16566.244,1.8745317,0.0,0.03745639,0.45898607,0.0
3873,2.452777,0.9342305,0.8789791,0.9228602,16566.244,2.452777,0.0,0.031035392,0.38030392,0.0
3874,2.385207,0.9269586,0.959464,0.76830775,16566.244,2.385207,0.0,0.039598297,0.48523274,0.0
3875,3.6305997,1.0609876,1.1510175,0.50207,16566.244,3.6305997,0.0,0.026524913,0.32503307,0.0
3876,2.8558779,0.97761214,1.1397439,0.7879924,16566.244,2.8558779,0.0,0.03329879,0.40803933,0.0
3877,3.2834036,1.0236224,0.9895527,0.7764982,16566.244,3.2834036,0.0,0.03007811,0.36857352,0.0
3878,1.9005724,0.87480235,1.0121689,0.71507365,16566.244,1.9005724,0.0,0.04994446,0.61201334,0.0
3879,1.7939081,0.86332315,0.98801756,0.7981963,16566.244,1.7939081,0.0,0.05878641,0.72036153,0.0
3880,4.325905,1.1358162,1.2839983,0.6916484,16566.244,4.325905,0.0,0.049565364,0.607368,0.0
3881,3.1956835,1.014182,0.975387,0.81246924,16566.244,3.1956835,0.0,0.0460536,0.5643352,0.0
3882,2.5706568,0.9469167,1.1356311,0.7751289,28162.62,2.5706568,1.0628095,0.047263592,0.57916236,0.0
3883,3.2831755,1.0235978,1.1103929,0.87043345,28162.62,3.2831755,1.0628095,0.04577801,0.5609582,0.0
3884,1.3410422,0.8145858,0.7943906,0.71563494,28162.62,1.3410422,1.0628095,0.054933235,0.67314523,0.0
3885,3.251736,1.0202143,0.9137674,0.63553053,28162.62,3.251736,1.0628095,0.033759523,0.4136851,0.0
3886,4.2252493,1.1249837,1.2760153,0.8374699,28162.62,4.2252493,1.0628095,0.04325334,0.5300212,0.0
3887,3.02236,0.99552894,0.9180631,0.6436292,28162.62,3.02236,1.0628095,0.043578103,0.5340008,0.0
3888,4.4746346,1.1518224,1.1156958,0.7177386,28162.62,4.4746346,1.0628095,0.045816228,0.5614265,0.0
3889,5.0406723,1.2127393,1.1177348,0.81023496,28162.62,5.0406723,1.0628095,0.04570826,0.5601035,0.0
3890,2.6915262,0.95992464,1.0044519,0.7355978,28162.62,2.6915262,1.0628095,0.04758611,0.58311445,0.0
3891,4.781596,1.1848576,1.1590608,0.90506023,28162.62,4.781596,1.0628095,0.05996698,0.7348281,0.0
3892,3.3454862,1.0303037,1.1253229,0.88888896,28162.62,3.3454862,1.0628095,0.053466033,0.65516627,0.0
3893,2.2600977,0.9134944,1.2047099,0.7860207,28162.62,2.2600977,1.0628095,0.0490034,0.60048175,0.0
3894,4.774446,1.1840881,1.120819,0.79425454,28162.62,4.774446,1.0628095,0.05190041,0.6359813,0.0
3895,4.974531,1.2056212,1.4101914,0.5790128,28162.62,4.974531,1.0628095,0.049989186,0.6125614,0.0
3896,3.769307,1.0759152,1.0917741,0.83822244,28162.62,3.769307,1.0628095,0.048560943,0.59505993,0.0
3897,2.2689588,0.914448,1.2061236,0.6948164,28162.62,2.2689588,1.0628095,0.04955091,0.60719085,0.0
3898,2.3173492,0.9196558,1.0533727,0.6915772,25401.572,2.3173492,0.8038131,0.046569843,0.5706612,0.0
3899,3.0803332,1.001768,1.0865616,0.56762755,25401.572,3.0803332,0.8038131,0.04839494,0.59302574,0.0
3900,3.353579,1.0311747,0.8682092,0.77717143,25401.572,3.353579,0.8038131,0.05171327,0.63368815,0.0
3901,0.6430505,0.69901776,0.7022411,0.6484642,25401.572,0.2671876,0.8038131,0.047880314,0.5867196,0.0
3902,2.0646443,0.89245975,1.0221559,0.68577236,24849.367,2.0646443,0.7520142,0.055859953,0.6845011,0.0
3903,2.124685,0.8989213,0.80516213,0.85122895,23744.955,2.124685,0.6484163,0.05980785,0.73287815,0.0
3904,0.43969962,0.7175835,0.70072955,0.6094233,22088.322,0.43969962,0.49301803,0.055421907,0.67913336,0.0
3905,1.1889521,0.7982179,0.788982,0.7175487,16566.244,1.1889521,0.0,0.05510796,0.67528623,0.0
3906,0.98041135,0.7757748,0.7863899,0.5088305,16566.244,0.98041135,0.0,0.04268383,0.52304244,0.0
3907,3.560842,1.0534803,1.0273834,0.31026745,16566.244,3.560842,0.0,0.021623455,0.2649712,0.0
3908,3.681796,1.0664973,1.0419189,0.31026745,16566.244,3.681796,0.0,0.024779096,0.30364004,0.0
3909,3.6907506,1.067461,1.0187678,0.31026745,16566.244,3.6907506,0.0,0.025370318,0.3108848,0.0
3910,3.6900494,1.0673856,1.0268581,0.31026745,16566.244,3.6900494,0.0,0.02765812,0.33891925,0.0
3911,1.7709374,0.86085105,1.0345019,0.4169066,16566.244,1.7709374,0.0,0.036705405,0.4497836,0.0
3912,1.6901869,0.8521607,0.75090444,0.61982983,16566.244,1.6901869,0.0,0.04789417,0.5868893,0.0
3913,1.7016326,0.8533925,0.8552975,0.47611892,16566.244,1.7016326,0.0,0.041195758,0.50480783,0.0
3914,1.5926372,0.8416624,0.8230947,0.5291327,16566.244,1.5926372,0.0,0.04637349,0.5682551,0.0
3915,0.704311,0.7460609,0.77205956,0.48130438,16566.244,0.704311,0.0,0.04115554,0.504315,0.0
3916,2.5185528,0.9413093,0.81780905,0.6325923,16566.244,2.5185528,0.0,0.042914487,0.52586895,0.0
3917,2.43599,0.9324239,0.7932359,0.704305,16566.244,2.43599,0.0,0.045494925,0.5574893,0.0
3918,3.0360804,0.9970055,0.82314736,0.7099717,16566.244,3.0360804,0.0,0.03748323,0.45931497,0.0
3919,2.4685006,0.9359227,0.80161613,0.6137672,16566.244,2.4685006,0.0,0.037691303,0.46186465,0.0
3920,2.8963954,0.98197263,0.8718859,0.6446951,16566.244,2.8963954,0.0,0.036339015,0.44529387,0.0
3921,2.5347903,0.94305676,0.87932074,0.508425,16566.244,2.5347903,0.0,0.03845299,0.4711983,0.0
3922,2.9826953,0.99126023,0.8189248,0.6567576,16566.244,2.9826953,0.0,0.03526906,0.4321828,0.0
3923,1.9755315,0.8828694,0.857534,0.5920844,16566.244,1.9755315,0.0,0.031423982,0.38506567,0.0
3924,2.2095263,0.9080519,0.8980122,0.52257264,16566.244,2.2095263,0.0,0.035945415,0.44047076,0.0
3925,2.636242,0.95397496,0.8794938,0.48493278,16566.244,2.636242,0.0,0.029581966,0.3624938,0.0
3926,1.9611359,0.8813202,0.89135146,0.5862403,16566.244,1.9611359,0.0,0.030037187,0.36807206,0.0
3927,1.922364,0.87714756,0.91375214,0.5054611,16566.244,1.922364,0.0,0.029059999,0.3560977,0.0
3928,2.3143463,0.9193326,1.0954356,0.48607293,16566.244,2.3143463,0.0,0.026993252,0.33077204,0.0
3929,2.6054668,0.950663,0.86451703,0.47022352,16566.244,2.6054668,0.0,0.030985564,0.37969336,0.0
3930,0.85295457,0.7620579,0.8196495,0.50883573,16566.244,0.85295457,0.0,0.043551806,0.53367853,0.0
3931,2.2345622,0.9107463,0.9396819,0.4428128,16566.244,2.2345622,0.0,0.03118123,0.38209102,0.0
3932,1.0217708,0.7802259,0.8132024,0.4208254,16566.244,1.0217708,0.0,0.04202537,0.51497376,0.0
3933,1.0672431,0.7851196,0.8003285,0.45693606,16566.244,1.0672431,0.0,0.04169268,0.5108971,0.0
3934,2.3055165,0.91838235,0.9603009,0.4762308,16566.244,2.3055165,0.0,0.034323197,0.4205923,0.0
3935,1.7572016,0.8593728,0.6396825,0.65183264,16566.244,1.7572016,0.0,0.036818225,0.45116606,0.0
3936,2.933577,0.98597413,0.8777114,0.48854032,16566.244,2.933577,0.0,0.03285911,0.40265155,0.0
3937,2.8443184,0.9763681,0.95002645,0.6172406,16566.244,2.8443184,0.0,0.044858836,0.5496947,0.0
3938,2.846047,0.97655416,1.1590455,0.7132373,16566.244,2.846047,0.0,0.050633315,0.6204545,0.0
3939,0.778864,0.7540843,0.81422824,0.70240027,16566.244,0.778864,0.0,0.040008273,0.49025652,0.0
3940,0.71203935,0.74689263,0.73030055,0.69253993,16566.244,0.71203935,0.0,0.038541213,0.47227934,0.0
3941,0.92820376,0.7701562,0.7155367,0.76814806,16566.244,0.92820376,0.0,0.036900923,0.45217943,0.0
3942,2.9735038,0.99027103,1.084502,0.61189896,16566.244,2.9735038,0.0,0.051701523,0.6335442,0.0
3943,1.6975596,0.85295415,0.89819276,0.8477126,16566.244,1.6975596,0.0,0.04036766,0.4946604,0.0
3944,3.5905547,1.0566779,1.2311642,0.683322,16566.244,3.5905547,0.0,0.049533118,0.6069728,0.0
3945,3.0681973,1.0004619,1.0334347,0.8065689,16566.244,3.0681973,0.0,0.04977123,0.60989064,0.0
3946,1.2855033,0.8086087,0.82774043,0.8762159,16566.244,1.2855033,0.0,0.03932482,0.4818816,0.0
3947,3.7600267,1.0749165,1.3978226,0.77289945,16566.244,3.7600267,0.0,0.043955028,0.5386196,0.0
3948,2.3274884,0.920747,1.2499617,0.6791902,16566.244,2.3274884,0.0,0.05142253,0.63012546,0.0
3949,3.1989446,1.0145329,1.0218766,0.784299,16566.244,3.1989446,0.0,0.052859258,0.64773095,0.0
3950,4.2576303,1.1284685,1.3881668,0.79040205,16566.244,4.2576303,0.0,0.051124252,0.6264704,0.0
3951,3.0247304,0.99578404,1.1885622,0.81739974,16566.244,3.0247304,0.0,0.047609907,0.58340603,0.0
3952,3.1112466,1.0050949,1.4671772,0.7905434,16566.244,3.1112466,0.0,0.054940682,0.6732365,0.0
3953,2.9616315,0.98899335,0.91185695,0.8231451,16566.244,2.9616315,0.0,0.05957094,0.72997504,0.0
3954,7.3450933,1.4607407,1.3952606,0.76914895,16566.244,7.3450933,0.0,0.053906925,0.66056895,0.0
3955,4.0500717,1.1061311,1.0624921,0.6336111,16566.244,4.0500717,0.0,0.046126064,0.5652232,0.0
3956,4.0844235,1.109828,1.0930339,0.6890802,16566.244,4.0844235,0.0,0.028771391,0.35256115,0.0
3957,4.0918503,1.1106273,1.1077765,0.7392567,16566.244,4.0918503,0.0,0.029996023,0.36756763,0.0
3958,4.2067,1.1229874,1.1283486,0.6890802,16566.244,4.2067,0.0,0.02872702,0.3520174,0.0
3959,4.3025527,1.133303,1.2420216,0.8217861,16566.244,4.3025527,0.0,0.028807674,0.35300574,0.0
3960,4.4164276,1.1455582,1.4522823,0.856709,16566.244,4.4164276,0.0,0.043733563,0.5359058,0.0
3961,3.3021157,1.0256362,1.6738697,0.8334607,16566.244,3.3021157,0.0,0.044447757,0.5446574,0.0
3962,2.797158,0.97129273,1.0042946,0.6502482,16566.244,2.797158,0.0,0.045303356,0.5551418,0.0
3963,1.7739619,0.86117655,0.74812806,0.61630154,16566.244,1.7739619,0.0,0.038799927,0.4754496,0.0
3964,5.2253428,1.2326136,1.1490804,0.66877025,16566.244,5.2253428,0.0,0.062821954,0.76981264,0.0
3965,2.0041795,0.88595253,0.7191715,0.6615266,16566.244,2.0041795,0.0,0.04990854,0.6115732,0.0
3966,2.2985573,0.9176334,0.75685406,0.671747,16566.244,2.2985573,0.0,0.049111392,0.60180503,0.0
3967,1.9247931,0.877409,0.78251016,0.7404936,16566.244,1.9247931,0.0,0.0537637,0.65881383,0.0
3968,2.307934,0.9186425,0.78433794,0.7084215,16566.244,2.307934,0.0,0.046818998,0.5737143,0.0
3969,2.3807566,0.9264797,0.8041864,0.74983066,16566.244,2.3807566,0.0,0.04318192,0.529146,0.0
3970,2.2272797,0.90996253,0.80223733,0.7302837,16566.244,2.2272797,0.0,0.038084645,0.46668464,0.0
3971,1.8108191,0.8651431,0.87316114,0.76689464,16566.244,1.8108191,0.0,0.03707661,0.4543323,0.0
3972,1.3763471,0.8183853,0.86489606,0.75528884,16014.038,1.3763471,0.0,0.04160568,0.50983095,0.0
3973,2.409148,0.92953515,1.2283897,0.67499655,16566.244,2.409148,0.0,0.034143846,0.41839457,0.0
3974,2.7864285,0.970138,1.2533172,0.72578204,16566.244,2.7864285,0.0,0.036441967,0.44655544,0.0
3975,1.5444278,0.8364741,0.8151006,0.754507,16566.244,1.5444278,0.0,0.03868131,0.47399607,0.0
3976,2.24303,0.9116576,1.1727023,0.7420091,16566.244,2.24303,0.0,0.035891257,0.43980712,0.0
3977,1.1693742,0.7961109,0.79672235,0.6431631,16566.244,1.1693742,0.0,0.043415133,0.53200376,0.0
3978,1.3130625,0.81157464,0.8143703,0.75214857,16566.244,1.3130625,0.0,0.04890617,0.5992903,0.0
3979,2.1672459,0.9035017,0.8169804,0.71721137,16566.244,2.1672459,0.0,0.045055736,0.5521075,0.0
3980,1.1098963,0.7897099,0.73404115,0.69192106,16566.244,1.1098963,0.0,0.04260995,0.52213717,0.0
3981,1.6727502,0.85028416,1.0346885,0.7981292,16566.244,1.6727502,0.0,0.042621195,0.522275,0.0
3982,1.5927379,0.84167325,0.879986,0.7668093,28162.62,1.5927379,1.0628095,0.05194861,0.636572,0.0
3983,1.7403176,0.85755575,1.2244018,0.6827072,28162.62,1.7403176,1.0628095,0.044614334,0.54669863,0.0
3984,1.8513252,0.86950237,1.1612877,0.7547116,28162.62,1.8513252,1.0628095,0.043829024,0.5370756,0.0
3985,2.175214,0.9043592,0.94991004,0.7153388,28162.62,2.175214,1.0628095,0.05418315,0.6639538,0.0
3986,2.6241896,0.9526779,0.96126366,0.7779026,28162.62,2.6241896,1.0628095,0.04500263,0.5514568,0.0
3987,4.7910194,1.1858717,1.1533915,0.8389791,28162.62,4.7910194,1.0628095,0.0426335,0.5224258,0.0
3988,3.3283846,1.0284632,1.0812058,0.8205331,28162.62,3.3283846,1.0628095,0.05466984,0.6699176,0.0
3989,4.5391984,1.1587708,1.7418108,0.7203439,28162.62,4.5391984,1.0628095,0.05827003,0.7140339,0.0
3990,3.5988336,1.0575689,1.0219927,0.727825,28162.62,3.5988336,1.0628095,0.038742293,0.47474337,0.0
3991,0.85024756,0.6874632,1.1073277,0.6476392,28162.62,0.15982318,1.0628095,0.04228865,0.5182,0.0
3992,1.5522331,0.8373141,1.0843413,0.56258434,28162.62,1.5522331,1.0628095,0.037592698,0.46065637,0.0
3993,2.7876496,0.97026944,0.93988657,0.64236665,28162.62,2.7876496,1.0628095,0.038228534,0.46844783,0.0
3994,0.85024756,0.761039,0.8904041,0.6379623,28162.62,0.84348714,1.0628095,0.038679942,0.47397932,0.0
3995,0.85024756,0.5171433,0.8050986,0.6740672,28162.62,0.0,1.0628095,0.03577079,0.43833092,0.0
3996,0.85024756,0.53994596,0.7258937,0.6379623,28162.62,0.0,1.0628095,0.036014717,0.44131997,0.0
3997,0.85024756,0.6460312,0.8917153,0.5492493,28162.62,0.0,1.0628095,0.031553473,0.38665244,0.0
3998,0.56017214,0.6447404,0.9117458,0.5516377,24297.16,0.0,0.70021516,0.02893694,0.35458976,0.0
3999,3.1109862,1.0050669,1.1541679,0.43735537,23744.955,3.1109862,0.6484163,0.03316037,0.40634316,0.0
4000,1.5217782,0.8340366,0.9017061,0.65095145,23744.955,1.5217782,0.6484163,0.03835472,0.4699941,0.0
4001,3.082594,1.0020113,1.0486635,0.7118862,23744.955,3.082594,0.6484163,0.045432996,0.55673045,0.0
4002,4.1090493,1.1124783,1.333199,0.5884384,23744.955,4.1090493,0.6484163,0.046001907,0.5637018,0.0
4003,1.0256261,0.7806408,0.76624507,0.8249012,23744.955,1.0256261,0.6484163,0.053190023,0.6517841,0.0
4004,1.798309,0.8637968,0.78912693,0.73569906,23744.955,1.798309,0.6484163,0.049123,0.6019473,0.0
4005,0.9899447,0.77680075,0.9183021,0.41879937,23744.955,0.9899447,0.6484163,0.041166663,0.5044513,0.0
4006,3.9778924,1.0983632,1.0442286,0.72938937,23744.955,3.9778924,0.6484163,0.04766004,0.5840204,0.0
4007,0.80295074,0.7566765,0.7754866,0.6090862,23744.955,0.80295074,0.6484163,0.041849725,0.51282144,0.0
4008,0.60441244,0.73530984,0.69167167,0.5292558,16566.244,0.60441244,0.0,0.06682169,0.8188249,0.0
4009,0.9655722,0.7741778,0.8248117,0.66353047,16566.244,0.9655722,0.0,0.058931787,0.722143,0.0
4010,1.2001004,0.7994177,0.7787892,0.7242177,18775.07,1.2001004,0.18222281,0.05710212,0.69972247,0.0
4011,1.4463186,0.82591563,0.8770788,0.66353047,20431.703,1.4463186,0.33762106,0.055038236,0.67443186,0.0
4012,1.4776556,0.8292881,1.057803,0.6913794,20431.703,1.4776556,0.33762106,0.055269875,0.67727035,0.0
4013,0.98698825,0.7764826,0.7095302,0.4387222,20431.703,0.98698825,0.33762106,0.040779326,0.49970493,0.0
4014,1.809264,0.86497575,0.6866988,0.78514546,20431.703,1.809264,0.33762106,0.042998306,0.52689606,0.0
4015,1.9708387,0.8823644,0.74572784,0.74096864,20431.703,1.9708387,0.33762106,0.03753991,0.46000952,0.0
4016,1.0103195,0.7789935,0.7131773,0.7769531,20431.703,1.0103195,0.33762106,0.052535012,0.6437577,0.0
4017,1.7710565,0.86086386,0.7335272,0.74254674,20431.703,1.7710565,0.33762106,0.04274878,0.52383834,0.0
4018,1.6372343,0.84646195,0.8020584,0.68303674,20431.703,1.6372343,0.33762106,0.040521957,0.49655116,0.0
4019,1.4731402,0.82880217,0.69634277,0.7732542,20431.703,1.4731402,0.33762106,0.04748565,0.5818834,0.0
4020,1.87927,0.8725098,1.0068996,0.77648085,20431.703,1.87927,0.33762106,0.038956188,0.4773644,0.0
4021,3.9520943,1.0955868,0.8003067,0.9655065,20431.703,3.9520943,0.33762106,0.06070671,0.74389267,0.0
4022,1.0796343,0.7864531,0.70829093,0.7155465,20431.703,1.0796343,0.33762106,0.054860592,0.67225504,0.0
4023,3.6166894,1.0594906,1.0194662,0.79810905,20431.703,3.6166894,0.33762106,0.047317155,0.57981867,0.0
4024,1.2758447,0.80756927,0.8856277,0.68790096,20431.703,1.2758447,0.33762106,0.04534455,0.5556466,0.0
4025,1.5019594,0.8319037,0.8085375,0.5639273,20431.703,1.5019594,0.33762106,0.042294428,0.5182708,0.0
4026,0.27009687,0.668573,0.8212082,0.5525453,20431.703,0.0,0.33762106,0.033365116,0.40885207,0.0
4027,1.2500539,0.80479366,0.7991303,0.55254537,16566.244,1.2500539,0.0,0.030745832,0.3767557,0.0
4028,2.028802,0.8886024,0.9243953,0.5493566,16566.244,2.028802,0.0,0.03589543,0.43985826,0.0
4029,1.286864,0.80875516,0.82002574,0.5525453,16566.244,1.286864,0.0,0.036794115,0.45087063,0.0
4030,1.6323361,0.8459348,0.82557476,0.5525453,16566.244,1.6323361,0.0,0.038812656,0.47560558,0.0
4031,1.2525307,0.8050602,0.72994405,0.5469622,16566.244,1.2525307,0.0,0.034282986,0.42009956,0.0
4032,1.5229125,0.83415866,0.73371875,0.5469622,16566.244,1.5229125,0.0,0.031841155,0.39017767,0.0
4033,1.7594639,0.8596163,0.7888953,0.34948432,16566.244,1.7594639,0.0,0.025994131,0.31852895,0.0
4034,1.6337905,0.84609133,0.7858695,0.48696378,16566.244,1.6337905,0.0,0.03011262,0.3689964,0.0
4035,1.6681588,0.84979004,0.785816,0.34088174,16566.244,1.6681588,0.0,0.028937448,0.354596,0.0
4036,2.6986165,0.9606877,0.96691984,0.6449946,16566.244,2.6986165,0.0,0.0457561,0.56068975,0.0
4037,1.7804697,0.8618769,1.0287738,0.6520394,16566.244,1.7804697,0.0,0.046588648,0.5708917,0.0
4038,1.53868,0.83585554,0.760218,0.6932236,16566.244,1.53868,0.0,0.037480436,0.45928073,0.0
4039,1.9977157,0.8852569,0.85174465,0.66183084,16566.244,1.9977157,0.0,0.042103067,0.5159259,0.0
4040,1.1083467,0.78954315,0.93757564,0.7728626,16566.244,1.1083467,0.0,0.046591815,0.5709305,0.0
4041,1.5309361,0.83502215,0.9546663,0.73627836,16566.244,1.5309361,0.0,0.04315208,0.52878034,0.0
4042,1.2215242,0.8017233,1.0620077,0.6642852,16566.244,1.2215242,0.0,0.04070195,0.4987568,0.0
4043,0.183546,0.69001627,0.693699,0.54589504,16566.244,0.183546,0.0,0.031968556,0.39173883,0.0
4044,0.92275727,0.76957005,0.7565189,0.8855319,16566.244,0.92275727,0.0,0.04100608,0.50248355,0.0
4045,0.0,0.6226032,0.642289,0.72596383,16566.244,0.0,0.0,0.040443327,0.49558765,0.0
4046,0.5684286,0.73143727,0.6664847,0.7423431,16566.244,0.5684286,0.0,0.038224928,0.46840364,0.0
4047,0.69287026,0.74482965,0.80407536,0.8007173,16566.244,0.69287026,0.0,0.039168444,0.47996536,0.0
4048,0.16103221,0.68759334,1.0341104,0.79341215,16566.244,0.16103221,0.0,0.040374793,0.49474782,0.0
4049,1.6977004,0.8529693,0.81818825,0.64715946,16566.244,1.6977004,0.0,0.039907437,0.48902088,0.0
4050,1.9222327,0.8771334,0.9716361,0.91305506,16566.244,1.9222327,0.0,0.036068924,0.44198424,0.0
4051,3.6669464,1.0648992,0.7617568,0.9712374,16566.244,3.6669464,0.0,0.061966505,0.75933003,0.0
4052,4.618776,1.1673349,1.3454409,0.75418985,16566.244,4.618776,0.0,0.05851556,0.71704257,0.0
4053,5.3499036,1.2460188,1.3671777,0.75418985,16566.244,5.3499036,0.0,0.058321074,0.7146594,0.0
4054,5.563848,1.2536771,1.278968,0.89292103,16566.244,5.421065,0.0,0.08774797,1.075253,1.0
4055,4.347429,1.1381326,1.5948431,0.772131,16566.244,4.347429,0.0,0.044378053,0.5438033,0.0
4056,2.5707293,0.9469245,1.4118584,0.8240267,16566.244,2.5707293,0.0,0.044540707,0.54579645,0.0
4057,4.363399,1.1398513,1.5816308,0.8022106,16566.244,4.363399,0.0,0.046719003,0.572489,0.0
4058,3.9681969,1.0973197,1.277995,0.7044824,16566.244,3.9681969,0.0,0.046606146,0.5711061,0.0
4059,4.1282434,1.1145439,1.3062216,0.7044824,16566.244,4.1282434,0.0,0.050399028,0.6175836,0.0
4060,2.6807766,0.9587678,0.9757906,0.80602247,16566.244,2.6807766,0.0,0.054122727,0.6632134,0.0
4061,4.6038456,1.1448146,1.1669958,0.6814389,16566.244,4.409518,0.0,0.09188231,1.1259147,1.0
4062,1.3016218,0.8103434,0.87816244,0.7462838,16566.244,1.3016218,0.0,0.047619414,0.5835225,0.0
4063,2.3801022,0.92640924,0.85101515,0.7429948,16566.244,2.3801022,0.0,0.055548374,0.680683,0.0
4064,0.1736621,0.68895257,0.672271,0.7502516,16566.244,0.1736621,0.0,0.046044324,0.56422156,0.0
4065,2.0019758,0.88571537,0.7699246,0.65628374,16566.244,2.0019758,0.0,0.04555431,0.558217,0.0
4066,4.5103683,1.1556681,1.1106489,0.7112452,16566.244,4.5103683,0.0,0.05511543,0.67537785,0.0
4067,0.0,0.6674127,0.72537357,0.6464195,16566.244,0.0,0.0,0.04915945,0.6023939,0.0
4068,0.7220706,0.7479722,0.7259877,0.713496,16566.244,0.7220706,0.0,0.043120414,0.5283923,0.0
4069,0.5426089,0.72865856,0.8042817,0.68123424,16566.244,0.5426089,0.0,0.050305847,0.6164418,0.0
4070,1.0158929,0.7795933,0.7235522,0.6098069,16566.244,1.0158929,0.0,0.050367694,0.6171996,0.0
4071,1.2564292,0.80547976,0.8069496,0.76653373,16566.244,1.2564292,0.0,0.046096623,0.56486243,0.0
4072,0.6990678,0.74549663,0.7646174,0.7214945,16566.244,0.6990678,0.0,0.042424303,0.5198623,0.0
4073,1.3895656,0.8198079,0.9189433,0.68731415,16566.244,1.3895656,0.0,0.041851174,0.5128392,0.0
4074,1.2329395,0.8029518,0.9109219,0.7835365,16566.244,1.2329395,0.0,0.04854507,0.5948654,0.0
4075,2.4922938,0.9384833,0.95464885,0.72524023,28714.828,2.4922938,1.1146086,0.05282828,0.6473513,0.0
4076,2.2731547,0.9148996,0.87058866,0.6514619,28714.828,2.2731547,1.1146086,0.04632753,0.567692,0.0
4077,1.560276,0.8381797,0.87749296,0.73756677,28714.828,1.560276,1.1146086,0.043697953,0.5354694,0.0
4078,1.8553162,0.8699319,0.9896588,0.7404626,28714.828,1.8553162,1.1146086,0.051534113,0.6314928,0.0
4079,4.39688,1.1434546,1.235848,0.73754466,28714.828,4.39688,1.1146086,0.04711317,0.5773191,0.0
4080,3.3815093,1.0341805,1.0210979,0.71686995,28714.828,3.3815093,1.1146086,0.052082144,0.63820827,0.0
4081,4.3318167,1.1364524,1.2327754,0.62336004,28714.828,4.3318167,1.1146086,0.03848797,0.47162694,0.0
4082,4.977268,1.2059158,1.0948398,0.62856543,28714.828,4.977268,1.1146086,0.04409773,0.54036826,0.0
4083,3.8164325,1.0809869,1.1019335,0.7195156,28714.828,3.8164325,1.1146086,0.041927993,0.51378053,0.0
4084,4.857906,1.19307,1.1434551,0.737289,28714.828,4.857906,1.1146086,0.060671307,0.74345887,0.0
4085,5.3061934,1.2413146,1.2411907,0.73533064,28714.828,5.3061934,1.1146086,0.05384394,0.65979713,0.0
4086,5.4569564,1.2575397,1.331304,0.7106038,28714.828,5.4569564,1.1146086,0.05012667,0.6142462,0.0
4087,4.634187,1.1689935,1.2661068,0.7379386,28714.828,4.634187,1.1146086,0.045368087,0.555935,0.0
4088,6.8370137,1.4060613,1.3405154,0.6822623,28714.828,6.8370137,1.1146086,0.045307703,0.5551951,0.0
4089,7.727558,1.5019015,1.4815806,0.6495416,28714.828,7.727558,1.1146086,0.047606368,0.58336264,0.0
4090,8.016095,1.5329539,1.5283654,0.65749174,28714.828,8.016095,1.1146086,0.04636233,0.5681184,0.0
4091,7.7305565,1.5022242,1.52213,0.6348453,24297.16,7.7305565,0.70021516,0.03071645,0.37639567,0.0
4092,4.9751506,1.2056879,1.5452404,0.7273988,23744.955,4.9751506,0.6484163,0.03791329,0.46458486,0.0
4093,6.388033,1.3577421,1.3395746,0.6939697,23744.955,6.388033,0.6484163,0.036475375,0.44696483,0.0
4094,7.17824,1.442784,1.4950099,0.7356898,23744.955,7.17824,0.6484163,0.035898,0.43988976,0.0
4095,5.094166,1.2184963,1.5107278,0.75155026,23744.955,5.094166,0.6484163,0.04968222,0.6087999,0.0
4096,7.2531085,1.4508413,1.5980215,0.60817176,23744.955,7.2531085,0.6484163,0.048204042,0.5906865,0.0
4097,3.391533,1.0352592,1.5559071,0.76523733,23192.75,3.391533,0.5966174,0.043077555,0.52786714,0.0
4098,3.9877975,1.0994291,1.368643,0.8337353,40311.2,3.9877975,2.202391,0.047444217,0.58137566,0.0
4099,4.103493,1.1118803,1.1513345,0.7434212,40311.2,4.103493,2.202391,0.043092318,0.52804804,0.0
4100,4.0206914,1.1029692,1.1407381,0.74805635,40311.2,4.0206914,2.202391,0.04530883,0.5552089,0.0
4101,3.8639169,1.0860971,1.0515195,0.78076124,40311.2,3.8639169,2.202391,0.06083464,0.7454603,0.0
4102,3.8505924,1.0846632,1.0698814,0.72651887,40311.2,3.8505924,2.202391,0.05295871,0.6489496,0.0
4103,3.8866322,1.0885417,1.0945188,0.7046338,40311.2,3.8866322,2.202391,0.052995607,0.6494017,0.0
4104,3.8611033,1.0857943,1.0746013,0.7138146,40311.2,3.8611033,2.202391,0.048067197,0.58900964,0.0
4105,3.7567346,1.0745622,1.2660317,0.7812664,40311.2,3.7567346,2.202391,0.06124754,0.75051993,0.0
4106,3.9565241,1.0960635,1.0937507,0.72269666,40311.2,3.9565241,2.202391,0.05719706,0.70088583,0.0
4107,3.5092027,1.0479228,1.0515883,0.66486543,40311.2,3.5092027,2.202391,0.07000918,0.857884,0.0
4108,4.4362144,1.1476877,1.0799611,0.6688468,40311.2,4.4362144,2.202391,0.067397885,0.82588553,0.0
4109,4.5347667,1.1582938,1.1534656,0.68847334,40311.2,4.5347667,2.202391,0.06355774,0.7788288,0.0
4110,6.613224,1.3819771,1.3276331,0.6844963,40311.2,6.613224,2.202391,0.056113914,0.6876131,0.0
4111,6.933827,1.4164803,1.5003955,0.61886954,40311.2,6.933827,2.202391,0.055098776,0.6751737,0.0
4112,3.3529687,1.031109,1.4718969,0.7712127,40311.2,3.3529687,2.202391,0.051183276,0.6271937,0.0
4113,3.7168555,1.0702704,1.1860024,0.6173121,40311.2,3.7168555,2.202391,0.043744262,0.5360369,0.0
4114,4.4351344,1.1475714,1.2206575,0.61552817,16566.244,4.4351344,0.0,0.048185956,0.5904649,0.0
4115,3.5812435,1.0556759,1.180434,0.6019499,16566.244,3.5812435,0.0,0.046303485,0.5673973,0.0
4116,3.095668,1.0034183,1.1450714,0.5641899,16566.244,3.095668,0.0,0.059398346,0.72786015,0.0
4117,3.9798663,1.0985756,0.96197575,0.70857114,16566.244,3.9798663,0.0,0.063030384,0.7723667,0.0
4118,3.9929383,1.0999824,1.0266105,0.6718609,16566.244,3.9929383,0.0,0.06957329,0.8525427,0.0
4119,3.3266644,1.0282781,0.9676815,0.56106687,16566.244,3.3266644,0.0,0.07360685,0.90196943,0.0
4120,6.6082816,1.3814452,1.2992122,0.7693677,16566.244,6.6082816,0.0,0.06895428,0.8449574,0.0
4121,3.6992977,1.0683808,1.0070546,0.8057427,16566.244,3.6992977,0.0,0.07022193,0.86049104,0.0
4122,4.838257,1.1909554,1.3269004,0.538221,16566.244,4.838257,0.0,0.071161754,0.87200755,0.0
4123,7.089864,1.433273,1.4330671,0.4920169,16566.244,7.089864,0.0,0.06685798,0.8192696,0.0
4124,4.348031,1.1381974,0.95616704,0.7853552,27610.412,4.348031,1.0110104,0.058324773,0.7147047,0.0
4125,3.2706132,1.0222459,0.97705203,0.7185169,27610.412,3.2706132,1.0110104,0.050985463,0.6247697,0.0
4126,3.538943,1.0511235,0.95611686,0.7391941,27610.412,3.538943,1.0110104,0.06327087,0.77531356,0.0
4127,4.3418655,1.1375339,1.4125078,0.61728626,27610.412,4.3418655,1.0110104,0.043200552,0.52937436,0.0
4128,3.8424785,1.08379,1.4374888,0.7210642,27610.412,3.8424785,1.0110104,0.053768817,0.6588766,0.0
4129,1.2014844,0.7995666,0.79085684,0.6114392,27610.412,1.2014844,1.0110104,0.061135475,0.7491467,0.0
4130,3.5676289,1.0542107,1.1470225,0.7948394,27610.412,3.5676289,1.0110104,0.045126677,0.55297685,0.0
4131,3.792628,1.078425,1.2048073,0.66697365,27610.412,3.792628,1.0110104,0.033763055,0.4137284,0.0
4132,4.265247,1.1292882,1.170005,0.65087694,27610.412,4.265247,1.0110104,0.06856125,0.84014124,0.0
4133,3.7591505,1.0748222,1.190429,0.6817694,27610.412,3.7591505,1.0110104,0.05864106,0.7185805,0.0
4134,4.600036,1.1653181,1.2669497,0.42748567,27610.412,4.600036,1.0110104,0.030323304,0.3715781,0.0
4135,2.2944994,0.9171967,1.2896982,0.75455797,27610.412,2.2944994,1.0110104,0.06594434,0.80807394,0.0
4136,5.1925907,1.2290888,1.2944473,0.60478634,27610.412,5.1925907,1.0110104,0.037167344,0.45544413,0.0
4137,4.170726,1.1191158,1.1855733,0.51321584,27610.412,4.170726,1.0110104,0.039757825,0.48718756,0.0
4138,3.9058385,1.0906087,1.1579852,0.5004391,27610.412,3.9058385,1.0110104,0.041841753,0.51272374,0.0
4139,3.6112187,1.0589018,1.2052745,0.7984166,27610.412,3.6112187,1.0110104,0.043046262,0.5274837,0.0
4140,3.5895865,1.0565737,1.1827272,0.6544157,24849.367,3.5895865,0.7520142,0.044233475,0.54203165,0.0
4141,5.9241853,1.3078228,1.5214568,0.68898237,24849.367,5.9241853,0.7520142,0.055135105,0.6756189,0.0
4142,3.7424355,1.0730233,1.21241,0.6218037,24849.367,3.7424355,0.7520142,0.03784934,0.46380123,0.0
4143,5.4236436,1.2539546,1.2989578,0.53369695,24849.367,5.4236436,0.7520142,0.049071457,0.6013157,0.0
4144,5.8623705,1.3011703,1.3315924,0.60288244,7.9975324,5.8623705,0.0,0.04991925,0.61170447,0.0
4145,6.424349,1.3616503,1.3692465,0.50117445,7.9975324,6.424349,0.0,0.047124844,0.57746214,0.0
4146,5.9232426,1.3077214,1.3368559,0.6459731,3.661521,5.9232426,0.0,0.049175777,0.602594,0.0
4147,5.885189,1.3036261,1.3043852,0.6397872,3.46881,5.885189,0.0,0.047338895,0.5800851,0.0
4148,5.662262,1.2796347,1.2771337,0.6357354,3.3724546,5.662262,0.0,0.04745447,0.5815013,0.0
4149,4.8814855,1.1956077,1.1912565,0.62492263,0.9918981,4.8814855,0.0,0.057117805,0.69991463,0.0
4150,3.6970513,1.0681391,1.0719184,0.6689347,0.9918981,3.6970513,0.0,0.06546161,0.80215865,0.0
4151,2.2231042,0.9095132,0.9664081,0.71978843,0.89932096,2.2231042,0.0,0.06643884,0.81413347,0.0
4152,2.3021247,0.9180173,1.1198996,0.63922507,0.89932096,2.3021247,0.0,0.06844547,0.83872247,0.0
4153,0.68892026,0.74440455,0.7818234,0.665461,0.89932096,0.68892026,0.0,0.049123555,0.6019541,0.0
4154,0.61495984,0.73644495,0.7844488,0.66109425,0.89932096,0.61495984,0.0,0.055248786,0.6770119,0.0
4155,0.46143416,0.71992254,0.84791243,0.8324613,0.89932096,0.46143416,0.0,0.052634288,0.6449742,0.0
4156,0.5109589,0.7252524,0.84634876,0.76511085,0.67449075,0.5109589,0.0,0.051119454,0.6264116,0.0
4157,3.262691,1.0213933,1.0781456,0.6418555,0.67449075,3.262691,0.0,0.040804334,0.5000114,0.0
4158,3.2747936,1.0226958,1.0443232,0.6669307,2.2161837,3.2747936,0.0,0.042431805,0.5199542,0.0
4159,3.9838495,1.0990043,1.1700784,0.6141399,2.2161837,3.9838495,0.0,0.04639996,0.5685795,0.0
4160,4.19047,1.1212407,1.2218789,0.82804656,5.1068583,4.19047,0.0,0.04943565,0.60577846,0.0
4161,2.2521093,0.9126347,1.0032773,0.4966261,5.1068583,2.2521093,0.0,0.039125074,0.47943392,0.0
4162,2.4501984,0.933953,0.96739817,0.4724991,16566.244,2.4501984,0.0,0.035564233,0.4357998,0.0
4163,3.3118258,1.0266812,1.0515438,0.49740353,16566.244,3.3118258,0.0,0.03709345,0.45453864,0.0
4164,2.6112318,0.9512834,0.9784545,0.5668879,16566.244,2.6112318,0.0,0.04112601,0.50395316,0.0
4165,3.4724617,1.0439688,1.1355495,0.63370335,16566.244,3.4724617,0.0,0.051839802,0.63523865,0.0
4166,3.6477911,1.0628377,1.0821171,0.6087788,16566.244,3.6477911,0.0,0.04896617,0.60002553,0.0
4167,3.1739805,1.0118463,1.0639255,0.5417029,16566.244,3.1739805,0.0,0.047819413,0.5859733,0.0
4168,2.2780612,0.9154276,1.0935813,0.62290114,16566.244,2.2780612,0.0,0.05561925,0.6815516,0.0
4169,3.5849564,1.0560755,1.0424091,0.66307604,16566.244,3.5849564,0.0,0.05802986,0.71109086,0.0
4170,1.4693586,0.8283952,0.81405705,0.6931451,16566.244,1.4693586,0.0,0.062334817,0.7638433,0.0
4171,0.9003614,0.7671598,1.0521885,0.68027496,28162.62,0.9003614,1.0628095,0.061747164,0.7566423,0.0
4172,3.599814,1.0576744,1.2320633,0.6173412,28162.62,3.599814,1.0628095,0.05537268,0.67853016,0.0
4173,2.246434,0.9120239,0.9563751,0.7047522,28162.62,2.246434,1.0628095,0.054856725,0.67220765,0.0
4174,0.9430739,0.77175653,0.765775,0.6416335,28162.62,0.9430739,1.0628095,0.052415755,0.6422963,0.0
4175,2.1840036,0.90530515,0.9504992,0.7043534,28162.62,2.1840036,1.0628095,0.044553965,0.5459589,0.0
4176,2.2736864,0.9149568,1.0236287,0.6326008,28162.62,2.2736864,1.0628095,0.045277916,0.5548301,0.0
4177,3.110962,1.0050642,1.034972,0.56524926,28162.62,3.110962,1.0628095,0.04487134,0.54984796,0.0
4178,2.3796053,0.9263558,0.9877452,0.60769266,28162.62,2.3796053,1.0628095,0.047902796,0.58699507,0.0
4179,3.2160163,1.0163702,1.032387,0.6140869,28162.62,3.2160163,1.0628095,0.036650497,0.44911075,0.0
4180,1.1829617,0.7975732,0.7591325,0.9368282,28162.62,1.1829617,1.0628095,0.06315165,0.77385265,0.0
4181,0.85024756,0.6830964,0.9362251,0.7559826,28162.62,0.11924687,1.0628095,0.054271795,0.66504,0.0
4182,1.7164718,0.85498947,0.9763045,0.7559826,28162.62,1.7164718,1.0628095,0.0558006,0.6837738,0.0
4183,2.4100447,0.92963165,1.1131028,0.95571715,28162.62,2.4100447,1.0628095,0.066604964,0.81616914,0.0
4184,0.8636238,0.7632061,1.2136893,0.75132185,28162.62,0.8636238,1.0628095,0.07359411,0.90181327,0.0
4185,1.0022489,0.7781249,0.6245886,0.58942544,28162.62,1.0022489,1.0628095,0.061467487,0.75321513,0.0
4186,1.0425998,0.7824675,0.7493976,0.58942544,28162.62,1.0425998,1.0628095,0.058247495,0.71375775,0.0
4187,1.6779647,0.85084534,0.97824144,0.7308354,27610.412,1.6779647,1.0110104,0.047384467,0.58064353,0.0
4188,2.1076016,0.8970828,0.8605312,0.68560743,27610.412,2.1076016,1.0110104,0.043618992,0.53450185,0.0
4189,2.09732,0.8959763,1.2250267,0.8149446,27610.412,2.09732,1.0110104,0.060870416,0.7458987,0.0
4190,3.7038403,1.0688697,1.2363172,0.7804722,27610.412,3.7038403,1.0110104,0.060469113,0.74098116,0.0
4191,5.011733,1.2096249,1.2370105,0.74973065,27610.412,5.011733,1.0110104,0.06352039,0.77837116,0.0
4192,4.2071476,1.1230356,0.88807213,0.7837463,27610.412,4.2071476,1.0110104,0.04690557,0.57477516,0.0
4193,4.127918,1.1145089,1.0024067,0.73784906,27610.412,4.127918,1.0110104,0.047555834,0.5827434,0.0
4194,2.9505432,0.9878,0.8973026,0.7354688,27610.412,2.9505432,1.0110104,0.055030018,0.6743312,0.0
4195,4.1827254,1.1204072,1.0373651,0.7133414,27610.412,4.1827254,1.0110104,0.04405364,0.53982794,0.0
4196,2.8026245,0.97188103,1.0866615,0.7346733,5.1068583,2.8026245,0.0,0.03850811,0.4718737,0.0
4197,0.91813207,0.7690723,1.0255418,0.84304214,16566.244,0.91813207,0.0,0.039254013,0.48101392,0.0
4198,2.2493997,0.9123431,1.3991997,0.67980325,16566.244,2.2493997,0.0,0.045377076,0.5560452,0.0
4199,0.0,0.6549849,0.88594925,0.6992427,16566.244,0.0,0.0,0.050679576,0.6210214,0.0
4200,1.5145761,0.8332615,0.9391872,0.7653097,16566.244,1.5145761,0.0,0.05599215,0.686121,0.0
4201,2.7994976,0.9715445,0.9156119,0.5509285,5.1068583,2.7994976,0.0,0.05129748,0.6285931,0.0
4202,0.5112237,0.7252809,0.7825976,0.46210763,5.1068583,0.5112237,0.0,0.05806902,0.71157074,0.0
4203,1.6283773,0.84550875,0.7990198,0.4657028,5.1068583,1.6283773,0.0,0.060105883,0.7365302,0.0
4204,0.17046309,0.6886083,0.76478004,0.565002,16566.244,0.17046309,0.0,0.055544633,0.68063724,0.0
4205,0.7486828,0.7508362,0.6445489,0.76691335,16566.244,0.7486828,0.0,0.05640794,0.69121605,0.0
4206,1.5975176,0.84218764,0.7956518,0.7711803,16566.244,1.5975176,0.0,0.049147185,0.60224366,0.0
4207,2.2443857,0.9118035,1.0759721,0.799194,16566.244,2.2443857,0.0,0.049948253,0.61205983,0.0
4208,1.1999292,0.79939926,0.76751834,0.8260241,16566.244,1.1999292,0.0,0.053058736,0.65017533,0.0
4209,0.6310036,0.7381716,1.0145034,0.74830896,16566.244,0.6310036,0.0,0.055574227,0.6809999,0.0
4210,0.576826,0.732341,0.6315046,0.6080571,16566.244,0.576826,0.0,0.062776916,0.7692607,0.0
4211,0.0,0.6624348,0.61496556,0.73528373,16566.244,0.0,0.0,0.053435408,0.654791,0.0
4212,1.8052624,0.8645451,0.7816029,0.7043029,16566.244,1.8052624,0.0,0.05072403,0.6215661,0.0
4213,3.7945278,1.0786295,0.8317338,0.87904125,16566.244,3.7945278,0.0,0.069395766,0.8503673,0.0
4214,0.8396257,0.76062346,0.6306804,0.7046046,16566.244,0.8396257,0.0,0.056104694,0.6875001,0.0
4215,0.41164908,0.7145647,0.70967203,0.49791387,16566.244,0.41164908,0.0,0.061769433,0.75691515,0.0
4216,2.8215942,0.97392255,1.1076723,0.6123534,16566.244,2.8215942,0.0,0.051846,0.63531464,0.0
4217,3.5280278,1.0499488,1.1247017,0.48829544,16566.244,3.5280278,0.0,0.0418742,0.51312137,0.0
4218,3.3269646,1.0283104,1.1015174,0.5366525,16566.244,3.3269646,0.0,0.04360288,0.53430444,0.0
4219,2.8931704,0.98162556,1.0832087,0.56296027,16566.244,2.8931704,0.0,0.047621973,0.5835539,0.0
4220,3.1658401,1.0109702,1.1368557,0.62096804,16566.244,3.1658401,0.0,0.054910533,0.672867,0.0
4221,2.048825,0.89075726,1.047425,0.6373264,16566.244,2.048825,0.0,0.05313968,0.6511672,0.0
4222,2.482853,0.9374673,0.9541342,0.6696831,16566.244,2.482853,0.0,0.045253802,0.5545346,0.0
4223,2.2868242,0.9163707,1.0047079,0.6552159,16566.244,2.2868242,0.0,0.048044987,0.5887374,0.0
4224,3.991803,1.0998602,1.1628975,0.56296027,16566.244,3.991803,0.0,0.043107774,0.52823746,0.0
4225,3.0678275,1.0004221,1.0870111,0.6377854,16566.244,3.0678275,0.0,0.04126964,0.50571316,0.0
4226,2.761011,0.9674026,0.90210664,0.6043157,28714.828,2.761011,1.1146086,0.049130764,0.60204244,0.0
4227,4.0109835,1.1019244,1.2728992,0.64062434,28714.828,4.0109835,1.1146086,0.049561936,0.607326,0.0
4228,2.0908475,0.8952797,1.1848422,0.63545054,28714.828,2.0908475,1.1146086,0.061839134,0.7577692,0.0
4229,2.5021877,0.9395481,1.1979778,0.6197826,28714.828,2.5021877,1.1146086,0.05959797,0.73030627,0.0
4230,1.5543315,0.83754,0.8491272,0.64989305,28714.828,1.5543315,1.1146086,0.0640517,0.78488183,0.0
4231,1.3300374,0.81340146,1.1122459,0.6337274,28714.828,1.3300374,1.1146086,0.06047427,0.74104434,0.0
4232,1.9836109,0.88373893,1.0884604,0.6192352,28714.828,1.9836109,1.1146086,0.06171973,0.7563061,0.0
4233,1.002652,0.7781683,0.9720067,0.6190392,28714.828,1.002652,1.1146086,0.05903677,0.72342944,0.0
4234,1.0255436,0.7806319,0.8640378,0.5917908,28714.828,1.0255436,1.1146086,0.053877823,0.66021234,0.0
4235,1.8215649,0.86629957,1.0831516,0.56886077,28714.828,1.8215649,1.1146086,0.044783596,0.54877275,0.0
4236,3.4104567,1.0372958,0.90764874,0.90809214,28714.828,3.4104567,1.1146086,0.06407953,0.7852228,0.0
4237,2.8701775,0.97915107,0.7887593,0.93217087,28714.828,2.8701775,1.1146086,0.06344781,0.7774818,0.0
4238,2.0841098,0.8945546,0.84276617,0.9126483,28714.828,2.0841098,1.1146086,0.06264074,0.7675921,0.0
4239,0.8916869,0.73447746,0.7340817,0.84828335,28714.828,0.59667796,1.1146086,0.059239995,0.7259197,0.0
4240,0.8916869,0.72865593,0.7566206,0.77819574,28714.828,0.54258454,1.1146086,0.060023524,0.735521,0.0
4241,2.193363,0.9063124,0.8954056,0.8744305,28714.828,2.193363,1.1146086,0.05560574,0.681386,0.0
4242,2.0066485,0.88621825,1.008202,0.6955446,24297.16,2.0066485,0.70021516,0.051491965,0.6309763,0.0
4243,0.96687484,0.774318,0.78443867,0.5579934,24297.16,0.96687484,0.70021516,0.039320298,0.48182616,0.0
4244,0.9037709,0.76752675,0.87397444,0.55972964,24297.16,0.9037709,0.70021516,0.052579824,0.6443068,0.0
4245,1.1041385,0.7890903,0.92697114,0.61219686,24297.16,1.1041385,0.70021516,0.044169676,0.5412499,0.0
4246,2.0366483,0.8894468,0.9768104,0.7134914,23744.955,2.0366483,0.6484163,0.044206306,0.5416987,0.0
4247,2.139132,0.9004761,1.106536,0.6885478,23744.955,2.139132,0.6484163,0.048027847,0.58852744,0.0
4248,2.2374246,0.9110543,0.71835715,0.800617,23744.955,2.2374246,0.6484163,0.04974009,0.60950905,0.0
4249,2.0567238,0.89160734,0.73946315,0.5969041,23744.955,2.0567238,0.6484163,0.04070008,0.49873388,0.0
4250,1.4722147,0.82870257,0.67039627,0.72336626,23744.955,1.4722147,0.6484163,0.037569646,0.46037388,0.0
4251,1.5990456,0.8423521,0.696591,0.4741494,16566.244,1.5990456,0.0,0.025158,0.3082831,0.0
4252,0.40709978,0.7140751,0.5644809,0.5160982,16566.244,0.40709978,0.0,0.03462421,0.42428088,0.0
4253,1.4955117,0.8312098,0.72720003,0.4222481,16566.244,1.4955117,0.0,0.036178023,0.4433211,0.0
4254,1.7383963,0.857349,0.7333813,0.4209743,16566.244,1.7383963,0.0,0.028881937,0.35391575,0.0
4255,1.4547226,0.8268201,0.8076593,0.6160523,16566.244,1.4547226,0.0,0.04394557,0.5385037,0.0
4256,0.08165966,0.6790513,0.66141427,0.54889446,16566.244,0.08165966,0.0,0.038400568,0.4705559,0.0
4257,0.6682995,0.74218535,0.68479365,0.51540405,16566.244,0.6682995,0.0,0.04331856,0.53082037,0.0
4258,0.75185746,0.75117785,0.63539225,0.5403521,16566.244,0.75185746,0.0,0.043164175,0.5289286,0.0
4259,0.0,0.6305184,0.6187693,0.52436405,16566.244,0.0,0.0,0.04121034,0.5049865,0.0
4260,0.0,0.6550946,0.57362014,0.5131026,16566.244,0.0,0.0,0.04120461,0.5049163,0.0
4261,0.34768113,0.70768046,0.6914034,0.5317885,16566.244,0.34768113,0.0,0.035940636,0.4404122,0.0
4262,1.2063782,0.8000933,0.7978664,0.50546885,16566.244,1.2063782,0.0,0.03549042,0.4348953,0.0
4263,1.3474203,0.8152722,0.84930277,0.47969493,16566.244,1.3474203,0.0,0.03769707,0.4619353,0.0
4264,1.0312593,0.781247,0.87425464,0.47969493,16566.244,1.0312593,0.0,0.02820667,0.34564114,0.0
4265,2.2841568,0.91608363,0.9018194,0.44703516,16566.244,2.2841568,0.0,0.046195682,0.5660763,0.0
4266,1.806852,0.8647162,0.7833703,0.5737849,16566.244,1.806852,0.0,0.034281567,0.42008218,0.0
4267,1.9763112,0.88295335,0.8460003,0.59884214,16566.244,1.9763112,0.0,0.038789045,0.47531626,0.0
4268,1.3640722,0.8170643,0.82574064,0.5871474,16566.244,1.3640722,0.0,0.03854993,0.47238618,0.0
4269,1.3426074,0.81475425,0.7741718,0.53055596,16566.244,1.3426074,0.0,0.037164807,0.45541304,0.0
4270,0.8202251,0.75853556,0.6514212,0.5411423,16566.244,0.8202251,0.0,0.041355748,0.50676835,0.0
4271,1.404392,0.8214035,0.8068604,0.64463294,16566.244,1.404392,0.0,0.047241908,0.57889664,0.0
4272,1.037156,0.78188163,0.7351722,0.5235365,16566.244,1.037156,0.0,0.040817298,0.50017023,0.0
4273,1.5877755,0.8411392,0.89654535,0.6163769,16566.244,1.5877755,0.0,0.04619001,0.5660068,0.0
4274,0.8916869,0.7126062,0.8102608,0.45568436,28714.828,0.39345086,1.1146086,0.04083347,0.5003684,0.0
4275,1.983329,0.8837086,0.792126,0.5351284,28714.828,1.983329,1.1146086,0.03520084,0.43134686,0.0
4276,1.7140692,0.8547309,0.7530629,0.5469064,28714.828,1.7140692,1.1146086,0.029016363,0.35556298,0.0
4277,1.5894403,0.84131837,0.8064508,0.55101234,28714.828,1.5894403,1.1146086,0.028238831,0.3460352,0.0
4278,0.8916869,0.7134098,0.7343877,0.55101234,28714.828,0.40091777,1.1146086,0.03203153,0.39251047,0.0
4279,1.9760271,0.88292277,0.8425698,0.6437583,28714.828,1.9760271,1.1146086,0.02594978,0.31798545,0.0
4280,1.4051309,0.821483,0.738788,0.7615532,28714.828,1.4051309,1.1146086,0.036078893,0.44210637,0.0
4281,2.4699893,0.9360829,0.8912003,0.731987,28714.828,2.4699893,1.1146086,0.03951228,0.4841787,0.0
4282,1.5996482,0.84241694,0.8487119,0.76914895,28714.828,1.5996482,1.1146086,0.03637615,0.44574893,0.0
4283,0.8916869,0.70528466,0.794717,0.7608893,28714.828,0.32541937,1.1146086,0.043420024,0.5320637,0.0
4284,0.8916869,0.6847573,0.99598193,0.6723843,28714.828,0.13467975,1.1146086,0.049230937,0.60326993,0.0
4285,5.2090235,1.2308573,1.18214,0.7798453,28714.828,5.2090235,1.1146086,0.07591905,0.9303028,0.0
4286,1.138854,0.79282635,1.2297622,0.7792378,28714.828,1.138854,1.1146086,0.04507972,0.5524014,0.0
4287,0.8916869,0.7506873,1.219363,0.7860548,28714.828,0.7472993,1.1146086,0.046681684,0.5720317,0.0
4288,0.8916869,0.74967,0.6429941,0.68123263,28714.828,0.73784685,1.1146086,0.041178025,0.5045905,0.0
4289,0.8916869,0.7479877,0.78255117,0.81009716,28714.828,0.7222146,1.1146086,0.049996417,0.61265004,0.0
4290,2.9735696,0.9902781,0.94314516,0.8604509,24297.16,2.9735696,0.70021516,0.055366345,0.6784525,0.0
4291,4.931598,1.2010008,1.2825474,0.6293388,24297.16,4.931598,0.70021516,0.050690103,0.6211504,0.0
4292,1.9149048,0.8763448,0.83762413,0.8412045,24297.16,1.9149048,0.70021516,0.03459394,0.42390996,0.0
4293,2.8634782,0.9784301,1.1667117,0.4873333,24297.16,2.8634782,0.70021516,0.046428274,0.56892645,0.0
4294,4.573686,1.1624824,1.0739079,0.61433536,24297.16,4.573686,0.70021516,0.03954153,0.48453712,0.0
4295,1.3227526,0.8126175,1.0153687,0.6949337,24297.16,1.3227526,0.70021516,0.040649757,0.4981172,0.0
4296,1.9138337,0.8762295,1.1136239,0.6597228,24297.16,1.9138337,0.70021516,0.038765144,0.4750234,0.0
4297,1.6997529,0.8531902,0.9036116,0.6243405,24297.16,1.6997529,0.70021516,0.037452757,0.45894155,0.0
4298,0.83646387,0.7602832,0.81929624,0.588905,22088.322,0.83646387,0.49301803,0.028537411,0.34969398,0.0
4299,1.0090479,0.77885664,0.8161766,0.5656096,22088.322,1.0090479,0.49301803,0.044151228,0.5410238,0.0
4300,1.1724514,0.7964421,0.64314365,0.43299007,5.1068583,1.1724514,0.0,0.041539658,0.50902194,0.0
4301,0.76189256,0.7522578,0.6571539,0.40892857,3.8221178,0.76189256,0.0,0.04754462,0.582606,0.0
4302,1.0273192,0.780823,0.71405846,0.40349635,2.2161837,1.0273192,0.0,0.043738842,0.53597045,0.0
4303,1.0413575,0.7823338,0.6975408,0.46345034,2.2161837,1.0413575,0.0,0.04321868,0.52959645,0.0
4304,1.6943501,0.85260874,0.8162808,0.4541311,3.8221178,1.6943501,0.0,0.056264196,0.6894546,0.0
4305,1.6403121,0.8467932,0.8708857,0.5048829,19.56031,1.6403121,0.0,0.05266771,0.6453838,0.0
4306,0.63231623,0.73831284,0.6321329,0.60422057,19.56031,0.63231623,0.0,0.067218624,0.82368886,0.0
4307,1.4566356,0.82702595,0.6930632,0.6595291,16566.244,1.4566356,0.0,0.052150667,0.639048,0.0
4308,1.6772956,0.85077333,0.76066977,0.48544097,16566.244,1.6772956,0.0,0.03702865,0.45374462,0.0
4309,0.43023884,0.7165653,0.7179176,0.458518,16566.244,0.43023884,0.0,0.03989355,0.4888507,0.0
4310,1.4122323,0.82224727,0.6719959,0.49038398,16566.244,1.4122323,0.0,0.03553074,0.43538937,0.0
4311,2.209328,0.90803057,0.76300365,0.785328,16566.244,2.209328,0.0,0.052907515,0.6483223,0.0
4312,0.69900244,0.7454896,0.5576753,0.6606176,16566.244,0.69900244,0.0,0.035217725,0.43155372,0.0
4313,1.9486217,0.8799734,0.82802,0.6638019,16566.244,1.9486217,0.0,0.04126573,0.50566524,0.0
4314,1.4087281,0.82187015,0.8675583,0.5500832,16566.244,1.4087281,0.0,0.048785575,0.59781253,0.0
4315,1.4282455,0.8239706,0.917116,0.7120174,16566.244,1.4282455,0.0,0.041097306,0.50360143,0.0
4316,1.4744933,0.8289478,0.86973965,0.5996447,16566.244,1.4744933,0.0,0.034204558,0.4191385,0.0
4317,0.6653519,0.74186814,0.8049126,0.6610359,16566.244,0.6653519,0.0,0.050599176,0.6200362,0.0
4318,2.404129,0.928995,0.829024,0.54450506,16566.244,2.404129,0.0,0.03557527,0.43593505,0.0
4319,1.6508651,0.8479289,0.7785435,0.45636994,16566.244,1.6508651,0.0,0.035934586,0.44033808,0.0
4320,1.3314773,0.81355643,0.8045119,0.50885874,16566.244,1.3314773,0.0,0.047791805,0.585635,0.0
4321,2.1125398,0.89761424,0.8169665,0.50885874,16566.244,2.1125398,0.0,0.045569602,0.5584044,0.0
4322,0.16798297,0.6883414,0.7767814,0.55872333,16566.244,0.16798297,0.0,0.04485281,0.5496209,0.0
4323,1.2777566,0.807775,0.8196505,0.45017818,16566.244,1.2777566,0.0,0.04695677,0.57540256,0.0
4324,1.2623836,0.8061206,0.8529344,0.4191675,16566.244,1.2623836,0.0,0.041158687,0.5043536,0.0
4325,1.4322244,0.8243988,0.8544872,0.4191675,16566.244,1.4322244,0.0,0.046147894,0.5654907,0.0
4326,0.6448835,0.7396653,0.81402594,0.46257043,16566.244,0.6448835,0.0,0.03929448,0.4815098,0.0
4327,2.6054332,0.95065933,1.0743803,0.53913724,16566.244,2.6054332,0.0,0.032581955,0.39925534,0.0
4328,0.99111164,0.77692634,0.8684432,0.654479,17118.451,0.99111164,0.026825838,0.031248514,0.3829155,0.0
4329,2.623154,0.95256644,1.0494663,0.5391373,17118.451,2.623154,0.026825838,0.04321448,0.529545,0.0
4330,2.8356519,0.97543544,1.0509617,0.5391373,17118.451,2.8356519,0.026825838,0.035405852,0.43385902,0.0
4331,2.3367853,0.9217475,1.0675883,0.51632196,17118.451,2.3367853,0.026825838,0.044752132,0.5483872,0.0
4332,2.575423,0.94742966,0.99310553,0.6175107,17118.451,2.575423,0.026825838,0.039102487,0.47915715,0.0
4333,2.5465152,0.9443186,1.1422604,0.515711,17118.451,2.5465152,0.026825838,0.038914334,0.47685152,0.0
4334,3.8014166,1.0793709,1.2137663,0.46315914,17118.451,3.8014166,0.026825838,0.02901416,0.355536,0.0
4335,3.8327842,1.0827466,1.2260966,0.42602256,17118.451,3.8327842,0.026825838,0.03561821,0.4364612,0.0
4336,3.6456134,1.0626034,1.1601789,0.5125959,17118.451,3.6456134,0.026825838,0.035007544,0.4289782,0.0
4337,1.1080747,0.7895139,1.0212373,0.5807652,17118.451,1.1080747,0.026825838,0.038244933,0.46864876,0.0
4338,4.2869277,1.1316215,1.2031097,0.6155408,17118.451,4.2869277,0.026825838,0.036725957,0.45003542,0.0
4339,4.000372,1.1007824,1.1688508,0.5401611,17118.451,4.000372,0.026825838,0.03881415,0.47562388,0.0
4340,4.718882,1.1781083,1.3830986,0.67027384,17118.451,4.718882,0.026825838,0.04927323,0.6037882,0.0
4341,5.1287327,1.2222164,1.3083215,0.54110765,17118.451,5.1287327,0.026825838,0.03675606,0.45040432,0.0
4342,4.8286395,1.1899204,1.3316815,0.5391373,17118.451,4.8286395,0.026825838,0.039543286,0.48455864,0.0
4343,3.5883272,1.0564382,1.1062126,0.70779145,17118.451,3.5883272,0.026825838,0.04513144,0.5530352,0.0
4344,5.1787558,1.2275999,1.2253903,0.64450824,16566.244,5.1787558,0.0,0.04393096,0.53832465,0.0
4345,4.9461665,1.2025687,1.1731437,0.64531964,16566.244,4.9461665,0.0,0.042714313,0.52341604,0.0
4346,4.8772087,1.1951474,1.313144,0.7072542,16566.244,4.8772087,0.0,0.041908015,0.51353574,0.0
4347,5.241523,1.2343549,1.2662022,0.6775704,16566.244,5.241523,0.0,0.047155473,0.57783747,0.0
4348,5.7463155,1.2886806,1.2475555,0.5438532,16566.244,5.7463155,0.0,0.039650705,0.48587492,0.0
4349,5.9003696,1.3052598,1.2762218,0.4943427,16566.244,5.9003696,0.0,0.037645206,0.4612998,0.0
4350,6.3016334,1.3484437,1.3300719,0.64623386,16566.244,6.3016334,0.0,0.04158714,0.5096038,0.0
4351,5.906798,1.3059516,1.4677942,0.7122563,16566.244,5.906798,0.0,0.04655868,0.5705244,0.0
4352,6.6481295,1.3857336,1.641838,0.6958683,16566.244,6.6481295,0.0,0.04998324,0.61248857,0.0
4353,5.574347,1.2701733,1.5534561,0.686957,16566.244,5.574347,0.0,0.056218877,0.68889934,0.0
4354,6.7513905,1.3968465,1.4247131,0.6720075,16566.244,6.7513905,0.0,0.046822693,0.5737596,0.0
4355,7.044495,1.4283904,1.4884979,0.6181496,16566.244,7.044495,0.0,0.043064017,0.52770126,0.0
4356,6.1662993,1.3338791,1.4554266,0.6695871,16566.244,6.1662993,0.0,0.03841646,0.47075066,0.0
4357,6.7132196,1.3927386,1.8346324,0.68359727,16566.244,6.7132196,0.0,0.054901276,0.6727536,0.0
4358,7.271045,1.4527717,1.695673,0.71206516,16566.244,7.271045,0.0,0.055465404,0.67966634,0.0
4359,8.604561,1.5962844,1.7940195,0.6507696,16566.244,8.604561,0.0,0.054867238,0.67233646,0.0
4360,6.7142386,1.3928483,1.6515893,0.69086164,16566.244,6.7142386,0.0,0.051806077,0.6348254,0.0
4361,6.3907557,1.3580351,1.4937831,0.80451316,16566.244,6.3907557,0.0,0.054404747,0.6666692,0.0
4362,7.056366,1.429668,1.5977118,0.70968527,16566.244,7.056366,0.0,0.048929047,0.59957063,0.0
4363,6.903754,1.4132439,1.384021,0.6732966,16566.244,6.903754,0.0,0.051115282,0.6263605,0.0
4364,3.89923,1.0898975,1.0770472,0.77023035,16566.244,3.89923,0.0,0.04854952,0.59492,0.0
4365,3.845959,1.0841645,1.2277821,0.70121956,28714.828,3.845959,1.1146086,0.05087645,0.6234338,0.0
4366,3.6163073,1.0594494,1.218196,0.6324132,28714.828,3.6163073,1.1146086,0.041873787,0.5131163,0.0
4367,3.5264661,1.0497807,1.3297567,0.73367494,28714.828,3.5264661,1.1146086,0.06505414,0.7971656,0.0
4368,6.5917206,1.3796629,1.361766,0.65623873,28714.828,6.5917206,1.1146086,0.06200305,0.75977784,0.0
4369,3.1967225,1.0142938,0.98447394,0.6476108,28714.828,3.1967225,1.1146086,0.059772532,0.73244536,0.0
4370,3.436092,1.0400547,0.9733653,0.5989233,28714.828,3.436092,1.1146086,0.060674988,0.7435039,0.0
4371,2.9586608,0.9886736,1.069512,0.5483664,28714.828,2.9586608,1.1146086,0.070800036,0.86757505,0.0
4372,2.532992,0.9428632,1.2152016,0.8607536,28714.828,2.532992,1.1146086,0.076908045,0.94242185,0.0
4373,2.0412416,0.88994116,1.0923458,0.6910418,28714.828,2.0412416,1.1146086,0.06492682,0.79560536,0.0
4374,4.84436,1.1916122,1.4853195,0.73440975,28714.828,4.84436,1.1146086,0.0776087,0.9510076,0.0
4375,3.9967608,1.1003938,1.4511333,0.7335012,28714.828,3.9967608,1.1146086,0.0774547,0.9491205,0.0
4376,0.8916869,0.7238525,1.4550322,0.79366815,28714.828,0.49795133,1.1146086,0.07754131,0.9501818,0.0
4377,2.4486299,0.9337842,1.188825,0.8308432,28714.828,2.4486299,1.1146086,0.075109586,0.92038375,0.0
4378,0.8916869,0.6470633,0.7429953,0.8194084,28714.828,0.0,1.1146086,0.0483617,0.5926184,0.0
4379,2.4611943,0.9351364,0.9028759,0.838381,28714.828,2.4611943,1.1146086,0.05220709,0.63973933,0.0
4380,3.1543212,1.0097306,0.971777,0.77901757,28714.828,3.1543212,1.1146086,0.056325477,0.6902056,0.0
4381,2.1007118,0.8963413,0.748813,0.7891348,24297.16,2.1007118,0.70021516,0.044203393,0.54166305,0.0
4382,0.56017214,0.63978964,1.0241745,0.8013041,24297.16,0.0,0.70021516,0.05251899,0.64356136,0.0
4383,5.198231,1.2296958,1.1852554,0.49894303,24297.16,5.198231,0.70021516,0.051840674,0.6352493,0.0
4384,4.7702312,1.1836345,1.1444246,0.52013963,24297.16,4.7702312,0.70021516,0.04846877,0.5939304,0.0
4385,3.98442,1.0990657,1.0947844,0.46646747,24297.16,3.98442,0.70021516,0.059810814,0.73291445,0.0
4386,0.8233704,0.75887406,0.9652203,0.7177983,24297.16,0.8233704,0.70021516,0.061969884,0.75937146,0.0
4387,3.4255168,1.0389166,0.9676589,0.7341025,23744.955,3.4255168,0.6484163,0.06469555,0.79277146,0.0
4388,1.5789683,0.84019136,0.8604887,0.65964705,23192.75,1.5789683,0.5966174,0.054684576,0.6700982,0.0
4389,1.6819739,0.8512768,0.82993865,0.42649812,22088.322,1.6819739,0.49301803,0.05865768,0.7187841,0.0
4390,1.2959161,0.80972934,0.71251696,0.48018774,22088.322,1.2959161,0.49301803,0.06483324,0.7944586,0.0
4391,0.960777,0.77366173,0.67843986,0.45352405,16566.244,0.960777,0.0,0.045896463,0.5624097,0.0
4392,0.46522135,0.7203301,0.6698003,0.43792352,16566.244,0.46522135,0.0,0.06259516,0.7670335,0.0
4393,0.44493344,0.71814674,0.6321422,0.44922566,16566.244,0.44493344,0.0,0.05735684,0.7028438,0.0
4394,0.3574133,0.70872784,0.6836105,0.46745333,16566.244,0.3574133,0.0,0.044506807,0.545381,0.0
4395,0.0,0.6269787,0.72686595,0.4913419,16566.244,0.0,0.0,0.054689273,0.6701557,0.0
4396,0.8109288,0.7575351,0.7816098,0.48706362,16566.244,0.8109288,0.0,0.060928084,0.74660534,0.0
4397,2.0633473,0.89232016,0.8546486,0.61605686,16566.244,2.0633473,0.0,0.05671079,0.69492716,0.0
4398,2.3781664,0.9262009,0.8407288,0.5529728,16566.244,2.3781664,0.0,0.050708722,0.62137854,0.0
4399,0.6975065,0.7453286,0.7722688,0.45711794,16566.244,0.6975065,0.0,0.043516774,0.53324926,0.0
4400,2.5258107,0.9420904,0.81989026,0.67960435,16566.244,2.5258107,0.0,0.032788653,0.40178818,0.0
4401,1.4842166,0.8299942,0.75069505,0.69201076,16566.244,1.4842166,0.0,0.036536008,0.44770783,0.0
4402,0.0,0.5954567,0.8866554,0.45635396,16566.244,0.0,0.0,0.043041907,0.5274303,0.0
4403,1.8301628,0.8672249,0.85880476,0.51469004,16566.244,1.8301628,0.0,0.049270716,0.6037574,0.0
4404,0.80924237,0.7573536,0.8022714,0.51669806,16566.244,0.80924237,0.0,0.046555173,0.5704814,0.0
4405,1.0704349,0.7854631,0.76804745,0.49281004,16566.244,1.0704349,0.0,0.04742613,0.58115405,0.0
4406,1.40829,0.821823,0.80433977,0.56063265,16566.244,1.40829,0.0,0.05785202,0.70891166,0.0
4407,1.1915662,0.7984992,0.84543294,0.51635677,16566.244,1.1915662,0.0,0.053460144,0.65509415,0.0
4408,2.2802045,0.9156583,0.87382287,0.4674116,16566.244,2.2802045,0.0,0.04228038,0.51809865,0.0
4409,1.2846941,0.8085216,0.6973689,0.5953028,16566.244,1.2846941,0.0,0.0387896,0.47532305,0.0
4410,2.378347,0.92622036,0.96805954,0.6278712,16566.244,2.378347,0.0,0.051005423,0.6250143,0.0
4411,1.2699137,0.80693096,0.88005805,0.53574216,16566.244,1.2699137,0.0,0.052505467,0.64339566,0.0
4412,1.9839016,0.8837702,0.8968448,0.53574216,16566.244,1.9839016,0.0,0.04387683,0.5376614,0.0
4413,2.5135581,0.94077176,0.97424936,0.5691092,16566.244,2.5135581,0.0,0.04409117,0.54028785,0.0
4414,2.1604247,0.9027676,0.90602463,0.5622211,16566.244,2.1604247,0.0,0.039200906,0.48036316,0.0
4415,2.105757,0.89688426,0.8769977,0.552967,16566.244,2.105757,0.0,0.049474325,0.6062524,0.0
4416,3.3101587,1.0265018,0.9370773,0.74330753,16566.244,3.3101587,0.0,0.03842509,0.47085643,0.0
4417,2.0253525,0.88823116,0.9097986,0.45165464,16566.244,2.0253525,0.0,0.064536385,0.7908211,0.0
4418,1.8630698,0.870661,0.92165715,0.65241736,16566.244,1.8620913,0.0,0.08172933,1.0015013,1.0
4419,1.9934455,0.88479733,0.91464263,0.6331034,16566.244,1.9934455,0.0,0.067303784,0.8247324,0.0
4420,1.9382621,0.8788585,1.0107688,0.5712698,16566.244,1.9382621,0.0,0.04281094,0.5246001,0.0
4421,2.8043914,0.9720712,0.97246635,0.5701938,16566.244,2.8043914,0.0,0.041782163,0.5119936,0.0
4422,1.0224421,0.7802981,0.91772777,0.6235847,16566.244,1.0224421,0.0,0.040640064,0.49799842,0.0
4423,2.084298,0.872723,0.8184313,0.7018654,16566.244,1.881251,0.0,0.10677245,1.3083767,1.0
4424,1.8693855,0.871446,0.8261264,0.7392567,16566.244,1.8693855,0.0,0.05121275,0.62755483,0.0
4425,1.8532885,0.86971366,0.88577354,0.80449563,16566.244,1.8532885,0.0,0.040745996,0.4992965,0.0
4426,2.0710447,0.89314854,0.90326816,0.80449563,16566.244,2.0710447,0.0,0.03825976,0.46883047,0.0
4427,1.9544022,0.8805955,1.1059614,0.8652958,16566.244,1.9544022,0.0,0.034245286,0.4196376,0.0
4428,7.482812,1.475562,1.4453737,0.6714492,16566.244,7.482812,0.0,0.035917494,0.44012862,0.0
4429,2.9003181,0.9823948,1.4263644,0.7493777,16566.244,2.9003181,0.0,0.029601887,0.36273792,0.0
4430,2.190072,0.90595824,0.8406796,0.8065028,16566.244,2.190072,0.0,0.05035653,0.6170628,0.0
4431,2.4284222,0.93160945,0.8784252,0.7890805,16566.244,2.4284222,0.0,0.037683707,0.46177158,0.0
4432,2.3651593,0.9248011,0.8647374,0.81737894,16566.244,2.3651593,0.0,0.047276214,0.579317,0.0
4433,1.9516995,0.88030463,0.8095259,0.41921183,16566.244,1.9516995,0.0,0.050808553,0.62260187,0.0
4434,2.1464617,0.9012649,0.84488755,0.74534374,16566.244,2.1464617,0.0,0.040516946,0.49648976,0.0
4435,2.3193421,0.91987026,1.0485946,0.814316,16566.244,2.3193421,0.0,0.051273093,0.6282943,0.0
4436,2.5524862,0.9449612,0.998296,0.7491377,16566.244,2.5524862,0.0,0.042662673,0.5227832,0.0
4437,4.8518767,1.1924212,1.2173959,0.6146335,16566.244,4.8518767,0.0,0.049006768,0.600523,0.0
4438,1.2277483,0.80239314,0.93619144,0.49320212,16566.244,1.2277483,0.0,0.042977903,0.526646,0.0
4439,3.6304271,1.060969,1.2465532,0.80458105,16566.244,3.6304271,0.0,0.051631395,0.6326849,0.0
4440,3.4177885,1.0380849,1.0583833,0.79326975,16566.244,3.4177885,0.0,0.04505846,0.5521409,0.0
4441,4.4909453,1.1535778,1.3038327,0.7911146,16566.244,4.4909453,0.0,0.047168057,0.57799166,0.0
4442,4.2020807,1.1224903,1.3827348,0.56178683,16566.244,4.2020807,0.0,0.046489395,0.56967545,0.0
4443,2.284672,0.91613907,1.1524788,0.67122066,16566.244,2.284672,0.0,0.045396436,0.5562824,0.0
4444,5.482085,1.2602441,1.296129,0.48249975,16566.244,5.482085,0.0,0.046457604,0.56928587,0.0
4445,6.128483,1.3298093,1.3775105,0.55550253,16566.244,6.128483,0.0,0.04524994,0.5544873,0.0
4446,6.214648,1.3390824,1.3876706,0.6048958,16566.244,6.214648,0.0,0.04588008,0.56220895,0.0
4447,6.1359687,1.3306149,1.4012978,0.4757605,16566.244,6.1359687,0.0,0.046221994,0.56639874,0.0
4448,3.7145793,1.0700254,1.4062861,0.75279367,16566.244,3.7145793,0.0,0.047678553,0.58424723,0.0
4449,3.1587121,1.0102031,1.1724777,0.58889663,16566.244,3.1587121,0.0,0.044199858,0.5416197,0.0
4450,3.3121626,1.0267174,1.1153177,0.7687694,16566.244,3.3121626,0.0,0.050721474,0.6215348,0.0
4451,3.2882953,1.0241488,1.1297749,0.75032234,16566.244,3.2882953,0.0,0.049986493,0.61252844,0.0
4452,5.635447,1.2767489,1.4077532,0.78441936,16566.244,5.635447,0.0,0.054822534,0.6717887,0.0
4453,0.53991777,0.72836894,0.74272096,0.68738735,16566.244,0.53991777,0.0,0.045885064,0.56227,0.0
4454,1.3416542,0.81465167,0.92133564,0.8709106,16566.244,1.3416542,0.0,0.0527568,0.64647543,0.0
4455,3.878721,1.0876904,1.2636806,0.69396704,16566.244,3.878721,0.0,0.047039665,0.57641834,0.0
4456,0.84307563,0.76099473,1.4893098,0.87472284,16566.244,0.84307563,0.0,0.051237945,0.6278636,0.0
4457,0.97973454,0.77570194,1.080529,0.9285497,16566.244,0.97973454,0.0,0.064126134,0.7857939,0.0
4458,2.4831593,0.93750024,1.2203175,0.8507,28162.62,2.4831593,1.0628095,0.060326222,0.7392302,0.0
4459,1.2143508,0.8009513,1.439,0.7835028,28162.62,1.2143508,1.0628095,0.056673042,0.6944646,0.0
4460,2.558584,0.94561744,1.1074828,0.6589054,28162.62,2.558584,1.0628095,0.059162892,0.72497493,0.0
4461,2.4533215,0.9342891,1.0603492,0.6307582,28162.62,2.4533215,1.0628095,0.060136475,0.7369051,0.0
4462,6.282151,1.3463471,1.4032297,0.6020785,28162.62,6.282151,1.0628095,0.054376464,0.6663226,0.0
4463,6.5877714,1.3792379,1.3776835,0.61905223,28162.62,6.5877714,1.0628095,0.057891484,0.70939523,0.0
4464,6.9458666,1.417776,1.7497733,0.6980992,28162.62,6.9458666,1.0628095,0.062266156,0.7630019,0.0
4465,5.347987,1.2458125,1.4157006,0.64417684,28162.62,5.347987,1.0628095,0.052555896,0.6440136,0.0
4466,6.4080925,1.3599008,1.4248837,0.51090217,28162.62,6.4080925,1.0628095,0.05349773,0.6555547,0.0
4467,6.705671,1.3919262,1.4342644,0.5067751,28162.62,6.705671,1.0628095,0.0525692,0.6441766,0.0
4468,5.537515,1.2662095,1.5334277,0.71193993,28162.62,5.537515,1.0628095,0.066669725,0.8169627,0.0
4469,6.1094966,1.320761,1.409912,0.9317125,28162.62,6.044406,1.0628095,0.08411768,1.0307679,1.0
4470,6.1505632,1.3321856,1.4266453,0.7945341,28162.62,6.1505632,1.0628095,0.07485644,0.91728175,0.0
4471,5.7387614,1.2878675,1.44545,0.5684484,28162.62,5.7387614,1.0628095,0.07926017,0.9712445,0.0
4472,6.6252503,1.3832713,1.4474707,0.5684484,28162.62,6.6252503,1.0628095,0.06925836,0.8486836,0.0
4473,7.4166718,1.468444,1.4592465,0.6890802,28162.62,7.4166718,1.0628095,0.065360874,0.80092424,0.0
4474,7.1085725,1.4352864,1.4248666,0.6890802,24297.16,7.1085725,0.70021516,0.059044674,0.7235263,0.0
4475,7.2368464,1.4490912,1.3525108,0.78280616,24297.16,7.2368464,0.70021516,0.06113752,0.74917173,0.0
4476,2.4867094,0.9378823,1.2077787,0.6374666,24297.16,2.4867094,0.70021516,0.046749562,0.57286346,0.0
4477,2.1538904,0.9020644,1.2752701,0.6374666,24297.16,2.1538904,0.70021516,0.046509646,0.5699236,0.0
4478,3.6841998,1.066756,1.208721,0.8002046,24297.16,3.6841998,0.70021516,0.06327574,0.7753732,0.0
4479,1.7384129,0.85735077,0.91375804,0.7460963,24297.16,1.7384129,0.70021516,0.06398423,0.784055,0.0
4480,1.8842828,0.87304926,1.3012431,0.60132617,24297.16,1.8842828,0.70021516,0.052462317,0.64286685,0.0
4481,1.4465656,0.8259422,0.998835,0.6986995,23744.955,1.4465656,0.6484163,0.054656938,0.6697595,0.0
4482,0.6541039,0.7406576,1.2343118,0.64614636,22640.53,0.6541039,0.5448171,0.054135285,0.6633672,0.0
4483,5.5277534,1.2651589,1.3578312,0.62605244,22640.53,5.5277534,0.5448171,0.065757945,0.8057899,0.0
4484,1.922873,0.87720233,0.91696125,0.82316756,22088.322,1.922873,0.49301803,0.060685676,0.74363494,0.0
4485,2.8749,0.9796593,1.2584249,0.75800115,16566.244,2.8749,0.0,0.06471337,0.79298973,0.0
4486,1.0008582,0.77797526,0.74143475,0.75668186,16566.244,1.0008582,0.0,0.06475552,0.7935063,0.0
4487,1.0464146,0.78287804,0.68579715,0.7338151,16566.244,1.0464146,0.0,0.055357162,0.67833996,0.0
4488,3.3674994,1.0326728,1.2973586,0.65962213,16566.244,3.3674994,0.0,0.06389835,0.7830026,0.0
4489,3.03266,0.9966374,1.2549182,0.75115734,16566.244,3.03266,0.0,0.06125219,0.7505769,0.0
4490,1.7196409,0.8553305,1.231345,0.68894994,16566.244,1.7196409,0.0,0.039047275,0.47848058,0.0
4491,3.3241699,1.0280097,1.2343614,0.58617944,16566.244,3.3241699,0.0,0.05174194,0.63403946,0.0
4492,2.1766152,0.90451,1.0406189,0.6701909,16566.244,2.1766152,0.0,0.05718244,0.70070666,0.0
4493,2.1738954,0.9042173,0.96967494,0.6669561,16566.244,2.1738954,0.0,0.04408011,0.5401523,0.0
4494,0.73424023,0.7492819,1.1689099,0.69330317,16566.244,0.73424023,0.0,0.03559873,0.43622252,0.0
4495,2.2430925,0.9116643,0.8623446,0.70702577,16566.244,2.2430925,0.0,0.058802832,0.72056276,0.0
4496,2.6442776,0.95483977,1.1289939,0.63335085,16566.244,2.6442776,0.0,0.059144273,0.72474676,0.0
4497,2.3101609,0.9188822,1.1795535,0.6671511,16566.244,2.3101609,0.0,0.037485465,0.45934236,0.0
4498,1.5333941,0.8352867,0.8310001,0.6461483,16566.244,1.5333941,0.0,0.04352313,0.53332716,0.0
4499,1.2768898,0.80768174,0.84311354,0.7042622,16566.244,1.2768898,0.0,0.047022626,0.57620955,0.0
4500,2.3790886,0.92630017,1.008453,0.8567617,16566.244,2.3790886,0.0,0.04793307,0.58736604,0.0
4501,0.619554,0.7369394,0.77088594,0.77659476,16566.244,0.619554,0.0,0.052791324,0.6468985,0.0
4502,1.9941411,0.8848722,0.9287311,0.68782324,16566.244,1.9941411,0.0,0.05862461,0.7183789,0.0
4503,0.28244767,0.70066005,0.9127264,0.6233933,16566.244,0.28244767,0.0,0.05980609,0.7328566,0.0
4504,2.540384,0.94365877,1.0059904,0.6806522,16566.244,2.540384,0.0,0.05210346,0.63846946,0.0
4505,2.1200771,0.8984254,0.8982418,0.5986438,16566.244,2.1200771,0.0,0.053091243,0.6505737,0.0
4506,3.867312,1.0864625,1.1016114,0.5980667,16566.244,3.867312,0.0,0.04265297,0.5226643,0.0
4507,3.8923256,1.0891545,1.0605594,0.59646285,16566.244,3.8923256,0.0,0.05230984,0.6409985,0.0
4508,3.9928052,1.0999681,1.1296244,0.5980666,16566.244,3.9928052,0.0,0.05906213,0.7237402,0.0
4509,3.3907685,1.035177,1.1240057,0.5980666,16566.244,3.3907685,0.0,0.063543804,0.7786581,0.0
4510,4.6835833,1.1743095,1.1848667,0.5980666,16566.244,4.6835833,0.0,0.062060237,0.7604786,0.0
4511,4.600187,1.1653343,1.1639208,0.5747245,16566.244,4.600187,0.0,0.059316434,0.7268564,0.0
4512,2.6469095,0.955123,1.0789534,0.6888251,16566.244,2.6469095,0.0,0.060287107,0.73875093,0.0
4513,1.6609074,0.84900963,0.75120145,0.7190702,16566.244,1.6609074,0.0,0.05308054,0.6504425,0.0
4514,4.6030145,1.1656387,1.1137295,0.6495925,16566.244,4.6030145,0.0,0.06056222,0.7421221,0.0
4515,2.3277404,0.9207741,1.119112,0.6328258,16566.244,2.3277404,0.0,0.059589617,0.7302039,0.0
4516,2.3683655,0.92514616,1.1283417,0.63282573,16566.244,2.3683655,0.0,0.062123124,0.76124924,0.0
4517,1.7808312,0.8619158,1.1338655,0.61890817,16566.244,1.7808312,0.0,0.0568058,0.6960914,0.0
4518,1.6762881,0.8506649,1.1237867,0.6161881,16566.244,1.6762881,0.0,0.0567287,0.6951466,0.0
4519,1.4191525,0.822992,1.1085666,0.6282354,16566.244,1.4191525,0.0,0.057533167,0.70500445,0.0
4520,1.3404069,0.81451744,0.814762,0.6872559,16566.244,1.3404069,0.0,0.05856061,0.7175946,0.0
4521,2.754629,0.96671575,0.8639389,0.6810869,16566.244,2.754629,0.0,0.06328134,0.7754419,0.0
4522,3.962448,1.096701,1.052306,0.77327615,16566.244,3.962448,0.0,0.056253053,0.6893181,0.0
4523,1.2438364,0.80412453,1.2442539,0.779665,16566.244,1.2438364,0.0,0.057607856,0.7059197,0.0
4524,2.518979,0.94135517,0.84975535,0.93610495,16566.244,2.518979,0.0,0.058098756,0.7119351,0.0
4525,4.0644097,1.1076741,1.0626087,0.75418985,16566.244,4.0644097,0.0,0.03828068,0.46908683,0.0
4526,4.069793,1.1082535,1.0995176,0.7559826,16566.244,4.069793,0.0,0.038487453,0.4716206,0.0
4527,0.8541027,0.76218146,0.7178638,0.8186183,16566.244,0.8541027,0.0,0.06171746,0.7562783,0.0
4528,6.7365475,1.3952491,1.3368609,0.65907735,16566.244,6.7365475,0.0,0.049532574,0.60696614,0.0
4529,1.257148,0.80555713,0.8470636,0.80449563,16566.244,1.257148,0.0,0.04278627,0.5242978,0.0
4530,1.4501839,0.8263316,1.0402638,0.84411085,16566.244,1.4501839,0.0,0.04559549,0.5587216,0.0
4531,7.6923456,1.498112,1.4136957,0.6667666,16566.244,7.6923456,0.0,0.040663406,0.49828446,0.0
4532,7.8978906,1.5202327,1.4439875,0.6654121,16566.244,7.8978906,0.0,0.04323073,0.52974415,0.0
4533,8.3222475,1.5659019,1.4865121,0.6397959,16566.244,8.3222475,0.0,0.042858645,0.52518463,0.0
4534,3.502529,1.0146086,0.9241408,0.67903584,16566.244,3.199648,0.0,0.10367813,1.2704593,1.0
4535,1.5020609,0.8319146,0.8285032,0.8469452,16566.244,1.5020609,0.0,0.05142997,0.6302166,0.0
4536,1.4149251,0.82253706,0.9421352,0.70885485,16566.244,1.4149251,0.0,0.045697473,0.5599713,0.0
4537,2.5540254,0.94512683,0.8066692,0.76523936,16566.244,2.5540254,0.0,0.047300804,0.57961833,0.0
4538,2.2836268,0.9160266,1.0014794,0.6379951,16566.244,2.2836268,0.0,0.047408894,0.58094287,0.0
4539,2.9150379,0.9839789,1.0343767,0.74045014,16566.244,2.9150379,0.0,0.041556057,0.50922287,0.0
4540,1.427802,0.8239229,0.7332199,0.6965026,16566.244,1.427802,0.0,0.038799968,0.4754501,0.0
4541,3.0746973,1.0011615,1.1196693,0.6135089,16566.244,3.0746973,0.0,0.045403384,0.5563676,0.0
4542,1.3255174,0.812915,0.8178061,0.5858204,16566.244,1.3255174,0.0,0.043417558,0.5320335,0.0
4543,1.2479892,0.80457145,1.137593,0.5909765,16566.244,1.2479892,0.0,0.04421335,0.54178506,0.0
4544,2.3547394,0.9236797,1.0565023,0.77103513,16566.244,2.3547394,0.0,0.044003833,0.53921765,0.0
4545,1.9536679,0.88051647,1.1369298,0.7338598,16566.244,1.9536679,0.0,0.039564192,0.48481482,0.0
4546,1.8459518,0.8689241,1.1227099,0.7658583,16566.244,1.8459518,0.0,0.043902025,0.53797007,0.0
4547,1.5975027,0.84218603,0.81814486,0.7162062,16566.244,1.5975027,0.0,0.033513665,0.4106724,0.0
4548,1.3050324,0.81071043,0.76594156,0.7094636,16566.244,1.3050324,0.0,0.03582288,0.43896922,0.0
4549,5.9859133,1.314466,1.2653713,0.52348894,16566.244,5.9859133,0.0,0.042474225,0.520474,0.0
4550,2.0334463,0.8891022,0.8834765,0.74544257,16566.244,2.0334463,0.0,0.046312544,0.56750834,0.0
4551,3.0342643,0.9968101,1.065038,0.59628767,28162.62,3.0342643,1.0628095,0.037706126,0.4620463,0.0
4552,3.5661523,1.0540518,1.2649153,0.67402524,28162.62,3.5661523,1.0628095,0.05368456,0.65784407,0.0
4553,3.586548,1.0562468,1.208856,0.6307011,28162.62,3.586548,1.0628095,0.042492203,0.5206943,0.0
4554,3.2192042,1.0167133,1.0511719,0.6881562,28162.62,3.2192042,1.0628095,0.03487914,0.42740476,0.0
4555,3.904167,1.0904288,1.1199632,0.74529034,28162.62,3.904167,1.0628095,0.059059788,0.7237115,0.0
4556,4.0331306,1.1043079,1.0159882,0.6518685,28162.62,4.0331306,1.0628095,0.053706747,0.658116,0.0
4557,5.6391954,1.2771523,1.2655187,0.8159824,28162.62,5.6391954,1.0628095,0.038709957,0.4743471,0.0
4558,1.693588,0.8525267,1.0850936,0.7505465,28162.62,1.693588,1.0628095,0.069376126,0.8501266,0.0
4559,2.6580036,0.95631695,1.3290073,0.63954794,28162.62,2.6580036,1.0628095,0.06635776,0.81314,0.0
4560,6.7504334,1.3967435,1.4516072,0.676083,28162.62,6.7504334,1.0628095,0.054964457,0.6735278,0.0
4561,4.6447,1.1701249,1.3168412,0.69653505,28162.62,4.6447,1.0628095,0.06054269,0.7418828,0.0
4562,1.1558743,0.79465806,0.8580755,0.6862795,28162.62,1.1558743,1.0628095,0.058287505,0.714248,0.0
4563,4.260332,1.1287593,1.2425987,0.7137171,28162.62,4.260332,1.0628095,0.057876687,0.7092139,0.0
4564,4.867757,1.1941302,1.271496,0.65483564,28162.62,4.867757,1.0628095,0.061764073,0.75684947,0.0
4565,4.3791795,1.1415496,1.2525002,0.56604415,28162.62,4.3791795,1.0628095,0.06164165,0.7553493,0.0
4566,7.0288954,1.4267116,1.4034256,0.5925125,28162.62,7.0288954,1.0628095,0.05778505,0.708091,0.0
4567,6.8771453,1.4103802,1.3648077,0.61074626,28162.62,6.8771453,1.0628095,0.056346856,0.69046754,0.0
4568,6.874426,1.4100876,1.4031788,0.5885578,28162.62,6.874426,1.0628095,0.04935822,0.6048296,0.0
4569,4.051501,1.1062849,1.4035242,0.44902495,28162.62,4.051501,1.0628095,0.047222514,0.57865894,0.0
4570,5.1429076,1.2237419,1.405491,0.4076016,28162.62,5.1429076,1.0628095,0.047555152,0.58273506,0.0
4571,6.5448265,1.3746161,1.4389131,0.45867053,28162.62,6.5448265,1.0628095,0.063344486,0.7762157,0.0
4572,6.9845667,1.4219409,1.5076531,0.6610995,28162.62,6.9845667,1.0628095,0.050268263,0.6159812,0.0
4573,5.820565,1.2966713,1.4747394,0.8023339,28162.62,5.820565,1.0628095,0.07502037,0.91929054,0.0
4574,5.756911,1.2898208,1.5026863,0.8775319,28162.62,5.756911,1.0628095,0.077895045,0.9545165,0.0
4575,6.8040023,1.4025086,1.4303325,0.4391578,28162.62,6.8040023,1.0628095,0.053749066,0.65863454,0.0
4576,7.0414124,1.4280586,1.4333316,0.44456893,28162.62,7.0414124,1.0628095,0.056296077,0.6898453,0.0
4577,6.839518,1.4063308,1.4296933,0.43917188,28162.62,6.839518,1.0628095,0.057883456,0.7092969,0.0
4578,6.824362,1.4046997,1.4227499,0.43707475,28162.62,6.824362,1.0628095,0.05323271,0.6523072,0.0
4579,7.096375,1.4339737,1.4610555,0.42786103,28162.62,7.096375,1.0628095,0.052273117,0.64054847,0.0
4580,7.515903,1.4791232,1.4985307,0.41723144,28162.62,7.515903,1.0628095,0.04513,0.55301756,0.0
4581,7.934605,1.5241839,1.8448374,0.7110384,24297.16,7.934605,0.70021516,0.0390132,0.47806302,0.0
4582,7.838084,1.5137963,1.7304759,0.73076797,24297.16,7.838084,0.70021516,0.053276528,0.65284413,0.0
4583,7.378707,1.4643582,1.5780735,0.71584445,24297.16,7.378707,0.70021516,0.031597108,0.38718712,0.0
4584,6.724149,1.3939148,1.6017507,0.72675115,24297.16,6.724149,0.70021516,0.03366647,0.41254485,0.0
4585,7.79526,1.5091876,1.7358694,0.78946453,24297.16,7.79526,0.70021516,0.029406566,0.3603445,0.0
4586,8.168772,1.5493848,1.5927252,0.6276951,24297.16,8.168772,0.70021516,0.04128043,0.50584537,0.0
4587,6.9827504,1.4217454,1.5829059,0.7524992,24297.16,6.9827504,0.70021516,0.06049774,0.74133193,0.0
4588,8.863937,1.6241984,1.7190385,0.7689192,23744.955,8.863937,0.6484163,0.06280632,0.7696211,0.0
4589,8.285488,1.5619458,1.6724987,0.7558108,23744.955,8.285488,0.6484163,0.06074809,0.7443997,0.0
4590,10.139308,1.7614536,1.7746221,0.7641888,23744.955,10.139308,0.6484163,0.06139545,0.75233245,0.0
4591,7.345075,1.4607388,1.6519173,0.8052586,23744.955,7.345075,0.6484163,0.05416344,0.66371226,0.0
4592,7.1008053,1.4344505,1.623655,0.7533893,5.1068583,7.1008053,0.0,0.05564373,0.6818515,0.0
4593,8.898937,1.6279651,1.5884302,0.771653,2.2161837,8.898937,0.0,0.054595154,0.6690024,0.0
4594,8.377105,1.5718056,1.5768548,0.58288443,2.2161837,8.377105,0.0,0.054195493,0.664105,0.0
4595,9.017315,1.6407049,1.5786129,0.68461823,5.1068583,9.017315,0.0,0.04709408,0.57708514,0.0
4596,9.081162,1.6475762,1.5967845,0.7260105,16566.244,9.081162,0.0,0.06175903,0.75678766,0.0
4597,8.6344185,1.5994977,1.5250704,0.72990096,16566.244,8.6344185,0.0,0.05675085,0.695418,0.0
4598,7.088253,1.4330996,1.5696113,0.6893705,16566.244,7.088253,0.0,0.053454973,0.6550308,0.0
4599,8.445866,1.5792056,1.599651,0.6769121,16566.244,8.445866,0.0,0.053624522,0.6571084,0.0
4600,7.2195296,1.4472276,1.5583351,0.43355653,16566.244,7.2195296,0.0,0.06519105,0.79884326,0.0
4601,8.85197,1.6229105,1.5979356,0.37667996,16566.244,8.85197,0.0,0.06427293,0.7875927,0.0
4602,6.419588,1.361138,1.6250024,0.78329635,5.1068583,6.419588,0.0,0.047257826,0.57909167,0.0
4603,6.976434,1.4210657,1.6935312,0.65397775,5.1068583,6.976434,0.0,0.06429337,0.78784317,0.0
4604,7.6901217,1.4978726,1.8635077,0.7134388,2.2161837,7.6901217,0.0,0.06535911,0.8009026,0.0
4605,8.147672,1.547114,1.8250325,0.72380614,5.1068583,8.147672,0.0,0.057548694,0.7051947,0.0
4606,7.2323046,1.4486024,1.6270444,0.6443493,5.1068583,7.2323046,0.0,0.059229933,0.7257964,0.0
4607,9.794905,1.724389,1.8381233,0.7478466,16566.244,9.794905,0.0,0.054476228,0.6675451,0.0
4608,9.289716,1.6561496,1.7384897,0.7399211,5.1068583,9.160827,0.0,0.0848873,1.0401987,1.0
4609,9.755644,1.6992153,1.8547306,0.6997162,5.1068583,9.560991,0.0,0.08635377,1.0581686,1.0
4610,9.923993,1.7382815,1.6716304,0.7925979,5.1068583,9.923993,0.0,0.07535536,0.92339545,0.0
4611,10.011078,1.7476535,1.7579899,0.61855847,2.2161837,10.011078,0.0,0.06425659,0.7873925,0.0
4612,9.559691,1.6988809,1.6714512,0.71864045,2.2161837,9.557884,0.0,0.081650905,1.0005403,1.0
4613,8.78597,1.6158075,1.7251806,0.70699835,2.2161837,8.78597,0.0,0.057306353,0.7022251,0.0
4614,8.32889,1.5666168,1.6689247,0.65241456,0.67449075,8.32889,0.0,0.07944495,0.97350883,0.0
4615,8.061247,1.5378131,1.5889276,0.6913274,0.8940924,8.061247,0.0,0.071861014,0.88057613,0.0
4616,9.836555,1.7288713,1.7393619,0.79526454,0.8940924,9.836555,0.0,0.06283478,0.76996976,0.0
4617,8.642092,1.5189718,1.5714067,0.63827276,1.0573099,7.8861747,0.0,0.10395623,1.273867,1.0
4618,10.013314,1.6605644,1.6311646,0.6778392,1.0573099,9.201849,0.0,0.10216823,1.2519572,1.0
4619,8.77789,1.5731757,1.6086823,0.73033136,1.0573099,8.389835,0.0,0.09239126,1.1321514,1.0
4620,7.6099486,1.46599,1.4441522,0.71032965,1.0573099,7.393869,0.0,0.088420786,1.0834976,1.0
4621,8.275768,1.5368751,1.5033853,0.740906,1.0573099,8.052532,0.0,0.088070646,1.0792071,1.0
4622,7.3063374,1.4565698,1.4802076,0.6161766,1.0573099,7.3063374,0.0,0.0708123,0.8677254,0.0
4623,7.6378055,1.4720237,1.5442406,0.48744032,1.3040155,7.4499345,0.0,0.08748666,1.0720509,1.0
4624,6.555285,1.3473761,1.2863119,0.6364232,1.0573099,6.2917128,0.0,0.091374435,1.1196913,1.0
4625,5.9977546,1.3088636,1.2191181,0.6384974,1.0573099,5.9338565,0.0,0.0841176,1.0307668,1.0
4626,5.309555,1.2416764,1.2793517,0.59522015,1.0573099,5.309555,0.0,0.08024717,0.98333913,0.0
4627,4.4951434,1.1339378,1.2695421,0.59522015,1.0573099,4.308451,0.0,0.09171011,1.1238046,1.0
4628,4.3781915,1.1414433,1.2458017,0.5939445,1.0573099,4.3781915,0.0,0.070536144,0.8643414,0.0
4629,3.905796,1.0834041,1.0428687,0.6318568,1.0573099,3.838893,0.0,0.0856703,1.0497935,1.0
4630,2.9660308,0.9894668,1.002038,0.6364232,1.0573099,2.9660308,0.0,0.080738686,0.98936206,0.0
4631,3.243371,1.0157535,1.0059485,0.6364232,1.0390805,3.2102861,0.0,0.08400975,1.0294453,1.0
4632,3.8368342,1.0780783,1.0091466,0.6364232,0.67449075,3.7894058,0.0,0.084525086,1.0357602,1.0
4633,3.0635967,0.9897585,0.90556383,0.65654707,5.1068583,2.9687412,0.0,0.089056686,1.0912899,1.0
4634,3.544205,1.0282669,0.9403589,0.6362837,16566.244,3.3265603,0.0,0.09686177,1.1869324,1.0
4635,4.13883,1.0824686,0.9779113,0.6362837,16566.244,3.830201,0.0,0.10039455,1.2302226,1.0
4636,3.4730465,1.0160587,0.89233685,0.64908487,16566.244,3.213122,0.0,0.10046841,1.2311277,1.0
4637,4.0213823,1.0703515,0.9642011,0.6362837,17118.451,3.717609,0.026825838,0.10065899,1.233463,1.0
4638,3.9855933,1.0648515,0.99593663,0.6362837,17118.451,3.6665034,0.026825838,0.10189854,1.2486525,1.0
4639,3.9509091,1.0678916,1.1148026,0.66244286,17118.451,3.6947517,0.026825838,0.09777198,1.198086,1.0
4640,3.3432035,1.0053422,1.1126099,0.6089262,17118.451,3.113545,0.026825838,0.09880513,1.210746,1.0
4641,3.7477267,1.058536,1.1684583,0.7417302,17118.451,3.6078203,0.026825838,0.090648524,1.1107961,1.0
4642,2.9746814,0.95711195,1.1443033,0.87485236,17118.451,2.6653907,0.026825838,0.10866284,1.3315413,1.0
4643,4.2445855,1.1013466,1.5900065,0.704456,17118.451,4.0056148,0.026825838,0.09551703,1.1704541,1.0
4644,3.1689396,0.97465515,0.895821,0.76365155,17118.451,2.8284016,0.026825838,0.10967943,1.3439984,1.0
4645,6.9375715,1.3724239,1.6103985,0.6547393,17118.451,6.524456,0.026825838,0.09637018,1.1809086,1.0
4646,4.259546,1.1151288,1.3627712,0.75092125,28162.62,4.133678,1.0628095,0.088706456,1.0869982,1.0
4647,4.6888504,1.1700648,1.2401811,0.7186021,28162.62,4.6441417,1.0628095,0.08385142,1.0275052,1.0
4648,4.281022,1.118531,1.4538738,0.72300124,28162.62,4.1652913,1.0628095,0.08808514,1.0793846,1.0
4649,3.90616,1.0882457,1.4222857,0.72300124,28162.62,3.8838818,1.0628095,0.08294426,1.0163889,1.0
4650,4.136914,1.1041895,1.3972721,0.73361933,28162.62,4.0320306,1.0628095,0.087671965,1.0743216,1.0
4651,4.495285,1.1338797,1.3934948,0.73361933,28162.62,4.3079104,1.0628095,0.0917483,1.1242725,1.0
4652,4.4844728,1.1388468,1.248591,0.7590377,28162.62,4.354065,1.0628095,0.088590235,1.085574,1.0
4653,4.34247,1.1200628,1.1240362,0.7627282,28162.62,4.179525,1.0628095,0.09069701,1.1113902,1.0
4654,4.688196,1.156384,1.1157421,0.76272833,28162.62,4.51702,1.0628095,0.09044268,1.1082736,1.0
4655,4.1323786,1.1000986,1.1008328,0.76272833,28162.62,3.9940183,1.0628095,0.08968398,1.0989766,1.0
4656,2.8570385,0.9721646,0.97848696,0.7620833,28162.62,2.8052592,1.0628095,0.08591049,1.0527368,1.0
4657,3.9832203,1.0819491,1.1542935,0.7627282,28162.62,3.8253736,1.0628095,0.0912278,1.1178944,1.0
4658,3.7837565,1.0763288,1.2224681,0.77893704,28162.62,3.7731495,1.0628095,0.08226226,1.0080318,1.0
4659,5.8875957,1.2667142,1.2140658,0.744899,28162.62,5.5422053,1.0628095,0.09613748,1.1780571,1.0
4660,5.1607265,1.213817,1.4047956,0.7012863,28162.62,5.050686,1.0628095,0.08668678,1.0622493,1.0
4661,7.821113,1.3710536,1.3556142,0.897543,28162.62,6.511723,1.0628095,0.12849157,1.5745201,1.0
4662,6.6930785,1.3751874,1.3339366,0.7429833,26505.986,6.5501347,0.90741116,0.08669513,1.0623516,1.0
4663,4.619617,1.1550261,1.0757474,0.7539171,26505.986,4.5044026,0.90741116,0.08757067,1.0730803,1.0
4664,6.2199335,1.2547878,1.2961466,0.88052523,26505.986,5.4313855,0.90741116,0.115458146,1.4148102,1.0
4665,5.6487684,1.2143854,1.2783166,0.8895739,26505.986,5.0559673,0.90741116,0.10894458,1.3349937,1.0
4666,5.518828,1.1320637,1.1419135,0.7758457,26505.986,4.291037,0.90741116,0.14832135,1.8175118,1.0
4667,4.068448,1.1081088,1.1598488,0.76816607,26505.986,4.068448,0.90741116,0.06783656,0.831261,0.0
4668,4.0610266,1.10731,1.0927784,0.44487944,26505.986,4.0610266,0.90741116,0.06043189,0.74052507,0.0
4669,4.215,1.1238806,1.070715,0.44487944,26505.986,4.215,0.90741116,0.056105755,0.6875131,0.0
4670,4.09625,1.1111008,1.0702575,0.43734276,26505.986,4.09625,0.90741116,0.05015656,0.6146124,0.0
4671,1.6960171,0.85278815,0.9476611,0.6513371,26505.986,1.6960171,0.90741116,0.049692344,0.608924,0.0
4672,2.768702,0.9682303,0.9193102,0.46643946,26505.986,2.768702,0.90741116,0.03960759,0.4853466,0.0
4673,1.4376421,0.82498187,0.98227894,0.47073156,16566.244,1.4376421,0.0,0.03107481,0.38078696,0.0
4674,3.5690444,1.054363,1.0019349,0.7968343,16566.244,3.5690444,0.0,0.058833692,0.72094095,0.0
4675,2.6745667,0.9580995,0.96442133,0.42065686,16566.244,2.6745667,0.0,0.037753712,0.4626294,0.0
4676,3.400329,1.0362059,1.1984895,0.634674,16566.244,3.400329,0.0,0.044730857,0.5481265,0.0
4677,2.022885,0.8879656,0.97386855,0.69681036,16566.244,2.022885,0.0,0.049823083,0.610526,0.0
4678,3.6150866,1.0593181,1.0390381,0.67984885,16566.244,3.6150866,0.0,0.03846167,0.47130466,0.0
4679,1.9996536,0.88546544,0.9461803,0.68849486,16566.244,1.9996536,0.0,0.045110263,0.5527757,0.0
4680,2.4238448,0.9311168,1.0445722,0.6920126,16566.244,2.4238448,0.0,0.044153914,0.5410567,0.0
4681,2.2646499,0.9139843,1.0067807,0.7630955,16566.244,2.2646499,0.0,0.050686963,0.6211119,0.0
4682,3.3299851,1.0286355,0.97500974,0.7267108,16566.244,3.3299851,0.0,0.046484344,0.5696135,0.0
4683,3.9916368,1.0998423,1.0078839,0.65786004,16566.244,3.9916368,0.0,0.048208572,0.590742,0.0
4684,3.565512,1.0539829,1.2712338,0.7866228,16566.244,3.565512,0.0,0.045336414,0.55554694,0.0
4685,3.1679823,1.0112008,0.99591255,0.73240215,16566.244,3.1679823,0.0,0.05474393,0.6708255,0.0
4686,3.0208547,0.99536693,1.0714846,0.78039485,16566.244,3.0208547,0.0,0.037628938,0.46110043,0.0
4687,3.823947,1.0817956,1.0156486,0.69684947,16566.244,3.823947,0.0,0.033314485,0.40823168,0.0
4688,3.741197,1.07289,1.0951738,0.6192389,16566.244,3.741197,0.0,0.05074543,0.6218284,0.0
4689,3.340803,1.0297997,1.0940064,0.58130896,16566.244,3.340803,0.0,0.048201196,0.59065163,0.0
4690,3.8463843,1.0842103,1.040656,0.45514718,16566.244,3.8463843,0.0,0.041411888,0.50745624,0.0
4691,2.813269,0.9730266,1.0185745,0.6437408,16566.244,2.813269,0.0,0.04355225,0.533684,0.0
4692,5.1702456,1.226684,1.4103262,0.73985034,16566.244,5.1702456,0.0,0.0674238,0.82620305,0.0
4693,5.9754157,1.3133363,1.4251496,0.74262834,16566.244,5.9754157,0.0,0.0662691,0.8120535,0.0
4694,7.56727,1.4846513,1.4841107,0.71075886,16566.244,7.56727,0.0,0.080914706,0.99151903,0.0
4695,3.829071,1.082347,1.3415228,0.4732111,16566.244,3.829071,0.0,0.04863554,0.595974,0.0
4696,3.2483175,1.0198464,1.0700495,0.5708385,16566.244,3.2483175,0.0,0.040241126,0.49310988,0.0
4697,5.6483064,1.2781328,1.3423753,0.584087,16566.244,5.6483064,0.0,0.049930025,0.6118365,0.0
4698,8.139232,1.5462058,1.4957155,0.7230796,16566.244,8.139232,0.0,0.07610114,0.93253416,0.0
4699,7.8449244,1.5106249,1.4976476,0.68725765,16566.244,7.808615,0.0,0.08269099,1.0132854,1.0
4700,8.401419,1.5744222,1.522237,0.65702164,16566.244,8.401419,0.0,0.07202975,0.8826438,0.0
4701,8.625865,1.5985771,1.5652606,0.72840285,16566.244,8.625865,0.0,0.06815462,0.8351584,0.0
4702,5.3978033,1.2511737,1.234428,0.71149176,16566.244,5.3978033,0.0,0.07147727,0.8758738,0.0
4703,5.4738197,1.2593546,1.2147424,0.70614797,16566.244,5.4738197,0.0,0.07434924,0.9110666,0.0
4704,5.578554,1.2706261,1.2436947,0.64248633,16566.244,5.578554,0.0,0.06659806,0.8160845,0.0
4705,3.9215522,1.0922998,1.5395249,0.77237684,16566.244,3.9215522,0.0,0.07891573,0.9670238,0.0
4706,5.6350827,1.2767097,1.2763886,0.6803019,16566.244,5.6350827,0.0,0.07029532,0.86139035,0.0
4707,4.9327836,1.2011284,1.2358763,0.6177636,16566.244,4.9327836,0.0,0.065219246,0.79918873,0.0
4708,4.3274026,1.1359774,1.1211383,0.6286767,16566.244,4.3274026,0.0,0.07120908,0.87258744,0.0
4709,4.982008,1.2064259,1.2580891,0.61524916,16566.244,4.982008,0.0,0.06647027,0.8145187,0.0
4710,4.944104,1.2023467,1.3070529,0.3956857,16566.244,4.944104,0.0,0.0772265,0.94632417,0.0
4711,4.9692054,1.2004387,1.050223,0.67026234,16566.244,4.9263754,0.0,0.08363394,1.0248401,1.0
4712,4.645839,1.1597172,1.2385203,0.5734885,16566.244,4.547992,0.0,0.086623125,1.0614693,1.0
4713,4.355438,1.1389946,1.2553035,0.4195521,16566.244,4.355438,0.0,0.0808981,0.9913155,0.0
4714,3.9413962,1.0944355,1.1758542,0.4210897,16566.244,3.9413962,0.0,0.081312805,0.99639726,0.0
4715,4.026439,1.0908746,1.2033962,0.3956857,16566.244,3.9083085,0.0,0.08865426,1.0863585,1.0
4716,4.792226,1.1659662,1.1754271,0.4438986,16566.244,4.606057,0.0,0.09103083,1.1154808,1.0
4717,4.8215246,1.1869121,1.1429322,0.63194937,16566.244,4.800686,0.0,0.08261891,1.012402,1.0
4718,4.7782855,1.174694,1.169819,0.44167593,16566.244,4.6871557,0.0,0.08614007,1.05555,1.0
4719,4.5064716,1.1497397,1.1300604,0.5524442,16566.244,4.455282,0.0,0.084285766,1.0328276,1.0
4720,4.4571414,1.1443639,1.1126816,0.7499141,16566.244,4.4053297,0.0,0.08434909,1.0336035,1.0
4721,4.5087333,1.1323225,1.0966718,0.5903884,16566.244,4.2934422,0.0,0.09329855,1.1432691,1.0
4722,3.850097,1.0784575,1.0831379,0.62286454,16566.244,3.7929294,0.0,0.08512107,1.0430633,1.0
4723,4.1038513,1.1075357,1.1046314,0.5689742,16566.244,4.0631237,0.0,0.08394398,1.0286393,1.0
4724,5.135179,1.2179656,1.1412033,0.5745953,16566.244,5.089235,0.0,0.083711736,1.0257934,1.0
4725,4.859605,1.1891272,1.1500775,0.4909597,16566.244,4.821269,0.0,0.08346077,1.0227182,1.0
4726,4.821792,1.1891835,1.1392663,0.57101357,16566.244,4.821792,0.0,0.077372536,0.9481137,0.0
4727,4.666005,1.1670638,1.1578442,0.58228225,16566.244,4.6162567,0.0,0.08411955,1.0307908,1.0
4728,4.8789387,1.1857816,1.1723938,0.56745875,16566.244,4.7901816,0.0,0.08592705,1.0529397,1.0
4729,4.770702,1.1712605,1.1524072,0.57211894,16566.244,4.655252,0.0,0.08738923,1.070857,1.0
4730,4.9660597,1.1891935,1.1922548,0.5783557,16566.244,4.821885,0.0,0.08857838,1.0854287,1.0
4731,4.952711,1.1756105,1.1591356,0.5653206,16566.244,4.6956725,0.0,0.09436999,1.1563984,1.0
4732,4.9443364,1.1730868,1.1731502,0.5653206,16566.244,4.6722217,0.0,0.09518641,1.1664028,1.0
4733,4.6284904,1.1520264,1.1778041,0.5054236,16566.244,4.4765296,0.0,0.089521766,1.0969889,1.0
4734,5.509333,1.2138808,1.1977714,0.5839948,16566.244,5.0512786,0.0,0.10275019,1.2590884,1.0
4735,5.171728,1.1969721,1.1405082,0.6069391,16566.244,4.894164,0.0,0.09483019,1.1620377,1.0
4736,5.3606496,1.1990612,1.1704378,0.613176,16566.244,4.913575,0.0,0.10282168,1.2599643,1.0
4737,5.5355306,1.2358292,1.2751983,0.5169938,16566.244,5.255223,0.0,0.094043426,1.1523968,1.0
4738,4.4810452,1.1285064,1.1040915,0.59943604,16566.244,4.2579827,0.0,0.09382147,1.1496769,1.0
4739,4.634154,1.13376,1.1944221,0.5806054,16566.244,4.3067985,0.0,0.099329256,1.2171687,1.0
4740,5.011474,1.2013067,1.138412,0.6114846,16566.244,4.9344406,0.0,0.08524682,1.0446042,1.0
4741,4.3678026,1.140325,1.1007961,0.7240496,28162.62,4.3678,1.0628095,0.081606954,1.0000018,1.0
4742,4.8816705,1.1421578,1.0837035,0.77351993,28162.62,4.384831,1.0628095,0.10802614,1.3237392,1.0
4743,3.6463087,1.0333349,1.1262114,0.7255972,28162.62,3.3736515,1.0628095,0.10045091,1.2309133,1.0
4744,3.508574,1.0398437,1.2162997,0.7531705,28162.62,3.4341314,1.0628095,0.086661145,1.0619352,1.0
4745,4.223189,1.1188486,1.2064886,0.7531705,28162.62,4.168242,1.0628095,0.08468043,1.0376637,1.0
4746,4.3268375,1.1097039,1.1844906,0.758002,28162.62,4.08327,1.0628095,0.09551495,1.1704286,1.0
4747,4.0797124,1.0821136,1.1978015,0.758002,28162.62,3.8269024,1.0628095,0.097009815,1.1887466,1.0
4748,5.7949076,1.2569836,1.2607415,0.77351993,28162.62,5.451789,1.0628095,0.096281335,1.1798198,1.0
4749,4.7447586,1.1558971,1.2507722,0.7580021,28162.62,4.5124965,1.0628095,0.09360789,1.1470597,1.0
4750,5.756144,1.2607551,1.3241762,0.7531705,28162.62,5.486833,1.0628095,0.093051136,1.1402373,1.0
4751,6.7122602,1.3696661,1.3767207,0.6207542,28162.62,6.498831,1.0628095,0.08926415,1.093832,1.0
4752,6.656614,1.3807722,1.3681355,0.7531705,28162.62,6.602029,1.0628095,0.08353456,1.0236224,1.0
4753,6.6347585,1.3842946,1.4144644,0.74970347,28162.62,6.6347585,1.0628095,0.079127304,0.9696164,0.0
4754,6.8011246,1.362069,1.4149153,0.77487516,28162.62,6.428239,1.0628095,0.09513196,1.1657356,1.0
4755,6.0199428,1.2815562,1.4159636,0.7531705,28162.62,5.6801167,1.0628095,0.09555628,1.1709352,1.0
4756,5.1842456,1.2281907,1.4183172,0.7336842,28162.62,5.1842456,1.0628095,0.07846628,0.9615163,0.0
4757,2.5402303,0.92214453,1.0479625,0.8704446,28162.62,2.3404746,1.0628095,0.10150684,1.2438525,1.0
4758,1.3418866,0.80361646,1.0575284,0.86329776,24849.367,1.2391155,0.7520142,0.10094511,1.2369691,1.0
4759,0.6016114,0.6704995,0.97503835,0.85375166,24849.367,0.0021968242,0.7520142,0.09910314,1.2143979,1.0
4760,0.6016114,0.6612623,1.0889789,0.8512187,24849.367,0.0,0.7520142,0.09717,1.1907095,1.0
4761,3.1237743,0.9658311,1.325302,0.6128135,24849.367,2.7464087,0.7520142,0.11364407,1.3925806,1.0
4762,3.633461,1.0612955,1.113119,0.7604559,24849.367,3.633461,0.7520142,0.057983745,0.7105258,0.0
4763,0.7095055,0.74661994,0.9957503,0.63364303,24849.367,0.7095055,0.7520142,0.059693687,0.7314792,0.0
4764,1.3526424,0.8158342,1.0148627,0.4398396,24849.367,1.3526424,0.7520142,0.05833196,0.7147928,0.0
4765,2.3950946,0.92802274,1.0274565,0.43553185,22640.53,2.3950946,0.5448171,0.06167768,0.7557908,0.0
4766,3.084097,0.990743,1.0110044,0.6269599,22640.53,2.977889,0.5448171,0.08992265,1.1019013,1.0
4767,2.8078039,0.9488618,1.057907,0.56411725,22640.53,2.5887303,0.5448171,0.101338364,1.241788,1.0
4768,1.7782924,0.8616426,0.90601844,0.47344825,22640.53,1.7782924,0.5448171,0.06375053,0.78119123,0.0
4769,1.382277,0.8190235,0.8230395,0.3842407,16566.244,1.382277,0.0,0.059804145,0.73283273,0.0
4770,1.4931384,0.8309544,0.91225684,0.46214378,16566.244,1.4931384,0.0,0.05376988,0.6588896,0.0
4771,0.87442714,0.7643688,0.82245076,0.39522702,16566.244,0.87442714,0.0,0.05939578,0.7278287,0.0
4772,2.74222,0.9653803,1.0026695,0.42350778,16566.244,2.74222,0.0,0.07259458,0.8895652,0.0
4773,1.845718,0.8688989,0.8423554,0.39754415,16566.244,1.845718,0.0,0.061074458,0.748399,0.0
4774,1.4184785,0.8229195,0.81236917,0.43257108,16566.244,1.4184785,0.0,0.058447406,0.71620744,0.0
4775,1.181252,0.7973892,0.79636735,0.44893646,16566.244,1.181252,0.0,0.059643306,0.73086184,0.0
4776,2.431958,0.93198997,0.87291634,0.42793983,16566.244,2.431958,0.0,0.06655166,0.815516,0.0
4777,1.0674951,0.7851467,0.699584,0.460859,16566.244,1.0674951,0.0,0.06880821,0.8431675,0.0
4778,1.7525349,0.85887057,0.78609604,0.45009804,16566.244,1.7525349,0.0,0.058667112,0.71889967,0.0
4779,1.4812341,0.82967323,0.71861386,0.4376034,16566.244,1.4812341,0.0,0.06113771,0.7491741,0.0
4780,0.98778635,0.7765685,0.7766913,0.4222145,16566.244,0.98778635,0.0,0.054219406,0.664398,0.0
4781,0.6649476,0.7418246,0.73879164,0.4265302,16566.244,0.6649476,0.0,0.04971641,0.60921884,0.0
4782,0.53616995,0.7279656,0.71961266,0.4265302,16566.244,0.53616995,0.0,0.045771018,0.5608725,0.0
4783,1.601949,0.84266454,0.731707,0.50407964,16566.244,1.601949,0.0,0.06519361,0.79887456,0.0
4784,0.70260626,0.74587744,0.60210437,0.432341,16566.244,0.70260626,0.0,0.06069927,0.7438015,0.0
4785,0.537914,0.7281533,0.6789131,0.5388014,16566.244,0.537914,0.0,0.068776175,0.8427749,0.0
4786,1.2958175,0.8097187,0.6871718,0.46699524,16566.244,1.2958175,0.0,0.05351284,0.6557399,0.0
4787,1.5249307,0.83437586,0.73170304,0.5469142,16566.244,1.5249307,0.0,0.056760553,0.695537,0.0
4788,0.7279934,0.7486096,0.71495104,0.5038763,16566.244,0.7279934,0.0,0.06936267,0.84996176,0.0
4789,0.99345547,0.7771786,0.62886685,0.56921834,16566.244,0.99345547,0.0,0.062587135,0.76693517,0.0
4790,0.6689021,0.7422502,0.7486552,0.6205782,16566.244,0.6689021,0.0,0.056404866,0.6911784,0.0
4791,0.93429935,0.7708122,0.7895409,0.7295674,16566.244,0.93429935,0.0,0.057287447,0.70199347,0.0
4792,1.4370828,0.82492167,0.6941005,0.60358,16566.244,1.4370828,0.0,0.046350464,0.56797296,0.0
4793,0.5310026,0.7274095,0.74358714,0.51386595,16566.244,0.5310026,0.0,0.06700245,0.8210399,0.0
4794,1.6669786,0.849663,0.82026505,0.5095281,16566.244,1.6669786,0.0,0.06416252,0.7862398,0.0
4795,1.9196335,0.8768537,0.82883865,0.5065678,16566.244,1.9196335,0.0,0.07068072,0.866113,0.0
4796,2.362562,0.92452157,0.84033644,0.62839127,16566.244,2.362562,0.0,0.06935971,0.8499255,0.0
4797,2.6818726,0.9588857,0.95193297,0.49345613,16566.244,2.6818726,0.0,0.07000492,0.8578318,0.0
4798,2.837339,0.975617,0.9147161,0.60738045,16566.244,2.837339,0.0,0.068154566,0.8351578,0.0
4799,2.6654732,0.95712084,0.9030429,0.63962954,16566.244,2.6654732,0.0,0.07866825,0.9639912,0.0
4800,2.8573985,0.9777758,1.2738707,0.65502214,16566.244,2.8573985,0.0,0.07004311,0.8582998,0.0
4801,2.3619864,0.92445964,1.0249637,0.66909957,16566.244,2.3619864,0.0,0.08058901,0.98752797,0.0
4802,3.3025057,1.0256782,1.3887454,0.62300783,16566.244,3.3025057,0.0,0.075208776,0.9215992,0.0
4803,2.3376114,0.9211728,0.9410733,0.73622954,0.0,2.3314452,0.0,0.08222347,1.0075564,1.0
4804,3.0376472,0.99717414,0.92697585,0.7285572,0.0,3.0376472,0.0,0.07832324,0.95976347,0.0
4805,3.3633332,1.0322244,1.4101908,0.7086324,16566.244,3.3633332,0.0,0.07152215,0.8764237,0.0
4806,3.3960023,1.0357403,1.2235832,0.7578231,16566.244,3.3960023,0.0,0.07189835,0.88103366,0.0
4807,3.3250346,1.027043,1.4010102,0.803062,16566.244,3.3151877,0.0,0.08229936,1.0084864,1.0
4808,2.7639577,0.96771973,1.1185504,0.77364564,16566.244,2.7639577,0.0,0.07133542,0.8741356,0.0
4809,3.5655274,1.0539845,1.0239041,0.70683855,16566.244,3.5655274,0.0,0.07655458,0.93809056,0.0
4810,4.0338693,1.1010699,1.191086,0.7173261,16566.244,4.0030437,0.0,0.083402306,1.0220017,1.0
4811,3.4722602,1.0439471,1.1991352,0.7173261,16566.244,3.4722602,0.0,0.07986232,0.9786232,0.0
4812,3.658043,1.063941,1.5756564,0.71313417,16566.244,3.658043,0.0,0.08028121,0.98375624,0.0
4813,4.635297,1.1691129,1.1662779,0.6942045,16566.244,4.635297,0.0,0.06813211,0.8348826,0.0
4814,3.7384079,1.0725899,1.1621209,0.74446785,17118.451,3.7384079,0.026825838,0.043076925,0.52785945,0.0
4815,3.068195,1.0004617,1.0562884,0.6851374,17118.451,3.068195,0.026825838,0.050629396,0.6204065,0.0
4816,5.361139,1.2472279,1.2444842,0.57024187,17118.451,5.361139,0.026825838,0.06556765,0.80345803,0.0
4817,5.376705,1.2489032,1.2292774,0.67827183,17118.451,5.376705,0.026825838,0.050569944,0.61967796,0.0
4818,3.949911,1.0953518,1.2275484,0.5001949,17118.451,3.949911,0.026825838,0.07975699,0.9773325,0.0
4819,4.334543,1.1342422,1.2647167,0.66856295,17118.451,4.3112793,0.026825838,0.08286496,1.0154172,1.0
4820,2.3909314,0.9275747,1.2263732,0.66856295,17118.451,2.3909314,0.026825838,0.081191085,0.9949057,0.0
4821,3.6267638,1.0605748,1.2836444,0.68032163,17118.451,3.6267638,0.026825838,0.07969879,0.97661936,0.0
4822,3.0112216,0.9943302,1.5006316,0.6831648,17118.451,3.0112216,0.026825838,0.077015944,0.94374406,0.0
4823,6.7149906,1.3929292,1.3572981,0.5914848,17118.451,6.7149906,0.026825838,0.07679854,0.94108003,0.0
4824,5.8313174,1.2778807,1.5331057,0.78835994,17118.451,5.6459637,0.026825838,0.089261405,1.0937984,1.0
4825,4.2247944,1.1208243,1.3595984,0.6563076,17118.451,4.186601,0.026825838,0.08373389,1.0260649,1.0
4826,6.125681,1.2846559,1.7076445,0.7292746,17118.451,5.708919,0.026825838,0.09862811,1.2085769,1.0
4827,4.5254674,1.1413794,1.3752335,0.7116373,17118.451,4.377598,0.026825838,0.08948272,1.0965104,1.0
4828,4.1659718,1.1183591,1.4343303,0.7498665,17118.451,4.163694,0.026825838,0.08173437,1.0015631,1.0
4829,4.444552,1.148585,1.3923578,0.7197915,17118.451,4.444552,0.026825838,0.08101033,0.99269074,0.0
4830,4.108614,1.1121123,1.4389862,0.7498665,16566.244,4.105649,0.0,0.0817752,1.0020634,1.0
4831,4.4405036,1.1439844,1.5015658,0.7440008,16566.244,4.401804,0.0,0.08365674,1.0251195,1.0
4832,4.1915755,1.112335,1.7098663,0.7389484,0.0,4.107718,0.0,0.086366735,1.0583276,1.0
4833,4.1692734,1.1189595,1.4348096,0.743038,16566.244,4.1692734,0.0,0.079568975,0.9750286,0.0
4834,3.9073782,1.0907744,1.1861523,0.6981754,16566.244,3.9073782,0.0,0.07807964,0.95677847,0.0
4835,4.068302,1.108093,1.2019295,0.6981754,16566.244,4.068302,0.0,0.0749064,0.91789395,0.0
4836,4.139676,1.1157743,1.2081448,0.6981754,16566.244,4.139676,0.0,0.07402734,0.907122,0.0
4837,3.346647,1.0304286,1.1463149,0.70226413,16566.244,3.346647,0.0,0.07525799,0.9222022,0.0
4838,3.412116,1.0374744,1.4433897,0.7265293,16566.244,3.412116,0.0,0.07546739,0.92476827,0.0
4839,3.8154664,1.0808829,1.6134683,0.717244,16566.244,3.8154664,0.0,0.081230134,0.9953842,0.0
4840,4.166234,1.1186324,1.1815381,0.7094489,16566.244,4.166234,0.0,0.080722004,0.9891577,0.0
4841,4.0453286,1.1056206,1.1789731,0.7094489,16566.244,4.0453286,0.0,0.08024257,0.9832827,0.0
4842,3.157928,1.0101187,1.2679356,0.60806143,36997.95,3.157928,1.891596,0.07941556,0.97314864,0.0
4843,3.1844127,1.012969,1.5842569,0.71639615,36997.95,3.1844127,1.891596,0.08101128,0.9927024,0.0
4844,3.1266546,1.0067531,1.2779549,0.72126454,36997.95,3.1266546,1.891596,0.07449752,0.9128836,0.0
4845,4.850435,1.192266,1.2083069,0.6411237,36997.95,4.850435,1.891596,0.07522124,0.921752,0.0
4846,4.389018,1.1426084,1.1629505,0.6423925,36997.95,4.389018,1.891596,0.07690896,0.9424331,0.0
4847,4.1078906,1.1123536,1.1065272,0.55454785,36997.95,4.1078906,1.891596,0.08149677,0.9986515,0.0
4848,3.8491158,1.0845042,1.3621048,0.6573067,36997.95,3.8491158,1.891596,0.07654276,0.93794566,0.0
4849,5.0600166,1.21052,1.4334524,0.81913865,36997.95,5.0200505,1.891596,0.083463065,1.0227463,1.0
4850,4.847245,1.1316407,1.1974673,0.876635,36997.95,4.287106,1.891596,0.11207105,1.3733051,1.0
4851,5.9695263,1.2438937,1.3537925,0.8719635,36997.95,5.330158,1.891596,0.109575324,1.3427228,1.0
4852,4.0164685,1.0662309,1.2898304,0.8719635,36997.95,3.6793203,1.891596,0.102972254,1.2618096,1.0
4853,3.185486,0.9946293,1.2886124,0.8719635,36997.95,3.014001,1.891596,0.094872855,1.1625605,1.0
4854,6.2556634,1.3434964,1.3854991,0.75463396,36997.95,6.2556634,1.891596,0.04452695,0.54562783,0.0
4855,6.5384808,1.3739332,1.4266077,0.772926,36997.95,6.5384808,1.891596,0.040335234,0.49426308,0.0
4856,6.510508,1.3709228,1.502723,0.772926,36997.95,6.510508,1.891596,0.043925356,0.538256,0.0
4857,8.2937,1.5628296,1.5974401,0.73484254,36997.95,8.2937,1.891596,0.04680915,0.5735937,0.0
4858,7.194961,1.4445835,1.6148885,0.6617661,27610.412,7.194961,1.0110104,0.036091566,0.44226167,0.0
4859,7.13062,1.4376591,1.4273001,0.53031534,25953.78,7.13062,0.85561216,0.058929633,0.7221166,0.0
4860,4.2161565,1.1240051,1.3129473,0.73323214,25953.78,4.2161565,0.85561216,0.042393144,0.51948047,0.0
4861,5.288571,1.2394181,1.3643918,0.7671184,25953.78,5.288571,0.85561216,0.04790295,0.5869969,0.0
4862,4.284173,1.131325,1.2999179,0.50433654,25953.78,4.284173,0.85561216,0.030165665,0.3696464,0.0
4863,4.9086227,1.1985282,1.2906833,0.4306288,25953.78,4.9086227,0.85561216,0.028282762,0.34657353,0.0
4864,4.4514937,1.149332,1.1588738,0.52391267,25953.78,4.4514937,0.85561216,0.06872204,0.8421115,0.0
4865,4.516502,1.1563282,1.190184,0.4946882,25953.78,4.516502,0.85561216,0.04450596,0.54537064,0.0
4866,3.9908447,1.0997571,1.1844711,0.43008688,25953.78,3.9908447,0.85561216,0.037236027,0.45628577,0.0
4867,3.7755122,1.076583,1.1309835,0.41962644,25953.78,3.7755122,0.85561216,0.03956849,0.4848675,0.0
4868,3.5562053,1.0529813,1.1203132,0.388511,25953.78,3.5562053,0.85561216,0.040239606,0.49309126,0.0
4869,3.6862612,1.0669779,1.1036971,0.37878302,25953.78,3.6862612,0.85561216,0.03870973,0.47434434,0.0
4870,3.0866892,1.002452,1.0385041,0.37878302,16566.244,3.0866892,0.0,0.038480073,0.47153017,0.0
4871,1.93645,0.8786635,0.9548763,0.34953383,16566.244,1.93645,0.0,0.056250326,0.6892847,0.0
4872,2.1662421,0.9033937,0.8369104,0.3654538,16566.244,2.1662421,0.0,0.04080862,0.5000639,0.0
4873,4.2088857,1.1232226,1.1539569,0.40982768,16566.244,4.2088857,0.0,0.058295462,0.7143455,0.0
4874,2.4516268,0.9341067,0.97917515,0.4586636,16566.244,2.4516268,0.0,0.049654,0.6084541,0.0
4875,2.5218065,0.94165945,0.90948707,0.43585387,16566.244,2.5218065,0.0,0.03892353,0.47696424,0.0
4876,1.177673,0.79700404,0.8544591,0.54582125,16566.244,1.177673,0.0,0.04646524,0.56937945,0.0
4877,1.4116917,0.8221891,0.8819204,0.62442225,16566.244,1.4116917,0.0,0.044978358,0.5511593,0.0
4878,1.2126112,0.8007641,0.79634845,0.42805737,16566.244,1.2126112,0.0,0.04475169,0.54838175,0.0
4879,1.6527636,0.8481332,0.8062537,0.42011395,16566.244,1.6527636,0.0,0.038558297,0.4724887,0.0
4880,1.3957155,0.82046974,0.8264347,0.3531674,16566.244,1.3957155,0.0,0.037437875,0.4587592,0.0
4881,2.0048642,0.8860262,0.80469555,0.43301645,16566.244,2.0048642,0.0,0.03573471,0.4378888,0.0
4882,0.45684168,0.7194283,0.75035465,0.46122634,16566.244,0.45684168,0.0,0.035679072,0.43720704,0.0
4883,1.7411737,0.8576479,0.7816755,0.4374864,16566.244,1.7411737,0.0,0.042021375,0.5149248,0.0
4884,0.26665148,0.69896007,0.76910746,0.3725252,16566.244,0.26665148,0.0,0.037499085,0.45950925,0.0
4885,2.3893452,0.927404,0.8597603,0.45995024,16566.244,2.3893452,0.0,0.044407964,0.5441698,0.0
4886,0.3913983,0.7123853,0.7785208,0.42663327,16566.244,0.3913983,0.0,0.038208585,0.46820337,0.0
4887,1.3569769,0.8163007,0.8549161,0.4883005,16566.244,1.3569769,0.0,0.043017283,0.5271286,0.0
4888,1.3413053,0.8146141,0.79049766,0.41880053,16566.244,1.3413053,0.0,0.038482197,0.4715562,0.0
4889,1.0837001,0.7868907,0.75283235,0.41317484,16566.244,1.0837001,0.0,0.041129913,0.50400096,0.0
4890,1.0244066,0.78050953,0.76296586,0.37252513,16566.244,1.0244066,0.0,0.048543986,0.59485215,0.0
4891,1.2030507,0.7997352,0.815643,0.45121667,16566.244,1.2030507,0.0,0.047989454,0.588057,0.0
4892,0.6844897,0.71251065,0.7156688,0.5571051,25953.78,0.39256305,0.85561216,0.04605672,0.5643735,0.0
4893,1.5420285,0.8362159,0.80559486,0.419162,28162.62,1.5420285,1.0628095,0.05325928,0.6526328,0.0
4894,1.2989882,0.81005996,0.9060172,0.40351942,28162.62,1.2989882,1.0628095,0.050146464,0.6144887,0.0
4895,1.7893162,0.86282897,0.84346193,0.46645787,28162.62,1.7893162,1.0628095,0.042190146,0.5169929,0.0
4896,2.574255,0.94730395,0.9169264,0.60755783,28162.62,2.574255,1.0628095,0.04542405,0.55662084,0.0
4897,2.740662,0.96521264,0.9340556,0.5461798,28162.62,2.740662,1.0628095,0.044448473,0.5446662,0.0
4898,3.299433,1.0253475,0.9816914,0.5027445,28162.62,3.299433,1.0628095,0.04635556,0.5680354,0.0
4899,3.0025995,0.9934023,1.0058029,0.5394931,28162.62,3.0025995,1.0628095,0.04540984,0.5564467,0.0
4900,2.1609907,0.9028285,0.9249131,0.57854235,28162.62,2.1609907,1.0628095,0.058887932,0.7216056,0.0
4901,3.051529,0.9986681,1.0073714,0.55428594,28162.62,3.051529,1.0628095,0.056384973,0.69093466,0.0
4902,4.3968616,1.1434525,1.0253662,0.561501,28162.62,4.3968616,1.0628095,0.06652884,0.8152364,0.0
4903,3.8570392,1.085357,1.0249168,0.5552957,28162.62,3.8570392,1.0628095,0.055666313,0.68212825,0.0
4904,3.8340335,1.0828811,1.0671536,0.54128486,28162.62,3.8340335,1.0628095,0.039407026,0.48288894,0.0
4905,4.3314466,1.1364126,1.0951258,0.59098727,28162.62,4.3314466,1.0628095,0.051873393,0.6356503,0.0
4906,4.87285,1.1946783,1.1443603,0.6628145,28162.62,4.87285,1.0628095,0.06313913,0.7736993,0.0
4907,4.6400976,1.1696296,1.1648251,0.6011871,28162.62,4.6400976,1.0628095,0.042552717,0.52143586,0.0
4908,1.9143832,0.87628865,0.8993197,0.8280839,28162.62,1.9143832,1.0628095,0.049744863,0.6095675,0.0
4909,2.3330226,0.92134255,0.86269796,0.8022776,24849.367,2.3330226,0.7520142,0.047407806,0.5809295,0.0
4910,3.4878232,1.045622,0.9056818,0.85365,24849.367,3.4878232,0.7520142,0.047191508,0.578279,0.0
4911,3.910587,1.0911198,1.0112345,0.7752196,7.8048215,3.910587,0.0,0.048102457,0.58944166,0.0
4912,2.9365346,0.9862924,1.0369259,0.56963074,3.5651655,2.9365346,0.0,0.040847708,0.5005429,0.0
4913,4.399983,1.1437885,1.0072069,0.8532172,2.2161837,4.399983,0.0,0.052973878,0.6491355,0.0
4914,4.2534204,1.1280154,0.9972765,0.8332072,2.2161837,4.2534204,0.0,0.054424092,0.66690624,0.0
4915,3.5375462,1.0509732,0.99330586,0.80576813,2.2161837,3.5375462,0.0,0.0491498,0.60227567,0.0
4916,3.066394,1.0002679,0.95877993,0.8030548,2.2161837,3.066394,0.0,0.047903877,0.5870083,0.0
4917,2.3242645,0.9204,0.8411257,0.7709018,2.2161837,2.3242645,0.0,0.05358436,0.6566163,0.0
4918,3.4245222,1.0388095,0.8844301,0.859186,2.2161837,3.4245222,0.0,0.053828854,0.65961224,0.0
4919,3.6236377,1.0063496,0.9468221,0.6912947,2.2161837,3.122905,0.0,0.118992515,1.4581199,1.0
4920,2.9371905,0.986363,0.828006,0.71444094,2.2161837,2.9371905,0.0,0.05227208,0.6405358,0.0
4921,2.4614093,0.9351595,0.89674693,0.65736777,2.2161837,2.4614093,0.0,0.050657444,0.6207502,0.0
4922,2.527216,0.9422416,0.8933039,0.44169036,2.2161837,2.527216,0.0,0.051978216,0.63693476,0.0
4923,3.1738966,0.9967179,0.93108135,0.6454959,2.2161837,3.0334077,0.0,0.09240546,1.1323253,1.0
4924,2.5498183,0.9446741,0.7981962,0.77946985,2.2161837,2.5498183,0.0,0.04889595,0.5991651,0.0
4925,3.7575743,1.0490992,0.89989537,0.7003202,2.2161837,3.5201333,0.0,0.09733416,1.192721,1.0
4926,2.469815,0.9360641,0.860006,0.44574836,5.1068583,2.469815,0.0,0.042654242,0.5226799,0.0
4927,2.3102973,0.91889685,0.89992094,0.44574836,16566.244,2.3102973,0.0,0.044588853,0.5463864,0.0
4928,1.9573133,0.8809088,0.82697284,0.5116815,16566.244,1.9573133,0.0,0.046221863,0.56639713,0.0
4929,3.0353172,0.9969234,0.89904886,0.58809906,16566.244,3.0353172,0.0,0.04940667,0.60542333,0.0
4930,1.8295363,0.86715746,0.840677,0.61223894,16566.244,1.8295363,0.0,0.048335463,0.5922969,0.0
4931,2.5544329,0.9451707,0.81848496,0.7629698,16566.244,2.5544329,0.0,0.0619787,0.7594795,0.0
4932,2.3369553,0.9217658,0.82913756,0.7702385,16566.244,2.3369553,0.0,0.067854844,0.83148503,0.0
4933,1.6201649,0.84462494,0.79817075,0.6324119,16566.244,1.6201649,0.0,0.047292873,0.5795211,0.0
4934,2.3054428,0.9183744,0.90350556,0.61369485,16566.244,2.3054428,0.0,0.037221424,0.4561068,0.0
4935,1.7199455,0.8553633,0.8118359,0.6737803,16566.244,1.7199455,0.0,0.051951192,0.6366036,0.0
4936,3.4613006,1.0427676,0.99801445,0.80260766,16566.244,3.4613006,0.0,0.07631814,0.93519324,0.0
4937,3.0329652,0.99667025,0.8405664,0.79187584,16566.244,3.0329652,0.0,0.06911239,0.84689486,0.0
4938,2.7569373,0.9669642,0.8486311,0.6698075,16566.244,2.7569373,0.0,0.052745145,0.6463326,0.0
4939,1.5849836,0.84083873,0.7295785,0.79050976,16566.244,1.5849836,0.0,0.041527428,0.5088721,0.0
4940,3.3723822,1.0331982,0.8102722,0.8404901,28162.62,3.3723822,1.0628095,0.038818352,0.47567537,0.0
4941,3.9535887,1.0957476,0.9771466,0.8039589,28162.62,3.9535887,1.0628095,0.0322559,0.3952599,0.0
4942,3.533337,1.0505202,1.1004444,0.7906053,28162.62,3.533337,1.0628095,0.04074127,0.49923858,0.0
4943,4.12912,1.1146382,0.9211265,0.8237519,28162.62,4.12912,1.0628095,0.027926233,0.34220466,0.0
4944,2.9053328,0.9829345,0.83660054,0.88729334,28162.62,2.9053328,1.0628095,0.06931138,0.8493333,0.0
4945,3.2719102,1.0223855,0.9594626,0.91410744,28162.62,3.2719102,1.0628095,0.08067868,0.9886268,0.0
4946,1.4315625,0.8243276,0.86775875,0.9062427,28162.62,1.4315625,1.0628095,0.055200975,0.67642605,0.0
4947,4.437631,1.1478401,1.1670722,0.65775365,28162.62,4.437631,1.0628095,0.047317825,0.5798269,0.0
4948,4.869799,1.19435,1.1969072,0.47938132,28162.62,4.869799,1.0628095,0.04034787,0.4944179,0.0
4949,3.1091774,1.0048722,1.1359733,0.663586,28162.62,3.1091774,1.0628095,0.03963261,0.48565322,0.0
4950,3.257918,1.0208796,1.2404954,0.6967833,28162.62,3.257918,1.0628095,0.038374506,0.47023654,0.0
4951,4.3328657,1.1365653,1.2850149,0.6949448,28162.62,4.3328657,1.0628095,0.038757283,0.47492707,0.0
4952,4.2852774,1.1314439,1.2473876,0.7812913,28162.62,4.2852774,1.0628095,0.041692443,0.5108941,0.0
4953,4.0394425,1.1049871,1.3398776,0.71446437,28162.62,4.0394425,1.0628095,0.048917156,0.5994249,0.0
4954,3.667313,1.0649387,1.3688296,0.747929,28162.62,3.667313,1.0628095,0.04567384,0.5596817,0.0
4955,3.6007898,1.0577794,1.2024419,0.80349475,28162.62,3.6007898,1.0628095,0.05549394,0.68001604,0.0
4956,6.4500537,1.3644167,1.5057956,0.7337595,27058.193,6.4500537,0.9592102,0.04354107,0.533547,0.0
4957,7.9113016,1.521676,1.493389,0.6627026,27058.193,7.9113016,0.9592102,0.04159545,0.5097056,0.0
4958,6.346415,1.3532631,1.4170091,0.68513,27058.193,6.346415,0.9592102,0.045734677,0.5604272,0.0
4959,5.254842,1.2357882,1.3578231,0.7174918,27058.193,5.254842,0.9592102,0.037388448,0.45815352,0.0
4960,4.999238,1.2082802,1.3288523,0.64385283,27058.193,4.999238,0.9592102,0.033309475,0.40817025,0.0
4961,3.2706087,1.0222454,1.1817449,0.5825029,27058.193,3.2706087,0.9592102,0.044038672,0.53964454,0.0
4962,3.2475133,1.0197599,1.1207302,0.56183803,27058.193,3.2475133,0.9592102,0.04876292,0.59753495,0.0
4963,3.5576308,1.0531347,1.1511236,0.6073089,8.768376,3.5576308,0.0,0.046361458,0.56810766,0.0
4964,3.6857462,1.0669224,1.0945612,0.5478195,8.768376,3.6857462,0.0,0.04653365,0.5702177,0.0
4965,2.9295402,0.9855397,1.218501,0.49309945,4.0469427,2.9295402,0.0,0.0463492,0.5679575,0.0
4966,2.186858,0.90561235,0.8771915,0.4824305,4.0469427,2.186858,0.0,0.043034278,0.52733684,0.0
4967,0.68045413,0.74349344,0.7290814,0.4380281,2.2161837,0.68045413,0.0,0.045619708,0.5590184,0.0
4968,0.6699239,0.7423602,0.77631074,0.5484403,2.2161837,0.6699239,0.0,0.057252456,0.70156467,0.0
4969,1.859383,0.87036955,0.83342993,0.5976633,2.2161837,1.859383,0.0,0.04958493,0.6076077,0.0
4970,0.55327207,0.7298061,0.777513,0.6210096,2.2161837,0.55327207,0.0,0.04921231,0.6030417,0.0
4971,0.9183758,0.7690985,0.8019006,0.4577657,5.1068583,0.9183758,0.0,0.0400633,0.49093083,0.0
4972,0.6644414,0.74177015,0.67570925,0.5758117,16566.244,0.6644414,0.0,0.042916633,0.52589524,0.0
4973,1.7116345,0.8544689,0.82349336,0.6623473,16566.244,1.7116345,0.0,0.055837244,0.6842228,0.0
4974,1.1784899,0.79709196,0.7970307,0.63431096,16566.244,1.1784899,0.0,0.053829547,0.65962076,0.0
4975,1.3479946,0.815334,0.8036825,0.70581985,16566.244,1.3479946,0.0,0.047429375,0.5811938,0.0
4976,1.8051163,0.8645294,0.7525802,0.4911047,16566.244,1.8051163,0.0,0.044959627,0.55092984,0.0
4977,2.6691246,0.9575138,1.0142219,0.6486181,16566.244,2.6691246,0.0,0.06707662,0.8219488,0.0
4978,1.5386727,0.83585477,0.7444549,0.45003432,16566.244,1.5386727,0.0,0.06550863,0.8027348,0.0
4979,1.7442963,0.85798395,0.76385295,0.4466173,16566.244,1.7442963,0.0,0.0448034,0.5490154,0.0
4980,1.5685078,0.8390656,0.69463325,0.6758381,16566.244,1.5685078,0.0,0.062458463,0.76535845,0.0
4981,2.2897756,0.9166883,0.95083904,0.76368964,16566.244,2.2897756,0.0,0.07009187,0.8588973,0.0
4982,1.8738827,0.87193,0.9497938,0.73330903,16566.244,1.8738827,0.0,0.0453596,0.5558311,0.0
4983,2.1400743,0.9005775,1.098886,0.78580713,16566.244,2.1400743,0.0,0.07152916,0.8765096,0.0
4984,2.554885,0.94521934,0.89974624,0.5832202,16566.244,2.554885,0.0,0.045955554,0.5631338,0.0
4985,4.257532,1.077154,1.1789145,0.667669,16566.244,3.780818,0.0,0.111005664,1.36025,1.0
4986,3.0933142,0.9914934,1.2494683,0.8336563,16566.244,2.984862,0.0,0.090078525,1.1038114,1.0
4987,3.6594994,1.0640978,1.0461097,0.53359354,27610.412,3.6594994,1.0110104,0.07846154,0.96145827,0.0
4988,5.2391276,1.2176032,1.2015965,0.6276127,27610.412,5.0858674,1.0110104,0.08863305,1.0860987,1.0
4989,5.818321,1.2964298,1.4663265,0.76987475,27610.412,5.818321,1.0110104,0.0662103,0.811333,0.0
4990,1.3523705,0.81580496,0.89596814,0.74099267,27610.412,1.3523705,1.0110104,0.058752086,0.71994096,0.0
4991,1.321548,0.81248784,0.9282749,0.7470446,27610.412,1.321548,1.0110104,0.06439051,0.78903353,0.0
4992,4.328172,1.1015116,1.1992564,0.6395122,27610.412,4.007148,1.0110104,0.10028613,1.2288941,1.0
4993,1.3957443,0.82047284,1.3481627,0.79887366,27610.412,1.3957443,1.0110104,0.059635185,0.7307623,0.0
4994,1.6563818,0.8485226,1.2305653,0.7246719,27610.412,1.6563818,1.0110104,0.051071357,0.62582225,0.0
4995,1.7350472,0.85698855,0.9760333,0.74924505,27610.412,1.7350472,1.0110104,0.05050371,0.6188663,0.0
4996,5.682913,1.2818571,1.38652,0.6999672,27610.412,5.682913,1.0110104,0.069975905,0.8574763,0.0
4997,4.2847233,1.1313843,1.0958296,0.7231486,27610.412,4.2847233,1.0110104,0.054939166,0.6732179,0.0
4998,5.5881567,1.2716595,1.3194624,0.6854231,27610.412,5.5881567,1.0110104,0.06681172,0.8187027,0.0
4999,3.4192972,1.0382472,1.0929396,0.81288743,27610.412,3.4192972,1.0110104,0.06588154,0.80730444,0.0
5000,1.006071,0.77853626,0.89406836,0.757274,27610.412,1.006071,1.0110104,0.042636096,0.52245754,0.0
5001,4.675843,1.1734765,1.3798455,0.6854231,27610.412,4.675843,1.0110104,0.053445205,0.65491104,0.0
5002,1.2235785,0.8019444,1.0720718,0.7795022,27610.412,1.2235785,1.0110104,0.043026637,0.5272432,0.0
5003,2.5933626,0.9493603,0.91297877,0.78506804,24849.367,2.5933626,0.7520142,0.032824915,0.40223253,0.0
5004,4.4810433,1.1525122,1.420235,0.6854231,24849.367,4.4810433,0.7520142,0.04846162,0.5938428,0.0
5005,2.3971295,0.9282417,1.030805,0.7261608,24849.367,2.3971295,0.7520142,0.04326751,0.5301948,0.0
5006,0.8080926,0.75722986,0.9930566,0.67846704,24849.367,0.8080926,0.7520142,0.034190148,0.41896194,0.0
5007,1.444872,0.82575995,0.955417,0.76733637,24849.367,1.444872,0.7520142,0.03839029,0.47042996,0.0
5008,4.531285,1.1579192,1.4141939,0.69476676,24849.367,4.531285,0.7520142,0.05479733,0.6714798,0.0
5009,2.3875933,0.92721546,0.84960276,0.72597826,24849.367,2.3875933,0.7520142,0.056747682,0.6953792,0.0
5010,1.5399898,0.8359965,1.0263108,0.7492222,24297.16,1.5399898,0.70021516,0.04616094,0.5656506,0.0
5011,2.5372138,0.9433176,0.8989274,0.6859578,23744.955,2.5372138,0.6484163,0.06046996,0.74099153,0.0
5012,1.7138283,0.854705,0.89016616,0.5561557,23192.75,1.7138283,0.5966174,0.052706417,0.64585805,0.0
5013,2.102734,0.89655894,0.863099,0.7418029,23192.75,2.102734,0.5966174,0.05717557,0.7006225,0.0
5014,2.79351,0.9709001,0.8628896,0.77877957,16566.244,2.79351,0.0,0.072108485,0.88360864,0.0
5015,2.567482,0.94657505,0.94607437,0.5840336,16566.244,2.567482,0.0,0.045016136,0.5516223,0.0
5016,3.3895822,1.0350493,0.81578636,0.8138349,16566.244,3.3895822,0.0,0.07074553,0.8669071,0.0
5017,2.820559,0.97381115,0.86004454,0.6257074,16566.244,2.820559,0.0,0.046821572,0.57374585,0.0
5018,1.3065681,0.8108757,0.75146705,0.6629127,5.1068583,1.3065681,0.0,0.044282842,0.5426366,0.0
5019,2.7760317,0.9690191,0.82093596,0.7427512,16566.244,2.7760317,0.0,0.040270723,0.49347258,0.0
5020,2.8328495,0.97513384,0.8444432,0.72236234,16566.244,2.8328495,0.0,0.044913825,0.55036855,0.0
5021,4.3883033,1.1425315,1.0016819,0.74461174,16566.244,4.3883033,0.0,0.053621426,0.65707046,0.0
5022,2.960026,0.98882055,0.889798,0.82068086,16566.244,2.960026,0.0,0.051939525,0.63646066,0.0
5023,2.042024,0.8900253,0.811971,0.6796865,16566.244,2.042024,0.0,0.05104487,0.62549764,0.0
5024,1.823494,0.8665072,0.85707855,0.68768805,16566.244,1.823494,0.0,0.046518058,0.57002664,0.0
5025,3.1547434,1.009776,0.8940522,0.78775215,16566.244,3.1547434,0.0,0.052409075,0.6422145,0.0
5026,1.7458,0.8581458,0.84614205,0.7833275,16566.244,1.7458,0.0,0.039779723,0.4874559,0.0
5027,2.1767902,0.90452886,0.8068267,0.6623328,16566.244,2.1767902,0.0,0.05168257,0.6333119,0.0
5028,1.0168455,0.7796958,0.7946538,0.6800736,16566.244,1.0168455,0.0,0.051465083,0.6306469,0.0
5029,2.0928738,0.8954978,1.0486319,0.7334313,16566.244,2.0928738,0.0,0.046023577,0.56396735,0.0
5030,1.3603514,0.81666386,1.0573491,0.7000624,16566.244,1.3603514,0.0,0.04076327,0.49950817,0.0
5031,1.452741,0.8266068,0.7016096,0.5958619,16566.244,1.452741,0.0,0.059821498,0.7330454,0.0
5032,1.340937,0.8145745,0.7485513,0.5812452,16566.244,1.340937,0.0,0.058908872,0.7218622,0.0
5033,0.0,0.64895946,0.65919125,0.5811378,16566.244,0.0,0.0,0.06752779,0.8274774,0.0
5034,1.5514754,0.8372326,0.86290556,0.6205878,28162.62,1.5514754,1.0628095,0.0578656,0.7090781,0.0
5035,1.4436241,0.82562566,0.9239007,0.65105444,28714.828,1.4436241,1.1146086,0.05519361,0.6763358,0.0
5036,1.1909553,0.7984335,1.0136175,0.67014015,28714.828,1.1909553,1.1146086,0.0459293,0.5628121,0.0
5037,1.0683608,0.7852399,0.7523671,0.5063622,28714.828,1.0683608,1.1146086,0.073054984,0.8952069,0.0
5038,0.90871286,0.7680586,0.76106244,0.47784275,28714.828,0.90871286,1.1146086,0.05771198,0.70719564,0.0
5039,0.8916869,0.7599546,0.75828385,0.6255834,28714.828,0.8334105,1.1146086,0.07350402,0.9007094,0.0
5040,2.358757,0.9241121,1.0663573,0.63833284,28714.828,2.358757,1.1146086,0.040330004,0.49419898,0.0
5041,1.7810467,0.861939,1.000174,0.66979325,28714.828,1.7810467,1.1146086,0.04734639,0.58017695,0.0
5042,1.9024987,0.87500966,1.0001945,0.7856679,28714.828,1.9024987,1.1146086,0.044907905,0.550296,0.0
5043,2.306152,0.9184508,1.20879,0.7401647,28714.828,2.306152,1.1146086,0.051116314,0.6263731,0.0
5044,2.0398555,0.88979197,1.1234396,0.7624203,28714.828,2.0398555,1.1146086,0.04643299,0.56898427,0.0
5045,1.986199,0.88401747,1.0791205,0.78158194,28714.828,1.986199,1.1146086,0.044567972,0.54613054,0.0
5046,1.6052775,0.84302276,0.98472035,0.7437733,28714.828,1.6052775,1.1146086,0.04885097,0.59861386,0.0
5047,1.2991439,0.8100767,1.2959033,0.6502264,28714.828,1.2991439,1.1146086,0.06735362,0.82534313,0.0
5048,2.7383873,0.96496785,1.2731346,0.71190405,28714.828,2.7383873,1.1146086,0.05803996,0.71121466,0.0
5049,6.6589317,1.3868961,1.3579063,0.5350215,28714.828,6.6589317,1.1146086,0.064863734,0.79483235,0.0
5050,2.372263,0.9255656,1.3150715,0.73312646,28714.828,2.372263,1.1146086,0.06739601,0.8258625,0.0
5051,0.7673682,0.7048898,1.1432955,0.71256745,27058.193,0.32175013,0.9592102,0.05964821,0.7309219,0.0
5052,0.7673682,0.69344383,1.2191917,0.5496121,27058.193,0.21539482,0.9592102,0.03963078,0.4856308,0.0
5053,0.7673682,0.6826971,1.3573759,0.7028431,27058.193,0.11553667,0.9592102,0.04178109,0.5119804,0.0
5054,0.7673682,0.6799761,1.1440566,0.67062485,27058.193,0.090253115,0.9592102,0.046512168,0.56995445,0.0
5055,0.7673682,0.6998004,0.9227301,0.64293957,27058.193,0.27445957,0.9592102,0.036716197,0.44991583,0.0
5056,2.0388126,0.88967973,0.89575976,0.64293957,27058.193,2.0388126,0.9592102,0.039227758,0.48069218,0.0
5057,1.9817129,0.88353467,0.9169564,0.6326606,27058.193,1.9817129,0.9592102,0.03872963,0.4745882,0.0
5058,1.6191574,0.8445165,0.8909171,0.674846,8.768376,1.6191574,0.0,0.051682964,0.63331676,0.0
5059,1.3060315,0.81081796,0.83387387,0.65658045,2.2161837,1.3060315,0.0,0.04780881,0.5858434,0.0
5060,0.9784557,0.7755643,0.7506909,0.51223135,2.2161837,0.9784557,0.0,0.055373073,0.6785349,0.0
5061,0.88959694,0.76600134,0.7534585,0.5831347,2.2161837,0.88959694,0.0,0.048681967,0.59654295,0.0
5062,0.56590027,0.7311652,0.71059877,0.529364,2.2161837,0.56590027,0.0,0.04826799,0.5914701,0.0
5063,1.1280004,0.7916583,0.7040084,0.5498329,2.312539,1.1280004,0.0,0.040743258,0.49926296,0.0
5064,0.6106315,0.73597914,0.6853351,0.5548922,2.312539,0.6106315,0.0,0.039224956,0.48065788,0.0
5065,1.2950853,0.80963993,0.68158007,0.55489224,2.312539,1.2950853,0.0,0.040483143,0.49607554,0.0
5066,1.7659478,0.8603141,0.7678675,0.54832226,5.2995687,1.7659478,0.0,0.039936524,0.48937732,0.0
5067,0.021460671,0.63719064,0.70994747,0.54832226,17118.451,0.0,0.026825838,0.04506704,0.55224603,0.0
5068,0.021460671,0.641084,0.6376794,0.559401,17118.451,0.0,0.026825838,0.03806294,0.46641868,0.0
5069,0.021460671,0.6458012,0.66760904,0.43137953,17118.451,0.0,0.026825838,0.037173964,0.45552525,0.0
5070,0.6193972,0.7369225,0.7161999,0.5651878,17118.451,0.6193972,0.026825838,0.05317149,0.65155697,0.0
5071,0.5922616,0.7340022,0.8193034,0.5335204,17118.451,0.5922616,0.026825838,0.038801588,0.47546995,0.0
5072,0.021460671,0.6662299,0.6744508,0.7856998,17118.451,0.0,0.026825838,0.039832413,0.48810157,0.0
5073,0.021460671,0.6680452,0.85603064,0.51846385,17118.451,0.0,0.026825838,0.04222649,0.5174383,0.0
5074,1.506553,0.83239806,0.731181,0.62429404,17118.451,1.506553,0.026825838,0.04438834,0.54392934,0.0
5075,1.7768475,0.8614871,0.805985,0.5539114,17118.451,1.7768475,0.026825838,0.04243536,0.5199978,0.0
5076,0.80051047,0.7564139,0.7379101,0.4575371,17118.451,0.80051047,0.026825838,0.03987225,0.48858973,0.0
5077,0.021460671,0.59432024,0.67712057,0.60110456,17118.451,0.0,0.026825838,0.036227375,0.44392586,0.0
5078,2.2633693,0.9138465,0.9799402,0.5395478,17118.451,2.2633693,0.026825838,0.041393183,0.50722706,0.0
5079,2.0672991,0.89274544,0.8947878,0.61946404,16566.244,2.0672991,0.0,0.035639018,0.4367162,0.0
5080,4.038717,1.1049091,1.0589061,0.59518266,16566.244,4.038717,0.0,0.038057406,0.46635082,0.0
5081,5.3839164,1.2496792,1.2026511,0.59518266,16566.244,5.3839164,0.0,0.040781047,0.49972603,0.0
5082,6.6934805,1.3906143,1.352161,0.5281709,27610.412,6.6934805,1.0110104,0.04082738,0.50029373,0.0
5083,8.005036,1.5317637,1.484996,0.5046337,27610.412,8.005036,1.0110104,0.050877616,0.62344813,0.0
5084,8.859794,1.6237525,1.6186179,0.55251116,27610.412,8.859794,1.0110104,0.038074017,0.46655437,0.0
5085,9.931585,1.7390985,1.7711998,0.52294326,27610.412,9.931585,1.0110104,0.059606437,0.73041004,0.0
5086,10.624941,1.8137174,1.826686,0.5523076,27610.412,10.624941,1.0110104,0.04919337,0.6028096,0.0
5087,11.585727,1.9171169,1.9493872,0.59214085,27610.412,11.585727,1.0110104,0.03949852,0.48401007,0.0
5088,13.026088,2.0721283,2.1293526,0.6849495,27610.412,13.026088,1.0110104,0.03852361,0.47206366,0.0
5089,14.426662,2.222858,2.2737765,0.641679,27610.412,14.426662,1.0110104,0.0390072,0.47798952,0.0
5090,14.76907,2.2597077,2.2580817,0.6267862,27610.412,14.76907,1.0110104,0.03712864,0.45496985,0.0
5091,15.981247,2.390162,2.3796103,0.6763724,27610.412,15.981247,1.0110104,0.03766189,0.46150425,0.0
5092,16.165617,2.410004,2.4963977,0.6246119,27610.412,16.165617,1.0110104,0.041470863,0.50817895,0.0
5093,17.195236,2.5208113,2.5967507,0.6656952,27610.412,17.195236,1.0110104,0.03940925,0.48291618,0.0
5094,18.206896,2.6296859,2.6522243,0.6849595,27610.412,18.206896,1.0110104,0.039019145,0.47813588,0.0
5095,18.831238,2.6968775,2.6597002,0.6763724,27610.412,18.831238,1.0110104,0.039273538,0.48125318,0.0
5096,17.637589,2.5684173,2.6260684,0.7360357,27610.412,17.637589,1.0110104,0.045001745,0.55144596,0.0
5097,17.650194,2.569774,2.5795789,0.7166729,27610.412,17.650194,1.0110104,0.042319465,0.5185776,0.0
5098,17.645874,2.569309,2.5967727,0.68320376,24297.16,17.645874,0.70021516,0.040392846,0.49496904,0.0
5099,17.634129,2.568045,2.603152,0.64744973,24297.16,17.634129,0.70021516,0.042206783,0.51719683,0.0
5100,17.699678,2.5750992,2.6105618,0.5429121,24297.16,17.699678,0.70021516,0.046377573,0.56830513,0.0
5101,17.745007,2.5799775,2.652184,0.527786,24297.16,17.745007,0.70021516,0.055475067,0.6797848,0.0
5102,17.799507,2.5858428,2.6335833,0.50094557,24297.16,17.799507,0.70021516,0.050448906,0.61819476,0.0
5103,17.850603,2.5913417,2.6761794,0.5018097,24297.16,17.850603,0.70021516,0.07252397,0.8886999,0.0
5104,17.893425,2.5959504,2.6707423,0.66866577,23744.955,17.893425,0.6484163,0.06930003,0.8491942,0.0
5105,17.934612,2.6003828,2.6719692,0.4633857,23744.955,17.934612,0.6484163,0.0675534,0.8277912,0.0
5106,18.33264,2.6432185,2.6629555,0.4633857,23192.75,18.33264,0.5966174,0.06508839,0.79758525,0.0
5107,24.86441,2.8383827,2.8773122,0.5499609,23192.75,20.0,0.5966174,0.13831669,1.694916,1.0
5108,26.389559,2.7265046,2.7980952,0.47254795,5.1068583,19.106531,0.0,0.17048366,2.089086,1.0
5109,32.136948,2.7047176,2.7900345,0.40628847,2.2161837,18.904087,0.0,0.5647005,6.919771,1.0
5110,31.647238,2.673716,2.7815676,0.42297882,2.2161837,18.616022,0.0,0.3784407,4.637367,1.0
5111,31.986595,2.6951993,2.775853,0.3744151,5.1068583,18.815643,0.0,0.37348843,4.576682,1.0
5112,32.623688,2.7355309,2.777178,0.4091303,2.2161837,19.190403,0.0,0.33575544,4.1143064,1.0
5113,32.076504,2.700891,2.7642224,0.41466913,2.2161837,18.86853,0.0,0.36569512,4.4811835,1.0
5114,32.91396,2.753907,2.763227,0.4091303,2.2161837,19.361153,0.0,0.33260578,4.075711,1.0
5115,32.53749,2.7300742,2.7528982,0.37921512,5.1068583,19.1397,0.0,0.288536,3.5356853,1.0
5116,32.60242,2.7341847,2.7497303,0.37981838,5.1068583,19.177895,0.0,0.30859533,3.7814898,1.0
5117,32.19719,2.7085311,2.7371728,0.38029164,16566.244,18.939522,0.0,0.27330533,3.3490503,1.0
5118,32.377907,2.7199717,2.7353745,0.38029164,16566.244,19.045828,0.0,0.2725954,3.340351,1.0
5119,31.954494,2.6931672,2.732071,0.38029164,16566.244,18.79676,0.0,0.2619875,3.2103631,1.0
5120,31.420687,2.7077625,2.7322655,0.38029164,16566.244,18.93238,0.0,0.23540694,2.884648,1.0
5121,30.268782,2.7080264,2.7247102,0.38029164,16566.244,18.934834,0.0,0.2211723,2.7102187,1.0
5122,30.008392,2.7148607,2.7356336,0.38029164,16566.244,18.998337,0.0,0.21673076,2.6557925,1.0
5123,29.660774,2.7044737,2.730244,0.38029164,16566.244,18.901821,0.0,0.21432327,2.6262913,1.0
5124,29.39148,2.6639183,2.7247872,0.38029164,16566.244,18.52498,0.0,0.2183766,2.6759605,1.0
5125,29.303307,2.6796744,2.7249587,0.38029164,16566.244,18.671387,0.0,0.21437484,2.6269233,1.0
5126,29.21435,2.6697068,2.7248874,0.38029164,16566.244,18.578768,0.0,0.21508269,2.6355972,1.0
5127,28.727346,2.6348655,2.7220526,0.38029164,16566.244,18.255024,0.0,0.21536458,2.6390514,1.0
5128,28.989927,2.6471615,2.7190123,0.38029164,16566.244,18.369278,0.0,0.21641533,2.6519272,1.0
5129,28.767708,2.656496,2.7264345,0.38029164,16566.244,18.456015,0.0,0.21187861,2.596335,1.0
5130,28.023737,2.6546352,2.731917,0.38029164,16566.244,18.438723,0.0,0.20281176,2.4852307,1.0
5131,25.759802,2.6398997,2.7294335,0.39866677,16566.244,18.301802,0.0,0.17662068,2.1642883,1.0
5132,27.130045,2.6420238,2.742784,0.38029164,16566.244,18.321539,0.0,0.193705,2.3736377,1.0
5133,26.470114,2.6570466,2.7563834,0.38029164,16566.244,18.46113,0.0,0.18275954,2.2395132,1.0
5134,26.761772,2.603791,2.758905,0.37981838,16566.244,17.96628,0.0,0.19575274,2.3987303,1.0
5135,27.111753,2.6543558,2.764172,0.40409014,16566.244,18.436127,0.0,0.19132777,2.3445072,1.0
5136,24.382378,2.6570213,2.7638931,0.39866677,16566.244,18.460896,0.0,0.15639551,1.9164517,1.0
5137,27.104187,2.6694963,2.7758977,0.37981838,16566.244,18.576813,0.0,0.18863606,2.3115234,1.0
5138,28.504274,2.6612756,2.791561,0.37981838,32580.283,18.500425,1.4772025,0.20768613,2.5449607,1.0
5139,28.630142,2.7073584,2.808747,0.37981838,32580.283,18.928625,1.4772025,0.20110986,2.4643757,1.0
5140,26.715738,2.7253292,2.8214319,0.40409014,32580.283,19.09561,1.4772025,0.17465055,2.1401467,1.0
5141,29.70394,3.105333,3.2136686,0.37981838,106876.25,20.0,8.446438,0.19473647,2.386277,1.0
5142,30.073418,3.476378,3.5481558,0.37981838,106876.25,20.0,8.446438,0.19904391,2.43906,1.0
5143,30.581732,3.752112,3.8377483,0.37981838,106876.25,20.0,8.446438,0.20496988,2.511676,1.0
5144,30.598507,4.0790815,4.1222367,0.29866835,106876.25,20.0,8.446438,0.20516543,2.5140724,1.0
5145,25.807684,4.338076,4.336105,0.7422335,106876.25,20.0,8.446438,0.14931346,1.8296691,1.0
5146,26.237083,4.610455,4.570991,0.77101874,106876.25,20.0,8.446438,0.15431945,1.8910118,1.0
5147,25.991934,4.830574,4.8256936,0.77101874,106876.25,20.0,8.446438,0.15146147,1.8559905,1.0
5148,26.184303,5.022492,5.048155,0.77101874,106876.25,20.0,8.446438,0.15370415,1.8834721,1.0
5149,25.855066,5.199924,5.250068,0.77101874,106876.25,20.0,8.446438,0.14986587,1.8364382,1.0
5150,27.545462,5.473143,5.473058,0.5573693,106876.25,20.0,8.446438,0.1695727,2.0779233,1.0
5151,27.501919,5.613027,5.649088,0.5870561,106876.25,20.0,8.446438,0.16906506,2.0717027,1.0
5152,27.112003,5.713073,5.79149,0.45165992,106876.25,20.0,8.446438,0.16451937,2.0160005,1.0
5153,27.805641,5.7963576,5.9057455,0.45251694,106876.25,20.0,8.446438,0.17260587,2.1150916,1.0
5154,26.771051,5.949898,6.074458,0.4686723,106876.25,20.0,8.446438,0.16054453,1.9672933,1.0
5155,27.311754,5.963377,6.1272063,0.4995292,106876.25,20.0,8.446438,0.1668481,2.0445364,1.0
5156,27.894144,6.0798545,6.2124476,0.48145917,106876.25,20.0,8.446438,0.17363767,2.127735,1.0
5157,31.633673,5.9731264,6.187217,0.5441132,106876.25,20.0,8.446438,0.21723351,2.6619532,1.0
5158,33.08821,5.9459205,6.156239,0.50928897,106876.25,20.0,8.446438,0.23419069,2.8697443,1.0
5159,33.610973,5.8892775,6.056736,0.5388373,106876.25,20.0,8.446438,0.24028511,2.9444246,1.0
5160,32.835754,5.865064,6.026312,0.45165992,106876.25,20.0,8.446438,0.2312475,2.833679,1.0
5161,32.846104,5.8078456,5.9671826,0.50928897,106876.25,20.0,8.446438,0.2313682,2.8351579,1.0
5162,34.0,5.769162,5.8873186,0.48326468,16566.244,20.0,0.0,0.24526222,3.0054135,1.0
5163,34.0,5.706246,5.787124,0.52359694,16566.244,20.0,0.0,0.24857897,3.0460565,1.0
5164,32.688328,5.6544433,5.709128,0.50928897,16566.244,20.0,0.0,0.22952878,2.812618,1.0
5165,32.32801,5.6017604,5.635958,0.50928897,16566.244,20.0,0.0,0.22532822,2.7611446,1.0
5166,31.773964,5.6129284,5.678086,0.50928897,106876.25,20.0,8.446438,0.21886903,2.6819947,1.0
5167,30.108246,5.7006183,5.73305,0.50928897,106876.25,20.0,8.446438,0.19944991,2.444035,1.0
5168,30.02737,5.6933384,5.778355,0.5044979,106876.25,20.0,8.446438,0.19850704,2.4324813,1.0
5169,28.33059,5.7417436,5.7908115,0.48326468,106876.25,20.0,8.446438,0.1787258,2.1900842,1.0
5170,28.167265,5.797454,5.8351765,0.528537,106876.25,20.0,8.446438,0.17682172,2.166752,1.0
5171,27.098143,5.885051,5.9068766,0.4481604,106876.25,20.0,8.446438,0.1643578,2.0140204,1.0
5172,24.82518,5.9471025,5.978682,0.45165995,106876.25,20.0,8.446438,0.13785933,1.6893115,1.0
5173,24.911356,6.020939,6.0485883,0.45165995,106876.25,20.0,8.446438,0.13886397,1.7016222,1.0
5174,24.497608,6.0816374,6.123164,0.45165995,106876.25,20.0,8.446438,0.13404045,1.6425154,1.0
5175,29.110537,6.290666,6.402299,0.38723657,106876.25,20.0,8.446438,0.18781851,2.3015053,1.0
5176,25.190792,6.016282,6.2451053,0.54516405,106876.25,20.0,8.446438,0.14212166,1.7415416,1.0
5177,27.79021,6.5222178,6.5728245,0.37382022,106876.25,20.0,8.446438,0.17242599,2.1128871,1.0
5178,27.05471,6.112609,6.382423,0.5451641,106876.25,20.0,8.446438,0.16385143,2.0078156,1.0
5179,29.372868,6.631197,6.6711926,0.5323558,106876.25,20.0,8.446438,0.1908768,2.3389812,1.0
5180,29.101572,6.7099104,6.731044,0.58258593,106876.25,20.0,8.446438,0.187714,2.3002245,1.0
5181,29.955751,6.763666,6.808211,0.58258593,106876.25,20.0,8.446438,0.19767213,2.4222503,1.0
5182,29.731468,6.531144,6.7747917,0.42051917,106876.25,20.0,8.446438,0.19505742,2.39021,1.0
5183,32.831234,6.6814466,6.757436,0.3941614,106876.25,20.0,8.446438,0.23119482,2.8330333,1.0
5184,30.978603,6.692823,6.733195,0.54417026,106876.25,20.0,8.446438,0.20959665,2.568372,1.0
5185,31.253666,6.676961,6.7362165,0.40409014,106876.25,20.0,8.446438,0.21280338,2.6076667,1.0
5186,32.3772,6.6419477,6.666082,0.5957248,106876.25,20.0,8.446438,0.22590165,2.7681715,1.0
5187,32.230953,6.5906315,6.6141877,0.5957248,106876.25,20.0,8.446438,0.22419667,2.747279,1.0
5188,32.51947,6.528719,6.5598536,0.54417026,106876.25,20.0,8.446438,0.22756025,2.7884958,1.0
5189,32.598682,6.485589,6.5012636,0.54417026,106876.25,20.0,8.446438,0.2284837,2.7998116,1.0
5190,31.247215,6.1946564,6.426069,0.43040988,8.32849,20.0,0.0,0.21272814,2.606745,1.0
5191,28.282501,6.0973268,6.3402534,0.43040988,3.8269997,20.0,0.0,0.17816517,2.1832144,1.0
5192,30.712257,6.029661,6.2585654,0.43040988,0.67449075,20.0,0.0,0.20649156,2.5303226,1.0
5193,29.944355,5.7984614,5.8460374,0.48214924,0.67449075,20.0,0.0,0.19753927,2.4206223,1.0
5194,29.327831,5.7459817,5.7727056,0.48214924,0.67449075,20.0,0.0,0.19035177,2.3325474,1.0
5195,28.156012,5.7001204,5.7217684,0.4170801,0.67449075,20.0,0.0,0.17669053,2.1651444,1.0
5196,27.772049,5.649929,5.664926,0.4170801,0.67449075,20.0,0.0,0.17221428,2.110293,1.0
5197,31.230331,5.6172895,5.8593116,0.37466538,0.67449075,20.0,0.0,0.21253133,2.6043332,1.0
5198,29.316893,5.5652027,5.583264,0.43277848,0.6744908,20.0,0.0,0.19022425,2.3309848,1.0
5199,28.761372,5.5310717,5.5344753,0.4170801,0.6744908,20.0,0.0,0.18374792,2.2516248,1.0
5200,28.507719,5.493741,5.4978423,0.4170801,0.6744908,20.0,0.0,0.1807908,2.2153885,1.0
5201,28.573402,5.6414614,5.693263,0.37382022,0.6744908,20.0,0.0,0.18155655,2.224772,1.0
5202,27.880974,5.4656663,5.4649796,0.43277848,0.697749,20.0,0.0,0.17348413,2.1258535,1.0
5203,27.005358,5.429149,5.6411147,0.43040988,0.697749,20.0,0.0,0.16327609,2.0007656,1.0
5204,27.057926,5.603405,5.649351,0.37382022,0.6744908,20.0,0.0,0.16388895,2.0082753,1.0
5205,25.079288,5.5984077,5.6361046,0.37382022,0.6744908,20.0,0.0,0.14082175,1.7256128,1.0
5206,29.753792,5.3807225,5.542345,0.4373683,0.6744908,20.0,0.0,0.19531766,2.393399,1.0
5207,26.442463,5.3757224,5.5317454,0.43040988,0.6744908,20.0,0.0,0.1567138,1.9203519,1.0
5208,27.934084,5.3362536,5.4962306,0.43040988,0.67449075,20.0,0.0,0.17410327,2.1334405,1.0
5209,28.066547,5.3330216,5.4545355,0.43040988,0.6744908,20.0,0.0,0.17564754,2.1523638,1.0
5210,27.943104,5.395551,5.423676,0.37382022,0.6744908,20.0,0.0,0.17420845,2.1347291,1.0
5211,28.048687,5.3652816,5.3766303,0.37382022,0.6744908,20.0,0.0,0.17543934,2.1498125,1.0
5212,27.992105,5.3167334,5.3318863,0.37382022,0.6744908,20.0,0.0,0.1747797,2.1417294,1.0
5213,27.06446,5.2724905,5.2871113,0.37382022,0.697749,20.0,0.0,0.16396512,2.0092087,1.0
5214,27.99255,5.2080593,5.2410955,0.37382022,0.67449075,20.0,0.0,0.17478487,2.1417925,1.0
5215,34.0,5.0764217,5.201866,0.40628847,0.67449075,20.0,0.0,0.5730953,7.0226407,1.0
5216,34.0,5.000702,5.091479,0.42564806,0.67449075,20.0,0.0,0.52526504,6.436534,1.0
5217,34.0,5.060861,5.115286,0.37981838,0.67449075,20.0,0.0,0.27357846,3.3523974,1.0
5218,34.0,5.0041437,5.066645,0.37981838,0.67449075,20.0,0.0,0.28341115,3.4728858,1.0
5219,31.39782,4.9542856,5.02466,0.37981838,0.67449075,20.0,0.0,0.21448392,2.62826,1.0
5220,31.814623,4.896936,4.9783044,0.37981838,0.67449075,20.0,0.0,0.21934307,2.6878033,1.0
5221,31.91417,4.922041,4.9244957,0.29509705,0.67449075,20.0,0.0,0.22050358,2.7020242,1.0
5222,29.159126,4.916846,4.91324,0.30340415,0.67449075,20.0,0.0,0.18838498,2.3084466,1.0
5223,34.0,4.8872514,4.899105,0.29509705,0.67449075,20.0,0.0,0.3257482,3.991679,1.0
5224,34.0,4.8901935,4.89064,0.29509705,0.67449075,20.0,0.0,0.30642766,3.7549274,1.0
5225,31.087154,4.813366,4.8962493,0.3986667,0.67449075,20.0,0.0,0.21086216,2.5838795,1.0
5226,33.89259,4.905468,4.9050903,0.2944604,0.67449075,20.0,0.0,0.24356821,2.9846554,1.0
5227,28.160831,4.8546324,4.9141345,0.37382022,0.67449075,20.0,0.0,0.17674676,2.1658332,1.0
5228,26.689362,4.8467503,4.9180684,0.47366893,0.67449075,20.0,0.0,0.1595922,1.9556234,1.0
5229,27.544067,4.769437,4.9137163,0.4967359,0.67449075,20.0,0.0,0.16955642,2.077724,1.0
5230,25.87186,4.8463416,4.8453,0.6437573,0.67449075,20.0,0.0,0.15006165,1.8388373,1.0
5231,24.657393,4.6523747,4.813225,0.7213322,0.67449075,20.0,0.0,0.13590322,1.6653416,1.0
5232,25.208961,4.643084,4.7319465,0.7730189,0.67449075,20.0,0.0,0.14233351,1.7441375,1.0
5233,26.429558,4.66081,4.7355604,0.7730189,0.67449075,20.0,0.0,0.15656336,1.9185084,1.0
5234,26.077686,4.670695,4.7596135,0.65960836,0.67449075,20.0,0.0,0.15246119,1.868241,1.0
5235,26.006157,4.686096,4.7821107,0.48469833,0.67449075,20.0,0.0,0.1516273,1.8580226,1.0
5236,27.485666,4.6325765,4.6592445,0.5738192,0.67449075,20.0,0.0,0.16887556,2.0693808,1.0
5237,27.19123,4.57687,4.6168885,0.6001884,0.67449075,20.0,0.0,0.16544302,2.0273187,1.0
5238,25.684473,4.5307965,4.6474323,0.7213322,0.67449075,20.0,0.0,0.14787707,1.8120676,1.0
5239,25.876665,4.4954605,4.5919724,0.7213322,0.67449075,20.0,0.0,0.15011767,1.8395237,1.0
5240,26.589783,4.428681,4.485288,0.72692263,0.67449075,20.0,0.0,0.15843126,1.9413975,1.0
5241,26.9733,4.3564134,4.407266,0.76469123,0.67449075,20.0,0.0,0.16290236,1.9961858,1.0
5242,26.59705,4.2904844,4.2890625,0.74404424,0.67449075,20.0,0.0,0.15851599,1.9424357,1.0
5243,25.659925,4.1992054,4.2069163,0.7521046,0.67449075,20.0,0.0,0.14759089,1.8085608,1.0
5244,26.506128,4.1030536,4.0919256,0.7314954,0.67449075,20.0,0.0,0.15745603,1.929447,1.0
5245,27.796125,4.027798,4.0186553,0.6808563,0.67449075,20.0,0.0,0.17249495,2.113732,1.0
5246,30.075592,3.94116,3.9541502,0.59070164,0.67449075,20.0,0.0,0.19906926,2.4393706,1.0
5247,29.785406,3.8614764,3.86427,0.5048747,0.77084625,20.0,0.0,0.19568624,2.3979154,1.0
5248,27.481554,3.7567737,3.7529163,0.53709906,0.77084625,20.0,0.0,0.16882762,2.0687933,1.0
5249,28.04305,3.649461,3.62816,0.7040959,0.77084625,20.0,0.0,0.17537363,2.1490073,1.0
5250,28.572691,3.5446565,3.528595,0.6765041,0.72266847,20.0,0.0,0.18154824,2.2246702,1.0
5251,26.047112,3.436045,3.3893542,0.62612325,16014.038,20.0,0.0,0.15210474,1.863873,1.0
5252,27.306526,3.4002032,3.4037235,0.5048747,16566.244,20.0,0.0,0.16678713,2.0437894,1.0
5253,28.071335,3.3644712,3.3684168,0.5048747,16566.244,20.0,0.0,0.17570336,2.1530478,1.0
5254,27.75787,3.341085,3.3385386,0.5048747,16566.244,20.0,0.0,0.17204896,2.108267,1.0
5255,27.86912,3.3190346,3.3304243,0.5048747,16566.244,20.0,0.0,0.17334592,2.12416,1.0
5256,28.520245,3.3054688,3.3692384,0.510089,16566.244,20.0,0.0,0.18093683,2.2171779,1.0
5257,27.920605,3.3193784,3.3790956,0.510089,16566.244,20.0,0.0,0.17394614,2.131515,1.0
5258,29.028006,3.3277776,3.3821764,0.510089,16566.244,20.0,0.0,0.18685637,2.2897153,1.0
5259,25.990715,3.3257363,3.4505541,0.5160215,16566.244,20.0,0.0,0.15144728,1.8558166,1.0
5260,26.502018,3.3245041,3.4282172,0.52048224,16566.244,20.0,0.0,0.1574081,1.9288598,1.0
5261,25.737831,3.3327518,3.3767023,0.53252226,16566.244,20.0,0.0,0.14849912,1.8196902,1.0
5262,27.662682,3.3219275,3.4053283,0.5462169,16566.244,20.0,0.0,0.17093925,2.0946689,1.0
5263,26.259216,3.3568,3.4870121,0.51611084,16566.244,20.0,0.0,0.1545775,1.8941739,1.0
5264,26.973671,3.3655612,3.4861987,0.48113465,16566.244,20.0,0.0,0.1629067,1.9962391,1.0
5265,27.144659,3.366627,3.4960725,0.48113465,16566.244,20.0,0.0,0.16490008,2.0206656,1.0
5266,27.100338,3.3550045,3.3990726,0.52588767,16566.244,20.0,0.0,0.1643834,2.0143342,1.0
5267,26.577034,3.3799357,3.4965293,0.48771775,16566.244,20.0,0.0,0.15828264,1.9395763,1.0
5268,26.915148,3.6219249,3.8195727,0.48113465,106876.25,20.0,8.446438,0.16222441,1.9878783,1.0
5269,26.146503,3.9995139,4.1214542,0.48113465,106876.25,20.0,8.446438,0.15326346,1.8780719,1.0
5270,28.329739,4.129822,4.3770337,0.5107924,106876.25,20.0,8.446438,0.17871587,2.1899626,1.0
5271,26.15358,4.3041506,4.6317225,0.47500187,106876.25,20.0,8.446438,0.15334596,1.8790828,1.0
5272,28.461275,4.574692,4.7526364,0.7730189,106876.25,20.0,8.446438,0.18024935,2.2087536,1.0
5273,27.616768,4.696283,5.092775,0.49906477,106876.25,20.0,8.446438,0.17040399,2.0881097,1.0
5274,26.56324,4.8323417,5.294494,0.51616627,106876.25,20.0,8.446438,0.15812182,1.9376057,1.0
5275,28.39896,5.086187,5.359119,0.63020533,106876.25,20.0,8.446438,0.17952286,2.1998513,1.0
5276,28.355257,5.419273,5.6654496,0.5865036,106876.25,20.0,8.446438,0.17901337,2.1936083,1.0
5277,29.628521,5.6208825,5.8235116,0.7478336,106876.25,20.0,8.446438,0.19385721,2.3755028,1.0
5278,28.346634,5.873462,5.8997326,0.7521046,106876.25,20.0,8.446438,0.17891283,2.1923761,1.0
5279,27.423595,6.04588,6.1036077,0.73381376,106876.25,20.0,8.446438,0.16815197,2.060514,1.0
5280,28.686527,6.219004,6.3030553,0.7690385,106876.25,20.0,8.446438,0.18287538,2.2409327,1.0
5281,28.629288,6.3496947,6.3898873,0.7730189,106876.25,20.0,8.446438,0.18220808,2.2327557,1.0
5282,29.35997,6.4666624,6.5259085,0.6735252,106876.25,20.0,8.446438,0.19072643,2.3371387,1.0
5283,32.84788,6.8491883,6.8684087,0.7331556,106876.25,20.0,8.446438,0.23138893,2.8354118,1.0
5284,34.0,6.7075987,6.789971,0.6180265,106876.25,20.0,8.446438,0.30329496,3.7165396,1.0
5285,34.0,6.66804,6.7516565,0.6196918,106876.25,20.0,8.446438,0.356695,4.3708973,1.0
5286,34.0,6.62493,6.841853,0.6926285,106876.25,20.0,8.446438,0.30509394,3.7385843,1.0
5287,34.0,6.573446,6.81773,0.69262856,106876.25,20.0,8.446438,0.31032485,3.802683,1.0
5288,34.0,6.5394144,6.775717,0.6926285,106876.25,20.0,8.446438,0.3075915,3.769189,1.0
5289,34.0,6.4659686,6.730759,0.69262856,106876.25,20.0,8.446438,0.28959814,3.5487006,1.0
5290,34.0,6.40915,6.7118616,0.7497987,106876.25,20.0,8.446438,0.27718648,3.3966095,1.0
5291,34.0,6.348447,6.6542997,0.7708547,8.650024,20.0,0.0,0.26849267,3.2900767,1.0
5292,34.0,5.8748846,6.4375763,0.73324734,8.650024,20.0,0.0,0.2578595,3.159779,1.0
5293,34.0,6.137525,6.4100237,0.59695095,3.9877667,20.0,0.0,0.24490798,3.0010726,1.0
5294,34.0,6.187627,6.472521,0.6377332,0.67449075,20.0,0.0,0.2882018,3.53159,1.0
5295,33.885082,5.966476,6.2199035,0.6428588,0.67449075,20.0,0.0,0.2434807,2.983583,1.0
5296,34.0,6.0332403,6.207157,0.71996754,0.77084625,20.0,0.0,0.26451614,3.2413487,1.0
5297,34.0,5.9738245,6.2604795,0.73491925,0.67449075,20.0,0.0,0.28837544,3.5337176,1.0
5298,34.0,5.8981824,6.088204,0.76885056,0.67449075,20.0,0.0,0.28031212,3.4349108,1.0
5299,34.0,5.8393545,6.0876894,0.82218784,0.67449075,20.0,0.0,0.26398817,3.234879,1.0
5300,34.0,6.0393715,6.0415487,0.54290265,0.67449075,20.0,0.0,0.28813496,3.530771,1.0
5301,34.0,5.697682,5.990394,0.74654984,0.67449075,20.0,0.0,0.2996168,3.6714683,1.0
5302,34.0,5.6368155,5.804638,0.7471856,0.67449075,20.0,0.0,0.28635383,3.5089452,1.0
5303,34.0,5.4541526,5.6878815,0.77580076,0.67449075,20.0,0.0,0.2597418,3.1828446,1.0
5304,34.0,5.8496513,5.845278,0.54290265,0.67449075,20.0,0.0,0.2784016,3.4114997,1.0
5305,34.0,5.4192996,5.660465,0.7120971,0.67449075,20.0,0.0,0.25751078,3.155506,1.0
5306,33.206234,5.483639,5.6865687,0.43245474,0.67449075,20.0,0.0,0.23556662,2.8866048,1.0
5307,34.0,5.3975935,5.603529,0.77314425,0.67449075,20.0,0.0,0.26526392,3.250512,1.0
5308,34.0,5.310973,5.50946,0.7127193,0.67449075,20.0,0.0,0.25425777,3.115644,1.0
5309,34.0,5.328376,5.507265,0.6800658,0.67449075,20.0,0.0,0.25406796,3.113318,1.0
5310,34.0,5.270307,5.4641304,0.43432567,0.67449075,20.0,0.0,0.26040334,3.1909509,1.0
5311,34.0,5.2072334,5.3199186,0.7585762,0.67449075,20.0,0.0,0.2579215,3.1605387,1.0
5312,31.810265,5.1709676,5.2958508,0.67046404,0.67449075,20.0,0.0,0.21929225,2.6871808,1.0
5313,34.0,5.3126802,5.4275517,0.59018576,0.67449075,20.0,0.0,0.2659717,3.2591848,1.0
5314,33.847603,5.076817,5.188355,0.67046404,0.67449075,20.0,0.0,0.24304378,2.978229,1.0
5315,34.0,5.2274394,5.337184,0.7061028,0.67449075,20.0,0.0,0.2567389,3.1460474,1.0
5316,34.0,4.9877834,5.2335925,0.7460482,0.67449075,20.0,0.0,0.27255255,3.3398259,1.0
5317,32.158337,4.9620686,5.0472116,0.82317454,0.67449075,20.0,0.0,0.22335011,2.736905,1.0
5318,34.0,5.2275147,5.263697,0.54290265,0.67449075,20.0,0.0,0.28185982,3.453876,1.0
5319,31.46133,5.0558224,5.130344,0.6954978,3.8269997,20.0,0.0,0.21522431,2.6373327,1.0
5320,34.0,5.2308764,5.4009004,0.769178,3.7507036,20.0,0.0,0.2698104,3.306224,1.0
5321,31.034985,5.268406,5.4054036,0.4937278,3.7507036,20.0,0.0,0.21025394,2.5764263,1.0
5322,33.00573,5.3552346,5.377561,0.40410456,3.6769505,20.0,0.0,0.23322913,2.8579614,1.0
5323,31.492332,5.2840123,5.571659,0.49585554,3.6769505,20.0,0.0,0.21558578,2.641762,1.0
5324,30.798782,5.6846747,5.7222743,0.6860667,3.6769505,20.0,0.0,0.20750031,2.5426836,1.0
5325,30.487707,5.6220965,5.816939,0.42332268,3.6769505,20.0,0.0,0.20387372,2.4982438,1.0
5326,33.040154,5.693167,5.9201307,0.4759189,3.6769505,20.0,0.0,0.23363042,2.8628788,1.0
5327,30.990017,5.6502905,6.0438156,0.5019134,3.6769505,20.0,0.0,0.2097297,2.5700023,1.0
5328,28.30755,5.9101067,5.9996467,0.47383106,3.6769505,20.0,0.0,0.1784572,2.1867929,1.0
5329,30.505733,6.123953,6.157388,0.42893314,3.6769505,20.0,0.0,0.20408389,2.5008192,1.0
5330,30.487919,6.3505535,6.370469,0.4132437,3.6769505,20.0,0.0,0.20387621,2.4982743,1.0
5331,32.600033,6.176872,6.2750287,0.40615812,3.6769505,20.0,0.0,0.22849946,2.8000047,1.0
5332,34.0,6.0549316,6.2939167,0.58952075,3.6769505,20.0,0.0,0.29117414,3.5680127,1.0
5333,33.74259,6.3317356,6.4304905,0.5738192,3.6769505,20.0,0.0,0.24181952,2.963227,1.0
5334,34.0,6.4330983,6.5980177,0.66503376,3.6769505,20.0,0.0,0.25461614,3.1200354,1.0
5335,34.0,6.4158196,6.585694,0.5548943,3.6769505,20.0,0.0,0.27686706,3.3926954,1.0
5336,34.0,5.988229,6.289686,0.5356665,3.6769505,20.0,0.0,0.27415323,3.3594406,1.0
5337,34.0,5.967791,6.2210255,0.61154115,3.6769505,20.0,0.0,0.25890404,3.1725788,1.0
5338,34.0,5.9090405,6.0608554,0.5256835,3.6769505,20.0,0.0,0.2603218,3.1899517,1.0
5339,34.0,5.819748,6.016293,0.51497656,3.6769505,20.0,0.0,0.2595226,3.1801584,1.0
5340,34.0,5.7437396,6.0453258,0.52337736,3.6769505,20.0,0.0,0.2615793,3.2053611,1.0
5341,34.0,5.9221005,6.035689,0.41227916,3.6769505,20.0,0.0,0.26648256,3.265445,1.0
5342,34.0,5.8977156,5.972065,0.41227916,3.6769505,20.0,0.0,0.26157862,3.2053528,1.0
5343,32.8928,5.692157,5.873137,0.6115411,3.6769505,20.0,0.0,0.23191255,2.8418283,1.0
5344,34.0,5.741602,5.8458247,0.49571344,3.6769505,20.0,0.0,0.249896,3.0621953,1.0
5345,32.84552,5.638038,5.725107,0.5157555,0.67449075,20.0,0.0,0.2313614,2.8350747,1.0
5346,34.0,5.5861583,5.6685753,0.5157555,0.67449075,20.0,0.0,0.24820535,3.0414784,1.0
5347,34.0,5.541251,5.6332145,0.5157555,0.67449075,20.0,0.0,0.24653135,3.0209653,1.0
5348,34.0,5.6926703,5.6791277,0.43658042,0.67449075,20.0,0.0,0.25865883,3.169574,1.0
5349,34.0,5.652939,5.6466513,0.45873094,0.67449075,20.0,0.0,0.2651613,3.2492545,1.0
5350,34.0,5.6254406,5.6086955,0.45873094,0.67449075,20.0,0.0,0.28108066,3.4443283,1.0
5351,33.779457,5.58341,5.572231,0.47282875,0.67449075,20.0,0.0,0.24224937,2.9684944,1.0
5352,34.0,5.540844,5.5222034,0.45658597,0.67449075,20.0,0.0,0.2648225,3.245103,1.0
5353,33.93846,5.494823,5.4781966,0.4565859,0.67449075,20.0,0.0,0.24410304,2.991209,1.0
5354,34.0,5.4559116,5.446604,0.4565859,0.67449075,20.0,0.0,0.27170283,3.3294134,1.0
5355,34.0,5.2427497,5.4320545,0.63756585,0.67449075,20.0,0.0,0.26359516,3.2300632,1.0
5356,33.957115,5.4146256,5.3812156,0.6288231,0.67449075,20.0,0.0,0.24432047,2.9938734,1.0
5357,34.0,5.3911605,5.362802,0.4818004,0.67449075,20.0,0.0,0.25844857,3.1669974,1.0
5358,33.327595,5.367038,5.3158092,0.656447,0.67449075,20.0,0.0,0.23698145,2.903942,1.0
5359,34.0,5.3108034,5.3191543,0.43658042,0.67449075,20.0,0.0,0.28322968,3.470662,1.0
5360,34.0,5.280987,5.362423,0.5386757,0.67449075,20.0,0.0,0.29528716,3.6184132,1.0
5361,34.0,5.2199383,5.240233,0.61832476,0.67449075,20.0,0.0,0.2508175,3.0734873,1.0
5362,34.0,5.1801248,5.174161,0.45658597,0.67449075,20.0,0.0,0.2796452,3.4267385,1.0
5363,34.0,5.143299,5.1844425,0.5386757,0.67449075,20.0,0.0,0.2944047,3.6075993,1.0
5364,34.0,5.1211185,5.1256504,0.38341418,0.67449075,20.0,0.0,0.28324547,3.4708557,1.0
5365,34.0,5.0490255,5.0748363,0.43658042,0.67449075,20.0,0.0,0.2574314,3.1545331,1.0
5366,34.0,5.0173006,5.008847,0.47268733,0.67449075,20.0,0.0,0.2583528,3.1658237,1.0
5367,34.0,4.7570763,4.9407845,0.60891944,0.67449075,20.0,0.0,0.25561702,3.1323001,1.0
5368,32.188774,5.003088,5.0053,0.40410456,0.67449075,20.0,0.0,0.22370496,2.7412536,1.0
5369,34.0,4.99436,4.9921517,0.54428965,0.67449075,20.0,0.0,0.25857604,3.1685593,1.0
5370,34.0,4.970153,4.9641995,0.59647137,0.67449075,20.0,0.0,0.25100058,3.0757308,1.0
5371,32.97035,4.845078,4.9721355,0.37770674,0.67449075,20.0,0.0,0.23281662,2.8529067,1.0
5372,30.943714,4.816332,4.911851,0.53254527,0.67449075,20.0,0.0,0.20918992,2.5633879,1.0
5373,31.637268,4.8777294,4.9092617,0.40410456,0.67449075,20.0,0.0,0.21727544,2.662467,1.0
5374,32.39476,4.7550006,4.860903,0.49585554,0.67449075,20.0,0.0,0.22610636,2.77068,1.0
5375,31.597986,4.6087956,4.8631973,0.68552244,0.67449075,20.0,0.0,0.21681748,2.656855,1.0
5376,33.30714,4.850227,4.879792,0.49906477,0.67449075,20.0,0.0,0.236743,2.90102,1.0
5377,34.0,4.609687,4.8850317,0.45711574,1.2740381,20.0,0.0,0.25592434,3.136066,1.0
5378,34.0,4.6050906,4.8816843,0.45711574,0.67449075,20.0,0.0,0.27385187,3.3557477,1.0
5379,34.0,4.77562,4.8782034,0.44516933,0.67449075,20.0,0.0,0.27690828,3.3932004,1.0
5380,34.0,4.77044,4.8737783,0.4951044,0.67449075,20.0,0.0,0.3117008,3.8195438,1.0
5381,29.289814,4.729751,4.779434,0.46243668,0.67449075,20.0,0.0,0.18990853,2.3271163,1.0
5382,29.343735,4.71467,4.772922,0.46243668,0.67449075,20.0,0.0,0.19053717,2.3348193,1.0
5383,29.448246,4.7045918,4.751882,0.46243668,0.67449075,20.0,0.0,0.19175558,2.3497496,1.0
5384,29.703617,4.6984177,4.750367,0.46243668,0.67449075,20.0,0.0,0.19473271,2.386231,1.0
5385,29.826794,4.7041097,4.7476664,0.46243668,0.67449075,20.0,0.0,0.19616872,2.4038277,1.0
5386,30.301743,4.706973,4.755845,0.4345716,0.67449075,20.0,0.0,0.20170575,2.4716778,1.0
5387,30.578413,4.68906,4.736954,0.42995527,0.67449075,20.0,0.0,0.20493118,2.5112019,1.0
5388,30.904587,4.6816564,4.7296553,0.42995527,0.67449075,20.0,0.0,0.20873375,2.5577981,1.0
5389,29.710316,4.6237526,4.6714325,0.43024597,0.67449075,20.0,0.0,0.19481082,2.3871882,1.0
5390,31.686392,4.5452952,4.604311,0.44158545,0.67449075,20.0,0.0,0.21784812,2.6694846,1.0
5391,34.0,4.4873514,4.520881,0.5661462,0.67449075,20.0,0.0,0.289324,3.545341,1.0
5392,34.0,4.321037,4.5317273,0.49193856,0.67449075,20.0,0.0,0.33168018,4.0643687,1.0
5393,34.0,4.250731,4.378497,0.58482856,0.67449075,20.0,0.0,0.2856561,3.5003953,1.0
5394,34.0,4.1715674,4.371734,0.48554412,0.67449075,20.0,0.0,0.31207755,3.8241606,1.0
5395,32.889782,4.1045985,4.1739817,0.43024597,0.67449075,20.0,0.0,0.2318774,2.8413975,1.0
5396,34.0,4.007048,4.0489445,0.43457165,0.67449075,20.0,0.0,0.2676175,3.2793524,1.0
5397,34.0,4.055416,4.0384054,0.44823214,0.67449075,20.0,0.0,0.3581082,4.3882146,1.0
5398,34.0,3.7442791,3.9081588,0.49420115,0.67449075,20.0,0.0,0.32732016,4.0109415,1.0
5399,29.059134,3.5876563,3.6212964,0.43024597,0.67449075,20.0,0.0,0.18721923,2.2941618,1.0
5400,34.0,3.643279,3.636211,0.4456623,0.67449075,20.0,0.0,0.3473271,4.2561045,1.0
5401,34.0,3.5102139,3.4737947,0.44823214,2.2161837,20.0,0.0,0.31301084,3.835597,1.0
5402,34.0,3.1517663,3.2959862,0.5779038,5.1068583,20.0,0.0,0.31162,3.8185537,1.0
5403,34.0,2.957398,3.1468403,0.5391297,5.1068583,20.0,0.0,0.29025808,3.5567873,1.0
5404,32.327087,2.7167544,2.7036753,0.57014865,16566.244,19.015934,0.0,0.32065696,3.9292915,1.0
5405,30.44039,2.5973155,2.5843933,0.5359748,16566.244,17.90611,0.0,0.30901778,3.7866664,1.0
5406,25.946667,2.4797022,2.4675214,0.46064225,16566.244,16.813251,0.0,0.20826693,2.5520778,1.0
5407,31.678375,2.6756873,2.6408346,0.44823214,16566.244,18.634338,0.0,0.33838713,4.146555,1.0
5408,24.571543,2.2257836,2.2226846,0.57014865,16566.244,14.453848,0.0,0.32779068,4.0167074,1.0
5409,23.814573,2.1778631,2.1606803,0.3627596,16566.244,14.008573,0.0,0.3203413,3.9254234,1.0
5410,22.482414,2.0935297,2.0645757,0.50374144,16566.244,13.224949,0.0,0.30211052,3.7020257,1.0
5411,21.201765,2.045414,1.9922069,0.42085168,16566.244,12.777859,0.0,0.23532096,2.8835945,1.0
5412,21.065948,2.0038593,1.977603,0.42893314,16566.244,12.391734,0.0,0.24700917,3.0268204,1.0
5413,19.445137,1.9410222,1.9867904,0.46777377,16566.244,11.807854,0.0,0.2324155,2.8479915,1.0
5414,21.36417,2.0227385,2.321469,0.5995341,16566.244,12.567159,0.0,0.28212813,3.4571638,1.0
5415,20.781876,1.9858758,1.9717389,0.36551,16566.244,12.224632,0.0,0.28347883,3.4737153,1.0
5416,20.182703,1.9687426,1.9865395,0.42353833,16566.244,12.065431,0.0,0.23847164,2.9222026,1.0
5417,20.582422,1.9786748,1.9902017,0.32661164,16566.244,12.157721,0.0,0.24317682,2.9798594,1.0
5418,20.98309,2.009891,1.9521594,0.5110266,16566.244,12.447781,0.0,0.24148372,2.9591122,1.0
5419,21.485573,2.0304239,2.0779104,0.65823114,16566.244,12.638572,0.0,0.31169483,3.8194706,1.0
5420,20.984022,1.9986728,1.9860255,0.5451474,16566.244,12.343542,0.0,0.29314783,3.5921981,1.0
5421,21.786026,2.0494444,2.009949,0.5359748,16566.244,12.81531,0.0,0.30289993,3.711699,1.0
5422,20.665956,2.0536768,2.0120847,0.58876044,16566.244,12.854637,0.0,0.22329153,2.7361875,1.0
5423,20.843966,2.0747936,2.105977,0.65524375,16566.244,13.050853,0.0,0.22083606,2.7060983,1.0
5424,20.102959,2.0303068,2.028311,0.57911676,16566.244,12.637484,0.0,0.21934526,2.6878302,1.0
5425,19.794758,2.0362527,2.0155194,0.46815652,16566.244,12.692733,0.0,0.21206923,2.5986707,1.0
5426,20.976278,2.0369706,2.0229123,0.52499855,16566.244,12.699404,0.0,0.23357105,2.8621514,1.0
5427,21.53555,2.0335877,2.021626,0.51974124,16566.244,12.66797,0.0,0.2882305,3.5319417,1.0
5428,26.435413,2.3437774,2.453046,0.44516933,16566.244,15.550242,0.0,0.26806185,3.2847974,1.0
5429,21.338095,2.076139,2.0414665,0.32661164,16566.244,13.0633545,0.0,0.22929914,2.809804,1.0
5430,21.973356,2.0613034,2.0842829,0.64848214,16566.244,12.925503,0.0,0.24560826,3.0096538,1.0
5431,22.15958,2.0730925,2.082509,0.62035215,16566.244,13.035047,0.0,0.27429295,3.3611526,1.0
5432,26.72466,2.3620884,2.515766,0.44516933,16566.244,15.720388,0.0,0.28080332,3.44093,1.0
5433,22.775106,2.1120589,2.0513027,0.49967885,16566.244,13.397121,0.0,0.24646781,3.0201867,1.0
5434,22.309336,2.0941415,2.0834167,0.553794,16566.244,13.230634,0.0,0.24159999,2.960537,1.0
5435,25.576445,2.3801022,2.4605556,0.4713508,16566.244,15.887771,0.0,0.22379377,2.7423418,1.0
5436,30.105278,2.576101,2.5719244,0.4864608,16566.244,17.708986,0.0,0.28558174,3.499484,1.0
5437,24.366499,2.4821773,2.606267,0.41227916,16566.244,16.83625,0.0,0.18589191,2.277897,1.0
5438,25.79938,2.6121123,2.6445389,0.5087924,16566.244,18.043602,0.0,0.18182823,2.228101,1.0
5439,24.354906,2.5531554,2.669004,0.3920174,16566.244,17.495777,0.0,0.17301688,2.120128,1.0
5440,24.086075,2.5715027,2.6992383,0.38157555,16566.244,17.666258,0.0,0.16633669,2.0382695,1.0
5441,23.691439,2.6026037,2.7366738,0.38157555,16566.244,17.955248,0.0,0.15609556,1.9127761,1.0
5442,24.071474,2.6640625,2.7732337,0.38157555,16566.244,18.526321,0.0,0.15139511,1.8551774,1.0
5443,24.140985,2.6989648,2.8096733,0.3815755,16566.244,18.850634,0.0,0.14704284,1.8018452,1.0
5444,24.48232,2.7355778,2.8448808,0.38157555,16566.244,19.19084,0.0,0.14589655,1.7877986,1.0
5445,26.99291,2.525829,2.540882,0.6027507,16566.244,17.241861,0.0,0.21347061,2.615843,1.0
5446,26.424265,2.795162,2.9044037,0.40336716,16566.244,19.744493,0.0,0.1604881,1.9666017,1.0
5447,26.305374,2.7981834,2.924755,0.60799605,16566.244,19.77257,0.0,0.15864302,1.9439924,1.0
5448,26.664642,2.8290823,2.9421155,0.60799605,16566.244,20.0,0.0,0.15930401,1.952092,1.0
5449,26.695028,2.8204465,2.9435651,0.6497885,16566.244,19.979437,0.0,0.15997852,1.9603574,1.0
5450,26.722694,2.8530664,2.9578516,0.60799605,16566.244,20.0,0.0,0.15998076,1.9603848,1.0
5451,27.361492,2.866452,2.9580295,0.5865953,16566.244,20.0,0.0,0.16742794,2.0516417,1.0
5452,29.338776,2.8748844,2.9508939,0.62077355,16566.244,20.0,0.0,0.19047932,2.3341105,1.0
5453,27.28743,2.851133,2.956555,0.61731315,16566.244,20.0,0.0,0.16656452,2.0410614,1.0
5454,26.242527,2.467424,2.4922197,0.5174552,16566.244,16.699162,0.0,0.21485619,2.6328218,1.0
5455,26.008783,2.613654,2.7667885,0.66312665,16566.244,18.057926,0.0,0.18426757,2.2579925,1.0
5456,28.850769,2.7762716,2.9773324,0.5795892,16566.244,19.568964,0.0,0.19219862,2.3551786,1.0
5457,31.303375,2.6519475,2.8504274,0.59730864,16566.244,18.41375,0.0,0.28069308,3.439579,1.0
5458,31.652105,2.674024,2.7873135,0.52539545,16566.244,18.618885,0.0,0.2624966,3.2166014,1.0
5459,29.11816,2.58491,2.6069338,0.54290265,16566.244,17.790838,0.0,0.23005988,2.819126,1.0
5460,30.400944,2.5948184,2.673174,0.69467646,16566.244,17.882908,0.0,0.26333678,3.226897,1.0
5461,29.431604,2.5334537,2.62122,0.602165,16566.244,17.312708,0.0,0.28734288,3.5210648,1.0
5462,28.30678,2.5352044,2.5305867,0.6426608,16566.244,17.328976,0.0,0.2293138,2.8099835,1.0
5463,31.626217,2.892731,2.893448,0.38341418,16566.244,20.0,0.0,0.2171466,2.6608882,1.0
5464,27.855274,2.4954457,2.5866575,0.5978029,16566.244,16.95954,0.0,0.23140302,2.8355846,1.0
5465,28.961317,2.5036817,2.5222194,0.6780184,16566.244,17.036068,0.0,0.2593666,3.178247,1.0
5466,27.643028,2.4202266,2.5104914,0.6422403,16566.244,16.260605,0.0,0.26874006,3.2931082,1.0
5467,28.273409,2.460133,2.5345294,0.70230013,16566.244,16.631416,0.0,0.2927809,3.5877018,1.0
5468,27.743511,2.4265876,2.5012715,0.7284665,16566.244,16.319712,0.0,0.29074663,3.562774,1.0
5469,28.312473,2.4626062,2.6329408,0.71658003,16566.244,16.654396,0.0,0.28271237,3.464323,1.0
5470,26.462673,2.345503,2.3680396,0.5997818,16566.244,15.5662775,0.0,0.24639276,3.019267,1.0
5471,26.97346,2.3778389,2.3737345,0.55220556,16566.244,15.86674,0.0,0.2715656,3.3277318,1.0
5472,26.60277,2.354372,2.4032629,0.5964217,16566.244,15.648687,0.0,0.26155433,3.205055,1.0
5473,26.409185,2.342117,2.3937707,0.6512847,16566.244,15.534815,0.0,0.26681253,3.2694886,1.0
5474,25.654293,2.294328,2.358114,0.65810263,16566.244,15.09076,0.0,0.26928353,3.2997677,1.0
5475,25.397137,2.2780485,2.2907193,0.63555175,16566.244,14.939491,0.0,0.27129406,3.3244045,1.0
5476,24.78405,2.2392366,2.2617962,0.68375224,16566.244,14.578853,0.0,0.28079668,3.4408486,1.0
5477,23.96421,2.187336,2.27943,0.6562412,16566.244,14.096594,0.0,0.2787693,3.4160054,1.0
5478,24.04047,2.1921637,2.3239036,0.7565399,16566.244,14.141453,0.0,0.27856228,3.4134684,1.0
5479,23.120806,2.1339436,2.3793168,0.6490986,16566.244,13.600473,0.0,0.27235186,3.3373668,1.0
5480,22.288157,2.081232,2.2199934,0.7565399,16566.244,13.11068,0.0,0.2881626,3.5311096,1.0
5481,21.666407,2.0418718,2.2843478,0.6490986,16566.244,12.744945,0.0,0.28960052,3.5487297,1.0
5482,20.663492,1.9783815,2.1118217,0.7565399,16566.244,12.154995,0.0,0.28219533,3.4579873,1.0
5483,18.902842,1.8669221,1.9042072,0.6294808,16566.244,11.119318,0.0,0.29165345,3.5738862,1.0
5484,20.623796,1.9758685,2.3238127,0.644293,16566.244,12.131644,0.0,0.28472456,3.4889803,1.0
5485,16.3155,1.7031285,1.7289703,0.6377332,16566.244,9.597353,0.0,0.2870741,3.517771,1.0
5486,14.36124,1.5794126,1.7636288,0.76187617,16566.244,8.447788,0.0,0.28989378,3.5523233,1.0
5487,15.09919,1.626129,1.6536312,0.7803623,16566.244,8.881876,0.0,0.30395126,3.724582,1.0
5488,13.000938,1.4932976,1.5030062,0.6377332,16566.244,7.6476107,0.0,0.28274277,3.4646957,1.0
5489,10.994347,1.3662688,1.4315223,0.6377332,16566.244,6.4672627,0.0,0.2899006,3.5524068,1.0
5490,11.640219,1.4071561,1.40479,0.6576701,16566.244,6.847187,0.0,0.29124352,3.568863,1.0
5491,11.605545,1.4049611,1.5585738,0.78869414,16566.244,6.826791,0.0,0.30083147,3.6863523,1.0
5492,9.329582,1.2608795,1.2294872,0.63476706,16566.244,5.4879894,0.0,0.26615274,3.2614033,1.0
5493,6.980541,1.1121716,1.4404747,0.76187617,16566.244,4.1062007,0.0,0.27573794,3.3788593,1.0
5494,8.581624,1.2135295,1.1610799,0.660542,16566.244,5.048014,0.0,0.2654047,3.252237,1.0
5495,9.605003,1.2783153,1.4030449,0.76993567,16566.244,5.650002,0.0,0.28073946,3.4401474,1.0
5496,8.329566,1.1975727,1.1530372,0.6373187,16566.244,4.8997445,0.0,0.24999982,3.0634675,1.0
5497,8.227081,1.1910849,1.142016,0.62953836,16566.244,4.8394594,0.0,0.2678141,3.2817616,1.0
5498,8.290167,1.2114787,1.2261158,0.6196918,16566.244,5.028959,0.0,0.23280928,2.8528166,1.0
5499,9.126892,1.261104,1.3381604,0.65671945,16566.244,5.490075,0.0,0.23606166,2.892671,1.0
5500,9.126926,1.2696624,1.403026,0.59465486,16566.244,5.5695996,0.0,0.23052861,2.8248696,1.0
5501,12.295178,1.5146871,1.6143687,0.5816137,16566.244,7.846361,0.0,0.21380778,2.6199746,1.0
5502,8.230944,1.1913294,1.3533837,0.66957575,16566.244,4.8417315,0.0,0.24555898,3.00905,1.0
5503,13.06922,1.4984354,1.6437211,0.48492524,17118.451,7.695351,0.026825838,0.24443026,2.9952188,1.0
5504,13.802625,1.5950247,1.6365602,0.55489165,17118.451,8.592855,0.026825838,0.22297099,2.7322595,1.0
5505,13.430584,1.6246972,1.6229793,0.59223676,17118.451,8.868572,0.026825838,0.20154598,2.4697201,1.0
5506,12.7584505,1.5884713,1.6206167,0.59223676,17118.451,8.531961,0.026825838,0.19710876,2.4153469,1.0
5507,13.777497,1.5424583,1.5576608,0.59198684,17118.451,8.10441,0.026825838,0.24641822,3.0195792,1.0
5508,13.235385,1.5797899,1.5712895,0.59198684,17118.451,8.451294,0.026825838,0.21359488,2.6173658,1.0
5509,12.243706,1.529882,1.5547738,0.59198684,17118.451,7.9875517,0.026825838,0.20584697,2.5224237,1.0
5510,12.238891,1.5628052,1.5852079,0.60902864,17118.451,8.293473,0.026825838,0.19252807,2.3592157,1.0
5511,11.50917,1.5465463,1.5592239,0.6090287,17118.451,8.142397,0.026825838,0.17801635,2.1813908,1.0
5512,10.949926,1.5169224,1.5379136,0.6178417,17118.451,7.867131,0.026825838,0.17297325,2.1195931,1.0
5513,10.631695,1.5132515,1.6359482,0.6380254,17118.451,7.833022,0.026825838,0.16491374,2.020833,1.0
5514,10.310354,1.4940423,1.5424142,0.63802487,17118.451,7.6545305,0.026825838,0.16250505,1.9913172,1.0
5515,9.248245,1.4108367,1.5318265,0.70899004,28714.828,6.8813868,1.1146086,0.16180316,1.9827163,1.0
5516,10.539711,1.5267243,1.6038517,0.6380254,28714.828,7.958211,1.1146086,0.15724047,1.9268056,1.0
5517,7.485055,1.3068745,1.602005,0.5267559,28714.828,5.9153733,1.1146086,0.1434779,1.7581608,1.0
5518,8.243935,1.365443,1.6692348,0.48265532,28714.828,6.45959,1.1146086,0.14601369,1.789234,1.0
5519,8.71405,1.3433014,1.3188798,0.45352703,28714.828,6.253851,1.1146086,0.17333043,2.12397,1.0
5520,8.367404,1.3088129,1.3060611,0.45352703,28714.828,5.9333844,1.1146086,0.17725573,2.1720703,1.0
5521,8.381976,1.3054563,1.3344107,0.45352703,28714.828,5.9021955,1.1146086,0.17956893,2.2004158,1.0
5522,8.822025,1.3296053,1.3444024,0.45352703,28714.828,6.1265874,1.1146086,0.18418832,2.2570214,1.0
5523,8.633669,1.3213214,1.3686814,0.45352703,28714.828,6.049613,1.1146086,0.18120073,2.2204118,1.0
5524,8.51743,1.3112744,1.3733542,0.45352703,28714.828,5.956257,1.1146086,0.18186596,2.2285635,1.0
5525,8.857451,1.3468143,1.3847576,0.45352703,28714.828,6.2864923,1.1146086,0.1769622,2.1684732,1.0
5526,8.906358,1.3415308,1.3821282,0.45352703,28714.828,6.2373986,1.1146086,0.18137611,2.222561,1.0
5527,8.858694,1.3446555,1.3709463,0.45352703,28714.828,6.2664332,1.1146086,0.17806005,2.1819263,1.0
5528,8.980155,1.3480256,1.3796448,0.45352703,28714.828,6.2977476,1.1146086,0.18091792,2.2169464,1.0
5529,9.339765,1.3774308,1.3706713,0.45352703,28714.828,6.57098,1.1146086,0.17985336,2.2039013,1.0
5530,8.663967,1.3290606,1.3872888,0.45352703,28714.828,6.1215253,1.1146086,0.1784457,2.186652,1.0
5531,8.482652,1.321815,1.3253614,0.45352703,23744.955,6.0542,0.6484163,0.17513253,2.1460528,1.0
5532,8.557327,1.3285203,1.3283813,0.45352703,23744.955,6.116505,0.6484163,0.17465141,2.1401572,1.0
5533,8.419459,1.3199712,1.2864317,0.45352703,23744.955,6.0370674,0.6484163,0.17361903,2.1275065,1.0
5534,8.257765,1.2962774,1.2817135,0.45352703,23744.955,5.8169055,0.6484163,0.17944516,2.1988993,1.0
5535,7.7475495,1.2609067,1.2274616,0.45352703,23744.955,5.4882417,0.6484163,0.17759119,2.1761808,1.0
5536,8.425912,1.3061244,1.2438103,0.45352703,23744.955,5.908404,0.6484163,0.18095481,2.2173984,1.0
5537,7.8810654,1.2593828,1.1960133,0.45352703,23192.75,5.4740825,0.5966174,0.1841295,2.2563007,1.0
5538,7.9675016,1.2512455,1.1990422,0.45352703,23192.75,5.3984704,0.5966174,0.19256443,2.359661,1.0
5539,7.649267,1.2296901,1.1723309,0.45352703,16566.244,5.198178,0.0,0.1915495,2.3472242,1.0
5540,8.094001,1.2378693,1.169611,0.46191615,16566.244,5.274179,0.0,0.20626622,2.5275614,1.0
5541,7.6313815,1.2023841,1.163911,0.46191615,16566.244,4.944452,0.0,0.20831263,2.5526378,1.0
5542,8.321664,1.2539501,1.1614652,0.46191615,16566.244,5.4236016,0.0,0.20619543,2.5266938,1.0
5543,8.473796,1.2585458,1.1519784,0.45352703,16566.244,5.4663043,0.0,0.20988978,2.571964,1.0
5544,8.170651,1.2499791,1.1550277,0.45352703,16566.244,5.3867035,0.0,0.20210943,2.4766245,1.0
5545,8.075835,1.2376373,1.1530948,0.45352703,16566.244,5.272023,0.0,0.20560916,2.5195098,1.0
5546,7.9297347,1.2343235,1.161255,0.45352703,16566.244,5.2412314,0.0,0.20120804,2.465579,1.0
5547,7.7263675,1.2314931,1.1700432,0.45352703,16566.244,5.214932,0.0,0.19389439,2.3759584,1.0
5548,7.3845553,1.2199051,1.1680481,0.45352703,0.0,5.107257,0.0,0.18557264,2.2739847,1.0
5549,7.324306,1.2201917,1.1666303,0.45352703,0.0,5.1099195,0.0,0.18264784,2.2381444,1.0
5550,6.990971,1.1886739,1.1384037,0.46267104,0.0,4.8170567,0.0,0.18683183,2.2894146,1.0
5551,7.101278,1.1839436,1.1760907,0.44765607,16566.244,4.7731037,0.0,0.19533628,2.3936272,1.0
5552,6.3209095,1.1238016,1.1500827,0.46267104,16566.244,4.2142653,0.0,0.19816098,2.4282405,1.0
5553,7.052638,1.1764938,1.151592,0.46267104,16566.244,4.7038794,0.0,0.19803031,2.4266393,1.0
5554,6.233091,1.1183245,1.1526613,0.46267104,16566.244,4.163373,0.0,0.1975177,2.420358,1.0
5555,6.5545945,1.1495166,1.1554435,0.46267104,16566.244,4.4532084,0.0,0.19163176,2.3482325,1.0
5556,6.397933,1.1522347,1.1766051,0.46267104,16566.244,4.478465,0.0,0.18154007,2.22457,1.0
5557,6.473943,1.1691602,1.1684327,0.46267104,16566.244,4.635737,0.0,0.17406254,2.1329412,1.0
5558,7.1934385,1.2341852,1.2047957,0.46267104,16566.244,5.239947,0.0,0.16853148,2.0651643,1.0
5559,6.3141737,1.170778,1.1983898,0.46267104,16566.244,4.650769,0.0,0.16500016,2.0218918,1.0
5560,6.77907,1.2006365,1.2012038,0.46267104,16566.244,4.928213,0.0,0.16917408,2.0730386,1.0
5561,6.9053187,1.2417746,1.2121754,0.46267104,16566.244,5.310467,0.0,0.15163068,1.858064,1.0
5562,6.753984,1.2295347,1.2352247,0.46267104,16566.244,5.196735,0.0,0.15147603,1.8561689,1.0
5563,6.392113,1.2322714,1.2688804,0.46531314,16566.244,5.2221637,0.0,0.13384342,1.6401011,1.0
5564,6.278625,1.2729093,1.3066163,0.47352767,16566.244,5.5997696,0.0,0.10987289,1.3463691,1.0
5565,6.8219066,1.2930894,1.3211987,0.47352767,16566.244,5.7872825,0.0,0.12329052,1.510787,1.0
5566,7.158306,1.2868925,1.2594095,0.45568,16566.244,5.7297015,0.0,0.1397419,1.7123803,1.0
5567,7.194915,1.2940851,1.3271488,0.46622106,16566.244,5.796535,0.0,0.13785584,1.6892688,1.0
5568,7.743664,1.3322359,1.3153349,0.46622106,16566.244,6.151031,0.0,0.14197749,1.739775,1.0
5569,7.624216,1.3299952,1.3165002,0.46531314,16566.244,6.1302094,0.0,0.13843131,1.6963205,1.0
5570,7.8575373,1.3476914,1.3577461,0.4735276,16566.244,6.294643,0.0,0.1394986,1.709399,1.0
5571,7.2783327,1.2929919,1.3378416,0.4735276,16566.244,5.7863765,0.0,0.14172524,1.736684,1.0
5572,8.300449,1.3562585,1.298522,0.46267104,16566.244,6.374248,0.0,0.15206495,1.8633854,1.0
5573,8.023058,1.3478549,1.3028427,0.46531314,16566.244,6.2961617,0.0,0.14555804,1.7836506,1.0
5574,8.149311,1.3235618,1.2937835,0.44765607,16566.244,6.070431,0.0,0.16145556,1.9784569,1.0
5575,8.413822,1.3358797,1.2741764,0.4476561,16566.244,6.1848884,0.0,0.16563474,2.029668,1.0
5576,7.6255283,1.3338383,1.2788439,0.45145112,16566.244,6.1659203,0.0,0.13680142,1.6763481,1.0
5577,7.7074413,1.3512875,1.3120265,0.45145112,16566.244,6.3280573,0.0,0.13243131,1.6227973,1.0
5578,7.6393285,1.338992,1.2946935,0.4350786,16566.244,6.213808,0.0,0.13509698,1.655462,1.0
5579,7.6708827,1.3354187,1.2924964,0.4735276,16566.244,6.180605,0.0,0.13782729,1.688919,1.0
5580,7.798553,1.3482677,1.2938436,0.46531314,16566.244,6.2999973,0.0,0.13706821,1.6796173,1.0
5581,7.960514,1.353631,1.3192762,0.46531314,16566.244,6.3498335,0.0,0.14075008,1.7247344,1.0
5582,8.243367,1.3815014,1.3322177,0.46531314,16566.244,6.608804,0.0,0.13927512,1.7066604,1.0
5583,9.058044,1.4444959,1.3962911,0.46531314,16566.244,7.194147,0.0,0.14201574,1.7402437,1.0
5584,9.49999,1.4952956,1.4365828,0.43457165,16566.244,7.666177,0.0,0.13738118,1.6834524,1.0
5585,9.421559,1.4956058,1.4729781,0.46243668,16566.244,7.669059,0.0,0.13488808,1.6529022,1.0
5586,10.103127,1.5486366,1.5170978,0.46243668,16566.244,8.1618185,0.0,0.13706501,1.6795781,1.0
5587,10.437038,1.5740308,1.50541,0.46243668,16566.244,8.39778,0.0,0.13822633,1.6938087,1.0
5588,10.580514,1.6074506,1.5892295,0.46243668,16566.244,8.708317,0.0,0.13173428,1.6142559,1.0
5589,10.853919,1.6331244,1.6159931,0.46243668,16566.244,8.946877,0.0,0.13130578,1.6090052,1.0
5590,11.172472,1.6653825,1.6392845,0.46243668,16566.244,9.246618,0.0,0.13016903,1.5950756,1.0
5591,11.677854,1.7159756,1.6920956,0.45611888,16566.244,9.716728,0.0,0.12866591,1.5766565,1.0
5592,11.904594,1.7458224,1.7370999,0.45611888,16566.244,9.994063,0.0,0.12617968,1.5461905,1.0
5593,11.9578285,1.7515968,1.7357666,0.45145118,16566.244,10.047719,0.0,0.12593186,1.5431538,1.0
5594,12.082982,1.764368,1.7646254,0.45145118,16566.244,10.166389,0.0,0.12556316,1.5386357,1.0
5595,13.268636,1.8567606,1.8171526,0.46243668,16566.244,11.024898,0.0,0.12905896,1.5814729,1.0
5596,13.101314,1.8679482,1.8663983,0.45435756,16566.244,11.128852,0.0,0.122932166,1.5063958,1.0
5597,12.965591,1.8441129,1.8571047,0.4675012,16566.244,10.907375,0.0,0.12560442,1.5391414,1.0
5598,13.18499,1.8720232,1.8880402,0.4685387,16566.244,11.166718,0.0,0.123748556,1.5163999,1.0
5599,13.398784,1.8751602,1.895543,0.4685387,16566.244,11.195867,0.0,0.12748422,1.5621761,1.0
5600,13.556633,1.8984393,1.9138068,0.45435756,16566.244,11.412174,0.0,0.12542029,1.536885,1.0
5601,13.541848,1.8895844,1.9185171,0.45435756,16566.244,11.329896,0.0,0.12712744,1.5578042,1.0
5602,14.0104475,1.91585,1.9608113,0.4734298,16566.244,11.573955,0.0,0.13069102,1.6014719,1.0
5603,14.185146,1.9070107,1.9926245,0.45464092,16566.244,11.491819,0.0,0.13625285,1.6696259,1.0
5604,13.701324,1.8818227,1.976093,0.4734298,16566.244,11.257774,0.0,0.13221574,1.6201557,1.0
5605,13.895185,1.8763071,2.059241,0.47405648,16566.244,11.206523,0.0,0.13754699,1.6854842,1.0
5606,13.397956,1.8526733,1.8660736,0.46107617,16566.244,10.986918,0.0,0.1327734,1.6269891,1.0
5607,14.4209,1.8811136,2.0803397,0.5687161,28162.62,11.251185,1.0628095,0.14729396,1.8049223,1.0
5608,14.4233055,1.8768691,1.9726732,0.5405258,28162.62,11.211745,1.0628095,0.14839524,1.8184173,1.0
5609,14.165197,1.8442461,2.0480156,0.4997263,28162.62,10.908614,1.0628095,0.15121351,1.852952,1.0
5610,13.643663,1.8188076,1.8994899,0.47342977,28162.62,10.672239,1.0628095,0.14652516,1.7955016,1.0
5611,14.227336,1.8532612,2.0619965,0.5688812,28162.62,10.992382,1.0628095,0.1502243,1.8408303,1.0
5612,14.194554,1.8291129,1.9892085,0.58997434,28162.62,10.767996,1.0628095,0.15580301,1.9091913,1.0
5613,13.229304,1.7453963,1.9659585,0.58997434,28162.62,9.990104,1.0628095,0.15720756,1.9264024,1.0
5614,9.951718,1.4739814,1.9307038,0.6202583,28162.62,7.4681253,1.0628095,0.15914705,1.9501687,1.0
5615,12.882803,1.7268342,1.8365098,0.54373425,28162.62,9.817625,1.0628095,0.15440282,1.8920335,1.0
5616,13.195856,1.7251729,1.816236,0.58768374,28162.62,9.802189,1.0628095,0.16233115,1.9891863,1.0
5617,12.241556,1.6955395,1.8897448,0.48407438,28162.62,9.526836,1.0628095,0.14804758,1.8141571,1.0
5618,10.880241,1.6366354,1.6978543,0.46107617,28162.62,8.979502,1.0628095,0.13096155,1.604787,1.0
5619,10.943151,1.6593621,1.6892046,0.44694296,28162.62,9.190677,1.0628095,0.12606613,1.5447991,1.0
5620,10.364781,1.5609078,1.6085953,0.46107617,28162.62,8.275843,1.0628095,0.14046025,1.721183,1.0
5621,10.370427,1.54911,1.5683955,0.46107617,28162.62,8.166219,1.0628095,0.14454147,1.7711937,1.0
5622,10.105721,1.5214756,1.5460433,0.46107617,28162.62,7.9094396,1.0628095,0.14635101,1.7933675,1.0
5623,9.558665,1.4833108,1.4771279,0.46107617,24297.16,7.554814,0.70021516,0.14345115,1.7578331,1.0
5624,9.222216,1.4536152,1.4412163,0.45611888,24297.16,7.278883,0.70021516,0.14385703,1.7628067,1.0
5625,9.006824,1.4298012,1.4019535,0.45611888,24297.16,7.0576043,0.70021516,0.14600323,1.7891059,1.0
5626,8.675881,1.4080726,1.3631802,0.45611888,24297.16,6.855703,0.70021516,0.14351107,1.7585673,1.0
5627,8.457212,1.3983223,1.3467478,0.4675012,24297.16,6.765104,0.70021516,0.13992609,1.7146374,1.0
5628,7.9611526,1.3411686,1.3183709,0.4675012,23744.955,6.2340336,0.6484163,0.14620368,1.7915622,1.0
5629,8.360784,1.3782326,1.2963134,0.4675012,23744.955,6.5784307,0.6484163,0.14477956,1.7741113,1.0
5630,7.98722,1.3313917,1.2705125,0.4675012,23192.75,6.143186,0.5966174,0.15159643,1.8576442,1.0
5631,8.182868,1.3300265,1.2416778,0.4675012,23192.75,6.130501,0.5966174,0.15966482,1.9565134,1.0
5632,7.934016,1.30481,1.2139395,0.4675012,22640.53,5.8961906,0.5448171,0.16219173,1.9874779,1.0
5633,7.348182,1.2549748,1.1268251,0.4800614,16566.244,5.433123,0.0,0.16379152,2.0070815,1.0
5634,4.0835757,0.99015,1.0598139,0.55193037,16566.244,2.972379,0.0,0.1687724,2.0681164,1.0
5635,6.1852164,1.1654099,1.1479554,0.4826955,0.0,4.6008887,0.0,0.16189685,1.9838644,1.0
5636,4.230987,0.99742997,1.0338956,0.55193037,0.0,3.0400245,0.0,0.17295069,2.1193168,1.0
5637,4.7548995,1.040225,1.0409774,0.55193037,16566.244,3.4376748,0.0,0.17094834,2.0947802,1.0
5638,4.579634,1.0145489,1.0052979,0.55193037,16566.244,3.1990929,0.0,0.18222603,2.2329757,1.0
5639,3.799995,0.95247775,0.91683125,0.5240197,16566.244,2.62233,0.0,0.18631792,2.2831173,1.0
5640,2.437563,0.8621844,0.9127234,0.5240197,16566.244,1.7833269,0.0,0.16714537,2.0481791,1.0
5641,2.5526898,0.8660659,0.9001758,0.47892547,16566.244,1.8193938,0.0,0.17558154,2.151555,1.0
5642,2.605646,0.87841505,0.9085054,0.5240197,16566.244,1.9341415,0.0,0.16255718,1.991956,1.0
5643,2.5453331,0.87121046,0.8956738,0.47892547,16566.244,1.8671967,0.0,0.16628774,2.0376697,1.0
5644,2.802437,0.88787967,0.91975373,0.47892547,16566.244,2.0220864,0.0,0.17158733,2.1026103,1.0
5645,3.3750007,0.93973863,0.93095875,0.5170046,16566.244,2.5039582,0.0,0.1627161,1.9939034,1.0
5646,3.0702605,0.9158755,0.90275586,0.48315093,16566.244,2.2822227,0.0,0.16211636,1.9865543,1.0
5647,4.431939,1.0059259,1.0206262,0.50297946,16566.244,3.1189682,0.0,0.17975956,2.2027519,1.0
5648,5.109549,1.0753919,1.0288349,0.54098326,16566.244,3.764444,0.0,0.16492,2.0209098,1.0
5649,5.133767,1.0647358,1.0933952,0.5592438,16566.244,3.665428,0.0,0.17500967,2.1445472,1.0
5650,6.527436,1.1433998,1.1231669,0.6020536,16566.244,4.396372,0.0,0.19462813,2.3849497,1.0
5651,5.08648,1.050758,1.1455007,0.6020536,16566.244,3.5355468,0.0,0.1838878,2.2533388,1.0
5652,5.7318907,1.0955489,1.1609571,0.5373964,16566.244,3.9517422,0.0,0.18663988,2.2870624,1.0
5653,5.2241254,1.0601547,1.1821944,0.5373964,16566.244,3.6228604,0.0,0.18466204,2.2628262,1.0
5654,5.7543135,1.0947025,1.2081652,0.54970133,36997.95,3.9438775,1.891596,0.18863992,2.311571,1.0
5655,5.6956925,1.1269658,1.1434993,0.46039087,36997.95,4.243667,1.891596,0.16138628,1.977608,1.0
5656,6.941128,1.2082404,1.221144,0.50056183,36997.95,4.998868,1.891596,0.17219968,2.110114,1.0
5657,5.16049,1.1579643,1.1495862,0.4251663,36997.95,4.531705,1.891596,0.11395865,1.3964355,1.0
5658,6.0878057,1.1871874,1.2069395,0.45145118,36997.95,4.8032446,1.891596,0.14396286,1.7641034,1.0
5659,6.557172,1.2272041,1.2627954,0.45145112,36997.95,5.1750784,1.891596,0.1438768,1.763049,1.0
5660,7.55767,1.2645284,1.3129885,0.46039087,36997.95,5.5218945,1.891596,0.16756757,2.0533526,1.0
5661,7.607575,1.2981677,1.346162,0.46039087,36997.95,5.83447,1.891596,0.15246524,1.8682905,1.0
5662,7.4268284,1.3221064,1.3843143,0.46039087,36997.95,6.056907,1.891596,0.13434233,1.6462146,1.0
5663,7.634134,1.3449059,1.3989493,0.5141988,36997.95,6.2687593,1.891596,0.132391,1.6223034,1.0
5664,7.673947,1.3689395,1.4480016,0.4507225,36997.95,6.4920793,1.891596,0.12405346,1.5201361,1.0
5665,8.139019,1.4024639,1.4534124,0.5141988,36997.95,6.803587,1.891596,0.12737276,1.5608103,1.0
5666,8.330175,1.42564,1.4682682,0.6062334,36997.95,7.0189385,1.891596,0.12516482,1.5337546,1.0
5667,8.788826,1.4569438,1.4717078,0.64434415,36997.95,7.309812,1.891596,0.1287832,1.5780936,1.0
5668,9.025918,1.4595042,1.3999337,0.6893351,36997.95,7.333604,1.891596,0.13541174,1.659319,1.0
5669,8.822292,1.4116944,1.486318,0.6403374,36997.95,6.8893566,1.891596,0.1470248,1.8016241,1.0
5670,7.7050953,1.3663042,1.4304278,0.5822501,28162.62,6.467592,1.0628095,0.12621988,1.5466832,1.0
5671,9.600949,1.5000819,1.432544,0.56563485,25953.78,7.7106504,0.85561216,0.13876756,1.7004408,1.0
5672,7.2865124,1.2469641,1.2930909,0.74282855,25953.78,5.358688,0.85561216,0.16548856,2.0278766,1.0
5673,6.4283266,1.2207597,1.3889883,0.6929058,25953.78,5.1151977,0.85561216,0.14146219,1.7334605,1.0
5674,5.7131257,1.1438367,1.217768,0.68119454,25953.78,4.4004316,0.85561216,0.15116154,1.8523152,1.0
5675,5.4033775,1.0880613,1.1844169,0.68119454,25953.78,3.8821683,0.85561216,0.17297037,2.1195579,1.0
5676,9.446628,1.3574528,1.3796458,0.6017606,25953.78,6.385345,0.85561216,0.19339028,2.369781,1.0
5677,4.4666257,0.995439,1.046139,0.6956774,23744.955,3.0215244,0.6484163,0.19312109,2.3664825,1.0
5678,5.9819026,1.0924388,1.16265,0.73383516,23744.955,3.9228437,0.6484163,0.20399123,2.4996839,1.0
5679,7.603039,1.1884049,1.1417325,0.712846,22640.53,4.8145576,0.5448171,0.21664909,2.6547916,1.0
5680,4.0655613,0.95610976,1.165594,0.55180913,22640.53,2.6560783,0.5448171,0.2053375,2.5161808,1.0
5681,7.597427,1.1924771,1.1292295,0.64606935,22640.53,4.8523965,0.5448171,0.21350816,2.6163032,1.0
5682,4.5629687,0.9740195,1.0163549,0.7077473,5.1068583,2.8224952,0.0,0.22538485,2.7618387,1.0
5683,6.308493,1.0777864,1.146634,0.5432048,2.2161837,3.7866943,0.0,0.23688436,2.9027522,1.0
5684,5.7824483,1.0465186,1.2331542,0.5331219,5.1068583,3.496154,0.0,0.23408224,2.8684154,1.0
5685,6.954852,1.1105454,1.2511041,0.5055868,2.1198282,4.0910892,0.0,0.2541905,3.1148198,1.0
5686,7.4004035,1.1387514,1.2715414,0.5114871,2.2161837,4.3531785,0.0,0.3455073,4.2338047,1.0
5687,6.9197664,1.1083243,0.99554044,0.5337246,5.1068583,4.070451,0.0,0.45770353,5.6086435,1.0
5688,6.8176084,1.1018571,1.1749774,0.4454173,16566.244,4.010358,0.0,0.32875833,4.028565,1.0
5689,2.3263702,0.9149509,0.8540064,0.5968375,16566.244,2.2736316,0.0,0.087015174,1.0662735,1.0
5690,2.5729334,0.9384082,0.8657428,0.7284754,16566.244,2.491596,0.0,0.08921835,1.0932708,1.0
5691,2.680261,0.95436436,0.9878985,0.6886288,16566.244,2.6398602,0.0,0.08517514,1.0437258,1.0
5692,2.7391539,0.96505034,0.9935604,0.6938963,16566.244,2.7391539,0.0,0.06973787,0.85455936,0.0
5693,2.779158,0.96421593,0.96430355,0.70329607,16566.244,2.7314007,0.0,0.08568356,1.049956,1.0
5694,2.8637018,0.9771073,0.936517,0.6307396,16566.244,2.8511868,0.0,0.08263027,1.0125413,1.0
5695,2.584859,0.9413515,0.9663337,0.5688528,16566.244,2.5189447,0.0,0.08770806,1.074764,1.0
5696,3.335158,1.014518,0.8859609,0.6923581,16566.244,3.198806,0.0,0.091545574,1.1217884,1.0
5697,2.63125,0.93827945,0.84446293,0.6674519,16566.244,2.4903996,0.0,0.094793834,1.1615921,1.0
5698,3.126536,0.97931033,0.8802405,0.5623786,16566.244,2.8716574,0.0,0.1023015,1.2535902,1.0
5699,2.7817333,0.9495549,0.87827015,0.6203674,16566.244,2.595171,0.0,0.09836843,1.2053949,1.0
5700,3.613468,1.0283928,0.87559307,0.6307396,16566.244,3.32773,0.0,0.10162746,1.2453306,1.0
5701,2.7222087,0.93306434,0.8680657,0.6192799,16566.244,2.441941,0.0,0.108367465,1.3279217,1.0
5702,2.5663958,0.9205903,0.932163,0.6249093,16566.244,2.3260324,0.0,0.105700925,1.2952464,1.0
5703,3.4191651,0.9980935,0.9310153,0.6249093,16566.244,3.0461898,0.0,0.110155195,1.3498284,1.0
5704,2.9150558,0.9618366,0.93099093,0.73614603,28162.62,2.7092917,1.0628095,0.09931492,1.216993,1.0
5705,3.1407802,0.96553516,0.8525194,0.621322,28162.62,2.7436588,1.0628095,0.11535509,1.4135473,1.0
5706,1.8267521,0.85517395,0.87826705,0.62891746,28162.62,1.7181859,1.0628095,0.09633952,1.1805328,1.0
5707,0.85024756,0.6750873,0.7913785,0.65318906,28162.62,0.044826236,1.0628095,0.10177518,1.2471406,1.0
5708,3.051503,0.9647081,0.7729281,0.5786185,28162.62,2.7359738,1.0628095,0.108496495,1.3295029,1.0
5709,2.7461724,0.94266087,0.8217082,0.6731725,28162.62,2.5311117,1.0628095,0.10141789,1.2427626,1.0
5710,1.301476,0.7971285,0.8287035,0.66702,28162.62,1.1788294,1.0628095,0.10586524,1.2972598,1.0
5711,1.1944431,0.79221016,0.8749385,0.66702,28162.62,1.1331284,1.0628095,0.09422347,1.154603,1.0
5712,2.2992404,0.9177069,0.9099264,0.60725284,28162.62,2.2992404,1.0628095,0.0811304,0.9941621,0.0
5713,3.9417186,1.0944701,1.0857899,0.6563117,28162.62,3.9417186,1.0628095,0.07759874,0.9508856,0.0
5714,4.0538044,1.1065328,1.218835,0.6527768,28162.62,4.0538044,1.0628095,0.080065906,0.9811179,0.0
5715,8.3380575,1.3874011,1.4417166,0.6035701,28162.62,6.663624,1.0628095,0.14019577,1.717942,1.0
5716,3.4886866,1.0316917,1.3467478,0.6587201,28162.62,3.3583832,1.0628095,0.090653375,1.1108555,1.0
5717,8.584222,1.5585628,1.5723461,0.4240323,28162.62,8.254052,1.0628095,0.09093351,1.1142882,1.0
5718,9.317636,1.6033164,1.5420802,0.6312877,28162.62,8.669902,1.0628095,0.099026516,1.2134589,1.0
5719,9.296465,1.5833272,1.5696808,0.63881004,28162.62,8.484163,1.0628095,0.10393054,1.2735523,1.0
5720,8.790867,1.580885,1.5960546,0.6281881,28162.62,8.461471,1.0628095,0.09068358,1.1112256,1.0
5721,8.148474,1.4860492,1.5456773,0.66419065,24297.16,7.580259,0.70021516,0.09908462,1.2141709,1.0
5722,7.6014986,1.4856026,1.5611621,0.6502164,24297.16,7.5761094,0.70021516,0.08238818,1.0095748,1.0
5723,9.676317,1.5995224,1.6169391,0.5103698,24297.16,8.634648,0.70021516,0.1097351,1.3446807,1.0
5724,9.18791,1.642153,1.5850228,0.45145118,24297.16,9.03077,0.70021516,0.08566395,1.0497156,1.0
5725,9.396747,1.6122588,1.5688087,0.45145118,23744.955,8.752995,0.6484163,0.09875511,1.2101331,1.0
5726,8.89037,1.5621338,1.5603849,0.45145118,23744.955,8.287234,0.6484163,0.09857612,1.2079399,1.0
5727,9.0446205,1.5615114,1.5573585,0.43366942,7.6121106,8.281451,0.0,0.10309365,1.2632971,1.0
5728,8.33262,1.47502,1.4792258,0.43366942,0.89932126,7.4777765,0.0,0.108261414,1.3266222,1.0
5729,6.82287,1.2784417,1.4623784,0.76215804,0.88910145,5.6511765,0.0,0.12994981,1.5923892,1.0
5730,6.851799,1.3207319,1.3367779,0.45145118,0.88910145,6.0441356,0.0,0.11276375,1.3817933,1.0
5731,5.9130526,1.2321215,1.2347801,0.45145118,0.88910145,5.2207704,0.0,0.11252447,1.3788613,1.0
5732,4.368461,1.0900862,1.1473694,0.45145118,0.88910145,3.9009833,0.0,0.109548025,1.3423883,1.0
5733,3.814768,1.0421002,1.1024457,0.45145118,0.88910145,3.4550986,0.0,0.105878584,1.2974234,1.0
5734,3.8789437,1.0702065,1.0627581,0.45145118,0.88910145,3.7162619,0.0,0.09181365,1.1250734,1.0
5735,3.664956,1.0562724,1.0596184,0.45145118,0.67449075,3.5867863,0.0,0.086688325,1.0622683,1.0
5736,3.5475852,1.0520536,1.0172888,0.45145118,2.2161837,3.5475852,0.0,0.07575978,0.9283512,0.0
5737,2.970208,0.9899163,0.95417494,0.43651754,5.1068583,2.970208,0.0,0.069962844,0.8573162,0.0
5738,2.7148595,0.9624358,0.904552,0.42813364,16566.244,2.7148595,0.0,0.07002056,0.8580234,0.0
5739,2.6331537,0.9536426,0.9101884,0.42813364,16566.244,2.6331537,0.0,0.06909113,0.84663427,0.0
5740,2.7542932,0.96667963,0.9449655,0.40582636,16566.244,2.7542932,0.0,0.073509715,0.9007791,0.0
5741,2.5389009,0.94349915,0.9169727,0.40582636,16566.244,2.5389009,0.0,0.07189015,0.8809332,0.0
5742,2.0812714,0.89424914,0.8984276,0.4058264,16566.244,2.0812714,0.0,0.07082915,0.86793184,0.0
5743,1.757849,0.8594425,0.77349913,0.4469429,16566.244,1.757849,0.0,0.069111265,0.8468811,0.0
5744,1.779219,0.8617423,0.8199133,0.42421997,16566.244,1.779219,0.0,0.070648946,0.8657236,0.0
5745,1.2787607,0.8078831,0.7012961,0.59544605,16566.244,1.2787607,0.0,0.08094771,0.99192345,0.0
5746,1.228773,0.8025034,0.75636995,0.42716226,16566.244,1.228773,0.0,0.070630334,0.86549556,0.0
5747,1.1814597,0.7965913,0.7538143,0.5981054,16566.244,1.1738377,0.0,0.08312079,1.0185522,1.0
5748,1.0051633,0.7768243,0.7234642,0.41541904,16566.244,0.99016345,0.0,0.08513897,1.0432826,1.0
5749,0.93676585,0.77018076,0.65657985,0.41541904,16566.244,0.9284319,0.0,0.08369975,1.0256466,1.0
5750,0.8275009,0.75742155,0.6778231,0.41541904,16566.244,0.80987376,0.0,0.086681634,1.0621862,1.0
5751,0.65370536,0.7390056,0.676745,0.41541904,16566.244,0.63875353,0.0,0.08706463,1.0668794,1.0
5752,1.0092616,0.7784971,0.713091,0.41541904,16566.244,1.0057071,0.0,0.0824309,1.0100982,1.0
5753,0.7361749,0.7485187,0.702029,0.41541904,16566.244,0.7271488,0.0,0.084501065,1.0354658,1.0
5754,1.3316202,0.8135718,0.72386086,0.41541904,16566.244,1.3316202,0.0,0.0756334,0.9268025,0.0
5755,0.0,0.50571775,0.70043486,0.5981054,16566.244,0.0,0.0,0.09667491,1.1846427,1.0
5756,1.1165115,0.79042184,0.7823293,0.41541904,16566.244,1.1165115,0.0,0.07883122,0.9659882,0.0
5757,1.2274525,0.8023613,0.8087771,0.41541904,16566.244,1.2274525,0.0,0.07869664,0.9643391,0.0
5758,1.0811967,0.7866213,0.7906913,0.43471113,16566.244,1.0811967,0.0,0.07439594,0.91163886,0.0
5759,1.6013452,0.8425996,0.8069438,0.43471113,16566.244,1.6013452,0.0,0.070468076,0.8635073,0.0
5760,1.546309,0.8307166,0.8603628,0.5981054,16566.244,1.4909291,0.0,0.090267524,1.1061273,1.0
5761,2.4530582,0.9342608,0.89778596,0.41541904,16566.244,2.4530582,0.0,0.075556576,0.9258611,0.0
5762,1.9394143,0.87533885,0.8478088,0.6210051,16566.244,1.9055576,0.0,0.085749485,1.0507638,1.0
5763,1.2001425,0.7994222,0.90030366,0.4399823,16566.244,1.2001425,0.0,0.0681603,0.8352281,0.0
5764,0.7540058,0.75140905,0.820062,0.41781086,16566.244,0.7540058,0.0,0.06273547,0.7687528,0.0
5765,2.3108273,0.9189539,0.8390003,0.58358186,16566.244,2.3108273,0.0,0.070352435,0.86209023,0.0
5766,1.222911,0.80187255,0.9529577,0.4349521,16566.244,1.222911,0.0,0.06395728,0.7837248,0.0
5767,1.9977561,0.88526124,0.84501135,0.57393223,16566.244,1.9977561,0.0,0.06869371,0.84176445,0.0
5768,1.9904326,0.8844731,0.9332129,0.4209403,16566.244,1.9904326,0.0,0.059014622,0.72315806,0.0
5769,2.339528,0.92204267,0.8600306,0.4874584,16566.244,2.339528,0.0,0.056874827,0.69693726,0.0
5770,2.9159982,0.9840823,0.99279386,0.43523887,16566.244,2.9159982,0.0,0.053424843,0.65466154,0.0
5771,2.7152855,0.9624816,0.98777246,0.45302117,16566.244,2.7152855,0.0,0.06424985,0.7873099,0.0
5772,3.3042536,1.0258663,1.0813454,0.5467335,16566.244,3.3042536,0.0,0.053235814,0.65234524,0.0
5773,2.4059627,0.92919236,0.97313726,0.6455786,16566.244,2.4059627,0.0,0.050194997,0.6150834,0.0
5774,3.8065732,1.0768557,1.1290915,0.6285201,16566.244,3.7780454,0.0,0.08336741,1.0215741,1.0
5775,3.9135258,1.091436,1.1702805,0.5829576,16566.244,3.9135258,0.0,0.06727443,0.8243727,0.0
5776,2.807916,0.9724505,0.9928235,0.5086571,16566.244,2.807916,0.0,0.052689712,0.64565337,0.0
5777,3.6793349,1.0662324,1.1503431,0.6222699,16566.244,3.6793349,0.0,0.06724001,0.8239509,0.0
5778,3.968332,1.0973343,1.1856505,0.67078483,16566.244,3.968332,0.0,0.061714046,0.75623643,0.0
5779,4.4609723,1.1503521,1.2026558,0.672931,16566.244,4.4609723,0.0,0.055858262,0.68448037,0.0
5780,3.598487,1.0575316,1.1852312,0.5989976,16566.244,3.598487,0.0,0.06727792,0.8244155,0.0
5781,4.799389,1.1867725,1.2452238,0.60429126,16566.244,4.799389,0.0,0.06519396,0.79887885,0.0
5782,4.291284,1.1320903,1.2692527,0.6658081,16566.244,4.291284,0.0,0.068134576,0.83491284,0.0
5783,4.3976235,1.1435345,1.2470257,0.67293096,16566.244,4.3976235,0.0,0.058275655,0.7141028,0.0
5784,5.952492,1.3108692,1.3080376,0.6440758,16566.244,5.952492,0.0,0.06369399,0.78049845,0.0
5785,4.647032,1.1703758,1.2944769,0.7050199,16566.244,4.647032,0.0,0.060650952,0.7432094,0.0
5786,5.0625196,1.2150905,1.299862,0.7246492,16566.244,5.0625196,0.0,0.061420143,0.752635,0.0
5787,4.4793367,1.1523285,1.2566953,0.73873717,16566.244,4.4793367,0.0,0.057225183,0.70123047,0.0
5788,6.4792128,1.3675548,1.3063151,0.7131079,16566.244,6.4792128,0.0,0.057056203,0.6991598,0.0
5789,5.4737744,1.2593497,1.2922992,0.6584919,16566.244,5.4737744,0.0,0.055730503,0.68291485,0.0
5790,6.6256557,1.383315,1.3908813,0.7218475,16566.244,6.6256557,0.0,0.052684076,0.6455843,0.0
5791,5.1148024,1.2207172,1.3119628,0.5758744,16566.244,5.1148024,0.0,0.04832492,0.59216774,0.0
5792,4.421473,1.1461012,1.33849,0.65503865,16566.244,4.421473,0.0,0.041426916,0.5076404,0.0
5793,4.352702,1.1387001,1.3372539,0.6156887,16566.244,4.352702,0.0,0.04683772,0.57394373,0.0
5794,5.239939,1.2341844,1.3043717,0.5705019,16566.244,5.239939,0.0,0.060019325,0.7354695,0.0
5795,4.885141,1.196001,1.306212,0.5705019,28714.828,4.885141,1.1146086,0.057142448,0.70021665,0.0
5796,3.851988,1.0848134,1.2979902,0.62552065,28714.828,3.851988,1.1146086,0.04379012,0.53659886,0.0
5797,7.233933,1.4487777,1.5505809,0.6319443,28714.828,7.233933,1.1146086,0.04092001,0.50142884,0.0
5798,4.4192147,1.1458582,1.1472582,0.64599895,28714.828,4.4192147,1.1146086,0.058639262,0.71855843,0.0
5799,3.5489056,1.0521957,1.094756,0.5705019,28714.828,3.5489056,1.1146086,0.03995138,0.48955938,0.0
5800,3.8124037,1.0805533,1.3799582,0.7019538,28714.828,3.8124037,1.1146086,0.05167923,0.63327104,0.0
5801,3.3929152,1.035408,1.0937939,0.6156887,28714.828,3.3929152,1.1146086,0.053172037,0.6515637,0.0
5802,4.5401874,1.1588773,1.2764864,0.6667515,28714.828,4.5401874,1.1146086,0.057202466,0.7009521,0.0
5803,3.1726525,1.0117034,1.0277878,0.67023814,28714.828,3.1726525,1.1146086,0.06098164,0.74726164,0.0
5804,3.2590876,1.0210055,0.97772926,0.5830885,28714.828,3.2590876,1.1146086,0.06769124,0.82948023,0.0
5805,3.2621005,1.0213298,0.9936722,0.5830885,28714.828,3.2621005,1.1146086,0.06672826,0.81768,0.0
5806,3.275674,1.0227906,1.0388962,0.5830885,28714.828,3.275674,1.1146086,0.06334191,0.7761841,0.0
5807,3.2982888,1.0252243,1.0408628,0.6451914,28714.828,3.2982888,1.1146086,0.06298813,0.7718489,0.0
5808,3.0354745,0.9969403,1.2525222,0.7213961,28714.828,3.0354745,1.1146086,0.057620905,0.7060796,0.0
5809,3.4698775,1.0436907,1.0769479,0.6203331,28714.828,3.4698775,1.1146086,0.060080282,0.7362165,0.0
5810,3.8032708,1.0795704,1.1834091,0.5830885,28714.828,3.8032708,1.1146086,0.06450169,0.79039586,0.0
5811,5.5176907,1.249129,1.2807446,0.6845228,24297.16,5.378804,0.70021516,0.08762733,1.0737747,1.0
5812,5.3984,1.2387551,1.2121831,0.6773224,24297.16,5.28241,0.70021516,0.08672654,1.0627365,1.0
5813,5.298569,1.2404941,1.0951792,0.75731176,24297.16,5.298569,0.70021516,0.0614917,0.75351185,0.0
5814,2.666695,0.9572523,0.9918476,0.8681614,24297.16,2.666695,0.70021516,0.06789484,0.8319751,0.0
5815,1.0703945,0.78545874,0.93515724,0.8681614,24297.16,1.0703945,0.70021516,0.07775856,0.95284396,0.0
5816,3.4711664,1.0375501,1.0525593,0.8021038,24297.16,3.4128194,0.70021516,0.08559306,1.048847,1.0
5817,2.433491,0.93215495,1.1684457,0.762964,24297.16,2.433491,0.70021516,0.06612083,0.8102367,0.0
5818,1.8527026,0.8696506,0.8768254,0.68347853,23744.955,1.8527026,0.6484163,0.06148232,0.7533969,0.0
5819,1.4101088,0.82201874,0.91953385,0.6691002,23744.955,1.4101088,0.6484163,0.06960293,0.85290587,0.0
5820,2.9591134,0.9887223,0.9726289,0.6830791,23192.75,2.9591134,0.5966174,0.080836765,0.9905639,0.0
5821,2.5002875,0.9393436,0.85054713,0.74471617,23192.75,2.5002875,0.5966174,0.075548425,0.9257613,0.0
5822,1.7261127,0.8492064,0.7094604,0.6060916,16566.244,1.6627356,0.0,0.0904941,1.1089036,1.0
5823,1.7180398,0.8551582,0.7836848,0.5325901,16566.244,1.7180398,0.0,0.055696987,0.6825041,0.0
5824,1.8744727,0.869962,0.7628855,0.7756399,16566.244,1.8555958,0.0,0.08397876,1.0290655,1.0
5825,1.5632674,0.83850163,0.6834351,0.5365704,16566.244,1.5632674,0.0,0.07040146,0.862691,0.0
5826,1.5301795,0.83494073,0.7845538,0.37536412,16566.244,1.5301795,0.0,0.05038415,0.61740124,0.0
5827,1.6382058,0.8465665,0.76516056,0.451284,16566.244,1.6382058,0.0,0.062450323,0.76525867,0.0
5828,0.8842994,0.7654312,0.86715215,0.5740677,0.0,0.8842994,0.0,0.07135544,0.8743809,0.0
5829,2.3709714,0.9254266,0.8138909,0.549117,0.0,2.3709714,0.0,0.06345978,0.7776284,0.0
5830,1.9329679,0.87828875,0.8073539,0.68572104,0.0,1.9329679,0.0,0.06191005,0.75863826,0.0
5831,2.9160933,0.98409253,0.87260294,0.70045894,0.0,2.9160933,0.0,0.05538796,0.6787173,0.0
5832,2.6221483,0.9524582,0.83245814,0.5858643,0.0,2.6221483,0.0,0.042661544,0.5227694,0.0
5833,0.0,0.6585537,0.82586426,0.57196397,0.0,0.0,0.0,0.05040759,0.6176885,0.0
5834,0.0,0.5786137,0.7406357,0.59810895,16014.038,0.0,0.0,0.04525266,0.5545206,0.0
5835,0.20221886,0.69202584,1.0784373,0.64323914,16014.038,0.20221886,0.0,0.05968178,0.7313333,0.0
5836,0.048693176,0.67550343,1.0573227,0.59752005,16014.038,0.048693176,0.0,0.058371183,0.7152734,0.0
5837,0.0,0.59971905,1.0326333,0.59752005,16566.244,0.0,0.0,0.058247697,0.7137602,0.0
5838,0.6825549,0.7437195,1.0503792,0.5975201,16566.244,0.6825549,0.0,0.06309917,0.7732096,0.0
5839,3.7832704,1.077418,1.1362827,0.58498687,16566.244,3.7832704,0.0,0.06940807,0.85051805,0.0
5840,3.2244513,1.017278,0.9324668,0.5713914,16566.244,3.2244513,0.0,0.052952137,0.6488691,0.0
5841,2.572927,0.947161,0.9487172,0.6053693,16566.244,2.572927,0.0,0.059321713,0.7269211,0.0
5842,2.4360719,0.9324327,0.94481623,0.62377506,16566.244,2.4360719,0.0,0.060225196,0.7379923,0.0
5843,2.45934,0.9349368,0.92469877,0.49618432,16566.244,2.45934,0.0,0.05053956,0.6193057,0.0
5844,3.1495106,1.0092129,1.1212823,0.6211391,16566.244,3.1495106,0.0,0.066611454,0.8162487,0.0
5845,3.1897473,1.0135431,1.1101393,0.6457611,16566.244,3.1897473,0.0,0.06769485,0.8295245,0.0
5846,3.5235848,1.0494707,1.1274097,0.66481245,16566.244,3.5235848,0.0,0.061323483,0.75145054,0.0
5847,4.0123315,1.1020695,1.2439259,0.646112,16566.244,4.0123315,0.0,0.053931028,0.6608643,0.0
5848,3.4497354,1.041523,1.2440176,0.6352157,16566.244,3.4497354,0.0,0.048215233,0.59082365,0.0
5849,3.7242594,1.0710672,1.2820058,0.6148374,16566.244,3.7242594,0.0,0.03916933,0.47997624,0.0
5850,4.0594726,1.1071428,1.2286286,0.63055074,16566.244,4.0594726,0.0,0.040245783,0.49316695,0.0
5851,4.231465,1.1256526,1.1484795,0.67100775,16566.244,4.231465,0.0,0.0412323,0.5052556,0.0
5852,4.178535,1.1199563,1.1430569,0.67100775,16566.244,4.178535,0.0,0.044456307,0.5447622,0.0
5853,3.939767,1.0942601,1.0654037,0.74001414,16566.244,3.939767,0.0,0.045156546,0.5533428,0.0
5854,3.917446,1.0918579,1.0235015,0.74840623,16566.244,3.917446,0.0,0.04391842,0.538171,0.0
5855,4.0310082,1.1040795,1.1075639,0.67936474,16566.244,4.0310082,0.0,0.04381623,0.5369188,0.0
5856,3.4390063,1.0403683,1.0715003,0.724482,28162.62,3.4390063,1.0628095,0.048268054,0.5914709,0.0
5857,2.0564802,0.8915811,1.057441,0.6523404,28162.62,2.0564802,1.0628095,0.04724904,0.578984,0.0
5858,2.0498013,0.89086235,1.0267138,0.6881626,28162.62,2.0498013,1.0628095,0.04507931,0.5523964,0.0
5859,1.9903318,0.88446224,0.8928229,0.7016012,28162.62,1.9903318,1.0628095,0.04831685,0.59206885,0.0
5860,1.827434,0.8669312,0.9266224,0.69153017,28162.62,1.827434,1.0628095,0.04508939,0.5525199,0.0
5861,2.1364167,0.90018386,0.9266168,0.69153017,28162.62,2.1364167,1.0628095,0.04608389,0.5647064,0.0
5862,1.4763614,0.8291488,0.9372223,0.6878243,28162.62,1.4763614,1.0628095,0.043824177,0.53701615,0.0
5863,3.424554,1.038813,1.1954845,0.6608283,28162.62,3.424554,1.0628095,0.044301685,0.5428675,0.0
5864,0.85024756,0.75097173,0.9371544,0.6888906,28162.62,0.74994224,1.0628095,0.044332147,0.5432407,0.0
5865,4.051043,1.1062356,1.0719506,0.6989572,28162.62,4.051043,1.0628095,0.042333316,0.5187473,0.0
5866,3.4263575,1.0390071,0.92862284,0.6738913,28162.62,3.4263575,1.0628095,0.04594092,0.5629545,0.0
5867,3.4172733,1.0380294,1.0326575,0.66082823,28162.62,3.4172733,1.0628095,0.044126023,0.5407149,0.0
5868,3.5879128,1.0563936,1.0226567,0.6608283,28162.62,3.5879128,1.0628095,0.04333049,0.5309666,0.0
5869,3.5736823,1.0548621,0.95854425,0.67936474,28162.62,3.5736823,1.0628095,0.043517873,0.5332627,0.0
5870,1.5646691,0.8386525,0.92492104,0.6901438,28162.62,1.5646691,1.0628095,0.05064506,0.62059844,0.0
5871,1.4756569,0.829073,0.94757426,0.7132074,28162.62,1.4756569,1.0628095,0.04969398,0.608944,0.0
5872,2.3034213,0.91815686,1.0873594,0.68259114,24297.16,2.3034213,0.70021516,0.046408877,0.56868875,0.0
5873,3.4658499,1.0432572,1.1527696,0.6629129,24297.16,3.4658499,0.70021516,0.047773723,0.5854134,0.0
5874,4.664428,1.172248,1.1163568,0.67667055,24297.16,4.664428,0.70021516,0.04626928,0.56697816,0.0
5875,4.306195,1.133695,1.2890594,0.63826746,23744.955,4.306195,0.6484163,0.04197119,0.5143099,0.0
5876,3.8127925,1.0805951,1.3116597,0.67468876,23744.955,3.8127925,0.6484163,0.04138232,0.50709397,0.0
5877,1.5506911,0.8371482,0.8360861,0.7064881,23744.955,1.5506911,0.6484163,0.048929717,0.59957886,0.0
5878,1.4112238,0.8221387,0.76418996,0.5660856,23744.955,1.4112238,0.6484163,0.04549221,0.557456,0.0
5879,2.322633,0.9202244,0.89548653,0.4716567,23744.955,2.322633,0.6484163,0.042369958,0.51919633,0.0
5880,2.9779894,0.99075377,0.93046004,0.5227014,23192.75,2.9779894,0.5966174,0.042195797,0.5170622,0.0
5881,1.769066,0.86064965,0.804929,0.6192463,23192.75,1.769066,0.5966174,0.043565057,0.53384095,0.0
5882,2.4477026,0.9336844,0.80718666,0.6438203,16566.244,2.4477026,0.0,0.040846385,0.50052667,0.0
5883,0.6989288,0.74548167,0.72337955,0.5290153,16566.244,0.6989288,0.0,0.042667113,0.52283764,0.0
5884,1.8118958,0.865259,0.8483073,0.6526392,16566.244,1.8118958,0.0,0.053379815,0.6541098,0.0
5885,1.629233,0.84560084,0.7823734,0.4247386,16566.244,1.629233,0.0,0.04004731,0.49073488,0.0
5886,1.6947738,0.85265434,0.8186902,0.40091345,16566.244,1.6947738,0.0,0.038773116,0.47512105,0.0
5887,2.0782857,0.8939278,0.8697095,0.40091345,16566.244,2.0782857,0.0,0.037935387,0.46485564,0.0
5888,2.2415252,0.9114956,0.86466575,0.55561304,16566.244,2.2415252,0.0,0.04144573,0.5078709,0.0
5889,2.3448858,0.9226193,0.88592786,0.4044858,28714.828,2.3448858,1.1146086,0.044890773,0.5500861,0.0
5890,2.048578,0.8907307,0.7645437,0.6870706,28714.828,2.048578,1.1146086,0.048395228,0.59302926,0.0
5891,2.0352967,0.88930136,0.83570814,0.7153662,28714.828,2.0352967,1.1146086,0.055456214,0.67955375,0.0
5892,1.7124287,0.85455436,0.7496995,0.6174604,28714.828,1.7124287,1.1146086,0.042271134,0.51798534,0.0
5893,1.680375,0.85110474,0.8012401,0.510717,28714.828,1.680375,1.1146086,0.03715186,0.45525438,0.0
5894,1.5847017,0.8408084,0.6983488,0.5896174,28714.828,1.5847017,1.1146086,0.036534473,0.447689,0.0
5895,1.5007621,0.83177483,0.7569915,0.6651593,28714.828,1.5007621,1.1146086,0.039458096,0.48351473,0.0
5896,1.5760285,0.839875,0.7316574,0.66650754,28714.828,1.5760285,1.1146086,0.040311735,0.49397513,0.0
5897,0.8916869,0.75009006,0.7354074,0.6790133,28714.828,0.7417498,1.1146086,0.042145494,0.51644576,0.0
5898,2.5206978,0.9415401,0.9193607,0.6184147,28714.828,2.5206978,1.1146086,0.040652927,0.49815604,0.0
5899,1.1345103,0.7923589,0.83946174,0.6057883,28714.828,1.1345103,1.1146086,0.035417832,0.43400583,0.0
5900,3.4346719,1.0399019,1.1341388,0.5816116,28714.828,3.4346719,1.1146086,0.040500384,0.4962868,0.0
5901,0.8916869,0.56382465,0.99705493,0.6057883,28714.828,0.0,1.1146086,0.03330663,0.40813538,0.0
5902,2.192537,0.90622354,1.1700649,0.5679998,28714.828,2.192537,1.1146086,0.032753278,0.4013547,0.0
5903,4.9330606,1.2011582,1.3277187,0.47887602,28714.828,4.9330606,1.1146086,0.033292342,0.40796033,0.0
5904,4.2676725,1.1295493,1.2033405,0.5585719,28714.828,4.2676725,1.1146086,0.03900609,0.47797593,0.0
5905,3.577329,1.0552546,1.3578346,0.6528934,24297.16,3.577329,0.70021516,0.037967786,0.46525267,0.0
5906,3.8192868,1.0812941,1.1729541,0.83080125,24297.16,3.8192868,0.70021516,0.04409549,0.5403408,0.0
5907,5.555069,1.2680986,1.1815437,0.66480386,24297.16,5.555069,0.70021516,0.05055276,0.6194674,0.0
5908,5.004975,1.2088976,1.1735078,0.81948555,24297.16,5.004975,0.70021516,0.052906528,0.6483102,0.0
5909,1.9649879,0.8817347,1.3500255,0.6528934,24297.16,1.9649879,0.70021516,0.052099664,0.63842297,0.0
5910,2.029967,0.8887278,1.1982054,0.61425054,24297.16,2.029967,0.70021516,0.04345057,0.53243804,0.0
5911,0.5483877,0.7292805,1.1534024,0.66055185,23744.955,0.5483877,0.6484163,0.054841883,0.6720258,0.0
5912,2.1737242,0.9041989,1.1140066,0.6526716,23744.955,2.1737242,0.6484163,0.048353247,0.5925148,0.0
5913,3.044782,0.997942,1.1024262,0.7276665,23192.75,3.044782,0.5966174,0.05980496,0.73284274,0.0
5914,3.857962,1.0854563,1.0244411,0.6933217,23192.75,3.857962,0.5966174,0.06844245,0.83868545,0.0
5915,2.2106524,0.9081731,1.2995447,0.55628645,23192.75,2.2106524,0.5966174,0.0375899,0.46062207,0.0
5916,4.4271045,1.1467073,1.150536,0.70279807,5.1068583,4.4271045,0.0,0.053661484,0.6575613,0.0
5917,2.6529365,0.9557716,0.9850812,0.50416833,5.1068583,2.6529365,0.0,0.039896373,0.4888853,0.0
5918,2.9694302,0.98983264,0.91823375,0.6251024,5.1068583,2.9694302,0.0,0.05643451,0.6915416,0.0
5919,2.8723247,0.97938216,0.9915992,0.6518844,5.1068583,2.8723247,0.0,0.04785732,0.5864378,0.0
5920,2.2065256,0.90772897,0.86909395,0.6550556,2.2161837,2.2065256,0.0,0.03772797,0.46231398,0.0
5921,3.1078782,1.0047324,0.9012946,0.6358538,2.2161837,3.1078782,0.0,0.04248785,0.52064097,0.0
5922,2.232332,0.91050625,0.83363247,0.5945578,5.1068583,2.232332,0.0,0.054570425,0.6686994,0.0
5923,2.6686401,0.95746166,0.8663797,0.5207993,5.1068583,2.6686401,0.0,0.036595676,0.44843897,0.0
5924,2.9717093,0.9900779,0.8413052,0.5442155,5.1068583,2.9717093,0.0,0.037442688,0.45881817,0.0
5925,2.3974762,0.92827904,0.861717,0.59789294,5.1068583,2.3974762,0.0,0.047506694,0.5821413,0.0
5926,2.7288873,0.96394545,0.8484277,0.4794835,2.2161837,2.7288873,0.0,0.04024889,0.493205,0.0
5927,3.583984,1.0559708,1.0240182,0.5955145,2.2161837,3.583984,0.0,0.04242257,0.519841,0.0
5928,2.5987976,0.9499452,0.88842165,0.5242395,5.1068583,2.5987976,0.0,0.030845305,0.37797463,0.0
5929,2.2150798,0.90864956,0.8426145,0.50074387,0.67449075,2.2150798,0.0,0.030387744,0.37236774,0.0
5930,2.0953608,0.8957654,0.8238023,0.56065893,0.67449075,2.0953608,0.0,0.032500815,0.39826104,0.0
5931,1.8857117,0.87320304,0.77393,0.48173466,0.67449075,1.8857117,0.0,0.029130317,0.35695937,0.0
5932,1.8980995,0.8745362,0.7819943,0.45991072,0.67449075,1.8980995,0.0,0.029520782,0.36174408,0.0
5933,2.0252106,0.8882159,0.7927739,0.4352972,0.67449075,2.0252106,0.0,0.03432391,0.420601,0.0
5934,2.5798101,0.9479018,1.0754932,0.5276655,0.67449075,2.5798101,0.0,0.03924506,0.48090422,0.0
5935,2.777016,0.96912503,0.8604074,0.4995627,0.67449075,2.777016,0.0,0.04929487,0.6040534,0.0
5936,2.4980605,0.9391039,1.0136225,0.55794835,0.0,2.4980605,0.0,0.047508948,0.5821689,0.0
5937,3.3329206,1.0289514,0.9829343,0.5512863,0.0,3.3329206,0.0,0.033844538,0.41472688,0.0
5938,3.7603223,1.0749483,1.3208036,0.53654414,0.0,3.7603223,0.0,0.029945325,0.3669464,0.0
5939,4.130315,1.1147668,1.2580533,0.5990761,0.0,4.130315,0.0,0.029108698,0.35669446,0.0
5940,4.643628,1.1700095,1.3075116,0.5990761,16566.244,4.643628,0.0,0.03057222,0.37462828,0.0
5941,5.105277,1.2196921,1.4859346,0.5815653,16566.244,5.105277,0.0,0.027772782,0.3403243,0.0
5942,5.4566317,1.2575048,1.4994197,0.5815653,16566.244,5.4566317,0.0,0.02939208,0.360167,0.0
5943,6.098344,1.3265657,1.607354,0.5808644,16566.244,6.098344,0.0,0.024137594,0.29577914,0.0
5944,6.4018717,1.3592314,1.4501802,0.62550175,16566.244,6.4018717,0.0,0.0333744,0.40896586,0.0
5945,7.448343,1.4718524,1.711928,0.63879246,16566.244,7.448343,0.0,0.035372976,0.43345615,0.0
5946,7.620877,1.4904205,1.5104436,0.6449443,16566.244,7.620877,0.0,0.045031462,0.5518101,0.0
5947,8.507655,1.5858554,1.5842273,0.6697813,16566.244,8.507655,0.0,0.044883586,0.54999804,0.0
5948,9.658964,1.7097591,1.8171054,0.5846325,16566.244,9.658964,0.0,0.0570874,0.69954205,0.0
5949,9.878565,1.7333925,1.8497602,0.6043968,28714.828,9.878565,1.1146086,0.048944674,0.59976214,0.0
5950,10.478927,1.7980033,1.9037955,0.6057855,28714.828,10.478927,1.1146086,0.055031754,0.67435247,0.0
5951,5.842309,1.2990113,1.520621,0.78651786,28714.828,5.842309,1.1146086,0.062610395,0.7672202,0.0
5952,5.923003,1.3076956,1.6504706,0.85964453,28714.828,5.923003,1.1146086,0.04578426,0.5610348,0.0
5953,6.5082927,1.3706844,1.565494,0.771965,28714.828,6.5082927,1.1146086,0.04743881,0.58130944,0.0
5954,7.180239,1.4429991,1.4304086,0.7708921,28714.828,7.180239,1.1146086,0.070264146,0.86100835,0.0
5955,8.469069,1.5817027,1.6735585,0.80660325,28714.828,8.469069,1.1146086,0.06187729,0.7582368,0.0
5956,7.4109163,1.4678246,1.5392239,0.8080129,28714.828,7.4109163,1.1146086,0.050163325,0.6146953,0.0
5957,7.6420503,1.4926991,1.5043854,0.82786036,28714.828,7.6420503,1.1146086,0.046250187,0.5667442,0.0
5958,7.879788,1.5182844,1.5819129,0.7285894,28714.828,7.879788,1.1146086,0.044471744,0.5449514,0.0
5959,8.199604,1.552703,1.525947,0.8124407,28714.828,8.199604,1.1146086,0.05074536,0.6218275,0.0
5960,6.7930484,1.4013298,1.5484369,0.6209531,28714.828,6.7930484,1.1146086,0.048296012,0.5918135,0.0
5961,5.9939795,1.3153341,1.3570418,0.8099813,28714.828,5.9939795,1.1146086,0.049823858,0.6105355,0.0
5962,7.3897915,1.4655511,1.4400643,0.775639,28714.828,7.3897915,1.1146086,0.052089553,0.63829905,0.0
5963,5.88271,1.3033593,1.3817194,0.7373695,28714.828,5.88271,1.1146086,0.04789515,0.58690137,0.0
5964,6.196909,1.3371733,1.3368229,0.74429744,28714.828,6.196909,1.1146086,0.048222598,0.5909139,0.0
5965,5.5605717,1.2686908,1.371999,0.7681948,24297.16,5.5605717,0.70021516,0.041088752,0.5034966,0.0
5966,5.553418,1.267921,1.2384546,0.6079816,24297.16,5.553418,0.70021516,0.048639935,0.59602785,0.0
5967,4.9942513,1.2077435,1.1873082,0.47051963,24297.16,4.9942513,0.70021516,0.040942706,0.50170696,0.0
5968,4.8637824,1.1937025,1.1522772,0.5448312,24297.16,4.8637824,0.70021516,0.0429114,0.5258311,0.0
5969,4.3115983,1.1342765,1.1242331,0.6388593,24297.16,4.3115983,0.70021516,0.04252015,0.5210368,0.0
5970,4.623785,1.167874,1.0787277,0.6063366,23744.955,4.623785,0.6484163,0.047946814,0.5875344,0.0
5971,2.7059183,0.9614735,1.0213962,0.7335938,23744.955,2.7059183,0.6484163,0.05053198,0.61921275,0.0
5972,2.793207,0.9708675,0.97599125,0.72189546,23744.955,2.793207,0.6484163,0.046140134,0.5653956,0.0
5973,1.2089027,0.800365,0.88538903,0.52952653,23744.955,1.2089027,0.6484163,0.049920805,0.6117235,0.0
5974,2.4058547,0.92918074,0.8735781,0.71592677,16566.244,2.4058547,0.0,0.057080247,0.6994544,0.0
5975,1.4443414,0.82570285,0.89113647,0.40505102,16566.244,1.4443414,0.0,0.057222396,0.7011963,0.0
5976,1.9854785,0.8839399,0.90719235,0.46364605,16566.244,1.9854785,0.0,0.05615571,0.6881253,0.0
5977,1.7973729,0.86369604,0.7802972,0.49644798,16566.244,1.7973729,0.0,0.053894162,0.66041255,0.0
5978,1.5265092,0.83454573,0.8033424,0.46116254,16566.244,1.5265092,0.0,0.0493424,0.60463583,0.0
5979,1.2955583,0.80969083,0.8758174,0.45797652,16566.244,1.2955583,0.0,0.049939435,0.61195177,0.0
5980,1.1437622,0.7933546,0.77236176,0.4714521,16566.244,1.1437622,0.0,0.046458263,0.5692939,0.0
5981,0.8894452,0.765985,0.75632364,0.48240247,16566.244,0.8894452,0.0,0.041372966,0.5069793,0.0
5982,0.9433115,0.7717821,0.8202472,0.48115242,16566.244,0.9433115,0.0,0.047821723,0.5860016,0.0
5983,1.3725177,0.8179732,0.9058226,0.39044696,28162.62,1.3725177,1.0628095,0.041937202,0.5138934,0.0
5984,1.0460165,0.7828352,0.8730545,0.45096028,28162.62,1.0460165,1.0628095,0.051222976,0.6276801,0.0
5985,3.1764097,1.0121077,0.99550396,0.5900961,28162.62,3.1764097,1.0628095,0.0449923,0.5513302,0.0
5986,4.3141966,1.1345562,1.0710198,0.72918,28162.62,4.3141966,1.0628095,0.05995744,0.7347112,0.0
5987,1.6468197,0.8474935,0.93997186,0.60574317,28162.62,1.6468197,1.0628095,0.04723162,0.5787705,0.0
5988,2.353651,0.9235626,0.89847577,0.7384095,28162.62,2.353651,1.0628095,0.044336274,0.54329133,0.0
5989,1.2177963,0.8013221,0.8462458,0.5545347,28162.62,1.2177963,1.0628095,0.045305874,0.5551727,0.0
5990,2.4998178,0.939293,0.9764657,0.56773764,28162.62,2.4998178,1.0628095,0.030514844,0.3739252,0.0
5991,0.85024756,0.6767896,0.94999117,0.74600595,28162.62,0.060644034,1.0628095,0.030821694,0.3776853,0.0
5992,1.6333603,0.846045,1.0245177,0.5688603,28162.62,1.6333603,1.0628095,0.026219187,0.32128674,0.0
5993,3.3076909,1.0262362,1.0023841,0.685957,28162.62,3.3076909,1.0628095,0.03374494,0.4135064,0.0
5994,3.6896641,1.0673441,1.1817653,0.69271475,28162.62,3.6896641,1.0628095,0.05462877,0.66941434,0.0
5995,3.501574,1.0471019,1.1993688,0.57037556,28162.62,3.501574,1.0628095,0.05933308,0.7270604,0.0
5996,0.85024756,0.6345536,0.7876084,0.6704422,28162.62,0.0,1.0628095,0.028234214,0.34597865,0.0
5997,0.85024756,0.63519377,1.1869426,0.59612226,28162.62,0.0,1.0628095,0.037942696,0.4649452,0.0
5998,1.3797836,0.81875515,1.101502,0.6680818,28162.62,1.3797836,1.0628095,0.045580216,0.55853444,0.0
5999,3.8634527,1.0860472,1.2063651,0.68892175,24297.16,3.8634527,0.70021516,0.05525244,0.6770567,0.0
6000,2.7352138,0.9646263,1.2132096,0.6969282,24297.16,2.7352138,0.70021516,0.05513548,0.67562354,0.0
6001,0.56017214,0.62897855,1.2429975,0.6596594,24297.16,0.0,0.70021516,0.06071486,0.7439925,0.0
6002,0.56017214,0.6334349,0.69525146,0.7246637,24297.16,0.0,0.70021516,0.06388717,0.78286564,0.0
6003,3.2458706,1.0195831,1.2467026,0.71137387,23744.955,3.2458706,0.6484163,0.05482703,0.67184377,0.0
6004,4.5264177,1.1573954,1.2754015,0.7644579,23744.955,4.5264177,0.6484163,0.05328327,0.65292674,0.0
6005,0.518733,0.70151734,1.1600375,0.7455889,23744.955,0.29041362,0.6484163,0.061959203,0.75924057,0.0
6006,0.518733,0.69024616,0.78858536,0.673973,23744.955,0.18568218,0.6484163,0.050706815,0.6213552,0.0
6007,2.0156703,0.88718915,0.92076325,0.7958613,23744.955,2.0156703,0.6484163,0.054857,0.67221105,0.0
6008,5.248219,1.2350755,1.2718513,0.68703794,23744.955,5.248219,0.6484163,0.043363128,0.5313665,0.0
6009,3.1863346,1.0131758,1.0524234,0.7225772,23744.955,3.1863346,0.6484163,0.041693404,0.5109059,0.0
6010,2.9438527,0.98708,1.0570573,0.6605539,16566.244,2.9438527,0.0,0.034452114,0.42217204,0.0
6011,3.141975,1.0084019,1.002807,0.64763343,16566.244,3.141975,0.0,0.045903638,0.5624976,0.0
6012,1.1226934,0.79108715,0.76484185,0.6810951,16566.244,1.1226934,0.0,0.035586886,0.4360774,0.0
6013,1.0897729,0.78754425,0.7048526,0.45954183,16566.244,1.0897729,0.0,0.03292986,0.40351853,0.0
6014,1.5008485,0.8317841,0.7018885,0.47015592,16566.244,1.5008485,0.0,0.028902309,0.3541654,0.0
6015,1.3785297,0.8186202,0.7324276,0.61573374,16566.244,1.3785297,0.0,0.04644742,0.56916106,0.0
6016,1.297957,0.809949,0.70287657,0.6202592,16566.244,1.297957,0.0,0.04122756,0.5051975,0.0
6017,0.19510363,0.6912601,0.7399824,0.552061,16566.244,0.19510363,0.0,0.03948717,0.48387098,0.0
6018,0.6079332,0.73568875,0.7145163,0.52451813,16566.244,0.6079332,0.0,0.037525587,0.459834,0.0
6019,1.0703058,0.7854492,0.68826026,0.50732243,16566.244,1.0703058,0.0,0.031775378,0.38937163,0.0
6020,0.7585883,0.7519022,0.68568045,0.467829,16566.244,0.7585883,0.0,0.04315481,0.52881384,0.0
6021,0.3843883,0.7116309,0.73075664,0.4569028,16566.244,0.3843883,0.0,0.043119695,0.5283835,0.0
6022,0.3185528,0.7045457,0.6768531,0.46477294,16566.244,0.3185528,0.0,0.046281204,0.56712425,0.0
6023,1.490336,0.8306528,0.83713883,0.5234507,16566.244,1.490336,0.0,0.05198411,0.637007,0.0
6024,1.301927,0.8103762,0.71329165,0.55481726,16566.244,1.301927,0.0,0.04812233,0.5896852,0.0
6025,1.4029498,0.8212483,0.85763985,0.5013744,4.914147,1.4029498,0.0,0.038896717,0.47663566,0.0
6026,1.3074061,0.8109659,0.7634302,0.44096363,4.914147,1.3074061,0.0,0.03712408,0.45491397,0.0
6027,1.2860825,0.80867106,0.67856354,0.4533399,4.914147,1.2860825,0.0,0.04364352,0.5348024,0.0
6028,1.3031687,0.81050986,0.7574174,0.5145702,8.961092,1.3031687,0.0,0.04809128,0.58930475,0.0
6029,0.85024756,0.7177872,0.73646104,0.45619172,28162.62,0.44159266,1.0628095,0.05313142,0.651066,0.0
6030,0.85024756,0.71431255,0.77169865,0.50987196,28162.62,0.40930632,1.0628095,0.060376525,0.73984665,0.0
6031,0.85024756,0.72281796,0.82663006,0.5051931,28162.62,0.48833826,1.0628095,0.05913371,0.7246173,0.0
6032,2.3263886,0.9206286,0.8989813,0.43217152,28162.62,2.3263886,1.0628095,0.03637945,0.44578937,0.0
6033,2.1232097,0.8987625,0.9203732,0.45619172,28162.62,2.1232097,1.0628095,0.04744793,0.5814212,0.0
6034,2.9663792,0.9895043,0.98016256,0.5106128,28162.62,2.9663792,1.0628095,0.05644277,0.6916429,0.0
6035,3.715492,1.0701237,1.1601298,0.4651714,28162.62,3.715492,1.0628095,0.073629126,0.90224236,0.0
6036,1.2729287,0.80725545,1.0427995,0.5421401,28162.62,1.2729287,1.0628095,0.05350981,0.6557027,0.0
6037,4.424549,1.1464323,1.1380433,0.65354943,28162.62,4.424549,1.0628095,0.04179618,0.51216537,0.0
6038,5.835476,1.298276,1.2734365,0.51357234,28162.62,5.835476,1.0628095,0.052556977,0.6440268,0.0
6039,3.8429804,1.083844,1.273803,0.51579434,28162.62,3.8429804,1.0628095,0.050117396,0.6141325,0.0
6040,4.1570115,1.1176399,1.3821515,0.63361055,28162.62,4.1570115,1.0628095,0.061762866,0.7568347,0.0
6041,2.4485822,0.93377906,1.189823,0.8079955,28162.62,2.4485822,1.0628095,0.06647503,0.8145769,0.0
6042,0.85024756,0.75436467,0.86325425,0.525607,28162.62,0.7814693,1.0628095,0.039005265,0.4779658,0.0
6043,3.625397,1.0604277,1.0315998,0.76226574,28162.62,3.625397,1.0628095,0.043631133,0.5346506,0.0
6044,4.0776544,1.1090995,1.2567103,0.47706294,28162.62,4.0776544,1.0628095,0.05067405,0.6209537,0.0
6045,2.8094347,0.97261393,1.1037567,0.770202,24297.16,2.8094347,0.70021516,0.038154114,0.46753588,0.0
6046,2.8817422,0.9803957,1.0616137,0.7755877,24297.16,2.8817422,0.70021516,0.043936417,0.53839153,0.0
6047,5.08887,1.2179264,1.5023743,0.6854231,24297.16,5.08887,0.70021516,0.071891546,0.8809503,0.0
6048,2.0556827,0.8914953,1.176552,0.73992586,24297.16,2.0556827,0.70021516,0.04863273,0.5959396,0.0
6049,2.419723,0.93067324,0.9956482,0.6278528,24297.16,2.419723,0.70021516,0.0497738,0.6099221,0.0
6050,6.6294208,1.3837202,1.393686,0.4757021,23744.955,6.6294208,0.6484163,0.0775565,0.9503679,0.0
6051,6.525002,1.3592353,1.3805263,0.4757021,23744.955,6.401908,0.6484163,0.08608998,1.0549363,1.0
6052,6.3965807,1.3528444,1.344927,0.4757021,23192.75,6.3425236,0.5966174,0.083594054,1.0243514,1.0
6053,5.904425,1.3056962,1.286745,0.33589083,22640.53,5.904425,0.5448171,0.078713655,0.9645476,0.0
6054,5.4693823,1.258877,1.218174,0.32997626,7.226684,5.4693823,0.0,0.07756874,0.95051795,0.0
6055,4.839958,1.1911385,1.1651926,0.32997626,3.2760966,4.839958,0.0,0.075028256,0.91938716,0.0
6056,3.6709507,1.0653301,1.1055748,0.32997623,2.2161837,3.6709507,0.0,0.07205297,0.8829284,0.0
6057,3.5788298,1.0554161,1.0526801,0.56933326,2.2161837,3.5788298,0.0,0.08154898,0.99929136,0.0
6058,3.1188886,1.0059173,1.0438231,0.32997623,2.2161837,3.1188886,0.0,0.06893768,0.844754,0.0
6059,2.8143063,0.9731382,1.181347,0.6305923,5.1068583,2.8143063,0.0,0.068127885,0.8348309,0.0
6060,2.9612756,0.988955,1.175184,0.55749875,5.1068583,2.9612756,0.0,0.07928682,0.9715711,0.0
6061,3.3728728,1.033251,1.0267338,0.4757021,16566.244,3.3728728,0.0,0.07780207,0.9533771,0.0
6062,4.4629946,1.1123226,1.2772765,0.5409677,16566.244,4.107603,0.0,0.1017801,1.2472011,1.0
6063,2.9000263,0.9823634,1.3208001,0.59948504,16566.244,2.9000263,0.0,0.05747723,0.704319,0.0
6064,3.177576,1.0122333,1.2802637,0.63909435,16566.244,3.177576,0.0,0.05935984,0.7273883,0.0
6065,4.943734,1.2023069,1.3411145,0.52759147,16566.244,4.943734,0.0,0.04658696,0.570871,0.0
6066,3.3449967,1.030251,1.0949885,0.541826,16566.244,3.3449967,0.0,0.06135151,0.751794,0.0
6067,3.1424592,1.008454,1.2515879,0.53092194,16566.244,3.1424592,0.0,0.06986942,0.8561714,0.0
6068,3.8811147,1.087948,1.1692127,0.6148904,16566.244,3.8811147,0.0,0.06515874,0.7984473,0.0
6069,3.2190778,1.0166997,1.2429454,0.53092194,16566.244,3.2190778,0.0,0.06535513,0.80085385,0.0
6070,4.1216784,1.1138374,1.1393951,0.6111844,16566.244,4.1216784,0.0,0.077160336,0.9455134,0.0
6071,3.4129744,1.0375668,1.0761496,0.5046096,16566.244,3.4129744,0.0,0.056565374,0.6931452,0.0
6072,4.066128,1.107859,1.0985436,0.5167436,16566.244,4.066128,0.0,0.050143592,0.6144535,0.0
6073,4.5248237,1.1572238,1.3548393,0.49818975,16566.244,4.5248237,0.0,0.0778749,0.9542696,0.0
6074,4.7498965,1.1814461,1.264008,0.53092194,16566.244,4.7498965,0.0,0.063267365,0.77527064,0.0
6075,4.150106,1.1168967,1.1272489,0.6433628,16566.244,4.150106,0.0,0.060729884,0.7441766,0.0
6076,4.513451,1.1559999,1.2626845,0.55545855,16566.244,4.513451,0.0,0.06923906,0.848447,0.0
6077,4.320554,1.1352403,1.2070855,0.55545855,16566.244,4.320554,0.0,0.0721165,0.88370687,0.0
6078,4.3990183,1.1436846,1.1646411,0.50908387,16566.244,4.3990183,0.0,0.06821173,0.8358582,0.0
6079,4.642497,1.1698878,1.2075258,0.4994741,16566.244,4.642497,0.0,0.08000378,0.9803567,0.0
6080,3.9955435,1.1002628,1.0866287,0.5385823,16566.244,3.9955435,0.0,0.070672624,0.86601377,0.0
6081,3.606389,1.058382,1.0914147,0.5137252,16566.244,3.606389,0.0,0.07007186,0.8586521,0.0
6082,4.6523104,1.153337,1.1596959,0.52323896,16566.244,4.4887075,0.0,0.09010503,1.1041361,1.0
6083,4.9597235,1.1807843,1.1056806,0.67972237,16566.244,4.7437477,0.0,0.09222236,1.1300817,1.0
6084,2.790461,0.970572,0.9352156,0.52636975,16566.244,2.790461,0.0,0.056217186,0.6888786,0.0
6085,3.4775703,1.0445186,1.0005454,0.6740445,16566.244,3.4775703,0.0,0.07628987,0.9348468,0.0
6086,2.7530904,0.96532667,0.90384233,0.7515466,16566.244,2.7417216,0.0,0.082573645,1.0118475,1.0
6087,4.232215,1.101506,1.1485955,0.5585189,16566.244,4.007096,0.0,0.09470589,1.1605145,1.0
6088,4.293456,1.0759037,1.1018443,0.62816274,16566.244,3.7691994,0.0,0.11403729,1.3973992,1.0
6089,4.699324,1.1181841,1.0158478,0.67858595,16566.244,4.162068,0.0,0.11170434,1.3688115,1.0
6090,3.3059978,1.0192786,1.1915996,0.6857215,16566.244,3.2430418,0.0,0.08613311,1.0554646,1.0
6091,6.173969,1.2326503,1.2117615,0.62182,16566.244,5.225684,0.0,0.12391788,1.5184747,1.0
6092,3.6981266,1.0567089,1.0601243,0.7207548,16566.244,3.5908427,0.0,0.08857301,1.0853629,1.0
6093,2.2637634,0.86882395,0.82534564,0.84346366,16566.244,1.8450212,0.0,0.13452485,1.6484512,1.0
6094,2.1201572,0.8751378,1.1057854,0.7415614,16566.244,1.9036895,0.0,0.10811961,1.3248845,1.0
6095,2.0254362,0.88421285,1.1210741,0.7415614,16566.244,1.9880146,0.0,0.08599578,1.0537819,1.0
6096,2.3983788,0.9283762,0.92792755,0.82674176,16566.244,2.3983788,0.0,0.079000756,0.9680657,0.0
6097,2.8371778,0.9611139,1.0558993,0.7987991,16566.244,2.7025769,0.0,0.09321938,1.1422989,1.0
6098,6.98627,1.4136184,1.356237,0.7010034,16566.244,6.9072347,0.0,0.08427477,1.0326928,1.0
6099,3.438778,1.0403438,1.2566527,0.8060737,16566.244,3.438778,0.0,0.07332968,0.89857304,0.0
6100,3.5447628,1.0517498,1.2856187,0.80614114,16566.244,3.5447628,0.0,0.0704767,0.863613,0.0
6101,3.9224005,1.0802511,1.24037,0.78919834,16566.244,3.8095958,0.0,0.08851089,1.0846018,1.0
6102,8.346472,1.5685089,1.5180012,0.66929007,16566.244,8.346472,0.0,0.07713644,0.9452206,0.0
6103,3.550759,1.01331,0.9366569,0.78544194,16566.244,3.1875808,0.0,0.10817223,1.3255295,1.0
6104,3.1164868,0.9717079,0.93622714,0.55027336,16566.244,2.8010156,0.0,0.107867286,1.3217926,1.0
6105,3.5717106,1.0310507,0.9677886,0.61647815,16566.244,3.352427,0.0,0.096858054,1.1868869,1.0
6106,5.660308,1.2042117,1.3359088,0.5684547,16566.244,4.961434,0.0,0.11445035,1.4024607,1.0
6107,4.1781526,1.0647143,1.0152198,0.54342043,16566.244,3.6652284,0.0,0.11423634,1.3998383,1.0
6108,4.067765,1.0832705,1.112335,0.53596634,16566.244,3.8376524,0.0,0.09558767,1.1713197,1.0
6109,4.3085938,1.0751644,1.334664,0.7084049,16566.244,3.7623308,0.0,0.11546028,1.4148363,1.0
6110,7.799032,1.4351423,1.4872556,0.56419706,16566.244,7.1072335,0.0,0.10430219,1.2781065,1.0
6111,3.960945,1.0552182,1.2411954,0.7197952,16566.244,3.576991,0.0,0.10663444,1.3066854,1.0
6112,4.4247255,1.1021855,1.1091899,0.30328146,16566.244,4.0134096,0.0,0.10550256,1.2928156,1.0
6113,4.7651896,1.1181824,1.1434835,0.5173867,16566.244,4.1620526,0.0,0.11539513,1.414038,1.0
6114,6.7104664,1.290323,1.5649438,0.6482982,16566.244,5.7615776,0.0,0.12000691,1.4705502,1.0
6115,4.5981936,1.0878624,1.2414019,0.70072556,16566.244,3.8803194,0.0,0.12474275,1.5285825,1.0
6116,6.9828267,1.3265588,1.3471938,0.47979903,16566.244,6.0982795,0.0,0.11542669,1.4144247,1.0
6117,5.2689943,1.1713482,1.3037221,0.5065435,16566.244,4.6560674,0.0,0.11230042,1.3761157,1.0
6118,5.7693787,1.2147202,1.3589509,0.4552642,16566.244,5.0590787,0.0,0.11434305,1.4011458,1.0
6119,7.7857966,1.3945444,1.3896021,0.35569307,16566.244,6.729999,0.0,0.11818515,1.4482265,1.0
6120,6.103846,1.2535836,1.3783387,0.43303025,16566.244,5.4201956,0.0,0.11101563,1.3603721,1.0
6121,6.114738,1.2776829,1.403646,0.45996493,16566.244,5.644126,0.0,0.10104809,1.2382311,1.0
6122,7.3675346,1.4146512,1.3969462,0.36066014,16566.244,6.9168305,0.0,0.0967998,1.186173,1.0
6123,7.459229,1.4292624,1.386747,0.60597605,16566.244,7.052598,0.0,0.09505022,1.1647339,1.0
6124,7.8581424,1.4431775,1.4166968,0.4684857,16566.244,7.181896,0.0,0.10356135,1.2690282,1.0
6125,5.633843,1.224797,1.4114252,0.6951796,16566.244,5.152712,0.0,0.10337819,1.2667838,1.0
6126,5.624642,1.2278541,1.4014583,0.7871178,16566.244,5.1811185,0.0,0.101566404,1.2445824,1.0
6127,6.15418,1.230214,1.2705439,0.7780052,16566.244,5.2030463,0.0,0.12422964,1.522295,1.0
6128,13.099775,1.8396811,1.8726088,0.6483995,27610.412,10.866196,1.0110104,0.12953404,1.5872943,1.0
6129,12.153988,1.7779335,1.8355647,0.6483995,27610.412,10.2924385,1.0110104,0.12377788,1.5167592,1.0
6130,11.855064,1.7791634,1.7979652,0.6483995,27610.412,10.303866,1.0110104,0.11670828,1.4301292,1.0
6131,10.836687,1.6989751,1.7387291,0.6483995,27610.412,9.55876,1.0110104,0.11277871,1.3819766,1.0
6132,10.005983,1.6186798,1.6819744,0.6483995,27610.412,8.812658,1.0110104,0.113179386,1.3868865,1.0
6133,10.49201,1.6818022,1.692947,0.6749054,27610.412,9.399189,1.0110104,0.10871602,1.3321929,1.0
6134,7.6786003,1.4117525,1.5127889,0.6483995,27610.412,6.889896,1.0110104,0.10829753,1.3270648,1.0
6135,8.091585,1.4675503,1.6582521,0.6405658,27610.412,7.4083676,1.0110104,0.103109606,1.2634926,1.0
6136,8.319977,1.469597,1.6465789,0.56076694,27610.412,7.4273853,1.0110104,0.109627254,1.3433591,1.0
6137,4.874329,1.1802979,1.2884732,0.5251249,27610.412,4.739227,1.0110104,0.08825362,1.0814492,1.0
6138,5.4737916,1.1888821,1.5827862,0.59814304,27610.412,4.8189917,1.0110104,0.11328869,1.3882259,1.0
6139,5.9244585,1.2221235,1.5834439,0.59814304,27610.412,5.1278696,1.0110104,0.11782741,1.4438428,1.0
6140,6.8660746,1.3196255,1.6259371,0.5439169,27610.412,6.033855,1.0110104,0.11376574,1.3940716,1.0
6141,7.7595024,1.3977538,1.6077791,0.5439169,27610.412,6.7598214,1.0110104,0.1160882,1.4225307,1.0
6142,6.6150765,1.3432895,1.3447654,0.5746725,27610.412,6.2537403,1.0110104,0.095078744,1.1650834,1.0
6143,8.346325,1.4798335,1.5338606,0.56076694,27610.412,7.522503,1.0110104,0.10714144,1.3128983,1.0
6144,6.7371492,1.3876164,1.3841264,0.46315914,25953.78,6.6656246,0.85561216,0.08410873,1.0306582,1.0
6145,7.623894,1.4464016,1.3893157,0.57466406,25953.78,7.2118545,0.85561216,0.09492824,1.1632392,1.0
6146,7.014296,1.395115,1.4058373,0.49670672,25953.78,6.7353015,0.85561216,0.09126503,1.1183506,1.0
6147,6.5311155,1.3498191,1.3605742,0.50583637,25953.78,6.3144126,0.85561216,0.08960868,1.0980538,1.0
6148,5.626022,1.2630049,1.2482244,0.43163344,25953.78,5.507738,0.85561216,0.086614184,1.0613598,1.0
6149,5.2755303,1.2065668,1.1978769,0.62856203,25953.78,4.9833174,0.85561216,0.09527904,1.1675378,1.0
6150,6.222916,1.2711514,1.2726742,0.56933326,25953.78,5.5834355,0.85561216,0.10831129,1.3272334,1.0
6151,5.914947,1.2399963,1.2393274,0.56933326,25953.78,5.2939434,0.85561216,0.10895783,1.335156,1.0
6152,5.0133066,1.1476386,1.1977664,0.54141134,25953.78,4.435758,0.85561216,0.11196522,1.3720082,1.0
6153,5.1697054,1.1533309,1.1561195,0.3240553,25953.78,4.4886513,0.85561216,0.11698408,1.4335088,1.0
6154,4.7986546,1.1105237,1.0729274,0.58770365,16566.244,4.090888,0.0,0.12194634,1.4943157,1.0
6155,2.3906183,0.87763476,0.8420842,0.77221113,16566.244,1.9268911,0.0,0.13771988,1.6876028,1.0
6156,2.1330514,0.85180414,0.87551457,0.78740084,16566.244,1.6868738,0.0,0.14327817,1.7557133,1.0
6157,2.3547556,0.8537546,0.8256845,0.57667726,16566.244,1.7049972,0.0,0.17046277,2.0888302,1.0
6158,1.4787697,0.810236,0.7428027,0.70527536,16566.244,1.3006238,0.0,0.11354295,1.3913416,1.0
6159,2.7960064,0.943666,0.8704169,0.70355415,16566.244,2.540451,0.0,0.10506166,1.2874129,1.0
6160,1.3482949,0.8026287,0.8447339,0.76562685,16566.244,1.2299371,0.0,0.10404419,1.2749449,1.0
6161,1.278741,0.8019109,0.8511314,0.7463918,16566.244,1.2232672,0.0,0.09218046,1.1295682,1.0
6162,2.5692766,0.930301,0.93457085,0.79549426,16566.244,2.4162643,0.0,0.09637204,1.1809313,1.0
6163,2.4858658,0.92669374,0.8751717,0.81715626,16566.244,2.3827455,0.0,0.091697596,1.1236513,1.0
6164,0.9125539,0.74853474,0.73264223,0.6750375,16566.244,0.7272978,0.0,0.14099756,1.727767,1.0
6165,1.6750197,0.83405346,0.8453035,0.6791422,16566.244,1.521935,0.0,0.10505957,1.2873873,1.0
6166,1.614384,0.82121664,0.8331672,0.4159417,16566.244,1.4026557,0.0,0.11680224,1.4312805,1.0
6167,0.5633035,0.7273135,0.71184313,0.7216758,16566.244,0.53011084,0.0,0.09620617,1.1788988,1.0
6168,1.2080641,0.79537654,0.7205858,0.5786256,16566.244,1.1625503,0.0,0.0907351,1.1118569,1.0
6169,0.3044043,0.70034665,0.78652376,0.33210137,16566.244,0.27953556,0.0,0.10234996,1.254184,1.0
6170,0.1954747,0.6903379,0.7372363,0.4085405,16566.244,0.18653454,0.0,0.09278172,1.136936,1.0
6171,0.23477633,0.6939484,0.7149235,0.33924487,16566.244,0.22008312,0.0,0.097173214,1.1907488,1.0
6172,0.4366363,0.7128762,0.73361033,0.30341315,16566.244,0.39595976,0.0,0.10555934,1.2935114,1.0
6173,1.3440219,0.7975726,0.7291519,0.37254992,16566.244,1.1829561,0.0,0.113353126,1.3890154,1.0
6174,1.1074395,0.7713763,0.6507588,0.45178372,16566.244,0.9395409,0.0,0.12327359,1.5105796,1.0
6175,0.873612,0.7542244,0.6591329,0.33539256,16566.244,0.7801661,0.0,0.10953428,1.3422198,1.0
6176,0.59945476,0.73107564,0.77863634,0.5143589,16566.244,0.5650684,0.0,0.095795535,1.1738669,1.0
6177,0.69908434,0.74027944,0.6852147,0.5180347,16566.244,0.65058976,0.0,0.0989866,1.2129699,1.0
6178,0.6629211,0.73350585,0.62370044,0.39244246,16566.244,0.58764976,0.0,0.11147227,1.3659678,1.0
6179,0.14316338,0.68443966,0.635833,0.30974358,16566.244,0.1317283,0.0,0.10184719,1.248023,1.0
6180,0.09770012,0.679312,0.61981773,0.39860544,16566.244,0.08408218,0.0,0.11936977,1.4627427,1.0
6181,0.10929997,0.68052363,0.6345682,0.3388188,16566.244,0.09534073,0.0,0.1157451,1.4183264,1.0
6182,0.43896815,0.7095404,0.66041374,0.5740448,16566.244,0.36496386,0.0,0.1288855,1.5793473,1.0
6183,0.4103835,0.706436,0.6415356,0.5740448,16566.244,0.33611742,0.0,0.13312466,1.6312935,1.0
6184,2.7962108,0.9304763,1.3484794,0.6590196,16566.244,2.4178932,0.0,0.11808874,1.4470451,1.0
6185,0.04051957,0.67407686,0.91849506,0.7990265,16566.244,0.03543746,0.0,0.11504475,1.4097444,1.0
6186,1.7732214,0.8429099,0.9666071,0.74441296,16566.244,1.6042285,0.0,0.106168635,1.3009776,1.0
6187,2.2771227,0.8863692,0.7686828,0.7031405,16566.244,2.0080514,0.0,0.11284968,1.3828464,1.0
6188,2.2051835,0.8828531,1.1851783,0.7958014,16566.244,1.9753797,0.0,0.108731516,1.3323828,1.0
6189,2.1347027,0.87303275,1.2554438,0.8058937,16566.244,1.8841294,0.0,0.11261544,1.3799759,1.0
6190,3.7039824,1.042788,1.3022444,0.7608914,16566.244,3.4614902,0.0,0.09794084,1.2001551,1.0
6191,1.7926486,0.8494629,1.2218499,0.8131858,16566.244,1.6651193,0.0,0.09946438,1.2188245,1.0
6192,2.4872181,0.9271076,1.2326771,0.8058937,16566.244,2.386591,0.0,0.09143779,1.1204675,1.0
6193,4.64061,1.1591309,1.3354753,0.7608913,16566.244,4.542545,0.0,0.08664037,1.0616807,1.0
6194,4.6880827,1.1600248,1.2805922,0.720441,16566.244,4.55085,0.0,0.08863793,1.0861585,1.0
6195,5.0575294,1.1825575,1.4607782,0.66302615,16566.244,4.7602234,0.0,0.09616928,1.1784467,1.0
6196,5.121424,1.1807215,1.4702928,0.7356199,16566.244,4.7431636,0.0,0.10020118,1.2278532,1.0
6197,2.1788769,0.861339,0.8409822,0.62969565,16566.244,1.7754712,0.0,0.13458376,1.649173,1.0
6198,1.1215022,0.77042717,0.78970444,0.59496176,16566.244,0.9307215,0.0,0.12940077,1.5856614,1.0
6199,3.3212733,1.0039521,1.1094869,0.8679981,16566.244,3.1006284,0.0,0.09819896,1.2033181,1.0
6200,3.3968542,0.9997658,1.1343483,0.8598747,16566.244,3.061729,0.0,0.10712786,1.3127319,1.0
6201,3.410528,1.0041187,0.8980573,0.7132054,16566.244,3.1021757,0.0,0.10478286,1.2839965,1.0
6202,2.7051008,0.9395568,0.9191328,0.37776715,16566.244,2.5022686,0.0,0.100506805,1.2315983,1.0
6203,3.2796767,1.0092634,0.96635973,0.544351,16566.244,3.1499803,0.0,0.091206975,1.1176392,1.0
6204,3.1693273,0.98902625,0.9769953,0.517223,16566.244,2.9619374,0.0,0.09793245,1.2000524,1.0
6205,3.52915,1.0387359,0.9925827,0.32723233,16566.244,3.4238374,0.0,0.08877857,1.0878818,1.0
6206,3.4947972,1.0384324,1.000562,0.3780032,16566.244,3.4210174,0.0,0.086635344,1.061619,1.0
6207,3.1107059,1.0003468,1.0122738,0.30848506,16566.244,3.0671272,0.0,0.08491966,1.0405953,1.0
6208,4.291091,1.0992321,1.039695,0.4159417,16566.244,3.9859664,0.0,0.099455304,1.2187133,1.0
6209,3.5087652,1.0399706,1.0430942,0.31867015,16566.244,3.435311,0.0,0.08659232,1.0610918,1.0
6210,4.582119,1.1280135,1.0698078,0.41594166,16566.244,4.253402,0.0,0.09962636,1.2208093,1.0
6211,3.898547,1.0648049,1.0795087,0.4159417,16566.244,3.6660702,0.0,0.09639234,1.1811801,1.0
6212,3.8987527,1.0867518,1.1045603,0.31867012,28162.62,3.8700001,1.0628095,0.083339125,1.0212276,1.0
6213,4.350742,1.13716,1.142479,0.31867012,28162.62,4.338391,1.0628095,0.08227062,1.0081342,1.0
6214,3.8051827,1.0797762,1.162298,0.3108442,28162.62,3.8051827,1.0628095,0.07621705,0.9339545,0.0
6215,3.8526673,1.0663985,1.1349193,0.3317022,28162.62,3.680878,1.0628095,0.09248869,1.1333452,1.0
6216,3.8810277,1.0610085,1.1583552,0.3317022,28162.62,3.6307938,1.0628095,0.09767633,1.196914,1.0
6217,3.6597147,1.0398477,1.1835866,0.3317022,28162.62,3.434169,1.0628095,0.0969202,1.1876484,1.0
6218,0.94447,0.76871073,0.9687077,0.7095722,28162.62,0.91477245,1.0628095,0.089176275,1.0927553,1.0
6219,1.4666481,0.816326,1.0405222,0.7928601,28162.62,1.3572123,1.0628095,0.10040733,1.2303793,1.0
6220,4.766177,1.1299937,1.2014035,0.5915291,28162.62,4.2718024,1.0628095,0.108590655,1.3306568,1.0
6221,2.3813384,0.9028834,0.8919161,0.8261242,28162.62,2.1615007,1.0628095,0.10532081,1.2905885,1.0
6222,6.2038794,1.2651625,1.3060737,0.3317022,28162.62,5.5277863,1.0628095,0.11012446,1.3494518,1.0
6223,6.5892105,1.2936498,1.3164972,0.45526898,28162.62,5.7924895,1.0628095,0.11367684,1.3929822,1.0
6224,4.5334516,1.1058315,1.2277818,0.6396401,28162.62,4.047288,1.0628095,0.10961447,1.3432025,1.0
6225,7.491417,1.4745986,1.463865,0.508544,28162.62,7.4738607,1.0628095,0.08215451,1.0067115,1.0
6226,7.430856,1.4511181,1.4318457,0.4757021,28162.62,7.2556806,1.0628095,0.08723611,1.0689807,1.0
6227,7.2524023,1.4203156,1.4108429,0.4757021,28162.62,6.969465,1.0628095,0.09107245,1.1159908,1.0
6228,6.952211,1.3987981,1.3621922,0.4757021,24297.16,6.7695246,0.70021516,0.08789908,1.0771047,1.0
6229,6.5659046,1.3621843,1.3233976,0.4757021,24297.16,6.42931,0.70021516,0.086560495,1.0607018,1.0
6230,6.1233444,1.3161331,1.2972109,0.4757021,24297.16,6.0014043,0.70021516,0.086344354,1.0580533,1.0
6231,5.8564243,1.2802894,1.2717636,0.4757021,24297.16,5.6683455,0.70021516,0.08934328,1.0948018,1.0
6232,5.586682,1.2562773,1.2401946,0.4757021,24297.16,5.4452257,0.70021516,0.08766391,1.0742229,1.0
6233,5.258234,1.22468,1.2070183,0.3207045,23744.955,5.151624,0.6484163,0.08643196,1.0591267,1.0
6234,5.243607,1.2138689,1.1635853,0.32625392,23744.955,5.051168,0.6484163,0.09048982,1.1088513,1.0
6235,4.8709,1.1739104,1.1461126,0.32625392,23744.955,4.679875,0.6484163,0.09112415,1.1166242,1.0
6236,4.5275164,1.1322049,1.1090759,0.32997623,23744.955,4.292349,0.6484163,0.09438121,1.156536,1.0
6237,4.028024,1.0751476,1.0607425,0.4131364,16566.244,3.7621744,0.0,0.09808298,1.201897,1.0
6238,2.4534557,0.9146192,1.048015,0.4380715,16566.244,2.2705495,0.0,0.10038943,1.2301599,1.0
6239,2.4012914,0.9055107,1.0403308,0.4380715,16566.244,2.1859138,0.0,0.10458025,1.2815138,1.0
6240,2.329695,0.89811724,1.0342445,0.4324402,16566.244,2.1172137,0.0,0.10500673,1.2867398,1.0
6241,2.3587313,0.9082984,1.0337228,0.4324402,16566.244,2.2118165,0.0,0.097094096,1.1897793,1.0
6242,2.9125686,0.9731029,1.0388167,0.52907544,16566.244,2.8139784,0.0,0.089775845,1.1001023,1.0
6243,3.8139853,1.0774243,1.0594782,0.32997623,16566.244,3.783329,0.0,0.08349612,1.0231514,1.0
6244,3.7426515,1.0730466,1.0557721,0.32997623,16566.244,3.7426515,0.0,0.07354423,0.901202,0.0
6245,3.6605906,1.0642152,1.042482,0.497088,16566.244,3.6605906,0.0,0.06370159,0.7805916,0.0
6246,3.695146,1.067934,1.0368813,0.5443448,16566.244,3.695146,0.0,0.06119254,0.749846,0.0
6247,3.474182,1.0441539,1.0291721,0.48321992,16566.244,3.474182,0.0,0.071220264,0.8727245,0.0
6248,3.7995422,1.0260105,1.0898658,0.7636266,16566.244,3.305594,0.0,0.1164478,1.4269372,1.0
6249,3.5172288,1.0126628,1.1215228,0.7559827,16566.244,3.1815672,0.0,0.10620591,1.3014344,1.0
6250,4.679981,1.1213732,1.2726641,0.64400566,16566.244,4.191701,0.0,0.10876728,1.332821,1.0
6251,3.9401925,1.0251733,0.9383138,0.88649637,16566.244,3.2978146,0.0,0.12702425,1.5565398,1.0
6252,3.4857888,1.0168563,0.92809707,0.7420271,16566.244,3.2205334,0.0,0.10081097,1.2353253,1.0
6253,3.8007472,1.07079,1.0103875,0.68267685,16566.244,3.721684,0.0,0.08656009,1.0606968,1.0
6254,3.635788,1.034953,1.0733548,0.7416425,16566.244,3.3886871,0.0,0.09860886,1.208341,1.0
6255,4.3165374,1.1117219,1.0287817,0.7086373,16566.244,4.102021,0.0,0.09380008,1.1494149,1.0
6256,4.1041884,1.0956038,1.0504509,0.6231967,16566.244,3.9522529,0.0,0.09057022,1.1098365,1.0
6257,4.793421,1.0442171,1.0452478,0.70349073,16566.244,3.474769,0.0,0.17009036,2.0842667,1.0
6258,2.8583002,0.94176614,0.91914165,0.37165087,16566.244,2.5227978,0.0,0.112614654,1.3799664,1.0
6259,4.0680246,1.0983628,1.1195576,0.58194023,16566.244,3.977889,0.0,0.086890094,1.0647407,1.0
6260,2.9210145,0.9426438,0.8869604,0.4159417,16566.244,2.5309532,0.0,0.11754095,1.4403325,1.0
6261,4.0266247,1.0916814,1.1717294,0.6800564,16566.244,3.9158053,0.0,0.08820542,1.0808585,1.0
6262,3.8704498,1.0757707,1.1696475,0.6277703,16566.244,3.7679644,0.0,0.08794861,1.0777117,1.0
6263,3.5650132,1.0407193,0.99785596,0.6601507,16566.244,3.4422672,0.0,0.08992103,1.1018814,1.0
6264,3.0816429,0.9842799,0.90513015,0.35904792,16566.244,2.917834,0.0,0.09469667,1.1604016,1.0
6265,2.4949684,0.9304718,0.9168758,0.35808733,16566.244,2.417851,0.0,0.08904355,1.0911288,1.0
6266,2.3089757,0.9009225,0.8893222,0.3203101,16566.244,2.1432798,0.0,0.099632464,1.2208842,1.0
6267,2.315726,0.90060043,0.8841552,0.2989165,16566.244,2.1402874,0.0,0.10071903,1.2341988,1.0
6268,3.5790288,1.0193034,1.0048932,0.707521,16566.244,3.243272,0.0,0.10574472,1.295783,1.0
6269,4.1028028,1.0753587,0.9822462,0.7913609,16566.244,3.764136,0.0,0.102584876,1.2570627,1.0
6270,4.2358103,1.0851375,0.9910733,0.8030412,16566.244,3.855,0.0,0.104639396,1.2822385,1.0
6271,2.696555,0.944499,0.9121991,0.30234715,16566.244,2.5481918,0.0,0.095182195,1.1663511,1.0
6272,2.7177134,0.9472439,0.9399669,0.3780032,16566.244,2.5736973,0.0,0.09465385,1.1598768,1.0
6273,2.8461375,0.9643775,0.9525296,0.30848506,16566.244,2.732902,0.0,0.0912677,1.1183833,1.0
6274,3.2035391,0.99001676,0.9771391,0.31867012,16566.244,2.971141,0.0,0.0998444,1.2234812,1.0
6275,5.1509147,1.1734617,1.1192214,0.6726128,16566.244,4.6757054,0.0,0.10530395,1.2903819,1.0
6276,4.436852,1.1048939,1.122825,0.7367768,16566.244,4.038576,0.0,0.1046008,1.2817656,1.0
6277,5.572859,1.220171,1.1840534,0.81256866,0.0,5.109727,0.0,0.10274003,1.2589638,1.0
6278,6.3029637,1.3037307,1.2731212,0.6726128,0.0,5.8861613,0.0,0.09811718,1.202316,1.0
6279,7.3119364,1.4002321,1.3743278,0.78345674,0.0,6.782849,0.0,0.09979436,1.222868,1.0
6280,7.4176207,1.4148421,1.487689,0.7980865,0.0,6.918605,0.0,0.09842403,1.2060761,1.0
6281,7.835555,1.426951,1.4748168,0.76557606,16566.244,7.031121,0.0,0.10828303,1.3268871,1.0
6282,9.078463,1.5762731,1.8724302,0.819745,16566.244,8.418616,0.0,0.09988193,1.2239411,1.0
6283,9.448812,1.6196377,1.9161686,0.81974494,16566.244,8.821559,0.0,0.09818572,1.2031559,1.0
6284,12.564191,1.9326947,2.0322847,0.7608913,16566.244,11.730474,0.0,0.09817828,1.2030648,1.0
6285,13.015055,1.9880222,2.1044967,0.7608913,16566.244,12.244576,0.0,0.09627833,1.179783,1.0
6286,13.288492,2.0117245,2.1402688,0.7608913,16566.244,12.464817,0.0,0.097014174,1.1888,1.0
6287,14.038859,2.076996,2.1706593,0.7608913,16566.244,13.071319,0.0,0.09886551,1.211486,1.0
6288,13.78534,2.0611014,2.1576521,0.7512817,16566.244,12.923626,0.0,0.09715348,1.1905069,1.0
6289,10.75726,1.7464519,2.021299,0.7682034,16566.244,9.999912,0.0,0.09926547,1.216387,1.0
6290,10.235182,1.6691496,1.8107897,0.7114605,16566.244,9.281623,0.0,0.10556105,1.2935323,1.0
6291,11.133095,1.7282368,1.7667346,0.4159417,16566.244,9.830659,0.0,0.11249784,1.3785349,1.0
6292,11.117413,1.7523695,1.7807142,0.3200246,16566.244,10.054899,0.0,0.10624535,1.3019176,1.0
6293,9.856176,1.6499993,1.8057542,0.7386349,16566.244,9.103678,0.0,0.10087972,1.2361679,1.0
6294,10.952318,1.7387671,2.159004,0.8213879,16566.244,9.928506,0.0,0.10565016,1.2946242,1.0
6295,10.807467,1.7140096,1.87053,0.66809934,16566.244,9.698461,0.0,0.10826863,1.3267107,1.0
6296,10.901251,1.7984204,1.8297344,0.32723233,16566.244,10.482802,0.0,0.090914086,1.1140501,1.0
6297,11.343583,1.8420101,1.8464805,0.31278068,16566.244,10.887836,0.0,0.09136659,1.1195952,1.0
6298,11.404899,1.8842288,1.8736892,0.34195325,16566.244,11.280131,0.0,0.08418577,1.0316023,1.0
6299,11.410532,1.8747874,1.8731278,0.3108442,16566.244,11.192403,0.0,0.086150914,1.0556829,1.0
6300,11.6105795,1.8772631,1.8752159,0.30234715,16566.244,11.215405,0.0,0.08982226,1.1006712,1.0
6301,11.70726,1.8787506,1.8739543,0.2992486,16566.244,11.229228,0.0,0.09153262,1.1216296,1.0
6302,11.866092,1.9080065,1.8700262,0.39897463,16566.244,11.501073,0.0,0.08900688,1.0906795,1.0
6303,11.675937,1.8793286,1.8774159,0.306478,16566.244,11.234599,0.0,0.09076629,1.1122391,1.0
6304,11.712369,1.8866098,1.8897709,0.3108442,16566.244,11.302256,0.0,0.090067334,1.1036742,1.0
6305,11.952254,1.8929784,1.8983858,0.3103033,16566.244,11.361432,0.0,0.09373182,1.1485784,1.0
6306,12.075161,1.9143548,1.9132503,0.29417813,16566.244,11.560061,0.0,0.09199617,1.1273099,1.0
6307,12.667326,1.9486609,1.9290196,0.32271406,16566.244,11.878832,0.0,0.097083695,1.1896518,1.0
6308,12.71213,1.9502181,1.9392755,0.3269496,16566.244,11.893302,0.0,0.09765951,1.1967078,1.0
6309,12.619349,1.9461175,1.9439824,0.31867012,16566.244,11.855199,0.0,0.096635744,1.1841627,1.0
6310,12.999365,1.9688479,1.9701877,0.3161902,27610.412,12.066409,1.0110104,0.09963456,1.2209098,1.0
6311,12.749365,1.9442245,1.9468299,0.35496786,27610.412,11.837609,1.0110104,0.09956544,1.2200629,1.0
6312,8.67077,1.5355308,1.7009654,0.7983536,27610.412,8.04004,1.0110104,0.09989806,1.2241387,1.0
6313,7.6827717,1.4183903,1.6000972,0.69867224,27610.412,6.9515743,1.0110104,0.10613185,1.3005269,1.0
6314,11.883219,1.7698388,1.8483721,0.59389347,27610.412,10.217223,1.0110104,0.11962568,1.4658786,1.0
6315,5.6091056,1.1925404,1.4181486,0.82520974,27610.412,4.8529844,1.0110104,0.11793475,1.4451581,1.0
6316,6.3515534,1.2875476,1.7395144,0.59233135,27610.412,5.7357883,1.0110104,0.106637925,1.3067282,1.0
6317,3.9813323,1.0560818,1.4577823,0.8137408,27610.412,3.585015,1.0110104,0.10738249,1.315852,1.0
6318,12.612257,2.027592,2.0719292,0.4757021,27610.412,12.612257,1.0110104,0.08127202,0.9958975,0.0
6319,12.778127,2.0454428,2.0546203,0.4757021,27610.412,12.778127,1.0110104,0.07909066,0.9691674,0.0
6320,12.64008,2.0305862,2.0161355,0.4757021,27610.412,12.64008,1.0110104,0.07978964,0.97773254,0.0
6321,12.337953,1.9980713,1.9783576,0.4757021,27610.412,12.337953,1.0110104,0.07942808,0.973302,0.0
6322,11.864518,1.9471204,1.9207631,0.4757021,27610.412,11.864518,1.0110104,0.078689165,0.9642475,0.0
6323,11.219324,1.8776847,1.86844,0.3207045,27610.412,11.219324,1.0110104,0.077492006,0.9495776,0.0
6324,10.593916,1.8103784,1.7999411,0.4757021,27610.412,10.593916,1.0110104,0.07925571,0.97118986,0.0
6325,9.856838,1.7310543,1.7293515,0.51841867,27610.412,9.856838,1.0110104,0.080642514,0.9881836,0.0
6326,10.014762,1.6682138,1.6316923,0.50583637,23744.955,9.272927,0.6484163,0.10025981,1.2285715,1.0
6327,10.280656,1.5902847,1.477554,0.7568492,23744.955,8.548812,0.6484163,0.12884152,1.5788084,1.0
6328,9.450567,1.52556,1.4394835,0.7559827,23744.955,7.9473925,0.6484163,0.12570728,1.5404018,1.0
6329,8.437995,1.4966624,1.4330024,0.7555351,23744.955,7.6788764,0.6484163,0.10465678,1.2824515,1.0
6330,8.123335,1.4524674,1.3864956,0.7898861,23744.955,7.2682185,0.6484163,0.1090387,1.3361471,1.0
6331,7.918614,1.4380575,1.3629193,0.7356075,23744.955,7.134322,0.6484163,0.10723886,1.314092,1.0
6332,7.4976387,1.4012821,1.3703068,0.7600806,23192.75,6.7926054,0.5966174,0.105807714,1.2965549,1.0
6333,7.0784364,1.3807802,1.2719095,0.84775686,23192.75,6.6021028,0.5966174,0.0984292,1.2061396,1.0
6334,6.958088,1.3494601,1.2393981,0.8722885,22640.53,6.3110776,0.5448171,0.10551056,1.2929137,1.0
6335,7.224119,1.373874,1.157014,0.82436556,3865.4575,6.53793,0.0,0.106078394,1.2998718,1.0
6336,7.713712,1.3725419,1.3498693,0.53794056,0.0,6.5255527,0.0,0.124060534,1.5202228,1.0
6337,7.257734,1.3486512,1.2303164,0.72122306,0.0,6.3035607,0.0,0.11690073,1.4324874,1.0
6338,6.942469,1.3392155,1.2664511,0.6848899,16566.244,6.215885,0.0,0.10886151,1.3339758,1.0
6339,7.2447495,1.4077127,1.346058,0.55122524,16566.244,6.852359,0.0,0.094958544,1.1636105,1.0
6340,7.4107213,1.4204732,1.3833373,0.5393867,16566.244,6.970929,0.0,0.0963169,1.1802555,1.0
6341,6.469085,1.3073497,1.3155818,0.57731295,16566.244,5.919789,0.0,0.10324192,1.265114,1.0
6342,6.416058,1.302432,1.2560359,0.34569213,16566.244,5.874093,0.0,0.1031192,1.2636102,1.0
6343,6.527468,1.2995093,1.2530725,0.32275504,16566.244,5.8469357,0.0,0.10874487,1.3325465,1.0
6344,6.361874,1.2764837,1.2257801,0.31297436,16566.244,5.6329823,0.0,0.11177735,1.3697062,1.0
6345,5.9780564,1.2541558,1.2039714,0.3586717,16566.244,5.4255123,0.0,0.10535249,1.2909766,1.0
6346,5.1212435,1.1728992,1.1621099,0.35229114,16566.244,4.6704793,0.0,0.10411013,1.2757529,1.0
6347,5.2364445,1.193326,1.1683469,0.30377322,16566.244,4.8602843,0.0,0.099652335,1.2211276,1.0
6348,5.0021734,1.1540958,1.1320059,0.3609435,16566.244,4.495758,0.0,0.1078709,1.321837,1.0
6349,5.251879,1.1957122,1.1540442,0.3181091,16566.244,4.882457,0.0,0.099248625,1.2161807,1.0
6350,4.6986675,1.1226907,1.1585674,0.3586717,16566.244,4.203943,0.0,0.10904561,1.3362317,1.0
6351,5.0198064,1.155654,1.1367944,0.30790645,16566.244,4.5102367,0.0,0.10794965,1.322802,1.0
6352,4.9861298,1.1520128,1.1255119,0.3312883,16566.244,4.476403,0.0,0.108156934,1.3253419,1.0
6353,4.260467,1.0763105,1.1162716,0.3312883,16566.244,3.77298,0.0,0.11173249,1.3691564,1.0
6354,4.1283674,1.0683143,1.0816336,0.30790645,16566.244,3.6986794,0.0,0.10869408,1.3319241,1.0
6355,4.2823153,1.0779972,1.0968456,0.30779424,27610.412,3.7886527,1.0110104,0.111987926,1.3722864,1.0
6356,4.5246654,1.1082155,1.1234292,0.33346868,27610.412,4.0694394,1.0110104,0.107689425,1.3196132,1.0
6357,4.573953,1.1117692,1.1241388,0.33989075,27610.412,4.102461,1.0110104,0.10840394,1.3283688,1.0
6358,4.5589952,1.1112581,1.1312861,0.31414783,27610.412,4.0977125,1.0110104,0.107854076,1.3216308,1.0
6359,4.7615356,1.1171427,1.1783521,0.37681526,27610.412,4.152391,1.0110104,0.115811095,1.4191351,1.0
6360,4.551435,1.0866319,1.1770072,0.39860535,27610.412,3.868886,1.0110104,0.12274134,1.5040575,1.0
6361,5.473751,1.1514776,1.2240006,0.29356104,27610.412,4.47143,1.0110104,0.13387278,1.6404608,1.0
6362,6.0013947,1.1835483,1.2433035,0.35281163,27610.412,4.76943,1.0110104,0.14183365,1.7380123,1.0
6363,7.9350863,1.3071387,1.3366466,0.34786794,27610.412,5.917828,1.0110104,0.16108675,1.9739375,1.0
6364,7.7265725,1.2362053,1.3180804,0.41779038,27610.412,5.2587175,1.0110104,0.19102718,2.340824,1.0
6365,2.3540027,0.9207322,1.1531588,0.6300367,27610.412,2.327351,1.0110104,0.084276855,1.0327184,1.0
6366,3.1642373,1.0107977,0.95638674,0.5684717,27610.412,3.1642373,1.0110104,0.06299129,0.77188766,0.0
6367,8.3612585,1.5220356,1.5012759,0.51097494,27610.412,7.9146433,1.0110104,0.094763935,1.1612258,1.0
6368,8.402867,1.5156991,1.5121605,0.51097494,27610.412,7.8557653,1.0110104,0.09784502,1.198981,1.0
6369,8.897086,1.5355315,1.5183926,0.51097494,27610.412,8.040047,1.0110104,0.106461056,1.3045609,1.0
6370,8.484687,1.5307935,1.5358133,0.51097494,27610.412,7.996022,1.0110104,0.09585617,1.1746099,1.0
6371,8.211597,1.5098226,1.5214442,0.51097494,25953.78,7.801161,0.85561216,0.09387403,1.150321,1.0
6372,7.4541984,1.4510894,1.5054394,0.51097494,25953.78,7.2554135,0.85561216,0.08799501,1.0782802,1.0
6373,7.7359424,1.5028038,1.5443332,0.48759574,25953.78,7.7359424,0.85561216,0.07605761,0.93200076,0.0
6374,7.14113,1.4387902,1.5193299,0.48759574,24849.367,7.14113,0.7520142,0.07285213,0.8927211,0.0
6375,7.3514895,1.4377042,1.486394,0.51097494,24849.367,7.1310387,0.7520142,0.08881487,1.0883267,1.0
6376,7.6865764,1.4404914,1.4765319,0.51097494,24297.16,7.1569376,0.70021516,0.09886165,1.2114387,1.0
6377,6.2845182,1.1365508,1.1895285,0.9068084,24297.16,4.332731,0.70021516,0.18664064,2.2870717,1.0
6378,4.6532683,1.171047,1.3006449,0.8401464,23744.955,4.6532683,0.6484163,0.07920587,0.97057915,0.0
6379,0.47729394,0.6852672,1.0986209,0.6380588,23192.75,0.13941789,0.5966174,0.07845965,0.9614351,0.0
6380,2.0687213,0.8622721,0.9390261,0.68625957,23192.75,1.7841417,0.5966174,0.11879737,1.4557285,1.0
6381,4.874409,1.1644961,1.2769772,0.71345884,23192.75,4.592397,0.5966174,0.09592493,1.1754525,1.0
6382,2.3126671,0.9191519,0.8908662,0.77268386,16566.244,2.3126671,0.0,0.06763391,0.8287778,0.0
6383,3.4914465,1.0460119,1.0066044,0.60687107,16566.244,3.4914465,0.0,0.07501975,0.9192829,0.0
6384,3.5934849,1.0287414,1.0526464,0.5129568,16566.244,3.3309689,0.0,0.0999825,1.2251735,1.0
6385,3.4166863,1.0379663,1.024569,0.3307834,16566.244,3.4166863,0.0,0.07345677,0.9001304,0.0
6386,3.7698138,1.0380131,1.1569042,0.5203361,16566.244,3.4171216,0.0,0.10567225,1.2948949,1.0
6387,3.6112509,1.0485969,1.1968927,0.51362336,16566.244,3.5154655,0.0,0.08795976,1.0778482,1.0
6388,4.093921,1.0950109,1.1857923,0.51362336,16566.244,3.9467432,0.0,0.090301655,1.1065456,1.0
6389,3.4362376,1.0375578,1.131319,0.5203361,16566.244,3.4128914,0.0,0.08320177,1.0195445,1.0
6390,3.327545,1.0283729,1.122403,0.5203361,16566.244,3.327545,0.0,0.07811729,0.9572398,0.0
6391,3.6956844,1.067992,1.1954381,0.51097494,16566.244,3.6956844,0.0,0.08135523,0.9969171,0.0
6392,2.7669332,0.96803993,1.2380185,0.54024696,16566.244,2.7669332,0.0,0.070250385,0.8608397,0.0
6393,2.8194194,0.9736885,1.139565,0.50840354,16566.244,2.8194194,0.0,0.077508494,0.9497797,0.0
6394,2.9571705,0.98851323,0.98416746,0.53578573,16566.244,2.9571705,0.0,0.055505864,0.68016213,0.0
6395,2.8996365,0.98232144,0.99672556,0.5186666,16566.244,2.8996365,0.0,0.060160022,0.73719364,0.0
6396,2.9054835,0.9829507,1.0916914,0.53615266,16566.244,2.9054835,0.0,0.062533915,0.76628304,0.0
6397,2.911804,0.9836309,1.1266633,0.50840354,16566.244,2.911804,0.0,0.07330869,0.89831585,0.0
6398,2.6945245,0.96024734,1.1504749,0.50840354,16566.244,2.6945245,0.0,0.06765524,0.82903916,0.0
6399,2.9695423,0.9898447,1.2051079,0.48759574,16566.244,2.9695423,0.0,0.059361137,0.7274042,0.0
6400,3.9979815,1.1005251,1.2209021,0.48759574,16566.244,3.9979815,0.0,0.0735435,0.9011931,0.0
6401,3.457836,1.0423948,1.0888768,0.44544536,16566.244,3.457836,0.0,0.05924571,0.72598976,0.0
6402,3.4319391,1.0396078,1.1957967,0.48759574,16566.244,3.4319391,0.0,0.06410631,0.78555095,0.0
6403,4.148717,1.1167473,1.2745439,0.52363575,16566.244,4.148717,0.0,0.06661674,0.81631345,0.0
6404,4.0623617,1.1074537,1.2067311,0.5218015,16566.244,4.0623617,0.0,0.07050137,0.86391526,0.0
6405,5.020665,1.1704688,1.2247403,0.7515038,16566.244,4.647896,0.0,0.100306846,1.2291479,1.0
6406,4.5435247,1.1592364,1.196557,0.52926725,16566.244,4.5435247,0.0,0.072401,0.8871931,0.0
6407,4.190756,1.1212715,1.1309081,0.5069251,16566.244,4.190756,0.0,0.077062,0.94430846,0.0
6408,4.1809583,1.1118867,1.1475343,0.48759574,16566.244,4.1035533,0.0,0.08600494,1.0538942,1.0
6409,4.613412,1.1534436,1.1374769,0.48759574,16566.244,4.489698,0.0,0.08803162,1.0787288,1.0
6410,4.8080373,1.1746914,1.1625831,0.48759574,16566.244,4.6871324,0.0,0.08762126,1.0737003,1.0
6411,4.3241816,1.1356307,1.155087,0.52323896,16566.244,4.3241816,0.0,0.0769198,0.9425659,0.0
6412,4.275747,1.1304182,1.1330086,0.48759574,16566.244,4.275747,0.0,0.068366766,0.83775806,0.0
6413,4.277364,1.1305922,1.1608211,0.5386452,16566.244,4.277364,0.0,0.077668555,0.95174104,0.0
6414,4.2272644,1.1252005,1.1455307,0.54096764,16566.244,4.2272644,0.0,0.07918606,0.9703364,0.0
6415,4.756665,1.1821746,1.1601336,0.54096764,16566.244,4.756665,0.0,0.0801752,0.98245716,0.0
6416,4.203674,1.1226617,1.128366,0.5409194,16566.244,4.203674,0.0,0.06368401,0.78037614,0.0
6417,4.4213004,1.1460826,1.1200789,0.5174198,16566.244,4.4213004,0.0,0.07983913,0.9783391,0.0
6418,5.689591,1.2376869,1.2060437,0.6314212,16566.244,5.272484,0.0,0.100052334,1.2260292,1.0
6419,4.030357,1.1040094,1.1126888,0.53056604,16566.244,4.030357,0.0,0.07001917,0.8580064,0.0
6420,4.8085933,1.1647092,1.2132038,0.6314212,16566.244,4.594378,0.0,0.09247812,1.1332157,1.0
6421,4.580947,1.1632638,1.1240904,0.5409194,16566.244,4.580947,0.0,0.054596707,0.6690214,0.0
6422,4.316803,1.1348367,1.1100672,0.5203361,16566.244,4.316803,0.0,0.06583857,0.80677783,0.0
6423,4.63687,1.1692822,1.1380602,0.51097494,16566.244,4.63687,0.0,0.063214086,0.77461773,0.0
6424,4.825915,1.1896272,1.0993972,0.5203361,16566.244,4.825915,0.0,0.06556693,0.8034492,0.0
6425,4.4021673,1.1440235,1.1969014,0.48759574,16566.244,4.4021673,0.0,0.073663615,0.902665,0.0
6426,4.0510917,1.1062409,1.0149351,0.9835605,16566.244,4.0510917,0.0,0.06803171,0.8336524,0.0
6427,7.2983565,1.1995838,1.2601933,0.77961165,16566.244,4.9184313,0.0,0.19442916,2.3825114,1.0
6428,7.649592,1.2638727,1.3211976,0.7559827,16566.244,5.5158024,0.0,0.17180571,2.1052864,1.0
6429,8.285288,1.2899424,1.3094476,0.77961165,16566.244,5.7580404,0.0,0.18394354,2.254022,1.0
6430,6.351904,1.1685971,1.1611,0.7789637,16566.244,4.630504,0.0,0.16828541,2.062149,1.0
6431,6.556874,1.2034637,1.2033734,0.6965048,16566.244,4.954483,0.0,0.15701674,1.9240642,1.0
6432,7.0549397,1.2487419,1.3243853,0.7488331,16566.244,5.3752065,0.0,0.15446922,1.8928472,1.0
6433,7.3129797,1.2686617,1.3574839,0.6922555,16566.244,5.5603013,0.0,0.15510257,1.9006081,1.0
6434,5.038852,1.0866687,1.2493975,0.6800564,16566.244,3.8692281,0.0,0.15208915,1.863682,1.0
6435,5.628654,1.0960182,1.2881211,0.6032845,16566.244,3.956103,0.0,0.18018258,2.2079356,1.0
6436,8.808419,1.2278869,1.2768852,0.70528173,16566.244,5.181423,0.0,0.2600001,3.18601,1.0
6437,4.623813,1.0318592,1.3015264,0.6032845,16566.244,3.3599393,0.0,0.16931307,2.0747418,1.0
6438,4.221916,1.0912925,1.2485433,0.872097,16566.244,3.912192,0.0,0.10006601,1.2261968,1.0
6439,0.6547632,0.73897135,0.9027749,0.81398606,16566.244,0.63843507,0.0,0.08757001,1.0730723,1.0
6440,1.5330406,0.83524865,0.95265764,0.8042569,16566.244,1.5330406,0.0,0.079632275,0.97580427,0.0
6441,1.4222845,0.8233291,0.9890733,0.4754553,16566.244,1.4222845,0.0,0.064880475,0.7950375,0.0
6442,2.7589936,0.9671855,0.9620519,0.4325695,16566.244,2.7589936,0.0,0.06262,0.76733786,0.0
6443,3.650969,1.0631797,1.0172473,0.5856895,16566.244,3.650969,0.0,0.060169995,0.73731583,0.0
6444,3.087234,1.0025107,1.0117158,0.3229375,16566.244,3.087234,0.0,0.057102256,0.69972414,0.0
6445,1.3339181,0.8138191,0.9640712,0.78067696,16566.244,1.3339181,0.0,0.060141187,0.7369628,0.0
6446,1.4884351,0.8304482,0.6791207,0.649938,16566.244,1.4884351,0.0,0.07519914,0.9214812,0.0
6447,1.0352763,0.78167933,0.7032437,0.5407578,16566.244,1.0352763,0.0,0.072742365,0.89137614,0.0
6448,0.0,0.6453723,0.9852469,0.52827626,16566.244,0.0,0.0,0.06614163,0.8104915,0.0
6449,1.6259747,0.8452502,0.99588126,0.59870064,16566.244,1.6259747,0.0,0.06394031,0.7835168,0.0
6450,3.6502526,1.0631026,1.0017483,0.59389347,16566.244,3.6502526,0.0,0.057879668,0.70925045,0.0
6451,0.0,0.63232917,0.9489882,0.5511561,16566.244,0.0,0.0,0.07332887,0.8985631,0.0
6452,2.0942142,0.89564204,1.0329579,0.531815,27610.412,2.0942142,1.0110104,0.073099285,0.8957498,0.0
6453,3.0557592,0.99912333,1.2279735,0.83977896,27610.412,3.0557592,1.0110104,0.068487376,0.839236,0.0
6454,3.344507,1.0301983,0.91931325,0.8361231,27610.412,3.344507,1.0110104,0.07287637,0.89301825,0.0
6455,1.5289007,0.8348031,0.8318604,0.6737442,27610.412,1.5289007,1.0110104,0.08062693,0.9879926,0.0
6456,1.7306631,0.8529713,1.0448858,0.5847659,27610.412,1.6977192,1.0110104,0.08613128,1.0554423,1.0
6457,0.8088083,0.6994795,0.8413599,0.6022725,27610.412,0.27147824,1.0110104,0.07804876,0.95640004,0.0
6458,3.2724192,1.0028706,1.0635355,0.6737061,27610.412,3.0905783,1.0110104,0.095325425,1.1681062,1.0
6459,4.1414485,1.115965,1.3603144,0.5524341,27610.412,4.1414485,1.0110104,0.08089198,0.99124056,0.0
6460,5.141073,1.2235445,1.2008626,0.64566374,27610.412,5.141073,1.0110104,0.05728866,0.7020083,0.0
6461,4.863029,1.1936214,1.2246596,0.6166096,27610.412,4.863029,1.0110104,0.06434157,0.7884338,0.0
6462,4.829919,1.1900581,1.2310747,0.5998829,27610.412,4.829919,1.0110104,0.06946115,0.8511686,0.0
6463,4.368841,1.140437,1.1604091,0.58768964,27610.412,4.368841,1.0110104,0.07516238,0.9210307,0.0
6464,3.0869505,1.0024801,1.1172,0.5955512,27610.412,3.0869505,1.0110104,0.07707055,0.9444132,0.0
6465,1.8202494,0.866158,1.0613457,0.58465666,27610.412,1.8202494,1.0110104,0.07310945,0.8958743,0.0
6466,0.8088083,0.73726225,0.9182492,0.67029715,27610.412,0.6225542,1.0110104,0.069493905,0.8515699,0.0
6467,1.0415702,0.7823567,1.0403398,0.5840418,27610.412,1.0415702,1.0110104,0.058975395,0.72267735,0.0
6468,0.72592896,0.70756483,0.88236487,0.61650634,26505.986,0.34660667,0.90741116,0.06572123,0.80534,0.0
6469,0.6844897,0.6778444,0.93421865,0.5840418,25953.78,0.07044542,0.85561216,0.05666596,0.69437784,0.0
6470,0.9911072,0.77692586,0.8405024,0.60641444,25953.78,0.9911072,0.85561216,0.058821704,0.720794,0.0
6471,5.3889365,1.2502195,1.1806769,0.6397853,25953.78,5.3889365,0.85561216,0.07601717,0.9315052,0.0
6472,0.6844897,0.6970928,1.0271195,0.61963934,25953.78,0.24930063,0.85561216,0.05883147,0.7209137,0.0
6473,1.3994728,0.8208741,0.88152015,0.5022648,25953.78,1.3994728,0.85561216,0.07401331,0.9069501,0.0
6474,1.5473963,0.8367936,0.9287675,0.6844219,25953.78,1.5473963,0.85561216,0.075280495,0.9224781,0.0
6475,1.6389657,0.8466483,0.8203603,0.51147866,25953.78,1.6389657,0.85561216,0.07631423,0.9351454,0.0
6476,1.1418432,0.79314804,0.8384604,0.44748178,23192.75,1.1418432,0.5966174,0.07762605,0.9512202,0.0
6477,1.0210646,0.7801499,0.7667516,0.30890885,16566.244,1.0210646,0.0,0.076939076,0.94280213,0.0
6478,1.1415203,0.7931133,0.758304,0.2968838,16566.244,1.1415203,0.0,0.07208576,0.88333017,0.0
6479,1.2166039,0.8011938,0.7537948,0.2968838,16566.244,1.2166039,0.0,0.06533874,0.800653,0.0
6480,1.0933801,0.78793246,0.7593167,0.39482364,16566.244,1.0933801,0.0,0.06848802,0.8392439,0.0
6481,1.0942175,0.7880226,0.74951357,0.2968838,16566.244,1.0942175,0.0,0.05756089,0.7053442,0.0
6482,1.3328636,0.8137056,0.76358557,0.43195087,16566.244,1.3328636,0.0,0.06282716,0.7698764,0.0
6483,1.5501883,0.83709407,0.77818805,0.43195087,16566.244,1.5501883,0.0,0.06497106,0.79614747,0.0
6484,0.8916869,0.7497195,0.8188175,0.43195087,28714.828,0.7383065,1.1146086,0.060658403,0.74330074,0.0
6485,1.1512647,0.794162,0.8239082,0.42111298,28714.828,1.1512647,1.1146086,0.06213923,0.7614466,0.0
6486,1.5693153,0.8391525,0.8636029,0.42043063,28714.828,1.5693153,1.1146086,0.061957415,0.75921863,0.0
6487,3.3269336,1.0283071,0.960547,0.6016384,28714.828,3.3269336,1.1146086,0.0641495,0.7860802,0.0
6488,3.362755,1.0321622,0.92491734,0.68844134,28714.828,3.362755,1.1146086,0.07323233,0.8973801,0.0
6489,3.150739,1.009345,1.0033197,0.62688875,28714.828,3.150739,1.1146086,0.0689448,0.8448412,0.0
6490,3.4913876,1.0460056,0.9896212,0.60403997,28714.828,3.4913876,1.1146086,0.07210278,0.8835387,0.0
6491,3.8994737,1.0899237,1.073785,0.6087609,28714.828,3.8994737,1.1146086,0.061164454,0.7495018,0.0
6492,3.122977,1.0063573,1.0155282,0.640678,28714.828,3.122977,1.1146086,0.053100657,0.650689,0.0
6493,3.820049,1.0813761,1.126658,0.5927334,28714.828,3.820049,1.1146086,0.063314095,0.77584326,0.0
6494,4.023242,1.1025884,1.0140617,0.7252617,28714.828,4.0171533,1.1146086,0.081960194,1.0043303,1.0
6495,3.6904273,1.0674262,1.0904067,0.6066038,28714.828,3.6904273,1.1146086,0.070452236,0.86331314,0.0
6496,4.423568,1.1463267,1.0665612,0.68911767,28714.828,4.423568,1.1146086,0.05986022,0.73351985,0.0
6497,4.5375276,1.1453723,1.1091952,0.73083764,28714.828,4.4146996,1.1146086,0.08809398,1.0794929,1.0
6498,4.744379,1.1808523,1.2493113,0.6617111,28714.828,4.744379,1.1146086,0.06741854,0.8261386,0.0
6499,2.0162723,0.88725394,0.9413519,0.62420636,28714.828,2.0162723,1.1146086,0.05312442,0.65098023,0.0
6500,3.1314664,1.0072709,1.2318629,0.6829129,24297.16,3.1314664,0.70021516,0.07572654,0.9279438,0.0
6501,3.9438531,1.0946999,1.3326979,0.7012422,24297.16,3.9438531,0.70021516,0.06209493,0.7609038,0.0
6502,1.9879204,0.8842027,1.155816,0.7171569,24297.16,1.9879204,0.70021516,0.07969764,0.97660524,0.0
6503,3.4998937,1.046921,1.3187385,0.65602624,24297.16,3.4998937,0.70021516,0.05783117,0.70865613,0.0
6504,3.8020313,1.079437,1.2244592,0.6955744,24297.16,3.8020313,0.70021516,0.044615615,0.54671437,0.0
6505,4.318912,1.1350636,1.2038649,0.7199468,24297.16,4.318912,0.70021516,0.034703545,0.42525303,0.0
6506,5.5105915,1.263312,1.2362441,0.6181578,24297.16,5.5105915,0.70021516,0.04654248,0.5703259,0.0
6507,6.377799,1.3566407,1.3110002,0.52243423,24297.16,6.377799,0.70021516,0.0384277,0.47088838,0.0
6508,5.43495,1.2551714,1.2897378,0.62836987,24297.16,5.43495,0.70021516,0.03747089,0.45916373,0.0
6509,6.3098445,1.3493274,1.2914013,0.589003,24297.16,6.3098445,0.70021516,0.045547053,0.55812806,0.0
6510,4.863694,1.1874235,1.1137623,0.85020906,5.1068583,4.805438,0.0,0.08443342,1.034637,1.0
6511,3.1448529,1.0087116,1.0230002,0.7632747,2.2161837,3.1448529,0.0,0.058131047,0.7123308,0.0
6512,2.8157146,0.9732898,1.0330415,0.7559826,2.2161837,2.8157146,0.0,0.0693814,0.8501913,0.0
6513,5.355973,1.0615817,1.1270238,0.68621886,2.2161837,3.6361206,0.0,0.19189051,2.351403,1.0
6514,3.7380502,1.0725514,0.9950561,0.763867,5.1068583,3.7380502,0.0,0.051112134,0.6263219,0.0
6515,3.492491,1.0461243,1.0402668,0.709707,5.1068583,3.492491,0.0,0.051264822,0.6281929,0.0
6516,3.8527048,1.0848905,1.0133919,0.7605976,5.1068583,3.8527048,0.0,0.04876355,0.59754264,0.0
6517,2.4932685,0.9385882,1.0268383,0.709707,5.1068583,2.4932685,0.0,0.0460197,0.56391984,0.0
6518,3.2383494,1.0187737,1.0599186,0.6167346,2.2161837,3.2383494,0.0,0.053790335,0.6591402,0.0
6519,2.3535397,0.9235506,0.88099915,0.7522507,2.2161837,2.3535397,0.0,0.03985006,0.48831782,0.0
6520,4.075023,0.99505025,1.0043702,0.67560405,2.2161837,3.0179121,0.0,0.16327862,2.0007966,1.0
6521,2.4233246,0.93106085,1.0909175,0.74538934,2.2161837,2.4233246,0.0,0.045024753,0.5517279,0.0
6522,1.9022678,0.8749848,0.996882,0.5939922,2.2161837,1.9022678,0.0,0.039928064,0.48927367,0.0
6523,3.153823,1.0096769,1.0154408,0.55178934,2.2161837,3.153823,0.0,0.048744928,0.5973144,0.0
6524,3.0656087,1.0001833,1.060476,0.3813776,2.2161837,3.0656087,0.0,0.051764935,0.6343213,0.0
6525,3.0287244,0.99621385,1.0125284,0.3397702,2.2161837,3.0287244,0.0,0.053938523,0.66095614,0.0
6526,2.729234,0.96398276,0.97748095,0.31828052,2.2161837,2.729234,0.0,0.05361651,0.6570102,0.0
6527,2.2036495,0.90741944,0.8602499,0.31828052,2.2161837,2.2036495,0.0,0.062296174,0.7633698,0.0
6528,1.7252768,0.85593706,0.7838041,0.40177602,2.2161837,1.7252768,0.0,0.048533976,0.5947295,0.0
6529,0.9530769,0.77283305,0.7544606,0.40960386,0.67449075,0.9530769,0.0,0.053666186,0.65761894,0.0
6530,0.0643271,0.67718595,0.64917964,0.5560905,0.67449075,0.0643271,0.0,0.059008393,0.7230817,0.0
6531,0.13440283,0.6847275,0.6204018,0.47673446,0.67449075,0.13440283,0.0,0.05380006,0.65925944,0.0
6532,1.2995759,0.8101232,0.6677915,0.4865586,2.2161837,1.2995759,0.0,0.07418611,0.9090676,0.0
6533,0.7870111,0.7549611,0.7345544,0.5369369,5.1068583,0.7870111,0.0,0.066290006,0.8123097,0.0
6534,0.057837147,0.6764875,0.7151719,0.37779403,16566.244,0.057837147,0.0,0.058317542,0.7146161,0.0
6535,2.014635,0.88707775,0.79897696,0.6011778,16566.244,2.014635,0.0,0.06989819,0.85652393,0.0
6536,1.8958088,0.8742897,0.7478752,0.4799634,16566.244,1.8958088,0.0,0.07262987,0.8899976,0.0
6537,1.217789,0.8013213,0.657817,0.52313185,16566.244,1.217789,0.0,0.07657004,0.93828,0.0
6538,0.3789933,0.7110503,0.6665808,0.4455726,16566.244,0.3789933,0.0,0.065185696,0.79877764,0.0
6539,0.0,0.63530624,0.61210215,0.4455726,16566.244,0.0,0.0,0.06582161,0.80657005,0.0
6540,0.6922915,0.74476737,0.6479385,0.43251452,16566.244,0.6922915,0.0,0.05938512,0.7276981,0.0
6541,1.3006108,0.80738103,0.6228848,0.6437078,16566.244,1.2740957,0.0,0.086459145,1.0594599,1.0
6542,2.6107655,0.9512332,0.9691584,0.6132652,16566.244,2.6107655,0.0,0.05666848,0.69440866,0.0
6543,3.452233,1.0417918,1.0407083,0.6166468,16566.244,3.452233,0.0,0.059670407,0.73119396,0.0
6544,2.6188068,0.9520986,0.95536923,0.81546503,16566.244,2.6188068,0.0,0.07805638,0.95649344,0.0
6545,0.9552934,0.7730716,0.8176585,0.68462116,16566.244,0.9552934,0.0,0.06914131,0.84724927,0.0
6546,4.229813,1.1254748,1.0645132,0.6304169,16566.244,4.229813,0.0,0.062237635,0.76265246,0.0
6547,1.8562073,0.8700278,1.0155772,0.6176699,16566.244,1.8562073,0.0,0.06327144,0.7753206,0.0
6548,2.79025,0.9705493,1.0238966,0.6176699,16566.244,2.79025,0.0,0.06389428,0.7829528,0.0
6549,4.3121142,1.1343321,1.0916241,0.5574081,16566.244,4.3121142,0.0,0.05817973,0.71292734,0.0
6550,1.3531382,0.8158876,1.097756,0.6549701,16566.244,1.3531382,0.0,0.061326295,0.751485,0.0
6551,2.8768773,0.9798721,1.125593,0.62882316,16566.244,2.8768773,0.0,0.057238873,0.7013982,0.0
6552,1.1480279,0.79381365,1.0054789,0.68832165,16566.244,1.1480279,0.0,0.060185887,0.73751056,0.0
6553,3.0957677,1.003429,1.1545745,0.6518839,16566.244,3.0957677,0.0,0.05295076,0.64885217,0.0
6554,6.4585986,1.3653363,1.2971033,0.73360723,16566.244,6.4585986,0.0,0.04732365,0.5798983,0.0
6555,0.90018696,0.76714104,1.2309995,0.73264796,16566.244,0.90018696,0.0,0.05156748,0.6319017,0.0
6556,1.3364393,0.81409043,1.162645,0.7637984,16566.244,1.3364393,0.0,0.055069588,0.6748161,0.0
6557,5.494489,1.261579,1.3224608,0.69669306,16566.244,5.494489,0.0,0.05354398,0.65612143,0.0
6558,5.0194135,1.2104515,1.4106015,0.68701684,16566.244,5.0194135,0.0,0.045813043,0.5613875,0.0
6559,5.096284,1.2187243,1.311427,0.76051146,16566.244,5.096284,0.0,0.04366676,0.5350872,0.0
6560,2.4877267,0.9379918,1.2249622,0.8159832,16566.244,2.4877267,0.0,0.045887444,0.5622992,0.0
6561,1.95566,0.88073087,1.2580724,0.8140867,16566.244,1.95566,0.0,0.047496513,0.5820165,0.0
6562,7.20867,1.4460589,1.4763356,0.7374695,16566.244,7.20867,0.0,0.05021734,0.6153572,0.0
6563,7.078631,1.432064,1.459204,0.6294325,16566.244,7.078631,0.0,0.046684925,0.57207143,0.0
6564,4.882151,1.1956793,1.4027358,0.8344245,16566.244,4.882151,0.0,0.04752454,0.58235997,0.0
6565,7.1014647,1.4345214,1.4596219,0.6280303,16566.244,7.1014647,0.0,0.05227842,0.64061344,0.0
6566,4.701055,1.1761898,1.3821394,0.91112643,16566.244,4.701055,0.0,0.05134689,0.62919855,0.0
6567,2.890122,0.9812975,1.1581767,0.8690338,16566.244,2.890122,0.0,0.050306447,0.6164491,0.0
6568,4.813984,1.1883432,1.4101986,0.8410808,16566.244,4.813984,0.0,0.054863274,0.67228794,0.0
6569,5.033365,1.2119529,1.439694,0.8328353,16566.244,5.033365,0.0,0.054387506,0.6664579,0.0
6570,3.4611866,1.0427554,1.2068489,0.86148703,16566.244,3.4611866,0.0,0.049104698,0.601723,0.0
6571,4.2138247,1.1237541,1.0818492,0.8468836,16566.244,4.2138247,0.0,0.045759868,0.5607359,0.0
6572,4.6456075,1.1702225,1.255706,0.88053316,16566.244,4.6456075,0.0,0.047932997,0.58736515,0.0
6573,5.1617084,1.2257652,1.437618,0.87850994,0.0,5.1617084,0.0,0.049490508,0.6064507,0.0
6574,5.1826925,1.2280235,1.078928,0.6820538,0.0,5.1826925,0.0,0.046695434,0.5722002,0.0
6575,4.9648066,1.2045747,1.4786166,0.7263442,16566.244,4.9648066,0.0,0.04736685,0.58042765,0.0
6576,4.9394894,1.20185,1.589213,0.67907655,16566.244,4.9394894,0.0,0.049653143,0.6084436,0.0
6577,4.456721,1.1498946,1.5840337,0.7145384,16566.244,4.456721,0.0,0.051154166,0.62683696,0.0
6578,4.24625,1.1272438,1.1786379,0.687305,16566.244,4.24625,0.0,0.046891917,0.57460785,0.0
6579,4.394739,1.1432241,1.2361215,0.79644686,28714.828,4.394739,1.1146086,0.058012042,0.71087253,0.0
6580,4.10052,1.1115603,1.1581776,0.74116117,28714.828,4.10052,1.1146086,0.050069366,0.6135439,0.0
6581,4.2107887,1.1234274,1.1912112,0.7116666,28714.828,4.2107887,1.1146086,0.048785947,0.59781706,0.0
6582,4.2252493,1.1249837,1.112729,0.7116666,28714.828,4.2252493,1.1146086,0.050887402,0.62356806,0.0
6583,3.7154744,1.0701218,1.0452161,0.7569097,28714.828,3.7154744,1.1146086,0.0495281,0.60691136,0.0
6584,6.4278755,1.3620299,1.367987,0.8252514,28714.828,6.4278755,1.1146086,0.059143826,0.7247413,0.0
6585,6.673439,1.3884574,1.331138,0.81559694,28714.828,6.673439,1.1146086,0.0693281,0.84953815,0.0
6586,3.0412307,0.9975598,1.1168585,0.691011,28714.828,3.0412307,1.1146086,0.034720644,0.42546257,0.0
6587,3.2773147,1.0229671,1.0493082,0.6887472,28714.828,3.2773147,1.1146086,0.035999652,0.44113538,0.0
6588,3.9960299,1.1003151,1.0721271,0.7299466,28714.828,3.9960299,1.1146086,0.041855052,0.51288676,0.0
6589,3.1151059,1.0055102,1.0005511,0.70488065,28714.828,3.1151059,1.1146086,0.044251755,0.54225564,0.0
6590,2.5365553,0.9432467,1.1253322,0.7014874,28714.828,2.5365553,1.1146086,0.042131845,0.5162785,0.0
6591,2.2267127,0.9099015,1.0751396,0.7044557,28714.828,2.2267127,1.1146086,0.04209716,0.51585346,0.0
6592,2.1289258,0.8993777,1.0324199,0.64176553,28714.828,2.1289258,1.1146086,0.039834652,0.488129,0.0
6593,4.2121444,1.1235733,1.1112789,0.71637726,28714.828,4.2121444,1.1146086,0.046154972,0.56557745,0.0
6594,3.2457776,1.0195731,1.3378696,0.6625407,28714.828,3.2457776,1.1146086,0.041818604,0.5124401,0.0
6595,0.89651775,0.76674616,1.2852751,0.7410358,24297.16,0.89651775,0.70021516,0.0455321,0.55794483,0.0
6596,1.4809328,0.8296408,1.0238786,0.7890999,24297.16,1.4809328,0.70021516,0.05434842,0.66597897,0.0
6597,3.0684688,1.0004911,0.96193653,0.83842814,24297.16,3.0684688,0.70021516,0.06616013,0.8107182,0.0
6598,1.9836464,0.88374275,0.8849516,0.597125,23744.955,1.9836464,0.6484163,0.045671277,0.5596503,0.0
6599,2.1463714,0.9012552,0.8615432,0.41129154,23744.955,2.1463714,0.6484163,0.043870963,0.5375895,0.0
6600,2.216615,0.9088148,0.974056,0.41129154,23744.955,2.216615,0.6484163,0.042999305,0.5269083,0.0
6601,3.4890084,1.0457495,1.0336195,0.46426308,23744.955,3.4890084,0.6484163,0.042724278,0.5235381,0.0
6602,3.5489244,1.0521977,1.0442284,0.47588405,23744.955,3.5489244,0.6484163,0.03665332,0.44914535,0.0
6603,2.3821778,0.92663264,1.0345976,0.5148032,23744.955,2.3821778,0.6484163,0.036127616,0.44270343,0.0
6604,1.2301658,0.8026533,0.9703407,0.52918434,16566.244,1.2301658,0.0,0.042110145,0.5160126,0.0
6605,1.3556948,0.8161627,0.8308985,0.48210707,16566.244,1.3556948,0.0,0.054405406,0.66667724,0.0
6606,1.739576,0.85747594,0.822913,0.49330604,16566.244,1.739576,0.0,0.049719904,0.6092617,0.0
6607,1.9745644,0.88276535,0.8774681,0.52717125,16566.244,1.9745644,0.0,0.05524124,0.67691946,0.0
6608,3.99057,1.0997275,0.9262531,0.6867409,16566.244,3.99057,0.0,0.05435153,0.66601706,0.0
6609,4.32053,1.0924201,0.97687095,0.77353156,16566.244,3.9226696,0.0,0.105255514,1.2897884,1.0
6610,3.5635526,1.053772,0.9789323,0.91474897,16566.244,3.5635526,0.0,0.062391724,0.7645406,0.0
6611,3.2535071,1.0204049,0.96610177,0.90774775,16566.244,3.2535071,0.0,0.06549148,0.8025247,0.0
6612,3.9208155,1.0922205,1.0570695,0.84455293,16566.244,3.9208155,0.0,0.067335576,0.825122,0.0
6613,4.06709,1.1079626,1.1160525,0.8682626,16566.244,4.06709,0.0,0.073267795,0.8978147,0.0
6614,2.2313545,0.91040105,0.8745282,0.63050336,16566.244,2.2313545,0.0,0.043932285,0.5383409,0.0
6615,0.60557497,0.73543495,0.7979392,0.36132497,16566.244,0.60557497,0.0,0.034892287,0.42756587,0.0
6616,2.5650651,0.94631493,0.8126239,0.6728999,16566.244,2.5650651,0.0,0.037859354,0.46392393,0.0
6617,2.3658051,0.9248706,0.89231163,0.4616415,16566.244,2.3658051,0.0,0.033755712,0.4136384,0.0
6618,2.2412517,0.9114662,0.9433947,0.573991,16566.244,2.2412517,0.0,0.038744822,0.47477436,0.0
6619,2.2550888,0.91295534,1.1407202,0.5825998,16566.244,2.2550888,0.0,0.040540177,0.49677444,0.0
6620,1.6589562,0.84879965,0.9045156,0.6280448,16566.244,1.6589562,0.0,0.047423154,0.5811176,0.0
6621,1.7955868,0.8635038,0.8618631,0.51291275,16566.244,1.7955868,0.0,0.044218678,0.5418503,0.0
6622,2.075723,0.893652,1.0438184,0.49155095,16566.244,2.075723,0.0,0.049148407,0.6022586,0.0
6623,2.004451,0.88598174,0.8533833,0.50018626,16566.244,2.004451,0.0,0.04473995,0.5482379,0.0
6624,1.2605553,0.8059238,0.98883027,0.5282004,16566.244,1.2605553,0.0,0.0543389,0.66586226,0.0
6625,1.59367,0.84177357,0.8376262,0.40573004,16566.244,1.59367,0.0,0.045398016,0.5563018,0.0
6626,1.8340209,0.8676401,0.76770633,0.52769876,16566.244,1.8340209,0.0,0.03454436,0.4233024,0.0
6627,1.9314493,0.8781253,0.868806,0.7553356,16566.244,1.9314493,0.0,0.06791837,0.83226347,0.0
6628,1.5716348,0.83940214,0.78828484,0.5443525,16566.244,1.5716348,0.0,0.04266609,0.52282506,0.0
6629,1.6431056,0.8470938,0.8499726,0.46274474,16566.244,1.6431056,0.0,0.03926192,0.48111078,0.0
6630,2.037234,0.88950986,0.9236734,0.5471831,16566.244,2.037234,0.0,0.036993526,0.4533142,0.0
6631,2.2391582,0.9112409,0.9196687,0.54920274,16566.244,2.2391582,0.0,0.033192933,0.4067422,0.0
6632,2.4172246,0.93040437,0.9663712,0.5105236,16566.244,2.4172246,0.0,0.042866543,0.5252814,0.0
6633,1.7295232,0.85639405,0.8091533,0.78705615,16566.244,1.7295232,0.0,0.05321131,0.65204495,0.0
6634,2.1348171,0.9000117,0.84558016,0.5799255,16566.244,2.1348171,0.0,0.040587816,0.49735817,0.0
6635,1.7075549,0.85402983,0.8912067,0.5415137,16566.244,1.7075549,0.0,0.034334946,0.42073628,0.0
6636,0.0,0.59419405,0.900206,0.55036783,16566.244,0.0,0.0,0.04800865,0.5882922,0.0
6637,1.6704589,0.8500376,0.71371496,0.7121655,16566.244,1.6704589,0.0,0.051353477,0.6292793,0.0
6638,6.9064016,1.4135288,1.3015912,0.695598,16566.244,6.9064016,0.0,0.045033585,0.5518361,0.0
6639,2.7241497,0.9634356,1.2367793,0.72844565,16566.244,2.7241497,0.0,0.05426341,0.66493726,0.0
6640,1.7491198,0.85850304,0.9768477,0.76529056,16566.244,1.7491198,0.0,0.05385502,0.6599329,0.0
6641,1.2203889,0.8016011,0.75341666,0.6170573,16566.244,1.2203889,0.0,0.054241225,0.6646654,0.0
6642,2.7366621,0.9647822,0.9191346,0.59342915,16566.244,2.7366621,0.0,0.049905714,0.6115386,0.0
6643,3.29818,1.0252126,0.78786826,0.8134418,16566.244,3.29818,0.0,0.04921227,0.6030412,0.0
6644,3.0841503,1.0021788,0.7850507,0.7856312,16566.244,3.0841503,0.0,0.05069216,0.6211756,0.0
6645,2.5699267,0.94683814,0.8356485,0.84506905,16566.244,2.5699267,0.0,0.05092765,0.6240613,0.0
6646,2.431165,0.9319046,0.76669866,0.867309,16566.244,2.431165,0.0,0.04548925,0.5574198,0.0
6647,2.8770368,0.9798893,0.7686736,0.8992545,16566.244,2.8770368,0.0,0.051643904,0.63283813,0.0
6648,2.5183034,0.94128245,0.85762507,0.9103503,16566.244,2.5183034,0.0,0.050868645,0.6233382,0.0
6649,2.3767607,0.92604965,0.80645674,0.9040877,16566.244,2.3767607,0.0,0.05012275,0.6141981,0.0
6650,3.0528724,0.9988127,0.77212185,0.93703187,16566.244,3.0528724,0.0,0.05279064,0.6468901,0.0
6651,2.8362212,0.9754967,0.95648295,0.61787444,16566.244,2.8362212,0.0,0.059757788,0.7322647,0.0
6652,3.0052905,0.9936919,0.9234656,0.7023619,16566.244,3.0052905,0.0,0.050727766,0.6216119,0.0
6653,3.1780093,1.0122799,1.0971085,0.8271126,16566.244,3.1780093,0.0,0.069333486,0.8496041,0.0
6654,7.6969976,1.4334611,1.4279708,0.7590327,16566.244,7.091612,0.0,0.10151107,1.2439044,1.0
6655,7.6852345,1.4674991,1.4952918,0.7831257,0.0,7.407892,0.0,0.09033612,1.1069679,1.0
6656,3.5466547,1.0519534,0.9965325,0.8141536,0.0,3.5466547,0.0,0.067116685,0.82243973,0.0
6657,4.267478,1.1295283,1.2021021,0.8105507,0.0,4.267478,0.0,0.04265273,0.5226614,0.0
6658,4.779281,1.1846085,1.2106864,0.6834189,16566.244,4.779281,0.0,0.049386855,0.60518056,0.0
6659,5.4771295,1.2597108,1.2606559,0.6625809,16566.244,5.4771295,0.0,0.05150987,0.63119566,0.0
6660,4.6758494,1.1734772,1.1359805,0.6461419,16566.244,4.6758494,0.0,0.043720327,0.5357436,0.0
6661,4.4886866,1.1533347,1.1797293,0.67086685,16566.244,4.4886866,0.0,0.038260512,0.46883968,0.0
6662,3.7042434,1.0689131,1.231802,0.37963983,16566.244,3.7042434,0.0,0.041314434,0.50626206,0.0
6663,3.3697257,1.0329124,1.3869926,0.8281668,16566.244,3.3697257,0.0,0.057131298,0.70008,0.0
6664,7.626973,1.4910766,1.5873828,0.7890036,16566.244,7.626973,0.0,0.06657714,0.81582814,0.0
6665,4.8518615,1.1924195,1.3197074,0.83259344,16566.244,4.8518615,0.0,0.058147155,0.71252817,0.0
6666,6.188577,1.3362767,1.4478557,0.6002848,16566.244,6.188577,0.0,0.048212864,0.59079456,0.0
6667,3.9282038,1.0930157,1.2752614,0.49894294,16566.244,3.9282038,0.0,0.049110465,0.6017937,0.0
6668,3.6897848,1.0673571,1.102459,0.690428,16566.244,3.6897848,0.0,0.051046986,0.62552357,0.0
6669,4.6795335,1.1738737,1.1590806,0.75555915,16566.244,4.6795335,0.0,0.045417722,0.5565433,0.0
6670,4.190307,1.1212232,1.1781138,0.48355624,16566.244,4.190307,0.0,0.044150908,0.54101986,0.0
6671,4.3125477,1.1343787,1.3877157,0.67493135,16566.244,4.3125477,0.0,0.053142086,0.65119666,0.0
6672,5.01049,1.2094911,1.2261317,0.75096357,16566.244,5.01049,0.0,0.045215614,0.55406666,0.0
6673,4.881544,1.195614,1.1581193,0.6102465,16566.244,4.881544,0.0,0.036747504,0.45029947,0.0
6674,4.718698,1.1780885,1.1944537,0.71888965,16566.244,4.718698,0.0,0.032273397,0.39547428,0.0
6675,5.934354,1.3089172,1.3007704,0.7432491,16566.244,5.934354,0.0,0.044588603,0.5463833,0.0
6676,5.267729,1.2371751,1.3198099,0.6000341,16566.244,5.267729,0.0,0.036655664,0.44917408,0.0
6677,5.9609027,1.3117744,1.3356577,0.68832767,16566.244,5.9609027,0.0,0.041818365,0.51243716,0.0
6678,5.6538615,1.2787306,1.3828173,0.7852359,16566.244,5.6538615,0.0,0.047581125,0.58305335,0.0
6679,4.8540487,1.192655,1.1434207,0.6495976,16566.244,4.8540487,0.0,0.042696003,0.52319163,0.0
6680,4.9068117,1.1983333,1.2648789,0.72631246,16566.244,4.9068117,0.0,0.04003593,0.49059543,0.0
6681,5.6660213,1.2800393,1.2308123,0.65886074,16566.244,5.6660213,0.0,0.04447735,0.54502004,0.0
6682,4.535707,1.158395,1.2352071,0.6686109,28162.62,4.535707,1.0628095,0.044633914,0.5469386,0.0
6683,7.5148096,1.4790056,1.6392205,0.70437366,28162.62,7.5148096,1.0628095,0.036869213,0.45179087,0.0
6684,5.550412,1.2675974,1.2633778,0.6798058,28162.62,5.550412,1.0628095,0.04361739,0.53448224,0.0
6685,4.233495,1.1258711,1.2359245,0.67989624,28162.62,4.233495,1.0628095,0.049221665,0.6031563,0.0
6686,3.5091252,1.0479145,0.99936646,0.6787538,28162.62,3.5091252,1.0628095,0.061028752,0.7478389,0.0
6687,3.282524,1.0235277,0.9594894,0.732212,28162.62,3.282524,1.0628095,0.044180352,0.5413807,0.0
6688,1.9366843,0.8786887,0.9109823,0.62173647,28162.62,1.9366843,1.0628095,0.043371532,0.5314695,0.0
6689,1.4373784,0.8249535,1.2923778,0.77517724,28162.62,1.4373784,1.0628095,0.04998401,0.61249804,0.0
6690,1.9257597,0.877513,1.2843758,0.7752423,28162.62,1.9257597,1.0628095,0.045390636,0.55621135,0.0
6691,0.85024756,0.6892776,1.4624865,0.74486476,28162.62,0.1766822,1.0628095,0.083063155,1.0178459,1.0
6692,0.85024756,0.6925128,1.3183548,0.7967321,28162.62,0.20674378,1.0628095,0.08187934,1.0033395,1.0
6693,3.0341387,0.9824814,1.4121909,0.7631238,28162.62,2.901123,1.0628095,0.092297226,1.1309991,1.0
6694,4.625847,1.1511185,1.3735136,0.78792524,28162.62,4.4680934,1.0628095,0.08983899,1.1008761,1.0
6695,5.6397667,1.2597244,1.4607793,0.77145195,28162.62,5.477256,1.0628095,0.08852475,1.0847716,1.0
6696,5.8694,1.2753849,1.3822939,0.7879253,28162.62,5.6227727,1.0628095,0.09183383,1.1253207,1.0
6697,4.187527,1.109653,1.2792186,0.74388,28162.62,4.082797,1.0628095,0.08758779,1.0732901,1.0
6698,5.7879376,1.2873402,1.4510832,0.80688626,25953.78,5.733861,0.85561216,0.08380579,1.0269461,1.0
6699,6.0024033,1.3119572,1.3323545,0.7879253,25953.78,5.962602,0.85561216,0.083163194,1.0190717,1.0
6700,4.8527465,1.1925148,1.2575383,0.64038163,25953.78,4.8527465,0.85561216,0.08119785,0.9949886,0.0
6701,6.5572243,1.3459598,1.3878292,0.7675112,25953.78,6.2785525,0.85561216,0.09195565,1.1268134,1.0
6702,7.0657973,1.3982573,1.3448887,0.8068862,25953.78,6.764499,0.85561216,0.09199213,1.1272604,1.0
6703,5.963135,1.2989714,1.283872,0.8192054,25953.78,5.841938,0.85561216,0.086444,1.0592743,1.0
6704,2.5953543,0.9240294,1.2370095,0.8287131,25953.78,2.3579888,0.85561216,0.10507797,1.2876127,1.0
6705,8.241617,1.4948789,1.5250112,0.6753085,25953.78,7.662304,0.85561216,0.099235184,1.2160159,1.0
6706,7.3757887,1.4125674,1.538525,0.6431812,25953.78,6.897468,0.85561216,0.09777599,1.1981351,1.0
6707,7.479909,1.384976,1.5139643,0.65596503,25953.78,6.6410904,0.85561216,0.11105693,1.3608782,1.0
6708,7.842293,1.4520916,1.5281883,0.59739476,25953.78,7.2647257,0.85561216,0.10014392,1.2271514,1.0
6709,6.410207,1.350034,1.4513661,0.676923,17118.451,6.31641,0.026825838,0.08506919,1.0424275,1.0
6710,8.691368,1.5277795,1.5023963,0.5754806,17118.451,7.968015,0.026825838,0.10277375,1.2593771,1.0
6711,7.7162824,1.442508,1.5233424,0.53010815,17118.451,7.1756754,0.026825838,0.099173,1.215254,1.0
6712,8.796441,1.5665448,1.5535452,0.4412015,17118.451,8.328221,0.026825838,0.0947154,1.1606311,1.0
6713,8.727024,1.5596458,1.5459156,0.4412015,17118.451,8.264116,0.026825838,0.09466721,1.1600405,1.0
6714,5.5811715,1.2470996,1.5320122,0.60121113,17118.451,5.359947,0.026825838,0.09123026,1.1179246,1.0
6715,5.368129,1.2303954,1.5252223,0.60121113,17118.451,5.2047324,0.026825838,0.088926665,1.0896966,1.0
6716,5.5121527,1.2507083,1.4866996,0.49721444,17118.451,5.393479,0.026825838,0.08673712,1.0628661,1.0
6717,5.1165953,1.190759,1.1898761,0.7681323,17118.451,4.836431,0.026825838,0.09511341,1.1655083,1.0
6718,3.9641495,1.0968841,1.1145165,0.7526164,17118.451,3.9641495,0.026825838,0.0757551,0.92829376,0.0
6719,3.2957735,1.0208006,1.0310667,0.79394525,17118.451,3.2571836,0.026825838,0.08436923,1.0338503,1.0
6720,3.8925073,1.089174,1.1474068,0.7042614,17118.451,3.8925073,0.026825838,0.07100067,0.8700336,0.0
6721,3.651853,1.0632749,1.118627,0.64038163,17118.451,3.651853,0.026825838,0.06538066,0.8011667,0.0
6722,3.599147,1.0576026,1.1722949,0.6105412,17118.451,3.599147,0.026825838,0.0565068,0.6924275,0.0
6723,3.6187198,1.0597091,1.2065957,0.5963533,17118.451,3.6187198,0.026825838,0.060657375,0.7432881,0.0
6724,4.91527,1.1992435,1.2401087,0.43558022,16014.038,4.91527,0.0,0.06441448,0.7893272,0.0
6725,3.2470968,1.0197151,1.1850938,0.59035856,16014.038,3.2470968,0.0,0.055334426,0.67806137,0.0
6726,2.067325,0.89274824,1.1368443,0.7987346,16014.038,2.067325,0.0,0.06996521,0.8573452,0.0
6727,5.402599,1.2516898,1.1548898,0.8082691,16014.038,5.402599,0.0,0.07425665,0.909932,0.0
6728,2.2286,0.91010463,1.1134095,0.61220866,16014.038,2.2286,0.0,0.06999758,0.85774183,0.0
6729,2.4491,0.9338348,1.2098591,0.59035856,16014.038,2.4491,0.0,0.06106757,0.7483146,0.0
6730,1.8445283,0.8687709,1.2059482,0.59035856,16014.038,1.8445283,0.0,0.05827823,0.71413434,0.0
6731,2.8582788,0.9778705,1.2499826,0.59035856,16014.038,2.8582788,0.0,0.066158675,0.81070036,0.0
6732,5.480912,1.2601179,1.2881172,0.47285038,3865.4575,5.480912,0.0,0.06879653,0.8430244,0.0
6733,5.2039843,1.229302,1.2394577,0.61019456,3865.4575,5.1945724,0.0,0.08202927,1.0051767,1.0
6734,3.8446186,1.0840203,1.2506254,0.5826632,27610.412,3.8446186,1.0110104,0.075279616,0.9224673,0.0
6735,4.401701,1.1439734,1.2683331,0.623826,28162.62,4.401701,1.0628095,0.07811197,0.9571746,0.0
6736,5.654231,1.2787704,1.2430545,0.5792144,28162.62,5.654231,1.0628095,0.071449526,0.8755338,0.0
6737,4.52759,1.1575215,1.2023132,0.6372771,28162.62,4.52759,1.0628095,0.06460274,0.79163414,0.0
6738,4.899223,1.1975166,1.2455275,0.6440206,28162.62,4.899223,1.0628095,0.054917336,0.6729504,0.0
6739,4.269414,1.1297367,1.1935563,0.64402056,28162.62,4.269414,1.0628095,0.05727127,0.70179516,0.0
6740,3.2737823,1.022587,1.1304226,0.6440206,28162.62,3.2737823,1.0628095,0.0539809,0.6614754,0.0
6741,3.6316965,1.0611056,1.0834783,0.7030801,28162.62,3.6316965,1.0628095,0.056454957,0.6917922,0.0
6742,4.5837317,1.1635635,1.1996849,0.631504,28162.62,4.5837317,1.0628095,0.051579367,0.6320473,0.0
6743,2.5520303,0.94491214,1.2463316,0.715967,28162.62,2.5520303,1.0628095,0.05576374,0.68332213,0.0
6744,4.5265408,1.1574086,1.2872424,0.70786923,28162.62,4.5265408,1.0628095,0.054297984,0.6653609,0.0
6745,3.4990995,1.0468355,1.2991552,0.70786923,28162.62,3.4990995,1.0628095,0.056220092,0.6889142,0.0
6746,2.0781133,0.8939093,1.3399268,0.668679,28162.62,2.0781133,1.0628095,0.050460346,0.61833495,0.0
6747,2.3830857,0.92673033,1.3425889,0.6790892,28162.62,2.3830857,1.0628095,0.046289727,0.56722873,0.0
6748,2.0458503,0.8904371,1.4112198,0.6219069,28162.62,2.0458503,1.0628095,0.048071485,0.58906215,0.0
6749,6.3839703,1.3573048,1.3609886,0.5769884,28162.62,6.3839703,1.0628095,0.04553639,0.5579974,0.0
6750,4.276203,1.1304673,1.262367,0.80985856,28162.62,4.276203,1.0628095,0.056926355,0.69756866,0.0
6751,4.106093,1.093626,0.9796051,0.8935206,24297.16,3.933875,0.70021516,0.091814235,1.1250805,1.0
6752,5.43136,1.2200919,1.135247,0.9176402,24297.16,5.1089926,0.70021516,0.096318886,1.18028,1.0
6753,5.917,1.2941735,1.1795329,0.89292103,24297.16,5.7973557,0.70021516,0.086418755,1.058965,1.0
6754,5.770038,1.274792,1.1887194,0.89292103,24297.16,5.6172633,0.70021516,0.0879482,1.0777066,1.0
6755,3.5716364,1.054642,1.0689317,0.8477863,24297.16,3.5716364,0.70021516,0.054082055,0.66271496,0.0
6756,3.8516335,1.0847752,0.96108943,0.8208105,23192.75,3.8516335,0.5966174,0.05249748,0.6432978,0.0
6757,3.1225915,1.0063158,0.86595774,0.68782717,23192.75,3.1225915,0.5966174,0.046774626,0.5731706,0.0
6758,2.6996055,0.96079415,0.90024316,0.666553,16566.244,2.6996055,0.0,0.049279023,0.6038592,0.0
6759,2.3475432,0.92290527,0.8954716,0.60706306,5.1068583,2.3475432,0.0,0.044427037,0.54440355,0.0
6760,3.4799962,1.0447797,0.95692164,0.8215779,5.1068583,3.4799962,0.0,0.07571087,0.92775184,0.0
6761,2.4366562,0.9324956,0.93545514,0.4394668,16566.244,2.4366562,0.0,0.04664461,0.57157737,0.0
6762,2.613825,0.95156246,0.92204845,0.6552173,16566.244,2.613825,0.0,0.054105226,0.6629989,0.0
6763,2.768954,0.9682574,0.9033874,0.45760736,16566.244,2.768954,0.0,0.0456491,0.55937856,0.0
6764,3.5295951,1.0501175,0.8775705,0.7450691,16566.244,3.5295951,0.0,0.05315354,0.651337,0.0
6765,1.8314649,0.867365,0.92457485,0.48397353,16566.244,1.8314649,0.0,0.041391466,0.507206,0.0
6766,3.402705,1.0364616,0.92720497,0.669692,16566.244,3.402705,0.0,0.04434575,0.54340744,0.0
6767,2.6193464,0.95215666,0.936038,0.4481027,16566.244,2.6193464,0.0,0.03310537,0.40566918,0.0
6768,2.0134583,0.8869511,0.95149124,0.4548024,16566.244,2.0134583,0.0,0.034216803,0.41928855,0.0
6769,2.0591824,0.8918719,0.89032537,0.59514534,16566.244,2.0591824,0.0,0.035099395,0.43010372,0.0
6770,3.8666053,1.0863864,1.0445658,0.8178304,16566.244,3.8666053,0.0,0.04391849,0.5381719,0.0
6771,4.074168,1.1087244,1.0535473,0.6242973,16566.244,4.074168,0.0,0.0513321,0.62901735,0.0
6772,2.1741152,0.90424097,0.93087983,0.69918144,16566.244,2.1741152,0.0,0.048266508,0.59145194,0.0
6773,7.4253726,1.4693804,1.3866062,0.590692,16566.244,7.4253726,0.0,0.06222706,0.7625228,0.0
6774,3.147581,1.0090052,1.1132697,0.79285365,16566.244,3.147581,0.0,0.047474723,0.5817495,0.0
6775,2.3632598,0.92459667,0.87908417,0.65672916,16566.244,2.3632598,0.0,0.042299144,0.5183286,0.0
6776,3.2052174,1.015208,0.9571783,0.7337979,16566.244,3.2052174,0.0,0.054752816,0.6709344,0.0
6777,2.5522337,0.944934,0.946174,0.49134618,28162.62,2.5522337,1.0628095,0.040299803,0.4938289,0.0
6778,3.0099046,0.9941885,0.96128565,0.6473645,28162.62,3.0099046,1.0628095,0.038444735,0.47109714,0.0
6779,2.1053326,0.8968386,0.89520967,0.72721326,28162.62,2.1053326,1.0628095,0.044094983,0.5403346,0.0
6780,3.4629555,1.0429457,0.9677582,0.66749465,28162.62,3.4629555,1.0628095,0.04001605,0.49035186,0.0
6781,3.7841544,1.0775131,0.9750692,0.65572596,28162.62,3.7841544,1.0628095,0.048346907,0.59243715,0.0
6782,3.27588,1.0228127,1.032471,0.545222,28162.62,3.27588,1.0628095,0.07006797,0.85860443,0.0
6783,3.338458,1.0295473,1.1018432,0.63923913,28162.62,3.338458,1.0628095,0.0520804,0.63818693,0.0
6784,5.093762,1.2184528,1.2229205,0.78699327,28162.62,5.093762,1.0628095,0.04648835,0.5696626,0.0
6785,4.798379,1.1866637,1.2620544,0.78699327,28162.62,4.798379,1.0628095,0.043699592,0.5354895,0.0
6786,2.87977,0.9801834,1.1838781,0.78090686,28162.62,2.87977,1.0628095,0.037512645,0.4596754,0.0
6787,2.212867,0.90841144,1.061398,0.7418997,28162.62,2.212867,1.0628095,0.04168422,0.5107934,0.0
6788,3.6063626,1.0583792,1.2071426,0.6877288,28162.62,3.6063626,1.0628095,0.042929795,0.5260565,0.0
6789,1.7813756,0.8619744,1.2081355,0.7434359,28162.62,1.7813756,1.0628095,0.046824876,0.5737864,0.0
6790,5.143333,1.2237877,1.3169869,0.70574975,28162.62,5.143333,1.0628095,0.04413003,0.54076403,0.0
6791,5.6633377,1.2797505,1.3851615,0.8051758,28162.62,5.6633377,1.0628095,0.041126262,0.50395626,0.0
6792,4.3348308,1.1367768,1.2515769,0.81813395,28162.62,4.3348308,1.0628095,0.052394263,0.642033,0.0
6793,3.9991236,1.100648,1.2759697,0.76231635,24297.16,3.9991236,0.70021516,0.040299367,0.49382356,0.0
6794,1.4428355,0.8255408,0.78302675,0.84905756,24297.16,1.4428355,0.70021516,0.046726536,0.5725813,0.0
6795,1.4128675,0.82231563,1.3272598,0.66938156,24297.16,1.4128675,0.70021516,0.042183086,0.51690644,0.0
6796,2.2430243,0.911657,1.1285927,0.77427787,24297.16,2.2430243,0.70021516,0.041255873,0.5055445,0.0
6797,3.8439817,1.0839517,1.1668527,0.6782428,23744.955,3.8439817,0.6484163,0.04041323,0.49521884,0.0
6798,3.7533064,1.0741932,1.220245,0.57527834,23744.955,3.7533064,0.6484163,0.045931734,0.5628419,0.0
6799,1.3454708,0.8150624,0.9823453,0.79034024,23744.955,1.3454708,0.6484163,0.049955036,0.612143,0.0
6800,3.3947086,1.035601,1.1610153,0.6678723,23192.75,3.3947086,0.5966174,0.05588536,0.6848124,0.0
6801,2.485286,0.9377291,1.028499,0.5632405,22640.53,2.485286,0.5448171,0.057823207,0.70855856,0.0
6802,3.415728,1.0378631,1.0544204,0.59801203,22640.53,3.415728,0.5448171,0.061533388,0.75402266,0.0
6803,2.0313652,0.8888782,1.0065501,0.538295,16566.244,2.0313652,0.0,0.060714297,0.74398565,0.0
6804,1.220746,0.80163956,0.85230595,0.5248892,16566.244,1.220746,0.0,0.045807987,0.56132555,0.0
6805,1.5939525,0.84180397,0.7672027,0.5451637,16566.244,1.5939525,0.0,0.034075677,0.41755924,0.0
6806,1.6934468,0.8525115,0.8811919,0.6975447,5.1068583,1.6934468,0.0,0.05740032,0.7033766,0.0
6807,1.9927294,0.88472027,1.0288833,0.66364896,5.1068583,1.9927294,0.0,0.05923665,0.7258787,0.0
6808,2.211426,0.90825635,0.9746894,0.42821747,5.1068583,2.211426,0.0,0.05142711,0.6301816,0.0
6809,1.6605445,0.8489706,0.88003534,0.6156816,5.1068583,1.6605445,0.0,0.045188572,0.5537353,0.0
6810,1.9725196,0.8825453,0.7868036,0.7054943,5.1068583,1.9725196,0.0,0.041834623,0.5126364,0.0
6811,1.2012994,0.7995467,0.85335034,0.7354544,16566.244,1.2012994,0.0,0.055568956,0.68093526,0.0
6812,2.3533552,0.92353076,0.8665209,0.53380525,16566.244,2.3533552,0.0,0.053482894,0.6553729,0.0
6813,2.4980664,0.93910456,0.80806524,0.5697552,16566.244,2.4980664,0.0,0.042257607,0.5178196,0.0
6814,2.6290662,0.9532027,0.8743597,0.77023584,17118.451,2.6290662,0.026825838,0.04598709,0.5635202,0.0
6815,2.2393913,0.91126597,0.80504775,0.579695,17118.451,2.2393913,0.026825838,0.04690206,0.5747322,0.0
6816,1.7390548,0.85741985,0.8088732,0.5577611,17118.451,1.7390548,0.026825838,0.036461577,0.44679573,0.0
6817,2.4785075,0.9369996,0.81879914,0.7713282,17118.451,2.4785075,0.026825838,0.046548203,0.57039607,0.0
6818,3.3207228,1.0276387,1.0318562,0.7349175,17118.451,3.3207228,0.026825838,0.038898192,0.47665372,0.0
6819,1.8259292,0.86676925,0.78945094,0.56613374,17118.451,1.8259292,0.026825838,0.05449369,0.6677591,0.0
6820,0.8451653,0.7612196,0.8307675,0.6479392,17118.451,0.8451653,0.026825838,0.050282195,0.6161519,0.0
6821,1.8339267,0.86762995,0.9919113,0.77351385,17118.451,1.8339267,0.026825838,0.037295677,0.4570167,0.0
6822,2.3834324,0.92676765,1.0072362,0.5562038,17118.451,2.3834324,0.026825838,0.06729049,0.8245695,0.0
6823,0.32712242,0.70546794,0.983131,0.8065662,17118.451,0.32712242,0.026825838,0.04076605,0.49954224,0.0
6824,3.5755842,1.0550668,1.2213308,0.78132784,17118.451,3.5755842,0.026825838,0.03604873,0.44173676,0.0
6825,1.2858522,0.80864626,0.9725629,0.7994572,17118.451,1.2858522,0.026825838,0.04282037,0.52471566,0.0
6826,0.97052133,0.7747104,0.7691966,0.7678888,17118.451,0.97052133,0.026825838,0.039049212,0.4785043,0.0
6827,1.8204168,0.866176,1.0187789,0.7367445,17118.451,1.8204168,0.026825838,0.069613025,0.85302955,0.0
6828,2.8613,0.97819567,1.084832,0.7663339,17118.451,2.8613,0.026825838,0.032270815,0.39544266,0.0
6829,3.6766498,1.0659435,1.092527,0.7588588,17118.451,3.6766498,0.026825838,0.034319416,0.42054597,0.0
6830,2.2333372,0.91061443,1.0814292,0.7615098,16566.244,2.2333372,0.0,0.029403454,0.36030635,0.0
6831,3.954097,1.0958023,1.1033183,0.69418776,16566.244,3.954097,0.0,0.031074213,0.38077965,0.0
6832,2.4111373,0.92974925,1.0635419,0.6782239,16566.244,2.4111373,0.0,0.03249263,0.39816076,0.0
6833,4.856011,1.1928661,1.3349687,0.7776212,16566.244,4.856011,0.0,0.047554012,0.5827211,0.0
6834,4.316574,1.134812,1.2515563,0.68685377,16566.244,4.316574,0.0,0.036540154,0.44775862,0.0
6835,4.085112,1.1099021,1.3528125,0.6968694,16566.244,4.085112,0.0,0.040955506,0.50186384,0.0
6836,4.7750144,1.1841493,1.3548387,0.70551515,16566.244,4.7750144,0.0,0.052419934,0.6423475,0.0
6837,4.1789966,1.120006,1.1873783,0.6639014,16566.244,4.1789966,0.0,0.039282702,0.48136547,0.0
6838,6.681924,1.3893706,1.3739039,0.64487934,16566.244,6.681924,0.0,0.036865193,0.4517416,0.0
6839,4.6399183,1.1696103,1.3294787,0.6968694,16566.244,4.6399183,0.0,0.03620161,0.44361016,0.0
6840,4.043645,1.1054394,1.4079298,0.6532355,16566.244,4.043645,0.0,0.041226745,0.5051875,0.0
6841,3.5239315,1.049508,1.3144137,0.772771,16566.244,3.5239315,0.0,0.04480413,0.5490244,0.0
6842,3.7141075,1.0699747,1.065003,0.774011,16566.244,3.7141075,0.0,0.03239752,0.39699528,0.0
6843,4.0509944,1.1062304,1.3189309,0.7776212,16566.244,4.0509944,0.0,0.050000384,0.6126987,0.0
6844,5.5429816,1.2667978,1.2218056,0.76607364,16566.244,5.5429816,0.0,0.037370615,0.45793498,0.0
6845,3.871561,1.0869198,1.2175611,0.7527847,16566.244,3.871561,0.0,0.036297508,0.44478527,0.0
6846,4.1868525,1.1208514,1.2877734,0.7342176,16566.244,4.1868525,0.0,0.051497053,0.63103867,0.0
6847,2.266065,0.9141366,0.7807542,0.8806597,16566.244,2.266065,0.0,0.053935964,0.6609248,0.0
6848,5.5291853,1.265313,1.3621906,0.6565625,16566.244,5.5291853,0.0,0.04522794,0.5542177,0.0
6849,5.219883,1.232026,1.3243467,0.704518,16566.244,5.219883,0.0,0.04500679,0.5515078,0.0
6850,3.325921,1.0281981,1.3723626,0.704518,16566.244,3.325921,0.0,0.047170993,0.5780276,0.0
6851,4.8517747,1.1924102,1.1439844,0.6886664,16566.244,4.8517747,0.0,0.057500508,0.70460427,0.0
6852,4.094788,1.1109434,1.1815188,0.6311822,16566.244,4.094788,0.0,0.051980477,0.6369625,0.0
6853,4.7091985,1.1770662,1.2876173,0.5951695,16566.244,4.7091985,0.0,0.049791157,0.61013484,0.0
6854,4.142424,1.11607,1.2172251,0.70737034,16566.244,4.142424,0.0,0.054427266,0.6669451,0.0
6855,6.098522,1.3265849,1.3112814,0.70112073,16566.244,6.098522,0.0,0.05909379,0.7241281,0.0
6856,3.332524,1.0289087,1.3264434,0.85415304,16566.244,3.332524,0.0,0.056149784,0.68805265,0.0
6857,5.5019374,1.2623806,1.3168167,0.7406858,16566.244,5.5019374,0.0,0.052987546,0.64930296,0.0
6858,5.677422,1.2812662,1.2694895,0.70493025,16566.244,5.677422,0.0,0.051950775,0.6365985,0.0
6859,6.03945,1.3202276,1.2950699,0.70493025,16566.244,6.03945,0.0,0.05355472,0.65625304,0.0
6860,4.988269,1.2070997,1.2926089,0.70493025,16566.244,4.988269,0.0,0.054750614,0.6709074,0.0
6861,5.6512794,1.2784528,1.2909664,0.7018376,16566.244,5.6512794,0.0,0.053264923,0.6527019,0.0
6862,6.1922593,1.3366729,1.317258,0.68446684,16566.244,6.1922593,0.0,0.055909004,0.68510216,0.0
6863,6.350826,1.3537378,1.3364298,0.70502347,16566.244,6.350826,0.0,0.054209627,0.6642782,0.0
6864,3.103381,1.0042484,1.0578004,0.77908957,16566.244,3.103381,0.0,0.054925084,0.67304534,0.0
6865,3.5161934,1.0486752,1.0240649,0.78958917,16566.244,3.5161934,0.0,0.05286134,0.64775646,0.0
6866,3.1986732,1.0145037,1.0896977,0.74038565,16566.244,3.1986732,0.0,0.05169912,0.63351476,0.0
6867,3.7318115,1.07188,1.0740277,0.6456581,16566.244,3.7318115,0.0,0.054557357,0.6685392,0.0
6868,4.1328816,1.115043,1.1983331,0.73023796,16566.244,4.1328816,0.0,0.05434891,0.6659849,0.0
6869,3.9174159,1.0918547,1.0839274,0.63814235,16566.244,3.9174159,0.0,0.04982108,0.61050147,0.0
6870,5.1010084,1.2192327,1.1622578,0.5777649,16566.244,5.1010084,0.0,0.051769856,0.63438153,0.0
6871,5.258432,1.2361746,1.2091208,0.57249343,16566.244,5.258432,0.0,0.048637204,0.5959944,0.0
6872,5.1565466,1.2252097,1.1823137,0.5527425,16566.244,5.1565466,0.0,0.04967195,0.6086741,0.0
6873,5.5742507,1.2701629,1.2484332,0.5067751,28162.62,5.5742507,1.0628095,0.05137055,0.62948847,0.0
6874,2.334843,0.9215385,1.0964581,0.7604027,28162.62,2.334843,1.0628095,0.059127834,0.7245453,0.0
6875,5.291473,1.2397305,1.2647969,0.558889,28162.62,5.291473,1.0628095,0.052378226,0.64183646,0.0
6876,3.0697858,1.0006329,1.3060119,0.9080645,28162.62,3.0697858,1.0628095,0.065743506,0.805613,0.0
6877,2.029426,0.88866955,0.76955324,0.90938735,28162.62,2.029426,1.0628095,0.060152996,0.7371075,0.0
6878,7.4763794,1.4632208,1.5192449,0.7635282,28162.62,7.3681383,1.0628095,0.08503207,1.0419726,1.0
6879,2.3418767,0.92229545,0.9818629,0.89454967,28162.62,2.3418767,1.0628095,0.07681723,0.94130903,0.0
6880,5.1026726,1.2159979,1.3630649,0.7945341,28162.62,5.070951,1.0628095,0.08306535,1.0178728,1.0
6881,4.023688,1.1032916,1.2904626,0.646048,28162.62,4.023688,1.0628095,0.08083061,0.9904885,0.0
6882,1.679409,0.8510008,1.2000293,0.52102524,28162.62,1.679409,1.0628095,0.054966673,0.67355496,0.0
6883,0.85024756,0.7576343,0.9794685,0.51410085,28162.62,0.8118504,1.0628095,0.05316878,0.6515238,0.0
6884,1.0012714,0.7780197,0.74760354,0.7459623,28162.62,1.0012714,1.0628095,0.064806215,0.7941275,0.0
6885,1.0950516,0.78811234,0.7300904,0.62698346,28162.62,1.0950516,1.0628095,0.059966803,0.7348259,0.0
6886,1.2350209,0.8031758,0.7315277,0.51410085,28162.62,1.2350209,1.0628095,0.054712895,0.6704452,0.0
6887,4.462549,1.1483585,1.080238,0.7704716,28162.62,4.442447,1.0628095,0.08266187,1.0129285,1.0
6888,1.2373863,0.8034304,0.84929514,0.51410085,28162.62,1.2373863,1.0628095,0.055381615,0.6786396,0.0
6889,1.2151943,0.8010421,0.7676316,0.63242114,23744.955,1.2151943,0.6484163,0.055941205,0.68549675,0.0
6890,1.2595888,0.8058198,0.76975405,0.761461,23744.955,1.2595888,0.6484163,0.068232015,0.83610684,0.0
6891,1.2970587,0.8098523,0.8431928,0.69100034,23744.955,1.2970587,0.6484163,0.06700315,0.8210485,0.0
6892,4.9496193,1.2029402,1.3183972,0.7577258,23744.955,4.9496193,0.6484163,0.06899099,0.84540725,0.0
6893,4.214169,1.1237912,1.0750316,0.7860351,23744.955,4.214169,0.6484163,0.06955494,0.8523178,0.0
6894,2.4787512,0.93702585,0.9787992,0.8727493,23744.955,2.4787512,0.6484163,0.06811468,0.83466905,0.0
6895,4.895028,1.1970651,1.3007246,0.74971503,23744.955,4.895028,0.6484163,0.06431238,0.78807616,0.0
6896,2.5374172,0.94333947,0.9071499,0.78394234,23744.955,2.5374172,0.6484163,0.07258012,0.889388,0.0
6897,4.6512775,1.1708328,1.2810094,0.70335203,23744.955,4.6512775,0.6484163,0.07099052,0.8699092,0.0
6898,1.5934856,0.8417537,0.90279466,0.80544347,16014.038,1.5934856,0.0,0.07282889,0.8924364,0.0
6899,0.79605865,0.7559348,1.1669749,0.7468014,16014.038,0.79605865,0.0,0.07416914,0.9088596,0.0
6900,1.3544186,0.8160254,0.7455118,0.6847709,16014.038,1.3544186,0.0,0.07001456,0.8579499,0.0
6901,3.0607648,0.9984635,1.1604049,0.7822556,16014.038,3.049628,0.0,0.0824583,1.010434,1.0
6902,2.582541,0.9481957,0.8285814,0.76421565,16014.038,2.582541,0.0,0.06135157,0.7517947,0.0
6903,2.472583,0.936362,0.76730126,0.86137956,16014.038,2.472583,0.0,0.06790583,0.8321098,0.0
6904,2.0567706,0.89161235,0.7850018,0.83462757,16014.038,2.0567706,0.0,0.06274353,0.76885164,0.0
6905,3.3263376,1.028243,0.8514332,0.80147284,16566.244,3.3263376,0.0,0.05892861,0.722104,0.0
6906,3.0633733,0.9999428,0.8796782,0.76000637,16566.244,3.0633733,0.0,0.05746227,0.7041357,0.0
6907,1.7286791,0.8563032,0.8172113,0.69682056,16566.244,1.7286791,0.0,0.07099107,0.86991596,0.0
6908,3.050085,0.9985127,0.87064475,0.6305894,16566.244,3.050085,0.0,0.06897391,0.8451979,0.0
6909,1.7832682,0.8621781,0.79531896,0.77538383,16566.244,1.7832682,0.0,0.054654382,0.66972816,0.0
6910,3.2978258,1.0251745,0.998603,0.7821479,16566.244,3.2978258,0.0,0.0652383,0.7994222,0.0
6911,3.8520525,1.0848203,1.0527874,0.7108188,16566.244,3.8520525,0.0,0.06763193,0.8287535,0.0
6912,3.5541062,1.0527554,1.0432105,0.3177436,16566.244,3.5541062,0.0,0.043652687,0.53491473,0.0
6913,3.4414818,1.0406348,1.0406685,0.3207045,16566.244,3.4414818,0.0,0.053100478,0.6506868,0.0
6914,3.959949,1.0964321,1.0363837,0.53145975,16566.244,3.959949,0.0,0.055680256,0.68229914,0.0
6915,3.7611377,1.075036,1.0834241,0.4503128,16566.244,3.7611377,0.0,0.051696844,0.63348687,0.0
6916,3.9899685,1.0996628,1.0772172,0.5927706,16566.244,3.9899685,0.0,0.058224086,0.7134709,0.0
6917,3.1279182,0.99050677,0.9005551,0.75581926,16566.244,2.9756942,0.0,0.093534425,1.1461595,1.0
6918,3.3662066,1.0325336,0.924373,0.6647049,16566.244,3.3662066,0.0,0.05503025,0.674334,0.0
6919,3.4213097,1.0384638,1.0784769,0.3959725,16566.244,3.4213097,0.0,0.06036574,0.73971444,0.0
6920,3.7112806,1.0696704,1.1410859,0.5048107,16566.244,3.7112806,0.0,0.061746933,0.7566394,0.0
6921,2.2063513,0.9016697,0.8405196,0.5955208,16566.244,2.1502228,0.0,0.08769319,1.0745817,1.0
6922,3.1753728,1.0119962,1.0094227,0.64560723,16566.244,3.1753728,0.0,0.049435377,0.6057751,0.0
6923,2.6810408,0.9587962,1.0593274,0.62846017,16566.244,2.6810408,0.0,0.059334323,0.7270756,0.0
6924,3.970647,1.0975834,1.1105598,0.53145975,16566.244,3.970647,0.0,0.048348427,0.59245574,0.0
6925,4.0006256,1.1008097,1.1157286,0.51097494,16566.244,4.0006256,0.0,0.08132173,0.99650663,0.0
6926,4.2039313,1.0992455,1.1173319,0.51097494,16566.244,3.9860916,0.0,0.09434912,1.1561427,1.0
6927,3.3945081,1.0355794,1.1307325,0.54096764,16566.244,3.3945081,0.0,0.07105361,0.8706823,0.0
6928,4.0703115,1.0909706,1.1024024,0.51097494,16566.244,3.9092014,0.0,0.09121615,1.1177516,1.0
6929,5.647385,1.1808336,1.2129105,0.5118822,16566.244,4.744205,0.0,0.12599519,1.5439298,1.0
6930,3.6241345,1.0570186,1.0735145,0.5174198,28162.62,3.5937204,1.0628095,0.08358009,1.0241803,1.0
6931,5.223501,1.1565827,1.0719473,0.54024696,28162.62,4.5188665,1.0628095,0.11796422,1.4455193,1.0
6932,4.1421747,1.1160432,1.022047,0.5409677,28162.62,4.1421747,1.0628095,0.048292737,0.59177333,0.0
6933,4.1535764,1.1172702,0.98845726,0.54096764,28162.62,4.1535764,1.0628095,0.06955516,0.85232055,0.0
6934,3.1434648,1.0085622,0.9753713,0.5048107,28162.62,3.1434648,1.0628095,0.06548404,0.8024335,0.0
6935,3.9647775,1.0969517,0.9875189,0.5048107,28162.62,3.9647775,1.0628095,0.060096856,0.7364196,0.0
6936,2.9953632,0.9806547,0.9839434,0.51097494,28162.62,2.8841493,1.0628095,0.09059765,1.1101726,1.0
6937,2.8221676,0.9639058,1.0176811,0.48759574,28162.62,2.728519,1.0628095,0.089609444,1.0980632,1.0
6938,4.2177143,1.0974206,1.052456,0.51097494,28162.62,3.9691339,1.0628095,0.0962094,1.1789383,1.0
6939,3.2314618,1.0180324,1.0415405,0.5409677,28162.62,3.2314618,1.0628095,0.074123815,0.9083043,0.0
6940,4.7018204,1.1762722,1.1779053,0.51097494,28162.62,4.7018204,1.0628095,0.07781116,0.9534885,0.0
6941,5.211578,1.2311321,1.155257,0.5409677,28162.62,5.211578,1.0628095,0.061678603,0.75580215,0.0
6942,5.6474257,1.278038,1.176993,0.5409677,28162.62,5.6474257,1.0628095,0.07907651,0.968994,0.0
6943,6.235596,1.3119885,1.2887989,0.51097494,28162.62,5.962892,1.0628095,0.092270166,1.1306674,1.0
6944,6.663745,1.3623471,1.3196055,0.51097494,28162.62,6.4308233,1.0628095,0.090051845,1.1034844,1.0
6945,6.7297134,1.3492568,1.3401126,0.51097494,28162.62,6.309188,1.0628095,0.09714777,1.190437,1.0
6946,6.754665,1.3544765,1.3463058,0.51097494,24297.16,6.357689,0.70021516,0.09616552,1.1784006,1.0
6947,5.5961885,1.2725239,1.3252544,0.51097494,23744.955,5.5961885,0.6484163,0.07564488,0.9269432,0.0
6948,5.621878,1.2642033,1.32892,0.51097494,23744.955,5.5188737,0.6484163,0.085958555,1.0533258,1.0
6949,5.757682,1.2662953,1.311269,0.51097494,23744.955,5.538313,0.6484163,0.0908422,1.1131693,1.0
6950,5.8851194,1.2632203,1.282129,0.51097494,23744.955,5.50974,0.6484163,0.09749221,1.1946577,1.0
6951,5.1409664,1.2149475,1.2342896,0.5203361,23744.955,5.06119,0.6484163,0.08528199,1.0450351,1.0
6952,4.7597866,1.1571331,1.1805154,0.5203361,23744.955,4.523981,0.6484163,0.093760036,1.1489241,1.0
6953,4.5230403,1.1231462,1.1066154,0.53434247,23744.955,4.2081757,0.6484163,0.09905251,1.2137774,1.0
6954,4.487341,1.1157423,1.1214672,0.5203361,23744.955,4.139379,0.6484163,0.101206765,1.2401755,1.0
6955,3.1368773,1.0078533,1.001611,0.3207045,16566.244,3.1368773,0.0,0.062107164,0.7610537,0.0
6956,3.0023801,0.9933787,0.97945535,0.3207045,16566.244,3.0023801,0.0,0.07267232,0.89051783,0.0
6957,2.4436767,0.93325114,0.92419195,0.570633,16566.244,2.4436767,0.0,0.07455734,0.91361666,0.0
6958,2.878775,0.9800763,0.94303864,0.33774665,16566.244,2.878775,0.0,0.071340546,0.87419844,0.0
6959,2.8655064,0.97864836,0.93594784,0.3207045,16566.244,2.8655064,0.0,0.07273181,0.89124674,0.0
6960,3.1144307,0.9731455,0.9365661,0.5343424,16566.244,2.8143737,0.0,0.106465615,1.3046168,1.0
6961,2.9696767,0.98358756,0.9530833,0.47741804,16566.244,2.9114013,0.0,0.08627387,1.0571896,1.0
6962,2.3676002,0.9250638,0.92783874,0.53145975,16566.244,2.3676002,0.0,0.072703406,0.89089876,0.0
6963,2.67297,0.95792764,0.90739024,0.3307834,16566.244,2.67297,0.0,0.071898334,0.8810335,0.0
6964,2.2080896,0.9078973,0.9099755,0.3307834,16566.244,2.2080896,0.0,0.07577805,0.9285751,0.0
6965,2.6696954,0.9435083,0.9829041,0.505924,16566.244,2.5389862,0.0,0.09361022,1.1470883,1.0
6966,2.4525206,0.9342029,0.88481855,0.53145975,16566.244,2.4525206,0.0,0.06323094,0.77482426,0.0
6967,2.8062692,0.9480393,1.0777465,0.51097494,16566.244,2.5810878,0.0,0.10194857,1.2492654,1.0
6968,2.620324,0.9447331,1.012116,0.5203361,16566.244,2.5503666,0.0,0.08800253,1.0783724,1.0
6969,2.260162,0.9135013,1.0374765,0.5203361,16566.244,2.260162,0.0,0.07398762,0.9066353,0.0
6970,2.1109242,0.8974404,1.0053924,0.5203361,16566.244,2.1109242,0.0,0.07460783,0.9142353,0.0
6971,2.2153456,0.9086782,0.8985196,0.49510512,16566.244,2.2153456,0.0,0.05030055,0.6163768,0.0
6972,2.5999882,0.95007336,1.0153286,0.5409194,16566.244,2.5999882,0.0,0.055509973,0.6802125,0.0
6973,2.6773365,0.95839757,0.9063647,0.5359932,16566.244,2.6773365,0.0,0.052544124,0.64386934,0.0
6974,2.4522552,0.93417436,1.0071133,0.53615266,16566.244,2.4522552,0.0,0.048180442,0.5903973,0.0
6975,2.4740076,0.93651533,0.93040097,0.49510512,16566.244,2.4740076,0.0,0.043665353,0.53506994,0.0
6976,2.7463903,0.96582913,0.94741553,0.4665449,16566.244,2.7463903,0.0,0.04609171,0.5648022,0.0
6977,2.9604802,0.9888694,0.989463,0.5035265,16566.244,2.9604802,0.0,0.05490791,0.6728349,0.0
6978,3.1854806,1.0130839,1.0253322,0.5109725,27610.412,3.1854806,1.0110104,0.07299217,0.8944372,0.0
6979,3.3303397,1.0286736,1.0470167,0.53285456,28162.62,3.3303397,1.0628095,0.066650435,0.8167264,0.0
6980,2.9621527,0.98904943,1.0670029,0.6314212,28162.62,2.9621527,1.0628095,0.07420883,0.90934604,0.0
6981,2.938566,0.95564234,1.0192903,0.7667259,28162.62,2.651735,1.0628095,0.10682734,1.3090492,1.0
6982,3.760735,1.0324508,1.0956016,0.7568492,28162.62,3.3654368,1.0628095,0.10899364,1.3355949,1.0
6983,3.0911057,0.94761306,1.1214577,0.7668787,28162.62,2.5771272,1.0628095,0.12810837,1.5698245,1.0
6984,2.5079417,0.8962277,1.0364748,0.6523005,28162.62,2.0996563,1.0628095,0.12694603,1.5555813,1.0
6985,1.6260504,0.83845407,1.079122,0.666435,28162.62,1.5628253,1.0628095,0.09103954,1.1155875,1.0
6986,4.6287417,1.1234751,1.0947013,0.71582514,28162.62,4.2112317,1.0628095,0.10472302,1.2832632,1.0
6987,4.821181,1.1348584,1.0728799,0.67642003,28162.62,4.3170047,1.0628095,0.10883747,1.3336812,1.0
6988,3.4089124,1.006537,0.98972857,0.6590196,28162.62,3.1246462,1.0628095,0.10281887,1.25993,1.0
6989,2.1730378,0.8870199,1.013137,0.58942544,28162.62,2.0140972,1.0628095,0.1000066,1.2254688,1.0
6990,6.6161637,1.2709386,1.2746525,0.60413283,28162.62,5.5814586,1.0628095,0.12483105,1.5296645,1.0
6991,2.759753,0.9196158,1.1745405,0.753074,28162.62,2.3169777,1.0628095,0.12616423,1.5460012,1.0
6992,5.2399364,1.2322891,1.2023587,0.7174588,28162.62,5.2223277,1.0628095,0.08239298,1.0096337,1.0
6993,5.531064,1.2407714,1.3081211,0.77098596,28162.62,5.3011456,1.0628095,0.091719404,1.1239184,1.0
6994,6.7830615,1.400255,1.3906822,0.28687298,28162.62,6.7830615,1.0628095,0.066128336,0.8103286,0.0
6995,5.521715,1.2645091,1.3257202,0.5293144,27058.193,5.521715,0.9592102,0.060767014,0.74463165,0.0
6996,6.471555,1.3619444,1.3634787,0.44045752,27058.193,6.4270816,0.9592102,0.083220236,1.0197707,1.0
6997,5.760206,1.2901754,1.3468748,0.40177602,27058.193,5.760206,0.9592102,0.07439425,0.9116181,0.0
6998,5.323421,1.2431687,1.3212082,0.46248078,27058.193,5.323421,0.9592102,0.06673174,0.8177227,0.0
6999,6.7368584,1.3800687,1.3484256,0.3012763,23744.955,6.595491,0.6484163,0.08660439,1.0612397,1.0
7000,5.386146,1.2499192,1.3039918,0.4078253,23744.955,5.386146,0.6484163,0.079020925,0.96831286,0.0
7001,4.0947247,1.1109366,1.272329,0.6936847,23192.75,4.0947247,0.5966174,0.07928911,0.97159916,0.0
7002,6.092813,1.3142921,1.2583439,0.5201241,22640.53,5.9842973,0.5448171,0.08583483,1.0518097,1.0
7003,3.5153031,1.0477921,1.2452028,0.6916642,22640.53,3.5079875,0.5448171,0.08209307,1.0059586,1.0
7004,2.2420108,0.9115479,1.5156647,0.74971503,22640.53,2.2420108,0.5448171,0.071482316,0.8759356,0.0
7005,2.033792,0.8891394,1.1014713,0.6732742,5.1068583,2.033792,0.0,0.07910884,0.96939015,0.0
7006,2.5575035,0.94550115,1.4745103,0.6652271,5.1068583,2.5575035,0.0,0.07081162,0.867717,0.0
7007,3.7598462,1.074897,1.4474523,0.57941926,5.1068583,3.7598462,0.0,0.06821071,0.8358458,0.0
7008,2.134754,0.9000049,1.1348014,0.8113895,5.1068583,2.134754,0.0,0.07676544,0.9406744,0.0
7009,3.8145356,1.080495,1.0649285,0.72043717,4.3841915,3.811862,0.0,0.08177035,1.002004,1.0
7010,3.639654,1.0547538,1.0392028,0.7269367,16566.244,3.5726755,0.0,0.085978,1.0535641,1.0
7011,3.5912702,1.0487342,0.99165064,0.31828052,16566.244,3.5167415,0.0,0.08654811,1.0605501,1.0
7012,2.9898503,0.98713875,0.9628086,0.5091113,16566.244,2.9443986,0.0,0.08520605,1.0441046,1.0
7013,3.4396443,1.040437,0.9884305,0.5518528,16566.244,3.4396443,0.0,0.07819857,0.95823574,0.0
7014,2.6383526,0.9542021,0.945834,0.6125862,16566.244,2.6383526,0.0,0.068848625,0.84366274,0.0
7015,2.3663158,0.92492557,0.94253397,0.54627603,16566.244,2.3663158,0.0,0.05862605,0.7183965,0.0
7016,1.5244766,0.834327,0.8571751,0.79907805,16566.244,1.5244766,0.0,0.072358854,0.8866766,0.0
7017,2.2613273,0.91362673,0.8960085,0.50112814,16566.244,2.2613273,0.0,0.05269086,0.64566743,0.0
7018,2.6163433,0.9518335,0.88332945,0.49510512,16566.244,2.6163433,0.0,0.052269276,0.6405014,0.0
7019,2.492867,0.938545,0.88361406,0.49510512,16566.244,2.492867,0.0,0.052355364,0.64155626,0.0
7020,2.4808674,0.9372536,0.9028776,0.50112814,16566.244,2.4808674,0.0,0.059093636,0.7241263,0.0
7021,2.6179042,0.95200145,0.88626194,0.5206292,16566.244,2.6179042,0.0,0.06105374,0.74814516,0.0
7022,2.7641695,0.9677425,0.9119281,0.5196682,16566.244,2.7641695,0.0,0.061202638,0.7499697,0.0
7023,2.8927271,0.9815779,0.9624829,0.5196682,16566.244,2.8927271,0.0,0.0482386,0.59111,0.0
7024,3.1216323,1.0062126,0.95992833,0.5196682,16566.244,3.1216323,0.0,0.055636425,0.681762,0.0
7025,3.4294093,1.0393355,0.98248136,0.5677201,16566.244,3.4294093,0.0,0.066123895,0.8102742,0.0
7026,3.5676277,1.0542105,0.9913344,0.5661403,16566.244,3.5676277,0.0,0.06733954,0.8251706,0.0
7027,3.806398,1.079907,1.0119177,0.44317922,16566.244,3.806398,0.0,0.06601364,0.8089232,0.0
7028,3.9357383,1.0938265,1.0111864,0.4436517,30923.652,3.9357383,1.3218045,0.06217156,0.7618428,0.0
7029,4.412214,1.1451048,1.0539023,0.5643245,30923.652,4.412214,1.3218045,0.066432565,0.81405663,0.0
7030,4.399663,1.143754,1.0900989,0.49618655,30923.652,4.399663,1.3218045,0.04824108,0.59114033,0.0
7031,4.53334,1.1581403,1.0800709,0.5214607,30923.652,4.53334,1.3218045,0.045143314,0.5531807,0.0
7032,4.298975,1.132918,1.1471437,0.6643411,30923.652,4.298975,1.3218045,0.06760187,0.8283851,0.0
7033,1.8242095,0.8665842,1.0450219,0.7509253,30923.652,1.8242095,1.3218045,0.072563864,0.8891888,0.0
7034,1.1841999,0.7903492,1.0591079,0.7645272,30923.652,1.1158363,1.3218045,0.09589191,1.1750479,1.0
7035,1.5153942,0.8307828,0.78658473,0.9639965,30923.652,1.4915439,1.3218045,0.085335165,1.0456867,1.0
7036,4.399462,1.1419957,1.1606371,0.7192212,30923.652,4.383324,1.3218045,0.082465224,1.0105189,1.0
7037,1.7476435,0.8555062,0.86549634,0.78643733,30923.652,1.7212731,1.3218045,0.085178934,1.0437723,1.0
7038,4.482262,1.1321282,1.016947,0.7974832,30923.652,4.2916365,1.3218045,0.091963425,1.1269087,1.0
7039,2.0006683,0.88557464,0.88890845,0.7922058,30923.652,2.0006683,1.3218045,0.07058343,0.86492085,0.0
7040,4.5535054,1.1603105,1.1127465,0.66327757,30923.652,4.5535054,1.3218045,0.06534207,0.8006938,0.0
7041,1.0574436,0.73737645,1.273925,0.6969941,30923.652,0.6236153,1.3218045,0.15485758,1.897606,1.0
7042,7.8254614,1.3202226,1.1894418,0.7418575,30923.652,6.0394034,1.3218045,0.15056089,1.8449548,1.0
7043,8.164968,1.3448273,1.3383083,0.5388192,30923.652,6.268029,1.3218045,0.15217037,1.8646773,1.0
7044,7.885622,1.3455094,1.3262163,0.35281163,26505.986,6.274368,0.90741116,0.14148277,1.7337128,1.0
7045,6.7874165,1.3535628,1.3135939,0.31231433,26505.986,6.3492,0.90741116,0.09769949,1.1971978,1.0
7046,6.15645,1.301045,1.3114768,0.37592855,26505.986,5.861205,0.90741116,0.09335183,1.1439221,1.0
7047,6.115659,1.2834619,1.3037091,0.39496106,24297.16,5.6978245,0.70021516,0.09870515,1.2095209,1.0
7048,6.688269,1.3220266,1.293613,0.29901323,24297.16,6.056166,0.70021516,0.105942786,1.29821,1.0
7049,6.566131,1.3086365,1.2692952,0.3018806,24297.16,5.931746,0.70021516,0.10654292,1.305564,1.0
7050,4.401326,1.1203163,1.161514,0.7627326,24297.16,4.18188,0.70021516,0.09384211,1.1499299,1.0
7051,5.811994,1.2841371,1.2364637,0.3491494,24297.16,5.704098,0.70021516,0.08601719,1.0540442,1.0
7052,4.853227,1.1925665,1.2143425,0.33630922,23192.75,4.853227,0.5966174,0.07706601,0.9443576,0.0
7053,5.609811,1.25309,1.1774826,0.29417813,23192.75,5.41561,0.5966174,0.0899679,1.1024557,1.0
7054,4.7835636,1.1711696,1.1253542,0.31266713,22640.53,4.654408,0.5448171,0.08807685,1.0792831,1.0
7055,3.8395991,1.0684668,1.0759723,0.6559647,16566.244,3.7000964,0.0,0.0903976,1.1077212,1.0
7056,4.93988,1.1756079,1.2094802,0.55055416,5.1068583,4.695648,0.0,0.093734115,1.1486065,1.0
7057,3.8045065,1.073145,1.217956,0.5768051,5.1068583,3.7435665,0.0,0.08540237,1.0465103,1.0
7058,3.459974,1.0227641,1.0227491,0.6329509,16566.244,3.2754283,0.0,0.09474375,1.1609784,1.0
7059,3.8522265,1.0701057,1.025741,0.59229934,16566.244,3.7153249,0.0,0.09019833,1.1052794,1.0
7060,3.1527922,0.9768397,1.234771,0.718302,16566.244,2.8487005,0.0,0.10649633,1.304993,1.0
7061,3.8398037,1.0591435,1.3920393,0.766364,16566.244,3.613465,0.0,0.09621152,1.1789644,1.0
7062,1.9959755,0.8850696,0.8984634,0.3207045,16566.244,1.9959755,0.0,0.052087314,0.63827163,0.0
7063,1.9917552,0.8846154,0.8623867,0.3207045,16566.244,1.9917552,0.0,0.051364526,0.6294147,0.0
7064,1.9655999,0.8818006,0.8485688,0.3207045,16566.244,1.9655999,0.0,0.05638733,0.6909635,0.0
7065,1.9623361,0.88144934,0.84320253,0.3207045,16566.244,1.9623361,0.0,0.05732473,0.7024503,0.0
7066,2.1822534,0.9051168,0.85019535,0.4757021,16566.244,2.1822534,0.0,0.059975162,0.73492837,0.0
7067,2.2369277,0.91100085,0.8398011,0.4757021,16566.244,2.2369277,0.0,0.053710137,0.6581575,0.0
7068,2.2013237,0.90716916,0.85710716,0.4698599,16566.244,2.2013237,0.0,0.047209114,0.5784948,0.0
7069,2.1148422,0.897862,0.85001624,0.4698599,16566.244,2.1148422,0.0,0.044095214,0.54033744,0.0
7070,1.9259446,0.8775329,0.9013653,0.50112814,16566.244,1.9259446,0.0,0.053639125,0.65728736,0.0
7071,1.8665437,0.8711402,0.8583851,0.4643417,16566.244,1.8665437,0.0,0.049583785,0.6075937,0.0
7072,1.9389938,0.87893724,0.89369214,0.4698599,16566.244,1.9389938,0.0,0.041846313,0.51277965,0.0
7073,2.7615924,0.96746516,0.9261127,0.5046096,16566.244,2.7615924,0.0,0.046242625,0.5666515,0.0
7074,2.900867,0.9824539,0.9282399,0.5167436,16566.244,2.900867,0.0,0.038790617,0.47533554,0.0
7075,3.5727031,1.0497278,1.0900208,0.6314212,16566.244,3.5259743,0.0,0.08469686,1.037865,1.0
7076,3.9130025,1.025955,0.9824184,0.7668787,16566.244,3.3050778,0.0,0.12449388,1.525533,1.0
7077,3.1000617,0.9852016,1.0450063,0.6314212,16566.244,2.9263988,0.0,0.0954435,1.1695532,1.0
7078,0.0,0.5494359,0.74552387,0.6796529,16566.244,0.0,0.0,0.07830788,0.9595753,0.0
7079,1.6625271,0.84898317,0.76344407,0.63075525,16566.244,1.6606615,0.0,0.081868745,1.0032097,1.0
7080,0.19716837,0.6914823,0.7302643,0.49721196,16566.244,0.19716837,0.0,0.07627868,0.93470967,0.0
7081,2.4990358,0.93920887,0.9321195,0.6969941,16566.244,2.4990358,0.0,0.07782241,0.9536264,0.0
7082,1.556465,0.83776957,0.9088949,0.6972361,16566.244,1.556465,0.0,0.07738487,0.9482648,0.0
7083,0.38662693,0.7118718,0.7107962,0.4492636,16566.244,0.38662693,0.0,0.07474284,0.9158897,0.0
7084,0.26164192,0.69798344,0.73174614,0.6217694,16566.244,0.25757673,0.0,0.085286684,1.0450927,1.0
7085,0.69803536,0.7344874,0.6627757,0.61440873,16566.244,0.59677047,0.0,0.12117172,1.4848236,1.0
7086,0.12174366,0.6826008,0.64484304,0.30234715,16566.244,0.11464165,0.0,0.096051134,1.176999,1.0
7087,0.0,0.6107752,0.6826887,0.6985251,16566.244,0.0,0.0,0.08279338,1.0145401,1.0
7088,0.0,0.6602538,0.63780075,0.2992486,16566.244,0.0,0.0,0.086955465,1.0655417,1.0
7089,0.969798,0.7746326,0.71991915,0.5665739,16566.244,0.969798,0.0,0.07492582,0.9181319,0.0
7090,0.42162952,0.7146019,0.7310395,0.6256689,16566.244,0.41199467,0.0,0.087059505,1.0668167,1.0
7091,0.0,0.5369298,0.6203129,0.3405023,16566.244,0.0,0.0,0.068716116,0.842039,0.0
7092,0.6751029,0.74291754,0.64484996,0.3108442,16566.244,0.6751029,0.0,0.05146238,0.63061374,0.0
7093,0.0,0.57784593,0.5981976,0.3108442,16566.244,0.0,0.0,0.076810844,0.9412308,0.0
7094,0.0,0.5714947,0.6075142,0.32723233,16566.244,0.0,0.0,0.06724202,0.82397556,0.0
7095,0.0,0.58079606,0.6079524,0.3203101,16566.244,0.0,0.0,0.07509884,0.92025214,0.0
7096,0.0,0.58518285,0.61765945,0.32136333,16566.244,0.0,0.0,0.059137255,0.72466075,0.0
7097,0.0,0.60418296,0.67420375,0.5438951,16566.244,0.0,0.0,0.06698986,0.82088566,0.0
7098,0.0,0.6572372,0.647059,0.44467023,16566.244,0.0,0.0,0.05022452,0.6154452,0.0
7099,0.1709178,0.6886572,0.72312087,0.46183562,16566.244,0.1709178,0.0,0.054086246,0.6627663,0.0
7100,0.7177523,0.74750745,0.7329381,0.657292,16566.244,0.7177523,0.0,0.05487379,0.6724168,0.0
7101,1.8968112,0.8743976,0.8624844,0.5266412,16566.244,1.8968112,0.0,0.046681415,0.5720284,0.0
7102,2.4175596,0.9304404,0.74139184,0.79175466,16566.244,2.4175596,0.0,0.05014687,0.61449367,0.0
7103,1.9229721,0.877213,0.7978106,0.5726514,16566.244,1.9229721,0.0,0.040640004,0.4979977,0.0
7104,2.4203916,0.9307452,0.87356365,0.7118552,16566.244,2.4203916,0.0,0.04247895,0.5205319,0.0
7105,4.0075555,1.1015555,1.4039431,0.6510751,16566.244,4.0075555,0.0,0.055738535,0.68301326,0.0
7106,5.0500336,1.2137468,1.1762099,0.5816116,16566.244,5.0500336,0.0,0.047771465,0.58538574,0.0
7107,5.387623,1.2500781,1.2769103,0.66516644,16566.244,5.387623,0.0,0.04866835,0.59637606,0.0
7108,5.3820267,1.2494758,1.2698332,0.67651975,16566.244,5.3820267,0.0,0.048782647,0.59777665,0.0
7109,5.5359945,1.2660458,1.5500582,0.6141599,16566.244,5.5359945,0.0,0.045804568,0.56128365,0.0
7110,5.7680497,1.2910196,1.3070997,0.58637977,16566.244,5.7680497,0.0,0.044893213,0.550116,0.0
7111,6.2268767,1.3403984,1.3687173,0.6486303,16566.244,6.2268767,0.0,0.049120642,0.6019184,0.0
7112,5.8714957,1.3021524,1.4989762,0.665546,16566.244,5.8714957,0.0,0.045652032,0.55941445,0.0
7113,6.824896,1.4047571,1.5286446,0.67863524,16566.244,6.824896,0.0,0.05308974,0.65055525,0.0
7114,6.1056333,1.3273503,1.3433255,0.64842504,16566.244,6.1056333,0.0,0.050528776,0.6191735,0.0
7115,5.447307,1.2565013,1.5017831,0.5929099,16566.244,5.447307,0.0,0.049113125,0.6018263,0.0
7116,5.880859,1.3031601,1.3303618,0.61524165,16566.244,5.880859,0.0,0.049554523,0.60723513,0.0
7117,6.173926,1.3346999,1.3731353,0.575548,16566.244,6.173926,0.0,0.04862683,0.5958673,0.0
7118,3.3391414,1.0296209,1.1648222,0.7181038,16566.244,3.3391414,0.0,0.051751472,0.6341563,0.0
7119,4.800977,1.1869434,1.2932569,0.6105616,16566.244,4.800977,0.0,0.05917158,0.7250814,0.0
7120,6.5743785,1.3777965,1.4262381,0.6127892,16566.244,6.5743785,0.0,0.04277109,0.52411175,0.0
7121,6.1503196,1.3321594,1.449332,0.5875603,16566.244,6.1503196,0.0,0.04444472,0.5446202,0.0
7122,7.2023473,1.4453784,1.527837,0.5014227,16566.244,7.2023473,0.0,0.034301475,0.4203261,0.0
7123,5.849819,1.2998196,1.3874521,0.5189021,16566.244,5.849819,0.0,0.040445358,0.4956125,0.0
7124,7.4482255,1.4718398,1.4417943,0.5803651,16566.244,7.4482255,0.0,0.043025974,0.5272351,0.0
7125,7.659814,1.4946109,1.4614122,0.71395195,16566.244,7.659814,0.0,0.04747464,0.5817485,0.0
7126,7.4097943,1.4677038,1.3613669,0.7476476,28714.828,7.4097943,1.1146086,0.04561816,0.5589994,0.0
7127,5.335989,1.2445213,1.3073542,0.79209864,28714.828,5.335989,1.1146086,0.03740725,0.4583839,0.0
7128,6.0794888,1.3245366,1.4345526,0.7000923,28714.828,6.0794888,1.1146086,0.032143675,0.3938847,0.0
7129,6.2525005,1.3431561,1.3343426,0.68782777,28714.828,6.2525005,1.1146086,0.037641898,0.46125925,0.0
7130,5.4981313,1.261971,1.3298851,0.6370035,28714.828,5.4981313,1.1146086,0.03850238,0.47180352,0.0
7131,5.6497107,1.278284,1.2960151,0.6370035,28714.828,5.6497107,1.1146086,0.04074028,0.49922648,0.0
7132,1.9093221,0.875744,1.2146636,0.71519554,28714.828,1.9093221,1.1146086,0.04230625,0.5184157,0.0
7133,4.551446,1.1600889,1.2309785,0.70523405,28714.828,4.551446,1.1146086,0.038818583,0.4756782,0.0
7134,4.6560693,1.1713485,1.1848409,0.6136559,28714.828,4.6560693,1.1146086,0.031441353,0.38527852,0.0
7135,3.7624502,1.0751773,1.1762711,0.63399756,28714.828,3.7624502,1.1146086,0.03202455,0.39242497,0.0
7136,2.9465277,0.98736787,1.0835675,0.5223372,28714.828,2.9465277,1.1146086,0.03539062,0.43367237,0.0
7137,1.6090714,0.84343106,1.0279303,0.50363004,28714.828,1.6090714,1.1146086,0.033224843,0.40713322,0.0
7138,1.5804664,0.8403526,0.91374546,0.6038311,28714.828,1.5804664,1.1146086,0.040192172,0.49251002,0.0
7139,1.4408417,0.8253262,0.9801676,0.6339975,28714.828,1.4408417,1.1146086,0.030178433,0.36980286,0.0
7140,1.1798286,0.797236,0.8326151,0.6974295,28714.828,1.1798286,1.1146086,0.043896016,0.53789645,0.0
7141,1.560862,0.83824277,0.9173993,0.73382574,28714.828,1.560862,1.1146086,0.053033195,0.64986235,0.0
7142,6.798976,1.4019676,1.2610888,0.8273123,24297.16,6.798976,0.70021516,0.057763606,0.7078282,0.0
7143,1.3505429,0.81560826,1.2354103,0.7376828,24297.16,1.3505429,0.70021516,0.041111406,0.50377417,0.0
7144,1.3447845,0.81498855,1.2174804,0.75749105,24297.16,1.3447845,0.70021516,0.045838118,0.56169474,0.0
7145,2.9996824,0.99308836,1.02748,0.69873995,24297.16,2.9996824,0.70021516,0.05611068,0.6875735,0.0
7146,4.3330665,1.1365869,1.009765,0.6886836,24297.16,4.3330665,0.70021516,0.059078924,0.723946,0.0
7147,1.7411218,0.8576423,0.97059155,0.695765,24297.16,1.7411218,0.70021516,0.064219356,0.7869362,0.0
7148,4.0239987,1.1033251,1.0152829,0.66530645,23744.955,4.0239987,0.6484163,0.05582293,0.68404746,0.0
7149,2.8455691,0.9765027,1.3291775,0.5722521,23744.955,2.8455691,0.6484163,0.044150773,0.54101825,0.0
7150,3.6328619,1.061231,0.9860589,0.7019271,23744.955,3.6328619,0.6484163,0.059992626,0.73514235,0.0
7151,4.1943307,1.1216562,1.2317218,0.63498175,23744.955,4.1943307,0.6484163,0.046306543,0.5674348,0.0
7152,3.1924436,1.0138333,1.0398818,0.6667382,23744.955,3.1924436,0.6484163,0.06267206,0.76797587,0.0
7153,1.9850432,0.8838931,0.9561137,0.5527943,16566.244,1.9850432,0.0,0.051230963,0.627778,0.0
7154,1.0375421,0.7819232,0.7384406,0.6227182,16566.244,1.0375421,0.0,0.06430091,0.78793555,0.0
7155,1.2094941,0.8004286,0.7302776,0.6227182,16566.244,1.2094941,0.0,0.057261374,0.7016739,0.0
7156,1.1392262,0.7928664,0.90805984,0.5527943,16566.244,1.1392262,0.0,0.05390243,0.6605138,0.0
7157,1.2464556,0.8044064,0.90058935,0.38699841,16566.244,1.2464556,0.0,0.04556335,0.5583278,0.0
7158,1.2708508,0.8070318,1.0284901,0.4401146,16566.244,1.2708508,0.0,0.035834312,0.43910933,0.0
7159,3.730716,1.0717621,1.1143212,0.38892853,16566.244,3.730716,0.0,0.039088458,0.47898522,0.0
7160,2.4862547,0.93783337,0.91504645,0.5527943,16566.244,2.4862547,0.0,0.041589882,0.50963736,0.0
7161,2.8798747,0.9801947,1.0071267,0.40700012,16566.244,2.8798747,0.0,0.03948066,0.48379123,0.0
7162,0.2585537,0.6980886,1.0496383,0.54134923,16566.244,0.2585537,0.0,0.035974942,0.44083259,0.0
7163,0.0,0.61678153,1.0184394,0.48022237,16566.244,0.0,0.0,0.041937657,0.51389897,0.0
7164,2.4583836,0.9348339,0.97552127,0.56665945,16566.244,2.4583836,0.0,0.049075916,0.60137033,0.0
7165,3.1667285,1.0110658,1.0244099,0.64900184,16566.244,3.1667285,0.0,0.039200585,0.48035923,0.0
7166,2.9076312,0.98318183,1.2005321,0.572304,16566.244,2.9076312,0.0,0.04238004,0.51931983,0.0
7167,2.052743,0.8911789,1.206067,0.5559493,16566.244,2.052743,0.0,0.0394337,0.48321578,0.0
7168,1.1095723,0.78967506,0.956103,0.6356266,16566.244,1.1095723,0.0,0.036173284,0.44326305,0.0
7169,1.2645264,0.8063512,0.9718043,0.620388,16566.244,1.2645264,0.0,0.040174324,0.4922913,0.0
7170,2.7024734,0.9611028,1.0791371,0.59267145,16566.244,2.7024734,0.0,0.042636283,0.52245986,0.0
7171,2.9369771,0.98634005,0.96641535,0.7005778,16566.244,2.9369771,0.0,0.039435137,0.4832334,0.0
7172,2.5961597,0.9496613,0.8405558,0.6409741,16566.244,2.5961597,0.0,0.052306667,0.64095956,0.0
7173,2.7883022,0.97033966,0.885426,0.63833284,16566.244,2.7883022,0.0,0.040324163,0.4941274,0.0
7174,2.4892642,0.93815726,0.7766934,0.72341543,16566.244,2.4892642,0.0,0.06675578,0.81801724,0.0
7175,0.0,0.66440934,0.5836765,0.47912416,16566.244,0.0,0.0,0.040818997,0.50019103,0.0
7176,0.03820004,0.67437416,0.7004542,0.5820303,16566.244,0.03820004,0.0,0.040847473,0.50053996,0.0
7177,0.17382991,0.6889706,0.8162596,0.757018,16566.244,0.17382991,0.0,0.043633543,0.5346801,0.0
7178,0.7493103,0.7509037,0.9501346,0.82365525,16566.244,0.7493103,0.0,0.034279156,0.42005262,0.0
7179,3.4825108,1.0450503,1.1134375,0.8094784,16566.244,3.4825108,0.0,0.03615745,0.44306904,0.0
7180,3.0771265,1.0014229,1.1352935,0.80040425,16566.244,3.0771265,0.0,0.038631823,0.4733897,0.0
7181,1.8353778,0.8677861,0.85859525,0.6715244,16566.244,1.8353778,0.0,0.038921263,0.47693643,0.0
7182,2.2528198,0.91271114,1.2525613,0.7625552,16566.244,2.2528198,0.0,0.028232524,0.34595793,0.0
7183,1.1638314,0.7955144,0.76462555,0.7668788,16566.244,1.1638314,0.0,0.028215049,0.3457438,0.0
7184,0.91945577,0.76921475,0.7423123,0.77115166,16566.244,0.91945577,0.0,0.04424595,0.54218453,0.0
7185,1.5298157,0.8349016,0.71328807,0.75706613,16566.244,1.5298157,0.0,0.04930371,0.6041617,0.0
7186,2.2475526,0.9121443,0.9520036,0.47983024,16566.244,2.2475526,0.0,0.042425353,0.5198751,0.0
7187,1.8438593,0.8686989,0.7543453,0.66452897,16566.244,1.8438593,0.0,0.043205712,0.52943754,0.0
7188,0.0904525,0.67999756,0.84774387,0.77253234,16566.244,0.0904525,0.0,0.03431495,0.42049122,0.0
7189,1.6558242,0.8484626,0.74177706,0.8239611,16566.244,1.6558242,0.0,0.038766515,0.47504017,0.0
7190,0.57771045,0.7324362,0.7174739,0.49463293,16566.244,0.57771045,0.0,0.043459747,0.53255045,0.0
7191,2.537452,0.9433432,0.8372685,0.7075692,16566.244,2.537452,0.0,0.045456037,0.5570128,0.0
7192,3.5196116,1.049043,1.1047616,0.8980469,16566.244,3.5196116,0.0,0.05310369,0.6507262,0.0
7193,4.6069,1.1660569,1.1238941,0.5085289,16566.244,4.6069,0.0,0.04803678,0.5886369,0.0
7194,3.1663153,1.0110214,1.2981629,0.6144981,16566.244,3.1663153,0.0,0.03926292,0.48112306,0.0
7195,1.165068,0.7956475,0.82058114,0.73482996,16566.244,1.165068,0.0,0.048824135,0.598285,0.0
7196,0.47184974,0.72104347,0.73445415,0.7368042,16566.244,0.47184974,0.0,0.061485227,0.7534325,0.0
7197,1.3411242,0.8145946,1.1826748,0.81783444,16566.244,1.3411242,0.0,0.04397926,0.5389165,0.0
7198,4.1913385,1.1213342,1.443025,0.6400606,16566.244,4.1913385,0.0,0.044716775,0.54795396,0.0
7199,0.62433696,0.7374541,0.6140303,0.8109587,16566.244,0.62433696,0.0,0.044822376,0.549248,0.0
7200,2.213535,0.9084833,1.0926957,0.7547081,16566.244,2.213535,0.0,0.04470293,0.54778427,0.0
7201,3.065931,1.000218,1.164089,0.74559504,16566.244,3.065931,0.0,0.042591456,0.52191055,0.0
7202,1.7508323,0.85868734,1.425456,0.726351,16566.244,1.7508323,0.0,0.050886303,0.6235546,0.0
7203,1.2734327,0.8073097,1.5657455,0.80162543,16566.244,1.2734327,0.0,0.041965,0.514234,0.0
7204,0.69243604,0.7447829,0.7249049,0.6097739,16566.244,0.69243604,0.0,0.03740647,0.45837435,0.0
7205,3.9313197,1.093351,1.1878753,0.7789982,16566.244,3.9313197,0.0,0.037479166,0.45926517,0.0
7206,2.1564884,0.902344,1.5099379,0.724723,16566.244,2.1564884,0.0,0.04593143,0.56283814,0.0
7207,5.148517,1.2243456,1.2662842,0.7311753,16566.244,5.148517,0.0,0.045810558,0.561357,0.0
7208,4.6520243,1.1709131,1.401954,0.7812618,16566.244,4.6520243,0.0,0.041547775,0.5091214,0.0
7209,8.444242,1.5790309,1.6458143,0.6749676,16566.244,8.444242,0.0,0.03710668,0.45470077,0.0
7210,4.458675,1.1501049,1.479428,0.77402115,16566.244,4.458675,0.0,0.042466428,0.5203785,0.0
7211,5.753941,1.2895012,1.5092585,0.71482503,16566.244,5.753941,0.0,0.043425124,0.5321262,0.0
7212,4.870815,1.1944593,1.4885703,0.73353195,16566.244,4.870815,0.0,0.04276152,0.5239945,0.0
7213,6.200515,1.3375614,1.3840864,0.72235304,16566.244,6.200515,0.0,0.0465077,0.56989974,0.0
7214,5.1955028,1.2294022,1.4213616,0.6201028,16566.244,5.1955028,0.0,0.046614658,0.5712104,0.0
7215,5.3922505,1.2505761,1.3438488,0.77833575,16566.244,5.3922505,0.0,0.040012803,0.49031204,0.0
7216,2.523169,0.9418061,0.96787363,0.86618257,16566.244,2.523169,0.0,0.047157377,0.5778608,0.0
7217,4.8869915,1.1962003,1.3294761,0.78281534,16566.244,4.8869915,0.0,0.03525711,0.43203634,0.0
7218,4.6134844,1.1667655,1.2681276,0.8744903,16566.244,4.6134844,0.0,0.05574366,0.6830761,0.0
7219,3.3183136,1.0273794,1.4651631,0.8058092,28162.62,3.3183136,1.0628095,0.044747125,0.54832584,0.0
7220,7.286059,1.4543874,1.6329567,0.68256867,28162.62,7.286059,1.0628095,0.04044634,0.49562457,0.0
7221,6.6531343,1.3862722,1.6677752,0.6252629,28162.62,6.6531343,1.0628095,0.042852104,0.52510446,0.0
7222,6.545472,1.3746856,1.4588578,0.7489497,28162.62,6.545472,1.0628095,0.046661865,0.57178885,0.0
7223,6.385206,1.3574378,1.4087496,0.67097133,28162.62,6.385206,1.0628095,0.04818683,0.5904756,0.0
7224,5.7343636,1.2873943,1.3437501,0.7300504,28162.62,5.7343636,1.0628095,0.03984569,0.48826426,0.0
7225,5.8875804,1.3038834,1.2753415,0.84186697,28162.62,5.8875804,1.0628095,0.053103082,0.65071875,0.0
7226,3.9762332,1.0981846,1.3445097,0.5907484,28162.62,3.9762332,1.0628095,0.054168932,0.66377956,0.0
7227,2.7660382,0.9679436,1.4270309,0.7626233,28162.62,2.7660382,1.0628095,0.059003852,0.72302604,0.0
7228,5.6921654,1.2828529,1.233385,0.8603721,28162.62,5.6921654,1.0628095,0.05506659,0.6747793,0.0
7229,1.8655529,0.87103355,1.1249784,0.91474897,28162.62,1.8655529,1.0628095,0.06877845,0.84280276,0.0
7230,1.0808117,0.78657985,0.97724265,0.8499262,28162.62,1.0808117,1.0628095,0.04412204,0.54066616,0.0
7231,4.1808977,1.1202105,1.3024708,0.62148607,28162.62,4.1808977,1.0628095,0.041503236,0.5085756,0.0
7232,2.9315202,0.98575276,1.2760506,0.7472231,28162.62,2.9315202,1.0628095,0.044054415,0.5398375,0.0
7233,3.6509438,1.063177,1.1810994,0.70712054,28162.62,3.6509438,1.0628095,0.04265556,0.5226961,0.0
7234,2.6698613,0.9575931,1.2270002,0.7381541,28162.62,2.6698613,1.0628095,0.045849588,0.5618353,0.0
7235,2.8903441,0.9813214,1.1026646,0.7578523,24849.367,2.8903441,0.7520142,0.022388354,0.27434418,0.0
7236,0.78079695,0.7542923,0.935605,0.8069164,24849.367,0.78079695,0.7520142,0.041053038,0.50305897,0.0
7237,5.4407277,1.2557932,1.2578294,0.6815385,24849.367,5.4407277,0.7520142,0.04171205,0.5111344,0.0
7238,5.4052916,1.2519796,1.1820536,0.693242,24849.367,5.4052916,0.7520142,0.053383585,0.65415597,0.0
7239,2.338602,0.921943,1.3267506,0.7999005,24849.367,2.338602,0.7520142,0.041386694,0.50714755,0.0
7240,1.1281067,0.7916697,0.9810573,0.5814757,24849.367,1.1281067,0.7520142,0.039966557,0.48974535,0.0
7241,0.7570198,0.7517334,0.8774125,0.51349676,23744.955,0.7570198,0.6484163,0.040019616,0.49039555,0.0
7242,1.1783072,0.7970723,0.8990575,0.44889516,23192.75,1.1783072,0.5966174,0.04834476,0.59241086,0.0
7243,0.7815391,0.7543722,0.911573,0.41509894,23192.75,0.7815391,0.5966174,0.040253688,0.4932638,0.0
7244,1.6195518,0.84455895,0.8122898,0.43402895,23192.75,1.6195518,0.5966174,0.05203268,0.63760215,0.0
7245,1.5777825,0.84006375,0.7881704,0.51976717,22640.53,1.5777825,0.5448171,0.049171627,0.6025432,0.0
7246,1.3348818,0.8139228,0.7209385,0.46250853,16566.244,1.3348818,0.0,0.033002973,0.40441442,0.0
7247,0.4060569,0.71396285,0.6684364,0.4005282,16566.244,0.4060569,0.0,0.035493948,0.43493852,0.0
7248,0.26670742,0.6989661,0.5834935,0.45346037,16566.244,0.26670742,0.0,0.04728866,0.5794695,0.0
7249,0.0735763,0.67818135,0.722629,0.45680067,16566.244,0.0735763,0.0,0.03947116,0.48367482,0.0
7250,0.0,0.64428663,0.6462495,0.6177639,16566.244,0.0,0.0,0.047253337,0.57903665,0.0
7251,0.3320799,0.70600146,0.6780834,0.62986,16566.244,0.3320799,0.0,0.050974447,0.6246347,0.0
7252,0.36245826,0.7092708,0.80836713,0.6119508,16566.244,0.36245826,0.0,0.07365499,0.9025593,0.0
7253,0.49090144,0.7230938,0.7346282,0.5124282,16566.244,0.49090144,0.0,0.048425715,0.59340286,0.0
7254,2.5933788,0.94936204,0.827882,0.698847,16566.244,2.5933788,0.0,0.04257223,0.52167493,0.0
7255,1.0436704,0.7825827,0.7616019,0.41834405,16566.244,1.0436704,0.0,0.03683473,0.45136833,0.0
7256,1.0078145,0.7787239,0.8224665,0.6351907,16014.038,1.0078145,0.0,0.04446076,0.54481673,0.0
7257,1.7991259,0.8638847,0.78535265,0.65811825,16014.038,1.7991259,0.0,0.04194366,0.5139725,0.0
7258,1.9552375,0.8806854,0.92087424,0.47726348,16566.244,1.9552375,0.0,0.036984548,0.45320418,0.0
7259,0.8449061,0.7611917,0.7483255,0.6965739,16566.244,0.8449061,0.0,0.0383477,0.46990806,0.0
7260,0.0,0.6554856,0.7312681,0.51508224,16566.244,0.0,0.0,0.045340545,0.55559754,0.0
7261,1.752995,0.8589201,0.8249091,0.60249776,16566.244,1.752995,0.0,0.0362602,0.44432807,0.0
7262,1.9546431,0.88062143,0.8155157,0.55547506,16566.244,1.9546431,0.0,0.048855744,0.5986724,0.0
7263,1.3845772,0.819271,0.9930292,0.5964037,16566.244,1.3845772,0.0,0.03516821,0.43094698,0.0
7264,2.0000186,0.8855047,0.90674365,0.58406925,16566.244,2.0000186,0.0,0.028427811,0.34835097,0.0
7265,1.433331,0.8245179,0.83484936,0.68236524,16566.244,1.433331,0.0,0.033425298,0.40958956,0.0
7266,2.2142699,0.9085624,1.025416,0.6233926,16566.244,2.2142699,0.0,0.038530648,0.47214988,0.0
7267,3.0311313,0.9964729,0.9138487,0.6758772,16566.244,3.0311313,0.0,0.03858652,0.47283453,0.0
7268,0.0,0.62865835,0.7436713,0.5828014,16566.244,0.0,0.0,0.03985072,0.4883259,0.0
7269,2.2033465,0.90738684,0.8258628,0.6253318,16566.244,2.2033465,0.0,0.037582215,0.4605279,0.0
7270,2.936965,0.98633873,0.91910374,0.7005778,16566.244,2.936965,0.0,0.04683385,0.57389635,0.0
7271,2.8678796,0.9789038,1.0767958,0.6426526,16566.244,2.8678796,0.0,0.038088083,0.46672675,0.0
7272,2.1570003,0.90239906,0.7678065,0.55173963,16566.244,2.1570003,0.0,0.050420437,0.61784595,0.0
7273,1.1415269,0.793114,0.8595249,0.67943853,16566.244,1.1415269,0.0,0.065208405,0.7990559,0.0
7274,1.8640819,0.87087524,1.0558056,0.718323,16566.244,1.8640819,0.0,0.042193532,0.5170344,0.0
7275,1.5167716,0.83349776,1.0846931,0.75607467,16566.244,1.5167716,0.0,0.041977666,0.5143892,0.0
7276,1.5911329,0.8415005,0.75282276,0.7892728,16566.244,1.5911329,0.0,0.059870504,0.7336459,0.0
7277,0.76305455,0.7523829,0.7465323,0.82265425,16566.244,0.76305455,0.0,0.0361276,0.44270325,0.0
7278,0.8916869,0.7659824,0.8009462,0.8226543,28714.828,0.8894208,1.1146086,0.03360067,0.41173854,0.0
7279,1.3043295,0.8106348,0.8347645,0.78699327,28714.828,1.3043295,1.1146086,0.030156443,0.3695334,0.0
7280,1.8022246,0.8642182,0.81872356,0.83962554,28714.828,1.8022246,1.1146086,0.032659814,0.4002094,0.0
7281,2.2272997,0.9099647,0.94995886,0.8141705,28714.828,2.2272997,1.1146086,0.028918613,0.35436517,0.0
7282,2.8183465,0.973573,0.8911883,0.8204888,28714.828,2.8183465,1.1146086,0.036252208,0.44423017,0.0
7283,4.837881,1.190915,1.2197862,0.68103135,28714.828,4.837881,1.1146086,0.0315842,0.38702896,0.0
7284,3.9995058,1.1006892,0.9772692,0.7638758,28714.828,3.9995058,1.1146086,0.041133292,0.5040424,0.0
7285,3.7742605,1.0764483,1.0106845,0.776271,28714.828,3.7742605,1.1146086,0.03711892,0.45485073,0.0
7286,0.8916869,0.6268513,1.1562092,0.69872135,28714.828,0.0,1.1146086,0.033605885,0.41180244,0.0
7287,1.7770972,0.861514,1.0143944,0.87053216,28714.828,1.7770972,1.1146086,0.03951754,0.48424315,0.0
7288,4.9363446,1.2015116,1.3262948,0.5570779,28714.828,4.9363446,1.1146086,0.046130493,0.56527746,0.0
7289,5.630816,1.2762505,1.4949557,0.78100353,28714.828,5.630816,1.1146086,0.041838836,0.51268804,0.0
7290,5.0349865,1.2121274,1.323403,0.7386203,28714.828,5.0349865,1.1146086,0.048428435,0.5934362,0.0
7291,6.4209228,1.3612816,1.3115934,0.7514826,28714.828,6.4209228,1.1146086,0.039970282,0.489791,0.0
7292,6.077282,1.3242991,1.3319044,0.6041803,28714.828,6.077282,1.1146086,0.052144896,0.6389772,0.0
7293,6.327446,1.3512217,1.4173753,0.6101085,28714.828,6.327446,1.1146086,0.045367707,0.5559304,0.0
7294,5.373279,1.2485344,1.246697,0.66469496,24297.16,5.373279,0.70021516,0.041305967,0.5061583,0.0
7295,5.338057,1.2447438,1.237735,0.55959195,24297.16,5.338057,0.70021516,0.03899076,0.47778803,0.0
7296,5.4013557,1.251556,1.3388871,0.4728086,24297.16,5.4013557,0.70021516,0.030936858,0.3790965,0.0
7297,5.390261,1.250362,1.3499846,0.43325067,24297.16,5.390261,0.70021516,0.031408504,0.384876,0.0
7298,4.416522,1.1455684,1.1514834,0.63780886,24297.16,4.416522,0.70021516,0.043495227,0.5329852,0.0
7299,4.4909143,1.1535745,1.2181889,0.506457,24297.16,4.4909143,0.70021516,0.04591685,0.56265956,0.0
7300,3.1262248,1.0067068,1.1931385,0.5983563,23744.955,3.1262248,0.6484163,0.045959637,0.56318384,0.0
7301,3.1750782,1.0119644,1.0720325,0.53350323,23744.955,3.1750782,0.6484163,0.04089993,0.5011828,0.0
7302,4.5945697,1.1647298,1.185597,0.4510053,23744.955,4.5945697,0.6484163,0.045944568,0.5629992,0.0
7303,2.4122999,0.92987436,1.2208612,0.5097165,23744.955,2.4122999,0.6484163,0.040686097,0.4985625,0.0
7304,2.4662106,0.9356762,1.1563534,0.6666739,23744.955,2.4662106,0.6484163,0.045526028,0.55787045,0.0
7305,3.8719409,1.0869607,1.0767758,0.6173553,16566.244,3.8719409,0.0,0.050712127,0.62142026,0.0
7306,0.22186318,0.69413996,0.7679555,0.6782655,16566.244,0.22186318,0.0,0.04017176,0.4922599,0.0
7307,1.3906806,0.8199279,0.77559674,0.549362,16566.244,1.3906806,0.0,0.0443591,0.54357105,0.0
7308,0.87968034,0.7649341,0.72291267,0.5052363,16566.244,0.87968034,0.0,0.04420645,0.5417005,0.0
7309,0.0,0.62779284,0.6921999,0.70155203,16566.244,0.0,0.0,0.05255598,0.6440146,0.0
7310,2.9686022,0.98974353,1.1028916,0.70095104,16566.244,2.9686022,0.0,0.056653664,0.69422716,0.0
7311,0.5243049,0.7266887,1.0793726,0.7619186,16566.244,0.5243049,0.0,0.05698407,0.6982759,0.0
7312,1.9723197,0.8825238,0.84028065,0.69696933,16566.244,1.9723197,0.0,0.042587474,0.52186173,0.0
7313,3.3970935,1.0358577,0.9758231,0.5199545,28714.828,3.3970935,1.1146086,0.04793618,0.58740413,0.0
7314,2.1588025,0.902593,0.88934064,0.58198166,28714.828,2.1588025,1.1146086,0.055469226,0.6797132,0.0
7315,2.5649836,0.94630617,0.93918353,0.50476664,28714.828,2.5649836,1.1146086,0.042850222,0.52508146,0.0
7316,2.2035248,0.90740603,0.8551579,0.6317285,28714.828,2.2035248,1.1146086,0.0467589,0.5729779,0.0
7317,2.096229,0.8958589,0.9413558,0.6697245,28714.828,2.096229,1.1146086,0.058788203,0.7203835,0.0
7318,3.0368953,0.9970932,0.93504596,0.55434984,28714.828,3.0368953,1.1146086,0.03744732,0.4588749,0.0
7319,1.3070356,0.810926,0.9784009,0.56380826,28714.828,1.3070356,1.1146086,0.032906707,0.4032348,0.0
7320,2.474835,0.9366044,1.0316715,0.5934564,28714.828,2.474835,1.1146086,0.028393934,0.34793583,0.0
7321,2.7922947,0.97076935,1.0364697,0.5805946,28714.828,2.7922947,1.1146086,0.036169875,0.44322127,0.0
7322,3.8410175,1.0836327,1.0765612,0.673772,28714.828,3.8410175,1.1146086,0.034789912,0.42631137,0.0
7323,3.283274,1.0236084,1.126213,0.62668794,28714.828,3.283274,1.1146086,0.03193162,0.3912862,0.0
7324,4.380873,1.1417319,1.2164825,0.629605,28714.828,4.380873,1.1146086,0.035560824,0.43575802,0.0
7325,4.677294,1.1736326,1.1200886,0.6970651,28714.828,4.677294,1.1146086,0.05602452,0.6865177,0.0
7326,4.0967774,1.1111575,1.1283743,0.7185165,28714.828,4.0967774,1.1146086,0.07078275,0.8673633,0.0
7327,5.7404084,1.2880448,1.4951464,0.63833284,28714.828,5.7404084,1.1146086,0.044662315,0.5472866,0.0
7328,6.5705404,1.3773835,1.4975077,0.9213909,28714.828,6.5705404,1.1146086,0.063100435,0.77322507,0.0
7329,8.009831,1.5322797,1.7086633,0.47554663,27058.193,8.009831,0.9592102,0.028773595,0.35258815,0.0
7330,7.88309,1.5186398,1.6693276,0.6399369,27058.193,7.88309,0.9592102,0.052172314,0.6393132,0.0
7331,8.622689,1.5982354,1.6782857,0.6400644,27058.193,8.622689,0.9592102,0.04921852,0.60311776,0.0
7332,8.342661,1.5680988,1.6591436,0.7836496,24297.16,8.342661,0.70021516,0.052730083,0.6461481,0.0
7333,8.698501,1.6063942,1.6906097,0.89975816,23744.955,8.698501,0.6484163,0.05212942,0.6387876,0.0
7334,9.0763035,1.6470532,1.8171922,0.70524687,23744.955,9.0763035,0.6484163,0.053567547,0.6564102,0.0
7335,9.10241,1.6498629,1.839313,0.59069914,23192.75,9.10241,0.5966174,0.052612476,0.6447069,0.0
7336,9.868404,1.732299,1.822137,0.520134,7.4193997,9.868404,0.0,0.05252172,0.6435948,0.0
7337,10.623876,1.8136027,1.861546,0.51890653,3.3724546,10.623876,0.0,0.057293575,0.7020685,0.0
7338,8.953494,1.6338365,1.7989874,0.65348834,3.3724546,8.953494,0.0,0.060898524,0.7462431,0.0
7339,6.440509,1.3633895,1.7931421,0.71478075,0.89932126,6.440509,0.0,0.043027833,0.52725786,0.0
7340,10.351105,1.7842472,1.7680311,0.6243381,0.67449075,10.351105,0.0,0.051159315,0.6269001,0.0
7341,6.601219,1.3806851,1.6536777,0.6693208,0.67449075,6.601219,0.0,0.053268906,0.65275073,0.0
7342,7.873074,1.5175619,1.5574714,0.4902697,0.88433236,7.873074,0.0,0.049863856,0.61102563,0.0
7343,7.5921555,1.4873295,1.4832945,0.5695981,0.88433236,7.5921555,0.0,0.053954888,0.66115665,0.0
7344,7.610357,1.4892883,1.5798916,0.64994955,0.88433236,7.610357,0.0,0.041394394,0.5072419,0.0
7345,6.669005,1.3879802,1.454378,0.6119362,0.67449075,6.669005,0.0,0.042291947,0.5182404,0.0
7346,6.2717104,1.3452234,1.3197038,0.37655693,0.88910145,6.2717104,0.0,0.04516833,0.55348724,0.0
7347,6.0851135,1.3251419,1.3761182,0.6477547,0.88910145,6.0851135,0.0,0.038136438,0.46731928,0.0
7348,6.1273184,1.329684,1.3741541,0.56645566,0.88910145,6.1273184,0.0,0.043218333,0.5295922,0.0
7349,5.0717154,1.2160802,1.2405624,0.53981125,0.88910145,5.0717154,0.0,0.045429803,0.5566913,0.0
7350,4.9553504,1.203557,1.1710448,0.4628481,0.88910145,4.9553504,0.0,0.041453928,0.5079714,0.0
7351,3.8039675,1.0796454,1.0887954,0.4924416,0.67449075,3.8039675,0.0,0.04189506,0.513377,0.0
7352,3.3397462,1.029686,1.0792042,0.58661264,0.67449075,3.3397462,0.0,0.041266467,0.5056743,0.0
7353,3.487614,1.0455995,0.99210674,0.5037815,0.67449075,3.487614,0.0,0.04579444,0.5611595,0.0
7354,1.4593855,0.8273219,0.89337736,0.51565635,0.88910145,1.4593855,0.0,0.043991104,0.53906167,0.0
7355,0.6282754,0.73787796,0.8178011,0.46607396,0.88910145,0.6282754,0.0,0.04028584,0.4936578,0.0
7356,0.5628863,0.7308408,0.8111826,0.43810058,0.67449075,0.5628863,0.0,0.043681078,0.53526264,0.0
7357,0.51047987,0.72520083,0.8215671,0.48376444,0.67449075,0.51047987,0.0,0.050264582,0.6159361,0.0
7358,0.23080444,0.6951022,0.8012036,0.4709636,0.67449075,0.23080444,0.0,0.041367833,0.5069164,0.0
7359,0.20878358,0.69273233,0.7919394,0.48739377,0.67449075,0.20878358,0.0,0.040475637,0.49598354,0.0
7360,1.97313,0.882611,0.9282528,0.56111914,2.2161837,1.97313,0.0,0.05012839,0.61426723,0.0
7361,1.0944484,0.78804743,0.7950349,0.44366702,2.2161837,1.0944484,0.0,0.049049266,0.60104376,0.0
7362,1.7452174,0.85808307,0.75453466,0.57954544,2.2161837,1.7452174,0.0,0.05421339,0.6643243,0.0
7363,0.63092107,0.7381627,0.72427684,0.5478253,5.1068583,0.63092107,0.0,0.04625888,0.5668507,0.0
7364,0.9199753,0.76927066,0.86012536,0.6016913,16566.244,0.9199753,0.0,0.0373525,0.457713,0.0
7365,0.8459174,0.76130056,0.8533756,0.5549909,16566.244,0.8459174,0.0,0.056887902,0.6970975,0.0
7366,1.7396291,0.85748166,0.76795805,0.42671022,16566.244,1.7396291,0.0,0.048836526,0.5984369,0.0
7367,1.0374174,0.78190976,0.86807686,0.645654,16566.244,1.0374174,0.0,0.06295058,0.7713888,0.0
7368,1.9385623,0.8788908,0.77285784,0.4373221,16566.244,1.9385623,0.0,0.049069744,0.6012947,0.0
7369,2.1890118,0.90584415,0.807707,0.4338269,16566.244,2.1890118,0.0,0.049986206,0.6125249,0.0
7370,2.062182,0.89219475,0.81396455,0.4363198,16566.244,2.062182,0.0,0.044197455,0.5415903,0.0
7371,1.822096,0.86635673,0.791686,0.42717594,16566.244,1.822096,0.0,0.047944047,0.5875005,0.0
7372,1.8265573,0.86683685,0.8016331,0.42988992,16566.244,1.8265573,0.0,0.05849744,0.71682054,0.0
7373,4.3442893,1.1377947,1.2884159,0.49596116,16566.244,4.3442893,0.0,0.07426595,0.9100459,0.0
7374,2.5530994,0.9450272,1.0137815,0.74590236,16566.244,2.5530994,0.0,0.07142291,0.8752077,0.0
7375,3.0112731,0.9943358,1.255433,0.56783086,16566.244,3.0112731,0.0,0.07454989,0.91352534,0.0
7376,3.0182064,0.9950819,0.9463278,0.7751573,0.0,3.0182064,0.0,0.06964142,0.8533775,0.0
7377,3.2119088,1.0159281,0.96181244,0.5403579,0.0,3.2119088,0.0,0.06645187,0.81429315,0.0
7378,3.367229,1.0326437,0.9822415,0.5344465,0.0,3.367229,0.0,0.072505355,0.88847184,0.0
7379,4.7462673,1.1810555,1.3373169,0.79933697,0.0,4.7462673,0.0,0.05888281,0.72154284,0.0
7380,3.4948337,1.0463765,0.9628004,0.51804006,0.0,3.4948337,0.0,0.07334901,0.89880985,0.0
7381,3.5139713,1.048436,0.9786508,0.53184164,0.0,3.5139713,0.0,0.07048726,0.86374235,0.0
7382,2.9797091,0.99093884,0.9857921,0.5172745,0.0,2.9797091,0.0,0.06479055,0.79393554,0.0
7383,6.0508814,1.3214579,1.5417995,0.7978431,0.0,6.0508814,0.0,0.05729461,0.7020812,0.0
7384,4.7551355,1.1820099,1.0738273,0.5132285,0.0,4.7551355,0.0,0.0692109,0.84810203,0.0
7385,4.9189177,1.1996361,1.076322,0.64667517,0.0,4.9189177,0.0,0.07973465,0.97705877,0.0
7386,5.3298645,1.2438622,1.1386112,0.53184164,16014.038,5.3298645,0.0,0.07497574,0.9187436,0.0
7387,4.959772,1.2040329,1.1292022,0.54199797,16014.038,4.959772,0.0,0.07562544,0.926705,0.0
7388,4.6913905,1.1751497,1.2674202,0.5089451,16014.038,4.6913905,0.0,0.06804218,0.83378065,0.0
7389,4.8498044,1.1921982,1.1316516,0.5386651,16566.244,4.8498044,0.0,0.06923263,0.8483682,0.0
7390,4.88296,1.1957663,1.1286912,0.76377463,16566.244,4.88296,0.0,0.07008364,0.8587964,0.0
7391,5.8499246,1.2998309,1.1953363,0.6460334,16566.244,5.8499246,0.0,0.07769008,0.95200485,0.0
7392,6.8215528,1.3704896,1.3600037,0.7271061,16566.244,6.5064826,0.0,0.09289745,1.1383542,1.0
7393,5.119867,1.2212622,1.153687,0.78129923,16566.244,5.119867,0.0,0.07538514,0.92376035,0.0
7394,7.698908,1.3566326,1.3753041,0.3081337,16566.244,6.3777237,0.0,0.1299078,1.5918745,1.0
7395,6.513073,1.3711373,1.3351433,0.6710405,16566.244,6.512501,0.0,0.081627294,1.0002509,1.0
7396,5.0110235,1.182289,1.1441447,0.80002314,16566.244,4.7577286,0.0,0.094020054,1.1521103,1.0
7397,4.220748,1.0975896,1.0729045,0.7798794,16566.244,3.9707046,0.0,0.096289515,1.1799201,1.0
7398,3.7647176,1.0490112,1.1025934,0.7798794,16566.244,3.519316,0.0,0.09786521,1.1992284,1.0
7399,4.384811,1.1110343,1.0427767,0.7798794,16566.244,4.095632,0.0,0.098069616,1.2017332,1.0
7400,5.6003985,1.2602029,1.2119398,0.7578703,16566.244,5.481702,0.0,0.08665554,1.0618665,1.0
7401,4.6552196,1.149604,1.0437456,0.7798794,16566.244,4.4540205,0.0,0.09213932,1.1290641,1.0
7402,5.5988045,1.2198415,1.0396054,0.7923243,16566.244,5.106665,0.0,0.10407714,1.2753487,1.0
7403,4.9416757,1.1295668,1.1635791,0.76112413,28162.62,4.2678356,1.0628095,0.11842037,1.4511088,1.0
7404,6.3666706,1.2377216,1.257986,0.75648165,28162.62,5.272806,1.0628095,0.12997726,1.5927255,1.0
7405,5.3441634,1.194579,1.0212672,0.7880745,28162.62,4.8719273,1.0628095,0.10420725,1.276943,1.0
7406,4.6008735,1.1654083,1.1728336,0.6474591,28162.62,4.6008735,1.0628095,0.07321929,0.8972203,0.0
7407,4.7283072,1.1396703,1.2057679,0.36749777,28162.62,4.3617167,1.0628095,0.10120347,1.2401351,1.0
7408,3.2064848,0.97087,1.0761594,0.69596547,28162.62,2.7932303,1.0628095,0.11610285,1.4227103,1.0
7409,6.229179,1.2523199,1.2666157,0.3515892,28162.62,5.408454,1.0628095,0.11698887,1.4335674,1.0
7410,1.2822162,0.8020525,1.0914932,0.6873337,28162.62,1.2245831,1.0628095,0.092580214,1.1344668,1.0
7411,1.7250216,0.84196717,1.0443691,0.8491647,28162.62,1.595469,1.0628095,0.10053967,1.232001,1.0
7412,2.6830506,0.91355187,1.1581963,0.81133765,28162.62,2.2606318,1.0628095,0.12517524,1.5338823,1.0
7413,2.805927,0.93853885,1.1843121,0.80769193,28162.62,2.49281,1.0628095,0.1108939,1.3588804,1.0
7414,2.82765,0.97457427,1.049154,0.7729496,28162.62,2.82765,1.0628095,0.053498887,0.6555689,0.0
7415,5.1486154,1.1562729,1.332835,0.71561,28162.62,4.515988,1.0628095,0.11426963,1.4002461,1.0
7416,5.7195015,1.2611215,1.3916308,0.7121697,28162.62,5.4902377,1.0628095,0.09134329,1.1193097,1.0
7417,7.079586,1.3724655,1.3910583,0.7408373,28162.62,6.5248427,1.0628095,0.101430304,1.2429147,1.0
7418,8.385957,1.429069,1.4326797,0.6939261,28162.62,7.0508013,1.0628095,0.12575893,1.5410347,1.0
7419,7.291626,1.3686368,1.4041896,0.6766,24297.16,6.489267,0.70021516,0.11043594,1.3532686,1.0
7420,5.0794506,1.2169126,1.4335446,0.66834867,24297.16,5.0794506,0.70021516,0.058310255,0.71452683,0.0
7421,5.6174793,1.2184634,1.2560145,0.7489923,24297.16,5.09386,0.70021516,0.10557454,1.2936976,1.0
7422,6.7162933,1.3930694,1.3794509,0.6884803,24297.16,6.7162933,0.70021516,0.074771106,0.9162361,0.0
7423,5.22939,1.2320169,1.4268208,0.7797208,24297.16,5.219799,0.70021516,0.08203526,1.0052501,1.0
7424,7.613988,1.3649508,1.3356777,0.446615,23744.955,6.455016,0.6484163,0.123470135,1.5129881,1.0
7425,6.311429,1.3167057,1.3167001,0.80953616,23744.955,6.0067244,0.6484163,0.09343449,1.1449349,1.0
7426,6.1973042,1.2780583,1.1913601,0.66896296,23744.955,5.647614,0.6484163,0.104300834,1.2780898,1.0
7427,2.0755165,0.8936298,1.0639842,0.6882812,23192.75,2.0755165,0.5966174,0.06351032,0.7782478,0.0
7428,2.682031,0.9589028,1.0879713,0.5978512,23192.75,2.682031,0.5966174,0.054522038,0.66810644,0.0
7429,0.47729394,0.67814344,0.60996586,0.6012119,23192.75,0.07322405,0.5966174,0.0762734,0.93464494,0.0
7430,0.6231379,0.7373251,1.0782012,0.6732084,16566.244,0.6231379,0.0,0.056144297,0.6879854,0.0
7431,0.048677113,0.6755017,0.7062434,0.50182337,16566.244,0.048677113,0.0,0.06825554,0.83639514,0.0
7432,1.1361369,0.79253393,1.2925991,0.76313716,16566.244,1.1361369,0.0,0.06274055,0.7688151,0.0
7433,0.5631958,0.7306032,0.66286665,0.4799953,16566.244,0.56067866,0.0,0.082653604,1.0128273,1.0
7434,1.0449364,0.78271896,0.90871733,0.7573056,16566.244,1.0449364,0.0,0.074089766,0.90788704,0.0
7435,1.661979,0.84912497,1.2967294,0.72287077,16566.244,1.661979,0.0,0.068104506,0.83454436,0.0
7436,2.1636026,0.9031096,0.8801328,0.7506191,16566.244,2.1636026,0.0,0.069656536,0.8535628,0.0
7437,2.9086304,0.98328936,1.3317509,0.7436553,16566.244,2.9086304,0.0,0.04878483,0.5978034,0.0
7438,2.0354457,0.8893174,0.81847095,0.7354684,33132.49,2.0354457,1.5290015,0.053132612,0.6510806,0.0
7439,1.339358,0.81440455,0.84416974,0.7273825,33132.49,1.339358,1.5290015,0.046615742,0.5712237,0.0
7440,1.2232012,0.7858499,0.8099886,0.72412294,33132.49,1.0740293,1.5290015,0.05103703,0.62540156,0.0
7441,1.2232012,0.77169013,1.3311976,0.6653075,33132.49,0.94245696,1.5290015,0.05095955,0.6244522,0.0
7442,2.1305664,0.89955425,0.82188046,0.50432336,33132.49,2.1305664,1.5290015,0.07773166,0.95251435,0.0
7443,2.3134563,0.91923684,0.9879727,0.5279922,33132.49,2.3134563,1.5290015,0.047056925,0.5766299,0.0
7444,2.251496,0.9125687,0.81945413,0.5027496,33132.49,2.251496,1.5290015,0.068825714,0.84338194,0.0
7445,3.0297036,0.99631923,1.0024567,0.4812316,33132.49,3.0297036,1.5290015,0.0488461,0.5985542,0.0
7446,3.1784225,1.0123243,1.0060405,0.33801514,33132.49,3.1784225,1.5290015,0.036340516,0.4453123,0.0
7447,2.9105804,0.9834992,0.9874506,0.39442116,33132.49,2.9105804,1.5290015,0.040307283,0.49392056,0.0
7448,2.6913822,0.95990914,0.9503282,0.489321,33132.49,2.6913822,1.5290015,0.048815712,0.59818184,0.0
7449,2.7925937,0.97080153,0.9495364,0.489321,33132.49,2.7925937,1.5290015,0.06346204,0.7776562,0.0
7450,3.141121,1.00831,0.94168085,0.49869356,34789.11,3.141121,1.6843987,0.074468,0.9125219,0.0
7451,3.0154564,0.99478596,1.057047,0.45969066,34789.11,3.0154564,1.6843987,0.058458775,0.71634674,0.0
7452,2.131083,0.89960986,0.9403604,0.51863366,34789.11,2.131083,1.6843987,0.06879787,0.84304076,0.0
7453,2.1216218,0.89859164,1.081616,0.47104928,34789.11,2.1216218,1.6843987,0.062231313,0.762575,0.0
7454,3.3905492,1.0351534,1.0275966,0.4627523,34789.11,3.3905492,1.6843987,0.055445265,0.6794196,0.0
7455,4.2576227,1.1284677,1.0832982,0.52832365,34789.11,4.2576227,1.6843987,0.06300107,0.77200747,0.0
7456,2.1208985,0.8985138,0.95642185,0.49618432,34789.11,2.1208985,1.6843987,0.062667824,0.76792395,0.0
7457,1.3475189,0.80199486,0.9003337,0.59995943,34789.11,1.2240475,1.6843987,0.058664206,0.7188641,0.0
7458,1.4730262,0.8287899,0.93504566,0.6007635,34789.11,1.4730262,1.6843987,0.06062092,0.7428414,0.0
7459,2.3482692,0.9229834,1.1220026,0.67657065,34789.11,2.3482692,1.6843987,0.05544624,0.6794315,0.0
7460,3.6110613,1.0588849,1.2515826,0.70252043,34789.11,3.6110613,1.6843987,0.053178094,0.6516379,0.0
7461,5.0262394,1.211186,1.2097423,0.8356829,34789.11,5.0262394,1.6843987,0.056953374,0.69789976,0.0
7462,6.840618,1.4064492,1.9286777,0.7267821,34789.11,6.840618,1.6843987,0.052557357,0.64403147,0.0
7463,4.0189414,1.1027808,1.168613,0.75138414,34789.11,4.0189414,1.6843987,0.06036542,0.73971057,0.0
7464,9.518562,1.6946491,1.9044049,0.7254986,34789.11,9.518562,1.6843987,0.057175867,0.70062613,0.0
7465,7.999728,1.5311924,1.8755423,0.7562813,34789.11,7.999728,1.6843987,0.061240602,0.75043494,0.0
7466,9.319039,1.6731764,1.9414489,0.72298384,27058.193,9.319039,0.9592102,0.056580096,0.69332564,0.0
7467,9.129612,1.6527903,2.0027266,0.7100347,24297.16,9.129612,0.70021516,0.058508545,0.7169566,0.0
7468,8.235505,1.5198809,1.9453398,0.6306213,24297.16,7.894622,0.70021516,0.09167456,1.123369,1.0
7469,7.14472,1.4385487,1.676451,0.79510844,24297.16,7.1388855,0.70021516,0.08179739,1.0023353,1.0
7470,6.885318,1.4112598,1.5523953,0.71921706,24297.16,6.885318,0.70021516,0.057638064,0.7062898,0.0
7471,8.866897,1.624517,1.9147081,0.5960205,23744.955,8.866897,0.6484163,0.08155479,0.9993625,0.0
7472,6.074165,1.3239636,1.3700898,0.71755004,23744.955,6.074165,0.6484163,0.080674164,0.9885714,0.0
7473,5.0242443,1.2109714,1.2370024,0.71652377,23744.955,5.0242443,0.6484163,0.06660056,0.8161152,0.0
7474,3.939306,1.0942105,1.1376673,0.610853,23192.75,3.939306,0.5966174,0.070676744,0.86606425,0.0
7475,4.259212,1.1286387,1.1227239,0.7240942,23192.75,4.259212,0.5966174,0.07112193,0.8715195,0.0
7476,3.5724905,1.0547339,1.1905669,0.7817532,23192.75,3.5724905,0.5966174,0.07293436,0.8937288,0.0
7477,2.1547832,0.90216047,1.0875965,0.7817532,5.1068583,2.1547832,0.0,0.07487681,0.9175313,0.0
7478,2.1238708,0.8988337,0.9196321,0.73143107,5.1068583,2.1238708,0.0,0.0809433,0.9918694,0.0
7479,1.5943635,0.8418482,0.94674623,0.8002379,2.2161837,1.5943635,0.0,0.06748952,0.8270084,0.0
7480,2.1166377,0.89805526,0.89811265,0.8002379,0.67449075,2.1166377,0.0,0.06631038,0.8125594,0.0
7481,3.4870944,1.0455436,1.5039381,0.7279702,0.67449075,3.4870944,0.0,0.06458306,0.79139304,0.0
7482,2.8103557,0.97271305,1.346841,0.7214427,0.67449075,2.8103557,0.0,0.063400544,0.7769026,0.0
7483,5.0124264,1.2096995,1.3576086,0.8052737,5.1068583,5.0124264,0.0,0.07110235,0.8712796,0.0
7484,2.4789865,0.9370512,1.2536834,0.8200878,16566.244,2.4789865,0.0,0.05994614,0.7345727,0.0
7485,2.3086114,0.9187154,1.3254744,0.7187396,16566.244,2.3086114,0.0,0.06256474,0.76666075,0.0
7486,2.392209,0.9277122,1.3323357,0.7187396,16566.244,2.392209,0.0,0.06699497,0.8209483,0.0
7487,1.5363865,0.8356087,1.0310798,0.7906221,16566.244,1.5363865,0.0,0.067684285,0.82939506,0.0
7488,1.669364,0.84991974,0.83060837,0.7683709,16566.244,1.669364,0.0,0.06903131,0.84590137,0.0
7489,3.2557535,1.0206467,0.8798731,0.77409697,16566.244,3.2557535,0.0,0.07122337,0.87276256,0.0
7490,2.8618116,0.97825074,0.90056336,0.62472427,16566.244,2.8618116,0.0,0.07443733,0.912146,0.0
7491,1.1972498,0.7991109,0.78796554,0.5599475,16566.244,1.1972498,0.0,0.063820906,0.78205365,0.0
7492,2.6195168,0.95081705,0.8450026,0.7705476,16566.244,2.6068985,0.0,0.0827354,1.0138296,1.0
7493,0.68624574,0.7441167,0.81417674,0.701589,16566.244,0.68624574,0.0,0.06577745,0.8060289,0.0
7494,4.3434954,1.1377093,1.0145953,0.74234074,16566.244,4.3434954,0.0,0.07652722,0.93775535,0.0
7495,3.2022388,1.0148875,0.9894761,0.7457386,16566.244,3.2022388,0.0,0.06976194,0.85485435,0.0
7496,3.9381585,1.094087,1.0967871,0.6418304,16566.244,3.9381585,0.0,0.07095442,0.86946684,0.0
7497,3.8343093,1.0829108,1.1347404,0.6418304,16566.244,3.8343093,0.0,0.075015604,0.91923213,0.0
7498,1.5914371,0.83705837,1.0571615,0.722211,16566.244,1.5498565,0.0,0.08786224,1.0766532,1.0
7499,1.586121,0.8393198,0.98464054,0.63075507,16566.244,1.5708699,0.0,0.08387051,1.027739,1.0
7500,0.5831487,0.7273154,0.74896044,0.3186019,16566.244,0.5301286,0.0,0.104926236,1.2857534,1.0
7501,2.7094474,0.9618533,0.90227526,0.5580067,16566.244,2.7094474,0.0,0.06860247,0.8406464,0.0
7502,1.5167816,0.82758594,1.0324241,0.71230805,16566.244,1.461839,0.0,0.09037011,1.1073844,1.0
7503,3.0931568,1.0031481,1.1199903,0.66313374,16566.244,3.0931568,0.0,0.077490225,0.9495558,0.0
7504,3.5991137,1.0575991,1.126437,0.6631338,16566.244,3.5991137,0.0,0.07826274,0.9590221,0.0
7505,3.558651,1.045963,1.2294391,0.63861513,16566.244,3.4909923,0.0,0.08612572,1.0553741,1.0
7506,4.570813,1.1432799,1.2550604,0.78656405,16566.244,4.3952575,0.0,0.0909198,1.1141202,1.0
7507,2.0502522,0.86109525,0.7716802,0.61165243,16566.244,1.7732065,0.0,0.1180361,1.4464,1.0
7508,2.398445,0.9283833,0.8457244,0.6244123,16566.244,2.398445,0.0,0.06834424,0.8374821,0.0
7509,3.0528555,0.9616271,1.1924336,0.74454284,16566.244,2.7073455,0.0,0.111362875,1.3646271,1.0
7510,1.3736231,0.7894349,0.799837,0.30893764,16566.244,1.1073409,0.0,0.13767534,1.687057,1.0
7511,2.2183468,0.90635175,0.9709417,0.80655473,16566.244,2.1937284,0.0,0.0842234,1.0320634,1.0
7512,0.9145818,0.7564043,0.76052415,0.37094972,16566.244,0.8004213,0.0,0.1148617,1.4075013,1.0
7513,1.2790623,0.7976492,0.7795731,0.7448074,16566.244,1.1836679,0.0,0.10039787,1.2302634,1.0
7514,2.280846,0.89832246,0.98662764,0.671407,16566.244,2.1191206,0.0,0.09940113,1.2180494,1.0
7515,1.6231399,0.83207303,1.11006,0.63054305,16566.244,1.503533,0.0,0.10015499,1.227287,1.0
7516,0.37510926,0.7093922,0.73513305,0.64717025,16566.244,0.36358646,0.0,0.0889962,1.0905486,1.0
7517,1.402762,0.80818754,0.770777,0.64536595,16566.244,1.2815897,0.0,0.10365194,1.2701384,1.0
7518,2.482704,0.89457524,0.875594,0.66142404,16566.244,2.0843015,0.0,0.12617448,1.5461268,1.0
7519,2.604733,0.9043136,1.0859021,0.669544,16566.244,2.1747904,0.0,0.12770155,1.5648394,1.0
7520,2.5435631,0.89155257,1.0559237,0.6980216,16566.244,2.056215,0.0,0.13686913,1.6771778,1.0
7521,2.4055674,0.9291498,1.4049895,0.7852463,16566.244,2.4055674,0.0,0.054991685,0.67386144,0.0
7522,2.1072466,0.8970446,1.3240781,0.82753557,16566.244,2.1072466,0.0,0.036955092,0.45284322,0.0
7523,8.931779,1.6314995,1.5401101,0.72321683,16566.244,8.931779,0.0,0.034561537,0.4235129,0.0
7524,8.992684,1.6380541,1.5320988,0.7106754,16566.244,8.992684,0.0,0.038603596,0.4730438,0.0
7525,9.680556,1.7120829,1.6225009,0.6583938,16566.244,9.680556,0.0,0.04523114,0.5542569,0.0
7526,3.3286583,1.0284927,1.4061881,0.8500468,16566.244,3.3286583,0.0,0.04242878,0.51991713,0.0
7527,3.0069234,0.99386764,1.1350539,0.7207182,16566.244,3.0069234,0.0,0.039497185,0.48399374,0.0
7528,3.4366148,1.040111,1.0029889,0.6813045,16566.244,3.4366148,0.0,0.06603728,0.80921286,0.0
7529,3.8781319,1.0876269,1.3167443,0.6940032,16566.244,3.8781319,0.0,0.056164213,0.68822944,0.0
7530,6.5187826,1.3718133,1.4535117,0.5660196,16566.244,6.5187826,0.0,0.057980847,0.7104903,0.0
7531,2.442191,0.9330912,1.0215079,0.60020524,16566.244,2.442191,0.0,0.04998117,0.6124632,0.0
7532,1.9568846,0.88086265,1.4122216,0.60058445,16566.244,1.9568846,0.0,0.06628215,0.8122135,0.0
7533,4.3901167,1.1427267,1.4198157,0.73834777,16566.244,4.3901167,0.0,0.06120922,0.75005037,0.0
7534,3.7401845,1.0727811,1.0777832,0.6635834,16566.244,3.7401845,0.0,0.04295088,0.52631485,0.0
7535,5.453404,1.2571574,1.3894423,0.70443773,16566.244,5.453404,0.0,0.07401754,0.907002,0.0
7536,6.7717743,1.3990402,1.3857782,0.5313042,16566.244,6.7717743,0.0,0.07155082,0.876775,0.0
7537,3.5049558,1.0474658,1.3263607,0.5625653,16566.244,3.5049558,0.0,0.064182684,0.7864868,0.0
7538,6.4412785,1.353341,1.3967575,0.5611097,16566.244,6.3471384,0.0,0.085065044,1.0423768,1.0
7539,2.9856546,0.9915787,1.2037892,0.84243166,16566.244,2.9856546,0.0,0.059435222,0.728312,0.0
7540,2.8195882,0.97370666,1.0793672,0.7563616,16566.244,2.8195882,0.0,0.05280472,0.64706266,0.0
7541,4.3003263,1.1330634,1.3069346,0.7725896,16566.244,4.3003263,0.0,0.053150717,0.65130246,0.0
7542,6.2184196,1.3394883,1.3920864,0.5956054,16566.244,6.2184196,0.0,0.06459796,0.79157555,0.0
7543,1.903432,0.8751101,0.78235024,0.6406905,16566.244,1.903432,0.0,0.046259455,0.56685776,0.0
7544,5.1512575,1.2246405,1.1844393,0.82147086,16566.244,5.1512575,0.0,0.056298222,0.6898716,0.0
7545,5.606851,1.2736714,1.3131878,0.6075121,16566.244,5.606851,0.0,0.053878598,0.6602218,0.0
7546,4.346797,1.1380646,1.1697,0.74580514,16566.244,4.346797,0.0,0.05858774,0.7179271,0.0
7547,2.5608199,0.94585806,1.3061247,0.71924466,16566.244,2.5608199,0.0,0.05677544,0.69571936,0.0
7548,1.657941,0.8486904,1.2568955,0.73859656,16566.244,1.657941,0.0,0.049273472,0.6037912,0.0
7549,5.7530527,1.2894056,1.3377748,0.6812429,16566.244,5.7530527,0.0,0.041946057,0.5140019,0.0
7550,2.0485039,0.8907227,1.1723392,0.7884503,16566.244,2.0485039,0.0,0.059016854,0.72318536,0.0
7551,2.1856844,0.90548605,1.0056436,0.62764543,16566.244,2.1856844,0.0,0.055661343,0.68206733,0.0
7552,2.2975194,0.9175217,0.8793827,0.6569589,16566.244,2.2975194,0.0,0.065550156,0.8032437,0.0
7553,2.204417,0.90750206,1.0276158,0.9008373,16566.244,2.204417,0.0,0.057656948,0.7065213,0.0
7554,3.668742,1.0650924,0.9675306,0.86176485,16566.244,3.668742,0.0,0.056905497,0.6973131,0.0
7555,2.1746535,0.9042989,0.94744706,0.86176485,16566.244,2.1746535,0.0,0.06324573,0.7750055,0.0
7556,2.993004,0.99236965,1.1353006,0.69288206,16566.244,2.993004,0.0,0.06955934,0.85237175,0.0
7557,2.4369543,0.93252766,1.010852,0.8621671,16566.244,2.4369543,0.0,0.059682198,0.73133844,0.0
7558,2.8257282,0.97436744,0.9265598,0.7363046,16566.244,2.8257282,0.0,0.07388444,0.905371,0.0
7559,2.8039222,0.9720207,1.5996342,0.8284904,16566.244,2.8039222,0.0,0.07103997,0.87051517,0.0
7560,1.8967564,0.8743917,0.95977354,0.697678,16566.244,1.8967564,0.0,0.071569756,0.8770071,0.0
7561,2.1590416,0.90261877,0.9216507,0.80207783,16566.244,2.1590416,0.0,0.06779894,0.83080006,0.0
7562,1.9482142,0.87992954,1.0247326,0.8120185,16566.244,1.9482142,0.0,0.06268652,0.768153,0.0
7563,1.9671905,0.8819718,0.9434209,0.7534551,16566.244,1.9671905,0.0,0.07747031,0.9493118,0.0
7564,2.836693,0.9755475,1.0966494,0.7594939,16566.244,2.836693,0.0,0.074257515,0.9099426,0.0
7565,1.2294087,0.80257183,0.88691294,0.77498055,16566.244,1.2294087,0.0,0.07396983,0.90641737,0.0
7566,1.3313073,0.81353813,0.92627686,0.80649817,16566.244,1.3313073,0.0,0.06567495,0.8047729,0.0
7567,1.2201712,0.8015777,1.0022507,0.871146,16566.244,1.2201712,0.0,0.065539084,0.803108,0.0
7568,1.2148188,0.80100167,0.96171635,0.88058496,16566.244,1.2148188,0.0,0.073576935,0.90160286,0.0
7569,2.176768,0.9045265,1.1123466,0.78769916,16566.244,2.176768,0.0,0.066591345,0.81600225,0.0
7570,1.8261402,0.86679196,0.9474647,0.918415,16566.244,1.8261402,0.0,0.066135205,0.8104128,0.0
7571,4.109599,1.1125374,1.2649451,0.89680135,16566.244,4.109599,0.0,0.072674766,0.8905478,0.0
7572,5.2599006,1.2363327,1.353219,0.89127326,16566.244,5.2599006,0.0,0.071157545,0.87195593,0.0
7573,5.771733,1.2914159,1.3461977,0.89127326,16566.244,5.771733,0.0,0.0753946,0.9238763,0.0
7574,6.297073,1.347953,1.3577626,0.89127326,16566.244,6.297073,0.0,0.06769105,0.8294779,0.0
7575,1.3083825,0.811071,0.9946255,0.81693304,16566.244,1.3083825,0.0,0.07452371,0.9132045,0.0
7576,2.40163,0.9287261,1.0827422,0.80428827,16566.244,2.40163,0.0,0.07384574,0.90489674,0.0
7577,5.046008,1.1827158,1.2141118,0.7144837,16566.244,4.7616944,0.0,0.09552859,1.1705958,1.0
7578,6.524568,1.3724359,1.5900847,0.6446575,16566.244,6.524568,0.0,0.054405157,0.6666742,0.0
7579,5.79924,1.2943763,1.2907797,0.7126844,16566.244,5.79924,0.0,0.05867497,0.718996,0.0
7580,6.5957203,1.3800933,1.3448628,0.5630927,16566.244,6.5957203,0.0,0.051662866,0.6330705,0.0
7581,6.573666,1.3777199,1.4196262,0.72435457,16566.244,6.573666,0.0,0.064641185,0.79210526,0.0
7582,6.5538054,1.3755825,1.4522672,0.75456,16566.244,6.5538054,0.0,0.05915463,0.72487366,0.0
7583,6.806684,1.4027972,1.6128252,0.6697455,16566.244,6.806684,0.0,0.049717776,0.6092356,0.0
7584,5.8574333,1.300639,1.537694,0.7272816,16566.244,5.8574333,0.0,0.058127336,0.71228534,0.0
7585,5.3170753,1.2424858,1.2842972,0.6786557,16566.244,5.3170753,0.0,0.05632634,0.6902162,0.0
7586,4.9171095,1.1994416,1.2210985,0.52235687,16566.244,4.9171095,0.0,0.05865508,0.71875226,0.0
7587,0.87844473,0.76480114,1.2377448,0.6369838,16566.244,0.87844473,0.0,0.06180755,0.7573822,0.0
7588,1.5634257,0.8385187,1.110966,0.696328,16566.244,1.5634257,0.0,0.06776063,0.83033055,0.0
7589,6.528341,1.372842,1.618184,0.59228617,16566.244,6.528341,0.0,0.0586979,0.71927696,0.0
7590,3.3939853,1.0355232,1.1742842,0.6953626,16566.244,3.3939853,0.0,0.064523734,0.79066604,0.0
7591,5.091863,1.2182485,1.1852331,0.6332211,16566.244,5.091863,0.0,0.058022838,0.71100485,0.0
7592,4.950798,1.2030671,1.1694533,0.66438746,16566.244,4.950798,0.0,0.063748844,0.7811706,0.0
7593,5.8284154,1.2975161,1.2384508,0.5262877,16566.244,5.8284154,0.0,0.06688762,0.81963277,0.0
7594,5.5561433,1.2682142,1.2808064,0.46772957,16566.244,5.5561433,0.0,0.05378907,0.6591248,0.0
7595,5.6408305,1.2773283,1.2403746,0.602865,16566.244,5.6408305,0.0,0.050820295,0.62274575,0.0
7596,5.325675,1.2434113,1.2624575,0.46548694,16566.244,5.325675,0.0,0.055685926,0.6823686,0.0
7597,3.2547665,1.0205405,1.2208631,0.702618,16566.244,3.2547665,0.0,0.05500117,0.6739777,0.0
7598,5.1749687,1.2271923,1.1460015,0.7144441,16566.244,5.1749687,0.0,0.062348127,0.7640064,0.0
7599,3.1296554,1.007076,1.2202089,0.6962357,16566.244,3.1296554,0.0,0.05477586,0.6712168,0.0
7600,2.5434608,0.9439899,1.1472641,0.5805276,16566.244,2.5434608,0.0,0.062471274,0.76551545,0.0
7601,4.8708916,1.1944675,1.3343161,0.5928618,16566.244,4.8708916,0.0,0.049676538,0.60873026,0.0
7602,4.707692,1.1769041,1.1610522,0.48865443,16566.244,4.707692,0.0,0.055232856,0.67681676,0.0
7603,3.4986231,1.0467843,1.1703435,0.64023226,38654.566,3.4986231,2.0469928,0.06123296,0.7503413,0.0
7604,4.1117687,1.1127709,1.2282474,0.5149278,38654.566,4.1117687,2.0469928,0.053914446,0.6606611,0.0
7605,3.5135715,1.048393,1.3030977,0.6153912,38654.566,3.5135715,2.0469928,0.06499755,0.7964721,0.0
7606,3.501245,1.0470665,1.1281518,0.51896703,38654.566,3.501245,2.0469928,0.053363364,0.6539082,0.0
7607,3.1901915,1.0135909,1.1636505,0.68909013,38654.566,3.1901915,2.0469928,0.062180042,0.7619467,0.0
7608,2.9411755,0.98679185,1.3104926,0.80581933,38654.566,2.9411755,2.0469928,0.06440958,0.7892671,0.0
7609,5.1955385,1.229406,1.3762647,0.83724594,38654.566,5.1955385,2.0469928,0.065079115,0.7974716,0.0
7610,4.8476887,1.1919705,1.1987947,0.6821789,38654.566,4.8476887,2.0469928,0.06446396,0.78993356,0.0
7611,5.0080733,1.209231,1.3243117,0.7165949,38654.566,5.0080733,2.0469928,0.06799909,0.8332526,0.0
7612,5.945395,1.3101054,1.332602,0.8380706,38654.566,5.945395,2.0469928,0.067821145,0.8310721,0.0
7613,6.437456,1.363061,1.3461071,0.8451364,38654.566,6.437456,2.0469928,0.06958444,0.85267925,0.0
7614,6.985182,1.4220071,1.4594725,0.71179646,38654.566,6.985182,2.0469928,0.06831574,0.83713275,0.0
7615,6.291581,1.3473619,1.3777256,0.8007388,38654.566,6.291581,2.0469928,0.06374968,0.78118086,0.0
7616,5.549288,1.2674764,1.1378727,0.771016,38654.566,5.549288,2.0469928,0.0650283,0.79684895,0.0
7617,4.3601336,1.1394999,0.9873053,0.7462629,38654.566,4.3601336,2.0469928,0.05846471,0.71641946,0.0
7618,4.323662,1.1355748,1.08949,0.4818023,38654.566,4.323662,2.0469928,0.050254688,0.61581486,0.0
7619,4.14638,1.1164957,1.0728977,0.74790305,27610.412,4.14638,1.0110104,0.049870316,0.6111048,0.0
7620,4.054171,1.1065723,1.2905914,0.7575622,23744.955,4.054171,0.6484163,0.055038467,0.6744347,0.0
7621,6.7415886,1.3957916,1.2987581,0.67794144,23744.955,6.7415886,0.6484163,0.04868649,0.5965983,0.0
7622,5.297625,1.2403926,1.1965848,0.7120291,23744.955,5.297625,0.6484163,0.051332872,0.62902683,0.0
7623,6.3082075,1.3491513,1.2491546,0.72871745,23744.955,6.3082075,0.6484163,0.047653012,0.58393425,0.0
7624,5.3114634,1.2418818,1.2366627,0.54868484,23744.955,5.3114634,0.6484163,0.0581865,0.7130103,0.0
7625,2.3974447,0.92827564,1.1478839,0.68090725,23192.75,2.3974447,0.5966174,0.060203407,0.73772526,0.0
7626,2.4218028,0.93089706,0.90669256,0.64262515,23192.75,2.4218028,0.5966174,0.05248081,0.64309347,0.0
7627,3.2453878,1.0195311,0.9006755,0.6333485,23192.75,3.2453878,0.5966174,0.062662795,0.7678623,0.0
7628,3.3625724,1.0321425,0.92153883,0.7557063,16566.244,3.3625724,0.0,0.057858687,0.7089933,0.0
7629,2.4064374,0.92924345,0.8755617,0.52115935,16566.244,2.4064374,0.0,0.057280257,0.7019053,0.0
7630,2.091478,0.8953476,0.82826614,0.5254312,16566.244,2.091478,0.0,0.059509687,0.7292245,0.0
7631,2.5383716,0.94344217,0.8876131,0.5295876,16566.244,2.5383716,0.0,0.051749654,0.634134,0.0
7632,2.0210226,0.88776517,0.9575255,0.48380956,16566.244,2.0210226,0.0,0.04305079,0.52753913,0.0
7633,1.9448612,0.8795687,0.8960379,0.53335047,16566.244,1.9448612,0.0,0.05487344,0.6724125,0.0
7634,1.8605533,0.8704955,1.0225936,0.56401384,16566.244,1.8605533,0.0,0.054312225,0.66553545,0.0
7635,1.9486772,0.8799794,0.9813564,0.6154985,16566.244,1.9486772,0.0,0.05539975,0.6788618,0.0
7636,4.4628267,1.1505517,1.0708851,0.68411297,16566.244,4.4628267,0.0,0.050020713,0.61294776,0.0
7637,1.0446827,0.78269166,0.89423,0.7554115,16566.244,1.0446827,0.0,0.049285926,0.60394377,0.0
7638,2.5775425,0.94765776,0.832094,0.62959117,16566.244,2.5775425,0.0,0.043694578,0.53542805,0.0
7639,2.3275278,0.9207512,0.75609833,0.7145009,16566.244,2.3275278,0.0,0.055049438,0.67456913,0.0
7640,1.4738774,0.8288815,0.8047744,0.63324654,16566.244,1.4738774,0.0,0.051801007,0.63476324,0.0
7641,3.6305523,1.0609825,1.031604,0.6544173,28162.62,3.6305523,1.0628095,0.038032144,0.4660413,0.0
7642,3.4693956,1.0436388,0.9063039,0.6930633,28162.62,3.4693956,1.0628095,0.049664307,0.6085804,0.0
7643,1.9149226,0.8763467,0.85298955,0.6160897,28162.62,1.9149226,1.0628095,0.052149694,0.63903606,0.0
7644,2.310656,0.9189355,0.87747025,0.62985915,28162.62,2.310656,1.0628095,0.054001234,0.66172457,0.0
7645,1.8321793,0.8674419,0.7705084,0.5906982,28162.62,1.8321793,1.0628095,0.049133733,0.6020788,0.0
7646,3.3440995,1.0301545,0.96278185,0.8312954,28162.62,3.3440995,1.0628095,0.05333163,0.65351933,0.0
7647,3.187305,1.0132803,0.99539083,0.68525565,28162.62,3.187305,1.0628095,0.049567312,0.60739183,0.0
7648,2.2482545,0.9122198,1.0211617,0.73437274,28162.62,2.2482545,1.0628095,0.04867951,0.5965128,0.0
7649,2.8444476,0.976382,1.0490923,0.7004066,28162.62,2.8444476,1.0628095,0.04908081,0.6014303,0.0
7650,1.6316816,0.84586436,1.137899,0.56221277,28162.62,1.6316816,1.0628095,0.050324403,0.6166691,0.0
7651,2.3064601,0.9184839,1.026435,0.66424936,28162.62,2.3064601,1.0628095,0.059756514,0.7322491,0.0
7652,2.294506,0.9171974,1.0546805,0.62791604,28162.62,2.294506,1.0628095,0.043087978,0.5279949,0.0
7653,1.9719874,0.882488,0.8916941,0.52556646,28162.62,1.9719874,1.0628095,0.04346365,0.5325983,0.0
7654,2.1770294,0.9045546,0.9944238,0.4692614,28162.62,2.1770294,1.0628095,0.0405495,0.4968887,0.0
7655,2.5164986,0.9410882,1.0020195,0.58813447,28162.62,2.5164986,1.0628095,0.060217313,0.73789567,0.0
7656,3.5289805,1.0500513,1.0513433,0.5821385,28162.62,3.5289805,1.0628095,0.038735855,0.47466448,0.0
7657,5.6048803,1.2734593,1.2903872,0.50339323,26505.986,5.6048803,0.90741116,0.052788924,0.64686906,0.0
7658,5.5355215,1.2659949,1.2974374,0.58769494,26505.986,5.5355215,0.90741116,0.06110595,0.74878496,0.0
7659,3.8370275,1.0832033,1.0780103,0.7294488,26505.986,3.8370275,0.90741116,0.07109045,0.8711338,0.0
7660,3.6106791,1.0588437,0.93822455,0.6603565,24297.16,3.6106791,0.70021516,0.053406157,0.6544326,0.0
7661,3.5170474,1.0487671,1.0487888,0.5723525,23744.955,3.5170474,0.6484163,0.048338287,0.5923315,0.0
7662,2.310958,0.91896796,0.9840277,0.63455254,23744.955,2.310958,0.6484163,0.0549573,0.6734401,0.0
7663,2.487457,0.9379628,0.9886229,0.55298656,23744.955,2.487457,0.6484163,0.06177387,0.7569695,0.0
7664,2.7682612,0.96818286,1.0478654,0.56143385,23744.955,2.7682612,0.6484163,0.055283587,0.6774384,0.0
7665,2.8079033,0.9724491,1.1817952,0.6152591,23744.955,2.8079033,0.6484163,0.051101167,0.6261875,0.0
7666,2.3519611,0.92338073,1.1272038,0.6098446,23744.955,2.3519611,0.6484163,0.056060135,0.6869541,0.0
7667,1.8724465,0.87177545,0.94801575,0.61418784,5.1068583,1.8724465,0.0,0.056441706,0.6916298,0.0
7668,1.3272786,0.81310457,0.69123226,0.49562687,16566.244,1.3272786,0.0,0.0654786,0.80236685,0.0
7669,1.444826,0.825755,0.7987938,0.4920784,16566.244,1.444826,0.0,0.0606628,0.74335456,0.0
7670,1.1480584,0.7938169,0.7668136,0.5283573,16566.244,1.1480584,0.0,0.057667006,0.7066445,0.0
7671,1.3025899,0.8104476,0.7795508,0.46326044,16566.244,1.3025899,0.0,0.05195353,0.63663226,0.0
7672,0.9049279,0.76765126,0.7693315,0.3986528,16566.244,0.9049279,0.0,0.0525297,0.6436926,0.0
7673,0.8549268,0.76227015,0.7783151,0.41384232,16566.244,0.8549268,0.0,0.05105465,0.6256175,0.0
7674,0.90856445,0.7680426,0.780853,0.4831067,5.1068583,0.90856445,0.0,0.049449243,0.60594505,0.0
7675,1.9814337,0.8835046,0.76346004,0.34676343,16566.244,1.9814337,0.0,0.04921617,0.603089,0.0
7676,2.1047637,0.8967774,0.74110806,0.58037645,16566.244,2.1047637,0.0,0.056162126,0.6882039,0.0
7677,1.9721297,0.88250333,0.8135381,0.60892785,16566.244,1.9721297,0.0,0.052726507,0.6461042,0.0
7678,2.6829813,0.95900506,0.84869885,0.60892785,16566.244,2.6829813,0.0,0.04878753,0.5978365,0.0
7679,2.4499984,0.93393147,0.88460714,0.51596063,16566.244,2.4499984,0.0,0.045322835,0.5553805,0.0
7680,2.2839143,0.9160575,1.0297904,0.5301656,5.1068583,2.2839143,0.0,0.048836656,0.59843844,0.0
7681,2.1920242,0.90616834,1.0570229,0.5255586,5.1068583,2.1920242,0.0,0.04286943,0.5253168,0.0
7682,2.8599617,0.97805166,1.1600692,0.4870311,16566.244,2.8599617,0.0,0.044886746,0.5500367,0.0
7683,2.5699787,0.94684374,1.1684973,0.48703116,16566.244,2.5699787,0.0,0.04244072,0.52006346,0.0
7684,2.7890189,0.9704168,1.1661011,0.48703116,16566.244,2.7890189,0.0,0.042267114,0.5179361,0.0
7685,2.4585917,0.9348563,1.1262254,0.54983526,16566.244,2.4585917,0.0,0.056045484,0.68677455,0.0
7686,2.8742437,0.9795887,1.2059996,0.48703116,16566.244,2.8742437,0.0,0.04322815,0.5297125,0.0
7687,1.8454107,0.86886585,0.9349704,0.5932015,16566.244,1.8454107,0.0,0.052393638,0.6420253,0.0
7688,1.8160585,0.865707,0.9454507,0.68545705,16566.244,1.8160585,0.0,0.058820646,0.7207811,0.0
7689,3.79565,1.0787503,1.0737257,0.6261446,16566.244,3.79565,0.0,0.04785963,0.58646613,0.0
7690,2.0318923,0.88893497,0.9533211,0.70917934,16566.244,2.0318923,0.0,0.06952684,0.8519734,0.0
7691,2.533207,0.94288635,0.978425,0.5953835,16566.244,2.533207,0.0,0.048290335,0.5917439,0.0
7692,2.831867,0.9750281,0.97835356,0.70917934,16566.244,2.831867,0.0,0.075481996,0.92494726,0.0
7693,3.689169,1.0672908,1.191998,0.4797588,16566.244,3.689169,0.0,0.053386986,0.6541977,0.0
7694,2.8166862,0.97339433,1.1533098,0.49178752,16566.244,2.8166862,0.0,0.048958723,0.5999343,0.0
7695,3.4013536,1.0363162,1.1597884,0.5375642,16566.244,3.4013536,0.0,0.051223222,0.62768316,0.0
7696,1.567882,0.83899826,0.98904896,0.5929102,16566.244,1.567882,0.0,0.05294879,0.6488281,0.0
7697,3.5695574,1.0544182,1.1551393,0.49178752,16566.244,3.5695574,0.0,0.046409618,0.5686978,0.0
7698,3.765976,1.0755568,1.1568596,0.5441702,16566.244,3.765976,0.0,0.046657372,0.5717338,0.0
7699,3.7833846,1.0774302,1.2367716,0.7306353,16566.244,3.7833846,0.0,0.05559271,0.6812263,0.0
7700,3.6062086,1.0583626,1.0625097,0.668727,16566.244,3.6062086,0.0,0.06079539,0.7449793,0.0
7701,2.4974163,0.9390346,1.0219829,0.78011066,16566.244,2.4974163,0.0,0.06692469,0.8200871,0.0
7702,2.123528,0.8987968,0.8707132,0.72560793,16566.244,2.123528,0.0,0.079339124,0.972212,0.0
7703,4.8836155,1.1958369,1.2612599,0.7568492,16566.244,4.8836155,0.0,0.075453855,0.9246024,0.0
7704,2.0347512,0.88924265,0.8885834,0.8141536,16566.244,2.0347512,0.0,0.07251996,0.8886508,0.0
7705,2.0450704,0.8903532,0.6860003,0.82488745,16566.244,2.0450704,0.0,0.06248126,0.7656378,0.0
7706,1.9332471,0.8783188,0.7319263,0.830718,16566.244,1.9332471,0.0,0.04542169,0.55659187,0.0
7707,1.9746647,0.88277614,0.7793208,0.7890602,16566.244,1.9746647,0.0,0.058907583,0.7218464,0.0
7708,1.9935014,0.88480335,1.5157052,0.80552506,16566.244,1.9935014,0.0,0.05897972,0.72273034,0.0
7709,8.612861,1.5971776,1.5420858,0.7237514,16566.244,8.612861,0.0,0.050434425,0.6180173,0.0
7710,0.9888049,0.7766781,0.8819678,0.8089919,16566.244,0.9888049,0.0,0.061079983,0.74846673,0.0
7711,2.90213,0.9825898,1.1077482,0.8190308,16566.244,2.90213,0.0,0.058512922,0.71701026,0.0
7712,3.4065654,1.036877,0.9777954,0.708881,16566.244,3.4065654,0.0,0.05333147,0.65351737,0.0
7713,3.1159565,1.0056018,0.9678579,0.7021839,16566.244,3.1159565,0.0,0.05294363,0.6487648,0.0
7714,1.2933794,0.80945635,1.1804403,0.80241245,16566.244,1.2933794,0.0,0.0326873,0.4005462,0.0
7715,3.0505962,0.9985677,1.0988346,0.7019403,16566.244,3.0505962,0.0,0.048886847,0.5990535,0.0
7716,4.340612,1.137399,1.3695081,0.8652751,16566.244,4.340612,0.0,0.053026322,0.6497781,0.0
7717,1.642327,0.84701,1.3640822,0.85513926,16566.244,1.642327,0.0,0.051002186,0.6249746,0.0
7718,4.174677,1.119541,1.3145646,0.6764577,16566.244,4.174677,0.0,0.048760604,0.5975065,0.0
7719,6.2724924,1.3453076,1.4096671,0.44875842,16566.244,6.2724924,0.0,0.04582282,0.5615073,0.0
7720,7.0715413,1.4313011,1.4126549,0.5606781,16566.244,7.0715413,0.0,0.050112586,0.6140736,0.0
7721,3.8687563,1.086618,1.3810058,0.83667076,16566.244,3.8687563,0.0,0.055203136,0.6764525,0.0
7722,4.5178995,1.1564786,1.3700849,0.82508105,16566.244,4.5178995,0.0,0.056462012,0.6918787,0.0
7723,5.328067,1.2436687,1.363355,0.70350647,16566.244,5.328067,0.0,0.052471332,0.64297736,0.0
7724,7.374986,1.4639578,1.5015231,0.34695777,16566.244,7.374986,0.0,0.047390893,0.5807223,0.0
7725,1.911034,0.8759282,1.3123231,0.8492604,16566.244,1.911034,0.0,0.0566221,0.6938403,0.0
7726,3.1164982,1.00566,1.4145703,0.6422489,16566.244,3.1164982,0.0,0.052712362,0.6459309,0.0
7727,5.594747,1.2723688,1.43783,0.4763813,16566.244,5.594747,0.0,0.04994741,0.6120495,0.0
7728,7.059102,1.4299624,1.4469063,0.4921097,16566.244,7.059102,0.0,0.0449592,0.5509246,0.0
7729,2.5653214,0.9463425,1.3950877,0.61178094,16566.244,2.5653214,0.0,0.04978998,0.61012036,0.0
7730,3.7214038,1.0707599,1.3303057,0.58835113,16566.244,3.7214038,0.0,0.047424614,0.58113545,0.0
7731,1.6825123,0.85133475,0.7701321,0.61333466,16566.244,1.6825123,0.0,0.05699629,0.69842565,0.0
7732,0.85022575,0.7617642,0.73482275,0.59899604,16566.244,0.85022575,0.0,0.047217514,0.5785977,0.0
7733,2.0405827,0.8898702,0.8386808,0.70491046,16566.244,2.0405827,0.0,0.045157533,0.5533549,0.0
7734,6.4249625,1.3617164,1.3639803,0.6765857,16566.244,6.4249625,0.0,0.055489473,0.67996126,0.0
7735,6.026972,1.3188847,1.5393043,0.7834405,16566.244,6.026972,0.0,0.075023405,0.91932774,0.0
7736,8.672687,1.6036161,1.6709309,0.72830415,16566.244,8.672687,0.0,0.058284692,0.71421355,0.0
7737,6.676195,1.388754,1.5592839,0.84997076,16566.244,6.676195,0.0,0.058918845,0.7219844,0.0
7738,2.9857266,0.99158645,1.3135865,0.79825693,16566.244,2.9857266,0.0,0.05578064,0.68352926,0.0
7739,6.783582,1.400311,1.8217137,0.78272164,16566.244,6.783582,0.0,0.056349862,0.6905044,0.0
7740,6.055483,1.321953,1.5852083,0.8171251,16566.244,6.055483,0.0,0.056637563,0.6940298,0.0
7741,4.0734305,1.108645,1.4379857,0.93770784,28162.62,4.0734305,1.0628095,0.061113168,0.74887335,0.0
7742,4.296672,1.1326702,1.5331153,0.9354409,28162.62,4.296672,1.0628095,0.061286382,0.75099593,0.0
7743,8.612531,1.5971421,1.8470093,0.59892035,28162.62,8.612531,1.0628095,0.05878192,0.7203065,0.0
7744,7.4377313,1.4707104,1.836827,0.6704959,28162.62,7.4377313,1.0628095,0.06504826,0.7970935,0.0
7745,7.177633,1.4427186,1.7822815,0.64058894,28162.62,7.177633,1.0628095,0.053515725,0.6557752,0.0
7746,7.192723,1.4443426,1.5468152,0.6593092,28162.62,7.192723,1.0628095,0.06673487,0.81776106,0.0
7747,1.2142047,0.80093557,1.3676224,0.9383661,28162.62,1.2142047,1.0628095,0.07065998,0.86585885,0.0
7748,3.882455,1.0880922,1.2590623,0.8837278,28162.62,3.882455,1.0628095,0.054199282,0.66415143,0.0
7749,2.233485,0.91063035,1.1163223,0.51410085,28162.62,2.233485,1.0628095,0.042482574,0.5205763,0.0
7750,2.7071307,0.961604,1.2461535,0.71010184,28162.62,2.7071307,1.0628095,0.044614848,0.54670495,0.0
7751,1.1071963,0.78941935,1.1643714,0.8028156,28162.62,1.1071963,1.0628095,0.05838883,0.7154896,0.0
7752,1.535939,0.83556056,0.8330581,0.81849784,28162.62,1.535939,1.0628095,0.055347987,0.67822754,0.0
7753,1.0800563,0.78649855,0.7041919,0.78851336,28162.62,1.0800563,1.0628095,0.055743713,0.6830767,0.0
7754,1.5664713,0.83884645,0.76822144,0.7363142,28162.62,1.5664713,1.0628095,0.051491998,0.63097674,0.0
7755,1.8137269,0.86545604,0.76329774,0.5173222,28162.62,1.8137269,1.0628095,0.05085533,0.6231751,0.0
7756,1.9394916,0.8789908,0.675772,0.74482477,28162.62,1.9394916,1.0628095,0.048865214,0.59878844,0.0
7757,2.116538,0.8980445,1.0097649,0.81364965,23744.955,2.116538,0.6484163,0.056241386,0.6891751,0.0
7758,2.8801222,0.98022133,1.1153523,0.7017341,23744.955,2.8801222,0.6484163,0.056979448,0.69821924,0.0
7759,2.5435467,0.9439991,0.9925415,0.74114436,23744.955,2.5435467,0.6484163,0.04869974,0.5967607,0.0
7760,4.4767714,1.1520524,1.1160132,0.7557274,23744.955,4.4767714,0.6484163,0.05315125,0.65130895,0.0
7761,2.6969483,0.96050817,0.81867886,0.90957046,23744.955,2.6969483,0.6484163,0.062969305,0.77161825,0.0
7762,1.4607015,0.8274635,0.9567277,0.8337353,23744.955,1.4607015,0.6484163,0.049672306,0.6086784,0.0
7763,2.1473823,0.90136397,0.7499738,0.76650774,23192.75,2.1473823,0.5966174,0.05796761,0.7103281,0.0
7764,0.93833524,0.77124655,0.905547,0.8337353,22640.53,0.93833524,0.5448171,0.053661466,0.6575611,0.0
7765,0.5853386,0.7332571,0.60974187,0.7844852,16566.244,0.5853386,0.0,0.0492372,0.60334665,0.0
7766,0.95649415,0.7732008,0.6118401,0.6403321,16566.244,0.95649415,0.0,0.04991347,0.6116336,0.0
7767,0.97079825,0.7747402,0.59158427,0.77675885,16566.244,0.97079825,0.0,0.04605022,0.5642938,0.0
7768,0.7033451,0.74595696,0.67177266,0.6403321,16566.244,0.7033451,0.0,0.05018155,0.61491865,0.0
7769,1.0325824,0.7813894,0.67656696,0.6403321,16566.244,1.0325824,0.0,0.052897427,0.64819866,0.0
7770,1.6996094,0.85317475,0.6359249,0.77675885,16566.244,1.6996094,0.0,0.04667515,0.5719516,0.0
7771,1.886563,0.87329465,0.67594945,0.745224,16566.244,1.886563,0.0,0.049135815,0.6021043,0.0
7772,3.7224948,1.0708773,1.0904891,0.6320241,16566.244,3.7224948,0.0,0.062302064,0.7634419,0.0
7773,3.3611312,1.0319874,1.0866411,0.5972766,16566.244,3.3611312,0.0,0.055028666,0.6743146,0.0
7774,1.4787235,0.82940304,0.96509886,0.69313926,16566.244,1.4787235,0.0,0.050275948,0.6160754,0.0
7775,0.4195242,0.7154122,0.60514116,0.6744919,16566.244,0.4195242,0.0,0.048478164,0.5940455,0.0
7776,1.1458198,0.793576,0.70402217,0.6867915,16566.244,1.1458198,0.0,0.04933961,0.6046016,0.0
7777,1.0363702,0.78179705,0.629219,0.65282583,16566.244,1.0363702,0.0,0.05451127,0.66797453,0.0
7778,0.45002607,0.7186948,0.6274165,0.6234735,16566.244,0.45002607,0.0,0.04980715,0.61033076,0.0
7779,0.14487214,0.6858542,0.6223428,0.6326915,16566.244,0.14487214,0.0,0.06744234,0.8264303,0.0
7780,1.9866859,0.88406986,0.9825977,0.6588683,16566.244,1.9866859,0.0,0.062264204,0.762978,0.0
7781,1.9967138,0.88514906,0.7042081,0.65931123,16566.244,1.9967138,0.0,0.055421744,0.6791313,0.0
7782,1.0980606,0.7884362,0.7348985,0.6295576,16566.244,1.0980606,0.0,0.050662737,0.62081504,0.0
7783,2.619493,0.95217246,0.72469944,0.6154682,16566.244,2.619493,0.0,0.047333837,0.5800231,0.0
7784,3.9654033,1.0970191,0.97222084,0.6812734,16566.244,3.9654033,0.0,0.049713332,0.60918117,0.0
7785,2.7277436,0.96382236,1.2686746,0.7418545,16566.244,2.7277436,0.0,0.06961013,0.8529941,0.0
7786,2.8093953,0.9726097,1.2405597,0.7243964,16014.038,2.8093953,0.0,0.07585204,0.9294817,0.0
7787,2.575906,0.94748163,0.98757213,0.7557521,27610.412,2.575906,1.0110104,0.07796621,0.95538855,0.0
7788,1.5145667,0.8332605,0.788307,0.51075524,27610.412,1.5145667,1.0110104,0.062424198,0.76493853,0.0
7789,1.7731173,0.86108565,1.4055282,0.6659499,27610.412,1.7731173,1.0110104,0.047327835,0.57994956,0.0
7790,6.1635823,1.3335867,1.4430443,0.58823174,27610.412,6.1635823,1.0110104,0.048729926,0.5971306,0.0
7791,5.614065,1.2744478,1.3588024,0.62181973,27610.412,5.614065,1.0110104,0.046041068,0.5641817,0.0
7792,5.4815645,1.2601881,1.3070245,0.7007158,27610.412,5.4815645,1.0110104,0.054543898,0.6683743,0.0
7793,5.9432774,1.3098775,1.2622828,0.7376316,27610.412,5.9432774,1.0110104,0.058013752,0.7108935,0.0
7794,6.2549744,1.3434223,1.3375994,0.6882218,27610.412,6.2549744,1.0110104,0.056679327,0.69454163,0.0
7795,5.062136,1.2150493,1.2883158,0.6373175,27610.412,5.062136,1.0110104,0.054508463,0.6679401,0.0
7796,4.6574407,1.171496,1.106262,0.69017184,27610.412,4.6574407,1.0110104,0.057976592,0.71043813,0.0
7797,3.5222301,1.0493249,1.1816301,0.50018984,27610.412,3.5222301,1.0110104,0.051214624,0.6275778,0.0
7798,3.535774,1.0507824,1.1893908,0.48520437,27610.412,3.535774,1.0110104,0.047384065,0.5806386,0.0
7799,4.350589,1.1384727,1.0558758,0.7363902,27610.412,4.350589,1.0110104,0.06774867,0.83018404,0.0
7800,4.340647,1.1374028,1.4672949,0.7060613,27610.412,4.340647,1.0110104,0.043941103,0.5384489,0.0
7801,3.3816533,1.034196,1.4115317,0.7049416,27610.412,3.3816533,1.0110104,0.045209687,0.55399406,0.0
7802,1.9336402,0.8783611,0.9325551,0.7359182,27610.412,1.9336402,1.0110104,0.039559938,0.4847627,0.0
7803,3.0890462,1.0027057,1.1336707,0.7560725,27058.193,3.0890462,0.9592102,0.06004601,0.7357965,0.0
7804,0.6016114,0.6866382,0.92531615,0.8121872,24849.367,0.15215686,0.7520142,0.048655912,0.59622365,0.0
7805,0.6016114,0.6908075,0.8543637,0.5226452,24849.367,0.19089828,0.7520142,0.051339153,0.6291038,0.0
7806,1.5802975,0.8403344,0.9409887,0.6476145,24849.367,1.5802975,0.7520142,0.046357054,0.5680537,0.0
7807,1.6312811,0.84582126,0.9747157,0.6327221,24297.16,1.6312811,0.70021516,0.04702748,0.57626903,0.0
7808,2.4744778,0.93656594,1.0221505,0.7065818,24297.16,2.4744778,0.70021516,0.059022706,0.72325706,0.0
7809,4.3616548,1.1396636,1.1213632,0.8539717,24297.16,4.3616548,0.70021516,0.0788431,0.96613383,0.0
7810,2.8774228,0.9799308,0.96584207,0.59458077,24297.16,2.8774228,0.70021516,0.05997749,0.7349569,0.0
7811,3.0071144,0.9938882,1.1644628,0.69284517,23192.75,3.0071144,0.5966174,0.06001608,0.73542976,0.0
7812,2.0750043,0.8906864,1.2651236,0.86439645,23192.75,2.0481665,0.5966174,0.08466201,1.037438,1.0
7813,3.8819766,1.0880407,1.0664449,0.6156219,23192.75,3.8819766,0.5966174,0.048897754,0.59918714,0.0
7814,3.845757,1.0749024,1.2106335,0.5203361,16566.244,3.759896,0.0,0.08693131,1.0652457,1.0
7815,0.7919248,0.7554899,0.8550904,0.5844979,16566.244,0.7919248,0.0,0.06898214,0.84529877,0.0
7816,1.9135551,0.87619954,0.88850045,0.58695143,16566.244,1.9135551,0.0,0.056773115,0.6956909,0.0
7817,3.6800704,1.0663116,1.0353968,0.5422935,16566.244,3.6800704,0.0,0.051948614,0.636572,0.0
7818,3.7738683,1.0764061,1.0438199,0.6397853,16566.244,3.7738683,0.0,0.062277418,0.7631399,0.0
7819,2.3708136,0.9254096,0.9329311,0.56887543,12.8153715,2.3708136,0.0,0.062866405,0.7703573,0.0
7820,3.2945845,1.0248257,1.0017791,0.47865626,16566.244,3.2945845,0.0,0.060726333,0.7441331,0.0
7821,2.8875022,0.98101556,0.86616915,0.6841866,16566.244,2.8875022,0.0,0.06016939,0.73730844,0.0
7822,3.0870004,1.0024855,1.0071963,0.43534744,16566.244,3.0870004,0.0,0.041278537,0.5058222,0.0
7823,3.2797627,1.0232306,0.8710943,0.64954513,16566.244,3.2797627,0.0,0.051214557,0.627577,0.0
7824,2.8630755,0.97838676,0.9879585,0.44344798,16566.244,2.8630755,0.0,0.037520673,0.45977378,0.0
7825,2.607333,0.9508638,0.99033856,0.53597885,16566.244,2.607333,0.0,0.039680913,0.4862451,0.0
7826,3.4627717,1.042926,1.0023954,0.5464951,16566.244,3.4627717,0.0,0.043059837,0.52765,0.0
7827,3.5023062,1.0471807,1.0037525,0.56382376,16566.244,3.5023062,0.0,0.040877186,0.5009041,0.0
7828,3.3748765,1.0334667,0.9639259,0.5592372,16566.244,3.3748765,0.0,0.031373013,0.3844411,0.0
7829,3.4578955,1.0424012,0.9823985,0.56382376,16566.244,3.4578955,0.0,0.035893224,0.43983123,0.0
7830,3.4135914,1.0376332,0.9777836,0.33493444,16566.244,3.4135914,0.0,0.043455932,0.5325037,0.0
7831,3.3778684,1.0337887,0.9843849,0.41538894,16566.244,3.3778684,0.0,0.044503607,0.5453418,0.0
7832,3.1852767,1.013062,1.0747262,0.66357046,16566.244,3.1852767,0.0,0.04196286,0.5142078,0.0
7833,2.6354887,0.9538939,0.93572867,0.59597594,16566.244,2.6354887,0.0,0.051252827,0.6280459,0.0
7834,2.4672322,0.9357862,0.9868766,0.53393245,16566.244,2.4672322,0.0,0.043974582,0.5388592,0.0
7835,3.188663,1.0134264,1.004727,0.49403265,16566.244,3.188663,0.0,0.03506566,0.42969033,0.0
7836,3.881447,1.0879837,1.0398283,0.42986554,16566.244,3.881447,0.0,0.0285301,0.3496044,0.0
7837,3.7660325,1.0755628,1.0658371,0.5384708,16566.244,3.7660325,0.0,0.03764982,0.46135634,0.0
7838,3.5548427,1.0528346,1.010348,0.37282255,16566.244,3.5548427,0.0,0.03434171,0.42081916,0.0
7839,3.3342366,1.029093,1.0119779,0.47342715,16566.244,3.3342366,0.0,0.046374105,0.56826264,0.0
7840,3.2176788,1.0165491,0.9908079,0.50813407,16566.244,3.2176788,0.0,0.04399036,0.53905255,0.0
7841,3.1302378,1.0071387,0.93300915,0.6333052,16566.244,3.1302378,0.0,0.04865592,0.5962238,0.0
7842,3.6431632,1.0623397,1.040846,0.48330107,16566.244,3.6431632,0.0,0.037399054,0.45828348,0.0
7843,3.8210769,1.0814867,1.0347242,0.55200744,16566.244,3.8210769,0.0,0.04703244,0.5763298,0.0
7844,3.5595925,1.0533458,1.068374,0.48330107,16566.244,3.5595925,0.0,0.03679558,0.45088857,0.0
7845,3.3252165,1.0281223,1.0243492,0.37747416,16566.244,3.3252165,0.0,0.03158325,0.3870173,0.0
7846,3.4173918,1.0380422,1.0487595,0.5204429,16566.244,3.4173918,0.0,0.047583923,0.5830876,0.0
7847,4.114896,1.1131074,1.0966393,0.53092194,16566.244,4.114896,0.0,0.037919138,0.46465653,0.0
7848,3.2633798,1.0214674,1.0567015,0.5148263,16566.244,3.2633798,0.0,0.039744865,0.48702878,0.0
7849,4.462458,1.1246392,1.1277398,0.5361584,16566.244,4.2220483,0.0,0.09488344,1.1626902,1.0
7850,4.458046,1.1500372,1.1196665,0.5215566,16566.244,4.458046,0.0,0.06208812,0.7608203,0.0
7851,3.4575467,1.0423636,1.0650833,0.6730439,16566.244,3.4575467,0.0,0.057217944,0.7011418,0.0
7852,4.524959,1.1572384,1.0418094,0.6991476,16566.244,4.524959,0.0,0.052938297,0.64869946,0.0
7853,4.234465,1.1259755,1.1951214,0.4476417,16566.244,4.234465,0.0,0.042091783,0.5157876,0.0
7854,4.9954777,1.2078755,1.2428248,0.61695063,16566.244,4.9954777,0.0,0.057780378,0.70803374,0.0
7855,4.7828956,1.1849974,1.363369,0.65343356,16566.244,4.7828956,0.0,0.06644672,0.8142301,0.0
7856,6.232602,1.3410146,1.3124387,0.6281482,16566.244,6.232602,0.0,0.06452531,0.79068536,0.0
7857,6.223418,1.3400263,1.285206,0.60003626,16566.244,6.223418,0.0,0.049570832,0.607435,0.0
7858,5.462613,1.2581486,1.4671685,0.7380117,16566.244,5.462613,0.0,0.052675903,0.64548415,0.0
7859,5.764272,1.290613,1.3574368,0.6314044,16566.244,5.764272,0.0,0.053943183,0.66101325,0.0
7860,7.2613606,1.4517294,1.4257617,0.5601442,16566.244,7.2613606,0.0,0.04500455,0.5514803,0.0
7861,6.186992,1.3361061,1.3848431,0.42956468,16566.244,6.186992,0.0,0.04499555,0.55137,0.0
7862,7.1514215,1.4398978,1.4510897,0.53003794,16566.244,7.1514215,0.0,0.04831113,0.59199876,0.0
7863,6.2489495,1.3427739,1.429187,0.55774695,16566.244,6.2489495,0.0,0.04413103,0.5407763,0.0
7864,5.662643,1.2796757,1.5012107,0.6219843,16566.244,5.662643,0.0,0.05001744,0.61290765,0.0
7865,5.4536324,1.257182,1.2925093,0.6851722,16566.244,5.4536324,0.0,0.059775222,0.7324783,0.0
7866,7.2683015,1.4524764,1.4693527,0.5976813,16566.244,7.2683015,0.0,0.053191345,0.6518003,0.0
7867,6.296886,1.3479328,1.3560591,0.69769555,16566.244,6.296886,0.0,0.047900047,0.5869614,0.0
7868,6.0014453,1.3161376,1.4325938,0.4476417,16566.244,6.0014453,0.0,0.048296686,0.59182173,0.0
7869,6.3673015,1.355511,1.4740438,0.57322204,16566.244,6.3673015,0.0,0.04991083,0.61160123,0.0
7870,6.599163,1.3804638,1.6916671,0.7329907,16566.244,6.599163,0.0,0.050887275,0.6235665,0.0
7871,6.8536015,1.4078465,1.443954,0.66641784,16566.244,6.8536015,0.0,0.04322414,0.5296634,0.0
7872,6.4678955,1.3663368,1.4593854,0.5653824,16566.244,6.4678955,0.0,0.043613937,0.5344399,0.0
7873,6.8357635,1.4059267,1.4803466,0.42751503,16566.244,6.8357635,0.0,0.04450881,0.54540557,0.0
7874,7.1945004,1.444534,1.4138818,0.55058247,16014.038,7.1945004,0.0,0.051094625,0.62610734,0.0
7875,7.2352014,1.4489142,1.4290442,0.65342414,16014.038,7.2352014,0.0,0.053898472,0.66046536,0.0
7876,7.3522067,1.4615062,1.4886124,0.4398555,16014.038,7.3522067,0.0,0.047333643,0.5800207,0.0
7877,8.214209,1.5542748,1.5025526,0.6474542,16014.038,8.214209,0.0,0.054413468,0.66677606,0.0
7878,7.3528256,1.4615729,1.5630964,0.6553923,16014.038,7.3528256,0.0,0.05188639,0.63580954,0.0
7879,7.848796,1.5149491,1.528048,0.5563629,16014.038,7.848796,0.0,0.046576057,0.57073736,0.0
7880,8.035282,1.5350187,1.4905679,0.7111329,16014.038,8.035282,0.0,0.05340897,0.65446705,0.0
7881,8.030169,1.5344684,1.49583,0.64022845,16014.038,8.030169,0.0,0.054199338,0.66415215,0.0
7882,8.742019,1.6110775,1.6248336,0.5683032,16014.038,8.742019,0.0,0.05854917,0.71745443,0.0
7883,9.089281,1.6484499,1.6338362,0.5313789,16014.038,9.089281,0.0,0.062341936,0.76393056,0.0
7884,9.743868,1.7188964,1.7035358,0.5040742,27610.412,9.743868,1.0110104,0.06348377,0.7779224,0.0
7885,8.011607,1.5324708,1.700435,0.7344767,27610.412,8.011607,1.0110104,0.06543498,0.80183226,0.0
7886,10.297995,1.7785314,1.77787,0.507115,27610.412,10.297995,1.0110104,0.046656292,0.57172054,0.0
7887,9.745297,1.7190503,1.7722647,0.57676417,27610.412,9.745297,1.0110104,0.056503735,0.6923899,0.0
7888,8.010514,1.5323532,1.6818119,0.5682512,27610.412,8.010514,1.0110104,0.054457624,0.66731715,0.0
7889,4.1192303,1.1135739,1.3926939,0.7099671,27610.412,4.1192303,1.0110104,0.053905994,0.6605575,0.0
7890,8.689651,1.6054417,1.6380198,0.6874501,27610.412,8.689651,1.0110104,0.060925767,0.74657696,0.0
7891,8.782206,1.6154025,1.625598,0.6499944,27610.412,8.782206,1.0110104,0.064851716,0.79468507,0.0
7892,7.3663373,1.463027,1.5216901,0.62335736,27610.412,7.3663373,1.0110104,0.06774048,0.8300836,0.0
7893,2.4821396,0.9373905,1.4072293,0.688078,27610.412,2.4821396,1.0110104,0.06293909,0.77124804,0.0
7894,6.8743696,1.4100815,1.2901403,0.7859559,27610.412,6.8743696,1.0110104,0.060322728,0.7391874,0.0
7895,5.408928,1.252371,1.4044591,0.667612,27610.412,5.408928,1.0110104,0.06543731,0.80186087,0.0
7896,5.214803,1.2314793,1.2701883,0.67540425,27610.412,5.214803,1.0110104,0.0664469,0.8142323,0.0
7897,5.5950065,1.2723967,1.4995935,0.6384191,27610.412,5.5950065,1.0110104,0.06776508,0.8303851,0.0
7898,7.6644154,1.4951061,1.4541563,0.6228779,27610.412,7.6644154,1.0110104,0.069137305,0.84720016,0.0
7899,7.5546026,1.483288,1.4214327,0.6506682,27610.412,7.5546026,1.0110104,0.063310824,0.77580315,0.0
7900,3.4446244,1.040973,1.2287626,0.69355303,24297.16,3.4446244,0.70021516,0.06535001,0.80079114,0.0
7901,5.0180144,1.2103009,1.230541,0.98994064,24297.16,5.0180144,0.70021516,0.07900743,0.9681475,0.0
7902,7.737732,1.4871076,1.2775997,0.9039849,24297.16,7.590094,0.70021516,0.086142145,1.0555754,1.0
7903,7.2430882,1.4441137,1.2601604,0.9039849,24297.16,7.190596,0.70021516,0.083308935,1.0208576,1.0
7904,7.208091,1.3989562,1.2306417,0.858726,24297.16,6.770993,0.70021516,0.096658476,1.1844412,1.0
7905,4.1349993,1.115271,1.2623451,0.6225677,23744.955,4.1349993,0.6484163,0.057716623,0.7072525,0.0
7906,2.3933895,0.9278392,0.8563361,0.5039871,23744.955,2.3933895,0.6484163,0.0656495,0.80446106,0.0
7907,5.123326,1.2216345,1.1601344,0.7687008,23744.955,5.123326,0.6484163,0.06897916,0.8452623,0.0
7908,2.3049,0.918316,0.9757366,0.76435655,23744.955,2.3049,0.6484163,0.0765213,0.93768275,0.0
7909,5.1167674,1.2209287,1.151705,0.814341,16566.244,5.1167674,0.0,0.07069941,0.866342,0.0
7910,2.7535129,0.96659565,0.81722915,0.82400113,16566.244,2.7535129,0.0,0.0760015,0.9313132,0.0
7911,1.3996971,0.82089823,0.8772211,0.37536412,16566.244,1.3996971,0.0,0.06298292,0.771785,0.0
7912,0.98089266,0.7758266,0.85654575,0.8127531,16566.244,0.98089266,0.0,0.068725586,0.842155,0.0
7913,1.8467615,0.8690112,1.066604,0.8004772,16566.244,1.8467615,0.0,0.067156285,0.822925,0.0
7914,4.55568,1.1605445,1.2532588,0.75999427,16566.244,4.55568,0.0,0.07099196,0.8699269,0.0
7915,4.7172384,1.1779314,1.2707976,0.7026266,28162.62,4.7172384,1.0628095,0.07154927,0.8767561,0.0
7916,4.9785476,1.2060535,1.2757069,0.6184189,28162.62,4.9785476,1.0628095,0.063435204,0.7773273,0.0
7917,4.8027143,1.1871303,1.3214321,0.57121557,28162.62,4.8027143,1.0628095,0.059118636,0.7244326,0.0
7918,5.9340434,1.3088838,1.2693284,0.6910967,28162.62,5.9340434,1.0628095,0.058418006,0.7158472,0.0
7919,4.666432,1.1724637,1.285223,0.6235634,28162.62,4.666432,1.0628095,0.05238199,0.64188254,0.0
7920,4.010692,1.1018931,1.2569417,0.7190269,28162.62,4.010692,1.0628095,0.0632532,0.7750971,0.0
7921,4.529888,1.1577688,1.322394,0.5654287,28162.62,4.529888,1.0628095,0.05801398,0.71089625,0.0
7922,4.4932127,1.1538218,1.1199399,0.58884346,28162.62,4.4932127,1.0628095,0.05500686,0.6740474,0.0
7923,4.852884,1.1925296,1.2323337,0.57748306,28162.62,4.852884,1.0628095,0.05672794,0.69513726,0.0
7924,5.0851927,1.2175306,1.2422261,0.3103033,28162.62,5.0851927,1.0628095,0.04269479,0.5231768,0.0
7925,5.7791696,1.2922163,1.2829386,0.40119743,28162.62,5.7791696,1.0628095,0.04014042,0.49187586,0.0
7926,5.7805333,1.292363,1.3083934,0.3229375,28162.62,5.7805333,1.0628095,0.041997164,0.5146282,0.0
7927,5.7930512,1.2937102,1.2750124,0.5925418,28162.62,5.7930512,1.0628095,0.044959456,0.5509277,0.0
7928,6.006154,1.3166443,1.3152186,0.34155354,28162.62,6.006154,1.0628095,0.033036355,0.40482348,0.0
7929,6.2398543,1.3417951,1.3330116,0.35101393,28162.62,6.2398543,1.0628095,0.03620862,0.44369602,0.0
7930,6.5034223,1.3701602,1.3412246,0.34311494,28162.62,6.5034223,1.0628095,0.037387848,0.45814615,0.0
7931,5.604844,1.2734554,1.3217958,0.45272866,24297.16,5.604844,0.70021516,0.02853266,0.34963575,0.0
7932,3.4068353,1.02897,1.2280167,0.57071936,24297.16,3.3330934,0.70021516,0.08676535,1.063212,1.0
7933,5.44597,1.2563574,1.2778679,0.5835395,24297.16,5.44597,0.70021516,0.05750405,0.70464766,0.0
7934,5.1715527,1.2268246,1.311325,0.4607903,24297.16,5.1715527,0.70021516,0.029496344,0.36144462,0.0
7935,2.2968354,0.9174481,0.8888532,0.73185694,24297.16,2.2968354,0.70021516,0.043452,0.5324555,0.0
7936,5.101603,1.2192967,1.2533499,0.72283643,24297.16,5.101603,0.70021516,0.059166376,0.7250176,0.0
7937,5.0198555,1.210499,1.350904,0.70606065,24297.16,5.0198555,0.70021516,0.05586269,0.68453467,0.0
7938,5.548622,1.2674048,1.1310704,0.74627304,24297.16,5.548622,0.70021516,0.06137505,0.75208247,0.0
7939,3.8939395,1.0893282,1.0183235,0.7707027,23192.75,3.8939395,0.5966174,0.0589082,0.721854,0.0
7940,4.056351,1.1068069,1.0737183,0.79478884,23192.75,4.056351,0.5966174,0.06386185,0.78255534,0.0
7941,3.6722047,1.0654651,1.0716971,0.81821245,16566.244,3.6722047,0.0,0.06845248,0.83880836,0.0
7942,3.7714047,1.076141,0.97551495,0.7844111,16566.244,3.7714047,0.0,0.047923796,0.5872524,0.0
7943,3.4843683,1.0452502,0.97511566,0.74700934,5.1068583,3.4843683,0.0,0.047301047,0.5796213,0.0
7944,3.5468552,1.051975,1.0307293,0.6597957,5.1068583,3.5468552,0.0,0.040843107,0.5004865,0.0
7945,3.7586918,1.0747728,0.98274535,0.58955556,5.1068583,3.7586918,0.0,0.04760297,0.58332103,0.0
7946,3.8335164,1.0828254,1.1837885,0.8218135,5.1068583,3.8335164,0.0,0.046475172,0.5695011,0.0
7947,5.534345,1.2658683,1.2049967,0.5185012,2.2161837,5.534345,0.0,0.04850189,0.5943363,0.0
7948,4.750604,1.1815223,1.1786389,0.63828546,2.2161837,4.750604,0.0,0.052584186,0.64436024,0.0
7949,3.3119643,1.0266961,1.201889,0.41817492,2.2161837,3.3119643,0.0,0.043318287,0.53081703,0.0
7950,4.307788,1.1338664,1.140024,0.36341697,2.2161837,4.307788,0.0,0.04106785,0.50324047,0.0
7951,2.447099,0.93361944,1.1294705,0.72905654,2.2161837,2.447099,0.0,0.040717732,0.49895015,0.0
7952,4.535245,1.1583453,1.1154329,0.34334236,2.2161837,4.535245,0.0,0.052145716,0.6389873,0.0
7953,3.8255265,1.0819656,1.0800166,0.33630922,2.2161837,3.8255265,0.0,0.046552572,0.5704496,0.0
7954,3.6762843,1.0659041,1.0858229,0.3514765,2.2161837,3.6762843,0.0,0.05087036,0.6233592,0.0
7955,3.8790433,1.087725,1.022676,0.31618363,2.2161837,3.8790433,0.0,0.04737677,0.5805492,0.0
7956,2.0673628,0.8927523,0.9284063,0.40286702,2.2161837,2.0673628,0.0,0.038821045,0.4757084,0.0
7957,2.8575752,0.9777948,0.9460913,0.31026307,2.2161837,2.8575752,0.0,0.03811355,0.4670388,0.0
7958,2.3954458,0.92806053,0.915386,0.3030693,2.2161837,2.3954458,0.0,0.047324713,0.5799113,0.0
7959,1.967324,0.88198614,0.8283613,0.309449,2.2161837,1.967324,0.0,0.041740373,0.51148146,0.0
7960,1.283362,0.8083783,0.76502967,0.30790645,2.2161837,1.283362,0.0,0.04943745,0.6058005,0.0
7961,0.98979294,0.7767844,0.77042466,0.35962647,2.2161837,0.98979294,0.0,0.042104192,0.51593965,0.0
7962,0.7989614,0.75624716,0.7046344,0.40960386,2.2161837,0.7989614,0.0,0.03921046,0.48048025,0.0
7963,0.9485697,0.772348,0.76745933,0.3012763,2.2161837,0.9485697,0.0,0.049359143,0.60484093,0.0
7964,0.9603461,0.77361536,0.7685607,0.32518655,2.2161837,0.9603461,0.0,0.04866283,0.5963084,0.0
7965,0.7591477,0.7519624,0.74667615,0.3586717,2.2161837,0.7591477,0.0,0.039394513,0.48273557,0.0
7966,1.0936714,0.7879638,0.76994425,0.31398353,5.1068583,1.0936714,0.0,0.039992396,0.49006197,0.0
7967,0.94938445,0.77243567,0.77360874,0.43618882,5.1068583,0.94938445,0.0,0.053649608,0.6574158,0.0
7968,1.0314891,0.78127176,0.7227925,0.29745197,16566.244,1.0314891,0.0,0.045599137,0.5587663,0.0
7969,1.8092185,0.86497086,0.8286869,0.6719609,16566.244,1.8092185,0.0,0.053087667,0.65052986,0.0
7970,1.0575995,0.78408176,0.76797485,0.33919185,16566.244,1.0575995,0.0,0.04784215,0.5862519,0.0
7971,1.0583129,0.7841585,0.75751084,0.32723233,16566.244,1.0583129,0.0,0.049531706,0.6069555,0.0
7972,2.0870924,0.8948756,0.90124947,0.7531501,16566.244,2.0870924,0.0,0.06725174,0.8240947,0.0
7973,3.6167417,1.0594962,1.154231,0.6970522,16566.244,3.6167417,0.0,0.07446716,0.9125115,0.0
7974,1.0747521,0.7859277,0.8049332,0.55538607,16566.244,1.0747521,0.0,0.07286861,0.8929231,0.0
7975,1.4054798,0.82152057,0.9627255,0.7149561,16566.244,1.4054798,0.0,0.06769034,0.82946926,0.0
7976,1.67604,0.8506382,0.79710025,0.6352411,16566.244,1.67604,0.0,0.07397375,0.9064654,0.0
7977,1.6898402,0.8521234,0.81079197,0.66507214,16566.244,1.6898402,0.0,0.06792019,0.8322858,0.0
7978,3.3537529,1.0311934,1.0965693,0.7105526,27610.412,3.3537529,1.0110104,0.055339556,0.6781242,0.0
7979,2.2279887,0.9100388,0.9411496,0.7612692,27610.412,2.2279887,1.0110104,0.073619105,0.9021196,0.0
7980,1.3701545,0.81771886,0.91463923,0.5492851,27610.412,1.3701545,1.0110104,0.06528017,0.7999353,0.0
7981,1.7747861,0.86126524,0.94752,0.42991164,27610.412,1.7747861,1.0110104,0.065489,0.8024943,0.0
7982,1.6188478,0.8444832,0.79452246,0.66046447,27610.412,1.6188478,1.0110104,0.07411075,0.9081441,0.0
7983,2.0867596,0.89483976,0.94109464,0.4278184,27610.412,2.0867596,1.0110104,0.068122506,0.83476496,0.0
7984,2.7138371,0.96232575,1.0341285,0.4216649,27610.412,2.7138371,1.0110104,0.07230903,0.88606614,0.0
7985,3.1909814,1.0136759,0.99789226,0.54877585,27610.412,3.1909814,1.0110104,0.069353856,0.84985375,0.0
7986,3.1596227,1.0103011,1.0701871,0.4278184,27610.412,3.1596227,1.0110104,0.061887644,0.7583637,0.0
7987,3.9488554,1.0952382,1.1163669,0.4625733,27610.412,3.9488554,1.0110104,0.06213391,0.7613814,0.0
7988,3.818126,1.0811691,1.0899175,0.4216649,27610.412,3.818126,1.0110104,0.054630175,0.66943157,0.0
7989,4.4146256,1.1453643,1.1502049,0.42978147,27610.412,4.4146256,1.0110104,0.050571814,0.6197009,0.0
7990,4.5972004,1.165013,1.1556177,0.44734058,27610.412,4.5972004,1.0110104,0.049393028,0.6052562,0.0
7991,4.9859505,1.2068502,1.2002228,0.4035611,27610.412,4.9859505,1.0110104,0.03747849,0.4592569,0.0
7992,4.9528494,1.2032878,1.2275503,0.4749405,27610.412,4.9528494,1.0110104,0.040791597,0.49985528,0.0
7993,5.1285872,1.2222008,1.2456657,0.43221232,27610.412,5.1285872,1.0110104,0.0379754,0.46534595,0.0
7994,5.125711,1.2218912,1.2764992,0.49908724,25953.78,5.125711,0.85561216,0.041279633,0.5058356,0.0
7995,5.1891646,1.2287201,1.2236948,0.4954256,25953.78,5.1891646,0.85561216,0.041222643,0.50513726,0.0
7996,4.8169312,1.1886604,1.1629255,0.630077,25953.78,4.8169312,0.85561216,0.044859175,0.5496989,0.0
7997,3.809703,1.0802627,1.1633664,0.7134425,25953.78,3.809703,0.85561216,0.046881396,0.5744789,0.0
7998,3.0133562,0.99455994,1.1434103,0.6805712,25953.78,3.0133562,0.85561216,0.04183206,0.512605,0.0
7999,3.5348234,1.0506802,1.135787,0.7708284,23744.955,3.5348234,0.6484163,0.04602826,0.56402475,0.0
8000,4.4825244,1.1526716,1.0527065,0.65687346,23744.955,4.4825244,0.6484163,0.0451117,0.5527933,0.0
8001,3.8575,1.0854065,1.073109,0.76054305,23744.955,3.8575,0.6484163,0.05417263,0.66382486,0.0
8002,4.4201837,1.1459625,1.0536805,0.79392344,16566.244,4.4201837,0.0,0.057717137,0.7072588,0.0
8003,6.1047993,1.3272605,1.4220139,0.60739803,16566.244,6.1047993,0.0,0.05294174,0.64874166,0.0
8004,7.565932,1.4845073,1.4364668,0.47349548,16566.244,7.565932,0.0,0.049580496,0.60755336,0.0
8005,7.626377,1.4910125,1.4241761,0.47349548,16566.244,7.626377,0.0,0.0512094,0.6275138,0.0
8006,5.6017942,1.2731272,1.3994904,0.60739803,16566.244,5.6017942,0.0,0.0535853,0.6566278,0.0
8007,5.811398,1.2956847,1.4050282,0.60739803,16566.244,5.811398,0.0,0.05514179,0.67570084,0.0
8008,5.1004734,1.2191751,1.3992597,0.6862814,16566.244,5.1004734,0.0,0.048338596,0.5923353,0.0
8009,5.0979886,1.2189077,1.1817322,0.7900001,16566.244,5.0979886,0.0,0.048304737,0.5919204,0.0
8010,4.207094,1.1230298,1.0142463,0.7651085,16566.244,4.207094,0.0,0.047596868,0.58324623,0.0
