window_index,window_score,successor_score,successor_median_score,successor_dispersion,manifold_uncertainty_score,manifold_z,uncertainty_confidence,local_score,successor_z,local_z,context_distance,context_ratio,context_ood
0,4.777304,1.2011493,1.3499887,0.85890806,0.0,0.0,1.0,12.262572,3.4319913,1.517134,0.18895116,2.119977,1.0
1,6.379905,1.4963788,1.4389458,0.3363629,0.0,0.0,1.0,12.262572,4.8089643,1.517134,0.1723165,1.933341,1.0
2,5.123287,1.2824665,1.4068273,0.58755404,0.0,0.0,1.0,12.262572,3.811261,1.517134,0.17679349,1.9835714,1.0
3,5.17455,1.3095038,1.3239058,0.7557758,0.0,0.0,1.0,12.262572,3.9373648,1.517134,0.16914536,1.8977617,1.0
4,5.2839804,1.3337122,1.2553002,0.79110587,0.0,0.0,1.0,12.262572,4.050275,1.517134,0.16669595,1.87028,1.0
5,7.601503,1.7387209,1.5477989,0.7966126,0.0,0.0,1.0,12.262572,5.939267,1.517134,0.16039944,1.7996349,1.0
6,4.804665,1.2891943,1.3467466,0.7985662,0.0,0.0,1.0,7.220392,3.8426402,0.7579467,0.15288284,1.7153009,1.0
7,4.850496,1.2661015,1.3057947,0.8570819,0.0,0.0,1.0,5.933506,3.7349331,0.5641838,0.16518979,1.8533813,1.0
8,3.66087,1.0751472,1.1239156,0.84217966,0.0,0.0,1.0,4.6354756,2.8443072,0.36874288,0.16223665,1.8202479,1.0
9,3.9333177,1.0908248,1.1782243,0.80420834,0.0,0.0,1.0,3.982184,2.9174292,0.27037853,0.17780282,1.9948958,1.0
10,3.9085667,1.0934291,1.1894984,0.6898211,0.0,0.0,1.0,3.982184,2.9295757,0.27037853,0.17422786,1.9547858,1.0
11,4.068291,1.1171653,1.2044927,0.722314,0.0,0.0,1.0,3.3259873,3.0402832,0.17157681,0.17523478,1.9660832,1.0
12,3.8570595,1.1170186,1.1654835,0.55930597,0.0,0.0,1.0,3.3259873,3.039599,0.17157681,0.15761474,1.7683915,1.0
13,4.1939545,1.1338426,1.1945709,0.68486464,0.0,0.0,1.0,3.3259873,3.1180673,0.17157681,0.17699707,1.9858555,1.0
14,4.3009233,1.1499875,1.1490403,0.71293604,0.0,0.0,1.0,2.6668453,3.1933682,0.07233159,0.17745043,1.9909421,1.0
15,4.7731566,1.1974877,1.1509341,0.8121961,0.0,0.0,1.0,2.6668453,3.4149132,0.07233159,0.19041462,2.1363966,1.0
16,4.7780704,1.1993788,1.2014585,0.66930974,0.0,0.0,1.0,2.6668453,3.4237335,0.07233159,0.18986313,2.130209,1.0
17,4.406114,1.1067171,1.1079059,0.7053793,0.0,0.0,1.0,2.6668453,2.9915519,0.07233159,0.20954259,2.3510067,1.0
18,5.3502097,1.2863555,1.2505507,0.63253593,0.0,0.0,1.0,2.6668453,3.8293993,0.07233159,0.1902623,2.1346877,1.0
19,5.0206075,1.2754812,1.2272719,0.8439146,0.0,0.0,1.0,2.6668453,3.778681,0.07233159,0.17282514,1.9390477,1.0
20,4.6072826,1.2254499,1.44244,0.7988005,0.0,0.0,1.0,2.0047174,3.545331,0.0,0.1654067,1.855815,1.0
21,5.084069,1.2500157,1.3051735,0.8663684,0.0,0.0,1.0,2.0047174,3.659908,0.0,0.18822101,2.111785,1.0
22,5.3282967,1.2805871,1.264981,0.4966208,0.0,0.0,1.0,2.0047174,3.802495,0.0,0.19131212,2.1464663,1.0
23,5.496456,1.2973335,1.2329334,0.73077863,0.0,0.0,1.0,2.0047174,3.8806016,0.0,0.19516493,2.1896937,1.0
24,5.293565,1.310389,1.4883617,0.7140182,0.0,0.0,1.0,2.0047174,3.9414937,0.0,0.17648414,1.9801006,1.0
25,5.1459284,1.307385,1.3105751,0.77495307,0.0,0.0,1.0,0.40318567,3.9274826,0.0,0.16813165,1.8863881,1.0
26,5.1819067,1.296679,1.2610168,0.277201,0.0,0.0,1.0,0.3356785,3.8775492,0.0,0.1747912,1.9611063,1.0
27,7.5492945,1.676334,1.4592642,0.8377949,0.0,0.0,1.0,0.3356785,5.6482897,0.0,0.17483594,1.9616083,1.0
28,5.2168384,1.3476238,1.3436139,0.8324962,0.0,0.0,1.0,0.3356785,4.1151595,0.0,0.15730289,1.7648926,1.0
29,4.127255,1.1822094,1.2242321,0.42810458,0.0,0.0,1.0,0.3356785,3.3436537,0.0,0.14880824,1.6695851,1.0
30,4.866194,1.2222751,1.1692384,0.4253025,0.0,0.0,1.0,0.3356785,3.5305235,0.0,0.18546975,2.0809164,1.0
31,5.2149887,1.2110282,1.1719129,0.4353034,0.0,0.0,1.0,0.3356785,3.4780672,0.0,0.21630117,2.4268363,1.0
32,4.7522855,1.1939647,1.1363672,0.47149348,0.0,0.0,1.0,0.3356785,3.3984816,0.0,0.19057167,2.1381586,1.0
33,4.618313,1.2029691,1.1625609,0.40850595,0.0,0.0,1.0,0.3356785,3.4404786,0.0,0.17630865,1.9781317,1.0
34,4.73496,1.238603,1.1595265,0.4353034,0.0,0.0,1.0,0.3356785,3.606678,0.0,0.16879262,1.8938041,1.0
35,4.630534,1.1739213,1.1184002,0.47149348,0.0,0.0,1.0,0.3356785,3.3049977,0.0,0.191263,2.1459153,1.0
36,4.531191,1.2234668,1.1608146,0.4258674,0.0,0.0,1.0,0.3356785,3.5360816,0.0,0.16079251,1.8040452,1.0
37,4.0170255,1.0857488,1.1062196,0.58292705,0.0,0.0,1.0,0.3356785,2.893754,0.0,0.18797818,2.1090603,1.0
38,4.7241106,1.178599,1.1729283,0.5829271,0.0,0.0,1.0,1.3130465,3.3268147,0.0,0.19608608,2.2000287,1.0
39,5.6946445,1.2627391,1.2228115,0.4762217,0.0,0.0,1.0,1.6342924,3.7192504,0.0,0.22438242,2.5175054,1.0
40,5.9730687,1.2759957,1.1948403,0.6702784,0.0,0.0,1.0,1.8102844,3.7810807,0.0,0.2367582,2.656358,1.0
41,5.888189,1.285761,1.2457752,0.4762217,0.0,0.0,1.0,2.2708046,3.8266268,0.012700832,0.22632149,2.539261,1.0
42,5.743513,1.3104475,1.2853343,0.4353034,0.0,0.0,1.0,2.8604164,3.9417663,0.101477064,0.20552894,2.305975,1.0
43,5.66226,1.3320535,1.3097509,0.4353034,0.0,0.0,1.0,3.4168773,4.0425386,0.18526186,0.1911609,2.1447697,1.0
44,5.8328323,1.4147942,1.6594886,0.6115371,0.0,0.0,1.0,4.5589886,4.4284477,0.35722643,0.16988677,1.90608,1.0
45,6.1656528,1.3885763,1.3352257,0.45786044,0.0,0.0,1.0,4.5589886,4.306165,0.35722643,0.19909348,2.2337708,1.0
46,6.009023,1.4008653,1.3292917,0.77706945,0.0,0.0,1.0,4.874584,4.363482,0.4047448,0.1851631,2.077476,1.0
47,6.761578,1.4511905,1.3994714,0.59161055,0.0,0.0,1.0,4.874584,4.5982027,0.4047448,0.2089392,2.3442369,1.0
48,7.192153,1.4908684,1.4378073,0.57884234,0.0,0.0,1.0,5.1889396,4.7832637,0.45207644,0.21737461,2.4388797,1.0
49,7.4455967,1.5100453,1.4760549,0.61388385,0.0,0.0,1.0,5.1889396,4.872706,0.45207644,0.22359149,2.5086315,1.0
50,7.8452635,1.5434315,1.511235,0.6138838,0.0,0.0,1.0,5.1889396,5.028422,0.45207644,0.23178191,2.6005256,1.0
51,7.9967957,1.5738722,1.5508585,0.6010636,0.0,0.0,1.0,5.1889396,5.1703997,0.45207644,0.22833532,2.5618558,1.0
52,7.924972,1.5989363,1.5522294,0.5607152,0.0,0.0,1.0,5.1889396,5.2873006,0.45207644,0.21616785,2.4253404,1.0
53,7.7185326,1.6019946,1.5682373,0.3905875,0.0,0.0,1.0,5.1889396,5.301565,0.45207644,0.20522481,2.3025627,1.0
54,5.9438777,1.3265921,1.3252531,0.88344103,0.0,0.0,1.0,5.1889396,4.017066,0.45207644,0.2112753,2.3704472,1.0
55,6.982309,1.4747545,1.4854743,0.58292705,0.0,0.0,1.0,5.1889396,4.708107,0.45207644,0.21213679,2.380113,1.0
56,6.8026376,1.4370266,1.4762876,0.5829271,0.0,0.0,1.0,5.1889396,4.532141,0.45207644,0.21670453,2.4313617,1.0
57,6.9849067,1.4312376,1.4662825,0.58292705,0.0,0.0,1.0,5.1889396,4.505141,0.45207644,0.2292981,2.5726578,1.0
58,7.843086,1.5259185,1.4649351,0.45786044,0.0,0.0,1.0,5.1889396,4.94674,0.45207644,0.23823027,2.6728742,1.0
59,5.3260264,1.2730479,1.4226596,0.7559355,0.0,0.0,1.0,5.1889396,3.7673318,0.45207644,0.19448932,2.1821134,1.0
60,5.814035,1.3816633,1.4322631,0.5829271,0.0,0.0,1.0,5.1889396,4.2739224,0.45207644,0.18089369,2.0295744,1.0
61,6.4490523,1.4679492,1.4175276,0.47989032,0.0,0.0,1.0,5.1889396,4.6763663,0.45207644,0.1856614,2.083067,1.0
62,5.8742886,1.4482346,1.3848991,0.46519056,0.0,0.0,1.0,5.1889396,4.584416,0.45207644,0.16077837,1.8038865,1.0
63,5.6260133,1.278198,1.384236,0.58292705,0.0,0.0,1.0,5.1889396,3.7913523,0.45207644,0.21235761,2.3825905,1.0
64,5.342751,1.2563416,1.3141488,0.6702784,0.0,0.0,1.0,5.1889396,3.689412,0.45207644,0.20324713,2.2803736,1.0
65,5.0938272,1.2362267,1.3467715,0.5829271,0.0,0.0,1.0,5.1889396,3.5955946,0.45207644,0.19523947,2.19053,1.0
66,5.344674,1.3275385,1.3315212,0.45931733,0.0,0.0,1.0,2.638351,4.02148,0.06804128,0.17291807,1.9400903,1.0
67,5.2109494,1.2843661,1.3033309,0.45931733,0.0,0.0,1.0,1.9873791,3.8201208,0.0,0.18184322,2.040228,1.0
68,4.678291,1.1602527,1.23263,0.60232687,0.0,0.0,1.0,1.3307701,3.2412462,0.0,0.2020327,2.266748,1.0
69,4.6783104,1.1504639,1.2157844,0.6702784,0.0,0.0,1.0,1.0003022,3.1955905,0.0,0.20728561,2.325684,1.0
70,4.9157104,1.1483518,1.2564744,0.61388385,0.0,0.0,1.0,1.0003022,3.1857393,0.0,0.22741514,2.5515316,1.0
71,5.881621,1.2792295,1.2865539,0.557038,0.0,0.0,1.0,0.668365,3.7961633,0.0,0.22902536,2.569598,1.0
72,5.0761375,1.1553003,1.2750156,0.6411789,0.0,0.0,1.0,0.668365,3.2181475,0.0,0.23615275,2.649565,1.0
73,5.206444,1.1607238,1.239585,0.61388385,0.0,0.0,1.0,0.33646902,3.2434435,0.0,0.2432508,2.7292032,1.0
74,5.193906,1.1579758,1.2263722,0.61388385,0.0,0.0,1.0,0.3380039,3.2306266,0.0,0.2438842,2.7363098,1.0
75,4.514499,1.1267068,1.1675621,0.6702784,0.0,0.0,1.0,0.33955285,3.0847857,0.0,0.20715396,2.324207,1.0
76,4.1911073,1.0861083,1.1600158,0.6702784,0.0,0.0,1.0,0.33955285,2.895431,0.0,0.20308395,2.2785428,1.0
77,4.520379,1.1223416,1.156462,0.6702784,0.0,0.0,1.0,0.33955285,3.064426,0.0,0.21011862,2.3574698,1.0
78,4.347225,1.1622149,1.2151227,0.5764789,0.0,0.0,1.0,0.33955285,3.250398,0.0,0.1750603,1.9641256,1.0
79,4.5221705,1.2431157,1.2471808,0.4258674,0.0,0.0,1.0,0.33955285,3.6277256,0.0,0.15191585,1.7044516,1.0
80,4.9547815,1.3261235,1.466122,0.72307825,0.0,0.0,1.0,0.33955285,4.01488,0.0,0.14874451,1.6688701,1.0
81,5.413362,1.3257202,1.4330866,0.6868695,0.0,0.0,1.0,0.33955285,4.0129995,0.0,0.17799203,1.9970187,1.0
82,6.2263184,1.3064225,1.2868265,0.62414,0.0,0.0,1.0,0.33955285,3.9229934,0.0,0.23864502,2.6775277,1.0
83,5.749865,1.2846755,1.2850487,0.6385072,0.0,0.0,1.0,0.33955285,3.8215637,0.0,0.21762325,2.4416695,1.0
84,5.238532,1.2647214,1.2794889,0.49023372,0.0,0.0,1.0,0.33955285,3.7284963,0.0,0.19226333,2.1571386,1.0
85,4.828468,1.246122,1.3097254,0.57314485,0.0,0.0,1.0,0.33955285,3.6417472,0.0,0.17211188,1.9310452,1.0
86,4.669353,1.2775499,1.2645267,0.49023372,0.0,0.0,1.0,2.662532,3.7883294,0.07168216,0.14835183,1.6644644,1.0
87,4.798271,1.2867826,1.2395793,0.49023372,0.0,0.0,1.0,3.313939,3.8313916,0.16976273,0.15339264,1.7210208,1.0
88,5.0098143,1.2941079,1.2557647,0.4829408,0.0,0.0,1.0,3.9599695,3.8655574,0.26703376,0.16450983,1.8457524,1.0
89,4.337788,1.2962936,1.2955824,0.277201,0.0,0.0,1.0,4.2810154,3.8757515,0.31537277,0.1194867,1.340606,1.0
90,5.246897,1.3275156,1.3224117,0.55055004,0.0,0.0,1.0,4.2810154,4.0213733,0.31537277,0.16673532,1.8707217,1.0
91,4.8730764,1.3504874,1.3358862,0.5572684,0.0,0.0,1.0,4.600773,4.1285152,0.36351776,0.1350547,1.5152743,1.0
92,4.7316265,1.3783162,1.371972,0.42079547,0.0,0.0,1.0,4.9192615,4.2583113,0.41147172,0.117433906,1.3175743,1.0
93,5.3275456,1.4050498,1.3484377,0.6712357,0.0,0.0,1.0,4.9192615,4.382999,0.41147172,0.1440074,1.6157211,1.0
94,4.839959,1.3810506,1.3150704,0.52523756,0.0,0.0,1.0,5.2364974,4.2710648,0.45923707,0.12304809,1.3805637,1.0
95,4.503667,1.3672323,1.3291258,0.5300209,0.0,0.0,1.0,5.2364974,4.2066154,0.45923707,0.10711133,1.2017579,1.0
96,5.2600064,1.4773939,1.4275106,0.7845819,0.0,0.0,1.0,5.5525,4.7204175,0.5068167,0.11823825,1.3265986,1.0
97,5.262632,1.5115353,1.3982058,0.53854895,0.0,0.0,1.0,5.5525,4.8796554,0.5068167,0.10911523,1.224241,1.0
98,6.0858936,1.5489216,1.5028403,0.5267693,0.0,0.0,1.0,5.8672853,5.054028,0.5542131,0.1411208,1.5833343,1.0
99,6.1049147,1.5432715,1.5377399,0.5802281,0.0,0.0,1.0,5.8672853,5.027676,0.5542131,0.1436915,1.6121767,1.0
100,6.121117,1.6205286,1.5720198,0.74355924,0.0,0.0,1.0,5.8672853,5.3880086,0.5542131,0.12377784,1.3887513,1.0
101,5.4392323,1.4139297,1.449426,0.9107672,0.0,0.0,1.0,5.8672853,4.4244156,0.5542131,0.14753817,1.6553353,1.0
102,5.039904,1.3839159,1.5642986,0.8048532,0.0,0.0,1.0,5.84052,4.2844286,0.5501831,0.13403215,1.5038016,1.0
103,6.4235315,1.5340059,1.5564873,0.61443204,0.0,0.0,1.0,5.813998,4.9844604,0.5461898,0.1626504,1.8248901,1.0
104,6.9628043,1.5407779,1.5892302,0.6097249,0.0,0.0,1.0,5.813998,5.0160456,0.5461898,0.18796165,2.108875,1.0
105,6.358563,1.4629403,1.527674,0.7111176,0.0,0.0,1.0,5.813998,4.653005,0.5461898,0.1824722,2.0472848,1.0
106,4.656531,1.2756488,1.5718745,0.6135052,0.0,0.0,1.0,5.813998,3.7794628,0.5461898,0.14822428,1.6630332,1.0
107,6.1498156,1.545122,1.61163,0.49470088,0.0,0.0,1.0,4.548063,5.036307,0.35558137,0.14543192,1.6317037,1.0
108,6.2177987,1.3993999,1.5464092,0.72811276,0.0,0.0,1.0,4.433168,4.3566475,0.33828196,0.19791652,2.2205658,1.0
109,5.01476,1.3495957,1.561092,0.62502676,0.0,0.0,1.0,4.433168,4.1243567,0.33828196,0.14410585,1.6168257,1.0
110,5.1222253,1.3547349,1.4563231,0.7907041,0.0,0.0,1.0,4.433168,4.1483264,0.33828196,0.14891374,1.6707687,1.0
111,5.5814147,1.3473624,1.4553695,0.70352364,0.0,0.0,1.0,4.433168,4.1139402,0.33828196,0.17996593,2.0191653,1.0
112,4.876326,1.3120587,1.4457306,0.669017,0.0,0.0,1.0,4.433168,3.9492812,0.33828196,0.14890572,1.6706789,1.0
113,4.215682,1.2505978,1.5511733,0.42933598,0.0,0.0,1.0,4.275196,3.662623,0.31449658,0.12758185,1.4314312,1.0
114,4.7371616,1.2591642,1.3910686,0.72727007,0.0,0.0,1.0,3.4539855,3.702577,0.19084913,0.16028497,1.7983506,1.0
115,4.7442594,1.2316365,1.4105638,0.836654,0.0,0.0,1.0,2.1457462,3.5741858,0.0,0.1724944,1.9353368,1.0
116,4.654259,1.2080033,1.3307207,0.78340566,0.0,0.0,1.0,0.8265055,3.4639585,0.0,0.17663416,1.9817839,1.0
117,4.107977,1.2068752,1.3173959,0.8376094,0.0,0.0,1.0,0.3729887,3.458697,0.0,0.1369335,1.5363541,1.0
118,4.1305304,1.2080953,1.2831192,0.7467583,0.0,0.0,1.0,0.3729887,3.464388,0.0,0.13809447,1.5493797,1.0
119,4.669728,1.2197706,1.2230948,0.6173715,0.0,0.0,1.0,0.3729887,3.518842,0.0,0.17241696,1.934468,1.0
120,3.7972527,1.1656315,1.1559433,0.65457135,0.0,0.0,1.0,0.3729887,3.2663333,0.0,0.13052107,1.4644084,1.0
121,4.4530587,1.2701635,1.2273127,0.7106474,0.0,0.0,1.0,0.3729887,3.7538788,0.0,0.13655953,1.5321581,1.0
122,5.088141,1.345943,1.5147588,0.75940126,0.0,0.0,1.0,0.3729887,4.1073203,0.0,0.14993975,1.6822803,1.0
123,5.0848804,1.3498846,1.32077,0.7290472,0.0,0.0,1.0,0.33572102,4.1257043,0.0,0.1483328,1.6642509,1.0
124,6.8745556,1.4016495,1.3495849,0.91049045,0.0,0.0,1.0,0.50471956,4.3671393,0.0,0.2353398,2.640444,1.0
125,7.007937,1.4244804,1.4237427,0.63253593,0.0,0.0,1.0,0.50471956,4.473625,0.0,0.2333905,2.6185734,1.0
126,6.043525,1.3445315,1.341103,0.84364897,0.0,0.0,1.0,0.50471956,4.100737,0.0,0.20977516,2.3536162,1.0
127,5.3551464,1.4281287,1.5622497,0.8117423,0.0,0.0,1.0,0.50471956,4.4906406,0.0,0.138153,1.5500364,1.0
128,6.538506,1.3730627,1.3856037,0.8571451,0.0,0.0,1.0,0.50471956,4.2338085,0.0,0.22775115,2.5553017,1.0
129,4.9562955,1.3112205,1.306368,0.73099285,0.0,0.0,1.0,0.48065343,3.9453719,0.0,0.1543789,1.7320863,1.0
130,5.862754,1.3692038,1.3675635,0.78532517,0.0,0.0,1.0,0.4486373,4.2158103,0.0,0.1886117,2.1161683,1.0
131,4.95916,1.2951927,1.2791855,0.73890024,0.0,0.0,1.0,0.4486373,3.870617,0.0,0.16074578,1.8035209,1.0
132,5.0620327,1.2949761,1.3149612,0.76018226,0.0,0.0,1.0,0.67449075,3.8696067,0.0,0.16760091,1.8804334,1.0
133,5.9836597,1.4099747,1.3693105,0.8006643,0.0,0.0,1.0,0.67449075,4.405969,0.0,0.18031542,2.0230865,1.0
134,5.8451934,1.4121054,1.368037,0.6992103,0.0,0.0,1.0,0.67449075,4.415907,0.0,0.17155212,1.9247649,1.0
135,5.6337166,1.279363,1.3501463,0.504291,0.0,0.0,1.0,0.88538283,3.796786,0.0,0.21233349,2.38232,1.0
136,5.799719,1.4446223,1.3836052,0.72740257,0.0,0.0,1.0,1.9798212,4.5675683,0.0,0.15782452,1.770745,1.0
137,6.4723353,1.3732984,1.3869509,0.45975322,0.0,0.0,1.0,3.2846606,4.234908,0.16535434,0.2236701,2.5095134,1.0
138,6.6898665,1.3877959,1.3974931,0.4153689,0.0,0.0,1.0,3.605553,4.3025255,0.21367022,0.23042862,2.585342,1.0
139,6.302084,1.3951359,1.3567269,0.8366971,0.0,0.0,1.0,3.9251444,4.3367596,0.26179025,0.20453244,2.2947943,1.0
140,7.017078,1.4231304,1.414236,0.45786044,0.0,0.0,1.0,4.243453,4.467328,0.30971712,0.2344739,2.6307287,1.0
141,7.191011,1.4441355,1.4345798,0.58624285,0.0,0.0,1.0,4.243453,4.565298,0.30971712,0.23559205,2.643274,1.0
142,6.096413,1.4354599,1.406104,0.8082411,0.0,0.0,1.0,4.5604987,4.5248337,0.35745382,0.1775761,1.992352,1.0
143,7.2314773,1.4847847,1.4601935,0.784342,0.0,0.0,1.0,4.876298,4.754889,0.40500283,0.2217656,2.4881454,1.0
144,7.330601,1.48531,1.4189544,0.80046904,0.0,0.0,1.0,4.876298,4.7573385,0.40500283,0.22687215,2.5454395,1.0
145,7.6738243,1.5072249,1.5077182,0.784342,0.0,0.0,1.0,4.876298,4.859552,0.40500283,0.23660454,2.654634,1.0
146,7.170884,1.4703736,1.5275179,0.7843419,0.0,0.0,1.0,5.1908684,4.6876745,0.45236686,0.22402713,2.513519,1.0
147,7.8909907,1.570462,1.558861,0.45786044,0.0,0.0,1.0,5.1908684,5.1544943,0.45236686,0.22432344,2.5168436,1.0
148,8.194241,1.6024216,1.5971657,0.4153689,0.0,0.0,1.0,5.5042276,5.3035564,0.4995485,0.22792709,2.5572755,1.0
149,8.42756,1.6474382,1.6248924,0.4153689,0.0,0.0,1.0,5.5042276,5.5135174,0.4995485,0.22372033,2.510077,1.0
150,6.409002,1.4747552,1.5378217,0.86240786,0.0,0.0,1.0,5.5042276,4.7081103,0.4995485,0.18112728,2.0321953,1.0
151,7.293502,1.4963773,1.6462104,0.65059537,0.0,0.0,1.0,4.275196,4.8089576,0.31449658,0.22069566,2.476141,1.0
152,6.4810243,1.4538137,1.632091,0.7599804,0.0,0.0,1.0,3.4539855,4.6104374,0.19084913,0.1924493,2.159225,1.0
153,8.072518,1.6218998,1.6424842,0.58624285,0.0,0.0,1.0,3.4539855,5.3944044,0.19084913,0.21555473,2.4184613,1.0
154,5.689652,1.4533807,1.6907009,0.7346541,0.0,0.0,1.0,3.4539855,4.608418,0.19084913,0.14887616,1.6703471,1.0
155,5.5089183,1.3706297,1.622759,0.6505954,0.0,0.0,1.0,3.4539855,4.2224607,0.19084913,0.16671433,1.8704861,1.0
156,5.55495,1.3705704,1.6175573,0.6505954,0.0,0.0,1.0,2.868748,4.2221847,0.10273152,0.16951239,1.9018797,1.0
157,7.1434097,1.579273,1.6175978,0.4762217,0.0,0.0,1.0,2.4288325,5.1955895,0.036494657,0.18459831,2.0711393,1.0
158,7.1057267,1.574458,1.6092104,0.47512594,0.0,0.0,1.0,2.4288325,5.173132,0.036494657,0.18426327,2.0673802,1.0
159,7.143654,1.5400928,1.5594479,0.56937283,0.0,0.0,1.0,2.4288325,5.0128503,0.036494657,0.19737417,2.2144806,1.0
160,7.184155,1.5299426,1.5855936,0.47622174,0.0,0.0,1.0,2.4288325,4.965509,0.036494657,0.20291117,2.2766042,1.0
161,7.002104,1.5218668,1.5702472,0.47622174,0.0,0.0,1.0,2.1288114,4.9278426,0.0,0.19631954,2.202648,1.0
162,6.8499727,1.4955661,1.5628057,0.45786044,0.0,0.0,1.0,2.27229,4.8051744,0.0129244765,0.19749454,2.215831,1.0
163,6.2833815,1.4484011,1.5388803,0.6273831,0.0,0.0,1.0,1.9480876,4.5851927,0.0,0.18344347,2.0581822,1.0
164,5.940805,1.4015483,1.5161891,0.6937397,0.0,0.0,1.0,1.4759382,4.3666677,0.0,0.18092889,2.0299695,1.0
165,5.8724155,1.3795979,1.4526129,0.69614524,0.0,0.0,1.0,0.56081724,4.2642894,0.0,0.18516262,2.0774705,1.0
166,6.011181,1.3535111,1.4611217,0.60973066,0.0,0.0,1.0,0.56081724,4.142618,0.0,0.20399266,2.2887383,1.0
167,5.898018,1.3480734,1.4060009,0.69614524,0.0,0.0,1.0,0.56081724,4.117256,0.0,0.19926971,2.235748,1.0
168,4.7426696,1.1836934,1.3923593,0.6173682,0.0,0.0,1.0,0.56081724,3.3505754,0.0,0.1949323,2.1870835,1.0
169,5.784267,1.302446,1.3813206,0.6561581,0.0,0.0,1.0,0.550607,3.9044468,0.0,0.2117336,2.3755891,1.0
170,6.3438244,1.3539058,1.392471,0.68057805,0.0,0.0,1.0,0.53838164,4.1444592,0.0,0.2242676,2.5162172,1.0
171,6.259754,1.356586,1.4062331,0.60973066,0.0,0.0,1.0,0.67449075,4.15696,0.0,0.21794532,2.445283,1.0
172,5.2784615,1.2587696,1.4101655,0.5737091,0.0,0.0,1.0,0.67449075,3.7007368,0.0,0.19769478,2.218078,1.0
173,4.2475924,1.1417997,1.3468957,0.67902124,0.0,0.0,1.0,0.67449075,3.15518,0.0,0.17729725,1.9892235,1.0
174,4.033832,1.1269536,1.2485809,0.83021015,0.0,0.0,1.0,0.6804191,3.0859365,0.0,0.16734996,1.8776178,1.0
175,5.971514,1.3691293,1.3624051,0.60973066,0.0,0.0,1.0,0.67959636,4.215463,0.0,0.19521098,2.1902103,1.0
176,5.1308618,1.2868719,1.3622241,0.41536885,0.0,0.0,1.0,0.6789793,3.831808,0.0,0.17546125,1.9686241,1.0
177,4.680686,1.3038,1.5245998,0.8401695,0.0,0.0,1.0,0.6835279,3.9107618,0.0,0.13926342,1.562495,1.0
178,5.1613607,1.3486979,1.5387557,0.6973621,0.0,0.0,1.0,0.6835279,4.120169,0.0,0.15348145,1.7220172,1.0
179,5.874576,1.3485516,1.5361236,0.69238657,0.0,0.0,1.0,0.6835279,4.1194873,0.0,0.197623,2.2172725,1.0
180,4.8631315,1.3260471,1.3644786,0.8177909,0.0,0.0,1.0,0.81660336,4.014524,0.0,0.14295872,1.6039551,1.0
181,4.0212326,1.1595447,1.3377352,0.64666057,0.0,0.0,1.0,1.0140226,3.2379441,0.0,0.15073203,1.6911694,1.0
182,5.3673053,1.3371463,1.3839569,0.75701076,0.0,0.0,1.0,1.0140226,4.066292,0.0,0.1706056,1.9141451,1.0
183,5.2018657,1.360749,1.5300574,0.76044637,0.0,0.0,1.0,1.5573187,4.176377,0.0,0.15165791,1.7015575,1.0
184,5.2860036,1.3843042,1.3923334,0.58409524,0.0,0.0,1.0,2.6631963,4.2862396,0.07178217,0.14852682,1.6664276,1.0
185,5.8410754,1.4213601,1.3773493,0.75701076,0.0,0.0,1.0,3.315039,4.4590716,0.16992833,0.16805395,1.8855164,1.0
186,5.2912545,1.4246075,1.407842,0.65824544,0.0,0.0,1.0,4.8411255,4.474218,0.39970702,0.13563122,1.5217427,1.0
187,5.1086416,1.3421786,1.4048282,0.53870106,0.0,0.0,1.0,3.961608,4.0897627,0.26728046,0.15257056,1.7117972,1.0
188,4.608173,1.3502111,1.4003749,0.6804064,0.0,0.0,1.0,4.2637806,4.1272273,0.31277776,0.118803695,1.3329428,1.0
189,5.7096324,1.4667462,1.4666915,0.70563143,0.0,0.0,1.0,4.2447705,4.670756,0.30991548,0.1457694,1.6354902,1.0
190,6.435884,1.5068407,1.4888331,0.65486914,0.0,0.0,1.0,4.562007,4.8577595,0.3576809,0.17185746,1.9281906,1.0
191,4.5227036,1.417421,1.442518,0.71653515,0.0,0.0,1.0,4.562007,4.440699,0.3576809,0.09383145,1.0527616,1.0
192,5.5728617,1.5399221,1.4576007,0.54164004,0.0,0.0,1.0,6.7232695,5.012054,0.6830963,0.117622554,1.3196908,1.0
193,6.9914527,1.5580539,1.4999992,0.7538827,0.0,0.0,1.0,10.405469,5.096622,1.237515,0.18380454,2.0622334,1.0
194,6.0472813,1.4936817,1.5779992,0.70418316,0.0,0.0,1.0,11.03362,4.796385,1.332094,0.15554257,1.7451423,1.0
195,6.5753484,1.6074241,1.6219043,0.5415984,0.0,0.0,1.0,11.03362,5.3268886,1.332094,0.14881197,1.669627,1.0
196,6.4207897,1.6222943,1.6574292,0.60192925,0.0,0.0,1.0,11.03362,5.3962445,1.332094,0.13747814,1.5424647,1.0
197,6.4648113,1.6934727,1.6890395,0.74405414,0.0,0.0,1.0,11.659379,5.728226,1.4263128,0.1218745,1.3673964,1.0
198,7.0080295,1.7207897,1.7091222,0.70879793,0.0,0.0,1.0,11.659379,5.855634,1.4263128,0.13924505,1.5622889,1.0
199,6.8040714,1.6417638,1.7006198,0.5702214,0.0,0.0,1.0,11.659379,5.4870515,1.4263128,0.15025175,1.6857808,1.0
200,7.3375254,1.6394765,1.6507027,0.7105474,0.0,0.0,1.0,11.659379,5.4763837,1.4263128,0.17567267,1.9709961,1.0
201,4.8328967,1.418496,1.4366717,0.87715554,0.0,0.0,1.0,11.659379,4.445713,1.4263128,0.11130704,1.2488326,1.0
202,5.483346,1.4893333,1.5625601,0.72364104,0.0,0.0,1.0,7.5604687,4.7761035,0.8091511,0.12683788,1.423084,1.0
203,5.23508,1.4144726,1.5387901,0.66029483,0.0,0.0,1.0,5.5063815,4.4269476,0.4998728,0.13561556,1.521567,1.0
204,6.3890834,1.5427158,1.5928376,0.5625648,0.0,0.0,1.0,5.5063815,5.025084,0.4998728,0.15825164,1.7755374,1.0
205,6.1512413,1.5300118,1.6032376,0.56990755,0.0,0.0,1.0,5.5063815,4.9658313,0.4998728,0.14991815,1.682038,1.0
206,6.8196106,1.5239992,1.5881069,0.6321971,0.0,0.0,1.0,4.27686,4.9377885,0.31474712,0.18617907,2.088875,1.0
207,5.8230577,1.5050819,1.5800731,0.6652711,0.0,0.0,1.0,3.45534,4.8495564,0.19105306,0.14024816,1.5735435,1.0
208,6.039236,1.4834784,1.5343839,0.7779942,0.0,0.0,1.0,3.45534,4.748796,0.19105306,0.15832864,1.7764012,1.0
209,5.7667933,1.4699266,1.5650038,0.4159813,0.0,0.0,1.0,2.8698683,4.6855893,0.10290021,0.1478905,1.6592883,1.0
210,4.56968,1.2559177,1.4421318,0.7898594,0.0,0.0,1.0,2.4297857,3.6874352,0.036638178,0.15005663,1.6835917,1.0
211,5.698704,1.4241939,1.523482,0.6534184,0.0,0.0,1.0,2.0882556,4.472288,0.0,0.1589615,1.7835017,1.0
212,5.1763034,1.3735889,1.480427,0.6853695,0.0,0.0,1.0,1.5908715,4.236263,0.0,0.14563742,1.6340095,1.0
213,5.2634788,1.3525975,1.4435958,0.7779942,0.0,0.0,1.0,0.54885703,4.138357,0.0,0.15836324,1.7767894,1.0
214,5.68346,1.3341588,1.4001095,0.8349353,0.0,0.0,1.0,0.44765633,4.0523577,0.0,0.1916289,2.1500204,1.0
215,5.802804,1.3330512,1.455512,0.70448834,0.0,0.0,1.0,0.4648593,4.047192,0.0,0.19959399,2.2393863,1.0
216,5.4128284,1.333489,1.4403824,0.5210421,0.0,0.0,1.0,0.4648593,4.0492334,0.0,0.17488454,1.9621537,1.0
217,4.413261,1.3327492,1.2987409,0.6899323,0.0,0.0,1.0,0.44765633,4.0457835,0.0,0.11225903,1.2595136,1.0
218,4.212191,1.264832,1.366576,0.758012,0.0,0.0,1.0,0.44765633,3.7290123,0.0,0.122125134,1.3702084,1.0
219,4.8540087,1.3688382,1.4397285,0.82231396,0.0,0.0,1.0,0.550607,4.214105,0.0,0.12779759,1.4338517,1.0
220,4.303834,1.3835741,1.572261,0.8218523,0.0,0.0,1.0,0.53838164,4.2828345,0.0,0.09037748,1.014009,1.0
221,5.820751,1.6891911,1.5988563,0.78167105,0.0,0.0,1.0,0.53838164,5.7082562,0.0,0.09414746,1.0563071,1.0
222,4.8947988,1.4252908,1.4555206,0.83687145,0.0,0.0,1.0,0.52340704,4.4774046,0.0,0.11286832,1.2663497,1.0
223,6.796241,1.3540907,1.3763795,0.9358624,0.0,0.0,1.0,0.5047301,4.145322,0.0,0.25197917,2.827133,1.0
224,6.7000914,1.389008,1.4606616,0.45786044,0.0,0.0,1.0,0.5047301,4.308179,0.0,0.23051345,2.5862937,1.0
225,6.861994,1.4112808,1.4602094,0.58624285,0.0,0.0,1.0,0.50916636,4.4120607,0.0,0.23053336,2.586517,1.0
226,5.208707,1.5680202,1.7641509,0.672356,0.0,0.0,1.0,0.5832039,5.1431055,0.0,0.09237703,1.0364434,1.0
227,7.1332426,1.420071,1.4512641,0.7843419,0.0,0.0,1.0,0.9013486,4.453059,0.0,0.2423986,2.7196417,1.0
228,6.808442,1.4013038,1.4324287,0.4153689,0.0,0.0,1.0,0.7946373,4.365527,0.0,0.23163123,2.598835,1.0
229,6.5175576,1.3801724,1.3997594,0.7967434,0.0,0.0,1.0,0.6835279,4.2669687,0.0,0.22344469,2.5069842,1.0
230,4.4617376,1.2614982,1.3660814,0.78519255,0.0,0.0,1.0,0.6835279,3.713463,0.0,0.14044245,1.5757233,1.0
231,5.0697846,1.1564957,1.3070172,0.98071784,0.0,0.0,1.0,0.81660336,3.2237232,0.0,0.23495616,2.6361396,1.0
232,6.2120943,1.3439584,1.3085356,0.77097696,0.0,0.0,1.0,1.0140226,4.098064,0.0,0.22049485,2.473888,1.0
233,5.563583,1.2098061,1.2213589,0.90570176,0.0,0.0,1.0,1.3312705,3.472367,0.0,0.24249294,2.7207003,1.0
234,5.80426,1.3638215,1.3285257,0.9558042,0.0,0.0,1.0,2.3148613,4.1907067,0.019334322,0.1871786,2.1000893,1.0
235,5.681927,1.2246248,1.3547895,0.8598052,0.0,0.0,1.0,2.9638047,3.5414824,0.11704396,0.24303974,2.726835,1.0
236,7.1073346,1.4334589,1.4239094,0.8595178,0.0,0.0,1.0,2.7845602,4.5155015,0.0900556,0.23529658,2.639959,1.0
237,6.2600827,1.4183697,1.4711069,0.83113945,0.0,0.0,1.0,3.9262822,4.4451237,0.26196155,0.19310494,2.1665812,1.0
238,3.7329078,1.1351273,1.5072166,0.6755736,0.0,0.0,1.0,3.9262822,3.1240594,0.26196155,0.13875842,1.5568291,1.0
239,7.674391,1.5087007,1.439029,0.9057409,0.0,0.0,1.0,4.2447705,4.866435,0.30991548,0.23606536,2.6485846,1.0
240,4.9579773,1.2618214,1.4028767,0.8254577,0.0,0.0,1.0,4.562007,3.7149704,0.3576809,0.17433454,1.9559828,1.0
241,6.0904927,1.353787,1.410418,0.8488977,0.0,0.0,1.0,4.562007,4.143905,0.3576809,0.20875184,2.342135,1.0
242,6.078477,1.3190502,1.384175,0.699689,0.0,0.0,1.0,4.562007,3.98189,0.3576809,0.22321197,2.5043733,1.0
243,6.4478083,1.3108377,1.3596113,0.6219453,0.0,0.0,1.0,4.878009,3.9435866,0.40526044,0.250837,2.814318,1.0
244,7.358747,1.4460218,1.4414364,0.5908809,0.0,0.0,1.0,4.878009,4.5740957,0.40526044,0.24415897,2.7393925,1.0
245,7.576573,1.4863248,1.4553769,0.6864724,0.0,0.0,1.0,5.1927943,4.7620716,0.45265684,0.2396356,2.6886415,1.0
246,7.2282314,1.4640038,1.547415,0.558568,0.0,0.0,1.0,5.1927943,4.657965,0.45265684,0.22964697,2.576572,1.0
247,7.3145475,1.5035373,1.5676751,0.82800096,0.0,0.0,1.0,5.1927943,4.8423524,0.45265684,0.21913888,2.4586744,1.0
248,7.260632,1.5860885,1.6609592,0.8152881,0.0,0.0,1.0,5.1927943,5.227378,0.45265684,0.1881797,2.1113214,1.0
249,7.6569695,1.5257231,1.6555248,0.74846846,0.0,0.0,1.0,5.1927943,4.9458284,0.45265684,0.2287218,2.566192,1.0
250,7.36595,1.4914672,1.6377708,0.86092263,0.0,0.0,1.0,4.0256534,4.7860565,0.2769236,0.22639847,2.540125,1.0
251,7.252155,1.490064,1.6314018,0.83849,0.0,0.0,1.0,3.2458127,4.779512,0.15950513,0.22087204,2.47812,1.0
252,7.8186727,1.5730457,1.6225158,0.9085302,0.0,0.0,1.0,3.2458127,5.166545,0.15950513,0.21984966,2.466649,1.0
253,7.5083575,1.5493784,1.6095357,0.70931756,0.0,0.0,1.0,3.2458127,5.056159,0.15950513,0.2126341,2.3856926,1.0
254,5.797814,1.4486772,1.620513,0.76525134,0.0,0.0,1.0,3.2458127,4.5864806,0.15950513,0.15638539,1.7545985,1.0
255,7.433227,1.6569129,1.6186366,0.72137946,0.0,0.0,1.0,2.6900449,5.5577083,0.075824685,0.17506507,1.964179,1.0
256,6.6073537,1.4799132,1.5930438,0.7217276,0.0,0.0,1.0,2.27229,4.7321677,0.0129244765,0.19003896,2.132182,1.0
257,6.855393,1.466048,1.5519007,0.799585,0.0,0.0,1.0,2.27229,4.6674995,0.0129244765,0.20849806,2.3392875,1.0
258,6.3075747,1.4381876,1.5558689,0.69242036,0.0,0.0,1.0,2.27229,4.537556,0.0129244765,0.18846476,2.1145196,1.0
259,4.9496236,1.1985582,1.4912382,0.6238701,0.0,0.0,1.0,1.9480876,3.4199061,0.0,0.20303507,2.2779944,1.0
260,7.3369794,1.5813413,1.5683166,0.69739664,0.0,0.0,1.0,1.7065228,5.205236,0.0,0.19341941,2.1701095,1.0
261,7.3811035,1.5758115,1.6120782,0.7849734,0.0,0.0,1.0,1.646356,5.179445,0.0,0.1973762,2.2145035,1.0
262,7.39019,1.5306609,1.5945579,0.7293593,0.0,0.0,1.0,1.561943,4.9688587,0.0,0.21322206,2.3922894,1.0
263,6.983354,1.5211039,1.4939581,0.6156875,0.0,0.0,1.0,0.5506187,4.924284,0.0,0.19561142,2.194703,1.0
264,7.2504725,1.4899317,1.4406173,0.81737596,0.0,0.0,1.0,0.67449075,4.778895,0.0,0.22083235,2.4776745,1.0
265,5.9724045,1.3238882,1.3656555,0.82883966,0.0,0.0,1.0,0.67449075,4.0044546,0.0,0.21427603,2.4041147,1.0
266,5.77815,1.2878255,1.2585565,0.8006214,0.0,0.0,1.0,0.67449075,3.8362556,0.0,0.21803351,2.4462724,1.0
267,5.6961074,1.2880989,1.2640958,0.8006214,0.0,0.0,1.0,0.67449075,3.8375309,0.0,0.21246177,2.3837593,1.0
268,5.722079,1.2879717,1.2576983,0.81117433,0.0,0.0,1.0,0.67449075,3.8369377,0.0,0.21424389,2.403754,1.0
269,5.998132,1.3131353,1.311992,0.8306374,0.0,0.0,1.0,0.67449075,3.9543023,0.0,0.22074993,2.47675,1.0
270,6.921008,1.4480703,1.4778413,0.73967,0.0,0.0,1.0,0.67449075,4.5836496,0.0,0.21898556,2.4569542,1.0
271,6.6676865,1.4448336,1.4193312,0.6586653,0.0,0.0,1.0,0.67449075,4.568554,0.0,0.2061358,2.3127835,1.0
272,6.941149,1.4601238,1.4428544,0.7871466,0.0,0.0,1.0,0.67449075,4.6398683,0.0,0.21543206,2.417085,1.0
273,7.4545693,1.5283915,1.509012,0.6156875,0.0,0.0,1.0,0.9013486,4.9582744,0.0,0.21733703,2.4384582,1.0
274,6.747062,1.5156331,1.475802,0.72413236,0.0,0.0,1.0,0.9013486,4.898768,0.0,0.18520923,2.0779936,1.0
275,4.680734,1.2148749,1.4474977,0.7876529,0.0,0.0,1.0,0.9013486,3.4960082,0.0,0.1754259,1.9682275,1.0
276,4.1254287,1.2075142,1.5882597,0.899083,0.0,0.0,1.0,0.9013486,3.4616773,0.0,0.1379569,1.5478363,1.0
277,5.2473817,1.4156606,1.495625,0.89052135,0.0,0.0,1.0,0.9464783,4.4324884,0.0,0.13594587,1.5252731,1.0
278,6.08636,1.3930241,1.4358106,0.79986554,0.0,0.0,1.0,1.0140226,4.32691,0.0,0.19267873,2.1617992,1.0
279,5.348137,1.383173,1.3825108,0.74230236,0.0,0.0,1.0,1.0140226,4.280964,0.0,0.15260984,1.712238,1.0
280,4.903641,1.3744154,1.3756982,0.7464991,0.0,0.0,1.0,1.0140226,4.2401175,0.0,0.12897894,1.4471061,1.0
281,4.165412,1.2356356,1.3842722,0.82071406,0.0,0.0,1.0,1.0140226,3.592838,0.0,0.12971187,1.4553293,1.0
282,4.3479013,1.329572,1.5108743,0.78389126,0.0,0.0,1.0,1.0140226,4.0309644,0.0,0.10915117,1.2246443,1.0
283,4.0386014,1.189906,1.3346487,0.6997431,0.0,0.0,1.0,1.0140226,3.3795514,0.0,0.1387892,1.5571744,1.0
284,4.13571,1.1765935,1.3424053,0.52840817,0.0,0.0,1.0,1.0140226,3.317461,0.0,0.15193902,1.7047116,1.0
285,3.650837,1.1844962,1.336271,0.6997431,0.0,0.0,1.0,1.0140226,3.3543196,0.0,0.111639954,1.2525678,1.0
286,3.8448727,1.2052037,1.3585079,0.58692396,0.0,0.0,1.0,1.0140226,3.4509008,0.0,0.11820143,1.3261856,1.0
287,4.728538,1.3767554,1.5108656,0.65961087,0.0,0.0,1.0,1.5813018,4.2510314,0.0,0.11773343,1.3209348,1.0
288,4.025828,1.1915425,1.356693,0.7142166,0.0,0.0,1.0,2.032681,3.3871841,0.0,0.13714314,1.5387061,1.0
289,3.527172,1.1542147,1.3528643,0.6381216,0.0,0.0,1.0,2.032681,3.2130847,0.0,0.114021964,1.2792932,1.0
290,5.022936,1.2945161,1.3024427,0.5823689,0.0,0.0,1.0,2.032681,3.867461,0.0,0.16521142,1.853624,1.0
291,4.9178534,1.2749767,1.2516773,0.6518144,0.0,0.0,1.0,2.032681,3.776328,0.0,0.1661068,1.86367,1.0
292,4.1808047,1.2571968,1.2536474,0.19781697,0.0,0.0,1.0,1.3611753,3.6934009,0.0,0.12273456,1.377046,1.0
293,3.899338,1.2215396,1.2431855,0.19781697,0.0,0.0,1.0,1.0231673,3.5270932,0.0,0.116004735,1.3015393,1.0
294,3.9355145,1.2637684,1.2596805,0.44471473,0.0,0.0,1.0,1.018585,3.7240517,0.0,0.103588864,1.1622369,1.0
295,4.756352,1.3546847,1.3694245,0.6314456,0.0,0.0,1.0,1.0140436,4.1480923,0.0,0.12647031,1.4189601,1.0
296,4.3063145,1.2671831,1.2573638,0.75806516,0.0,0.0,1.0,1.0140436,3.7399778,0.0,0.12769058,1.4326512,1.0
297,4.6373525,1.3529103,1.4826196,0.5934085,0.0,0.0,1.0,1.1268871,4.1398163,0.0,0.11973399,1.3433805,1.0
298,3.7944143,1.1769321,1.1927654,0.59587646,0.0,0.0,1.0,1.3520652,3.31904,0.0,0.12560202,1.4092181,1.0
299,4.102614,1.2039177,1.1828954,0.66870457,0.0,0.0,1.0,1.3520652,3.4449034,0.0,0.13774809,1.5454935,1.0
300,4.042022,1.1971396,1.3051289,0.8122162,0.0,0.0,1.0,1.3520652,3.4132895,0.0,0.13603649,1.5262897,1.0
301,3.9076765,1.2383022,1.2386117,0.69289094,0.0,0.0,1.0,1.3520652,3.6052752,0.0,0.11048859,1.2396498,1.0
302,3.3024304,1.1063899,1.3102186,0.65415555,0.0,0.0,1.0,1.3520652,2.9900258,0.0,0.1157357,1.2985208,1.0
303,3.3617356,1.0984467,1.2596918,0.700924,0.0,0.0,1.0,1.3520652,2.9529784,0.0,0.12437857,1.3954914,1.0
304,3.3758988,1.1221948,1.115695,0.59494627,0.0,0.0,1.0,1.3520652,3.063741,0.0,0.11507501,1.291108,1.0
305,2.8986452,1.0613531,1.3000784,0.59359354,0.0,0.0,1.0,1.3520652,2.7799706,0.0,0.099999815,1.1219687,1.0
306,3.169628,1.0837735,1.0969346,0.41994825,0.0,0.0,1.0,1.3520652,2.8845413,0.0,0.114296995,1.282379,1.0
307,3.4056873,1.0952845,1.1406149,0.7290779,0.0,0.0,1.0,0.9054417,2.9382293,0.0,0.1296431,1.4545578,1.0
308,4.021224,1.1561505,1.161988,0.5092308,0.0,0.0,1.0,1.0232741,3.222113,0.0,0.1522852,1.7085956,1.0
309,3.432401,1.0997994,1.2543437,0.5695277,0.0,0.0,1.0,1.0232741,2.9592872,0.0,0.12984146,1.4567834,1.0
310,4.444217,1.1555654,1.1487838,0.54966116,0.0,0.0,1.0,1.0232741,3.2193842,0.0,0.18601345,2.0870166,1.0
311,3.7615006,1.0839673,1.1224599,0.590649,0.0,0.0,1.0,1.0232741,2.885445,0.0,0.16644482,1.8674624,1.0
312,3.3369431,1.159022,1.2012678,0.7099675,0.0,0.0,1.0,1.0186487,3.235506,0.0,0.09711257,1.0895748,1.0
313,3.9115171,1.1518493,1.4511263,0.79787534,0.0,0.0,1.0,1.0186487,3.2020519,0.0,0.14555149,1.6330453,1.0
314,3.0351217,1.0203246,1.0593007,0.35500598,0.0,0.0,1.0,1.0186487,2.5886104,0.0,0.1330543,1.4928305,1.0
315,3.3911695,0.9866409,1.0672237,0.53312176,0.0,0.0,1.0,1.0186487,2.431507,0.0,0.18963517,2.1276515,1.0
316,3.2201254,0.9998989,1.0790848,0.69002974,0.0,0.0,1.0,1.0186487,2.4933436,0.0,0.16335766,1.8328253,1.0
317,3.49475,1.115035,1.278158,0.81947666,0.0,0.0,1.0,1.0186487,3.0303476,0.0,0.12815472,1.4378587,1.0
318,3.3188643,1.0616455,1.1070645,0.73724794,0.0,0.0,1.0,1.0186487,2.7813344,0.0,0.13834412,1.5521808,1.0
319,4.1452537,1.1081958,1.3366296,0.8282678,0.0,0.0,1.0,1.0186487,2.9984486,0.0,0.18652536,2.09276,1.0
320,3.9588745,1.0926881,1.4447643,0.83388937,0.0,0.0,1.0,1.1269127,2.9261196,0.0,0.17900735,2.0084102,1.0
321,3.456449,1.0726244,1.3397382,0.81494135,0.0,0.0,1.0,1.3520942,2.8325412,0.0,0.14522004,1.6293266,1.0
322,3.5252059,1.0650326,1.2065057,0.7459677,0.0,0.0,1.0,1.3520942,2.7971323,0.0,0.15541348,1.743694,1.0
323,4.7828193,1.175484,1.2584915,0.91971403,0.0,0.0,1.0,1.3520942,3.312286,0.0,0.20218588,2.2684667,1.0
324,2.7457707,0.9608691,0.9482056,0.51177686,0.0,0.0,1.0,1.3520942,2.3113053,0.0,0.13699722,1.537069,1.0
325,3.2274172,0.9941429,1.2437587,0.75848913,0.0,0.0,1.0,1.3520942,2.466497,0.0,0.16769025,1.8814358,1.0
326,2.5629048,0.8988004,0.9211666,0.5919702,0.0,0.0,1.0,1.3520942,2.021812,0.0,0.15728131,1.7646505,1.0
327,3.818241,0.9809659,1.1714871,0.63185984,0.0,0.0,1.0,1.3520942,2.4050386,0.0,0.23876369,2.678859,1.0
328,6.1280613,1.4520588,1.3300928,0.8737524,0.0,0.0,1.0,1.3520942,4.6022525,0.0,0.17355561,1.9472435,1.0
329,3.8859694,0.9706643,1.0815841,0.8682663,0.0,0.0,1.0,1.3520942,2.356991,0.0,0.2543227,2.8534267,1.0
330,3.7543302,0.97573715,1.0779141,0.7917071,0.0,0.0,1.0,2.0328536,2.3806512,0.0,0.2360688,2.6486232,1.0
331,4.386709,1.0765268,1.1266357,0.6265494,0.0,0.0,1.0,4.637796,2.8507419,0.36909223,0.2263353,2.539416,1.0
332,5.6472,1.3856577,1.4382812,0.8529273,0.0,0.0,1.0,5.9372115,4.2925525,0.5647417,0.1694928,1.9016598,1.0
333,6.0770736,1.2941935,1.4290134,0.6481696,0.0,0.0,1.0,7.225794,3.8659565,0.75876004,0.23477708,2.6341305,1.0
334,6.515345,1.38076,1.4997715,0.8167366,0.0,0.0,1.0,15.126079,4.269709,1.9482843,0.22306305,2.5027025,1.0
335,5.5219054,1.3261094,1.436717,0.6150127,0.0,0.0,1.0,8.540608,4.014815,0.95672804,0.18472147,2.072521,1.0
336,3.4027872,1.0538118,1.2303182,0.70151377,0.0,0.0,1.0,9.178337,2.7447975,1.0527492,0.15017514,1.6849213,1.0
337,3.6292028,1.1512672,1.4402523,0.6568406,0.0,0.0,1.0,9.178337,3.199337,1.0527492,0.1233444,1.3838882,1.0
338,6.0911784,1.4214863,1.4742646,0.51459163,0.0,0.0,1.0,9.813506,4.45966,1.1483848,0.18229125,2.0452547,1.0
339,4.6036863,1.3007741,1.2701203,0.78888977,0.0,0.0,1.0,9.813506,3.896649,1.1483848,0.13533522,1.5184218,1.0
340,3.1895468,1.0041414,1.3498422,0.78860754,0.0,0.0,1.0,10.446155,2.5131311,1.2436409,0.15766962,1.7690072,1.0
341,5.8851457,1.5397626,1.565944,0.6600264,0.0,0.0,1.0,10.446155,5.01131,1.2436409,0.13353357,1.4982077,1.0
342,5.2122474,1.3885615,1.5667238,0.5183305,0.0,0.0,1.0,11.076316,4.306096,1.3385226,0.14271685,1.6012415,1.0
343,6.1058564,1.5100985,1.5205574,0.8737524,0.0,0.0,1.0,11.076316,4.872954,1.3385226,0.1535587,1.7228839,1.0
344,5.963617,1.4345858,1.3975751,0.8508951,0.0,0.0,1.0,11.076316,4.520757,1.3385226,0.17040506,1.9118952,1.0
345,4.961272,1.3531665,1.5994765,0.76541966,0.0,0.0,1.0,11.076316,4.1410108,1.3385226,0.13957131,1.5659494,1.0
346,7.181938,1.69444,1.7097075,0.7367558,0.0,0.0,1.0,11.076316,5.7327375,1.3385226,0.15350382,1.7222681,1.0
347,3.514461,1.0423084,1.558348,0.83218867,0.0,0.0,1.0,11.076316,2.691145,1.3385226,0.16703649,1.8741007,1.0
348,6.520368,1.600347,1.5336508,0.7452446,0.0,0.0,1.0,11.076316,5.2938805,1.3385226,0.14812718,1.6619438,1.0
349,3.0320632,1.0676512,1.0397953,0.7888781,0.0,0.0,1.0,11.076316,2.8093452,1.3385226,0.10931719,1.2265071,1.0
350,5.753947,1.4364234,1.4068978,0.7451127,0.0,0.0,1.0,11.076316,4.529328,1.3385226,0.15798102,1.772501,1.0
351,5.6010895,1.4477887,1.4505961,0.7749546,0.0,0.0,1.0,11.076316,4.5823364,1.3385226,0.145744,1.6352051,1.0
352,5.208248,1.4122726,1.4053829,0.5545208,0.0,0.0,1.0,11.076316,4.4166865,1.3385226,0.13476813,1.5120591,1.0
353,5.561894,1.4024303,1.4105388,0.41604856,0.0,0.0,1.0,11.076316,4.3707814,1.3385226,0.15852642,1.7786202,1.0
354,5.0185447,1.3815761,1.404257,0.7237987,0.0,0.0,1.0,11.076316,4.2735157,1.3385226,0.1335243,1.4981037,1.0
355,5.243281,1.3711803,1.4641653,0.58112305,0.0,0.0,1.0,11.050817,4.225029,1.3346832,0.15050167,1.6885849,1.0
356,4.6831074,1.2855446,1.4375838,0.66644794,0.0,0.0,1.0,11.025435,3.8256176,1.3308617,0.14620805,1.6404117,1.0
357,3.87487,1.2729025,1.4213274,0.7430168,0.0,0.0,1.0,11.025435,3.7666535,1.3308617,0.09644512,1.0820862,1.0
358,3.7974374,1.2479992,1.2087733,0.7250916,0.0,0.0,1.0,11.025435,3.6505027,1.3308617,0.09937884,1.1150017,1.0
359,3.7185225,1.1306607,1.2280409,0.75058275,0.0,0.0,1.0,11.025435,3.1032264,1.3308617,0.13962069,1.5665035,1.0
360,4.1504765,1.2538152,1.4517975,0.8846288,0.0,0.0,1.0,8.501377,3.6776288,0.9508211,0.121870786,1.3673548,1.0
361,3.026798,1.08934,1.2759864,0.5903441,0.0,0.0,1.0,5.287884,2.9105036,0.46697426,0.09930402,1.1141622,1.0
362,3.5876396,1.1792117,1.1533957,0.5279068,0.0,0.0,1.0,3.9833462,3.3296726,0.27055353,0.108858235,1.2213577,1.0
363,2.9213555,0.9849054,1.0691065,0.8075288,0.0,0.0,1.0,3.3268197,2.4234128,0.17170213,0.14145304,1.5870619,1.0
364,3.2498536,1.0665935,1.0911438,0.7570388,0.0,0.0,1.0,2.6674018,2.8044124,0.07241538,0.12957704,1.4538167,1.0
365,3.5952492,1.1642498,1.1691437,0.6435492,0.0,0.0,1.0,2.6674018,3.259889,0.07241538,0.115326345,1.293928,1.0
366,3.6196702,1.1415213,1.252107,0.6848994,0.0,0.0,1.0,2.6674018,3.1538815,0.07241538,0.12673807,1.4219643,1.0
367,3.8217866,1.1629655,1.2332594,0.78788126,0.0,0.0,1.0,2.0050523,3.253899,0.0,0.13357241,1.4986435,1.0
368,4.001834,1.1683497,1.237708,0.6470981,0.0,0.0,1.0,2.0050523,3.2790115,0.0,0.1452646,1.6298264,1.0
369,4.112306,1.1763864,1.222408,0.66469,0.0,0.0,1.0,2.0050523,3.3164947,0.0,0.1502345,1.6855874,1.0
370,4.260067,1.22504,1.4802555,0.8287429,0.0,0.0,1.0,1.3397293,3.543419,0.0,0.14063202,1.5778502,1.0
371,4.432142,1.2248087,1.1732234,0.8196354,0.0,0.0,1.0,1.3397293,3.5423403,0.0,0.15309547,1.7176865,1.0
372,4.99494,1.2515002,1.1883706,0.81378305,0.0,0.0,1.0,1.3397293,3.6668317,0.0,0.18136325,2.034843,1.0
373,5.476505,1.2599899,1.1939604,0.823407,0.0,0.0,1.0,1.3397293,3.706428,0.0,0.2107438,2.364484,1.0
374,5.605643,1.2785285,1.2187794,0.84938747,0.0,0.0,1.0,1.3397293,3.7928934,0.0,0.21083643,2.3655233,1.0
375,5.5106635,1.2772712,1.1836094,0.88638955,0.0,0.0,1.0,1.3397293,3.7870293,0.0,0.20503244,2.3004043,1.0
376,4.469584,1.2060704,1.2340404,0.7443332,0.0,0.0,1.0,0.67139244,3.4549437,0.0,0.16391508,1.8390795,1.0
377,4.046564,1.1158099,1.2691398,0.85265464,0.0,0.0,1.0,0.67139244,3.0339615,0.0,0.17412114,1.9535885,1.0
378,4.919333,1.2433826,1.2128237,0.7975609,0.0,0.0,1.0,3.7392445,3.6289704,0.2337998,0.17967682,2.0159216,1.0
379,5.369086,1.2309947,1.3461084,0.9097332,0.0,0.0,1.0,3.2838418,3.5711923,0.16523108,0.21733275,2.43841,1.0
380,6.1901083,1.2882447,1.4490384,0.9428933,0.0,0.0,1.0,3.9240048,3.838211,0.26161864,0.2451703,2.7507393,1.0
381,6.454569,1.318922,1.3021786,0.93454826,0.0,0.0,1.0,4.242135,3.9812922,0.30951867,0.24732618,2.7749276,1.0
382,6.2220144,1.3666594,1.2321036,0.75055444,0.0,0.0,1.0,4.5589886,4.2039433,0.35722643,0.2113736,2.37155,1.0
383,5.6104927,1.2983804,1.4082675,0.7851826,0.0,0.0,1.0,4.5589886,3.8854845,0.35722643,0.2021856,2.2684636,1.0
384,5.303239,1.3123662,1.1724044,0.9021416,0.0,0.0,1.0,4.874584,3.9507155,0.4047448,0.17630938,1.9781399,1.0
385,4.2390676,1.3267485,1.2688712,0.6677355,0.0,0.0,1.0,5.1889396,4.0177956,0.45207644,0.10315344,1.1573515,1.0
386,6.503976,1.3841347,1.3822337,0.62176454,0.0,0.0,1.0,5.1889396,4.285449,0.45207644,0.22096023,2.4791093,1.0
387,6.344979,1.4340714,1.414569,0.6763615,0.0,0.0,1.0,5.502072,4.518358,0.4992239,0.19207692,2.1550472,1.0
388,5.6674337,1.4291409,1.4158344,0.70166993,0.0,0.0,1.0,5.502072,4.495362,0.4992239,0.15552458,1.7449405,1.0
389,5.1849613,1.4741752,1.3899735,0.72899145,0.0,0.0,1.0,5.813998,4.705405,0.5461898,0.11508217,1.2911884,1.0
390,6.0449142,1.527965,1.4974937,0.7182926,0.0,0.0,1.0,5.813998,4.956285,0.5461898,0.14506264,1.6275606,1.0
391,6.4503284,1.5806129,1.5335581,0.718277,0.0,0.0,1.0,5.813998,5.201839,0.5461898,0.15024815,1.6857405,1.0
392,6.9468403,1.5844721,1.5917629,0.732811,0.0,0.0,1.0,5.813998,5.2198386,0.5461898,0.17338203,1.9452958,1.0
393,6.167554,1.6159555,1.6135527,0.61794037,0.0,0.0,1.0,5.813998,5.3666797,0.5461898,0.12713109,1.4263738,1.0
394,6.1100755,1.5983241,1.6495967,0.76630884,0.0,0.0,1.0,5.813998,5.2844453,0.5461898,0.12891544,1.4463937,1.0
395,7.0571866,1.6941084,1.6798078,0.77795756,0.0,0.0,1.0,4.5234137,5.7311907,0.35187,0.14804684,1.6610423,1.0
396,5.1734176,1.369938,1.5133249,0.8036884,0.0,0.0,1.0,3.6610572,4.219235,0.22202736,0.14671902,1.6461447,1.0
397,7.0147905,1.6401219,1.6014377,0.7145081,0.0,0.0,1.0,3.6610572,5.479394,0.22202736,0.16048618,1.8006082,1.0
398,5.3348727,1.4283421,1.7877512,0.6420673,0.0,0.0,1.0,3.6610572,4.4916363,0.22202736,0.1369363,1.5363854,1.0
399,4.610956,1.2872851,1.5898757,0.5138069,0.0,0.0,1.0,3.6610572,3.8337352,0.22202736,0.14075539,1.5792344,1.0
400,6.367052,1.6113333,1.5967906,0.56802964,0.0,0.0,1.0,3.6610572,5.345121,0.22202736,0.13781604,1.5462558,1.0
401,6.459006,1.5858276,1.5785028,0.27475128,0.0,0.0,1.0,3.04651,5.2261605,0.12949666,0.14920145,1.6739968,1.0
402,5.713104,1.5227602,1.4990107,0.6778965,0.0,0.0,1.0,2.584553,4.932009,0.059941065,0.12945907,1.4524931,1.0
403,4.65409,1.4299797,1.4654235,0.41117084,0.0,0.0,1.0,2.584553,4.499274,0.059941065,0.0978913,1.0983119,1.0
404,4.9883156,1.4613991,1.4866006,0.6553426,0.0,0.0,1.0,2.2706048,4.6458163,0.01267075,0.10790248,1.2106345,1.0
405,4.7601256,1.3597383,1.4724051,0.4159813,0.0,0.0,1.0,2.4288325,4.171663,0.036494657,0.12505084,1.403034,1.0
406,4.580901,1.405568,1.4354602,0.5726795,0.0,0.0,1.0,2.4288325,4.385416,0.036494657,0.10048038,1.1273606,1.0
407,3.8209746,1.2280377,1.307102,0.6545885,0.0,0.0,1.0,1.5238644,3.5574007,0.0,0.10799661,1.2116905,1.0
408,2.3583634,0.9057225,1.1774918,0.5946579,0.0,0.0,1.0,0.42090437,2.0540974,0.0,0.12684982,1.423218,1.0
409,2.378417,0.9186174,1.0472592,0.66290295,0.0,0.0,1.0,0.44757587,2.1142404,0.0,0.120948166,1.3570032,1.0
410,4.4730806,1.3326046,1.3303396,0.6698691,0.0,0.0,1.0,0.5943463,4.0451093,0.0,0.11607117,1.3022847,1.0
411,4.327587,1.2620256,1.3429545,0.46985698,0.0,0.0,1.0,0.56943816,3.7159228,0.0,0.13104653,1.4703039,1.0
412,3.8710663,1.2494453,1.2116772,0.67256594,0.0,0.0,1.0,0.51176196,3.6572475,0.0,0.10401708,1.1670413,1.0
413,3.883976,1.2539766,1.3343368,0.6896011,0.0,0.0,1.0,0.45348337,3.6783817,0.0,0.10336216,1.1596932,1.0
414,4.1882257,1.3370379,1.2427402,0.77322274,0.0,0.0,1.0,0.48883396,4.0657864,0.0,0.09679766,1.0860416,1.0
415,4.080182,1.2832716,1.1615834,0.5529213,0.0,0.0,1.0,0.47666115,3.8150158,0.0,0.10682883,1.1985884,1.0
416,4.1324573,1.2962121,1.2289349,0.7351892,0.0,0.0,1.0,0.5047301,3.8753712,0.0,0.10602221,1.1895382,1.0
417,4.244047,1.2987785,1.2868507,0.68763536,0.0,0.0,1.0,0.5047301,3.8873415,0.0,0.112496145,1.262174,1.0
418,4.446356,1.3018434,1.3165592,0.6470981,0.0,0.0,1.0,0.48066375,3.9016364,0.0,0.12468188,1.3988944,1.0
419,4.426067,1.312971,1.3131052,0.6470981,0.0,0.0,1.0,0.5832524,3.9535363,0.0,0.11956535,1.3414885,1.0
420,4.388919,1.3101217,1.3080385,0.6470981,0.0,0.0,1.0,0.67449075,3.9402466,0.0,0.11812607,1.3253402,1.0
421,4.1697097,1.3062603,1.3222774,0.72774523,0.0,0.0,1.0,0.67449075,3.9222372,0.0,0.10519621,1.1802708,1.0
422,3.6574023,1.1593803,1.3040104,0.7190923,0.0,0.0,1.0,0.67449075,3.2371774,0.0,0.122186035,1.3708917,1.0
423,4.7780313,1.3149793,1.3442659,0.83457804,0.0,0.0,1.0,0.67449075,3.9629033,0.0,0.14150856,1.5876849,1.0
424,4.135482,1.2056813,1.186196,0.7674877,0.0,0.0,1.0,0.67449075,3.4531288,0.0,0.13944958,1.5645837,1.0
425,3.97156,1.2257378,1.2649187,0.86053765,0.0,0.0,1.0,0.67449075,3.5466738,0.0,0.11963604,1.3422815,1.0
426,4.818548,1.3112911,1.6353304,0.62005067,0.0,0.0,1.0,0.9464986,3.9457011,0.0,0.14546205,1.6320418,1.0
427,3.5883982,1.14838,1.2117509,0.81048584,0.0,0.0,1.0,1.0140436,3.1858711,0.0,0.12130379,1.3609931,1.0
428,4.1297455,1.2339463,1.2500627,0.65177363,0.0,0.0,1.0,1.9880414,3.584959,0.0,0.12782724,1.4341844,1.0
429,4.167072,1.1742815,1.2378185,0.7863449,0.0,0.0,1.0,2.9631262,3.3066776,0.116941795,0.15538959,1.743426,1.0
430,4.1594815,1.1803124,1.1698626,0.610188,0.0,0.0,1.0,3.2854786,3.3348062,0.16547751,0.1521031,1.7065524,1.0
431,5.024626,1.3239853,1.3751737,0.8335321,0.0,0.0,1.0,3.6065247,4.004908,0.21381655,0.1539681,1.7274772,1.0
432,4.0881414,1.2777729,1.2642651,0.6302597,0.0,0.0,1.0,3.9262822,3.7893696,0.26196155,0.109207004,1.2252707,1.0
433,5.39928,1.349268,1.3443307,0.6820445,0.0,0.0,1.0,3.9262822,4.122828,0.26196155,0.16797124,1.8845884,1.0
434,3.9105148,1.2478769,1.2951092,0.2664347,0.0,0.0,1.0,5.879587,3.6499321,0.5560654,0.1073096,1.2039825,1.0
435,5.09339,1.2972176,1.241604,0.59669584,0.0,0.0,1.0,5.879587,3.8800611,0.5560654,0.16876139,1.8934536,1.0
436,5.296532,1.3129847,1.3544036,0.7949147,0.0,0.0,1.0,6.3022504,3.9536002,0.6197046,0.17562799,1.9704949,1.0
437,5.986593,1.4330652,1.4477936,0.6433362,0.0,0.0,1.0,6.3022504,4.5136647,0.6197046,0.17222919,1.9323612,1.0
438,5.736612,1.4527591,1.4612448,0.79038954,0.0,0.0,1.0,6.7232695,4.6055193,0.6830963,0.15167059,1.7016999,1.0
439,5.689065,1.4825336,1.4980866,0.6149422,0.0,0.0,1.0,6.7232695,4.7443895,0.6830963,0.13983408,1.5688976,1.0
440,6.1103463,1.5548309,1.6416489,0.56966937,0.0,0.0,1.0,6.7232695,5.0815897,0.6830963,0.140683,1.5784222,1.0
441,5.4045978,1.4472079,1.4884423,0.7173279,0.0,0.0,1.0,7.1426673,4.5796275,0.7462439,0.13500203,1.5146835,1.0
442,6.314897,1.5654215,1.5830095,0.7895059,0.0,0.0,1.0,7.1426673,5.130985,0.7462439,0.14788717,1.659251,1.0
443,5.149213,1.4857869,1.6599861,0.4936285,0.0,0.0,1.0,5.3850455,4.759563,0.48160356,0.10997657,1.2339051,1.0
444,5.4508767,1.4580109,1.5102196,0.7213955,0.0,0.0,1.0,5.1927943,4.630014,0.45265684,0.1342769,1.5065477,1.0
445,5.934784,1.5719061,1.6012104,0.6075549,0.0,0.0,1.0,4.182076,5.1612296,0.30047575,0.12729588,1.4282227,1.0
446,4.344344,1.2539624,1.4733258,0.71090317,0.0,0.0,1.0,3.5007036,3.6783154,0.19788335,0.13523881,1.5173401,1.0
447,5.679868,1.5019492,1.5049808,0.73996484,0.0,0.0,1.0,3.4771876,4.834945,0.19434261,0.13363051,1.4992955,1.0
448,4.174308,1.194879,1.6245803,0.8142789,0.0,0.0,1.0,2.8906689,3.4027462,0.106032096,0.1468708,1.6478477,1.0
449,6.3324046,1.5218397,1.5183601,0.31678647,0.0,0.0,1.0,2.4503837,4.9277163,0.039739553,0.16172022,1.8144537,1.0
450,5.8043118,1.5149417,1.5000273,0.31243876,0.0,0.0,1.0,2.4503837,4.895543,0.039739553,0.13640077,1.5303769,1.0
451,5.24846,1.491706,1.491224,0.41012284,0.0,0.0,1.0,2.4503837,4.7871704,0.039739553,0.113667205,1.2753129,1.0
452,4.997421,1.4094881,1.4291694,0.5430901,0.0,0.0,1.0,2.4503837,4.4036994,0.039739553,0.12346216,1.3852094,1.0
453,5.5525303,1.47047,1.4338846,0.5142631,0.0,0.0,1.0,2.3767457,4.6881237,0.028652087,0.13608253,1.5268064,1.0
454,5.5690002,1.4641601,1.4313556,0.26834276,0.0,0.0,1.0,2.27229,4.658694,0.0129244765,0.13888814,1.5582844,1.0
455,4.505412,1.3283206,1.4046531,0.7064644,0.0,0.0,1.0,1.9480876,4.025128,0.0,0.11951456,1.3409185,1.0
456,4.8365407,1.4262456,1.415822,0.32642198,0.0,0.0,1.0,1.6881515,4.481858,0.0,0.10928153,1.226107,1.0
457,3.4559999,1.1238551,1.4031712,0.7092043,0.0,0.0,1.0,1.0117465,3.071485,0.0,0.121008635,1.3576816,1.0
458,4.514962,1.3572221,1.3458074,0.5447025,0.0,0.0,1.0,0.550607,4.159927,0.0,0.11086271,1.2438473,1.0
459,2.4654133,0.9366062,1.161185,0.7568289,0.0,0.0,1.0,0.550607,2.1981416,0.0,0.120092206,1.3473996,1.0
460,4.055373,1.2295927,1.2945489,0.7522153,0.0,0.0,1.0,0.550607,3.5646532,0.0,0.12418523,1.3933221,1.0
461,3.845893,1.230018,1.2604764,0.55573,0.0,0.0,1.0,0.550607,3.566637,0.0,0.109067425,1.2237047,1.0
462,3.8258517,1.2694627,1.2574027,0.671183,0.0,0.0,1.0,0.53838164,3.75061,0.0,0.09423752,1.0573175,1.0
463,3.6459703,1.2319357,1.1220773,0.56263185,0.0,0.0,1.0,0.75018245,3.5755816,0.0,0.09414198,1.0562456,1.0
464,3.6356328,1.2190379,1.2763863,0.65851855,0.0,0.0,1.0,0.86918545,3.515425,0.0,0.09783659,1.0976981,1.0
465,3.876965,1.2901137,1.2749366,0.75501674,0.0,0.0,1.0,0.68645257,3.846928,0.0,0.09111723,1.0223088,1.0
466,4.0991597,1.2955405,1.2593095,0.8033683,0.0,0.0,1.0,0.7793584,3.8722389,0.0,0.104052104,1.1674343,1.0
467,4.1010313,1.2650479,1.2849289,0.69050944,0.0,0.0,1.0,0.9013486,3.730019,0.0,0.114458434,1.2841903,1.0
468,4.530123,1.2870026,1.2470493,0.70994085,0.0,0.0,1.0,0.7946373,3.8324175,0.0,0.13548957,1.5201535,1.0
469,4.2290745,1.2805307,1.2626919,0.72374445,0.0,0.0,1.0,0.6835279,3.802232,0.0,0.117716596,1.320746,1.0
470,3.960455,1.2461979,1.2249684,0.6792887,0.0,0.0,1.0,0.81660336,3.6421015,0.0,0.11138799,1.2497408,1.0
471,3.9799094,1.2432846,1.2542461,0.7553762,0.0,0.0,1.0,1.0140226,3.6285133,0.0,0.11379033,1.2766944,1.0
472,3.9881036,1.2268982,1.2369802,0.7553762,0.0,0.0,1.0,1.0140226,3.5520859,0.0,0.12038761,1.3507138,1.0
473,3.1290634,1.085204,1.1120011,0.66509014,0.0,0.0,1.0,1.0140226,2.8912132,0.0,0.110078365,1.2350472,1.0
474,3.92276,1.2051098,1.2292373,0.5681263,0.0,0.0,1.0,1.0140226,3.4504633,0.0,0.12398569,1.3910834,1.0
475,4.9119167,1.3248981,1.5749447,0.733217,0.0,0.0,1.0,1.6605166,4.0091653,0.0,0.14646977,1.6433482,1.0
476,4.331206,1.2588953,1.478591,0.7351026,0.0,0.0,1.0,3.7415318,3.7013228,0.23414421,0.13246533,1.4862224,1.0
477,4.3106775,1.2720866,1.292682,0.6578636,0.0,0.0,1.0,4.4101777,3.7628484,0.3348204,0.12620367,1.4159684,1.0
478,4.3516197,1.2903895,1.3726968,0.8353439,0.0,0.0,1.0,7.2293878,3.8482146,0.7593011,0.122441515,1.3737581,1.0
479,4.639126,1.3143687,1.3356588,0.8560604,0.0,0.0,1.0,7.870351,3.9600554,0.8558092,0.13279696,1.4899431,1.0
480,4.8712254,1.3263232,1.3665757,0.832244,0.0,0.0,1.0,5.6978583,4.015812,0.5287029,0.14337306,1.608604,1.0
481,4.9602637,1.3426714,1.2838074,0.83345187,0.0,0.0,1.0,4.6030526,4.092061,0.36386102,0.1431582,1.6061933,1.0
482,4.6056805,1.3561987,1.3364089,0.5455132,0.0,0.0,1.0,4.5824375,4.1551533,0.36075708,0.116739996,1.3097887,1.0
483,4.8664985,1.3692286,1.3357918,0.6572007,0.0,0.0,1.0,4.878009,4.215926,0.40526044,0.12842529,1.4408942,1.0
484,5.2824154,1.3772752,1.4407805,0.86577356,0.0,0.0,1.0,4.878009,4.253456,0.40526044,0.15073253,1.6911751,1.0
485,6.3872385,1.5050923,1.4796188,0.7535175,0.0,0.0,1.0,4.878009,4.8496046,0.40526044,0.1698704,1.9058964,1.0
486,5.5772076,1.4019142,1.4962634,0.82020694,0.0,0.0,1.0,7.1426673,4.3683743,0.7462439,0.1595977,1.7906396,1.0
487,5.6669254,1.4232901,1.5498503,0.806893,0.0,0.0,1.0,11.03362,4.4680734,1.332094,0.1574564,1.7666149,1.0
488,6.205253,1.5327516,1.5814283,0.61028963,0.0,0.0,1.0,11.03362,4.97861,1.332094,0.15187116,1.7039502,1.0
489,5.3469706,1.4678587,1.4289331,0.8149598,0.0,0.0,1.0,11.03362,4.6759443,1.332094,0.12567326,1.4100174,1.0
490,5.7355623,1.4756141,1.6695673,0.8737524,0.0,0.0,1.0,11.03362,4.7121162,1.332094,0.14443833,1.620556,1.0
491,5.282876,1.4257513,1.538555,0.8383197,0.0,0.0,1.0,11.03362,4.4795523,1.332094,0.13479628,1.512375,1.0
492,5.320213,1.431478,1.4916903,0.74556494,0.0,0.0,1.0,11.03362,4.5062623,1.332094,0.13512611,1.5160756,1.0
493,6.0998645,1.5632651,1.583347,0.65877134,0.0,0.0,1.0,7.1426673,5.1209273,0.7462439,0.13780954,1.546183,1.0
494,4.952873,1.2933614,1.5223193,0.7628338,0.0,0.0,1.0,5.1927943,3.8620756,0.45265684,0.16105285,1.8069661,1.0
495,5.8769007,1.5418833,1.6081644,0.6074552,0.0,0.0,1.0,5.1927943,5.021201,0.45265684,0.13252632,1.4869068,1.0
496,6.530381,1.6111794,1.6239003,0.46014246,0.0,0.0,1.0,5.1927943,5.3444033,0.45265684,0.14563918,1.6340292,1.0
497,7.0327506,1.5863789,1.5855192,0.56959575,0.0,0.0,1.0,5.1927943,5.228732,0.45265684,0.17698964,1.9857723,1.0
498,6.12927,1.5798516,1.5684805,0.32642198,0.0,0.0,1.0,4.0256534,5.1982884,0.2769236,0.13473582,1.5116967,1.0
499,3.5851855,1.1383983,1.5418533,0.3180731,0.0,0.0,1.0,3.2458127,3.1393154,0.15950513,0.12529682,1.4057938,1.0
500,5.39566,1.5094347,1.5236437,0.43465787,0.0,0.0,1.0,3.2458127,4.8698583,0.15950513,0.116624005,1.3084874,1.0
501,5.9684806,1.5285028,1.5298967,0.6039221,0.0,0.0,1.0,2.6900449,4.9587936,0.075824685,0.14098035,1.5817584,1.0
502,5.3309407,1.4243413,1.5111282,0.4159813,0.0,0.0,1.0,2.27229,4.472976,0.0129244765,0.1379742,1.5480304,1.0
503,2.9155183,1.0302074,1.3197367,0.70434994,0.0,0.0,1.0,1.9480876,2.6347046,0.0,0.11627056,1.3045218,1.0
504,4.3748913,1.323107,1.4209017,0.66107184,0.0,0.0,1.0,1.0117465,4.0008116,0.0,0.11293926,1.2671456,1.0
505,4.863061,1.4634877,1.456398,0.33988675,0.0,0.0,1.0,0.4648593,4.655558,0.0,0.10047907,1.1273458,1.0
506,3.910755,1.2915542,1.4078753,0.6400293,0.0,0.0,1.0,0.56945026,3.8536468,0.0,0.09290267,1.0423409,1.0
507,4.5338063,1.3486297,1.430282,0.7619495,0.0,0.0,1.0,0.5853924,4.119851,0.0,0.114716046,1.2870806,1.0
508,2.9100068,1.0264933,1.2321671,0.6621449,0.0,0.0,1.0,0.56945026,2.6173818,0.0,0.11759935,1.3194305,1.0
509,4.237478,1.293362,1.3614901,0.5827601,0.0,0.0,1.0,0.49419007,3.8620784,0.0,0.113881595,1.2777183,1.0
510,4.086677,1.2732313,1.4596549,0.79097825,0.0,0.0,1.0,0.4648593,3.768187,0.0,0.11065243,1.2414881,1.0
511,4.5471797,1.3572963,1.3888946,0.68763536,0.0,0.0,1.0,0.56081724,4.160273,0.0,0.112811774,1.2657152,1.0
512,4.3566775,1.3779476,1.388599,0.68763536,0.0,0.0,1.0,0.550607,4.256592,0.0,0.095116585,1.0671804,1.0
513,4.486527,1.3848213,1.38233,0.6876353,0.0,0.0,1.0,0.53838164,4.2886515,0.0,0.10087844,1.1318268,1.0
514,4.4328337,1.3823715,1.3921932,0.7058599,0.0,0.0,1.0,0.53838164,4.277226,0.0,0.09839333,1.1039444,1.0
515,4.476816,1.3987607,1.4028432,0.65792173,0.0,0.0,1.0,0.52340704,4.353666,0.0,0.09633215,1.0808187,1.0
516,3.6633432,1.2186178,1.373481,0.76927584,0.0,0.0,1.0,0.5047301,3.5134654,0.0,0.09999192,1.1218802,1.0
517,4.6081934,1.3619856,1.3796763,0.6532646,0.0,0.0,1.0,0.50916636,4.182144,0.0,0.115071334,1.2910669,1.0
518,4.5992856,1.3596365,1.3791025,0.7368526,0.0,0.0,1.0,0.5136813,4.171188,0.0,0.11526452,1.2932343,1.0
519,4.7332788,1.3612288,1.3745179,0.7553762,0.0,0.0,1.0,0.5136813,4.1786146,0.0,0.12293131,1.3792535,1.0
520,4.370397,1.3495494,1.3588331,0.6532646,0.0,0.0,1.0,0.67959636,4.1241407,0.0,0.10433452,1.1706029,1.0
521,4.511951,1.3479081,1.3746114,0.74820906,0.0,0.0,1.0,0.67449075,4.1164856,0.0,0.113593146,1.274482,1.0
522,4.162429,1.2259939,1.578154,0.7633012,0.0,0.0,1.0,0.6789793,3.547868,0.0,0.13323997,1.4949136,1.0
523,3.8375316,1.2073283,1.25621,0.69893533,0.0,0.0,1.0,0.6835279,3.4608104,0.0,0.11684884,1.31101,1.0
524,4.320871,1.2650899,1.3241025,0.8031084,0.0,0.0,1.0,0.81660336,3.7302148,0.0,0.12945172,1.4524106,1.0
525,4.0797887,1.285105,1.2530209,0.5674477,0.0,0.0,1.0,1.6605166,3.823567,0.0,0.10619355,1.1914607,1.0
526,3.457423,1.1615572,1.2704909,0.63338673,0.0,0.0,1.0,2.6399984,3.2473304,0.06828933,0.10560422,1.1848485,1.0
527,4.0315294,1.2312055,1.2629088,0.34335357,0.0,0.0,1.0,2.9638047,3.5721753,0.11704396,0.12187539,1.3674064,1.0
528,4.843564,1.3180885,1.3264477,0.5706658,0.0,0.0,1.0,3.2862988,3.9774048,0.165601,0.14458485,1.6221999,1.0
529,5.169375,1.3937645,1.3872504,0.7610079,0.0,0.0,1.0,3.0434651,4.3303633,0.12903821,0.13846828,1.5535737,1.0
530,5.130243,1.3740869,1.4125966,0.7105001,0.0,0.0,1.0,4.2447705,4.2385855,0.30991548,0.1426996,1.6010479,1.0
531,5.810947,1.4067866,1.4270397,0.8931135,0.0,0.0,1.0,4.562007,4.3910995,0.3576809,0.1714704,1.9238479,1.0
532,5.0368466,1.3566849,1.3943835,0.8582443,0.0,0.0,1.0,4.562007,4.1574216,0.3576809,0.14299619,1.6043756,1.0
533,5.431772,1.3825489,1.4036417,0.78431153,0.0,0.0,1.0,4.562007,4.2780533,0.3576809,0.15780473,1.7705231,1.0
534,5.47248,1.4001905,1.4477482,0.8032245,0.0,0.0,1.0,4.878009,4.360335,0.40526044,0.15408076,1.7287413,1.0
535,5.360009,1.3984582,1.4423579,0.8500548,0.0,0.0,1.0,4.878009,4.3522553,0.40526044,0.14809334,1.6615641,1.0
536,5.7405434,1.4274825,1.5257126,0.8398779,0.0,0.0,1.0,5.1927943,4.4876266,0.45265684,0.16022664,1.7976962,1.0
537,6.0098486,1.4454253,1.5106721,0.83688456,0.0,0.0,1.0,5.1927943,4.5713134,0.45265684,0.1692653,1.8991073,1.0
538,5.885845,1.4790683,1.6000582,0.7819023,0.0,0.0,1.0,5.1927943,4.728227,0.45265684,0.15147613,1.6995181,1.0
539,6.544067,1.5862308,1.6128937,0.87736046,0.0,0.0,1.0,5.1927943,5.228041,0.45265684,0.15323149,1.7192127,1.0
540,6.0766635,1.5613792,1.743021,0.64271253,0.0,0.0,1.0,5.1927943,5.1121316,0.45265684,0.13717572,1.5390717,1.0
541,5.9843593,1.6041399,1.6290729,0.6405094,0.0,0.0,1.0,5.1927943,5.3115706,0.45265684,0.12138455,1.3618994,1.0
542,5.873044,1.5949912,1.6196768,0.6405094,0.0,0.0,1.0,4.0256534,5.2689004,0.2769236,0.118328035,1.3276061,1.0
543,6.042217,1.5845025,1.6111594,0.6405094,0.0,0.0,1.0,3.2458127,5.2199802,0.15950513,0.12924126,1.4500493,1.0
544,5.05635,1.4248984,1.6143868,0.64896345,0.0,0.0,1.0,3.2458127,4.4755745,0.15950513,0.12217421,1.370759,1.0
545,4.885289,1.3981526,1.7681799,0.65179074,0.0,0.0,1.0,3.2458127,4.3508296,0.15950513,0.1204108,1.3509741,1.0
546,3.6018322,1.1498064,1.1844703,0.62613875,0.0,0.0,1.0,3.2458127,3.1925237,0.15950513,0.12177766,1.3663099,1.0
547,4.3911095,1.2235217,1.4608793,0.75190336,0.0,0.0,1.0,3.2458127,3.5363379,0.15950513,0.15068153,1.6906028,1.0
548,6.382736,1.5903971,1.587552,0.40535143,0.0,0.0,1.0,2.6900449,5.2474732,0.075824685,0.1442219,1.6181277,1.0
549,6.1299796,1.5791035,1.5610921,0.32642198,0.0,0.0,1.0,2.27229,5.194799,0.0129244765,0.13497229,1.5143498,1.0
550,5.763295,1.5651683,1.5492991,0.40341642,0.0,0.0,1.0,2.27229,5.129804,0.0129244765,0.120576665,1.352835,1.0
551,3.4114287,1.1078453,1.4387159,0.70273924,0.0,0.0,1.0,1.9670223,2.996814,0.0,0.12436071,1.395291,1.0
552,3.354307,1.0840049,1.4138137,0.6781337,0.0,0.0,1.0,1.8775966,2.8856204,0.0,0.13049015,1.4640615,1.0
553,5.1514006,1.488995,1.487645,0.57267946,0.0,0.0,1.0,1.646356,4.7745256,0.0,0.109229855,1.2255272,1.0
554,4.7301135,1.4746916,1.4747441,0.37398818,0.0,0.0,1.0,1.0120399,4.7078137,0.0,0.09033512,1.0135337,1.0
555,4.3580985,1.3582608,1.454312,0.4247915,0.0,0.0,1.0,0.5506187,4.164771,0.0,0.10094984,1.1326277,1.0
556,4.5250554,1.3228832,1.3876197,0.6697132,0.0,0.0,1.0,0.5506187,3.9997678,0.0,0.12257245,1.3752272,1.0
557,4.1284328,1.302133,1.3865119,0.5676857,0.0,0.0,1.0,0.67449075,3.9029868,0.0,0.103838295,1.1650354,1.0
558,4.0682263,1.3375611,1.3634347,0.6121879,0.0,0.0,1.0,0.67449075,4.0682263,0.0,0.08771076,0.9840892,0.0
559,4.0361137,1.2828175,1.3679342,0.58097833,0.0,0.0,1.0,0.67449075,3.812898,0.0,0.1040369,1.1672636,1.0
560,4.271082,1.3502631,1.3910472,0.590649,0.0,0.0,1.0,0.67449075,4.1274695,0.0,0.097989395,1.0994124,1.0
561,4.497268,1.3701887,1.3458313,0.5848256,0.0,0.0,1.0,0.67449075,4.220404,0.0,0.105834514,1.1874324,1.0
562,4.507732,1.3857448,1.3670964,0.58425456,0.0,0.0,1.0,0.67449075,4.2929587,0.0,0.10186899,1.1429404,1.0
563,3.934008,1.2876483,1.3043749,0.64106137,0.0,0.0,1.0,0.67449075,3.8354292,0.0,0.09567401,1.0734345,1.0
564,4.2005982,1.3384067,1.3576702,0.6532646,0.0,0.0,1.0,0.67449075,4.0721703,0.0,0.09716017,1.0901088,1.0
565,4.5886154,1.3872548,1.3668319,0.69975996,0.0,0.0,1.0,0.67449075,4.3000016,0.0,0.106221125,1.1917701,1.0
566,4.3622756,1.3595077,1.3513347,0.72297156,0.0,0.0,1.0,0.67449075,4.170587,0.0,0.10083327,1.1313199,1.0
567,4.3991227,1.3377042,1.3595452,0.7237445,0.0,0.0,1.0,0.9013486,4.068894,0.0,0.10979641,1.2318838,1.0
568,4.6214075,1.343477,1.6892699,0.73800826,0.0,0.0,1.0,0.9464783,4.0958185,0.0,0.12180691,1.3666381,1.0
569,4.151985,1.3012146,1.3445858,0.81785196,0.0,0.0,1.0,1.0140226,3.8987033,0.0,0.105672635,1.1856161,1.0
570,4.3906755,1.3442898,1.3361485,0.72725743,0.0,0.0,1.0,1.0140226,4.0996094,0.0,0.10720892,1.2028528,1.0
571,5.460481,1.3409561,1.4994684,0.7736531,0.0,0.0,1.0,1.0140226,4.0840607,0.0,0.17495298,1.9629215,1.0
572,3.2825055,1.1050719,1.1917733,0.570974,0.0,0.0,1.0,1.0140226,2.9838786,0.0,0.11461468,1.2859433,1.0
573,3.4360049,1.1153321,1.1947591,0.55254513,0.0,0.0,1.0,1.0140226,3.031733,0.0,0.12308616,1.3809909,1.0
574,3.7677133,1.1209593,1.1304396,0.7463506,0.0,0.0,1.0,1.0140226,3.0579786,0.0,0.14823219,1.663122,1.0
575,4.1181035,1.2223834,1.2509067,0.6279217,0.0,0.0,1.0,1.0140226,3.5310285,0.0,0.13146809,1.4750336,1.0
576,4.029051,1.1606879,1.1571556,0.72858393,0.0,0.0,1.0,1.0140226,3.2432761,0.0,0.15082595,1.6922232,1.0
577,3.9693244,1.1731877,1.5257158,0.8561688,0.0,0.0,1.0,1.0140226,3.3015761,0.0,0.14063297,1.577861,1.0
578,4.1614313,1.1498525,1.5400485,0.8285947,0.0,0.0,1.0,1.1268622,3.1927388,0.0,0.16639215,1.8668714,1.0
579,4.6814985,1.228729,1.4523231,0.8337297,0.0,0.0,1.0,1.3520371,3.560625,0.0,0.16929312,1.8994194,1.0
580,3.0522974,1.0433046,1.0496788,0.49653783,0.0,0.0,1.0,2.032681,2.695791,0.0,0.122805715,1.3778443,1.0
581,4.2912726,1.1937006,1.3691365,0.82012475,0.0,0.0,1.0,2.032681,3.3972495,0.0,0.15614381,1.7518882,1.0
582,4.6986423,1.1840421,1.3534712,0.97253436,0.0,0.0,1.0,2.032681,3.3522017,0.0,0.19141278,2.1475956,1.0
583,5.303298,1.2245979,1.2859119,0.9784861,0.0,0.0,1.0,3.985089,3.5413573,0.27081594,0.2158275,2.4215217,1.0
584,5.1727805,1.2592434,1.3368428,0.8131992,0.0,0.0,1.0,5.939676,3.7029464,0.5651127,0.19021031,2.1341043,1.0
585,4.589063,1.2717279,1.2446035,0.80036056,0.0,0.0,1.0,6.585841,3.7611754,0.66240406,0.14518179,1.6288974,1.0
586,4.0801153,1.2169012,1.2868637,0.50624543,0.0,0.0,1.0,7.2293878,3.505459,0.7593011,0.13087477,1.4683768,1.0
587,5.0824323,1.322261,1.3865069,0.84708995,0.0,0.0,1.0,5.270344,3.9968655,0.46433324,0.15829402,1.7760128,1.0
588,5.8284216,1.3260865,1.3816793,0.89080614,0.0,0.0,1.0,4.282962,4.014708,0.31566584,0.20417319,2.2907636,1.0
589,6.410317,1.4067829,1.3555167,0.9608249,0.0,0.0,1.0,4.5824375,4.3910823,0.36075708,0.20623122,2.3138542,1.0
590,6.057003,1.4336421,1.3545573,0.8535052,0.0,0.0,1.0,6.3022504,4.516356,0.6197046,0.17599797,1.974646,1.0
591,6.317897,1.3770878,1.4789985,0.76777846,0.0,0.0,1.0,6.7232695,4.252582,0.6830963,0.21280445,2.387604,1.0
592,6.4209733,1.4076748,1.4385184,0.79881185,0.0,0.0,1.0,6.7232695,4.395242,0.6830963,0.20649678,2.3168337,1.0
593,7.5577755,1.5556942,1.4721484,0.8948681,0.0,0.0,1.0,7.1426673,5.085616,0.7462439,0.21291822,2.3888805,1.0
594,5.9991317,1.4940786,1.3857179,0.8542101,0.0,0.0,1.0,7.1426673,4.7982364,0.7462439,0.1528633,1.7150816,1.0
595,7.314852,1.5000285,1.5529454,0.7781601,0.0,0.0,1.0,7.1426673,4.825987,0.7462439,0.22045939,2.47349,1.0
596,8.23616,1.6207678,1.5695826,0.77825993,0.0,0.0,1.0,7.1426673,5.389125,0.7462439,0.22366068,2.5094075,1.0
597,7.827461,1.5402042,1.5664636,0.73223776,0.0,0.0,1.0,7.1426673,5.0133696,0.7462439,0.23207054,2.6037638,1.0
598,7.860632,1.5491014,1.5724874,0.7322379,0.0,0.0,1.0,7.1426673,5.054867,0.7462439,0.23047763,2.585892,1.0
599,7.4767947,1.4941944,1.5261735,0.6763147,0.0,0.0,1.0,5.1927943,4.798776,0.45265684,0.23124175,2.594465,1.0
600,6.7645783,1.4105364,1.4824065,0.82424414,0.0,0.0,1.0,5.1927943,4.408589,0.45265684,0.2252182,2.5268826,1.0
601,6.9432116,1.4469241,1.468213,0.82424414,0.0,0.0,1.0,5.1927943,4.578304,0.45265684,0.22066954,2.475848,1.0
602,6.8269863,1.4340698,1.4657286,0.82424414,0.0,0.0,1.0,5.1927943,4.51835,0.45265684,0.21924347,2.459848,1.0
603,6.5424604,1.4425377,1.5361278,0.81656873,0.0,0.0,1.0,5.1927943,4.557845,0.45265684,0.20001245,2.2440813,1.0
604,6.570015,1.5009867,1.5001265,0.78742784,0.0,0.0,1.0,4.0256534,4.8304563,0.2769236,0.18083562,2.028923,1.0
605,4.6822815,1.2362063,1.3529754,0.74477136,0.0,0.0,1.0,4.0256534,3.5954998,0.2769236,0.16610101,1.8636049,1.0
606,6.0674376,1.3588388,1.4265819,0.7994353,0.0,0.0,1.0,4.0256534,4.167467,0.2769236,0.20522696,2.3025866,1.0
607,4.9086823,1.2727438,1.2905099,0.670979,0.0,0.0,1.0,4.0256534,3.7659135,0.2769236,0.16640376,1.8670017,1.0
608,5.3919263,1.3214208,1.3089252,0.67290163,0.0,0.0,1.0,4.0256534,3.9929466,0.2769236,0.17835015,2.0010366,1.0
609,5.333273,1.2600629,1.2187544,0.30435416,0.0,0.0,1.0,4.0256534,3.706769,0.2769236,0.20086922,2.253694,1.0
610,5.1595006,1.2345022,1.1954387,0.30435416,0.0,0.0,1.0,3.01108,3.5875516,0.12416207,0.20071001,2.2519078,1.0
611,5.0473194,1.2256207,1.1959554,0.4880362,0.0,0.0,1.0,1.7198606,3.5461278,0.0,0.19693221,2.209522,1.0
612,5.0566945,1.2068559,1.1936874,0.2754751,0.0,0.0,1.0,1.1958338,3.4586072,0.0,0.20679452,2.3201742,1.0
613,5.7302146,1.2504367,1.2486155,0.7536807,0.0,0.0,1.0,0.93214333,3.6618712,0.0,0.23296565,2.6138067,1.0
614,5.059494,1.1843811,1.0973593,0.6170054,0.0,0.0,1.0,0.6673136,3.3537831,0.0,0.21864413,2.4531233,1.0
615,4.7460895,1.2181325,1.2263643,0.82746524,0.0,0.0,1.0,0.6673136,3.511202,0.0,0.1786905,2.0048552,1.0
616,5.0159926,1.1848017,1.1582189,0.2882415,0.0,0.0,1.0,0.4037209,3.3557446,0.0,0.2151184,2.4135656,1.0
617,4.91143,1.1749511,1.1438512,0.2882415,0.0,0.0,1.0,0.4037209,3.3098006,0.0,0.21235721,2.382586,1.0
618,4.726593,1.1641397,1.1429156,0.2882415,0.0,0.0,1.0,0.4037209,3.2593756,0.0,0.20376208,2.2861512,1.0
619,4.7406125,1.1542194,1.1407763,0.253257,0.0,0.0,1.0,0.4037209,3.2131064,0.0,0.21019098,2.3582816,1.0
620,4.908403,1.1565763,1.1329796,0.253257,0.0,0.0,1.0,0.4037209,3.224099,0.0,0.22216281,2.492602,1.0
621,5.0736694,1.1604823,1.1218961,0.2882415,0.0,0.0,1.0,0.4037209,3.242317,0.0,0.23296465,2.6137955,1.0
622,4.980151,1.1607752,1.1405694,0.41234306,0.0,0.0,1.0,0.40588033,3.243683,0.0,0.22545491,2.5295384,1.0
623,4.817004,1.1595708,1.1293561,0.34062478,0.0,0.0,1.0,0.67809856,3.2380657,0.0,0.21330266,2.3931937,1.0
624,4.8571305,1.153238,1.1241562,0.35128972,0.0,0.0,1.0,0.67809856,3.2085292,0.0,0.21997476,2.4680526,1.0
625,4.644972,1.1470604,1.1379611,0.3513405,0.0,0.0,1.0,0.67449075,3.179716,0.0,0.20647684,2.3166099,1.0
626,4.630635,1.1496106,1.139528,0.36305928,0.0,0.0,1.0,0.67449075,3.1916108,0.0,0.20394647,2.28822,1.0
627,3.6366653,1.0036899,0.99018604,0.4818093,0.0,0.0,1.0,0.67449075,2.511025,0.0,0.20328496,2.280798,1.0
628,3.284583,1.0052207,0.99753994,0.4272253,0.0,0.0,1.0,0.67449075,2.5181646,0.0,0.16663432,1.8695885,1.0
629,3.4518414,1.0188303,1.0209502,0.49061984,0.0,0.0,1.0,0.67449075,2.581641,0.0,0.17496572,1.9630644,1.0
630,3.642983,1.0776958,1.0703881,0.57271284,0.0,0.0,1.0,1.0140436,2.8561945,0.0,0.15927774,1.7870498,1.0
631,4.296608,1.109283,1.2083993,0.6628824,0.0,0.0,1.0,1.0140436,3.0035193,0.0,0.19876362,2.2300699,1.0
632,3.848476,1.0901539,1.1429096,0.512359,0.0,0.0,1.0,1.0140436,2.9143,0.0,0.17075793,1.9158542,1.0
633,3.4749188,1.0571194,1.1918538,0.7075176,0.0,0.0,1.0,1.0140436,2.7602243,0.0,0.15506548,1.7397895,1.0
634,3.088498,1.0071193,1.12633,0.67279166,0.0,0.0,1.0,1.0140436,2.52702,0.0,0.14571038,1.634828,1.0
635,3.4067016,1.0522263,1.1020248,0.63536817,0.0,0.0,1.0,1.0140436,2.7374027,0.0,0.15139212,1.6985755,1.0
636,4.224065,1.1941365,1.2018785,0.6706335,0.0,0.0,1.0,1.1268871,3.399283,0.0,0.15091659,1.6932402,1.0
637,3.5289876,1.1400537,1.0751029,0.66191745,0.0,0.0,1.0,1.5813712,3.1470366,0.0,0.12003585,1.3467673,1.0
638,3.4414732,1.0564547,1.0222288,0.6171686,0.0,0.0,1.0,1.5813712,2.757124,0.0,0.15233685,1.7091751,1.0
639,3.215787,1.0135808,0.99377704,0.49948716,0.0,0.0,1.0,1.5813712,2.557157,0.0,0.15471838,1.7358952,1.0
640,3.4126613,1.02728,1.0511526,0.47443822,0.0,0.0,1.0,1.5813712,2.621051,0.0,0.16603951,1.8629149,1.0
641,3.2697644,1.0148342,1.0753422,0.46587157,0.0,0.0,1.0,1.5813712,2.5630028,0.0,0.15935104,1.7878722,1.0
642,3.3107846,1.0152174,1.0584092,0.4714148,0.0,0.0,1.0,1.5813712,2.5647902,0.0,0.16319746,1.831028,1.0
643,3.014472,1.0310314,1.0890853,0.5984842,0.0,0.0,1.0,1.5813712,2.6385477,0.0,0.12541041,1.4070683,1.0
644,2.9381635,1.0299948,1.0567374,0.17327029,0.0,0.0,1.0,1.5813712,2.6337132,0.0,0.11856619,1.3302782,1.0
645,4.5646367,1.2050624,1.1818855,0.385454,0.0,0.0,1.0,1.5813712,3.450242,0.0,0.17137963,1.9228295,1.0
646,4.1340737,1.1924357,1.1675068,0.385454,0.0,0.0,1.0,1.5813712,3.3913503,0.0,0.14489943,1.6257293,1.0
647,3.1728733,1.0475254,1.0927174,0.47537795,0.0,0.0,1.0,1.5813712,2.7154772,0.0,0.13202289,1.4812583,1.0
648,3.7770412,1.1639394,1.0870076,0.7403706,0.0,0.0,1.0,1.5813712,3.258441,0.0,0.12965856,1.4547313,1.0
649,3.803418,1.160252,1.0896086,0.61102533,0.0,0.0,1.0,1.5813712,3.241243,0.0,0.13329715,1.4955552,1.0
650,3.7149894,1.1494398,1.14606,0.8226098,0.0,0.0,1.0,1.5813712,3.190814,0.0,0.1309625,1.4693612,1.0
651,4.445416,1.3196648,1.2050653,0.7708158,0.0,0.0,1.0,1.5813712,3.9847567,0.0,0.11856825,1.3303012,1.0
652,3.2205906,1.0899608,1.154929,0.6281081,0.0,0.0,1.0,1.5813712,2.9133992,0.0,0.1159798,1.3012595,1.0
653,3.2208827,1.1062962,1.0932488,0.65645677,0.0,0.0,1.0,1.1922374,2.9895887,0.0,0.108830556,1.2210472,1.0
654,2.8166156,1.020513,1.1161445,0.63537425,0.0,0.0,1.0,0.95679533,2.5894895,0.0,0.11146475,1.250602,1.0
655,3.07671,1.0863302,1.0890849,0.7006559,0.0,0.0,1.0,0.95679533,2.8964658,0.0,0.10497574,1.1777972,1.0
656,2.878331,1.0336357,1.1697134,0.507133,0.0,0.0,1.0,0.9516295,2.6506948,0.0,0.11099802,1.2453654,1.0
657,3.091982,1.0804493,1.1016747,0.7326213,0.0,0.0,1.0,0.94651914,2.8690372,0.0,0.10891731,1.2220205,1.0
658,3.1778073,1.101682,1.2644948,0.46991995,0.0,0.0,1.0,0.94651914,2.9680676,0.0,0.107124105,1.2019012,1.0
659,2.8450217,1.0380464,1.0555998,0.67009777,0.0,0.0,1.0,0.94651914,2.6712663,0.0,0.10569312,1.185846,1.0
660,3.6676939,1.196847,1.1473447,0.41928747,0.0,0.0,1.0,0.94651914,3.4119246,0.0,0.108218566,1.2141808,1.0
661,2.6504667,1.0099311,1.0275427,0.16121288,0.0,0.0,1.0,0.94651914,2.5401344,0.0,0.10018992,1.1241016,1.0
662,2.710465,0.99528,1.0096433,0.32642198,0.0,0.0,1.0,0.94651914,2.4718008,0.0,0.113716915,1.2758707,1.0
663,2.8191886,1.0039086,1.0663363,0.48537847,0.0,0.0,1.0,1.0140651,2.5120451,0.0,0.120264985,1.349338,1.0
664,3.5532293,1.1276865,1.0584021,0.48241374,0.0,0.0,1.0,1.0140651,3.0893548,0.0,0.12736581,1.4290073,1.0
665,3.5858305,1.0716918,1.0368339,0.40550414,0.0,0.0,1.0,1.0140651,2.828191,0.0,0.1573477,1.7653953,1.0
666,3.4012609,1.0451224,1.0324786,0.3894232,0.0,0.0,1.0,1.0140651,2.7042694,0.0,0.15476272,1.7363926,1.0
667,3.174764,1.051715,1.056466,0.4846845,0.0,0.0,1.0,1.0140651,2.735018,0.0,0.13007304,1.4593816,1.0
668,3.059613,1.0519564,1.097582,0.7994399,0.0,0.0,1.0,1.0140651,2.7361438,0.0,0.11923426,1.3377736,1.0
669,3.375302,1.0932484,1.244037,0.8202256,0.0,0.0,1.0,1.0140651,2.9287326,0.0,0.12795816,1.4356533,1.0
670,4.0162263,1.2395731,1.4712247,0.7417516,0.0,0.0,1.0,0.6818819,3.6112027,0.0,0.11769022,1.32045,1.0
671,3.7121985,1.1864592,1.1901352,0.5541273,0.0,0.0,1.0,0.67449075,3.3634753,0.0,0.11553123,1.2962267,1.0
672,4.099716,1.2405591,1.256078,0.55723256,0.0,0.0,1.0,0.67449075,3.6158016,0.0,0.123210035,1.3823807,1.0
673,4.320355,1.2379549,1.2158253,0.76879305,0.0,0.0,1.0,0.67449075,3.603655,0.0,0.1397748,1.5682325,1.0
674,4.336361,1.1183294,1.4626875,0.907462,0.0,0.0,1.0,0.67449075,3.0457127,0.0,0.19704078,2.21074,1.0
675,5.013605,1.2954817,1.5730748,0.76759225,0.0,0.0,1.0,0.67449075,3.8719647,0.0,0.16421303,1.8424224,1.0
676,6.2924514,1.5263134,1.4385792,0.7806295,0.0,0.0,1.0,0.67449075,4.948582,0.0,0.15828437,1.7759044,1.0
677,4.466893,1.2861078,1.2815739,0.45391443,0.0,0.0,1.0,0.67449075,3.828244,0.0,0.13161169,1.4766448,1.0
678,3.5968776,1.1102937,1.4226524,0.82079464,0.0,0.0,1.0,0.67449075,3.0082338,0.0,0.13895892,1.5590786,1.0
679,6.258415,1.6756973,1.4793825,0.8115067,0.0,0.0,1.0,0.67449075,5.64532,0.0,0.11678491,1.3102926,1.0
680,6.119635,1.6633552,1.4713049,0.8115067,0.0,0.0,1.0,0.67449075,5.5877557,0.0,0.113368526,1.2719618,1.0
681,5.788259,1.6589361,1.5862612,0.8087234,0.0,0.0,1.0,5.9359746,5.567145,0.56455547,0.09924312,1.1134789,1.0
682,4.499655,1.2636858,1.3814634,0.7443826,0.0,0.0,1.0,7.2239914,3.7236664,0.7584886,0.14219713,1.5954103,1.0
683,5.5201964,1.5064647,1.39909,0.77908415,0.0,0.0,1.0,7.863994,4.856006,0.8548521,0.1239597,1.3907917,1.0
684,6.1071553,1.5146631,1.6006037,0.73524904,0.0,0.0,1.0,17.677244,4.8942437,2.3324063,0.15223825,1.7080688,1.0
685,16.0,1.3302761,1.3760774,0.7429594,0.0,0.0,1.0,13750.824,4.034249,20.0,0.11996936,1.3460213,1.0
686,16.0,1.3389356,1.4927847,0.8614726,0.0,0.0,1.0,14637.0,4.0746374,20.0,0.14328773,1.6076466,1.0
687,16.0,1.345453,1.4755757,0.71357876,0.0,0.0,1.0,14637.0,4.105035,20.0,0.118168935,1.325821,1.0
688,16.0,1.3940625,1.4127957,0.7964588,0.0,0.0,1.0,15519.659,4.3317533,20.0,0.10876871,1.2203532,1.0
689,16.0,1.4813143,1.5859371,0.8040561,0.0,0.0,1.0,15519.659,4.738703,20.0,0.12816,1.4379178,1.0
690,16.0,1.4057478,1.6669723,0.6971521,0.0,0.0,1.0,16398.848,4.3862543,20.0,0.11209596,1.257684,1.0
691,16.0,1.3719897,1.6123034,0.71897894,0.0,0.0,1.0,16398.848,4.228804,20.0,0.12300743,1.3801075,1.0
692,16.0,1.5940658,1.5670154,0.5168573,0.0,0.0,1.0,17274.617,5.264584,20.0,0.14428402,1.6188247,1.0
693,16.0,1.5906026,1.5884256,0.84859747,0.0,0.0,1.0,17274.617,5.2484317,20.0,0.14627782,1.6411945,1.0
694,16.0,1.5286223,1.5806503,0.82277334,0.0,0.0,1.0,17274.617,4.9593506,20.0,0.11919875,1.3373752,1.0
695,16.0,1.8669782,1.8286961,0.6143115,0.0,0.0,1.0,17274.617,6.537469,20.0,0.13457069,1.509844,1.0
696,16.0,1.3152397,1.7679057,0.6654311,0.0,0.0,1.0,17274.617,3.9641175,20.0,0.13397154,1.5031216,1.0
697,16.0,1.2016966,1.4836581,0.79622436,0.0,0.0,1.0,17274.617,3.4345438,20.0,0.1242026,1.393517,1.0
698,16.0,1.1710509,1.716368,0.838943,0.0,0.0,1.0,17274.617,3.2916098,20.0,0.11321821,1.2702754,1.0
699,16.0,1.2646731,1.7002008,0.8104224,0.0,0.0,1.0,17274.617,3.728271,20.0,0.09889726,1.1095985,1.0
700,16.0,1.2813779,1.6625926,0.7971082,0.0,0.0,1.0,17274.617,3.8061836,20.0,0.111033075,1.2457588,1.0
701,16.0,1.2801679,1.6826638,0.7459231,0.0,0.0,1.0,17274.617,3.8005402,20.0,0.10800513,1.211786,1.0
702,16.0,1.2518296,1.5915363,0.86197466,0.0,0.0,1.0,17274.617,3.668368,20.0,0.10125924,1.1360991,1.0
703,16.0,1.5054394,1.4043137,0.8184782,0.0,0.0,1.0,17274.617,4.851224,20.0,0.09947567,1.116088,1.0
704,16.0,1.3641212,1.394712,0.8905172,0.0,0.0,1.0,17274.617,4.192105,20.0,0.096545085,1.0832077,1.0
705,16.0,1.4853232,1.4884127,0.823264,0.0,0.0,1.0,17274.617,4.7574005,20.0,0.090121016,1.0111315,1.0
706,16.0,1.423769,1.4066526,0.8671434,0.0,0.0,1.0,17274.617,4.470307,20.0,0.105065316,1.1788023,1.0
707,16.0,1.4761945,1.5197304,0.8160946,0.0,0.0,1.0,17274.617,4.7148232,20.0,0.12685326,1.4232566,1.0
708,16.0,1.4139718,1.3755267,0.76277757,0.0,0.0,1.0,17274.617,4.4246116,20.0,0.11111381,1.2466645,1.0
709,16.0,1.3816321,1.4090501,0.7308945,0.0,0.0,1.0,17274.617,4.273777,20.0,0.12850237,1.4417591,1.0
710,16.0,1.2356699,1.3590713,0.6549467,0.0,0.0,1.0,10169.903,3.5929976,20.0,0.10681628,1.1984475,1.0
711,16.0,1.2666728,1.3144503,0.8159453,0.0,0.0,1.0,8356.982,3.737598,20.0,0.14728022,1.6524411,1.0
712,16.0,1.1831987,1.3121154,0.5035704,0.0,0.0,1.0,7444.72,3.348268,20.0,0.11192647,1.2557824,1.0
713,16.0,1.2255125,1.310028,0.7256913,0.0,0.0,1.0,6528.5166,3.545623,20.0,0.13650712,1.5315702,1.0
714,16.0,1.3389411,1.324848,0.7386735,0.0,0.0,1.0,5608.316,4.0746627,20.0,0.11879039,1.3327936,1.0
715,16.0,1.0976995,1.2271645,0.7581951,0.0,0.0,1.0,5608.316,2.9494932,20.0,0.12765317,1.4322313,1.0
716,16.0,1.305658,1.2462422,0.6904646,0.0,0.0,1.0,4684.063,3.9194276,20.0,0.12833458,1.4398767,1.0
717,16.0,1.3193632,1.3515431,0.7180116,0.0,0.0,1.0,4684.063,3.98335,20.0,0.11511794,1.2915897,1.0
718,16.0,1.3522701,1.3573579,0.57375574,0.0,0.0,1.0,4684.063,4.1368303,20.0,0.12485599,1.4008478,1.0
719,16.0,1.2306888,1.4590737,0.826657,0.0,0.0,1.0,4684.063,3.5697656,20.0,0.11967906,1.3427643,1.0
720,16.0,1.1966519,1.2032031,0.75114584,0.0,0.0,1.0,3755.7004,3.411015,20.0,0.12652403,1.4195628,1.0
721,16.0,1.3119509,1.3929965,0.68170416,0.0,0.0,1.0,3755.7004,3.9487784,20.0,0.13577569,1.5233636,1.0
722,16.0,1.4432949,1.3570434,0.7224578,0.0,0.0,1.0,3755.7004,4.561377,20.0,0.1640359,1.840435,1.0
723,16.0,1.3709496,1.43212,0.6257752,0.0,0.0,1.0,3755.7004,4.2239532,20.0,0.17466548,1.9596958,1.0
724,16.0,1.3451805,1.3401017,0.6916946,0.0,0.0,1.0,3755.7004,4.103764,20.0,0.17613947,1.9762336,1.0
725,16.0,1.3651454,1.3625156,0.67169726,0.0,0.0,1.0,2823.1707,4.196882,20.0,0.13243778,1.4859133,1.0
726,16.0,1.3188372,1.4593987,0.8292049,0.0,0.0,1.0,2823.1707,3.9808965,20.0,0.14081,1.5798471,1.0
727,16.0,1.2314104,1.2937658,0.82295376,0.0,0.0,1.0,2823.1707,3.573131,20.0,0.1378811,1.5469857,1.0
728,4.486604,1.1349165,1.3700534,0.806893,0.0,0.0,1.0,0.67449075,3.1230764,0.0,0.20031016,2.2474215,1.0
729,6.191701,1.4301581,1.4184382,0.74447286,0.0,0.0,1.0,0.44862777,4.5001063,0.0,0.18485355,2.074003,1.0
730,5.1894665,1.3577583,1.3915298,0.57441205,0.0,0.0,1.0,0.44862777,4.1624274,0.0,0.1519623,1.7049726,1.0
731,5.5697203,1.3644099,1.3695209,0.73703283,0.0,0.0,1.0,0.44862777,4.1934514,0.0,0.17270495,1.9376992,1.0
732,5.8093147,1.4138496,1.5554204,0.70839304,0.0,0.0,1.0,0.67449075,4.4240417,0.0,0.16886708,1.8946395,1.0
733,4.89353,1.336452,1.3943139,0.57038933,0.0,0.0,1.0,0.67449075,4.0630536,0.0,0.1411794,1.5839918,1.0
734,4.0750437,1.1275795,1.2819415,0.8013445,0.0,0.0,1.0,0.67449075,3.0888555,0.0,0.170433,1.9122086,1.0
735,4.94643,1.3439889,1.3962619,0.6800333,0.0,0.0,1.0,0.67449075,4.098206,0.0,0.14183575,1.5913558,1.0
736,4.137289,1.1893092,1.3278843,0.59727263,0.0,0.0,1.0,0.67449075,3.376768,0.0,0.14648241,1.64349,1.0
737,3.8517728,1.1558484,1.2224414,0.64509857,0.0,0.0,1.0,0.67449075,3.220704,0.0,0.13902606,1.5598319,1.0
738,4.103712,1.2067777,1.4244006,0.7896894,0.0,0.0,1.0,0.67449075,3.4582424,0.0,0.1366592,1.5332764,1.0
739,4.1141853,1.1924819,1.3669696,0.7567935,0.0,0.0,1.0,0.67449075,3.3915656,0.0,0.14338638,1.6087534,1.0
740,3.5434997,1.1369582,1.1316602,0.6474626,0.0,0.0,1.0,0.67449075,3.1325989,0.0,0.12253167,1.3747696,1.0
741,3.0930018,0.9964037,1.2194332,0.81690866,0.0,0.0,1.0,0.67449075,2.4770415,0.0,0.1524531,1.7104793,1.0
742,4.1496634,1.1809957,1.184055,0.5910858,0.0,0.0,1.0,0.67449075,3.3379931,0.0,0.15105084,1.6947464,1.0
743,3.185804,1.0621357,1.2381815,0.6645856,0.0,0.0,1.0,0.67449075,2.7836208,0.0,0.12592179,1.4128058,1.0
744,4.469596,1.3276798,1.5762409,0.34225333,0.0,0.0,1.0,0.67449075,4.022139,0.0,0.11745875,1.317853,1.0
745,4.6726,1.3687884,1.5828722,0.34225333,0.0,0.0,1.0,0.67449075,4.213873,0.0,0.11685076,1.3110316,1.0
746,3.7947183,1.2489179,1.6169463,0.48344344,0.0,0.0,1.0,0.6790639,3.6547878,0.0,0.09887879,1.1093912,1.0
747,3.420364,1.1779705,1.4388037,0.59805506,0.0,0.0,1.0,0.68369955,3.3238835,0.0,0.09652056,1.0829326,1.0
748,3.501332,1.1604373,1.2790127,0.73752934,0.0,0.0,1.0,0.68369955,3.2421074,0.0,0.109489866,1.2284443,1.0
749,3.1970649,1.1197429,1.1103667,0.60214895,0.0,0.0,1.0,0.68369955,3.0523052,0.0,0.10120618,1.1355039,1.0
750,3.3613286,1.1286539,1.1268057,0.70343375,0.0,0.0,1.0,0.9137126,3.0938668,0.0,0.11114345,1.2469971,1.0
751,3.1918972,1.1193446,1.0961268,0.48052627,0.0,0.0,1.0,0.9137126,3.0504475,0.0,0.10093722,1.1324862,1.0
752,3.6568348,1.1625705,1.1566561,0.65120393,0.0,0.0,1.0,0.9137126,3.2520564,0.0,0.120825246,1.3556241,1.0
753,3.7178845,1.190268,1.3611718,0.6437971,0.0,0.0,1.0,0.9137126,3.3812401,0.0,0.11448282,1.2844639,1.0
754,3.3362765,1.1433239,1.1882635,0.62677974,0.0,0.0,1.0,0.9137126,3.162289,0.0,0.10313981,1.1571987,1.0
755,3.3658962,1.1302483,1.109523,0.6373871,0.0,0.0,1.0,0.9137126,3.1013033,0.0,0.1108551,1.2437619,1.0
756,3.1079674,1.1031532,1.1168056,0.37398818,0.0,0.0,1.0,0.9137126,2.9749298,0.0,0.100516886,1.1277702,1.0
757,3.3234758,1.1052532,1.1280044,0.590649,0.0,0.0,1.0,0.9137126,2.9847243,0.0,0.118030846,1.3242717,1.0
758,3.0138288,1.0863943,1.1086762,0.46759138,0.0,0.0,1.0,0.9137126,2.8967648,0.0,0.09941992,1.1154625,1.0
759,3.7431424,1.1665573,1.1931707,0.81148684,0.0,0.0,1.0,0.9137126,3.2706513,0.0,0.12591718,1.412754,1.0
760,3.0128388,1.046465,1.1035166,0.5868184,0.0,0.0,1.0,0.9137126,2.7105317,0.0,0.11753057,1.3186587,1.0
761,3.0573232,1.0154637,1.1061453,0.50411546,0.0,0.0,1.0,0.9137126,2.565939,0.0,0.1378958,1.5471506,1.0
762,2.8948994,1.0113233,1.0933242,0.61728746,0.0,0.0,1.0,0.9137126,2.546628,0.0,0.1239548,1.3907368,1.0
763,2.8163493,1.0005233,1.0718025,0.5868184,0.0,0.0,1.0,0.9137126,2.4962559,0.0,0.121783,1.3663698,1.0
764,2.7890203,1.0007052,1.042203,0.628987,0.0,0.0,1.0,0.94654,2.4971044,0.0,0.11889836,1.334005,1.0
765,3.1273265,1.0290513,1.1477422,0.69506234,0.0,0.0,1.0,1.014087,2.6293125,0.0,0.13736247,1.5411668,1.0
766,4.430857,1.2771782,1.2610242,0.7607608,0.0,0.0,1.0,1.014087,3.7865956,0.0,0.13245636,1.4861218,1.0
767,4.369446,1.2686017,1.2442054,0.7443413,0.0,0.0,1.0,1.014087,3.7465942,0.0,0.13146377,1.4749851,1.0
768,3.680864,1.168257,1.2237314,0.64338094,0.0,0.0,1.0,1.014087,3.2785788,0.0,0.120375216,1.3505749,1.0
769,3.1742456,0.99404633,1.4700395,0.74275273,0.0,0.0,1.0,1.014087,2.4660466,0.0,0.16226037,1.8205141,1.0
770,3.5784261,1.1316493,1.0984268,0.61677915,0.0,0.0,1.0,1.014087,3.1078374,0.0,0.12768857,1.4326285,1.0
771,3.236725,1.0074953,1.1097844,0.56891036,0.0,0.0,1.0,1.014087,2.5287735,0.0,0.1604214,1.7998813,1.0
772,2.9964423,1.0511103,1.3759853,0.73008496,0.0,0.0,1.0,1.1269385,2.7321973,0.0,0.11375779,1.2763293,1.0
773,2.8987162,0.9975623,1.4868364,0.7824021,0.0,0.0,1.0,1.3521231,2.4824455,0.0,0.13183069,1.479102,1.0
774,4.2891755,1.2501029,1.3965913,0.81848425,0.0,0.0,1.0,1.3521231,3.6603143,0.0,0.13287976,1.4908723,1.0
775,2.738816,0.92353785,0.9478593,0.7465235,0.0,0.0,1.0,1.3521231,2.1371896,0.0,0.16081485,1.8042958,1.0
776,2.8832076,0.9433671,1.1418377,0.8078757,0.0,0.0,1.0,1.3521231,2.2296748,0.0,0.16376966,1.8374479,1.0
777,2.9075587,0.9455887,1.0483423,0.6190143,0.0,0.0,1.0,1.3521231,2.2400365,0.0,0.16501477,1.8514177,1.0
778,4.00176,1.1388648,1.1152452,0.7536784,0.0,0.0,1.0,4.6370215,3.1414912,0.36897564,0.15886351,1.7824024,1.0
779,3.7677722,1.0933849,1.1924199,0.58415616,0.0,0.0,1.0,4.6265526,2.9293692,0.36739936,0.16201237,1.8177316,1.0
780,3.7046087,1.0950352,1.3242686,0.72786826,0.0,0.0,1.0,7.861864,2.9370666,0.85453135,0.15567747,1.7466558,1.0
781,5.8275857,1.501279,1.5403957,0.7926472,0.0,0.0,1.0,8.498899,4.8318195,0.95044804,0.14160925,1.5888145,1.0
782,4.44367,1.2575506,1.2404197,0.7838182,0.0,0.0,1.0,9.1333275,3.6950512,1.0459721,0.14072186,1.5788583,1.0
783,4.4017105,1.2580577,1.3229264,0.6793016,0.0,0.0,1.0,9.765183,3.6974163,1.141109,0.13763607,1.5442365,1.0
784,4.6380215,1.3282238,1.3153387,0.81826216,0.0,0.0,1.0,10.394504,4.024677,1.2358639,0.12793711,1.435417,1.0
785,4.638111,1.3025473,1.4500316,0.6757751,0.0,0.0,1.0,10.394504,3.9049194,1.2358639,0.13694297,1.5364602,1.0
786,3.9413514,1.1687549,1.4536295,0.6828712,0.0,0.0,1.0,11.021326,3.2809012,1.3302429,0.14039108,1.575147,1.0
787,4.63714,1.3158259,1.5288811,0.6204592,0.0,0.0,1.0,11.021326,3.966852,1.3302429,0.13215832,1.4827778,1.0
788,6.1357327,1.6325352,1.625631,0.4179694,0.0,0.0,1.0,11.645684,5.444009,1.4242508,0.12148558,1.3630328,1.0
789,6.2060323,1.5123076,1.5363064,0.4920113,0.0,0.0,1.0,11.645684,4.883258,1.4242508,0.15810941,1.7739415,1.0
790,5.7996974,1.5093069,1.574605,0.60154194,0.0,0.0,1.0,12.267613,4.869262,1.517893,0.13778903,1.5459527,1.0
791,5.6609945,1.5276493,1.6128869,0.5246702,0.0,0.0,1.0,12.267613,4.9548125,1.517893,0.12542328,1.4072127,1.0
792,5.7864203,1.6094437,1.6055872,0.5109167,0.0,0.0,1.0,12.267613,5.336308,1.517893,0.1106087,1.2409973,1.0
793,6.14284,1.6643016,1.6680652,0.56567985,0.0,0.0,1.0,12.267613,5.59217,1.517893,0.11420505,1.2813474,1.0
794,3.2418582,1.0364194,1.5593356,0.67715013,0.0,0.0,1.0,12.267613,2.663678,1.517893,0.14440429,1.620174,1.0
795,3.0015256,1.015453,1.3267257,0.8607091,0.0,0.0,1.0,12.267613,2.565889,1.517893,0.13236402,1.4850857,1.0
796,3.4968777,1.1122305,1.3970814,0.7605078,0.0,0.0,1.0,12.267613,3.017267,1.517893,0.12960747,1.4541581,1.0
797,3.7761629,1.1338664,1.4754434,0.77324677,0.0,0.0,1.0,12.267613,3.1181786,1.517893,0.14286484,1.6029018,1.0
798,3.3288193,1.1300387,1.3514657,0.8532266,0.0,0.0,1.0,12.267613,3.1003258,1.517893,0.10789683,1.2105709,1.0
799,3.2877443,1.079192,1.3681122,0.8807326,0.0,0.0,1.0,12.267613,2.863173,1.517893,0.12689072,1.4236768,1.0
800,4.4523373,1.3120419,1.5337255,0.73555475,0.0,0.0,1.0,12.267613,3.9492028,1.517893,0.12157221,1.3640047,1.0
801,3.9940624,1.2304876,1.4328512,0.907359,0.0,0.0,1.0,12.267613,3.5688272,1.517893,0.11947158,1.3404363,1.0
802,4.3506966,1.2906644,1.3638622,0.8536709,0.0,0.0,1.0,12.267613,3.8494966,1.517893,0.12228453,1.3719968,1.0
803,3.972432,1.2239449,1.3361511,0.8196076,0.0,0.0,1.0,12.267613,3.5383115,1.517893,0.12037273,1.350547,1.0
804,3.8225987,1.1986339,1.3177514,0.7676684,0.0,0.0,1.0,12.267613,3.420259,1.517893,0.11908491,1.336098,1.0
805,3.7407918,1.160087,1.3261023,0.7421896,0.0,0.0,1.0,12.267613,3.2404733,1.517893,0.12844661,1.4411335,1.0
806,3.3581142,1.1227754,1.1337022,0.7674877,0.0,0.0,1.0,12.267613,3.0664492,1.517893,0.113350265,1.2717569,1.0
807,3.4897068,1.0931454,1.1190436,0.82272273,0.0,0.0,1.0,7.2221828,2.9282522,0.7582163,0.13795546,1.5478201,1.0
808,3.3090303,1.0618985,1.0647259,0.7351892,0.0,0.0,1.0,5.934733,2.7825143,0.5643685,0.13731526,1.5406371,1.0
809,3.5862525,1.062823,1.2229246,0.68763536,0.0,0.0,1.0,5.286887,2.7868266,0.46682414,0.16217859,1.8195965,1.0
810,3.5547807,1.0741706,1.120605,0.6439579,0.0,0.0,1.0,4.636243,2.8397524,0.3688584,0.1532488,1.719407,1.0
811,3.7137377,1.0820382,1.0252795,0.5529213,0.0,0.0,1.0,3.98276,2.8764474,0.27046525,0.1632548,1.8316712,1.0
812,3.7471092,1.129613,1.2634364,0.67548525,0.0,0.0,1.0,3.3263993,3.0983403,0.17163883,0.14245147,1.598264,1.0
813,3.5413344,1.1387928,1.2686278,0.59596556,0.0,0.0,1.0,3.3263993,3.1411552,0.17163883,0.12157147,1.3639964,1.0
814,2.9742343,1.0276712,1.2561859,0.6097986,0.0,0.0,1.0,3.3263993,2.6228757,0.17163883,0.12324213,1.3827409,1.0
815,3.1179497,1.0297252,1.0944957,0.6157654,0.0,0.0,1.0,3.3263993,2.6324556,0.17163883,0.13609375,1.5269322,1.0
816,3.8297732,1.1407347,1.2165253,0.5367105,0.0,0.0,1.0,2.6671205,3.1502125,0.07237302,0.14406255,1.6163398,1.0
817,4.5485272,1.231617,1.2437867,0.6813517,0.0,0.0,1.0,2.6671205,3.5740948,0.07237302,0.1585571,1.7789645,1.0
818,4.4562325,1.2352777,1.197658,0.90312093,0.0,0.0,1.0,2.6671205,3.5911684,0.07237302,0.15047158,1.6882473,1.0
819,4.5108223,1.2667185,1.3483725,0.8593642,0.0,0.0,1.0,2.6671205,3.737811,0.07237302,0.14179347,1.5908815,1.0
820,4.541481,1.2910848,1.3007597,0.7058599,0.0,0.0,1.0,2.0048819,3.851457,0.0,0.13475247,1.5118834,1.0
821,4.636775,1.3026536,1.275892,0.73675585,0.0,0.0,1.0,2.0048819,3.9054148,0.0,0.13681749,1.5350523,1.0
822,3.6696708,1.1282606,1.110233,0.70504934,0.0,0.0,1.0,2.0048819,3.0920327,0.0,0.13670205,1.5337571,1.0
823,4.226579,1.1530106,1.2780565,0.77404547,0.0,0.0,1.0,2.0048819,3.2074685,0.0,0.1700402,1.9078015,1.0
824,6.4535046,1.4265922,1.3930253,0.53572047,0.0,0.0,1.0,2.0048819,4.4834747,0.0,0.20102331,2.255423,1.0
825,5.338783,1.3251191,1.3202071,0.7130504,0.0,0.0,1.0,0.403199,4.010196,0.0,0.17349626,1.9465775,1.0
826,5.603802,1.3094909,1.3305168,0.7270796,0.0,0.0,1.0,0.33569264,3.937305,0.0,0.19691327,2.2093096,1.0
827,5.9252567,1.3899841,1.3548234,0.70867884,0.0,0.0,1.0,0.5046981,4.3127313,0.0,0.18434371,2.0682826,1.0
828,5.6855125,1.3733022,1.3000587,0.74017465,0.0,0.0,1.0,0.5046981,4.2349257,0.0,0.17635533,1.9786555,1.0
829,5.3447895,1.3129183,1.3157009,0.64418685,0.0,0.0,1.0,0.5046981,3.9532905,0.0,0.17876323,2.0056713,1.0
830,5.5857244,1.3231715,1.2897196,0.74017465,0.0,0.0,1.0,0.5046981,4.001112,0.0,0.18998277,2.1315513,1.0
831,5.037903,1.2542539,1.2663175,0.64785594,0.0,0.0,1.0,0.5046981,3.6796749,0.0,0.18312581,2.0546181,1.0
832,4.6174293,1.2171392,1.2231729,0.6336838,0.0,0.0,1.0,0.5046981,3.5065694,0.0,0.1698017,1.9051256,1.0
833,3.8434036,1.0931835,1.2208009,0.7888767,0.0,0.0,1.0,0.5046981,2.9284303,0.0,0.16869418,1.8926996,1.0
834,3.3762267,1.0296446,1.0267857,0.68768793,0.0,0.0,1.0,0.5046981,2.6320798,0.0,0.16112514,1.807777,1.0
835,3.25481,1.0338666,1.0944424,0.6041263,0.0,0.0,1.0,0.5046981,2.6517718,0.0,0.14703964,1.6497419,1.0
836,3.2628498,1.0248977,1.0139798,0.74879265,0.0,0.0,1.0,0.5046981,2.6099398,0.0,0.15283383,1.7147511,1.0
837,2.9829342,0.9916252,1.0663842,0.5075963,0.0,0.0,1.0,0.5046981,2.4547544,0.0,0.14392178,1.6147604,1.0
838,3.2283814,1.0004606,1.0926499,0.7317601,0.0,0.0,1.0,0.5046981,2.4959633,0.0,0.16385481,1.8384032,1.0
839,4.0594587,1.1627995,1.1045702,0.7295023,0.0,0.0,1.0,0.5046981,3.2531245,0.0,0.15224856,1.7081845,1.0
840,3.8986578,1.1400186,1.1160446,0.68733007,0.0,0.0,1.0,0.5046981,3.1468728,0.0,0.14996547,1.6825688,1.0
841,4.02225,1.149069,1.1339439,0.76594204,0.0,0.0,1.0,0.67449075,3.1890843,0.0,0.15565862,1.7464443,1.0
842,3.968791,1.1664052,1.1195146,0.7310049,0.0,0.0,1.0,0.6805885,3.2699418,0.0,0.1435533,1.6106262,1.0
843,3.8296769,1.1598665,1.1101266,0.7202927,0.0,0.0,1.0,0.779602,3.2394447,0.0,0.13552722,1.520576,1.0
844,3.692613,1.1539254,1.1431584,0.33259928,0.0,0.0,1.0,0.90140575,3.2117352,0.0,0.12725699,1.4277864,1.0
845,3.7332258,1.1609851,1.1495953,0.5213314,0.0,0.0,1.0,0.90140575,3.2446623,0.0,0.12747328,1.4302131,1.0
846,3.338375,1.1374769,1.1437808,0.3984147,0.0,0.0,1.0,0.90140575,3.135018,0.0,0.105647326,1.1853322,1.0
847,3.3385563,1.1603016,1.149783,0.4656102,0.0,0.0,1.0,0.90140575,3.2414742,0.0,0.09675578,1.0855716,1.0
848,3.6809528,1.1721765,1.1725421,0.590649,0.0,0.0,1.0,0.90140575,3.2968595,0.0,0.11879676,1.332865,1.0
849,3.8364115,1.1465799,1.1285197,0.6348551,0.0,0.0,1.0,0.90140575,3.177475,0.0,0.14193834,1.5925069,1.0
850,3.4729881,1.1911974,1.1859628,0.40120795,0.0,0.0,1.0,0.90140575,3.3855746,0.0,0.0957039,1.0737699,1.0
851,3.4641087,1.1124368,1.1269586,0.5242108,0.0,0.0,1.0,0.90140575,3.018229,0.0,0.12674864,1.4220828,1.0
852,3.631037,1.1408664,1.1743901,0.47695997,0.0,0.0,1.0,0.90140575,3.150827,0.0,0.12794009,1.4354506,1.0
853,3.5816326,1.1339117,1.1556029,0.38422254,0.0,0.0,1.0,0.90140575,3.1183898,0.0,0.1269582,1.4244341,1.0
854,3.4608579,1.1170967,1.2102525,0.60008544,0.0,0.0,1.0,0.90140575,3.039963,0.0,0.12438672,1.3955828,1.0
855,3.340433,1.0949198,1.1277187,0.60334307,0.0,0.0,1.0,0.90140575,2.9365284,0.0,0.12415521,1.3929852,1.0
856,3.3317018,1.0608784,1.1118559,0.58681834,0.0,0.0,1.0,0.90140575,2.7777567,0.0,0.13991241,1.5697765,1.0
857,3.2922041,1.0403742,1.1045988,0.4961022,0.0,0.0,1.0,0.90140575,2.6821232,0.0,0.14705296,1.6498914,1.0
858,2.7523634,0.98936725,1.071534,0.33259928,0.0,0.0,1.0,0.90140575,2.4442232,0.0,0.121232815,1.3601968,1.0
859,2.8045545,0.9815654,1.0574037,0.590649,0.0,0.0,1.0,0.90140575,2.4078348,0.0,0.13108617,1.4707487,1.0
860,2.7304475,0.9652342,1.0435351,0.41599974,0.0,0.0,1.0,0.94654,2.3316648,0.0,0.13268214,1.488655,1.0
861,2.6070542,0.9403015,1.0253766,0.41599974,0.0,0.0,1.0,1.014087,2.2153764,0.0,0.13415161,1.505142,1.0
862,3.053747,1.003712,1.1488174,0.5812912,0.0,0.0,1.0,1.014087,2.5111284,0.0,0.1441559,1.6173873,1.0
863,3.2521045,1.0335575,1.091199,0.726486,0.0,0.0,1.0,1.014087,2.65033,0.0,0.14694968,1.6487325,1.0
864,7.2064095,1.6450433,1.5178497,0.6035637,0.0,0.0,1.0,1.014087,5.502347,0.0,0.16799453,1.8848497,1.0
865,3.1356673,0.98588294,1.1001735,0.5875032,0.0,0.0,1.0,1.014087,2.427972,0.0,0.16335435,1.8327882,1.0
866,3.6006155,1.117214,1.153191,0.39220104,0.0,0.0,1.0,1.014087,3.0405102,0.0,0.13603976,1.5263265,1.0
867,3.0522895,0.9962428,1.0219165,0.69754744,0.0,0.0,1.0,1.014087,2.4762912,0.0,0.1483627,1.6645862,1.0
868,3.0482428,0.99786586,1.2889736,0.6065394,0.0,0.0,1.0,1.1269385,2.4838612,0.0,0.14699121,1.6491985,1.0
869,3.346208,1.0318811,1.0967406,0.7803608,0.0,0.0,1.0,0.6807304,2.642511,0.0,0.15694287,1.7608533,1.0
870,3.8338616,1.0900626,1.3870701,0.6527607,0.0,0.0,1.0,0.6807304,2.9138741,0.0,0.16952987,1.9020758,1.0
871,3.6180317,1.0391976,1.0958152,0.70913047,0.0,0.0,1.0,0.6807304,2.6766355,0.0,0.17869288,2.004882,1.0
872,3.7723818,1.0465409,1.4329792,0.7252504,0.0,0.0,1.0,0.6807304,2.7108853,0.0,0.18884325,2.1187663,1.0
873,3.481,1.0201508,1.0802811,0.40595263,0.0,0.0,1.0,0.6807304,2.5877998,0.0,0.17702474,1.986166,1.0
874,3.8617594,1.1467533,1.4938058,0.61021924,0.0,0.0,1.0,0.67449075,3.178284,0.0,0.14389105,1.6144156,1.0
875,4.2651553,1.172725,1.1817852,0.277201,0.0,0.0,1.0,4.636243,3.2994177,0.3688584,0.16366592,1.8362839,1.0
876,4.551112,1.1596291,1.2423503,0.48795146,0.0,0.0,1.0,6.5798187,3.2383378,0.6614973,0.19236182,2.1582434,1.0
877,4.099297,1.163135,1.2468349,0.57059735,0.0,0.0,1.0,7.861864,3.2546897,0.85453135,0.1552128,1.7414424,1.0
878,5.068386,1.3246341,1.268391,0.5808206,0.0,0.0,1.0,8.498899,4.0079336,0.95044804,0.15650736,1.7559669,1.0
879,6.361693,1.4792693,1.376512,0.7398099,0.0,0.0,1.0,9.1333275,4.729164,1.0459721,0.17703655,1.9862986,1.0
880,5.076611,1.38174,1.3987935,0.48438695,0.0,0.0,1.0,9.765183,4.27428,1.141109,0.13693032,1.5363183,1.0
881,5.7407517,1.4250233,1.363948,0.8619884,0.0,0.0,1.0,9.765183,4.476157,1.141109,0.16107318,1.8071941,1.0
882,5.432566,1.3967909,1.4264756,0.63400054,0.0,0.0,1.0,10.394504,4.3444786,1.2358639,0.1529077,1.7155799,1.0
883,5.4005804,1.3586943,1.4657639,0.5383264,0.0,0.0,1.0,10.394504,4.1667933,1.2358639,0.16453187,1.8459997,1.0
884,6.3625946,1.5383031,1.5525912,0.2732274,0.0,0.0,1.0,11.021326,5.004503,1.3302429,0.15823533,1.7753543,1.0
885,6.527131,1.536573,1.5528814,0.277201,0.0,0.0,1.0,11.645684,4.9964337,1.4242508,0.16714413,1.8753085,1.0
886,6.609822,1.5675563,1.5838194,0.277201,0.0,0.0,1.0,11.645684,5.1409416,1.4242508,0.16188912,1.8163488,1.0
887,7.150419,1.6032939,1.6164632,0.277201,0.0,0.0,1.0,11.645684,5.307625,1.4242508,0.17754409,1.991993,1.0
888,7.2815304,1.634536,1.649752,0.277201,0.0,0.0,1.0,23.965858,5.4533405,3.2792659,0.1744996,1.9578347,1.0
889,16.0,1.6785945,1.670029,0.277201,0.0,0.0,1.0,17348.63,5.6588326,20.0,0.16640659,1.8670334,1.0
890,16.0,1.7046404,1.6832651,0.277201,0.0,0.0,1.0,17348.63,5.780313,20.0,0.16278397,1.8263887,1.0
891,16.0,1.646669,1.622679,0.40265086,0.0,0.0,1.0,17348.63,5.50993,20.0,0.16670892,1.8704255,1.0
892,16.0,1.6049494,1.5619316,0.41598213,0.0,0.0,1.0,17348.63,5.3153462,20.0,0.14835483,1.664498,1.0
893,16.0,1.137594,1.2065239,0.8341134,0.0,0.0,1.0,17348.63,3.135564,20.0,0.1593078,1.787387,1.0
894,16.0,1.1252854,1.1550219,0.7421004,0.0,0.0,1.0,17348.63,3.0781558,20.0,0.13581394,1.5237927,1.0
895,16.0,1.1981714,1.4384547,0.72586083,0.0,0.0,1.0,17348.63,3.4181018,20.0,0.12418488,1.3933182,1.0
896,16.0,1.4590683,1.5205437,0.6297548,0.0,0.0,1.0,17348.63,4.6349454,20.0,0.14991798,1.682036,1.0
897,16.0,1.4221497,1.4545509,0.65443003,0.0,0.0,1.0,17348.63,4.4627542,20.0,0.15122673,1.6967199,1.0
898,16.0,1.3830116,1.4180491,0.7431077,0.0,0.0,1.0,17348.63,4.280211,20.0,0.14672263,1.6461852,1.0
899,16.0,1.2996514,1.4271637,0.6784643,0.0,0.0,1.0,17348.63,3.8914125,20.0,0.1545238,1.7337121,1.0
900,16.0,1.3249234,1.4146489,0.70559055,0.0,0.0,1.0,17348.63,4.009283,20.0,0.15117721,1.6961643,1.0
901,16.0,1.1845129,1.2269331,0.6466417,0.0,0.0,1.0,17348.63,3.3543973,20.0,0.13354568,1.4983436,1.0
902,16.0,1.1632533,1.342765,0.64368254,0.0,0.0,1.0,16469.441,3.2552412,20.0,0.14137556,1.5861926,1.0
903,16.0,1.1183072,1.2000418,0.74656785,0.0,0.0,1.0,9306.766,3.0456092,20.0,0.12490881,1.4014405,1.0
904,16.0,1.0796834,1.2646465,0.669017,0.0,0.0,1.0,8394.503,2.8654647,20.0,0.13826309,1.5512716,1.0
905,16.0,1.1684763,1.2981826,0.5896129,0.0,0.0,1.0,6558.0986,3.2796018,20.0,0.13709363,1.5381507,1.0
906,16.0,1.0341895,0.9855599,0.60735154,0.0,0.0,1.0,5633.8457,2.6532774,20.0,0.11348229,1.2732382,1.0
907,16.0,1.0715605,1.0788556,0.479313,0.0,0.0,1.0,5633.8457,2.8275788,20.0,0.14188789,1.5919408,1.0
908,16.0,1.1456546,1.1757853,0.5903689,0.0,0.0,1.0,5633.8457,3.1731594,20.0,0.13914868,1.5612077,1.0
909,16.0,1.086603,1.143919,0.5966373,0.0,0.0,1.0,4705.4834,2.8977385,20.0,0.106986776,1.2003604,1.0
910,16.0,1.1343683,1.0898691,0.78936005,0.0,0.0,1.0,4705.4834,3.1205194,20.0,0.13496472,1.5142648,1.0
911,16.0,1.0356632,1.1945046,0.7240013,0.0,0.0,1.0,4705.4834,2.6601512,20.0,0.13863058,1.5553948,1.0
912,16.0,1.1147238,1.0286827,0.68742186,0.0,0.0,1.0,3772.9536,3.0288959,20.0,0.14176945,1.5906119,1.0
913,16.0,1.133754,1.1321653,0.6813517,0.0,0.0,1.0,3772.9536,3.1176543,20.0,0.15932743,1.7876073,1.0
914,16.0,1.0397785,0.9773221,0.7667978,0.0,0.0,1.0,3772.9536,2.679345,20.0,0.13843991,1.5532554,1.0
915,16.0,1.2015415,1.1764704,0.85997456,0.0,0.0,1.0,3772.9536,3.4338205,20.0,0.1525258,1.711295,1.0
916,16.0,1.1761974,1.16038,0.7846582,0.0,0.0,1.0,3772.9536,3.3156135,20.0,0.16527116,1.8542943,1.0
917,16.0,0.9720851,1.1085708,0.7453404,0.0,0.0,1.0,3772.9536,2.363618,20.0,0.14122131,1.584462,1.0
918,16.0,1.1573386,1.2026234,0.59363115,0.0,0.0,1.0,2836.1995,3.2276547,20.0,0.16000725,1.7952348,1.0
919,16.0,0.9527118,1.0240583,0.87850106,0.0,0.0,1.0,2836.1995,2.2732592,20.0,0.14717065,1.6512117,1.0
920,16.0,1.2114193,1.2441827,0.88945943,0.0,0.0,1.0,2836.1995,3.4798913,20.0,0.13736947,1.5412455,1.0
921,16.0,1.1880106,1.4436129,0.77774125,0.0,0.0,1.0,2836.1995,3.370711,20.0,0.16780517,1.882725,1.0
922,3.5098925,1.083427,1.330263,0.8447399,0.0,0.0,1.0,0.67449075,2.8829248,0.0,0.14451006,1.6213608,1.0
923,4.455684,1.2957947,1.3351325,0.8609916,0.0,0.0,1.0,0.44861814,3.8734248,0.0,0.12740886,1.4294903,1.0
924,4.691255,1.2337404,1.2658981,0.60047174,0.0,0.0,1.0,1.7548233,3.5839987,0.0,0.16780281,1.8826987,1.0
925,4.924915,1.2767837,1.2496691,0.51974195,0.0,0.0,1.0,2.184153,3.784756,0.0,0.16584344,1.8607152,1.0
926,5.0757666,1.2976668,1.2852201,0.41420618,0.0,0.0,1.0,2.3974826,3.8821561,0.03177439,0.16742495,1.8784591,1.0
927,5.412497,1.3099885,1.2890968,0.41420618,0.0,0.0,1.0,2.609939,3.9396255,0.06376338,0.184334,2.0681736,1.0
928,5.615524,1.328252,1.2921418,0.60131127,0.0,0.0,1.0,2.8215342,4.024808,0.095622666,0.18977517,2.1292222,1.0
929,5.500314,1.3737626,1.3304619,0.63143945,0.0,0.0,1.0,3.03228,4.237073,0.12735409,0.16505143,1.8518289,1.0
930,4.9645257,1.3333232,1.3098359,0.6482237,0.0,0.0,1.0,3.03228,4.0484605,0.12735409,0.14675067,1.6464998,1.0
931,4.936569,1.3162642,1.3019946,0.58001494,0.0,0.0,1.0,3.2421896,3.9688957,0.15895961,0.15121716,1.6966125,1.0
932,4.903361,1.32919,1.2831115,0.5757247,0.0,0.0,1.0,3.2421896,4.029183,0.15895961,0.14437899,1.6198902,1.0
933,4.82917,1.3104849,1.2185185,0.610012,0.0,0.0,1.0,3.451274,3.9419408,0.19044086,0.14644493,1.6430695,1.0
934,5.8632617,1.4167255,1.4116042,0.6612244,0.0,0.0,1.0,3.451274,4.437455,0.19044086,0.17095216,1.9180334,1.0
935,6.44404,1.4941803,1.4196193,0.7542443,0.0,0.0,1.0,3.451274,4.798711,0.19044086,0.17644179,1.9796255,1.0
936,6.438279,1.4487972,1.3497101,0.81537867,0.0,0.0,1.0,3.659545,4.5870404,0.22179966,0.19190218,2.1530864,1.0
937,6.054226,1.4612081,1.4815589,0.77976984,0.0,0.0,1.0,3.659545,4.6449256,0.22179966,0.16639253,1.8668758,1.0
938,6.16874,1.4016169,1.4458414,0.84848934,0.0,0.0,1.0,3.6845875,4.3669877,0.22557025,0.19419518,2.1788135,1.0
939,8.288782,1.5260266,1.4600573,0.7939487,0.0,0.0,1.0,3.7099755,4.947244,0.22939286,0.26113087,2.9298122,1.0
940,8.097573,1.5032389,1.4790941,0.6482126,0.0,0.0,1.0,3.7099755,4.8409605,0.22939286,0.26043975,2.922058,1.0
941,7.6817055,1.5098357,1.5032011,0.7207141,0.0,0.0,1.0,3.7099755,4.871729,0.22939286,0.23601137,2.6479788,1.0
942,7.8071885,1.56865,1.5322819,0.75030386,0.0,0.0,1.0,3.7099755,5.1460433,0.22939286,0.22081667,2.4774988,1.0
943,7.647505,1.5056915,1.5337528,0.42596254,0.0,0.0,1.0,4.2735305,4.8524,0.3142458,0.23581597,2.6457865,1.0
944,5.943468,1.2827691,1.443282,0.8448017,0.0,0.0,1.0,3.452631,3.8126721,0.19064519,0.23144785,2.5967774,1.0
945,7.509318,1.4240482,1.4437861,0.53560203,0.0,0.0,1.0,3.452631,4.471609,0.19064519,0.26212353,2.9409497,1.0
946,7.3049355,1.3981558,1.4361883,0.52959424,0.0,0.0,1.0,3.452631,4.350845,0.19064519,0.26203108,2.9399123,1.0
947,7.0072765,1.3683912,1.5020537,0.57411957,0.0,0.0,1.0,3.452631,4.2120204,0.19064519,0.25812685,2.8961082,1.0
948,6.7632356,1.3604343,1.4717371,0.5968084,0.0,0.0,1.0,3.452631,4.1749086,0.19064519,0.24700722,2.771349,1.0
949,7.961935,1.5195591,1.4894251,0.45786044,0.0,0.0,1.0,2.8897455,4.9170794,0.10589306,0.24682093,2.769259,1.0
950,7.541244,1.4696754,1.4742417,0.45786044,0.0,0.0,1.0,2.805941,4.6844177,0.09327487,0.24443145,2.7424498,1.0
951,7.567469,1.4758682,1.46954,0.4153689,0.0,0.0,1.0,2.805941,4.7133017,0.09327487,0.24333607,2.7301598,1.0
952,7.4329653,1.4472387,1.443367,0.45786044,0.0,0.0,1.0,2.6890495,4.579771,0.07567482,0.24777809,2.779998,1.0
953,6.4921627,1.3534018,1.4301397,0.64765567,0.0,0.0,1.0,0.98969305,4.1421084,0.0,0.23360859,2.6210203,1.0
954,6.3341403,1.3141254,1.3746194,0.7082732,0.0,0.0,1.0,0.6626265,3.9589205,0.0,0.2419127,2.71419,1.0
955,6.481004,1.3408886,1.3756311,0.7393667,0.0,0.0,1.0,0.33572102,4.083746,0.0,0.23861693,2.6772125,1.0
956,6.6610694,1.351777,1.3705735,0.7393667,0.0,0.0,1.0,0.33572102,4.13453,0.0,0.24474344,2.74595,1.0
957,6.767465,1.3487657,1.3902113,0.6739619,0.0,0.0,1.0,0.33572102,4.120486,0.0,0.2527173,2.8354144,1.0
958,6.841935,1.3322206,1.3750998,0.6759563,0.0,0.0,1.0,0.50471956,4.043318,0.0,0.26538983,2.9775965,1.0
959,6.8456597,1.3575611,1.3435521,0.71957743,0.0,0.0,1.0,0.50471956,4.161508,0.0,0.25337937,2.8428428,1.0
960,6.2726007,1.2951019,1.3429321,0.61941636,0.0,0.0,1.0,0.50471956,3.8701932,0.0,0.24720432,2.7735605,1.0
961,6.1173873,1.3056933,1.3478408,0.59019655,0.0,0.0,1.0,0.50919795,3.9195924,0.0,0.23191851,2.6020582,1.0
962,5.099353,1.2734749,1.2975277,0.8286214,0.0,0.0,1.0,0.5137565,3.7693236,0.0,0.17898507,2.0081604,1.0
963,5.1927667,1.34647,1.575396,0.75006866,0.0,0.0,1.0,0.48432624,4.1097784,0.0,0.156234,1.7528999,1.0
964,7.791645,1.742223,1.6203307,0.72328913,0.0,0.0,1.0,0.451651,5.955601,0.0,0.16763575,1.8808243,1.0
965,6.490215,1.3587091,1.3098172,0.94583917,0.0,0.0,1.0,0.5432088,4.1668625,0.0,0.23111838,2.593081,1.0
966,6.5754547,1.385105,1.3358213,0.67030466,0.0,0.0,1.0,0.67449075,4.2899747,0.0,0.22479552,2.5221403,1.0
967,6.5871677,1.3625796,1.2894099,0.8689099,0.0,0.0,1.0,0.67449075,4.1849146,0.0,0.23530705,2.6400766,1.0
968,6.9291162,1.3828565,1.337348,0.86447906,0.0,0.0,1.0,0.67449075,4.2794876,0.0,0.2467969,2.7689893,1.0
969,6.90548,1.3837649,1.3214443,0.6681696,0.0,0.0,1.0,1.0140436,4.2837243,0.0,0.24498399,2.748649,1.0
970,6.90741,1.3767089,1.342477,0.864479,0.0,0.0,1.0,1.1268871,4.2508144,0.0,0.24827778,2.7856045,1.0
971,6.3941402,1.3177316,1.3375428,0.67030466,0.0,0.0,1.0,0.68061596,3.9757402,0.0,0.2440321,2.7379692,1.0
972,6.2036552,1.2894604,1.3066006,0.71174073,0.0,0.0,1.0,0.68061596,3.8438811,0.0,0.24546196,2.7540116,1.0
973,6.3211575,1.3228118,1.3324472,0.67030466,0.0,0.0,1.0,0.68061596,3.9994347,0.0,0.23695874,2.658608,1.0
974,6.2165437,1.359488,1.316124,0.67030466,0.0,0.0,1.0,0.68061596,4.170495,0.0,0.21406233,2.401717,1.0
975,6.5567036,1.3535825,1.2821562,0.71174073,0.0,0.0,1.0,0.68061596,4.1429515,0.0,0.23749447,2.6646187,1.0
976,6.3865247,1.3476046,1.3312836,0.6513941,0.0,0.0,1.0,0.68061596,4.1150703,0.0,0.22969384,2.5770981,1.0
977,6.796922,1.3867973,1.3336366,0.7031975,0.0,0.0,1.0,0.68061596,4.297868,0.0,0.23720093,2.6613252,1.0
978,4.612246,1.2396848,1.2879986,0.64107746,0.0,0.0,1.0,0.68061596,3.6117237,0.0,0.15967329,1.7914878,1.0
979,4.508978,1.3016092,1.4504976,0.8434908,0.0,0.0,1.0,0.68061596,3.9005437,0.0,0.12885159,1.4456773,1.0
980,5.8621373,1.3689048,1.3426863,0.55055004,0.0,0.0,1.0,0.68061596,4.214416,0.0,0.18869157,2.1170645,1.0
981,6.5720086,1.3612964,1.3364043,0.55055004,0.0,0.0,1.0,0.68061596,4.17893,0.0,0.23495732,2.6361527,1.0
982,6.0754414,1.3392849,1.2983223,0.5572684,0.0,0.0,1.0,0.68061596,4.0762663,0.0,0.21402206,2.4012651,1.0
983,4.8656855,1.2520874,1.2577436,0.71343,0.0,0.0,1.0,0.68061596,3.6695702,0.0,0.17213464,1.9313005,1.0
984,5.442836,1.3253051,1.291934,0.55055004,0.0,0.0,1.0,0.68061596,4.0110636,0.0,0.18002906,2.0198736,1.0
985,4.998921,1.2997808,1.247577,0.5976666,0.0,0.0,1.0,0.68061596,3.8920164,0.0,0.16155346,1.8125827,1.0
986,5.036709,1.2923312,1.2442241,0.5572684,0.0,0.0,1.0,0.6775395,3.8572707,0.0,0.16699445,1.8736291,1.0
987,4.37371,1.1980952,1.2174044,0.75130457,0.0,0.0,1.0,0.67449075,3.4177465,0.0,0.16035703,1.7991592,1.0
988,4.239826,1.1784263,1.2311482,0.6942886,0.0,0.0,1.0,1.0140651,3.326009,0.0,0.15909474,1.7849966,1.0
989,3.9191053,1.196255,1.2419724,0.78146493,0.0,0.0,1.0,1.0140651,3.4091635,0.0,0.12721995,1.4273707,1.0
990,4.5095816,1.2063617,1.244927,0.6487759,0.0,0.0,1.0,1.0140651,3.456302,0.0,0.16673255,1.8706906,1.0
991,4.3055286,1.2200947,1.2833991,0.7313936,0.0,0.0,1.0,1.0140651,3.5203538,0.0,0.1459265,1.6372529,1.0
992,3.9694371,1.191086,1.2068167,0.66109073,0.0,0.0,1.0,1.0140651,3.3850553,0.0,0.13309127,1.4932452,1.0
993,3.9802284,1.1848885,1.1785007,0.590649,0.0,0.0,1.0,1.0140651,3.3561494,0.0,0.136482,1.5312883,1.0
994,3.8862085,1.1781529,1.1735066,0.4247915,0.0,0.0,1.0,1.0140651,3.3247342,0.0,0.13213432,1.4825085,1.0
995,3.9893305,1.1823235,1.1844094,0.4247915,0.0,0.0,1.0,1.0140651,3.3441858,0.0,0.1382555,1.5511866,1.0
996,4.2805805,1.211353,1.2283179,0.45959258,0.0,0.0,1.0,1.0140651,3.4795816,0.0,0.14775017,1.6577139,1.0
997,4.2217126,1.186183,1.2133055,0.40783256,0.0,0.0,1.0,1.0140651,3.362187,0.0,0.15422983,1.7304138,1.0
998,4.150517,1.1698376,1.2066444,0.33259925,0.0,0.0,1.0,1.0140651,3.285951,0.0,0.15613087,1.7517428,1.0
999,3.7287745,1.1294361,1.1661109,0.6613765,0.0,0.0,1.0,1.0140651,3.0975153,0.0,0.14102615,1.5822724,1.0
1000,3.8471518,1.1118925,1.2684753,0.6824941,0.0,0.0,1.0,1.0140651,3.0156903,0.0,0.15933996,1.787748,1.0
1001,3.527785,1.0877519,1.1279427,0.40690857,0.0,0.0,1.0,1.0140651,2.9030967,0.0,0.14392531,1.6148,1.0
1002,3.609458,1.0769438,1.1525114,0.60334307,0.0,0.0,1.0,1.0140651,2.8526866,0.0,0.15668441,1.7579535,1.0
1003,4.436517,1.2059729,1.4413253,0.8544782,0.0,0.0,1.0,1.0140651,3.4544888,0.0,0.16152084,1.8122168,1.0
1004,3.1529744,1.0146613,1.1292033,0.51936346,0.0,0.0,1.0,1.0140651,2.5621965,0.0,0.14784563,1.6587849,1.0
1005,4.100648,1.1521357,1.3622472,0.7924137,0.0,0.0,1.0,1.1269127,3.203388,0.0,0.16045672,1.8002776,1.0
1006,2.6704705,0.951925,1.0620947,0.62312764,0.0,0.0,1.0,1.3520942,2.2695894,0.0,0.1341088,1.5046617,1.0
1007,2.7291954,0.9511852,1.0656761,0.669017,0.0,0.0,1.0,1.3520942,2.266139,0.0,0.14116414,1.5838205,1.0
1008,3.6006124,1.0792527,1.1105435,0.71916926,0.0,0.0,1.0,1.3520942,2.863456,0.0,0.15468593,1.7355311,1.0
1009,2.8989305,0.9881405,1.0495541,0.6125456,0.0,0.0,1.0,1.3520942,2.4385016,0.0,0.13721168,1.5394751,1.0
1010,2.7917573,0.9939862,1.0138453,0.42815343,0.0,0.0,1.0,1.3520942,2.4657662,0.0,0.12279585,1.3777337,1.0
1011,3.0979972,1.0187731,0.9940065,0.607254,0.0,0.0,1.0,1.3520942,2.5813742,0.0,0.14009401,1.571814,1.0
1012,3.2195094,1.0439451,1.132339,0.79436284,0.0,0.0,1.0,1.3520942,2.6987784,0.0,0.1382645,1.5512875,1.0
1013,2.6059098,0.9717727,0.9580936,0.6162276,0.0,0.0,1.0,1.3520942,2.3621607,0.0,0.115406394,1.2948261,1.0
1014,2.8008666,0.9673254,1.0278862,0.77936536,0.0,0.0,1.0,1.3520942,2.341418,0.0,0.13909873,1.5606472,1.0
1015,3.0343316,0.9799611,1.113781,0.8490322,0.0,0.0,1.0,2.0328536,2.400352,0.0,0.15638793,1.754627,1.0
1016,2.8792684,0.9878631,1.241539,0.87481666,0.0,0.0,1.0,1.1338456,2.4372077,0.0,0.13531803,1.5182288,1.0
1017,2.6265306,0.94161445,1.0202194,0.5962062,0.0,0.0,1.0,1.3521231,2.2215002,0.0,0.13555813,1.5209227,1.0
1018,6.0017395,1.6173176,1.4402783,0.8386305,0.0,0.0,1.0,1.3521231,5.3730326,0.0,0.11892634,1.3343189,1.0
1019,3.1282346,1.0002089,1.4673924,0.7496265,0.0,0.0,1.0,1.3521231,2.4947891,0.0,0.1537874,1.7254499,1.0
1020,3.3666,1.0657295,1.1172196,0.5325339,0.0,0.0,1.0,1.3521231,2.8003826,0.0,0.14061809,1.5776939,1.0
1021,4.259354,1.1980777,1.2139274,0.65927935,0.0,0.0,1.0,5.287884,3.4176648,0.46697426,0.15184405,1.7036461,1.0
1022,5.305334,1.3505557,1.5450263,0.8124828,0.0,0.0,1.0,6.581331,4.1288342,0.661725,0.16169181,1.8141351,1.0
1023,4.557864,1.1885953,1.361292,0.7295515,0.0,0.0,1.0,7.2239914,3.3734381,0.7584886,0.17853877,2.003153,1.0
1024,4.060602,1.1770146,1.3218768,0.8255594,0.0,0.0,1.0,7.863994,3.3194249,0.8548521,0.14598924,1.6379567,1.0
1025,6.1437464,1.5541421,1.5088415,0.7166088,0.0,0.0,1.0,8.501377,5.0783772,0.9508211,0.14255153,1.5993866,1.0
1026,4.6668315,1.3680661,1.3183198,0.74923325,0.0,0.0,1.0,9.136176,4.210504,1.046401,0.11672783,1.3096522,1.0
1027,6.919046,1.4829645,1.4653301,0.7424113,0.0,0.0,1.0,9.136176,4.7463994,1.046401,0.20569573,2.3078463,1.0
1028,6.0480585,1.3696934,1.878971,0.8423718,0.0,0.0,1.0,9.768427,4.218094,1.1415973,0.19960712,2.2395337,1.0
1029,4.2679424,1.2058086,1.6482205,0.9361114,0.0,0.0,1.0,9.768427,3.4537227,1.1415973,0.1491639,1.6735755,1.0
1030,3.3309836,1.0263879,1.580506,0.82215416,0.0,0.0,1.0,10.3981695,2.6168904,1.236416,0.15861847,1.779653,1.0
1031,8.761558,1.7805958,1.8635585,0.70314306,0.0,0.0,1.0,10.3981695,6.134575,1.236416,0.19817823,2.223502,1.0
1032,5.9230957,1.4197937,1.4174052,0.8224639,0.0,0.0,1.0,10.3981695,4.4517655,1.236416,0.17329325,1.9442997,1.0
1033,6.724048,1.5183519,1.4229873,0.75293463,0.0,0.0,1.0,11.025435,4.911449,1.3308617,0.1831104,2.0544453,1.0
1034,8.222506,1.6188904,1.428952,1.0027181,0.0,0.0,1.0,11.025435,5.380368,1.3308617,0.22364782,2.5092633,1.0
1035,9.104618,1.7036119,1.7052189,0.7806494,0.0,0.0,1.0,22.72536,5.7755156,3.0924873,0.23591559,2.6469042,1.0
1036,9.110281,1.704517,1.7213918,0.558416,0.0,0.0,1.0,11.699926,5.7797375,1.4324179,0.2358719,2.646414,1.0
1037,4.469484,1.0665201,1.611436,0.6923544,0.0,0.0,1.0,11.699926,2.80407,1.4324179,0.24037479,2.6969352,1.0
1038,4.6028614,1.0950385,1.5609384,0.6923544,0.0,0.0,1.0,11.699926,2.9370823,1.4324179,0.23355697,2.6204412,1.0
1039,5.053415,1.1768242,1.4843116,0.7828755,0.0,0.0,1.0,11.699926,3.318537,1.4324179,0.22225787,2.4936686,1.0
1040,7.6553545,1.4643556,1.4915614,0.8083569,0.0,0.0,1.0,11.699926,4.659606,1.4324179,0.25285065,2.8369107,1.0
1041,7.7079434,1.4724516,1.4284807,0.9588507,0.0,0.0,1.0,11.699926,4.697366,1.4324179,0.2523385,2.8311644,1.0
1042,7.858988,1.4855189,1.4223491,0.87209684,0.0,0.0,1.0,11.699926,4.758313,1.4324179,0.25506982,2.861809,1.0
1043,8.077346,1.5167885,1.4551485,0.4353034,0.0,0.0,1.0,11.699926,4.9041567,1.4324179,0.25390035,2.848688,1.0
1044,7.807866,1.5050652,1.4395353,0.4353034,0.0,0.0,1.0,11.699926,4.8494787,1.4324179,0.24447857,2.7429783,1.0
1045,7.591042,1.4768438,1.3605279,0.80046904,0.0,0.0,1.0,11.699926,4.717852,1.4324179,0.24421407,2.7400107,1.0
1046,7.28039,1.4566016,1.3750273,0.808357,0.0,0.0,1.0,11.699926,4.6234407,1.4324179,0.23547065,2.6419122,1.0
1047,7.206217,1.4648004,1.3848879,0.4353034,0.0,0.0,1.0,11.699926,4.66168,1.4324179,0.22812945,2.559546,1.0
1048,6.7369146,1.3903811,1.3552397,0.45931733,0.0,0.0,1.0,11.699926,4.314583,1.4324179,0.23209897,2.6040828,1.0
1049,5.0891457,1.287264,1.2954242,0.874107,0.0,0.0,1.0,9.175867,3.8336368,1.0523772,0.1725276,1.9357094,1.0
1050,5.965628,1.4141057,1.3409598,0.48337123,0.0,0.0,1.0,5.962375,4.425236,0.5685305,0.17777203,1.9945503,1.0
1051,5.6496787,1.2936586,1.3011478,0.6341065,0.0,0.0,1.0,4.657837,3.8634617,0.37210974,0.2068645,2.3209596,1.0
1052,6.369298,1.3834375,1.3162754,0.45975322,0.0,0.0,1.0,4.0013103,4.2821975,0.27325836,0.21324465,2.3925428,1.0
1053,5.767383,1.2792567,1.2550923,0.71929365,0.0,0.0,1.0,3.3418927,3.7962902,0.17397164,0.22134918,2.4834733,1.0
1054,5.533324,1.2449657,1.3060752,0.7398222,0.0,0.0,1.0,3.3418927,3.636354,0.17397164,0.22197369,2.4904802,1.0
1055,5.6769953,1.2601689,1.2908657,0.70563143,0.0,0.0,1.0,2.679543,3.7072632,0.07424345,0.22443086,2.5180488,1.0
1056,6.362023,1.353536,1.2963922,0.4153689,0.0,0.0,1.0,2.679543,4.1427345,0.07424345,0.22554857,2.530589,1.0
1057,5.758584,1.2899562,1.290952,0.60973066,0.0,0.0,1.0,2.01422,3.8461936,0.0,0.21574697,2.420618,1.0
1058,4.778127,1.1339263,1.2037078,0.6702784,0.0,0.0,1.0,2.01422,3.1184576,0.0,0.22465786,2.5205958,1.0
1059,5.8284125,1.3344505,1.2457144,0.6149859,0.0,0.0,1.0,2.01422,4.053718,0.0,0.20061488,2.2508407,1.0
1060,5.5582757,1.3244075,1.2439847,0.6149859,0.0,0.0,1.0,2.01422,4.006877,0.0,0.1877268,2.10624,1.0
1061,5.3861666,1.3011519,1.2641581,0.46061137,0.0,0.0,1.0,1.3458831,3.8984108,0.0,0.1863128,2.0903752,1.0
1062,5.273632,1.3083812,1.2459296,0.62752813,0.0,0.0,1.0,1.3427562,3.9321291,0.0,0.17600773,1.9747555,1.0
1063,5.201381,1.3010846,1.2925522,0.277201,0.0,0.0,1.0,1.3396435,3.8980973,0.0,0.17426948,1.9552528,1.0
1064,5.337558,1.3052288,1.2790323,0.4353034,0.0,0.0,1.0,1.3396435,3.917426,0.0,0.18144514,2.0357616,1.0
1065,5.3095593,1.3072568,1.2744637,0.6526672,0.0,0.0,1.0,1.3396435,3.926885,0.0,0.1787937,2.0060132,1.0
1066,5.42231,1.3114316,1.2970743,0.58415616,0.0,0.0,1.0,1.3396435,3.9463565,0.0,0.18437047,2.068583,1.0
1067,5.348535,1.3172294,1.2858466,0.58415616,0.0,0.0,1.0,1.3396435,3.9733977,0.0,0.17726105,1.9888173,1.0
1068,5.39579,1.3070205,1.2746892,0.58415616,0.0,0.0,1.0,0.67449075,3.925783,0.0,0.18448392,2.0698557,1.0
1069,5.365215,1.3069156,1.218614,0.71938175,0.0,0.0,1.0,0.67449075,3.9252934,0.0,0.18254395,2.04809,1.0
1070,5.3715034,1.286641,1.2493187,0.58415616,0.0,0.0,1.0,0.67449075,3.8307312,0.0,0.19155416,2.1491818,1.0
1071,5.410055,1.2571392,1.2226344,0.66677606,0.0,0.0,1.0,0.67449075,3.6931324,0.0,0.20751648,2.3282745,1.0
1072,5.624976,1.2648704,1.2223192,0.66677606,0.0,0.0,1.0,0.67449075,3.7291913,0.0,0.21858563,2.452467,1.0
1073,5.633577,1.2800987,1.1801426,0.7437106,0.0,0.0,1.0,0.67449075,3.8002172,0.0,0.21198295,2.378387,1.0
1074,4.6682487,1.2807522,1.179714,0.7437106,0.0,0.0,1.0,0.67449075,3.803265,0.0,0.14704531,1.6498055,1.0
1075,3.5177336,1.0846587,1.182229,0.87395525,0.0,0.0,1.0,0.67449075,2.88867,0.0,0.14458467,1.6221979,1.0
1076,4.320515,1.2201865,1.4386002,0.71114004,0.0,0.0,1.0,0.67449075,3.520782,0.0,0.14697264,1.6489902,1.0
1077,4.5364704,1.2664982,1.2823763,0.49420115,0.0,0.0,1.0,0.67449075,3.7367835,0.0,0.14362584,1.6114401,1.0
1078,5.1462584,1.232498,1.1957777,0.55055004,0.0,0.0,1.0,0.67449075,3.5782042,0.0,0.2007243,2.2520683,1.0
1079,4.6961284,1.1993297,1.1865525,0.6622734,0.0,0.0,1.0,0.67449075,3.4235046,0.0,0.1837917,2.0620892,1.0
1080,3.9591045,1.153557,1.1380371,0.7723857,0.0,0.0,1.0,0.67449075,3.2100167,0.0,0.14855477,1.6667413,1.0
1081,4.1674404,1.2138529,1.1942277,0.68372715,0.0,0.0,1.0,0.67449075,3.4912417,0.0,0.13845137,1.553384,1.0
1082,3.6239345,1.173336,1.1282142,0.4142062,0.0,0.0,1.0,0.67449075,3.3022678,0.0,0.11393417,1.2783082,1.0
1083,3.620344,1.1677876,1.0857975,0.6493041,0.0,0.0,1.0,0.67449075,3.2763894,0.0,0.115862384,1.2999421,1.0
1084,3.6568527,1.1313931,1.2590523,0.7603614,0.0,0.0,1.0,0.67449075,3.1066427,0.0,0.13423,1.5060215,1.0
1085,3.8043814,1.1996902,1.267381,0.7623975,0.0,0.0,1.0,0.67449075,3.425186,0.0,0.11732111,1.3163087,1.0
1086,3.9388478,1.1687272,1.3868086,0.7254306,0.0,0.0,1.0,0.67449075,3.2807717,0.0,0.14020883,1.5731021,1.0
1087,3.6378744,1.16248,1.0943155,0.59056747,0.0,0.0,1.0,0.67449075,3.2516344,0.0,0.11937752,1.339381,1.0
1088,3.7343657,1.1605346,1.0966951,0.59056747,0.0,0.0,1.0,0.67449075,3.242561,0.0,0.12775265,1.4333475,1.0
1089,4.101383,1.095695,1.0913802,0.5389082,0.0,0.0,1.0,0.67449075,2.940144,0.0,0.18970695,2.1284568,1.0
1090,3.4022837,1.0717698,1.0491219,0.5986409,0.0,0.0,1.0,0.67449075,2.828555,0.0,0.14078148,1.5795271,1.0
1091,3.5995507,1.0926324,1.0815265,0.580857,0.0,0.0,1.0,0.67449075,2.92586,0.0,0.14776395,1.6578685,1.0
1092,3.8023407,1.1213727,1.1256212,0.5745068,0.0,0.0,1.0,0.67449075,3.0599067,0.0,0.15091628,1.6932367,1.0
1093,4.1217227,1.1719639,1.1530175,0.5354897,0.0,0.0,1.0,0.67449075,3.2958682,0.0,0.1529382,1.7159221,1.0
1094,4.3769608,1.2031252,1.1629165,0.60051256,0.0,0.0,1.0,0.67449075,3.441207,0.0,0.1583759,1.7769315,1.0
1095,4.64063,1.2420162,1.569394,0.69623697,0.0,0.0,1.0,0.67449075,3.6225975,0.0,0.16069244,1.8029224,1.0
1096,5.213834,1.4294183,1.6424255,0.47513366,0.0,0.0,1.0,0.67449075,4.4966555,0.0,0.12974401,1.45569,1.0
1097,4.929051,1.3096715,1.4388647,0.6931152,0.0,0.0,1.0,1.1269385,3.9381473,0.0,0.15320405,1.7189049,1.0
1098,5.016152,1.3145895,1.5162724,0.63255167,0.0,0.0,1.0,1.1269385,3.961085,0.0,0.156958,1.761023,1.0
1099,5.261132,1.3643216,1.7732259,0.6704165,0.0,0.0,1.0,1.1269385,4.1930394,0.0,0.15399683,1.7277995,1.0
1100,4.7214613,1.3469415,1.4532659,0.6765789,0.0,0.0,1.0,1.1269385,4.111977,0.0,0.12687412,1.4234906,1.0
1101,5.022718,1.3424563,1.440255,0.6239728,0.0,0.0,1.0,1.3521231,4.0910583,0.0,0.1471214,1.6506592,1.0
1102,5.001633,1.3415701,1.4374325,0.61391914,0.0,0.0,1.0,1.3521231,4.086925,0.0,0.1461238,1.6394664,1.0
1103,4.9099293,1.3419794,1.4075878,0.7837371,0.0,0.0,1.0,1.3521231,4.088834,0.0,0.14026698,1.5737547,1.0
1104,4.840911,1.3437243,1.3877845,0.62312764,0.0,0.0,1.0,1.3521231,4.096972,0.0,0.1353696,1.5188074,1.0
1105,5.123434,1.3710299,1.4737215,0.69807196,0.0,0.0,1.0,1.3521231,4.224327,0.0,0.1433295,1.6081152,1.0
1106,4.8136945,1.3539795,1.3945822,0.42815343,0.0,0.0,1.0,1.3521231,4.144803,0.0,0.13022514,1.4610881,1.0
1107,5.3485856,1.4211967,1.5301623,0.56272566,0.0,0.0,1.0,1.3521231,4.458309,0.0,0.13998052,1.5705407,1.0
1108,5.2737575,1.3931262,1.4563501,0.81844985,0.0,0.0,1.0,1.3521231,4.3273864,0.0,0.14482003,1.6248386,1.0
1109,4.375614,1.2787501,1.2706923,0.6595614,0.0,0.0,1.0,1.3521231,3.7939272,0.0,0.12817256,1.4380589,1.0
1110,4.390415,1.2780609,1.3248094,0.7320663,0.0,0.0,1.0,1.3521231,3.7907128,0.0,0.1294159,1.4520087,1.0
1111,4.976038,1.2706984,1.2719666,0.6666454,0.0,0.0,1.0,1.3521231,3.7563736,0.0,0.17181298,1.9276916,1.0
1112,4.480768,1.2591712,1.296314,0.75034815,0.0,0.0,1.0,2.0297554,3.70261,0.0,0.14264815,1.6004707,1.0
1113,4.1677666,1.1840417,1.1855537,0.7111176,0.0,0.0,1.0,1.3552647,3.3522,0.0,0.15108438,1.6951227,1.0
1114,3.651377,1.1268419,1.1459731,0.54463345,0.0,0.0,1.0,1.3552647,3.0854156,0.0,0.13584033,1.5240889,1.0
1115,5.7188644,1.5263109,1.5018264,0.5129651,0.0,0.0,1.0,1.3552647,4.9485703,0.0,0.12876828,1.4447426,1.0
1116,3.7005026,1.1358871,1.1369997,0.5757247,0.0,0.0,1.0,1.3552647,3.1276033,0.0,0.13577516,1.5233577,1.0
1117,4.0615916,1.1735946,1.1803092,0.5453926,0.0,0.0,1.0,1.3552647,3.3034737,0.0,0.14756967,1.6556888,1.0
1118,5.104132,1.3432488,1.3650957,0.717186,0.0,0.0,1.0,11.92475,4.0947547,1.466269,0.15190235,1.7043,1.0
1119,6.704936,1.5316579,1.587595,0.7398099,0.0,0.0,1.0,14.511643,4.9735093,1.8557705,0.17778148,1.9946563,1.0
1120,7.3833523,1.7387068,1.6164454,0.6506823,0.0,0.0,1.0,15.796965,5.9392014,2.0492978,0.15104942,1.6947305,1.0
1121,5.504698,1.4236478,1.5325052,0.7464337,0.0,0.0,1.0,17.07697,4.4697413,2.2420247,0.14809328,1.6615635,1.0
1122,6.315374,1.5808809,1.5203099,0.77859914,0.0,0.0,1.0,18.351734,5.2030888,2.4339623,0.14356726,1.6107829,1.0
1123,8.227583,1.6215931,1.5730704,0.9454473,0.0,0.0,1.0,18.351734,5.392974,2.4339623,0.2229779,2.5017471,1.0
1124,7.8490043,1.6247863,1.5897802,0.7950157,0.0,0.0,1.0,19.621334,5.407867,2.6251225,0.20408086,2.289728,1.0
1125,8.245931,1.7071629,1.6755645,0.63120675,0.0,0.0,1.0,19.621334,5.792078,2.6251225,0.1970147,2.2104475,1.0
1126,5.260599,1.330387,1.6996727,0.4323952,0.0,0.0,1.0,20.885836,4.0347657,2.815515,0.16649726,1.8680507,1.0
1127,9.090267,1.7889069,1.7750314,0.91269785,0.0,0.0,1.0,20.885836,6.1733384,2.815515,0.20945396,2.3500123,1.0
1128,7.728872,1.6033517,1.733551,0.794355,0.0,0.0,1.0,22.145319,5.3078947,3.0051522,0.20527874,2.3031676,1.0
1129,9.200536,1.7766327,1.7661939,0.74109834,0.0,0.0,1.0,22.145319,6.1160903,3.0051522,0.21755506,2.4409044,1.0
1130,8.972821,1.7940296,1.7986952,0.42810458,0.0,0.0,1.0,22.145319,6.1972313,3.0051522,0.20318222,2.2796452,1.0
1131,9.3061695,1.8230294,1.813845,0.277201,0.0,0.0,1.0,22.145319,6.3324885,3.0051522,0.20871209,2.3416889,1.0
1132,7.7788205,1.6077498,1.7989986,0.85875916,0.0,0.0,1.0,22.145319,5.328408,3.0051522,0.20623837,2.3139346,1.0
1133,6.940448,1.5161859,1.7871015,0.58755404,0.0,0.0,1.0,22.145319,4.901346,3.0051522,0.19507226,2.188654,1.0
1134,5.5836887,1.359562,1.5537426,0.57873285,0.0,0.0,1.0,22.145319,4.1708403,3.0051522,0.17539144,1.9678408,1.0
1135,5.0310698,1.1831698,1.515352,0.9551224,0.0,0.0,1.0,22.145319,3.3481336,3.0051522,0.21713044,2.4361403,1.0
1136,5.4155316,1.2247365,1.5460407,0.5995699,0.0,0.0,1.0,22.145319,3.5420034,3.0051522,0.22382703,2.511274,1.0
1137,6.171712,1.461246,1.4607258,0.42008707,0.0,0.0,1.0,22.145319,4.6451025,3.0051522,0.1728207,1.938998,1.0
1138,4.3737416,1.1348598,1.3094159,0.8538984,0.0,0.0,1.0,22.145319,3.1228118,3.0051522,0.19113766,2.1445088,1.0
1139,7.683897,1.5140545,1.4483106,0.45786044,0.0,0.0,1.0,22.145319,4.8914056,3.0051522,0.23451018,2.631136,1.0
1140,6.194269,1.4923661,1.4303938,0.59549844,0.0,0.0,1.0,22.145319,4.790249,3.0051522,0.16376783,1.8374274,1.0
1141,6.055972,1.4135065,1.4668163,0.7549739,0.0,0.0,1.0,22.145319,4.4224415,3.0051522,0.18319117,2.0553515,1.0
1142,5.2257643,1.2894882,1.2463846,0.8872163,0.0,0.0,1.0,22.145319,3.8440106,3.0051522,0.18066584,2.027018,1.0
1143,6.181853,1.3299932,1.3000585,0.6681696,0.0,0.0,1.0,22.145319,4.0329294,3.0051522,0.2248198,2.5224125,1.0
1144,5.4449396,1.3562553,1.3157219,0.6784982,0.0,0.0,1.0,22.145319,4.1554174,3.0051522,0.16815387,1.8866374,1.0
1145,6.392078,1.395763,1.3177214,0.4353034,0.0,0.0,1.0,11.046933,4.339685,1.3340985,0.20956385,2.3512454,1.0
1146,6.472706,1.3683782,1.2917527,0.4153689,0.0,0.0,1.0,5.934733,4.2119594,0.5643685,0.22581299,2.533556,1.0
1147,6.067549,1.3461534,1.2723893,0.58409524,0.0,0.0,1.0,4.636243,4.1083016,0.3688584,0.21057324,2.3625705,1.0
1148,5.325687,1.3435361,1.2791183,0.4353034,0.0,0.0,1.0,3.98276,4.0960946,0.27046525,0.16557255,1.8576758,1.0
1149,5.5110974,1.2341994,1.2545757,0.6341065,0.0,0.0,1.0,3.3263993,3.5861394,0.17163883,0.22582133,2.5336494,1.0
1150,5.1499724,1.1852549,1.1913036,0.7041063,0.0,0.0,1.0,2.6671205,3.3578584,0.07237302,0.22503956,2.5248783,1.0
1151,5.391934,1.2179443,1.1855576,0.7041063,0.0,0.0,1.0,2.6671205,3.510324,0.07237302,0.22562893,2.5314908,1.0
1152,5.6096544,1.2321538,1.1791712,0.7041063,0.0,0.0,1.0,2.0048819,3.5765984,0.0,0.23388255,2.624094,1.0
1153,5.7406363,1.2620627,1.1734889,0.7041063,0.0,0.0,1.0,2.0048819,3.7160957,0.0,0.22786514,2.5565805,1.0
1154,4.647929,1.1004015,1.1430982,0.7141893,0.0,0.0,1.0,2.0048819,2.9620955,0.0,0.23406145,2.6261013,1.0
1155,4.5132923,1.1237922,1.1362461,0.7141893,0.0,0.0,1.0,2.0048819,3.0711913,0.0,0.20870353,2.3415928,1.0
1156,4.908289,1.1394325,1.1473141,0.7141893,0.0,0.0,1.0,1.3396435,3.1441393,0.0,0.232013,2.6031182,1.0
1157,4.737646,1.1561576,1.1436306,0.7141893,0.0,0.0,1.0,1.3396435,3.2221463,0.0,0.20890242,2.3438244,1.0
1158,5.260067,1.2819397,1.2119199,0.6341065,0.0,0.0,1.0,1.3396435,3.808804,0.0,0.1861593,2.088653,1.0
1159,5.0514293,1.2688357,1.2441812,0.40265086,0.0,0.0,1.0,1.3396435,3.7476857,0.0,0.17771778,1.9939417,1.0
1160,4.510732,1.2041953,1.2136971,0.45975322,0.0,0.0,1.0,1.3396435,3.4461977,0.0,0.16779178,1.8825749,1.0
1161,4.807967,1.261066,1.2281482,0.4353034,0.0,0.0,1.0,1.3396435,3.711447,0.0,0.16436456,1.8441225,1.0
1162,4.780536,1.238855,1.2156225,0.48208874,0.0,0.0,1.0,1.3396435,3.6078534,0.0,0.1719006,1.9286747,1.0
1163,4.9690022,1.295829,1.2841505,0.39717662,0.0,0.0,1.0,7.2221828,3.873585,0.7582163,0.16114289,1.8079762,1.0
1164,5.0482016,1.2980839,1.2740445,0.63518786,0.0,0.0,1.0,5.450568,3.8841016,0.49146914,0.16545095,1.8563114,1.0
1165,4.7514105,1.3005292,1.3171118,0.2732274,0.0,0.0,1.0,4.2408123,3.8955069,0.3093195,0.14508031,1.6277589,1.0
1166,5.5257854,1.3712639,1.2866943,0.49420115,0.0,0.0,1.0,4.557474,4.2254186,0.3569984,0.16749828,1.8792819,1.0
1167,5.8148274,1.6350939,1.6182724,0.4442057,0.0,0.0,1.0,4.557474,5.4559426,0.3569984,0.10587968,1.1879392,1.0
1168,6.211167,1.6434013,1.5120614,0.5053773,0.0,0.0,1.0,4.872865,5.494689,0.40448597,0.12233438,1.3725561,1.0
1169,6.5808764,1.4317583,1.4052831,0.65139407,0.0,0.0,1.0,5.187005,4.5075693,0.45178515,0.20625977,2.3141747,1.0
1170,7.516764,1.4880854,1.4050882,0.7223831,0.0,0.0,1.0,5.187005,4.770283,0.45178515,0.23574537,2.6449943,1.0
1171,7.376567,1.5449961,1.5011743,0.63518786,0.0,0.0,1.0,5.4999094,5.0357194,0.4988983,0.20750442,2.328139,1.0
1172,6.714615,1.5688132,1.5275947,0.6316089,0.0,0.0,1.0,5.4999094,5.1468043,0.4988983,0.16670111,1.8703378,1.0
1173,6.170927,1.597656,1.4315943,0.8377785,0.0,0.0,1.0,5.8115964,5.281329,0.54582816,0.13202329,1.4812628,1.0
1174,6.7522583,1.6358314,1.6357495,0.61920774,0.0,0.0,1.0,5.8115964,5.459382,0.54582816,0.14943534,1.676621,1.0
1175,8.104618,1.6930424,1.656303,0.65486914,0.0,0.0,1.0,5.8115964,5.7262187,0.54582816,0.1949,2.1867213,1.0
1176,7.2419176,1.6764499,1.6504284,0.79459864,0.0,0.0,1.0,5.8115964,5.6488304,0.54582816,0.16094656,1.8057735,1.0
1177,7.2096786,1.7130156,1.676222,0.82423717,0.0,0.0,1.0,5.8115964,5.8193755,0.54582816,0.14996807,1.6825981,1.0
1178,6.997446,1.7723081,1.7317628,0.63160896,0.0,0.0,1.0,5.8115964,6.0959206,0.54582816,0.12678963,1.4225427,1.0
1179,6.900298,1.7465163,1.7089564,0.63160896,0.0,0.0,1.0,5.8115964,5.9756255,0.54582816,0.12853418,1.4421161,1.0
1180,6.926125,1.7319833,1.7157136,0.6493041,0.0,0.0,1.0,4.5215564,5.907842,0.35159037,0.13302134,1.4924607,1.0
1181,6.8274364,1.7075889,1.7143875,0.6538741,0.0,0.0,1.0,3.659545,5.794065,0.22179966,0.13454638,1.5095712,1.0
1182,6.787686,1.6795117,1.7056949,0.62847394,0.0,0.0,1.0,3.659545,5.6631107,0.22179966,0.13969782,1.5673689,1.0
1183,5.915215,1.5761652,1.607695,0.6542764,0.0,0.0,1.0,3.659545,5.1810946,0.22179966,0.12521133,1.4048346,1.0
1184,6.3821363,1.6402011,1.6765729,0.66388077,0.0,0.0,1.0,3.659545,5.479763,0.22179966,0.13106371,1.4704967,1.0
1185,6.7241883,1.5232184,1.6492792,0.686267,0.0,0.0,1.0,3.659545,4.9341464,0.22179966,0.18151389,2.0365329,1.0
1186,6.7157035,1.606658,1.6116246,0.6333859,0.0,0.0,1.0,3.659545,5.323315,0.22179966,0.1557372,1.7473261,1.0
1187,5.5304704,1.5190793,1.5963252,0.42490906,0.0,0.0,1.0,3.0452564,4.9148417,0.12930791,0.12102661,1.3578833,1.0
1188,6.204909,1.5764987,1.5600587,0.32623023,0.0,0.0,1.0,2.6068404,5.18265,0.06329681,0.13935843,1.563561,1.0
1189,4.6380343,1.4102606,1.5070595,0.21009848,0.0,0.0,1.0,2.6068404,4.4073024,0.06329681,0.10246056,1.1495776,1.0
1190,5.9021645,1.4234892,1.457669,0.24463956,0.0,0.0,1.0,1.9711972,4.469002,0.0,0.17079376,1.9162562,1.0
1191,3.8962917,1.2261456,1.2424567,0.5345792,0.0,0.0,1.0,1.0707638,3.5485759,0.0,0.114081755,1.2799641,1.0
1192,4.454052,1.2817283,1.2650539,0.70074296,0.0,0.0,1.0,0.59548044,3.8078177,0.0,0.13234685,1.4848931,1.0
1193,3.558613,1.1760274,1.2075391,0.6519622,0.0,0.0,1.0,0.36900395,3.3148208,0.0,0.10785768,1.2101318,1.0
1194,3.8135216,1.167076,1.2268444,0.64305115,0.0,0.0,1.0,0.339715,3.2730706,0.0,0.13117746,1.4717728,1.0
1195,3.7236714,1.2404729,1.2111995,0.8394271,0.0,0.0,1.0,0.5383704,3.6153996,0.0,0.09675511,1.0855641,1.0
1196,3.772216,1.1975527,1.2591441,0.62691116,0.0,0.0,1.0,0.5383704,3.4152162,0.0,0.11574838,1.2986631,1.0
1197,3.6615179,1.2075965,1.1004796,0.62059164,0.0,0.0,1.0,0.5383704,3.4620614,0.0,0.10380002,1.164606,1.0
1198,3.607603,1.1809804,1.2641748,0.6021101,0.0,0.0,1.0,0.5383704,3.3379219,0.0,0.10970317,1.2308376,1.0
1199,3.6244853,1.1542724,1.254161,0.59942967,0.0,0.0,1.0,0.5233959,3.2133536,0.0,0.1217105,1.3655564,1.0
1200,4.319502,1.2608731,1.2423934,0.8202675,0.0,0.0,1.0,0.50471956,3.7105474,0.0,0.13092126,1.4688984,1.0
1201,4.8378677,1.2915798,1.4400246,0.7622732,0.0,0.0,1.0,0.50471956,3.8537662,0.0,0.15415755,1.7296028,1.0
1202,4.417941,1.2771702,1.3007448,0.85844374,0.0,0.0,1.0,0.50471956,3.7865584,0.0,0.13159068,1.4764091,1.0
1203,4.01678,1.2635379,1.2398518,0.73675585,0.0,0.0,1.0,0.48065343,3.7229762,0.0,0.109225236,1.2254753,1.0
1204,4.8082223,1.2835909,1.5644784,0.7276115,0.0,0.0,1.0,0.4486373,3.8165052,0.0,0.15530059,1.7424273,1.0
1205,5.01821,1.262966,1.3089694,0.7378241,0.0,0.0,1.0,0.67449075,3.7203093,0.0,0.17796974,1.9967686,1.0
1206,4.6559467,1.2647014,1.539042,0.68701285,0.0,0.0,1.0,0.67449075,3.7284029,0.0,0.15248114,1.710794,1.0
1207,5.3660297,1.3128821,1.4697455,0.75797445,0.0,0.0,1.0,0.67449075,3.9531214,0.0,0.18014625,2.0211885,1.0
1208,5.266034,1.2776021,1.4282566,0.6069043,0.0,0.0,1.0,0.67449075,3.7885728,0.0,0.18843837,2.1142237,1.0
1209,5.4303055,1.2951015,1.4813559,0.7018494,0.0,0.0,1.0,0.67449075,3.8701916,0.0,0.19178249,2.1517437,1.0
1210,3.7046065,1.1234894,1.4997289,0.6613653,0.0,0.0,1.0,0.67449075,3.0697792,0.0,0.14179108,1.5908545,1.0
1211,4.5115514,1.3548092,1.4154471,0.53854895,0.0,0.0,1.0,0.67449075,4.1486726,0.0,0.111403115,1.2499105,1.0
1212,4.8890147,1.2802501,1.4362317,0.7537393,0.0,0.0,1.0,0.67449075,3.8009233,0.0,0.16202872,1.817915,1.0
1213,4.8416324,1.2850254,1.5318364,0.6183539,0.0,0.0,1.0,0.67449075,3.8231955,0.0,0.15696453,1.7610962,1.0
1214,5.0579114,1.3203399,1.5672543,0.59784377,0.0,0.0,1.0,1.0140651,3.9879055,0.0,0.15745574,1.7666075,1.0
1215,6.5866466,1.6466714,1.5692433,0.5392446,0.0,0.0,1.0,1.0140651,5.509941,0.0,0.13889116,1.5583184,1.0
1216,5.5360637,1.3614837,1.352091,0.52699983,0.0,0.0,1.0,1.0140651,4.1798034,0.0,0.17175885,1.9270842,1.0
1217,5.724699,1.3663943,1.4253217,0.57992584,0.0,0.0,1.0,1.0140651,4.202707,0.0,0.18135071,2.034702,1.0
1218,6.130099,1.3587568,1.312566,0.72740257,0.0,0.0,1.0,1.0140651,4.1670847,0.0,0.20909026,2.3459318,1.0
1219,6.0056014,1.336631,1.4494991,0.7432935,0.0,0.0,1.0,1.0140651,4.063888,0.0,0.21080172,2.365134,1.0
1220,3.9540205,1.1526763,1.3534334,0.8215891,0.0,0.0,1.0,1.1269127,3.2059095,0.0,0.14855333,1.666725,1.0
1221,4.5560093,1.2076651,1.3643233,0.8461859,0.0,0.0,1.0,1.1269127,3.4623811,0.0,0.16956389,1.9024575,1.0
1222,7.4682183,1.6685199,1.5837353,0.7402202,0.0,0.0,1.0,1.1269127,5.611844,0.0,0.17336734,1.945131,1.0
1223,6.434287,1.8155165,1.7031224,0.5457564,0.0,0.0,1.0,1.1269127,6.2974477,0.0,0.09466232,1.0620837,1.0
1224,5.247573,1.3070297,1.3171448,0.49023372,0.0,0.0,1.0,1.5814419,3.9258256,0.0,0.17486578,1.9619431,1.0
1225,4.411905,1.18658,1.3230857,0.5996052,0.0,0.0,1.0,1.5814419,3.3640385,0.0,0.16845119,1.8899733,1.0
1226,3.8839414,1.2187214,1.1861794,0.7678822,0.0,0.0,1.0,1.5814419,3.5139487,0.0,0.11594204,1.3008358,1.0
1227,3.6601915,1.1286349,1.2866837,0.63152117,0.0,0.0,1.0,1.5814419,3.0937784,0.0,0.13575128,1.5230898,1.0
1228,3.9337313,1.2125249,1.2284254,0.6784643,0.0,0.0,1.0,1.5814419,3.4850478,0.0,0.12191438,1.3678439,1.0
1229,3.7990284,1.1735303,1.1802119,0.54729474,0.0,0.0,1.0,1.5814419,3.303174,0.0,0.12735614,1.4288988,1.0
1230,3.671032,1.1861776,1.4385631,0.7786522,0.0,0.0,1.0,1.5814419,3.3621619,0.0,0.11252303,1.2624756,1.0
1231,3.8897238,1.2013834,1.3151966,0.860328,0.0,0.0,1.0,1.5814419,3.4330828,0.0,0.1230009,1.3800342,1.0
1232,3.9981594,1.2895207,1.4648154,0.4146487,0.0,0.0,1.0,1.5814419,3.8441625,0.0,0.0993303,1.114457,1.0
1233,4.1277804,1.3062347,1.42468,0.5266441,0.0,0.0,1.0,1.5814419,3.9221177,0.0,0.10248209,1.1498191,1.0
1234,3.127846,1.0713362,1.1188606,0.6339454,0.0,0.0,1.0,1.5814419,2.8265324,0.0,0.116275445,1.3045766,1.0
1235,4.238778,1.2619625,1.366652,0.7483095,0.0,0.0,1.0,1.1923484,3.7156289,0.0,0.12498339,1.4022772,1.0
1236,3.1640344,1.0293841,1.3408922,0.8090453,0.0,0.0,1.0,0.9569123,2.6308649,0.0,0.14073688,1.5790268,1.0
1237,3.433368,1.0445198,1.0899029,0.6241183,0.0,0.0,1.0,0.9569123,2.7014587,0.0,0.15812255,1.774089,1.0
1238,3.9191437,1.106234,1.0929538,0.62932926,0.0,0.0,1.0,1.2332346,2.9892986,0.0,0.168341,1.888737,1.0
1239,3.114891,1.0648526,1.1033063,0.5752101,0.0,0.0,1.0,1.2332346,2.7962925,0.0,0.11814314,1.3255316,1.0
1240,3.2039733,1.0395886,1.2050389,0.63152117,0.0,0.0,1.0,1.2332346,2.6784592,0.0,0.13909201,1.5605719,1.0
1241,3.4754522,1.0833718,1.2958689,0.5853278,0.0,0.0,1.0,1.2332346,2.8826675,0.0,0.14149529,1.5875359,1.0
1242,3.8994482,1.2021539,1.448394,0.88052917,0.0,0.0,1.0,1.2332346,3.4366767,0.0,0.12341972,1.3847333,1.0
1243,3.181906,1.0484093,1.0725613,0.73731905,0.0,0.0,1.0,1.3552783,2.7196,0.0,0.1324176,1.4856869,1.0
1244,3.3410003,1.0558459,1.4514097,0.6209006,0.0,0.0,1.0,1.3552783,2.7542844,0.0,0.14337511,1.608627,1.0
1245,4.043803,1.1941599,1.2339178,0.6834978,0.0,0.0,1.0,1.3552783,3.399392,0.0,0.13740276,1.541619,1.0
1246,3.3509035,1.0481714,1.1059935,0.6698004,0.0,0.0,1.0,1.3552783,2.7184901,0.0,0.14837006,1.6646688,1.0
1247,3.2981925,1.0284293,1.1873957,0.7663506,0.0,0.0,1.0,1.3552783,2.6264114,0.0,0.15426399,1.730797,1.0
1248,3.3880246,1.0136553,1.201443,0.7992989,0.0,0.0,1.0,1.3552783,2.5575044,0.0,0.17182483,1.9278245,1.0
1249,3.3652508,1.0991141,1.1913813,0.88891256,0.0,0.0,1.0,1.3552783,2.9560907,0.0,0.12437618,1.3954644,1.0
1250,3.1791997,1.0833273,1.0816962,0.76656425,0.0,0.0,1.0,1.3552783,2.88246,0.0,0.11534464,1.2941333,1.0
1251,3.0446599,0.9814917,1.673,0.725541,0.0,0.0,1.0,1.3552783,2.4074907,0.0,0.15652585,1.7561744,1.0
1252,2.9164245,0.9741135,1.4000107,0.6209006,0.0,0.0,1.0,1.5815115,2.3730786,0.0,0.14743505,1.6541784,1.0
1253,5.791205,1.5538781,1.4628779,0.8536959,0.0,0.0,1.0,1.023489,5.0771456,0.0,0.1249439,1.4018341,1.0
1254,2.8135526,0.9349577,1.366935,0.6209006,0.0,0.0,1.0,1.023489,2.1904526,0.0,0.16156818,1.812748,1.0
1255,2.815127,0.92479897,1.3593775,0.6209006,0.0,0.0,1.0,1.023489,2.1430717,0.0,0.16898692,1.8959839,1.0
1256,6.4774847,1.5335617,1.6504132,0.6476921,0.0,0.0,1.0,1.023489,4.9823885,0.0,0.16554447,1.8573607,1.0
1257,5.3186164,1.3124889,1.4184929,0.79358953,0.0,0.0,1.0,1.023489,3.9512877,0.0,0.17725094,1.9887038,1.0
1258,3.2353122,1.0023991,1.1364063,0.63289446,0.0,0.0,1.0,1.023489,2.5050046,0.0,0.16337055,1.83297,1.0
1259,3.7546852,1.0939714,1.390057,0.6209006,0.0,0.0,1.0,2.6622012,2.9321048,0.07163233,0.16057014,1.8015503,1.0
1260,4.963621,1.2447041,1.3954079,0.613062,0.0,0.0,1.0,3.3133907,3.6351342,0.16968016,0.18219402,2.044164,1.0
1261,4.879478,1.282127,1.3695534,0.71599436,0.0,0.0,1.0,5.0252204,3.8096776,0.42742568,0.16063859,1.8023181,1.0
1262,6.170041,1.4688606,1.3547298,0.84410703,0.0,0.0,1.0,8.498899,4.680618,0.95044804,0.17016253,1.909174,1.0
1263,5.662895,1.3249846,1.3175545,0.8316652,0.0,0.0,1.0,9.1333275,4.009568,1.0459721,0.19413424,2.1781297,1.0
1264,6.021995,1.3592553,1.3067145,0.8259843,0.0,0.0,1.0,9.765183,4.1694098,1.141109,0.20227872,2.2695084,1.0
1265,5.3421335,1.5346053,1.7624884,0.69494677,0.0,0.0,1.0,9.765183,4.9872556,1.141109,0.107249275,1.2033056,1.0
1266,7.213948,1.5176288,1.4358218,0.8102243,0.0,0.0,1.0,10.394504,4.9080763,1.2358639,0.20876826,2.342319,1.0
1267,5.2992806,1.4171821,1.3903142,0.7512803,0.0,0.0,1.0,10.394504,4.4395847,1.2358639,0.1384409,1.5532666,1.0
1268,5.360713,1.6146762,1.6708428,0.50096846,0.0,0.0,1.0,11.021326,5.360713,1.3302429,0.07448744,0.8357274,0.0
1269,4.404121,1.4095784,1.394098,0.80676633,0.0,0.0,1.0,11.021326,4.404121,1.3302429,0.08132381,0.91242945,0.0
1270,5.9799967,1.5981194,1.5724598,0.7960834,0.0,0.0,1.0,11.645684,5.2834907,1.4242508,0.12269911,1.3766483,1.0
1271,6.213128,1.4487545,1.3828964,0.79918253,0.0,0.0,1.0,8.013387,4.586841,0.87734574,0.17941768,2.013014,1.0
1272,4.4358006,1.3585647,1.5788739,0.7580126,0.0,0.0,1.0,12.262572,4.166189,1.517134,0.1056086,1.1848977,1.0
1273,5.267619,1.2988708,1.5966636,0.67636615,0.0,0.0,1.0,12.262572,3.8877718,1.517134,0.17951061,2.0140567,1.0
1274,4.650244,1.1605164,1.5878558,0.7289675,0.0,0.0,1.0,12.262572,3.242476,1.517134,0.19969057,2.24047,1.0
1275,4.075443,1.066517,1.2331979,0.9021927,0.0,0.0,1.0,12.262572,2.8040555,1.517134,0.20459154,2.2954576,1.0
1276,3.8049743,1.0742623,1.4286323,0.79474837,0.0,0.0,1.0,12.262572,2.84018,1.517134,0.1756335,1.9705567,1.0
1277,4.5951047,1.1716205,1.5129695,0.67825407,0.0,0.0,1.0,12.262572,3.2942665,1.517134,0.18968648,2.128227,1.0
1278,4.7453218,1.1957484,1.4946543,0.694253,0.0,0.0,1.0,12.262572,3.406801,1.517134,0.18918155,2.122562,1.0
1279,4.257543,1.1277075,1.4648479,0.7178955,0.0,0.0,1.0,12.262572,3.0894527,1.517134,0.18541089,2.0802562,1.0
1280,5.5762086,1.3280377,1.495665,0.5929362,0.0,0.0,1.0,12.262572,4.0238085,1.517134,0.1873753,2.1022964,1.0
1281,5.73177,1.3683292,1.4763371,0.6710228,0.0,0.0,1.0,12.262572,4.211731,1.517134,0.18103501,2.03116,1.0
1282,5.918572,1.4090285,1.4599637,0.6710228,0.0,0.0,1.0,12.262572,4.401556,1.517134,0.17689648,1.984727,1.0
1283,6.203184,1.4517152,1.4474816,0.6710228,0.0,0.0,1.0,12.262572,4.6006503,1.517134,0.17783187,1.9952219,1.0
1284,6.116015,1.500688,1.4467806,0.41176534,0.0,0.0,1.0,12.262572,4.829063,1.517134,0.1569945,1.7614326,1.0
1285,4.8663626,1.3493849,1.3997806,0.9839795,0.0,0.0,1.0,12.262572,4.1233735,1.517134,0.13501488,1.5148276,1.0
1286,4.998574,1.360461,1.4772761,0.8145242,0.0,0.0,1.0,12.262572,4.175033,1.517134,0.13936031,1.5635821,1.0
1287,4.448336,1.3023975,1.2702957,0.8574157,0.0,0.0,1.0,11.0172415,3.9042206,1.3296279,0.12461897,1.3981886,1.0
1288,5.255421,1.4224694,1.3956409,0.8608254,0.0,0.0,1.0,6.5783224,4.4642453,0.661272,0.13425992,1.5063572,1.0
1289,5.8987722,1.4280664,1.3505262,0.74132097,0.0,0.0,1.0,5.933506,4.4903502,0.5641838,0.16900243,1.896158,1.0
1290,5.964092,1.4193118,1.3257328,0.7587551,0.0,0.0,1.0,4.6354756,4.4495177,0.36874288,0.17581068,1.9725446,1.0
1291,6.2957077,1.4126842,1.3347416,0.58409524,0.0,0.0,1.0,4.6354756,4.4186063,0.36874288,0.19731034,2.2137647,1.0
1292,6.2037735,1.4054164,1.3136239,0.7587551,0.0,0.0,1.0,3.982184,4.384709,0.27037853,0.19477601,2.1853302,1.0
1293,4.617887,1.2199297,1.2516978,0.8499841,0.0,0.0,1.0,3.982184,3.5195844,0.27037853,0.16859482,1.8915848,1.0
1294,4.747781,1.328043,1.3814986,0.8388554,0.0,0.0,1.0,3.3259873,4.0238333,0.17157681,0.1349449,1.5140425,1.0
1295,5.2016983,1.3496841,1.5508307,0.73569936,0.0,0.0,1.0,3.3259873,4.124769,0.17157681,0.15561606,1.7459668,1.0
1296,5.3730097,1.322968,1.3238537,0.30129662,0.0,0.0,1.0,3.3259873,4.000163,0.17157681,0.17652552,1.9805648,1.0
1297,5.3639255,1.3709427,1.3270367,0.4258674,0.0,0.0,1.0,2.6668453,4.223921,0.07233159,0.15785809,1.7711217,1.0
1298,5.033566,1.3197603,1.3207122,0.30129662,0.0,0.0,1.0,2.6668453,3.985202,0.07233159,0.15611921,1.7516121,1.0
1299,5.1236887,1.3553448,1.341402,0.277201,0.0,0.0,1.0,2.6668453,4.1511707,0.07233159,0.14878806,1.6693587,1.0
1300,5.416933,1.3739058,1.3485936,0.40265086,0.0,0.0,1.0,2.6668453,4.237741,0.07233159,0.15998878,1.7950275,1.0
1301,5.448535,1.3719612,1.3549358,0.40265086,0.0,0.0,1.0,2.6668453,4.228671,0.07233159,0.16259004,1.8242129,1.0
1302,5.2039633,1.3685788,1.3641273,0.277201,0.0,0.0,1.0,2.6668453,4.2128954,0.07233159,0.14903527,1.6721324,1.0
1303,5.0637007,1.367648,1.3674206,0.277201,0.0,0.0,1.0,2.6668453,4.2085543,0.07233159,0.14087263,1.5805498,1.0
1304,4.8953943,1.3539281,1.3685286,0.2783905,0.0,0.0,1.0,2.6668453,4.144563,0.07233159,0.1352621,1.5176014,1.0
1305,5.228414,1.3959706,1.3651938,0.38697818,0.0,0.0,1.0,2.0047174,4.340653,0.0,0.14121132,1.5843499,1.0
1306,5.1056657,1.3661613,1.3457614,0.38697818,0.0,0.0,1.0,0.40318567,4.20162,0.0,0.14392173,1.6147599,1.0
1307,5.094835,1.340941,1.3345282,0.4323952,0.0,0.0,1.0,0.16745287,4.08399,0.0,0.15215929,1.7071829,1.0
1308,4.994447,1.3313795,1.3372455,0.4323952,0.0,0.0,1.0,0.16745287,4.039395,0.0,0.14933784,1.6755271,1.0
1309,5.0852375,1.3299394,1.3513507,0.46886203,0.0,0.0,1.0,0.16745287,4.032678,0.0,0.15559547,1.7457358,1.0
1310,4.942923,1.3075112,1.3452002,0.43204823,0.0,0.0,1.0,0.16745287,3.9280713,0.0,0.15492098,1.7381682,1.0
1311,5.1755657,1.329003,1.3799695,0.4942012,0.0,0.0,1.0,0.3356785,4.028311,0.0,0.1616538,1.8137085,1.0
1312,5.2295146,1.3321015,1.4297793,0.53854895,0.0,0.0,1.0,0.3356785,4.0427623,0.0,0.1638825,1.8387139,1.0
1313,5.3226585,1.4978617,1.7261769,0.57495654,0.0,0.0,1.0,0.3356785,4.8158813,0.0,0.11592622,1.3006585,1.0
1314,5.4782915,1.4899383,1.5920097,0.5614965,0.0,0.0,1.0,0.3356785,4.7789254,0.0,0.1263959,1.4181252,1.0
1315,3.9013815,1.1611911,1.2359074,0.8708647,0.0,0.0,1.0,0.3356785,3.2456229,0.0,0.14058016,1.5772685,1.0
1316,2.8483617,0.98884004,1.322885,0.89906734,0.0,0.0,1.0,0.3356785,2.441764,0.0,0.13153334,1.4757657,1.0
1317,3.5640326,1.1645659,1.3993189,0.7978834,0.0,0.0,1.0,0.3356785,3.2613633,0.0,0.11276192,1.2651559,1.0
1318,3.5994127,1.1815859,1.2232052,0.9080995,0.0,0.0,1.0,0.3356785,3.340746,0.0,0.10884619,1.2212225,1.0
1319,6.5447273,1.78753,1.6771193,0.61386836,0.0,0.0,1.0,0.3356785,6.1669164,0.0,0.104730025,1.1750404,1.0
1320,3.4397962,1.124037,1.4290187,0.7356546,0.0,0.0,1.0,0.3356785,3.0723333,0.0,0.11958648,1.3417255,1.0
1321,4.4549017,1.1434348,1.3302273,0.7554203,0.0,0.0,1.0,0.50929254,3.162806,0.0,0.19316223,2.167224,1.0
1322,4.811549,1.2319807,1.3297102,0.59053904,0.0,0.0,1.0,0.51398224,3.5757911,0.0,0.17713475,1.9874003,1.0
1323,4.4366417,1.2313479,1.3073456,0.549125,0.0,0.0,1.0,0.5833978,3.5728397,0.0,0.15069634,1.690769,1.0
1324,4.523569,1.2864335,1.3551915,0.5939694,0.0,0.0,1.0,0.67910635,3.8297632,0.0,0.13526236,1.5176042,1.0
1325,4.620965,1.2879941,1.5014818,0.57025224,0.0,0.0,1.0,0.6837856,3.8370423,0.0,0.14115565,1.5837252,1.0
1326,3.9735692,1.1806136,1.2173883,0.5544125,0.0,0.0,1.0,0.8198067,3.3362112,0.0,0.13777858,1.5458355,1.0
1327,3.6057973,1.1739036,1.1658775,0.3351374,0.0,0.0,1.0,1.0187129,3.304915,0.0,0.11231279,1.2601167,1.0
1328,3.2356157,1.0690603,1.2718748,0.6679798,0.0,0.0,1.0,1.0187129,2.8159177,0.0,0.12708375,1.4258426,1.0
1329,4.2115846,1.2752995,1.4936119,0.67114747,0.0,0.0,1.0,1.0187129,3.7778337,0.0,0.11836689,1.328042,1.0
1330,3.663844,1.1956193,1.1631037,0.68922246,0.0,0.0,1.0,1.0187129,3.406199,0.0,0.10839091,1.2161144,1.0
1331,3.8185987,1.2172029,1.1946989,0.7378021,0.0,0.0,1.0,1.0187129,3.5068665,0.0,0.11176556,1.2539771,1.0
1332,4.7126455,1.3344088,1.5858835,0.47583124,0.0,0.0,1.0,1.0187129,4.0535235,0.0,0.1305368,1.4645848,1.0
1333,6.0116677,1.4800268,1.604812,0.49809423,0.0,0.0,1.0,1.0187129,4.7326975,0.0,0.15794685,1.7721177,1.0
1334,3.6087375,1.1047361,1.1073581,0.7503073,0.0,0.0,1.0,1.0187129,2.9823124,0.0,0.14261812,1.6001338,1.0
1335,4.7031612,1.2177621,1.2253165,0.53705496,0.0,0.0,1.0,1.0187129,3.5094745,0.0,0.17574498,1.9718075,1.0
1336,4.7171917,1.277369,1.2573453,0.72545457,0.0,0.0,1.0,1.3614607,3.7874858,0.0,0.1516382,1.7013364,1.0
1337,4.3894844,1.2500544,1.1947974,0.46165583,0.0,0.0,1.0,1.3614607,3.660088,0.0,0.1398773,1.5693825,1.0
1338,3.5142214,1.1003035,1.1637932,0.62507886,0.0,0.0,1.0,1.3614607,2.9616385,0.0,0.13664226,1.5330864,1.0
1339,3.8872395,1.1551871,1.25361,0.6198374,0.0,0.0,1.0,1.3614607,3.21762,0.0,0.14212495,1.5946006,1.0
1340,3.988388,1.1567854,1.2444812,0.8703617,0.0,0.0,1.0,1.3614607,3.2250743,0.0,0.1494006,1.6762313,1.0
1341,3.4125283,1.106167,1.2246943,0.8962752,0.0,0.0,1.0,1.3614607,2.988986,0.0,0.12521358,1.4048599,1.0
1342,3.9409516,1.1715804,1.2547325,0.82534784,0.0,0.0,1.0,1.3614607,3.2940795,0.0,0.13913634,1.5610693,1.0
1343,4.0592756,1.135791,1.1855011,0.8140253,0.0,0.0,1.0,1.3614607,3.1271546,0.0,0.16503441,1.8516381,1.0
1344,3.8392541,1.1367147,1.2802788,0.842884,0.0,0.0,1.0,1.3614607,3.131463,0.0,0.1466872,1.6457876,1.0
1345,3.278617,1.0466459,1.1110349,0.82089996,0.0,0.0,1.0,1.3614607,2.711375,0.0,0.14240459,1.5977379,1.0
1346,3.5563319,1.1160553,1.1212661,0.70587265,0.0,0.0,1.0,1.3614607,3.0351057,0.0,0.13286123,1.4906642,1.0
1347,3.6129382,1.0776054,1.3383794,0.7429356,0.0,0.0,1.0,1.5815115,2.8557725,0.0,0.15664658,1.757529,1.0
1348,4.554391,1.2791001,1.5245383,0.8167451,0.0,0.0,1.0,1.023489,3.7955594,0.0,0.14004086,1.5712177,1.0
1349,3.403893,1.089558,1.1574069,0.6428149,0.0,0.0,1.0,1.023489,2.9115205,0.0,0.13219388,1.4831768,1.0
1350,4.937652,1.3560812,1.4015481,0.82748747,0.0,0.0,1.0,1.023489,4.154606,0.0,0.1371252,1.5385047,1.0
1351,7.11854,1.6245568,1.6145697,0.78803205,0.0,0.0,1.0,1.023489,5.4067965,0.0,0.16975003,1.9045459,1.0
1352,4.6732445,1.3026291,1.4189817,0.54460883,0.0,0.0,1.0,1.023489,3.9053009,0.0,0.13920437,1.5618324,1.0
1353,4.4836555,1.2902361,1.3916203,0.75643504,0.0,0.0,1.0,1.023489,3.847499,0.0,0.1312341,1.4724083,1.0
1354,3.413718,1.0049927,1.4083548,0.7442159,0.0,0.0,1.0,1.023489,2.5171015,0.0,0.17983913,2.0177426,1.0
1355,6.1474023,1.4394441,1.6976362,0.73244345,0.0,0.0,1.0,1.023489,4.5434165,0.0,0.1790307,2.0086722,1.0
1356,3.991717,1.0900112,1.5114963,0.76506484,0.0,0.0,1.0,2.0054276,2.9136345,0.0,0.18335414,2.05718,1.0
1357,5.3178697,1.3017629,1.5872695,0.7525321,0.0,0.0,1.0,2.9884844,3.9012609,0.12075991,0.18159771,2.0374734,1.0
1358,6.417872,1.5755756,1.476762,0.69001,0.0,0.0,1.0,4.5981064,5.1783447,0.3631163,0.15008475,1.6839072,1.0
1359,5.7088366,1.3094971,1.2926891,0.8011705,0.0,0.0,1.0,8.498899,3.9373338,0.95044804,0.20370391,2.2854986,1.0
1360,5.6479087,1.3126462,1.2822373,0.80931515,0.0,0.0,1.0,8.498899,3.9520211,0.95044804,0.19840574,2.2260547,1.0
1361,6.744608,1.5152798,1.6682839,0.7594802,0.0,0.0,1.0,9.1333275,4.89712,1.0459721,0.18519965,2.077886,1.0
1362,5.853089,1.2858242,1.2566745,0.8357711,0.0,0.0,1.0,9.765183,3.8269212,1.141109,0.22395568,2.5127175,1.0
1363,5.192184,1.4265465,1.3247697,0.8302801,0.0,0.0,1.0,9.765183,4.483261,1.141109,0.12939644,1.4517903,1.0
1364,5.837539,1.5717387,1.46228,0.8902757,0.0,0.0,1.0,10.394504,5.160449,1.2358639,0.122541405,1.3748789,1.0
1365,4.048792,1.1365465,1.2880938,0.7791867,0.0,0.0,1.0,11.021326,3.1306787,1.3302429,0.16380952,1.8378952,1.0
1366,3.8434687,1.1609579,1.2712321,0.84509087,0.0,0.0,1.0,11.021326,3.2445354,1.3302429,0.13613735,1.5274215,1.0
1367,5.3805995,1.2595905,1.2240484,0.766169,0.0,0.0,1.0,11.645684,3.7045655,1.4242508,0.2043404,2.2926397,1.0
1368,5.1215043,1.3300235,1.3697517,0.8210312,0.0,0.0,1.0,8.013387,4.0330706,0.87734574,0.15785414,1.7710775,1.0
1369,5.9431973,1.3701783,1.4997518,0.68521875,0.0,0.0,1.0,12.262572,4.2203555,1.517134,0.1930842,2.1663485,1.0
1370,5.2290797,1.2483553,1.5272505,0.67825407,0.0,0.0,1.0,12.262572,3.6521635,1.517134,0.1990823,2.2336454,1.0
1371,4.382948,1.1072773,1.5494294,0.65739423,0.0,0.0,1.0,12.262572,2.9941647,1.517134,0.207245,2.3252287,1.0
1372,3.4832404,0.99273264,1.3320518,0.79474837,0.0,0.0,1.0,12.262572,2.4599195,1.517134,0.19506434,2.188565,1.0
1373,3.4046004,0.9553592,1.4592847,0.72740257,0.0,0.0,1.0,12.262572,2.2856069,1.517134,0.21380302,2.3988075,1.0
1374,3.5765498,0.99261683,1.4506227,0.67825407,0.0,0.0,1.0,12.262572,2.4593794,1.517134,0.20480514,2.297854,1.0
1375,4.2597265,1.0849242,1.4220802,0.694253,0.0,0.0,1.0,12.262572,2.8899083,1.517134,0.209835,2.3542874,1.0
1376,6.8347135,1.4775035,1.425171,0.277201,0.0,0.0,1.0,12.262572,4.7209287,1.517134,0.2031496,2.2792792,1.0
1377,6.731562,1.4663335,1.3989903,0.43428218,0.0,0.0,1.0,12.262572,4.668831,1.517134,0.20163728,2.2623115,1.0
1378,5.3462625,1.2432787,1.3695776,0.6779467,0.0,0.0,1.0,12.262572,3.6284862,1.517134,0.20968561,2.3526115,1.0
1379,6.5342183,1.4465079,1.3836967,0.277201,0.0,0.0,1.0,12.262572,4.576363,1.517134,0.19807467,2.22234,1.0
1380,5.7150855,1.3226693,1.3429248,0.67794675,0.0,0.0,1.0,12.262572,3.9987698,1.517134,0.19842911,2.2263167,1.0
1381,5.8793006,1.3771256,1.3551607,0.4283051,0.0,0.0,1.0,12.262572,4.2527585,1.517134,0.1865257,2.0927641,1.0
1382,5.686798,1.346656,1.3208957,0.43428218,0.0,0.0,1.0,12.262572,4.110646,1.517134,0.18677129,2.0955195,1.0
1383,5.953762,1.3911282,1.3183229,0.277201,0.0,0.0,1.0,12.262572,4.3180676,1.517134,0.1855924,2.0822926,1.0
1384,5.855451,1.3691775,1.2993498,0.30393243,0.0,0.0,1.0,12.262572,4.2156878,1.517134,0.18818086,2.1113346,1.0
1385,5.6514015,1.3591404,1.2864709,0.49247912,0.0,0.0,1.0,9.1305,4.168874,1.0455464,0.17968847,2.0160522,1.0
1386,5.5381866,1.3491182,1.259335,0.73077863,0.0,0.0,1.0,5.933506,4.12213,0.5641838,0.176609,1.9815015,1.0
1387,5.4748507,1.3424128,1.2652938,0.74132097,0.0,0.0,1.0,5.2859035,4.090855,0.46667603,0.175282,1.9666129,1.0
1388,5.027732,1.2987325,1.3912528,0.7583139,0.0,0.0,1.0,4.6354756,3.887127,0.36874288,0.16385235,1.8383756,1.0
1389,4.6553917,1.2879151,1.4963582,0.7219446,0.0,0.0,1.0,3.982184,3.8366735,0.27037853,0.14347017,1.6096935,1.0
1390,3.895917,1.1140647,1.4025849,0.814032,0.0,0.0,1.0,3.982184,3.0258217,0.27037853,0.1623563,1.8215904,1.0
1391,4.403732,1.1629909,1.2744257,0.7107671,0.0,0.0,1.0,3.982184,3.2540174,0.27037853,0.17910361,2.0094903,1.0
1392,4.002414,1.1714783,1.4053277,0.8206276,0.0,0.0,1.0,3.3259873,3.2936032,0.17157681,0.14393255,1.6148813,1.0
1393,5.3565454,1.3141242,1.3149453,0.5072201,0.0,0.0,1.0,3.3259873,3.958915,0.17157681,0.17903028,2.0086677,1.0
1394,5.3882303,1.3143038,1.315648,0.59800917,0.0,0.0,1.0,3.3259873,3.9597523,0.17157681,0.18099514,2.0307126,1.0
1395,5.4248233,1.3314496,1.3143333,0.5956351,0.0,0.0,1.0,2.6668453,4.039722,0.07233159,0.17644219,1.97963,1.0
1396,4.765681,1.2910645,1.2237535,0.7853426,0.0,0.0,1.0,2.6668453,3.8513627,0.07233159,0.149584,1.6782888,1.0
1397,6.225315,1.5404027,1.428025,0.7853611,0.0,0.0,1.0,2.6668453,5.014295,0.07233159,0.15063125,1.6900387,1.0
1398,5.8943934,1.6580234,1.5345573,0.7890955,0.0,0.0,1.0,2.6668453,5.562887,0.07233159,0.10430434,1.1702644,1.0
1399,4.2879395,1.2526525,1.270897,0.6137896,0.0,0.0,1.0,2.6668453,3.6722062,0.07233159,0.1318277,1.4790684,1.0
1400,3.2623417,1.1218978,1.3384869,0.8728112,0.0,0.0,1.0,2.6668453,3.062356,0.07233159,0.10575893,1.1865844,1.0
1401,5.2472606,1.4079938,1.5446304,0.71920776,0.0,0.0,1.0,2.6668453,4.39673,0.07233159,0.13839072,1.5527035,1.0
1402,3.5821142,1.0779197,1.2689304,0.84254134,0.0,0.0,1.0,2.6668453,2.8572388,0.07233159,0.15373403,1.724851,1.0
1403,5.4817367,1.3708074,1.3304417,0.38697818,0.0,0.0,1.0,0.44791836,4.22329,0.0,0.1650101,1.8513652,1.0
1404,5.6193585,1.6540965,1.6751605,0.64540815,0.0,0.0,1.0,0.26792887,5.5445724,0.0,0.092563696,1.0385377,1.0
1405,4.6770506,1.2367592,1.5130041,0.82620555,0.0,0.0,1.0,0.26792887,3.5980785,0.0,0.1654931,1.8567843,1.0
1406,4.976359,1.3102756,1.3048202,0.5642331,0.0,0.0,1.0,0.26792887,3.9409645,0.0,0.15603314,1.7506464,1.0
1407,4.894917,1.3338233,1.3084483,0.46320426,0.0,0.0,1.0,0.65941656,4.050793,0.0,0.14219491,1.5953854,1.0
1408,5.152875,1.3593686,1.3160204,0.6948988,0.0,0.0,1.0,1.0482538,4.169938,0.0,0.14915586,1.6734853,1.0
1409,5.008383,1.3840271,1.3355529,0.411109,0.0,0.0,1.0,1.3047701,4.2849474,0.0,0.13212258,1.4823768,1.0
1410,4.0383615,1.1974951,1.2040851,0.7651432,0.0,0.0,1.0,1.4322386,3.4149475,0.0,0.13561709,1.5215843,1.0
1411,4.5223055,1.2752485,1.2725834,0.7512863,0.0,0.0,1.0,1.5591904,3.7775958,0.0,0.13933097,1.5632529,1.0
1412,4.492028,1.2963799,1.2704219,0.6861341,0.0,0.0,1.0,1.6856325,3.8761542,0.0,0.12959029,1.4539653,1.0
1413,5.0841627,1.3112679,1.2609504,0.8036577,0.0,0.0,1.0,1.6856325,3.9455926,0.0,0.16261373,1.8244787,1.0
1414,5.611066,1.4166319,1.2753105,0.57025224,0.0,0.0,1.0,1.8115729,4.437019,0.0,0.15651098,1.7560076,1.0
1415,5.808822,1.4118586,1.2681491,0.77011025,0.0,0.0,1.0,1.8115729,4.4147553,0.0,0.16954206,1.9022125,1.0
1416,5.1215477,1.3949877,1.3258868,0.5957038,0.0,0.0,1.0,1.9370183,4.3360686,0.0,0.13525945,1.5175716,1.0
1417,6.024456,1.4163014,1.3233407,0.74508244,0.0,0.0,1.0,1.9589081,4.4354773,0.0,0.18035685,2.0235512,1.0
1418,7.2301736,1.4707084,1.3966858,0.65064365,0.0,0.0,1.0,2.3411767,4.6892357,0.023296567,0.22711721,2.548189,1.0
1419,5.753043,1.376014,1.4144609,0.67126,0.0,0.0,1.0,2.6306226,4.247574,0.06687764,0.17938598,2.0126584,1.0
1420,6.8642125,1.5962311,1.5531778,0.5475486,0.0,0.0,1.0,3.0035837,5.2746835,0.12303337,0.16586898,1.8610016,1.0
1421,6.1169176,1.6194054,1.5842507,0.4942012,0.0,0.0,1.0,4.1807847,5.38277,0.30028132,0.123860724,1.3896812,1.0
1422,6.8075047,1.6253974,1.6224418,0.5593621,0.0,0.0,1.0,5.1908684,5.4107175,0.45236686,0.15486826,1.7375767,1.0
1423,5.8765635,1.5540339,1.5637572,0.635049,0.0,0.0,1.0,5.1908684,5.0778723,0.45236686,0.12918302,1.4493959,1.0
1424,6.708824,1.5349336,1.5442953,0.7306044,0.0,0.0,1.0,5.1908684,4.988787,0.45236686,0.1769286,1.9850873,1.0
1425,4.4065027,1.3370667,1.6478884,0.68973804,0.0,0.0,1.0,5.1908684,4.0659204,0.45236686,0.11045999,1.2393289,1.0
1426,5.6786666,1.5445828,1.557292,0.57031184,0.0,0.0,1.0,5.1908684,5.033792,0.45236686,0.12175236,1.366026,1.0
1427,5.440838,1.5832961,1.5296557,0.5978376,0.0,0.0,1.0,5.1908684,5.2143536,0.45236686,0.100189686,1.1240991,1.0
1428,5.692517,1.5692807,1.5762765,0.6015547,0.0,0.0,1.0,5.1908684,5.148985,0.45236686,0.11601041,1.3016031,1.0
1429,5.717237,1.502228,1.5134145,0.554475,0.0,0.0,1.0,5.1908684,4.8362455,0.45236686,0.13551773,1.5204694,1.0
1430,5.930859,1.4595438,1.4990927,0.62932926,0.0,0.0,1.0,4.024168,4.637163,0.27669996,0.16017331,1.7970979,1.0
1431,5.825403,1.4319853,1.4937739,0.59291005,0.0,0.0,1.0,3.244606,4.508628,0.15932344,0.16350228,1.8344479,1.0
1432,5.7208695,1.4118942,1.4802505,0.59291005,0.0,0.0,1.0,3.244606,4.4149218,0.15932344,0.16445631,1.8451519,1.0
1433,5.349789,1.37878,1.4645399,0.580857,0.0,0.0,1.0,2.6890495,4.2604747,0.07567482,0.15423858,1.7305119,1.0
1434,5.1140556,1.3810793,1.4230442,0.5803823,0.0,0.0,1.0,2.2714448,4.2711987,0.012797218,0.139381,1.5638143,1.0
1435,5.1335487,1.337641,1.3948926,0.50238794,0.0,0.0,1.0,2.2714448,4.068599,0.012797218,0.15578414,1.7478527,1.0
1436,5.0121903,1.3485478,1.4613038,0.5956113,0.0,0.0,1.0,2.2714448,4.119469,0.012797218,0.14431438,1.6191653,1.0
1437,4.0755477,1.2601291,1.3189522,0.5595555,0.0,0.0,1.0,1.1521989,3.7070775,0.0,0.11444056,1.2839898,1.0
1438,4.1558647,1.246717,1.347632,0.66082525,0.0,0.0,1.0,0.6626265,3.6445222,0.0,0.12485794,1.4008697,1.0
1439,4.1503963,1.2388537,1.273869,0.7004013,0.0,0.0,1.0,0.49804652,3.6078472,0.0,0.1274238,1.4296578,1.0
1440,4.0305524,1.2310046,1.191162,0.6904646,0.0,0.0,1.0,0.50471956,3.5712385,0.0,0.121881105,1.3674705,1.0
1441,4.0886073,1.2297807,1.3611591,0.87301385,0.0,0.0,1.0,0.50471956,3.56553,0.0,0.12648763,1.4191543,1.0
1442,3.7688904,1.2733821,1.0924604,0.6835023,0.0,0.0,1.0,0.50471956,3.7688904,0.0,0.08739441,0.9805398,0.0
1443,4.1730947,1.3073784,1.3197842,0.417179,0.0,0.0,1.0,0.50919795,3.9274518,0.0,0.10505623,1.1787003,1.0
1444,4.260469,1.2756431,1.5946368,0.79034126,0.0,0.0,1.0,0.5832524,3.779436,0.0,0.12154028,1.3636465,1.0
1445,3.644284,1.1628252,1.3265911,0.75008684,0.0,0.0,1.0,0.67449075,3.2532446,0.0,0.11973823,1.343428,1.0
1446,4.620789,1.3195466,1.4297321,0.6229815,0.0,0.0,1.0,0.67449075,3.9842052,0.0,0.12981665,1.4565051,1.0
1447,4.6117506,1.2834827,1.315139,0.74157315,0.0,0.0,1.0,0.56632406,3.8160005,0.0,0.1422318,1.5957994,1.0
1448,4.695107,1.3124211,1.4511545,0.7622085,0.0,0.0,1.0,0.4547055,3.9509714,0.0,0.13709103,1.5381213,1.0
1449,4.6432815,1.2974176,1.4029292,0.8546376,0.0,0.0,1.0,0.5432088,3.880994,0.0,0.13914688,1.5611874,1.0
1450,6.8092494,1.633213,1.6470124,0.73111,0.0,0.0,1.0,1.0140436,5.4471703,0.0,0.15280575,1.7144359,1.0
1451,5.8105927,1.43011,1.406605,0.8224011,0.0,0.0,1.0,1.0140436,4.4998817,0.0,0.16330364,1.8322192,1.0
1452,5.6784983,1.4190426,1.3486196,0.8206134,0.0,0.0,1.0,1.0140436,4.448262,0.0,0.15955737,1.7901872,1.0
1453,5.2588286,1.3959619,1.5022478,0.7366049,0.0,0.0,1.0,1.0140436,4.3406124,0.0,0.14299855,1.6044021,1.0
1454,4.7306714,1.2617759,1.5356718,0.6149297,0.0,0.0,1.0,1.1268871,3.7147582,0.0,0.1587717,1.7813722,1.0
1455,4.991768,1.3547971,1.5577074,0.6049355,0.0,0.0,1.0,0.68061596,4.1486163,0.0,0.14088394,1.5806767,1.0
1456,3.7942922,1.1794491,1.6602995,0.71961236,0.0,0.0,1.0,0.68061596,3.3307796,0.0,0.124566615,1.3976011,1.0
1457,6.26354,1.688238,1.6078887,0.7581291,0.0,0.0,1.0,0.68061596,5.703811,0.0,0.11411867,1.2803782,1.0
1458,5.913436,1.6062036,1.6479925,0.52618426,0.0,0.0,1.0,0.68061596,5.3211956,0.0,0.11747142,1.3179951,1.0
1459,3.9555001,1.1642526,1.1865377,0.8018208,0.0,0.0,1.0,0.68061596,3.2599022,0.0,0.14346692,1.609657,1.0
1460,4.799635,1.2810225,1.327069,0.7449447,0.0,0.0,1.0,0.68061596,3.804526,0.0,0.15573595,1.7473121,1.0
1461,4.28679,1.2481077,1.585401,0.69511414,0.0,0.0,1.0,0.68061596,3.6510086,0.0,0.13347393,1.4975387,1.0
1462,3.0859542,1.0774356,1.7258372,0.78810155,0.0,0.0,1.0,0.68061596,2.8549807,0.0,0.10973089,1.2311486,1.0
1463,4.9825487,1.25368,1.4713719,0.6973621,0.0,0.0,1.0,0.68061596,3.6769984,0.0,0.17954595,2.0144532,1.0
1464,4.5391717,1.2718089,1.5562062,0.5718679,0.0,0.0,1.0,0.68061596,3.7615528,0.0,0.14177302,1.5906519,1.0
1465,4.83584,1.3511701,1.5586278,0.5743334,0.0,0.0,1.0,2.6628644,4.1316996,0.07173221,0.132528,1.4869256,1.0
1466,4.795448,1.362036,1.5579656,0.68100756,0.0,0.0,1.0,3.3144894,4.1823792,0.16984558,0.12645699,1.4188106,1.0
1467,3.8494997,1.2723018,1.3094462,0.92169917,0.0,0.0,1.0,3.6218503,3.763852,0.21612407,0.09492364,1.0650156,1.0
1468,5.3148637,1.3658473,1.4857153,0.7295954,0.0,0.0,1.0,3.9251444,4.2001557,0.26179025,0.15671322,1.7582766,1.0
1469,4.2044306,1.366764,1.3504901,0.48913416,0.0,0.0,1.0,4.243453,4.2044306,0.30971712,0.05956972,0.6683549,0.0
1470,4.2549586,1.3775973,1.3118505,0.84494716,0.0,0.0,1.0,4.243453,4.2549586,0.30971712,0.07887258,0.88492733,0.0
1471,5.3412976,1.3856761,1.3090516,0.57025224,0.0,0.0,1.0,4.5604987,4.292639,0.35745382,0.15133888,1.6979781,1.0
1472,5.5651746,1.3915898,1.2900751,0.5932352,0.0,0.0,1.0,4.876298,4.3202205,0.40500283,0.16251229,1.8233405,1.0
1473,4.901199,1.3950366,1.3604069,0.53854895,0.0,0.0,1.0,4.876298,4.3362966,0.40500283,0.122303404,1.3722086,1.0
1474,4.736233,1.4807849,1.4716926,0.7576862,0.0,0.0,1.0,5.1908684,4.736233,0.45236686,0.078147255,0.87678945,0.0
1475,6.4033623,1.4597845,1.520333,0.47440654,0.0,0.0,1.0,5.1908684,4.638286,0.45236686,0.18603614,2.0872712,1.0
1476,6.194548,1.53302,1.5405842,0.50827104,0.0,0.0,1.0,5.1908684,4.979862,0.45236686,0.15124395,1.6969131,1.0
1477,5.9878225,1.5466996,1.5026939,0.59641916,0.0,0.0,1.0,5.5042276,5.043665,0.4995485,0.13679925,1.5348477,1.0
1478,5.938129,1.5436877,1.5108086,0.6824938,0.0,0.0,1.0,5.5042276,5.029617,0.4995485,0.13512763,1.5160927,1.0
1479,7.101744,1.5942587,1.6441561,0.47287452,0.0,0.0,1.0,5.5042276,5.265484,0.4995485,0.17793569,1.9963866,1.0
1480,6.7387896,1.6203356,1.6183487,0.6292358,0.0,0.0,1.0,5.5042276,5.387109,0.4995485,0.15302417,1.7168865,1.0
1481,5.956292,1.5841371,1.657437,0.72361135,0.0,0.0,1.0,5.5042276,5.218276,0.4995485,0.12514435,1.4040831,1.0
1482,6.0719724,1.5312072,1.5768334,0.7090522,0.0,0.0,1.0,5.5042276,4.971407,0.4995485,0.14550394,1.6325117,1.0
1483,6.0978823,1.578546,1.632358,0.58913964,0.0,0.0,1.0,5.5042276,5.192199,0.4995485,0.13354851,1.4983754,1.0
1484,6.596446,1.5829537,1.6663314,0.6051187,0.0,0.0,1.0,5.5042276,5.2127566,0.4995485,0.15672497,1.7584085,1.0
1485,4.6210217,1.3064104,1.4691199,0.72216314,0.0,0.0,1.0,4.275196,3.9229372,0.31449658,0.1344444,1.508427,1.0
1486,4.510216,1.279147,1.5868775,0.7182731,0.0,0.0,1.0,3.4539855,3.7957785,0.19084913,0.13705958,1.5377686,1.0
1487,6.0801725,1.5584241,1.5379046,0.47905433,0.0,0.0,1.0,3.4539855,5.0983486,0.19084913,0.13816935,1.5502198,1.0
1488,6.2105546,1.5433229,1.5312526,0.70331216,0.0,0.0,1.0,3.4539855,5.0279155,0.19084913,0.1490272,1.6720418,1.0
1489,5.2700386,1.3741417,1.5144657,0.590649,0.0,0.0,1.0,3.4539855,4.238841,0.19084913,0.15107942,1.695067,1.0
1490,5.420769,1.3662376,1.5140663,0.65927935,0.0,0.0,1.0,3.4539855,4.201976,0.19084913,0.16299187,1.8287213,1.0
1491,4.3941607,1.2406024,1.4436377,0.8565449,0.0,0.0,1.0,3.4539855,3.6160033,0.19084913,0.14392996,1.6148522,1.0
1492,4.7132454,1.2688107,1.4288183,0.8596374,0.0,0.0,1.0,3.4539855,3.7475693,0.19084913,0.15474826,1.7362304,1.0
1493,4.5586267,1.2477387,1.3080019,0.83290416,0.0,0.0,1.0,3.4539855,3.6492877,0.19084913,0.1525842,1.7119502,1.0
1494,4.6775107,1.2909876,1.4636805,0.63301474,0.0,0.0,1.0,1.7556282,3.851004,0.0,0.143783,1.6132034,1.0
1495,4.1550946,1.1814959,1.3739164,0.74024713,0.0,0.0,1.0,1.1043303,3.340326,0.0,0.15124379,1.6969112,1.0
1496,4.06517,1.1691217,1.3411846,0.6929272,0.0,0.0,1.0,0.88538283,3.282612,0.0,0.14983705,1.681128,1.0
1497,3.6762328,1.1710199,1.335164,0.50150144,0.0,0.0,1.0,0.66548944,3.2914653,0.0,0.11889756,1.3339959,1.0
1498,3.4436655,1.1838113,1.260042,0.614441,0.0,0.0,1.0,0.66548944,3.3511252,0.0,0.09616105,1.078899,1.0
1499,3.9152393,1.1856214,1.3031086,0.66469,0.0,0.0,1.0,0.4446368,3.3595676,0.0,0.13124858,1.4725708,1.0
1500,3.996555,1.2502121,1.3191651,0.77445173,0.0,0.0,1.0,0.4446368,3.6608236,0.0,0.112483,1.2620265,1.0
1501,4.3227034,1.2369943,1.3619779,0.824692,0.0,0.0,1.0,0.2238117,3.5991747,0.0,0.140321,1.5743607,1.0
1502,4.3578424,1.2388663,1.3669662,0.8734481,0.0,0.0,1.0,0.2238117,3.6079063,0.0,0.14206098,1.5938828,1.0
1503,4.7750726,1.250933,1.2897573,0.84316784,0.0,0.0,1.0,0.2238117,3.6641865,0.0,0.16633335,1.8662117,1.0
1504,3.8966334,1.2096244,1.3877954,0.8761932,0.0,0.0,1.0,0.451651,3.4715197,0.0,0.12031317,1.3498787,1.0
1505,3.4812157,1.1275802,1.349643,0.7491321,0.0,0.0,1.0,0.451651,3.0888588,0.0,0.12147585,1.3629236,1.0
1506,5.3065276,1.4201351,1.3664347,0.80888367,0.0,0.0,1.0,1.7674216,4.453358,0.0,0.13791518,1.5473682,1.0
1507,6.7762785,1.4043446,1.3776777,0.8571451,0.0,0.0,1.0,2.200015,4.3797097,0.002042239,0.228475,2.563423,1.0
1508,5.2961893,1.340746,1.3194828,0.7804528,0.0,0.0,1.0,2.414993,4.0830812,0.034410886,0.16478808,1.8488742,1.0
1509,4.9901767,1.3852112,1.3768872,0.84847176,0.0,0.0,1.0,2.6291084,4.29047,0.06664965,0.13065884,1.4659541,1.0
1510,6.4853187,1.4409049,1.4385793,0.65059537,0.0,0.0,1.0,2.8423738,4.5502295,0.09876044,0.19742627,2.2150652,1.0
1511,6.5825777,1.4661973,1.4630177,0.6484462,0.0,0.0,1.0,2.8423738,4.6681952,0.09876044,0.19356002,2.1716871,1.0
1512,5.9687757,1.5326344,1.4720938,0.82744235,0.0,0.0,1.0,3.7721698,4.9780636,0.23875728,0.13980898,1.568616,1.0
1513,5.8411303,1.5120882,1.4495848,0.69387865,0.0,0.0,1.0,4.876298,4.882234,0.40500283,0.13914421,1.5611575,1.0
1514,5.9730906,1.5482628,1.5501819,0.7679509,0.0,0.0,1.0,5.1908684,5.050956,0.45236686,0.13562015,1.5216185,1.0
1515,6.742663,1.3661766,1.4385058,0.88478,0.0,0.0,1.0,5.1908684,4.201691,0.45236686,0.24313079,2.7278566,1.0
1516,7.905238,1.5832316,1.5883818,0.6572371,0.0,0.0,1.0,5.5042276,5.2140527,0.4995485,0.22056617,2.474688,1.0
1517,8.421888,1.621311,1.5852318,0.71631604,0.0,0.0,1.0,5.5042276,5.391658,0.4995485,0.23224999,2.6057773,1.0
1518,8.095572,1.6601844,1.6484121,0.77870584,0.0,0.0,1.0,5.5042276,5.5729666,0.4995485,0.20439811,2.2932873,1.0
1519,8.652653,1.6956235,1.7194312,0.4353034,0.0,0.0,1.0,5.5042276,5.7382574,0.4995485,0.21846472,2.4511104,1.0
1520,8.917427,1.7335649,1.7502352,0.58409524,0.0,0.0,1.0,5.5042276,5.915219,0.4995485,0.21837588,2.4501138,1.0
1521,3.4456053,1.0758369,1.2600738,0.7864891,0.0,0.0,1.0,4.275196,2.8475242,0.31449658,0.14261523,1.6001014,1.0
1522,6.6434774,1.5218351,1.7092596,0.83744246,0.0,0.0,1.0,3.4539855,4.927695,0.19084913,0.17779726,1.9948335,1.0
1523,7.389137,1.6339325,1.790035,0.5547339,0.0,0.0,1.0,3.4539855,5.4505258,0.19084913,0.1797027,2.016212,1.0
1524,6.8738317,1.5495594,1.6993599,0.86355954,0.0,0.0,1.0,3.4539855,5.057003,0.19084913,0.18061835,2.0264852,1.0
1525,6.5757093,1.5410384,1.6272439,0.8211967,0.0,0.0,1.0,3.4539855,5.0172606,0.19084913,0.16822883,1.8874785,1.0
1526,6.7416635,1.5502851,1.7454102,0.8510448,0.0,0.0,1.0,2.868748,5.0603876,0.10273152,0.17373574,1.9492644,1.0
1527,9.450023,1.7020426,1.7185404,0.7252659,0.0,0.0,1.0,2.4288325,5.7681966,0.036494657,0.25167385,2.8237073,1.0
1528,8.636607,1.6896065,1.731128,0.65445834,0.0,0.0,1.0,2.4288325,5.7101936,0.036494657,0.21963632,2.4642556,1.0
1529,9.116397,1.7250628,1.7857568,0.45786044,0.0,0.0,1.0,2.4288325,5.8755646,0.036494657,0.2295904,2.5759375,1.0
1530,8.674145,1.7080654,1.7763579,0.45786044,0.0,0.0,1.0,2.4288325,5.7962875,0.036494657,0.21556455,2.4185715,1.0
1531,7.6205883,1.6919763,1.7500613,0.7589067,0.0,0.0,1.0,2.0874393,5.7212467,0.0,0.17366898,1.9485154,1.0
1532,8.22824,1.6664658,1.7427161,0.45786044,0.0,0.0,1.0,1.8137145,5.6022635,0.0,0.20849404,2.3392425,1.0
1533,7.9793086,1.6080785,1.698374,0.64808756,0.0,0.0,1.0,1.8137145,5.329941,0.0,0.21571039,2.4202077,1.0
1534,5.2994356,1.3430736,1.4683287,0.7884049,0.0,0.0,1.0,1.360088,4.093937,0.0,0.16411415,1.8413129,1.0
1535,7.0913825,1.581231,1.6506172,0.650825,0.0,0.0,1.0,0.4476375,5.204722,0.0,0.18143842,2.0356863,1.0
1536,7.5733843,1.5501578,1.6407287,0.6310346,0.0,0.0,1.0,0.47803673,5.059794,0.0,0.21563512,2.4193633,1.0
1537,5.8655605,1.5454496,1.5604063,0.48158678,0.0,0.0,1.0,0.67449075,5.0378346,0.0,0.13096899,1.4694339,1.0
1538,4.5694504,1.3138835,1.4764293,0.662957,0.0,0.0,1.0,0.67449075,3.9577925,0.0,0.12848441,1.4415576,1.0
1539,6.6489563,1.5003626,1.5611252,0.62060297,0.0,0.0,1.0,0.67449075,4.8275456,0.0,0.18520862,2.0779867,1.0
1540,6.1370335,1.509668,1.5599164,0.5912989,0.0,0.0,1.0,0.67449075,4.8709464,0.0,0.15532012,1.7426466,1.0
1541,6.1199355,1.523546,1.5556219,0.60274565,0.0,0.0,1.0,0.67449075,4.935674,0.0,0.1502303,1.6855402,1.0
1542,6.1022263,1.5063798,1.5366344,0.61668545,0.0,0.0,1.0,0.67449075,4.8556104,0.0,0.15450804,1.7335352,1.0
1543,6.4598913,1.5289059,1.5216998,0.6087074,0.0,0.0,1.0,0.67449075,4.9606733,0.0,0.16609056,1.8634877,1.0
1544,6.9835367,1.5449414,1.539036,0.63253593,0.0,0.0,1.0,0.8082723,5.0354643,0.0,0.18764697,2.1053443,1.0
1545,7.236217,1.5381756,1.4794271,0.93327,0.0,0.0,1.0,0.8112051,5.003908,0.0,0.20273334,2.274609,1.0
1546,6.3592134,1.4367008,1.492573,0.662052,0.0,0.0,1.0,0.8262477,4.530622,0.0,0.19190902,2.1531632,1.0
1547,6.494489,1.4892286,1.4853706,0.85296583,0.0,0.0,1.0,0.8450098,4.7756157,0.0,0.1807857,2.028363,1.0
1548,5.830893,1.4206767,1.4257592,0.92548454,0.0,0.0,1.0,0.8450098,4.455884,0.0,0.1677107,1.8816652,1.0
1549,5.6044893,1.397409,1.4244374,0.9239817,0.0,0.0,1.0,0.8450098,4.3473616,0.0,0.1627672,1.8262006,1.0
1550,5.5090146,1.3964282,1.34858,0.85829437,0.0,0.0,1.0,0.86918545,4.3427873,0.0,0.15751454,1.7672672,1.0
1551,5.33474,1.3832012,1.4373903,0.82682526,0.0,0.0,1.0,0.9013486,4.2810955,0.0,0.15180321,1.7031878,1.0
1552,5.0707564,1.3573437,1.527179,0.823912,0.0,0.0,1.0,0.9013486,4.160494,0.0,0.1448439,1.6251065,1.0
1553,4.8385773,1.3181684,1.5539232,0.8331662,0.0,0.0,1.0,0.9013486,3.9777772,0.0,0.14423658,1.6182925,1.0
1554,4.316947,1.2613735,1.5362554,0.7516476,0.0,0.0,1.0,0.9013486,3.7128816,0.0,0.13055964,1.4648411,1.0
1555,3.867366,1.2440447,1.2710134,0.79725343,0.0,0.0,1.0,1.2197093,3.6320584,0.0,0.10562697,1.1851038,1.0
1556,7.3062263,1.8158158,1.8089508,0.56434613,0.0,0.0,1.0,1.3551067,6.298844,0.0,0.129856,1.4569465,1.0
1557,4.4883323,1.3281856,1.6039602,0.8233607,0.0,0.0,1.0,1.3551067,4.024498,0.0,0.11847845,1.3292936,1.0
1558,6.013598,1.6190188,1.5700849,0.8829276,0.0,0.0,1.0,1.3551067,5.380967,0.0,0.11906808,1.3359091,1.0
1559,4.9965377,1.2414156,1.3861314,0.7809048,0.0,0.0,1.0,1.3551067,3.6197963,0.0,0.1859831,2.0866764,1.0
1560,4.639859,1.2111425,1.3632782,0.7809048,0.0,0.0,1.0,1.3551067,3.4786003,0.0,0.17413986,1.9537984,1.0
1561,4.3794994,1.2372091,1.5266757,0.78722894,0.0,0.0,1.0,1.3551067,3.6001768,0.0,0.14425327,1.6184796,1.0
1562,4.5342402,1.277521,1.6084993,0.7852221,0.0,0.0,1.0,1.3551067,3.7881947,0.0,0.13928032,1.5626847,1.0
1563,4.140365,1.2161403,1.4221915,0.9200181,0.0,0.0,1.0,2.3148613,3.5019102,0.019334322,0.1355564,1.5209033,1.0
1564,5.1786714,1.3438544,1.551321,0.71798325,0.0,0.0,1.0,3.7415318,4.097579,0.23414421,0.15631597,1.7538196,1.0
1565,6.723463,1.7142388,1.6187692,0.60847324,0.0,0.0,1.0,7.2293878,5.8250804,0.7593011,0.12840329,1.4406475,1.0
1566,4.9335923,1.343943,1.4662247,0.7520678,0.0,0.0,1.0,7.2293878,4.097992,0.7593011,0.14105405,1.5825853,1.0
1567,4.5074153,1.2937368,1.2914599,0.8555726,0.0,0.0,1.0,7.870351,3.8638265,0.8558092,0.131546,1.4759078,1.0
1568,4.3260946,1.3181292,1.2589471,0.7428262,0.0,0.0,1.0,5.6978583,3.9775944,0.5287029,0.1114406,1.250331,1.0
1569,4.9993296,1.3310469,1.3634443,0.6938977,0.0,0.0,1.0,4.6030526,4.0378437,0.36386102,0.14976673,1.6803391,1.0
1570,5.246208,1.3612932,1.4009808,0.81601393,0.0,0.0,1.0,4.6030526,4.1789145,0.36386102,0.1541674,1.7297133,1.0
1571,4.764048,1.4638497,1.2385604,0.8784038,0.0,0.0,1.0,4.899855,4.657246,0.4085498,0.0949687,1.0655211,1.0
1572,4.9307055,1.4123813,1.3994249,0.6767828,0.0,0.0,1.0,4.878009,4.4171934,0.40526044,0.11873317,1.3321515,1.0
1573,5.4268665,1.447978,1.289982,0.86663187,0.0,0.0,1.0,7.1426673,4.5832195,0.7462439,0.13600379,1.5259229,1.0
1574,5.4888153,1.4876156,1.4812919,0.519746,0.0,0.0,1.0,11.03362,4.768092,1.332094,0.12762122,1.4318728,1.0
1575,5.481381,1.524905,1.4867475,0.6966362,0.0,0.0,1.0,11.03362,4.942013,1.332094,0.11692164,1.3118267,1.0
1576,5.5065966,1.5603192,1.5475186,0.49291375,0.0,0.0,1.0,7.3889184,5.1071873,0.7833212,0.10904417,1.2234439,1.0
1577,5.655856,1.598789,1.5893861,0.45716923,0.0,0.0,1.0,5.5542126,5.2866135,0.5070746,0.10691515,1.1995568,1.0
1578,5.635176,1.5663159,1.6621258,0.57464767,0.0,0.0,1.0,5.5542126,5.1351566,0.5070746,0.11392499,1.2782052,1.0
1579,5.8050504,1.587757,1.5792209,0.590649,0.0,0.0,1.0,7.1426673,5.2351594,0.7462439,0.11685009,1.311024,1.0
1580,4.860785,1.3984625,1.5330819,0.73731,0.0,0.0,1.0,5.1927943,4.3522754,0.45265684,0.11888202,1.3338217,1.0
1581,4.827972,1.3860805,1.3201947,0.8198301,0.0,0.0,1.0,5.1927943,4.2945247,0.45265684,0.12076089,1.354902,1.0
1582,5.232651,1.5108007,1.4436313,0.67881536,0.0,0.0,1.0,5.1927943,4.8762293,0.45265684,0.107742496,1.2088394,1.0
1583,5.4800396,1.5154957,1.5747627,0.590649,0.0,0.0,1.0,4.0256534,4.898127,0.2769236,0.11938252,1.3394371,1.0
1584,5.4972563,1.4835466,1.5703684,0.590649,0.0,0.0,1.0,3.2458127,4.749114,0.15950513,0.1292453,1.4500946,1.0
1585,5.5699253,1.4698029,1.5647006,0.590649,0.0,0.0,1.0,3.2458127,4.6850123,0.15950513,0.13722831,1.5396616,1.0
1586,5.4993653,1.4613076,1.553948,0.590649,0.0,0.0,1.0,3.2458127,4.64539,0.15950513,0.13594264,1.5252368,1.0
1587,6.0183415,1.5441424,1.5541121,0.70112073,0.0,0.0,1.0,3.2458127,5.0317373,0.15950513,0.13906047,1.560218,1.0
1588,4.4927497,1.3359917,1.3251984,0.8756884,0.0,0.0,1.0,3.2458127,4.060907,0.15950513,0.11620914,1.3038328,1.0
1589,4.5576105,1.3881286,1.4878529,0.66082525,0.0,0.0,1.0,3.2458127,4.304077,0.15950513,0.10412934,1.1683009,1.0
1590,4.277407,1.3405341,1.4892482,0.6966203,0.0,0.0,1.0,3.2458127,4.082093,0.15950513,0.10131323,1.1367049,1.0
1591,4.390066,1.3268325,1.4592183,0.72374445,0.0,0.0,1.0,3.2458127,4.0181875,0.15950513,0.11269679,1.2644252,1.0
1592,4.1647787,1.2981206,1.4255242,0.66527116,0.0,0.0,1.0,1.5397611,3.8842728,0.0,0.10751892,1.2063309,1.0
1593,3.993013,1.321435,1.3691154,0.23528758,0.0,0.0,1.0,1.104515,3.993013,0.0,0.08709848,0.9772196,0.0
1594,4.3435063,1.296068,1.5216628,0.8683703,0.0,0.0,1.0,0.8855124,3.874699,0.0,0.11993994,1.3456912,1.0
1595,4.747926,1.311161,1.478992,0.85712236,0.0,0.0,1.0,0.6655731,3.9450943,0.0,0.14095129,1.5814325,1.0
1596,4.313936,1.316445,1.2249116,0.5529213,0.0,0.0,1.0,0.44468346,3.9697392,0.0,0.11120869,1.2477292,1.0
1597,4.406938,1.3214551,1.235372,0.55847186,0.0,0.0,1.0,0.4486466,3.9931068,0.0,0.11552028,1.296104,1.0
1598,4.3853188,1.3327224,1.4036818,0.5362578,0.0,0.0,1.0,0.4486466,4.0456586,0.0,0.11050879,1.2398764,1.0
1599,4.474932,1.301535,1.6702762,0.8433605,0.0,0.0,1.0,0.4486466,3.900198,0.0,0.12665474,1.4210293,1.0
1600,4.202087,1.3136686,1.5681508,0.8708356,0.0,0.0,1.0,0.4486466,3.95679,0.0,0.10491587,1.1771256,1.0
1601,3.9612334,1.3039824,1.692563,0.7788999,0.0,0.0,1.0,0.4486466,3.9116125,0.0,0.09235928,1.0362443,1.0
1602,4.207511,1.287181,1.6951492,0.8028941,0.0,0.0,1.0,0.4486466,3.8332498,0.0,0.11399214,1.2789586,1.0
1603,4.2008595,1.2064885,1.3479508,0.92105633,0.0,0.0,1.0,0.4486466,3.4568934,0.0,0.14393353,1.6148924,1.0
1604,3.8713732,1.1693784,1.2263383,0.8607989,0.0,0.0,1.0,0.4486466,3.2838092,0.0,0.13469347,1.5112215,1.0
1605,4.7239914,1.3822166,1.5465795,0.8170689,0.0,0.0,1.0,0.4486466,4.276503,0.0,0.11577555,1.298968,1.0
1606,7.323043,1.7294232,1.7520019,0.77652735,0.0,0.0,1.0,0.67449075,5.8959017,0.0,0.15076952,1.6915901,1.0
1607,4.6850386,1.4207164,1.732572,0.7766181,0.0,0.0,1.0,0.67449075,4.456069,0.0,0.10221393,1.1468105,1.0
1608,7.459382,1.6586564,1.6424203,0.9382059,0.0,0.0,1.0,0.67449075,5.56584,0.0,0.17576414,1.9720225,1.0
1609,4.7562346,1.3633053,1.3340414,0.8114675,0.0,0.0,1.0,0.67449075,4.1882997,0.0,0.12366002,1.3874294,1.0
1610,3.3753712,1.1691272,1.1890634,0.588748,0.0,0.0,1.0,0.67449075,3.2826376,0.0,0.09632277,1.0807134,1.0
1611,4.6221247,1.2559122,1.2841592,0.7725364,0.0,0.0,1.0,0.67449075,3.6874094,0.0,0.15368067,1.7242523,1.0
1612,4.837386,1.2295083,1.5252249,0.8389572,0.0,0.0,1.0,1.0140436,3.5642595,0.0,0.18008937,2.0205503,1.0
1613,4.072578,1.1170682,1.1943455,0.6881224,0.0,0.0,1.0,1.0140436,3.0398302,0.0,0.17564464,1.9706817,1.0
1614,4.1109443,1.2067796,1.4723547,0.8300993,0.0,0.0,1.0,1.0140436,3.4582512,0.0,0.137191,1.539243,1.0
1615,4.567074,1.1762061,1.4745852,0.92895573,0.0,0.0,1.0,1.0140436,3.315654,0.0,0.18524233,2.0783648,1.0
1616,4.793978,1.2007858,1.5988677,0.86271626,0.0,0.0,1.0,1.0140436,3.4302955,0.0,0.19036424,2.1358314,1.0
1617,4.7192464,1.238227,1.5861415,0.8230629,0.0,0.0,1.0,1.0140436,3.6049244,0.0,0.1678452,1.8831743,1.0
1618,4.6446905,1.2613931,1.693329,0.79209816,0.0,0.0,1.0,1.0140436,3.7129726,0.0,0.15303066,1.7169595,1.0
1619,4.8152122,1.2586129,1.6258761,0.9116747,0.0,0.0,1.0,1.0140436,3.7000058,0.0,0.16588329,1.8611622,1.0
1620,4.1404085,1.2037076,1.2477038,0.642747,0.0,0.0,1.0,1.3551635,3.443923,0.0,0.14062907,1.5778172,1.0
1621,4.0985804,1.1965129,1.2013004,0.76345384,0.0,0.0,1.0,1.3551635,3.4103668,0.0,0.14051814,1.5765727,1.0
1622,3.7196424,1.0889237,1.4222418,0.85677356,0.0,0.0,1.0,1.3551635,2.9085622,0.0,0.16014154,1.7967415,1.0
1623,3.870206,1.0438344,1.0864904,0.4409649,0.0,0.0,1.0,1.3551635,2.6982622,0.0,0.19973345,2.240951,1.0
1624,4.5423827,1.2237921,1.3062127,0.9063837,0.0,0.0,1.0,1.3551635,3.5375988,0.0,0.1614582,1.8115139,1.0
1625,4.2794504,1.1142582,1.2152467,0.35864425,0.0,0.0,1.0,1.3551635,3.026724,0.0,0.19452721,2.1825385,1.0
1626,4.7137623,1.2427795,1.4553258,0.859919,0.0,0.0,1.0,1.3551635,3.6261575,0.0,0.165508,1.8569516,1.0
1627,4.424722,1.2213111,1.5726444,0.8409557,0.0,0.0,1.0,1.3551635,3.5260272,0.0,0.15403372,1.7282134,1.0
1628,4.0571747,1.192924,1.558734,0.84927964,0.0,0.0,1.0,1.3551635,3.3936276,0.0,0.13892068,1.5586495,1.0
1629,4.332779,1.2251563,1.2402563,0.86132777,0.0,0.0,1.0,1.3551635,3.5439615,0.0,0.14580993,1.635945,1.0
1630,3.3764553,1.0421466,1.1037893,0.6743119,0.0,0.0,1.0,1.3551635,2.6903899,0.0,0.15406714,1.7285885,1.0
1631,3.4365938,1.0564625,1.1993128,0.8261659,0.0,0.0,1.0,1.0913962,2.7571607,0.0,0.15188195,1.7040712,1.0
1632,3.457076,1.0594535,1.1221288,0.71200705,0.0,0.0,1.0,0.9135785,2.7711108,0.0,0.15216632,1.7072618,1.0
1633,4.5207486,1.2294619,1.2386298,0.7461914,0.0,0.0,1.0,0.90744156,3.5640433,0.0,0.1574863,1.7669505,1.0
1634,4.377745,1.236575,1.5218616,0.83150417,0.0,0.0,1.0,0.9013865,3.5972195,0.0,0.14438374,1.6199435,1.0
1635,3.3755472,1.0377772,1.1198299,0.67329806,0.0,0.0,1.0,0.9013865,2.6700108,0.0,0.15641986,1.7549852,1.0
1636,3.23998,1.0526514,1.1107109,0.55592376,0.0,0.0,1.0,0.9013865,2.7393854,0.0,0.13566427,1.5221136,1.0
1637,3.9976718,1.1818767,1.2297429,0.41957456,0.0,0.0,1.0,0.9013865,3.342102,0.0,0.13908051,1.5604428,1.0
1638,3.425504,1.1068692,1.1285073,0.6183376,0.0,0.0,1.0,0.9013865,2.9922614,0.0,0.12599961,1.413679,1.0
1639,4.171716,1.1385007,1.1267341,0.4324145,0.0,0.0,1.0,1.129339,3.1397932,0.0,0.1728233,1.9390271,1.0
1640,4.5540247,1.1418967,1.1310694,0.5202676,0.0,0.0,1.0,1.129339,3.1556325,0.0,0.20197666,2.2661192,1.0
1641,4.5313644,1.1419641,1.1414738,0.5202676,0.0,0.0,1.0,1.129339,3.1559465,0.0,0.20011163,2.2451942,1.0
1642,4.3264713,1.13726,1.2191702,0.40461436,0.0,0.0,1.0,1.129339,3.1340063,0.0,0.18602271,2.0871205,1.0
1643,4.7122087,1.1363083,1.1637123,0.41309705,0.0,0.0,1.0,1.129339,3.1295676,0.0,0.21790889,2.4448743,1.0
1644,4.346994,1.0949782,1.20472,0.5033154,0.0,0.0,1.0,1.2198145,2.936801,0.0,0.21140857,2.3719425,1.0
1645,4.46487,1.1053218,1.2133107,0.42690933,0.0,0.0,1.0,1.3552212,2.985044,0.0,0.21537277,2.4164197,1.0
1646,5.109488,1.2028716,1.2977086,0.47901186,0.0,0.0,1.0,1.3552212,3.440024,0.0,0.21271394,2.3865883,1.0
1647,4.8632965,1.155403,1.2392335,0.4240137,0.0,0.0,1.0,1.3552212,3.2186267,0.0,0.21925317,2.4599566,1.0
1648,4.982887,1.1677929,1.1689097,0.5181988,0.0,0.0,1.0,1.3552212,3.2764144,0.0,0.22176164,2.488101,1.0
1649,4.7967153,1.1654043,1.2023447,0.5593743,0.0,0.0,1.0,1.3552212,3.2652738,0.0,0.20856375,2.3400245,1.0
1650,4.6350985,1.1481735,1.3129293,0.5082165,0.0,0.0,1.0,1.3552212,3.1849077,0.0,0.205081,2.300949,1.0
1651,4.5069523,1.130746,1.1572984,0.6759297,0.0,0.0,1.0,1.3552212,3.1036246,0.0,0.20427264,2.2918794,1.0
1652,3.5793045,1.0108536,1.1032162,0.60114497,0.0,0.0,1.0,1.3552212,2.5444374,0.0,0.19270107,2.1620498,1.0
1653,4.522222,1.2892474,1.5386509,0.78699726,0.0,0.0,1.0,0.9569123,3.8428874,0.0,0.13414587,1.5050776,1.0
1654,3.3272054,1.1024677,1.5631945,0.69868684,0.0,0.0,1.0,1.014087,2.9717321,0.0,0.11959012,1.3417662,1.0
1655,3.700913,1.1012683,1.4865355,0.5076868,0.0,0.0,1.0,1.014087,2.9661384,0.0,0.15221198,1.707774,1.0
1656,2.604793,0.93399817,0.8969535,0.6144318,0.0,0.0,1.0,1.014087,2.1859772,0.0,0.13791855,1.547406,1.0
1657,2.289534,0.8888023,0.9120182,0.45924982,0.0,0.0,1.0,1.014087,1.9751803,0.0,0.12965752,1.4547197,1.0
1658,2.6890762,0.94568497,1.0255023,0.7773701,0.0,0.0,1.0,1.014087,2.2404854,0.0,0.14011575,1.572058,1.0
1659,6.0743012,1.6604695,1.7132109,0.6243007,0.0,0.0,1.0,1.1269385,5.5742965,0.0,0.11197091,1.256281,1.0
1660,4.2773833,1.2985761,1.2028658,0.65502363,0.0,0.0,1.0,4.6370215,3.8863974,0.36897564,0.11474799,1.2874391,1.0
1661,5.044433,1.390373,1.437752,0.6844849,0.0,0.0,1.0,6.581331,4.314545,0.661725,0.13220848,1.4833406,1.0
1662,5.4651246,1.5283962,1.4283402,0.8115067,0.0,0.0,1.0,7.2239914,4.9582963,0.7584886,0.11515917,1.2920523,1.0
1663,4.5801,1.2994131,1.2892036,0.60637605,0.0,0.0,1.0,7.863994,3.890301,0.8548521,0.1342822,1.5066072,1.0
1664,4.242706,1.2278043,1.2451147,0.8357461,0.0,0.0,1.0,8.501377,3.556312,0.9508211,0.1382789,1.551449,1.0
1665,3.0025747,1.0221214,1.2524529,0.7667858,0.0,0.0,1.0,9.136176,2.596991,1.046401,0.12889932,1.4462128,1.0
1666,3.863475,1.1878142,1.128135,0.83239174,0.0,0.0,1.0,9.136176,3.3697953,1.046401,0.12643605,1.4185756,1.0
1667,4.5989356,1.270882,1.1252853,0.8101309,0.0,0.0,1.0,6.75781,3.7572298,0.688297,0.14617722,1.6400658,1.0
1668,5.308718,1.4311541,1.2615523,0.8408926,0.0,0.0,1.0,11.021326,4.5047517,1.3302429,0.13457714,1.5099163,1.0
1669,5.6918864,1.5295336,1.5170711,0.59746253,0.0,0.0,1.0,11.021326,4.963601,1.3302429,0.126493,1.4192147,1.0
1670,5.315856,1.4937596,1.4091865,0.8290011,0.0,0.0,1.0,11.645684,4.7967486,1.4242508,0.11668769,1.309202,1.0
1671,4.16558,1.356337,1.4833678,0.590649,0.0,0.0,1.0,11.645684,4.1557984,1.4242508,0.08972824,1.0067247,1.0
1672,3.1607146,1.0564916,1.4221853,0.84109014,0.0,0.0,1.0,12.267613,2.7572963,1.517893,0.12638712,1.4180267,1.0
1673,4.085099,1.2148917,1.430985,0.7858349,0.0,0.0,1.0,12.267613,3.4960866,1.517893,0.13203236,1.4813646,1.0
1674,4.818704,1.4475952,1.6814964,0.7067136,0.0,0.0,1.0,12.267613,4.5814342,1.517893,0.10231724,1.1479696,1.0
1675,4.3590326,1.396354,1.5751315,0.6755043,0.0,0.0,1.0,12.267613,4.342441,1.517893,0.090101846,1.0109165,1.0
1676,5.1962333,1.4323618,1.7277546,0.75204545,0.0,0.0,1.0,12.267613,4.5103846,1.517893,0.12785153,1.434457,1.0
1677,3.8821127,1.2668004,1.5260425,0.7622086,0.0,0.0,1.0,12.267613,3.738193,1.517893,0.09893301,1.1099995,1.0
1678,5.355018,1.5595217,1.4799905,0.5184869,0.0,0.0,1.0,12.267613,5.103468,1.517893,0.101680785,1.1408287,1.0
1679,2.8122876,1.068282,1.4673536,0.83366376,0.0,0.0,1.0,12.267613,2.8122876,1.517893,0.08748786,0.9815883,0.0
1680,4.898703,1.4379467,1.4583118,0.734173,0.0,0.0,1.0,12.267613,4.5364327,1.517893,0.10946502,1.2281656,1.0
1681,4.1130233,1.3151503,1.3116286,0.8633685,0.0,0.0,1.0,12.267613,3.9637005,1.517893,0.09872233,1.1076357,1.0
1682,4.839744,1.3532903,1.4625301,0.85286444,0.0,0.0,1.0,12.267613,4.1415887,1.517893,0.13205636,1.4816338,1.0
1683,5.0087357,1.4513992,1.4591471,0.77878124,0.0,0.0,1.0,12.267613,4.5991764,1.517893,0.11180593,1.2544299,1.0
1684,3.9962254,1.2518848,1.2768526,0.8052796,0.0,0.0,1.0,12.267613,3.6686256,1.517893,0.111868866,1.2551361,1.0
1685,4.426528,1.3066444,1.2516947,0.8107743,0.0,0.0,1.0,12.267613,3.9240286,1.517893,0.12173909,1.3658772,1.0
1686,3.9817448,1.2887352,1.2104976,0.6885815,0.0,0.0,1.0,12.267613,3.8404984,1.517893,0.098494545,1.1050801,1.0
1687,3.5473354,1.2201909,1.3849424,0.6610683,0.0,0.0,1.0,12.267613,3.5208025,1.517893,0.091047965,1.0215316,1.0
1688,3.718409,1.2074112,1.3537534,0.54758096,0.0,0.0,1.0,12.267613,3.461197,1.517893,0.10805298,1.212323,1.0
1689,3.419721,1.1728013,1.3301345,0.5213314,0.0,0.0,1.0,9.765183,3.2997737,1.141109,0.09838559,1.1038576,1.0
1690,4.1696825,1.3287904,1.3099871,0.37398818,0.0,0.0,1.0,6.5798187,4.0273194,0.6614973,0.098130725,1.1009982,1.0
1691,4.254869,1.3213416,1.3219721,0.36503625,0.0,0.0,1.0,5.286887,3.9925776,0.46682414,0.10585832,1.1876994,1.0
1692,4.1150703,1.3035988,1.3202145,0.6797239,0.0,0.0,1.0,4.636243,3.9098234,0.3688584,0.102497004,1.1499865,1.0
1693,4.4542346,1.3286488,1.3153057,0.43801096,0.0,0.0,1.0,3.98276,4.0266585,0.27046525,0.11616963,1.3033894,1.0
1694,3.699962,1.1529309,1.2434185,0.54874796,0.0,0.0,1.0,3.98276,3.2070966,0.27046525,0.128264,1.4390846,1.0
1695,4.15632,1.1616148,1.2719672,0.7405094,0.0,0.0,1.0,3.3263993,3.247599,0.17163883,0.16038442,1.7994664,1.0
1696,3.707561,1.1873622,1.270792,0.7487102,0.0,0.0,1.0,3.3263993,3.367687,0.17163883,0.1148291,1.288349,1.0
1697,3.1334255,1.0534314,1.0321677,0.6675455,0.0,0.0,1.0,3.3263993,2.7430232,0.17163883,0.12537262,1.4066442,1.0
1698,3.2178113,1.0622828,1.1164967,0.47790155,0.0,0.0,1.0,2.6671205,2.784307,0.07237302,0.12877735,1.4448444,1.0
1699,4.459383,1.2882544,1.2859726,0.60874444,0.0,0.0,1.0,2.6671205,3.838256,0.07237302,0.13033836,1.4623584,1.0
1700,3.8428159,1.2525403,1.2500044,0.6498494,0.0,0.0,1.0,2.6671205,3.671683,0.07237302,0.10099799,1.133168,1.0
1701,3.2449872,1.0615542,1.2420355,0.7896129,0.0,0.0,1.0,2.6671205,2.7809086,0.07237302,0.1316256,1.4768008,1.0
1702,3.8711708,1.1628219,1.353284,0.85661864,0.0,0.0,1.0,2.6671205,3.2532291,0.07237302,0.13749966,1.5427061,1.0
1703,3.806413,1.1186866,1.3550804,0.85661864,0.0,0.0,1.0,2.0048819,3.0473783,0.0,0.15255754,1.7116511,1.0
1704,4.0902596,1.1643695,1.2697854,0.80136466,0.0,0.0,1.0,2.0048819,3.260447,0.0,0.15394056,1.7271682,1.0
1705,3.5527399,1.0941713,1.3340551,0.85661864,0.0,0.0,1.0,2.0048819,2.9330373,0.0,0.14293306,1.6036673,1.0
1706,2.9814472,0.99766135,1.0187262,0.6722797,0.0,0.0,1.0,2.0048819,2.4829073,0.0,0.1402605,1.573682,1.0
1707,3.7335987,1.0850753,1.2268586,0.81487024,0.0,0.0,1.0,0.403199,2.8906126,0.0,0.1633933,1.8332253,1.0
1708,3.8474433,1.1276112,1.1865877,0.6297285,0.0,0.0,1.0,0.33569264,3.0890036,0.0,0.15165378,1.7015113,1.0
1709,3.147067,1.047669,1.1008685,0.67542905,0.0,0.0,1.0,0.33569264,2.7161472,0.0,0.12953001,1.453289,1.0
1710,2.9397988,1.0471629,1.1804942,0.6811129,0.0,0.0,1.0,0.33569264,2.7137864,0.0,0.11033723,1.2379515,1.0
1711,2.9438736,0.966972,1.1779863,0.5445947,0.0,0.0,1.0,0.5046981,2.3397698,0.0,0.15487783,1.7376841,1.0
1712,3.1509056,1.0124742,1.182861,0.6124039,0.0,0.0,1.0,0.5046981,2.5519955,0.0,0.14889184,1.670523,1.0
1713,2.8277268,1.0185305,1.0416805,0.6377245,0.0,0.0,1.0,0.5046981,2.5802426,0.0,0.11355404,1.2740432,1.0
1714,3.5562923,1.0866898,1.172444,0.5648884,0.0,0.0,1.0,0.5046981,2.8981433,0.0,0.14695908,1.648838,1.0
1715,2.7439866,0.9683541,1.0435141,0.7713459,0.0,0.0,1.0,0.5046981,2.3462162,0.0,0.13230212,1.4843912,1.0
1716,2.6738663,0.97040313,1.0166242,0.7138239,0.0,0.0,1.0,0.5046981,2.355773,0.0,0.123514056,1.3857918,1.0
1717,3.2171338,1.0379789,1.1245296,0.70139676,0.0,0.0,1.0,0.5046981,2.6709516,0.0,0.14120299,1.5842564,1.0
1718,2.4893515,0.90909725,1.0068396,0.6589379,0.0,0.0,1.0,0.5046981,2.0698376,0.0,0.14074205,1.5790848,1.0
1719,3.1956306,1.0610694,1.0448271,0.63042444,0.0,0.0,1.0,0.5046981,2.7786474,0.0,0.12734401,1.4287627,1.0
1720,2.3824575,0.93292737,0.9930322,0.6724685,0.0,0.0,1.0,0.5046981,2.180983,0.0,0.11265324,1.2639365,1.0
1721,3.5634418,1.1143382,1.1335429,0.48219126,0.0,0.0,1.0,0.5046981,3.0270972,0.0,0.13424873,1.5062317,1.0
1722,3.3251088,1.1143491,1.1380008,0.7553762,0.0,0.0,1.0,0.5046981,3.0271482,0.0,0.114194326,1.2812271,1.0
1723,2.7157545,0.9901098,1.2305458,0.6423471,0.0,0.0,1.0,0.5046981,2.4476864,0.0,0.11701833,1.3129115,1.0
1724,3.653926,1.122348,1.1856588,0.5323346,0.0,0.0,1.0,0.6805885,3.0644555,0.0,0.13811342,1.5495924,1.0
1725,3.2711694,1.0966531,1.0673057,0.6598383,0.0,0.0,1.0,0.78416944,2.9446127,0.0,0.11736992,1.3168563,1.0
1726,3.4025576,1.1372461,1.1170623,0.1906062,0.0,0.0,1.0,0.9137126,3.1339417,0.0,0.11095572,1.2448909,1.0
1727,3.4854069,1.1295825,1.0713673,0.55281496,0.0,0.0,1.0,0.9137126,3.098198,0.0,0.1209552,1.3570821,1.0
1728,3.4056675,1.1234328,1.1243011,0.18872091,0.0,0.0,1.0,0.9137126,3.069515,0.0,0.117016874,1.3128952,1.0
1729,3.0670812,1.0430207,1.0701678,0.47463512,0.0,0.0,1.0,0.9137126,2.694467,0.0,0.12434463,1.3951105,1.0
1730,3.3757145,1.096644,1.135364,0.1887209,0.0,0.0,1.0,0.9137126,2.9445703,0.0,0.12641534,1.4183433,1.0
1731,3.9082236,1.1845702,1.1226375,0.648922,0.0,0.0,1.0,0.9137126,3.3546648,0.0,0.13114974,1.4714619,1.0
1732,3.835071,1.1368858,1.1723876,0.51980615,0.0,0.0,1.0,0.9137126,3.132261,0.0,0.1462676,1.6410798,1.0
1733,3.7534351,1.1349484,1.1530765,0.44247976,0.0,0.0,1.0,0.9137126,3.1232247,0.0,0.14051344,1.5765198,1.0
1734,3.526311,1.1237075,1.1522278,0.47371158,0.0,0.0,1.0,0.9137126,3.0707967,0.0,0.1269036,1.4238213,1.0
1735,3.410952,1.111872,1.1468517,0.577309,0.0,0.0,1.0,0.9137126,3.0155945,0.0,0.122515105,1.3745837,1.0
1736,3.7109141,1.1882528,1.1705043,0.6235725,0.0,0.0,1.0,0.9137126,3.3718407,0.0,0.11473695,1.2873151,1.0
1737,2.9744418,1.0510818,1.0831106,0.477604,0.0,0.0,1.0,0.9137126,2.7320645,0.0,0.11172068,1.2534735,1.0
1738,3.2018144,1.0435755,1.1067567,0.68797165,0.0,0.0,1.0,0.9137126,2.6970546,0.0,0.13678792,1.5347207,1.0
1739,3.7043576,1.1446633,1.1155015,0.648922,0.0,0.0,1.0,0.9137126,3.1685362,0.0,0.13219263,1.4831628,1.0
1740,3.8936076,1.1569073,1.1394247,0.6067419,0.0,0.0,1.0,0.9137126,3.225643,0.0,0.14186248,1.5916557,1.0
1741,3.666454,1.1575352,1.1738248,0.7583624,0.0,0.0,1.0,0.9137126,3.2285714,0.0,0.12366691,1.3875067,1.0
1742,3.3508928,1.068407,1.1445354,0.6863141,0.0,0.0,1.0,0.94654,2.812871,0.0,0.13783689,1.5464897,1.0
1743,3.8201637,1.1247298,1.3458083,0.83630186,0.0,0.0,1.0,1.014087,3.0755644,0.0,0.15078102,1.6917192,1.0
1744,6.8162436,1.6228449,1.5329163,0.80985254,0.0,0.0,1.0,1.014087,5.3988123,0.0,0.15598698,1.7501285,1.0
1745,3.961935,1.1165999,1.3765535,0.7543733,0.0,0.0,1.0,1.014087,3.037646,0.0,0.16661446,1.8693657,1.0
1746,3.7181873,1.0606298,1.1960076,0.7537025,0.0,0.0,1.0,1.014087,2.7765973,0.0,0.17548624,1.9689045,1.0
1747,3.9951806,1.1188885,1.1301279,0.766072,0.0,0.0,1.0,1.014087,3.0483203,0.0,0.16822873,1.8874774,1.0
1748,4.7452755,1.2052643,1.4361734,0.77076024,0.0,0.0,1.0,1.014087,3.4511838,0.0,0.18461657,2.0713441,1.0
1749,3.3225167,1.1129816,1.1389223,0.7640135,0.0,0.0,1.0,1.014087,3.0207698,0.0,0.11456644,1.285402,1.0
1750,3.473238,1.1119882,1.4226048,0.7316188,0.0,0.0,1.0,1.1269385,3.0161366,0.0,0.12772217,1.4330056,1.0
1751,3.963358,1.1982092,1.3726405,0.52779937,0.0,0.0,1.0,0.6807304,3.418278,0.0,0.1297361,1.4556012,1.0
1752,4.1240983,1.2350252,1.3210093,0.514856,0.0,0.0,1.0,0.6807304,3.5899909,0.0,0.12701549,1.4250767,1.0
1753,4.074139,1.1639903,1.3475561,0.7920398,0.0,0.0,1.0,0.6807304,3.2586784,0.0,0.1528542,1.7149796,1.0
1754,4.1895275,1.1357329,1.5088135,0.7943821,0.0,0.0,1.0,0.6807304,3.1268837,0.0,0.17567076,1.9709747,1.0
1755,7.7667933,1.6381189,1.6033198,0.6287078,0.0,0.0,1.0,0.6807304,5.4700513,0.0,0.19605188,2.199645,1.0
1756,8.131304,1.68386,1.6317073,0.5723803,0.0,0.0,1.0,0.6807304,5.683391,0.0,0.19881174,2.23061,1.0
1757,5.134437,1.2607721,1.4999083,0.76389647,0.0,0.0,1.0,0.6807304,3.7100766,0.0,0.18689477,2.096905,1.0
1758,4.075834,1.2230549,1.4724096,0.8122046,0.0,0.0,1.0,0.67449075,3.5341604,0.0,0.12815915,1.4379083,1.0
1759,4.491069,1.2749056,1.4321975,0.8038538,0.0,0.0,1.0,0.67449075,3.775996,0.0,0.13735354,1.5410666,1.0
1760,4.1064906,1.1595736,1.3593315,0.73731,0.0,0.0,1.0,0.67449075,3.2380786,0.0,0.15742385,1.7662498,1.0
1761,5.5334797,1.3709371,1.4748889,0.7690343,0.0,0.0,1.0,0.67449075,4.2238946,0.0,0.16808231,1.8858346,1.0
1762,4.405685,1.2736356,1.208876,0.5255275,0.0,0.0,1.0,0.67449075,3.770073,0.0,0.13206205,1.4816977,1.0
1763,4.013604,1.2114103,1.557186,0.8285635,0.0,0.0,1.0,0.67449075,3.479849,0.0,0.12818885,1.4382415,1.0
1764,5.1869006,1.275288,1.534181,0.70166034,0.0,0.0,1.0,0.67449075,3.7777798,0.0,0.18411541,2.0657213,1.0
1765,4.386371,1.170956,1.3436801,0.82161,0.0,0.0,1.0,0.67449075,3.2911673,0.0,0.1738702,1.950773,1.0
1766,5.154058,1.3506701,1.3140336,0.7116843,0.0,0.0,1.0,0.67449075,4.129368,0.0,0.1523205,1.7089916,1.0
1767,3.9319763,1.1467913,1.4187557,0.82279634,0.0,0.0,1.0,0.67449075,3.1784613,0.0,0.14949948,1.6773405,1.0
1768,4.0206594,1.2026702,1.1279334,0.7385665,0.0,0.0,1.0,0.67449075,3.4390848,0.0,0.13219275,1.4831641,1.0
1769,3.6840818,1.0829676,1.3606187,0.7355781,0.0,0.0,1.0,0.67449075,2.8807826,0.0,0.1601385,1.7967074,1.0
1770,3.3628178,1.0712266,1.4046148,0.65035456,0.0,0.0,1.0,0.67449075,2.8260214,0.0,0.13749982,1.5427079,1.0
1771,3.4371135,1.0657274,1.336509,0.654661,0.0,0.0,1.0,0.67449075,2.8003726,0.0,0.14703138,1.6496493,1.0
1772,16.0,1.7281018,1.5572779,0.55255634,0.0,0.0,1.0,8394.503,5.889739,20.0,0.15208004,1.7062938,1.0
1773,16.0,1.7187209,1.5977606,0.7551825,0.0,0.0,1.0,11119.687,5.8459854,20.0,0.16700023,1.873694,1.0
1774,16.0,1.2993249,1.695667,0.8705983,0.0,0.0,1.0,12020.452,3.8898897,20.0,0.15991963,1.7942517,1.0
1775,16.0,1.5811403,1.6164606,0.8804374,0.0,0.0,1.0,12917.492,5.2042985,20.0,0.13197483,1.4807192,1.0
1776,16.0,1.2743531,1.4319922,0.8667488,0.0,0.0,1.0,13810.86,3.7734196,20.0,0.16169803,1.8142048,1.0
1777,16.0,1.5721041,1.6357757,0.8753416,0.0,0.0,1.0,14700.607,5.1621532,20.0,0.15835868,1.7767383,1.0
1778,16.0,1.0398911,1.2638364,0.77330774,0.0,0.0,1.0,14700.607,2.6798704,20.0,0.14390558,1.6145787,1.0
1779,16.0,1.0461276,1.1458154,0.62139976,0.0,0.0,1.0,15586.783,2.7089577,20.0,0.14862485,1.6675276,1.0
1780,16.0,1.0538737,1.2022542,0.7355781,0.0,0.0,1.0,15586.783,2.745086,20.0,0.15092823,1.6933707,1.0
1781,16.0,1.0672617,1.306764,0.69021815,0.0,0.0,1.0,16469.441,2.8075287,20.0,0.14358188,1.6109469,1.0
1782,16.0,1.3279507,1.4163107,0.6902182,0.0,0.0,1.0,16469.441,4.0234027,20.0,0.14623888,1.6407576,1.0
1783,16.0,1.3329101,1.6484752,0.79515684,0.0,0.0,1.0,17348.63,4.0465336,20.0,0.12401583,1.3914214,1.0
1784,16.0,1.5897559,1.5216093,0.7612797,0.0,0.0,1.0,17348.63,5.2444825,20.0,0.15571013,1.7470223,1.0
1785,16.0,1.6708226,1.7300512,0.6289412,0.0,0.0,1.0,17348.63,5.6225843,20.0,0.17991742,2.018621,1.0
1786,16.0,1.4031637,1.6468558,0.76302755,0.0,0.0,1.0,17348.63,4.374202,20.0,0.1715508,1.92475,1.0
1787,16.0,1.1707796,1.6347947,0.8914421,0.0,0.0,1.0,17348.63,3.2903445,20.0,0.13875735,1.556817,1.0
1788,16.0,1.2773948,1.5191333,0.78665495,0.0,0.0,1.0,17348.63,3.787606,20.0,0.13308178,1.4931388,1.0
1789,16.0,1.146507,1.1703641,0.8519283,0.0,0.0,1.0,17348.63,3.1771352,20.0,0.14145103,1.5870394,1.0
1790,16.0,1.1500717,1.3745888,0.8526739,0.0,0.0,1.0,17348.63,3.1937613,20.0,0.12549976,1.4080707,1.0
1791,16.0,1.3254892,1.4216557,0.8921613,0.0,0.0,1.0,17348.63,4.011922,20.0,0.12060671,1.3531722,1.0
1792,16.0,1.227192,1.5250432,0.7383293,0.0,0.0,1.0,17348.63,3.5534565,20.0,0.11063454,1.2412874,1.0
1793,16.0,1.2133143,1.3883492,0.8334611,0.0,0.0,1.0,17348.63,3.4887295,20.0,0.11653681,1.3075091,1.0
1794,16.0,1.2459403,1.3446714,0.8441484,0.0,0.0,1.0,17348.63,3.6409,20.0,0.11874806,1.3323187,1.0
1795,16.0,1.2901322,1.2776047,0.8338779,0.0,0.0,1.0,17348.63,3.8470142,20.0,0.11649224,1.307009,1.0
1796,16.0,1.3069062,1.3065021,0.7948003,0.0,0.0,1.0,17348.63,3.9252496,20.0,0.11682794,1.3107755,1.0
1797,16.0,1.438457,1.5277073,0.7658821,0.0,0.0,1.0,17348.63,4.5388126,20.0,0.13721319,1.539492,1.0
1798,16.0,1.4179767,1.4690114,0.7833015,0.0,0.0,1.0,17348.63,4.443291,20.0,0.12654589,1.419808,1.0
1799,16.0,1.4062446,1.5837798,0.670459,0.0,0.0,1.0,17348.63,4.3885717,20.0,0.14524011,1.6295518,1.0
1800,16.0,1.3636789,1.3701369,0.8103894,0.0,0.0,1.0,12020.452,4.190042,20.0,0.12413608,1.3927706,1.0
1801,16.0,1.3421593,1.343833,0.78893197,0.0,0.0,1.0,8394.503,4.0896726,20.0,0.122471005,1.374089,1.0
1802,16.0,1.1250589,1.1715544,0.6089319,0.0,0.0,1.0,7478.2993,3.0770996,20.0,0.11513075,1.2917335,1.0
1803,16.0,1.2039131,1.2608621,0.7487102,0.0,0.0,1.0,6558.0986,3.4448817,20.0,0.14104995,1.5825393,1.0
1804,16.0,1.113638,1.1436783,0.6664425,0.0,0.0,1.0,5633.8457,3.0238318,20.0,0.16705635,1.8743236,1.0
1805,16.0,1.2366099,1.4993051,0.51131654,0.0,0.0,1.0,5633.8457,3.5973823,20.0,0.13412791,1.5048761,1.0
1806,16.0,1.3535742,1.4222431,0.8165404,0.0,0.0,1.0,4705.4834,4.1429124,20.0,0.1512192,1.6966354,1.0
1807,16.0,1.1975077,1.2117112,0.63857186,0.0,0.0,1.0,4705.4834,3.4150066,20.0,0.15838088,1.7769873,1.0
1808,16.0,1.1103851,1.1871502,0.56208575,0.0,0.0,1.0,4705.4834,3.0086596,20.0,0.14279428,1.6021103,1.0
1809,16.0,1.3312436,1.4947445,0.7725855,0.0,0.0,1.0,3772.9536,4.038761,20.0,0.16459526,1.8467109,1.0
1810,16.0,1.1174117,1.4748075,0.8703833,0.0,0.0,1.0,3772.9536,3.0414326,20.0,0.14724758,1.6520749,1.0
1811,16.0,1.6168451,1.5640322,0.8111151,0.0,0.0,1.0,3772.9536,5.370829,20.0,0.15717089,1.7634116,1.0
1812,16.0,1.2226337,1.202967,0.46115607,0.0,0.0,1.0,3772.9536,3.532196,20.0,0.13809472,1.5493826,1.0
1813,16.0,1.2382176,1.2580787,0.4562853,0.0,0.0,1.0,3772.9536,3.6048806,20.0,0.13367678,1.4998145,1.0
1814,16.0,1.080526,1.2908367,0.62193316,0.0,0.0,1.0,3772.9536,2.8693945,20.0,0.11852155,1.3297772,1.0
1815,16.0,1.1068684,1.2541009,0.6590141,0.0,0.0,1.0,2836.1995,2.9922576,20.0,0.12904875,1.4478893,1.0
1816,16.0,1.1949878,1.2267357,0.36932698,0.0,0.0,1.0,2836.1995,3.4032533,20.0,0.124850616,1.4007876,1.0
1817,16.0,1.1929693,1.1746618,0.6696029,0.0,0.0,1.0,2836.1995,3.3938391,20.0,0.1298539,1.456923,1.0
1818,16.0,1.1378685,1.2356651,0.7060721,0.0,0.0,1.0,2836.1995,3.1368446,20.0,0.09617142,1.0790153,1.0
1819,3.2013888,0.9948139,1.3082289,0.5386283,0.0,0.0,1.0,0.67449075,2.4696267,0.0,0.16458407,1.8465853,1.0
1820,3.6817894,1.0969309,1.3387301,0.7269092,0.0,0.0,1.0,0.44861814,2.945908,0.0,0.15274087,1.713708,1.0
1821,3.379271,1.0796679,1.3868091,0.70653874,0.0,0.0,1.0,0.44861814,2.8653924,0.0,0.13479841,1.5123988,1.0
1822,5.840432,1.549995,1.432724,0.82515144,0.0,0.0,1.0,0.44861814,5.0590343,0.0,0.12846166,1.4413024,1.0
1823,6.0251575,1.574367,1.296765,0.8473898,0.0,0.0,1.0,0.44861814,5.172708,0.0,0.1310952,1.47085,1.0
1824,5.0378036,1.4420341,1.5074539,0.8004812,0.0,0.0,1.0,0.67449075,4.5554967,0.0,0.11608999,1.3024958,1.0
1825,6.042162,1.6191448,1.3795469,0.819698,0.0,0.0,1.0,0.67449075,5.3815546,0.0,0.120388664,1.3507258,1.0
1826,4.3800955,1.240155,1.346994,0.69923145,0.0,0.0,1.0,0.67449075,3.6139166,0.0,0.1431175,1.6057367,1.0
1827,2.9905531,1.0260979,1.4136363,0.7397245,0.0,0.0,1.0,0.67449075,2.6155376,0.0,0.12564115,1.4096571,1.0
1828,4.174037,1.2160664,1.2188315,0.54463345,0.0,0.0,1.0,0.67449075,3.5015655,0.0,0.13803487,1.548711,1.0
1829,4.058858,1.2046815,1.2022339,0.65927935,0.0,0.0,1.0,0.67449075,3.4484656,0.0,0.13420366,1.505726,1.0
1830,4.2274084,1.1972833,1.205019,0.7041758,0.0,0.0,1.0,0.67449075,3.4139595,0.0,0.1498056,1.6807753,1.0
1831,3.993357,1.1949631,1.2586619,0.57898146,0.0,0.0,1.0,0.67449075,3.4031382,0.0,0.13329445,1.4955249,1.0
1832,4.134189,1.2078195,1.2128612,0.54729474,0.0,0.0,1.0,0.67449075,3.4631011,0.0,0.1384763,1.5536637,1.0
1833,4.139643,1.2083353,1.213531,0.7041758,0.0,0.0,1.0,0.67449075,3.465507,0.0,0.13866605,1.5557927,1.0
1834,4.3976774,1.237748,1.4540191,0.5705918,0.0,0.0,1.0,0.67449075,3.6026905,0.0,0.14532202,1.6304708,1.0
1835,3.9316022,1.1509931,1.4431957,0.6541656,0.0,0.0,1.0,0.67449075,3.1980586,0.0,0.14753923,1.6553471,1.0
1836,5.5287466,1.4693052,1.4222285,0.5166756,0.0,0.0,1.0,0.67910635,4.682691,0.0,0.13513902,1.5162205,1.0
1837,4.772448,1.3419743,1.306614,0.85818017,0.0,0.0,1.0,0.6837856,4.0888095,0.0,0.13170636,1.4777069,1.0
1838,4.147616,1.1908073,1.3987596,0.87673044,0.0,0.0,1.0,0.8168081,3.3837554,0.0,0.14661533,1.6449813,1.0
1839,4.518128,1.2385365,1.498658,0.7690493,0.0,0.0,1.0,1.014087,3.6063678,0.0,0.15351035,1.7223414,1.0
1840,4.262992,1.184967,1.2064688,0.58453137,0.0,0.0,1.0,1.014087,3.356516,0.0,0.15790188,1.7716131,1.0
1841,3.741186,1.1074978,1.1180803,0.8011699,0.0,0.0,1.0,1.014087,2.9951932,0.0,0.15255383,1.7116095,1.0
1842,3.8206923,1.149429,1.1432445,0.7038376,0.0,0.0,1.0,1.014087,3.1907635,0.0,0.13940333,1.5640647,1.0
1843,4.0231905,1.1634609,1.3039695,0.78993654,0.0,0.0,1.0,1.014087,3.2562091,0.0,0.14911117,1.6729839,1.0
1844,4.437943,1.2100064,1.2810332,0.87481177,0.0,0.0,1.0,1.014087,3.4733012,0.0,0.15985407,1.793516,1.0
1845,4.260362,1.2373232,1.5596207,0.57358027,0.0,0.0,1.0,1.014087,3.6007087,0.0,0.1357817,1.5234312,1.0
1846,4.0890293,1.1675518,1.2899612,0.91139054,0.0,0.0,1.0,1.014087,3.2752895,0.0,0.15239716,1.7098517,1.0
1847,5.9109263,1.5097693,1.6104146,0.8633523,0.0,0.0,1.0,1.014087,4.871419,0.0,0.14346923,1.6096829,1.0
1848,3.960132,1.1412584,1.6047082,0.8727451,0.0,0.0,1.0,1.014087,3.1526551,0.0,0.15435235,1.7317884,1.0
1849,4.098118,1.1361951,1.1993926,0.90096194,0.0,0.0,1.0,1.014087,3.1290395,0.0,0.16799638,1.8848704,1.0
1850,3.7836752,1.0811542,1.0465299,0.52676535,0.0,0.0,1.0,1.014087,2.8723247,0.0,0.16992718,1.9065335,1.0
1851,4.551311,1.2456942,1.3897184,0.9218391,0.0,0.0,1.0,1.014087,3.639752,0.0,0.15290579,1.7155584,1.0
1852,3.6656144,1.0254006,1.1004696,0.46070912,0.0,0.0,1.0,1.014087,2.6122856,0.0,0.19181071,2.1520603,1.0
1853,3.708391,1.0256623,1.1437515,0.7083154,0.0,0.0,1.0,0.6819507,2.613506,0.0,0.19581191,2.1969526,1.0
1854,6.769022,1.6582222,1.6372286,0.73184717,0.0,0.0,1.0,0.67449075,5.5638146,0.0,0.14429082,1.618901,1.0
1855,3.4813752,1.0197941,1.0832555,0.63253593,0.0,0.0,1.0,0.67449075,2.5861363,0.0,0.17728204,1.9890528,1.0
1856,4.236365,1.1096555,1.1379865,0.6479785,0.0,0.0,1.0,0.67449075,3.005257,0.0,0.19344825,2.170433,1.0
1857,4.30622,1.097868,1.083648,0.3884909,0.0,0.0,1.0,0.67449075,2.9502788,0.0,0.20616724,2.3131363,1.0
1858,4.33131,1.1033065,1.0684228,0.56748605,0.0,0.0,1.0,0.67449075,2.9756448,0.0,0.20514585,2.3016768,1.0
1859,4.372822,1.154925,1.1566432,0.8302907,0.0,0.0,1.0,0.67449075,3.2163973,0.0,0.18068723,2.0272582,1.0
1860,3.1700184,0.98378867,1.3019632,0.8417661,0.0,0.0,1.0,0.67449075,2.418204,0.0,0.16830024,1.8882797,1.0
1861,3.23788,0.98430985,1.1114651,0.55089873,0.0,0.0,1.0,0.67449075,2.420635,0.0,0.17510413,1.9646173,1.0
1862,3.1890361,0.98148274,1.0470763,0.41420618,0.0,0.0,1.0,0.67449075,2.407449,0.0,0.1718032,1.9275819,1.0
1863,3.1628218,0.9793237,1.0874227,0.43204823,0.0,0.0,1.0,0.67449075,2.3973792,0.0,0.17043558,1.9122375,1.0
1864,3.2629895,1.0537459,1.0046136,0.2732274,0.0,0.0,1.0,0.67449075,2.74449,0.0,0.13723908,1.5397825,1.0
1865,3.4828403,1.0798656,0.9957745,0.2732274,0.0,0.0,1.0,0.67449075,2.8663144,0.0,0.14390332,1.6145532,1.0
1866,3.5528514,1.0901234,0.99221784,0.277201,0.0,0.0,1.0,0.67449075,2.9141576,0.0,0.1449412,1.6261979,1.0
1867,3.8196123,1.0798811,0.98655444,0.277201,0.0,0.0,1.0,0.67449075,2.8663867,0.0,0.1738148,1.9501514,1.0
1868,3.3533194,1.0330559,0.9458775,0.277201,0.0,0.0,1.0,0.67449075,2.6479905,0.0,0.15695949,1.7610397,1.0
1869,4.366846,1.2159137,1.1749338,0.277201,0.0,0.0,1.0,4.636243,3.5008533,0.3688584,0.15212163,1.7067604,1.0
1870,3.2227426,1.0412704,1.2641572,0.277201,0.0,0.0,1.0,6.5798187,2.6863034,0.6614973,0.13998176,1.5705546,1.0
1871,3.0811558,1.0351013,1.3546835,0.277201,0.0,0.0,1.0,16.398218,2.6575303,2.1398268,0.12972216,1.4554449,1.0
1872,16.0,1.3061906,1.41026,0.29723185,0.0,0.0,1.0,12917.492,3.921912,20.0,0.15207495,1.7062366,1.0
1873,16.0,0.9537765,1.3312601,0.85770845,0.0,0.0,1.0,13810.86,2.278225,20.0,0.1690625,1.896832,1.0
1874,16.0,1.2463592,1.3963914,0.7777458,0.0,0.0,1.0,13810.86,3.6428537,20.0,0.16895644,1.895642,1.0
1875,16.0,1.416267,1.3738285,0.8364481,0.0,0.0,1.0,14700.607,4.435317,20.0,0.15446365,1.7330371,1.0
1876,16.0,0.97018325,1.2977108,0.8081174,0.0,0.0,1.0,15586.783,2.3547473,20.0,0.15503162,1.7394096,1.0
1877,16.0,0.9765527,1.2812154,0.74396944,0.0,0.0,1.0,15586.783,2.3844552,20.0,0.16623588,1.8651181,1.0
1878,16.0,0.9886217,1.2720166,0.7742181,0.0,0.0,1.0,16469.441,2.4407458,20.0,0.15562268,1.746041,1.0
1879,16.0,1.4016724,1.6130569,0.49420115,0.0,0.0,1.0,16469.441,4.367246,20.0,0.11328239,1.2709954,1.0
1880,16.0,1.4106781,1.473839,0.70917165,0.0,0.0,1.0,17348.63,4.40925,20.0,0.09769416,1.0961,1.0
1881,16.0,1.5154892,1.5635428,0.74784064,0.0,0.0,1.0,17348.63,4.898097,20.0,0.1028427,1.1538652,1.0
1882,16.0,1.5475138,1.5478318,0.7574649,0.0,0.0,1.0,17348.63,5.0474625,20.0,0.11975824,1.3436526,1.0
1883,16.0,1.4493518,1.5633882,0.86807567,0.0,0.0,1.0,17348.63,4.589627,20.0,0.114340484,1.282867,1.0
1884,16.0,1.1077079,1.3101474,0.7923158,0.0,0.0,1.0,17348.63,2.996173,20.0,0.13459098,1.5100716,1.0
1885,16.0,1.1165038,1.506567,0.78234106,0.0,0.0,1.0,17348.63,3.037198,20.0,0.18256612,2.0483387,1.0
1886,16.0,1.1335657,1.0904771,0.7627191,0.0,0.0,1.0,17348.63,3.1167758,20.0,0.13580504,1.523693,1.0
1887,16.0,1.1100881,1.0808151,0.7764876,0.0,0.0,1.0,17348.63,3.0072746,20.0,0.13634558,1.5297577,1.0
1888,16.0,1.1658012,1.4901211,0.69345737,0.0,0.0,1.0,17348.63,3.2671247,20.0,0.16321774,1.8312554,1.0
1889,16.0,1.0670326,1.0473019,0.8156662,0.0,0.0,1.0,17348.63,2.8064601,20.0,0.13335313,1.4961833,1.0
1890,16.0,1.0890483,1.2527835,0.77560616,0.0,0.0,1.0,17348.63,2.9091432,20.0,0.12841746,1.4408065,1.0
1891,16.0,1.2476797,1.4316527,0.8903225,0.0,0.0,1.0,17348.63,3.6490126,20.0,0.13875955,1.5568417,1.0
1892,16.0,1.3200417,1.4399824,0.8067385,0.0,0.0,1.0,17348.63,3.9865143,20.0,0.120533474,1.3523505,1.0
1893,16.0,1.2759289,1.4833467,0.791197,0.0,0.0,1.0,17348.63,3.7807689,20.0,0.13540041,1.5191532,1.0
1894,16.0,1.3840615,1.552215,0.7140005,0.0,0.0,1.0,17348.63,4.2851076,20.0,0.13147433,1.4751037,1.0
1895,16.0,1.4329269,1.5117372,0.5856374,0.0,0.0,1.0,17348.63,4.51302,20.0,0.14475904,1.6241543,1.0
1896,16.0,1.7099466,1.5898653,0.42676184,0.0,0.0,1.0,17348.63,5.805062,20.0,0.10805823,1.2123818,1.0
1897,16.0,1.4048885,1.3501958,0.60386556,0.0,0.0,1.0,13810.86,4.3822465,20.0,0.12580556,1.4115016,1.0
1898,16.0,1.3946278,1.5326805,0.57099617,0.0,0.0,1.0,9306.766,4.33439,20.0,0.11354031,1.2738892,1.0
1899,16.0,1.3126323,1.3581377,0.8068242,0.0,0.0,1.0,7478.2993,3.9519565,20.0,0.11555626,1.2965076,1.0
1900,16.0,1.1095831,1.2745789,0.7107671,0.0,0.0,1.0,6558.0986,3.0049193,20.0,0.1398905,1.5695307,1.0
1901,16.0,1.0868675,1.0519116,0.64041203,0.0,0.0,1.0,5633.8457,2.8989716,20.0,0.14205699,1.593838,1.0
1902,16.0,1.0410326,1.2365654,0.47489074,0.0,0.0,1.0,5633.8457,2.685194,20.0,0.14581507,1.6360027,1.0
1903,16.0,1.2447463,1.273169,0.646733,0.0,0.0,1.0,4705.4834,3.635331,20.0,0.16711111,1.874938,1.0
1904,16.0,1.1185406,1.1900756,0.73500067,0.0,0.0,1.0,4705.4834,3.0466979,20.0,0.15708157,1.7624094,1.0
1905,16.0,1.2071126,1.2693139,0.74034655,0.0,0.0,1.0,4705.4834,3.459804,20.0,0.1477335,1.6575267,1.0
1906,16.0,1.0714511,1.163618,0.60901564,0.0,0.0,1.0,3772.9536,2.8270683,20.0,0.14161478,1.5888766,1.0
1907,16.0,1.1169918,1.2199589,0.9100803,0.0,0.0,1.0,3772.9536,3.0394738,20.0,0.13458115,1.5099612,1.0
1908,16.0,1.2203678,1.4748774,0.8355051,0.0,0.0,1.0,3772.9536,3.5216277,20.0,0.1566713,1.7578063,1.0
1909,16.0,1.2706817,1.3434113,0.64364415,0.0,0.0,1.0,3772.9536,3.756296,20.0,0.1420935,1.5942476,1.0
1910,16.0,1.5054755,1.4411886,0.77119064,0.0,0.0,1.0,3772.9536,4.8513923,20.0,0.15298016,1.7163929,1.0
1911,16.0,1.2638726,1.3205998,0.55396175,0.0,0.0,1.0,3772.9536,3.7245376,20.0,0.14500318,1.6268935,1.0
1912,16.0,1.6373357,1.4314357,0.77823347,0.0,0.0,1.0,2836.1995,5.4663982,20.0,0.13755633,1.543342,1.0
1913,16.0,1.5881652,1.558097,0.55807734,0.0,0.0,1.0,2836.1995,5.2370634,20.0,0.09590026,1.0759729,1.0
1914,16.0,1.7360557,1.651732,0.54102063,0.0,0.0,1.0,2836.1995,5.9268365,20.0,0.10862205,1.2187078,1.0
1915,16.0,1.2954998,1.2779136,0.46886212,0.0,0.0,1.0,2836.1995,3.872049,20.0,0.14186515,1.5916857,1.0
1916,4.5051765,1.2644408,1.2709495,0.46320426,0.0,0.0,1.0,0.67449075,3.7271874,0.0,0.14228371,1.5963818,1.0
1917,4.160821,1.2566735,1.5739217,0.54296726,0.0,0.0,1.0,0.44861814,3.6909602,0.0,0.12154641,1.3637153,1.0
1918,4.1600995,1.2177767,1.4712002,0.5703909,0.0,0.0,1.0,0.44861814,3.5095425,0.0,0.13633357,1.5296229,1.0
1919,3.9705508,1.2053398,1.1615769,0.43428218,0.0,0.0,1.0,0.44861814,3.451536,0.0,0.12742174,1.4296348,1.0
1920,5.119895,1.4298202,1.4388695,0.51578724,0.0,0.0,1.0,0.44861814,4.49853,0.0,0.124303274,1.3946465,1.0
1921,5.97116,1.5356002,1.4789219,0.53604794,0.0,0.0,1.0,0.67449075,4.991896,0.0,0.13908452,1.5604877,1.0
1922,4.399835,1.2007946,1.1496946,0.6645299,0.0,0.0,1.0,0.67449075,3.4303367,0.0,0.1611004,1.8074995,1.0
1923,4.2015157,1.134295,1.1381571,0.67030466,0.0,0.0,1.0,0.67449075,3.1201773,0.0,0.17738251,1.9901801,1.0
1924,3.8642292,1.0973072,1.1542389,0.48222867,0.0,0.0,1.0,0.67449075,2.9476635,0.0,0.16831262,1.8884186,1.0
1925,4.673482,1.2148749,1.1626819,0.4353034,0.0,0.0,1.0,0.67449075,3.4960082,0.0,0.17489766,1.9623008,1.0
1926,4.5311,1.1514226,1.1432704,0.4353034,0.0,0.0,1.0,0.67449075,3.200062,0.0,0.19504994,2.1884036,1.0
1927,4.7598143,1.1760995,1.1196436,0.41536885,0.0,0.0,1.0,0.67449075,3.315157,0.0,0.20010027,2.2450666,1.0
1928,4.7124586,1.1603168,1.1061049,0.6750587,0.0,0.0,1.0,0.67449075,3.2415452,0.0,0.20468296,2.2964833,1.0
1929,5.004234,1.2026362,1.1032015,0.504291,0.0,0.0,1.0,0.67449075,3.4389262,0.0,0.20504056,2.3004954,1.0
1930,4.818698,1.1936126,1.1448628,0.40265086,0.0,0.0,1.0,0.67449075,3.3968391,0.0,0.19572267,2.1959512,1.0
1931,4.5816317,1.1742587,1.1394573,0.40265086,0.0,0.0,1.0,0.67449075,3.3065712,0.0,0.18732701,2.1017544,1.0
1932,4.6107326,1.2059883,1.1666685,0.277201,0.0,0.0,1.0,0.67449075,3.4545605,0.0,0.17435643,1.9562284,1.0
1933,4.689288,1.2042674,1.1627443,0.277201,0.0,0.0,1.0,0.67910635,3.4465342,0.0,0.18095218,2.0302308,1.0
1934,4.619609,1.1850293,1.1428306,0.277201,0.0,0.0,1.0,0.6837856,3.356806,0.0,0.18492758,2.0748336,1.0
1935,4.3714542,1.1343901,1.1009362,0.40265086,0.0,0.0,1.0,0.8168081,3.120621,0.0,0.1912014,2.145224,1.0
1936,4.1962543,1.117562,1.0581341,0.48427707,0.0,0.0,1.0,1.014087,3.0421336,0.0,0.18573914,2.083939,1.0
1937,4.368769,1.1258283,1.0601355,0.40265086,0.0,0.0,1.0,1.014087,3.080688,0.0,0.19560345,2.1946137,1.0
1938,4.0096736,1.1456525,1.0704108,0.4258674,0.0,0.0,1.0,1.014087,3.1731498,0.0,0.15626216,1.7532159,1.0
1939,4.252115,1.1202687,1.0157124,0.4842771,0.0,0.0,1.0,1.014087,3.0547576,0.0,0.1889442,2.119899,1.0
1940,4.3590374,1.132029,1.0316685,0.6744947,0.0,0.0,1.0,1.014087,3.109609,0.0,0.1914478,2.1479886,1.0
1941,3.997258,1.1149653,0.9987958,0.65189505,0.0,0.0,1.0,1.014087,3.0300224,0.0,0.17041881,1.9120494,1.0
1942,3.9879453,1.1480683,1.0198456,0.4842771,0.0,0.0,1.0,1.014087,3.1844172,0.0,0.15338604,1.7209467,1.0
1943,4.136635,1.1420214,1.0205758,0.4842771,0.0,0.0,1.0,1.014087,3.156214,0.0,0.16823253,1.88752,1.0
1944,3.6794515,1.0421305,1.0495634,0.30129662,0.0,0.0,1.0,1.014087,2.6903148,0.0,0.1827564,2.0504735,1.0
1945,3.5495846,1.0136932,1.0319864,0.30129662,0.0,0.0,1.0,1.014087,2.5576813,0.0,0.18788709,2.1080384,1.0
1946,4.106947,1.0944955,1.0097699,0.48427707,0.0,0.0,1.0,1.014087,2.9345496,0.0,0.190867,2.141472,1.0
1947,4.310794,1.1075815,1.040488,0.5997028,0.0,0.0,1.0,1.014087,2.9955835,0.0,0.20093463,2.2544281,1.0
1948,3.959502,1.0640728,1.0415449,0.47989032,0.0,0.0,1.0,1.014087,2.7926557,0.0,0.1955301,2.1937907,1.0
1949,3.839133,1.0427806,1.1040335,0.47989038,0.0,0.0,1.0,1.014087,2.6933472,0.0,0.19746208,2.215467,1.0
1950,3.9731667,1.0488981,1.0802653,0.4842771,0.0,0.0,1.0,0.6819507,2.7218797,0.0,0.20619692,2.3134694,1.0
1951,4.4771714,1.1251334,1.1114146,0.4842771,0.0,0.0,1.0,0.67449075,3.077447,0.0,0.20495388,2.2995229,1.0
1952,4.804239,1.1883161,1.2448856,0.48427707,0.0,0.0,1.0,2.637799,3.372136,0.067958176,0.1972771,2.2133915,1.0
1953,5.1904798,1.2695515,1.3577392,0.48629537,0.0,0.0,1.0,3.2830198,3.7510242,0.1651073,0.1868523,2.0964284,1.0
1954,5.058129,1.228165,1.4077827,0.74042594,0.0,0.0,1.0,3.6036034,3.5579946,0.21337669,0.19649698,2.204639,1.0
1955,5.9734664,1.3780121,1.4748397,0.73142284,0.0,0.0,1.0,3.9228613,4.2568927,0.2614465,0.19181696,2.1521304,1.0
1956,6.1404295,1.416429,1.4388855,0.40265086,0.0,0.0,1.0,4.2408123,4.436073,0.3093195,0.1869679,2.0977254,1.0
1957,6.0225286,1.4701737,1.4638513,0.4817364,0.0,0.0,1.0,6.296064,4.686742,0.6187731,0.16170877,1.8143253,1.0
1958,5.5122566,1.4185297,1.3033903,0.79100686,0.0,0.0,1.0,9.765183,4.4458704,1.141109,0.15021014,1.685314,1.0
1959,3.3865213,1.1673212,1.4728746,0.47489223,0.0,0.0,1.0,10.394504,3.2742143,1.2358639,0.09786361,1.0980011,1.0
1960,5.292504,1.3410374,1.536247,0.40595263,0.0,0.0,1.0,10.394504,4.08444,1.2358639,0.16444838,1.845063,1.0
1961,5.4750786,1.43972,1.55329,0.42939422,0.0,0.0,1.0,11.021326,4.5447035,1.3302429,0.1412607,1.5849038,1.0
1962,5.4386272,1.4410111,1.5698829,0.4688621,0.0,0.0,1.0,11.021326,4.550725,1.3302429,0.13881499,1.5574636,1.0
1963,5.855112,1.5110891,1.6046506,0.4714027,0.0,0.0,1.0,11.645684,4.8775744,1.4242508,0.14016525,1.5726134,1.0
1964,6.0689054,1.628097,1.6471424,0.40595263,0.0,0.0,1.0,11.645684,5.423309,1.4242508,0.11944316,1.3401175,1.0
1965,6.1055484,1.5915374,1.620584,0.4688621,0.0,0.0,1.0,11.645684,5.2527914,1.4242508,0.13047032,1.4638389,1.0
1966,6.520212,1.6625884,1.6520565,0.46886203,0.0,0.0,1.0,11.645684,5.584179,1.4242508,0.13181455,1.4789209,1.0
1967,6.2605143,1.7132392,1.678484,0.46886203,0.0,0.0,1.0,11.645684,5.8204184,1.4242508,0.10838387,1.2160355,1.0
1968,6.506721,1.6494267,1.6125684,0.43204823,0.0,0.0,1.0,11.645684,5.522792,1.4242508,0.1344975,1.5090227,1.0
1969,5.6645985,1.6247288,1.57722,0.4142062,0.0,0.0,1.0,11.645684,5.407599,1.4242508,0.10123146,1.1357875,1.0
1970,5.3062234,1.597067,1.5552415,0.277201,0.0,0.0,1.0,11.645684,5.278582,1.4242508,0.09046237,1.0149615,1.0
1971,5.39588,1.572926,1.5337361,0.277201,0.0,0.0,1.0,11.645684,5.165987,1.4242508,0.100461304,1.1271466,1.0
1972,5.6949105,1.5530415,1.513869,0.49639428,0.0,0.0,1.0,11.645684,5.0732436,1.4242508,0.12033373,1.3501095,1.0
1973,3.53679,1.2236186,1.1588467,0.794349,0.0,0.0,1.0,11.645684,3.53679,1.4242508,0.07610142,0.85383576,0.0
1974,4.724068,1.4781766,1.4814833,0.5894152,0.0,0.0,1.0,11.645684,4.724068,1.4242508,0.08063314,0.9046804,0.0
1975,6.1217337,1.5431101,1.4896096,0.46882287,0.0,0.0,1.0,11.645684,5.026923,1.4242508,0.1445898,1.6222554,1.0
1976,5.2749653,1.5131755,1.4592274,0.4258674,0.0,0.0,1.0,11.645684,4.8873057,1.4242508,0.109327935,1.2266276,1.0
1977,4.666176,1.4480386,1.4386194,0.30129662,0.0,0.0,1.0,11.645684,4.583502,1.4242508,0.09372216,1.0515352,1.0
1978,4.5139422,1.4331247,1.4026021,0.41889033,0.0,0.0,1.0,11.645684,4.5139422,1.4242508,0.08273905,0.928308,0.0
1979,4.9494944,1.4388013,1.4443277,0.39859095,0.0,0.0,1.0,11.645684,4.5404186,1.4242508,0.11207228,1.2574184,1.0
1980,5.104877,1.3901283,1.4062278,0.5882818,0.0,0.0,1.0,11.645684,4.3134036,1.4242508,0.13585572,1.5242616,1.0
1981,4.7285504,1.3707461,1.3498427,0.30737466,0.0,0.0,1.0,7.2221828,4.223004,0.7582163,0.119614154,1.342036,1.0
1982,3.3747199,1.0996879,1.2438968,0.65332425,0.0,0.0,1.0,5.286887,2.9587674,0.46682414,0.12492891,1.4016659,1.0
1983,5.2062473,1.4232944,1.3558187,0.7327001,0.0,0.0,1.0,4.636243,4.4680934,0.3688584,0.13119914,1.4720161,1.0
1984,3.623001,1.1204255,1.2164295,0.7087218,0.0,0.0,1.0,3.98276,3.0554888,0.27046525,0.1364271,1.5306723,1.0
1985,3.4199476,1.0871565,1.4268416,0.52772343,0.0,0.0,1.0,3.3263993,2.9003198,0.17163883,0.13475326,1.5118923,1.0
1986,4.5716968,1.2667133,1.4059134,0.647569,0.0,0.0,1.0,3.3263993,3.7377865,0.17163883,0.14594285,1.6374363,1.0
1987,4.7610035,1.2653524,1.334308,0.6641256,0.0,0.0,1.0,3.3263993,3.731439,0.17163883,0.15939201,1.788332,1.0
1988,3.9026356,1.1712462,1.3125145,0.6512045,0.0,0.0,1.0,2.6671205,3.2925205,0.07237302,0.1363171,1.5294381,1.0
1989,4.9714584,1.3097415,1.3651053,0.808797,0.0,0.0,1.0,2.6671205,3.9384735,0.07237302,0.15591966,1.7493731,1.0
1990,5.082207,1.341153,1.3398765,0.7612696,0.0,0.0,1.0,2.6671205,4.0849795,0.07237302,0.15129516,1.6974876,1.0
1991,5.774275,1.3935957,1.3510776,0.45538422,0.0,0.0,1.0,2.0048819,4.329576,0.0,0.17410216,1.9533755,1.0
1992,6.0915966,1.4277939,1.3720487,0.5393485,0.0,0.0,1.0,2.0048819,4.489079,0.0,0.18003559,2.0199468,1.0
1993,6.1365757,1.4112769,1.3928983,0.4142062,0.0,0.0,1.0,2.0048819,4.4120426,0.0,0.18866533,2.11677,1.0
1994,4.970886,1.3747083,1.3787951,0.34155,0.0,0.0,1.0,2.0048819,4.2414837,0.0,0.13292137,1.491339,1.0
1995,6.2087636,1.4614327,1.5892941,0.6026439,0.0,0.0,1.0,2.0048819,4.645973,0.0,0.17478816,1.9610722,1.0
1996,5.8551173,1.4596664,1.5941455,0.5856374,0.0,0.0,1.0,2.0048819,4.637735,0.0,0.15597428,1.749986,1.0
1997,5.503667,1.4497942,1.4937692,0.76488256,0.0,0.0,1.0,2.0048819,4.59169,0.0,0.13970688,1.5674704,1.0
1998,4.830806,1.3686202,1.4215631,0.8903569,0.0,0.0,1.0,2.0048819,4.213088,0.0,0.1264659,1.4189106,1.0
1999,4.917048,1.3897617,1.3816235,0.2767621,0.0,0.0,1.0,0.13562866,4.311694,0.0,0.12488182,1.4011376,1.0
2000,5.4923506,1.4057466,1.418325,0.49023372,0.0,0.0,1.0,0.2876728,4.3862486,0.0,0.15334623,1.7205,1.0
2001,5.278277,1.4013032,1.4222131,0.4942012,0.0,0.0,1.0,0.2876728,4.3655243,0.0,0.14237241,1.5973771,1.0
2002,6.713207,1.8582633,1.7708833,0.6144526,0.0,0.0,1.0,0.4806324,6.496822,0.0,0.09761044,1.0951606,1.0
2003,4.7854896,1.3696243,1.4174582,0.5748743,0.0,0.0,1.0,0.4806324,4.2177715,0.0,0.12340567,1.3845757,1.0
2004,5.025373,1.3665639,1.3365638,0.48222867,0.0,0.0,1.0,0.4806324,4.203498,0.0,0.13891923,1.5586333,1.0
2005,4.8776965,1.3150319,1.3294495,0.48222867,0.0,0.0,1.0,0.4806324,3.9631484,0.0,0.1478936,1.659323,1.0
2006,5.258136,1.331731,1.3149819,0.48222867,0.0,0.0,1.0,0.4806324,4.041034,0.0,0.16582698,1.8605304,1.0
2007,4.8820825,1.2817361,1.2976567,0.48222867,0.0,0.0,1.0,0.4806324,3.8078544,0.0,0.1609689,1.8060242,1.0
2008,5.475045,1.3297685,1.2875687,0.41420618,0.0,0.0,1.0,0.4806324,4.0318813,0.0,0.18027921,2.0226803,1.0
2009,5.2417674,1.3038858,1.2415218,0.40265086,0.0,0.0,1.0,0.4806324,3.9111621,0.0,0.17576393,1.9720201,1.0
2010,5.2863884,1.2970879,1.2166519,0.45931733,0.0,0.0,1.0,0.4806324,3.8794563,0.0,0.18148221,2.0361776,1.0
2011,5.1762457,1.2869166,1.2158977,0.45786044,0.0,0.0,1.0,0.4806324,3.8320165,0.0,0.17845866,2.0022542,1.0
2012,5.137611,1.3074771,1.253249,0.40265086,0.0,0.0,1.0,0.67449075,3.9279122,0.0,0.1675559,1.8799284,1.0
2013,5.1086392,1.3145036,1.2465392,0.48222867,0.0,0.0,1.0,0.67449075,3.960684,0.0,0.16293715,1.8281074,1.0
2014,4.690363,1.3249971,1.4100175,0.53854895,0.0,0.0,1.0,0.67449075,4.009627,0.0,0.13236283,1.4850724,1.0
2015,5.3077254,1.3062413,1.2410494,0.40265086,0.0,0.0,1.0,0.67449075,3.9221482,0.0,0.17909046,2.0093427,1.0
2016,4.7469187,1.2061596,1.2332339,0.30129662,0.0,0.0,1.0,0.6797416,3.4553595,0.0,0.1843145,2.067955,1.0
2017,4.679473,1.1893238,1.2153318,0.30129662,0.0,0.0,1.0,0.7984917,3.376836,0.0,0.1873633,2.1021616,1.0
2018,5.2101216,1.2517715,1.1736807,0.63253593,0.0,0.0,1.0,0.9516979,3.6680968,0.0,0.19618239,2.2011092,1.0
2019,5.2596273,1.2321651,1.1529567,0.45931733,0.0,0.0,1.0,0.9516979,3.576651,0.0,0.20895508,2.3444152,1.0
2020,5.146915,1.2386649,1.159969,0.45931733,0.0,0.0,1.0,0.9516979,3.6069665,0.0,0.19785015,2.219821,1.0
2021,4.8335166,1.2346901,1.1585909,0.6751063,0.0,0.0,1.0,0.9516979,3.5884278,0.0,0.17748699,1.9913523,1.0
2022,4.7982802,1.2344667,1.1798254,0.8038306,0.0,0.0,1.0,0.9516979,3.587386,0.0,0.17508534,1.9644065,1.0
2023,4.909847,1.2249441,1.185361,0.669025,0.0,0.0,1.0,0.9516979,3.5429718,0.0,0.18737409,2.1022825,1.0
2024,4.3033557,1.1457231,1.1848091,0.6712367,0.0,0.0,1.0,0.9516979,3.173479,0.0,0.17979516,2.0172493,1.0
2025,4.5348153,1.140231,1.1698029,0.57884234,0.0,0.0,1.0,0.9516979,3.1478634,0.0,0.20132965,2.25886,1.0
2026,5.1005306,1.2025598,1.1196637,0.425082,0.0,0.0,1.0,0.9516979,3.4385698,0.0,0.21221052,2.3809402,1.0
2027,4.3718224,1.088124,1.1035472,0.3905875,0.0,0.0,1.0,0.9516979,2.9048324,0.0,0.21773346,2.442906,1.0
2028,3.9223635,1.046778,1.0641103,0.3860832,0.0,0.0,1.0,0.9516979,2.711991,0.0,0.20278192,2.275154,1.0
2029,3.7325854,1.0241176,1.0523547,0.3860832,0.0,0.0,1.0,0.9516979,2.6063013,0.0,0.19917475,2.2346826,1.0
2030,4.269444,1.1294205,1.0892184,0.4258674,0.0,0.0,1.0,0.9516979,3.0974424,0.0,0.18548413,2.0810778,1.0
2031,3.6837747,1.123288,1.0879861,0.277201,0.0,0.0,1.0,0.9516979,3.06884,0.0,0.1401565,1.572515,1.0
2032,4.192344,1.1130822,1.0480052,0.47989032,0.0,0.0,1.0,1.014087,3.021239,0.0,0.1878389,2.1074977,1.0
2033,4.1932654,1.1006527,1.0483345,0.58292705,0.0,0.0,1.0,1.014087,2.963267,0.0,0.1948311,2.1859481,1.0
2034,4.124944,1.0857131,1.0473992,0.58292705,0.0,0.0,1.0,1.014087,2.8935878,0.0,0.19749598,2.2158475,1.0
2035,4.0096364,1.0673987,1.0407681,0.425082,0.0,0.0,1.0,1.014087,2.8081677,0.0,0.19808203,2.2224226,1.0
2036,3.642384,1.0257326,1.0306718,0.47989032,0.0,0.0,1.0,1.014087,2.6138341,0.0,0.1893358,2.1242924,1.0
2037,3.4392147,0.9977244,1.0164355,0.425082,0.0,0.0,1.0,1.014087,2.4832015,0.0,0.18716866,2.0999777,1.0
2038,3.3593073,0.97854215,0.9876822,0.3905875,0.0,0.0,1.0,1.014087,2.393734,0.0,0.19184999,2.152501,1.0
2039,3.0663877,0.96671546,1.0158628,0.425082,0.0,0.0,1.0,1.014087,2.3385732,0.0,0.16838269,1.8892047,1.0
2040,3.028832,0.96308446,1.082663,0.46061137,0.0,0.0,1.0,1.1269385,2.321638,0.0,0.16669898,1.870314,1.0
2041,3.0550687,0.9639306,1.0671965,0.40265086,0.0,0.0,1.0,0.6807304,2.3255847,0.0,0.16900814,1.896222,1.0
2042,3.6356208,1.0511355,1.0969932,0.40265086,0.0,0.0,1.0,0.6807304,2.7323153,0.0,0.17331766,1.9445736,1.0
2043,3.173883,0.97132266,1.0827761,0.4253025,0.0,0.0,1.0,0.6807304,2.3600616,0.0,0.17694134,1.9852302,1.0
2044,3.718481,1.0572662,1.0823328,0.47989038,0.0,0.0,1.0,0.6807304,2.7609093,0.0,0.17745103,1.9909488,1.0
2045,3.782908,1.0933416,1.0835136,0.40265086,0.0,0.0,1.0,0.6807304,2.9291675,0.0,0.16335078,1.832748,1.0
2046,3.9334073,1.1103024,1.0781677,0.40265086,0.0,0.0,1.0,0.6807304,3.0082743,0.0,0.16744247,1.8786558,1.0
2047,3.9576561,1.12029,1.0778996,0.44905484,0.0,0.0,1.0,0.6807304,3.0548573,0.0,0.16438651,1.8443687,1.0
2048,3.4466708,1.0710789,1.0604384,0.40265086,0.0,0.0,1.0,0.6807304,2.8253326,0.0,0.14513157,1.6283339,1.0
2049,2.5558374,0.98440546,1.0818688,0.41109997,0.0,0.0,1.0,0.67449075,2.4210808,0.0,0.10330283,1.1590277,1.0
2050,3.3205822,1.0888121,1.4025562,0.8132473,0.0,0.0,1.0,0.67449075,2.9080417,0.0,0.12525457,1.4053198,1.0
2051,8.36038,1.7849636,1.7529539,0.79135233,0.0,0.0,1.0,0.67449075,6.154947,0.0,0.18037617,2.0237682,1.0
2052,3.5034497,1.0679845,1.026377,0.277201,0.0,0.0,1.0,0.67449075,2.8109,0.0,0.15187052,1.703943,1.0
2053,3.7351499,1.1055189,1.0125716,0.40265086,0.0,0.0,1.0,0.67449075,2.9859636,0.0,0.15302223,1.7168648,1.0
2054,3.695349,1.1079742,1.0004505,0.40265086,0.0,0.0,1.0,0.67449075,2.997415,0.0,0.14842385,1.6652724,1.0
2055,3.5660625,1.0937991,0.9964004,0.277201,0.0,0.0,1.0,0.67449075,2.9313014,0.0,0.1442731,1.6187022,1.0
2056,3.2714324,1.0408897,0.9421028,0.277201,0.0,0.0,1.0,0.67449075,2.6845279,0.0,0.14480256,1.6246425,1.0
2057,3.3610895,1.0430629,0.9365243,0.277201,0.0,0.0,1.0,0.67449075,2.694664,0.0,0.15210812,1.7066088,1.0
2058,3.3836834,1.034513,0.9314607,0.277201,0.0,0.0,1.0,0.67449075,2.6547863,0.0,0.15904656,1.784456,1.0
2059,3.377006,1.0275334,0.93067837,0.277201,0.0,0.0,1.0,0.67449075,2.622233,0.0,0.16242746,1.8223888,1.0
2060,16.0,1.238996,1.1918908,0.277201,0.0,0.0,1.0,9306.766,3.6085112,20.0,0.16271897,1.8256594,1.0
2061,16.0,1.0502291,1.2801164,0.40265086,0.0,0.0,1.0,11119.687,2.7280874,20.0,0.16509807,1.8523523,1.0
2062,16.0,1.0456053,1.3629946,0.277201,0.0,0.0,1.0,12020.452,2.7065217,20.0,0.16041255,1.799782,1.0
2063,16.0,1.3258669,1.421568,0.277201,0.0,0.0,1.0,12917.492,4.013684,20.0,0.16337977,1.8330735,1.0
2064,16.0,1.4594798,1.4681275,0.39717662,0.0,0.0,1.0,13810.86,4.6368647,20.0,0.16565558,1.8586074,1.0
2065,16.0,1.5425447,1.504795,0.48222867,0.0,0.0,1.0,14700.607,5.024286,20.0,0.16031049,1.798637,1.0
2066,16.0,1.5892658,1.5505129,0.277201,0.0,0.0,1.0,14700.607,5.242197,20.0,0.16142981,1.8111954,1.0
2067,16.0,1.6282623,1.5783695,0.48222867,0.0,0.0,1.0,15586.783,5.4240794,20.0,0.16732912,1.877384,1.0
2068,16.0,1.6669132,1.6245947,0.277201,0.0,0.0,1.0,15586.783,5.60435,20.0,0.15585203,1.7486144,1.0
2069,16.0,1.4241321,1.6392425,0.40595263,0.0,0.0,1.0,16469.441,4.472,20.0,0.16714159,1.8752799,1.0
2070,16.0,1.2915226,1.6126974,0.75337034,0.0,0.0,1.0,17348.63,3.8534994,20.0,0.16088878,1.8051252,1.0
2071,16.0,1.2905262,1.3247417,0.79544765,0.0,0.0,1.0,17348.63,3.8488517,20.0,0.15860593,1.7795124,1.0
2072,16.0,1.5736047,1.6906518,0.7038981,0.0,0.0,1.0,17348.63,5.1691523,20.0,0.20514221,2.301636,1.0
2073,16.0,1.320738,1.5429441,0.7441783,0.0,0.0,1.0,17348.63,3.9897618,20.0,0.18611844,2.0881946,1.0
2074,16.0,1.773416,1.7583902,0.4942012,0.0,0.0,1.0,17348.63,6.101088,20.0,0.16885357,1.8944879,1.0
2075,16.0,1.159412,1.5938258,0.7429861,0.0,0.0,1.0,17348.63,3.2373252,20.0,0.15224065,1.7080957,1.0
2076,16.0,1.1045156,1.6124458,0.6993969,0.0,0.0,1.0,17348.63,2.9812837,20.0,0.1783301,2.0008116,1.0
2077,16.0,1.6174312,1.5659235,0.4688621,0.0,0.0,1.0,17348.63,5.3735623,20.0,0.16110581,1.8075603,1.0
2078,16.0,1.5843303,1.5322369,0.49420115,0.0,0.0,1.0,17348.63,5.2191772,20.0,0.118287876,1.3271555,1.0
2079,16.0,1.5642923,1.5064962,0.49023372,0.0,0.0,1.0,17348.63,5.1257186,20.0,0.14396279,1.6152205,1.0
2080,16.0,1.4794614,1.4818909,0.30129662,0.0,0.0,1.0,17348.63,4.7300606,20.0,0.1094158,1.2276133,1.0
2081,16.0,1.4726353,1.4581885,0.28757182,0.0,0.0,1.0,17348.63,4.6982226,20.0,0.123228066,1.382583,1.0
2082,16.0,1.4626318,1.4501891,0.30129662,0.0,0.0,1.0,17348.63,4.651566,20.0,0.12852259,1.441986,1.0
2083,16.0,1.228697,1.1387063,0.9322272,0.0,0.0,1.0,17348.63,3.5604753,20.0,0.0678571,0.7613369,0.0
2084,16.0,1.285348,1.2871168,0.87239265,0.0,0.0,1.0,17348.63,3.8247006,20.0,0.09518865,1.0679889,1.0
2085,16.0,1.4754945,1.4478196,0.72007984,0.0,0.0,1.0,17348.63,4.7115583,20.0,0.09257559,1.0386711,1.0
2086,16.0,1.4512914,1.5059,0.5103941,0.0,0.0,1.0,17348.63,4.5986733,20.0,0.0863823,0.9691842,0.0
2087,16.0,1.4212002,1.350615,0.4258674,0.0,0.0,1.0,17348.63,4.4583254,20.0,0.095715135,1.0738959,1.0
2088,16.0,1.1105719,1.3072853,0.5241775,0.0,0.0,1.0,11119.687,3.0095308,20.0,0.09344367,1.0484108,1.0
2089,16.0,1.1220831,1.2923357,0.5271404,0.0,0.0,1.0,8394.503,3.06322,20.0,0.12675701,1.4221767,1.0
2090,16.0,1.0749658,1.331368,0.5508891,0.0,0.0,1.0,7478.2993,2.8434615,20.0,0.12374703,1.3884056,1.0
2091,16.0,1.1311736,1.2807432,0.57647896,0.0,0.0,1.0,6558.0986,3.105619,20.0,0.16166048,1.8137834,1.0
2092,16.0,1.1037315,1.283338,0.6601924,0.0,0.0,1.0,5633.8457,2.9776268,20.0,0.16606139,1.8631604,1.0
2093,16.0,1.1781507,1.3062651,0.65984935,0.0,0.0,1.0,5633.8457,3.3247237,20.0,0.16952808,1.9020557,1.0
2094,16.0,1.1340735,1.211988,0.5960885,0.0,0.0,1.0,5633.8457,3.1191442,20.0,0.120094284,1.3474228,1.0
2095,16.0,1.1626338,1.2750632,0.6776109,0.0,0.0,1.0,4705.4834,3.2523518,20.0,0.18326499,2.0561798,1.0
2096,16.0,1.3017896,1.306182,0.50838125,0.0,0.0,1.0,4705.4834,3.9013855,20.0,0.17001724,1.9075439,1.0
2097,16.0,1.1842839,1.3849262,0.52270365,0.0,0.0,1.0,4705.4834,3.3533294,20.0,0.13879259,1.5572125,1.0
2098,16.0,1.1097515,1.2020745,0.42570072,0.0,0.0,1.0,3772.9536,3.0057044,20.0,0.12977977,1.4560912,1.0
2099,16.0,1.1693085,1.2925879,0.51781064,0.0,0.0,1.0,3772.9536,3.2834833,20.0,0.15843567,1.7776021,1.0
2100,16.0,1.113843,1.1397665,0.8276091,0.0,0.0,1.0,3772.9536,3.0247874,20.0,0.13441485,1.5080955,1.0
2101,16.0,1.0401504,1.1747532,0.5517831,0.0,0.0,1.0,3772.9536,2.6810796,20.0,0.14043082,1.5755929,1.0
2102,16.0,1.3511562,1.3225197,0.7075706,0.0,0.0,1.0,3772.9536,4.131635,20.0,0.1566783,1.757885,1.0
2103,16.0,1.3682442,1.3347927,0.5393485,0.0,0.0,1.0,3772.9536,4.2113347,20.0,0.1898145,2.1296632,1.0
2104,16.0,1.386882,1.4035461,0.57314485,0.0,0.0,1.0,3772.9536,4.2982626,20.0,0.17643636,1.9795645,1.0
2105,16.0,1.3592297,1.3314133,0.4258674,0.0,0.0,1.0,2836.1995,4.1692905,20.0,0.15923297,1.7865475,1.0
2106,16.0,1.1705111,1.3308984,0.6486236,0.0,0.0,1.0,2836.1995,3.2890923,20.0,0.13799682,1.5482842,1.0
2107,5.432722,1.3494397,1.4980514,0.5645747,0.0,0.0,1.0,0.67449075,4.123629,0.0,0.16997166,1.9070325,1.0
2108,5.1414127,1.3481362,1.3961537,0.57314485,0.0,0.0,1.0,0.44861814,4.1175494,0.0,0.15245073,1.7104527,1.0
2109,4.7789693,1.3289402,1.5146847,0.5720578,0.0,0.0,1.0,0.44861814,4.0280175,0.0,0.13660455,1.5326632,1.0
2110,4.7058625,1.3025341,1.5147372,0.5856374,0.0,0.0,1.0,0.44861814,3.9048576,0.0,0.14136611,1.5860865,1.0
2111,4.897157,1.2959157,1.2704947,0.584755,0.0,0.0,1.0,0.44861814,3.873989,0.0,0.15638608,1.7546062,1.0
2112,6.227626,1.5861489,1.6851006,0.59127456,0.0,0.0,1.0,0.44861814,5.227659,0.0,0.13784006,1.5465254,1.0
2113,5.9348497,1.5519689,1.4951624,0.5303697,0.0,0.0,1.0,0.44861814,5.068241,0.0,0.13267167,1.4885374,1.0
2114,4.7061644,1.2976028,1.2550194,0.30393243,0.0,0.0,1.0,0.67449075,3.8818576,0.0,0.14320426,1.6067101,1.0
2115,5.811689,1.2919971,1.2359574,0.64765567,0.0,0.0,1.0,0.67449075,3.8557122,0.0,0.2183131,2.4494092,1.0
2116,5.246421,1.2438021,1.2250065,0.48208874,0.0,0.0,1.0,0.67449075,3.6309268,0.0,0.20243104,2.2712173,1.0
2117,4.9355073,1.1875645,1.1669449,0.6681696,0.0,0.0,1.0,0.67449075,3.3686304,0.0,0.207578,2.3289647,1.0
2118,5.1759267,1.2773857,1.2036119,0.4353034,0.0,0.0,1.0,0.67449075,3.7875636,0.0,0.18247439,2.0473094,1.0
2119,5.431872,1.2534589,1.193879,0.4353034,0.0,0.0,1.0,0.67449075,3.675967,0.0,0.21076983,2.3647761,1.0
2120,4.740302,1.2076743,1.1504959,0.45931733,0.0,0.0,1.0,0.67449075,3.462424,0.0,0.18311407,2.0544865,1.0
2121,4.9254208,1.2412782,1.1497893,0.63253593,0.0,0.0,1.0,0.67449075,3.6191552,0.0,0.18104139,2.0312316,1.0
2122,4.9609146,1.2419008,1.1461103,0.67610854,0.0,0.0,1.0,0.67449075,3.6220593,0.0,0.18325897,2.0561123,1.0
2123,5.0752654,1.2307593,1.15231,0.4762217,0.0,0.0,1.0,0.67449075,3.5700943,0.0,0.19649233,2.2045867,1.0
2124,4.8727026,1.219961,1.148829,0.5937225,0.0,0.0,1.0,0.67910635,3.5197306,0.0,0.18701695,2.0982757,1.0
2125,4.527926,1.194784,1.1778263,0.7913451,0.0,0.0,1.0,0.6837856,3.402303,0.0,0.17337894,1.9452612,1.0
2126,4.2950864,1.1498244,1.1208974,0.6512593,0.0,0.0,1.0,0.6837856,3.1926076,0.0,0.17706658,1.9866354,1.0
2127,4.6776757,1.1541095,1.1894884,0.68566376,0.0,0.0,1.0,0.8168081,3.2125938,0.0,0.20526211,2.3029811,1.0
2128,4.8108892,1.197183,1.1208309,0.6132937,0.0,0.0,1.0,1.014087,3.413492,0.0,0.19337778,2.1696422,1.0
2129,4.9603434,1.2109282,1.1098676,0.6132937,0.0,0.0,1.0,1.014087,3.4776006,0.0,0.19770555,2.2181988,1.0
2130,4.4337635,1.1112069,1.0885649,0.42033002,0.0,0.0,1.0,1.014087,3.0124927,0.0,0.20927264,2.347978,1.0
2131,4.949961,1.1798316,1.0861453,0.63253593,0.0,0.0,1.0,1.014087,3.3325639,0.0,0.21272038,2.3866606,1.0
2132,4.805938,1.1807654,1.1581445,0.6965138,0.0,0.0,1.0,1.014087,3.3369188,0.0,0.20123574,2.2578063,1.0
2133,4.814057,1.2076834,1.1783627,0.68548673,0.0,0.0,1.0,1.014087,3.462467,0.0,0.18853422,2.115299,1.0
2134,4.4370694,1.1739814,1.1182932,0.47855347,0.0,0.0,1.0,1.014087,3.305278,0.0,0.1763273,1.978341,1.0
2135,4.6208673,1.1740712,1.0843412,0.45931733,0.0,0.0,1.0,1.014087,3.3056967,0.0,0.19044288,2.1367135,1.0
2136,4.7094903,1.1660922,1.0820909,0.45931733,0.0,0.0,1.0,1.014087,3.2684817,0.0,0.20140073,2.2596574,1.0
2137,4.6778536,1.1528952,1.081796,0.5607152,0.0,0.0,1.0,1.014087,3.2069302,0.0,0.20593107,2.3104866,1.0
2138,4.53798,1.1248398,1.062005,0.45931733,0.0,0.0,1.0,1.014087,3.0760775,0.0,0.2101529,2.3578541,1.0
2139,4.3995156,1.1067148,1.0617707,0.5607152,0.0,0.0,1.0,1.014087,2.9915414,0.0,0.20898217,2.3447192,1.0
2140,4.083314,1.0756525,1.0619316,0.45931733,0.0,0.0,1.0,1.014087,2.8466642,0.0,0.19975577,2.2412016,1.0
2141,3.73318,1.0380902,1.0679063,0.45931733,0.0,0.0,1.0,1.014087,2.6714709,0.0,0.19033468,2.1354997,1.0
2142,3.5362701,1.0029461,1.1077894,0.45931733,0.0,0.0,1.0,1.014087,2.507556,0.0,0.19359958,2.1721308,1.0
2143,3.3190956,1.0006506,1.1132435,0.5614631,0.0,0.0,1.0,1.014087,2.4968498,0.0,0.1729898,1.9408952,1.0
2144,3.7020679,1.0682126,1.1076757,0.5614631,0.0,0.0,1.0,0.6819507,2.811964,0.0,0.16973744,1.9044046,1.0
2145,3.290781,0.99441475,1.0666184,0.5241775,0.0,0.0,1.0,0.67449075,2.467765,0.0,0.17405763,1.952876,1.0
2146,3.93313,1.0614387,1.0891874,0.58292705,0.0,0.0,1.0,0.67449075,2.7803698,0.0,0.19471015,2.184591,1.0
2147,4.058489,1.081596,1.107719,0.57884234,0.0,0.0,1.0,0.67449075,2.874385,0.0,0.19403362,2.1770008,1.0
2148,3.9974258,1.0927582,1.0739254,0.5829271,0.0,0.0,1.0,0.67449075,2.9264464,0.0,0.1823235,2.0456166,1.0
2149,3.454374,1.100394,1.0789512,0.43428218,0.0,0.0,1.0,0.67449075,2.9620605,0.0,0.131454,1.4748757,1.0
2150,2.7975056,0.9751584,1.4344728,0.8148615,0.0,0.0,1.0,0.67449075,2.3779519,0.0,0.13405871,1.5040997,1.0
2151,7.7337356,1.6988994,1.547589,0.80024374,0.0,0.0,1.0,0.67449075,5.753536,0.0,0.17677334,1.9833454,1.0
2152,2.7128108,0.97353196,1.0360901,0.277201,0.0,0.0,1.0,0.67449075,2.370366,0.0,0.12591852,1.4127691,1.0
2153,2.8432944,0.9752171,1.0218197,0.277201,0.0,0.0,1.0,0.67449075,2.3782256,0.0,0.13892716,1.5587223,1.0
2154,3.3032713,1.0515977,0.9997636,0.2732274,0.0,0.0,1.0,0.67449075,2.7344708,0.0,0.14209972,1.5943174,1.0
2155,3.4609222,1.0754801,0.9913364,0.2732274,0.0,0.0,1.0,0.67449075,2.8458602,0.0,0.14416598,1.6175003,1.0
2156,3.4712949,1.0727217,0.997417,0.2732274,0.0,0.0,1.0,0.67449075,2.832995,0.0,0.14650476,1.6437408,1.0
2157,3.546416,1.0729592,1.1765258,0.2732274,0.0,0.0,1.0,4.636243,2.8341024,0.3688584,0.15313274,1.7181047,1.0
2158,3.3423645,1.0416371,1.2190518,0.277201,0.0,0.0,1.0,6.5798187,2.6880136,0.6614973,0.15112002,1.6955227,1.0
2159,3.4133143,1.0354631,1.306446,0.277201,0.0,0.0,1.0,7.861864,2.6592176,0.85453135,0.16134323,1.810224,1.0
2160,4.956895,1.2809546,1.3713195,0.39717662,0.0,0.0,1.0,8.498899,3.8042092,0.95044804,0.1662897,1.8657221,1.0
2161,5.627966,1.3963896,1.417993,0.39717662,0.0,0.0,1.0,18.941145,4.342607,2.5227084,0.16450335,1.8456796,1.0
2162,16.0,1.4864608,1.4621158,0.277201,0.0,0.0,1.0,13810.86,4.7627063,20.0,0.15068445,1.6906356,1.0
2163,16.0,1.528673,1.5026243,0.277201,0.0,0.0,1.0,14700.607,4.9595876,20.0,0.16349937,1.8344153,1.0
2164,16.0,1.5683588,1.5400038,0.277201,0.0,0.0,1.0,15586.783,5.144685,20.0,0.16197841,1.8173505,1.0
2165,16.0,1.6028248,1.5739311,0.277201,0.0,0.0,1.0,15586.783,5.305437,20.0,0.1702666,1.9103416,1.0
2166,16.0,1.2420115,1.5607308,0.4714027,0.0,0.0,1.0,16469.441,3.6225758,20.0,0.14960301,1.6785022,1.0
2167,16.0,1.2520298,1.5670574,0.5761024,0.0,0.0,1.0,16469.441,3.6693015,20.0,0.14829879,1.6638691,1.0
2168,16.0,1.3076092,1.6063322,0.61881864,0.0,0.0,1.0,17348.63,3.9285283,20.0,0.13849705,1.5538965,1.0
2169,16.0,1.5556235,1.6467494,0.49420115,0.0,0.0,1.0,17348.63,5.0852866,20.0,0.21365155,2.397108,1.0
2170,16.0,1.6413097,1.6718867,0.49420115,0.0,0.0,1.0,17348.63,5.484934,20.0,0.18013375,2.021048,1.0
2171,16.0,1.6487888,1.5804561,0.5583727,0.0,0.0,1.0,17348.63,5.519817,20.0,0.16874126,1.8932277,1.0
2172,16.0,1.7117952,1.7259816,0.53286076,0.0,0.0,1.0,17348.63,5.8136835,20.0,0.14968842,1.6794605,1.0
2173,16.0,1.0872537,1.5256482,0.7460914,0.0,0.0,1.0,17348.63,2.900773,20.0,0.16522843,1.8538148,1.0
2174,16.0,1.1446248,1.450005,0.710087,0.0,0.0,1.0,17348.63,3.1683567,20.0,0.14374542,1.6127818,1.0
2175,16.0,1.5771605,1.5480288,0.43438548,0.0,0.0,1.0,17348.63,5.1857367,20.0,0.10769308,1.208285,1.0
2176,16.0,1.5748031,1.5234158,0.49023375,0.0,0.0,1.0,17348.63,5.1747417,20.0,0.11092228,1.2445157,1.0
2177,16.0,1.4822596,1.4809486,0.28757182,0.0,0.0,1.0,17348.63,4.7431116,20.0,0.09163532,1.0281216,1.0
2178,16.0,1.471004,1.4634128,0.28757182,0.0,0.0,1.0,17348.63,4.6906147,20.0,0.094714805,1.0626725,1.0
2179,16.0,1.4623983,1.4508535,0.28757182,0.0,0.0,1.0,17348.63,4.650477,20.0,0.100936934,1.132483,1.0
2180,16.0,1.453335,1.4375248,0.44265506,0.0,0.0,1.0,17348.63,4.6082053,20.0,0.09487058,1.0644203,1.0
2181,16.0,1.2425565,1.3933123,0.85687536,0.0,0.0,1.0,17348.63,3.6251173,20.0,0.11447688,1.2843972,1.0
2182,16.0,1.4378963,1.4460963,0.5593621,0.0,0.0,1.0,17348.63,4.536197,20.0,0.15269566,1.7132008,1.0
2183,16.0,1.4116442,1.3944054,0.4381641,0.0,0.0,1.0,17348.63,4.413756,20.0,0.1768071,1.9837242,1.0
2184,16.0,1.3974545,1.3741033,0.28757185,0.0,0.0,1.0,17348.63,4.3475738,20.0,0.14223202,1.5958018,1.0
2185,16.0,1.3805751,1.3531921,0.28757182,0.0,0.0,1.0,17348.63,4.268847,20.0,0.12607358,1.4145088,1.0
2186,16.0,1.1543667,1.3252054,0.5323844,0.0,0.0,1.0,13810.86,3.2137935,20.0,0.114660405,1.2864563,1.0
2187,16.0,1.1275216,1.1627555,0.6292828,0.0,0.0,1.0,9306.766,3.0885859,20.0,0.14102314,1.5822386,1.0
2188,16.0,1.2140038,1.3376361,0.6554279,0.0,0.0,1.0,8394.503,3.4919455,20.0,0.17118195,1.9206116,1.0
2189,16.0,1.0573525,0.98459154,0.83664703,0.0,0.0,1.0,7478.2993,2.7613118,20.0,0.13569167,1.522421,1.0
2190,16.0,1.0550853,1.0717487,0.60398346,0.0,0.0,1.0,6558.0986,2.7507372,20.0,0.116546005,1.3076122,1.0
2191,16.0,1.0778077,1.069858,0.69473696,0.0,0.0,1.0,5633.8457,2.8567162,20.0,0.16139352,1.8107883,1.0
2192,16.0,1.1061678,1.1004695,0.7084263,0.0,0.0,1.0,5633.8457,2.9889898,20.0,0.14831974,1.6641042,1.0
2193,16.0,1.113046,1.1255842,0.61951727,0.0,0.0,1.0,5633.8457,3.0210707,20.0,0.1502042,1.6852473,1.0
2194,16.0,1.1403078,1.154458,0.672558,0.0,0.0,1.0,4705.4834,3.1482215,20.0,0.12965983,1.4547455,1.0
2195,16.0,1.1633003,1.0682524,0.6904646,0.0,0.0,1.0,4705.4834,3.2554603,20.0,0.15346092,1.7217869,1.0
2196,16.0,1.3227216,1.2655578,0.555866,0.0,0.0,1.0,4705.4834,3.999014,20.0,0.16470619,1.8479555,1.0
2197,16.0,1.1229455,1.2172943,0.7537062,0.0,0.0,1.0,4705.4834,3.0672426,20.0,0.16270705,1.8255256,1.0
2198,16.0,1.293762,1.1543436,0.90603024,0.0,0.0,1.0,3772.9536,3.8639438,20.0,0.13629171,1.5291533,1.0
2199,16.0,1.2507824,1.2444147,0.80736226,0.0,0.0,1.0,3772.9536,3.6634836,20.0,0.13081539,1.4677105,1.0
2200,16.0,1.3016145,1.3018603,0.55696577,0.0,0.0,1.0,3772.9536,3.9005687,20.0,0.17722504,1.9884133,1.0
2201,16.0,1.2417737,1.2103837,0.41781774,0.0,0.0,1.0,3772.9536,3.6214666,20.0,0.17002515,1.9076327,1.0
2202,16.0,1.2523202,1.2339277,0.4258674,0.0,0.0,1.0,3772.9536,3.670656,20.0,0.13507783,1.5155339,1.0
2203,16.0,1.2979678,1.3027762,0.5635618,0.0,0.0,1.0,3772.9536,3.8835602,20.0,0.17426774,1.9552332,1.0
2204,4.474358,1.2583284,1.2374635,0.277201,0.0,0.0,1.0,0.67449075,3.698679,0.0,0.14253436,1.599194,1.0
2205,4.907917,1.3865917,1.4733099,0.5020338,0.0,0.0,1.0,1.1516697,4.296909,0.0,0.12533993,1.4062774,1.0
2206,5.2064314,1.3099458,1.2731856,0.584755,0.0,0.0,1.0,1.4744049,3.9394267,0.0,0.17103109,1.918919,1.0
2207,5.0481663,1.3182749,1.2874333,0.277201,0.0,0.0,1.0,1.6347687,3.9782739,0.0,0.15761393,1.7683824,1.0
2208,5.225535,1.3309149,1.3119206,0.41420618,0.0,0.0,1.0,1.7944762,4.0372276,0.0,0.16408305,1.840964,1.0
2209,4.9014072,1.34653,1.2832648,0.82320136,0.0,0.0,1.0,1.9535362,4.110058,0.0,0.13815987,1.5501134,1.0
2210,4.8136063,1.4119242,1.3682237,0.5224526,0.0,0.0,1.0,2.1119578,4.415062,0.0,0.11211628,1.2579119,1.0
2211,6.1856117,1.3834043,1.3389131,0.64765567,0.0,0.0,1.0,2.1119578,4.2820425,0.0,0.20233452,2.2701344,1.0
2212,6.437453,1.4042019,1.3772373,0.46714738,0.0,0.0,1.0,2.2697506,4.379044,0.012542127,0.20883124,2.3430257,1.0
2213,6.8563113,1.4483136,1.4270568,0.6248117,0.0,0.0,1.0,2.2697506,4.5847845,0.012542127,0.21529688,2.4155684,1.0
2214,6.1166186,1.4272662,1.4587936,0.64082354,0.0,0.0,1.0,2.4269233,4.486618,0.036207188,0.18164533,2.0380077,1.0
2215,7.170251,1.5221535,1.4937698,0.4353034,0.0,0.0,1.0,2.4269233,4.9291797,0.036207188,0.20490831,2.2990115,1.0
2216,7.433704,1.5463483,1.5040554,0.45786044,0.0,0.0,1.0,2.4269233,5.0420265,0.036207188,0.20992355,2.355281,1.0
2217,5.0431957,1.3616146,1.3181226,0.8384333,0.0,0.0,1.0,2.5834844,4.1804137,0.05978017,0.14168608,1.5896765,1.0
2218,6.8243766,1.5779805,1.5692458,0.75890684,0.0,0.0,1.0,2.5834844,5.1895614,0.05978017,0.16934995,1.9000571,1.0
2219,8.14945,1.657306,1.6166131,0.4762217,0.0,0.0,1.0,2.5834844,5.559541,0.05978017,0.20775926,2.3309984,1.0
2220,6.227807,1.5724323,1.5724607,0.5207779,0.0,0.0,1.0,2.6068404,5.163684,0.06329681,0.14160752,1.5887952,1.0
2221,5.2351513,1.3820136,1.5185586,0.7585144,0.0,0.0,1.0,2.6068404,4.275556,0.06329681,0.14628276,1.64125,1.0
2222,5.5161996,1.3502752,1.5431376,0.7011799,0.0,0.0,1.0,2.6068404,4.127526,0.06329681,0.17480522,1.9612637,1.0
2223,7.011155,1.440294,1.4013016,0.60651445,0.0,0.0,1.0,2.6068404,4.547381,0.06329681,0.22710055,2.548002,1.0
2224,6.6886954,1.4805706,1.5574058,0.7318626,0.0,0.0,1.0,2.6068404,4.735234,0.06329681,0.19418319,2.1786788,1.0
2225,7.120853,1.4214048,1.3636456,0.7820973,0.0,0.0,1.0,2.6068404,4.45928,0.06329681,0.24112202,2.705319,1.0
2226,8.370125,1.570152,1.5995139,0.64765567,0.0,0.0,1.0,2.5513682,5.1530485,0.054944526,0.24811073,2.78373,1.0
2227,8.436324,1.6046997,1.5925636,0.51318616,0.0,0.0,1.0,2.805941,5.314182,0.09327487,0.23874097,2.6786041,1.0
2228,7.971638,1.5741029,1.5577496,0.45786044,0.0,0.0,1.0,2.805941,5.171476,0.09327487,0.22701456,2.5470371,1.0
2229,6.618664,1.3578442,1.3411555,0.7566081,0.0,0.0,1.0,2.805941,4.1628284,0.09327487,0.23936039,2.6855538,1.0
2230,6.5069923,1.3310077,1.3149533,0.7908826,0.0,0.0,1.0,2.6890495,4.037661,0.07567482,0.24486877,2.7473562,1.0
2231,6.44603,1.3203977,1.4568776,0.80588216,0.0,0.0,1.0,2.2714448,3.9881752,0.012797218,0.24606843,2.760816,1.0
2232,7.2224164,1.4284335,1.4216354,0.7252659,0.0,0.0,1.0,2.2714448,4.4920626,0.012797218,0.24391195,2.7366211,1.0
2233,6.937637,1.3955336,1.4187196,0.71903795,0.0,0.0,1.0,1.9473655,4.3386145,0.0,0.24167784,2.711555,1.0
2234,6.4416404,1.393003,1.4289179,0.6273831,0.0,0.0,1.0,0.6585885,4.326812,0.0,0.21359682,2.3964942,1.0
2235,6.145827,1.3974261,1.4006302,0.45786044,0.0,0.0,1.0,0.4958137,4.3474417,0.0,0.19447033,2.1819005,1.0
2236,5.891266,1.348185,1.3867567,0.64765567,0.0,0.0,1.0,0.550607,4.117777,0.0,0.198806,2.2305455,1.0
2237,5.938763,1.3512715,1.3723608,0.64765567,0.0,0.0,1.0,0.56081724,4.1321726,0.0,0.20046388,2.2491462,1.0
2238,5.9589515,1.3527735,1.3666357,0.63301474,0.0,0.0,1.0,0.550607,4.1391783,0.0,0.20108645,2.2561314,1.0
2239,5.533996,1.3059726,1.3537474,0.6864916,0.0,0.0,1.0,0.67449075,3.920895,0.0,0.1938964,2.175461,1.0
2240,5.857221,1.3322222,1.3324529,0.7434964,0.0,0.0,1.0,0.61425143,4.0433254,0.0,0.2033704,2.2817566,1.0
2241,5.6859574,1.311966,1.3353559,0.6018868,0.0,0.0,1.0,0.67449075,3.9488485,0.0,0.20115182,2.2568648,1.0
2242,5.330592,1.3038715,1.3165973,0.6018868,0.0,0.0,1.0,0.67449075,3.9110956,0.0,0.18155318,2.036974,1.0
2243,4.5671062,1.1856642,1.3061489,0.5704717,0.0,0.0,1.0,0.5832524,3.3597672,0.0,0.18063928,2.02672,1.0
2244,4.492862,1.1682642,1.2492979,0.6702784,0.0,0.0,1.0,0.67449075,3.2786121,0.0,0.18344122,2.058157,1.0
2245,4.3498545,1.1900103,1.3163518,0.5375233,0.0,0.0,1.0,0.67449075,3.380038,0.0,0.16219538,1.819785,1.0
2246,4.612931,1.2684042,1.5305234,0.60559714,0.0,0.0,1.0,0.67449075,3.7456734,0.0,0.14809038,1.6615309,1.0
2247,4.725644,1.265419,1.5377781,0.7219446,0.0,0.0,1.0,0.67449075,3.73175,0.0,0.15695201,1.7609558,1.0
2248,3.4086952,1.1176518,1.3141614,0.78485763,0.0,0.0,1.0,0.67449075,3.0425522,0.0,0.11977412,1.3438307,1.0
2249,5.4254713,1.3936176,1.4101936,0.57352984,0.0,0.0,1.0,0.67449075,4.3296785,0.0,0.15357889,1.7231104,1.0
2250,5.107607,1.3910648,1.5792478,0.7495108,0.0,0.0,1.0,1.0140436,4.3177714,0.0,0.13571186,1.5226476,1.0
2251,4.873389,1.3859385,1.5301555,0.5058931,0.0,0.0,1.0,1.0140436,4.2938623,0.0,0.12349857,1.385618,1.0
2252,6.1777573,1.3323323,1.3375913,0.44747636,0.0,0.0,1.0,1.0140436,4.0438385,0.0,0.22350883,2.507704,1.0
2253,5.4878883,1.328497,1.3335607,0.44747636,0.0,0.0,1.0,1.0140436,4.025951,0.0,0.18160096,2.03751,1.0
2254,4.73714,1.3196956,1.3251238,0.55055004,0.0,0.0,1.0,1.3311032,3.9849002,0.0,0.13720055,1.5393502,1.0
2255,4.9417787,1.3168368,1.3396373,0.55055004,0.0,0.0,1.0,2.6394484,3.9715667,0.06820652,0.15133816,1.69797,1.0
2256,5.132294,1.3431185,1.3554825,0.42997923,0.0,0.0,1.0,4.172014,4.0941467,0.29896078,0.15370111,1.7244817,1.0
2257,5.0417576,1.3797599,1.3437909,0.64596426,0.0,0.0,1.0,7.868234,4.2650447,0.8554905,0.13550423,1.520318,1.0
2258,5.0264626,1.4160353,1.365796,0.5815599,0.0,0.0,1.0,7.868234,4.434236,0.8554905,0.12313986,1.3815933,1.0
2259,5.895807,1.4367183,1.3799187,0.5815599,0.0,0.0,1.0,8.506307,4.5307035,0.9515633,0.16585623,1.8608586,1.0
2260,5.2705426,1.4721595,1.399347,0.46886203,0.0,0.0,1.0,9.141848,4.696004,1.047255,0.120284826,1.3495607,1.0
2261,5.452248,1.4522198,1.4513899,0.4142062,0.0,0.0,1.0,9.774889,4.6030035,1.1425703,0.136112,1.527137,1.0
2262,5.9961114,1.4693135,1.4680095,0.55055004,0.0,0.0,1.0,9.774889,4.6827297,1.1425703,0.16055253,1.8013526,1.0
2263,5.221086,1.4868634,1.4786209,0.277201,0.0,0.0,1.0,10.405469,4.764584,1.237515,0.11352763,1.273747,1.0
2264,4.907257,1.5174532,1.4398646,0.48913416,0.0,0.0,1.0,10.405469,4.907257,1.237515,0.08195266,0.919485,0.0
2265,5.8014855,1.4699471,1.497051,0.5593621,0.0,0.0,1.0,11.03362,4.685685,1.332094,0.14976951,1.6803703,1.0
2266,5.860126,1.4789472,1.4347649,0.66558015,0.0,0.0,1.0,11.03362,4.727662,1.332094,0.15012868,1.6844,1.0
2267,6.027093,1.5196038,1.5555745,0.51704055,0.0,0.0,1.0,11.03362,4.917288,1.332094,0.14660288,1.6448417,1.0
2268,6.213823,1.6293452,1.5891162,0.71938276,0.0,0.0,1.0,7.3889184,5.42913,0.7833212,0.12593497,1.4129537,1.0
2269,6.2916784,1.7537974,1.660299,0.4838033,0.0,0.0,1.0,5.5542126,6.009585,0.5070746,0.10108249,1.134116,1.0
2270,5.693568,1.5515021,1.5869962,0.79543537,0.0,0.0,1.0,5.5542126,5.066064,0.5070746,0.120671414,1.353898,1.0
2271,5.5806584,1.503838,1.5950205,0.6033417,0.0,0.0,1.0,5.529107,4.843755,0.5032945,0.12787059,1.4346708,1.0
2272,5.8554387,1.5429125,1.5777116,0.6220923,0.0,0.0,1.0,5.5042276,5.0260015,0.4995485,0.13115424,1.4715123,1.0
2273,6.291466,1.5642923,1.6401584,0.549125,0.0,0.0,1.0,5.5042276,5.1257186,0.4995485,0.14704508,1.6498029,1.0
2274,4.342337,1.3139013,1.408026,0.73546714,0.0,0.0,1.0,5.5042276,3.9578753,0.4995485,0.11386555,1.2775383,1.0
2275,5.9095974,1.5650722,1.5704844,0.41340426,0.0,0.0,1.0,4.275196,5.129356,0.31449658,0.12786503,1.4346083,1.0
2276,6.199101,1.5063379,1.5729916,0.576392,0.0,0.0,1.0,3.4539855,4.8554144,0.19084913,0.15960175,1.790685,1.0
2277,4.939774,1.3798952,1.5890099,0.57083803,0.0,0.0,1.0,3.4539855,4.265676,0.19084913,0.12937142,1.4515096,1.0
2278,5.872567,1.4859046,1.49325,0.59175974,0.0,0.0,1.0,3.4539855,4.760112,0.19084913,0.1486424,1.6677245,1.0
2279,6.306745,1.4765483,1.5921985,0.60916376,0.0,0.0,1.0,2.868748,4.7164736,0.10273152,0.17499152,1.9633539,1.0
2280,6.2952952,1.492332,1.5475461,0.5789444,0.0,0.0,1.0,2.4288325,4.79009,0.036494657,0.16914959,1.8978091,1.0
2281,4.423529,1.301637,1.5260183,0.68067735,0.0,0.0,1.0,2.4288325,3.9006739,0.036494657,0.12326325,1.3829777,1.0
2282,4.863932,1.3781995,1.4227648,0.64813864,0.0,0.0,1.0,2.1079223,4.2577667,0.0,0.12538318,1.4067628,1.0
2283,4.7718763,1.2778444,1.4488584,0.7482815,0.0,0.0,1.0,0.8664872,3.7897031,0.0,0.15512723,1.7404823,1.0
2284,4.246316,1.2634195,1.3983654,0.6361818,0.0,0.0,1.0,0.42728198,3.7224243,0.0,0.12496872,1.4021126,1.0
2285,2.9449284,1.0967208,1.3492919,0.5827736,0.0,0.0,1.0,0.42728198,2.9449284,0.0,0.08602915,0.965222,0.0
2286,3.876029,1.2249252,1.2741909,0.7027311,0.0,0.0,1.0,0.550607,3.5428836,0.0,0.11307455,1.2686635,1.0
2287,4.3225117,1.2672055,1.339496,0.669017,0.0,0.0,1.0,0.550607,3.7400823,0.0,0.1287852,1.4449323,1.0
2288,4.4738555,1.3225502,1.3951975,0.48114914,0.0,0.0,1.0,0.53838164,3.9982142,0.0,0.11942338,1.3398956,1.0
2289,4.2352543,1.2805034,1.3301561,0.590649,0.0,0.0,1.0,0.53838164,3.8021047,0.0,0.11814,1.3254963,1.0
2290,4.1272645,1.2726145,1.2922468,0.6813517,0.0,0.0,1.0,0.52340704,3.7653103,0.0,0.11360843,1.2746534,1.0
2291,4.581437,1.287885,1.3241489,0.7525618,0.0,0.0,1.0,0.5047301,3.8365328,0.0,0.1385727,1.5547452,1.0
2292,3.9882598,1.231419,1.4332626,0.7936895,0.0,0.0,1.0,0.5047301,3.5731711,0.0,0.118711546,1.331909,1.0
2293,3.9394686,1.2382597,1.422055,0.8593188,0.0,0.0,1.0,0.48066375,3.6050768,0.0,0.11274951,1.2650167,1.0
2294,4.145337,1.2443866,1.2559541,0.53742415,0.0,0.0,1.0,0.67449075,3.633653,0.0,0.12498878,1.4023377,1.0
2295,6.25544,1.4261032,1.3822668,0.9583979,0.0,0.0,1.0,0.67449075,4.481194,0.0,0.18995441,2.1312332,1.0
2296,6.378364,1.6292069,1.6760522,0.7082736,0.0,0.0,1.0,0.67449075,5.428485,0.0,0.13368835,1.4999443,1.0
2297,3.5805285,1.1315113,1.4268898,0.8414987,0.0,0.0,1.0,0.67449075,3.1071942,0.0,0.12792155,1.4352425,1.0
2298,5.611396,1.3488785,1.3599313,0.58409524,0.0,0.0,1.0,0.67449075,4.1210117,0.0,0.18122572,2.0332997,1.0
2299,5.5241194,1.3125681,1.3466204,0.58409524,0.0,0.0,1.0,0.6789793,3.9516568,0.0,0.19046201,2.1369283,1.0
2300,5.048464,1.4389237,1.5971216,0.726734,0.0,0.0,1.0,0.6835279,4.5409894,0.0,0.11758753,1.3192978,1.0
2301,3.9793503,1.207171,1.3370421,0.7654737,0.0,0.0,1.0,0.9464986,3.4600766,0.0,0.12734626,1.428788,1.0
2302,5.3686485,1.5054731,1.5042316,0.8830801,0.0,0.0,1.0,1.0140436,4.8513813,0.0,0.11628077,1.3046364,1.0
2303,5.538436,1.254835,1.3271438,0.7472218,0.0,0.0,1.0,2.3144267,3.6823854,0.01926888,0.21748334,2.4400997,1.0
2304,5.92248,1.3781365,1.3199277,0.6850513,0.0,0.0,1.0,2.9631262,4.2574735,0.116941795,0.18871859,2.1173675,1.0
2305,6.10491,1.402017,1.334674,0.6850513,0.0,0.0,1.0,3.2854786,4.3688536,0.16547751,0.190321,2.1353462,1.0
2306,6.577609,1.4175833,1.4037694,0.65139407,0.0,0.0,1.0,3.6065247,4.4414563,0.21381655,0.21160665,2.374165,1.0
2307,6.739308,1.4483951,1.4166852,0.4353034,0.0,0.0,1.0,3.9262822,4.585165,0.26196155,0.20876709,2.342306,1.0
2308,6.803297,1.4646294,1.4228467,0.58409524,0.0,0.0,1.0,4.2447705,4.660883,0.30991548,0.20618269,2.3133097,1.0
2309,5.2958765,1.4285717,1.5258793,0.705564,0.0,0.0,1.0,4.2447705,4.492707,0.30991548,0.13465384,1.5107768,1.0
2310,6.6698,1.5101554,1.3384936,0.960141,0.0,0.0,1.0,6.3022504,4.87322,0.6197046,0.18301056,2.0533252,1.0
2311,6.5745883,1.5228101,1.5122328,0.8050626,0.0,0.0,1.0,6.3022504,4.9322424,0.6197046,0.17392394,1.951376,1.0
2312,6.271609,1.5271558,1.37764,0.90905696,0.0,0.0,1.0,6.3022504,4.952511,0.6197046,0.15695578,1.7609981,1.0
2313,6.2335176,1.3849769,1.450246,0.8286827,0.0,0.0,1.0,6.7232695,4.289377,0.6830963,0.2045496,2.294987,1.0
2314,7.472223,1.5191671,1.5175864,0.7989473,0.0,0.0,1.0,6.7232695,4.915251,0.6830963,0.22160289,2.4863198,1.0
2315,7.388012,1.4683881,1.4451185,0.7819154,0.0,0.0,1.0,7.1426673,4.678414,0.7462439,0.23661685,2.654772,1.0
2316,8.120172,1.6092348,1.5934976,0.6773711,0.0,0.0,1.0,7.1426673,5.335334,0.7462439,0.22204836,2.491318,1.0
2317,8.766803,1.7018152,1.668357,0.4353034,0.0,0.0,1.0,7.1426673,5.767136,0.7462439,0.22158228,2.4860885,1.0
2318,8.740624,1.7047814,1.6769713,0.60131127,0.0,0.0,1.0,5.1927943,5.7809706,0.45265684,0.21950273,2.4627566,1.0
2319,6.1593695,1.4578558,1.6441544,0.8014783,0.0,0.0,1.0,5.1927943,4.6292906,0.45265684,0.1732974,1.9443464,1.0
2320,7.960184,1.67902,1.6848755,0.4353034,0.0,0.0,1.0,5.1927943,5.6608176,0.45265684,0.19256671,2.1605422,1.0
2321,7.743243,1.6691469,1.6775781,0.58409524,0.0,0.0,1.0,5.1927943,5.6147685,0.45265684,0.18566436,2.0831,1.0
2322,7.7981358,1.6475216,1.6744865,0.58624285,0.0,0.0,1.0,4.0256534,5.5139065,0.2769236,0.19462359,2.18362,1.0
2323,7.5801816,1.6341654,1.6513013,0.65637076,0.0,0.0,1.0,3.2458127,5.451612,0.15950513,0.18855792,2.115565,1.0
2324,7.54186,1.6277778,1.6415181,0.69190955,0.0,0.0,1.0,3.2458127,5.4218197,0.15950513,0.18870367,2.1172001,1.0
2325,7.347535,1.6080772,1.6407614,0.7067392,0.0,0.0,1.0,3.2458127,5.3299346,0.15950513,0.18552592,2.0815468,1.0
2326,7.586279,1.5905209,1.6521162,0.64765567,0.0,0.0,1.0,3.2458127,5.24805,0.15950513,0.20258799,2.2729783,1.0
2327,6.918382,1.5754145,1.6460298,0.64765567,0.0,0.0,1.0,2.6900449,5.177593,0.075824685,0.17474756,1.9606167,1.0
2328,7.0302315,1.5637506,1.5985534,0.7082732,0.0,0.0,1.0,2.27229,5.123192,0.0129244765,0.18392038,2.063533,1.0
2329,6.7379937,1.5386437,1.5456756,0.7483538,0.0,0.0,1.0,1.9480876,5.0060916,0.0,0.17722869,1.9884542,1.0
2330,6.9181976,1.5027567,1.473945,0.64705825,0.0,0.0,1.0,1.6881515,4.8387117,0.0,0.19856898,2.2278862,1.0
2331,6.86717,1.4830736,1.4491591,0.7156183,0.0,0.0,1.0,1.6881515,4.746908,0.0,0.202873,2.276176,1.0
2332,6.5053515,1.4543177,1.4191495,0.54080355,0.0,0.0,1.0,1.0237004,4.612788,0.0,0.19360988,2.1722465,1.0
2333,6.49159,1.4368649,1.404625,0.62735707,0.0,0.0,1.0,0.6210842,4.531387,0.0,0.19928797,2.2359529,1.0
2334,6.039731,1.3883985,1.3685145,0.6006705,0.0,0.0,1.0,0.67449075,4.305336,0.0,0.19171563,2.1509936,1.0
2335,5.901038,1.3991016,1.3754871,0.5775439,0.0,0.0,1.0,0.6210842,4.355256,0.0,0.17951149,2.0140667,1.0
2336,5.800739,1.4087194,1.37423,0.67767924,0.0,0.0,1.0,0.6210842,4.4001145,0.0,0.17018913,1.9094725,1.0
2337,3.9204042,1.1941618,1.2367724,0.71696556,0.0,0.0,1.0,0.5637735,3.3994007,0.0,0.12815799,1.4378953,1.0
2338,3.86153,1.2704263,1.2709088,0.8378732,0.0,0.0,1.0,0.5987991,3.7551043,0.0,0.09634619,1.0809762,1.0
2339,6.742709,1.7098022,1.7796026,0.67380196,0.0,0.0,1.0,0.67449075,5.8043876,0.0,0.13029553,1.461878,1.0
2340,5.9526114,1.4176077,1.4409891,0.7056315,0.0,0.0,1.0,0.67449075,4.44157,0.0,0.17576325,1.9720124,1.0
2341,6.0893645,1.4428508,1.4414895,0.7056315,0.0,0.0,1.0,0.67449075,4.5593057,0.0,0.17458828,1.9588296,1.0
2342,5.5961246,1.4501094,1.4417589,0.6277251,0.0,0.0,1.0,0.67449075,4.59316,0.0,0.14473522,1.623887,1.0
2343,5.233998,1.4491073,1.4785814,0.64354026,0.0,0.0,1.0,0.9013486,4.5884867,0.0,0.12495377,1.4019449,1.0
2344,4.879465,1.3891618,1.4707587,0.66319174,0.0,0.0,1.0,0.9013486,4.308896,0.0,0.12284925,1.3783327,1.0
2345,5.0501957,1.3685191,1.4658427,0.75580996,0.0,0.0,1.0,0.9464783,4.212617,0.0,0.13976073,1.5680747,1.0
2346,5.1114826,1.3441105,1.4613024,0.75580996,0.0,0.0,1.0,1.0140226,4.098773,0.0,0.15204781,1.7059321,1.0
2347,6.0192475,1.5115106,1.4890068,0.5305117,0.0,0.0,1.0,1.0140226,4.8795404,0.0,0.14860801,1.6673386,1.0
2348,6.010477,1.4907216,1.45456,0.67195755,0.0,0.0,1.0,1.0140226,4.782579,0.0,0.15450972,1.7335541,1.0
2349,5.656759,1.3646948,1.4250025,0.64418685,0.0,0.0,1.0,1.0140226,4.1947803,0.0,0.17788169,1.9957807,1.0
2350,5.673399,1.3616893,1.40778,0.64418685,0.0,0.0,1.0,1.0140226,4.1807623,0.0,0.18004669,2.0200715,1.0
2351,5.7340784,1.355919,1.3875766,0.65139407,0.0,0.0,1.0,1.0140226,4.153849,0.0,0.18600568,2.0869296,1.0
2352,5.91511,1.3655878,1.3809104,0.65139407,0.0,0.0,1.0,1.0140226,4.198945,0.0,0.19320932,2.1677523,1.0
2353,6.1276164,1.3625196,1.3758827,0.67955923,0.0,0.0,1.0,1.0140226,4.1846347,0.0,0.2073681,2.3266096,1.0
2354,6.192625,1.3900423,1.3803458,0.65139407,0.0,0.0,1.0,1.5813018,4.3130026,0.0,0.20010798,2.2451532,1.0
2355,5.894662,1.3513077,1.3677628,0.7393667,0.0,0.0,1.0,2.032681,4.132342,0.0,0.19773115,2.2184858,1.0
2356,5.262855,1.3235136,1.3445171,0.66079366,0.0,0.0,1.0,2.032681,4.002708,0.0,0.16929995,1.8994961,1.0
2357,4.6286297,1.2573011,1.3376149,0.85108566,0.0,0.0,1.0,2.032681,3.6938875,0.0,0.1535693,1.7230028,1.0
2358,7.597126,1.7959887,1.7559439,0.6079631,0.0,0.0,1.0,2.032681,6.2063684,0.0,0.14619313,1.6402444,1.0
2359,3.4930773,1.0461011,1.158947,0.65953445,0.0,0.0,1.0,2.032681,2.7088342,0.0,0.16285454,1.8271805,1.0
2360,4.945735,1.1931821,1.2752017,0.79238,0.0,0.0,1.0,1.3611753,3.3948314,0.0,0.20546563,2.3052645,1.0
2361,3.9700131,1.1718283,1.2431048,0.8448669,0.0,0.0,1.0,1.0231673,3.2952354,0.0,0.14127533,1.5850681,1.0
2362,3.9780858,1.1744678,1.2040455,0.78761,0.0,0.0,1.0,1.018585,3.3075464,0.0,0.14075492,1.5792292,1.0
2363,3.8618975,1.1579179,1.1867927,0.78761,0.0,0.0,1.0,1.0140436,3.2303562,0.0,0.13891424,1.5585773,1.0
2364,3.587373,1.1107308,1.2466613,0.6669042,0.0,0.0,1.0,1.1268871,3.010272,0.0,0.13794874,1.5477446,1.0
2365,3.7249203,1.1630373,1.2262856,0.66787875,0.0,0.0,1.0,1.3520652,3.2542338,0.0,0.12596156,1.413252,1.0
2366,4.2382855,1.2824368,1.2442448,0.7073944,0.0,0.0,1.0,1.3520652,3.8111227,0.0,0.11767131,1.3202379,1.0
2367,3.996711,1.2067116,1.1124074,0.7156805,0.0,0.0,1.0,1.3520652,3.4579344,0.0,0.12880619,1.4451679,1.0
2368,4.530544,1.3263026,1.4629041,0.54234266,0.0,0.0,1.0,1.3520652,4.015716,0.0,0.12177635,1.3662952,1.0
2369,4.5443187,1.2244158,1.2576599,0.7459227,0.0,0.0,1.0,1.3520652,3.5405078,0.0,0.16132881,1.8100622,1.0
2370,4.5752883,1.2255352,1.2145209,0.44569272,0.0,0.0,1.0,1.3520652,3.5457287,0.0,0.16307178,1.8296179,1.0
2371,3.6404672,1.1725605,1.3569858,0.7644814,0.0,0.0,1.0,1.3520652,3.2986505,0.0,0.11551693,1.2960663,1.0
2372,3.7709653,1.1644934,1.1719327,0.853923,0.0,0.0,1.0,1.3520652,3.2610252,0.0,0.1289502,1.4467835,1.0
2373,4.031902,1.1376286,1.1939467,0.5783651,0.0,0.0,1.0,1.3520652,3.1357253,0.0,0.16190785,1.816559,1.0
2374,3.910852,1.1530523,1.1117839,0.57445693,0.0,0.0,1.0,0.9054417,3.207663,0.0,0.1449545,1.6263473,1.0
2375,4.3154006,1.1697081,1.1689516,0.57262784,0.0,0.0,1.0,1.0232741,3.285347,0.0,0.16897042,1.8957989,1.0
2376,4.0205355,1.1786138,1.1979207,0.7117111,0.0,0.0,1.0,1.0232741,3.3268836,0.0,0.14222398,1.5957117,1.0
2377,4.473695,1.1793838,1.1759429,0.5197135,0.0,0.0,1.0,1.0232741,3.3304749,0.0,0.17654149,1.9807441,1.0
2378,3.817844,1.1284848,1.1914808,0.61289155,0.0,0.0,1.0,1.0186487,3.0930784,0.0,0.14879899,1.6694813,1.0
2379,3.5104504,1.0973964,1.1478317,0.58822584,0.0,0.0,1.0,1.0140651,2.9480793,0.0,0.13770626,1.5450242,1.0
2380,3.5744526,1.0962163,1.0962688,0.5705153,0.0,0.0,1.0,1.0140651,2.9425755,0.0,0.14381225,1.6135316,1.0
2381,3.1587992,1.07608,1.1005454,0.40301394,0.0,0.0,1.0,1.0140651,2.8486578,0.0,0.116853744,1.311065,1.0
2382,2.7715514,1.0571703,1.1155207,0.37398818,0.0,0.0,1.0,1.0140651,2.7604616,0.0,0.09015191,1.0114782,1.0
2383,3.165148,1.052369,1.1235098,0.4247915,0.0,0.0,1.0,1.0140651,2.738068,0.0,0.12884943,1.4456531,1.0
2384,3.2727232,1.0495795,1.1276354,0.590649,0.0,0.0,1.0,1.0140651,2.7250576,0.0,0.1403077,1.5742115,1.0
2385,3.174404,1.0199313,1.095014,0.7290779,0.0,0.0,1.0,1.0140651,2.5867763,0.0,0.1469776,1.649046,1.0
2386,3.287956,1.0096649,1.0996361,0.590649,0.0,0.0,1.0,1.0140651,2.5388927,0.0,0.16426079,1.8429582,1.0
2387,3.0311697,1.0012312,1.0784935,0.4757032,0.0,0.0,1.0,1.0140651,2.4995575,0.0,0.1432893,1.6076642,1.0
2388,3.1871169,1.0626429,1.2016686,0.61873835,0.0,0.0,1.0,1.0140651,2.7859867,0.0,0.12579429,1.4113753,1.0
2389,2.7957282,1.0311233,1.0336366,0.6637493,0.0,0.0,1.0,1.0140651,2.6389763,0.0,0.104255,1.1697108,1.0
2390,2.7602596,1.0247455,0.9979365,0.44331145,0.0,0.0,1.0,1.1269127,2.6092298,0.0,0.10386899,1.1653798,1.0
2391,2.6765451,1.0006711,0.96897966,0.6690171,0.0,0.0,1.0,1.3520942,2.4969454,0.0,0.10744556,1.2055079,1.0
2392,2.7439911,1.026975,1.1164845,0.62804717,0.0,0.0,1.0,1.3520942,2.6196287,0.0,0.10121813,1.1356379,1.0
2393,2.3783247,0.9752383,0.92652106,0.4540823,0.0,0.0,1.0,1.3520942,2.3783247,0.0,0.087549925,0.98228467,0.0
2394,2.501067,0.93472373,0.9450782,0.590649,0.0,0.0,1.0,1.3520942,2.1893613,0.0,0.12538467,1.4067795,1.0
2395,2.826263,0.9742169,1.022408,0.71004754,0.0,0.0,1.0,1.3520942,2.3735604,0.0,0.13769831,1.5449349,1.0
2396,2.490828,0.94701356,1.0481743,0.43488386,0.0,0.0,1.0,2.0328536,2.2466822,0.0,0.116801985,1.3104843,1.0
2397,2.577213,0.95520574,0.9730669,0.48219126,0.0,0.0,1.0,2.0328536,2.2848911,0.0,0.12170853,1.3655342,1.0
2398,2.8767502,0.9828183,1.2636771,0.69902736,0.0,0.0,1.0,2.0328536,2.4136782,0.0,0.13798505,1.5481521,1.0
2399,2.9136992,0.9700355,0.962628,0.70801246,0.0,0.0,1.0,2.0328536,2.3540583,0.0,0.14966892,1.6792417,1.0
2400,3.3450394,1.0723684,1.0982466,0.6836307,0.0,0.0,1.0,3.9839294,2.8313468,0.27064136,0.13533086,1.5183728,1.0
2401,4.7034345,1.2471929,1.517243,0.8196822,0.0,0.0,1.0,5.638954,3.6467419,0.5198339,0.16291828,1.8278956,1.0
2402,4.6570463,1.2730107,1.5746579,0.83789396,0.0,0.0,1.0,7.2406216,3.7671585,0.7609926,0.14928386,1.6749214,1.0
2403,5.781412,1.3162725,1.4111761,0.9843707,0.0,0.0,1.0,7.8820977,3.9689348,0.85757786,0.20542067,2.30476,1.0
2404,6.022034,1.4666144,1.5167295,0.7187117,0.0,0.0,1.0,8.520947,4.6701407,0.9537678,0.16284506,1.8270742,1.0
2405,5.2301626,1.3410653,1.2853667,0.72641474,0.0,0.0,1.0,8.520947,4.0845704,0.9537678,0.16055119,1.8013376,1.0
2406,3.7513947,1.1250225,1.2863243,0.8335392,0.0,0.0,1.0,9.157208,3.0769298,1.0495678,0.14494918,1.6262876,1.0
2407,6.46828,1.2853049,1.5111662,0.7251319,0.0,0.0,1.0,9.157208,3.8244994,1.0495678,0.26516473,2.975071,1.0
2408,4.4759583,1.121589,1.4484555,0.8203563,0.0,0.0,1.0,9.790915,3.0609155,1.1449832,0.20685385,2.32084,1.0
2409,6.105662,1.2860898,1.4448013,0.9343338,0.0,0.0,1.0,9.790915,3.82816,1.1449832,0.24063112,2.699811,1.0
2410,5.7580404,1.2585167,1.5397824,0.7424113,0.0,0.0,1.0,10.422107,3.699557,1.2400202,0.23082173,2.5897524,1.0
2411,6.2545266,1.3526357,1.5677608,0.7274026,0.0,0.0,1.0,10.422107,4.1385355,1.2400202,0.21933083,2.460828,1.0
2412,5.450123,1.2687668,1.5081894,0.7017545,0.0,0.0,1.0,11.050817,3.7473643,1.3346832,0.20484067,2.2982526,1.0
2413,6.775932,1.5525578,1.6273683,0.5648285,0.0,0.0,1.0,11.050817,5.0709877,1.3346832,0.17474744,1.9606153,1.0
2414,5.547207,1.3436466,1.4743301,0.8300798,0.0,0.0,1.0,11.050817,4.09661,1.3346832,0.17930104,2.0117054,1.0
2415,9.259984,1.6466151,1.7302731,0.43580577,0.0,0.0,1.0,11.050817,5.5096784,1.3346832,0.2624657,2.9447885,1.0
2416,4.8530893,1.104452,1.374958,0.9332633,0.0,0.0,1.0,11.050817,2.9809873,1.3346832,0.24905513,2.794326,1.0
2417,8.526042,1.5406221,1.5701811,0.3521073,0.0,0.0,1.0,11.050817,5.015319,1.3346832,0.2711202,3.0418894,1.0
2418,8.053897,1.5019922,1.5456592,0.39847663,0.0,0.0,1.0,11.050817,4.835146,1.3346832,0.2586517,2.9019969,1.0
2419,5.7554865,1.2199142,1.438435,0.8923992,0.0,0.0,1.0,11.050817,3.519512,1.3346832,0.2509126,2.8151662,1.0
2420,5.7695107,1.2579857,1.4958316,0.77586216,0.0,0.0,1.0,11.050817,3.6970806,1.3346832,0.23187734,2.601596,1.0
2421,5.837383,1.3165636,1.4398689,0.8773223,0.0,0.0,1.0,11.050817,3.9702923,1.3346832,0.20888378,2.343615,1.0
2422,7.2001357,1.4182614,1.4198776,0.29251233,0.0,0.0,1.0,11.050817,4.4446187,1.3346832,0.2470059,2.7713342,1.0
2423,6.9432955,1.384391,1.391594,0.24590111,0.0,0.0,1.0,11.025435,4.2866445,1.3308617,0.24695085,2.7707167,1.0
2424,6.5235224,1.3458736,1.3627262,0.26063368,0.0,0.0,1.0,11.025435,4.1069965,1.3308617,0.23896535,2.6811216,1.0
2425,6.335161,1.3346596,1.3360474,0.24590111,0.0,0.0,1.0,11.025435,4.054693,1.3308617,0.23235305,2.6069336,1.0
2426,6.219133,1.3259706,1.313223,0.28819028,0.0,0.0,1.0,11.025435,4.014168,1.3308617,0.22900918,2.5694163,1.0
2427,6.2551875,1.3208995,1.2964838,0.47560492,0.0,0.0,1.0,11.025435,3.9905152,1.3308617,0.23364846,2.6214676,1.0
2428,6.1583652,1.3106465,1.2996937,0.7891756,0.0,0.0,1.0,11.025435,3.9426947,1.3308617,0.2322364,2.6056247,1.0
2429,5.692588,1.2875841,1.3056449,0.7353255,0.0,0.0,1.0,8.501377,3.8351295,0.9508211,0.21246476,2.3837926,1.0
2430,5.437843,1.2565846,1.1297983,0.6075166,0.0,0.0,1.0,4.6370215,3.6905458,0.36897564,0.20969532,2.3527205,1.0
2431,5.485328,1.258756,1.2348493,0.7483538,0.0,0.0,1.0,3.9833462,3.7006733,0.27055353,0.21193609,2.377861,1.0
2432,5.0957036,1.2226212,1.1941072,0.4880362,0.0,0.0,1.0,3.3268197,3.5321376,0.17170213,0.20185615,2.2647672,1.0
2433,4.875058,1.225885,1.2090801,0.27997237,0.0,0.0,1.0,4.6370215,3.5473604,0.36897564,0.18444017,2.069365,1.0
2434,5.5868435,1.2421086,1.2107285,0.5555191,0.0,0.0,1.0,7.2239914,3.6230283,0.7584886,0.22716075,2.5486774,1.0
2435,6.186166,1.3204719,1.2308773,0.74516535,0.0,0.0,1.0,8.501377,3.9885209,0.9508211,0.2294413,2.5742645,1.0
2436,6.2463217,1.3452909,1.2343192,0.78151697,0.0,0.0,1.0,9.136176,4.1042786,1.046401,0.22203402,2.491157,1.0
2437,6.0708942,1.3449523,1.2507147,0.7702141,0.0,0.0,1.0,9.768427,4.1026998,1.1415973,0.21129438,2.3706615,1.0
2438,6.178114,1.3999591,1.3487947,0.764093,0.0,0.0,1.0,10.3981695,4.3592553,1.236416,0.19538085,2.1921163,1.0
2439,5.920059,1.472994,1.3019639,0.7910923,0.0,0.0,1.0,10.3981695,4.699896,1.236416,0.15524083,1.7417569,1.0
2440,4.852476,1.278452,1.2145177,0.5301667,0.0,0.0,1.0,11.025435,3.7925372,1.3308617,0.16029957,1.7985145,1.0
2441,5.7492337,1.373531,1.2507583,0.8434567,0.0,0.0,1.0,11.025435,4.235993,1.3308617,0.1800999,2.0206685,1.0
2442,6.260878,1.3853067,1.3444587,0.7989614,0.0,0.0,1.0,11.650262,4.2909155,1.4249401,0.20604068,2.3117163,1.0
2443,7.1605353,1.5783341,1.5434167,0.7626472,0.0,0.0,1.0,7.8025174,5.1912103,0.8455957,0.1857338,2.083879,1.0
2444,6.551164,1.4380924,1.5826162,0.6678944,0.0,0.0,1.0,8.21937,4.5371118,0.90836006,0.20217136,2.2683036,1.0
2445,6.9793773,1.4715527,1.6150823,0.6782986,0.0,0.0,1.0,8.21937,4.693174,0.90836006,0.21317941,2.391811,1.0
2446,7.1642323,1.5185488,1.6452957,0.6678944,0.0,0.0,1.0,8.21937,4.9123673,0.90836006,0.20586409,2.309735,1.0
2447,7.399104,1.5148857,1.6725142,0.755642,0.0,0.0,1.0,7.9701943,4.895282,0.87084234,0.21937841,2.461362,1.0
2448,8.4083395,1.6482404,1.6397066,0.75958127,0.0,0.0,1.0,5.813998,5.517259,0.5461898,0.2225692,2.4971616,1.0
2449,7.886424,1.5248356,1.5911219,0.69440806,0.0,0.0,1.0,5.813998,4.941689,0.5461898,0.24087626,2.7025614,1.0
2450,7.5954933,1.5414333,1.7124413,0.7169121,0.0,0.0,1.0,5.813998,5.0191026,0.5461898,0.21984705,2.46662,1.0
2451,7.9717655,1.63242,1.7381716,0.6343705,0.0,0.0,1.0,5.813998,5.443471,0.5461898,0.20740636,2.327039,1.0
2452,8.109146,1.637637,1.6623341,0.7260348,0.0,0.0,1.0,4.5234137,5.467804,0.35187,0.21214505,2.3802056,1.0
2453,7.0558987,1.4309336,1.4087188,0.3553573,0.0,0.0,1.0,3.6610572,4.503723,0.22202736,0.23343648,2.6190894,1.0
2454,6.252508,1.4940743,1.6322396,0.73883456,0.0,0.0,1.0,3.6610572,4.7982163,0.22202736,0.16631195,1.8659716,1.0
2455,5.8407693,1.465006,1.46746,0.48266387,0.0,0.0,1.0,3.6610572,4.662639,0.22202736,0.15347344,1.7219273,1.0
2456,6.492729,1.4541295,1.6737249,0.5710358,0.0,0.0,1.0,3.6610572,4.6119103,0.22202736,0.19298127,2.1651936,1.0
2457,6.692213,1.4398236,1.6330485,0.57007354,0.0,0.0,1.0,3.6610572,4.545187,0.22202736,0.20942064,2.3496385,1.0
2458,6.320442,1.4275337,1.6328617,0.44293785,0.0,0.0,1.0,3.04651,4.487866,0.12949666,0.19311433,2.1666865,1.0
2459,6.519919,1.5577631,1.641764,0.7535752,0.0,0.0,1.0,2.584553,5.095266,0.059941065,0.16033095,1.7988665,1.0
2460,6.3177347,1.5509106,1.6070511,0.5910858,0.0,0.0,1.0,2.2260628,5.063305,0.005964171,0.15221919,1.707855,1.0
2461,6.179552,1.5356388,1.6000153,0.6746654,0.0,0.0,1.0,1.4331926,4.9920764,0.0,0.14970393,1.6796346,1.0
2462,5.8138943,1.5182188,1.6083716,0.7920266,0.0,0.0,1.0,0.6584384,4.9108276,0.0,0.13595794,1.5254085,1.0
2463,5.29471,1.3850336,1.5452874,0.6604813,0.0,0.0,1.0,0.25705314,4.289642,0.0,0.1487946,1.6694322,1.0
2464,4.951067,1.2596813,1.5176038,0.6425676,0.0,0.0,1.0,0.32217002,3.7049892,0.0,0.17477515,1.9609263,1.0
2465,4.1725197,1.1660994,1.5375366,0.6653334,0.0,0.0,1.0,0.49431354,3.2685158,0.0,0.15956087,1.7902265,1.0
2466,4.491059,1.2807864,1.5408325,0.58658427,0.0,0.0,1.0,0.52546954,3.8034248,0.0,0.13516863,1.5165526,1.0
2467,4.9281626,1.3307759,1.5300663,0.6442187,0.0,0.0,1.0,0.56081724,4.0365796,0.0,0.14537577,1.6310738,1.0
2468,5.0533843,1.4976437,1.5329815,0.58183676,0.0,0.0,1.0,0.56081724,4.814864,0.0,0.101743974,1.1415378,1.0
2469,5.796793,1.5208445,1.8217578,0.59255064,0.0,0.0,1.0,0.56081724,4.9230742,0.0,0.1343234,1.5070695,1.0
2470,4.4302487,1.3594911,1.4128072,0.64110667,0.0,0.0,1.0,0.56081724,4.17051,0.0,0.1049887,1.1779426,1.0
2471,5.489573,1.5261261,1.6118768,0.761244,0.0,0.0,1.0,0.5680709,4.9477086,0.0,0.11701814,1.3129095,1.0
2472,5.617483,1.5195439,1.5447835,0.680855,0.0,0.0,1.0,0.5755146,4.9170084,0.0,0.12540676,1.4070272,1.0
2473,5.0886483,1.413689,1.6149223,0.77007145,0.0,0.0,1.0,0.5755146,4.423293,0.0,0.1274341,1.4297736,1.0
2474,5.61141,1.5245644,1.674726,0.7997519,0.0,0.0,1.0,0.6921672,4.9404244,0.0,0.123714805,1.3880441,1.0
2475,4.0998726,1.3045003,1.4181981,0.5343818,0.0,0.0,1.0,0.7469734,3.9140284,0.0,0.10122023,1.1356615,1.0
2476,4.4190187,1.3161718,1.459477,0.65591294,0.0,0.0,1.0,0.8112051,3.9684649,0.0,0.118040614,1.3243814,1.0
2477,5.448673,1.4948444,1.48679,0.7403225,0.0,0.0,1.0,0.8112051,4.8018084,0.0,0.12343399,1.3848934,1.0
2478,4.8457303,1.4022127,1.2630776,0.6502387,0.0,0.0,1.0,0.8112051,4.3697667,0.0,0.1168663,1.3112059,1.0
2479,4.437422,1.3232764,1.3991268,0.81628376,0.0,0.0,1.0,0.8112051,4.001601,0.0,0.116863616,1.3111757,1.0
2480,4.6826515,1.3427311,1.3990226,0.84158814,0.0,0.0,1.0,0.8262477,4.0923395,0.0,0.1258622,1.4121372,1.0
2481,3.9211228,1.2464638,1.2846303,0.7963003,0.0,0.0,1.0,0.8450098,3.6433413,0.0,0.108544625,1.2178391,1.0
2482,4.759657,1.3743057,1.3816463,0.6578636,0.0,0.0,1.0,0.8450098,4.2396064,0.0,0.120365955,1.3504709,1.0
2483,4.7624564,1.3792595,1.384227,0.8285751,0.0,0.0,1.0,0.86918545,4.262711,0.0,0.11898362,1.3349615,1.0
2484,4.9688826,1.3453583,1.3767258,0.7741913,0.0,0.0,1.0,1.1292436,4.104593,0.0,0.14275046,1.6016185,1.0
2485,4.7962947,1.3304229,1.3418478,0.71844786,0.0,0.0,1.0,1.1292436,4.034933,0.0,0.13718013,1.5391212,1.0
2486,4.874907,1.320659,1.3276427,0.6578636,0.0,0.0,1.0,1.2197093,3.989394,0.0,0.14565362,1.6341912,1.0
2487,4.646582,1.275297,1.3391144,0.8203079,0.0,0.0,1.0,1.3551067,3.777822,0.0,0.1476899,1.6570376,1.0
2488,4.680349,1.253551,1.2950202,0.8300798,0.0,0.0,1.0,1.3551067,3.6763968,0.0,0.1586699,1.78023,1.0
2489,4.432254,1.235742,1.2714479,0.6897905,0.0,0.0,1.0,1.3551067,3.593334,0.0,0.14858179,1.6670444,1.0
2490,4.5223246,1.2225755,1.2229229,0.7058599,0.0,0.0,1.0,1.3551067,3.5319247,0.0,0.1605373,1.8011818,1.0
2491,3.5309486,1.0495112,1.1502707,0.7887562,0.0,0.0,1.0,1.3551067,2.724739,0.0,0.16447715,1.8453858,1.0
2492,3.084473,1.0660357,1.2134118,0.51776254,0.0,0.0,1.0,1.3551067,2.801811,0.0,0.11481973,1.2882439,1.0
2493,4.7470646,1.2812625,1.495663,0.83530664,0.0,0.0,1.0,1.5813018,3.8056455,0.0,0.15212373,1.706784,1.0
2494,3.9922752,1.1516296,1.4160137,0.8756936,0.0,0.0,1.0,1.3673562,3.2010272,0.0,0.15207568,1.7062448,1.0
2495,4.32607,1.2164342,1.2297664,0.7781804,0.0,0.0,1.0,1.3673562,3.5032814,0.0,0.14893746,1.6710349,1.0
2496,4.25484,1.1350074,1.3317277,0.8635824,0.0,0.0,1.0,1.3673562,3.1235,0.0,0.1813652,2.0348647,1.0
2497,3.4693787,1.0687029,1.426523,0.7723018,0.0,0.0,1.0,1.6677089,2.814251,0.0,0.1484096,1.6651125,1.0
2498,4.9965487,1.2699524,1.3379548,0.695477,0.0,0.0,1.0,2.6394484,3.7528942,0.06820652,0.17351748,1.9468156,1.0
2499,5.8904886,1.4697946,1.6093528,0.6028152,0.0,0.0,1.0,2.9631262,4.6849737,0.116941795,0.1546552,1.7351863,1.0
2500,4.592129,1.2856025,1.5084869,0.84063935,0.0,0.0,1.0,3.2854786,3.8258872,0.16547751,0.14013052,1.5722237,1.0
2501,5.090227,1.3331463,1.3695354,0.8039383,0.0,0.0,1.0,5.029233,4.0476356,0.42802984,0.15472274,1.735944,1.0
2502,5.0340767,1.2977877,1.3008608,0.5066815,0.0,0.0,1.0,5.029233,3.88272,0.42802984,0.1646423,1.8472387,1.0
2503,4.8327446,1.337362,1.305419,0.7900068,0.0,0.0,1.0,5.4552555,4.067298,0.4921749,0.13705355,1.5377009,1.0
2504,5.211566,1.3526742,1.2902621,0.5794392,0.0,0.0,1.0,5.879587,4.1387153,0.5560654,0.15514106,1.7406374,1.0
2505,4.8879924,1.3778136,1.3830738,0.4821913,0.0,0.0,1.0,5.879587,4.255967,0.5560654,0.12694584,1.4242953,1.0
2506,4.960827,1.3570162,1.249946,0.8202256,0.0,0.0,1.0,6.3022504,4.1589665,0.6197046,0.13822687,1.5508652,1.0
2507,5.133034,1.4305618,1.4301336,0.69448805,0.0,0.0,1.0,6.3022504,4.501989,0.6197046,0.12482381,1.4004867,1.0
2508,5.237851,1.4126809,1.3310424,0.77441764,0.0,0.0,1.0,6.3022504,4.418591,0.6197046,0.13634478,1.5297487,1.0
2509,4.915884,1.2743465,1.4796374,0.6472618,0.0,0.0,1.0,6.7232695,3.7733884,0.6830963,0.16623223,1.8650771,1.0
2510,4.599819,1.3843546,1.4785372,0.6768193,0.0,0.0,1.0,5.06885,4.2864747,0.4339949,0.10774426,1.2088592,1.0
2511,5.9323716,1.5849268,1.4287852,0.7327487,0.0,0.0,1.0,4.0678577,5.2219596,0.2832782,0.123772815,1.3886949,1.0
2512,5.9531016,1.5991989,1.5474006,0.67078894,0.0,0.0,1.0,4.045895,5.2885256,0.27997136,0.121129654,1.3590394,1.0
2513,4.536696,1.4380032,1.462095,0.49022132,0.0,0.0,1.0,4.045895,4.536696,0.27997136,0.08509241,0.95471203,0.0
2514,4.762748,1.4383434,1.4451314,0.36705473,0.0,0.0,1.0,4.045895,4.538283,0.27997136,0.10172413,1.1413151,1.0
2515,4.617039,1.4103266,1.429333,0.7937493,0.0,0.0,1.0,4.045895,4.4076104,0.27997136,0.101228826,1.1357579,1.0
2516,5.0695205,1.4049357,1.4557953,0.5865321,0.0,0.0,1.0,4.045895,4.382467,0.27997136,0.12905182,1.4479238,1.0
2517,4.93705,1.406502,1.4038647,0.45013428,0.0,0.0,1.0,4.045895,4.389772,0.27997136,0.120876856,1.3562031,1.0
2518,5.5885105,1.4273157,1.438128,0.5494886,0.0,0.0,1.0,4.045895,4.486849,0.27997136,0.15165439,1.701518,1.0
2519,5.2111254,1.4527372,1.4355232,0.33109123,0.0,0.0,1.0,4.045895,4.605417,0.27997136,0.12262119,1.375774,1.0
2520,3.3515706,1.100169,1.2387911,0.5865048,0.0,0.0,1.0,4.045895,2.961011,0.27997136,0.122717924,1.3768593,1.0
2521,3.1524932,1.0752648,1.2793998,0.68270737,0.0,0.0,1.0,4.045895,2.844856,0.27997136,0.11666666,1.3089659,1.0
2522,2.8271427,1.0319066,1.1767741,0.5865048,0.0,0.0,1.0,4.045895,2.6426299,0.27997136,0.106909245,1.1994905,1.0
2523,2.8993673,1.0341824,1.288693,0.6605735,0.0,0.0,1.0,4.045895,2.6532445,0.27997136,0.11275133,1.2650371,1.0
2524,4.668347,1.3699523,1.3590089,0.42815343,0.0,0.0,1.0,4.045895,4.2193017,0.27997136,0.11623079,1.3040756,1.0
2525,3.9246776,1.2135997,1.3084643,0.55062354,0.0,0.0,1.0,3.282836,3.4900606,0.16507962,0.12084092,1.3557999,1.0
2526,3.7417285,1.2006689,1.2340273,0.40514922,0.0,0.0,1.0,1.7288271,3.4297507,0.0,0.11229278,1.2598923,1.0
2527,3.2656941,1.122706,1.2783346,0.6690171,0.0,0.0,1.0,1.2021186,3.0661256,0.0,0.10570383,1.1859661,1.0
2528,3.4119694,1.1229042,1.2227784,0.68763536,0.0,0.0,1.0,0.93706197,3.0670497,0.0,0.1177672,1.3213136,1.0
2529,3.3852134,1.139359,1.1463851,0.6852961,0.0,0.0,1.0,0.67084914,3.1437962,0.0,0.10868415,1.2194046,1.0
2530,3.5576963,1.180773,1.3085651,0.544957,0.0,0.0,1.0,1.7382119,3.3369546,0.0,0.10597441,1.189002,1.0
2531,3.7691865,1.2032706,1.2092842,0.71405447,0.0,0.0,1.0,2.5242422,3.4418848,0.050860226,0.113344856,1.2716962,1.0
2532,3.5521648,1.209177,1.2968166,0.5289616,0.0,0.0,1.0,3.7916715,3.469433,0.2416936,0.09520133,1.0681312,1.0
2533,3.9197156,1.2373244,1.222482,0.70371145,0.0,0.0,1.0,5.4552555,3.6007144,0.4921749,0.11168965,1.2531253,1.0
2534,4.6107574,1.3681284,1.3598292,0.52810544,0.0,0.0,1.0,5.4552555,4.210795,0.4921749,0.1133172,1.2713859,1.0
2535,3.8760645,1.2594525,1.3403041,0.79085076,0.0,0.0,1.0,5.879587,3.7039216,0.5560654,0.100964144,1.1327883,1.0
2536,4.9730997,1.3486444,1.3379437,0.74036556,0.0,0.0,1.0,6.3022504,4.11992,0.6197046,0.14186428,1.591676,1.0
2537,4.994168,1.364249,1.4030495,0.6564029,0.0,0.0,1.0,4.9205804,4.192701,0.41167033,0.13780794,1.5461649,1.0
2538,4.755418,1.3863289,1.4357017,0.6501328,0.0,0.0,1.0,5.2380075,4.2956834,0.45946446,0.11638255,1.3057783,1.0
2539,4.748667,1.4245143,1.3985744,0.74483234,0.0,0.0,1.0,5.2380075,4.473783,0.45946446,0.104775615,1.1755519,1.0
2540,5.337798,1.4705814,1.4664202,0.75906074,0.0,0.0,1.0,5.5542126,4.6886435,0.5070746,0.12438635,1.3955786,1.0
2541,5.309053,1.4611163,1.4789265,0.8074421,0.0,0.0,1.0,5.5542126,4.6444974,0.5070746,0.12556592,1.408813,1.0
2542,6.1317544,1.5548521,1.4562923,0.7736531,0.0,0.0,1.0,5.5542126,5.081689,0.5070746,0.14174984,1.590392,1.0
2543,6.6476197,1.599729,1.5007999,0.7736531,0.0,0.0,1.0,5.8692136,5.2909975,0.55450344,0.15442266,1.7325772,1.0
2544,6.2143087,1.5497983,1.6288733,0.76807934,0.0,0.0,1.0,5.8692136,5.058117,0.55450344,0.14733803,1.6530898,1.0
2545,6.75054,1.6165999,1.6558105,0.75906074,0.0,0.0,1.0,5.8692136,5.369685,0.55450344,0.15461503,1.7347356,1.0
2546,6.0035706,1.5427437,1.5562704,0.60504234,0.0,0.0,1.0,5.8426843,5.025214,0.550509,0.13870731,1.5562556,1.0
2547,6.1269197,1.5383569,1.735939,0.8442758,0.0,0.0,1.0,5.816394,5.0047536,0.5465505,0.1462274,1.6406288,1.0
2548,6.4515314,1.5727215,1.8156755,0.77284026,0.0,0.0,1.0,5.816394,5.165033,0.5465505,0.1525577,1.711653,1.0
2549,5.8207555,1.5504597,1.5376322,0.5968991,0.0,0.0,1.0,5.816394,5.061202,0.5465505,0.12734574,1.4287821,1.0
2550,5.8683157,1.5093893,1.5954199,0.69671553,0.0,0.0,1.0,5.816394,4.8696465,0.5465505,0.1413534,1.5859439,1.0
2551,5.466336,1.51188,1.5701371,0.51776254,0.0,0.0,1.0,5.816394,4.8812637,0.5465505,0.11965188,1.3424592,1.0
2552,6.1597233,1.5262581,1.5494787,0.62656814,0.0,0.0,1.0,5.816394,4.948324,0.5465505,0.15147069,1.699457,1.0
2553,6.095103,1.5029435,1.5403159,0.630228,0.0,0.0,1.0,4.525268,4.839583,0.35214922,0.15519306,1.741221,1.0
2554,6.7246795,1.5895904,1.7190324,0.6914006,0.0,0.0,1.0,3.6625676,5.243711,0.22225478,0.16105017,1.806936,1.0
2555,6.521394,1.5742642,1.7185806,0.6333589,0.0,0.0,1.0,3.6625676,5.172228,0.22225478,0.15555489,1.7452805,1.0
2556,5.2053833,1.4496564,1.4653523,0.5585863,0.0,0.0,1.0,3.0477624,4.5910473,0.12968524,0.12320455,1.3823192,1.0
2557,5.2178087,1.5050274,1.5663087,0.65020597,0.0,0.0,1.0,2.585621,4.8493023,0.06010189,0.10848045,1.2171191,1.0
2558,5.463027,1.4874669,1.6835566,0.61138797,0.0,0.0,1.0,2.585621,4.767399,0.06010189,0.12628636,1.4168961,1.0
2559,5.4957,1.4440336,1.656257,0.6282713,0.0,0.0,1.0,1.0952774,4.5648227,0.0,0.14105894,1.5826402,1.0
2560,5.356882,1.4416636,1.6606385,0.5833817,0.0,0.0,1.0,0.42090437,4.5537686,0.0,0.13404025,1.5038925,1.0
2561,4.933636,1.4315023,1.4562111,0.37868416,0.0,0.0,1.0,0.36072475,4.506376,0.0,0.11327321,1.2708924,1.0
2562,5.16408,1.4380785,1.4722319,0.6319796,0.0,0.0,1.0,0.43854716,4.5370474,0.0,0.12432275,1.394865,1.0
2563,4.613774,1.4004525,1.4631442,0.5958064,0.0,0.0,1.0,0.43854716,4.3615565,0.0,0.10385483,1.1652209,1.0
2564,5.0711994,1.4468908,1.437565,0.44244248,0.0,0.0,1.0,0.4648593,4.578149,0.0,0.1165542,1.3077042,1.0
2565,4.8125505,1.3632377,1.4550395,0.4736435,0.0,0.0,1.0,0.56943816,4.187984,0.0,0.12710616,1.426094,1.0
2566,5.291827,1.4920256,1.4740206,0.5895091,0.0,0.0,1.0,0.5773316,4.788661,0.0,0.11588652,1.300213,1.0
2567,4.6456456,1.3534193,1.5019877,0.68083537,0.0,0.0,1.0,0.58544695,4.1421905,0.0,0.12008033,1.3472663,1.0
2568,5.74373,1.5461382,1.5787992,0.3230789,0.0,0.0,1.0,0.58544695,5.041046,0.0,0.12462572,1.3982643,1.0
2569,4.1303587,1.3046174,1.3976493,0.55826044,0.0,0.0,1.0,0.62682235,3.9145744,0.0,0.10316625,1.1574953,1.0
2570,4.3811536,1.3130744,1.5764121,0.5465447,0.0,0.0,1.0,0.67449075,3.9540184,0.0,0.116638005,1.3086444,1.0
2571,3.5217373,1.1741668,1.5885398,0.6195661,0.0,0.0,1.0,0.67449075,3.3061426,0.0,0.10573496,1.1863154,1.0
2572,3.7438235,1.1690916,1.4062842,0.5048332,0.0,0.0,1.0,0.67449075,3.2824714,0.0,0.12492055,1.4015721,1.0
2573,5.0965247,1.433889,1.4723356,0.41442764,0.0,0.0,1.0,0.79892397,4.5175076,0.0,0.121768326,1.3662051,1.0
2574,5.0480876,1.4258722,1.4500866,0.5874271,0.0,0.0,1.0,0.79892397,4.4801164,0.0,0.12141286,1.362217,1.0
2575,4.8741984,1.4039463,1.5231845,0.67899346,0.0,0.0,1.0,0.8082723,4.377852,0.0,0.1180007,1.3239335,1.0
2576,5.0218515,1.3745846,1.5027716,0.7870879,0.0,0.0,1.0,0.8910517,4.2409067,0.0,0.13602231,1.5261307,1.0
2577,3.7356236,1.1751482,1.3200487,0.46415532,0.0,0.0,1.0,0.8199484,3.3107202,0.0,0.1218116,1.3666906,1.0
2578,4.5319157,1.3118495,1.4494739,0.8788776,0.0,0.0,1.0,0.8199484,3.9483054,0.0,0.12676999,1.4223224,1.0
2579,4.5260177,1.2894857,1.487129,0.81220645,0.0,0.0,1.0,0.8262477,3.843999,0.0,0.13431066,1.5069265,1.0
2580,4.4623213,1.2778277,1.4283012,0.7896129,0.0,0.0,1.0,0.8450098,3.7896254,0.0,0.13433248,1.5071713,1.0
2581,5.3994784,1.4290997,1.4315372,0.7113026,0.0,0.0,1.0,0.8450098,4.4951696,0.0,0.14035848,1.5747812,1.0
2582,3.924232,1.1845659,1.2691545,0.6035905,0.0,0.0,1.0,0.86918545,3.3546448,0.0,0.13236673,1.4851161,1.0
2583,3.5795708,1.1185747,1.1338015,0.42447338,0.0,0.0,1.0,0.9013486,3.0468569,0.0,0.13365269,1.4995443,1.0
2584,3.9979615,1.1895198,1.2983515,0.698943,0.0,0.0,1.0,1.1292436,3.37775,0.0,0.1358876,1.5246192,1.0
2585,5.1545305,1.368202,1.3910815,0.65792173,0.0,0.0,1.0,1.2197093,4.211138,0.0,0.14617728,1.6400665,1.0
2586,3.3349302,1.0881903,1.1997064,0.44256178,0.0,0.0,1.0,1.3551067,2.9051416,0.0,0.12680253,1.4226875,1.0
2587,5.2930446,1.3626199,1.5761753,0.7736531,0.0,0.0,1.0,1.3551067,4.1851025,0.0,0.15654461,1.756385,1.0
2588,3.4153008,1.0536762,1.1524993,0.60643977,0.0,0.0,1.0,1.3551067,2.7441652,0.0,0.15140913,1.6987664,1.0
2589,3.1165514,1.0195419,1.1376709,0.44833574,0.0,0.0,1.0,1.3551067,2.5849597,0.0,0.14149792,1.5875655,1.0
2590,4.3331323,1.221826,1.3003882,0.7546398,0.0,0.0,1.0,1.3551067,3.5284286,0.0,0.14720598,1.6516082,1.0
2591,4.527454,1.24107,1.3459827,0.82044536,0.0,0.0,1.0,1.3551067,3.6181846,0.0,0.15312476,1.7180152,1.0
2592,5.2823987,1.3344407,1.4742006,0.8039384,0.0,0.0,1.0,1.3551067,4.053673,0.0,0.16631809,1.8660405,1.0
2593,5.373066,1.3238056,1.3603739,0.77826804,0.0,0.0,1.0,1.3551067,4.0040693,0.0,0.1761954,1.976861,1.0
2594,4.922485,1.3059818,1.3322457,0.60519594,0.0,0.0,1.0,2.0378385,3.9209378,0.0,0.15417656,1.7298161,1.0
2595,3.5890968,1.1031154,1.2505323,0.6695103,0.0,0.0,1.0,1.3673562,2.9747536,0.0,0.14171974,1.5900543,1.0
2596,3.0849824,0.98702145,1.2040762,0.6620293,0.0,0.0,1.0,1.3612325,2.4332821,0.0,0.15733223,1.7652217,1.0
2597,3.4541314,1.0362551,1.3707384,0.77800417,0.0,0.0,1.0,1.3551635,2.6629117,0.0,0.16479312,1.8489308,1.0
2598,4.891358,1.3030338,1.435301,0.8039383,0.0,0.0,1.0,1.3551635,3.9071884,0.0,0.15327287,1.7196769,1.0
2599,4.098028,1.2276456,1.3117588,0.665123,0.0,0.0,1.0,1.3551635,3.555572,0.0,0.12798019,1.4359004,1.0
2600,4.8158846,1.2779423,1.4854685,0.83246076,0.0,0.0,1.0,1.3551635,3.7901597,0.0,0.15804549,1.7732244,1.0
2601,3.2721965,1.0092616,1.2088988,0.81821334,0.0,0.0,1.0,1.3551635,2.5370119,0.0,0.16292343,1.8279533,1.0
2602,4.455873,1.2595329,1.2869335,0.7693384,0.0,0.0,1.0,1.3551635,3.7042968,0.0,0.14079641,1.5796946,1.0
2603,4.292379,1.2070875,1.2406508,0.56740624,0.0,0.0,1.0,1.3551635,3.4596875,0.0,0.15042001,1.6876687,1.0
2604,4.54122,1.2704476,1.4024994,0.8228503,0.0,0.0,1.0,1.697872,3.7552037,0.0,0.1424315,1.5980399,1.0
2605,4.3181524,1.2213099,1.4531304,0.7935022,0.0,0.0,1.0,1.697872,3.5260217,0.0,0.14633757,1.6418649,1.0
2606,4.004759,1.2142351,1.2922527,0.7284199,0.0,0.0,1.0,1.697872,3.493024,0.0,0.12643614,1.4185767,1.0
2607,4.310094,1.2122812,1.3612407,0.7967358,0.0,0.0,1.0,1.697872,3.4839113,0.0,0.14951807,1.6775492,1.0
2608,4.17939,1.1936834,1.3425958,0.8202256,0.0,0.0,1.0,1.697872,3.3971696,0.0,0.1477646,1.6578757,1.0
2609,4.18804,1.2032486,1.211997,0.75506234,0.0,0.0,1.0,1.697872,3.4417825,0.0,0.14434366,1.6194938,1.0
2610,3.2535279,1.128222,1.1630545,0.4226944,0.0,0.0,1.0,1.697872,3.0918524,0.0,0.102444924,1.1494023,1.0
2611,3.6930397,1.1387165,1.1987911,0.5542843,0.0,0.0,1.0,1.697872,3.1407995,0.0,0.13390413,1.5023654,1.0
2612,3.5881774,1.1502999,1.1561258,0.28298825,0.0,0.0,1.0,1.2330579,3.1948256,0.0,0.12048226,1.3517759,1.0
2613,4.4135714,1.2171464,1.2927161,0.7076759,0.0,0.0,1.0,1.3552212,3.5066028,0.0,0.15499412,1.7389888,1.0
2614,4.4177833,1.1970041,1.1999606,0.65028936,0.0,0.0,1.0,1.3552212,3.4126575,0.0,0.16413176,1.8415105,1.0
2615,4.5794005,1.2278036,1.2452753,0.7479559,0.0,0.0,1.0,1.3552212,3.5563087,0.0,0.16238864,1.8219532,1.0
2616,4.552825,1.2175108,1.1857216,0.61579007,0.0,0.0,1.0,1.3552212,3.5083025,0.0,0.16494666,1.8506535,1.0
2617,3.2413943,0.994908,1.0093234,0.18872091,0.0,0.0,1.0,1.3552212,2.4700654,0.0,0.16864981,1.8922017,1.0
2618,2.736496,0.95830333,0.96079606,0.4696952,0.0,0.0,1.0,1.3552212,2.2993386,0.0,0.13754447,1.5432088,1.0
2619,3.4962575,1.1804342,1.1456393,0.6121864,0.0,0.0,1.0,1.3552212,3.3353744,0.0,0.10141221,1.1378154,1.0
2620,3.423985,1.1433984,1.1192459,0.6107436,0.0,0.0,1.0,1.5814419,3.1626363,0.0,0.11017254,1.2361038,1.0
2621,3.7637563,1.1503559,1.1132802,0.566627,0.0,0.0,1.0,1.0233814,3.195087,0.0,0.1344528,1.5085213,1.0
2622,3.848085,1.1523,1.2686297,0.6175417,0.0,0.0,1.0,1.0233814,3.2041543,0.0,0.14030601,1.5741925,1.0
2623,2.7816467,0.9278781,0.91344094,0.5508903,0.0,0.0,1.0,1.0233814,2.1574328,0.0,0.16280834,1.8266622,1.0
2624,2.5779405,0.90651083,0.900577,0.5606753,0.0,0.0,1.0,1.0233814,2.0577743,0.0,0.15350054,1.7222314,1.0
2625,3.0482142,0.9733937,0.98789215,0.45821422,0.0,0.0,1.0,1.0233814,2.3697212,0.0,0.1620408,1.8180505,1.0
2626,2.9577582,0.97286516,1.0967084,0.38942263,0.0,0.0,1.0,1.0233814,2.3672562,0.0,0.15265124,1.7127024,1.0
2627,3.06499,0.97464484,1.0110744,0.58923537,0.0,0.0,1.0,1.0233814,2.3755567,0.0,0.16303445,1.8291991,1.0
2628,2.8942842,0.96641004,1.079926,0.77322215,0.0,0.0,1.0,1.0233814,2.337149,0.0,0.14983389,1.6810926,1.0
2629,2.9531596,0.95927393,1.0670031,0.79923296,0.0,0.0,1.0,1.0233814,2.3038654,0.0,0.16089752,1.8052233,1.0
2630,3.0221543,0.98863435,1.0439528,0.8261396,0.0,0.0,1.0,1.3676999,2.4408047,0.0,0.1497822,1.6805125,1.0
2631,2.2069952,0.8335309,1.1312451,0.8228503,0.0,0.0,1.0,1.5815115,1.7173902,0.0,0.16172734,1.8145336,1.0
2632,2.6871936,0.9335564,1.0408114,0.40104365,0.0,0.0,1.0,1.023489,2.1839168,0.0,0.1478131,1.6584198,1.0
2633,2.0052965,0.82713526,0.9215748,0.7856666,0.0,0.0,1.0,1.023489,1.6875604,0.0,0.13707545,1.5379467,1.0
2634,2.0771742,0.8247279,1.1248138,0.8228503,0.0,0.0,1.0,1.023489,1.6763322,0.0,0.15002133,1.6831956,1.0
2635,2.329811,0.8638013,1.1374679,0.8387825,0.0,0.0,1.0,1.023489,1.8585737,0.0,0.15369587,1.7244228,1.0
2636,2.5512292,0.92597,1.1687877,0.8228503,0.0,0.0,1.0,1.023489,2.1485333,0.0,0.1368582,1.5355091,1.0
2637,3.1262138,0.9594717,1.2186663,0.7958558,0.0,0.0,1.0,1.023489,2.3047879,0.0,0.17988749,2.0182853,1.0
2638,3.6068459,1.0481921,1.4004244,0.82205725,0.0,0.0,1.0,1.023489,2.718587,0.0,0.17233337,1.9335302,1.0
2639,5.229093,1.2148829,1.3700088,0.837708,0.0,0.0,1.0,2.6622012,3.4960454,0.07163233,0.21536505,2.4163332,1.0
2640,6.124901,1.3528898,1.2441204,0.76172787,0.0,0.0,1.0,3.3133907,4.1397204,0.16968016,0.21124677,2.3701272,1.0
2641,5.7034235,1.2705406,1.330414,0.59346324,0.0,0.0,1.0,5.0252204,3.7556374,0.42742568,0.22120003,2.4817998,1.0
2642,4.396538,1.1934373,1.1291671,0.5845955,0.0,0.0,1.0,8.498899,3.3960218,0.95044804,0.1641535,1.8417544,1.0
2643,5.4331536,1.4077303,1.4540216,0.833878,0.0,0.0,1.0,9.1333275,4.395501,1.0459721,0.14924541,1.67449,1.0
2644,5.1826687,1.3933806,1.5896722,0.8343262,0.0,0.0,1.0,9.765183,4.328573,1.141109,0.13937607,1.563759,1.0
2645,3.922501,1.1793802,1.295652,0.8346566,0.0,0.0,1.0,9.765183,3.3304582,1.141109,0.13439775,1.5079036,1.0
2646,4.322422,1.1600637,1.2258598,0.5122901,0.0,0.0,1.0,10.394504,3.2403648,1.2358639,0.17416564,1.9540877,1.0
2647,6.157107,1.451509,1.3709612,0.8110481,0.0,0.0,1.0,10.394504,4.599688,1.2358639,0.17535275,1.9674067,1.0
2648,4.7722006,1.1777207,1.2491553,0.6311522,0.0,0.0,1.0,11.021326,3.3227181,1.3302429,0.20021756,2.2463827,1.0
2649,4.987572,1.2024431,1.2830164,0.7958558,0.0,0.0,1.0,11.021326,3.4380255,1.3302429,0.2039035,2.2877378,1.0
2650,6.623203,1.5658698,1.498111,0.83985186,0.0,0.0,1.0,11.645684,5.133076,1.4242508,0.16305465,1.8294256,1.0
2651,5.2501497,1.3321005,1.5202007,0.647568,0.0,0.0,1.0,23.965858,4.042758,3.2792659,0.16518268,1.8533015,1.0
2652,5.626511,1.3294502,1.343991,0.8148961,0.0,0.0,1.0,12.320175,4.030397,1.525807,0.18997669,2.131483,1.0
2653,5.701917,1.4738624,1.5959941,0.8346566,0.0,0.0,1.0,12.320175,4.703946,1.525807,0.14315529,1.6061606,1.0
2654,3.6948276,1.13395,1.1908436,0.90728635,0.0,0.0,1.0,12.320175,3.1185682,1.525807,0.13618469,1.5279526,1.0
2655,3.5442264,1.0315442,1.0393598,0.8401801,0.0,0.0,1.0,12.320175,2.6409397,1.525807,0.17622876,1.9772353,1.0
2656,5.806434,1.3691417,1.2991608,0.9304539,0.0,0.0,1.0,12.320175,4.215521,1.525807,0.18523379,2.078269,1.0
2657,3.6702795,1.0605104,1.1329805,0.8582026,0.0,0.0,1.0,12.320175,2.7760403,1.525807,0.17115994,1.9203646,1.0
2658,4.230121,1.1485455,1.3899146,0.83046407,0.0,0.0,1.0,12.320175,3.186643,1.525807,0.17251627,1.9355823,1.0
2659,3.4271574,1.0683707,1.1156716,0.7164364,0.0,0.0,1.0,12.320175,2.8127012,1.525807,0.14475998,1.6241648,1.0
2660,3.4182844,1.0531068,1.1125501,0.72456867,0.0,0.0,1.0,12.320175,2.7415092,1.525807,0.15199333,1.705321,1.0
2661,4.8795533,1.2526253,1.261791,0.8969,0.0,0.0,1.0,12.320175,3.6720793,1.525807,0.17286561,1.9395019,1.0
2662,4.873812,1.2266574,1.2222688,0.8327433,0.0,0.0,1.0,12.320175,3.550963,1.525807,0.18399578,2.064379,1.0
2663,4.960388,1.2533777,1.2199379,0.8327433,0.0,0.0,1.0,12.320175,3.6755884,1.525807,0.178143,1.9987125,1.0
2664,4.919765,1.2571176,1.179386,0.8089131,0.0,0.0,1.0,12.320175,3.6930318,1.525807,0.17371857,1.9490718,1.0
2665,4.6077414,1.247791,1.1861421,0.7699064,0.0,0.0,1.0,12.320175,3.6495318,1.525807,0.15598999,1.7501622,1.0
2666,4.416555,1.2446309,1.3435279,0.7524653,0.0,0.0,1.0,12.320175,3.6347928,1.525807,0.1438992,1.6145071,1.0
2667,4.25835,1.2138556,1.2085576,0.7340817,0.0,0.0,1.0,7.2543097,3.4912543,0.76305354,0.14508122,1.627769,1.0
2668,4.1703224,1.1797874,1.1896119,0.7543811,0.0,0.0,1.0,5.961378,3.3323574,0.5683804,0.15316494,1.7184659,1.0
2669,4.1423974,1.1508083,1.2814498,0.81358635,0.0,0.0,1.0,4.657251,3.197197,0.37202153,0.16441326,1.8446689,1.0
2670,4.126117,1.1392028,1.4088109,0.79144776,0.0,0.0,1.0,4.00089,3.1430678,0.27319503,0.16877633,1.8936213,1.0
2671,6.303196,1.4724611,1.4630692,0.7341343,0.0,0.0,1.0,4.00089,4.6974106,0.27319503,0.17618097,1.9766992,1.0
2672,6.263304,1.4860822,1.4718281,0.7341343,0.0,0.0,1.0,4.00089,4.7609406,0.27319503,0.16948754,1.9016007,1.0
2673,4.0510335,1.1615382,1.2096543,0.7427621,0.0,0.0,1.0,3.3416111,3.247242,0.17392924,0.15216352,1.7072303,1.0
2674,4.0042024,1.1148014,1.2376158,0.84412307,0.0,0.0,1.0,3.3416111,3.0292578,0.17392924,0.17108741,1.9195509,1.0
2675,6.262965,1.5369701,1.4994502,0.7605797,0.0,0.0,1.0,3.3416111,4.998286,0.17392924,0.1535621,1.722922,1.0
2676,4.026102,1.1324413,1.4919872,0.79144776,0.0,0.0,1.0,2.6793728,3.1115315,0.07421782,0.16397913,1.8397981,1.0
2677,3.9930327,1.0850984,1.3766799,0.8363506,0.0,0.0,1.0,2.6793728,2.8907206,0.07421782,0.18623547,2.0895078,1.0
2678,3.7827652,1.0588613,1.5087008,0.7805092,0.0,0.0,1.0,2.6730943,2.7683485,0.07327248,0.1824427,2.046954,1.0
2679,4.0099607,1.0819519,1.2612667,0.81673706,0.0,0.0,1.0,2.6668453,2.876045,0.07233159,0.18952928,2.1264634,1.0
2680,4.242396,1.2141962,1.2473103,0.88218373,0.0,0.0,1.0,2.6668453,3.492843,0.07233159,0.14377677,1.6131335,1.0
2681,4.294997,1.2073531,1.2250673,0.8083004,0.0,0.0,1.0,2.6668453,3.460926,0.07233159,0.15049957,1.6885613,1.0
2682,4.2930207,1.2789023,1.4817789,0.77339107,0.0,0.0,1.0,2.6668453,3.7946372,0.07233159,0.12257486,1.3752542,1.0
2683,3.9874856,1.133621,1.4846414,0.6851245,0.0,0.0,1.0,2.0047174,3.1170337,0.0,0.16024263,1.7978756,1.0
2684,3.8042789,1.0822122,1.4744723,0.6851245,0.0,0.0,1.0,2.0047174,2.8772593,0.0,0.17117542,1.9205383,1.0
2685,3.3696778,0.99784535,1.0781765,0.8432806,0.0,0.0,1.0,0.66980666,2.4837656,0.0,0.17995912,2.019089,1.0
2686,3.1750083,0.9721077,1.046014,0.84634715,0.0,0.0,1.0,0.1341518,2.3637233,0.0,0.17653206,1.9806383,1.0
2687,3.4736795,1.0284716,1.0516983,0.8207132,0.0,0.0,1.0,0.22379269,2.6266088,0.0,0.17125374,1.9214171,1.0
2688,3.1815736,0.9843017,1.0487169,0.83973044,0.0,0.0,1.0,0.44861814,2.4205968,0.0,0.16918586,1.8982161,1.0
2689,3.1289575,0.9955503,1.0738822,0.786795,0.0,0.0,1.0,0.44861814,2.473061,0.0,0.15666728,1.7577612,1.0
2690,3.7438812,1.1031294,1.1136675,0.8433251,0.0,0.0,1.0,1.7548233,2.9748185,0.0,0.15496309,1.7386408,1.0
2691,3.922807,1.141255,1.1477823,0.8479416,0.0,0.0,1.0,2.184153,3.1526394,0.0,0.15133902,1.6979798,1.0
2692,4.0419383,1.1237963,1.1199876,0.6108531,0.0,0.0,1.0,2.3974826,3.0712109,0.03177439,0.16961816,1.9030663,1.0
2693,4.066301,1.194936,1.289304,0.7956062,0.0,0.0,1.0,2.609939,3.403012,0.06376338,0.13876407,1.5568924,1.0
2694,4.115102,1.2169461,1.2320915,0.6139742,0.0,0.0,1.0,2.8215342,3.5056686,0.095622666,0.13339846,1.4966918,1.0
2695,3.6766212,1.1537445,1.1499242,0.5076868,0.0,0.0,1.0,3.03228,3.2108912,0.12735409,0.12606564,1.4144198,1.0
2696,5.0921016,1.3131534,1.2026839,0.8572169,0.0,0.0,1.0,3.03228,3.954387,0.12735409,0.16239522,1.8220271,1.0
2697,4.5953703,1.3094577,1.1974164,0.86847025,0.0,0.0,1.0,3.2421896,3.9371498,0.15895961,0.13170242,1.4776628,1.0
2698,5.2274656,1.361498,1.319401,0.8130581,0.0,0.0,1.0,3.2421896,4.17987,0.15895961,0.15295246,1.7160821,1.0
2699,5.1363463,1.3652161,1.3028396,0.4588575,0.0,0.0,1.0,3.451274,4.1972117,0.19044086,0.1461082,1.6392914,1.0
2700,5.2210836,1.4104933,1.2738044,0.7809048,0.0,0.0,1.0,3.451274,4.4083877,0.19044086,0.13607489,1.5267205,1.0
2701,5.169719,1.435133,1.4350367,0.54884607,0.0,0.0,1.0,3.4748914,4.523309,0.19399689,0.12552056,1.4083041,1.0
2702,5.634549,1.5102551,1.3276107,0.7993304,0.0,0.0,1.0,3.7099755,4.873685,0.22939286,0.12888464,1.4460481,1.0
2703,5.3736796,1.4820879,1.3846846,0.7958558,0.0,0.0,1.0,3.7099755,4.7423105,0.22939286,0.12303232,1.3803867,1.0
2704,5.306424,1.4138987,1.3986251,0.7993304,0.0,0.0,1.0,4.431708,4.424271,0.3380621,0.13990419,1.5696841,1.0
2705,5.296257,1.3542379,1.4582713,0.78910506,0.0,0.0,1.0,5.502072,4.1460085,0.4992239,0.15977883,1.7926719,1.0
2706,5.7450576,1.4338189,1.4795327,0.7601049,0.0,0.0,1.0,5.502072,4.5171804,0.4992239,0.15834986,1.7766392,1.0
2707,5.9772763,1.4549525,1.4164909,0.7779778,0.0,0.0,1.0,5.502072,4.615749,0.4992239,0.16424525,1.8427838,1.0
2708,5.815475,1.4500152,1.4998841,0.75219584,0.0,0.0,1.0,4.3203607,4.592721,0.32129687,0.15692727,1.7606783,1.0
2709,4.3354206,1.2402073,1.487475,0.70096743,0.0,0.0,1.0,5.1908684,3.6141608,0.45236686,0.13994886,1.5701854,1.0
2710,5.19726,1.4240212,1.4119095,0.47831228,0.0,0.0,1.0,5.1908684,4.471483,0.45236686,0.13046232,1.4637492,1.0
2711,5.3255076,1.4010072,1.452229,0.72442585,0.0,0.0,1.0,5.1908684,4.364144,0.45236686,0.14522582,1.6293914,1.0
2712,4.427315,1.321928,1.4389082,0.65267897,0.0,0.0,1.0,5.1908684,3.9953125,0.45236686,0.11666392,1.3089352,1.0
2713,5.385218,1.4657346,1.4534842,0.31100774,0.0,0.0,1.0,5.1908684,4.6660376,0.45236686,0.12837891,1.440374,1.0
2714,5.1266513,1.4868264,1.4669703,0.43016708,0.0,0.0,1.0,5.1908684,4.7644114,0.45236686,0.108490296,1.2172295,1.0
2715,4.756292,1.3428088,1.4024789,0.6284732,0.0,0.0,1.0,4.024168,4.0927024,0.27669996,0.13041838,1.4632561,1.0
2716,4.137006,1.2805827,1.3418437,0.37755418,0.0,0.0,1.0,3.244606,3.8024745,0.15932344,0.11153264,1.2513638,1.0
2717,4.3733144,1.2814627,1.3276834,0.58322847,0.0,0.0,1.0,3.244606,3.8065789,0.15932344,0.12704255,1.4253803,1.0
2718,3.6801548,1.166877,1.3216743,0.48518836,0.0,0.0,1.0,2.6890495,3.2721426,0.07567482,0.12088235,1.3562647,1.0
2719,3.6709304,1.1702996,1.3180885,0.64003664,0.0,0.0,1.0,1.0392811,3.288106,0.0,0.1187775,1.3326489,1.0
2720,3.4065034,1.1338037,1.251021,0.55573,0.0,0.0,1.0,0.664261,3.117886,0.0,0.112701744,1.2644807,1.0
2721,3.4240515,1.1356269,1.2616643,0.6758198,0.0,0.0,1.0,0.48065343,3.1263895,0.0,0.11337434,1.272027,1.0
2722,3.4571612,1.1221248,1.035825,0.56263185,0.0,0.0,1.0,0.48065343,3.0634146,0.0,0.12186004,1.3672341,1.0
2723,3.4340227,1.1174296,1.0519032,0.6026652,0.0,0.0,1.0,0.48065343,3.0415158,0.0,0.121991895,1.3687135,1.0
2724,3.6260924,1.1748935,1.270013,0.65323645,0.0,0.0,1.0,0.48065343,3.309532,0.0,0.11348683,1.2732891,1.0
2725,3.906867,1.1975102,1.1902447,0.6078324,0.0,0.0,1.0,0.48065343,3.4150183,0.0,0.12580547,1.4115007,1.0
2726,4.203535,1.2815069,1.2795336,0.67275685,0.0,0.0,1.0,0.48065343,3.806785,0.0,0.11566938,1.2977767,1.0
2727,4.026314,1.25656,1.2673309,0.6271044,0.0,0.0,1.0,0.4486373,3.6904309,0.0,0.11230607,1.2600415,1.0
2728,3.609034,1.1817338,1.2510124,0.6501328,0.0,0.0,1.0,0.4486373,3.341436,0.0,0.1095228,1.2288139,1.0
2729,3.562335,1.1790178,1.2393936,0.5362578,0.0,0.0,1.0,0.67449075,3.328768,0.0,0.10699698,1.200475,1.0
2730,4.0793004,1.2123239,1.222842,0.68921506,0.0,0.0,1.0,0.67902166,3.4841104,0.0,0.13263139,1.4880855,1.0
2731,3.944033,1.2153404,1.2246104,0.74483234,0.0,0.0,1.0,0.6781324,3.4981794,0.0,0.12158529,1.3641515,1.0
2732,3.4464958,1.1192924,1.289254,0.86856246,0.0,0.0,1.0,0.67449075,3.050204,0.0,0.122214265,1.3712084,1.0
2733,4.3937354,1.2944846,1.3880162,0.833878,0.0,0.0,1.0,0.6775395,3.8673143,0.0,0.12379251,1.3889159,1.0
2734,4.1533475,1.1894436,1.3915486,0.8378024,0.0,0.0,1.0,0.68061596,3.3773947,0.0,0.14763536,1.6564257,1.0
2735,5.0275316,1.3140914,1.4929225,0.7719403,0.0,0.0,1.0,2.6628644,3.9587622,0.07173221,0.15787922,1.7713588,1.0
2736,4.0580015,1.2781425,1.4503706,0.8266814,0.0,0.0,1.0,3.3144894,3.791093,0.16984558,0.10705754,1.2011545,1.0
2737,5.5381274,1.393266,1.5108552,0.733217,0.0,0.0,1.0,3.6382957,4.328038,0.21860021,0.16032833,1.7988372,1.0
2738,4.347155,1.2941132,1.4917777,0.78873557,0.0,0.0,1.0,3.9607894,3.8655818,0.26715723,0.12085362,1.3559424,1.0
2739,4.2338843,1.2766421,1.44737,0.7877829,0.0,0.0,1.0,4.2819886,3.7840953,0.3155193,0.11939779,1.3396084,1.0
2740,4.39506,1.278611,1.4234531,0.7877829,0.0,0.0,1.0,4.6019135,3.7932782,0.3636895,0.12952827,1.4532695,1.0
2741,4.766937,1.3566256,1.3134389,0.6799256,0.0,0.0,1.0,4.6019135,4.1571445,0.3636895,0.12648286,1.4191009,1.0
2742,5.1919985,1.4471852,1.4058139,0.7180116,0.0,0.0,1.0,4.9205804,4.5795217,0.41167033,0.12318695,1.3821217,1.0
2743,5.804536,1.4915125,1.4511017,0.7553762,0.0,0.0,1.0,4.9205804,4.7862678,0.41167033,0.14330593,1.6078508,1.0
2744,5.5090065,1.5009521,1.5156221,0.6578636,0.0,0.0,1.0,5.2380075,4.830295,0.45946446,0.12491065,1.4014611,1.0
2745,3.819039,1.2112508,1.2958933,0.6970528,0.0,0.0,1.0,7.140047,3.4791052,0.7458494,0.1140104,1.2791635,1.0
2746,4.214411,1.3201083,1.3118187,0.6142561,0.0,0.0,1.0,11.654826,3.9868252,1.4256274,0.10366566,1.1630985,1.0
2747,4.47071,1.3810456,1.3641318,0.87248343,0.0,0.0,1.0,11.654826,4.2710414,1.4256274,0.10103379,1.1335697,1.0
2748,5.438032,1.5438509,1.5655445,0.6634982,0.0,0.0,1.0,11.654826,5.0303783,1.4256274,0.109765604,1.231538,1.0
2749,4.601553,1.3891096,1.272248,0.8438039,0.0,0.0,1.0,11.654826,4.308653,1.4256274,0.106440105,1.194227,1.0
2750,4.2729692,1.3663675,1.5972102,0.70343244,0.0,0.0,1.0,11.654826,4.2025814,1.4256274,0.093394004,1.0478535,1.0
2751,3.8066084,1.2433827,1.5985566,0.81439394,0.0,0.0,1.0,11.654826,3.6289709,1.4256274,0.10159414,1.1398567,1.0
2752,3.4007864,1.149367,1.2469375,0.78602874,0.0,0.0,1.0,7.5575423,3.1904743,0.80871046,0.10591537,1.1883396,1.0
2753,3.3809257,1.1518755,1.3572223,0.7923732,0.0,0.0,1.0,5.5042276,3.2021742,0.4995485,0.10334416,1.1594913,1.0
2754,4.44504,1.3471255,1.4152926,0.7651211,0.0,0.0,1.0,5.5042276,4.1128354,0.4995485,0.109697975,1.2307793,1.0
2755,4.945474,1.413794,1.6098437,0.7955301,0.0,0.0,1.0,5.5042276,4.423783,0.4995485,0.11915989,1.3369392,1.0
2756,4.960783,1.3774129,1.6247015,0.7664528,0.0,0.0,1.0,5.5042276,4.2540984,0.4995485,0.13143161,1.4746244,1.0
2757,6.283054,1.60837,1.6175988,0.56674725,0.0,0.0,1.0,5.5042276,5.3313,0.4995485,0.1345902,1.5100628,1.0
2758,2.7296567,1.0491315,1.3441503,0.6910735,0.0,0.0,1.0,5.5042276,2.7229683,0.4995485,0.08975439,1.0070181,1.0
2759,2.6714287,1.019662,1.2887808,0.7372121,0.0,0.0,1.0,4.275196,2.5855203,0.31449658,0.09759019,1.0949335,1.0
2760,5.2611465,1.5452312,1.5436122,0.41599974,0.0,0.0,1.0,3.4539855,5.036816,0.19084913,0.10047069,1.1272519,1.0
2761,2.6875827,1.0415447,1.2159215,0.7101051,0.0,0.0,1.0,2.868748,2.6875827,0.10273152,0.08485036,0.9519963,0.0
2762,2.7191558,1.0483141,1.1701428,0.7046571,0.0,0.0,1.0,2.4288325,2.7191558,0.036494657,0.07687359,0.8624993,0.0
2763,2.5839171,0.9591436,1.4301962,0.48307878,0.0,0.0,1.0,2.4288325,2.3032575,0.036494657,0.1201593,1.3481523,1.0
2764,2.0163245,0.8712064,1.0448638,0.67500067,0.0,0.0,1.0,1.5238644,1.8931116,0.0,0.10570301,1.185957,1.0
2765,3.57234,1.205858,1.205951,0.65039366,0.0,0.0,1.0,0.42090437,3.4539528,0.0,0.09785736,1.0979311,1.0
2766,2.4240484,0.969992,1.3841367,0.6762858,0.0,0.0,1.0,0.370966,2.3538554,0.0,0.09672276,1.0852011,1.0
2767,3.7995574,1.2485068,1.3697828,0.5289616,0.0,0.0,1.0,0.4648593,3.6528702,0.0,0.09935492,1.1147333,1.0
2768,3.9338372,1.2639995,1.3341208,0.5473165,0.0,0.0,1.0,0.4648593,3.7251291,0.0,0.10339639,1.1600775,1.0
2769,4.065783,1.2637905,1.3682033,0.5362578,0.0,0.0,1.0,0.56943816,3.7241545,0.0,0.112489104,1.262095,1.0
2770,4.707976,1.3730812,1.3865675,0.5501735,0.0,0.0,1.0,0.56081724,4.233895,0.0,0.1176432,1.3199224,1.0
2771,5.0418997,1.4189408,1.4247139,0.8212856,0.0,0.0,1.0,0.550607,4.447788,0.0,0.12314422,1.3816422,1.0
2772,3.6259708,1.1932244,1.2192519,0.86106706,0.0,0.0,1.0,0.53838164,3.3950288,0.0,0.10645135,1.1943531,1.0
2773,4.4741607,1.372638,1.3549652,0.7733494,0.0,0.0,1.0,0.53838164,4.2318277,0.0,0.10371146,1.1636124,1.0
2774,4.6678476,1.3460578,1.3484472,0.7690031,0.0,0.0,1.0,0.52340704,4.1078553,0.0,0.12384388,1.3894923,1.0
2775,3.4750314,1.1527658,1.4033289,0.8893767,0.0,0.0,1.0,0.5047301,3.2063265,0.0,0.11047004,1.2394416,1.0
2776,4.009162,1.2394042,1.4478736,0.85759014,0.0,0.0,1.0,0.5047301,3.610415,0.0,0.117253736,1.3155527,1.0
2777,3.3863301,1.1136883,1.443277,0.8866066,0.0,0.0,1.0,0.5047301,3.0240664,0.0,0.11963477,1.3422673,1.0
2778,4.1395764,1.2703575,1.4572475,0.85759014,0.0,0.0,1.0,0.48066375,3.7547834,0.0,0.11522601,1.2928022,1.0
2779,5.2635145,1.3729364,1.5685824,0.79229647,0.0,0.0,1.0,0.67449075,4.2332196,0.0,0.15110737,1.6953807,1.0
2780,4.777074,1.2894412,1.5173985,0.7942441,0.0,0.0,1.0,0.67449075,3.8437915,0.0,0.15095948,1.6937213,1.0
2781,4.5450587,1.3072265,1.3013306,0.7596414,0.0,0.0,1.0,0.67449075,3.9267435,0.0,0.12922736,1.4498932,1.0
2782,4.8822017,1.2945232,1.4551413,0.7736531,0.0,0.0,1.0,0.67449075,3.8674943,0.0,0.15594198,1.7496235,1.0
2783,3.5378366,1.1055945,1.125679,0.58326536,0.0,0.0,1.0,0.67449075,2.9863162,0.0,0.136159,1.5276643,1.0
2784,3.3385487,1.0941559,1.3417875,0.8747595,0.0,0.0,1.0,0.6789793,2.9329655,0.0,0.12434351,1.395098,1.0
2785,3.8361692,1.1841516,1.3503975,0.83530957,0.0,0.0,1.0,0.6789793,3.3527126,0.0,0.12584963,1.4119962,1.0
2786,3.5684915,1.0751089,1.2612447,0.81488883,0.0,0.0,1.0,1.1958338,2.8441288,0.0,0.1539859,1.727677,1.0
2787,4.4168434,1.1979296,1.4206544,0.8007207,0.0,0.0,1.0,2.6394484,3.4169743,0.06820652,0.16364528,1.8360524,1.0
2788,4.173098,1.1818988,1.2564212,0.7538029,0.0,0.0,1.0,3.2854786,3.3422053,0.16547751,0.1524374,1.7103033,1.0
2789,4.8093266,1.2554538,1.484536,0.8285947,0.0,0.0,1.0,3.6065247,3.6852717,0.21381655,0.16680156,1.8714648,1.0
2790,4.927047,1.264174,1.545233,0.7841563,0.0,0.0,1.0,3.9262822,3.725943,0.26196155,0.17121969,1.921035,1.0
2791,4.602393,1.3150393,1.266421,0.68177134,0.0,0.0,1.0,4.2447705,3.963183,0.30991548,0.13020127,1.4608203,1.0
2792,5.2185655,1.359751,1.475842,0.7841563,0.0,0.0,1.0,4.2447705,4.171722,0.30991548,0.1530312,1.7169654,1.0
2793,4.997832,1.2746816,1.2494884,0.85715866,0.0,0.0,1.0,4.562007,3.7749512,0.3576809,0.17162304,1.9255605,1.0
2794,3.9079282,1.2229701,1.3114308,0.49592432,0.0,0.0,1.0,4.562007,3.533765,0.3576809,0.11609222,1.3025209,1.0
2795,5.7788763,1.4188728,1.2867869,0.83124197,0.0,0.0,1.0,4.878009,4.4474707,0.40526044,0.16536269,1.8553212,1.0
2796,3.9480336,1.2381907,1.1773614,0.8300342,0.0,0.0,1.0,4.878009,3.604755,0.40526044,0.11337943,1.2720841,1.0
2797,6.0160556,1.4965838,1.3326862,0.81494135,0.0,0.0,1.0,4.878009,4.809921,0.40526044,0.15298587,1.7164569,1.0
2798,6.133329,1.5390984,1.3697194,0.8039383,0.0,0.0,1.0,5.1927943,5.008212,0.45265684,0.14633802,1.6418699,1.0
2799,6.0092587,1.527393,1.4104639,0.8187682,0.0,0.0,1.0,5.1927943,4.953617,0.45265684,0.14339694,1.6088719,1.0
2800,5.915505,1.5454366,1.5153431,0.7221054,0.0,0.0,1.0,5.1927943,5.037774,0.45265684,0.1334972,1.4977996,1.0
2801,6.4777393,1.6088971,1.5931717,0.7553762,0.0,0.0,1.0,5.1927943,5.333759,0.45265684,0.14374684,1.6127976,1.0
2802,5.59288,1.4039544,1.6065654,0.7836315,0.0,0.0,1.0,5.1927943,4.3778896,0.45265684,0.15980268,1.7929394,1.0
2803,5.2483115,1.3920803,1.284812,0.8187355,0.0,0.0,1.0,5.1927943,4.3225083,0.45265684,0.14367113,1.6119481,1.0
2804,5.1035614,1.4336058,1.500721,0.7874021,0.0,0.0,1.0,5.1927943,4.516186,0.45265684,0.122249156,1.3715999,1.0
2805,5.29015,1.4062426,1.4552988,0.8413003,0.0,0.0,1.0,4.0256534,4.388562,0.2769236,0.14144509,1.5869726,1.0
2806,5.366843,1.4764227,1.7859735,0.7541658,0.0,0.0,1.0,3.2458127,4.7158875,0.15950513,0.12427993,1.3943846,1.0
2807,4.6538076,1.4262483,1.3265465,0.8881103,0.0,0.0,1.0,3.2458127,4.4818707,0.15950513,0.09889809,1.1096078,1.0
2808,6.512571,1.627514,1.7210155,0.7533902,0.0,0.0,1.0,3.2458127,5.4205894,0.15950513,0.1404291,1.5755736,1.0
2809,5.625428,1.4763718,1.5237913,0.75109464,0.0,0.0,1.0,3.2458127,4.71565,0.15950513,0.13825859,1.5512211,1.0
2810,6.1330886,1.5815066,1.5731348,0.42815343,0.0,0.0,1.0,2.6900449,5.2060075,0.075824685,0.13447744,1.5087976,1.0
2811,5.3529806,1.4607179,1.5592949,0.590649,0.0,0.0,1.0,2.27229,4.642639,0.0129244765,0.12809189,1.4371537,1.0
2812,4.130033,1.2382573,1.4442228,0.61020404,0.0,0.0,1.0,2.27229,3.6050656,0.0129244765,0.12621143,1.4160556,1.0
2813,5.329044,1.5232297,1.5251446,0.42815343,0.0,0.0,1.0,1.9480876,4.9341993,0.0,0.109506786,1.2286342,1.0
2814,4.3668246,1.3810751,1.4663903,0.5023442,0.0,0.0,1.0,1.7065228,4.271179,0.0,0.094831415,1.0639808,1.0
2815,2.4987042,0.9928155,1.3356653,0.49711367,0.0,0.0,1.0,1.6881515,2.460306,0.0,0.093103275,1.0445917,1.0
2816,2.3426962,0.95238763,1.3117265,0.49711365,0.0,0.0,1.0,0.6599685,2.2717474,0.0,0.09708196,1.0892313,1.0
2817,2.9037604,1.0878942,1.2943515,0.4865385,0.0,0.0,1.0,0.5442406,2.9037604,0.0,0.0864304,0.96972394,0.0
2818,4.7083464,1.3259556,1.3163134,0.5248983,0.0,0.0,1.0,0.5502285,4.0140977,0.0,0.13317195,1.4941504,1.0
2819,4.183348,1.2688941,1.1795815,0.55292135,0.0,0.0,1.0,0.6060557,3.747958,0.0,0.118711345,1.3319067,1.0
2820,4.0611835,1.2687396,1.1699468,0.5529213,0.0,0.0,1.0,0.67449075,3.7472374,0.0,0.11046395,1.2393733,1.0
2821,3.967572,1.2505987,1.3965712,0.6041606,0.0,0.0,1.0,0.67449075,3.6626267,0.0,0.11033102,1.2378819,1.0
2822,4.524595,1.362234,1.3549815,0.772213,0.0,0.0,1.0,0.67449075,4.183303,0.0,0.10990464,1.233098,1.0
2823,3.944155,1.2745687,1.3308994,0.72231597,0.0,0.0,1.0,0.67449075,3.7744248,0.0,0.10058028,1.1284815,1.0
2824,4.4196677,1.2959046,1.3416364,0.7529051,0.0,0.0,1.0,0.67449075,3.8739374,0.0,0.12500255,1.4024922,1.0
2825,4.7452464,1.4174911,1.4241536,0.8483599,0.0,0.0,1.0,0.67449075,4.441026,0.0,0.10657324,1.1957207,1.0
2826,4.1840816,1.3157177,1.3427761,0.65792173,0.0,0.0,1.0,0.9013486,3.966347,0.0,0.10310825,1.1568445,1.0
2827,4.328165,1.3205361,1.4100133,0.8387825,0.0,0.0,1.0,0.9464783,3.9888206,0.0,0.11079328,1.2430683,1.0
2828,4.515929,1.3244641,1.328167,0.7487102,0.0,0.0,1.0,1.0140226,4.0071406,0.0,0.12146242,1.362773,1.0
2829,4.228546,1.2489513,1.3901687,0.8554398,0.0,0.0,1.0,1.0140226,3.6549435,0.0,0.12909399,1.4483969,1.0
2830,5.1798387,1.3296679,1.4974433,0.8187682,0.0,0.0,1.0,1.0140226,4.031412,0.0,0.16167203,1.813913,1.0
2831,4.762669,1.317059,1.4362271,0.7958558,0.0,0.0,1.0,1.0140226,3.972603,0.0,0.13977411,1.5682248,1.0
2832,4.211934,1.2538472,1.6206902,0.7877829,0.0,0.0,1.0,1.0140226,3.6777785,0.0,0.12611446,1.4149674,1.0
2833,4.323222,1.2917296,1.4559431,0.84464914,0.0,0.0,1.0,1.6605166,3.8544645,0.0,0.12009843,1.3474693,1.0
2834,4.546561,1.3126156,1.5276202,0.8402324,0.0,0.0,1.0,2.6399984,3.9518788,0.06828933,0.12744942,1.4299453,1.0
2835,5.012365,1.3920738,1.5768199,0.73294646,0.0,0.0,1.0,2.9638047,4.322478,0.11704396,0.12977278,1.4560128,1.0
2836,4.015453,1.2862796,1.3239994,0.61819273,0.0,0.0,1.0,4.6026225,3.8290453,0.36379626,0.101526074,1.1390929,1.0
2837,3.876924,1.2736652,1.2593606,0.5235733,0.0,0.0,1.0,7.870351,3.7702107,0.8558092,0.09633669,1.0808697,1.0
2838,4.0992866,1.3093966,1.2641498,0.51946557,0.0,0.0,1.0,8.508771,3.936865,0.95193434,0.09963501,1.1178758,1.0
2839,4.0195413,1.3099166,1.2938135,0.53395456,0.0,0.0,1.0,9.14468,3.9392903,1.0476815,0.094316654,1.0582054,1.0
2840,4.552681,1.3966587,1.3653612,0.44550407,0.0,0.0,1.0,9.14468,4.343862,1.0476815,0.10137065,1.1373491,1.0
2841,4.2997036,1.3293507,1.3185749,0.4977732,0.0,0.0,1.0,9.778116,4.0299325,1.1430562,0.10617589,1.1912626,1.0
2842,3.421906,1.1581345,1.1626092,0.71402323,0.0,0.0,1.0,9.778116,3.2313666,1.1430562,0.10414467,1.1684729,1.0
2843,3.0965586,1.063464,1.2246912,0.71838146,0.0,0.0,1.0,10.409113,2.7898164,1.2380637,0.11712825,1.3141448,1.0
2844,3.6147745,1.1440347,1.4371114,0.50127494,0.0,0.0,1.0,6.9704137,3.1656044,0.7203081,0.12526192,1.4054022,1.0
2845,4.01665,1.2089553,1.4488688,0.5639038,0.0,0.0,1.0,5.2395153,3.4683988,0.4596915,0.12938213,1.4516299,1.0
2846,4.0139604,1.2511556,1.4584372,0.68006456,0.0,0.0,1.0,7.5604687,3.6652246,0.8091511,0.11335848,1.2718492,1.0
2847,4.5154877,1.3290926,1.5277526,0.7927225,0.0,0.0,1.0,11.659379,4.028729,1.4263128,0.11989664,1.3452054,1.0
2848,5.614911,1.552601,1.5843892,0.6498479,0.0,0.0,1.0,11.659379,5.0711894,1.4263128,0.11643232,1.3063366,1.0
2849,4.689148,1.3915551,1.3979536,0.70286256,0.0,0.0,1.0,11.659379,4.3200583,1.4263128,0.110885546,1.2441036,1.0
2850,4.7566233,1.4166971,1.4118346,0.70232236,0.0,0.0,1.0,7.5604687,4.437323,0.8091511,0.10745322,1.2055938,1.0
2851,4.4601526,1.4215919,1.4079651,0.69188917,0.0,0.0,1.0,5.5063815,4.4601526,0.4998728,0.08490807,0.9526438,0.0
2852,5.3165464,1.4885592,1.5508225,0.61220866,0.0,0.0,1.0,5.5063815,4.7724934,0.4998728,0.11815883,1.3257077,1.0
2853,5.612946,1.5863265,1.6067867,0.6124678,0.0,0.0,1.0,5.5063815,5.2284875,0.4998728,0.10785398,1.2100902,1.0
2854,5.248039,1.4675723,1.5307173,0.5021682,0.0,0.0,1.0,4.27686,4.6746087,0.31474712,0.12036705,1.3504832,1.0
2855,3.9924395,1.2221922,1.4350293,0.6312627,0.0,0.0,1.0,3.45534,3.5301366,0.19105306,0.12247808,1.3741684,1.0
2856,6.176971,1.516954,1.6130093,0.6280962,0.0,0.0,1.0,3.45534,4.9049287,0.19105306,0.1551707,1.74097,1.0
2857,5.270382,1.4561558,1.4484876,0.58438814,0.0,0.0,1.0,3.45534,4.6213613,0.19105306,0.12489228,1.401255,1.0
2858,3.596515,1.1391855,1.2746392,0.5663142,0.0,0.0,1.0,2.8698683,3.1429873,0.10290021,0.125875,1.4122808,1.0
2859,3.433048,1.1470476,1.344189,0.56649464,0.0,0.0,1.0,2.4297857,3.1796567,0.036638178,0.10942262,1.2276899,1.0
2860,5.7938313,1.4167455,1.5434477,0.6280962,0.0,0.0,1.0,2.0882556,4.4375486,0.0,0.16696076,1.8732511,1.0
2861,5.045907,1.3884315,1.5288103,0.5092308,0.0,0.0,1.0,1.8144269,4.30549,0.0,0.13292183,1.4913442,1.0
2862,4.582401,1.3533576,1.488557,0.4159813,0.0,0.0,1.0,0.5401069,4.1419024,0.0,0.11621176,1.3038621,1.0
2863,4.1942544,1.3264996,1.467744,0.590649,0.0,0.0,1.0,0.51170474,4.0166345,0.0,0.10038993,1.1263458,1.0
2864,2.392841,0.936119,1.1408262,0.4851516,0.0,0.0,1.0,0.56945026,2.1958692,0.0,0.111971594,1.2562886,1.0
2865,2.3998785,0.94963515,1.1331638,0.57175684,0.0,0.0,1.0,0.56945026,2.2589095,0.0,0.105020754,1.1783023,1.0
2866,2.2238548,0.9360593,1.1789732,0.5709296,0.0,0.0,1.0,0.56945026,2.1955905,0.0,0.09240708,1.0367805,1.0
2867,2.2699358,0.9295652,1.179596,0.40584144,0.0,0.0,1.0,0.5506187,2.1653016,0.0,0.101434544,1.138066,1.0
2868,4.3457794,1.3138704,1.4003667,0.6470981,0.0,0.0,1.0,0.67449075,3.9577312,0.0,0.114097215,1.2801375,1.0
2869,4.144253,1.3290818,1.3926486,0.590649,0.0,0.0,1.0,0.67449075,4.028678,0.0,0.096434414,1.081966,1.0
2870,3.9936256,1.3215663,1.392546,0.6526275,0.0,0.0,1.0,0.6060557,3.9936256,0.0,0.08770146,0.9839848,0.0
2871,4.6565905,1.3558503,1.629909,0.8004795,0.0,0.0,1.0,0.67449075,4.1535287,0.0,0.119971745,1.346048,1.0
2872,4.4928746,1.3168763,1.3414112,0.75980777,0.0,0.0,1.0,0.67449075,3.9717507,0.0,0.122541405,1.3748789,1.0
2873,4.3523173,1.2996371,1.3372064,0.68011004,0.0,0.0,1.0,0.67449075,3.8913457,0.0,0.11929535,1.3384591,1.0
2874,4.75501,1.3819383,1.3677828,0.7922804,0.0,0.0,1.0,0.67449075,4.275205,0.0,0.11770861,1.3206563,1.0
2875,4.075957,1.2788451,1.5259587,0.8336194,0.0,0.0,1.0,0.67449075,3.7943702,0.0,0.1080272,1.2120336,1.0
2876,5.1322203,1.4311076,1.6169589,0.77931845,0.0,0.0,1.0,0.67449075,4.5045347,0.0,0.124613695,1.3981293,1.0
2877,5.3018565,1.4028187,1.4987475,0.79598975,0.0,0.0,1.0,0.67449075,4.372593,0.0,0.14324792,1.6071999,1.0
2878,4.209149,1.2407848,1.5095805,0.8286737,0.0,0.0,1.0,0.9464783,3.616854,0.0,0.13083093,1.4678849,1.0
2879,4.903048,1.3492751,1.4988257,0.81494135,0.0,0.0,1.0,1.0140226,4.1228614,0.0,0.13731812,1.5406693,1.0
2880,3.3823695,1.1533588,1.0910493,0.6641826,0.0,0.0,1.0,1.0140226,3.2090926,0.0,0.10287906,1.1542732,1.0
2881,3.743191,1.1569031,1.1898793,0.7647786,0.0,0.0,1.0,1.0140226,3.2256236,0.0,0.12998937,1.4584428,1.0
2882,4.844047,1.3453128,1.3333266,0.78320336,0.0,0.0,1.0,1.0140226,4.104381,0.0,0.13502103,1.5148966,1.0
2883,3.8827875,1.2201667,1.141647,0.7588987,0.0,0.0,1.0,1.0140226,3.5206897,0.0,0.11531967,1.293853,1.0
2884,3.9018493,1.1955395,1.2004125,0.76447016,0.0,0.0,1.0,1.0140226,3.4058263,0.0,0.12621656,1.416113,1.0
2885,3.8266923,1.1807672,1.1421496,0.72213995,0.0,0.0,1.0,1.0140226,3.3369272,0.0,0.12650476,1.4193466,1.0
2886,3.5519385,1.1060195,1.2019618,0.76009965,0.0,0.0,1.0,1.3551067,2.9882982,0.0,0.13716061,1.5389022,1.0
2887,3.8447738,1.1030014,1.1615095,0.8587062,0.0,0.0,1.0,1.3551067,2.9742215,0.0,0.16366588,1.8362834,1.0
2888,3.524094,1.1081705,1.1096939,0.53618,0.0,0.0,1.0,1.5813018,2.9983308,0.0,0.13378294,1.5010055,1.0
2889,4.279881,1.149849,1.3665053,0.94030184,0.0,0.0,1.0,2.032681,3.1927228,0.0,0.17584144,1.9728897,1.0
2890,4.4685163,1.1722103,1.4225458,0.9358326,0.0,0.0,1.0,2.032681,3.2970176,0.0,0.17961271,2.0152023,1.0
2891,3.9173214,1.1762683,1.3049859,0.89140147,0.0,0.0,1.0,2.032681,3.3159444,0.0,0.13531269,1.5181689,1.0
2892,3.8576372,1.04921,1.4703648,0.8838236,0.0,0.0,1.0,2.032681,2.723334,0.0,0.19519545,2.190036,1.0
2893,3.7281299,1.1545786,1.2016904,0.79114425,0.0,0.0,1.0,3.985089,3.2147815,0.27081594,0.12979294,1.456239,1.0
2894,4.2079315,1.2094493,1.2295833,0.80695724,0.0,0.0,1.0,5.290854,3.470703,0.4674214,0.14322113,1.6068993,1.0
2895,4.5639977,1.129789,1.1578397,0.8654895,0.0,0.0,1.0,4.4101777,3.0991611,0.3348204,0.20949255,2.3504453,1.0
2896,4.9339085,1.1976612,1.28149,0.915065,0.0,0.0,1.0,3.6389737,3.4157221,0.2187023,0.20231491,2.2699144,1.0
2897,4.977769,1.2035728,1.2523345,0.90530634,0.0,0.0,1.0,3.6389737,3.4432943,0.2187023,0.20261319,2.273261,1.0
2898,4.8553586,1.2146649,1.4297833,0.9197008,0.0,0.0,1.0,3.9438658,3.495029,0.26460907,0.18824488,2.1120527,1.0
2899,5.784502,1.3821138,1.4539692,0.8986827,0.0,0.0,1.0,4.2447705,4.276024,0.30991548,0.17896464,2.0079312,1.0
2900,5.6262326,1.383988,1.4416027,0.8645619,0.0,0.0,1.0,4.2447705,4.2847652,0.30991548,0.16885553,1.8945099,1.0
2901,4.4449315,1.2942073,1.2447642,0.85927963,0.0,0.0,1.0,4.562007,3.866021,0.3576809,0.1272616,1.427838,1.0
2902,4.645224,1.3147871,1.4408281,0.7577992,0.0,0.0,1.0,4.562007,3.9620068,0.3576809,0.13304195,1.4926919,1.0
2903,6.2353067,1.477657,1.3094736,0.7811319,0.0,0.0,1.0,4.562007,4.7216444,0.3576809,0.1707657,1.9159414,1.0
2904,5.9357076,1.4784482,1.3838193,0.84050745,0.0,0.0,1.0,4.878009,4.7253346,0.40526044,0.15435731,1.7318441,1.0
2905,5.5878987,1.3687673,1.4446477,0.7416861,0.0,0.0,1.0,4.878009,4.213774,0.40526044,0.17217228,1.9317228,1.0
2906,5.498425,1.3719327,1.3756213,0.67966676,0.0,0.0,1.0,4.878009,4.2285385,0.40526044,0.16560484,1.8580381,1.0
2907,5.8810434,1.3727753,1.3240567,0.58613676,0.0,0.0,1.0,4.878009,4.232468,0.40526044,0.18831833,2.1128767,1.0
2908,5.6671886,1.3115485,1.4027447,0.73129255,0.0,0.0,1.0,4.878009,3.9469016,0.40526044,0.20012175,2.2453077,1.0
2909,4.900174,1.2195432,1.3693421,0.93406594,0.0,0.0,1.0,4.878009,3.5177817,0.40526044,0.18920094,2.1227794,1.0
2910,5.0581765,1.263196,1.3102125,0.92842203,0.0,0.0,1.0,4.878009,3.7213817,0.40526044,0.18060566,2.0263429,1.0
2911,3.4307437,1.1941963,1.1049771,0.63806224,0.0,0.0,1.0,3.7734861,3.399562,0.23895548,0.091464646,1.0262067,1.0
2912,4.842559,1.299103,1.2261695,0.73183745,0.0,0.0,1.0,3.0354846,3.888855,0.1278366,0.15158029,1.7006867,1.0
2913,4.9352736,1.3405001,1.2044595,0.78700876,0.0,0.0,1.0,3.0354846,4.081934,0.1278366,0.142365,1.5972937,1.0
2914,5.0773234,1.3080438,1.2754081,0.85905844,0.0,0.0,1.0,3.0354846,3.9305556,0.1278366,0.16342601,1.8335922,1.0
2915,4.485939,1.2072818,1.1119512,0.8945264,0.0,0.0,1.0,3.0354846,3.4605937,0.1278366,0.16458072,1.8465477,1.0
2916,4.8399777,1.2765576,1.2109169,0.8100609,0.0,0.0,1.0,3.0354846,3.7837012,0.1278366,0.16021931,1.797614,1.0
2917,4.8526773,1.2656639,1.311215,0.8642891,0.0,0.0,1.0,3.0354846,3.732892,0.1278366,0.16551943,1.8570797,1.0
2918,5.388744,1.342905,1.3350922,0.7943371,0.0,0.0,1.0,3.0354846,4.093151,0.1278366,0.16973372,1.9043629,1.0
2919,5.3015647,1.3380511,1.314694,0.78823406,0.0,0.0,1.0,3.0354846,4.070512,0.1278366,0.16614437,1.8640914,1.0
2920,5.0366282,1.31401,1.3670497,0.80600226,0.0,0.0,1.0,3.0354846,3.9583824,0.1278366,0.15849549,1.7782732,1.0
2921,4.5484667,1.2670116,1.3047795,0.5966172,0.0,0.0,1.0,1.3225935,3.7391782,0.0,0.14424486,1.6183853,1.0
2922,4.2794986,1.2066681,1.3622068,0.8858009,0.0,0.0,1.0,0.8855124,3.4577315,0.0,0.14965011,1.6790307,1.0
2923,3.9475965,1.0809304,1.1863117,0.790147,0.0,0.0,1.0,0.4486466,2.8712804,0.0,0.18458736,2.0710163,1.0
2924,4.7588844,1.2022582,1.1821195,0.6778301,0.0,0.0,1.0,0.4486466,3.437163,0.0,0.18705308,2.0986812,1.0
2925,4.389722,1.1355227,1.1585233,0.68892324,0.0,0.0,1.0,0.4486466,3.1259036,0.0,0.19208673,2.155157,1.0
2926,4.398831,1.2663639,1.4698826,0.75564575,0.0,0.0,1.0,0.67449075,3.736157,0.0,0.13429628,1.5067651,1.0
2927,4.326914,1.168588,1.3775287,0.61658907,0.0,0.0,1.0,0.6789793,3.2801228,0.0,0.17039698,1.9118046,1.0
2928,4.522657,1.23371,1.3914263,0.5495624,0.0,0.0,1.0,0.81660336,3.583857,0.0,0.15583609,1.7484355,1.0
2929,3.5160036,1.0903358,1.0760093,0.47401363,0.0,0.0,1.0,1.0140226,2.9151485,0.0,0.1416168,1.5888993,1.0
2930,4.111873,1.1972861,1.235212,0.590402,0.0,0.0,1.0,0.6817451,3.4139729,0.0,0.1411864,1.5840703,1.0
2931,3.5027616,1.0203011,1.1872908,0.68758315,0.0,0.0,1.0,0.67751145,2.588501,0.0,0.17907284,2.009145,1.0
2932,3.364524,0.9791804,0.96207225,0.3908093,0.0,0.0,1.0,0.68055934,2.3967109,0.0,0.1919604,2.1537397,1.0
2933,3.639354,1.0023817,0.9667531,0.42188728,0.0,0.0,1.0,0.68055934,2.5049233,0.0,0.20445666,2.2939441,1.0
2934,3.4851303,1.0134071,1.0228624,0.41401556,0.0,0.0,1.0,0.68055934,2.556347,0.0,0.1816509,2.0380702,1.0
2935,3.1278114,1.0035532,0.96880394,0.35545573,0.0,0.0,1.0,0.68055934,2.5103872,0.0,0.15176044,1.702708,1.0
2936,3.152026,1.007103,1.0285568,0.23898257,0.0,0.0,1.0,0.68055934,2.526944,0.0,0.1521218,1.7067622,1.0
2937,3.244941,1.0650054,1.0252359,0.3480727,0.0,0.0,1.0,0.68055934,2.7970054,0.0,0.12991126,1.4575665,1.0
2938,3.5273368,1.0734581,1.0055292,0.38033953,0.0,0.0,1.0,1.0231673,2.8364294,0.0,0.15115839,1.6959531,1.0
2939,3.9277544,1.1034565,1.1669216,0.751464,0.0,0.0,1.0,1.0231673,2.976344,0.0,0.17053087,1.9133067,1.0
2940,3.6498728,1.1164322,1.1511828,0.75952303,0.0,0.0,1.0,1.1268871,3.0368638,0.0,0.14053226,1.576731,1.0
2941,3.628527,1.1283479,1.1400416,0.73297536,0.0,0.0,1.0,3.9845083,3.0924397,0.2707285,0.13327418,1.4952976,1.0
2942,3.5803053,1.1148651,1.1298559,0.28820398,0.0,0.0,1.0,5.9384427,3.0295546,0.56492704,0.13542308,1.5194075,1.0
2943,3.951158,1.1503994,1.1611025,0.28820398,0.0,0.0,1.0,7.2275896,3.1952899,0.7590304,0.14936906,1.6758773,1.0
2944,3.8355088,1.1572725,1.1924443,0.19242564,0.0,0.0,1.0,7.868234,3.2273462,0.8554905,0.13711599,1.5384014,1.0
2945,3.8141854,1.2042465,1.189658,0.3542583,0.0,0.0,1.0,8.506307,3.446437,0.9515633,0.116301455,1.3048685,1.0
2946,4.1030903,1.2758576,1.2559997,0.44265136,0.0,0.0,1.0,9.141848,3.7804363,1.047255,0.110863164,1.2438524,1.0
2947,4.3514876,1.2788517,1.3446219,0.56207114,0.0,0.0,1.0,9.141848,3.7944014,1.047255,0.12651666,1.41948,1.0
2948,4.8339086,1.3083684,1.2922946,0.4225745,0.0,0.0,1.0,9.774889,3.9320695,1.1425703,0.14753495,1.6552992,1.0
2949,5.971761,1.3572004,1.3955584,0.57633394,0.0,0.0,1.0,9.774889,4.1598253,1.1425703,0.20005098,2.2445138,1.0
2950,5.2412724,1.3634394,1.37187,0.3132401,0.0,0.0,1.0,10.405469,4.188925,1.237515,0.1531034,1.7177755,1.0
2951,5.435844,1.3955312,1.3983946,0.46460286,0.0,0.0,1.0,10.405469,4.3386035,1.237515,0.15353131,1.7225766,1.0
2952,5.786864,1.4338547,1.4366531,0.48295087,0.0,0.0,1.0,11.03362,4.5173473,1.332094,0.16069463,1.8029469,1.0
2953,5.683555,1.4556652,1.4904174,0.46604294,0.0,0.0,1.0,11.03362,4.6190734,1.332094,0.14781475,1.6584384,1.0
2954,5.339025,1.4575682,1.4505986,0.36981794,0.0,0.0,1.0,11.03362,4.6279488,1.332094,0.12825601,1.438995,1.0
2955,5.2815485,1.4563862,1.5221397,0.41576234,0.0,0.0,1.0,11.03362,4.622436,1.332094,0.12543993,1.4073994,1.0
2956,5.92649,1.5272331,1.5573068,0.39619902,0.0,0.0,1.0,11.03362,4.9528713,1.332094,0.13918787,1.5616474,1.0
2957,5.327924,1.4654112,1.5387069,0.17993078,0.0,0.0,1.0,7.3889184,4.6645293,0.7833212,0.12534603,1.406346,1.0
2958,4.562094,1.3577412,1.6691905,0.69362265,0.0,0.0,1.0,5.5542126,4.1623483,0.5070746,0.11358547,1.274396,1.0
2959,5.4238005,1.4643238,1.5090537,0.4569499,0.0,0.0,1.0,5.5542126,4.659457,0.5070746,0.13090263,1.4686894,1.0
2960,4.1090794,1.2865279,1.6359968,0.7067083,0.0,0.0,1.0,5.529107,3.8302035,0.5032945,0.10767016,1.2080278,1.0
2961,4.448026,1.2383687,1.4863704,0.7836056,0.0,0.0,1.0,5.5042276,3.6055856,0.4995485,0.14862844,1.6675678,1.0
2962,6.678667,1.5800885,1.5401901,0.36654165,0.0,0.0,1.0,5.5042276,5.1993933,0.4995485,0.1615802,1.8128828,1.0
2963,4.7077427,1.2716291,1.506487,0.6336324,0.0,0.0,1.0,4.275196,3.7607143,0.31449658,0.15325618,1.7194897,1.0
2964,3.5993521,1.1348796,1.5344092,0.62429625,0.0,0.0,1.0,3.4539855,3.122904,0.19084913,0.12798032,1.4359019,1.0
2965,3.2117336,1.0642563,1.5150667,0.6261385,0.0,0.0,1.0,3.4539855,2.7935114,0.19084913,0.1272536,1.4277484,1.0
2966,5.189344,1.3555083,1.4856434,0.5362634,0.0,0.0,1.0,3.4539855,4.1519337,0.19084913,0.15275721,1.7138914,1.0
2967,5.7717795,1.5187874,1.4980156,0.3262751,0.0,0.0,1.0,2.868748,4.91348,0.10273152,0.1336125,1.4990933,1.0
2968,5.744888,1.5051042,1.4843166,0.16321522,0.0,0.0,1.0,2.4503837,4.8496604,0.039739553,0.13613695,1.527417,1.0
2969,3.0901432,1.0427796,1.4838629,0.538536,0.0,0.0,1.0,2.4503837,2.6933422,0.039739553,0.12664618,1.4209332,1.0
2970,2.9714608,1.0969684,1.2577572,0.54365015,0.0,0.0,1.0,2.3767457,2.9460833,0.028652087,0.09132244,1.0246111,1.0
2971,4.427442,1.2452418,1.4074,0.6706572,0.0,0.0,1.0,0.9898996,3.6376417,0.0,0.144419,1.6203392,1.0
2972,3.8547564,1.1179335,1.2725669,0.31047487,0.0,0.0,1.0,0.5156166,3.0438662,0.0,0.15696903,1.7611468,1.0
2973,2.802195,1.0269266,1.1489754,0.45142195,0.0,0.0,1.0,0.37300467,2.619403,0.0,0.10689962,1.1993825,1.0
2974,3.9765375,1.2000511,1.1429545,0.65821433,0.0,0.0,1.0,0.37300467,3.426869,0.0,0.12997529,1.4582849,1.0
2975,4.2219796,1.1916622,1.2362573,0.6050663,0.0,0.0,1.0,0.37300467,3.3877425,0.0,0.15183781,1.703576,1.0
2976,3.57884,1.1052102,1.2523665,0.8105965,0.0,0.0,1.0,0.37300467,2.9845235,0.0,0.13983883,1.5689509,1.0
2977,4.6995864,1.3133591,1.5339329,0.81930274,0.0,0.0,1.0,0.52340704,3.9553466,0.0,0.13704465,1.5376011,1.0
2978,4.3420143,1.2721412,1.4691043,0.67024904,0.0,0.0,1.0,0.5047301,3.763103,0.0,0.12830453,1.4395394,1.0
2979,3.2252955,1.0456761,1.399157,0.83692974,0.0,0.0,1.0,0.5047301,2.706852,0.0,0.13790277,1.5472288,1.0
2980,4.7596717,1.2479995,1.4235761,0.9315044,0.0,0.0,1.0,0.5047301,3.6505044,0.0,0.1665028,1.8681129,1.0
2981,5.1967998,1.2621,1.4302956,0.9315044,0.0,0.0,1.0,0.5047301,3.7162697,0.0,0.19058083,2.1382613,1.0
2982,5.4037905,1.2781029,1.4447247,0.91824764,0.0,0.0,1.0,0.48066375,3.7909086,0.0,0.19747405,2.2156012,1.0
2983,5.0615077,1.2812822,1.526196,0.8448166,0.0,0.0,1.0,0.4486466,3.805737,0.0,0.17315648,1.9427654,1.0
2984,4.9957457,1.3723814,1.3989815,0.69389284,0.0,0.0,1.0,0.4486466,4.2306314,0.0,0.1351833,1.5167173,1.0
2985,3.4286306,0.97542495,1.0062388,0.494236,0.0,0.0,1.0,0.67449075,2.379195,0.0,0.2014538,2.260253,1.0
2986,3.3505313,0.95755297,0.98099166,0.5652567,0.0,0.0,1.0,0.67449075,2.2958388,0.0,0.20611516,2.312552,1.0
2987,2.5468085,0.93727463,0.94512784,0.22379442,0.0,0.0,1.0,0.67449075,2.2012591,0.0,0.12910394,1.4485086,1.0
2988,2.832896,0.9690176,0.957481,0.20662075,0.0,0.0,1.0,0.67449075,2.3493109,0.0,0.14154719,1.5881182,1.0
2989,2.7308114,0.9733575,1.0496825,0.36108682,0.0,0.0,1.0,0.67449075,2.3695524,0.0,0.12795311,1.4355966,1.0
2990,4.1073575,1.1184778,1.1909057,0.7110206,0.0,0.0,1.0,0.67449075,3.0464048,0.0,0.17781565,1.9950397,1.0
2991,4.207027,1.1487354,1.1510412,0.55884695,0.0,0.0,1.0,1.4584011,3.1875286,0.0,0.17057732,1.9138278,1.0
2992,4.1645665,1.1862414,1.1683179,0.5113672,0.0,0.0,1.0,2.9631262,3.3624594,0.116941795,0.14987598,1.6815648,1.0
2993,3.9458804,1.1691447,1.2058729,0.46066526,0.0,0.0,1.0,3.2854786,3.2827194,0.16547751,0.140573,1.577188,1.0
2994,4.066814,1.231018,1.242832,0.4910518,0.0,0.0,1.0,3.6065247,3.5713007,0.21381655,0.12446178,1.3964249,1.0
2995,4.918884,1.2569927,1.2114458,0.6307766,0.0,0.0,1.0,3.9262822,3.692449,0.26196155,0.17371131,1.9489903,1.0
2996,3.6914392,1.1905949,1.1961273,0.23974381,0.0,0.0,1.0,4.2447705,3.3827646,0.30991548,0.11236585,1.2607121,1.0
2997,4.505771,1.24193,1.2886989,0.39485508,0.0,0.0,1.0,4.2447705,3.6221955,0.30991548,0.15124756,1.6969535,1.0
2998,4.806202,1.2974018,1.3323666,0.21237096,0.0,0.0,1.0,4.562007,3.8809202,0.3576809,0.14984298,1.6811945,1.0
2999,4.5653214,1.3062311,1.3370482,0.22974491,0.0,0.0,1.0,4.562007,3.922101,0.3576809,0.13089186,1.4685686,1.0
3000,5.107715,1.3193092,1.3535651,0.25173333,0.0,0.0,1.0,4.878009,3.9830983,0.40526044,0.16102971,1.8067064,1.0
3001,5.20921,1.3572501,1.4424275,0.68743706,0.0,0.0,1.0,4.878009,4.1600575,0.40526044,0.15335171,1.7205615,1.0
3002,5.0615625,1.3545331,1.3892592,0.60349405,0.0,0.0,1.0,4.878009,4.147385,0.40526044,0.14526036,1.629779,1.0
3003,5.8032856,1.4245149,1.3889668,0.654852,0.0,0.0,1.0,5.1927943,4.473786,0.45265684,0.16480578,1.8490729,1.0
3004,5.876497,1.4166056,1.4397492,0.7027344,0.0,0.0,1.0,5.1927943,4.436896,0.45265684,0.17175423,1.9270324,1.0
3005,5.6774626,1.4503376,1.4993144,0.6803933,0.0,0.0,1.0,5.1927943,4.594225,0.45265684,0.14917181,1.6736643,1.0
3006,6.7830386,1.5470382,1.6020054,0.5604359,0.0,0.0,1.0,5.1927943,5.0452437,0.45265684,0.17684244,1.9841206,1.0
3007,7.311646,1.642433,1.6404644,0.5092308,0.0,0.0,1.0,5.1927943,5.490173,0.45265684,0.17361535,1.9479136,1.0
3008,6.5381393,1.5253494,1.5298121,0.5477466,0.0,0.0,1.0,4.0256534,4.9440856,0.2769236,0.17123348,1.9211897,1.0
3009,4.425554,1.333749,1.4102837,0.66130817,0.0,0.0,1.0,3.2458127,4.0504465,0.15950513,0.11271211,1.264597,1.0
3010,4.252056,1.3096294,1.3331363,0.7842646,0.0,0.0,1.0,3.2458127,3.9379508,0.15950513,0.109441,1.2278961,1.0
3011,3.9817276,1.2929957,1.3318729,0.69336456,0.0,0.0,1.0,3.2458127,3.86037,0.15950513,0.09713437,1.0898193,1.0
3012,3.866391,1.2495043,1.6165245,0.8303818,0.0,0.0,1.0,3.2458127,3.6575227,0.15950513,0.10367126,1.1631613,1.0
3013,3.7745526,1.2077174,1.6333628,0.77718294,0.0,0.0,1.0,3.2458127,3.4626253,0.15950513,0.112069145,1.2573831,1.0
3014,3.661262,1.1863935,1.5462911,0.668358,0.0,0.0,1.0,2.6900449,3.363169,0.075824685,0.111700036,1.2532419,1.0
3015,6.3126016,1.6083043,1.5719736,0.39272782,0.0,0.0,1.0,2.27229,5.3309937,0.0129244765,0.13601886,1.5260919,1.0
3016,5.556849,1.452881,1.5416522,0.48788244,0.0,0.0,1.0,2.27229,4.606087,0.0129244765,0.14169307,1.5897549,1.0
3017,3.1626015,1.0827498,1.5893868,0.78440523,0.0,0.0,1.0,1.9480876,2.8797667,0.0,0.114139594,1.280613,1.0
3018,3.1928554,1.0784043,1.5655011,0.7122453,0.0,0.0,1.0,1.7065228,2.8594987,0.0,0.118816085,1.3330818,1.0
3019,5.707032,1.4750074,1.5416898,0.7042902,0.0,0.0,1.0,1.646356,4.7092867,0.0,0.14308181,1.6053363,1.0
3020,3.5942047,1.1655439,1.5577911,0.7397673,0.0,0.0,1.0,0.5506187,3.2659247,0.0,0.11472585,1.2871906,1.0
3021,2.8773642,1.0669562,1.2243882,0.6967793,0.0,0.0,1.0,0.67449075,2.8061037,0.0,0.095595755,1.0725565,1.0
3022,4.361782,1.3027169,1.4897773,0.5237527,0.0,0.0,1.0,0.67449075,3.90571,0.0,0.11886496,1.3336302,1.0
3023,3.9386225,1.2351173,1.517792,0.70442134,0.0,0.0,1.0,0.67449075,3.5904205,0.0,0.113825426,1.2770882,1.0
3024,3.847855,1.14184,1.3559567,0.58734936,0.0,0.0,1.0,0.67449075,3.1553679,0.0,0.14501606,1.6270379,1.0
3025,3.2330642,1.0552466,1.0886945,0.66572416,0.0,0.0,1.0,0.67449075,2.7514894,0.0,0.13369925,1.5000666,1.0
3026,4.6108046,1.2807813,1.3811884,0.7264555,0.0,0.0,1.0,0.67449075,3.8034008,0.0,0.143188,1.6065277,1.0
3027,5.0586996,1.3478118,1.5228715,0.78217024,0.0,0.0,1.0,0.67449075,4.1160364,0.0,0.14745022,1.6543485,1.0
3028,3.377892,1.1255039,1.3616265,0.74153537,0.0,0.0,1.0,0.67449075,3.079175,0.0,0.11383336,1.2771771,1.0
3029,4.337919,1.325733,1.6472877,0.8259699,0.0,0.0,1.0,0.67449075,4.013059,0.0,0.10974331,1.231288,1.0
3030,4.594568,1.3057125,1.5839229,0.8369294,0.0,0.0,1.0,0.9013486,3.9196818,0.0,0.13297486,1.4919392,1.0
3031,3.6067288,1.1470762,1.1942673,0.54998904,0.0,0.0,1.0,0.9013486,3.1797903,0.0,0.123320304,1.3836179,1.0
3032,3.4763143,1.0978602,1.3379917,0.7587748,0.0,0.0,1.0,0.9013486,2.9502428,0.0,0.13453743,1.5094707,1.0
3033,4.377192,1.2129676,1.4388978,0.8709682,0.0,0.0,1.0,0.9464783,3.4871128,0.0,0.15412882,1.7292805,1.0
3034,4.783928,1.3707658,1.6228517,0.55668044,0.0,0.0,1.0,1.0140226,4.223096,0.0,0.12294721,1.3794318,1.0
3035,4.5385118,1.2322077,1.3065066,0.7994453,0.0,0.0,1.0,1.0140226,3.5768497,0.0,0.15759444,1.7681637,1.0
3036,3.639476,1.1177408,1.1672335,0.5314538,0.0,0.0,1.0,1.0140226,3.042967,0.0,0.13904837,1.5600822,1.0
3037,3.1329424,1.0633388,1.1351771,0.23022673,0.0,0.0,1.0,1.0140226,2.789232,0.0,0.12050926,1.3520788,1.0
3038,3.1654463,1.0707026,1.0542073,0.48890346,0.0,0.0,1.0,1.0140226,2.8235772,0.0,0.119961515,1.3459332,1.0
3039,3.5947723,1.0935585,1.0441774,0.41364804,0.0,0.0,1.0,1.0140226,2.9301794,0.0,0.14688684,1.6480275,1.0
3040,3.380248,1.0897888,1.1095794,0.2461637,0.0,0.0,1.0,1.0140226,2.912597,0.0,0.13001649,1.4587471,1.0
3041,3.3526247,1.0941206,1.0968095,0.34079978,0.0,0.0,1.0,1.0140226,2.932801,0.0,0.12558201,1.4089936,1.0
3042,3.2017708,1.0869824,1.0685018,0.21101463,0.0,0.0,1.0,1.0140226,2.8995075,0.0,0.11567562,1.2978468,1.0
3043,3.5657048,1.1177001,1.1330957,0.2285775,0.0,0.0,1.0,1.5813018,3.0427775,0.0,0.13289331,1.4910243,1.0
3044,3.457924,1.116621,1.1229538,0.19615418,0.0,0.0,1.0,2.032681,3.0377445,0.0,0.12435248,1.3951986,1.0
3045,3.7402265,1.1123579,1.1712325,0.5936475,0.0,0.0,1.0,2.032681,3.017861,0.0,0.15008372,1.6838956,1.0
3046,3.3987606,1.0523574,1.2814938,0.6377635,0.0,0.0,1.0,2.032681,2.7380142,0.0,0.15058278,1.6894948,1.0
3047,3.0859783,1.0480175,1.0337006,0.5403272,0.0,0.0,1.0,2.032681,2.7177725,0.0,0.123629585,1.387088,1.0
3048,3.9803476,1.099593,1.1427414,0.6517028,0.0,0.0,1.0,2.032681,2.9583247,0.0,0.17710507,1.9870672,1.0
3049,4.1139245,1.1211641,1.0936335,0.6850012,0.0,0.0,1.0,2.032681,3.0589337,0.0,0.17695606,1.9853954,1.0
3050,3.8484578,1.1074908,1.1438984,0.7524959,0.0,0.0,1.0,1.3611753,2.9951603,0.0,0.16167778,1.8139776,1.0
3051,4.419547,1.1958436,1.1013997,0.69928175,0.0,0.0,1.0,1.0231673,3.4072447,0.0,0.16478729,1.8488654,1.0
3052,3.9088905,1.1079589,1.0783833,0.7668928,0.0,0.0,1.0,1.018585,2.9973438,0.0,0.16657378,1.8689092,1.0
3053,3.5099385,1.0830817,1.1277523,0.50096685,0.0,0.0,1.0,1.0140436,2.8813148,0.0,0.14468737,1.6233501,1.0
3054,3.121243,1.0377321,1.1144654,0.5046367,0.0,0.0,1.0,1.1268871,2.6698005,0.0,0.13218887,1.4831207,1.0
3055,3.8278189,1.2120658,1.1497179,0.8056515,0.0,0.0,1.0,1.3520652,3.4829066,0.0,0.11434725,1.2829428,1.0
3056,3.713344,1.210515,1.1300024,0.7035752,0.0,0.0,1.0,1.3520652,3.4756734,0.0,0.1065424,1.1953747,1.0
3057,4.1480823,1.2097024,1.1319494,0.76484215,0.0,0.0,1.0,1.3520652,3.4718833,0.0,0.1387264,1.5564698,1.0
3058,3.7960665,1.161068,1.1269045,0.34776047,0.0,0.0,1.0,1.3520652,3.2450485,0.0,0.1323698,1.4851506,1.0
3059,3.1005273,1.0580984,1.1762451,0.6871275,0.0,0.0,1.0,1.3520652,2.7647908,0.0,0.12005223,1.3469511,1.0
3060,3.3359377,1.1233257,1.0984119,0.40301394,0.0,0.0,1.0,1.3520652,3.0690157,0.0,0.11127694,1.2484949,1.0
3061,3.9476507,1.1774083,1.2228233,0.72323,0.0,0.0,1.0,1.3520652,3.3212614,0.0,0.13715656,1.5388566,1.0
3062,3.10118,1.1111606,1.1614275,0.45756415,0.0,0.0,1.0,1.3520652,3.012277,0.0,0.096644625,1.0843245,1.0
3063,3.3336985,1.1800749,1.334818,0.61431897,0.0,0.0,1.0,1.3520652,3.3336985,0.0,0.08346799,0.93648654,0.0
3064,3.5143878,1.1429949,1.248845,0.60257566,0.0,0.0,1.0,2.0327663,3.1607544,0.0,0.11762022,1.3196646,1.0
3065,3.5692592,1.1817884,1.1642246,0.3894232,0.0,0.0,1.0,1.361289,3.3416905,0.0,0.10647078,1.1945711,1.0
3066,3.2461321,1.1519455,1.3507634,0.4957734,0.0,0.0,1.0,1.0232741,3.2025006,0.0,0.09259833,1.0389262,1.0
3067,3.29807,1.14484,1.1705388,0.18031493,0.0,0.0,1.0,1.0232741,3.1693602,0.0,0.09947054,1.1160305,1.0
3068,3.2177835,1.1261555,1.153244,0.3281733,0.0,0.0,1.0,1.0232741,3.082214,0.0,0.10032966,1.1256696,1.0
3069,3.0916607,1.1072854,1.1457586,0.3281733,0.0,0.0,1.0,1.0186487,2.9942024,0.0,0.097417615,1.0929973,1.0
3070,2.9529262,1.0967295,1.1488851,0.32642198,0.0,0.0,1.0,1.0140651,2.9449692,0.0,0.08981692,1.0077196,1.0
3071,2.8941832,1.0637684,1.3726687,0.5115126,0.0,0.0,1.0,1.0140651,2.7912357,0.0,0.098521106,1.1053782,1.0
3072,3.0464826,1.0886408,1.371641,0.4999134,0.0,0.0,1.0,1.0140651,2.9072428,0.0,0.10132531,1.1368405,1.0
3073,3.7074106,1.1660945,1.2834554,0.563686,0.0,0.0,1.0,1.0140651,3.268493,0.0,0.123325706,1.3836784,1.0
3074,4.2323847,1.3115579,1.3324288,0.7303717,0.0,0.0,1.0,1.0140651,3.9469454,0.0,0.10754519,1.2066257,1.0
3075,3.0858662,1.0575335,1.0870817,0.61378855,0.0,0.0,1.0,1.0140651,2.7621558,0.0,0.11897301,1.3348424,1.0
3076,4.058529,1.2744429,1.3960834,0.73982054,0.0,0.0,1.0,1.0140651,3.7738383,0.0,0.10833944,1.215537,1.0
3077,3.5914078,1.1927766,1.1534699,0.74320626,0.0,0.0,1.0,1.1269127,3.39294,0.0,0.104024686,1.1671267,1.0
3078,3.571442,1.1461018,1.4736344,0.83043903,0.0,0.0,1.0,1.3520942,3.1752453,0.0,0.12090375,1.3565049,1.0
3079,2.9834435,1.0452182,1.2904961,0.7905421,0.0,0.0,1.0,1.3520942,2.7047164,0.0,0.11537153,1.294435,1.0
3080,3.1492205,1.0018717,1.0999224,0.7616584,0.0,0.0,1.0,1.3520942,2.5025449,0.0,0.15493329,1.7383064,1.0
3081,3.6038702,1.0315922,1.1375118,0.76369226,0.0,0.0,1.0,1.3520942,2.6411638,0.0,0.18195044,2.041431,1.0
3082,3.913861,1.0137651,1.1177572,0.819462,0.0,0.0,1.0,1.3520942,2.5580165,0.0,0.22410496,2.5143924,1.0
3083,4.5429106,1.17735,1.3865899,0.72882193,0.0,0.0,1.0,1.3520942,3.3209896,0.0,0.18282594,2.0512538,1.0
3084,4.4905705,1.1631147,1.4632651,0.6818461,0.0,0.0,1.0,1.3520942,3.2545946,0.0,0.18583712,2.0850384,1.0
3085,3.6077569,1.1721792,1.1789542,0.7780669,0.0,0.0,1.0,1.3520942,3.2968724,0.0,0.11314194,1.2694196,1.0
3086,2.7652242,0.90231824,1.0126346,0.6199859,0.0,0.0,1.0,2.0328536,2.0382197,0.0,0.17996037,2.0191028,1.0
3087,2.5980945,0.9073235,0.9378526,0.54323626,0.0,0.0,1.0,2.0328536,2.0615644,0.0,0.15540352,1.7435822,1.0
3088,6.938431,1.6011804,1.4183474,0.7995675,0.0,0.0,1.0,2.0328536,5.2977676,0.0,0.16799255,1.8848274,1.0
3089,3.8596687,1.105002,1.1062773,0.6443222,0.0,0.0,1.0,4.637796,2.9835527,0.36909223,0.16390765,1.838996,1.0
3090,5.7041445,1.4015119,1.4853356,0.6922886,0.0,0.0,1.0,12.548914,4.366498,1.5602477,0.16714035,1.8752661,1.0
3091,4.289362,1.1028318,1.3905172,0.7767853,0.0,0.0,1.0,7.2573285,2.9734309,0.7635081,0.20182933,2.2644663,1.0
3092,4.358999,1.2258266,1.4712013,0.5652468,0.0,0.0,1.0,7.900285,3.5470881,0.8603163,0.14741789,1.6539857,1.0
3093,4.212166,1.2247444,1.306575,0.784877,0.0,0.0,1.0,8.540608,3.5420406,0.95672804,0.1373073,1.540548,1.0
3094,4.4296174,1.2265546,1.2718847,0.73630375,0.0,0.0,1.0,9.178337,3.5504835,1.0527492,0.15218365,1.7074562,1.0
3095,4.8000026,1.2944992,1.4989165,0.5849955,0.0,0.0,1.0,9.178337,3.867382,1.0527492,0.15053876,1.689001,1.0
3096,3.7604108,1.1337632,1.5804448,0.52387667,0.0,0.0,1.0,9.813506,3.117697,1.1483848,0.14162582,1.5890005,1.0
3097,3.7736733,1.133059,1.503919,0.6265816,0.0,0.0,1.0,9.813506,3.1144128,1.1483848,0.14303416,1.6048017,1.0
3098,4.5771255,1.3036728,1.525631,0.6544177,0.0,0.0,1.0,10.446155,3.9101686,1.2436409,0.13256516,1.4873425,1.0
3099,3.5288513,1.1383396,1.5140288,0.71357876,0.0,0.0,1.0,10.446155,3.139042,1.2436409,0.12075205,1.3548028,1.0
3100,5.846919,1.4632767,1.5459697,0.60083234,0.0,0.0,1.0,11.076316,4.654574,1.3385226,0.15436263,1.7319038,1.0
3101,6.112307,1.488782,1.5344976,0.7074031,0.0,0.0,1.0,11.076316,4.773533,1.3385226,0.16054854,1.8013078,1.0
3102,7.186132,1.7053263,1.5849504,0.71882063,0.0,0.0,1.0,11.076316,5.783512,1.3385226,0.15088765,1.6929156,1.0
3103,7.138292,1.7129302,1.5966647,0.7943425,0.0,0.0,1.0,11.076316,5.8189774,1.3385226,0.14686559,1.6477891,1.0
3104,7.2614145,1.7404829,1.7615702,0.48950887,0.0,0.0,1.0,11.076316,5.9474854,1.3385226,0.14538746,1.6312048,1.0
3105,7.1401157,1.7575369,1.6675587,0.5560297,0.0,0.0,1.0,11.076316,6.027026,1.3385226,0.13615915,1.527666,1.0
3106,6.3079505,1.763407,1.6350018,0.54428065,0.0,0.0,1.0,11.076316,6.0544047,1.3385226,0.09979325,1.1196512,1.0
3107,3.8375807,1.2446198,1.5544015,0.8627766,0.0,0.0,1.0,11.076316,3.634741,1.3385226,0.10334005,1.1594453,1.0
3108,4.5830235,1.3629336,1.5414829,0.68303573,0.0,0.0,1.0,11.076316,4.186566,1.3385226,0.11324399,1.2705646,1.0
3109,4.8709087,1.488415,1.5269119,0.18121313,0.0,0.0,1.0,11.076316,4.7718205,1.3385226,0.094416834,1.0593294,1.0
3110,3.8347435,1.2785589,1.4832872,0.65649116,0.0,0.0,1.0,11.076316,3.7930353,1.3385226,0.09192903,1.031417,1.0
3111,4.5034103,1.4308666,1.4846125,0.18121313,0.0,0.0,1.0,11.050817,4.5034103,1.3346832,0.08405271,0.9430469,0.0
3112,4.8837743,1.4445431,1.46865,0.62352335,0.0,0.0,1.0,11.025435,4.5671988,1.3308617,0.10678022,1.198043,1.0
3113,4.5611506,1.3885325,1.4191643,0.75905526,0.0,0.0,1.0,11.025435,4.305961,1.3308617,0.104220726,1.1693262,1.0
3114,4.4620013,1.3418446,1.3786647,0.7593757,0.0,0.0,1.0,11.025435,4.088205,1.3308617,0.11241263,1.261237,1.0
3115,4.232256,1.3727298,1.383997,0.73315644,0.0,0.0,1.0,11.025435,4.232256,1.3308617,0.08560734,0.96048945,0.0
3116,3.7702482,1.2736732,1.3860122,0.7438944,0.0,0.0,1.0,11.025435,3.7702482,1.3308617,0.08897902,0.9983187,0.0
3117,4.108146,1.287186,1.3280935,0.42893592,0.0,0.0,1.0,11.025435,3.8332732,1.3308617,0.10738938,1.2048776,1.0
3118,4.2029595,1.2689903,1.2647634,0.73957545,0.0,0.0,1.0,8.501377,3.7484066,0.9508211,0.120009646,1.3464732,1.0
3119,4.16602,1.1902274,1.3296354,0.73463815,0.0,0.0,1.0,5.287884,3.3810503,0.46697426,0.14825122,1.6633354,1.0
3120,4.0339103,1.1628541,1.2973218,0.7557589,0.0,0.0,1.0,3.9833462,3.253379,0.27055353,0.15022391,1.6854686,1.0
3121,3.9506838,1.1543503,1.265386,0.73675585,0.0,0.0,1.0,3.3268197,3.2137167,0.17170213,0.1475259,1.6551977,1.0
3122,3.8874106,1.1573219,1.107358,0.6904646,0.0,0.0,1.0,3.3268197,3.2275767,0.17170213,0.14118938,1.5841037,1.0
3123,3.9264014,1.1646259,1.3122565,0.55798376,0.0,0.0,1.0,2.6674018,3.261643,0.07241538,0.14103013,1.582317,1.0
3124,3.3428621,1.1365103,1.1756608,0.73699987,0.0,0.0,1.0,2.6674018,3.1305096,0.07241538,0.10640288,1.1938093,1.0
3125,3.9325924,1.1843182,1.2632241,0.57814634,0.0,0.0,1.0,2.0050523,3.3534894,0.0,0.13310422,1.4933906,1.0
3126,3.681083,1.1714795,1.217859,0.7081441,0.0,0.0,1.0,2.0050523,3.2936087,0.0,0.11908745,1.3361264,1.0
3127,3.6821842,1.1693383,1.145749,0.6396549,0.0,0.0,1.0,2.0050523,3.2836223,0.0,0.12003845,1.3467964,1.0
3128,3.171711,1.1020309,1.205563,0.78423774,0.0,0.0,1.0,1.3397293,2.969695,0.0,0.10645192,1.1943595,1.0
3129,3.541765,1.144044,1.1662309,0.7064974,0.0,0.0,1.0,1.3397293,3.1656477,0.0,0.119384825,1.339463,1.0
3130,4.310092,1.2576277,1.2237064,0.85738516,0.0,0.0,1.0,1.3397293,3.695411,0.0,0.13148707,1.4752467,1.0
3131,3.8414092,1.163851,1.2515386,0.75871474,0.0,0.0,1.0,1.3397293,3.258029,0.0,0.134727,1.5115978,1.0
3132,4.2523055,1.1997762,1.3610829,0.8079205,0.0,0.0,1.0,1.3397293,3.4255867,0.0,0.15058613,1.6895325,1.0
3133,3.4048436,1.0663407,1.2080413,0.5924423,0.0,0.0,1.0,0.89725554,2.8032331,0.0,0.14378095,1.6131803,1.0
3134,4.777017,1.265121,1.3032236,0.572444,0.0,0.0,1.0,0.33801454,3.73036,0.0,0.16057917,1.8016516,1.0
3135,5.4201245,1.2951744,1.2971631,0.64418685,0.0,0.0,1.0,0.33801454,3.8705313,0.0,0.1910813,2.1438766,1.0
3136,5.1786623,1.3073434,1.3632656,0.69739664,0.0,0.0,1.0,0.22414067,3.9272885,0.0,0.17027068,1.9103874,1.0
3137,5.305518,1.2890153,1.277791,0.7463775,0.0,0.0,1.0,0.33646902,3.841805,0.0,0.18615106,2.0885606,1.0
3138,5.340912,1.3180283,1.3745126,0.69739664,0.0,0.0,1.0,0.33646902,3.977124,0.0,0.17645174,1.9797372,1.0
3139,4.9174166,1.3113741,1.4123901,0.70839304,0.0,0.0,1.0,0.33646902,3.946088,0.0,0.1518119,1.7032852,1.0
3140,5.0507693,1.2909698,1.2809343,0.7224578,0.0,0.0,1.0,0.33646902,3.8509212,0.0,0.1684725,1.8902123,1.0
3141,4.2357197,1.2467048,1.395416,0.7797786,0.0,0.0,1.0,0.33646902,3.6444657,0.0,0.13044225,1.463524,1.0
3142,4.4133263,1.211071,1.3979224,0.62317556,0.0,0.0,1.0,0.33646902,3.4782667,0.0,0.15758727,1.7680833,1.0
3143,3.3120844,1.1063323,1.3633877,0.551798,0.0,0.0,1.0,0.33646902,2.9897573,0.0,0.11658326,1.3080301,1.0
3144,3.7905915,1.132645,1.3060198,0.63764715,0.0,0.0,1.0,0.67449075,3.1124818,0.0,0.14460978,1.6224796,1.0
3145,4.1753354,1.1946828,1.1882119,0.68014383,0.0,0.0,1.0,0.67449075,3.401831,0.0,0.14703178,1.6496538,1.0
3146,4.3069315,1.1922426,1.1898768,0.6746654,0.0,0.0,1.0,0.67449075,3.3904498,0.0,0.15796508,1.7723222,1.0
3147,5.0669055,1.1981835,1.1856918,0.4023514,0.0,0.0,1.0,0.67449075,3.4181585,0.0,0.21196106,2.3781414,1.0
3148,4.5456204,1.1975535,1.2130467,0.64085895,0.0,0.0,1.0,0.67449075,3.41522,0.0,0.17341651,1.9456828,1.0
3149,4.1634374,1.223823,1.2798223,0.72787607,0.0,0.0,1.0,0.67449075,3.5377429,0.0,0.13416763,1.5053216,1.0
3150,4.091941,1.1992519,1.1854101,0.597483,0.0,0.0,1.0,0.67449075,3.4231415,0.0,0.13888213,1.558217,1.0
3151,4.055238,1.2002585,1.1925362,0.39337805,0.0,0.0,1.0,0.67449075,3.4278362,0.0,0.1357385,1.5229465,1.0
3152,4.1095114,1.2180678,1.2156943,0.4846845,0.0,0.0,1.0,0.67449075,3.5109,0.0,0.1325476,1.4871454,1.0
3153,4.4255257,1.2243053,1.2137277,0.5092308,0.0,0.0,1.0,0.67449075,3.5399923,0.0,0.15283084,1.7147175,1.0
3154,3.4994037,1.1969895,1.1766362,0.5637701,0.0,0.0,1.0,0.67449075,3.4125896,0.0,0.09560712,1.072684,1.0
3155,3.8788009,1.2512755,1.2320582,0.676531,0.0,0.0,1.0,0.67449075,3.665784,0.0,0.103926696,1.1660272,1.0
3156,3.53868,1.2133151,1.1976339,0.37398818,0.0,0.0,1.0,0.67449075,3.4887335,0.0,0.09277462,1.0409043,1.0
3157,3.5838418,1.2156283,1.2167805,0.33259928,0.0,0.0,1.0,0.6775676,3.4995222,0.0,0.09526464,1.0688416,1.0
3158,3.4719217,1.2097106,1.1992408,0.37398818,0.0,0.0,1.0,0.68067265,3.4719217,0.0,0.08565461,0.96101975,0.0
3159,3.449607,1.2039968,1.2073247,0.4247915,0.0,0.0,1.0,0.68067265,3.445272,0.0,0.08944928,1.0035949,1.0
3160,3.4940498,1.1653646,1.1338819,0.65261835,0.0,0.0,1.0,0.68067265,3.2650886,0.0,0.10698624,1.2003545,1.0
3161,3.4828348,1.1768166,1.1622871,0.5215992,0.0,0.0,1.0,0.68067265,3.3185015,0.0,0.10173943,1.1414868,1.0
3162,3.5939853,1.1831249,1.1952255,0.4159813,0.0,0.0,1.0,0.68067265,3.347924,0.0,0.10784509,1.2099905,1.0
3163,3.3599622,1.1626158,1.1878862,0.4159813,0.0,0.0,1.0,0.68067265,3.2522678,0.0,0.09756138,1.0946103,1.0
3164,3.2427883,1.1349362,1.1859715,0.4159813,0.0,0.0,1.0,0.68067265,3.123168,0.0,0.09888238,1.1094315,1.0
3165,3.1302137,1.1364468,1.1454209,0.4055042,0.0,0.0,1.0,0.68067265,3.1302137,0.0,0.07982464,0.8956092,0.0
3166,3.996764,1.2614619,1.3623165,0.62435865,0.0,0.0,1.0,0.68067265,3.7132936,0.0,0.108568996,1.2181125,1.0
3167,3.4200885,1.1286362,1.1773067,0.590649,0.0,0.0,1.0,0.68067265,3.0937846,0.0,0.115987435,1.3013452,1.0
3168,3.1678278,1.0899242,1.1237266,0.41724652,0.0,0.0,1.0,0.68067265,2.9132285,0.0,0.11138416,1.2496978,1.0
3169,3.0615253,1.0786682,1.1935363,0.48491213,0.0,0.0,1.0,0.68067265,2.86073,0.0,0.10700311,1.2005436,1.0
3170,3.2372494,1.0834558,1.1258136,0.59291005,0.0,0.0,1.0,0.68067265,2.8830595,0.0,0.12041363,1.3510059,1.0
3171,3.362332,1.089366,1.152607,0.74356824,0.0,0.0,1.0,0.68067265,2.9106247,0.0,0.12864928,1.4434074,1.0
3172,5.2375007,1.4186747,1.3776016,0.534569,0.0,0.0,1.0,0.68067265,4.4465466,0.0,0.13442686,1.5082302,1.0
3173,4.0666656,1.2296591,1.3727988,0.7634392,0.0,0.0,1.0,0.68067265,3.5649629,0.0,0.12496672,1.4020902,1.0
3174,4.0799046,1.2094772,1.4916719,0.83747077,0.0,0.0,1.0,1.1269385,3.470833,0.0,0.13381626,1.5013794,1.0
3175,5.692961,1.533526,1.6837465,0.8269234,0.0,0.0,1.0,1.3521231,4.9822216,0.0,0.12545656,1.407586,1.0
3176,6.9274364,1.7882831,1.8080112,0.7115299,0.0,0.0,1.0,1.3521231,6.170429,0.0,0.1203706,1.350523,1.0
3177,3.828321,1.1804044,1.6437107,0.73294646,0.0,0.0,1.0,1.3521231,3.3352354,0.0,0.12677726,1.4224039,1.0
3178,4.365661,1.3147339,1.3000158,0.57096815,0.0,0.0,1.0,1.3521231,3.9617584,0.0,0.11509095,1.291287,1.0
3179,4.521034,1.350418,1.3332175,0.6961335,0.0,0.0,1.0,1.3521231,4.128192,0.0,0.11336193,1.2718879,1.0
3180,4.595657,1.3144397,1.3445055,0.5810188,0.0,0.0,1.0,1.3521231,3.960386,0.0,0.12997696,1.4583036,1.0
3181,5.0941343,1.2526928,1.3138273,0.48296,0.0,0.0,1.0,1.3521231,3.672394,0.0,0.18771628,2.106122,1.0
3182,5.2944975,1.2691026,1.3136922,0.3272309,0.0,0.0,1.0,1.3521231,3.7489305,0.0,0.19411473,2.1779108,1.0
3183,5.1988254,1.2748947,1.3078057,0.277201,0.0,0.0,1.0,1.3521231,3.7759454,0.0,0.18508948,2.0766501,1.0
3184,5.1696215,1.3195392,1.3044717,0.41420618,0.0,0.0,1.0,1.3521231,3.9841707,0.0,0.16489865,1.8501148,1.0
3185,4.846519,1.3254732,1.2951415,0.58415616,0.0,0.0,1.0,1.3521231,4.0118475,0.0,0.14211005,1.5944333,1.0
3186,5.1727643,1.3483135,1.2966207,0.4142062,0.0,0.0,1.0,1.3521231,4.1183763,0.0,0.15432547,1.7314868,1.0
3187,6.6746144,1.5232197,1.4352007,0.7075536,0.0,0.0,1.0,5.287884,4.9341526,0.46697426,0.17895494,2.0078223,1.0
3188,7.9143486,1.670173,1.6471584,0.78023565,0.0,0.0,1.0,6.581331,5.6195545,0.661725,0.19311903,2.1667392,1.0
3189,5.103844,1.3112563,1.4817847,0.71810323,0.0,0.0,1.0,7.2239914,3.9455388,0.7584886,0.16388851,1.8387814,1.0
3190,5.6505766,1.4880235,1.4716473,0.72946364,0.0,0.0,1.0,7.863994,4.7699947,0.8548521,0.13614017,1.5274531,1.0
3191,6.1224184,1.5467646,1.7251292,0.7651844,0.0,0.0,1.0,17.677244,5.0439677,2.3324063,0.14357643,1.6108857,1.0
3192,6.831023,1.5850269,1.5046113,0.5613121,0.0,0.0,1.0,9.810667,5.222426,1.1479573,0.16756669,1.8800493,1.0
3193,7.1264563,1.5816339,1.5750362,0.42997923,0.0,0.0,1.0,9.810667,5.206601,1.1479573,0.18302864,2.053528,1.0
3194,6.9998565,1.6157458,1.599351,0.42997923,0.0,0.0,1.0,10.442918,5.3657017,1.2431536,0.16668518,1.8701591,1.0
3195,7.157375,1.6497065,1.629757,0.277201,0.0,0.0,1.0,10.442918,5.524097,1.2431536,0.16442092,1.8447548,1.0
3196,7.219766,1.6590558,1.6440377,0.6604525,0.0,0.0,1.0,11.0726595,5.567703,1.337972,0.16469048,1.8477792,1.0
3197,6.986157,1.6787298,1.6723598,0.5375233,0.0,0.0,1.0,11.0726595,5.659464,1.337972,0.14882492,1.6697721,1.0
3198,7.4159393,1.6954548,1.6925077,0.30393243,0.0,0.0,1.0,11.0726595,5.7374706,1.337972,0.16362664,1.8358432,1.0
3199,7.7632337,1.7265588,1.7228215,0.277201,0.0,0.0,1.0,11.699926,5.882542,1.4324179,0.1705436,1.9134494,1.0
3200,7.460406,1.7633586,1.7496694,0.5931538,0.0,0.0,1.0,11.699926,6.054179,1.4324179,0.14827828,1.6636391,1.0
3201,7.5024557,1.7944771,1.767235,0.6146431,0.0,0.0,1.0,11.699926,6.1993184,1.4324179,0.14265877,1.6005899,1.0
3202,7.190757,1.6936721,1.7146821,0.8180975,0.0,0.0,1.0,11.699926,5.7291555,1.4324179,0.15409526,1.7289039,1.0
3203,6.781545,1.6840571,1.6708903,0.277201,0.0,0.0,1.0,11.699926,5.684311,1.4324179,0.13828437,1.5515103,1.0
3204,3.718561,1.133753,1.439335,0.7876545,0.0,0.0,1.0,11.699926,3.1176493,1.4324179,0.13821217,1.5507003,1.0
3205,4.1696124,1.2136493,1.1971496,0.82358617,0.0,0.0,1.0,11.699926,3.4902918,1.4324179,0.13869253,1.5560898,1.0
3206,6.3462234,1.5324334,1.5544723,0.51095396,0.0,0.0,1.0,11.699926,4.977126,1.4324179,0.15917851,1.7859365,1.0
3207,5.374455,1.5786965,1.584827,0.6502331,0.0,0.0,1.0,11.699926,5.1929007,1.4324179,0.09803211,1.0998917,1.0
3208,5.486727,1.5700929,1.5137042,0.45665532,0.0,0.0,1.0,11.699926,5.152773,1.4324179,0.10563315,1.1851732,1.0
3209,5.410333,1.5186719,1.4807552,0.66278183,0.0,0.0,1.0,11.699926,4.912941,1.4324179,0.11491036,1.2892607,1.0
3210,5.234837,1.4962684,1.4643942,0.4741319,0.0,0.0,1.0,11.699926,4.8084497,1.4324179,0.11171018,1.2533557,1.0
3211,5.1176105,1.4573417,1.4859632,0.5767064,0.0,0.0,1.0,11.699926,4.626892,1.4324179,0.11613694,1.3030226,1.0
3212,5.619536,1.5167973,1.4463421,0.5845235,0.0,0.0,1.0,11.699926,4.904198,1.4324179,0.1262733,1.4167497,1.0
3213,5.713275,1.4347912,1.4316704,0.5946238,0.0,0.0,1.0,11.699926,4.521715,1.4324179,0.15623513,1.7529126,1.0
3214,4.419617,1.3570665,1.4706924,0.65387964,0.0,0.0,1.0,11.699926,4.159201,1.4324179,0.10507329,1.1788917,1.0
3215,3.9369068,1.245036,1.3538235,0.83266264,0.0,0.0,1.0,11.699926,3.636682,1.4324179,0.110151716,1.2358701,1.0
3216,3.7186184,1.1963972,1.3299805,0.74218947,0.0,0.0,1.0,7.2558217,3.4098268,0.7632812,0.112190165,1.2587409,1.0
3217,4.006217,1.2791206,1.2851667,0.68440163,0.0,0.0,1.0,5.311512,3.7956553,0.47053182,0.10325566,1.1584984,1.0
3218,4.2311077,1.2743586,1.3246126,0.6748589,0.0,0.0,1.0,4.0013103,3.7734451,0.27325836,0.12001458,1.3465286,1.0
3219,3.8596742,1.1883848,1.171594,0.7084263,0.0,0.0,1.0,3.3418927,3.3724563,0.17397164,0.12591866,1.4127706,1.0
3220,3.8216317,1.2010039,1.2493573,0.6029891,0.0,0.0,1.0,3.3418927,3.431313,0.17397164,0.11809626,1.3250057,1.0
3221,3.2338507,1.1090205,1.0964488,0.6991354,0.0,0.0,1.0,2.6733172,3.002295,0.07330605,0.108769365,1.2203606,1.0
3222,3.839875,1.2089785,1.236347,0.55612093,0.0,0.0,1.0,2.6671205,3.4685073,0.07237302,0.116394274,1.3059099,1.0
3223,4.1077394,1.2462453,1.2595837,0.66469,0.0,0.0,1.0,2.6671205,3.6423223,0.07237302,0.12166863,1.3650866,1.0
3224,4.5187964,1.2649964,1.1724185,0.7741979,0.0,0.0,1.0,2.0048819,3.729779,0.0,0.14299974,1.6044154,1.0
3225,4.3916044,1.2623122,1.2570865,0.6470981,0.0,0.0,1.0,2.0048819,3.7172594,0.0,0.13532546,1.5183122,1.0
3226,4.4351125,1.2480519,1.3537384,0.58529115,0.0,0.0,1.0,2.0048819,3.6507485,0.0,0.14384131,1.6138576,1.0
3227,3.9345095,1.2232679,1.2468232,0.6644101,0.0,0.0,1.0,2.0048819,3.535154,0.0,0.11789634,1.3227626,1.0
3228,4.1977105,1.2633506,1.2487497,0.7952965,0.0,0.0,1.0,2.0048819,3.7221029,0.0,0.12166837,1.3650837,1.0
3229,4.4619455,1.2603903,1.3082424,0.81706107,0.0,0.0,1.0,1.3396435,3.7082956,0.0,0.14088307,1.580667,1.0
3230,5.0553055,1.4021649,1.3610692,0.7895045,0.0,0.0,1.0,1.3396435,4.3695436,0.0,0.12909459,1.4484036,1.0
3231,6.536684,1.7440926,1.5622993,0.71529925,0.0,0.0,1.0,1.3396435,5.964321,0.0,0.113566585,1.274184,1.0
3232,4.9104323,1.27186,1.3690583,0.63289446,0.0,0.0,1.0,1.3396435,3.7617912,0.0,0.16688599,1.8724122,1.0
3233,4.8890367,1.3564026,1.3557528,0.5321855,0.0,0.0,1.0,1.3396435,4.1561046,0.0,0.13403727,1.5038592,1.0
3234,4.6026173,1.3363568,1.351845,0.49420115,0.0,0.0,1.0,0.33607408,4.062609,0.0,0.122977845,1.3797756,1.0
3235,4.6634026,1.3303698,1.3302643,0.46886212,0.0,0.0,1.0,0.5432764,4.0346856,0.0,0.12881109,1.4452229,1.0
3236,4.640266,1.2913873,1.2662125,0.58415616,0.0,0.0,1.0,0.5432764,3.8528683,0.0,0.14117163,1.5839046,1.0
3237,3.2238383,1.0753021,1.107133,0.3808334,0.0,0.0,1.0,0.5432764,2.84503,0.0,0.123035386,1.3804212,1.0
3238,3.4443681,1.1023198,1.1356065,0.697851,0.0,0.0,1.0,0.5432764,2.9710426,0.0,0.12969854,1.4551799,1.0
3239,4.2125063,1.1989145,1.2650642,0.92533,0.0,0.0,1.0,0.5432764,3.421568,0.0,0.14799532,1.6604644,1.0
3240,4.6978908,1.2509117,1.3051554,0.51902705,0.0,0.0,1.0,0.5432764,3.6640868,0.0,0.1609782,1.8061285,1.0
3241,4.8575373,1.2455776,1.2089449,0.55055004,0.0,0.0,1.0,0.5432764,3.639208,0.0,0.17438158,1.9565105,1.0
3242,4.532782,1.2483121,1.1813722,0.65139407,0.0,0.0,1.0,0.5432764,3.651962,0.0,0.15054907,1.6891167,1.0
3243,5.064555,1.2556758,1.2073171,0.55055004,0.0,0.0,1.0,0.5432764,3.686307,0.0,0.18433972,2.068238,1.0
3244,4.2403455,1.2325633,1.1733887,0.65139407,0.0,0.0,1.0,0.5432764,3.5785081,0.0,0.13622656,1.5284224,1.0
3245,3.1463783,1.0696176,1.0736166,0.50754863,0.0,0.0,1.0,0.5432764,2.8185172,0.0,0.11875122,1.3323541,1.0
3246,4.2262177,1.1736823,1.1551725,0.74273384,0.0,0.0,1.0,0.5432764,3.303883,0.0,0.1602198,1.7976195,1.0
3247,4.267208,1.2109742,1.1160474,0.7483538,0.0,0.0,1.0,0.5432764,3.4778152,0.0,0.14693013,1.6485132,1.0
3248,3.9525065,1.2126296,1.1547229,0.77048075,0.0,0.0,1.0,0.5432764,3.4855359,0.0,0.123245835,1.3827823,1.0
3249,3.814559,1.1069821,1.1237503,0.5271998,0.0,0.0,1.0,0.5432764,2.992788,0.0,0.15905268,1.7845248,1.0
3250,4.056288,1.1607436,1.1422354,0.8644795,0.0,0.0,1.0,0.5432764,3.2435358,0.0,0.152939,1.715931,1.0
3251,4.410975,1.2165565,1.1786968,0.9081821,0.0,0.0,1.0,0.5432764,3.5038517,0.0,0.15505703,1.7396947,1.0
3252,4.0525985,1.160813,1.1322877,0.8140975,0.0,0.0,1.0,0.5432764,3.2438593,0.0,0.15261763,1.7123253,1.0
3253,3.572282,1.03941,1.122523,0.7246447,0.0,0.0,1.0,0.5432764,2.6776264,0.0,0.17421451,1.9546361,1.0
3254,3.6743228,1.049484,1.061048,0.7231024,0.0,0.0,1.0,0.67449075,2.7246122,0.0,0.17789291,1.9959066,1.0
3255,4.531512,1.1778992,1.3931487,0.5541629,0.0,0.0,1.0,0.67449075,3.323551,0.0,0.18168409,2.0384426,1.0
3256,3.7473915,1.09646,1.1069236,0.45823553,0.0,0.0,1.0,0.67449075,2.943712,0.0,0.15865338,1.7800447,1.0
3257,3.5426989,1.082109,1.4748564,0.61788243,0.0,0.0,1.0,0.67449075,2.8767776,0.0,0.14807661,1.6613764,1.0
3258,3.6788726,1.103614,1.2512699,0.7854968,0.0,0.0,1.0,0.67449075,2.9770787,0.0,0.14915906,1.6735212,1.0
3259,4.3972673,1.3224949,1.5134872,0.3715773,0.0,0.0,1.0,0.67449075,3.9979563,0.0,0.1145634,1.285368,1.0
3260,3.7366126,1.1258084,1.4976665,0.6069147,0.0,0.0,1.0,0.67449075,3.080595,0.0,0.14335781,1.6084329,1.0
3261,3.799218,1.1253003,1.1256864,0.47082296,0.0,0.0,1.0,0.67449075,3.0782254,0.0,0.1487748,1.66921,1.0
3262,3.6721349,1.1299167,1.5410056,0.6069147,0.0,0.0,1.0,0.67449075,3.0997565,0.0,0.1361514,1.5275791,1.0
3263,4.0863256,1.1720979,1.2698871,0.71294934,0.0,0.0,1.0,0.67449075,3.2964933,0.0,0.15014336,1.6845647,1.0
3264,6.0347056,1.5542802,1.537175,0.84005266,0.0,0.0,1.0,0.67449075,5.079021,0.0,0.13704537,1.5376091,1.0
3265,4.686147,1.3362216,1.5502288,0.8652061,0.0,0.0,1.0,0.67449075,4.061979,0.0,0.1282593,1.439032,1.0
3266,4.2847867,1.2161522,1.5542421,0.8681323,0.0,0.0,1.0,0.67449075,3.5019658,0.0,0.1460536,1.6386788,1.0
3267,4.0199423,1.1538945,1.1709313,0.69794935,0.0,0.0,1.0,0.67449075,3.2115912,0.0,0.15322477,1.7191372,1.0
3268,4.3575807,1.2135044,1.2707485,0.83085966,0.0,0.0,1.0,1.1269385,3.4896164,0.0,0.15246835,1.7106504,1.0
3269,4.468281,1.2305399,1.5094558,0.81504774,0.0,0.0,1.0,1.3521231,3.5690713,0.0,0.15328766,1.7198429,1.0
3270,4.324553,1.2344817,1.2650945,0.5868184,0.0,0.0,1.0,1.3521231,3.587456,0.0,0.14145137,1.5870432,1.0
3271,4.4440026,1.2778172,1.3068607,0.67919886,0.0,0.0,1.0,1.3521231,3.7895763,0.0,0.13310534,1.4934031,1.0
3272,4.8761806,1.2729342,1.6174531,0.6209006,0.0,0.0,1.0,1.3521231,3.7668014,0.0,0.16412823,1.841471,1.0
3273,4.9946823,1.2946111,1.3042376,0.7624424,0.0,0.0,1.0,1.3521231,3.8679042,0.0,0.16331336,1.8323283,1.0
3274,4.722848,1.3142214,1.3763709,0.81556815,0.0,0.0,1.0,1.3521231,3.9593682,0.0,0.13823347,1.5509392,1.0
3275,4.9316006,1.3040283,1.5601996,0.75411904,0.0,0.0,1.0,1.3521231,3.9118266,0.0,0.1555146,1.7448285,1.0
3276,4.6931157,1.297987,1.294879,0.5757247,0.0,0.0,1.0,1.3521231,3.8836496,0.0,0.14220619,1.595512,1.0
3277,4.7629514,1.2999042,1.289423,0.5757247,0.0,0.0,1.0,1.3521231,3.8925917,0.0,0.14606792,1.6388395,1.0
3278,4.603609,1.283806,1.2970196,0.7243483,0.0,0.0,1.0,1.3521231,3.8175082,0.0,0.14156717,1.5883424,1.0
3279,4.667977,1.3506286,1.3935845,0.71040267,0.0,0.0,1.0,1.3521231,4.129174,0.0,0.12235783,1.3728192,1.0
3280,4.291151,1.2590806,1.3245461,0.6967121,0.0,0.0,1.0,1.3521231,3.7021875,0.0,0.12964056,1.4545294,1.0
3281,4.37887,1.2357738,1.289994,0.7178207,0.0,0.0,1.0,1.3521231,3.5934825,0.0,0.14478576,1.624454,1.0
3282,4.819595,1.2507395,1.6155132,0.7276115,0.0,0.0,1.0,2.0297554,3.6632833,0.0,0.16951011,1.901854,1.0
3283,16.0,1.7079157,1.7854445,0.6996329,0.0,0.0,1.0,949.7829,5.795589,20.0,0.17098938,1.9184511,1.0
3284,16.0,1.4635341,1.5213343,0.47431684,0.0,0.0,1.0,7444.72,4.6557746,20.0,0.12099513,1.3575301,1.0
3285,16.0,1.2304038,1.3393855,0.58532923,0.0,0.0,1.0,9265.359,3.5684364,20.0,0.1282359,1.4387695,1.0
3286,16.0,1.5154816,1.594979,0.6969405,0.0,0.0,1.0,11070.669,4.8980613,20.0,0.14165449,1.5893221,1.0
3287,16.0,1.4114653,1.4739276,0.277201,0.0,0.0,1.0,11967.709,4.4129214,20.0,0.13791804,1.5474002,1.0
3288,16.0,1.3971678,1.4095209,0.55827814,0.0,0.0,1.0,12861.077,4.3462367,20.0,0.14196448,1.5928001,1.0
3289,16.0,1.5336491,1.4088528,0.74586403,0.0,0.0,1.0,12861.077,4.982796,20.0,0.14685161,1.6476324,1.0
3290,16.0,1.3060621,1.6029414,0.828054,0.0,0.0,1.0,13750.824,3.9213126,20.0,0.14493892,1.6261724,1.0
3291,16.0,1.5286514,1.4581945,0.84603417,0.0,0.0,1.0,13750.824,4.9594865,20.0,0.1430788,1.6053025,1.0
3292,16.0,1.1387856,1.3618453,0.5808206,0.0,0.0,1.0,14637.0,3.1411219,20.0,0.15774328,1.7698336,1.0
3293,16.0,1.6883562,1.6743978,0.40265086,0.0,0.0,1.0,14637.0,5.704362,20.0,0.14145872,1.5871257,1.0
3294,16.0,1.711913,1.7159699,0.2732274,0.0,0.0,1.0,15519.659,5.814233,20.0,0.12017826,1.3483651,1.0
3295,16.0,1.5588809,1.7033039,0.4714027,0.0,0.0,1.0,15519.659,5.100479,20.0,0.15866794,1.780208,1.0
3296,16.0,1.6255684,1.7273761,0.46886212,0.0,0.0,1.0,16398.848,5.4115148,20.0,0.15402098,1.7280705,1.0
3297,16.0,1.6262852,1.725714,0.5321855,0.0,0.0,1.0,16398.848,5.4148583,20.0,0.12346113,1.3851979,1.0
3298,16.0,1.6235714,1.6685711,0.7866518,0.0,0.0,1.0,16398.848,5.4022007,20.0,0.1458252,1.6361164,1.0
3299,16.0,1.5177392,1.5601587,0.94813573,0.0,0.0,1.0,16398.848,4.908591,20.0,0.14033568,1.5745255,1.0
3300,16.0,1.2175124,1.285653,0.8321022,0.0,0.0,1.0,16398.848,3.5083096,20.0,0.15654765,1.7564191,1.0
3301,16.0,1.2684959,1.2841861,0.89503115,0.0,0.0,1.0,16398.848,3.746101,20.0,0.15826997,1.775743,1.0
3302,16.0,1.2048705,1.275144,0.81079715,0.0,0.0,1.0,16398.848,3.4493468,20.0,0.16377753,1.8375362,1.0
3303,16.0,1.1755005,1.1342912,0.8587093,0.0,0.0,1.0,16398.848,3.3123631,20.0,0.16498756,1.8511124,1.0
3304,16.0,1.5501243,1.5851607,0.6007234,0.0,0.0,1.0,16398.848,5.0596375,20.0,0.12145903,1.3627349,1.0
3305,16.0,1.5464276,1.4920532,0.46905538,0.0,0.0,1.0,16398.848,5.042396,20.0,0.13388254,1.5021231,1.0
3306,16.0,1.2917516,1.544946,0.74359345,0.0,0.0,1.0,16398.848,3.8545673,20.0,0.12304943,1.3805788,1.0
3307,16.0,1.5062621,1.4426892,0.59549844,0.0,0.0,1.0,16398.848,4.855061,20.0,0.09928765,1.1139785,1.0
3308,16.0,1.2447423,1.3760004,0.85910547,0.0,0.0,1.0,16398.848,3.635312,20.0,0.10580529,1.1871046,1.0
3309,16.0,1.314564,1.4859085,0.8080463,0.0,0.0,1.0,16398.848,3.960966,20.0,0.121603146,1.3643519,1.0
3310,16.0,1.3500221,1.5007075,0.8383728,0.0,0.0,1.0,16398.848,4.126345,20.0,0.120379366,1.3506215,1.0
3311,16.0,1.359406,1.4256448,0.6097249,0.0,0.0,1.0,16398.848,4.1701126,20.0,0.14280915,1.602277,1.0
3312,16.0,1.3328451,1.4127662,0.61443204,0.0,0.0,1.0,16398.848,4.0462303,20.0,0.13347827,1.4975873,1.0
3313,16.0,1.277638,1.266545,0.8299617,0.0,0.0,1.0,12861.077,3.7887402,20.0,0.13318992,1.4943521,1.0
3314,16.0,1.1957959,1.0324878,0.6641083,0.0,0.0,1.0,7444.72,3.4070225,20.0,0.12972468,1.4554732,1.0
3315,3.3574226,1.081336,1.1396741,0.8559104,0.0,0.0,1.0,9.272486,2.8731725,1.0669248,0.13204873,1.4815482,1.0
3316,3.401379,1.0780988,1.2614821,0.71916926,0.0,0.0,1.0,3.3263993,2.8580737,0.17163883,0.13753729,1.5431283,1.0
3317,3.282997,1.0717987,1.0311595,0.6326544,0.0,0.0,1.0,3.3263993,2.8286898,0.17163883,0.13002804,1.4588767,1.0
3318,3.421346,1.1039715,1.2269384,0.72297156,0.0,0.0,1.0,2.6671205,2.9787462,0.07237302,0.12696685,1.4245311,1.0
3319,3.658175,1.1090524,1.1723555,0.68763536,0.0,0.0,1.0,2.6671205,3.002444,0.07237302,0.14474505,1.6239973,1.0
3320,3.169714,1.0645477,1.1718485,0.5645533,0.0,0.0,1.0,2.0048819,2.7948704,0.0,0.12328267,1.3831956,1.0
3321,3.8560457,1.226132,1.1707286,0.6334131,0.0,0.0,1.0,2.0048819,3.5485125,0.0,0.11119856,1.2476155,1.0
3322,3.897756,1.1731218,1.1907196,0.60334307,0.0,0.0,1.0,2.0048819,3.3012686,0.0,0.13514084,1.5162408,1.0
3323,4.080374,1.1783481,1.1995852,0.8529173,0.0,0.0,1.0,2.0048819,3.3256443,0.0,0.14692064,1.6484067,1.0
3324,4.3386035,1.2199969,1.2099645,0.5030053,0.0,0.0,1.0,2.0048819,3.519898,0.0,0.14835972,1.6645528,1.0
3325,3.7085097,1.1097351,1.2248551,0.65364707,0.0,0.0,1.0,2.0048819,3.0056283,0.0,0.14868097,1.6681572,1.0
3326,4.496188,1.21467,1.2450323,0.7267611,0.0,0.0,1.0,1.3396435,3.4950523,0.0,0.1620729,1.8184106,1.0
3327,4.58219,1.2155119,1.379261,0.7504268,0.0,0.0,1.0,1.3396435,3.4989796,0.0,0.16796434,1.884511,1.0
3328,3.6863139,1.1305531,1.1537337,0.6202415,0.0,0.0,1.0,1.3396435,3.102725,0.0,0.13702652,1.5373976,1.0
3329,6.0051804,1.5650189,1.5756873,0.58849883,0.0,0.0,1.0,1.3396435,5.1291075,0.0,0.13262483,1.488012,1.0
3330,5.0111446,1.3065786,1.3593674,0.61368644,0.0,0.0,1.0,1.3396435,3.9237218,0.0,0.1597038,1.7918302,1.0
3331,4.5641465,1.3335534,1.3128568,0.5317635,0.0,0.0,1.0,2.9652617,4.0495343,0.11726333,0.121490136,1.363084,1.0
3332,4.4451046,1.3391196,1.2761393,0.43204823,0.0,0.0,1.0,2.184153,4.0754952,0.0,0.11222358,1.2591159,1.0
3333,4.9574313,1.4700903,1.4240973,0.4864588,0.0,0.0,1.0,2.3974826,4.6863527,0.03177439,0.10385915,1.1652694,1.0
3334,5.2497663,1.4822505,1.380364,0.5020339,0.0,0.0,1.0,2.8215342,4.7430687,0.095622666,0.11633331,1.3052258,1.0
3335,5.098115,1.352201,1.2467,0.74586403,0.0,0.0,1.0,2.8215342,4.136508,0.095622666,0.14832783,1.6641951,1.0
3336,5.3959045,1.3540639,1.351007,0.4142062,0.0,0.0,1.0,3.03228,4.1451964,0.12735409,0.16596426,1.8620707,1.0
3337,5.350094,1.5524956,1.4494727,0.5443499,0.0,0.0,1.0,3.2421896,5.070698,0.15895961,0.10316032,1.1574287,1.0
3338,6.4798546,1.4571072,1.4026725,0.67030466,0.0,0.0,1.0,3.2421896,4.6257987,0.15895961,0.19119613,2.145165,1.0
3339,6.5696335,1.5112334,1.4718257,0.48222867,0.0,0.0,1.0,3.451274,4.8782477,0.19044086,0.17742246,1.9906284,1.0
3340,6.88842,1.5556316,1.5340413,0.277201,0.0,0.0,1.0,3.451274,5.0853243,0.19044086,0.17942113,2.0130527,1.0
3341,7.0364203,1.574039,1.5271387,0.64333946,0.0,0.0,1.0,3.659545,5.171178,0.22179966,0.18098249,2.0305707,1.0
3342,5.8853636,1.5970262,1.5530181,0.46905538,0.0,0.0,1.0,3.659545,5.278392,0.22179966,0.11841197,1.3285478,1.0
3343,7.0292788,1.5962857,1.5501869,0.79682523,0.0,0.0,1.0,3.659545,5.274938,0.22179966,0.17382175,1.9502294,1.0
3344,7.6585746,1.6511314,1.6065097,0.48204985,0.0,0.0,1.0,3.8670137,5.5307426,0.25303766,0.1871014,2.0992231,1.0
3345,7.5698724,1.6700357,1.6241124,0.668285,0.0,0.0,1.0,3.8670137,5.618914,0.25303766,0.17754793,1.9920361,1.0
3346,7.616542,1.6820999,1.6575634,0.4817364,0.0,0.0,1.0,3.8670137,5.6751823,0.25303766,0.1762406,1.9773681,1.0
3347,7.829163,1.6558847,1.6420337,0.4817364,0.0,0.0,1.0,3.8670137,5.5529127,0.25303766,0.19351664,2.1712003,1.0
3348,7.7989035,1.6916322,1.6641496,0.42036426,0.0,0.0,1.0,3.8670137,5.719641,0.25303766,0.18170325,2.0386577,1.0
3349,7.847385,1.672477,1.6580064,0.65824544,0.0,0.0,1.0,3.8670137,5.6303005,0.25303766,0.1894058,2.125078,1.0
3350,7.5340433,1.69598,1.6633638,0.4258674,0.0,0.0,1.0,3.8670137,5.73992,0.25303766,0.16872588,1.8930552,1.0
3351,8.370753,1.6240497,1.6417941,0.49914187,0.0,0.0,1.0,3.2233195,5.4044313,0.1561184,0.22890039,2.5681956,1.0
3352,8.456145,1.6335037,1.6323501,0.45786044,0.0,0.0,1.0,2.7394426,5.4485254,0.08326237,0.22969945,2.5771608,1.0
3353,8.322743,1.6119666,1.6062545,0.45786044,0.0,0.0,1.0,2.7394426,5.348075,0.08326237,0.23077068,2.5891798,1.0
3354,8.154322,1.5879327,1.5786188,0.45786044,0.0,0.0,1.0,2.7394426,5.235979,0.08326237,0.23106362,2.5924666,1.0
3355,7.7221074,1.5401417,1.5437132,0.45786044,0.0,0.0,1.0,2.7394426,5.013078,0.08326237,0.22674194,2.5439785,1.0
3356,7.1166344,1.4767014,1.5052931,0.45931733,0.0,0.0,1.0,2.7394426,4.7171874,0.08326237,0.21866128,2.4533157,1.0
3357,6.4164443,1.4349397,1.3978842,0.86582434,0.0,0.0,1.0,2.4116995,4.522408,0.03391499,0.19578087,2.1966043,1.0
3358,6.857884,1.4478182,1.4637054,0.67610854,0.0,0.0,1.0,2.584553,4.5824738,0.059941065,0.21557635,2.4187038,1.0
3359,6.609579,1.4331543,1.4384716,0.7629094,0.0,0.0,1.0,2.2260628,4.5140805,0.005964171,0.20734274,2.3263252,1.0
3360,4.652095,1.2115439,1.4517897,0.85079044,0.0,0.0,1.0,1.3055861,3.4804723,0.0,0.1748524,1.961793,1.0
3361,6.2224927,1.5243908,1.6037868,0.7636892,0.0,0.0,1.0,0.451654,4.939615,0.0,0.15526558,1.7420347,1.0
3362,4.0075035,1.1866678,1.4954821,0.80290014,0.0,0.0,1.0,0.4648396,3.3644483,0.0,0.13780148,1.5460925,1.0
3363,4.240512,1.2298448,1.2842952,0.4732614,0.0,0.0,1.0,0.49431354,3.5658293,0.0,0.13731138,1.5405937,1.0
3364,4.8178873,1.2702502,1.3392532,0.7265587,0.0,0.0,1.0,0.4648396,3.7542832,0.0,0.1612734,1.8094406,1.0
3365,4.809533,1.3326963,1.3176614,0.6738457,0.0,0.0,1.0,0.4476375,4.0455365,0.0,0.13722007,1.5395693,1.0
3366,5.140596,1.3322064,1.3114915,0.6319722,0.0,0.0,1.0,0.4476375,4.0432515,0.0,0.15824234,1.775433,1.0
3367,5.857539,1.3123027,1.3305085,0.59482324,0.0,0.0,1.0,0.4272638,3.9504192,0.0,0.21206662,2.3793256,1.0
3368,5.835913,1.3103111,1.3480768,0.77597,0.0,0.0,1.0,0.40286946,3.9411302,0.0,0.21155922,2.373633,1.0
3369,5.760286,1.4658082,1.5670224,0.7893552,0.0,0.0,1.0,0.5233959,4.666381,0.0,0.1488255,1.6697787,1.0
3370,6.7817087,1.4618902,1.4031043,0.72740257,0.0,0.0,1.0,0.50471956,4.648107,0.0,0.20602165,2.311503,1.0
3371,6.2272806,1.4591739,1.4202118,0.8517018,0.0,0.0,1.0,0.50471956,4.635438,0.0,0.17657885,1.9811633,1.0
3372,6.3381405,1.4587628,1.4025121,0.72740257,0.0,0.0,1.0,0.50471956,4.6335206,0.0,0.18281318,2.0511107,1.0
3373,5.34659,1.3087081,1.3894854,0.7584682,0.0,0.0,1.0,0.50471956,3.9336536,0.0,0.18059851,2.0262628,1.0
3374,5.2434597,1.3054961,1.3329864,0.7814433,0.0,0.0,1.0,0.50471956,3.9186728,0.0,0.1752198,1.9659152,1.0
3375,5.272529,1.3115424,1.3724244,0.63358796,0.0,0.0,1.0,0.48065343,3.9468732,0.0,0.17466077,1.959643,1.0
3376,5.475222,1.3334136,1.3803092,0.48222867,0.0,0.0,1.0,0.4486373,4.048882,0.0,0.17883836,2.0065143,1.0
3377,5.642966,1.3451192,1.315195,0.8667395,0.0,0.0,1.0,0.67449075,4.103478,0.0,0.1846665,2.0719044,1.0
3378,5.4059973,1.3465608,1.3746413,0.48222867,0.0,0.0,1.0,0.67902166,4.110202,0.0,0.16941191,1.9007523,1.0
3379,5.1782126,1.304596,1.3846351,0.42810458,0.0,0.0,1.0,0.68361384,3.9144742,0.0,0.17134066,1.9223922,1.0
3380,6.0409865,1.4233849,1.3916789,0.41420618,0.0,0.0,1.0,0.68361384,4.4685154,0.0,0.17874162,2.0054288,1.0
3381,5.0678124,1.2817863,1.367037,0.83866286,0.0,0.0,1.0,0.67449075,3.8080885,0.0,0.17336896,1.9451492,1.0
3382,5.280461,1.3517928,1.6135666,0.790929,0.0,0.0,1.0,0.67449075,4.134604,0.0,0.15970322,1.7918236,1.0
3383,5.482965,1.3777802,1.3640153,0.70267123,0.0,0.0,1.0,0.67449075,4.255811,0.0,0.16255778,1.823851,1.0
3384,4.3781233,1.2043165,1.2787508,0.82589835,0.0,0.0,1.0,0.67449075,3.446763,0.0,0.15793969,1.7720373,1.0
3385,4.7860246,1.2845088,1.2747117,0.7761159,0.0,0.0,1.0,1.0140651,3.8207865,0.0,0.15346159,1.7217944,1.0
3386,3.7889922,1.179646,1.2609184,0.8209597,0.0,0.0,1.0,1.0140651,3.3316982,0.0,0.12408153,1.3921586,1.0
3387,4.145511,1.2672,1.3345933,0.8770407,0.0,0.0,1.0,1.0140651,3.7400568,0.0,0.11673553,1.3097386,1.0
3388,4.978011,1.3596911,1.3676652,0.49023375,0.0,0.0,1.0,1.0140651,4.1714425,0.0,0.13836746,1.5524426,1.0
3389,5.9813247,1.3575623,1.3789527,0.6759079,0.0,0.0,1.0,1.0140651,4.1615133,0.0,0.2004879,2.2494159,1.0
3390,4.971326,1.2404796,1.3288172,0.67020285,0.0,0.0,1.0,1.0140651,3.6154306,0.0,0.18463175,2.0715144,1.0
3391,4.759812,1.2463886,1.3789473,0.6719459,0.0,0.0,1.0,1.0140651,3.6429906,0.0,0.16719742,1.8759063,1.0
3392,4.4206185,1.2365608,1.3002093,0.68372715,0.0,0.0,1.0,1.0140651,3.5971532,0.0,0.14742462,1.6540613,1.0
3393,4.352185,1.246079,1.2457104,0.59764373,0.0,0.0,1.0,1.0140651,3.6415465,0.0,0.13882394,1.5575641,1.0
3394,4.6912274,1.2396332,1.2919536,0.67020285,0.0,0.0,1.0,1.0140651,3.611483,0.0,0.16526411,1.8542153,1.0
3395,4.146527,1.2359389,1.2527901,0.7220119,0.0,0.0,1.0,1.0140651,3.5942526,0.0,0.12825766,1.4390136,1.0
3396,3.8428998,1.1615853,1.152061,0.83442074,0.0,0.0,1.0,1.3552212,3.2474616,0.0,0.13582094,1.5238714,1.0
3397,4.0589075,1.1738151,1.4573551,0.75411904,0.0,0.0,1.0,1.3552212,3.3045025,0.0,0.14726534,1.6522743,1.0
3398,4.1926336,1.177449,1.3037437,0.5731647,0.0,0.0,1.0,1.3552212,3.321451,0.0,0.15592198,1.7493992,1.0
3399,4.4036207,1.1696262,1.210967,0.51409453,0.0,0.0,1.0,1.3552212,3.284965,0.0,0.1758482,1.9729656,1.0
3400,4.195867,1.1756078,1.331055,0.58575815,0.0,0.0,1.0,1.3552212,3.3128636,0.0,0.15700376,1.7615365,1.0
3401,3.8308725,1.1279938,1.1322633,0.70352364,0.0,0.0,1.0,1.3552212,3.0907881,0.0,0.15010536,1.6841384,1.0
3402,2.8536758,0.99889505,1.3813927,0.68585545,0.0,0.0,1.0,1.3552212,2.4886615,0.0,0.12647921,1.4190599,1.0
3403,3.5954547,1.0878644,1.1002189,0.590649,0.0,0.0,1.0,1.3552212,2.9036214,0.0,0.14980415,1.6807588,1.0
3404,3.863207,1.1180459,1.1260664,0.7035236,0.0,0.0,1.0,1.3552212,3.0443904,0.0,0.15762039,1.7684548,1.0
3405,3.6471057,1.1043736,1.0719427,0.62548214,0.0,0.0,1.0,1.3552212,2.9806216,0.0,0.14607097,1.6388737,1.0
3406,3.7146058,1.0951914,1.0745833,0.6737658,0.0,0.0,1.0,1.3552212,2.937795,0.0,0.15646438,1.7554848,1.0
3407,5.014742,1.4269968,1.4972707,0.5715651,0.0,0.0,1.0,1.3552212,4.4853616,0.0,0.11918415,1.3372115,1.0
3408,2.9625006,0.99707156,1.0102586,0.5904209,0.0,0.0,1.0,1.3552212,2.4801567,0.0,0.13865429,1.5556607,1.0
3409,2.6472213,0.9641927,1.0249143,0.47082296,0.0,0.0,1.0,1.3552212,2.326807,0.0,0.12419615,1.3934447,1.0
3410,2.6437323,0.9369304,0.9708934,0.48193192,0.0,0.0,1.0,1.3552212,2.1996536,0.0,0.14053985,1.5768162,1.0
3411,2.502856,0.9066581,0.9439931,0.55839616,0.0,0.0,1.0,1.3552212,2.0584612,0.0,0.14410533,1.6168199,1.0
3412,2.1149821,0.86397964,0.9579149,0.74491715,0.0,0.0,1.0,1.3552212,1.8594054,0.0,0.12413126,1.3927166,1.0
3413,2.118301,0.85936826,0.9072858,0.68817526,0.0,0.0,1.0,1.3552212,1.8378977,0.0,0.12798074,1.4359066,1.0
3414,2.0489767,0.86495304,0.8898906,0.6094844,0.0,0.0,1.0,1.3552212,1.8639455,0.0,0.114407994,1.2836244,1.0
3415,2.064959,0.8652164,0.894022,0.44331145,0.0,0.0,1.0,1.3552212,1.8651737,0.0,0.11640574,1.3060385,1.0
3416,2.1484604,0.864819,0.8830819,0.62312764,0.0,0.0,1.0,0.9569123,1.8633202,0.0,0.12809806,1.4372228,1.0
3417,2.524841,0.9146789,0.9008791,0.43848398,0.0,0.0,1.0,1.014087,2.0958707,0.0,0.14124991,1.5847828,1.0
3418,2.8695397,0.9654812,1.1145613,0.7784851,0.0,0.0,1.0,1.014087,2.3328168,0.0,0.14771837,1.6573571,1.0
3419,2.1556454,0.85178024,0.8643255,0.42815343,0.0,0.0,1.0,1.014087,1.8025064,0.0,0.13901952,1.5597585,1.0
3420,2.2751317,0.83326626,0.9107417,0.58692056,0.0,0.0,1.0,1.014087,1.7161559,0.0,0.1720732,1.9306111,1.0
3421,2.711712,0.9002029,1.1772754,0.62156403,0.0,0.0,1.0,1.014087,2.0283535,0.0,0.17492254,1.96258,1.0
3422,2.8186338,0.901304,1.2062166,0.6229921,0.0,0.0,1.0,1.014087,2.0334892,0.0,0.18745257,2.1031632,1.0
3423,3.8127003,1.0668801,1.0792624,0.5321855,0.0,0.0,1.0,1.014087,2.8057492,0.0,0.18052123,2.0253956,1.0
3424,3.5650542,1.0351324,1.0638634,0.44409648,0.0,0.0,1.0,1.1269385,2.6576753,0.0,0.17607237,1.9754807,1.0
3425,2.9630804,0.9434061,1.1877735,0.6292358,0.0,0.0,1.0,0.6807304,2.2298567,0.0,0.1728644,1.9394883,1.0
3426,5.873817,1.428981,1.5290391,0.5500274,0.0,0.0,1.0,0.6807304,4.4946156,0.0,0.16727106,1.8767326,1.0
3427,3.2247188,0.9838011,1.314329,0.6523189,0.0,0.0,1.0,0.6807304,2.4182622,0.0,0.17405237,1.952817,1.0
3428,4.1114993,1.1260567,1.3866137,0.60559714,0.0,0.0,1.0,2.0054276,3.0817533,0.0,0.17421967,1.9546939,1.0
3429,4.76662,1.2893391,1.3506109,0.55764,0.0,0.0,1.0,2.9884844,3.8433151,0.12075991,0.15030608,1.6863904,1.0
3430,5.1835465,1.3897588,1.4150202,0.7482473,0.0,0.0,1.0,3.6369402,4.311681,0.21839613,0.1406225,1.5777434,1.0
3431,5.1035614,1.3085681,1.2237179,0.6148769,0.0,0.0,1.0,3.9591515,3.9330008,0.2669106,0.16492033,1.850358,1.0
3432,6.045824,1.3695593,1.2954367,0.7424113,0.0,0.0,1.0,5.8741746,4.2174683,0.5552504,0.19952638,2.238628,1.0
3433,5.990265,1.3482836,1.3361712,0.72740257,0.0,0.0,1.0,9.765183,4.118237,1.141109,0.20488694,2.2987719,1.0
3434,5.0197945,1.360643,1.3743018,0.54102063,0.0,0.0,1.0,9.765183,4.1758823,1.141109,0.14059238,1.5774056,1.0
3435,6.0527544,1.3274332,1.3920536,0.7424113,0.0,0.0,1.0,10.394504,4.0209894,1.2358639,0.2178029,2.443685,1.0
3436,4.401889,1.1224269,1.7517905,0.82452726,0.0,0.0,1.0,10.394504,3.0648236,1.2358639,0.20022467,2.2464623,1.0
3437,4.195611,1.1663721,1.3795125,0.8401456,0.0,0.0,1.0,11.021326,3.2697873,1.3302429,0.16123284,1.8089856,1.0
3438,4.3793907,1.1474563,1.2686212,0.8095902,0.0,0.0,1.0,11.021326,3.1815627,1.3302429,0.18500367,2.0756872,1.0
3439,5.180696,1.2913438,1.5989022,0.81017154,0.0,0.0,1.0,11.645684,3.8526654,1.4242508,0.1769092,1.9848696,1.0
3440,7.38625,1.668453,1.5712556,0.8036419,0.0,0.0,1.0,11.645684,5.6115317,1.4242508,0.16966644,1.903608,1.0
3441,5.2711816,1.4105706,1.430861,0.8122601,0.0,0.0,1.0,12.267613,4.4087486,1.517893,0.1389439,1.55891,1.0
3442,5.3630776,1.3290137,1.3714997,0.6518859,0.0,0.0,1.0,12.267613,4.028361,1.517893,0.17350334,1.946657,1.0
3443,6.173979,1.6628612,1.6073831,0.52523756,0.0,0.0,1.0,25.209717,5.5854516,3.46655,0.11596124,1.3010513,1.0
3444,3.4976027,1.0716654,1.155499,0.8828377,0.0,0.0,1.0,25.209717,2.828068,3.46655,0.14941727,1.6764182,1.0
3445,3.6502602,1.0675691,1.4633411,0.76819426,0.0,0.0,1.0,25.209717,2.8089628,3.46655,0.1653989,1.8557274,1.0
3446,3.6878486,1.1012092,1.4973688,0.67687184,0.0,0.0,1.0,25.209717,2.9658625,3.46655,0.15111981,1.6955203,1.0
3447,5.5176315,1.2037371,1.3513439,0.9598704,0.0,0.0,1.0,25.209717,3.444061,3.46655,0.24244872,2.7202039,1.0
3448,5.599654,1.2559539,1.3154097,0.9906937,0.0,0.0,1.0,25.209717,3.687604,3.46655,0.22116883,2.4814498,1.0
3449,5.608473,1.3150165,1.5050559,0.6992103,0.0,0.0,1.0,25.209717,3.9630766,3.46655,0.19485648,2.186233,1.0
3450,6.2918305,1.3709456,1.4960427,0.74132097,0.0,0.0,1.0,25.209717,4.223934,3.46655,0.2137989,2.3987613,1.0
3451,6.2679834,1.4205668,1.4785833,0.7449447,0.0,0.0,1.0,25.209717,4.4553714,3.46655,0.19273163,2.1623929,1.0
3452,7.095199,1.4390593,1.4201175,0.8840241,0.0,0.0,1.0,25.209717,4.5416217,3.46655,0.23231089,2.6064606,1.0
3453,7.3745284,1.4916651,1.46391,0.8088953,0.0,0.0,1.0,25.209717,4.7869797,3.46655,0.22677922,2.5443969,1.0
3454,6.564065,1.3859124,1.4165373,0.8773223,0.0,0.0,1.0,25.209717,4.2937407,3.46655,0.22377767,2.5107203,1.0
3455,6.3624907,1.367802,1.4293399,0.7723857,0.0,0.0,1.0,25.209717,4.2092724,3.46655,0.21939498,2.4615479,1.0
3456,7.2575154,1.5142156,1.4435337,0.58314097,0.0,0.0,1.0,25.209717,4.8921566,3.46655,0.21225412,2.3814294,1.0
3457,7.016479,1.5065272,1.4329553,0.60131127,0.0,0.0,1.0,21.463497,4.8562975,2.902492,0.2024042,2.2709162,1.0
3458,6.8944516,1.4929876,1.4207467,0.58409524,0.0,0.0,1.0,13.834128,4.793148,1.7537589,0.20076852,2.2525642,1.0
3459,6.5002503,1.4692526,1.395539,0.7614746,0.0,0.0,1.0,11.248265,4.6824455,1.3644125,0.18798983,2.1091912,1.0
3460,6.262202,1.4791774,1.4133979,0.74132097,0.0,0.0,1.0,9.946977,4.7287354,1.1684811,0.17170979,1.9265338,1.0
3461,6.0274687,1.4368258,1.3905205,0.4153689,0.0,0.0,1.0,8.640011,4.5312047,0.97169477,0.173219,1.9434667,1.0
3462,5.6447496,1.3317643,1.3955045,0.7056315,0.0,0.0,1.0,7.327289,4.0411897,0.7740419,0.19017656,2.1337256,1.0
3463,5.714057,1.3662734,1.3840536,0.62847394,0.0,0.0,1.0,7.327289,4.2021427,0.7740419,0.18075235,2.0279887,1.0
3464,6.4058576,1.4522071,1.3875443,0.4153689,0.0,0.0,1.0,7.327289,4.6029444,0.7740419,0.18887347,2.1191053,1.0
3465,5.802438,1.3845017,1.370255,0.4235086,0.0,0.0,1.0,6.0087314,4.287161,0.57551026,0.1791351,2.0098436,1.0
3466,6.141262,1.3748574,1.3789009,0.30129662,0.0,0.0,1.0,6.0087314,4.2421794,0.57551026,0.20312898,2.279048,1.0
3467,6.104827,1.359547,1.3834771,0.57022005,0.0,0.0,1.0,6.0087314,4.1707706,0.57551026,0.20721617,2.3249052,1.0
3468,6.665354,1.4559537,1.4684663,0.57314485,0.0,0.0,1.0,6.0087314,4.620419,0.57551026,0.20183523,2.2645326,1.0
3469,5.846329,1.373109,1.557617,0.77379924,0.0,0.0,1.0,6.0087314,4.2340245,0.57551026,0.18610035,2.0879917,1.0
3470,8.488017,1.7042054,1.6175724,0.7654821,0.0,0.0,1.0,4.6842546,5.778284,0.3760874,0.20854911,2.3398602,1.0
3471,7.4739738,1.8072339,1.8086686,0.6252185,0.0,0.0,1.0,4.6842546,6.258817,0.3760874,0.13857023,1.5547177,1.0
3472,6.4946804,1.4640257,1.4469562,0.5635618,0.0,0.0,1.0,4.6842546,4.658067,0.3760874,0.1895355,2.126533,1.0
3473,5.8829856,1.3613555,1.639798,0.69106734,0.0,0.0,1.0,4.6842546,4.1792054,0.3760874,0.19294629,2.1648011,1.0
3474,6.9464264,1.744832,1.6802297,0.459812,0.0,0.0,1.0,4.6842546,5.9677696,0.3760874,0.13088967,1.468544,1.0
3475,7.3418007,1.6134816,1.6106889,0.7206355,0.0,0.0,1.0,0.67449075,5.355141,0.0,0.18360083,2.0599477,1.0
3476,4.7859287,1.2470957,1.4811345,0.6783264,0.0,0.0,1.0,0.33569264,3.6462886,0.0,0.16872042,1.892994,1.0
3477,5.1121426,1.2474749,1.4260648,0.6468517,0.0,0.0,1.0,0.33569264,3.6480575,0.0,0.19132985,2.146665,1.0
3478,3.7206929,0.99205685,1.2332819,0.78286546,0.0,0.0,1.0,0.33569264,2.4567676,0.0,0.22013986,2.4699051,1.0
3479,5.3652,1.3625647,1.3826005,0.43204823,0.0,0.0,1.0,0.33569264,4.184845,0.0,0.16095522,1.8058707,1.0
3480,5.731396,1.3656135,1.3866128,0.46886203,0.0,0.0,1.0,0.33569264,4.1990647,0.0,0.18205771,2.0426345,1.0
3481,5.723897,1.3790535,1.3660209,0.6277834,0.0,0.0,1.0,0.5046981,4.26175,0.0,0.17649707,1.9802457,1.0
3482,5.8625145,1.3837259,1.3601745,0.6277834,0.0,0.0,1.0,0.5046981,4.2835426,0.0,0.18299776,2.0531816,1.0
3483,5.620946,1.3889807,1.3555877,0.6796414,0.0,0.0,1.0,0.5046981,4.3080516,0.0,0.16673559,1.8707247,1.0
3484,5.2048535,1.3934342,1.3626778,0.67195755,0.0,0.0,1.0,0.5046981,4.3288226,0.0,0.14066361,1.5782048,1.0
3485,6.196782,1.5591053,1.658596,0.5422083,0.0,0.0,1.0,0.5046981,5.101526,0.0,0.14380099,1.6134052,1.0
3486,6.2548285,1.5575314,1.5969207,0.6392544,0.0,0.0,1.0,0.5046981,5.094185,0.0,0.14714845,1.6509627,1.0
3487,6.052345,1.3039383,1.4213756,0.68575174,0.0,0.0,1.0,0.5046981,3.9114068,0.0,0.22851562,2.5638788,1.0
3488,5.5130816,1.2862289,1.5116776,0.69238657,0.0,0.0,1.0,0.5046981,3.828809,0.0,0.20114979,2.2568421,1.0
3489,4.613844,1.3683991,1.4017833,0.77025545,0.0,0.0,1.0,0.5046981,4.2120576,0.0,0.11342021,1.2725418,1.0
3490,5.073048,1.3641272,1.5661576,0.5727695,0.0,0.0,1.0,0.5046981,4.1921325,0.0,0.1426407,1.6003871,1.0
3491,4.984403,1.3693473,1.4300827,0.59161294,0.0,0.0,1.0,0.6805885,4.21648,0.0,0.13550754,1.5203551,1.0
3492,4.8932858,1.3673317,1.3690037,0.55348796,0.0,0.0,1.0,0.6867975,4.207079,0.0,0.13066489,1.4660219,1.0
3493,4.400471,1.2385575,1.2826128,0.5464613,0.0,0.0,1.0,0.78416944,3.6064656,0.0,0.14519392,1.6290334,1.0
3494,4.417924,1.2317512,1.2381343,0.51559985,0.0,0.0,1.0,1.0915107,3.5747209,0.0,0.14919649,1.6739411,1.0
3495,4.475906,1.2205203,1.2587479,0.5602158,0.0,0.0,1.0,1.3552212,3.5223386,0.0,0.15806876,1.7734854,1.0
3496,4.1227336,1.1930654,1.2489613,0.7019033,0.0,0.0,1.0,1.3552212,3.394287,0.0,0.14378007,1.6131705,1.0
3497,4.404639,1.1788777,1.1735983,0.740445,0.0,0.0,1.0,1.3552212,3.3281147,0.0,0.17150015,1.9241817,1.0
3498,4.6026764,1.1917988,1.1955761,0.68881017,0.0,0.0,1.0,1.3552212,3.3883796,0.0,0.18038945,2.023917,1.0
3499,3.433062,1.0955322,1.5237439,0.72569406,0.0,0.0,1.0,1.3552212,2.9393847,0.0,0.13189867,1.4798647,1.0
3500,3.7810118,1.1079581,1.1335075,0.5697167,0.0,0.0,1.0,1.3552212,2.99734,0.0,0.15570961,1.7470164,1.0
3501,4.071793,1.175976,1.202996,0.5456888,0.0,0.0,1.0,1.3552212,3.314581,0.0,0.14730428,1.6527112,1.0
3502,3.8437612,1.1060976,1.1584473,0.33259928,0.0,0.0,1.0,1.3552212,2.9886625,0.0,0.16198899,1.8174692,1.0
3503,4.2183027,1.1629931,1.1715293,0.5779869,0.0,0.0,1.0,1.3552212,3.2540274,0.0,0.16459121,1.8466654,1.0
3504,3.6264715,1.0911546,1.1040533,0.6122399,0.0,0.0,1.0,1.3552212,2.918967,0.0,0.15085235,1.6925194,1.0
3505,3.37376,1.0611123,1.1122221,0.65855813,0.0,0.0,1.0,1.3552212,2.7788475,0.0,0.14364672,1.6116743,1.0
3506,3.0525892,1.006204,1.0455328,0.59615684,0.0,0.0,1.0,1.3552212,2.522751,0.0,0.1426123,1.6000683,1.0
3507,2.9411669,0.9802208,1.02988,0.55790883,0.0,0.0,1.0,1.3552212,2.4015632,0.0,0.14634667,1.641967,1.0
3508,2.974892,0.9816632,1.0517691,0.57764727,0.0,0.0,1.0,1.3552212,2.4082909,0.0,0.14904155,1.6722027,1.0
3509,3.4822977,1.0711652,1.2458731,0.62344605,0.0,0.0,1.0,1.3552212,2.825735,0.0,0.14829798,1.6638601,1.0
3510,2.559262,0.92296517,1.0446781,0.7799637,0.0,0.0,1.0,0.9569123,2.1345186,0.0,0.13980193,1.568537,1.0
3511,3.2555702,1.0520997,1.0899061,0.78670204,0.0,0.0,1.0,1.014087,2.736812,0.0,0.1373981,1.5415666,1.0
3512,3.3578324,1.0435834,1.0792392,0.7093086,0.0,0.0,1.0,1.014087,2.6970913,0.0,0.15151472,1.699951,1.0
3513,3.2122252,1.0350537,1.1241997,0.7241753,0.0,0.0,1.0,1.014087,2.6573083,0.0,0.1423074,1.5966476,1.0
3514,2.9984355,1.0236924,1.0657251,0.6473004,0.0,0.0,1.0,1.014087,2.6043181,0.0,0.12766623,1.4323779,1.0
3515,3.0410352,0.99891216,1.0109229,0.67771137,0.0,0.0,1.0,1.014087,2.4887412,0.0,0.14564092,1.6340487,1.0
3516,3.3794086,1.0497872,1.174467,0.569017,0.0,0.0,1.0,1.014087,2.7260263,0.0,0.15016511,1.6848087,1.0
3517,3.3760664,1.0489037,1.1374874,0.62180525,0.0,0.0,1.0,1.014087,2.7219057,0.0,0.15033032,1.6866624,1.0
3518,2.914987,0.99503744,1.0767173,0.5746914,0.0,0.0,1.0,1.014087,2.4706693,0.0,0.13492508,1.51382,1.0
3519,3.3254733,1.0314971,1.0853386,0.7243483,0.0,0.0,1.0,1.1269385,2.6407201,0.0,0.15516202,1.7408726,1.0
3520,3.490759,1.0745912,1.1778505,0.85152054,0.0,0.0,1.0,0.6807304,2.8417141,0.0,0.14729159,1.6525687,1.0
3521,3.4793024,1.0878357,1.4057902,0.59784377,0.0,0.0,1.0,0.6807304,2.9034874,0.0,0.13963142,1.5666238,1.0
3522,3.758744,1.0809697,1.3313242,0.7559876,0.0,0.0,1.0,0.6807304,2.871464,0.0,0.16781674,1.8828549,1.0
3523,4.220914,1.0858089,1.1855261,0.7738005,0.0,0.0,1.0,0.6807304,2.8940344,0.0,0.20588462,2.3099654,1.0
3524,4.2616343,1.0995938,1.3714168,0.7860041,0.0,0.0,1.0,0.6807304,2.958328,0.0,0.20131795,2.2587287,1.0
3525,6.845254,1.4636093,1.3989192,0.8453507,0.0,0.0,1.0,0.6807304,4.656125,0.0,0.20885724,2.3433173,1.0
3526,7.5059514,1.6490119,1.5080246,0.69294053,0.0,0.0,1.0,0.6807304,5.520857,0.0,0.18069296,2.0273223,1.0
3527,4.2186565,1.1071074,1.3494684,0.7622732,0.0,0.0,1.0,0.6807304,2.9933724,0.0,0.19336694,2.1695209,1.0
3528,3.9516015,1.1063516,1.407804,0.6183539,0.0,0.0,1.0,0.67449075,2.9898472,0.0,0.17104428,1.9190669,1.0
3529,5.834077,1.3354018,1.3781105,0.8975686,0.0,0.0,1.0,0.67449075,4.058155,0.0,0.20057003,2.2503374,1.0
3530,3.3809903,0.9401718,1.1322335,0.92716414,0.0,0.0,1.0,0.67449075,2.2147715,0.0,0.22322042,2.5044682,1.0
3531,3.9533656,1.0181715,1.0572854,0.90377384,0.0,0.0,1.0,0.67449075,2.5785685,0.0,0.22490092,2.5233228,1.0
3532,4.023405,1.0402197,0.9900243,0.7274026,0.0,0.0,1.0,0.67449075,2.6814027,0.0,0.21657944,2.429958,1.0
3533,5.7571187,1.320657,1.687759,0.9347884,0.0,0.0,1.0,0.67449075,3.9893844,0.0,0.20196845,2.2660272,1.0
3534,4.8417907,1.3942531,1.4454421,0.49986306,0.0,0.0,1.0,0.67449075,4.3326426,0.0,0.1190544,1.3357557,1.0
3535,6.013642,1.3232388,1.4642793,0.84478533,0.0,0.0,1.0,0.67449075,4.001426,0.0,0.21718788,2.4367847,1.0
3536,5.6921225,1.2250098,1.2275298,0.8683167,0.0,0.0,1.0,4.636243,3.5432782,0.3688584,0.24356543,2.732733,1.0
3537,4.16557,1.0171719,1.2865349,0.8683167,0.0,0.0,1.0,6.5798187,2.573906,0.6614973,0.24660294,2.766813,1.0
3538,4.023964,1.0106511,1.3005638,0.8483421,0.0,0.0,1.0,16.398218,2.5434926,2.1398268,0.23735338,2.6630359,1.0
3539,16.0,1.2644061,1.3872709,0.768187,0.0,0.0,1.0,12917.492,3.7270257,20.0,0.22991605,2.579591,1.0
3540,16.0,1.4127785,1.3849441,0.7274026,0.0,0.0,1.0,13810.86,4.4190464,20.0,0.21265422,2.3859184,1.0
3541,16.0,1.3984532,1.431108,0.72740257,0.0,0.0,1.0,13810.86,4.352232,20.0,0.21365082,2.3971,1.0
3542,16.0,1.2092786,1.3548913,0.76872545,0.0,0.0,1.0,14700.607,3.4699068,20.0,0.21343026,2.3946252,1.0
3543,16.0,1.4207201,1.4786649,0.81397015,0.0,0.0,1.0,15586.783,4.4560866,20.0,0.24195333,2.7146459,1.0
3544,16.0,1.2502654,1.5073481,0.81397015,0.0,0.0,1.0,15586.783,3.6610723,20.0,0.24243659,2.720068,1.0
3545,16.0,1.0654548,1.5483918,0.81397015,0.0,0.0,1.0,16469.441,2.7991016,20.0,0.23932503,2.685157,1.0
3546,16.0,1.3301606,1.5814884,0.81397015,0.0,0.0,1.0,16469.441,4.03371,20.0,0.24339202,2.7307875,1.0
3547,16.0,1.4723706,1.4815533,0.86831665,0.0,0.0,1.0,17348.63,4.6969886,20.0,0.24225876,2.7180727,1.0
3548,16.0,1.5772051,1.4793174,0.8726737,0.0,0.0,1.0,17348.63,5.1859446,20.0,0.24163708,2.7110977,1.0
3549,16.0,1.478893,1.4860687,0.8726737,0.0,0.0,1.0,18224.398,4.7274094,20.0,0.2357847,2.6454356,1.0
3550,16.0,1.3587072,1.5495346,0.86950594,0.0,0.0,1.0,18224.398,4.1668534,20.0,0.23547743,2.6419883,1.0
3551,16.0,1.1946118,1.6416041,0.7586816,0.0,0.0,1.0,18224.398,3.4014995,20.0,0.20164861,2.2624385,1.0
3552,16.0,1.0747947,1.5038093,0.7378603,0.0,0.0,1.0,18224.398,2.842663,20.0,0.20450819,2.2945223,1.0
3553,16.0,1.0397685,1.4962246,0.7460914,0.0,0.0,1.0,18224.398,2.6792982,20.0,0.22377385,2.5106773,1.0
3554,16.0,1.0588038,1.5402067,0.7289675,0.0,0.0,1.0,18224.398,2.7680805,20.0,0.19621086,2.2014287,1.0
3555,16.0,1.1667299,1.4467561,0.7446317,0.0,0.0,1.0,18224.398,3.2714565,20.0,0.19025598,2.1346166,1.0
3556,16.0,1.2043663,1.4816605,0.7400508,0.0,0.0,1.0,18224.398,3.4469955,20.0,0.18064721,2.026809,1.0
3557,16.0,1.2777491,1.5326777,0.73200876,0.0,0.0,1.0,18224.398,3.7892582,20.0,0.19744606,2.2152872,1.0
3558,16.0,1.3111106,1.5466502,0.73569936,0.0,0.0,1.0,18224.398,3.9448593,20.0,0.20220323,2.2686613,1.0
3559,16.0,1.3726153,1.5577656,0.73569936,0.0,0.0,1.0,18224.398,4.231722,20.0,0.18955478,2.1267495,1.0
3560,16.0,1.3906866,1.599905,0.7657293,0.0,0.0,1.0,18224.398,4.316008,20.0,0.19908346,2.2336586,1.0
3561,16.0,1.3644544,1.4802741,0.80154985,0.0,0.0,1.0,18224.398,4.193659,20.0,0.17673558,1.9829217,1.0
3562,16.0,1.4794351,1.6463232,0.65254617,0.0,0.0,1.0,18224.398,4.7299376,20.0,0.15590306,1.7491869,1.0
3563,16.0,1.2817914,1.3981729,0.6965138,0.0,0.0,1.0,18224.398,3.8081124,20.0,0.1744679,1.9574791,1.0
3564,16.0,1.4262639,1.381318,0.4353034,0.0,0.0,1.0,18224.398,4.481943,20.0,0.17315742,1.9427758,1.0
3565,16.0,1.2200174,1.2843789,0.6850513,0.0,0.0,1.0,14700.607,3.5199935,20.0,0.15919137,1.7860808,1.0
3566,16.0,1.1896966,1.2668546,0.72210735,0.0,0.0,1.0,9306.766,3.3785746,20.0,0.15482022,1.7370378,1.0
3567,16.0,1.3043183,1.3311535,0.59479374,0.0,0.0,1.0,7478.2993,3.9131794,20.0,0.17867489,2.0046802,1.0
3568,16.0,1.1199864,1.2719313,0.7655385,0.0,0.0,1.0,6558.0986,3.053441,20.0,0.16023774,1.7978208,1.0
3569,16.0,1.1207794,1.3399351,0.8781836,0.0,0.0,1.0,6558.0986,3.0571396,20.0,0.14987552,1.6815597,1.0
3570,16.0,1.0528408,1.0495708,0.40118366,0.0,0.0,1.0,5633.8457,2.7402687,20.0,0.18345399,2.0583003,1.0
3571,16.0,1.045714,1.1796227,0.36770442,0.0,0.0,1.0,5633.8457,2.7070289,20.0,0.20213717,2.2679203,1.0
3572,16.0,1.1267946,1.1922994,0.45209512,0.0,0.0,1.0,5633.8457,3.0851948,20.0,0.21298796,2.3896627,1.0
3573,16.0,1.3404713,1.4481262,0.9490859,0.0,0.0,1.0,4705.4834,4.0817995,20.0,0.21203487,2.3789694,1.0
3574,16.0,1.4113954,1.3486602,0.5393485,0.0,0.0,1.0,4705.4834,4.4125953,20.0,0.17935099,2.012266,1.0
3575,16.0,1.1786199,1.4899179,0.7354772,0.0,0.0,1.0,4705.4834,3.326912,20.0,0.15481815,1.7370145,1.0
3576,16.0,1.4111828,1.3692691,0.5305117,0.0,0.0,1.0,3772.9536,4.4116035,20.0,0.16862899,1.8919681,1.0
3577,16.0,1.1149561,1.3456979,0.6527138,0.0,0.0,1.0,3772.9536,3.0299795,20.0,0.16158488,1.8129354,1.0
3578,16.0,1.0652021,1.0684111,0.6686455,0.0,0.0,1.0,3772.9536,2.7979228,20.0,0.19785841,2.2199137,1.0
3579,16.0,1.1024051,1.2123052,0.5119058,0.0,0.0,1.0,3772.9536,2.9714403,20.0,0.17162336,1.9255642,1.0
3580,16.0,1.070056,1.2424086,0.69517267,0.0,0.0,1.0,3772.9536,2.8205614,20.0,0.17254272,1.9358791,1.0
3581,16.0,1.6836171,1.6575203,0.5910029,0.0,0.0,1.0,3772.9536,5.6822586,20.0,0.16586904,1.8610023,1.0
3582,16.0,1.4044312,1.6452322,0.6007775,0.0,0.0,1.0,3772.9536,4.380114,20.0,0.14653984,1.6441343,1.0
3583,3.361697,1.038968,1.3149908,0.74143785,0.0,0.0,1.0,0.67449075,2.6755648,0.0,0.15443331,1.7326968,1.0
3584,6.3877845,1.3728893,1.3665948,0.6377177,0.0,0.0,1.0,0.5046981,4.233,0.0,0.21875905,2.4544127,1.0
3585,5.459636,1.3509787,1.3466564,0.5305117,0.0,0.0,1.0,0.5046981,4.1308074,0.0,0.17104785,1.9191071,1.0
3586,4.8822227,1.3272884,1.2958807,0.42997923,0.0,0.0,1.0,0.5046981,4.0203137,0.0,0.14372376,1.6125387,1.0
3587,4.7052703,1.3017806,1.2822397,0.65089685,0.0,0.0,1.0,0.5046981,3.9013433,0.0,0.14160392,1.5887547,1.0
3588,4.613528,1.2869617,1.2747607,0.64418685,0.0,0.0,1.0,0.5046981,3.8322268,0.0,0.14104682,1.5825043,1.0
3589,4.4077916,1.2832837,1.2942035,0.7198766,0.0,0.0,1.0,0.5046981,3.8150723,0.0,0.12869255,1.443893,1.0
3590,5.00266,1.2874906,1.3044055,0.68372715,0.0,0.0,1.0,0.5046981,3.8346937,0.0,0.16669108,1.8702253,1.0
3591,3.0357573,0.9790489,1.0203881,0.6027345,0.0,0.0,1.0,0.5046981,2.3960974,0.0,0.15711105,1.7627401,1.0
3592,4.6128864,1.2236395,1.279003,0.5870322,0.0,0.0,1.0,0.5046981,3.5368872,0.0,0.16660021,1.8692058,1.0
3593,3.401086,1.016252,1.0500813,0.6527348,0.0,0.0,1.0,0.5046981,2.5696158,0.0,0.17152917,1.9245074,1.0
3594,4.3172684,1.206703,1.1713442,0.76767313,0.0,0.0,1.0,0.67449075,3.4578938,0.0,0.15241684,1.7100725,1.0
3595,4.51555,1.21212,1.1997551,0.72134894,0.0,0.0,1.0,0.67449075,3.4831595,0.0,0.16460697,1.8468423,1.0
3596,4.363087,1.2193211,1.2315267,0.65864986,0.0,0.0,1.0,0.67449075,3.516746,0.0,0.15041396,1.6876009,1.0
3597,2.9525418,0.9686181,1.1724327,0.61237913,0.0,0.0,1.0,0.67449075,2.3474474,0.0,0.15477024,1.736477,1.0
3598,4.121344,1.2103478,1.271596,0.57898146,0.0,0.0,1.0,0.6805885,3.4748936,0.0,0.13650331,1.5315274,1.0
3599,4.582966,1.2002923,1.2190081,0.7107671,0.0,0.0,1.0,0.6867975,3.4279943,0.0,0.17492777,1.9626386,1.0
3600,4.420319,1.1903139,1.1907673,0.5763283,0.0,0.0,1.0,0.779602,3.381454,0.0,0.16736478,1.877784,1.0
3601,4.3029175,1.1823342,1.1803439,0.53890634,0.0,0.0,1.0,0.90140575,3.344236,0.0,0.1621297,1.819048,1.0
3602,3.654621,1.1689855,1.1690817,0.3984147,0.0,0.0,1.0,0.90140575,3.2819765,0.0,0.11804297,1.3244077,1.0
3603,3.2825487,1.1433026,1.1588044,0.42630056,0.0,0.0,1.0,0.90140575,3.1621895,0.0,0.0988215,1.1087484,1.0
3604,3.2839687,1.1489489,1.1368738,0.42021447,0.0,0.0,1.0,0.90140575,3.1885245,0.0,0.09675161,1.0855248,1.0
3605,3.3151252,1.150188,1.1632159,0.4247915,0.0,0.0,1.0,0.90140575,3.1943035,0.0,0.09876093,1.108069,1.0
3606,3.3968234,1.1536498,1.1097999,0.6094844,0.0,0.0,1.0,0.90140575,3.2104497,0.0,0.10391208,1.1658633,1.0
3607,3.5373793,1.1617589,1.173408,0.590649,0.0,0.0,1.0,0.90140575,3.2482712,0.0,0.111794,1.2542962,1.0
3608,3.8017175,1.1684005,1.1856005,0.56322366,0.0,0.0,1.0,0.90140575,3.2792482,0.0,0.12970187,1.4552171,1.0
3609,3.2489219,1.0781525,1.3987638,0.87705714,0.0,0.0,1.0,0.90140575,2.8583245,0.0,0.123928,1.390436,1.0
3610,3.3029883,1.0853736,1.1277318,0.47371158,0.0,0.0,1.0,0.90140575,2.8920043,0.0,0.12531786,1.4060298,1.0
3611,3.163634,1.0567719,1.0824125,0.51124716,0.0,0.0,1.0,0.90140575,2.7586036,0.0,0.1265183,1.4194984,1.0
3612,3.6755035,1.1251944,1.1753994,0.62005955,0.0,0.0,1.0,0.90140575,3.0777316,0.0,0.138589,1.5549282,1.0
3613,3.8227031,1.1610358,1.1712086,0.5430003,0.0,0.0,1.0,0.90140575,3.2448986,0.0,0.13447396,1.5087587,1.0
3614,3.7345312,1.110702,1.0980152,0.53293467,0.0,0.0,1.0,0.90140575,3.010138,0.0,0.15041162,1.6875745,1.0
3615,2.9311085,0.9957663,1.052151,0.4247915,0.0,0.0,1.0,0.90140575,2.4740686,0.0,0.13617161,1.5278058,1.0
3616,3.9264143,1.1445374,1.3860203,0.6683098,0.0,0.0,1.0,0.94654,3.167949,0.0,0.15009771,1.6840526,1.0
3617,3.9776669,1.0975467,1.3738147,0.7663379,0.0,0.0,1.0,1.014087,2.9487805,0.0,0.17798254,1.9969122,1.0
3618,3.7245746,1.0483027,1.317426,0.73115796,0.0,0.0,1.0,1.014087,2.7191024,0.0,0.18329504,2.056517,1.0
3619,3.3758137,0.960211,1.0535836,0.74184424,0.0,0.0,1.0,1.014087,2.308236,0.0,0.20690838,2.3214517,1.0
3620,4.028936,1.0500046,1.0785898,0.7567608,0.0,0.0,1.0,1.014087,2.7270403,0.0,0.21070129,2.364007,1.0
3621,4.7666006,1.1568156,1.1488558,0.60038775,0.0,0.0,1.0,1.014087,3.2252154,0.0,0.21083231,2.365477,1.0
3622,4.9489565,1.1924628,1.2863394,0.6134944,0.0,0.0,1.0,1.014087,3.3914766,0.0,0.2060745,2.3120959,1.0
3623,3.6822984,1.043421,1.4191178,0.6209006,0.0,0.0,1.0,1.1269385,2.6963341,0.0,0.18224777,2.044767,1.0
3624,3.4999378,1.0350349,1.2318937,0.63973963,0.0,0.0,1.0,0.6807304,2.6572206,0.0,0.16989043,1.9061211,1.0
3625,7.737177,1.7101114,1.5894855,0.71220446,0.0,0.0,1.0,0.6807304,5.80583,0.0,0.17384116,1.9504472,1.0
3626,3.861845,1.1471249,1.1152167,0.5406169,0.0,0.0,1.0,0.6807304,3.180017,0.0,0.14372928,1.6126007,1.0
3627,3.8544362,1.0716239,1.1616815,0.60657305,0.0,0.0,1.0,0.6807304,2.8278747,0.0,0.18157211,2.0371861,1.0
3628,4.0269217,1.0755094,1.0701663,0.7608344,0.0,0.0,1.0,0.6807304,2.8459969,0.0,0.19479564,2.1855502,1.0
3629,3.5338724,1.0940207,1.3884927,0.81872064,0.0,0.0,1.0,0.6807304,2.9323351,0.0,0.1413684,1.5861123,1.0
3630,3.9166,1.1474332,1.2217758,0.8425583,0.0,0.0,1.0,0.6807304,3.181455,0.0,0.14797227,1.6602057,1.0
3631,3.562847,1.0889549,1.4671438,0.73294646,0.0,0.0,1.0,0.67449075,2.9087079,0.0,0.14639795,1.6425424,1.0
3632,3.4539735,1.0802995,1.0556943,0.6777114,0.0,0.0,1.0,0.67449075,2.868338,0.0,0.14112218,1.5833497,1.0
3633,3.8149786,1.1133034,1.3813756,0.6262829,0.0,0.0,1.0,0.67449075,3.0222712,0.0,0.15592171,1.7493962,1.0
3634,4.879945,1.2649055,1.2820266,0.77127844,0.0,0.0,1.0,5.934733,3.7293549,0.5643685,0.16769534,1.8814929,1.0
3635,5.6441035,1.4006916,1.5834877,0.8050819,0.0,0.0,1.0,7.2221828,4.3626723,0.7582163,0.16392739,1.8392175,1.0
3636,4.5747213,1.2907597,1.4437691,0.77137643,0.0,0.0,1.0,7.861864,3.849941,0.85453135,0.13706939,1.5378786,1.0
3637,5.812963,1.426802,1.3907554,0.7365512,0.0,0.0,1.0,8.498899,4.484453,0.95044804,0.16456954,1.8464223,1.0
3638,4.797359,1.2986573,1.2439746,0.74829185,0.0,0.0,1.0,9.1333275,3.886776,1.0459721,0.1487885,1.6693636,1.0
3639,4.1637707,1.2488971,1.2172107,0.5407751,0.0,0.0,1.0,9.765183,3.6546905,1.141109,0.12460089,1.3979857,1.0
3640,5.639909,1.4062968,1.291021,0.74439836,0.0,0.0,1.0,9.765183,4.3888154,1.141109,0.16172154,1.8144686,1.0
3641,5.569274,1.3801992,1.2104946,0.7847714,0.0,0.0,1.0,21.463497,4.2670937,2.902492,0.1668411,1.8719085,1.0
3642,16.0,1.2036669,1.3806348,0.86250407,0.0,0.0,1.0,15586.783,3.4437335,20.0,0.1610658,1.8071114,1.0
3643,16.0,1.0034938,1.2898275,0.8305581,0.0,0.0,1.0,16469.441,2.5101104,20.0,0.13143714,1.4746864,1.0
3644,16.0,1.0092497,1.2390807,0.7513919,0.0,0.0,1.0,17348.63,2.5369563,20.0,0.11339987,1.2723135,1.0
3645,16.0,1.4904565,1.5660074,0.54311377,0.0,0.0,1.0,17348.63,4.7813425,20.0,0.18724136,2.1007936,1.0
3646,16.0,1.569867,1.5100769,0.76607645,0.0,0.0,1.0,17348.63,5.151719,20.0,0.17791648,1.9961711,1.0
3647,16.0,1.6441498,1.5931348,0.48813033,0.0,0.0,1.0,17348.63,5.49818,20.0,0.09424425,1.0573931,1.0
3648,16.0,1.6635183,1.630722,0.5020339,0.0,0.0,1.0,17348.63,5.588516,20.0,0.09816716,1.1014069,1.0
3649,16.0,1.7310582,1.6551017,0.5338894,0.0,0.0,1.0,17348.63,5.9035277,20.0,0.12976019,1.4558716,1.0
3650,16.0,1.0717571,1.1437255,0.7678878,0.0,0.0,1.0,17348.63,2.8284957,20.0,0.1528022,1.7143961,1.0
3651,16.0,1.067369,1.5208548,0.69021815,0.0,0.0,1.0,17348.63,2.8080292,20.0,0.15096255,1.6937557,1.0
3652,16.0,1.1459953,1.4862465,0.73772746,0.0,0.0,1.0,17348.63,3.1747484,20.0,0.157582,1.7680241,1.0
3653,16.0,1.5441846,1.5381013,0.5895468,0.0,0.0,1.0,17348.63,5.0319343,20.0,0.14343114,1.6092557,1.0
3654,16.0,1.5115446,1.5446584,0.6075944,0.0,0.0,1.0,17348.63,4.8796988,20.0,0.13770252,1.5449822,1.0
3655,16.0,1.5178596,1.5567361,0.5999497,0.0,0.0,1.0,17348.63,4.9091525,20.0,0.13763013,1.54417,1.0
3656,16.0,1.5113003,1.5595944,0.5999497,0.0,0.0,1.0,17348.63,4.8785596,20.0,0.15814409,1.7743306,1.0
3657,16.0,1.5545857,1.5536046,0.5694006,0.0,0.0,1.0,17348.63,5.0804462,20.0,0.13986433,1.569237,1.0
3658,16.0,1.3274179,1.5822434,0.6715934,0.0,0.0,1.0,17348.63,4.0209174,20.0,0.12875955,1.4446446,1.0
3659,16.0,1.2685131,1.411373,0.8579644,0.0,0.0,1.0,17348.63,3.746181,20.0,0.13636886,1.5300188,1.0
3660,16.0,1.4141446,1.463282,0.61443204,0.0,0.0,1.0,17348.63,4.425418,20.0,0.12280836,1.377874,1.0
3661,16.0,1.4074702,1.3542914,0.857122,0.0,0.0,1.0,17348.63,4.394288,20.0,0.115802996,1.2992759,1.0
3662,16.0,1.233464,1.2775747,0.67490065,0.0,0.0,1.0,17348.63,3.5827093,20.0,0.12780835,1.4339725,1.0
3663,16.0,1.1011797,1.1703322,0.839796,0.0,0.0,1.0,11119.687,2.9657252,20.0,0.14150494,1.5876442,1.0
3664,16.0,1.0632932,1.1211663,0.9022882,0.0,0.0,1.0,8394.503,2.7890196,20.0,0.15588889,1.7490278,1.0
3665,16.0,1.0240525,1.2895098,0.62132096,0.0,0.0,1.0,7478.2993,2.6059978,20.0,0.14151892,1.5878011,1.0
3666,16.0,1.0935688,1.2430935,0.7578631,0.0,0.0,1.0,6558.0986,2.9302273,20.0,0.14073792,1.5790385,1.0
3667,16.0,1.0690918,1.0530723,0.6913633,0.0,0.0,1.0,5633.8457,2.8160646,20.0,0.14377017,1.6130594,1.0
3668,16.0,1.095324,1.0234082,0.60577667,0.0,0.0,1.0,5633.8457,2.9384139,20.0,0.13640338,1.5304062,1.0
3669,16.0,1.1221893,1.149161,0.6206654,0.0,0.0,1.0,5633.8457,3.0637155,20.0,0.13648771,1.5313523,1.0
3670,16.0,0.9685801,1.1917976,0.57453614,0.0,0.0,1.0,4705.4834,2.3472703,20.0,0.13628006,1.5290226,1.0
3671,16.0,0.9926056,1.1975899,0.46547654,0.0,0.0,1.0,4705.4834,2.4593272,20.0,0.13917166,1.5614655,1.0
3672,16.0,0.94362515,1.1435513,0.7453404,0.0,0.0,1.0,4705.4834,2.2308784,20.0,0.15046768,1.6882036,1.0
3673,16.0,1.1576083,1.1885691,0.71186763,0.0,0.0,1.0,4705.4834,3.2289124,20.0,0.15793571,1.7719927,1.0
3674,16.0,1.1861386,1.203529,0.7111176,0.0,0.0,1.0,3772.9536,3.3619802,20.0,0.16454223,1.8461158,1.0
3675,16.0,1.2787346,1.2758846,0.62565213,0.0,0.0,1.0,3772.9536,3.7938547,20.0,0.20076393,2.2525127,1.0
3676,16.0,1.187929,1.1991111,0.7937646,0.0,0.0,1.0,3772.9536,3.3703308,20.0,0.16728294,1.8768659,1.0
3677,16.0,0.9917661,1.175335,0.43811154,0.0,0.0,1.0,3772.9536,2.4554114,20.0,0.14387587,1.6142453,1.0
3678,16.0,1.3301616,1.3408659,0.8209862,0.0,0.0,1.0,3772.9536,4.0337143,20.0,0.13458773,1.5100352,1.0
3679,16.0,1.3885052,1.4462646,0.72728556,0.0,0.0,1.0,3772.9536,4.305834,20.0,0.13920723,1.5618645,1.0
3680,16.0,1.29937,1.360084,0.5814452,0.0,0.0,1.0,3772.9536,3.8901002,20.0,0.15200648,1.7054684,1.0
3681,5.7410984,1.4741676,1.4700757,0.7206355,0.0,0.0,1.0,0.33956373,4.7053695,0.0,0.14518237,1.6289039,1.0
3682,4.9080763,1.2969846,1.2687255,0.56819534,0.0,0.0,1.0,1.4105023,3.8789742,0.0,0.15668923,1.7580075,1.0
3683,5.125635,1.2772977,1.194211,0.6254634,0.0,0.0,1.0,1.7789806,3.7871532,0.0,0.17913042,2.0097911,1.0
3684,4.755143,1.2821187,1.2641258,0.63665855,0.0,0.0,1.0,2.1444173,3.8096385,0.0,0.1523308,1.7091072,1.0
3685,5.063869,1.303052,1.2599331,0.4942012,0.0,0.0,1.0,2.326022,3.907273,0.021014744,0.16450925,1.8457459,1.0
3686,4.7563677,1.2569965,1.271935,0.60640174,0.0,0.0,1.0,2.326022,3.6924667,0.021014744,0.16250166,1.8232213,1.0
3687,5.674555,1.2456436,1.187634,0.7740379,0.0,0.0,1.0,2.5068977,3.639516,0.048248716,0.23151886,2.5975742,1.0
3688,5.844454,1.4117864,1.3477781,0.46886203,0.0,0.0,1.0,2.5068977,4.414419,0.048248716,0.17162307,1.9255608,1.0
3689,6.9833937,1.4345354,1.4154868,0.638358,0.0,0.0,1.0,2.6870553,4.520522,0.075374566,0.22786948,2.5566292,1.0
3690,7.139801,1.4897112,1.4652288,0.55055004,0.0,0.0,1.0,2.6870553,4.7778664,0.075374566,0.21501683,2.4124262,1.0
3691,7.088536,1.4436045,1.4711686,0.60131127,0.0,0.0,1.0,2.866505,4.562821,0.10239379,0.23009062,2.5815496,1.0
3692,6.6032333,1.4179088,1.3700926,0.99721825,0.0,0.0,1.0,2.866505,4.442974,0.10239379,0.2129465,2.3891978,1.0
3693,6.2309327,1.4209183,1.3685194,0.8522523,0.0,0.0,1.0,3.0452564,4.457011,0.12930791,0.19048288,2.1371624,1.0
3694,7.0211377,1.5501906,1.4961147,0.8178705,0.0,0.0,1.0,3.0452564,5.059947,0.12930791,0.18783048,2.1074033,1.0
3695,7.816231,1.6262057,1.5975347,0.64333946,0.0,0.0,1.0,3.0452564,5.4144874,0.12930791,0.20208758,2.2673638,1.0
3696,7.6173,1.6233016,1.5848825,0.8166383,0.0,0.0,1.0,3.0452564,5.4009423,0.12930791,0.19362992,2.1724713,1.0
3697,7.9213657,1.5224036,1.498541,0.6744658,0.0,0.0,1.0,3.0452564,4.930346,0.12930791,0.243616,2.7333004,1.0
3698,8.584229,1.5584866,1.558031,0.57243395,0.0,0.0,1.0,2.6068404,5.09864,0.06329681,0.26321825,2.953232,1.0
3699,8.621013,1.6017284,1.6169623,0.56164664,0.0,0.0,1.0,2.6068404,5.3003235,0.06329681,0.24867128,2.7900193,1.0
3700,8.676754,1.6572815,1.6572938,0.64596426,0.0,0.0,1.0,2.6068404,5.5594273,0.06329681,0.23192045,2.6020799,1.0
3701,8.639604,1.6421139,1.6586561,0.4353034,0.0,0.0,1.0,2.6068404,5.4886847,0.06329681,0.23531947,2.6402159,1.0
3702,8.318848,1.6001694,1.6140349,0.62883085,0.0,0.0,1.0,2.6068404,5.293052,0.06329681,0.23470286,2.6332977,1.0
3703,7.7049727,1.5915498,1.5897436,0.6681696,0.0,0.0,1.0,2.6068404,5.252849,0.06329681,0.20800589,2.3337655,1.0
3704,6.88525,1.3655691,1.5170255,0.85170496,0.0,0.0,1.0,2.5513682,4.198858,0.054944526,0.2520542,2.8279748,1.0
3705,6.6488314,1.3379484,1.3653393,0.8783676,0.0,0.0,1.0,2.805941,4.070033,0.09327487,0.2504792,2.8103034,1.0
3706,6.6147385,1.3493842,1.3746566,0.8804021,0.0,0.0,1.0,2.805941,4.12337,0.09327487,0.24299252,2.7263052,1.0
3707,6.646479,1.3306897,1.4518431,0.8386874,0.0,0.0,1.0,2.805941,4.0361776,0.09327487,0.2538202,2.8477888,1.0
3708,6.6129665,1.3193322,1.4213042,0.8692387,0.0,0.0,1.0,2.6890495,3.9832056,0.07567482,0.25725454,2.886321,1.0
3709,6.347775,1.2861735,1.3950709,0.83854634,0.0,0.0,1.0,2.2714448,3.8285503,0.012797218,0.25669372,2.8800287,1.0
3710,5.651737,1.2244711,1.3608751,0.80617815,0.0,0.0,1.0,2.2714448,3.5407658,0.012797218,0.24095115,2.7034018,1.0
3711,5.8205614,1.3445191,1.356254,0.7483538,0.0,0.0,1.0,0.95124674,4.1006794,0.0,0.19593427,2.1983254,1.0
3712,5.5053186,1.3167574,1.3544875,0.71929365,0.0,0.0,1.0,0.43236062,3.9711964,0.0,0.18750484,2.1037498,1.0
3713,6.4562583,1.3195679,1.377344,0.74119186,0.0,0.0,1.0,0.550607,3.9843047,0.0,0.247122,2.772637,1.0
3714,6.2183185,1.2811503,1.3566074,0.7398222,0.0,0.0,1.0,0.550607,3.8051221,0.0,0.25062957,2.8119907,1.0
3715,6.1441793,1.3048756,1.3356569,0.7393667,0.0,0.0,1.0,0.53838164,3.9157786,0.0,0.23404793,2.6259496,1.0
3716,6.303671,1.3158967,1.3769728,0.6937397,0.0,0.0,1.0,0.4375805,3.9671822,0.0,0.23910835,2.6827261,1.0
3717,6.2323537,1.3156041,1.3701267,0.6937397,0.0,0.0,1.0,0.5442854,3.9658172,0.0,0.23466823,2.632909,1.0
3718,5.974896,1.2850436,1.3126231,0.8566906,0.0,0.0,1.0,0.52853173,3.8232806,0.0,0.23243965,2.6079051,1.0
3719,5.9100966,1.2838427,1.2930031,0.71174073,0.0,0.0,1.0,0.50919795,3.8176794,0.0,0.22870116,2.5659604,1.0
3720,6.144336,1.4045565,1.3906909,0.277201,0.0,0.0,1.0,0.5832524,4.380698,0.0,0.19165075,2.1502655,1.0
3721,5.7156363,1.4576807,1.4152478,0.5321855,0.0,0.0,1.0,0.67449075,4.6284738,0.0,0.14894345,1.6711022,1.0
3722,5.2164574,1.3317069,1.5720086,0.6698053,0.0,0.0,1.0,0.67449075,4.0409217,0.0,0.16320969,1.8311652,1.0
3723,8.17906,1.8371763,1.7063143,0.5533655,0.0,0.0,1.0,0.67449075,6.398471,0.0,0.15999486,1.7950957,1.0
3724,5.711972,1.3100948,1.3472115,0.65139407,0.0,0.0,1.0,0.67449075,3.9401217,0.0,0.20364532,2.284841,1.0
3725,5.183948,1.3449937,1.346034,0.5551865,0.0,0.0,1.0,0.67449075,4.102893,0.0,0.15622662,1.7528172,1.0
3726,5.5837483,1.4202955,1.3743858,0.7545822,0.0,0.0,1.0,0.67449075,4.454106,0.0,0.15371376,1.7246237,1.0
3727,4.434011,1.1295155,1.3818488,0.66402125,0.0,0.0,1.0,0.67449075,3.0978856,0.0,0.1989617,2.2322924,1.0
3728,7.0557275,1.3883126,1.3753635,0.62414,0.0,0.0,1.0,0.67449075,4.3049355,0.0,0.25184909,2.8256733,1.0
3729,6.572145,1.3855754,1.3950415,0.49023375,0.0,0.0,1.0,1.0140436,4.292169,0.0,0.2243996,2.517698,1.0
3730,5.9715004,1.3680437,1.3888525,0.49023375,0.0,0.0,1.0,1.0140436,4.2103996,0.0,0.195644,2.1950688,1.0
3731,4.5096188,1.2264009,1.3191565,0.72924703,0.0,0.0,1.0,1.9880414,3.5497663,0.0,0.15798697,1.7725677,1.0
3732,5.1891556,1.3402302,1.3569427,0.55055004,0.0,0.0,1.0,2.9631262,4.0806756,0.116941795,0.15830337,1.7761177,1.0
3733,4.9332657,1.2485359,1.3034416,0.69978696,0.0,0.0,1.0,4.601494,3.6530058,0.36362633,0.17837678,2.0013354,1.0
3734,5.3572984,1.2766404,1.2804956,0.5445496,0.0,0.0,1.0,7.868234,3.7840877,0.8554905,0.19499965,2.1878393,1.0
3735,5.1154475,1.2480223,1.2936459,0.53287077,0.0,0.0,1.0,8.506307,3.6506104,0.9515633,0.19131082,2.1464517,1.0
3736,5.5769544,1.3183111,1.3150852,0.60579634,0.0,0.0,1.0,9.141848,3.978443,1.047255,0.19144711,2.1479807,1.0
3737,5.4545774,1.3166018,1.2982851,0.6908149,0.0,0.0,1.0,9.774889,3.9704704,1.1425703,0.18431498,2.0679605,1.0
3738,5.715822,1.3798025,1.4026173,0.74312574,0.0,0.0,1.0,9.774889,4.2652435,1.1425703,0.17573483,1.9716936,1.0
3739,6.349448,1.4963728,1.4011952,0.76364005,0.0,0.0,1.0,10.405469,4.8089366,1.237515,0.17070559,1.915267,1.0
3740,5.8950596,1.5049113,1.4929205,0.72488844,0.0,0.0,1.0,10.405469,4.8487606,1.237515,0.14407986,1.6165341,1.0
3741,4.6931224,1.3251665,1.4011159,0.7129131,0.0,0.0,1.0,11.03362,4.010417,1.332094,0.13247937,1.48638,1.0
3742,5.7331033,1.4912394,1.4744498,0.80453414,0.0,0.0,1.0,11.03362,4.784994,1.332094,0.13958657,1.5661206,1.0
3743,6.2401395,1.5044255,1.5509671,0.7447302,0.0,0.0,1.0,11.03362,4.846495,1.332094,0.1623564,1.8215916,1.0
3744,6.3571315,1.5339537,1.5575385,0.76899487,0.0,0.0,1.0,11.03362,4.9842167,1.332094,0.15927394,1.7870072,1.0
3745,6.2498546,1.5584161,1.5728495,0.7923497,0.0,0.0,1.0,7.3889184,5.0983114,0.7833212,0.14664693,1.6453358,1.0
3746,6.0141625,1.5661491,1.5735631,0.7039125,0.0,0.0,1.0,5.5542126,5.134379,0.5070746,0.13276422,1.4895759,1.0
3747,5.4880137,1.466173,1.5795074,0.67957014,0.0,0.0,1.0,5.5542126,4.6680827,0.5070746,0.13385788,1.5018463,1.0
3748,5.496777,1.4429072,1.5481647,0.65343297,0.0,0.0,1.0,5.5542126,4.559569,0.5070746,0.14147238,1.587279,1.0
3749,5.4521117,1.4439112,1.4987135,0.716906,0.0,0.0,1.0,5.529107,4.5642514,0.5032945,0.13866541,1.5557854,1.0
3750,5.834474,1.5409671,1.5062857,0.35910153,0.0,0.0,1.0,5.5042276,5.0169277,0.4995485,0.13062665,1.465593,1.0
3751,4.7114344,1.3404576,1.563851,0.68920666,0.0,0.0,1.0,4.275196,4.0817356,0.31449658,0.12841491,1.4407779,1.0
3752,4.317111,1.230091,1.5825541,0.696129,0.0,0.0,1.0,3.4539855,3.5669773,0.19084913,0.1426825,1.600856,1.0
3753,5.330614,1.4395572,1.4837991,0.65627176,0.0,0.0,1.0,3.4539855,4.5439444,0.19084913,0.1332158,1.4946425,1.0
3754,5.090155,1.3863994,1.4790548,0.4247915,0.0,0.0,1.0,3.4539855,4.296012,0.19084913,0.13620317,1.5281599,1.0
3755,5.7089777,1.4947217,1.5002145,0.32302132,0.0,0.0,1.0,2.868748,4.8012357,0.10273152,0.13727485,1.5401838,1.0
3756,3.9811711,1.2298439,1.3944279,0.58907485,0.0,0.0,1.0,2.4503837,3.5658247,0.039739553,0.11879091,1.3327994,1.0
3757,4.1796875,1.2461482,1.3407735,0.7224257,0.0,0.0,1.0,2.4503837,3.6418695,0.039739553,0.12673523,1.4219323,1.0
3758,4.431588,1.3209667,1.3670605,0.57183665,0.0,0.0,1.0,2.4503837,3.990829,0.039739553,0.11725362,1.3155514,1.0
3759,4.5159864,1.2358468,1.3803196,0.590649,0.0,0.0,1.0,1.0830839,3.5938227,0.0,0.15447229,1.7331342,1.0
3760,4.583069,1.1963332,1.3971807,0.66573465,0.0,0.0,1.0,0.5156166,3.4095283,0.0,0.17677934,1.9834127,1.0
3761,4.1403227,1.1980982,1.3040584,0.55612093,0.0,0.0,1.0,0.42728198,3.4177604,0.0,0.14296627,1.6040399,1.0
3762,3.7822692,1.2039362,1.277322,0.6475562,0.0,0.0,1.0,0.550607,3.4449894,0.0,0.11406063,1.2797271,1.0
3763,3.7593837,1.1900816,1.2675902,0.6792887,0.0,0.0,1.0,0.550607,3.3803704,0.0,0.117681146,1.3203481,1.0
3764,3.960409,1.2157637,1.3037267,0.50150144,0.0,0.0,1.0,0.53838164,3.5001538,0.0,0.12261478,1.3757021,1.0
3765,3.8705955,1.2247523,1.3066844,0.6470981,0.0,0.0,1.0,0.52340704,3.5420773,0.0,0.11274735,1.2649924,1.0
3766,3.96814,1.23469,1.2774886,0.7180116,0.0,0.0,1.0,0.5047301,3.5884273,0.0,0.1160753,1.3023311,1.0
3767,4.3069396,1.2384965,1.2905692,0.6470981,0.0,0.0,1.0,0.5047301,3.6061816,0.0,0.13861354,1.5552036,1.0
3768,4.7506185,1.3043786,1.3123856,0.66598976,0.0,0.0,1.0,0.5047301,3.9134607,0.0,0.14360382,1.611193,1.0
3769,4.092644,1.2250115,1.2718729,0.6551418,0.0,0.0,1.0,0.48066375,3.543286,0.0,0.12861092,1.4429771,1.0
3770,3.7830305,1.2062787,1.2244323,0.7903693,0.0,0.0,1.0,0.67449075,3.455915,0.0,0.11323285,1.2704396,1.0
3771,4.361944,1.1726449,1.3943219,0.83768564,0.0,0.0,1.0,0.67449075,3.2990441,0.0,0.17117439,1.9205269,1.0
3772,3.9783466,1.2337002,1.2428693,0.8206239,0.0,0.0,1.0,0.67449075,3.5838108,0.0,0.11716329,1.314538,1.0
3773,4.1652994,1.2712419,1.2936999,0.90631247,0.0,0.0,1.0,0.67449075,3.7589085,0.0,0.11666056,1.3088975,1.0
3774,6.442577,1.6872424,1.6196672,0.5273004,0.0,0.0,1.0,0.6789793,5.6991673,0.0,0.1223464,1.3726909,1.0
3775,4.3672414,1.1921537,1.5344788,0.8050444,0.0,0.0,1.0,0.6835279,3.390035,0.0,0.16253506,1.823596,1.0
3776,4.93714,1.1885587,1.3727114,0.66217417,0.0,0.0,1.0,0.6835279,3.3732677,0.0,0.20718835,2.324593,1.0
3777,3.7207806,1.0823748,1.3103449,0.8580309,0.0,0.0,1.0,1.0912821,2.8780177,0.0,0.16369858,1.8366504,1.0
3778,4.7983727,1.2268333,1.5310004,0.7264146,0.0,0.0,1.0,0.95667845,3.5517836,0.0,0.17850615,2.002787,1.0
3779,5.0047555,1.2629132,1.3626065,0.8569384,0.0,0.0,1.0,1.6677089,3.720063,0.0,0.17707147,1.9866903,1.0
3780,3.743262,1.1759316,1.1390111,0.3509679,0.0,0.0,1.0,2.6512692,3.3143737,0.06998634,0.122081734,1.3697215,1.0
3781,5.1283937,1.3132741,1.4830068,0.7289062,0.0,0.0,1.0,3.3001926,3.95495,0.16769296,0.16468534,1.8477216,1.0
3782,4.1153812,1.1597964,1.2508639,0.82564116,0.0,0.0,1.0,3.6226766,3.2391176,0.2162485,0.1580192,1.7729294,1.0
3783,5.878349,1.2211208,1.2133119,0.41661805,0.0,0.0,1.0,3.6226766,3.5251398,0.2162485,0.25912327,2.9072876,1.0
3784,5.5363555,1.2412823,1.2965683,0.79277885,0.0,0.0,1.0,3.9438658,3.6191747,0.26460907,0.22402637,2.5135105,1.0
3785,6.275457,1.2655693,1.2630265,0.71596295,0.0,0.0,1.0,4.2637806,3.7324512,0.31277776,0.2626305,2.9466376,1.0
3786,6.2025776,1.2725722,1.426761,0.69608706,0.0,0.0,1.0,4.2447705,3.7651129,0.30991548,0.2539871,2.8496614,1.0
3787,6.4026847,1.2991655,1.4304326,0.6615795,0.0,0.0,1.0,6.3022504,3.8891463,0.6197046,0.2537106,2.846559,1.0
3788,6.120283,1.324182,1.3843038,0.8505645,0.0,0.0,1.0,9.774889,4.0058255,1.1425703,0.22354685,2.5081306,1.0
3789,7.635966,1.477677,1.4296949,0.87209684,0.0,0.0,1.0,10.405469,4.721738,1.237515,0.24629976,2.7634115,1.0
3790,6.06445,1.4450316,1.4446,0.85776705,0.0,0.0,1.0,10.405469,4.5694776,1.237515,0.17244266,1.9347564,1.0
3791,7.0501394,1.4301097,1.4404848,0.2754751,0.0,0.0,1.0,10.405469,4.4998803,1.237515,0.23345125,2.619255,1.0
3792,7.193296,1.440179,1.4404871,0.299977,0.0,0.0,1.0,11.03362,4.546844,1.332094,0.23734802,2.6629755,1.0
3793,7.315849,1.4590349,1.4621547,0.299977,0.0,0.0,1.0,11.03362,4.63479,1.332094,0.23643698,2.652754,1.0
3794,7.697992,1.4813868,1.4771953,0.42476922,0.0,0.0,1.0,11.03362,4.7390404,1.332094,0.24812913,2.7839365,1.0
3795,7.87673,1.470649,1.4420174,0.5590897,0.0,0.0,1.0,7.1426673,4.6889586,0.7462439,0.2622544,2.9424179,1.0
3796,7.2710543,1.4488714,1.6283025,0.6615795,0.0,0.0,1.0,5.1927943,4.587386,0.45265684,0.23810402,2.6714578,1.0
3797,6.6179485,1.3666232,1.4262322,0.6907211,0.0,0.0,1.0,5.1927943,4.203774,0.45265684,0.23537342,2.6408212,1.0
3798,5.7754574,1.3562417,1.3857479,0.8365044,0.0,0.0,1.0,5.1927943,4.155354,0.45265684,0.18841422,2.1139526,1.0
3799,5.2572203,1.2353164,1.4596204,0.9344446,0.0,0.0,1.0,5.1927943,3.5913491,0.45265684,0.20725179,2.3253047,1.0
3800,5.636656,1.2699922,1.2607512,0.92973197,0.0,0.0,1.0,4.0256534,3.75308,0.2769236,0.21693322,2.4339275,1.0
3801,6.996742,1.4405719,1.4936597,0.6433617,0.0,0.0,1.0,3.2458127,4.548677,0.15950513,0.22618178,2.5376935,1.0
3802,6.767092,1.4251162,1.4727844,0.700054,0.0,0.0,1.0,3.2458127,4.47659,0.15950513,0.21942566,2.4618921,1.0
3803,6.21791,1.3747203,1.4510227,0.6456746,0.0,0.0,1.0,3.2458127,4.24154,0.15950513,0.20778632,2.331302,1.0
3804,6.341869,1.3658109,1.4338984,0.6456746,0.0,0.0,1.0,3.2458127,4.1999855,0.15950513,0.21899574,2.4570684,1.0
3805,6.3534102,1.3724833,1.414796,0.6456745,0.0,0.0,1.0,2.6900449,4.231106,0.075824685,0.2168622,2.4331307,1.0
3806,5.9751716,1.2997152,1.3863721,0.71996194,0.0,0.0,1.0,2.27229,3.89171,0.0129244765,0.22546013,2.529597,1.0
3807,6.6623015,1.4073639,1.3496112,0.7221976,0.0,0.0,1.0,2.27229,4.393792,0.0129244765,0.22060637,2.4751391,1.0
3808,6.4948344,1.3985698,1.3589209,0.67767924,0.0,0.0,1.0,1.9480876,4.352776,0.0,0.21444741,2.4060373,1.0
3809,6.427584,1.3843744,1.3371737,0.67767924,0.0,0.0,1.0,0.550607,4.286567,0.0,0.21632116,2.4270604,1.0
3810,5.9563704,1.3417517,1.3015575,0.67767924,0.0,0.0,1.0,0.5755146,4.0877714,0.0,0.20553608,2.306055,1.0
3811,4.962349,1.2059817,1.3124545,0.7675576,0.0,0.0,1.0,0.5755146,3.45453,0.0,0.20027918,2.247074,1.0
3812,4.552532,1.1652222,1.2645465,0.75415385,0.0,0.0,1.0,0.5755146,3.264424,0.0,0.1896127,2.1273992,1.0
3813,4.641902,1.1641926,1.1938424,0.7891169,0.0,0.0,1.0,0.6062852,3.2596219,0.0,0.1971178,2.2116044,1.0
3814,4.151476,1.0780555,1.1222454,0.76083905,0.0,0.0,1.0,0.5502285,2.857872,0.0,0.20439692,2.293274,1.0
3815,4.823767,1.1876857,1.1554387,0.74647266,0.0,0.0,1.0,0.52849436,3.369196,0.0,0.19906972,2.2335043,1.0
3816,4.500213,1.2466415,1.3350459,0.6240968,0.0,0.0,1.0,0.50916636,3.6441703,0.0,0.148949,1.6711644,1.0
3817,4.167742,1.2009887,1.2617735,0.83964264,0.0,0.0,1.0,0.5832039,3.4312418,0.0,0.14378917,1.6132727,1.0
3818,4.389219,1.2045587,1.4290665,0.84697276,0.0,0.0,1.0,0.67449075,3.447893,0.0,0.15865317,1.7800423,1.0
3819,5.746029,1.4027473,1.4629017,0.75580996,0.0,0.0,1.0,0.9013486,4.3722596,0.0,0.16914144,1.8977177,1.0
3820,4.556084,1.202429,1.3928938,0.78651345,0.0,0.0,1.0,0.9464783,3.43796,0.0,0.17194971,1.9292257,1.0
3821,4.3644643,1.2110927,1.2270205,0.7856115,0.0,0.0,1.0,0.6835279,3.478368,0.0,0.15400063,1.7278421,1.0
3822,4.435215,1.2042233,1.2790647,0.8790588,0.0,0.0,1.0,0.81660336,3.4463284,0.0,0.16219905,1.8198261,1.0
3823,4.310788,1.1388445,1.2624894,0.8340649,0.0,0.0,1.0,1.0140226,3.1413965,0.0,0.18392436,2.0635777,1.0
3824,4.839972,1.2425307,1.3654231,0.7874979,0.0,0.0,1.0,1.0140226,3.6249971,0.0,0.17448014,1.9576163,1.0
3825,4.6804705,1.2330486,1.224578,0.8689774,0.0,0.0,1.0,1.0140226,3.5807717,0.0,0.16733621,1.8774636,1.0
3826,4.5610065,1.2023693,1.2586893,0.8466424,0.0,0.0,1.0,1.0140226,3.4376814,0.0,0.1723417,1.9336237,1.0
3827,5.5244,1.3394537,1.408531,0.7626472,0.0,0.0,1.0,1.0140226,4.0770535,0.0,0.17953058,2.0142808,1.0
3828,5.755818,1.350231,1.3245431,0.67588174,0.0,0.0,1.0,1.0140226,4.12732,0.0,0.1896065,2.1273298,1.0
3829,5.41473,1.3412652,1.4511107,0.70839304,0.0,0.0,1.0,1.1268622,4.0855026,0.0,0.17198108,1.9295776,1.0
3830,6.030871,1.3635347,1.4749851,0.70839304,0.0,0.0,1.0,2.032681,4.189369,0.0,0.20106594,2.2559013,1.0
3831,5.700468,1.3546159,1.4887664,0.53627646,0.0,0.0,1.0,2.032681,4.1477714,0.0,0.18445726,2.0695567,1.0
3832,5.466324,1.2360476,1.3803512,0.630191,0.0,0.0,1.0,2.032681,3.5947597,0.0,0.22171107,2.4875336,1.0
3833,4.478129,1.2303146,1.3512396,0.75485146,0.0,0.0,1.0,2.032681,3.5680203,0.0,0.15408441,1.7287822,1.0
3834,4.1117477,1.1605673,1.6274227,0.76681596,0.0,0.0,1.0,2.032681,3.2427135,0.0,0.15737513,1.7657031,1.0
3835,3.7793694,1.0390241,1.0191184,0.39004168,0.0,0.0,1.0,2.032681,2.6758265,0.0,0.1941512,2.17832,1.0
3836,4.8433566,1.160304,1.22652,0.83409166,0.0,0.0,1.0,1.3611753,3.241485,0.0,0.21497332,2.411938,1.0
3837,3.8188515,1.05364,1.1160372,0.52402365,0.0,0.0,1.0,1.0231673,2.7439961,0.0,0.1888798,2.1191764,1.0
3838,3.3557403,1.0482913,1.1720421,0.66625786,0.0,0.0,1.0,1.018585,2.7190495,0.0,0.14875847,1.6690267,1.0
3839,3.4409513,1.114239,1.1623349,0.73746914,0.0,0.0,1.0,1.1268871,3.0266345,0.0,0.12398853,1.3911152,1.0
3840,3.3933947,1.0490706,1.0987221,0.65362877,0.0,0.0,1.0,1.3520652,2.7226841,0.0,0.15186074,1.7038333,1.0
3841,3.1795328,1.0746124,1.1585714,0.67220557,0.0,0.0,1.0,1.3520652,2.841813,0.0,0.11939183,1.3395416,1.0
3842,3.090169,1.0248091,1.1204726,0.752236,0.0,0.0,1.0,1.3520652,2.6095266,0.0,0.13603295,1.5262501,1.0
3843,3.1310039,1.0431074,1.0740741,0.50812274,0.0,0.0,1.0,1.3520652,2.6948712,0.0,0.13034157,1.4623945,1.0
3844,3.1844637,1.0614296,1.1447006,0.69613355,0.0,0.0,1.0,1.3520652,2.7803276,0.0,0.12614425,1.4153017,1.0
3845,4.0668306,1.2107462,1.3497788,0.69422185,0.0,0.0,1.0,1.3520652,3.4767516,0.0,0.1323491,1.4849184,1.0
3846,3.1406887,1.0469306,1.0791878,0.7461182,0.0,0.0,1.0,1.3520652,2.7127028,0.0,0.12930587,1.4507742,1.0
3847,3.4754503,1.1136788,1.0661086,0.6517881,0.0,0.0,1.0,1.3520652,3.0240219,0.0,0.12714382,1.4265165,1.0
3848,3.5192106,1.1257495,1.192924,0.8204142,0.0,0.0,1.0,1.3520652,3.0803204,0.0,0.12541248,1.4070915,1.0
3849,3.4493499,1.1441967,1.333602,0.7237229,0.0,0.0,1.0,1.3520652,3.16636,0.0,0.11188829,1.255354,1.0
3850,3.6912155,1.2281178,1.5086772,0.6381986,0.0,0.0,1.0,0.9054417,3.5577743,0.0,0.09868016,1.1071626,1.0
3851,3.3689106,1.1607665,1.3322527,0.70852447,0.0,0.0,1.0,1.0232741,3.2436426,0.0,0.09896348,1.1103414,1.0
3852,3.7133112,1.1948452,1.38375,0.71215755,0.0,0.0,1.0,1.0232741,3.4025884,0.0,0.11238375,1.260913,1.0
3853,3.738631,1.1773708,1.1535149,0.4151502,0.0,0.0,1.0,1.0232741,3.3210862,0.0,0.12114533,1.3592153,1.0
3854,3.3241343,1.1464036,1.149473,0.37398818,0.0,0.0,1.0,1.0186487,3.1766527,0.0,0.100951634,1.1326479,1.0
3855,3.6691391,1.1174629,1.1964927,0.6964124,0.0,0.0,1.0,1.0140651,3.041671,0.0,0.14166158,1.5894017,1.0
3856,3.5659323,1.1018754,1.2455417,0.6821231,0.0,0.0,1.0,1.0140651,2.96897,0.0,0.1403314,1.5744774,1.0
3857,3.0857708,1.0828974,1.2465515,0.5036341,0.0,0.0,1.0,1.0140651,2.880455,0.0,0.10728034,1.2036542,1.0
3858,3.3026712,1.083155,1.0983162,0.5552232,0.0,0.0,1.0,1.0140651,2.8816566,0.0,0.1263342,1.417433,1.0
3859,3.0968614,1.0783926,1.1127515,0.40301394,0.0,0.0,1.0,1.0140651,2.8594444,0.0,0.11027255,1.2372259,1.0
3860,2.8662643,1.0458657,1.0657765,0.5608878,0.0,0.0,1.0,1.0140651,2.707736,0.0,0.10403794,1.1672754,1.0
3861,2.817706,1.0346092,1.2166737,0.57086074,0.0,0.0,1.0,1.0140651,2.655235,0.0,0.104710884,1.1748257,1.0
3862,2.6918926,1.0298316,1.1899436,0.49340928,0.0,0.0,1.0,1.0140651,2.6329522,0.0,0.094829485,1.0639592,1.0
3863,2.8920867,1.0257254,1.0850543,0.5134847,0.0,0.0,1.0,1.0140651,2.6138,0.0,0.11624142,1.3041948,1.0
3864,3.0462499,1.0456663,1.0929714,0.4247915,0.0,0.0,1.0,1.0140651,2.7068064,0.0,0.121063404,1.3582962,1.0
3865,3.1446667,1.0639741,1.0434387,0.50333154,0.0,0.0,1.0,1.0140651,2.7921953,0.0,0.121274985,1.36067,1.0
3866,3.1464977,1.079648,1.0743275,0.4770851,0.0,0.0,1.0,1.1269127,2.8652997,0.0,0.114120394,1.2803975,1.0
3867,3.0001528,1.041174,1.0029044,0.60334307,0.0,0.0,1.0,1.3520942,2.685854,0.0,0.11892852,1.3343433,1.0
3868,2.561877,1.0116392,0.9553314,0.55374104,0.0,0.0,1.0,1.3520942,2.5481014,0.0,0.09050559,1.0154464,1.0
3869,2.3802555,0.9637539,0.9645471,0.4247915,0.0,0.0,1.0,1.3520942,2.3247602,0.0,0.09520782,1.0682039,1.0
3870,2.7180617,1.0452536,1.0741602,0.4953949,0.0,0.0,1.0,1.3520942,2.7048814,0.0,0.09036976,1.0139223,1.0
3871,2.2800984,0.95417815,0.9572437,0.33259928,0.0,0.0,1.0,1.3520942,2.2800984,0.0,0.07991389,0.89661056,0.0
3872,2.4749265,0.98430395,0.9736561,0.58907485,0.0,0.0,1.0,1.3520942,2.4206073,0.0,0.094843395,1.0641153,1.0
3873,2.256203,0.94905484,0.9506773,0.42021447,0.0,0.0,1.0,2.0328536,2.256203,0.0,0.07666957,0.8602102,0.0
3874,2.5025604,0.95209205,0.9583463,0.43848398,0.0,0.0,1.0,2.0328536,2.2703686,0.0,0.11517247,1.2922015,1.0
3875,4.1142178,1.2459795,1.595122,0.7360278,0.0,0.0,1.0,2.0328536,3.6410828,0.0,0.1222195,1.3712672,1.0
3876,3.1703703,1.1166955,1.1780078,0.62996274,0.0,0.0,1.0,2.0328536,3.0380921,0.0,0.10021646,1.1243995,1.0
3877,5.15785,1.391077,1.3483906,0.8131832,0.0,0.0,1.0,5.638954,4.317829,0.5198339,0.13867101,1.5558484,1.0
3878,4.687013,1.3169514,1.3514189,0.63048613,0.0,0.0,1.0,6.596482,3.9721012,0.66400623,0.13496232,1.5142379,1.0
3879,4.5578337,1.1439644,1.6149323,0.7813774,0.0,0.0,1.0,7.8820977,3.1652763,0.85757786,0.20116338,2.2569945,1.0
3880,6.815983,1.6072979,1.88307,0.6304925,0.0,0.0,1.0,7.8820977,5.3262997,0.85757786,0.1603516,1.7990983,1.0
3881,5.834855,1.4939144,1.4675306,0.59227484,0.0,0.0,1.0,8.520947,4.79747,0.9537678,0.1441942,1.6178169,1.0
3882,5.7774496,1.4751091,1.5237654,0.7009297,0.0,0.0,1.0,9.157208,4.709761,1.0495678,0.14685816,1.6477057,1.0
3883,5.851091,1.4123466,1.884407,0.7413815,0.0,0.0,1.0,9.157208,4.417032,1.0495678,0.17180628,1.9276164,1.0
3884,4.7307653,1.3108019,1.4804945,0.8682554,0.0,0.0,1.0,9.790915,3.9434192,1.1449832,0.13997328,1.5704595,1.0
3885,4.428871,1.1420819,1.4324255,0.7732162,0.0,0.0,1.0,9.790915,3.1564958,1.1449832,0.19177923,2.151707,1.0
3886,3.2497587,1.0116223,1.3881254,0.86502904,0.0,0.0,1.0,10.422107,2.5480225,1.2400202,0.15926166,1.7868694,1.0
3887,6.9541388,1.390702,1.592892,0.67145014,0.0,0.0,1.0,10.422107,4.3160796,1.2400202,0.24477756,2.746333,1.0
3888,5.88313,1.4024311,1.4209107,0.8530008,0.0,0.0,1.0,11.050817,4.370785,1.3346832,0.17724222,1.9886061,1.0
3889,7.502461,1.5181957,1.6169747,0.7424113,0.0,0.0,1.0,11.050817,4.9107203,1.3346832,0.22352807,2.5079198,1.0
3890,6.9335456,1.4311105,1.6346546,0.7424113,0.0,0.0,1.0,11.050817,4.504548,1.3346832,0.22644648,2.5406635,1.0
3891,5.796967,1.3191023,1.30111,0.8623172,0.0,0.0,1.0,11.050817,3.9821332,1.3346832,0.20518592,2.3021262,1.0
3892,7.7281017,1.471024,1.4002364,0.9716216,0.0,0.0,1.0,11.050817,4.690708,1.3346832,0.254026,2.8500977,1.0
3893,3.2447138,1.0154046,1.1122403,0.76990634,0.0,0.0,1.0,11.050817,2.565663,1.3346832,0.15652782,1.7561965,1.0
3894,3.7605112,1.0507483,1.2407664,0.8434567,0.0,0.0,1.0,11.050817,2.7305093,1.3346832,0.18518935,2.0777705,1.0
3895,7.329698,1.4524529,1.4891567,0.36555713,0.0,0.0,1.0,11.050817,4.6040907,1.3346832,0.23988323,2.6914198,1.0
3896,5.395162,1.1908712,1.3652029,0.79814494,0.0,0.0,1.0,11.050817,3.3840535,1.3346832,0.24046713,2.697971,1.0
3897,6.535418,1.3869532,1.4562011,0.38603976,0.0,0.0,1.0,11.050817,4.298595,1.3346832,0.22164096,2.486747,1.0
3898,6.7979507,1.4145241,1.4581971,0.2754751,0.0,0.0,1.0,11.050817,4.427188,1.3346832,0.22549629,2.5300026,1.0
3899,6.9027104,1.3768929,1.353825,0.79890734,0.0,0.0,1.0,11.025435,4.251673,1.3308617,0.24791273,2.7815087,1.0
3900,6.2526865,1.3090556,1.3582766,0.826541,0.0,0.0,1.0,11.025435,3.9352744,1.3308617,0.23908998,2.68252,1.0
3901,5.359852,1.2624651,1.2024657,0.86703676,0.0,0.0,1.0,11.025435,3.7179728,1.3308617,0.20158558,2.2617314,1.0
3902,5.9559345,1.2782238,1.2909628,0.35535735,0.0,0.0,1.0,11.025435,3.7914724,1.3308617,0.23450476,2.6310751,1.0
3903,5.876225,1.2878932,1.278186,0.28819028,0.0,0.0,1.0,11.025435,3.8365712,1.3308617,0.22451171,2.518956,1.0
3904,5.531129,1.2338347,1.2286366,0.3553573,0.0,0.0,1.0,11.025435,3.5844386,1.3308617,0.22743012,2.5516996,1.0
3905,5.552778,1.2521276,1.2024928,0.51126283,0.0,0.0,1.0,8.501377,3.669758,0.9508211,0.21979645,2.466052,1.0
3906,5.228977,1.2273712,1.1592246,0.74955726,0.0,0.0,1.0,5.287884,3.5542922,0.46697426,0.20911482,2.3462074,1.0
3907,4.972627,1.2106653,1.1890815,0.5409841,0.0,0.0,1.0,3.9833462,3.4763746,0.27055353,0.19873343,2.2297313,1.0
3908,4.8070445,1.2187154,1.2146796,0.2754751,0.0,0.0,1.0,3.3268197,3.5139208,0.17170213,0.18284158,2.0514293,1.0
3909,4.7879224,1.2327193,1.2052339,0.29068255,0.0,0.0,1.0,5.9359746,3.579236,0.56455547,0.17512397,1.9648399,1.0
3910,4.8291025,1.2371054,1.2258021,0.29068255,0.0,0.0,1.0,7.863994,3.599693,0.8548521,0.17610127,1.9758049,1.0
3911,4.9908977,1.2615554,1.2434208,0.29068255,0.0,0.0,1.0,8.501377,3.71373,0.9508211,0.17670545,1.9825836,1.0
3912,5.5894275,1.3313638,1.2457976,0.76207846,0.0,0.0,1.0,9.136176,4.039322,1.046401,0.18685332,2.0964398,1.0
3913,5.4885964,1.2876571,1.2557625,0.27997237,0.0,0.0,1.0,9.768427,3.8354704,1.1415973,0.19888726,2.231457,1.0
3914,5.546664,1.2988726,1.2695456,0.54486805,0.0,0.0,1.0,10.3981695,3.8877802,1.236416,0.19778761,2.2191193,1.0
3915,6.3450212,1.4396923,1.3495001,0.73816425,0.0,0.0,1.0,11.025435,4.5445743,1.3308617,0.1900164,2.1319287,1.0
3916,6.468947,1.4738905,1.381796,0.73816425,0.0,0.0,1.0,11.025435,4.7040777,1.3308617,0.18466958,2.071939,1.0
3917,6.3103414,1.495294,1.4258909,0.71174073,0.0,0.0,1.0,11.025435,4.803905,1.3308617,0.16898471,1.8959593,1.0
3918,5.936574,1.5093505,1.5140668,0.7626472,0.0,0.0,1.0,11.650262,4.869466,1.4249401,0.14493445,1.6261222,1.0
3919,5.3076644,1.4512624,1.2960156,0.8429813,0.0,0.0,1.0,11.650262,4.598538,1.4249401,0.1283983,1.4405915,1.0
3920,5.6151834,1.4616334,1.2686175,0.870735,0.0,0.0,1.0,12.272681,4.6469097,1.518656,0.14219095,1.595341,1.0
3921,6.36761,1.4438188,1.4360006,0.76583076,0.0,0.0,1.0,12.272681,4.563821,1.518656,0.18977743,2.1292474,1.0
3922,6.4253454,1.3822851,1.3932486,0.41744536,0.0,0.0,1.0,12.272681,4.2768226,1.518656,0.21705791,2.4353266,1.0
3923,6.847762,1.4471232,1.6797832,0.6995123,0.0,0.0,1.0,12.272681,4.579232,1.518656,0.21528324,2.4154153,1.0
3924,7.2596183,1.5471474,1.6990434,0.716912,0.0,0.0,1.0,7.9701943,5.045753,0.87084234,0.20086038,2.2535949,1.0
3925,6.8469768,1.5395908,1.721811,0.6325386,0.0,0.0,1.0,5.813998,5.010509,0.5461898,0.18246543,2.047209,1.0
3926,6.8175497,1.5489509,1.7314909,0.6325386,0.0,0.0,1.0,5.813998,5.054165,0.5461898,0.17797695,1.9968495,1.0
3927,7.2840667,1.6352462,1.7256491,0.7126406,0.0,0.0,1.0,5.813998,5.4566526,0.5461898,0.1744116,1.9568473,1.0
3928,7.3588676,1.6282057,1.7577715,0.6343705,0.0,0.0,1.0,5.813998,5.4238153,0.5461898,0.17998163,2.0193415,1.0
3929,7.4817057,1.61347,1.664233,0.7614132,0.0,0.0,1.0,4.5234137,5.355087,0.35187,0.19025739,2.1346323,1.0
3930,7.239023,1.4845197,1.6581892,0.5076868,0.0,0.0,1.0,3.6610572,4.753653,0.22202736,0.22227053,2.4938107,1.0
3931,6.3193665,1.486599,1.5387127,0.564372,0.0,0.0,1.0,3.6610572,4.7633505,0.22202736,0.17231518,1.9333261,1.0
3932,6.190274,1.4723662,1.5202144,0.5119058,0.0,0.0,1.0,3.6610572,4.696968,0.22202736,0.17009093,1.9083706,1.0
3933,5.3445,1.4692689,1.6447262,0.5076868,0.0,0.0,1.0,3.6610572,4.682522,0.22202736,0.12512985,1.4039204,1.0
3934,6.7081842,1.5025473,1.643484,0.53890634,0.0,0.0,1.0,3.6610572,4.8377347,0.22202736,0.18758763,2.1046786,1.0
3935,6.091077,1.4909115,1.617131,0.7111032,0.0,0.0,1.0,3.04651,4.7834644,0.12949666,0.15874133,1.7810314,1.0
3936,5.6466694,1.484037,1.6126075,0.7084591,0.0,0.0,1.0,2.584553,4.7514014,0.059941065,0.13711125,1.5383482,1.0
3937,5.3972855,1.4925146,1.5495225,0.8087417,0.0,0.0,1.0,2.2260628,4.7909417,0.005964171,0.12135797,1.3616011,1.0
3938,5.2251387,1.4406793,1.6088145,0.63242656,0.0,0.0,1.0,1.4331926,4.5491776,0.0,0.12696783,1.4245421,1.0
3939,4.985714,1.4316667,1.5519753,0.72156066,0.0,0.0,1.0,0.6584384,4.5071425,0.0,0.11616821,1.3033735,1.0
3940,4.848572,1.3933266,1.5780247,0.57553625,0.0,0.0,1.0,0.25705314,4.328321,0.0,0.11973748,1.3434197,1.0
3941,4.666213,1.3593416,1.5203675,0.570239,0.0,0.0,1.0,0.3683633,4.169812,0.0,0.11944449,1.3401324,1.0
3942,5.9046593,1.5945389,1.579742,0.4397641,0.0,0.0,1.0,0.4648593,5.266791,0.0,0.11997036,1.3460325,1.0
3943,3.776385,1.1611295,1.5265284,0.6779861,0.0,0.0,1.0,0.56943816,3.2453356,0.0,0.13079907,1.4675275,1.0
3944,4.4188566,1.3034363,1.4118439,0.7175217,0.0,0.0,1.0,0.56943816,3.9090655,0.0,0.12233894,1.3726074,1.0
3945,5.5409226,1.4856964,1.5451322,0.52133137,0.0,0.0,1.0,0.56943816,4.759141,0.0,0.13096073,1.4693413,1.0
3946,5.3387465,1.502831,1.5515668,0.5928042,0.0,0.0,1.0,0.5773316,4.839058,0.0,0.115424834,1.295033,1.0
3947,5.132157,1.4968531,1.5196804,0.54659027,0.0,0.0,1.0,0.58544695,4.811177,0.0,0.10611824,1.1906158,1.0
3948,5.0528374,1.5156289,1.500213,0.65918195,0.0,0.0,1.0,0.58544695,4.898749,0.0,0.097138934,1.0898706,1.0
3949,4.811835,1.4596839,1.4524205,0.3236536,0.0,0.0,1.0,0.62682235,4.6378164,0.0,0.09868389,1.1072046,1.0
3950,5.334147,1.502876,1.4920099,0.59291005,0.0,0.0,1.0,0.67449075,4.839268,0.0,0.115170576,1.2921803,1.0
3951,5.1387143,1.4923209,1.4692976,0.6792887,0.0,0.0,1.0,0.79892397,4.790038,0.0,0.10766563,1.2079769,1.0
3952,4.9456353,1.4707246,1.4607389,0.7122279,0.0,0.0,1.0,0.79892397,4.689311,0.0,0.103048615,1.1561755,1.0
3953,4.8847394,1.465755,1.501912,0.9126751,0.0,0.0,1.0,0.79892397,4.6661325,0.0,0.10105935,1.1338564,1.0
3954,4.224634,1.3051316,1.2952422,0.6981426,0.0,0.0,1.0,0.79892397,3.9169724,0.0,0.109130874,1.2244166,1.0
3955,4.234566,1.2914302,1.3007622,0.6592784,0.0,0.0,1.0,0.8082723,3.8530684,0.0,0.1143425,1.2828896,1.0
3956,4.3811316,1.3226118,1.2943071,0.6504025,0.0,0.0,1.0,0.81784195,3.9985018,0.0,0.113497555,1.2734095,1.0
3957,3.9872942,1.2227967,1.3799205,0.7998575,0.0,0.0,1.0,0.8262477,3.5329561,0.0,0.121877365,1.3674285,1.0
3958,4.52529,1.3522061,1.3439416,0.7336716,0.0,0.0,1.0,0.8450098,4.136532,0.0,0.11306167,1.2685189,1.0
3959,3.9584622,1.2549486,1.3601661,0.8869352,0.0,0.0,1.0,0.8450098,3.6829152,0.0,0.10818148,1.2137647,1.0
3960,4.845646,1.3533503,1.3533493,0.7741913,0.0,0.0,1.0,0.86918545,4.1418686,0.0,0.13239911,1.4854795,1.0
3961,4.8034735,1.337479,1.3375124,0.7777441,0.0,0.0,1.0,0.9013486,4.0678434,0.0,0.13518055,1.5166863,1.0
3962,4.2195506,1.2087836,1.4280546,0.82631415,0.0,0.0,1.0,1.1292436,3.4675982,0.0,0.14435087,1.6195747,1.0
3963,4.1725388,1.2143663,1.4184175,0.82631415,0.0,0.0,1.0,1.1292436,3.4936364,0.0,0.13861461,1.5552155,1.0
3964,4.3219233,1.2200938,1.378106,0.76635885,0.0,0.0,1.0,1.2197093,3.52035,0.0,0.14711282,1.6505629,1.0
3965,4.689972,1.2813858,1.2882445,0.6532646,0.0,0.0,1.0,1.3551067,3.8062203,0.0,0.148256,1.6633892,1.0
3966,4.4587,1.2559556,1.2526969,0.7058599,0.0,0.0,1.0,1.3551067,3.6876118,0.0,0.14237761,1.5974354,1.0
3967,4.929652,1.2342682,1.4609063,0.7729599,0.0,0.0,1.0,1.3551067,3.58646,0.0,0.18450125,2.0700502,1.0
3968,5.0333447,1.2826198,1.4964929,0.87978834,0.0,0.0,1.0,1.3551067,3.811976,0.0,0.17072079,1.9154375,1.0
3969,4.7904215,1.2858243,1.4918447,0.83530664,0.0,0.0,1.0,1.3551067,3.826922,0.0,0.15324278,1.7193394,1.0
3970,5.0277495,1.3060616,1.5055555,0.83530664,0.0,0.0,1.0,1.3551067,3.9213104,0.0,0.16098218,1.8061731,1.0
3971,5.052616,1.2623843,1.4497439,0.81494135,0.0,0.0,1.0,1.5813018,3.7175958,0.0,0.1805773,2.0260246,1.0
3972,4.0848527,1.1370485,1.6636091,0.783722,0.0,0.0,1.0,1.3673562,3.13302,0.0,0.16649447,1.8680195,1.0
3973,3.6282818,1.118095,1.1230379,0.76813525,0.0,0.0,1.0,1.3612325,3.0446196,0.0,0.13794675,1.5477223,1.0
3974,3.753887,1.1145339,1.1296409,0.75096613,0.0,0.0,1.0,1.3551635,3.0280101,0.0,0.15017469,1.6849163,1.0
3975,3.17768,1.060147,1.0971286,0.7385569,0.0,0.0,1.0,1.3551635,2.7743456,0.0,0.12615046,1.4153714,1.0
3976,3.2953315,1.0733073,1.0627929,0.66263247,0.0,0.0,1.0,1.3551635,2.8357258,0.0,0.13040239,1.4630768,1.0
3977,3.2952664,1.0462391,1.1019506,0.71749216,0.0,0.0,1.0,1.3551635,2.709478,0.0,0.14418499,1.6177136,1.0
3978,4.240351,1.168023,1.4474525,0.7437568,0.0,0.0,1.0,1.3551635,3.2774873,0.0,0.1639414,1.8393748,1.0
3979,4.000368,1.1539685,1.5167594,0.8262524,0.0,0.0,1.0,1.3551635,3.211936,0.0,0.15163863,1.7013413,1.0
3980,4.0468974,1.1418351,1.3283921,0.852535,0.0,0.0,1.0,1.3551635,3.155345,0.0,0.16108212,1.8072945,1.0
3981,3.493208,1.092001,1.0929292,0.64029455,0.0,0.0,1.0,1.3551635,2.9229147,0.0,0.1388147,1.5574605,1.0
3982,3.9251215,1.1630336,1.2462243,0.8247195,0.0,0.0,1.0,1.697872,3.2542164,0.0,0.14162958,1.5890425,1.0
3983,3.7191353,1.1783024,1.172284,0.4285804,0.0,0.0,1.0,1.697872,3.3254313,0.0,0.119277835,1.3382626,1.0
3984,3.9338963,1.2241017,1.2146356,0.6372141,0.0,0.0,1.0,1.697872,3.5390427,0.0,0.117540784,1.3187734,1.0
3985,4.10216,1.2121075,1.2052288,0.6007337,0.0,0.0,1.0,1.697872,3.4831011,0.0,0.13438907,1.5078062,1.0
3986,3.972901,1.208283,1.2577196,0.67164075,0.0,0.0,1.0,1.697872,3.465263,0.0,0.12643401,1.4185528,1.0
3987,4.3438063,1.199036,1.3464304,0.83468246,0.0,0.0,1.0,1.697872,3.4221344,0.0,0.15771393,1.7695044,1.0
3988,3.2989945,1.1143832,1.1394432,0.22369553,0.0,0.0,1.0,1.697872,3.0273073,0.0,0.11198291,1.2564156,1.0
3989,3.1104207,1.1322031,1.1192336,0.23913191,0.0,0.0,1.0,1.697872,3.1104207,0.0,0.08195198,0.9194774,0.0
3990,3.6939352,1.1495428,1.4254829,0.82290757,0.0,0.0,1.0,1.2330579,3.1912944,0.0,0.12923782,1.4500107,1.0
3991,3.8917158,1.2426472,1.4650996,0.8293313,0.0,0.0,1.0,1.3552212,3.6255405,0.0,0.10782472,1.209762,1.0
3992,4.1474633,1.2383087,1.3264449,0.8236057,0.0,0.0,1.0,1.3552212,3.6053052,0.0,0.12742318,1.429651,1.0
3993,3.7503185,1.1961697,1.2023209,0.7498859,0.0,0.0,1.0,1.3552212,3.408766,0.0,0.11464475,1.2862808,1.0
3994,3.4712234,1.1831062,1.2101291,0.5950311,0.0,0.0,1.0,1.3552212,3.3478365,0.0,0.09851433,1.1053021,1.0
3995,3.5930216,1.235675,1.2014554,0.31478563,0.0,0.0,1.0,1.3552212,3.5930216,0.0,0.08639947,0.9693769,0.0
3996,2.7147565,0.9868326,0.9843225,0.17821842,0.0,0.0,1.0,1.3552212,2.4324014,0.0,0.1186893,1.3316593,1.0
3997,2.7119806,0.97585905,0.9642002,0.33109123,0.0,0.0,1.0,1.3552212,2.3812199,0.0,0.12450129,1.3968682,1.0
3998,2.3866246,0.9400192,0.9301169,0.4607485,0.0,0.0,1.0,1.5814419,2.2140598,0.0,0.108976714,1.222687,1.0
3999,3.500257,1.2084566,1.1808732,0.43937534,0.0,0.0,1.0,1.0233814,3.466073,0.0,0.09164039,1.0281785,1.0
4000,3.1012104,1.1103208,1.1480887,0.35141656,0.0,0.0,1.0,1.0233814,3.00836,0.0,0.09698853,1.088183,1.0
4001,2.7940018,1.0338084,1.1714596,0.5700141,0.0,0.0,1.0,1.0233814,2.6514997,0.0,0.102814995,1.1535543,1.0
4002,2.5020187,0.96083,0.9444382,0.51603377,0.0,0.0,1.0,1.0233814,2.311123,0.0,0.11016295,1.2359962,1.0
4003,3.5959008,1.2045051,1.1678488,0.4769797,0.0,0.0,1.0,1.0233814,3.4476428,0.0,0.100079685,1.122865,1.0
4004,2.9747872,1.0162003,1.1034707,0.67978907,0.0,0.0,1.0,1.0233814,2.5693746,0.0,0.12930982,1.4508185,1.0
4005,2.9956708,1.0531578,1.195458,0.56472874,0.0,0.0,1.0,1.0233814,2.7417471,0.0,0.11271333,1.2646108,1.0
4006,2.920799,1.0469893,1.1522331,0.4735364,0.0,0.0,1.0,1.0233814,2.712977,0.0,0.10863611,1.2188655,1.0
4007,3.909046,1.2129208,1.1106484,0.6418535,0.0,0.0,1.0,1.3676999,3.4868941,0.0,0.119959354,1.345909,1.0
4008,4.291785,1.3318154,1.2138122,0.71439886,0.0,0.0,1.0,2.005594,4.0414276,0.0,0.10490409,1.1769934,1.0
4009,3.5344,1.2231063,1.5733653,0.7399896,0.0,0.0,1.0,3.7392445,3.5344,0.2337998,0.087150514,0.97780335,0.0
4010,3.7372613,1.2255864,1.2294812,0.7832033,0.0,0.0,1.0,3.6369402,3.5459676,0.21839613,0.10286664,1.1541338,1.0
4011,4.6760616,1.3661146,1.2294067,0.70936877,0.0,0.0,1.0,3.9591515,4.201402,0.2669106,0.11789877,1.3227898,1.0
4012,4.4630814,1.3765358,1.3213282,0.77117884,0.0,0.0,1.0,4.2800436,4.250007,0.31522644,0.10189594,1.1432428,1.0
4013,4.9608727,1.4249516,1.4104104,0.81836873,0.0,0.0,1.0,4.2800436,4.4758224,0.31522644,0.116725996,1.3096317,1.0
4014,4.2961936,1.2967643,1.1849368,0.87294745,0.0,0.0,1.0,4.599635,3.8779466,0.36334646,0.11659399,1.3081505,1.0
4015,3.803872,1.1468185,1.2555239,0.8228503,0.0,0.0,1.0,4.917944,3.1785882,0.41127336,0.13922375,1.56205,1.0
4016,4.1357865,1.296303,1.2330669,0.7901721,0.0,0.0,1.0,4.917944,3.8757956,0.41127336,0.106211215,1.1916589,1.0
4017,3.7336125,1.1110198,1.2384788,0.7736531,0.0,0.0,1.0,5.2349896,3.0116203,0.45901006,0.15017845,1.6849585,1.0
4018,4.9769955,1.3056625,1.2452294,0.75761133,0.0,0.0,1.0,5.2349896,3.9194489,0.45901006,0.15783966,1.7709149,1.0
4019,4.164802,1.2448225,1.238207,0.6767763,0.0,0.0,1.0,7.1347885,3.6356864,0.7450576,0.12618966,1.4158113,1.0
4020,5.3001275,1.4378833,1.5304544,0.5589838,0.0,0.0,1.0,11.021326,4.5361366,1.3302429,0.13201854,1.4812095,1.0
4021,5.5457315,1.4563609,1.578944,0.77861917,0.0,0.0,1.0,11.021326,4.6223183,1.3302429,0.14000177,1.5707791,1.0
4022,5.69329,1.4627788,1.7327892,0.75785464,0.0,0.0,1.0,11.021326,4.6522517,1.3302429,0.14611301,1.6393454,1.0
4023,4.551179,1.1464804,1.5237194,0.77060896,0.0,0.0,1.0,11.021326,3.1770113,1.3302429,0.19927554,2.2358134,1.0
4024,3.9538658,1.1008614,1.5095627,0.7346241,0.0,0.0,1.0,11.021326,2.9642406,1.3302429,0.17414623,1.95387,1.0
4025,5.033774,1.3166193,1.6572961,0.7865289,0.0,0.0,1.0,11.021326,3.970552,1.3302429,0.1573193,1.7650768,1.0
4026,5.4046702,1.3410964,1.5602126,0.858514,0.0,0.0,1.0,11.021326,4.0847154,1.3302429,0.171419,1.9232712,1.0
4027,4.0761323,1.3242152,1.4258671,0.6214941,0.0,0.0,1.0,11.021326,4.00598,1.3302429,0.093588345,1.0500339,1.0
4028,3.4158273,1.1529267,1.3686764,0.85255617,0.0,0.0,1.0,11.021326,3.207077,1.3302429,0.105704434,1.1859729,1.0
4029,4.8797336,1.3787234,1.3368107,0.85995924,0.0,0.0,1.0,11.021326,4.2602105,1.3302429,0.12616085,1.4154879,1.0
4030,4.011246,1.2858144,1.4226047,0.8534143,0.0,0.0,1.0,11.021326,3.8268757,1.3302429,0.10139755,1.137651,1.0
4031,4.998788,1.3663114,1.4318826,0.8109378,0.0,0.0,1.0,11.021326,4.20232,1.3302429,0.13739355,1.5415156,1.0
4032,4.840743,1.3474395,1.5523831,0.7381309,0.0,0.0,1.0,11.021326,4.1143003,1.3302429,0.13409191,1.5044723,1.0
4033,4.1718597,1.3303246,1.3391109,0.7942105,0.0,0.0,1.0,11.021326,4.034475,1.3302429,0.09780052,1.0972934,1.0
4034,4.123429,1.3248516,1.3494083,0.8454096,0.0,0.0,1.0,11.021326,4.0089483,1.3302429,0.09640082,1.0815891,1.0
4035,4.076468,1.2781007,1.3102015,0.82576877,0.0,0.0,1.0,6.5798187,3.7908986,0.6614973,0.10831201,1.2152292,1.0
4036,3.5866876,1.1865867,1.2430203,0.86592996,0.0,0.0,1.0,4.636243,3.3640702,0.3688584,0.10598058,1.1890713,1.0
4037,4.882667,1.3998588,1.4258293,0.7885134,0.0,0.0,1.0,3.98276,4.358788,0.27046525,0.11973553,1.3433977,1.0
4038,4.9759703,1.428633,1.4510096,0.7613483,0.0,0.0,1.0,3.3263993,4.492993,0.17163883,0.11650306,1.3071303,1.0
4039,3.6928928,1.1578695,1.1767336,0.8491251,0.0,0.0,1.0,3.3263993,3.2301304,0.17163883,0.12561168,1.4093264,1.0
4040,4.379432,1.2769283,1.365577,0.79534805,0.0,0.0,1.0,2.6671205,3.7854302,0.07237302,0.12908864,1.448337,1.0
4041,3.9298162,1.197327,1.2854002,0.6463379,0.0,0.0,1.0,2.6671205,3.4141636,0.07237302,0.12759013,1.4315242,1.0
4042,3.978724,1.2067208,1.2308766,0.6558156,0.0,0.0,1.0,2.0048819,3.457977,0.0,0.12747794,1.4302654,1.0
4043,3.4512293,1.1493218,1.2398142,0.37689117,0.0,0.0,1.0,2.0048819,3.1902635,0.0,0.10995975,1.2337164,1.0
4044,4.1718364,1.2497028,1.258481,0.5513839,0.0,0.0,1.0,2.0048819,3.6584485,0.0,0.124864295,1.400941,1.0
4045,4.073158,1.24676,1.253204,0.5207779,0.0,0.0,1.0,2.0048819,3.644723,0.0,0.11906326,1.335855,1.0
4046,4.0724254,1.2458781,1.2619809,0.6427464,0.0,0.0,1.0,2.0048819,3.6406097,0.0,0.119333565,1.3388878,1.0
4047,3.2411993,1.152616,1.1900431,0.5838302,0.0,0.0,1.0,1.3396435,3.2056282,0.0,0.091954626,1.0317041,1.0
4048,4.198732,1.233474,1.2829719,0.60727906,0.0,0.0,1.0,1.3396435,3.582756,0.0,0.13291098,1.4912225,1.0
4049,3.3801975,1.143031,1.2802216,0.3242643,0.0,0.0,1.0,1.3396435,3.1609228,0.0,0.106794335,1.1982013,1.0
4050,4.084198,1.2115542,1.1863927,0.85421884,0.0,0.0,1.0,1.3396435,3.4805202,0.0,0.13329728,1.4955566,1.0
4051,3.4329093,1.1143832,1.2190001,0.80086935,0.0,0.0,1.0,1.3396435,3.0273073,0.0,0.123247705,1.3828033,1.0
4052,4.1852627,1.2512358,1.2983868,0.7365668,0.0,0.0,1.0,1.3396435,3.6655986,0.0,0.12523063,1.4050511,1.0
4053,4.299134,1.3273352,1.3219622,0.5727151,0.0,0.0,1.0,1.3396435,4.020532,0.0,0.106775045,1.1979849,1.0
4054,3.917097,1.200526,1.2404829,0.8596823,0.0,0.0,1.0,0.8972363,3.429084,0.0,0.12537017,1.4066168,1.0
4055,4.010347,1.2222008,1.5062764,0.84138674,0.0,0.0,1.0,0.33607408,3.5301766,0.0,0.12376657,1.3886249,1.0
4056,3.9129055,1.1902636,1.3672245,0.92789423,0.0,0.0,1.0,0.44861814,3.3812194,0.0,0.12917241,1.4492768,1.0
4057,3.7835476,1.1983681,1.3957807,0.8994923,0.0,0.0,1.0,0.44861814,3.4190192,0.0,0.11627952,1.3046223,1.0
4058,3.92952,1.2108608,1.1807737,0.76334745,0.0,0.0,1.0,0.44861814,3.4772866,0.0,0.1222475,1.3715813,1.0
4059,3.5947003,1.1950829,1.1890953,0.7596414,0.0,0.0,1.0,0.44861814,3.403697,0.0,0.103419155,1.1603328,1.0
4060,3.914072,1.212629,1.2349944,0.863985,0.0,0.0,1.0,0.44861814,3.4855332,0.0,0.12043803,1.3512796,1.0
4061,3.9088662,1.1951591,1.1816005,0.65792173,0.0,0.0,1.0,0.44861814,3.4040523,0.0,0.12689354,1.4237084,1.0
4062,3.823608,1.2014335,1.2912915,0.61993563,0.0,0.0,1.0,0.44861814,3.4333167,0.0,0.118077315,1.3247931,1.0
4063,3.3872228,1.1446694,1.1638439,0.4821913,0.0,0.0,1.0,0.44861814,3.1685646,0.0,0.106702186,1.1971674,1.0
4064,3.5865011,1.1079988,1.163705,0.5930405,0.0,0.0,1.0,0.44861814,2.99753,0.0,0.13916469,1.5613872,1.0
4065,3.576108,1.1368752,1.1887958,0.6049804,0.0,0.0,1.0,0.44861814,3.1322114,0.0,0.12521838,1.4049137,1.0
4066,3.8863492,1.1445793,1.212133,0.75309056,0.0,0.0,1.0,0.44861814,3.1681442,0.0,0.14685784,1.6477022,1.0
4067,4.095871,1.1347953,1.2061267,0.75454295,0.0,0.0,1.0,0.44861814,3.122511,0.0,0.16851048,1.8906385,1.0
4068,4.5486927,1.151968,1.5178753,0.72610223,0.0,0.0,1.0,0.44861814,3.2026057,0.0,0.19616245,2.2008855,1.0
4069,6.1960454,1.558989,1.4870968,0.5122901,0.0,0.0,1.0,0.44861814,5.1009836,0.0,0.14379711,1.6133617,1.0
4070,7.6130137,1.6608942,1.5470921,0.61648214,0.0,0.0,1.0,0.67910635,5.576277,0.0,0.1821413,2.0435724,1.0
4071,6.156487,1.577673,1.5125518,0.5122901,0.0,0.0,1.0,0.6837856,5.188127,0.0,0.13665982,1.5332834,1.0
4072,6.1486764,1.5823396,1.5193393,0.5122901,0.0,0.0,1.0,0.8168081,5.2098927,0.0,0.13501559,1.5148356,1.0
4073,7.0041275,1.6248705,1.4844017,0.8253029,0.0,0.0,1.0,1.014087,5.40826,0.0,0.16427208,1.8430849,1.0
4074,7.3266277,1.6201173,1.5807748,0.65859306,0.0,0.0,1.0,1.014087,5.3860908,0.0,0.18087733,2.0293908,1.0
4075,4.2148957,1.185712,1.3431815,0.798241,0.0,0.0,1.0,1.014087,3.3599901,0.0,0.15392226,1.7269629,1.0
4076,4.2859545,1.1719592,1.2863706,0.8228503,0.0,0.0,1.0,1.014087,3.295846,0.0,0.16562971,1.8583171,1.0
4077,4.079641,1.1668227,1.2009562,0.6517244,0.0,0.0,1.0,1.014087,3.271889,0.0,0.1519969,1.7053609,1.0
4078,3.9659622,1.1868463,1.316866,0.5090094,0.0,0.0,1.0,1.014087,3.3652806,0.0,0.13458301,1.5099822,1.0
4079,4.5744405,1.2259535,1.3533438,0.8228503,0.0,0.0,1.0,1.014087,3.5476797,0.0,0.16283017,1.8269072,1.0
4080,4.866556,1.2446301,1.3776119,0.8228503,0.0,0.0,1.0,1.3552783,3.634789,0.0,0.17542669,1.9682363,1.0
4081,4.5587497,1.218275,1.3764473,0.8202256,0.0,0.0,1.0,1.3552783,3.5118666,0.0,0.1650409,1.8517108,1.0
4082,4.8106093,1.2732042,1.7241921,0.7554216,0.0,0.0,1.0,1.3552783,3.7680607,0.0,0.15958664,1.7905155,1.0
4083,4.964999,1.266236,1.7065878,0.80737853,0.0,0.0,1.0,1.3552783,3.7355602,0.0,0.17294002,1.9403366,1.0
4084,4.651362,1.2853736,1.531137,0.82456464,0.0,0.0,1.0,1.3552783,3.8248196,0.0,0.14415951,1.6174277,1.0
4085,4.946024,1.2431768,1.4542224,0.83630186,0.0,0.0,1.0,1.3552783,3.6280107,0.0,0.18164164,2.0379663,1.0
4086,7.415277,1.8177857,1.8193547,0.7303089,0.0,0.0,1.0,1.3552783,6.3080316,0.0,0.13382815,1.5015129,1.0
4087,4.1602035,1.2481209,1.3860824,0.9619194,0.0,0.0,1.0,1.3552783,3.6510704,0.0,0.124639764,1.3984219,1.0
4088,5.312483,1.4006417,1.5546552,0.91405296,0.0,0.0,1.0,1.5815115,4.362439,0.0,0.14458692,1.6222231,1.0
4089,4.3257318,1.2899776,1.3098081,0.79377174,0.0,0.0,1.0,2.0329385,3.846293,0.0,0.12087135,1.3561413,1.0
4090,4.0487957,1.2787818,1.3547744,0.44826138,0.0,0.0,1.0,2.0329385,3.794075,0.0,0.10622543,1.1918184,1.0
4091,4.3536344,1.2675681,1.3175426,0.70988256,0.0,0.0,1.0,2.0329385,3.7417736,0.0,0.13077027,1.4672043,1.0
4092,3.8226333,1.2205697,1.2959564,0.46075302,0.0,0.0,1.0,2.0329385,3.5225694,0.0,0.11082113,1.2433808,1.0
4093,6.246481,1.4519113,1.604367,0.789487,0.0,0.0,1.0,2.0329385,4.601565,0.0,0.18015972,2.0213397,1.0
4094,3.7398245,1.0994776,1.1824008,0.72215044,0.0,0.0,1.0,2.0329385,2.9577866,0.0,0.15645933,1.7554281,1.0
4095,4.2530727,1.2915176,1.2934152,0.7826028,0.0,0.0,1.0,2.0329385,3.853476,0.0,0.1155359,1.2962792,1.0
4096,3.8572795,1.2506462,1.4026693,0.8017975,0.0,0.0,1.0,2.0329385,3.6628487,0.0,0.102646366,1.1516623,1.0
4097,6.77906,1.7051976,1.8116977,0.7900085,0.0,0.0,1.0,2.0329385,5.782912,0.0,0.13299485,1.4921634,1.0
4098,5.5367203,1.5846995,1.4768877,0.75846606,0.0,0.0,1.0,2.0329385,5.220899,0.0,0.104533315,1.1728333,1.0
4099,6.0950394,1.5695763,1.453117,0.8444727,0.0,0.0,1.0,1.1339347,5.1503634,0.0,0.13583732,1.5240551,1.0
4100,3.507584,1.049066,1.2966264,0.8588721,0.0,0.0,1.0,1.35215,2.7226624,0.0,0.16254355,1.8236912,1.0
4101,3.3426735,1.0555354,1.1771469,0.8742296,0.0,0.0,1.0,1.35215,2.7528367,0.0,0.14369234,1.6121862,1.0
4102,3.3384414,1.0517182,1.296416,0.9014848,0.0,0.0,1.0,1.35215,2.735033,0.0,0.14531113,1.6303486,1.0
4103,3.3415182,1.0643022,1.1168373,0.72750556,0.0,0.0,1.0,1.35215,2.7937255,0.0,0.13906132,1.5602275,1.0
4104,3.3185072,1.0382206,1.3638712,0.88933945,0.0,0.0,1.0,1.35215,2.672079,0.0,0.15073462,1.6911985,1.0
4105,3.1663272,1.0944909,1.1631112,0.68991935,0.0,0.0,1.0,1.35215,2.9345279,0.0,0.10924408,1.2256868,1.0
4106,3.263276,1.0493431,1.1780299,0.8429888,0.0,0.0,1.0,1.35215,2.7239552,0.0,0.13954827,1.565691,1.0
4107,3.3136983,1.0450374,1.3981093,0.8338779,0.0,0.0,1.0,1.35215,2.703873,0.0,0.14656296,1.6443938,1.0
4108,3.8423824,1.1268176,1.2613064,0.81246984,0.0,0.0,1.0,1.35215,3.085302,0.0,0.1516166,1.7010942,1.0
4109,3.5798082,1.099937,1.6224467,0.8582528,0.0,0.0,1.0,1.35215,2.9599288,0.0,0.14245947,1.5983537,1.0
4110,3.3541005,1.0458089,1.2997113,0.837708,0.0,0.0,1.0,1.35215,2.7074714,0.0,0.14994822,1.6823754,1.0
4111,3.278262,1.05209,1.3285308,0.8178897,0.0,0.0,1.0,1.35215,2.736767,0.0,0.13951454,1.5653124,1.0
4112,5.3468537,1.4784154,1.4116006,0.5122901,0.0,0.0,1.0,1.35215,4.7251816,0.0,0.12263263,1.3759024,1.0
4113,3.9861698,1.0579282,1.4199418,0.7999484,0.0,0.0,1.0,1.35215,2.7639966,0.0,0.20173077,2.2633605,1.0
4114,7.8016715,1.6362008,1.5450498,0.81771666,0.0,0.0,1.0,1.35215,5.4611053,0.0,0.19827057,2.224538,1.0
4115,7.1110177,1.4985746,1.562996,0.87378246,0.0,0.0,1.0,5.934733,4.8192058,0.5643685,0.21023162,2.3587375,1.0
4116,6.3217325,1.4206396,1.4398364,0.80449843,0.0,0.0,1.0,6.5798187,4.4557114,0.6614973,0.1957762,2.1965518,1.0
4117,6.5350194,1.4068365,1.4425881,0.7595215,0.0,0.0,1.0,5.4830194,4.391332,0.4963552,0.2134416,2.3947525,1.0
4118,5.8383737,1.3923601,1.5414081,0.8045832,0.0,0.0,1.0,9.1305,4.323813,1.0455464,0.17832997,2.0008104,1.0
4119,6.611203,1.5930152,2.0026798,0.6346899,0.0,0.0,1.0,9.1305,5.259684,1.0455464,0.15456432,1.7341666,1.0
4120,6.0933466,1.5970318,1.815691,0.7519556,0.0,0.0,1.0,9.761962,5.278418,1.1406239,0.12844458,1.4411107,1.0
4121,6.20035,1.6361661,1.8433572,0.77082914,0.0,0.0,1.0,10.390863,5.460943,1.2353159,0.123608775,1.3868544,1.0
4122,5.1028843,1.1909932,1.4482315,0.85967994,0.0,0.0,1.0,10.390863,3.384622,1.2353159,0.21840835,2.450478,1.0
4123,7.3219223,1.6790787,1.6109463,0.824938,0.0,0.0,1.0,11.0172415,5.6610913,1.3296279,0.16383836,1.8382186,1.0
4124,4.6215787,1.2401896,1.5272815,0.8979537,0.0,0.0,1.0,11.0172415,3.6140778,1.3296279,0.16011903,1.7964889,1.0
4125,6.730641,1.3880489,1.3781096,0.8357711,0.0,0.0,1.0,11.641133,4.303705,1.4235656,0.23273274,2.6111937,1.0
4126,7.378166,1.7326586,1.599486,0.8391374,0.0,0.0,1.0,11.641133,5.910992,1.4235656,0.15233684,1.7091749,1.0
4127,7.0648136,1.5736681,1.5819519,0.77268636,0.0,0.0,1.0,25.199635,5.169448,3.465032,0.18249713,2.0475645,1.0
4128,16.0,1.4503498,1.5415366,0.74644387,0.0,0.0,1.0,18302.875,4.5942817,20.0,0.17722777,1.9884439,1.0
4129,16.0,1.5521489,1.5895034,0.8804897,0.0,0.0,1.0,18302.875,5.069081,20.0,0.13224031,1.4836978,1.0
4130,16.0,1.2197287,1.2912838,0.839482,0.0,0.0,1.0,18302.875,3.518647,20.0,0.13677657,1.5345932,1.0
4131,16.0,1.0103638,1.1153638,0.7244591,0.0,0.0,1.0,18302.875,2.5421526,20.0,0.21737365,2.438869,1.0
4132,16.0,1.2087269,1.5901858,0.84015006,0.0,0.0,1.0,18302.875,3.4673336,20.0,0.2033401,2.2814167,1.0
4133,16.0,1.117977,1.583029,0.81872344,0.0,0.0,1.0,18302.875,3.044069,20.0,0.18976814,2.1291432,1.0
4134,16.0,1.1565633,1.5854374,0.77413076,0.0,0.0,1.0,18302.875,3.2240384,20.0,0.1706893,1.9150842,1.0
4135,16.0,1.219856,1.3948159,0.7505264,0.0,0.0,1.0,18302.875,3.5192406,20.0,0.14082061,1.5799662,1.0
4136,16.0,1.0686299,1.1470057,0.79319066,0.0,0.0,1.0,18302.875,2.81391,20.0,0.15480235,1.7368373,1.0
4137,16.0,1.3162757,1.5779116,0.6891073,0.0,0.0,1.0,18302.875,3.9689498,20.0,0.16217142,1.8195161,1.0
4138,16.0,1.2473931,1.193377,0.81501323,0.0,0.0,1.0,18302.875,3.647676,20.0,0.1608837,1.8050681,1.0
4139,16.0,1.2864219,1.2450899,0.7863399,0.0,0.0,1.0,18302.875,3.829709,20.0,0.16198933,1.817473,1.0
4140,16.0,1.2908939,1.2709035,0.7939053,0.0,0.0,1.0,18302.875,3.8505669,20.0,0.15073234,1.691173,1.0
4141,16.0,1.3357321,1.4050165,0.6986709,0.0,0.0,1.0,18302.875,4.0596957,20.0,0.14268263,1.6008575,1.0
4142,16.0,1.3681183,1.3718673,0.6889194,0.0,0.0,1.0,18302.875,4.2107472,20.0,0.13880211,1.5573193,1.0
4143,16.0,1.3935659,1.372514,0.75832635,0.0,0.0,1.0,14765.1045,4.3294373,20.0,0.13609092,1.5269004,1.0
4144,16.0,1.4184523,1.3826742,0.7337668,0.0,0.0,1.0,9348.748,4.445509,20.0,0.14678968,1.6469375,1.0
4145,16.0,1.4230255,1.3853928,0.7337669,0.0,0.0,1.0,7512.3433,4.466839,20.0,0.14968584,1.6794316,1.0
4146,16.0,1.1668088,1.394614,0.7922988,0.0,0.0,1.0,6588.09,3.2718246,20.0,0.14758281,1.6558362,1.0
4147,16.0,1.163945,1.2595131,0.821757,0.0,0.0,1.0,6588.09,3.2584672,20.0,0.15438531,1.7321582,1.0
4148,16.0,1.4618608,1.4586393,0.7605797,0.0,0.0,1.0,5659.7275,4.6479697,20.0,0.15472092,1.7359236,1.0
4149,16.0,1.4817154,1.4475459,0.6810001,0.0,0.0,1.0,5659.7275,4.7405734,20.0,0.14926083,1.6746631,1.0
4150,16.0,1.2946074,1.3157246,0.8039384,0.0,0.0,1.0,5659.7275,3.867887,20.0,0.18034685,2.0234392,1.0
4151,16.0,1.3353658,1.4711403,0.7924216,0.0,0.0,1.0,4727.198,4.057987,20.0,0.15476452,1.7364128,1.0
4152,16.0,1.5562298,1.4365422,0.7618258,0.0,0.0,1.0,4727.198,5.0881143,20.0,0.1537474,1.725001,1.0
4153,16.0,1.559279,1.5140202,0.74138427,0.0,0.0,1.0,4727.198,5.102336,20.0,0.16472231,1.8481363,1.0
4154,16.0,1.5519823,1.4381136,0.7445865,0.0,0.0,1.0,4727.198,5.0683036,20.0,0.17019019,1.9094843,1.0
4155,16.0,1.1351963,1.4982116,0.7645853,0.0,0.0,1.0,4727.198,3.1243813,20.0,0.16230829,1.8210517,1.0
4156,16.0,1.3558874,1.5348625,0.7450599,0.0,0.0,1.0,4727.198,4.153702,20.0,0.14093481,1.5812474,1.0
4157,16.0,1.3564181,1.4599025,0.7605538,0.0,0.0,1.0,3790.4438,4.156177,20.0,0.14238468,1.5975146,1.0
4158,16.0,1.7098893,1.5969388,0.84802544,0.0,0.0,1.0,3790.4438,5.8047943,20.0,0.1430892,1.6054192,1.0
4159,16.0,1.3482393,1.5307585,0.7169916,0.0,0.0,1.0,3790.4438,4.1180305,20.0,0.14713904,1.6508572,1.0
4160,16.0,1.3328049,1.5227234,0.70033914,0.0,0.0,1.0,3790.4438,4.0460434,20.0,0.15663105,1.7573547,1.0
4161,4.9502225,1.3164921,1.479397,0.80912,0.0,0.0,1.0,2.0109951,3.9699588,0.0,0.1520081,1.7054867,1.0
4162,4.850353,1.3156819,1.5918432,0.5848482,0.0,0.0,1.0,0.22343962,3.9661803,0.0,0.14589834,1.6369369,1.0
4163,7.4433436,1.7600046,1.7006017,0.554672,0.0,0.0,1.0,0.3356785,6.038536,0.0,0.14837165,1.6646867,1.0
4164,7.545397,1.7441266,1.7007538,0.70694095,0.0,0.0,1.0,0.3356785,5.9644794,0.0,0.15662627,1.7573011,1.0
4165,7.758053,1.7839143,1.6914783,0.5806429,0.0,0.0,1.0,0.3356785,6.1500525,0.0,0.15571101,1.7470322,1.0
4166,3.5663157,1.0747524,1.6422175,0.7088055,0.0,0.0,1.0,0.3356785,2.8424664,0.0,0.15397787,1.7275869,1.0
4167,7.373655,1.7315364,1.6598325,0.7554187,0.0,0.0,1.0,0.3356785,5.905758,0.0,0.152424,1.7101527,1.0
4168,7.5559106,1.7432966,1.5860397,0.72606164,0.0,0.0,1.0,0.3356785,5.9606085,0.0,0.15728468,1.7646883,1.0
4169,6.493152,1.6291053,1.6699111,0.5351494,0.0,0.0,1.0,0.3356785,5.4280114,0.0,0.13909972,1.5606583,1.0
4170,2.7596128,0.9959097,1.6131015,0.70880544,0.0,0.0,1.0,0.3356785,2.4747374,0.0,0.118442945,1.3288953,1.0
4171,2.9385848,1.0402838,1.4561892,0.8764396,0.0,0.0,1.0,0.3356785,2.681702,0.0,0.11352242,1.2736884,1.0
4172,5.5173903,1.5177374,1.5094666,0.7217535,0.0,0.0,1.0,0.3356785,4.9085827,0.0,0.120713376,1.3543689,1.0
4173,4.276734,1.2106496,1.4963055,0.62139976,0.0,0.0,1.0,0.3356785,3.4763012,0.0,0.14776401,1.6578692,1.0
4174,7.177587,1.701023,1.5430284,0.8036869,0.0,0.0,1.0,0.50468767,5.763441,0.0,0.15161201,1.7010427,1.0
4175,7.378615,1.736502,1.6803538,0.60342526,0.0,0.0,1.0,0.50468767,5.9289184,0.0,0.15139504,1.6986082,1.0
4176,6.2822156,1.5494105,1.5829318,0.77642417,0.0,0.0,1.0,0.50929254,5.0563083,0.0,0.15087,1.6927174,1.0
4177,4.7534904,1.2017751,1.5248326,0.73200876,0.0,0.0,1.0,0.5868477,3.4349098,0.0,0.18688448,2.0967894,1.0
4178,4.7199116,1.2079214,1.5436953,0.6034546,0.0,0.0,1.0,0.6837856,3.4635766,0.0,0.1814989,2.0363648,1.0
4179,4.5635886,1.217233,1.533222,0.595249,0.0,0.0,1.0,0.8168081,3.5070064,0.0,0.16585039,1.860793,1.0
4180,5.6402345,1.5273844,1.4810759,0.7852283,0.0,0.0,1.0,1.014087,4.953577,0.0,0.12442863,1.396053,1.0
4181,6.1575146,1.5043179,1.6472788,0.76211965,0.0,0.0,1.0,1.014087,4.845993,0.0,0.1580485,1.7732581,1.0
4182,3.5725813,1.1057817,1.4680171,0.8469448,0.0,0.0,1.0,1.014087,2.987189,0.0,0.1390328,1.5599074,1.0
4183,6.1406097,1.5939016,1.7188338,0.7978888,0.0,0.0,1.0,1.014087,5.2638187,0.0,0.13154642,1.4759126,1.0
4184,6.123968,1.5474515,1.7483168,0.74481666,0.0,0.0,1.0,1.014087,5.0471716,0.0,0.1434584,1.6095614,1.0
4185,3.8098714,1.1342467,1.7161727,0.7978708,0.0,0.0,1.0,1.3552783,3.1199522,0.0,0.14544085,1.6318039,1.0
4186,3.3873277,1.1271763,1.7637196,0.6897284,0.0,0.0,1.0,1.3552783,3.086975,0.0,0.11390586,1.2779906,1.0
4187,3.8950632,1.1320903,1.7507503,0.79124385,0.0,0.0,1.0,1.3552783,3.1098948,0.0,0.15342246,1.7213553,1.0
4188,4.2718344,1.2437369,1.7655331,0.8248372,0.0,0.0,1.0,1.3552783,3.6306229,0.0,0.13410382,1.5046058,1.0
4189,4.0235147,1.1335573,1.3872049,0.91567945,0.0,0.0,1.0,1.3552783,3.116737,0.0,0.16321743,1.831252,1.0
4190,3.8182702,1.1952765,1.5505471,0.878067,0.0,0.0,1.0,1.3552783,3.4046,0.0,0.12007018,1.3471525,1.0
4191,4.7305474,1.2212859,1.4465226,0.85159385,0.0,0.0,1.0,1.3552783,3.52591,0.0,0.17613216,1.9761515,1.0
4192,4.115271,1.2027458,1.7736223,0.75575656,0.0,0.0,1.0,1.3552783,3.4394372,0.0,0.13916722,1.5614157,1.0
4193,4.535459,1.2381079,1.7872716,0.75575656,0.0,0.0,1.0,1.3552783,3.604369,0.0,0.15491174,1.7380646,1.0
4194,3.8908362,1.2311194,1.7681931,0.8243688,0.0,0.0,1.0,1.3552783,3.571774,0.0,0.11187679,1.2552251,1.0
4195,5.017987,1.3830014,1.6597801,0.8843454,0.0,0.0,1.0,1.3552783,4.280164,0.0,0.13302661,1.4925199,1.0
4196,7.3951397,1.7668871,1.65016,0.8987384,0.0,0.0,1.0,1.3552783,6.0706363,0.0,0.14468978,1.6233772,1.0
4197,8.312897,1.8679767,1.8353212,0.40828484,0.0,0.0,1.0,1.3552783,6.542126,0.0,0.15805659,1.7733488,1.0
4198,4.3780117,1.236406,1.3861614,0.92833835,0.0,0.0,1.0,1.5815115,3.596431,0.0,0.14447056,1.6209176,1.0
4199,4.2886515,1.1771381,1.6203045,0.9216624,0.0,0.0,1.0,1.3615178,3.320001,0.0,0.16342723,1.833606,1.0
4200,7.9200387,1.8362168,1.8273039,0.8477955,0.0,0.0,1.0,1.3615178,6.393996,0.0,0.14990664,1.6819087,1.0
4201,4.465449,1.2259011,1.3517249,0.9141272,0.0,0.0,1.0,1.3615178,3.5474355,0.0,0.1550288,1.739378,1.0
4202,8.292524,1.8290302,1.8145906,0.3457119,0.0,0.0,1.0,1.3615178,6.3604765,0.0,0.16648214,1.8678811,1.0
4203,8.031679,1.8254195,1.8184667,0.3457119,0.0,0.0,1.0,1.3615178,6.343636,0.0,0.15689236,1.7602866,1.0
4204,5.4564447,1.3375092,1.7143236,0.77112854,0.0,0.0,1.0,1.3615178,4.067984,0.0,0.17604586,1.9751834,1.0
4205,5.264382,1.3535675,1.7730933,0.56468683,0.0,0.0,1.0,1.3615178,4.1428814,0.0,0.1580651,1.7734443,1.0
4206,4.441267,1.2367107,1.3069043,0.81521034,0.0,0.0,1.0,1.3615178,3.597852,0.0,0.14882532,1.6697767,1.0
4207,8.167543,1.833297,1.8155723,0.43071544,0.0,0.0,1.0,1.3615178,6.3803773,0.0,0.16045836,1.800296,1.0
4208,6.6484985,1.5094848,1.7669764,0.79846877,0.0,0.0,1.0,1.3615178,4.870092,0.0,0.18212062,2.0433402,1.0
4209,7.1425157,1.5980121,1.7679756,0.71168137,0.0,0.0,1.0,1.130438,5.28299,0.0,0.17876288,2.0056674,1.0
4210,3.4056273,1.0695027,1.1365454,0.77528214,0.0,0.0,1.0,1.35215,2.817981,0.0,0.142233,1.5958128,1.0
4211,7.91775,1.7271091,1.73025,0.7451385,0.0,0.0,1.0,1.35215,5.8851085,0.0,0.17708309,1.9868207,1.0
4212,6.3792677,1.4871262,1.4523727,0.84045726,0.0,0.0,1.0,5.934733,4.76581,0.5643685,0.17534155,1.9672811,1.0
4213,4.39232,1.222593,1.3465375,0.85978216,0.0,0.0,1.0,7.2221828,3.532006,0.7582163,0.15115663,1.6959333,1.0
4214,4.3955398,1.2765735,1.8757396,0.7024379,0.0,0.0,1.0,7.861864,3.7837756,0.85453135,0.13030156,1.4619455,1.0
4215,4.6216607,1.3156904,1.8756534,0.67916304,0.0,0.0,1.0,8.498899,3.9662197,0.95044804,0.13121195,1.4721599,1.0
4216,4.594921,1.3514361,1.8748484,0.7024379,0.0,0.0,1.0,9.1333275,4.132941,1.0459721,0.11759411,1.3193716,1.0
4217,6.761639,1.7078254,1.9010003,0.70320433,0.0,0.0,1.0,9.1333275,5.795168,1.0459721,0.131598,1.4764912,1.0
4218,5.4006457,1.4667639,1.7703741,0.5744873,0.0,0.0,1.0,9.765183,4.670838,1.141109,0.12891796,1.446422,1.0
4219,4.5501685,1.2290001,1.6022735,0.63124883,0.0,0.0,1.0,9.765183,3.5618894,1.141109,0.15978496,1.7927407,1.0
4220,4.285135,1.2433889,1.5796138,0.55805653,0.0,0.0,1.0,10.394504,3.629,1.2358639,0.13517112,1.5165806,1.0
4221,5.2351594,1.5162632,1.5562483,0.8805357,0.0,0.0,1.0,7.5958576,4.901707,0.81447953,0.1064524,1.1943649,1.0
4222,5.68781,1.6848073,1.7572517,0.819572,0.0,0.0,1.0,11.641133,5.68781,1.4235656,0.0580277,0.6510539,0.0
4223,5.480476,1.6403539,1.825599,0.81278193,0.0,0.0,1.0,12.262572,5.480476,1.517134,0.062905245,0.70577854,0.0
4224,5.482249,1.6407341,1.9081037,0.76077986,0.0,0.0,1.0,12.262572,5.482249,1.517134,0.06692291,0.75085557,0.0
4225,5.2615814,1.5934219,1.8366095,0.9005119,0.0,0.0,1.0,12.262572,5.2615814,1.517134,0.068019085,0.7631543,0.0
4226,4.794908,1.493365,1.6201557,0.9748206,0.0,0.0,1.0,12.262572,4.794908,1.517134,0.06736869,0.7558571,0.0
4227,4.297833,1.3867898,1.852616,0.9651358,0.0,0.0,1.0,12.262572,4.297833,1.517134,0.056662556,0.63573736,0.0
4228,3.7166595,1.2621835,1.8811632,0.93606764,0.0,0.0,1.0,12.262572,3.7166595,1.517134,0.086107485,0.9661009,0.0
4229,2.822198,1.0704068,1.6417551,0.9050391,0.0,0.0,1.0,12.262572,2.822198,1.517134,0.07486597,0.83997434,0.0
4230,2.9029226,1.0877146,1.7139001,0.91921335,0.0,0.0,1.0,12.262572,2.9029226,1.517134,0.07340762,0.8236121,0.0
4231,3.0509696,1.1194565,1.0897405,0.8281434,0.0,0.0,1.0,12.262572,3.0509696,1.517134,0.07242892,0.81263137,0.0
4232,3.502015,1.2161628,1.3494229,0.7719313,0.0,0.0,1.0,12.262572,3.502015,1.517134,0.08424891,0.9452482,0.0
4233,4.0241985,1.3281213,1.3681333,0.8070609,0.0,0.0,1.0,12.262572,4.0241985,1.517134,0.08795128,0.98678774,0.0
4234,3.29574,1.1441572,1.3350328,0.8894378,0.0,0.0,1.0,12.262572,3.1661754,1.517134,0.09954969,1.1169184,1.0
4235,4.6743813,1.3420675,1.4869921,0.75643504,0.0,0.0,1.0,12.262572,4.0892444,1.517134,0.12556772,1.4088333,1.0
4236,3.9778254,1.3056993,1.2878685,0.6411173,0.0,0.0,1.0,12.262572,3.9196208,1.517134,0.09291038,1.0424274,1.0
4237,3.5985415,1.2368585,1.3850391,0.8652479,0.0,0.0,1.0,12.262572,3.5985415,1.517134,0.08686713,0.9746239,0.0
4238,4.6167364,1.2869916,1.3697677,0.79136366,0.0,0.0,1.0,12.262572,3.8323662,1.517134,0.14124887,1.5847712,1.0
4239,4.8411965,1.400026,1.3632121,0.49420124,0.0,0.0,1.0,12.262572,4.359567,1.517134,0.1172621,1.3156466,1.0
4240,5.185466,1.3892034,1.4898015,0.6049871,0.0,0.0,1.0,12.262572,4.30909,1.517134,0.14091995,1.5810808,1.0
4241,4.030517,1.2501072,1.3587029,0.59802604,0.0,0.0,1.0,6.5783224,3.6603343,0.661272,0.11488292,1.288953,1.0
4242,4.449481,1.3565521,1.4160825,0.5151841,0.0,0.0,1.0,5.2859035,4.156802,0.46667603,0.10705897,1.2011704,1.0
4243,4.630571,1.3465694,1.3561935,0.52450216,0.0,0.0,1.0,4.6354756,4.110242,0.36874288,0.121366344,1.361695,1.0
4244,4.890505,1.236728,1.2388674,0.5641027,0.0,0.0,1.0,3.982184,3.5979328,0.27037853,0.18061435,2.0264404,1.0
4245,4.6090837,1.2321852,1.2348826,0.57784796,0.0,0.0,1.0,3.982184,3.5767453,0.27037853,0.1626284,1.8246433,1.0
4246,3.710539,1.048428,1.2209586,0.7107671,0.0,0.0,1.0,3.3259873,2.7196872,0.17157681,0.18190584,2.0409305,1.0
4247,3.6528454,1.0842472,1.1951014,0.68756926,0.0,0.0,1.0,3.3259873,2.8867507,0.17157681,0.15670969,1.758237,1.0
4248,3.6576672,1.0793266,1.1843418,0.7093086,0.0,0.0,1.0,3.3259873,2.8638005,0.17157681,0.15972082,1.7920212,1.0
4249,3.481358,1.0591727,1.0593004,0.55847746,0.0,0.0,1.0,2.6668453,2.7698014,0.07233159,0.15454897,1.7339945,1.0
4250,4.7633443,1.2315754,1.2772788,0.75724715,0.0,0.0,1.0,2.6668453,3.5739007,0.07233159,0.17388123,1.9508967,1.0
4251,4.779816,1.226862,1.3529099,0.86324483,0.0,0.0,1.0,2.6668453,3.5519168,0.07233159,0.17716287,1.9877158,1.0
4252,4.988662,1.3118585,1.3425617,0.5630385,0.0,0.0,1.0,2.6668453,3.9483476,0.07233159,0.15622531,1.7528025,1.0
4253,3.1564858,1.0232996,1.139808,0.7438068,0.0,0.0,1.0,2.6668453,2.6024861,0.07233159,0.14333789,1.6082094,1.0
4254,5.0504584,1.362966,1.3583376,0.53854895,0.0,0.0,1.0,2.6668453,4.1867166,0.07233159,0.14166532,1.5894437,1.0
4255,4.8564854,1.2627736,1.2525395,0.40265086,0.0,0.0,1.0,2.6668453,3.7194118,0.07233159,0.16697997,1.8734666,1.0
4256,4.8035703,1.2660352,1.2678041,0.277201,0.0,0.0,1.0,2.0047174,3.734624,0.0,0.16201742,1.8177882,1.0
4257,4.798232,1.2315154,1.2348908,0.4258674,0.0,0.0,1.0,2.0047174,3.573621,0.0,0.17639385,1.9790876,1.0
4258,4.789422,1.3345491,1.3369678,0.5421088,0.0,0.0,1.0,2.0047174,4.054178,0.0,0.13531153,1.5181559,1.0
4259,4.672135,1.2607532,1.236193,0.277201,0.0,0.0,1.0,0.40318567,3.709988,0.0,0.1551707,1.74097,1.0
4260,4.7552557,1.2771761,1.2458997,0.277201,0.0,0.0,1.0,0.3356785,3.7865863,0.0,0.15427344,1.730903,1.0
4261,4.992726,1.4718541,1.4282533,0.51091677,0.0,0.0,1.0,0.3356785,4.6945796,0.0,0.10530161,1.1814533,1.0
4262,3.8659203,1.2538297,1.2735996,0.43204823,0.0,0.0,1.0,0.3356785,3.6776967,0.0,0.102162,1.146228,1.0
4263,4.2167444,1.1940262,1.2812893,0.42810458,0.0,0.0,1.0,1.3130465,3.3987684,0.0,0.15041602,1.6876239,1.0
4264,4.3477626,1.2365533,1.2971616,0.53906417,0.0,0.0,1.0,1.6342924,3.5971181,0.0,0.14226991,1.5962269,1.0
4265,4.9318047,1.2870637,1.3219295,0.42810458,0.0,0.0,1.0,1.7939162,3.8327026,0.0,0.1621558,1.819341,1.0
4266,5.6259975,1.3455548,1.2900965,0.5393485,0.0,0.0,1.0,1.9528867,4.1055098,0.0,0.18344072,2.0581515,1.0
4267,5.5379796,1.3456024,1.3278594,0.48370025,0.0,0.0,1.0,2.1112127,4.1057315,0.0,0.17796265,1.9966891,1.0
4268,5.6654115,1.360132,1.3100613,0.65486914,0.0,0.0,1.0,2.1112127,4.1734986,0.0,0.18016075,2.021351,1.0
4269,4.7995152,1.36967,1.2915423,0.6975882,0.0,0.0,1.0,2.2689035,4.217985,0.012414581,0.1242378,1.3939118,1.0
4270,5.273857,1.3623433,1.2166812,0.7492926,0.0,0.0,1.0,2.4259682,4.1838126,0.03606338,0.15547605,1.744396,1.0
4271,5.5310993,1.4421239,1.3728045,0.6938567,0.0,0.0,1.0,2.4259682,4.5559154,0.03606338,0.14363703,1.6115656,1.0
4272,5.1656337,1.3309922,1.3685967,0.6762131,0.0,0.0,1.0,2.5824156,4.0375886,0.05961924,0.16027558,1.7982453,1.0
4273,6.5156755,1.4588493,1.3332847,0.90599626,0.0,0.0,1.0,2.5824156,4.633924,0.05961924,0.19253916,2.1602333,1.0
4274,6.6709695,1.4939634,1.2361588,0.86400354,0.0,0.0,1.0,2.5824156,4.797699,0.05961924,0.18855898,2.1155767,1.0
4275,7.586731,1.5244715,1.4820334,0.62220764,0.0,0.0,1.0,2.7632387,4.939991,0.08684528,0.22556692,2.530795,1.0
4276,7.208203,1.4907762,1.4981872,0.77966875,0.0,0.0,1.0,3.184025,4.7828336,0.15020193,0.21826357,2.4488537,1.0
4277,5.8011823,1.376239,1.1986411,0.8019449,0.0,0.0,1.0,3.7099755,4.248623,0.22939286,0.18218619,2.044076,1.0
4278,5.6699944,1.3410285,1.5556749,0.74132097,0.0,0.0,1.0,4.431708,4.0843983,0.3380621,0.18798758,2.109166,1.0
4279,4.851339,1.267591,1.5299591,0.7140182,0.0,0.0,1.0,4.431708,3.7418804,0.3380621,0.16463314,1.8471359,1.0
4280,6.460253,1.5183051,1.5552635,0.5549304,0.0,0.0,1.0,4.431708,4.9112306,0.3380621,0.16944776,1.9011545,1.0
4281,6.657358,1.5132719,1.5336701,0.597687,0.0,0.0,1.0,4.2735305,4.8877554,0.3142458,0.18132584,2.034423,1.0
4282,6.2398686,1.5176243,1.5451897,0.4160902,0.0,0.0,1.0,3.4760406,4.908055,0.19416991,0.1582299,1.7752934,1.0
4283,7.0272083,1.4617198,1.4469439,0.79739493,0.0,0.0,1.0,3.4760406,4.647312,0.19416991,0.21953756,2.4631474,1.0
4284,6.718511,1.4673526,1.462102,0.7117996,0.0,0.0,1.0,3.4760406,4.673584,0.19416991,0.20055272,2.250143,1.0
4285,6.2258587,1.3388242,1.2536738,0.7679394,0.0,0.0,1.0,3.4760406,4.074117,0.19416991,0.22362411,2.5089974,1.0
4286,6.33569,1.3277105,1.2375472,0.7679394,0.0,0.0,1.0,3.4760406,4.0222826,0.19416991,0.23559254,2.6432798,1.0
4287,7.1106057,1.4688064,1.4857247,0.504291,0.0,0.0,1.0,3.4760406,4.6803646,0.19416991,0.22135583,2.483548,1.0
4288,6.581171,1.4409405,1.467756,0.504291,0.0,0.0,1.0,3.3790593,4.550396,0.17956771,0.20277718,2.275101,1.0
4289,6.2385387,1.405775,1.4625592,0.45931733,0.0,0.0,1.0,3.244606,4.386381,0.15932344,0.19665696,2.2064338,1.0
4290,5.737179,1.3170898,1.3776039,0.69814897,0.0,0.0,1.0,3.244606,3.9727466,0.15932344,0.20222938,2.2689548,1.0
4291,5.420052,1.2980016,1.3311362,0.69664156,0.0,0.0,1.0,2.6890495,3.883718,0.07567482,0.18986571,2.1302378,1.0
4292,5.264657,1.2601368,1.3383667,0.6832113,0.0,0.0,1.0,1.9632094,3.7071135,0.0,0.1961217,2.2004282,1.0
4293,5.0129447,1.2421843,1.3114384,0.69820803,0.0,0.0,1.0,1.0392811,3.6233814,0.0,0.1867884,2.0957115,1.0
4294,5.086906,1.2210631,1.2962939,0.6796437,0.0,0.0,1.0,0.664261,3.5248709,0.0,0.20197791,2.2661333,1.0
4295,5.420918,1.2380279,1.3132704,0.6971005,0.0,0.0,1.0,0.48065343,3.6039958,0.0,0.21751034,2.4404027,1.0
4296,5.386855,1.2221926,1.3048283,0.6971005,0.0,0.0,1.0,0.48065343,3.530139,0.0,0.22306697,2.5027463,1.0
4297,5.4295077,1.2292724,1.2933469,0.6971005,0.0,0.0,1.0,0.48065343,3.5631592,0.0,0.22251415,2.496544,1.0
4298,5.452225,1.1764382,1.2623863,0.7447203,0.0,0.0,1.0,0.48065343,3.3167367,0.0,0.25308838,2.839578,1.0
4299,5.7106633,1.2394626,1.2836769,0.64871603,0.0,0.0,1.0,0.48065343,3.6106875,0.0,0.2372356,2.6617143,1.0
4300,5.7854266,1.2797196,1.2696421,0.6248117,0.0,0.0,1.0,0.48065343,3.798449,0.0,0.22233893,2.4945781,1.0
4301,4.894891,1.2524474,1.2624942,0.45931733,0.0,0.0,1.0,0.4486373,3.6712494,0.0,0.17400599,1.9522965,1.0
4302,4.6105857,1.2618692,1.2533201,0.6612436,0.0,0.0,1.0,0.67449075,3.7151935,0.0,0.15050259,1.6885952,1.0
4303,4.5997496,1.2624223,1.2223626,0.8645617,0.0,0.0,1.0,0.67449075,3.7177732,0.0,0.14954105,1.677807,1.0
4304,5.3621955,1.32147,1.2922475,0.555866,0.0,0.0,1.0,0.67902166,3.9931762,0.0,0.17643435,1.979542,1.0
4305,4.7903647,1.2218024,1.2944902,0.752824,0.0,0.0,1.0,0.67449075,3.5283186,0.0,0.18021615,2.0219727,1.0
4306,5.7060018,1.3598018,1.4906095,0.5856374,0.0,0.0,1.0,0.67449075,4.1719584,0.0,0.18276599,2.0505812,1.0
4307,5.683255,1.5230688,1.4606876,0.5708165,0.0,0.0,1.0,0.67449075,4.933449,0.0,0.12783225,1.4342406,1.0
4308,5.7296543,1.250773,1.2925733,0.50257266,0.0,0.0,1.0,0.6775395,3.6634398,0.0,0.2327561,2.6114554,1.0
4309,5.326056,1.239524,1.2787892,0.4661636,0.0,0.0,1.0,0.6775395,3.6109738,0.0,0.21008033,2.35704,1.0
4310,5.327897,1.2429442,1.2802029,0.4661636,0.0,0.0,1.0,0.6775395,3.626926,0.0,0.20855756,2.339955,1.0
4311,5.2639093,1.298193,1.3231719,0.4661636,0.0,0.0,1.0,2.6508281,3.8846104,0.06991993,0.1795482,2.0144784,1.0
4312,5.6097145,1.3369011,1.3510537,0.42997923,0.0,0.0,1.0,3.2995076,4.065148,0.16758983,0.1858855,2.0855813,1.0
4313,5.390815,1.332169,1.3721294,0.4661636,0.0,0.0,1.0,3.6218503,4.0430775,0.21612407,0.17401636,1.9524128,1.0
4314,5.325216,1.3721069,1.3722545,0.5572684,0.0,0.0,1.0,3.9428864,4.2293506,0.2644616,0.15511216,1.7403133,1.0
4315,5.091258,1.3100226,1.3529904,0.65989065,0.0,0.0,1.0,4.262634,3.9397845,0.3126051,0.1635561,1.8350518,1.0
4316,5.037914,1.4302584,1.394836,0.4594391,0.0,0.0,1.0,4.262634,4.5005736,0.3126051,0.119532965,1.341125,1.0
4317,5.5286,1.393801,1.3965665,0.5975868,0.0,0.0,1.0,4.5811124,4.3305335,0.36055756,0.15958034,1.7904449,1.0
4318,5.750925,1.4433366,1.318838,0.57025224,0.0,0.0,1.0,4.876298,4.5615716,0.40500283,0.15552561,1.7449521,1.0
4319,6.01486,1.4203677,1.4017538,0.60393345,0.0,0.0,1.0,6.720938,4.454443,0.6827453,0.17833564,2.0008738,1.0
4320,5.831819,1.531121,1.4408646,0.7161869,0.0,0.0,1.0,11.029534,4.971005,1.3314788,0.13322653,1.4947628,1.0
4321,5.704921,1.4681762,1.4554029,0.75254476,0.0,0.0,1.0,11.029534,4.6774254,1.3314788,0.145069,1.6276319,1.0
4322,5.9610305,1.4926555,1.5254418,0.61109567,0.0,0.0,1.0,11.029534,4.791599,1.3314788,0.1512794,1.6973108,1.0
4323,5.8520627,1.5054811,1.5496341,0.6064368,0.0,0.0,1.0,11.029534,4.8514185,1.3314788,0.14165331,1.5893089,1.0
4324,6.067937,1.5495211,1.5208046,0.7153994,0.0,0.0,1.0,11.029534,5.056824,1.3314788,0.14004695,1.571286,1.0
4325,6.599865,1.6385318,1.5796096,0.57352984,0.0,0.0,1.0,11.029534,5.471977,1.3314788,0.14161834,1.5889165,1.0
4326,5.80378,1.4922897,1.573793,0.62303,0.0,0.0,1.0,11.029534,4.7898927,1.3314788,0.14303207,1.6047782,1.0
4327,4.7621865,1.3020215,1.4850262,0.6836307,0.0,0.0,1.0,7.140047,3.902467,0.7458494,0.14522953,1.629433,1.0
4328,5.275732,1.3615113,1.6109779,0.73344105,0.0,0.0,1.0,5.1908684,4.179932,0.45236686,0.15588827,1.749021,1.0
4329,4.6019387,1.2709045,1.5057449,0.7036133,0.0,0.0,1.0,5.1908684,3.757335,0.45236686,0.146372,1.6422513,1.0
4330,5.178387,1.3835166,1.5503739,0.57006216,0.0,0.0,1.0,5.1908684,4.282566,0.45236686,0.14239702,1.597653,1.0
4331,4.834598,1.2836888,1.4298499,0.7859401,0.0,0.0,1.0,5.1908684,3.8169618,0.45236686,0.15702188,1.7617397,1.0
4332,5.4875093,1.375398,1.4519844,0.7107671,0.0,0.0,1.0,5.1908684,4.244701,0.45236686,0.16368912,1.8365443,1.0
4333,5.212849,1.3697448,1.5046736,0.53476405,0.0,0.0,1.0,5.1908684,4.2183337,0.45236686,0.14916614,1.6736006,1.0
4334,5.5239763,1.4070103,1.4232379,0.8318513,0.0,0.0,1.0,4.024168,4.392143,0.27669996,0.15475194,1.7362717,1.0
4335,5.3214936,1.2897964,1.3893824,0.8504139,0.0,0.0,1.0,3.244606,3.8454478,0.15932344,0.18687582,2.0966923,1.0
4336,5.936498,1.3772476,1.3910583,0.54729474,0.0,0.0,1.0,2.6890495,4.2533274,0.07567482,0.18990317,2.1306581,1.0
4337,4.422347,1.2180574,1.374044,0.62119627,0.0,0.0,1.0,2.2714448,3.5108519,0.012797218,0.1552427,1.7417778,1.0
4338,4.2360907,1.221298,1.3187962,0.607254,0.0,0.0,1.0,1.3140328,3.5259662,0.0,0.14041582,1.5754246,1.0
4339,4.09616,1.2070193,1.2297966,0.7004013,0.0,0.0,1.0,0.51553166,3.4593694,0.0,0.1360048,1.5259343,1.0
4340,3.84999,1.1859891,1.2553517,0.5215992,0.0,0.0,1.0,0.4272638,3.3612828,0.0,0.12615378,1.4154087,1.0
4341,4.1990666,1.2712693,1.2287352,0.63413286,0.0,0.0,1.0,0.51176196,3.7590363,0.0,0.11893849,1.3344553,1.0
4342,3.7653136,1.1932763,1.2829567,0.4247915,0.0,0.0,1.0,0.550607,3.3952708,0.0,0.11688302,1.3113934,1.0
4343,5.293422,1.2147185,1.1840177,0.8414555,0.0,0.0,1.0,0.45948392,3.4952786,0.0,0.22013544,2.4698555,1.0
4344,4.473233,1.2194297,1.2410096,0.6671347,0.0,0.0,1.0,0.4272638,3.5172524,0.0,0.15834323,1.7765648,1.0
4345,4.9375005,1.2147739,1.2108074,0.54073924,0.0,0.0,1.0,0.40286946,3.4955373,0.0,0.19417757,2.1786158,1.0
4346,4.442547,1.2608422,1.2476848,0.60334307,0.0,0.0,1.0,0.5442854,3.7104034,0.0,0.13937765,1.5637766,1.0
4347,4.707987,1.2768472,1.3777713,0.83747077,0.0,0.0,1.0,0.52853173,3.7850523,0.0,0.15122283,1.696676,1.0
4348,4.521028,1.2647465,1.2729337,0.5579129,0.0,0.0,1.0,0.50919795,3.7286136,0.0,0.14324857,1.6072073,1.0
4349,6.231911,1.5883582,1.5794485,0.40762088,0.0,0.0,1.0,0.5832524,5.2379637,0.0,0.1374516,1.542167,1.0
4350,4.8170233,1.2716837,1.4648356,0.8340581,0.0,0.0,1.0,0.67449075,3.760969,0.0,0.16063397,1.8022662,1.0
4351,4.5267673,1.2482933,1.234964,0.78568757,0.0,0.0,1.0,0.67449075,3.6518743,0.0,0.15013726,1.6844963,1.0
4352,4.505369,1.2767053,1.2687492,0.7798326,0.0,0.0,1.0,0.67449075,3.78439,0.0,0.13764401,1.5443257,1.0
4353,5.270905,1.2723327,1.2594194,0.6834629,0.0,0.0,1.0,0.67449075,3.763996,0.0,0.19107912,2.143852,1.0
4354,5.795926,1.3079926,1.2680734,0.6681696,0.0,0.0,1.0,0.67449075,3.9303164,0.0,0.21000585,2.3562045,1.0
4355,5.8053885,1.2741451,1.2632003,0.677371,0.0,0.0,1.0,0.67449075,3.7724493,0.0,0.22635958,2.5396886,1.0
4356,6.03272,1.3315278,1.3207403,0.6750587,0.0,0.0,1.0,1.0140436,4.0400867,0.0,0.21472813,2.409187,1.0
4357,5.9112835,1.3320801,1.3328252,0.4353034,0.0,0.0,1.0,1.0140436,4.0426626,0.0,0.20683637,2.320644,1.0
4358,5.752584,1.3211378,1.3170875,0.4353034,0.0,0.0,1.0,1.0140436,3.9916267,0.0,0.20147273,2.2604654,1.0
4359,5.2707725,1.2915511,1.2945476,0.58409524,0.0,0.0,1.0,1.0140436,3.8536322,0.0,0.18277568,2.05069,1.0
4360,5.799058,1.2485492,1.2191728,0.67643017,0.0,0.0,1.0,1.0140436,3.653068,0.0,0.23872496,2.6784246,1.0
4361,5.7499833,1.2424523,1.2512059,0.6572372,0.0,0.0,1.0,1.1268871,3.6246314,0.0,0.23844866,2.6753244,1.0
4362,5.1188717,1.123229,1.0688097,0.7335782,0.0,0.0,1.0,0.68061596,3.068565,0.0,0.25927967,2.9090424,1.0
4363,5.8227925,1.2207547,1.1413585,0.7995786,0.0,0.0,1.0,0.9054417,3.5234325,0.0,0.2553137,2.8645453,1.0
4364,5.7869897,1.2463353,1.222272,0.6572372,0.0,0.0,1.0,1.3520652,3.642742,0.0,0.23902725,2.681816,1.0
4365,5.9661384,1.2702585,1.2312025,0.89597934,0.0,0.0,1.0,2.0327663,3.754322,0.0,0.23915535,2.6832533,1.0
4366,5.8101497,1.2700123,1.2188663,0.91785234,0.0,0.0,1.0,2.0327663,3.7531734,0.0,0.22869536,2.5658953,1.0
4367,5.507148,1.2423997,1.2229489,0.7843419,0.0,0.0,1.0,2.0327663,3.624386,0.0,0.2214141,2.4842017,1.0
4368,4.945982,1.1625267,1.2170911,0.45786044,0.0,0.0,1.0,2.0327663,3.2518523,0.0,0.22179689,2.4884965,1.0
4369,4.2121778,1.1253775,1.1489036,0.8015682,0.0,0.0,1.0,2.0327663,3.0785856,0.0,0.18289718,2.052053,1.0
4370,5.054064,1.2406166,1.2097945,0.84009635,0.0,0.0,1.0,4.6385665,3.6160696,0.36920825,0.19039655,2.1361938,1.0
4371,5.916453,1.2425622,1.2641077,0.79271257,0.0,0.0,1.0,5.9384427,3.625144,0.56492704,0.25008544,2.8058858,1.0
4372,6.2027235,1.3014059,1.2484711,0.62196434,0.0,0.0,1.0,4.409354,3.8995957,0.33469638,0.2395292,2.687448,1.0
4373,6.1739306,1.3210702,1.2685533,0.7541976,0.0,0.0,1.0,3.6382957,3.9913116,0.21860021,0.22838448,2.5624073,1.0
4374,5.640975,1.2641077,1.2705171,0.6365958,0.0,0.0,1.0,3.9607894,3.725634,0.26715723,0.22004594,2.4688513,1.0
4375,5.7644815,1.3633469,1.3103051,0.58624285,0.0,0.0,1.0,3.9607894,4.1884937,0.26715723,0.18494649,2.0750458,1.0
4376,4.991815,1.3326695,1.3062975,0.7219446,0.0,0.0,1.0,4.262634,4.0454116,0.3126051,0.14870386,1.668414,1.0
4377,5.117464,1.4314895,1.2710487,0.7656757,0.0,0.0,1.0,4.5604987,4.5063157,0.35745382,0.123665124,1.3874867,1.0
4378,5.901004,1.3846096,1.3880631,0.59335417,0.0,0.0,1.0,4.5604987,4.287664,0.35745382,0.18494873,2.0750709,1.0
4379,5.347175,1.3625928,1.368935,0.72284585,0.0,0.0,1.0,4.876298,4.184976,0.40500283,0.15984818,1.79345,1.0
4380,5.4215817,1.4228561,1.3756539,0.7683907,0.0,0.0,1.0,4.876298,4.4660487,0.40500283,0.14361332,1.6112996,1.0
4381,5.579149,1.4408554,1.3687524,0.7731829,0.0,0.0,1.0,4.876298,4.5499988,0.40500283,0.14672826,1.6462483,1.0
4382,5.8684597,1.4909518,1.457439,0.71343344,0.0,0.0,1.0,4.876298,4.7836523,0.40500283,0.14687772,1.6479253,1.0
4383,6.453957,1.4926047,1.4596946,0.7777566,0.0,0.0,1.0,4.876298,4.791362,0.40500283,0.17749341,1.9914243,1.0
4384,6.7454576,1.5529289,1.5350469,0.69260484,0.0,0.0,1.0,4.876298,5.0727186,0.40500283,0.1731015,1.9421484,1.0
4385,7.021799,1.5633695,1.590293,0.70068955,0.0,0.0,1.0,4.876298,5.1214147,0.40500283,0.18362238,2.0601895,1.0
4386,7.116853,1.5563897,1.5411764,0.64230555,0.0,0.0,1.0,4.876298,5.08886,0.40500283,0.19061258,2.1386178,1.0
4387,7.251362,1.5766267,1.5384666,0.6132937,0.0,0.0,1.0,4.876298,5.1832466,0.40500283,0.19073577,2.1399999,1.0
4388,7.117519,1.5588162,1.5262395,0.6937397,0.0,0.0,1.0,4.876298,5.1001773,0.40500283,0.18985556,2.130124,1.0
4389,6.327852,1.4229894,1.5198611,0.6585751,0.0,0.0,1.0,4.876298,4.4666705,0.40500283,0.19523859,2.19052,1.0
4390,7.007019,1.5050958,1.5211115,0.6965138,0.0,0.0,1.0,3.7721698,4.8496213,0.23875728,0.20241398,2.271026,1.0
4391,6.8391633,1.4967426,1.4924332,0.7067392,0.0,0.0,1.0,3.7721698,4.8106613,0.23875728,0.19650829,2.2047658,1.0
4392,6.870794,1.4684141,1.4833544,0.7067392,0.0,0.0,1.0,3.7721698,4.678535,0.23875728,0.20845413,2.3387947,1.0
4393,6.864346,1.4559113,1.4689521,0.7067392,0.0,0.0,1.0,3.7721698,4.6202207,0.23875728,0.21281894,2.3877664,1.0
4394,6.809989,1.4387525,1.478946,0.6273831,0.0,0.0,1.0,3.7721698,4.540191,0.23875728,0.21643914,2.428384,1.0
4395,6.5328865,1.4250784,1.4635447,0.6273831,0.0,0.0,1.0,3.7721698,4.4764137,0.23875728,0.20611736,2.3125768,1.0
4396,6.083793,1.381552,1.3907514,0.71929365,0.0,0.0,1.0,3.7721698,4.273403,0.23875728,0.19701079,2.2104037,1.0
4397,5.6631255,1.3471155,1.4267945,0.64765567,0.0,0.0,1.0,3.7721698,4.112789,0.23875728,0.18512194,2.0770142,1.0
4398,5.2021527,1.3037128,1.3997952,0.64765567,0.0,0.0,1.0,2.497131,3.9103556,0.04677819,0.17325455,1.9438655,1.0
4399,4.9179907,1.3018513,1.3861887,0.64765567,0.0,0.0,1.0,1.4581621,3.9016728,0.0,0.15546179,1.744236,1.0
4400,5.2743206,1.2894107,1.3329072,0.75943357,0.0,0.0,1.0,0.93202984,3.8436491,0.0,0.18391539,2.063477,1.0
4401,5.3965297,1.2919776,1.3110913,0.7207199,0.0,0.0,1.0,0.6672466,3.8556216,0.0,0.19090192,2.1418638,1.0
4402,4.4972553,1.1856538,1.192574,0.728576,0.0,0.0,1.0,0.40371194,3.3597188,0.0,0.1753498,1.9673737,1.0
4403,4.458694,1.1880817,1.2137204,0.63528347,0.0,0.0,1.0,0.40371194,3.371043,0.0,0.17129174,1.9218434,1.0
4404,4.29456,1.1789815,1.1675406,0.63297975,0.0,0.0,1.0,0.40589163,3.328599,0.0,0.16302958,1.8291444,1.0
4405,3.2054322,1.0435278,1.0871254,0.63250875,0.0,0.0,1.0,0.40809497,2.6968322,0.0,0.13715446,1.538833,1.0
4406,3.7082105,1.1594253,1.2179724,0.7729817,0.0,0.0,1.0,0.40809497,3.237387,0.0,0.12616402,1.4155235,1.0
4407,3.1723049,1.0808917,1.3380543,0.8410024,0.0,0.0,1.0,0.5085164,2.8711004,0.0,0.115844384,1.2997402,1.0
4408,5.150479,1.2847937,1.3035301,0.72025007,0.0,0.0,1.0,0.67449075,3.8221152,0.0,0.177633,1.9929905,1.0
4409,5.3427005,1.28216,1.2834005,0.7229468,0.0,0.0,1.0,0.68061596,3.8098316,0.0,0.19158776,2.1495588,1.0
4410,5.424274,1.3346969,1.2970494,0.62170184,0.0,0.0,1.0,0.68061596,4.0548673,0.0,0.17513041,1.9649122,1.0
4411,5.2432284,1.3100909,1.2934002,0.71252227,0.0,0.0,1.0,0.68061596,3.9401033,0.0,0.17335154,1.9449538,1.0
4412,4.819807,1.3196945,1.3757051,0.8912896,0.0,0.0,1.0,0.68061596,3.9848952,0.0,0.14248376,1.5986263,1.0
4413,3.4657938,1.1661305,1.3730097,0.92658067,0.0,0.0,1.0,0.68061596,3.2686608,0.0,0.10448704,1.1723142,1.0
4414,3.7107043,1.1985583,1.5258708,0.7163771,0.0,0.0,1.0,0.68061596,3.4199066,0.0,0.11078232,1.2429453,1.0
4415,4.416082,1.1976987,1.3122207,0.71400577,0.0,0.0,1.0,0.68061596,3.4158974,0.0,0.16369225,1.8365793,1.0
4416,5.4524884,1.342474,1.4681327,0.67956823,0.0,0.0,1.0,0.68061596,4.0911403,0.0,0.1738663,1.9507293,1.0
4417,5.201078,1.3350807,1.4841356,0.7791091,0.0,0.0,1.0,0.68061596,4.056658,0.0,0.16096908,1.8060261,1.0
4418,5.1275535,1.3043205,1.3395009,0.7668955,0.0,0.0,1.0,2.3350074,3.9131894,0.02236767,0.16815457,1.8866452,1.0
4419,5.0320396,1.3401961,1.3072377,0.8177909,0.0,0.0,1.0,2.989352,4.0805163,0.12089054,0.14851086,1.6662486,1.0
4420,4.7748566,1.337127,1.3189566,0.4296936,0.0,0.0,1.0,3.6382957,4.0662017,0.21860021,0.13350978,1.4979409,1.0
4421,5.237134,1.3828478,1.3163471,0.81157154,0.0,0.0,1.0,3.9607894,4.279447,0.26715723,0.14611724,1.6393929,1.0
4422,4.4390163,1.2602048,1.3025225,0.6948005,0.0,0.0,1.0,4.2819886,3.7074306,0.3155193,0.13937964,1.5637989,1.0
4423,5.3157153,1.3561964,1.3567274,0.6669043,0.0,0.0,1.0,5.8777866,4.155143,0.55579424,0.16025622,1.7980281,1.0
4424,5.345955,1.4083965,1.342425,0.7483538,0.0,0.0,1.0,9.771664,4.398608,1.1420847,0.14397478,1.6153551,1.0
4425,6.034117,1.4225849,1.3801368,0.63160896,0.0,0.0,1.0,10.401825,4.464784,1.2369664,0.17863753,2.004261,1.0
4426,5.101389,1.387971,1.4252492,0.74592257,0.0,0.0,1.0,10.401825,4.3033423,1.2369664,0.13635395,1.5298517,1.0
4427,4.922262,1.3797414,1.3807266,0.54160154,0.0,0.0,1.0,11.029534,4.264959,1.3314788,0.1283754,1.4403346,1.0
4428,4.8170657,1.4328473,1.452932,0.5584521,0.0,0.0,1.0,11.029534,4.5126486,1.3314788,0.10630747,1.1927389,1.0
4429,5.1199317,1.4931811,1.4835176,0.64984506,0.0,0.0,1.0,11.029534,4.79405,1.3314788,0.10643928,1.1942177,1.0
4430,5.457886,1.5122966,1.5406549,0.86964995,0.0,0.0,1.0,11.654826,4.8832064,1.4256274,0.119097814,1.3362428,1.0
4431,6.0831084,1.5467885,1.5777918,0.688586,0.0,0.0,1.0,11.654826,5.0440793,1.4256274,0.141585,1.5885426,1.0
4432,5.965019,1.5491254,1.5587938,0.78618544,0.0,0.0,1.0,11.654826,5.054979,1.4256274,0.13497385,1.5143673,1.0
4433,6.2758484,1.5735477,1.5582258,0.54644334,0.0,0.0,1.0,11.654826,5.168886,1.4256274,0.14366524,1.6118821,1.0
4434,5.9718385,1.5678593,1.5441518,0.42443353,0.0,0.0,1.0,11.654826,5.142355,1.4256274,0.13020565,1.4608694,1.0
4435,6.020918,1.5639964,1.5249969,0.6373871,0.0,0.0,1.0,7.5575423,5.1243386,0.80871046,0.13368438,1.4998999,1.0
4436,5.9270325,1.4689047,1.5261129,0.6870268,0.0,0.0,1.0,5.5042276,4.6808233,0.4995485,0.1569272,1.7606775,1.0
4437,5.5203195,1.5735431,1.5627697,0.48724565,0.0,0.0,1.0,5.5042276,5.1688647,0.4995485,0.106443964,1.1942703,1.0
4438,5.597978,1.5117606,1.5325837,0.47465175,0.0,0.0,1.0,5.5042276,4.8807063,0.4995485,0.12655297,1.4198874,1.0
4439,5.7244353,1.5006909,1.541929,0.4247915,0.0,0.0,1.0,5.5042276,4.829077,0.4995485,0.13634422,1.5297425,1.0
4440,5.7692885,1.4725261,1.5458825,0.590649,0.0,0.0,1.0,5.5042276,4.6977134,0.4995485,0.14721689,1.6517305,1.0
4441,6.170477,1.4555467,1.4855199,0.5184331,0.0,0.0,1.0,5.5042276,4.6185207,0.4995485,0.17469993,1.9600823,1.0
4442,5.81577,1.5422962,1.495325,0.4252511,0.0,0.0,1.0,4.275196,5.0231266,0.31449658,0.12931298,1.450854,1.0
4443,5.6613445,1.4183507,1.5017846,0.4159813,0.0,0.0,1.0,3.4539855,4.4450355,0.19084913,0.15881063,1.781809,1.0
4444,5.228787,1.3992351,1.4955169,0.590649,0.0,0.0,1.0,3.4539855,4.355879,0.19084913,0.14016095,1.572565,1.0
4445,5.676087,1.3592846,1.4727287,0.7325819,0.0,0.0,1.0,2.868748,4.1695466,0.10273152,0.18114042,2.0323427,1.0
4446,5.7425637,1.3213552,1.4495159,0.70448834,0.0,0.0,1.0,2.4288325,3.992641,0.036494657,0.20074038,2.2522485,1.0
4447,5.697439,1.2913299,1.4305285,0.739888,0.0,0.0,1.0,1.7955959,3.8526003,0.0,0.21107131,2.3681586,1.0
4448,5.545834,1.2862493,1.4481962,0.6796385,0.0,0.0,1.0,0.806618,3.8289042,0.0,0.20331897,2.2811797,1.0
4449,4.1273084,1.2703921,1.3959978,0.5289616,0.0,0.0,1.0,0.30448845,3.7549448,0.0,0.11438192,1.2833318,1.0
4450,3.825641,1.1730608,1.2721269,0.6146078,0.0,0.0,1.0,0.30448845,3.300984,0.0,0.12960346,1.454113,1.0
4451,4.487375,1.2680197,1.3032376,0.6973159,0.0,0.0,1.0,0.4272638,3.7438798,0.0,0.13970047,1.5673985,1.0
4452,5.2635098,1.290118,1.3132237,0.6436952,0.0,0.0,1.0,0.4272638,3.846948,0.0,0.18290012,2.052086,1.0
4453,4.6106386,1.1740981,1.3683454,0.8648476,0.0,0.0,1.0,0.43236062,3.3058224,0.0,0.1896414,2.1277213,1.0
4454,4.143561,1.2082809,1.3040158,0.66335917,0.0,0.0,1.0,0.40729576,3.4652536,0.0,0.1389762,1.5592725,1.0
4455,4.627567,1.3133636,1.3394653,0.71186763,0.0,0.0,1.0,0.45356616,3.955367,0.0,0.13240634,1.4855605,1.0
4456,4.964255,1.3762004,1.4351138,0.8206409,0.0,0.0,1.0,0.5047301,4.248443,0.0,0.13203502,1.4813944,1.0
4457,6.10176,1.3196669,1.3422742,0.8235558,0.0,0.0,1.0,0.48066375,3.9847662,0.0,0.2244193,2.517919,1.0
4458,4.758818,1.3447299,1.3515369,0.78362674,0.0,0.0,1.0,0.38795817,4.101662,0.0,0.12992878,1.4577631,1.0
4459,6.9412017,1.3924427,1.3979614,0.8394595,0.0,0.0,1.0,0.67449075,4.3241982,0.0,0.24324535,2.729142,1.0
4460,6.765226,1.3728772,1.3922782,0.71851325,0.0,0.0,1.0,0.67449075,4.2329435,0.0,0.241471,2.7092342,1.0
4461,4.048041,1.195951,1.2663939,0.8447781,0.0,0.0,1.0,0.67449075,3.4077458,0.0,0.13697681,1.5368398,1.0
4462,4.290111,1.1630493,1.1080881,0.6748154,0.0,0.0,1.0,0.67449075,3.2542899,0.0,0.17018369,1.9094114,1.0
4463,4.4805717,1.1150498,1.1517991,0.2754751,0.0,0.0,1.0,0.67449075,3.0304165,0.0,0.21098928,2.3672383,1.0
4464,4.545801,1.09914,1.1528726,0.2754751,0.0,0.0,1.0,0.67449075,2.956212,0.0,0.22605921,2.5363185,1.0
4465,4.505721,1.1071782,1.154938,0.2754751,0.0,0.0,1.0,0.67449075,2.9937027,0.0,0.21774602,2.4430468,1.0
4466,4.6147814,1.0989028,1.0414029,0.74989367,0.0,0.0,1.0,1.0140436,2.9551055,0.0,0.23215018,2.6046574,1.0
4467,4.2562637,1.069942,1.0471445,0.69861734,0.0,0.0,1.0,1.0140436,2.82003,0.0,0.21882345,2.4551353,1.0
4468,6.094871,1.277567,1.2677162,0.80139387,0.0,0.0,1.0,1.0140436,3.7884092,0.0,0.24416745,2.7394876,1.0
4469,5.1222005,1.2511939,1.621841,0.6927189,0.0,0.0,1.0,1.0140436,3.665403,0.0,0.19033994,2.1355586,1.0
4470,5.2258134,1.1846458,1.1942307,0.2754751,0.0,0.0,1.0,1.0140436,3.3550174,0.0,0.23112684,2.593176,1.0
4471,5.5902863,1.1827681,1.1689099,0.7067537,0.0,0.0,1.0,1.0140436,3.3462598,0.0,0.25990167,2.916021,1.0
4472,5.927112,1.2245992,1.195756,0.7365009,0.0,0.0,1.0,1.0140436,3.5413635,0.0,0.2606843,2.924802,1.0
4473,4.3920555,1.1207124,1.129983,0.7888885,0.0,0.0,1.0,1.3551635,3.056827,0.0,0.20036224,2.2480059,1.0
4474,4.780837,1.1631613,1.2097448,0.7326793,0.0,0.0,1.0,1.3551635,3.254812,0.0,0.20852385,2.339577,1.0
4475,4.9792523,1.1494529,1.1902674,0.27837688,0.0,0.0,1.0,1.3551635,3.190875,0.0,0.2318538,2.601332,1.0
4476,5.188866,1.195371,1.2223988,0.2754751,0.0,0.0,1.0,1.3551635,3.4050407,0.0,0.22253643,2.496794,1.0
4477,5.0404644,1.1772736,1.1805347,0.29115978,0.0,0.0,1.0,1.3551635,3.3206332,0.0,0.22101992,2.4797792,1.0
4478,4.8006887,1.1631303,1.1878985,0.299977,0.0,0.0,1.0,1.3551635,3.2546675,0.0,0.2100937,2.3571901,1.0
4479,4.564479,1.0896798,1.1678882,0.46412772,0.0,0.0,1.0,1.3551635,2.9120889,0.0,0.23362572,2.6212125,1.0
4480,4.4358463,1.0718467,1.0811245,0.6926055,0.0,0.0,1.0,1.3551635,2.8289137,0.0,0.23378217,2.622968,1.0
4481,4.5742087,1.1516728,1.4529797,0.8437841,0.0,0.0,1.0,1.3551635,3.201229,0.0,0.19834775,2.225404,1.0
4482,4.114437,1.028327,1.0680844,0.63014495,0.0,0.0,1.0,1.3551635,2.6259344,0.0,0.23347865,2.6195624,1.0
4483,4.1029224,1.0129243,1.1052679,0.68859625,0.0,0.0,1.0,1.3551635,2.554095,0.0,0.24355344,2.7325988,1.0
4484,4.300704,1.2060376,1.2401361,0.86017627,0.0,0.0,1.0,1.0913962,3.4547906,0.0,0.15148148,1.699578,1.0
4485,4.420544,1.1821891,1.1790129,0.2882415,0.0,0.0,1.0,0.9135785,3.3435593,0.0,0.17115478,1.9203068,1.0
4486,4.62114,1.1865215,1.0430037,0.6881852,0.0,0.0,1.0,0.90744156,3.363766,0.0,0.18431836,2.0679984,1.0
4487,4.4658737,1.1637099,1.1855077,0.74161446,0.0,0.0,1.0,0.9013865,3.2573707,0.0,0.18360692,2.0600162,1.0
4488,3.4765627,1.0621268,1.0661652,0.6667295,0.0,0.0,1.0,0.9013865,2.783579,0.0,0.15252602,1.7112975,1.0
4489,4.8839984,1.1904068,1.1707017,0.34231922,0.0,0.0,1.0,0.9013865,3.3818872,0.0,0.20223689,2.269039,1.0
4490,3.9183109,1.0513749,1.1858425,0.45156065,0.0,0.0,1.0,1.129339,2.7334316,0.0,0.19951543,2.2385051,1.0
4491,3.8261325,1.035061,1.2351382,0.54447997,0.0,0.0,1.0,1.129339,2.6573422,0.0,0.20113444,2.2566698,1.0
4492,4.423642,1.1102364,1.2540885,0.5984114,0.0,0.0,1.0,1.129339,3.0079663,0.0,0.20897976,2.344692,1.0
4493,3.989773,1.0798699,1.2358556,0.4101019,0.0,0.0,1.0,1.129339,2.8663344,0.0,0.1889386,2.119836,1.0
4494,4.1076045,1.1054908,1.239661,0.48834768,0.0,0.0,1.0,1.129339,2.9858325,0.0,0.1848019,2.0734236,1.0
4495,3.8374617,1.0605379,1.231324,0.56737494,0.0,0.0,1.0,1.129339,2.7761686,0.0,0.18647978,2.0922487,1.0
4496,3.7797792,1.0580317,1.1015898,0.60867095,0.0,0.0,1.0,1.129339,2.7644794,0.0,0.18265466,2.0493321,1.0
4497,3.676829,1.0308889,1.2714077,0.8000596,0.0,0.0,1.0,1.129339,2.6378834,0.0,0.18942581,2.1253023,1.0
4498,3.380388,0.9916452,1.0324433,0.72336763,0.0,0.0,1.0,1.2198145,2.4548476,0.0,0.18513992,2.077216,1.0
4499,3.5583386,1.0158952,1.0979153,0.84353304,0.0,0.0,1.0,1.0915107,2.5679517,0.0,0.18734175,2.10192,1.0
4500,3.7566493,1.0358652,1.1503687,0.87593424,0.0,0.0,1.0,1.0915107,2.661093,0.0,0.19396839,2.1762688,1.0
4501,3.8043468,1.053315,1.1490446,0.8139141,0.0,0.0,1.0,1.0915107,2.7424805,0.0,0.18772882,2.1062627,1.0
4502,3.9629693,1.055929,1.2786131,0.8358786,0.0,0.0,1.0,1.0915107,2.754672,0.0,0.20082916,2.2532446,1.0
4503,3.9440954,1.0446719,1.080026,0.8488948,0.0,0.0,1.0,1.0915107,2.7021682,0.0,0.20616882,2.313154,1.0
4504,4.0536547,1.0348194,1.1169415,0.7986064,0.0,0.0,1.0,1.0915107,2.6562152,0.0,0.22310275,2.5031478,1.0
4505,4.3578124,1.1145897,1.1205344,0.7197664,0.0,0.0,1.0,1.0915107,3.0282702,0.0,0.20093301,2.2544098,1.0
4506,4.1979756,1.075464,1.1677457,0.6810023,0.0,0.0,1.0,0.9516979,2.8457851,0.0,0.21012911,2.3575873,1.0
4507,4.236769,1.0901423,1.1912644,0.7367425,0.0,0.0,1.0,1.014087,2.9142456,0.0,0.20469426,2.2966099,1.0
4508,4.1311865,1.0848851,1.0638889,0.5513087,0.0,0.0,1.0,1.014087,2.889726,0.0,0.19853124,2.2274628,1.0
4509,2.561273,0.8771186,0.89045423,0.38828883,0.0,0.0,1.0,1.014087,1.9206865,0.0,0.17406096,1.9529132,1.0
4510,2.2585588,0.87480366,0.8702773,0.3325993,0.0,0.0,1.0,1.014087,1.9098896,0.0,0.13561845,1.5215995,1.0
4511,4.075085,1.1561704,1.4075328,0.5076868,0.0,0.0,1.0,1.014087,3.2222059,0.0,0.15653272,1.7562515,1.0
4512,2.3352919,0.86888945,0.86610967,0.5156909,0.0,0.0,1.0,1.014087,1.8823051,0.0,0.1504127,1.6875865,1.0
4513,2.2991707,0.8626811,0.86140674,0.52133137,0.0,0.0,1.0,1.1269385,1.853349,0.0,0.15038571,1.6872839,1.0
4514,1.998901,0.88024855,0.8341152,0.4233858,0.0,0.0,1.0,0.6807304,1.9352849,0.0,0.09749978,1.0939192,1.0
4515,2.4855857,0.9440924,0.9839624,0.72696555,0.0,0.0,1.0,0.6807304,2.2330575,0.0,0.117926754,1.3231038,1.0
4516,3.5013487,1.0343685,1.0374812,0.5462028,0.0,0.0,1.0,2.6622012,2.6541126,0.07163233,0.17041859,1.9120469,1.0
4517,4.074372,1.1469078,1.1062329,0.60941756,0.0,0.0,1.0,3.3133907,3.1790044,0.16968016,0.1608522,1.8047148,1.0
4518,4.0080414,1.148776,1.1544214,0.6746654,0.0,0.0,1.0,3.9591515,3.1877182,0.2669106,0.15466118,1.7352533,1.0
4519,4.5204887,1.2296236,1.2948365,0.694716,0.0,0.0,1.0,3.9591515,3.5647972,0.2669106,0.1573994,1.7659755,1.0
4520,4.501799,1.236639,1.2955114,0.6964647,0.0,0.0,1.0,5.8741746,3.597518,0.5552504,0.15313931,1.7181784,1.0
4521,3.1532862,1.0431415,1.3739002,0.6889917,0.0,0.0,1.0,9.765183,2.6950302,1.141109,0.13242957,1.4858212,1.0
4522,4.0692167,1.2391331,1.3859577,0.72445005,0.0,0.0,1.0,10.394504,3.6091506,1.2358639,0.121590175,1.3642063,1.0
4523,5.3444276,1.3020636,1.5084738,0.7940752,0.0,0.0,1.0,10.394504,3.9026632,1.2358639,0.1832059,2.055517,1.0
4524,2.8974166,1.0406152,1.3817247,0.77830106,0.0,0.0,1.0,11.021326,2.6832476,1.3302429,0.1094546,1.2280488,1.0
4525,6.063176,1.4540496,1.4537035,0.3325993,0.0,0.0,1.0,11.021326,4.611538,1.3302429,0.16928984,1.8993827,1.0
4526,4.487067,1.2704268,1.4871098,0.6227235,0.0,0.0,1.0,11.645684,3.7551064,1.4242508,0.13876708,1.5569261,1.0
4527,6.370138,1.5318428,1.5286026,0.5213314,0.0,0.0,1.0,11.645684,4.9743714,1.4242508,0.16058263,1.8016903,1.0
4528,5.9323535,1.520323,1.5587307,0.6287001,0.0,0.0,1.0,11.645684,4.9206424,1.4242508,0.14148714,1.5874444,1.0
4529,6.4950757,1.5445611,1.593877,0.5213314,0.0,0.0,1.0,12.267613,5.033691,1.517893,0.1630602,1.8294879,1.0
4530,6.493457,1.6672285,1.6504371,0.48768795,0.0,0.0,1.0,12.267613,5.6058207,1.517893,0.12945126,1.4524055,1.0
4531,6.5416346,1.6179825,1.7213825,0.6454994,0.0,0.0,1.0,12.267613,5.376134,1.517893,0.14433572,1.6194047,1.0
4532,5.8841796,1.4140706,1.6774158,0.7137326,0.0,0.0,1.0,12.267613,4.4250727,1.517893,0.17309749,1.9421034,1.0
4533,3.476079,1.0491896,1.4322424,0.74619144,0.0,0.0,1.0,12.267613,2.723239,1.517893,0.15952803,1.789858,1.0
4534,3.7454169,1.1366885,1.5454999,0.8361174,0.0,0.0,1.0,12.267613,3.1313407,1.517893,0.13906814,1.560304,1.0
4535,4.053136,1.2021888,1.4459896,0.82763463,0.0,0.0,1.0,12.267613,3.4368396,1.517893,0.1347936,1.5123448,1.0
4536,4.4220862,1.2637913,1.4089589,0.8196076,0.0,0.0,1.0,12.267613,3.7241583,1.517893,0.13685243,1.5354444,1.0
4537,4.0730076,1.2607511,1.344296,0.72929406,0.0,0.0,1.0,12.267613,3.7099786,1.517893,0.11404731,1.2795776,1.0
4538,4.396086,1.2676622,1.4016511,0.811515,0.0,0.0,1.0,12.267613,3.7422123,1.517893,0.13362436,1.4992263,1.0
4539,4.521316,1.3061107,1.3748786,0.8550661,0.0,0.0,1.0,12.267613,3.9215395,1.517893,0.12807669,1.4369831,1.0
4540,4.57405,1.3745965,1.429842,0.83943075,0.0,0.0,1.0,12.267613,4.240962,1.517893,0.10912956,1.224402,1.0
4541,4.5445604,1.3107774,1.4059865,0.7058599,0.0,0.0,1.0,12.267613,3.9433053,1.517893,0.1279572,1.4356425,1.0
4542,4.956312,1.3872153,1.3852011,0.72301185,0.0,0.0,1.0,12.267613,4.299817,1.517893,0.12800938,1.4362279,1.0
4543,4.8210917,1.2654701,1.3875257,0.6333589,0.0,0.0,1.0,12.267613,3.7319884,1.517893,0.16344434,1.8337979,1.0
4544,4.6927304,1.3007437,1.3347228,0.658803,0.0,0.0,1.0,12.267613,3.896507,1.517893,0.14116558,1.5838367,1.0
4545,3.8641531,1.1675712,1.1168034,0.5768587,0.0,0.0,1.0,7.2221828,3.2753801,0.7582163,0.13490473,1.5135918,1.0
4546,4.6751566,1.1825612,1.3142176,0.5773483,0.0,0.0,1.0,5.934733,3.3452945,0.5643685,0.19036199,2.135806,1.0
4547,4.467366,1.1752516,1.3209368,0.58315146,0.0,0.0,1.0,4.636243,3.3112023,0.3688584,0.17804569,1.9976208,1.0
4548,4.1117697,1.1674292,1.2385335,0.72436136,0.0,0.0,1.0,3.98276,3.274718,0.27046525,0.15422103,1.730315,1.0
4549,4.274577,1.1827818,1.2621179,0.7649123,0.0,0.0,1.0,3.98276,3.3463237,0.27046525,0.1597686,1.7925571,1.0
4550,4.3259635,1.2694674,1.1543776,0.7646368,0.0,0.0,1.0,3.3263993,3.7506318,0.17163883,0.12819174,1.4382739,1.0
4551,4.276235,1.2550606,1.2748494,0.5869603,0.0,0.0,1.0,3.3263993,3.6834373,0.17163883,0.13011186,1.4598172,1.0
4552,4.4315624,1.3001938,1.295296,0.40723747,0.0,0.0,1.0,3.3263993,3.8939424,0.17163883,0.12428786,1.3944736,1.0
4553,4.47196,1.2982932,1.3055089,0.38828883,0.0,0.0,1.0,2.6671205,3.885078,0.07237302,0.12759705,1.4316018,1.0
4554,6.4770236,1.3397523,1.2250024,0.7349845,0.0,0.0,1.0,2.6671205,4.0784464,0.07237302,0.23889355,2.680316,1.0
4555,6.176177,1.3060442,1.3152652,0.7888988,0.0,0.0,1.0,2.6671205,3.9212291,0.07237302,0.23557055,2.643033,1.0
4556,6.1739874,1.3023487,1.2580264,0.8671069,0.0,0.0,1.0,2.6671205,3.9039931,0.07237302,0.23719856,2.6612988,1.0
4557,4.3731093,1.268112,1.237532,0.6792887,0.0,0.0,1.0,2.0048819,3.7443101,0.0,0.13189405,1.4798129,1.0
4558,4.1339536,1.0966917,1.2620915,0.7919019,0.0,0.0,1.0,2.0048819,2.9447927,0.0,0.19196273,2.153766,1.0
4559,3.5972407,1.0184692,1.1753632,0.8955739,0.0,0.0,1.0,2.0048819,2.579957,0.0,0.18953958,2.1265788,1.0
4560,3.0604725,0.99303544,1.0789759,0.4648089,0.0,0.0,1.0,2.0048819,2.4613318,0.0,0.15111709,1.6954896,1.0
4561,5.1383286,1.2814652,1.2680249,0.79998857,0.0,0.0,1.0,2.0048819,3.8065906,0.0,0.1782197,1.9995732,1.0
4562,3.4762316,1.1131083,1.1420717,0.77951956,0.0,0.0,1.0,2.0048819,3.0213609,0.0,0.12746742,1.4301474,1.0
4563,4.2899756,1.1821927,1.2224475,0.7352003,0.0,0.0,1.0,0.403199,3.343576,0.0,0.16120872,1.8087149,1.0
4564,4.6128182,1.2518746,1.2495275,0.6333589,0.0,0.0,1.0,0.33569264,3.6685777,0.0,0.15467323,1.7353886,1.0
4565,5.486487,1.4598954,1.4472796,0.50054693,0.0,0.0,1.0,0.33569264,4.638803,0.0,0.1356637,1.5221072,1.0
4566,3.5287364,1.0810037,1.30894,0.57728004,0.0,0.0,1.0,0.5046981,2.8716226,0.0,0.14740135,1.6538001,1.0
4567,4.6488347,1.2326497,1.2215387,0.53890634,0.0,0.0,1.0,0.5046981,3.5789113,0.0,0.16525823,1.8541492,1.0
4568,4.211634,1.1552936,1.2095207,0.6508336,0.0,0.0,1.0,0.5046981,3.2181165,0.0,0.16774727,1.8820755,1.0
4569,3.884442,1.1505927,1.1805044,0.54094416,0.0,0.0,1.0,0.5046981,3.196191,0.0,0.14396474,1.6152424,1.0
4570,3.8170035,1.1389905,1.1716356,0.56639355,0.0,0.0,1.0,0.5046981,3.1420777,0.0,0.14382914,1.613721,1.0
4571,3.5535011,1.1140398,1.3131769,0.63957757,0.0,0.0,1.0,0.5046981,3.0257056,0.0,0.13354999,1.498392,1.0
4572,4.7860484,1.2859951,1.5154933,0.64727205,0.0,0.0,1.0,0.5046981,3.8277187,0.0,0.1528855,1.7153307,1.0
4573,4.7872853,1.2120134,1.2277336,0.7349161,0.0,0.0,1.0,0.5046981,3.482662,0.0,0.18452357,2.0703006,1.0
4574,4.494351,1.1862755,1.3293813,0.6146035,0.0,0.0,1.0,0.5046981,3.3626184,0.0,0.17483594,1.9616083,1.0
4575,3.1275437,1.0634851,1.2087624,0.6325432,0.0,0.0,1.0,0.5046981,2.7899146,0.0,0.119946495,1.3457648,1.0
4576,5.1386766,1.4057614,1.5695944,0.7393978,0.0,0.0,1.0,0.5046981,4.3863177,0.0,0.13280815,1.4900688,1.0
4577,4.187275,1.1402044,1.1382905,0.5092308,0.0,0.0,1.0,0.5046981,3.1477394,0.0,0.17322789,1.9435664,1.0
4578,3.8877354,1.1410102,1.1437037,0.5092308,0.0,0.0,1.0,0.67449075,3.1514974,0.0,0.14861992,1.6674722,1.0
4579,3.8975792,1.1670784,1.1113559,0.7211588,0.0,0.0,1.0,0.6805885,3.2730815,0.0,0.13771635,1.5451374,1.0
4580,3.8064194,1.1767044,1.4257728,0.69171095,0.0,0.0,1.0,0.78416944,3.3179781,0.0,0.12661661,1.4206015,1.0
4581,3.5744386,1.1511278,1.1450553,0.5213314,0.0,0.0,1.0,0.9137126,3.198687,0.0,0.1190432,1.33563,1.0
4582,3.4009051,1.1247829,1.162578,0.45478928,0.0,0.0,1.0,0.9137126,3.0758123,0.0,0.116044104,1.3019811,1.0
4583,3.1321857,1.0978694,1.0798689,0.34713784,0.0,0.0,1.0,0.9137126,2.9502854,0.0,0.104829594,1.1761575,1.0
4584,3.442551,1.106393,1.1181498,0.4247915,0.0,0.0,1.0,0.9137126,2.9900403,0.0,0.12766801,1.4323978,1.0
4585,3.160037,1.0899957,1.0793381,0.41994825,0.0,0.0,1.0,0.9137126,2.9135623,0.0,0.11067151,1.2417021,1.0
4586,3.0951786,1.1145386,1.095615,0.41994825,0.0,0.0,1.0,0.9137126,3.0280318,0.0,0.09477583,1.0633572,1.0
4587,3.0525048,1.1197857,1.0984085,0.43674493,0.0,0.0,1.0,0.9137126,3.0525048,0.0,0.08239981,0.92450184,0.0
4588,3.190794,1.1312687,1.1455901,0.4247915,0.0,0.0,1.0,0.9137126,3.1060627,0.0,0.09607566,1.077941,1.0
4589,3.1544702,1.1090262,1.1390357,0.4247915,0.0,0.0,1.0,0.9137126,3.0023217,0.0,0.10203396,1.1447912,1.0
4590,3.0710447,1.0891827,1.1200674,0.4247915,0.0,0.0,1.0,0.9137126,2.9097703,0.0,0.10324312,1.1583577,1.0
4591,3.175623,1.0778118,1.1133707,0.4247915,0.0,0.0,1.0,0.9137126,2.8567355,0.0,0.117555,1.3189329,1.0
4592,3.1402013,1.0445622,1.2052935,0.6449121,0.0,0.0,1.0,0.9137126,2.7016568,0.0,0.13046539,1.4637836,1.0
4593,2.7372837,1.018522,1.03825,0.55374104,0.0,0.0,1.0,0.9137126,2.5802033,0.0,0.10463197,1.1739402,1.0
4594,2.7323658,0.97600895,1.071109,0.55867386,0.0,0.0,1.0,0.9137126,2.381919,0.0,0.1265956,1.4203658,1.0
4595,2.7656534,0.9855487,1.0412065,0.669017,0.0,0.0,1.0,0.9137126,2.4264128,0.0,0.124732435,1.3994616,1.0
4596,3.1526155,1.0375457,1.055161,0.65927935,0.0,0.0,1.0,0.9137126,2.668931,0.0,0.13527924,1.5177937,1.0
4597,2.4563868,0.93794125,1.0293353,0.590649,0.0,0.0,1.0,0.94654,2.204368,0.0,0.11824267,1.3266484,1.0
4598,2.958412,1.0072435,1.0329344,0.65927935,0.0,0.0,1.0,1.014087,2.5275993,0.0,0.13253297,1.4869813,1.0
4599,2.7287705,0.93665564,1.0076643,0.590649,0.0,0.0,1.0,1.014087,2.198372,0.0,0.15056893,1.6893395,1.0
4600,3.6064074,1.0504286,1.5098199,0.729602,0.0,0.0,1.0,1.014087,2.7290182,0.0,0.17100103,1.9185817,1.0
4601,3.397999,1.0339136,1.4589249,0.7252504,0.0,0.0,1.0,1.014087,2.651991,0.0,0.16076331,1.8037175,1.0
4602,2.4476144,0.92735726,0.94662267,0.33259925,0.0,0.0,1.0,1.014087,2.1550035,0.0,0.12370632,1.3879489,1.0
4603,2.5582972,0.927504,0.9783647,0.6020699,0.0,0.0,1.0,1.3552783,2.155688,0.0,0.13668956,1.533617,1.0
4604,2.7662551,0.946164,1.2766091,0.8206628,0.0,0.0,1.0,1.3552783,2.24272,0.0,0.14857468,1.6669647,1.0
4605,3.5283449,1.1043988,1.2383147,0.7306114,0.0,0.0,1.0,1.5815115,2.9807394,0.0,0.13591254,1.5248991,1.0
4606,2.941385,0.9787563,1.2479031,0.8443989,0.0,0.0,1.0,1.023489,2.3947327,0.0,0.14725944,1.6522081,1.0
4607,3.5144596,1.001599,1.1286372,0.79477483,0.0,0.0,1.0,1.023489,2.5012727,0.0,0.19228116,2.1573386,1.0
4608,5.0324574,1.323301,1.51057,0.753796,0.0,0.0,1.0,1.023489,4.001716,0.0,0.15472132,1.7359282,1.0
4609,3.0087864,0.9838221,1.2137394,0.8202256,0.0,0.0,1.0,1.023489,2.41836,0.0,0.15130095,1.6975526,1.0
4610,4.0034375,1.1608363,1.1529766,0.71750724,0.0,0.0,1.0,1.023489,3.2439682,0.0,0.14874777,1.6689067,1.0
4611,3.5442502,1.0759269,1.0909761,0.77936536,0.0,0.0,1.0,1.023489,2.847944,0.0,0.15139033,1.6985554,1.0
4612,3.6488922,1.0870215,1.0745203,0.64368254,0.0,0.0,1.0,1.023489,2.89969,0.0,0.15492463,1.7382092,1.0
4613,4.5960026,1.220292,1.1651928,0.7030087,0.0,0.0,1.0,3.3059125,3.521274,0.16855419,0.16685183,1.872029,1.0
4614,4.774428,1.2842144,1.326925,0.5975814,0.0,0.0,1.0,6.5798187,3.8194132,0.6614973,0.15280312,1.7144065,1.0
4615,3.945816,1.1245623,1.3144063,0.69434094,0.0,0.0,1.0,7.861864,3.074783,0.85453135,0.16126795,1.8093795,1.0
4616,5.2401114,1.3190218,1.3191123,0.71705395,0.0,0.0,1.0,8.498899,3.9817576,0.95044804,0.16960707,1.902942,1.0
4617,5.886386,1.4707197,1.3570229,0.821843,0.0,0.0,1.0,9.1333275,4.6892886,1.0459721,0.15413779,1.7293811,1.0
4618,5.5706644,1.4267982,1.3773997,0.7716126,0.0,0.0,1.0,9.1333275,4.484435,1.0459721,0.15081167,1.692063,1.0
4619,4.8033686,1.313865,1.2606628,0.8043812,0.0,0.0,1.0,9.765183,3.9577057,1.141109,0.14354207,1.6105002,1.0
4620,4.8751636,1.2948916,1.2299385,0.7803537,0.0,0.0,1.0,10.394504,3.8692124,1.2358639,0.15533601,1.7428248,1.0
4621,3.8314621,1.138153,1.3315428,0.7408711,0.0,0.0,1.0,10.394504,3.1381712,1.2358639,0.14538753,1.6312057,1.0
4622,2.979843,1.0079015,1.3724691,0.5387109,0.0,0.0,1.0,11.021326,2.5306685,1.3302429,0.134328,1.507121,1.0
4623,6.389655,1.571337,1.615504,0.7436941,0.0,0.0,1.0,11.021326,5.1585755,1.3302429,0.14990132,1.6818491,1.0
4624,7.0850806,1.7163222,1.807517,0.7006782,0.0,0.0,1.0,11.645684,5.834798,1.4242508,0.1436962,1.6122296,1.0
4625,5.825128,1.5533822,1.5924498,0.77058196,0.0,0.0,1.0,23.965858,5.0748324,3.2792659,0.12677851,1.422418,1.0
4626,5.6489487,1.5595827,1.469057,0.8177137,0.0,0.0,1.0,12.320175,5.1037526,1.525807,0.11633169,1.3052076,1.0
4627,6.368924,1.6610088,1.5739769,0.8180381,0.0,0.0,1.0,12.320175,5.576812,1.525807,0.1252991,1.4058193,1.0
4628,6.408897,1.6238766,1.6270771,0.5720584,0.0,0.0,1.0,12.320175,5.403624,1.525807,0.13650388,1.5315337,1.0
4629,3.2064002,1.0314183,1.1193333,0.8695427,0.0,0.0,1.0,12.320175,2.6403525,1.525807,0.14372244,1.6125239,1.0
4630,2.9382942,0.9887987,1.4030322,0.7605078,0.0,0.0,1.0,12.320175,2.4415712,1.525807,0.14093669,1.5812685,1.0
4631,4.5018086,1.2620817,1.5189744,0.8050392,0.0,0.0,1.0,12.320175,3.7161849,1.525807,0.14296424,1.6040171,1.0
4632,3.690056,1.1390222,1.3867232,0.7605078,0.0,0.0,1.0,12.320175,3.1422255,1.525807,0.13352644,1.4981278,1.0
4633,3.3436906,1.042997,1.3621513,0.85842854,0.0,0.0,1.0,12.320175,2.6943564,1.525807,0.15049995,1.6885656,1.0
4634,3.0733092,1.0325239,1.4052397,0.8265303,0.0,0.0,1.0,12.320175,2.645509,1.525807,0.13030848,1.4620231,1.0
4635,5.0351477,1.3942852,1.4430628,0.7156194,0.0,0.0,1.0,12.320175,4.332792,1.525807,0.13040887,1.4631495,1.0
4636,3.8077874,1.1337883,1.1539813,0.8347755,0.0,0.0,1.0,12.320175,3.1178143,1.525807,0.14548384,1.6322863,1.0
4637,4.214404,1.2218665,1.2141683,0.81144434,0.0,0.0,1.0,12.320175,3.5286176,1.525807,0.13862084,1.5552855,1.0
4638,4.6559978,1.3124909,1.3536835,0.7282206,0.0,0.0,1.0,12.320175,3.9512973,1.525807,0.13454555,1.5095619,1.0
4639,3.7731352,1.1558712,1.3195533,0.7676684,0.0,0.0,1.0,12.320175,3.2208102,1.525807,0.13279854,1.4899609,1.0
4640,4.0440264,1.2500612,1.2140229,0.86686784,0.0,0.0,1.0,12.320175,3.6601198,1.525807,0.11583928,1.299683,1.0
4641,3.4139931,1.1130202,1.1501477,0.69838333,0.0,0.0,1.0,12.320175,3.02095,1.525807,0.122260824,1.3717308,1.0
4642,3.808271,1.0832788,1.3512449,0.69125944,0.0,0.0,1.0,9.807818,2.8822339,1.1475284,0.170947,1.9179755,1.0
4643,3.6435297,1.0706364,1.3071873,0.6784385,0.0,0.0,1.0,5.961378,2.8232687,0.5683804,0.16311498,1.8301026,1.0
4644,3.5229285,1.0499232,1.0635506,0.55367327,0.0,0.0,1.0,5.310734,2.7266607,0.47041467,0.16349554,1.8343723,1.0
4645,3.5789235,1.0665069,1.2395993,0.6792887,0.0,0.0,1.0,4.657251,2.8040082,0.37202153,0.15950498,1.7895994,1.0
4646,3.760428,1.0811377,1.2288489,0.6708961,0.0,0.0,1.0,4.00089,2.8722475,0.27319503,0.16787511,1.8835099,1.0
4647,3.4454703,1.087231,1.2598296,0.5634203,0.0,0.0,1.0,4.00089,2.9006674,0.27319503,0.13695793,1.536628,1.0
4648,3.6151133,1.1320758,1.2708824,0.5864481,0.0,0.0,1.0,4.00089,3.1098268,0.27319503,0.13050519,1.4642302,1.0
4649,4.4317966,1.3065234,1.3116857,0.4422604,0.0,0.0,1.0,3.3416111,3.9234643,0.17392924,0.122122385,1.3701776,1.0
4650,3.9012816,1.1779768,1.2918959,0.73312724,0.0,0.0,1.0,3.3416111,3.3239129,0.17392924,0.13336264,1.49629,1.0
4651,4.3882127,1.1844275,1.2440561,0.7890356,0.0,0.0,1.0,3.3416111,3.3539994,0.17392924,0.16765197,1.8810062,1.0
4652,4.378582,1.1818845,1.2552427,0.819439,0.0,0.0,1.0,2.6793728,3.3421388,0.07421782,0.16810058,1.8860395,1.0
4653,4.075062,1.1811825,1.2176244,0.6813517,0.0,0.0,1.0,2.6730943,3.3388643,0.07327248,0.14527835,1.6299808,1.0
4654,4.5645685,1.2146678,1.222369,0.6813517,0.0,0.0,1.0,2.6668453,3.4950423,0.07233159,0.16705614,1.8743212,1.0
4655,4.126617,1.1852028,1.2263434,0.8341096,0.0,0.0,1.0,2.6668453,3.3576155,0.07233159,0.14745279,1.6543773,1.0
4656,3.6331453,1.1253378,1.240871,0.5877761,0.0,0.0,1.0,2.6668453,3.0784006,0.07233159,0.1350189,1.5148727,1.0
4657,4.164737,1.1456639,1.2375042,0.769176,0.0,0.0,1.0,2.6668453,3.1732028,0.07233159,0.16870092,1.8927752,1.0
4658,5.5337853,1.27882,1.202195,0.84332365,0.0,0.0,1.0,2.6668453,3.7942536,0.07233159,0.20587875,2.3098996,1.0
4659,5.7037225,1.3007399,1.2164471,0.9229174,0.0,0.0,1.0,2.0047174,3.8964894,0.0,0.20724007,2.3251731,1.0
4660,5.7042522,1.2969153,1.2640009,0.8726955,0.0,0.0,1.0,0.40618023,3.8786511,0.0,0.20898923,2.3447983,1.0
4661,4.297595,1.0993845,1.1553596,0.9074201,0.0,0.0,1.0,0.44861814,2.9573524,0.0,0.20453547,2.2948284,1.0
4662,5.402497,1.2886952,1.2596548,0.7080388,0.0,0.0,1.0,0.44861814,3.840312,0.0,0.1927185,2.1622455,1.0
4663,3.618648,1.0642846,1.0884132,0.80738616,0.0,0.0,1.0,0.44861814,2.7936432,0.0,0.16433199,1.843757,1.0
4664,3.2260394,1.0072999,1.3317376,0.8096799,0.0,0.0,1.0,0.44861814,2.5278623,0.0,0.15946244,1.7891221,1.0
4665,3.9576945,1.0947592,1.1507695,0.80348545,0.0,0.0,1.0,0.44861814,2.9357796,0.0,0.17777131,1.9945424,1.0
4666,4.204179,1.060817,1.207648,0.78706473,0.0,0.0,1.0,0.44861814,2.7774704,0.0,0.21993743,2.467634,1.0
4667,3.9576445,1.0590471,1.1599758,0.7698528,0.0,0.0,1.0,0.44861814,2.7692153,0.0,0.19841547,2.2261639,1.0
4668,4.8870716,1.1932393,1.1564283,0.78537387,0.0,0.0,1.0,0.44861814,3.3950984,0.0,0.20103635,2.2555692,1.0
4669,2.6834323,0.9569096,0.9728554,0.6724072,0.0,0.0,1.0,0.44861814,2.292838,0.0,0.13251019,1.4867257,1.0
4670,4.488776,1.1397209,1.1269286,0.7105474,0.0,0.0,1.0,0.44861814,3.1454842,0.0,0.19787987,2.2201545,1.0
4671,4.0157485,1.1059014,1.0949289,0.6470385,0.0,0.0,1.0,0.67449075,2.9877472,0.0,0.17674825,1.9830638,1.0
4672,3.8855536,1.1040072,1.106578,0.6920495,0.0,0.0,1.0,0.67449075,2.978913,0.0,0.1666335,1.8695793,1.0
4673,4.0399685,1.1127274,1.1032237,0.5197135,0.0,0.0,1.0,0.67449075,3.0195844,0.0,0.17518206,1.9654917,1.0
4674,4.288381,1.1314692,1.1140445,0.7105474,0.0,0.0,1.0,0.67449075,3.106998,0.0,0.18595672,2.0863802,1.0
4675,4.1682854,1.1218249,1.1220447,0.45041394,0.0,0.0,1.0,0.67449075,3.0620158,0.0,0.18113232,2.0322518,1.0
4676,4.0073814,1.104521,1.0944426,0.694341,0.0,0.0,1.0,0.67449075,2.9813094,0.0,0.17677268,1.983338,1.0
4677,3.618891,1.0633765,1.2776818,0.8507919,0.0,0.0,1.0,0.67449075,2.7894082,0.0,0.16485499,1.849625,1.0
4678,3.9278293,1.1095762,1.3394986,0.805101,0.0,0.0,1.0,0.67910635,3.004887,0.0,0.16734508,1.877563,1.0
4679,4.235892,1.1417587,1.1173464,0.78850603,0.0,0.0,1.0,0.6837856,3.1549885,0.0,0.17637365,1.978861,1.0
4680,4.0953703,1.1136532,1.1044472,0.5757247,0.0,0.0,1.0,0.6837856,3.0239024,0.0,0.1793611,2.0123794,1.0
4681,3.4450278,1.0844455,1.0871426,0.6532646,0.0,0.0,1.0,0.8168081,2.8876753,0.0,0.13827983,1.5514593,1.0
4682,2.3989027,0.89735425,1.3887639,0.576025,0.0,0.0,1.0,1.014087,2.0150673,0.0,0.13763604,1.5442362,1.0
4683,3.6081507,1.0725671,1.0735002,0.4159813,0.0,0.0,1.0,1.014087,2.8322737,0.0,0.15888913,1.7826897,1.0
4684,3.4317424,1.069262,1.0636985,0.4247915,0.0,0.0,1.0,1.014087,2.8168585,0.0,0.14471656,1.6236776,1.0
4685,3.4765785,1.0713336,1.0803453,0.33259928,0.0,0.0,1.0,1.014087,2.8265207,0.0,0.1476955,1.6571004,1.0
4686,3.3363247,1.0479532,1.057758,0.4247915,0.0,0.0,1.0,1.014087,2.7174728,0.0,0.14712137,1.6506588,1.0
4687,3.0893881,0.99238795,1.0154965,0.47227818,0.0,0.0,1.0,1.014087,2.4583118,0.0,0.15450141,1.7334608,1.0
4688,3.324306,0.9924884,1.0196949,0.55785924,0.0,0.0,1.0,1.014087,2.4587803,0.0,0.17877069,2.0057552,1.0
4689,2.8593187,0.97099227,1.0156499,0.4247915,0.0,0.0,1.0,1.014087,2.3585207,0.0,0.14320096,1.6066731,1.0
4690,2.758741,0.938797,1.0164542,0.4247915,0.0,0.0,1.0,1.014087,2.2083595,0.0,0.15259534,1.7120752,1.0
4691,2.9614718,0.95996475,1.0121793,0.7352742,0.0,0.0,1.0,1.014087,2.3070874,0.0,0.16135915,1.8104026,1.0
4692,2.9544854,0.9721025,1.0286576,0.64286906,0.0,0.0,1.0,1.014087,2.363699,0.0,0.15277746,1.7141186,1.0
4693,3.161859,0.99026287,1.2627774,0.7918454,0.0,0.0,1.0,1.3552783,2.4484003,0.0,0.16333449,1.8325654,1.0
4694,3.1008205,0.99016875,1.1234072,0.80796564,0.0,0.0,1.0,1.3552783,2.4479613,0.0,0.1570438,1.7619857,1.0
4695,2.9585943,0.97993,1.0094224,0.60334307,0.0,0.0,1.0,1.3552783,2.4002068,0.0,0.14837195,1.66469,1.0
4696,3.0814352,0.9814537,1.0134885,0.5143232,0.0,0.0,1.0,1.3552783,2.4073138,0.0,0.16043976,1.8000873,1.0
4697,3.1730487,1.0216202,1.1920937,0.85128886,0.0,0.0,1.0,1.3552783,2.5946531,0.0,0.14589588,1.6369092,1.0
4698,3.4656255,1.0403111,1.0247439,0.58108556,0.0,0.0,1.0,1.3552783,2.6818292,0.0,0.16355452,1.835034,1.0
4699,3.607948,1.0463548,1.3267733,0.7974049,0.0,0.0,1.0,1.5815115,2.7100172,0.0,0.17350532,1.9466791,1.0
4700,3.2981558,1.0325906,1.0082822,0.63540125,0.0,0.0,1.0,1.023489,2.6458204,0.0,0.15191463,1.7044379,1.0
4701,3.423757,1.0610405,1.5002956,0.84032273,0.0,0.0,1.0,1.023489,2.7785127,0.0,0.14826627,1.6635044,1.0
4702,3.4677114,1.0565883,1.1817737,0.63831097,0.0,0.0,1.0,1.023489,2.7577472,0.0,0.15468788,1.7355529,1.0
4703,3.3877044,1.0495616,1.0172076,0.62576944,0.0,0.0,1.0,1.023489,2.7249744,0.0,0.15106222,1.694874,1.0
4704,3.6763442,1.0697229,1.2557505,0.7741293,0.0,0.0,1.0,1.023489,2.819008,0.0,0.16657597,1.8689338,1.0
4705,3.5748782,1.072681,1.3069881,0.8180665,0.0,0.0,1.0,1.023489,2.8328047,0.0,0.1558373,1.7484491,1.0
4706,3.805574,1.0762268,1.4603344,0.8115396,0.0,0.0,1.0,1.023489,2.8493428,0.0,0.17458998,1.9588487,1.0
4707,3.675712,1.0600863,1.2840089,0.7628903,0.0,0.0,1.0,1.1269628,2.774062,0.0,0.17189878,1.9286542,1.0
4708,3.54244,1.0424882,1.269337,0.7628903,0.0,0.0,1.0,1.35215,2.6919835,0.0,0.16957964,1.9026341,1.0
4709,4.4181113,1.2154707,1.529445,0.8554077,0.0,0.0,1.0,1.35215,3.4987872,0.0,0.15604052,1.7507292,1.0
4710,5.035013,1.3239022,1.7694799,0.7917514,0.0,0.0,1.0,4.636243,4.0045204,0.3688584,0.15465957,1.7352353,1.0
4711,5.60276,1.3926586,1.499362,0.8459407,0.0,0.0,1.0,6.5798187,4.3252053,0.6614973,0.1643471,1.8439265,1.0
4712,6.263421,1.4272263,1.8468044,0.80266684,0.0,0.0,1.0,7.2221828,4.486432,0.7582163,0.18999237,2.131659,1.0
4713,6.704937,1.4543592,1.8953812,0.84195477,0.0,0.0,1.0,7.861864,4.612982,0.85453135,0.20461264,2.2956944,1.0
4714,6.4968014,1.4492792,1.6237,0.9716437,0.0,0.0,1.0,8.498899,4.589288,0.95044804,0.19497444,2.1875563,1.0
4715,4.762763,1.2661675,1.3450885,0.7938541,0.0,0.0,1.0,9.1333275,3.7352412,1.0459721,0.15918124,1.7859671,1.0
4716,5.177282,1.2660689,1.4120939,0.82205725,0.0,0.0,1.0,9.765183,3.7347813,1.141109,0.18748493,2.1035264,1.0
4717,4.622931,1.267347,1.346267,0.8525349,0.0,0.0,1.0,9.765183,3.7407422,1.141109,0.14918455,1.6738073,1.0
4718,4.5430603,1.2407942,1.3632843,0.78837055,0.0,0.0,1.0,21.463497,3.6168978,2.902492,0.15433693,1.7316154,1.0
4719,2.975725,0.9617248,1.3808951,0.73025644,0.0,0.0,1.0,11.0689945,2.3152966,1.3374202,0.16176781,1.8149877,1.0
4720,4.226057,1.1756452,1.2819501,0.8285351,0.0,0.0,1.0,11.695817,3.313038,1.4317992,0.15930733,1.7873819,1.0
4721,4.8590174,1.2799605,1.2739801,0.76724625,0.0,0.0,1.0,11.695817,3.7995727,1.4317992,0.16013467,1.7966644,1.0
4722,5.8966537,1.4332963,1.3562412,0.770964,0.0,0.0,1.0,12.320175,4.514743,1.525807,0.16707551,1.8745385,1.0
4723,5.8566146,1.4096038,1.5062991,0.73311186,0.0,0.0,1.0,12.320175,4.404239,1.525807,0.1731055,1.9421932,1.0
4724,5.120957,1.2989645,1.1259271,0.8104197,0.0,0.0,1.0,12.320175,3.8882089,1.525807,0.16986637,1.9058511,1.0
4725,3.652235,1.0547967,1.1528493,0.88481337,0.0,0.0,1.0,12.320175,2.749391,1.525807,0.17275204,1.9382275,1.0
4726,3.5309947,1.0551373,1.463308,0.8469012,0.0,0.0,1.0,12.320175,2.7509797,1.525807,0.16133367,1.8101168,1.0
4727,4.7936926,1.2719911,1.48597,0.8645106,0.0,0.0,1.0,12.942104,3.762403,1.6194493,0.15893054,1.7831544,1.0
4728,4.304032,1.1804966,1.0964656,0.85640293,0.0,0.0,1.0,12.942104,3.3356652,1.6194493,0.16305667,1.8294483,1.0
4729,4.578336,1.2114443,1.3197111,0.8844465,0.0,0.0,1.0,13.561639,3.4800076,1.7127309,0.16950044,1.9017456,1.0
4730,3.9295616,1.1719108,1.1398216,0.8983148,0.0,0.0,1.0,13.561639,3.2956202,1.7127309,0.1381138,1.5495965,1.0
4731,3.8818376,1.248585,1.3635135,0.8361219,0.0,0.0,1.0,13.561639,3.6532347,1.7127309,0.10506397,1.1787871,1.0
4732,4.7805343,1.3256934,1.4726148,0.7024169,0.0,0.0,1.0,14.178815,4.012874,1.8056574,0.13784398,1.5465693,1.0
4733,5.557487,1.3570709,1.451899,0.76869047,0.0,0.0,1.0,14.178815,4.1592216,1.8056574,0.17473955,1.960527,1.0
4734,5.6656046,1.3807029,1.4786464,0.7353178,0.0,0.0,1.0,14.178815,4.269443,1.8056574,0.17240392,1.9343218,1.0
4735,4.390483,1.3190267,1.5438561,0.8152198,0.0,0.0,1.0,14.793664,3.9817805,1.8982335,0.115267344,1.293266,1.0
4736,4.7158494,1.3404866,1.5628324,0.765205,0.0,0.0,1.0,14.793664,4.0818715,1.8982335,0.12868059,1.4437587,1.0
4737,4.660442,1.3556936,1.2560271,0.8633524,0.0,0.0,1.0,14.793664,4.1527977,1.8982335,0.120258145,1.3492614,1.0
4738,5.093218,1.3578378,1.4815022,0.90112543,0.0,0.0,1.0,14.793664,4.1627984,1.8982335,0.1460461,1.6385947,1.0
4739,5.3352766,1.3886186,1.6274458,0.8088589,0.0,0.0,1.0,14.793664,4.3063626,1.8982335,0.14997302,1.6826535,1.0
4740,5.637852,1.4713143,1.6302155,0.7034668,0.0,0.0,1.0,14.758999,4.692062,1.8930141,0.14046009,1.5759213,1.0
4741,6.969,1.716158,1.7687874,0.61024183,0.0,0.0,1.0,14.724497,5.834032,1.8878192,0.13866992,1.5558361,1.0
4742,5.6124964,1.4782957,1.7307482,0.65792173,0.0,0.0,1.0,14.724497,4.7246237,1.8878192,0.13698459,1.5369271,1.0
4743,5.760246,1.4746675,1.6039629,0.80586773,0.0,0.0,1.0,14.724497,4.7077017,1.8878192,0.14606419,1.6387976,1.0
4744,5.60338,1.4764383,1.7280263,0.6937156,0.0,0.0,1.0,14.724497,4.7159605,1.8878192,0.13704802,1.5376389,1.0
4745,5.1607585,1.3909475,1.4915903,0.6491083,0.0,0.0,1.0,14.724497,4.3172245,1.8878192,0.1388852,1.5582515,1.0
4746,6.8483977,1.737671,1.7559247,0.47275692,0.0,0.0,1.0,14.724497,5.9343705,1.8878192,0.12835133,1.4400645,1.0
4747,5.56747,1.5005836,1.7347323,0.66930974,0.0,0.0,1.0,14.724497,4.828576,1.8878192,0.12809736,1.437215,1.0
4748,5.7899013,1.5076334,1.73825,0.6336071,0.0,0.0,1.0,14.724497,4.861457,1.8878192,0.13776286,1.5456592,1.0
4749,5.8839808,1.5050523,1.7387109,0.7237445,0.0,0.0,1.0,14.724497,4.8494186,1.8878192,0.14345606,1.6095352,1.0
4750,4.860455,1.3505261,1.7526226,0.7073531,0.0,0.0,1.0,14.724497,4.128696,1.8878192,0.13426307,1.5063925,1.0
4751,6.4202995,1.5627546,1.6376028,0.7388498,0.0,0.0,1.0,14.724497,5.1185465,1.8878192,0.15389268,1.726631,1.0
4752,5.9042535,1.516939,1.748482,0.75312406,0.0,0.0,1.0,14.724497,4.904859,1.8878192,0.14101614,1.58216,1.0
4753,5.6295705,1.4539148,1.6508596,0.79711765,0.0,0.0,1.0,12.881594,4.610909,1.6103383,0.1453881,1.6312121,1.0
4754,5.1488557,1.3679365,1.4000449,0.5956359,0.0,0.0,1.0,9.1305,4.2098994,1.0455464,0.14592572,1.637244,1.0
4755,5.67636,1.4022412,1.4706706,0.4900462,0.0,0.0,1.0,7.859753,4.3698997,0.85421354,0.16526227,1.8541945,1.0
4756,5.9379935,1.4642212,1.821674,0.86489487,0.0,0.0,1.0,7.220392,4.658979,0.7579467,0.15903823,1.7843626,1.0
4757,6.192045,1.4685413,1.7200038,0.7436826,0.0,0.0,1.0,0.8001257,4.679128,0.0,0.17146693,1.923809,1.0
4758,5.7212806,1.4076802,1.663734,0.68864095,0.0,0.0,1.0,0.28669474,4.395267,0.0,0.16595575,1.8619752,1.0
4759,5.612442,1.3985654,1.6310852,0.74966574,0.0,0.0,1.0,0.31589442,4.352755,0.0,0.16282567,1.8268566,1.0
4760,5.5863395,1.3911239,1.4184133,0.5027533,0.0,0.0,1.0,0.31589442,4.3180475,0.0,0.16392553,1.8391967,1.0
4761,6.840368,1.6229475,1.7139063,0.76875305,0.0,0.0,1.0,0.38696083,5.3992906,0.0,0.15709633,1.762575,1.0
4762,6.653633,1.6021295,1.7930741,0.5361471,0.0,0.0,1.0,0.38696083,5.3021936,0.0,0.15403587,1.7282375,1.0
4763,7.125037,1.7150149,1.6898317,0.5410999,0.0,0.0,1.0,0.38696083,5.8287005,0.0,0.1457654,1.6354452,1.0
4764,7.274125,1.7016089,1.6788778,0.5305117,0.0,0.0,1.0,0.38696083,5.766174,0.0,0.15572517,1.747191,1.0
4765,7.7204022,1.8274956,1.7499685,0.5433939,0.0,0.0,1.0,0.38696083,6.353319,0.0,0.14392436,1.6147894,1.0
4766,7.25825,1.822766,1.8113126,0.5020338,0.0,0.0,1.0,0.38696083,6.3312597,0.0,0.126414,1.4183283,1.0
4767,7.7692804,1.8047404,1.8431519,0.70005864,0.0,0.0,1.0,0.45834917,6.247187,0.0,0.15117392,1.6961273,1.0
4768,8.565057,1.9365592,1.8565204,0.5530251,0.0,0.0,1.0,0.45834917,6.8620005,0.0,0.15233056,1.7091045,1.0
4769,6.1036534,1.4737362,1.8127487,0.5756935,0.0,0.0,1.0,0.46766582,4.7033577,0.0,0.16494508,1.8506358,1.0
4770,6.2263045,1.4837875,1.7886889,0.6262829,0.0,0.0,1.0,0.4773691,4.750238,0.0,0.16825886,1.8878154,1.0
4771,6.8406124,1.5991844,1.621241,0.55348796,0.0,0.0,1.0,0.4773691,5.288458,0.0,0.16386943,1.8385673,1.0
4772,7.602618,1.8290476,1.7074238,0.80778545,0.0,0.0,1.0,0.5034101,6.3605576,0.0,0.13885653,1.5579298,1.0
4773,5.9116607,1.4677155,1.6648164,0.7974072,0.0,0.0,1.0,0.61576587,4.6752768,0.0,0.15647249,1.7555758,1.0
4774,6.091428,1.4305457,1.4621749,0.7243483,0.0,0.0,1.0,0.61576587,4.5019135,0.0,0.17904086,2.0087864,1.0
4775,4.4817457,1.1576253,1.5487725,0.80817246,0.0,0.0,1.0,0.6536281,3.2289917,0.0,0.18792711,2.1084874,1.0
4776,5.64675,1.411678,1.4306585,0.748525,0.0,0.0,1.0,0.6964516,4.4139132,0.0,0.1602555,1.7980201,1.0
4777,4.8416715,1.2017599,1.5626922,0.85300297,0.0,0.0,1.0,0.74548805,3.4348392,0.0,0.19342935,2.1702209,1.0
4778,6.168593,1.3932769,1.4246047,0.7520553,0.0,0.0,1.0,0.80195266,4.328089,0.0,0.19741952,2.2149894,1.0
4779,6.124365,1.3933401,1.4363064,0.81043625,0.0,0.0,1.0,0.8586292,4.328384,0.0,0.19479269,2.1855173,1.0
4780,4.7107663,1.2432195,1.296875,0.78732663,0.0,0.0,1.0,0.92392606,3.6282098,0.0,0.16511048,1.8524915,1.0
4781,6.104763,1.3544317,1.4135836,0.9330693,0.0,0.0,1.0,0.92392606,4.1469126,0.0,0.20935671,2.3489213,1.0
4782,5.5572805,1.2827908,1.3685116,0.84108865,0.0,0.0,1.0,0.92392606,3.8127732,0.0,0.20564395,2.3072653,1.0
4783,5.828982,1.3055431,1.3916683,0.8401599,0.0,0.0,1.0,1.049505,3.9188917,0.0,0.21324866,2.3925877,1.0
4784,5.378946,1.2498808,1.3326408,0.83949804,0.0,0.0,1.0,1.049505,3.6592786,0.0,0.20880276,2.3427062,1.0
4785,5.623602,1.287769,1.453841,0.96964896,0.0,0.0,1.0,1.049505,3.8359919,0.0,0.20780012,2.331457,1.0
4786,5.568534,1.2898835,1.6616689,0.8415392,0.0,0.0,1.0,1.049505,3.8458543,0.0,0.2031964,2.2798045,1.0
4787,4.52678,1.1417017,1.4242393,0.9794977,0.0,0.0,1.0,1.049505,3.154723,0.0,0.19988337,2.242633,1.0
4788,4.4275913,1.1423646,1.6236176,0.8844876,0.0,0.0,1.0,1.049505,3.1578147,0.0,0.19152674,2.1488743,1.0
4789,3.6758459,1.0580682,1.0753766,0.79674494,0.0,0.0,1.0,1.049505,2.7646494,0.0,0.17305987,1.9416813,1.0
4790,3.4049783,1.0135331,1.0193553,0.33007675,0.0,0.0,1.0,1.049505,2.5569346,0.0,0.17358845,1.9476119,1.0
4791,3.770812,1.0253991,1.068839,0.691939,0.0,0.0,1.0,0.9270798,2.6122785,0.0,0.2020667,2.2671297,1.0
4792,3.2688794,0.97181594,1.0618993,0.56760293,0.0,0.0,1.0,0.9150889,2.3623624,0.0,0.18684807,2.096381,1.0
4793,4.4537573,1.1128007,1.0704429,0.7246929,0.0,0.0,1.0,0.9239653,3.0199263,0.0,0.21003601,2.3565428,1.0
4794,4.5744057,1.1334006,1.063312,0.7246929,0.0,0.0,1.0,0.9485845,3.1160057,0.0,0.20831585,2.337243,1.0
4795,4.0739927,1.0856023,1.1588691,0.6471536,0.0,0.0,1.0,0.97874004,2.8930707,0.0,0.19307604,2.166257,1.0
4796,4.0222144,1.1120852,1.1400623,0.4842771,0.0,0.0,1.0,0.9133249,3.0165892,0.0,0.17402157,1.9524714,1.0
4797,5.0103855,1.276199,1.6601025,0.77408785,0.0,0.0,1.0,0.9133249,3.7820287,0.0,0.17183737,1.9279653,1.0
4798,3.9049187,1.0473603,1.0751151,0.5837651,0.0,0.0,1.0,0.9133249,2.7147071,0.0,0.20077704,2.2526598,1.0
4799,3.6097417,1.0184182,0.98574847,0.55282795,0.0,0.0,1.0,0.83439076,2.5797188,0.0,0.19080639,2.1407921,1.0
4800,3.7259202,1.0284445,0.99202734,0.55282795,0.0,0.0,1.0,0.8450454,2.6264825,0.0,0.19572626,2.1959915,1.0
4801,3.7576194,1.0383853,0.9923416,0.7345933,0.0,0.0,1.0,0.8450454,2.672847,0.0,0.19247992,2.1595685,1.0
4802,3.8906248,1.0575627,1.0087363,0.73591316,0.0,0.0,1.0,0.8450454,2.762292,0.0,0.19314916,2.1670773,1.0
4803,3.632101,1.0247878,0.99290895,0.5406937,0.0,0.0,1.0,0.8450454,2.6094272,0.0,0.1889316,2.1197574,1.0
4804,3.6714997,1.0153705,1.1284982,0.8851105,0.0,0.0,1.0,0.8692226,2.5655043,0.0,0.19891082,2.2317214,1.0
4805,3.6930692,1.0117092,1.2629892,0.88260585,0.0,0.0,1.0,0.9013865,2.5484278,0.0,0.20350821,2.2833028,1.0
4806,3.6609397,1.0087903,1.3136305,0.86934394,0.0,0.0,1.0,0.9013865,2.5348134,0.0,0.20226242,2.2693255,1.0
4807,4.191332,1.0931345,1.3235834,0.8297721,0.0,0.0,1.0,0.9013865,2.9282017,0.0,0.19897822,2.2324777,1.0
4808,4.8624334,1.2198513,1.7499596,0.7525743,0.0,0.0,1.0,1.7195431,3.5192184,0.0,0.18632515,2.090514,1.0
4809,5.345456,1.2995294,1.7692254,0.66356367,0.0,0.0,1.0,1.9973326,3.8908436,0.0,0.18433261,2.0681581,1.0
4810,7.837042,1.7177609,1.824417,0.4091154,0.0,0.0,1.0,2.2145727,5.841508,0.004234137,0.17612192,1.9760367,1.0
4811,5.3721027,1.3273389,1.7639467,0.67839324,0.0,0.0,1.0,2.4309237,4.0205493,0.03680952,0.1747337,1.9604611,1.0
4812,5.36356,1.3620033,1.6623795,0.7784943,0.0,0.0,1.0,2.6463976,4.1822267,0.06925283,0.16105974,1.8070433,1.0
4813,5.3402824,1.3293856,1.2001922,0.84501964,0.0,0.0,1.0,2.8610065,4.0300956,0.10156591,0.17191705,1.9288592,1.0
4814,4.913717,1.2650448,1.2295454,0.873799,0.0,0.0,1.0,3.5180302,3.7300048,0.20049217,0.16994295,1.9067104,1.0
4815,5.7156463,1.373707,1.4016334,0.809889,0.0,0.0,1.0,4.874584,4.236814,0.4047448,0.17801416,1.997267,1.0
4816,4.5303893,1.2100836,1.2996008,0.6212468,0.0,0.0,1.0,4.874584,3.4736614,0.4047448,0.16659753,1.8691758,1.0
4817,5.1768227,1.314644,1.3634002,0.6223945,0.0,0.0,1.0,5.1889396,3.9613392,0.45207644,0.167266,1.8766757,1.0
4818,5.197434,1.3565232,1.2905482,0.5999497,0.0,0.0,1.0,5.1889396,4.1566668,0.45207644,0.1528904,1.7153857,1.0
4819,5.397306,1.4351616,1.4907277,0.72785044,0.0,0.0,1.0,5.502072,4.5234427,0.4992239,0.13832432,1.5519586,1.0
4820,6.228383,1.4953338,1.4955863,0.5367827,0.0,0.0,1.0,7.554611,4.8040905,0.80826914,0.16462737,1.8470712,1.0
4821,6.646382,1.5489779,1.4836743,0.58544916,0.0,0.0,1.0,11.650262,5.054291,1.4249401,0.16934432,1.8999939,1.0
4822,7.103308,1.6093771,1.4950255,0.61487687,0.0,0.0,1.0,11.650262,5.3359976,1.4249401,0.17347158,1.9463006,1.0
4823,4.159282,1.1002337,1.2724309,0.831597,0.0,0.0,1.0,11.650262,2.9613128,1.4249401,0.19214655,2.1558285,1.0
4824,3.8710778,1.056784,1.2826451,0.7853096,0.0,0.0,1.0,11.650262,2.7586603,1.4249401,0.19181693,2.1521301,1.0
4825,3.8685758,1.0446099,1.0261682,0.79225725,0.0,0.0,1.0,11.650262,2.701879,1.4249401,0.19909084,2.2337413,1.0
4826,6.7676077,1.5908898,1.5154165,0.5338894,0.0,0.0,1.0,11.650262,5.249771,1.4249401,0.16275553,1.8260697,1.0
4827,6.212359,1.5784672,1.5318481,0.277201,0.0,0.0,1.0,11.650262,5.1918316,1.4249401,0.13918468,1.5616117,1.0
4828,4.030475,1.2084764,1.5023534,0.86217153,0.0,0.0,1.0,11.650262,3.4661653,1.4249401,0.13058786,1.4651577,1.0
4829,6.150699,1.4404309,1.5000213,0.75052875,0.0,0.0,1.0,11.650262,4.548019,1.4249401,0.17886661,2.0068312,1.0
4830,6.3777347,1.4507165,1.5157948,0.7707925,0.0,0.0,1.0,11.650262,4.595992,1.4249401,0.18785135,2.1076374,1.0
4831,6.1992254,1.470145,1.5331562,0.58544916,0.0,0.0,1.0,11.650262,4.686608,1.4249401,0.17131923,1.9221518,1.0
4832,6.584709,1.5613738,1.5503557,0.48813027,0.0,0.0,1.0,11.650262,5.1121063,1.4249401,0.16248496,1.8230339,1.0
4833,5.5455775,1.4049971,1.484532,0.46964702,0.0,0.0,1.0,11.650262,4.3827534,1.4249401,0.15669318,1.7580518,1.0
4834,5.2297015,1.3911347,1.4743751,0.749178,0.0,0.0,1.0,11.650262,4.318098,1.4249401,0.14288945,1.603178,1.0
4835,4.1417556,1.2236466,1.2683514,0.7074192,0.0,0.0,1.0,11.650262,3.5369205,1.4249401,0.13267624,1.4885888,1.0
4836,3.9801538,1.2036933,1.337685,0.70234483,0.0,0.0,1.0,9.768427,3.4438565,1.1415973,0.12878507,1.444931,1.0
4837,3.8931653,1.17086,1.3488333,0.76122224,0.0,0.0,1.0,5.9359746,3.2907197,0.56455547,0.13574941,1.5230689,1.0
4838,4.5795226,1.2840401,1.2821194,0.6533054,0.0,0.0,1.0,4.6370215,3.8186002,0.36897564,0.13987312,1.5693356,1.0
4839,4.449424,1.3063912,1.3057323,0.6135954,0.0,0.0,1.0,3.9833462,3.9228477,0.27055353,0.12331188,1.3835233,1.0
4840,3.8652818,1.1564736,1.2552583,0.8229186,0.0,0.0,1.0,3.9833462,3.2236204,0.27055353,0.13981771,1.568714,1.0
4841,3.5256019,1.1604073,1.2193675,0.59872156,0.0,0.0,1.0,3.3268197,3.2419672,0.17170213,0.11140813,1.2499667,1.0
4842,4.2449303,1.2824012,1.3008661,0.43848398,0.0,0.0,1.0,2.6674018,3.8109562,0.07241538,0.11812769,1.3253583,1.0
4843,4.1670976,1.2018318,1.2583724,0.68763536,0.0,0.0,1.0,2.6674018,3.4351745,0.07241538,0.14338726,1.6087632,1.0
4844,4.565086,1.3048898,1.321494,0.6646595,0.0,0.0,1.0,2.6674018,3.915845,0.07241538,0.13135009,1.4737097,1.0
4845,4.806177,1.2607663,1.2632778,0.8067068,0.0,0.0,1.0,2.6674018,3.7100494,0.07241538,0.16436593,1.8441379,1.0
4846,5.0464144,1.3018535,1.3107883,0.7113026,0.0,0.0,1.0,2.0050523,3.9016836,0.0,0.16384283,1.8382688,1.0
4847,5.0193295,1.3065277,1.2728784,0.73675585,0.0,0.0,1.0,2.0050523,3.9234843,0.0,0.16025476,1.7980118,1.0
4848,4.4774103,1.2164885,1.4645164,0.8126984,0.0,0.0,1.0,2.0050523,3.5035343,0.0,0.15991494,1.794199,1.0
4849,4.90285,1.3262421,1.3028972,0.7968372,0.0,0.0,1.0,2.0050523,4.015434,0.0,0.14540775,1.6314327,1.0
4850,4.380446,1.1875464,1.306434,0.8491503,0.0,0.0,1.0,1.3397293,3.368546,0.0,0.16562606,1.8582761,1.0
4851,4.6580215,1.3310245,1.4918882,0.80186224,0.0,0.0,1.0,1.3397293,4.0377393,0.0,0.12824912,1.4389178,1.0
4852,4.6837764,1.3237402,1.6202677,0.82068807,0.0,0.0,1.0,1.3397293,4.0037646,0.0,0.13238007,1.4852659,1.0
4853,3.889225,1.1483665,1.1904826,0.31477103,0.0,0.0,1.0,1.3397293,3.1858077,0.0,0.14535575,1.6308491,1.0
4854,5.0611744,1.342952,1.5299418,0.92311484,0.0,0.0,1.0,0.33608487,4.09337,0.0,0.14933726,1.6755205,1.0
4855,5.0757494,1.3441604,1.4299302,0.90701574,0.0,0.0,1.0,0.44862777,4.099006,0.0,0.1498098,1.6808223,1.0
4856,4.9944987,1.3238418,1.5029994,0.8179567,0.0,0.0,1.0,0.44862777,4.0042386,0.0,0.15210555,1.70658,1.0
4857,4.950261,1.3055439,1.3540561,0.8053836,0.0,0.0,1.0,0.44862777,3.9188957,0.0,0.15614806,1.7519357,1.0
4858,3.691605,1.0894371,1.1984812,0.5987163,0.0,0.0,1.0,0.44862777,2.9109569,0.0,0.15742089,1.7662165,1.0
4859,4.5420766,1.2153391,1.4550587,0.87548685,0.0,0.0,1.0,0.44862777,3.4981732,0.0,0.16512114,1.8526111,1.0
4860,3.626886,1.0938647,1.407644,0.92631686,0.0,0.0,1.0,0.44862777,2.9316072,0.0,0.14952423,1.6776183,1.0
4861,3.0352726,0.9887082,1.1137283,0.21984896,0.0,0.0,1.0,0.67449075,2.4411492,0.0,0.15110618,1.6953673,1.0
4862,4.8821354,1.252112,1.5909327,0.8384975,0.0,0.0,1.0,0.67449075,3.6696854,0.0,0.17326556,1.9439892,1.0
4863,6.005649,1.373471,1.3091975,0.97017133,0.0,0.0,1.0,0.67449075,4.235713,0.0,0.19553863,2.1938865,1.0
4864,5.169234,1.252861,1.3169839,0.7276412,0.0,0.0,1.0,0.67449075,3.6731787,0.0,0.19284731,2.1636906,1.0
4865,4.031622,1.1513059,1.6312593,0.7299254,0.0,0.0,1.0,0.67449075,3.1995177,0.0,0.15535718,1.7430623,1.0
4866,2.9565454,0.98096997,1.0609541,0.22050922,0.0,0.0,1.0,0.67449075,2.4050574,0.0,0.1475219,1.6551527,1.0
4867,4.4494658,1.1223391,1.0999764,0.85716224,0.0,0.0,1.0,0.67449075,3.0644143,0.0,0.20422716,2.2913692,1.0
4868,3.7130477,1.0261468,1.1541431,0.91627437,0.0,0.0,1.0,0.67449075,2.6157656,0.0,0.19595315,2.198537,1.0
4869,3.8423505,1.0227159,1.0560209,0.85716224,0.0,0.0,1.0,0.67449075,2.5997639,0.0,0.2108436,2.3656037,1.0
4870,3.0473878,0.9903555,1.0731832,0.67375934,0.0,0.0,1.0,0.67449075,2.4488323,0.0,0.15137264,1.698357,1.0
4871,5.217086,1.2451354,1.2259167,0.9727988,0.0,0.0,1.0,0.90140575,3.6371458,0.0,0.19974802,2.2411146,1.0
4872,4.7541747,1.1827585,1.2323445,0.8603295,0.0,0.0,1.0,0.90140575,3.3462148,0.0,0.19627756,2.202177,1.0
4873,3.8908284,1.1160246,1.2765064,0.9269963,0.0,0.0,1.0,0.9075175,3.034963,0.0,0.16094178,1.8057199,1.0
4874,4.1415753,1.0872834,1.0911968,0.8538855,0.0,0.0,1.0,1.0915107,2.9009116,0.0,0.19803941,2.2219446,1.0
4875,3.9957793,1.0792475,1.3077507,0.8963652,0.0,0.0,1.0,1.3552212,2.8634315,0.0,0.1898321,2.1298609,1.0
4876,3.7846477,1.0487083,1.116703,0.7941632,0.0,0.0,1.0,1.3552212,2.7209945,0.0,0.18867466,2.1168747,1.0
4877,2.9199896,0.98039305,1.0653111,0.6542019,0.0,0.0,1.0,1.3552212,2.4023666,0.0,0.14399756,1.6156107,1.0
4878,3.119934,0.9852852,1.0040559,0.6741155,0.0,0.0,1.0,1.3552212,2.4251842,0.0,0.16208036,1.8184944,1.0
4879,3.4351506,0.97080106,0.97865224,0.6213793,0.0,0.0,1.0,1.3552212,2.3576288,0.0,0.20551497,2.305818,1.0
4880,3.3563864,0.978417,0.9952414,0.60192776,0.0,0.0,1.0,1.3552212,2.39315,0.0,0.1916264,2.1499925,1.0
4881,3.4788272,0.98945314,1.0482409,0.62076426,0.0,0.0,1.0,1.3552212,2.4446237,0.0,0.19686079,2.2087207,1.0
4882,3.9652617,1.0950567,1.1017704,0.59164065,0.0,0.0,1.0,1.3552212,2.9371667,0.0,0.17826527,2.0000844,1.0
4883,4.3514247,1.1335129,1.2087117,0.8429028,0.0,0.0,1.0,1.3552212,3.1165295,0.0,0.19003308,2.1321158,1.0
4884,3.8800786,1.0940871,1.2960243,0.77528304,0.0,0.0,1.0,1.3552212,2.9326448,0.0,0.17139855,1.9230418,1.0
4885,3.7913568,1.105442,1.0592049,0.7014561,0.0,0.0,1.0,1.3552212,2.985605,0.0,0.15785459,1.7710825,1.0
4886,4.1407843,1.1341213,1.3050199,0.9319566,0.0,0.0,1.0,1.3552212,3.1193674,0.0,0.17251366,1.9355531,1.0
4887,3.9604979,1.1239935,1.2515011,0.8413776,0.0,0.0,1.0,1.3552212,3.0721304,0.0,0.1627671,1.8261994,1.0
4888,4.2702103,1.1487055,1.1639849,0.85646677,0.0,0.0,1.0,1.3552212,3.1873891,0.0,0.17564,1.9706297,1.0
4889,4.1983986,1.133088,1.1813449,0.8348301,0.0,0.0,1.0,1.3552212,3.1145477,0.0,0.17774749,1.994275,1.0
4890,3.7606432,1.0418371,1.0816319,0.56975025,0.0,0.0,1.0,1.3552212,2.6889465,0.0,0.19062282,2.1387324,1.0
4891,4.54741,1.1824094,1.1289573,0.5630699,0.0,0.0,1.0,0.9569123,3.3445868,0.0,0.1807108,2.0275226,1.0
4892,4.4280005,1.1685755,1.1495323,0.45826527,0.0,0.0,1.0,1.014087,3.2800643,0.0,0.17825106,1.9999249,1.0
4893,4.3828807,1.1561586,1.1656088,0.41380483,0.0,0.0,1.0,1.014087,3.2221508,0.0,0.18086402,2.0292416,1.0
4894,4.2783914,1.15598,1.2456702,0.82838994,0.0,0.0,1.0,1.014087,3.221318,0.0,0.17269339,1.9375695,1.0
4895,4.380407,1.1880732,1.6706097,0.87149763,0.0,0.0,1.0,1.014087,3.371003,0.0,0.16538174,1.855535,1.0
4896,4.351058,1.2056347,1.7583371,0.7780317,0.0,0.0,1.0,1.014087,3.4529114,0.0,0.15536763,1.7431796,1.0
4897,4.506858,1.2199059,1.7152947,0.7746165,0.0,0.0,1.0,1.014087,3.519473,0.0,0.1605718,1.8015687,1.0
4898,4.5123224,1.2594706,1.786905,0.78098506,0.0,0.0,1.0,1.014087,3.7040062,0.0,0.14470136,1.6235071,1.0
4899,4.852179,1.300074,1.2826874,0.78602916,0.0,0.0,1.0,1.014087,3.8933835,0.0,0.15184067,1.7036082,1.0
4900,4.9723535,1.310401,1.2912902,0.691992,0.0,0.0,1.0,1.1269385,3.9415493,0.0,0.15572663,1.7472074,1.0
4901,5.091037,1.3298008,1.696262,0.85553825,0.0,0.0,1.0,0.6807304,4.032032,0.0,0.15601318,1.7504224,1.0
4902,5.1408644,1.3333708,1.3562542,0.84357226,0.0,0.0,1.0,0.6807304,4.0486827,0.0,0.15782489,1.7707492,1.0
4903,3.9772096,1.1029965,1.3768927,0.797421,0.0,0.0,1.0,0.6807304,2.9741986,0.0,0.17500769,1.9635352,1.0
4904,4.967952,1.3491676,1.3347669,0.81820863,0.0,0.0,1.0,0.6807304,4.1223598,0.0,0.14136432,1.5860665,1.0
4905,5.054674,1.2925807,1.553708,0.75127494,0.0,0.0,1.0,2.6622012,3.8584344,0.07163233,0.16807984,1.8858068,1.0
4906,5.2738285,1.3715041,1.4832243,0.91648465,0.0,0.0,1.0,3.3133907,4.226539,0.16968016,0.1522293,1.7079684,1.0
4907,6.3389893,1.4493821,1.5059917,0.77434653,0.0,0.0,1.0,3.6369402,4.589768,0.21839613,0.18618086,2.088895,1.0
4908,6.8273964,1.5954678,1.5492104,0.7539112,0.0,0.0,1.0,5.450568,5.2711234,0.49146914,0.1643142,1.8435574,1.0
4909,6.2265735,1.5175098,1.4899806,0.83016485,0.0,0.0,1.0,9.1333275,4.9075212,1.0459721,0.15757522,1.767948,1.0
4910,5.672063,1.6794674,1.7522287,0.77243865,0.0,0.0,1.0,9.765183,5.6629043,1.141109,0.08954074,1.004621,1.0
4911,5.6323724,1.4922354,1.589272,0.6412689,0.0,0.0,1.0,9.765183,4.7896395,1.141109,0.13393499,1.5027115,1.0
4912,6.3906617,1.4982088,1.6263679,0.7909302,0.0,0.0,1.0,10.394504,4.8174996,1.2358639,0.17228651,1.9330045,1.0
4913,3.9516082,1.1023289,1.1876194,0.64137495,0.0,0.0,1.0,11.021326,2.971085,1.3302429,0.17317025,1.9429197,1.0
4914,3.8121662,1.0928017,1.1985226,0.7450972,0.0,0.0,1.0,11.021326,2.9266493,1.3302429,0.16617958,1.8644865,1.0
4915,5.2055545,1.2907981,1.304124,0.77559304,0.0,0.0,1.0,11.645684,3.8501198,1.4242508,0.17877977,2.005857,1.0
4916,5.06107,1.3990446,1.3644285,0.80801183,0.0,0.0,1.0,11.645684,4.3549905,1.4242508,0.13041618,1.4632316,1.0
4917,5.674311,1.4864981,1.4261402,0.7367439,0.0,0.0,1.0,11.645684,4.7628803,1.4242508,0.13785978,1.5467465,1.0
4918,6.481103,1.5627143,1.5253943,0.6049355,0.0,0.0,1.0,25.209717,5.1183586,3.46655,0.15692954,1.7607037,1.0
4919,16.0,1.6462942,1.5637754,0.574215,0.0,0.0,1.0,18224.398,5.508182,20.0,0.14774136,1.6576151,1.0
4920,16.0,1.2503586,1.5499086,0.7676715,0.0,0.0,1.0,18224.398,3.6615071,20.0,0.16928406,1.8993179,1.0
4921,16.0,1.1479675,1.1500101,0.75944585,0.0,0.0,1.0,18224.398,3.1839468,20.0,0.16043873,1.8000758,1.0
4922,16.0,1.1113771,1.4607596,0.73040956,0.0,0.0,1.0,18224.398,3.0132866,20.0,0.16219877,1.8198229,1.0
4923,16.0,1.6433932,1.6005306,0.5367827,0.0,0.0,1.0,18224.398,5.494651,20.0,0.15243554,1.7102823,1.0
4924,16.0,1.627974,1.5841383,0.41598213,0.0,0.0,1.0,18224.398,5.422735,20.0,0.11283414,1.2659662,1.0
4925,16.0,1.6371037,1.5927252,0.5407751,0.0,0.0,1.0,18224.398,5.4653163,20.0,0.10412376,1.1682382,1.0
4926,16.0,1.3891046,1.6269369,0.67346764,0.0,0.0,1.0,18224.398,4.3086295,20.0,0.12906086,1.4480253,1.0
4927,16.0,1.4299947,1.4946092,0.7243483,0.0,0.0,1.0,18224.398,4.499344,20.0,0.15290457,1.7155447,1.0
4928,16.0,1.2929008,1.4706845,0.8165832,0.0,0.0,1.0,18224.398,3.8599272,20.0,0.14822245,1.6630126,1.0
4929,16.0,1.5413452,1.5692807,0.6153318,0.0,0.0,1.0,18224.398,5.0186915,20.0,0.15705319,1.762091,1.0
4930,16.0,1.433993,1.6180675,0.6137964,0.0,0.0,1.0,18224.398,4.517992,20.0,0.11713575,1.314229,1.0
4931,16.0,1.3196613,1.5277774,0.67301255,0.0,0.0,1.0,18224.398,3.98474,20.0,0.13160202,1.4765363,1.0
4932,16.0,1.3875465,1.4829795,0.80314577,0.0,0.0,1.0,18224.398,4.3013625,20.0,0.13246106,1.4861745,1.0
4933,16.0,1.2906289,1.4069657,0.5134847,0.0,0.0,1.0,18224.398,3.849331,20.0,0.12286004,1.3784539,1.0
4934,16.0,1.4167106,1.3931676,0.30450484,0.0,0.0,1.0,12020.452,4.437386,20.0,0.10739361,1.204925,1.0
4935,16.0,1.2169001,1.3219835,0.8505276,0.0,0.0,1.0,9306.766,3.505454,20.0,0.12781145,1.4340072,1.0
4936,16.0,1.3108224,1.3380334,0.7043815,0.0,0.0,1.0,7478.2993,3.9435148,20.0,0.13120933,1.4721304,1.0
4937,16.0,1.2799988,1.3544147,0.6324375,0.0,0.0,1.0,6558.0986,3.7997513,20.0,0.11558309,1.2968086,1.0
4938,16.0,1.2186329,1.1500295,0.580699,0.0,0.0,1.0,6558.0986,3.5135362,20.0,0.114797354,1.2879928,1.0
4939,16.0,1.2276276,1.327046,0.5634203,0.0,0.0,1.0,5633.8457,3.555488,20.0,0.12806776,1.436883,1.0
4940,16.0,1.3792708,1.3964416,0.7253181,0.0,0.0,1.0,5633.8457,4.2627635,20.0,0.14597508,1.637798,1.0
4941,16.0,1.2896185,1.2892034,0.54634,0.0,0.0,1.0,5633.8457,3.8446183,20.0,0.114952475,1.2897333,1.0
4942,16.0,1.3084166,1.2937456,0.54874796,0.0,0.0,1.0,4705.4834,3.9322941,20.0,0.13544233,1.5196235,1.0
4943,16.0,1.318001,1.3252151,0.5289616,0.0,0.0,1.0,4705.4834,3.9769967,20.0,0.1350356,1.5150602,1.0
4944,16.0,1.3258346,1.2950783,0.6813517,0.0,0.0,1.0,4705.4834,4.013533,20.0,0.14260961,1.6000383,1.0
4945,16.0,1.3243103,1.3035724,0.5300555,0.0,0.0,1.0,3772.9536,4.0064235,20.0,0.12786338,1.4345899,1.0
4946,16.0,1.0675997,1.2185475,0.76699066,0.0,0.0,1.0,3772.9536,2.8091052,20.0,0.14636327,1.6421533,1.0
4947,16.0,1.3303308,1.3109748,0.7372807,0.0,0.0,1.0,3772.9536,4.034504,20.0,0.16248687,1.8230553,1.0
4948,16.0,1.3181261,1.3627453,0.8295867,0.0,0.0,1.0,3772.9536,3.9775798,20.0,0.15878725,1.7815467,1.0
4949,16.0,1.1515142,1.1461812,0.5701522,0.0,0.0,1.0,3772.9536,3.200489,20.0,0.15187308,1.7039717,1.0
4950,16.0,1.3362476,1.3488858,0.7654425,0.0,0.0,1.0,3772.9536,4.0621,20.0,0.1445122,1.6213849,1.0
4951,16.0,1.3323028,1.5340517,0.7990738,0.0,0.0,1.0,3772.9536,4.043701,20.0,0.1744349,1.9571087,1.0
4952,7.449369,1.8259825,1.8170215,0.6945434,0.0,0.0,1.0,0.67449075,6.3462615,0.0,0.13339283,1.4966286,1.0
4953,4.839822,1.3451277,1.4397175,0.63073415,0.0,0.0,1.0,0.33569264,4.1035175,0.0,0.13482207,1.5126643,1.0
4954,7.5074887,1.8021528,1.8158205,0.48519915,0.0,0.0,1.0,0.33569264,6.235118,0.0,0.1410949,1.5830436,1.0
4955,5.294403,1.320091,1.5870372,0.59784377,0.0,0.0,1.0,0.33569264,3.9867444,0.0,0.17265576,1.9371474,1.0
4956,4.596393,1.1493294,1.3333511,0.9436236,0.0,0.0,1.0,0.33569264,3.190299,0.0,0.20136517,2.2592585,1.0
4957,4.091503,1.1476216,1.1935599,0.53156114,0.0,0.0,1.0,0.33569264,3.182334,0.0,0.16188163,1.8162646,1.0
4958,4.5947294,1.2674041,1.2917153,0.77936536,0.0,0.0,1.0,0.5046981,3.7410085,0.0,0.14724244,1.6520174,1.0
4959,5.2318673,1.3047234,1.3536541,0.83150053,0.0,0.0,1.0,0.5046981,3.9150686,0.0,0.17477946,1.9609746,1.0
4960,4.670551,1.2698189,1.2675414,0.65927935,0.0,0.0,1.0,0.5046981,3.7522714,0.0,0.1514494,1.6992182,1.0
4961,4.8065434,1.1938418,1.4445155,0.70370865,0.0,0.0,1.0,0.5046981,3.3979084,0.0,0.19469805,2.1844554,1.0
4962,5.5541863,1.2045451,1.2678304,0.8106461,0.0,0.0,1.0,0.5046981,3.4478295,0.0,0.2447027,2.745493,1.0
4963,5.8074465,1.2154874,1.280534,0.7090553,0.0,0.0,1.0,0.5046981,3.498865,0.0,0.25715175,2.8851678,1.0
4964,5.239209,1.1378224,1.2090391,0.8106461,0.0,0.0,1.0,0.5046981,3.1366293,0.0,0.2598313,2.9152315,1.0
4965,5.8087173,1.2798285,1.2320501,0.59630316,0.0,0.0,1.0,0.5046981,3.7989573,0.0,0.22384827,2.5115123,1.0
4966,5.981329,1.303296,1.264086,0.72740257,0.0,0.0,1.0,0.5046981,3.908411,0.0,0.2241906,2.5153532,1.0
4967,5.661241,1.3014987,1.3028246,0.7825754,0.0,0.0,1.0,0.5046981,3.9000282,0.0,0.20412797,2.2902563,1.0
4968,5.423087,1.2406486,1.2579706,0.6936255,0.0,0.0,1.0,0.6805885,3.616219,0.0,0.21636839,2.4275904,1.0
4969,5.3289566,1.2398726,1.2440437,0.33474898,0.0,0.0,1.0,0.78416944,3.6125994,0.0,0.21011575,2.3574374,1.0
4970,4.377292,1.195191,1.1873988,0.6111884,0.0,0.0,1.0,0.9137126,3.4042013,0.0,0.1619217,1.8167143,1.0
4971,5.697483,1.2296786,1.2124134,0.7156417,0.0,0.0,1.0,1.0915107,3.5650542,0.0,0.24144953,2.7089934,1.0
4972,5.87029,1.2311981,1.3156776,0.7281159,0.0,0.0,1.0,1.3552212,3.572141,0.0,0.25296134,2.8381524,1.0
4973,5.739593,1.2300341,1.2931921,0.7281159,0.0,0.0,1.0,1.3552212,3.5667121,0.0,0.2442669,2.7406034,1.0
4974,5.391941,1.204527,1.2934043,0.7281159,0.0,0.0,1.0,1.3552212,3.447745,0.0,0.23272915,2.6111534,1.0
4975,5.3900046,1.2022042,1.352857,0.66337776,0.0,0.0,1.0,1.3552212,3.4369113,0.0,0.23384106,2.6236286,1.0
4976,5.1561646,1.1757138,1.2220387,0.70586413,0.0,0.0,1.0,1.3552212,3.3133578,0.0,0.23076102,2.5890715,1.0
4977,5.3105764,1.2032512,1.2150468,0.4912043,0.0,0.0,1.0,1.3552212,3.4417946,0.0,0.22739765,2.5513353,1.0
4978,5.2855015,1.2436726,1.2902178,0.7812611,0.0,0.0,1.0,1.3552212,3.6303232,0.0,0.20523362,2.3026614,1.0
4979,5.3264136,1.1995019,1.202774,0.67955416,0.0,0.0,1.0,1.3552212,3.4243073,0.0,0.23058197,2.5870626,1.0
4980,5.278748,1.1859701,1.200387,0.46216607,0.0,0.0,1.0,1.3552212,3.361194,0.0,0.23440844,2.6299944,1.0
4981,5.337283,1.2258462,1.220811,0.45792487,0.0,0.0,1.0,1.3552212,3.5471792,0.0,0.2176414,2.441873,1.0
4982,5.1792893,1.2332554,1.1963392,0.277201,0.0,0.0,1.0,1.3552212,3.5817363,0.0,0.20271152,2.2743642,1.0
4983,4.725092,1.2090212,1.1791751,0.277201,0.0,0.0,1.0,1.3552212,3.4687064,0.0,0.18136601,2.0348737,1.0
4984,4.7103195,1.2284982,1.2013586,0.49725205,0.0,0.0,1.0,1.3552212,3.5595486,0.0,0.17145629,1.9236896,1.0
4985,4.2372375,1.139377,1.1266379,0.277201,0.0,0.0,1.0,1.3552212,3.1438801,0.0,0.17769068,1.9936377,1.0
4986,4.125249,1.0707233,1.0917784,0.4912043,0.0,0.0,1.0,0.9569123,2.823674,0.0,0.20651181,2.3170023,1.0
4987,4.0086217,1.0504004,1.0729394,0.7008103,0.0,0.0,1.0,1.014087,2.7288864,0.0,0.2085511,2.3398826,1.0
4988,4.1019616,1.0390918,1.0306666,0.6058151,0.0,0.0,1.0,1.014087,2.6761425,0.0,0.22480568,2.5222542,1.0
4989,3.6062112,1.0253674,1.0447638,0.4364529,0.0,0.0,1.0,1.014087,2.6121304,0.0,0.18604079,2.0873234,1.0
4990,3.927825,1.0394038,1.0725502,0.7600314,0.0,0.0,1.0,1.014087,2.6775975,0.0,0.20803225,2.3340611,1.0
4991,3.6791186,0.99766773,1.0198021,0.5183305,0.0,0.0,1.0,1.014087,2.482937,0.0,0.21181113,2.3764591,1.0
4992,3.5494883,0.997948,1.1396756,0.79215235,0.0,0.0,1.0,1.014087,2.4842443,0.0,0.19832447,2.2251427,1.0
4993,3.218222,0.96329856,0.9770279,0.6788554,0.0,0.0,1.0,1.014087,2.3226366,0.0,0.18732087,2.1016855,1.0
4994,3.4525878,1.025345,1.1211218,0.78439736,0.0,0.0,1.0,1.014087,2.612026,0.0,0.17107767,1.9194416,1.0
4995,3.7961102,1.0874679,1.0632449,0.49725208,0.0,0.0,1.0,1.1269385,2.9017723,0.0,0.16761425,1.880583,1.0
4996,4.3513613,1.1477605,1.1386983,0.5321855,0.0,0.0,1.0,0.6807304,3.1829815,0.0,0.18260492,2.048774,1.0
4997,5.2878823,1.3527685,1.2983423,0.57318395,0.0,0.0,1.0,0.6807304,4.139155,0.0,0.15980224,1.7929347,1.0
4998,4.344936,1.1417398,1.1194108,0.49725208,0.0,0.0,1.0,0.6807304,3.1549008,0.0,0.18518485,2.0777202,1.0
4999,4.4637733,1.1385446,1.1122067,0.55034167,0.0,0.0,1.0,0.6807304,3.1399977,0.0,0.1964871,2.204528,1.0
5000,4.5138474,1.1327891,1.1123595,0.55034167,0.0,0.0,1.0,0.6807304,3.113154,0.0,0.20370467,2.285507,1.0
5001,4.1620812,1.1234678,1.1132783,0.52257806,0.0,0.0,1.0,0.6807304,3.0696785,0.0,0.17975229,2.0167682,1.0
5002,3.9041808,1.0806106,1.0737386,0.2732274,0.0,0.0,1.0,0.6807304,2.8697894,0.0,0.18091674,2.029833,1.0
5003,3.78034,1.0845333,1.0774709,0.46945325,0.0,0.0,1.0,0.6807304,2.8880851,0.0,0.16780253,1.8826954,1.0
5004,3.566496,1.0423268,1.0972753,0.55034167,0.0,0.0,1.0,0.6807304,2.6912305,0.0,0.17194963,1.9292247,1.0
5005,3.0351734,0.94832677,1.1356261,0.57082635,0.0,0.0,1.0,0.67449075,2.2528071,0.0,0.17756638,1.992243,1.0
5006,3.761456,1.0538653,1.3288182,0.7365512,0.0,0.0,1.0,0.67449075,2.745047,0.0,0.18341962,2.0579147,1.0
5007,7.2103753,1.7022308,1.5210518,0.6147387,0.0,0.0,1.0,0.67449075,5.7690744,0.0,0.15274964,1.7138065,1.0
5008,6.471583,1.6508954,1.6939673,0.5260226,0.0,0.0,1.0,0.67449075,5.5296416,0.0,0.13250765,1.4866972,1.0
5009,7.2539077,1.5786408,1.4937909,0.7359785,0.0,0.0,1.0,0.67449075,5.192641,0.0,0.19021611,2.1341693,1.0
5010,4.1474757,1.0664961,1.1034342,0.5915416,0.0,0.0,1.0,0.67449075,2.8039582,0.0,0.2111464,2.3690012,1.0
5011,4.0633345,1.0973059,1.3768926,0.7355781,0.0,0.0,1.0,0.67449075,2.9476573,0.0,0.18551442,2.0814178,1.0
5012,3.0108612,1.0154483,1.3366168,0.7416882,0.0,0.0,1.0,0.67449075,2.5658672,0.0,0.13329306,1.4955093,1.0
5013,4.389993,1.2388517,1.1732674,0.7460914,0.0,0.0,1.0,5.934733,3.607838,0.5643685,0.14433615,1.6194096,1.0
5014,3.120041,1.0067883,1.1737111,0.46886212,0.0,0.0,1.0,7.2221828,2.525476,0.7582163,0.14908126,1.6726483,1.0
5015,3.1533165,0.9994445,1.1931611,0.5321855,0.0,0.0,1.0,16.398218,2.491224,2.1398268,0.15680824,1.7593428,1.0
5016,16.0,1.3113635,1.2550397,0.4942012,0.0,0.0,1.0,12917.492,3.9460385,20.0,0.15088136,1.692845,1.0
5017,16.0,1.427776,1.235391,0.6053213,0.0,0.0,1.0,13810.86,4.4889956,20.0,0.1536751,1.7241898,1.0
5018,16.0,1.3866903,1.4197736,0.46886203,0.0,0.0,1.0,14700.607,4.2973685,20.0,0.12682998,1.4229954,1.0
5019,16.0,1.2358624,1.4657029,0.46886212,0.0,0.0,1.0,14700.607,3.5938957,20.0,0.11496676,1.2898935,1.0
5020,16.0,1.2418821,1.4677413,0.5198061,0.0,0.0,1.0,15586.783,3.621972,20.0,0.14458537,1.6222057,1.0
5021,16.0,0.93498135,1.5087682,0.54835427,0.0,0.0,1.0,15586.783,2.190563,20.0,0.15210484,1.7065719,1.0
5022,16.0,0.9451407,1.5187018,0.53438044,0.0,0.0,1.0,16469.441,2.237947,20.0,0.14361766,1.6113483,1.0
5023,16.0,0.98360497,1.258476,0.75127494,0.0,0.0,1.0,16469.441,2.4173474,20.0,0.14565073,1.6341587,1.0
5024,16.0,1.4135958,1.3998483,0.8446254,0.0,0.0,1.0,17348.63,4.422858,20.0,0.17108446,1.9195179,1.0
5025,16.0,1.2985028,1.3957908,0.8921182,0.0,0.0,1.0,17348.63,3.8860555,20.0,0.15833282,1.7764481,1.0
5026,16.0,1.4154364,1.4783828,0.749672,0.0,0.0,1.0,17348.63,4.4314427,20.0,0.17111367,1.9198455,1.0
5027,16.0,1.537049,1.533862,0.80955106,0.0,0.0,1.0,17348.63,4.998654,20.0,0.15165731,1.7015508,1.0
5028,16.0,1.4523897,1.3915787,0.8807121,0.0,0.0,1.0,17348.63,4.603796,20.0,0.17618658,1.976762,1.0
5029,16.0,1.012706,1.1297807,0.64789015,0.0,0.0,1.0,17348.63,2.553077,20.0,0.17445983,1.9573884,1.0
5030,16.0,0.9543749,0.98995245,0.74086493,0.0,0.0,1.0,17348.63,2.281016,20.0,0.1824161,2.0466554,1.0
5031,16.0,1.1341797,1.1044928,0.8702098,0.0,0.0,1.0,17348.63,3.1196396,20.0,0.17408594,1.9531935,1.0
5032,16.0,1.1001782,1.3578866,0.8521751,0.0,0.0,1.0,17348.63,2.961054,20.0,0.16803573,1.885312,1.0
5033,16.0,1.1147243,1.3393834,0.8678783,0.0,0.0,1.0,17348.63,3.028898,20.0,0.14432399,1.6192731,1.0
5034,16.0,1.1656617,1.4032097,0.8328527,0.0,0.0,1.0,17348.63,3.266474,20.0,0.13436998,1.5075921,1.0
5035,16.0,1.1313709,1.5034443,0.74470586,0.0,0.0,1.0,17348.63,3.1065392,20.0,0.14120325,1.5842594,1.0
5036,16.0,1.4163328,1.5139235,0.6541656,0.0,0.0,1.0,17348.63,4.435624,20.0,0.16160859,1.8132013,1.0
5037,16.0,1.3802005,1.3726194,0.5812912,0.0,0.0,1.0,17348.63,4.2671,20.0,0.1690989,1.8972404,1.0
5038,16.0,1.3911875,1.5180666,0.6075944,0.0,0.0,1.0,17348.63,4.318344,20.0,0.1737037,1.9489049,1.0
5039,16.0,1.3819416,1.5201733,0.7219446,0.0,0.0,1.0,17348.63,4.2752204,20.0,0.16767736,1.8812912,1.0
5040,16.0,1.362565,1.4337544,0.6153318,0.0,0.0,1.0,17348.63,4.184847,20.0,0.16307533,1.8296577,1.0
5041,16.0,1.0935155,1.3193412,0.7425474,0.0,0.0,1.0,17348.63,2.9299786,20.0,0.17680167,1.9836632,1.0
5042,16.0,1.0558586,1.2567477,0.66082525,0.0,0.0,1.0,11119.687,2.754344,20.0,0.1490207,1.6719688,1.0
5043,16.0,1.0376463,1.1919342,0.75018394,0.0,0.0,1.0,8394.503,2.6694002,20.0,0.1828004,2.0509672,1.0
5044,16.0,1.0552589,1.2569014,0.66469,0.0,0.0,1.0,7478.2993,2.7515466,20.0,0.15607706,1.7511392,1.0
5045,16.0,1.0457501,1.199018,0.68763536,0.0,0.0,1.0,6558.0986,2.7071972,20.0,0.16805209,1.8854955,1.0
5046,16.0,1.0533365,1.0028075,0.6183104,0.0,0.0,1.0,5633.8457,2.7425807,20.0,0.16374987,1.8372259,1.0
5047,16.0,1.057317,0.992234,0.56164247,0.0,0.0,1.0,5633.8457,2.761146,20.0,0.15612017,1.7516228,1.0
5048,16.0,1.1136287,1.2166138,0.5338771,0.0,0.0,1.0,5633.8457,3.0237885,20.0,0.1713959,1.923012,1.0
5049,16.0,1.1213937,1.2340057,0.50150144,0.0,0.0,1.0,4705.4834,3.0600047,20.0,0.17790782,1.996074,1.0
5050,16.0,1.1416056,1.2005662,0.50499237,0.0,0.0,1.0,4705.4834,3.1542747,20.0,0.12504998,1.4030243,1.0
5051,16.0,1.1450768,1.1962836,0.45907384,0.0,0.0,1.0,4705.4834,3.1704643,20.0,0.13805981,1.5489908,1.0
5052,16.0,1.1633826,1.2158312,0.590649,0.0,0.0,1.0,3772.9536,3.2558446,20.0,0.14766929,1.6568063,1.0
5053,16.0,1.1802583,1.2082126,0.590649,0.0,0.0,1.0,3772.9536,3.3345537,20.0,0.14176962,1.5906138,1.0
5054,16.0,1.2036834,1.1966308,0.72297156,0.0,0.0,1.0,3772.9536,3.4438102,20.0,0.13216914,1.4828993,1.0
5055,16.0,1.2163557,1.2149961,0.77359945,0.0,0.0,1.0,3772.9536,3.502915,20.0,0.15803128,1.773065,1.0
5056,16.0,1.1917814,1.1878704,0.7058599,0.0,0.0,1.0,3772.9536,3.3882985,20.0,0.14552896,1.6327925,1.0
5057,16.0,1.1893703,1.2163004,0.72418463,0.0,0.0,1.0,3772.9536,3.3770528,20.0,0.16196258,1.817173,1.0
5058,16.0,1.177425,1.1703248,0.7058599,0.0,0.0,1.0,3772.9536,3.3213391,20.0,0.12998943,1.4584435,1.0
5059,16.0,1.1918936,1.2973737,0.7133643,0.0,0.0,1.0,3772.9536,3.3888216,20.0,0.1630636,1.8295261,1.0
5060,4.590295,1.2751249,1.2498746,0.7042276,0.0,0.0,1.0,0.33956373,3.777019,0.0,0.14396152,1.6152062,1.0
5061,3.950426,1.1899811,1.1899464,0.57784796,0.0,0.0,1.0,1.595127,3.3799016,0.0,0.13211426,1.4822835,1.0
5062,3.9158905,1.1380634,1.1200078,0.6210469,0.0,0.0,1.0,1.9620738,3.1377537,0.0,0.15228093,1.7085476,1.0
5063,3.5155985,1.0903023,1.2289907,0.65106696,0.0,0.0,1.0,2.1444173,2.9149923,0.0,0.14159788,1.588687,1.0
5064,4.2760906,1.2539946,1.2381375,0.5791581,0.0,0.0,1.0,2.326022,3.6784656,0.021014744,0.13050142,1.4641879,1.0
5065,4.248639,1.2204552,1.2691728,0.7389618,0.0,0.0,1.0,2.326022,3.5220351,0.021014744,0.14166455,1.589435,1.0
5066,3.9591172,1.1967282,1.2077446,0.6377117,0.0,0.0,1.0,2.5068977,3.4113708,0.048248716,0.13001737,1.458757,1.0
5067,5.1064057,1.370121,1.2481055,0.60998136,0.0,0.0,1.0,2.5068977,4.2200885,0.048248716,0.14261216,1.6000669,1.0
5068,5.4679785,1.4153357,1.3657959,0.5926291,0.0,0.0,1.0,2.6870553,4.430973,0.075374566,0.14872697,1.6686733,1.0
5069,6.1015983,1.406658,1.4007599,0.75043756,0.0,0.0,1.0,2.6870553,4.3905,0.075374566,0.18837449,2.1135068,1.0
5070,5.759012,1.4143976,1.46296,0.6412851,0.0,0.0,1.0,2.866505,4.4265976,0.10239379,0.1657802,1.8600056,1.0
5071,6.035171,1.4962842,1.5057195,0.5365477,0.0,0.0,1.0,2.866505,4.8085237,0.10239379,0.15409073,1.7288531,1.0
5072,5.81052,1.5489038,1.5094839,0.8504017,0.0,0.0,1.0,3.0452564,5.0539455,0.12930791,0.12725052,1.4277138,1.0
5073,6.2996945,1.554237,1.5092983,0.74731404,0.0,0.0,1.0,3.0452564,5.0788198,0.12930791,0.150344,1.6868159,1.0
5074,6.0324636,1.5243554,1.506003,0.74619144,0.0,0.0,1.0,3.0452564,4.93945,0.12930791,0.14547934,1.6322358,1.0
5075,7.3873687,1.6304597,1.6366514,0.7698151,0.0,0.0,1.0,3.0452564,5.434328,0.12930791,0.18064885,2.0268273,1.0
5076,6.164251,1.4218543,1.5267632,0.906215,0.0,0.0,1.0,3.0452564,4.461376,0.12930791,0.18632841,2.0905504,1.0
5077,5.212743,1.2564245,1.1614418,0.9126333,0.0,0.0,1.0,2.6068404,3.689799,0.06329681,0.19423586,2.1792698,1.0
5078,5.8934875,1.3529155,1.5025053,0.8207405,0.0,0.0,1.0,2.6068404,4.1398406,0.06329681,0.19700092,2.2102928,1.0
5079,6.611643,1.4236372,1.4555769,0.8692358,0.0,0.0,1.0,2.6068404,4.4696918,0.06329681,0.21116328,2.3691905,1.0
5080,6.164927,1.4684675,1.5433681,0.6836307,0.0,0.0,1.0,2.6068404,4.678784,0.06329681,0.17001574,1.9075271,1.0
5081,5.864583,1.3179255,1.455083,0.8345146,0.0,0.0,1.0,2.6068404,3.9766443,0.06329681,0.21002755,2.356448,1.0
5082,5.550042,1.4475389,1.5178425,0.590649,0.0,0.0,1.0,2.6068404,4.581171,0.06329681,0.14298558,1.6042566,1.0
5083,6.932265,1.4994279,1.5297288,0.702177,0.0,0.0,1.0,2.6068404,4.823186,0.06329681,0.20048375,2.2493694,1.0
5084,7.120636,1.4552567,1.4721619,0.7116492,0.0,0.0,1.0,2.5341113,4.617168,0.05234619,0.22720441,2.5491674,1.0
5085,6.3392286,1.3241172,1.3929123,0.7019849,0.0,0.0,1.0,2.4278784,4.0055227,0.036350995,0.2374959,2.6646347,1.0
5086,5.9935894,1.3134208,1.3689878,0.70755255,0.0,0.0,1.0,2.4278784,3.955634,0.036350995,0.2203274,2.4720094,1.0
5087,6.3862953,1.3506054,1.364696,0.72367626,0.0,0.0,1.0,2.1072912,4.129066,0.0,0.22834012,2.5619097,1.0
5088,6.090002,1.3194618,1.4078085,0.62847394,0.0,0.0,1.0,2.016495,3.98381,0.0,0.22376132,2.510537,1.0
5089,5.9183626,1.2981298,1.3670579,0.6985196,0.0,0.0,1.0,1.4521266,3.8843157,0.0,0.22248003,2.496161,1.0
5090,5.6449733,1.363491,1.3759028,0.8663711,0.0,0.0,1.0,0.46954194,4.1891656,0.0,0.17762554,1.9929068,1.0
5091,6.1260905,1.2730742,1.3594801,0.64765567,0.0,0.0,1.0,0.4272638,3.7674541,0.0,0.24855642,2.7887306,1.0
5092,6.2888603,1.2929382,1.3581874,0.64765567,0.0,0.0,1.0,0.67449075,3.860102,0.0,0.24935594,2.7977011,1.0
5093,6.4343386,1.3079844,1.3514143,0.64765567,0.0,0.0,1.0,0.57564676,3.930278,0.0,0.25137413,2.8203444,1.0
5094,6.853623,1.3505478,1.3328012,0.5478393,0.0,0.0,1.0,0.55059534,4.1287975,0.0,0.25718933,2.8855894,1.0
5095,6.772353,1.3413947,1.3397417,0.4658252,0.0,0.0,1.0,0.5383704,4.0861063,0.0,0.2565409,2.878314,1.0
5096,6.469237,1.312057,1.304107,0.5496852,0.0,0.0,1.0,0.5233959,3.9492733,0.0,0.2516192,2.823094,1.0
5097,6.2299113,1.3060848,1.2982732,0.6606299,0.0,0.0,1.0,0.50471956,3.9214182,0.0,0.23904067,2.6819668,1.0
5098,4.987588,1.1195327,1.2251523,0.72434515,0.0,0.0,1.0,0.50919795,3.0513248,0.0,0.25072327,2.8130422,1.0
5099,5.8609405,1.2534856,1.2627035,0.7613364,0.0,0.0,1.0,0.5832524,3.6760914,0.0,0.24047995,2.6981149,1.0
5100,5.170456,1.1473796,1.2472212,0.78386116,0.0,0.0,1.0,0.67449075,3.1812053,0.0,0.24836741,2.7866101,1.0
5101,5.040171,1.2597014,1.3446175,0.5632637,0.0,0.0,1.0,0.67449075,3.7050824,0.0,0.18089086,2.0295427,1.0
5102,5.4312544,1.3187207,1.321136,0.49812824,0.0,0.0,1.0,0.67449075,3.9803534,0.0,0.18195423,2.0414734,1.0
5103,5.4238853,1.2486966,1.2789527,0.7499171,0.0,0.0,1.0,0.8166715,3.6537552,0.0,0.21250074,2.3841963,1.0
5104,4.913726,1.2452033,1.2872005,0.73869437,0.0,0.0,1.0,1.0140436,3.6374621,0.0,0.17847843,2.002476,1.0
5105,4.643763,1.3025345,1.2425433,0.8890427,0.0,0.0,1.0,1.0140436,3.9048593,0.0,0.13731621,1.5406479,1.0
5106,4.2759266,1.2134465,1.5185785,0.57635397,0.0,0.0,1.0,1.0140436,3.4893463,0.0,0.14653383,1.6440669,1.0
5107,4.93958,1.2139004,1.3070996,0.70343816,0.0,0.0,1.0,1.0140436,3.4914634,0.0,0.19474892,2.1850262,1.0
5108,4.5173874,1.1625569,1.1863121,0.5641027,0.0,0.0,1.0,1.1268871,3.251993,0.0,0.18821816,2.111753,1.0
5109,4.291097,1.1741617,1.2124977,0.7727842,0.0,0.0,1.0,0.68061596,3.3061187,0.0,0.16499689,1.851217,1.0
5110,4.6840763,1.2122954,1.2344302,0.7727842,0.0,0.0,1.0,2.0057611,3.4839773,0.0,0.17684758,1.9841783,1.0
5111,4.1357713,1.2005155,1.2552646,0.6669042,0.0,0.0,1.0,3.9768152,3.429035,0.26957017,0.14161395,1.5888672,1.0
5112,5.0177684,1.2574418,1.2827663,0.63442045,0.0,0.0,1.0,7.2275896,3.6945436,0.7590304,0.18033484,2.0233042,1.0
5113,4.883028,1.2452382,1.2529278,0.43209565,0.0,0.0,1.0,7.868234,3.637625,0.8554905,0.176314,1.9781916,1.0
5114,5.021481,1.2979922,1.2913777,0.65706253,0.0,0.0,1.0,8.506307,3.8836741,0.9515633,0.16373527,1.837062,1.0
5115,5.293835,1.4029977,1.3675461,0.73245424,0.0,0.0,1.0,8.506307,4.373428,0.9515633,0.14272194,1.6012986,1.0
5116,5.7963743,1.4437919,1.3488152,0.7554711,0.0,0.0,1.0,9.141848,4.563695,1.047255,0.15791233,1.7717303,1.0
5117,6.1258225,1.4202671,1.4003228,0.5572684,0.0,0.0,1.0,9.774889,4.453974,1.1425703,0.18471608,2.0724607,1.0
5118,5.1525474,1.3616366,1.3548021,0.6988987,0.0,0.0,1.0,9.774889,4.1805167,1.1425703,0.1483396,1.664327,1.0
5119,4.6508517,1.349904,1.4267261,0.7448389,0.0,0.0,1.0,10.405469,4.1257944,1.237515,0.121536665,1.363606,1.0
5120,5.3225913,1.3862946,1.2482926,0.7154618,0.0,0.0,1.0,6.968262,4.295523,0.7199842,0.15001713,1.6831485,1.0
5121,5.7584505,1.4199702,1.3933327,0.58692056,0.0,0.0,1.0,5.5542126,4.4525886,0.5070746,0.16381419,1.8379475,1.0
5122,5.903076,1.4547286,1.3519156,0.7221099,0.0,0.0,1.0,5.5542126,4.6147046,0.5070746,0.16022527,1.7976809,1.0
5123,6.2151413,1.5723697,1.500853,0.80331004,0.0,0.0,1.0,7.5575423,5.163392,0.80871046,0.14100023,1.5819814,1.0
5124,6.2993474,1.5216016,1.5067486,0.62932926,0.0,0.0,1.0,11.654826,4.926605,1.4256274,0.16008529,1.7961103,1.0
5125,6.3255873,1.5449545,1.5755303,0.5165411,0.0,0.0,1.0,11.654826,5.035526,1.4256274,0.15436918,1.7319772,1.0
5126,6.0550456,1.5284902,1.5369059,0.56662655,0.0,0.0,1.0,7.5575423,4.9587345,0.80871046,0.1454295,1.6316767,1.0
5127,5.303825,1.4666034,1.5341002,0.63502854,0.0,0.0,1.0,5.5042276,4.6700897,0.4995485,0.12368563,1.3877167,1.0
5128,5.066046,1.4672976,1.4967712,0.6114621,0.0,0.0,1.0,5.5042276,4.6733274,0.4995485,0.11052849,1.2400975,1.0
5129,5.7957544,1.5320609,1.4844984,0.5323883,0.0,0.0,1.0,5.5042276,4.9753885,0.4995485,0.13111743,1.4710994,1.0
5130,5.171499,1.4407507,1.497852,0.590649,0.0,0.0,1.0,5.5042276,4.549511,0.4995485,0.12394396,1.3906151,1.0
5131,5.4601645,1.4135711,1.4456664,0.6253412,0.0,0.0,1.0,5.5042276,4.422743,0.4995485,0.14886183,1.6701863,1.0
5132,4.946391,1.3969767,1.4570162,0.6066524,0.0,0.0,1.0,5.5042276,4.3453455,0.4995485,0.124352455,1.3951983,1.0
5133,5.461914,1.4874192,1.4819578,0.42815343,0.0,0.0,1.0,4.275196,4.7671766,0.31449658,0.12624049,1.4163815,1.0
5134,5.1644974,1.488597,1.4471,0.41293037,0.0,0.0,1.0,3.4539855,4.77267,0.19084913,0.110035524,1.2345666,1.0
5135,4.74505,1.348908,1.451389,0.4159813,0.0,0.0,1.0,3.4539855,4.121149,0.19084913,0.12768094,1.4325429,1.0
5136,4.3137383,1.3251917,1.4384394,0.59291005,0.0,0.0,1.0,2.868748,4.010535,0.10273152,0.10838119,1.2160053,1.0
5137,4.677495,1.337159,1.3865325,0.4194503,0.0,0.0,1.0,2.4288325,4.066351,0.036494657,0.12740156,1.4294084,1.0
5138,3.199408,1.1108538,1.265234,0.65667534,0.0,0.0,1.0,2.4288325,3.010846,0.036494657,0.105077274,1.1789364,1.0
5139,3.6746538,1.2334368,1.3741637,0.6690171,0.0,0.0,1.0,0.95124674,3.5825827,0.0,0.09567339,1.0734276,1.0
5140,4.1233544,1.1906368,1.3083997,0.6853695,0.0,0.0,1.0,0.4259253,3.3829598,0.0,0.14486244,1.6253144,1.0
5141,4.048348,1.333299,1.3199805,0.40517852,0.0,0.0,1.0,0.30812067,4.048348,0.0,0.08887985,0.99720603,0.0
5142,4.30807,1.3229921,1.4278156,0.47099477,0.0,0.0,1.0,0.4375805,4.000275,0.0,0.10872285,1.2198387,1.0
5143,3.6678107,1.192953,1.2903734,0.5473165,0.0,0.0,1.0,0.47666115,3.3937628,0.0,0.109692305,1.2307158,1.0
5144,4.255818,1.3154925,1.3165522,0.37398818,0.0,0.0,1.0,0.52340704,3.9652967,0.0,0.107786335,1.2093313,1.0
5145,1.9990208,0.838032,1.2332522,0.6239243,0.0,0.0,1.0,0.5047301,1.7383837,0.0,0.12730931,1.4283733,1.0
5146,4.076049,1.3124278,1.3212078,0.37127545,0.0,0.0,1.0,0.5047301,3.9510026,0.0,0.09718847,1.0904263,1.0
5147,4.4032803,1.3309709,1.3344338,0.6213695,0.0,0.0,1.0,0.5047301,4.037489,0.0,0.112200186,1.2588534,1.0
5148,4.8128743,1.3569244,1.5080774,0.81712633,0.0,0.0,1.0,0.48066375,4.1585383,0.0,0.12919806,1.4495646,1.0
5149,4.3947577,1.2703785,1.3062679,0.5769295,0.0,0.0,1.0,0.4486466,3.7548814,0.0,0.13252491,1.4868908,1.0
5150,4.578388,1.311922,1.3381307,0.8399328,0.0,0.0,1.0,0.67449075,3.9486434,0.0,0.12974206,1.4556681,1.0
5151,4.65028,1.3016721,1.3194133,0.8512366,0.0,0.0,1.0,0.67449075,3.9008372,0.0,0.1380539,1.5489244,1.0
5152,4.290129,1.2929599,1.258181,0.58794016,0.0,0.0,1.0,0.67449075,3.860203,0.0,0.11749071,1.3182116,1.0
5153,3.299203,1.1174848,1.5486962,0.88633114,0.0,0.0,1.0,0.67449075,3.0417733,0.0,0.11068062,1.2418042,1.0
5154,3.3278992,1.1070628,1.2244059,0.7586816,0.0,0.0,1.0,0.67449075,2.9931643,0.0,0.11760762,1.3195232,1.0
5155,4.0148773,1.2693722,1.2946993,0.9157687,0.0,0.0,1.0,0.67449075,3.750188,0.0,0.1071024,1.2016578,1.0
5156,3.9473166,1.1865599,1.3439016,0.8376579,0.0,0.0,1.0,0.67449075,3.363945,0.0,0.13329066,1.4954824,1.0
5157,4.7243495,1.2644533,1.4049748,0.81494135,0.0,0.0,1.0,1.0140436,3.7272458,0.0,0.15725328,1.764336,1.0
5158,4.4614563,1.2866405,1.5679334,0.7381309,0.0,0.0,1.0,1.6602733,3.8307288,0.0,0.13105752,1.4704272,1.0
5159,4.9921613,1.3125917,1.349591,0.73094434,0.0,0.0,1.0,2.6394484,3.951767,0.06820652,0.15617242,1.7522091,1.0
5160,4.749199,1.3432386,1.3773859,0.8290887,0.0,0.0,1.0,3.2854786,4.0947065,0.16547751,0.12983243,1.4566821,1.0
5161,4.8693085,1.2963139,1.3058567,0.7376989,0.0,0.0,1.0,3.6065247,3.8758461,0.21381655,0.15440215,1.7323471,1.0
5162,4.6375294,1.2485636,1.3223044,0.83080995,0.0,0.0,1.0,3.6065247,3.6531353,0.21381655,0.15774934,1.7699016,1.0
5163,5.800306,1.2641687,1.2016306,0.70941526,0.0,0.0,1.0,3.9262822,3.7259188,0.26196155,0.23090619,2.5907001,1.0
5164,5.617766,1.2730715,1.3217459,0.8584675,0.0,0.0,1.0,5.879587,3.767442,0.5560654,0.21419844,2.403244,1.0
5165,5.8536773,1.2895337,1.3406372,0.8887636,0.0,0.0,1.0,5.879587,3.844223,0.5560654,0.22224173,2.4934874,1.0
5166,6.0124826,1.3047748,1.3885704,0.8505645,0.0,0.0,1.0,6.3022504,3.9153082,0.6197046,0.22553033,2.5303845,1.0
5167,6.241098,1.3295543,1.4038085,0.8505645,0.0,0.0,1.0,6.3022504,4.0308824,0.6197046,0.22876088,2.5666304,1.0
5168,6.486528,1.5280571,1.2995625,0.85863173,0.0,0.0,1.0,6.7232695,4.9567146,0.6830963,0.16772386,1.8818129,1.0
5169,5.8281584,1.4458641,1.2506398,0.8033199,0.0,0.0,1.0,6.7232695,4.57336,0.6830963,0.15899861,1.783918,1.0
5170,5.299918,1.4273746,1.4220365,0.7813009,0.0,0.0,1.0,6.7232695,4.4871235,0.6830963,0.13525672,1.517541,1.0
5171,7.107079,1.4431407,1.4228339,0.40143967,0.0,0.0,1.0,7.1426673,4.560658,0.7462439,0.23131365,2.5952718,1.0
5172,7.4385705,1.4623121,1.4224957,0.37549433,0.0,0.0,1.0,7.1426673,4.650075,0.7462439,0.24183641,2.713334,1.0
5173,7.7344713,1.4872453,1.4728206,0.37570888,0.0,0.0,1.0,7.1426673,4.766365,0.7462439,0.24770674,2.7791975,1.0
5174,6.708423,1.3771001,1.4745907,0.6299316,0.0,0.0,1.0,5.1927943,4.2526393,0.45265684,0.23618463,2.6499226,1.0
5175,7.2232356,1.4297478,1.5053629,0.79436797,0.0,0.0,1.0,5.1927943,4.4981923,0.45265684,0.24340041,2.7308817,1.0
5176,6.548246,1.402747,1.5965154,0.8505645,0.0,0.0,1.0,5.1927943,4.3722587,0.45265684,0.21586512,2.4219437,1.0
5177,6.5638514,1.423543,1.4884481,0.8580109,0.0,0.0,1.0,5.1927943,4.4692526,0.45265684,0.2084772,2.3390534,1.0
5178,5.40604,1.3488059,1.3165593,0.8188694,0.0,0.0,1.0,4.0256534,4.120673,0.2769236,0.16856341,1.8912324,1.0
5179,6.9437385,1.467785,1.56361,0.8169259,0.0,0.0,1.0,3.2458127,4.675601,0.15950513,0.21266168,2.386002,1.0
5180,7.163775,1.4592091,1.5081965,0.63281,0.0,0.0,1.0,3.2458127,4.635602,0.15950513,0.22801247,2.5582335,1.0
5181,6.5190353,1.3964916,1.4366258,0.68509877,0.0,0.0,1.0,2.8067515,4.343083,0.09339688,0.2167145,2.4314735,1.0
5182,6.5053134,1.3832114,1.4600579,0.72136956,0.0,0.0,1.0,2.4723206,4.2811427,0.043042533,0.22142854,2.4843638,1.0
5183,6.4899836,1.3973591,1.4808093,0.71437883,0.0,0.0,1.0,2.6900449,4.347129,0.075824685,0.21465686,2.4083874,1.0
5184,7.335287,1.5159025,1.5168083,0.7648752,0.0,0.0,1.0,2.27229,4.900025,0.0129244765,0.21568924,2.4199705,1.0
5185,6.971867,1.4960877,1.5053655,0.7207141,0.0,0.0,1.0,2.27229,4.8076067,0.0129244765,0.20376751,2.286212,1.0
5186,6.527975,1.4638038,1.4878534,0.7666628,0.0,0.0,1.0,1.9480876,4.657032,0.0,0.19143504,2.1478453,1.0
5187,5.886631,1.4165406,1.5051007,0.67164946,0.0,0.0,1.0,1.4759382,4.436593,0.0,0.17235892,1.9338168,1.0
5188,5.859369,1.4298711,1.499149,0.78592217,0.0,0.0,1.0,0.45344633,4.4987674,0.0,0.1661461,1.8641108,1.0
5189,6.0057425,1.4161667,1.4549441,0.7509806,0.0,0.0,1.0,0.67449075,4.434849,0.0,0.17933135,2.0120454,1.0
5190,5.8771505,1.4098895,1.4474092,0.9226545,0.0,0.0,1.0,0.67449075,4.4055715,0.0,0.17419012,1.9543624,1.0
5191,5.908239,1.4191488,1.5630332,0.728164,0.0,0.0,1.0,0.5755146,4.4487576,0.0,0.1726719,1.9373285,1.0
5192,5.024212,1.2560978,1.35594,0.7352388,0.0,0.0,1.0,0.6210842,3.688275,0.0,0.18136753,2.034891,1.0
5193,4.751561,1.2218469,1.2317708,0.76082015,0.0,0.0,1.0,0.67449075,3.5285265,0.0,0.17739534,1.990324,1.0
5194,4.815511,1.2665039,1.230786,0.732872,0.0,0.0,1.0,0.6060557,3.7368102,0.0,0.16263953,1.8247681,1.0
5195,3.8898776,1.1727482,1.2321079,0.66133666,0.0,0.0,1.0,0.67449075,3.2995262,0.0,0.13469157,1.5112001,1.0
5196,4.112287,1.2532495,1.4921019,0.8102017,0.0,0.0,1.0,0.67449075,3.6749907,0.0,0.1194308,1.3399788,1.0
5197,5.6799474,1.4261847,1.6350907,0.813224,0.0,0.0,1.0,0.67449075,4.4815736,0.0,0.15722339,1.7640007,1.0
5198,4.317059,1.1897694,1.3028146,0.7377346,0.0,0.0,1.0,0.9013486,3.3789144,0.0,0.15983273,1.7932767,1.0
5199,5.36901,1.3594383,1.4192723,0.76130563,0.0,0.0,1.0,0.9013486,4.1702633,0.0,0.16232942,1.8212888,1.0
5200,6.467409,1.520275,1.5919569,0.8211908,0.0,0.0,1.0,0.9013486,4.9204183,0.0,0.16919266,1.8982923,1.0
5201,5.7558513,1.3580474,1.3666862,0.83840495,0.0,0.0,1.0,0.9464783,4.163776,0.0,0.1864992,2.0924666,1.0
5202,6.9170985,1.6685923,1.6512423,0.760976,0.0,0.0,1.0,1.0140226,5.612182,0.0,0.14833972,1.6643285,1.0
5203,4.3495045,1.2753068,1.7371429,0.7339393,0.0,0.0,1.0,1.0140226,3.7778676,0.0,0.12766111,1.4323205,1.0
5204,3.9533026,1.0824032,1.0805018,0.6717618,0.0,0.0,1.0,1.0140226,2.87815,0.0,0.1842566,2.0673053,1.0
5205,5.64916,1.321875,1.4353836,0.703263,0.0,0.0,1.0,1.0140226,3.995065,0.0,0.19456443,2.1829562,1.0
5206,5.399321,1.3064194,1.3150603,0.7970174,0.0,0.0,1.0,1.0140226,3.9229789,0.0,0.18496329,2.0752342,1.0
5207,4.376594,1.2693487,1.3255122,0.7721769,0.0,0.0,1.0,1.3312705,3.7500787,0.0,0.13167322,1.4773351,1.0
5208,4.735647,1.2583176,1.3876617,0.79238003,0.0,0.0,1.0,2.3148613,3.6986284,0.019334322,0.16052857,1.8010838,1.0
5209,4.2677917,1.2205644,1.3513974,0.6687855,0.0,0.0,1.0,2.9638047,3.5225444,0.11704396,0.14300476,1.6044717,1.0
5210,5.2333875,1.3420845,1.3908291,0.748582,0.0,0.0,1.0,3.2862988,4.089324,0.165601,0.16037299,1.7993382,1.0
5211,4.6162744,1.2955076,1.4053004,0.6943041,0.0,0.0,1.0,5.0305686,3.8720853,0.42823094,0.13807169,1.5491241,1.0
5212,5.0284457,1.3191738,1.4153898,0.60842055,0.0,0.0,1.0,8.508771,3.9824667,0.95193434,0.15601268,1.7504169,1.0
5213,5.3196955,1.3299218,1.4112768,0.6134857,0.0,0.0,1.0,9.14468,4.032596,1.0476815,0.17040776,1.9119254,1.0
5214,5.0508986,1.3256494,1.3700473,0.70518225,0.0,0.0,1.0,9.14468,4.012669,1.0476815,0.1550175,1.7392511,1.0
5215,5.062102,1.3645053,1.3969538,0.5984179,0.0,0.0,1.0,6.5478697,4.1938963,0.65668684,0.14184643,1.5914756,1.0
5216,4.571277,1.3730956,1.512773,0.66727114,0.0,0.0,1.0,4.921898,4.233962,0.4118687,0.10941686,1.2276253,1.0
5217,4.962672,1.4167192,1.4986583,0.5391398,0.0,0.0,1.0,5.21605,4.437426,0.4561584,0.11927159,1.3381925,1.0
5218,6.2517524,1.5270417,1.5214337,0.69845265,0.0,0.0,1.0,5.1927943,4.9519787,0.45265684,0.15596932,1.7499304,1.0
5219,5.6699257,1.4490341,1.5218631,0.7117621,0.0,0.0,1.0,5.1927943,4.5881453,0.45265684,0.14917049,1.6736494,1.0
5220,6.1086607,1.5684751,1.5146272,0.5819015,0.0,0.0,1.0,7.1426673,5.1452274,0.7462439,0.1368123,1.5349941,1.0
5221,6.3571033,1.579142,1.5693341,0.65192354,0.0,0.0,1.0,11.03362,5.194978,1.332094,0.14609535,1.6391473,1.0
5222,6.6452904,1.5776062,1.5758542,0.66749686,0.0,0.0,1.0,11.03362,5.1878157,1.332094,0.16067183,1.8026911,1.0
5223,5.433969,1.5105841,1.5476525,0.6788225,0.0,0.0,1.0,7.1426673,4.8752193,0.7462439,0.1183148,1.3274577,1.0
5224,5.4249206,1.4751786,1.55307,0.645176,0.0,0.0,1.0,5.1927943,4.710085,0.45265684,0.12777695,1.4336202,1.0
5225,5.0810466,1.4559819,1.4703712,0.8364515,0.0,0.0,1.0,5.1927943,4.62055,0.45265684,0.11450836,1.2847505,1.0
5226,5.0829635,1.4677691,1.479367,0.6615619,0.0,0.0,1.0,5.1927943,4.675527,0.45265684,0.111320026,1.2489783,1.0
5227,4.9741044,1.4733604,1.5801041,0.5872046,0.0,0.0,1.0,4.0256534,4.701605,0.2769236,0.10388832,1.1655966,1.0
5228,4.6191883,1.3291706,1.6131697,0.6109556,0.0,0.0,1.0,3.2458127,4.0290923,0.15950513,0.12642518,1.4184537,1.0
5229,5.2946935,1.4642123,1.4753432,0.4695907,0.0,0.0,1.0,3.2458127,4.6589375,0.15950513,0.123878814,1.3898842,1.0
5230,5.4342256,1.5271991,1.484145,0.33040363,0.0,0.0,1.0,3.2458127,4.952713,0.15950513,0.113886826,1.277777,1.0
5231,5.645807,1.5168995,1.5820628,0.752652,0.0,0.0,1.0,3.2458127,4.9046745,0.15950513,0.12760895,1.4317353,1.0
5232,4.681977,1.3213305,1.5198048,0.6281554,0.0,0.0,1.0,2.6900449,3.9925258,0.075824685,0.13310389,1.4933869,1.0
5233,5.0139017,1.3883939,1.4553307,0.4159813,0.0,0.0,1.0,2.27229,4.3053145,0.0129244765,0.13104092,1.470241,1.0
5234,4.8940396,1.354844,1.4264487,0.59291005,0.0,0.0,1.0,1.3819778,4.148835,0.0,0.13486925,1.5131936,1.0
5235,4.7425175,1.3353814,1.4214368,0.590649,0.0,0.0,1.0,0.5290885,4.05806,0.0,0.13208036,1.4819032,1.0
5236,4.879501,1.3105963,1.396851,0.66527116,0.0,0.0,1.0,0.42728198,3.9424608,0.0,0.14965476,1.6790829,1.0
5237,4.703149,1.287028,1.7269138,0.72589046,0.0,0.0,1.0,0.67449075,3.8325357,0.0,0.146977,1.6490391,1.0
5238,3.478189,1.1916803,1.5216435,0.71416044,0.0,0.0,1.0,0.5755146,3.387827,0.0,0.095921144,1.0762073,1.0
5239,4.2476015,1.3088187,1.3495564,0.6792887,0.0,0.0,1.0,0.550607,3.9341695,0.0,0.10941694,1.2276262,1.0
5240,4.3642664,1.3330611,1.3805802,0.6470981,0.0,0.0,1.0,0.5442406,4.047238,0.0,0.10907645,1.2238059,1.0
5241,4.145864,1.3374532,1.3550928,0.60334307,0.0,0.0,1.0,0.6060557,4.0677233,0.0,0.094020784,1.0548857,1.0
5242,4.5778747,1.3514961,1.3702062,0.8205476,0.0,0.0,1.0,0.67449075,4.13322,0.0,0.116524704,1.3073732,1.0
5243,4.9071403,1.3620425,1.3657004,0.77936536,0.0,0.0,1.0,0.59588075,4.18241,0.0,0.13325547,1.4950875,1.0
5244,4.5008388,1.3709155,1.3744872,0.8205477,0.0,0.0,1.0,0.67449075,4.223794,0.0,0.10583199,1.187404,1.0
5245,4.5123897,1.3533665,1.3809966,0.76900315,0.0,0.0,1.0,0.9013486,4.141944,0.0,0.1119045,1.255536,1.0
5246,4.354371,1.2266049,1.684224,0.7309246,0.0,0.0,1.0,0.9013486,3.550718,0.0,0.14676608,1.6466727,1.0
5247,4.522385,1.2542635,1.5135605,0.8236955,0.0,0.0,1.0,0.9013486,3.67972,0.0,0.14744526,1.6542928,1.0
5248,4.12226,1.2690624,1.3258071,0.74283516,0.0,0.0,1.0,0.9464783,3.748743,0.0,0.114502095,1.2846801,1.0
5249,3.760806,1.2142676,1.4906758,0.83997095,0.0,0.0,1.0,1.0140226,3.493176,0.0,0.10863921,1.2189003,1.0
5250,4.2893996,1.2666715,1.5434973,0.82426786,0.0,0.0,1.0,1.0140226,3.737592,0.0,0.12672529,1.4218208,1.0
5251,5.496428,1.27744,1.351302,0.991828,0.0,0.0,1.0,1.0140226,3.7878168,0.0,0.20399837,2.2888024,1.0
5252,4.566953,1.2316948,1.4549596,0.8137771,0.0,0.0,1.0,1.3551067,3.574458,0.0,0.15983687,1.7933232,1.0
5253,3.542324,1.1059905,1.1602278,0.7767839,0.0,0.0,1.0,1.3551067,2.9881632,0.0,0.13635494,1.5298626,1.0
5254,4.077535,1.0882787,1.2871884,0.8077245,0.0,0.0,1.0,1.3551067,2.9055536,0.0,0.19184585,2.1524546,1.0
5255,6.9840937,1.7610711,1.6961638,0.6591492,0.0,0.0,1.0,1.3551067,6.04351,0.0,0.12876202,1.4446723,1.0
5256,4.6622796,1.117976,1.302605,0.86092263,0.0,0.0,1.0,1.9883736,3.044064,0.0,0.22450215,2.5188487,1.0
5257,4.096466,1.1794958,1.2933491,0.54233795,0.0,0.0,1.0,3.7415318,3.3309975,0.23414421,0.14764877,1.6565762,1.0
5258,4.2069116,1.1663901,1.207338,0.71502733,0.0,0.0,1.0,6.585841,3.2698712,0.66240406,0.16210453,1.8187656,1.0
5259,5.6354103,1.2498295,1.2361602,0.39847663,0.0,0.0,1.0,7.2293878,3.6590395,0.7593011,0.22667603,2.543239,1.0
5260,5.778152,1.2668759,1.1966424,0.43294218,0.0,0.0,1.0,7.870351,3.738545,0.8558092,0.22805831,2.5587478,1.0
5261,6.0933967,1.2772208,1.2669544,0.37484294,0.0,0.0,1.0,7.870351,3.7867947,0.8558092,0.244243,2.7403352,1.0
5262,5.5694737,1.2465643,1.2433525,0.6081825,0.0,0.0,1.0,5.6978583,3.64381,0.5287029,0.22370721,2.5099297,1.0
5263,5.781952,1.2587646,1.3238593,0.5430933,0.0,0.0,1.0,4.282962,3.7007134,0.31566584,0.2323433,2.6068242,1.0
5264,6.3467,1.3446443,1.3563428,0.6973595,0.0,0.0,1.0,4.6030526,4.101263,0.36386102,0.22855166,2.564283,1.0
5265,4.357979,1.3185627,1.365667,0.5473423,0.0,0.0,1.0,4.5824375,3.9796166,0.36075708,0.113340095,1.2716428,1.0
5266,5.5180955,1.3225274,1.3840178,0.7111211,0.0,0.0,1.0,6.7232695,3.9981081,0.6830963,0.18594237,2.086219,1.0
5267,5.8822184,1.4759998,1.5328106,0.58345884,0.0,0.0,1.0,10.405469,4.7139153,1.237515,0.15224265,1.7081181,1.0
5268,5.891728,1.3634542,1.436152,0.7171567,0.0,0.0,1.0,10.405469,4.188994,1.237515,0.1926401,2.1613657,1.0
5269,6.5673485,1.457065,1.4669667,0.80035484,0.0,0.0,1.0,11.03362,4.625602,1.332094,0.19602816,2.1993787,1.0
5270,6.247342,1.4121301,1.4815995,0.5311849,0.0,0.0,1.0,11.03362,4.4160223,1.332094,0.1947336,2.1848543,1.0
5271,6.987854,1.478092,1.464394,0.24590111,0.0,0.0,1.0,11.03362,4.7236733,1.332094,0.21119119,2.3695037,1.0
5272,6.8632116,1.442061,1.4174291,0.41053984,0.0,0.0,1.0,11.03362,4.5556216,1.332094,0.21812049,2.4472482,1.0
5273,6.03404,1.35483,1.4514577,0.7988968,0.0,0.0,1.0,7.1426673,4.14877,0.7462439,0.20484784,2.2983332,1.0
5274,6.441387,1.388981,1.3635467,0.4055913,0.0,0.0,1.0,5.1927943,4.3080525,0.45265684,0.21523272,2.4148483,1.0
5275,5.415101,1.372046,1.3232335,0.41567507,0.0,0.0,1.0,5.1927943,4.229067,0.45265684,0.16054611,1.8012806,1.0
5276,5.701042,1.3990545,1.3963913,0.28744942,0.0,0.0,1.0,5.1927943,4.3550367,0.45265684,0.16783445,1.8830535,1.0
5277,5.9553714,1.3413756,1.3090538,0.42371264,0.0,0.0,1.0,5.1927943,4.0860176,0.45265684,0.20563309,2.3071434,1.0
5278,5.8642898,1.3227041,1.2944424,0.38746127,0.0,0.0,1.0,4.0256534,3.9989321,0.2769236,0.20791575,2.3327541,1.0
5279,5.5783644,1.3011332,1.2795408,0.38746127,0.0,0.0,1.0,3.2458127,3.8983235,0.15950513,0.19887578,2.2313282,1.0
5280,5.4525676,1.2740445,1.2578447,0.38746127,0.0,0.0,1.0,3.2458127,3.77198,0.15950513,0.20258872,2.2729864,1.0
5281,5.3109803,1.2541001,1.2412962,0.37934634,0.0,0.0,1.0,3.2458127,3.6789577,0.15950513,0.20209594,2.2674575,1.0
5282,5.2971487,1.258373,1.1982782,0.3489511,0.0,0.0,1.0,2.6900449,3.698887,0.075824685,0.19916295,2.2345502,1.0
5283,4.9245877,1.22832,1.2027439,0.253257,0.0,0.0,1.0,2.27229,3.5587173,0.0129244765,0.18686756,2.0965996,1.0
5284,4.682607,1.2054623,1.1850171,0.253257,0.0,0.0,1.0,2.27229,3.4521074,0.0129244765,0.17989999,2.0184255,1.0
5285,4.3967204,1.18147,1.1449925,0.28571984,0.0,0.0,1.0,0.80678463,3.3402054,0.0,0.16967654,1.9037213,1.0
5286,4.2021646,1.1602625,1.1218996,0.28571984,0.0,0.0,1.0,0.53838164,3.2412918,0.0,0.16462041,1.8469931,1.0
5287,4.32305,1.1529121,1.11902,0.3930439,0.0,0.0,1.0,0.53838164,3.2070093,0.0,0.17774859,1.9942874,1.0
5288,3.8651462,1.1065559,1.1953146,0.21749035,0.0,0.0,1.0,0.53838164,2.9908001,0.0,0.16357571,1.8352718,1.0
5289,3.9187706,1.113895,1.1958163,0.4261764,0.0,0.0,1.0,0.53838164,3.0250304,0.0,0.16436596,1.8441381,1.0
5290,4.049552,1.1369402,1.1420712,0.22897545,0.0,0.0,1.0,0.67449075,3.132515,0.0,0.16367827,1.8364226,1.0
5291,3.9566247,1.1251467,1.1335907,0.23255858,0.0,0.0,1.0,0.67449075,3.0775092,0.0,0.16187283,1.816166,1.0
5292,3.7099032,1.1201376,1.1472409,0.2001772,0.0,0.0,1.0,0.67449075,3.054146,0.0,0.14380573,1.6134584,1.0
5293,3.7847352,1.1166854,1.1351273,0.48496112,0.0,0.0,1.0,0.67449075,3.038045,0.0,0.15171768,1.7022282,1.0
5294,3.8354037,1.1164093,1.1847814,0.5009599,0.0,0.0,1.0,0.7715905,3.0367572,0.0,0.15610114,1.7514093,1.0
5295,4.3735905,1.129699,1.167254,0.6073505,0.0,0.0,1.0,0.6847799,3.0987413,0.0,0.19389571,2.1754534,1.0
5296,4.1117725,1.1898379,1.3352813,0.82375884,0.0,0.0,1.0,0.6789793,3.379234,0.0,0.14433187,1.6193615,1.0
5297,3.6174989,1.0871805,1.1447613,0.3652508,0.0,0.0,1.0,0.6835279,2.9004316,0.0,0.15208639,1.706365,1.0
5298,4.4499965,1.1934308,1.1918708,0.49481508,0.0,0.0,1.0,0.81660336,3.3959913,0.0,0.16816518,1.8867643,1.0
5299,4.053359,1.1158168,1.1820474,0.33176944,0.0,0.0,1.0,1.3551067,3.0339937,0.0,0.17468783,1.9599466,1.0
5300,4.1379647,1.1455389,1.1542605,0.29185542,0.0,0.0,1.0,1.3551067,3.17262,0.0,0.16661334,1.8693532,1.0
5301,4.0634036,1.130018,1.1842539,0.26769742,0.0,0.0,1.0,1.3551067,3.100229,0.0,0.16824439,1.8876531,1.0
5302,4.3941493,1.169359,1.1987768,0.26769742,0.0,0.0,1.0,1.5813018,3.2837186,0.0,0.1752433,1.9661788,1.0
5303,4.120898,1.1377245,1.1943092,0.4224805,0.0,0.0,1.0,1.0231673,3.136173,0.0,0.16908748,1.8971123,1.0
5304,4.497224,1.1767137,1.1725655,0.31272748,0.0,0.0,1.0,1.0231673,3.3180215,0.0,0.17963116,2.0154092,1.0
5305,4.6211395,1.1934491,1.1809304,0.32003868,0.0,0.0,1.0,1.0231673,3.396077,0.0,0.18098988,2.0306537,1.0
5306,5.0380297,1.2204721,1.1893818,0.41688433,0.0,0.0,1.0,1.0231673,3.522114,0.0,0.19873175,2.2297122,1.0
5307,5.385267,1.2442124,1.2172731,0.41533452,0.0,0.0,1.0,1.0231673,3.6328406,0.0,0.21197,2.3782415,1.0
5308,4.9177485,1.2190753,1.2020793,0.3823506,0.0,0.0,1.0,1.018585,3.5155995,0.0,0.19069412,2.1395326,1.0
5309,4.7875757,1.1988692,1.2438835,0.36299178,0.0,0.0,1.0,1.0140436,3.4213567,0.0,0.19081748,2.1409166,1.0
5310,4.6319704,1.2705677,1.2788086,0.26382437,0.0,0.0,1.0,1.3551635,3.7557638,0.0,0.14853875,1.6665615,1.0
5311,4.826546,1.2968242,1.2991065,0.27641532,0.0,0.0,1.0,1.5813712,3.8782263,0.0,0.1513979,1.6986403,1.0
5312,5.8888135,1.385687,1.3890655,0.34927848,0.0,0.0,1.0,5.2898645,4.2926893,0.46727243,0.18381529,2.0623538,1.0
5313,6.786284,1.4630022,1.4577508,0.46681085,0.0,0.0,1.0,5.9384427,4.6532936,0.56492704,0.2058579,2.3096657,1.0
5314,6.351585,1.4757097,1.4156256,0.55367285,0.0,0.0,1.0,6.584338,4.712562,0.6621778,0.17769718,1.9937106,1.0
5315,6.1261406,1.4904934,1.4890857,0.5174598,0.0,0.0,1.0,6.584338,4.7815146,0.6621778,0.16074097,1.8034669,1.0
5316,6.400651,1.5313331,1.5234478,0.35319477,0.0,0.0,1.0,7.2275896,4.971994,0.7590304,0.16230135,1.8209739,1.0
5317,6.0332494,1.547579,1.525969,0.36742625,0.0,0.0,1.0,7.868234,5.0477667,0.8554905,0.13884534,1.5578042,1.0
5318,6.879384,1.5740907,1.5900115,0.40347308,0.0,0.0,1.0,7.868234,5.171419,0.8554905,0.17323345,1.9436288,1.0
5319,6.067642,1.6010053,1.5736848,0.6620332,0.0,0.0,1.0,5.696445,5.296951,0.5284901,0.12618032,1.4157064,1.0
5320,6.6266594,1.6435039,1.6175128,0.4771396,0.0,0.0,1.0,4.2819886,5.4951677,0.3155193,0.1415638,1.5883046,1.0
5321,6.7050104,1.6844147,1.6500149,0.56553876,0.0,0.0,1.0,4.2819886,5.685979,0.3155193,0.13476753,1.5120524,1.0
5322,6.988935,1.7033495,1.836486,0.5525203,0.0,0.0,1.0,4.5811124,5.774292,0.36055756,0.14269625,1.6010103,1.0
5323,7.127327,1.7872756,1.7329805,0.59953696,0.0,0.0,1.0,4.5604987,6.1657295,0.35745382,0.1288443,1.4455956,1.0
5324,8.429057,1.8132365,1.7878138,0.6826621,0.0,0.0,1.0,4.5604987,6.2868133,0.35745382,0.17590266,1.9735767,1.0
5325,7.518917,1.8484422,1.8568156,0.45922202,0.0,0.0,1.0,4.876298,6.451016,0.40500283,0.13128428,1.4729714,1.0
5326,9.126148,1.9277773,1.9724855,0.385454,0.0,0.0,1.0,4.876298,6.8210406,0.40500283,0.17518678,1.9655447,1.0
5327,7.681002,1.9176859,1.919947,0.15948719,0.0,0.0,1.0,4.876298,6.7739735,0.40500283,0.12322679,1.3825687,1.0
5328,8.565932,1.9484373,1.9999455,0.5895171,0.0,0.0,1.0,4.876298,6.917401,0.40500283,0.14981715,1.6809049,1.0
5329,7.3117332,1.8975774,1.9152713,0.17535023,0.0,0.0,1.0,4.876298,6.6801863,0.40500283,0.11320396,1.2701154,1.0
5330,7.7108645,1.9324697,1.9467905,0.21118414,0.0,0.0,1.0,5.1908684,6.8429265,0.45236686,0.12142848,1.3623922,1.0
5331,8.02814,1.8730483,2.0754972,0.7383404,0.0,0.0,1.0,5.1908684,6.5657806,0.45236686,0.1458465,1.6363553,1.0
5332,6.6333523,1.7751192,1.9963492,0.75152636,0.0,0.0,1.0,4.024168,6.1090317,0.27669996,0.11098508,1.2452202,1.0
5333,7.8849773,1.9442233,2.1146843,0.7401015,0.0,0.0,1.0,3.244606,6.897746,0.15932344,0.1255759,1.408925,1.0
5334,8.211744,1.9844085,2.174938,0.68203795,0.0,0.0,1.0,3.244606,7.085173,0.15932344,0.1296199,1.4542974,1.0
5335,7.763254,1.9319512,2.1190882,0.70949894,0.0,0.0,1.0,3.4539855,6.840508,0.19084913,0.123480245,1.3854123,1.0
5336,7.9290533,1.9560881,1.9817961,0.8333522,0.0,0.0,1.0,3.4539855,6.9530845,0.19084913,0.124873355,1.4010427,1.0
5337,7.9019947,1.9802537,1.9916049,0.8192225,0.0,0.0,1.0,3.4539855,7.065795,0.19084913,0.11926584,1.338128,1.0
5338,8.590237,2.0444255,2.210495,0.64511687,0.0,0.0,1.0,3.4539855,7.365097,0.19084913,0.131489,1.4752682,1.0
5339,8.78022,2.1439743,2.3242705,0.6499089,0.0,0.0,1.0,3.4539855,7.8294005,0.19084913,0.1200546,1.3469777,1.0
5340,10.010377,2.2409554,2.3441412,0.5080409,0.0,0.0,1.0,3.4539855,8.281728,0.19084913,0.14228292,1.5963728,1.0
5341,9.873416,2.4077122,2.4663446,0.4654633,0.0,0.0,1.0,3.6625676,9.059495,0.22225478,0.112007424,1.2566906,1.0
5342,8.768738,2.1342905,2.4631226,0.7389259,0.0,0.0,1.0,3.6625676,7.7842345,0.22225478,0.12133599,1.3613545,1.0
5343,9.099237,2.2536395,2.4357667,0.55612093,0.0,0.0,1.0,3.6625676,8.340887,0.22225478,0.11228192,1.2597704,1.0
5344,11.057125,2.5001187,2.4880502,0.23209846,0.0,0.0,1.0,3.6625676,9.490486,0.22225478,0.1311658,1.4716421,1.0
5345,10.3734255,2.5328763,2.5273826,0.31243876,0.0,0.0,1.0,3.6625676,9.64327,0.22225478,0.1084104,1.2163332,1.0
5346,10.456627,2.3477223,2.5508282,0.5227672,0.0,0.0,1.0,3.6625676,8.779697,0.22225478,0.13776799,1.5457166,1.0
5347,10.89923,2.3798425,2.580898,0.51431483,0.0,0.0,1.0,3.8703637,8.929508,0.25354207,0.14530188,1.6302447,1.0
5348,11.527509,2.4290514,2.6172967,0.46743402,0.0,0.0,1.0,3.8703637,9.159022,0.25354207,0.15498136,1.7388457,1.0
5349,11.613794,2.6484432,2.6797652,0.4264416,0.0,0.0,1.0,3.8703637,10.182283,0.25354207,0.12493026,1.4016812,1.0
5350,10.809908,2.4760456,2.6597238,0.5227672,0.0,0.0,1.0,3.8703637,9.378207,0.25354207,0.128005,1.4361788,1.0
5351,10.491105,2.4960399,2.6607153,0.54274225,0.0,0.0,1.0,3.8703637,9.471462,0.25354207,0.11654346,1.3075836,1.0
5352,10.718849,2.4800165,2.757367,0.6935551,0.0,0.0,1.0,4.0773845,9.396728,0.2847126,0.12495875,1.4020008,1.0
5353,10.218101,2.4001038,2.46792,0.5644567,0.0,0.0,1.0,4.0773845,9.024009,0.2847126,0.12282565,1.3780681,1.0
5354,10.14456,2.412788,2.6244116,0.53094417,0.0,0.0,1.0,4.0773845,9.083168,0.2847126,0.11888585,1.3338646,1.0
5355,12.797243,2.6301634,2.7750003,0.7982365,0.0,0.0,1.0,4.0773845,10.097025,0.2847126,0.15723023,1.7640773,1.0
5356,9.624787,2.170796,2.7507868,0.81509477,0.0,0.0,1.0,4.283643,7.954499,0.31576836,0.1426012,1.599944,1.0
5357,11.172266,2.4477746,2.8154044,0.68476415,0.0,0.0,1.0,3.6668813,9.246349,0.22290428,0.14217058,1.5951124,1.0
5358,10.110378,2.4620936,2.4768882,0.4268968,0.0,0.0,1.0,3.2053702,9.313134,0.15341581,0.11092836,1.2445838,1.0
5359,11.540783,2.4728653,2.6046262,0.6975056,0.0,0.0,1.0,1.7370867,9.363374,0.0,0.14834748,1.6644155,1.0
5360,11.320149,2.61769,2.7049088,0.58032393,0.0,0.0,1.0,1.024205,10.038848,0.0,0.121631436,1.3646693,1.0
5361,12.835253,2.7485802,2.9110706,0.6333589,0.0,0.0,1.0,0.98434603,10.64933,0.0,0.14140013,1.5864682,1.0
5362,10.24013,2.4635954,2.682344,0.72511816,0.0,0.0,1.0,1.0857064,9.320138,0.0,0.114265814,1.2820292,1.0
5363,12.398485,2.5861125,2.9164016,0.55616045,0.0,0.0,1.0,1.11353,9.891567,0.0,0.15366833,1.7241138,1.0
5364,10.099529,2.4418194,2.538373,0.60361964,0.0,0.0,1.0,1.1820799,9.218574,0.0,0.11346442,1.2730378,1.0
5365,9.988834,2.4593341,2.5802228,0.6706883,0.0,0.0,1.0,1.3338683,9.300263,0.0,0.10798288,1.2115364,1.0
5366,12.324413,2.7399437,2.9166782,0.82961404,0.0,0.0,1.0,1.3944556,10.609049,0.0,0.13030358,1.4619682,1.0
5367,12.310545,2.7240925,2.7849624,0.41341102,0.0,0.0,1.0,1.5977801,10.535117,0.0,0.13204437,1.4814994,1.0
5368,12.89623,2.692564,2.8160217,0.20482671,0.0,0.0,1.0,1.5977801,10.388065,0.0,0.15061423,1.6898478,1.0
5369,10.537818,2.4667673,2.6498446,0.53475714,0.0,0.0,1.0,1.7012589,9.334932,0.0,0.121943235,1.3681675,1.0
5370,11.013304,2.5791297,2.6482897,0.6870764,0.0,0.0,1.0,1.8022422,9.858999,0.0,0.11894409,1.3345181,1.0
5371,12.368163,2.7576494,2.8565397,0.24229144,0.0,0.0,1.0,1.9625412,10.691629,0.0,0.12906066,1.448023,1.0
5372,12.662968,2.820898,2.88973,0.408715,0.0,0.0,1.0,1.7014961,10.986626,0.0,0.12798405,1.4359437,1.0
5373,11.481542,2.619592,2.7454298,0.64050204,0.0,0.0,1.0,1.8311144,10.047718,0.0,0.12546834,1.4077183,1.0
5374,12.941501,2.6399548,2.9049034,0.80132973,0.0,0.0,1.0,1.8311144,10.142693,0.0,0.15939891,1.7884094,1.0
5375,12.16504,2.6567101,2.9088285,0.7486562,0.0,0.0,1.0,1.8311144,10.22084,0.0,0.13756895,1.5434835,1.0
5376,12.553154,2.6798697,3.0581617,0.74890226,0.0,0.0,1.0,1.9940194,10.328858,0.0,0.143968,1.6152791,1.0
5377,12.4381695,2.6815643,2.9463596,0.7573778,0.0,0.0,1.0,2.1837637,10.336762,0.0,0.14089863,1.5808415,1.0
5378,12.231621,2.7131047,3.038596,0.6131703,0.0,0.0,1.0,2.4092016,10.48387,0.033538885,0.13158187,1.4763103,1.0
5379,12.568759,2.733284,3.1941824,0.6997905,0.0,0.0,1.0,2.4092016,10.577987,0.033538885,0.13705464,1.537713,1.0
5380,14.743885,3.1138232,3.2444336,0.5137978,0.0,0.0,1.0,2.4092016,12.352852,0.033538885,0.13842,1.553032,1.0
5381,14.862461,3.1308906,3.3090184,0.6798643,0.0,0.0,1.0,2.4092016,12.432455,0.033538885,0.13890268,1.5584476,1.0
5382,13.288461,2.9084098,3.3012974,0.7220147,0.0,0.0,1.0,1.9977103,11.394788,0.0,0.13144922,1.4748219,1.0
5383,15.130488,3.16884,3.3185313,0.74416864,0.0,0.0,1.0,2.1946518,12.609454,0.0012347129,0.14004238,1.5712347,1.0
5384,15.619031,3.2079554,3.4173422,0.76284724,0.0,0.0,1.0,2.1946518,12.791891,0.0012347129,0.14541002,1.631458,1.0
5385,12.350708,2.7034843,3.1952357,0.91344184,0.0,0.0,1.0,2.1946518,10.438999,0.0012347129,0.135764,1.5232326,1.0
5386,16.06221,3.2665935,3.4070458,0.4571383,0.0,0.0,1.0,2.1946518,13.065384,0.0012347129,0.14753921,1.655347,1.0
5387,13.04269,2.8682475,3.0216434,0.64735097,0.0,0.0,1.0,2.1946518,11.207467,0.0012347129,0.13082847,1.4678574,1.0
5388,13.8034315,2.9004395,3.1976008,0.37824437,0.0,0.0,1.0,1.8108859,11.357614,0.0,0.1439676,1.6152745,1.0
5389,14.906599,3.0453296,3.3937418,0.6966037,0.0,0.0,1.0,1.9791627,12.033392,0.0,0.14993247,1.6821986,1.0
5390,13.820307,2.9412029,3.299128,0.7255662,0.0,0.0,1.0,1.9791627,11.547737,0.0,0.13924421,1.5622795,1.0
5391,17.446299,3.3374896,3.5214727,0.7724117,0.0,0.0,1.0,1.9791627,13.3960495,0.0,0.16612262,1.8638474,1.0
5392,16.721136,3.345695,3.5070643,0.56099105,0.0,0.0,1.0,1.9791627,13.4343195,0.0,0.15143204,1.6990234,1.0
5393,12.893157,2.9633336,3.1347358,0.74153394,0.0,0.0,1.0,1.9791627,11.650956,0.0,0.11627956,1.3046228,1.0
5394,17.411362,3.269901,3.5036454,0.751464,0.0,0.0,1.0,1.612854,13.080811,0.0,0.17343494,1.9458895,1.0
5395,15.727801,3.282693,3.4420483,0.83430225,0.0,0.0,1.0,1.522186,13.140473,0.0,0.13926962,1.5625646,1.0
5396,16.485434,3.270427,3.4464068,0.8343622,0.0,0.0,1.0,1.522186,13.083263,0.0,0.15534902,1.7429707,1.0
5397,16.383478,3.282817,3.481391,0.82190305,0.0,0.0,1.0,1.522186,13.141051,0.0,0.15196227,1.7049724,1.0
5398,17.615326,3.4948635,3.5281265,0.83560395,0.0,0.0,1.0,1.522186,14.1300535,0.0,0.15194097,1.7047334,1.0
5399,16.598892,3.5120065,3.5413296,0.8089867,0.0,0.0,1.0,1.4168155,14.21001,0.0,0.13193943,1.4803219,1.0
5400,16.482615,3.5020254,3.5649192,0.75656146,0.0,0.0,1.0,1.1654279,14.163457,0.0,0.1308265,1.4678352,1.0
5401,16.244085,3.4560015,3.5844269,0.8927512,0.0,0.0,1.0,1.1654279,13.948798,0.0,0.13103242,1.4701456,1.0
5402,17.187742,3.4528382,3.5864022,0.86427563,0.0,0.0,1.0,1.0006944,13.934044,0.0,0.1485924,1.6671634,1.0
5403,16.865206,3.301075,3.5576024,0.8405418,0.0,0.0,1.0,0.9199266,13.226209,0.0,0.15919317,1.786101,1.0
5404,16.85481,3.2168896,3.3552585,0.6982785,0.0,0.0,1.0,0.829406,12.833561,0.0,0.16892175,1.8952528,1.0
5405,15.349289,2.9665787,3.3051023,0.5194212,0.0,0.0,1.0,0.829406,11.666092,0.0,0.16952774,1.9020518,1.0
5406,13.984291,2.989852,3.2909956,0.333153,0.0,0.0,1.0,0.67449075,11.77464,0.0,0.13691771,1.5361768,1.0
5407,15.685385,3.1754544,3.2818496,0.26509154,0.0,0.0,1.0,0.67449075,12.640305,0.0,0.1504756,1.6882925,1.0
5408,15.91087,3.2268505,3.5772426,0.7396455,0.0,0.0,1.0,0.67449075,12.88002,0.0,0.1490525,1.6723256,1.0
5409,13.77588,3.1988034,3.476307,0.5378051,0.0,0.0,1.0,0.66622245,12.749206,0.0,0.109635785,1.2300816,1.0
5410,17.597334,3.3022718,3.5228124,0.6718285,0.0,0.0,1.0,0.576043,13.231791,0.0,0.17314643,1.9426525,1.0
5411,17.201757,3.2972326,3.4234219,0.5985011,0.0,0.0,1.0,0.6672894,13.208287,0.0,0.16612244,1.8638453,1.0
5412,13.414792,2.9945734,3.3775873,0.6915025,0.0,0.0,1.0,0.48264164,11.796661,0.0,0.12405938,1.3919101,1.0
5413,12.282447,2.9933069,3.1926932,0.49864444,0.0,0.0,1.0,0.45044154,11.790754,0.0,0.099748336,1.1191473,1.0
5414,15.530104,3.3210287,3.531474,0.49935806,0.0,0.0,1.0,0.40544403,13.319274,0.0,0.13139819,1.4742494,1.0
5415,11.937157,2.9303265,3.372516,0.71371186,0.0,0.0,1.0,0.3378298,11.497008,0.0,0.098877974,1.109382,1.0
5416,13.911421,2.9988163,3.5133476,0.6948597,0.0,0.0,1.0,0.0,11.81645,0.0,0.13427715,1.5065506,1.0
5417,13.883241,3.0492952,3.3089328,0.46834132,0.0,0.0,1.0,0.0,12.0518875,0.0,0.127825,1.4341593,1.0
5418,12.465378,2.9293725,3.3275728,0.5455693,0.0,0.0,1.0,0.0,11.492559,0.0,0.110684745,1.2418506,1.0
5419,13.995852,3.2328765,3.287172,0.5864557,0.0,0.0,1.0,0.0,12.908126,0.0,0.11058773,1.2407621,1.0
5420,11.904338,2.928101,3.30797,0.6632206,0.0,0.0,1.0,0.0,11.486629,0.0,0.09838931,1.1038995,1.0
5421,14.167374,3.2539356,3.5681663,0.7167069,0.0,0.0,1.0,0.0,13.006347,0.0,0.11186085,1.2550461,1.0
5422,14.054728,3.389574,3.570708,0.6981546,0.0,0.0,1.0,0.0,13.638975,0.0,0.0968914,1.0870934,1.0
5423,14.974091,3.3628883,3.4038386,0.19781697,0.0,0.0,1.0,0.0,13.514511,0.0,0.11663172,1.3085738,1.0
5424,15.938114,3.3920693,3.4289231,0.5987711,0.0,0.0,1.0,0.0,13.650613,0.0,0.13180251,1.4787858,1.0
5425,14.872926,3.35625,3.396976,0.19781697,0.0,0.0,1.0,0.0,13.483549,0.0,0.115369014,1.2944068,1.0
5426,14.501791,3.3866515,3.4153724,0.19156764,0.0,0.0,1.0,0.0,13.625344,0.0,0.10550943,1.1837851,1.0
5427,13.889666,3.202356,3.402178,0.29225972,0.0,0.0,1.0,0.0,12.765776,0.0,0.111548424,1.2515408,1.0
5428,14.247184,3.4020126,3.449105,0.1914363,0.0,0.0,1.0,0.67449075,13.696989,0.0,0.09935807,1.1147685,1.0
5429,13.000311,3.2526414,3.497883,0.50982696,0.0,0.0,1.0,0.67449075,13.000311,0.0,0.07122341,0.7991059,0.0
5430,13.777426,3.2577376,3.4476817,0.6366025,0.0,0.0,1.0,0.67449075,13.024079,0.0,0.10385872,1.1652645,1.0
5431,11.824497,2.9819925,3.5550568,0.7000481,0.0,0.0,1.0,0.67449075,11.737983,0.0,0.09100578,1.0210583,1.0
5432,13.902798,3.3806748,3.4484582,0.54836255,0.0,0.0,1.0,1.3466479,13.597468,0.0,0.0948471,1.0641568,1.0
5433,13.703055,3.4033132,3.4646256,0.20850776,0.0,0.0,1.0,1.3466479,13.703055,0.0,0.086308084,0.96835154,0.0
5434,14.088766,3.436432,3.5521662,0.6374593,0.0,0.0,1.0,1.3466479,13.857524,0.0,0.093378335,1.0476778,1.0
5435,13.911987,3.2381337,3.4508705,0.6687244,0.0,0.0,1.0,1.3466479,12.932645,0.0,0.10841289,1.216361,1.0
5436,13.295944,3.2477763,3.4529498,0.74251723,0.0,0.0,1.0,1.3466479,12.977619,0.0,0.095375225,1.0700822,1.0
5437,15.424441,3.4575782,3.5487971,0.63586134,0.0,0.0,1.0,2.0165076,13.956152,0.0,0.11592034,1.3005924,1.0
5438,13.883453,3.2435248,3.510095,0.6875396,0.0,0.0,1.0,2.0165076,12.95779,0.0,0.10732051,1.2041049,1.0
5439,16.461119,3.5900984,3.5949948,0.83325726,0.0,0.0,1.0,2.0165076,14.574236,0.0,0.12209814,1.3699056,1.0
5440,14.017823,3.24073,3.5844927,0.7362116,0.0,0.0,1.0,2.0165076,12.944755,0.0,0.11023868,1.2368459,1.0
5441,17.090584,3.5831454,3.6513152,0.84084255,0.0,0.0,1.0,2.0165076,14.541807,0.0,0.13376266,1.5007781,1.0
5442,16.02116,3.5755353,3.58355,0.67350096,0.0,0.0,1.0,2.0165076,14.506312,0.0,0.115721546,1.298362,1.0
5443,16.723003,3.5736973,3.634279,0.8583255,0.0,0.0,1.0,2.0165076,14.497741,0.0,0.12821577,1.4385437,1.0
5444,11.552721,2.9422715,3.4768646,0.6786491,0.0,0.0,1.0,2.0165076,11.552721,0.0,0.08087406,0.90738344,0.0
5445,14.803533,3.4652126,3.511869,0.21555756,0.0,0.0,1.0,3.3585246,13.991759,0.17647585,0.103903376,1.1657656,1.0
5446,16.599483,3.5171547,3.6327636,0.84038717,0.0,0.0,1.0,1.3466761,14.234021,0.0,0.1314482,1.4748105,1.0
5447,16.986021,3.5776443,3.7474666,0.8586187,0.0,0.0,1.0,1.3466761,14.5161495,0.0,0.13245733,1.4861326,1.0
5448,16.980951,3.6294894,3.6942089,0.86015636,0.0,0.0,1.0,1.3466761,14.757959,0.0,0.12748739,1.4303714,1.0
5449,16.017992,3.5722022,3.6496224,0.89927083,0.0,0.0,1.0,1.3466761,14.4907675,0.0,0.115967594,1.3011227,1.0
5450,16.238855,3.4401116,3.6719134,0.8723663,0.0,0.0,1.0,1.3466761,13.874686,0.0,0.13252048,1.4868412,1.0
5451,13.533325,3.3669221,3.7449942,0.42839932,0.0,0.0,1.0,1.3466761,13.533325,0.0,0.08685222,0.9744566,0.0
5452,14.868621,3.3592927,3.3735473,0.59040123,0.0,0.0,1.0,1.3466761,13.497741,0.0,0.114992455,1.2901819,1.0
5453,15.287379,3.1912029,3.4556174,0.81429756,0.0,0.0,1.0,1.3466761,12.713757,0.0,0.14067802,1.5783664,1.0
5454,13.830398,3.1190903,3.1560056,0.51765954,0.0,0.0,1.0,1.3466761,12.377418,0.0,0.11902259,1.3353988,1.0
5455,14.036673,3.3391833,3.4080045,0.25208062,0.0,0.0,1.0,1.3466761,13.403949,0.0,0.101149626,1.1348693,1.0
5456,15.897226,3.3696735,3.4081743,0.7487846,0.0,0.0,1.0,1.3466761,13.546157,0.0,0.1333266,1.4958856,1.0
5457,14.465131,3.3557239,3.5927002,0.75335413,0.0,0.0,1.0,1.3443425,13.481095,0.0,0.10771701,1.2085534,1.0
5458,16.85871,3.4450645,3.5434084,0.7669487,0.0,0.0,1.0,1.3420168,13.897787,0.0,0.14338286,1.608714,1.0
5459,16.489391,3.4508634,3.5452807,0.7669487,0.0,0.0,1.0,1.3420168,13.924833,0.0,0.13602887,1.5262043,1.0
5460,14.349885,3.3796787,3.4770038,0.6443771,0.0,0.0,1.0,1.3420168,13.592822,0.0,0.103312016,1.1591307,1.0
5461,13.284078,3.2692373,3.5299938,0.47731227,0.0,0.0,1.0,1.3420168,13.077715,0.0,0.09314723,1.0450848,1.0
5462,14.050318,3.405,3.5825307,0.62199885,0.0,0.0,1.0,1.3420168,13.710923,0.0,0.095432475,1.0707246,1.0
5463,15.369437,3.2120752,3.5041537,0.62283975,0.0,0.0,1.0,1.3420168,12.811107,0.0,0.13998234,1.570561,1.0
5464,15.12427,3.468442,3.642368,0.7966864,0.0,0.0,1.0,1.3420168,14.006822,0.0,0.10944488,1.2279396,1.0
5465,15.857531,3.6165397,3.6593983,0.65272355,0.0,0.0,1.0,1.3420168,14.69756,0.0,0.10922683,1.2254932,1.0
5466,13.9487,3.3425882,3.507971,0.5443093,0.0,0.0,1.0,1.3420168,13.419829,0.0,0.0991647,1.112599,1.0
5467,13.812719,3.3456335,3.538998,0.6111829,0.0,0.0,1.0,1.3420168,13.434033,0.0,0.09630722,1.0805389,1.0
5468,13.324401,3.3221278,3.4537294,0.50202304,0.0,0.0,1.0,1.3420168,13.324401,0.0,0.086324476,0.9685355,0.0
5469,13.329897,3.3233063,3.349755,0.6127499,0.0,0.0,1.0,0.6721571,13.329897,0.0,0.054114997,0.6071545,0.0
5470,12.252865,3.0923855,3.49605,0.5435217,0.0,0.0,1.0,0.6721571,12.252865,0.0,0.06275244,0.7040641,0.0
5471,15.815546,3.6509728,3.846882,0.76900715,0.0,0.0,1.0,0.6721571,14.858159,0.0,0.10553753,1.1841003,1.0
5472,15.440681,3.5612006,3.6164126,0.61986756,0.0,0.0,1.0,0.6721571,14.439455,0.0,0.1067865,1.1981133,1.0
5473,16.081198,3.5648394,3.610621,0.59136295,0.0,0.0,1.0,0.6721571,14.456427,0.0,0.11774965,1.3211167,1.0
5474,14.376815,3.5477703,3.5883112,0.19354121,0.0,0.0,1.0,0.6721571,14.376815,0.0,0.06882563,0.77220356,0.0
5475,14.378436,3.5481179,3.591411,0.19781697,0.0,0.0,1.0,0.6721571,14.378436,0.0,0.08713077,0.97758186,0.0
5476,14.407616,3.5543742,3.5958383,0.19354121,0.0,0.0,1.0,0.6721571,14.407616,0.0,0.07738362,0.8682217,0.0
5477,14.437192,3.5607154,3.599386,0.19354121,0.0,0.0,1.0,0.6721571,14.437192,0.0,0.069899365,0.7842505,0.0
5478,14.441308,3.561598,3.599288,0.19354121,0.0,0.0,1.0,0.6721571,14.441308,0.0,0.058080833,0.65165,0.0
5479,14.66526,3.5638444,3.6062095,0.5440616,0.0,0.0,1.0,0.22534373,14.451786,0.0,0.09289047,1.042204,1.0
5480,14.15577,3.5003774,3.5744112,0.50004596,0.0,0.0,1.0,0.0,14.15577,0.0,0.086979546,0.97588515,0.0
5481,14.45789,3.5651531,3.5857565,0.4701363,0.0,0.0,1.0,0.0,14.45789,0.0,0.059584208,0.6685175,0.0
5482,14.543272,3.5834596,3.646405,0.5620127,0.0,0.0,1.0,0.0,14.543272,0.0,0.07542177,0.8462103,0.0
5483,14.826003,3.5516639,3.7070017,0.78847486,0.0,0.0,1.0,0.0,14.394975,0.0,0.09675396,1.0855513,1.0
5484,14.586336,3.5926926,3.7146356,0.58074224,0.0,0.0,1.0,0.0,14.586336,0.0,0.07527052,0.8445133,0.0
5485,15.269365,3.5581822,3.713992,0.782466,0.0,0.0,1.0,0.0,14.425377,0.0,0.10402796,1.1671634,1.0
5486,14.540994,3.582971,3.6831741,0.56408864,0.0,0.0,1.0,0.0,14.540994,0.0,0.08259429,0.9266839,0.0
5487,15.471982,3.564827,3.7611325,0.8613595,0.0,0.0,1.0,0.0,14.456368,0.0,0.10701927,1.200725,1.0
5488,16.07813,3.6559002,3.741798,0.799543,0.0,0.0,1.0,0.0,14.881142,0.0,0.10961238,1.2298189,1.0
5489,15.843383,3.6716866,3.694926,0.45770743,0.0,0.0,1.0,0.67680407,14.95477,0.0,0.10426041,1.1697714,1.0
5490,15.344004,3.6435468,3.672576,0.53577745,0.0,0.0,1.0,0.67680407,14.8235235,0.0,0.09807023,1.1003194,1.0
5491,15.565537,3.802638,3.836402,0.8880967,0.0,0.0,1.0,0.67680407,15.565537,0.0,0.080841266,0.90701544,0.0
5492,16.972027,3.7753417,3.8640673,0.8729894,0.0,0.0,1.0,0.67680407,15.438226,0.0,0.11442895,1.2838595,1.0
5493,15.36101,3.6601064,3.701756,0.45690665,0.0,0.0,1.0,0.67680407,14.900759,0.0,0.09699455,1.0882506,1.0
5494,15.803035,3.7228103,3.803694,0.6754646,0.0,0.0,1.0,0.67680407,15.193214,0.0,0.099350095,1.1146791,1.0
5495,18.317078,3.8771656,3.9218473,0.89584816,0.0,0.0,1.0,0.67680407,15.91314,0.0,0.12759846,1.4316176,1.0
5496,16.85258,3.7970295,3.9269257,0.82469046,0.0,0.0,1.0,1.3536081,15.539379,0.0,0.11064911,1.2414508,1.0
5497,16.0,3.7712789,3.8402991,0.86095697,0.0,0.0,1.0,841.2337,15.419276,20.0,0.09753924,1.0943618,1.0
5498,16.0,3.6035664,3.620513,0.33651727,0.0,0.0,1.0,841.2337,14.637053,20.0,0.09923887,1.1134312,1.0
5499,16.0,3.3164883,3.6722558,0.62390584,0.0,0.0,1.0,841.2337,13.298098,20.0,0.0741449,0.83188415,0.0
5500,16.0,3.6756585,3.711252,0.73091584,0.0,0.0,1.0,841.2337,14.973295,20.0,0.09007469,1.0106118,1.0
5501,16.0,3.69386,3.8776226,0.79630977,0.0,0.0,1.0,841.2337,15.058188,20.0,0.08896,0.9981053,0.0
5502,16.0,3.6331093,3.8529298,0.7942902,0.0,0.0,1.0,841.2337,14.774842,20.0,0.10447599,1.1721902,1.0
5503,16.831215,3.8589716,3.9012554,0.8588859,0.0,0.0,1.0,841.2337,15.828281,20.0,0.10526461,1.1810383,1.0
5504,16.0,3.5983152,3.8334694,0.72054327,0.0,0.0,1.0,841.2337,14.61256,20.0,0.09500106,1.0658842,1.0
5505,16.159504,3.4676852,3.5952318,0.7879503,0.0,0.0,1.0,841.2337,14.003292,20.0,0.12834023,1.43994,1.0
5506,16.0,3.5980248,3.7557862,0.6399562,0.0,0.0,1.0,841.2337,14.611206,20.0,0.0938907,1.0534263,1.0
5507,16.0,3.620891,3.7997518,0.6168451,0.0,0.0,1.0,841.2337,14.717855,20.0,0.10959528,1.229627,1.0
5508,16.0,3.5476673,3.6949677,0.64146084,0.0,0.0,1.0,1685.3881,14.376334,20.0,0.11169871,1.253227,1.0
5509,16.0,3.6310563,3.7214055,0.62903124,0.0,0.0,1.0,1685.3881,14.765267,20.0,0.10745524,1.2056165,1.0
5510,16.0,3.6637073,3.729772,0.61828876,0.0,0.0,1.0,1685.3881,14.917554,20.0,0.09696952,1.0879698,1.0
5511,16.237917,3.691821,3.7877886,0.7894229,0.0,0.0,1.0,1685.3881,15.048679,20.0,0.10925313,1.2257884,1.0
5512,16.0,3.6634846,3.7319026,0.61828876,0.0,0.0,1.0,1685.3881,14.916515,20.0,0.09240658,1.0367749,1.0
5513,16.653156,3.6902273,3.735601,0.6336827,0.0,0.0,1.0,1685.3881,15.041245,20.0,0.11641913,1.3061887,1.0
5514,16.0,3.5778146,3.7549875,0.6138197,0.0,0.0,1.0,1685.3881,14.516944,20.0,0.108529106,1.217665,1.0
5515,16.0,3.4751692,3.5099776,0.69988585,0.0,0.0,1.0,1685.3881,14.0381975,20.0,0.08441946,0.94716173,0.0
5516,16.0,3.4897344,3.6731515,0.71310365,0.0,0.0,1.0,1685.3881,14.106131,20.0,0.08643135,0.96973455,0.0
5517,16.0,3.474697,3.5673969,0.67597836,0.0,0.0,1.0,1685.3881,14.0359955,20.0,0.056873124,0.6380999,0.0
5518,16.0,3.7367973,3.8569221,0.34097505,0.0,0.0,1.0,1685.3881,15.258451,20.0,0.05252979,0.58936894,0.0
5519,16.0,3.4682496,3.4691732,0.6801148,0.0,0.0,1.0,1685.3881,14.005924,20.0,0.06322477,0.7093635,0.0
5520,16.0,3.4701335,3.4805326,0.64053106,0.0,0.0,1.0,1685.3881,14.01471,20.0,0.070341595,0.78921217,0.0
5521,16.0,3.5645552,3.6662269,0.50930095,0.0,0.0,1.0,1685.3881,14.455101,20.0,0.07495762,0.84100264,0.0
5522,16.0,3.559491,3.5071342,0.5593092,0.0,0.0,1.0,1685.3881,14.43148,20.0,0.08039883,0.90205145,0.0
5523,16.0,3.5581408,3.6679337,0.49366552,0.0,0.0,1.0,1685.3881,14.425183,20.0,0.07801051,0.87525517,0.0
5524,16.0,3.6214159,3.6520483,0.18326427,0.0,0.0,1.0,1685.3881,14.720304,20.0,0.04824476,0.54129213,0.0
5525,16.0,3.575433,3.6496694,0.21065687,0.0,0.0,1.0,1685.3881,14.505836,20.0,0.07109092,0.7976194,0.0
5526,16.0,3.5725532,3.6355855,0.21147165,0.0,0.0,1.0,1685.3881,14.492404,20.0,0.094849125,1.0641795,1.0
5527,16.0,3.5712676,3.5900133,0.19569853,0.0,0.0,1.0,1685.3881,14.486408,20.0,0.07996692,0.89720553,0.0
5528,16.0,3.5679028,3.6446376,0.53060514,0.0,0.0,1.0,1685.3881,14.470715,20.0,0.093148015,1.0450935,1.0
5529,16.0,3.5654118,3.5879388,0.21479909,0.0,0.0,1.0,1685.3881,14.459096,20.0,0.06822049,0.765414,0.0
5530,16.0,3.5936472,3.6347833,0.49394152,0.0,0.0,1.0,1685.3881,14.590788,20.0,0.08634389,0.96875334,0.0
5531,16.0,3.590853,3.671974,0.61725,0.0,0.0,1.0,1685.3881,14.577756,20.0,0.08288721,0.9299703,0.0
5532,16.0,3.5630887,3.5927718,0.2100459,0.0,0.0,1.0,1685.3881,14.44826,20.0,0.06577704,0.73799926,0.0
5533,16.0,3.5626647,3.5803535,0.29077363,0.0,0.0,1.0,1685.3881,14.446283,20.0,0.074480124,0.8356453,0.0
5534,16.0,3.5848377,3.7154417,0.6121195,0.0,0.0,1.0,1685.3881,14.5497,20.0,0.08638928,0.96926254,0.0
5535,16.0,3.5537176,3.662762,0.76839495,0.0,0.0,1.0,1685.3881,14.404553,20.0,0.11396435,1.2786468,1.0
5536,15.627635,3.6292877,3.8595107,0.63186556,0.0,0.0,1.0,7.490954,14.757018,0.7986844,0.10415264,1.1685623,1.0
5537,16.86614,3.6933424,3.8710828,0.78296983,0.0,0.0,1.0,8.286458,15.055775,0.9184613,0.11974947,1.3435541,1.0
5538,14.964291,3.6348052,3.667814,0.18981925,0.0,0.0,1.0,8.9941635,14.782752,1.0250186,0.092256136,1.035087,1.0
5539,15.720926,3.6950474,3.814843,0.7923808,0.0,0.0,1.0,10.418076,15.063726,1.2394131,0.10023891,1.1246514,1.0
5540,14.729829,3.6234581,3.6772816,0.5221983,0.0,0.0,1.0,11.134367,14.729829,1.3472632,0.083698064,0.9390679,0.0
5541,17.08381,3.709894,3.849844,0.65784055,0.0,0.0,1.0,11.853603,15.132972,1.4555566,0.12195712,1.3683234,1.0
5542,17.497252,3.7172456,3.8467653,0.76542,0.0,0.0,1.0,12.575826,15.167261,1.5642997,0.12824875,1.4389136,1.0
5543,15.250638,3.7155447,3.8007534,0.8062799,0.0,0.0,1.0,12.575826,15.1593275,1.5642997,0.090662755,1.0172096,1.0
5544,14.975935,3.5314064,3.7845354,0.7961036,0.0,0.0,1.0,13.301078,14.300492,1.6734989,0.10115673,1.134949,1.0
5545,14.933938,3.496774,3.773513,0.75554734,0.0,0.0,1.0,13.301078,14.138964,1.6734989,0.10344698,1.160645,1.0
5546,15.781826,3.685913,3.736632,0.7480629,0.0,0.0,1.0,13.301078,15.021124,1.6734989,0.1020251,1.144692,1.0
5547,14.848301,3.6051707,3.7782881,0.8540592,0.0,0.0,1.0,13.301078,14.644535,1.6734989,0.09267216,1.0397546,1.0
5548,15.332568,3.6750388,3.716645,0.7298501,0.0,0.0,1.0,13.301078,14.970405,1.6734989,0.09528946,1.06912,1.0
5549,13.014181,3.2556152,3.3720415,0.50381655,0.0,0.0,1.0,13.301078,13.014181,1.6734989,0.08820165,0.9895968,0.0
5550,14.124269,3.2115982,3.349352,0.6664441,0.0,0.0,1.0,13.301078,12.808882,1.6734989,0.11528012,1.2934093,1.0
5551,12.464617,3.1377861,3.1677635,0.46703187,0.0,0.0,1.0,13.301078,12.464617,1.6734989,0.081573874,0.9152351,0.0
5552,14.803771,3.2561347,3.501409,0.7235042,0.0,0.0,1.0,13.301078,13.016603,1.6734989,0.12409263,1.3922832,1.0
5553,13.355931,2.9686599,3.3555844,0.7428136,0.0,0.0,1.0,13.301078,11.675798,1.6734989,0.12577327,1.4111394,1.0
5554,13.982745,2.9267876,3.088123,0.5607829,0.0,0.0,1.0,13.301078,11.480503,1.6734989,0.14463219,1.6227311,1.0
5555,12.191008,2.8315208,3.1964433,0.79265785,0.0,0.0,1.0,25.835627,11.036171,3.5607917,0.115776144,1.2989746,1.0
5556,14.542669,3.0092795,3.135685,0.7520457,0.0,0.0,1.0,12.580568,11.865252,1.5650138,0.14659205,1.6447201,1.0
5557,13.484604,2.9983442,3.2040493,0.62088495,0.0,0.0,1.0,12.580568,11.814248,1.5650138,0.12513308,1.4039568,1.0
5558,11.542263,2.8107505,2.9193282,0.7237007,0.0,0.0,1.0,12.580568,10.939297,1.5650138,0.10316522,1.1574837,1.0
5559,11.419597,2.8351314,2.9184175,0.7972008,0.0,0.0,1.0,12.580568,11.053011,1.5650138,0.097574785,1.0947607,1.0
5560,12.483181,2.6127596,2.9326754,0.7648027,0.0,0.0,1.0,8.99662,10.015852,1.0253885,0.15186094,1.7038355,1.0
5561,12.645096,3.006813,3.0734193,0.60421747,0.0,0.0,1.0,10.421353,11.853748,1.2399067,0.10612936,1.1907406,1.0
5562,11.626991,2.5464938,2.9481184,0.7330061,0.0,0.0,1.0,11.138101,9.706782,1.3478253,0.13950485,1.5652038,1.0
5563,12.2590065,2.9426677,3.0348806,0.57261,0.0,0.0,1.0,12.580568,11.554569,1.5650138,0.10465414,1.174189,1.0
5564,10.720594,2.7414215,2.9869924,0.68947524,0.0,0.0,1.0,12.580568,10.615941,1.5650138,0.09163928,1.028166,1.0
5565,10.611018,2.6978474,2.9883807,0.6729751,0.0,0.0,1.0,13.306373,10.412707,1.6742961,0.09397878,1.0544145,1.0
5566,11.171051,2.764359,2.9754434,0.76176816,0.0,0.0,1.0,13.306373,10.722923,1.6742961,0.09977126,1.1194044,1.0
5567,10.502373,2.6273606,2.9634151,0.70378387,0.0,0.0,1.0,14.035283,10.083952,1.7840462,0.09969544,1.1185538,1.0
5568,12.0997305,2.832244,3.1314964,0.63331914,0.0,0.0,1.0,14.035283,11.039544,1.7840462,0.11358466,1.2743868,1.0
5569,10.882084,2.634044,2.927551,0.81997424,0.0,0.0,1.0,14.767343,10.115124,1.8942704,0.10843751,1.2166373,1.0
5570,13.357825,2.7418282,2.784358,0.47099093,0.0,0.0,1.0,14.767343,10.617838,1.8942704,0.15484361,1.7373003,1.0
5571,10.771572,2.465647,2.6011374,0.606537,0.0,0.0,1.0,14.767343,9.329707,1.8942704,0.1284845,1.4415587,1.0
5572,9.910079,2.2488976,2.5215156,0.6795564,0.0,0.0,1.0,15.502595,8.31877,2.0049753,0.13784195,1.5465466,1.0
5573,9.486222,2.4992046,2.5167236,0.65912074,0.0,0.0,1.0,15.502595,9.486222,2.0049753,0.0835786,0.9377276,0.0
5574,10.680992,2.512959,2.5970914,0.6351168,0.0,0.0,1.0,15.502595,9.550374,2.0049753,0.11927601,1.338242,1.0
5575,9.182193,2.2220757,2.4007792,0.5372438,0.0,0.0,1.0,16.241085,8.193671,2.1161678,0.11985149,1.3446988,1.0
5576,8.812696,2.171035,2.4717505,0.8101528,0.0,0.0,1.0,16.241085,7.955614,2.1161678,0.11656352,1.3078088,1.0
5577,10.094118,2.3037806,2.4674778,0.6999736,0.0,0.0,1.0,16.241085,8.574749,2.1161678,0.1342513,1.5062604,1.0
5578,11.073451,2.3528988,2.5277214,0.7114368,0.0,0.0,1.0,16.241085,8.803841,2.1161678,0.15477808,1.736565,1.0
5579,8.226059,1.9748565,2.165785,0.65022653,0.0,0.0,1.0,16.98286,7.0406218,2.227855,0.13200524,1.4810604,1.0
5580,7.6679707,1.9327301,2.281781,0.6872264,0.0,0.0,1.0,16.98286,6.844141,2.227855,0.11978159,1.3439145,1.0
5581,9.686787,2.219473,2.3011694,0.8184085,0.0,0.0,1.0,16.98286,8.181532,2.227855,0.13598062,1.5256629,1.0
5582,8.857157,2.0697992,2.1425314,0.6557701,0.0,0.0,1.0,17.727964,7.483442,2.340043,0.13587502,1.5244781,1.0
5583,8.272787,1.9696339,2.1844664,0.72081953,0.0,0.0,1.0,6.6553674,7.0162635,0.6728725,0.13473417,1.5116781,1.0
5584,9.458637,2.0783737,2.2347982,0.64467233,0.0,0.0,1.0,5.193305,7.523434,0.45273373,0.15463181,1.7349238,1.0
5585,7.0564947,1.687076,1.7909925,0.8010662,0.0,0.0,1.0,4.3498783,5.698391,0.32574126,0.14982082,1.680946,1.0
5586,9.444451,2.09335,2.21034,0.6267543,0.0,0.0,1.0,3.9039164,7.5932846,0.258594,0.15121096,1.696543,1.0
5587,6.163905,1.6031601,1.7494102,0.748988,0.0,0.0,1.0,3.9039164,5.307001,0.258594,0.130247,1.4613334,1.0
5588,6.410218,1.7433534,1.7890934,0.53998804,0.0,0.0,1.0,3.9039164,5.960873,0.258594,0.10832528,1.215378,1.0
5589,6.9667025,1.7451038,1.825425,0.64573264,0.0,0.0,1.0,3.9039164,5.9690375,0.258594,0.13169174,1.477543,1.0
5590,6.4792385,1.6921684,1.9963379,0.6455303,0.0,0.0,1.0,4.090235,5.722142,0.28664753,0.12282212,1.3780284,1.0
5591,4.836962,1.4655751,1.5517163,0.56489336,0.0,0.0,1.0,3.5565536,4.6652937,0.20629254,0.098499365,1.1051341,1.0
5592,4.522227,1.4349009,1.544339,0.67327166,0.0,0.0,1.0,3.130382,4.522227,0.14212506,0.08380089,0.94022155,0.0
5593,5.8182244,1.5384318,1.8535619,0.76876086,0.0,0.0,1.0,3.130382,5.0051026,0.14212506,0.13049959,1.4641674,1.0
5594,6.4033017,1.8172731,1.9855194,0.387864,0.0,0.0,1.0,2.7810366,6.3056407,0.08952507,0.093072936,1.0442512,1.0
5595,5.824712,1.5194094,1.6708319,0.8392186,0.0,0.0,1.0,2.3587468,4.9163814,0.025942037,0.13617769,1.527874,1.0
5596,7.2459836,1.7427907,1.7998168,0.8896198,0.0,0.0,1.0,1.949481,5.958249,0.0,0.14416628,1.6175036,1.0
5597,5.620202,1.4647756,1.807039,0.6742124,0.0,0.0,1.0,1.5056996,4.6615644,0.0,0.14149775,1.5875635,1.0
5598,4.7780776,1.3291087,1.5237796,0.64562017,0.0,0.0,1.0,1.28441,4.028804,0.0,0.13648923,1.5313693,1.0
5599,4.5186095,1.3323559,1.3689572,0.6247438,0.0,0.0,1.0,1.2642348,4.0439487,0.0,0.11901904,1.335359,1.0
5600,6.218794,1.452077,1.6566784,0.8028477,0.0,0.0,1.0,1.3322917,4.602338,0.0,0.17856969,2.0035,1.0
5601,6.2605968,1.470823,1.6951063,0.7285997,0.0,0.0,1.0,1.3325186,4.6897707,0.0,0.17442451,1.9569923,1.0
5602,4.1854906,1.3036484,1.342064,0.61189467,0.0,0.0,1.0,1.1587709,3.9100547,0.0,0.10706746,1.2012657,1.0
5603,4.274865,1.2942829,1.4899585,0.63482744,0.0,0.0,1.0,1.1225146,3.8663735,0.0,0.11603368,1.3018641,1.0
5604,4.5404735,1.3170896,1.3923709,0.6780407,0.0,0.0,1.0,1.080569,3.9727454,0.0,0.12552038,1.4083021,1.0
5605,7.6721473,1.6900107,1.7024374,0.66662323,0.0,0.0,1.0,1.1662071,5.7120786,0.0,0.17651197,1.980413,1.0
5606,4.7585692,1.2932726,1.4034313,0.7114387,0.0,0.0,1.0,1.1963569,3.8616614,0.0,0.14827469,1.6635988,1.0
5607,4.3628287,1.1600502,1.1593977,0.7159511,0.0,0.0,1.0,1.1739768,3.2403014,0.0,0.17734782,1.9897909,1.0
5608,3.1179302,0.9630731,1.3176571,0.75270677,0.0,0.0,1.0,1.1836048,2.321585,0.0,0.17647973,1.9800512,1.0
5609,6.6877112,1.7160724,1.7225873,0.6491387,0.0,0.0,1.0,1.1548156,5.833633,0.0,0.1264117,1.4183025,1.0
5610,7.72879,1.6967942,1.8707014,0.7197041,0.0,0.0,1.0,1.1694237,5.743717,0.0,0.17713922,1.9874505,1.0
5611,4.372255,1.1743106,1.5022165,0.89169115,0.0,0.0,1.0,1.1694237,3.3068132,0.0,0.17117733,1.9205598,1.0
5612,4.287113,1.1241318,1.4206771,0.72649366,0.0,0.0,1.0,1.3149604,3.0727754,0.0,0.18976621,2.1291215,1.0
5613,4.4074554,1.1430681,1.1456738,0.83787066,0.0,0.0,1.0,1.2811488,3.1610956,0.0,0.18953408,2.1265173,1.0
5614,3.9335399,1.1425338,1.2024243,0.8628491,0.0,0.0,1.0,1.2238252,3.1586037,0.0,0.15160604,1.7009755,1.0
5615,3.5982394,1.1109127,1.1021404,0.77353036,0.0,0.0,1.0,1.2507997,3.0111206,0.0,0.13878217,1.5570955,1.0
5616,5.0748277,1.310113,1.2886268,0.63704205,0.0,0.0,1.0,1.3025639,3.940206,0.0,0.162459,1.8227427,1.0
5617,4.021227,1.174135,1.2242497,0.19694322,0.0,0.0,1.0,1.256655,3.305994,0.0,0.14422178,1.6181264,1.0
5618,3.120012,1.0043626,0.98262274,0.4233177,0.0,0.0,1.0,1.256655,2.5141625,0.0,0.15049402,1.6884991,1.0
5619,2.625725,0.9497726,0.99507415,0.59547496,0.0,0.0,1.0,1.1898959,2.2595506,0.0,0.13039716,1.4630181,1.0
5620,3.3142939,1.0299784,1.0494834,0.5827012,0.0,0.0,1.0,1.2253408,2.6336367,0.0,0.15494359,1.7384219,1.0
5621,4.2899785,1.2066283,1.1568267,0.5851492,0.0,0.0,1.0,1.2253408,3.4575458,0.0,0.15043892,1.6878809,1.0
5622,3.989656,1.1605763,1.1334549,0.8427536,0.0,0.0,1.0,1.4406174,3.2427557,0.0,0.14778304,1.6580826,1.0
5623,3.9496608,1.175869,1.105132,0.52364075,0.0,0.0,1.0,1.2529335,3.3140817,0.0,0.13796675,1.5479468,1.0
5624,3.7219813,1.1443145,1.1029569,0.47960514,0.0,0.0,1.0,1.2390366,3.1669092,0.0,0.13376269,1.5007784,1.0
5625,3.7272544,1.124732,1.1202768,0.21024154,0.0,0.0,1.0,1.2390366,3.0755749,0.0,0.14308715,1.6053962,1.0
5626,4.3198647,1.1580886,1.2170949,0.8886853,0.0,0.0,1.0,1.2860488,3.2311525,0.0,0.17493255,1.9626923,1.0
5627,4.7216787,1.2246985,1.1985259,0.96860224,0.0,0.0,1.0,1.3616335,3.5418265,0.0,0.17395912,1.9517707,1.0
5628,4.200161,1.1740359,1.1646203,0.68769425,0.0,0.0,1.0,1.3616335,3.3055322,0.0,0.15804993,1.7732741,1.0
5629,4.53267,1.2022427,1.145584,0.8092086,0.0,0.0,1.0,1.2893423,3.4370909,0.0,0.1703003,1.9107198,1.0
5630,4.4904227,1.2069192,1.5153719,0.836409,0.0,0.0,1.0,1.1994451,3.4589024,0.0,0.16507228,1.8520628,1.0
5631,4.700367,1.2139397,1.5897155,0.80661005,0.0,0.0,1.0,1.1994451,3.4916463,0.0,0.17728367,1.9890711,1.0
5632,4.3905277,1.1808864,1.1429892,0.75988275,0.0,0.0,1.0,1.1994451,3.3374832,0.0,0.16947742,1.9014872,1.0
5633,4.5177555,1.2061131,1.1472083,0.76878446,0.0,0.0,1.0,1.2615805,3.4551427,0.0,0.1674465,1.8787009,1.0
5634,4.632523,1.1819752,1.1457124,0.829098,0.0,0.0,1.0,1.0352437,3.3425617,0.0,0.18740492,2.1026285,1.0
5635,4.7559857,1.1833911,1.2174909,0.89455515,0.0,0.0,1.0,1.0352437,3.3491654,0.0,0.19609651,2.2001457,1.0
5636,4.8541174,1.1917493,1.362767,0.87981397,0.0,0.0,1.0,1.0352437,3.388149,0.0,0.19931132,2.2362149,1.0
5637,4.8590746,1.18876,1.3518481,0.8526955,0.0,0.0,1.0,1.0649977,3.3742065,0.0,0.20119298,2.2573266,1.0
5638,4.980342,1.1752927,1.1593654,0.946077,0.0,0.0,1.0,1.1294814,3.311394,0.0,0.2174749,2.4400048,1.0
5639,4.828283,1.1727114,1.1278137,0.53867406,0.0,0.0,1.0,1.1294814,3.2993543,0.0,0.2071361,2.3240066,1.0
5640,4.4922504,1.132614,1.1749935,0.7382523,0.0,0.0,1.0,1.3586195,3.112337,0.0,0.20203447,2.266768,1.0
5641,5.4804482,1.2703693,1.2321984,0.82618296,0.0,0.0,1.0,1.3586195,3.7548385,0.0,0.20616011,2.3130565,1.0
5642,5.240289,1.237521,1.2539649,0.8273951,0.0,0.0,1.0,1.0820662,3.6016319,0.0,0.20499039,2.2999325,1.0
5643,5.485146,1.2634186,1.2440981,0.65764993,0.0,0.0,1.0,1.1295286,3.7224197,0.0,0.2097185,2.3529804,1.0
5644,5.085902,1.2404,1.4171289,0.8598064,0.0,0.0,1.0,1.1295286,3.6150591,0.0,0.19273877,2.162473,1.0
5645,3.554647,0.993183,1.2694625,0.66046053,0.0,0.0,1.0,1.1295286,2.4620202,0.0,0.20214246,2.2679796,1.0
5646,5.486954,1.2976801,1.4715576,0.7776345,0.0,0.0,1.0,1.1295286,3.8822184,0.0,0.19439146,2.1810155,1.0
5647,6.2135224,1.3775237,1.5677708,0.7559242,0.0,0.0,1.0,1.1295286,4.254615,0.0,0.20637652,2.3154845,1.0
5648,3.8354485,1.0087534,1.6358087,0.66867566,0.0,0.0,1.0,1.2200238,2.5346417,0.0,0.21982013,2.466318,1.0
5649,5.4526296,1.2745252,1.5238895,1.020951,0.0,0.0,1.0,1.0919664,3.774222,0.0,0.20237423,2.27058,1.0
5650,5.247073,1.2505184,1.6620497,0.9507267,0.0,0.0,1.0,1.0919664,3.6622527,0.0,0.19932903,2.2364137,1.0
5651,3.4657817,0.9728173,1.6338067,0.66867566,0.0,0.0,1.0,1.0919664,2.3670328,0.0,0.20733625,2.3262522,1.0
5652,8.371563,1.7640254,1.782265,0.9653155,0.0,0.0,1.0,0.9519696,6.0572896,0.0,0.18642303,2.091612,1.0
5653,5.303764,1.2508131,1.4690998,0.5388309,0.0,0.0,1.0,1.0141711,3.6636271,0.0,0.20313264,2.279089,1.0
5654,4.875485,1.2227277,1.6370717,0.93140054,0.0,0.0,1.0,1.0141711,3.5326343,0.0,0.18592979,2.0860782,1.0
5655,5.877862,1.352573,1.4129043,0.76327175,0.0,0.0,1.0,1.0141711,4.138243,0.0,0.19617932,2.2010748,1.0
5656,3.9103844,1.0828538,1.1442728,0.8853329,0.0,0.0,1.0,1.0141711,2.8802516,0.0,0.18020679,2.0218678,1.0
5657,4.4704638,1.192279,1.4232248,0.9586174,0.0,0.0,1.0,1.0141711,3.3906193,0.0,0.17023107,1.9099431,1.0
5658,5.7095976,1.3728198,1.3861632,0.96822673,0.0,0.0,1.0,1.0141711,4.2326756,0.0,0.17798616,1.9969529,1.0
5659,5.875211,1.3771975,1.3829402,0.91666263,0.0,0.0,1.0,1.1270381,4.2530937,0.0,0.18625313,2.089706,1.0
5660,4.279904,1.1588644,1.2496266,0.96457297,0.0,0.0,1.0,1.3522347,3.234771,0.0,0.17140587,1.9231238,1.0
5661,4.230706,1.1513181,1.2106895,0.886068,0.0,0.0,1.0,1.3522347,3.1995745,0.0,0.17119658,1.9207758,1.0
5662,4.23415,1.1431655,1.1805928,0.8590118,0.0,0.0,1.0,1.3522347,3.16155,0.0,0.17552376,1.9693254,1.0
5663,4.246534,1.1339318,1.1233101,0.79734886,0.0,0.0,1.0,1.3522347,3.1184833,0.0,0.18124498,2.033516,1.0
5664,5.1439157,1.265693,1.3838964,1.011859,0.0,0.0,1.0,1.3522347,3.7330277,0.0,0.18537463,2.0798495,1.0
5665,6.044896,1.4124693,1.5345638,0.96718615,0.0,0.0,1.0,1.3522347,4.417604,0.0,0.18293454,2.052472,1.0
5666,8.091235,1.6569264,1.4330311,1.0017601,0.0,0.0,1.0,1.3522347,5.557771,0.0,0.20521076,2.3024049,1.0
5667,6.0669746,1.4254698,1.3735373,0.98004633,0.0,0.0,1.0,1.3522347,4.478239,0.0,0.17947194,2.0136228,1.0
5668,4.728632,1.2042781,1.444587,0.9394349,0.0,0.0,1.0,2.0332768,3.4465842,0.0,0.18385412,2.0627897,1.0
5669,5.550275,1.3110869,1.465114,0.9641708,0.0,0.0,1.0,1.134287,3.9447486,0.0,0.1927739,2.1628668,1.0
5670,5.564449,1.3135047,1.5311741,0.90517443,0.0,0.0,1.0,1.3522638,3.9560254,0.0,0.19266498,2.161645,1.0
5671,5.51071,1.2992605,1.4330169,0.9098471,0.0,0.0,1.0,1.3522638,3.8895893,0.0,0.19526468,2.1908128,1.0
5672,8.128731,1.7010185,1.5123733,1.0017602,0.0,0.0,1.0,1.3522638,5.7634196,0.0,0.193639,2.172573,1.0
5673,5.045854,1.2264811,1.4952679,0.9394349,0.0,0.0,1.0,1.3522638,3.5501404,0.0,0.19641742,2.2037463,1.0
5674,8.153903,1.7058907,1.5012733,1.0039943,0.0,0.0,1.0,1.3522638,5.7861443,0.0,0.1933363,2.1691768,1.0
5675,7.9142766,1.615672,1.4294279,0.9838376,0.0,0.0,1.0,1.3522638,5.3653574,0.0,0.21010725,2.3573422,1.0
5676,2.8826816,0.903584,1.3670418,1.0132934,0.0,0.0,1.0,1.3522638,2.0441234,0.0,0.19359525,2.1720822,1.0
5677,7.852059,1.6965171,1.4880047,1.0017601,0.0,0.0,1.0,1.3522638,5.7424254,0.0,0.18268281,2.0496478,1.0
5678,7.9136863,1.7060395,1.4764595,1.0039943,0.0,0.0,1.0,1.3522638,5.7868385,0.0,0.18272232,2.050091,1.0
5679,5.9850664,1.4072859,1.4364829,1.0201703,0.0,0.0,1.0,1.3522638,4.3934283,0.0,0.18138415,2.0350773,1.0
5680,5.0997233,1.2758552,1.4020494,0.96957284,0.0,0.0,1.0,1.3522638,3.780425,0.0,0.1779984,1.9970901,1.0
5681,7.987899,1.7283262,1.3667939,0.89853483,0.0,0.0,1.0,1.3522638,5.890785,0.0,0.17978542,2.01714,1.0
5682,4.9458556,1.2411437,1.4147717,0.98828614,0.0,0.0,1.0,1.3522638,3.6185281,0.0,0.18253957,2.0480409,1.0
5683,8.3805685,1.8145738,1.7161517,0.7305444,0.0,0.0,1.0,1.3522638,6.293051,0.0,0.17360218,1.9477658,1.0
5684,4.984767,1.2966605,1.372625,0.99305195,0.0,0.0,1.0,1.3522638,3.8774629,0.0,0.16185154,1.8159271,1.0
5685,3.962772,1.1196598,1.4714085,0.9419018,0.0,0.0,1.0,1.3522638,3.0519176,0.0,0.16513112,1.8527231,1.0
5686,6.105551,1.4139493,1.4762245,0.9724776,0.0,0.0,1.0,2.0333638,4.4245067,0.0,0.1858819,2.0855408,1.0
5687,9.121064,1.8743182,1.8317113,0.6671985,0.0,0.0,1.0,3.392237,6.5717034,0.18155183,0.18791673,2.108371,1.0
5688,8.99596,1.871337,1.7278486,0.96926814,0.0,0.0,1.0,4.654937,6.5577993,0.37167308,0.1838081,2.0622733,1.0
5689,7.925718,1.6604754,1.6333895,0.86374533,0.0,0.0,1.0,6.6043024,5.5743237,0.6651837,0.1965485,2.205217,1.0
5690,6.197211,1.402,1.6739217,0.9651076,0.0,0.0,1.0,7.8894954,4.3687744,0.85869175,0.19570763,2.1957827,1.0
5691,9.126736,1.7801733,1.5899085,0.99539036,0.0,0.0,1.0,8.527895,6.132604,0.95481384,0.21345897,2.3949475,1.0
5692,4.535141,1.1817493,1.2244934,0.89149773,0.0,0.0,1.0,8.527895,3.3415082,0.95481384,0.1800948,2.020611,1.0
5693,6.492189,1.456547,1.5626928,0.92490685,0.0,0.0,1.0,9.163548,4.623186,1.0505224,0.19207712,2.1550493,1.0
5694,4.9437666,1.2193336,1.3781029,1.0181963,0.0,0.0,1.0,9.796494,3.5168042,1.1458232,0.1924561,2.1593013,1.0
5695,4.548977,1.2289089,1.6887622,0.9066304,0.0,0.0,1.0,9.796494,3.561464,1.1458232,0.15973863,1.7922208,1.0
5696,4.7045164,1.2375778,1.369383,0.83462983,0.0,0.0,1.0,10.426769,3.6018965,1.2407222,0.16708407,1.8746345,1.0
5697,5.766847,1.4030447,1.4337646,0.9746774,0.0,0.0,1.0,10.426769,4.373647,1.2407222,0.1702474,1.9101263,1.0
5698,6.345772,1.5215403,1.5554396,0.87672657,0.0,0.0,1.0,10.426769,4.9263196,1.2407222,0.16250396,1.8232471,1.0
5699,6.3819933,1.4971198,1.4889379,0.66133004,0.0,0.0,1.0,11.054412,4.8124204,1.3352245,0.17218435,1.9318582,1.0
5700,7.4236913,1.6773309,1.5827571,0.7959428,0.0,0.0,1.0,11.054412,5.652939,1.3352245,0.16889784,1.8949845,1.0
5701,5.8061705,1.4194735,1.4924573,0.88414276,0.0,0.0,1.0,11.054412,4.4502726,1.3352245,0.1667162,1.8705072,1.0
5702,7.1262655,1.7109524,1.5671422,0.9564093,0.0,0.0,1.0,11.054412,5.8097525,1.3352245,0.14683448,1.6474401,1.0
5703,6.408734,1.5129852,1.5771216,0.98837215,0.0,0.0,1.0,11.054412,4.8864183,1.3352245,0.1684638,1.8901147,1.0
5704,6.804825,1.5475494,1.4975821,0.8713784,0.0,0.0,1.0,11.054412,5.047628,1.3352245,0.17777982,1.9946378,1.0
5705,5.755892,1.4727176,1.4401687,0.6856461,0.0,0.0,1.0,11.054412,4.698607,1.3352245,0.14643133,1.6429168,1.0
5706,4.8048797,1.338725,1.4626163,0.8294546,0.0,0.0,1.0,11.054412,4.0736547,1.3352245,0.1348395,1.51286,1.0
5707,4.436454,1.299979,1.3545935,0.8352696,0.0,0.0,1.0,11.054412,3.8929403,1.3352245,0.124682434,1.3989006,1.0
5708,4.7099843,1.2704735,1.3581403,0.9097411,0.0,0.0,1.0,11.054412,3.7553244,1.3352245,0.15386572,1.7263286,1.0
5709,4.227536,1.2089959,1.2668031,0.8415114,0.0,0.0,1.0,11.054412,3.4685884,1.3352245,0.14484867,1.62516,1.0
5710,4.0496564,1.1399698,1.142509,0.7860565,0.0,0.0,1.0,11.054412,3.1466453,1.3352245,0.16220838,1.8199308,1.0
5711,3.9306479,1.169361,1.1582196,0.8050504,0.0,0.0,1.0,11.054412,3.283728,1.3352245,0.13929768,1.5628793,1.0
5712,4.0638204,1.2276673,1.2866118,0.5260417,0.0,0.0,1.0,11.054412,3.5556734,1.3352245,0.12552191,1.4083192,1.0
5713,3.858085,1.1872786,1.2670699,0.5769405,0.0,0.0,1.0,11.054412,3.3672972,1.3352245,0.126245,1.4164321,1.0
5714,3.9410582,1.1809934,1.2507029,0.5769405,0.0,0.0,1.0,11.054412,3.3379827,1.3352245,0.13513735,1.5162017,1.0
5715,3.8114889,1.1641157,1.2335391,0.52959865,0.0,0.0,1.0,7.2307177,3.2592633,0.7595014,0.13227555,1.4840932,1.0
5716,3.824235,1.1553603,1.2276859,0.57331854,0.0,0.0,1.0,4.6323943,3.218428,0.36827892,0.1370626,1.5378023,1.0
5717,3.834836,1.147213,1.2273955,0.57331854,0.0,0.0,1.0,3.9798667,3.1804278,0.27002963,0.14152674,1.5878888,1.0
5718,3.8626797,1.1553162,1.2357187,0.47440007,0.0,0.0,1.0,3.324328,3.2182221,0.17132695,0.14012401,1.5721506,1.0
5719,3.5812852,1.1105247,1.236255,0.6022508,0.0,0.0,1.0,2.6657357,3.0093107,0.07216453,0.13753052,1.5430523,1.0
5720,3.469919,1.0723718,1.2373264,0.62069845,0.0,0.0,1.0,2.6657357,2.831363,0.07216453,0.14656086,1.6443702,1.0
5721,3.5930228,1.085387,1.0175363,0.6012001,0.0,0.0,1.0,2.0040498,2.8920667,0.0,0.15084988,1.6924917,1.0
5722,3.7465837,1.0995779,1.1850917,0.62700015,0.0,0.0,1.0,2.0040498,2.958254,0.0,0.15699026,1.761385,1.0
5723,3.8764799,1.1209825,1.1462535,0.77743596,0.0,0.0,1.0,1.3392268,3.058087,0.0,0.15727831,1.7646168,1.0
5724,3.7737184,1.1029322,1.1474769,0.7866987,0.0,0.0,1.0,1.3392268,2.973899,0.0,0.15761714,1.7684183,1.0
5725,3.660951,1.0856477,1.0927888,0.5769125,0.0,0.0,1.0,1.3392268,2.8932827,0.0,0.15669563,1.7580794,1.0
5726,3.553425,1.0524418,1.1681647,0.8021796,0.0,0.0,1.0,1.3392268,2.7384079,0.0,0.16492012,1.8503557,1.0
5727,5.0932293,1.3226304,1.2844968,0.61914015,0.0,0.0,1.0,1.3392268,3.9985886,0.0,0.1588421,1.7821621,1.0
5728,3.9973984,1.0552655,1.122139,0.78880847,0.0,0.0,1.0,0.6712244,2.7515779,0.0,0.20442747,2.2936165,1.0
5729,3.6595833,1.0519158,1.263619,0.6136499,0.0,0.0,1.0,0.6712244,2.7359543,0.0,0.17509735,1.9645412,1.0
5730,4.1754236,1.0987127,1.1926583,0.6711221,0.0,0.0,1.0,0.6712244,2.9542186,0.0,0.19439682,2.1810758,1.0
5731,5.9012194,1.355518,1.2823887,0.82966125,0.0,0.0,1.0,0.6712244,4.1519785,0.0,0.19641532,2.2037227,1.0
5732,5.681305,1.3532037,1.4381548,0.6740767,0.0,0.0,1.0,0.6712244,4.1411843,0.0,0.18383554,2.062581,1.0
5733,5.5757985,1.3527496,1.464688,0.61633134,0.0,0.0,1.0,0.6712244,4.1390667,0.0,0.17752305,1.9917569,1.0
5734,3.9757526,1.0844874,1.2096043,0.66512024,0.0,0.0,1.0,0.6712244,2.887871,0.0,0.18505883,2.076306,1.0
5735,3.9028091,1.0688457,1.2587328,0.7073417,0.0,0.0,1.0,0.22410323,2.814917,0.0,0.18754598,2.1042113,1.0
5736,6.336732,1.4224241,1.455543,0.5797052,0.0,0.0,1.0,0.3364268,4.464034,0.0,0.19595823,2.198594,1.0
5737,5.931551,1.4176193,1.4142671,0.43803158,0.0,0.0,1.0,0.3364268,4.441624,0.0,0.17455162,1.9584184,1.0
5738,6.043957,1.4375122,1.4179676,0.43803158,0.0,0.0,1.0,0.67449075,4.5344057,0.0,0.17390585,1.951173,1.0
5739,5.956179,1.4430355,1.4183364,0.43803164,0.0,0.0,1.0,0.67449075,4.5601673,0.0,0.16708653,1.8746622,1.0
5740,5.678512,1.4315759,1.4136927,0.46518418,0.0,0.0,1.0,0.67449075,4.5067186,0.0,0.15534154,1.7428868,1.0
5741,5.723753,1.416283,1.455488,0.46591938,0.0,0.0,1.0,0.67449075,4.4353914,0.0,0.16309898,1.829923,1.0
5742,3.6788154,1.0585684,1.3789846,0.66395235,0.0,0.0,1.0,0.67449075,2.7669826,0.0,0.17304766,1.9415443,1.0
5743,5.7479587,1.4369949,1.4289893,0.43803164,0.0,0.0,1.0,0.67449075,4.5319934,0.0,0.15745431,1.7665915,1.0
5744,3.083253,1.0144061,1.3871764,0.59170794,0.0,0.0,1.0,0.67449075,2.561006,0.0,0.14105855,1.5826359,1.0
5745,3.3284974,1.0301358,1.2971239,0.6378714,0.0,0.0,1.0,0.67449075,2.6343706,0.0,0.15622729,1.7528247,1.0
5746,3.3933246,1.0305787,1.310192,0.6378714,0.0,0.0,1.0,0.67449075,2.6364367,0.0,0.16223681,1.8202497,1.0
5747,2.4593618,0.8841722,1.1976774,0.74618363,0.0,0.0,1.0,0.67449075,1.9535851,0.0,0.1550579,1.7397045,1.0
5748,2.3017528,0.866502,1.1988193,0.83198184,0.0,0.0,1.0,0.67449075,1.8711699,0.0,0.14772837,1.6574693,1.0
5749,2.4391797,0.8715521,1.1042452,0.78337824,0.0,0.0,1.0,0.67449075,1.894724,0.0,0.16230457,1.8210099,1.0
5750,7.285604,1.6090399,1.2938774,0.93951803,0.0,0.0,1.0,0.67449075,5.3344245,0.0,0.18227398,2.0450609,1.0
5751,7.206079,1.611621,1.5423588,0.53811115,0.0,0.0,1.0,0.67449075,5.346463,0.0,0.17770305,1.9937764,1.0
5752,5.693795,1.4323245,1.4307387,0.43803158,0.0,0.0,1.0,0.67449075,4.5102105,0.0,0.15595603,1.7497813,1.0
5753,5.074027,1.4241873,1.4247487,0.46518418,0.0,0.0,1.0,0.6777366,4.4722576,0.0,0.12339411,1.3844459,1.0
5754,4.6883464,1.3941994,1.3324027,0.724669,0.0,0.0,1.0,0.6777366,4.3323917,0.0,0.11005154,1.2347462,1.0
5755,4.902277,1.3763666,1.300978,0.705917,0.0,0.0,1.0,0.6777366,4.2492185,0.0,0.12826642,1.439112,1.0
5756,4.854823,1.3715146,1.3723562,0.5241385,0.0,0.0,1.0,0.6777366,4.226588,0.0,0.12698033,1.4246824,1.0
5757,4.9453344,1.3641328,1.3107919,0.7235292,0.0,0.0,1.0,0.6777366,4.1921587,0.0,0.13488074,1.5133226,1.0
5758,5.070159,1.3594428,1.3169088,0.69105995,0.0,0.0,1.0,0.6777366,4.1702843,0.0,0.14407873,1.6165214,1.0
5759,3.311889,1.0474386,1.1207047,0.62975764,0.0,0.0,1.0,0.6777366,2.7150724,0.0,0.14510591,1.628046,1.0
5760,5.0756044,1.346901,1.2908126,0.81934106,0.0,0.0,1.0,0.6777366,4.1117887,0.0,0.14882053,1.669723,1.0
5761,3.6351774,1.0798299,1.1709871,0.8024508,0.0,0.0,1.0,0.6777366,2.866148,0.0,0.15745625,1.7666132,1.0
5762,3.4241204,1.0567023,1.1688387,0.8017975,0.0,0.0,1.0,0.6777366,2.7582788,0.0,0.1506017,1.6897072,1.0
5763,3.867367,1.1287005,1.2822108,0.59535253,0.0,0.0,1.0,0.6777366,3.0940843,0.0,0.15277275,1.7140658,1.0
5764,6.69223,1.5521427,1.7187802,0.552422,0.0,0.0,1.0,0.6777366,5.0690517,0.0,0.17067249,1.9148957,1.0
5765,4.8541064,1.2967559,1.2609102,0.6960394,0.0,0.0,1.0,1.0190948,3.8779078,0.0,0.15323375,1.719238,1.0
5766,5.232364,1.3044299,1.4843948,0.785898,0.0,0.0,1.0,1.0190948,3.9136999,0.0,0.17493084,1.9626731,1.0
5767,5.286641,1.2402138,1.3297796,0.8391085,0.0,0.0,1.0,1.0190948,3.6141908,0.0,0.20696881,2.3221297,1.0
5768,5.3918657,1.2603939,1.3398163,0.8017975,0.0,0.0,1.0,1.1270891,3.7083123,0.0,0.20474036,2.2971272,1.0
5769,5.370651,1.2564818,1.4147768,0.632815,0.0,0.0,1.0,1.3522925,3.690066,0.0,0.20510714,2.3012424,1.0
5770,5.2986083,1.2413832,1.4125555,0.6275704,0.0,0.0,1.0,1.3522925,3.619645,0.0,0.20724945,2.3252785,1.0
5771,5.355465,1.256852,1.3725137,0.8324742,0.0,0.0,1.0,1.3522925,3.691793,0.0,0.20388632,2.287545,1.0
5772,5.17877,1.2364926,1.4332055,0.65796274,0.0,0.0,1.0,1.3522925,3.5968351,0.0,0.20112899,2.2566087,1.0
5773,4.709987,1.1954482,1.3398186,0.4242992,0.0,0.0,1.0,1.3522925,3.4054005,0.0,0.18668513,2.0945528,1.0
5774,4.4865503,1.1778648,1.3271459,0.4242992,0.0,0.0,1.0,1.3522925,3.3233902,0.0,0.17825574,1.9999775,1.0
5775,5.642651,1.310868,1.3246807,0.8017975,0.0,0.0,1.0,1.3522925,3.9437277,0.0,0.19883154,2.230832,1.0
5776,5.9097238,1.3198693,1.3314533,0.8319436,0.0,0.0,1.0,1.3522925,3.9857104,0.0,0.21205744,2.3792226,1.0
5777,6.0337877,1.3264216,1.3516759,0.47894382,0.0,0.0,1.0,1.3522925,4.016271,0.0,0.21705066,2.435245,1.0
5778,6.5241127,1.4784814,1.91309,0.7651889,0.0,0.0,1.0,3.324328,4.7254896,0.17132695,0.18605563,2.08749,1.0
5779,4.5681343,1.1921872,1.2371278,0.7884397,0.0,0.0,1.0,5.2819524,3.390191,0.4660811,0.17761001,1.9927325,1.0
5780,4.711004,1.1797653,1.2635016,0.732429,0.0,0.0,1.0,7.2132096,3.3322546,0.75686526,0.19449413,2.1821675,1.0
5781,6.4535594,1.4269502,1.805353,0.78581506,0.0,0.0,1.0,7.851289,4.485144,0.85293907,0.20089,2.2539272,1.0
5782,4.777424,1.2057067,1.1819613,0.88329905,0.0,0.0,1.0,8.486597,3.4532473,0.9485957,0.18677805,2.0955954,1.0
5783,4.2169223,1.1453837,1.2522621,0.7555659,0.0,0.0,1.0,8.486597,3.171896,0.9485957,0.17302823,1.9413264,1.0
5784,2.9287422,0.9624174,1.4009697,0.7840923,0.0,0.0,1.0,9.119172,2.318527,1.0438408,0.15615147,1.751974,1.0
5785,8.300374,1.745332,1.7436787,0.7139598,0.0,0.0,1.0,20.172596,5.970102,2.7081246,0.18852635,2.1152108,1.0
5786,5.3291144,1.3377805,1.5757312,0.7768667,0.0,0.0,1.0,10.423543,4.0692496,1.2402364,0.1679713,1.8845891,1.0
5787,6.6380076,1.4396716,1.219969,0.91242933,0.0,0.0,1.0,10.423543,4.544478,1.2402364,0.20644169,2.3162155,1.0
5788,5.659789,1.3338032,1.3749385,0.75132483,0.0,0.0,1.0,11.050766,4.050699,1.3346756,0.19028695,2.1349642,1.0
5789,7.1478996,1.5326607,1.6532226,0.74905825,0.0,0.0,1.0,11.050766,4.978186,1.3346756,0.2001183,2.245269,1.0
5790,5.667522,1.3474858,1.5291979,0.8026108,0.0,0.0,1.0,11.675369,4.114516,1.4287205,0.1852469,2.0784163,1.0
5791,8.42687,1.6550475,1.6877648,0.60496515,0.0,0.0,1.0,11.675369,5.549008,1.4287205,0.22119913,2.4817898,1.0
5792,8.568554,1.6542245,1.6849763,0.5408815,0.0,0.0,1.0,11.675369,5.5451694,1.4287205,0.22797343,2.5577955,1.0
5793,7.7446795,1.5311645,1.5769087,0.799708,0.0,0.0,1.0,11.675369,4.971208,1.4287205,0.23120204,2.5940194,1.0
5794,5.1556344,1.1623318,1.456884,0.8679098,0.0,0.0,1.0,11.675369,3.2509434,1.4287205,0.23832771,2.6739676,1.0
5795,5.1324935,1.1562889,1.2085762,0.7233726,0.0,0.0,1.0,11.675369,3.2227585,1.4287205,0.2400311,2.693079,1.0
5796,5.410252,1.1875229,1.3038151,0.83054584,0.0,0.0,1.0,11.675369,3.3684363,1.4287205,0.24349026,2.7318897,1.0
5797,5.019956,1.1588267,1.1473396,0.814138,0.0,0.0,1.0,11.675369,3.2345953,1.4287205,0.22968714,2.5770228,1.0
5798,4.9095845,1.1982746,1.1418873,0.814138,0.0,0.0,1.0,11.675369,3.4185834,1.4287205,0.20019513,2.2461312,1.0
5799,5.763867,1.3280483,1.2399702,0.7735133,0.0,0.0,1.0,11.675369,4.023858,1.4287205,0.19924709,2.2354944,1.0
5800,5.6311736,1.301655,1.2034652,0.7735133,0.0,0.0,1.0,11.675369,3.9007578,1.4287205,0.20209596,2.2674577,1.0
5801,5.329723,1.2764573,1.2714561,0.60876447,0.0,0.0,1.0,11.675369,3.7832336,1.4287205,0.19322489,2.167927,1.0
5802,4.889655,1.2610023,1.2083642,0.7493027,0.0,0.0,1.0,11.675369,3.7111502,1.4287205,0.16999622,1.907308,1.0
5803,4.774172,1.2451425,1.1412003,0.79156774,0.0,0.0,1.0,11.675369,3.6371787,1.4287205,0.16873448,1.8931516,1.0
5804,4.4912887,1.1653479,1.1665404,0.6928165,0.0,0.0,1.0,11.675369,3.2650108,1.4287205,0.18477216,2.0730898,1.0
5805,4.2370086,1.1922388,1.1790296,0.43568668,0.0,0.0,1.0,11.675369,3.390432,1.4287205,0.15271488,1.7134165,1.0
5806,4.1544046,1.1787982,1.1005125,0.5641165,0.0,0.0,1.0,9.161088,3.3277438,1.050152,0.15238868,1.7097566,1.0
5807,3.9741592,1.1347833,1.1190964,0.6224827,0.0,0.0,1.0,5.3068852,3.1224546,0.4698352,0.15859023,1.7793361,1.0
5808,3.6779037,1.1101323,1.1047049,0.29311472,0.0,0.0,1.0,3.9988186,3.0074809,0.27288318,0.14589593,1.6369098,1.0
5809,3.4524899,1.089764,1.0863802,0.29311472,0.0,0.0,1.0,3.9988186,2.9124813,0.27288318,0.13634472,1.529748,1.0
5810,3.181013,1.033464,1.0768389,0.5141667,0.0,0.0,1.0,3.3402264,2.6498935,0.17372075,0.1401693,1.5726587,1.0
5811,3.4692826,1.0624876,1.0717641,0.52672154,0.0,0.0,1.0,2.6785405,2.785262,0.0740925,0.15166822,1.7016733,1.0
5812,3.5107834,1.0682441,1.0504196,0.33259928,0.0,0.0,1.0,2.6719823,2.812111,0.07310505,0.15239795,1.7098606,1.0
5813,4.1007175,1.1686116,1.4565408,0.61872596,0.0,0.0,1.0,2.665456,3.280233,0.07212242,0.15282546,1.7146572,1.0
5814,3.8827965,1.1723248,1.435623,0.63806087,0.0,0.0,1.0,2.665456,3.2975512,0.07212242,0.13432454,1.5070821,1.0
5815,2.9717963,1.0037633,0.92170775,0.6743426,0.0,0.0,1.0,2.0038807,2.5113676,0.0,0.13581657,1.5238224,1.0
5816,3.2023478,1.0334553,1.0244696,0.7416622,0.0,0.0,1.0,2.0038807,2.649853,0.0,0.14222425,1.5957147,1.0
5817,3.048029,1.0114061,1.296198,0.73424214,0.0,0.0,1.0,2.0038807,2.5470138,0.0,0.13922104,1.5620196,1.0
5818,2.9981513,1.0062748,0.9577493,0.7120177,0.0,0.0,1.0,2.0038807,2.5230813,0.0,0.13707758,1.5379705,1.0
5819,3.3621497,1.043449,0.96357375,0.6322929,0.0,0.0,1.0,1.3391415,2.6964648,0.0,0.1519961,1.7053521,1.0
5820,3.4056308,1.0489517,1.1881597,0.7053951,0.0,0.0,1.0,1.3391415,2.7221298,0.0,0.15307008,1.7174016,1.0
5821,3.453182,1.0423534,1.2565747,0.703718,0.0,0.0,1.0,1.3391415,2.6913545,0.0,0.16121243,1.8087565,1.0
5822,3.4185474,1.060658,1.2656734,0.5838461,0.0,0.0,1.0,1.3391415,2.7767286,0.0,0.1479901,1.6604058,1.0
5823,5.3391356,1.383671,1.3249274,0.52997607,0.0,0.0,1.0,1.3391415,4.2832866,0.0,0.1519022,1.7042984,1.0
5824,5.172548,1.3601485,1.3179133,0.52997607,0.0,0.0,1.0,3.9792848,4.173576,0.26994202,0.15008192,1.6838754,1.0
5825,4.777214,1.3092668,1.2940232,0.52997607,0.0,0.0,1.0,3.2828934,3.9362595,0.16508827,0.14353393,1.6104089,1.0
5826,4.047465,1.1987782,1.2614809,0.5187832,0.0,0.0,1.0,3.0383244,3.4209318,0.12826417,0.13576798,1.5232772,1.0
5827,3.9832742,1.2174875,1.2274671,0.5187832,0.0,0.0,1.0,3.2951572,3.5081935,0.16693479,0.123614185,1.3869151,1.0
5828,4.1341166,1.2349125,1.1548481,0.5860706,0.0,0.0,1.0,3.550885,3.5894654,0.20543903,0.12776904,1.4335314,1.0
5829,4.062516,1.2512956,1.1593976,0.52997607,0.0,0.0,1.0,3.8055234,3.665877,0.24377924,0.11668182,1.309136,1.0
5830,4.200299,1.2895232,1.1581504,0.52997607,0.0,0.0,1.0,4.0590878,3.8441741,0.28195775,0.112720035,1.264686,1.0
5831,4.4184303,1.3279759,1.159276,0.6519402,0.0,0.0,1.0,4.0590878,4.02352,0.28195775,0.114123285,1.28043,1.0
5832,5.459069,1.3631103,1.2241896,0.5299761,0.0,0.0,1.0,4.3115926,4.18739,0.3199767,0.16646536,1.8676928,1.0
5833,5.8709745,1.4535351,1.2557143,0.7851204,0.0,0.0,1.0,4.3115926,4.609138,0.3199767,0.15884508,1.7821956,1.0
5834,5.7389016,1.4554945,1.3073411,0.814576,0.0,0.0,1.0,4.5630536,4.618277,0.35783848,0.15092061,1.6932853,1.0
5835,5.639057,1.4811232,1.4967262,0.69441223,0.0,0.0,1.0,4.5630536,4.737811,0.35783848,0.13757022,1.5434978,1.0
5836,6.1274905,1.5026699,1.2542813,0.8159071,0.0,0.0,1.0,4.5630536,4.838307,0.35783848,0.15698232,1.7612959,1.0
5837,6.488377,1.5216395,1.3709358,0.73052317,0.0,0.0,1.0,4.813485,4.926782,0.39554527,0.1698441,1.9056014,1.0
5838,6.811935,1.5603268,1.4314063,0.53691006,0.0,0.0,1.0,4.813485,5.107223,0.39554527,0.1741284,1.9536699,1.0
5839,6.8059645,1.6123092,1.4735265,0.53691006,0.0,0.0,1.0,4.813485,5.3496733,0.39554527,0.15845093,1.7777733,1.0
5840,5.6742573,1.3391213,1.4356866,0.71710205,0.0,0.0,1.0,4.6731153,4.0755033,0.37441018,0.18902549,2.120811,1.0
5841,5.232987,1.3136653,1.481231,0.77330637,0.0,0.0,1.0,3.8848069,3.9567745,0.25571674,0.17126459,1.9215388,1.0
5842,4.963451,1.3001419,1.477391,0.73767686,0.0,0.0,1.0,3.8569639,3.8937004,0.25152448,0.1590922,1.7849681,1.0
5843,6.8936796,1.6578119,1.5671341,0.5794323,0.0,0.0,1.0,3.8569639,5.561901,0.25152448,0.15010491,1.6841334,1.0
5844,8.129967,1.7337127,1.580237,0.60960984,0.0,0.0,1.0,3.8569639,5.9159083,0.25152448,0.18443435,2.0692997,1.0
5845,7.8781276,1.7464175,1.5849649,0.60960984,0.0,0.0,1.0,3.2682264,5.975165,0.1628799,0.17023073,1.9099392,1.0
5846,7.519249,1.7181218,1.5666034,0.60960984,0.0,0.0,1.0,3.7046328,5.843191,0.22858842,0.16217369,1.8195416,1.0
5847,7.6444063,1.6906973,1.543845,0.60960984,0.0,0.0,1.0,3.7046328,5.7152815,0.22858842,0.17508425,1.9643942,1.0
5848,7.426244,1.6602898,1.5171872,0.60960984,0.0,0.0,1.0,3.7046328,5.573458,0.22858842,0.17378353,1.9498005,1.0
5849,6.936944,1.6204197,1.4871472,0.60960984,0.0,0.0,1.0,4.265194,5.3875012,0.31299058,0.16236724,1.8217131,1.0
5850,6.671895,1.5948579,1.4536651,0.60960984,0.0,0.0,1.0,3.4458492,5.268279,0.18962407,0.15697575,1.7612221,1.0
5851,6.5576186,1.5728984,1.4199474,0.60960984,0.0,0.0,1.0,3.4458492,5.165858,0.18962407,0.15773652,1.7697579,1.0
5852,4.591466,1.1689005,1.3316196,0.7254177,0.0,0.0,1.0,3.4458492,3.2815802,0.18962407,0.19077733,2.140466,1.0
5853,3.9605017,1.1257116,1.3316594,0.61455727,0.0,0.0,1.0,2.141761,3.0801437,0.0,0.16191332,1.8166202,1.0
5854,3.6896203,1.1176652,1.2836419,0.65858984,0.0,0.0,1.0,0.80561674,3.0426147,0.0,0.1432805,1.6075655,1.0
5855,3.2170384,1.0670694,1.1308093,0.6796442,0.0,0.0,1.0,0.4027678,2.806632,0.0,0.12636624,1.4177924,1.0
5856,3.5190532,1.1173329,1.1604605,0.6410936,0.0,0.0,1.0,0.4027678,3.041065,0.0,0.12915483,1.4490796,1.0
5857,3.2194386,1.0883235,0.9868467,0.641041,0.0,0.0,1.0,0.4027678,2.9057627,0.0,0.11661867,1.3084275,1.0
5858,3.4297116,1.1214379,1.0792973,0.5059261,0.0,0.0,1.0,0.42715448,3.060211,0.0,0.11987667,1.3449813,1.0
5859,3.3770604,1.08616,1.1203562,0.66384614,0.0,0.0,1.0,0.4027678,2.8956718,0.0,0.1314636,1.4749833,1.0
5860,3.131706,1.0605465,1.1028286,0.6683333,0.0,0.0,1.0,0.5383024,2.7762086,0.0,0.12173768,1.3658613,1.0
5861,2.7569015,1.0097566,0.99122,0.5732061,0.0,0.0,1.0,0.5383024,2.5393205,0.0,0.110948846,1.2448137,1.0
5862,2.9263718,1.0379862,0.9301359,0.6240645,0.0,0.0,1.0,0.5383024,2.6709855,0.0,0.11347762,1.2731858,1.0
5863,2.563296,0.97213686,0.9253521,0.7414362,0.0,0.0,1.0,0.5383024,2.3638592,0.0,0.11061383,1.2410549,1.0
5864,2.6111755,0.96894735,0.95194036,0.67690295,0.0,0.0,1.0,0.5233289,2.348983,0.0,0.117553234,1.318913,1.0
5865,2.7216876,0.9599291,1.1183151,0.808555,0.0,0.0,1.0,0.50465596,2.3069212,0.0,0.13491367,1.513692,1.0
5866,2.83366,0.95528156,1.0154473,0.91634583,0.0,0.0,1.0,0.67449075,2.2852447,0.0,0.15024096,1.6856598,1.0
5867,4.747692,1.3100458,1.2004473,0.88626736,0.0,0.0,1.0,0.67449075,3.939893,0.0,0.14134073,1.5858018,1.0
5868,5.0061517,1.314134,1.1966337,0.8956844,0.0,0.0,1.0,0.67993504,3.9589605,0.0,0.15648781,1.7557476,1.0
5869,4.9233403,1.3063905,1.3800341,0.72868806,0.0,0.0,1.0,0.67449075,3.9228444,0.0,0.1540767,1.7286956,1.0
5870,4.7390285,1.2831581,1.2347442,0.8470882,0.0,0.0,1.0,0.6792755,3.8144863,0.0,0.15085103,1.6925045,1.0
5871,6.637935,1.584709,1.3162794,0.7790854,0.0,0.0,1.0,0.8972461,5.220944,0.0,0.1582433,1.7754437,1.0
5872,7.202939,1.5969785,1.3574841,0.7778997,0.0,0.0,1.0,2.12385,5.2781696,0.0,0.18199253,2.0419033,1.0
5873,6.614557,1.5638102,1.2813106,0.81403697,0.0,0.0,1.0,2.6430285,5.12347,0.06874556,0.16324098,1.8315163,1.0
5874,6.370304,1.5605026,1.2607255,0.7790855,0.0,0.0,1.0,2.9009385,5.108043,0.10757837,0.15205702,1.7060355,1.0
5875,6.4207973,1.476221,1.2078867,0.78775364,0.0,0.0,1.0,3.15775,4.7149467,0.14624575,0.18126175,2.033704,1.0
5876,5.207709,1.367122,1.2543169,0.7630215,0.0,0.0,1.0,3.15775,4.206101,0.14624575,0.14977014,1.6803774,1.0
5877,4.963648,1.2981809,1.1206656,0.78497225,0.0,0.0,1.0,3.413478,3.8845541,0.18475002,0.15986943,1.7936884,1.0
5878,5.026692,1.3035748,1.2122183,0.81173456,0.0,0.0,1.0,3.5322611,3.9097116,0.20263489,0.16188192,1.816268,1.0
5879,4.6106215,1.3356755,1.1682333,0.82901007,0.0,0.0,1.0,4.8660126,4.0594316,0.40345418,0.12370581,1.3879431,1.0
5880,4.8574944,1.3416282,1.3692812,0.6307186,0.0,0.0,1.0,4.8660126,4.0871954,0.40345418,0.1371226,1.5384756,1.0
5881,4.43883,1.3174669,1.3775434,0.58279276,0.0,0.0,1.0,5.179288,3.9745052,0.4506232,0.11887901,1.3337879,1.0
5882,4.849781,1.3193566,1.3539857,0.61574847,0.0,0.0,1.0,5.179288,3.983319,0.4506232,0.14452186,1.6214932,1.0
5883,5.0229464,1.3606263,1.5236801,0.7313075,0.0,0.0,1.0,5.179288,4.1758046,0.4506232,0.14079027,1.5796258,1.0
5884,5.2267265,1.3736088,1.4932669,0.7313075,0.0,0.0,1.0,5.4912806,4.236356,0.4975991,0.14866161,1.66794,1.0
5885,5.191908,1.3982458,1.3890017,0.66997,0.0,0.0,1.0,5.4912806,4.3512645,0.4975991,0.13832681,1.5519865,1.0
5886,5.8040204,1.4420328,1.1540684,0.88938504,0.0,0.0,1.0,5.4912806,4.5554905,0.4975991,0.15892226,1.7830614,1.0
5887,4.664298,1.2875494,1.3838502,0.8059937,0.0,0.0,1.0,4.265194,3.8349679,0.31299058,0.144199,1.6178708,1.0
5888,6.134986,1.4593844,1.4069537,0.8999195,0.0,0.0,1.0,3.4458492,4.63642,0.18962407,0.17143714,1.9234748,1.0
5889,5.640893,1.4450908,1.3899622,0.8132787,0.0,0.0,1.0,3.4458492,4.569753,0.18962407,0.1488192,1.669708,1.0
5890,5.6157784,1.4318131,1.4184605,0.8132787,0.0,0.0,1.0,3.4458492,4.5078254,0.18962407,0.15171884,1.7022412,1.0
5891,5.3489122,1.4182689,1.3417292,0.8518551,0.0,0.0,1.0,3.4458492,4.444654,0.18962407,0.14093785,1.5812817,1.0
5892,5.819525,1.4246873,1.479421,0.76470995,0.0,0.0,1.0,3.4458492,4.47459,0.18962407,0.16567063,1.8587762,1.0
5893,4.4875736,1.2100626,1.2500037,0.9187397,0.0,0.0,1.0,2.8620172,3.4735634,0.10171808,0.16346802,1.8340635,1.0
5894,4.542022,1.2032799,1.3501819,0.94290906,0.0,0.0,1.0,2.423103,3.4419281,0.035631992,0.17052025,1.9131875,1.0
5895,4.1140676,1.135059,1.2466741,0.99331367,0.0,0.0,1.0,2.423103,3.1237407,0.035631992,0.16986239,1.9058065,1.0
5896,3.8312821,1.1223081,1.2134798,0.93805224,0.0,0.0,1.0,2.0825305,3.0642698,0.0,0.1528709,1.7151669,1.0
5897,5.0318003,1.3668752,1.6142806,0.7139138,0.0,0.0,1.0,1.8094299,4.2049494,0.0,0.13920338,1.5618215,1.0
5898,3.3390527,1.0415297,1.4622488,0.89904207,0.0,0.0,1.0,1.8094299,2.6875126,0.0,0.15086523,1.6926639,1.0
5899,2.8046513,0.9760424,1.1792753,0.72214556,0.0,0.0,1.0,1.8094299,2.3820748,0.0,0.13430408,1.5068526,1.0
5900,2.6895282,0.9389042,1.4075456,0.8862648,0.0,0.0,1.0,0.89286375,2.2088597,0.0,0.14454396,1.6217412,1.0
5901,2.2452815,0.8994205,1.1611769,0.8194186,0.0,0.0,1.0,0.4537057,2.0247045,0.0,0.11687162,1.3112655,1.0
5902,2.5041435,0.9327357,1.2541656,0.83522546,0.0,0.0,1.0,0.5505367,2.180089,0.0,0.12698135,1.4246937,1.0
5903,2.418748,0.9253854,1.136343,0.72214556,0.0,0.0,1.0,0.67449075,2.1458068,0.0,0.12152018,1.363421,1.0
5904,4.252212,1.2292303,1.2795241,0.6683308,0.0,0.0,1.0,0.67449075,3.562963,0.0,0.13839124,1.5527095,1.0
5905,4.645232,1.3062795,1.6718876,0.6660296,0.0,0.0,1.0,0.67449075,3.9223268,0.0,0.13606292,1.5265863,1.0
5906,2.3749042,0.908522,1.5806711,0.8336763,0.0,0.0,1.0,0.67449075,2.0671546,0.0,0.12704073,1.42536,1.0
5907,2.3797631,0.89422625,1.6205317,0.7885893,0.0,0.0,1.0,0.67449075,2.000478,0.0,0.13741057,1.5417066,1.0
5908,2.2783642,0.8679925,1.0921078,0.7134404,0.0,0.0,1.0,0.67449075,1.8781219,0.0,0.14339758,1.6088791,1.0
5909,4.701422,1.2829956,1.6721151,0.72318995,0.0,0.0,1.0,0.67449075,3.8137286,0.0,0.14840281,1.6650363,1.0
5910,2.2827518,0.85963905,1.2107526,0.9069076,0.0,0.0,1.0,0.8451342,1.8391606,0.0,0.15054941,1.6891205,1.0
5911,2.175224,0.85072416,0.79719126,0.41071585,0.0,0.0,1.0,0.8451342,1.7975808,0.0,0.14262761,1.6002402,1.0
5912,7.1456823,1.762908,1.7223319,0.5895172,0.0,0.0,1.0,0.9668519,6.0520773,0.0,0.13514462,1.5162833,1.0
5913,7.292183,1.7776767,1.716061,0.6385005,0.0,0.0,1.0,1.0247334,6.1209598,0.0,0.13785595,1.5467036,1.0
5914,6.0698013,1.5406587,1.5365814,0.9058077,0.0,0.0,1.0,0.91424817,5.0154896,0.0,0.14265996,1.6006032,1.0
5915,2.117287,0.7974154,0.7774203,0.2509387,0.0,0.0,1.0,0.91424817,1.5489445,0.0,0.1825671,2.0483496,1.0
5916,2.3767161,0.8612859,0.9909759,0.8679239,0.0,0.0,1.0,1.0919664,1.8468418,0.0,0.16219121,1.8197381,1.0
5917,5.862129,1.5148364,1.5322458,0.9025052,0.0,0.0,1.0,1.3554482,4.8950524,0.0,0.13943884,1.5644631,1.0
5918,1.6373808,0.72768784,0.709851,0.28774387,0.0,0.0,1.0,1.3554482,1.2237298,0.0,0.1752082,1.9657849,1.0
5919,2.0801022,0.7766648,0.6962857,0.60844696,0.0,0.0,1.0,0.957379,1.4521621,0.0,0.19924563,2.235478,1.0
5920,2.2340763,0.81326747,0.65970755,0.6609635,0.0,0.0,1.0,1.0141711,1.62288,0.0,0.18503465,2.0760348,1.0
5921,1.9134076,0.80706406,1.4808635,0.8889359,0.0,0.0,1.0,1.0141711,1.5939467,0.0,0.14016697,1.5726326,1.0
5922,5.429035,1.4722013,1.7045611,0.8795537,0.0,0.0,1.0,1.0141711,4.696199,0.0,0.12886733,1.4458538,1.0
5923,1.753412,0.7712218,0.7133911,0.25216064,0.0,0.0,1.0,1.3555045,1.4267757,0.0,0.1474276,1.6540948,1.0
5924,1.7379395,0.76911443,0.73089474,0.46949628,0.0,0.0,1.0,1.3555045,1.4169468,0.0,0.14681774,1.6472523,1.0
5925,1.9135484,0.787663,0.7394741,0.2262866,0.0,0.0,1.0,1.3555045,1.5034586,0.0,0.15858935,1.7793263,1.0
5926,1.7198315,0.76473147,0.6966371,0.7107211,0.0,0.0,1.0,1.3555045,1.3965043,0.0,0.14808792,1.6615033,1.0
5927,1.7034124,0.74385995,0.6385075,0.6520378,0.0,0.0,1.0,1.3555045,1.2991579,0.0,0.16836868,1.8890475,1.0
5928,2.2084055,0.80213165,0.7437337,0.622505,0.0,0.0,1.0,1.3555045,1.5709416,0.0,0.19246352,2.1593845,1.0
5929,2.1064177,0.7923957,0.7514571,0.5159043,0.0,0.0,1.0,1.5817877,1.5255324,0.0,0.18609485,2.08793,1.0
5930,2.034931,0.78996426,0.7847435,0.66041523,0.0,0.0,1.0,1.0239162,1.514192,0.0,0.17670578,1.9825873,1.0
5931,1.621503,0.74432325,0.66303456,0.5830141,0.0,0.0,1.0,1.0239162,1.3013188,0.0,0.15178543,1.7029884,1.0
5932,1.7329571,0.74499375,0.9520469,0.7575393,0.0,0.0,1.0,1.0190312,1.304446,0.0,0.17278281,1.9385728,1.0
5933,5.788171,1.518755,1.6820421,0.8776726,0.0,0.0,1.0,1.0141926,4.9133286,0.0,0.13447127,1.5087284,1.0
5934,1.1910604,0.6838794,1.2505082,0.8615462,0.0,0.0,1.0,1.0141926,1.0194037,0.0,0.13200988,1.4811124,1.0
5935,1.5677133,0.7619419,1.2929491,0.9215219,0.0,0.0,1.0,1.0141926,1.3834935,0.0,0.12303743,1.380444,1.0
5936,1.5675702,0.74810237,0.9065555,0.9220251,0.0,0.0,1.0,1.0141926,1.3189448,0.0,0.13713197,1.5385808,1.0
5937,1.7522941,0.77799195,1.2766695,0.93596625,0.0,0.0,1.0,1.0141926,1.4583522,0.0,0.14045629,1.5758786,1.0
5938,1.3245573,0.72672445,0.62258834,0.5449379,0.0,0.0,1.0,1.0141926,1.2192365,0.0,0.111126535,1.2468073,1.0
5939,1.3047645,0.7275923,1.1669269,0.93693143,0.0,0.0,1.0,1.1270635,1.2232842,0.0,0.10609082,1.1903081,1.0
5940,4.7786636,1.2938465,1.653067,0.7623342,0.0,0.0,1.0,1.1270635,3.864338,0.0,0.14938153,1.6760173,1.0
5941,4.563346,1.2792772,1.6292024,0.8167093,0.0,0.0,1.0,1.1270635,3.7963858,0.0,0.14057502,1.5772108,1.0
5942,3.7513957,1.1355832,1.4252379,0.38548452,0.0,0.0,1.0,1.1270635,3.1261854,0.0,0.1400575,1.5714043,1.0
5943,1.8185208,0.78358656,0.7561775,0.8815473,0.0,0.0,1.0,1.581858,1.4844458,0.0,0.14643884,1.6430011,1.0
5944,3.9869137,1.1946058,1.1970084,0.57268834,0.0,0.0,1.0,1.581858,3.4014719,0.0,0.13295844,1.491755,1.0
5945,4.370822,1.2948315,1.3942931,0.48674202,0.0,0.0,1.0,1.581858,3.8689322,0.0,0.12216335,1.3706372,1.0
5946,1.7786076,0.78358847,0.81371397,0.7727114,0.0,0.0,1.0,1.581858,1.4844548,0.0,0.13958995,1.5661585,1.0
5947,1.7139075,0.7549986,0.79034436,0.46937487,0.0,0.0,1.0,1.1930096,1.3511095,0.0,0.15750818,1.7671959,1.0
5948,2.3038075,0.8950156,1.0951614,0.6568626,0.0,0.0,1.0,0.9576119,2.0041597,0.0,0.12720293,1.4271798,1.0
5949,3.3797934,1.0968667,1.2635148,0.5320217,0.0,0.0,1.0,0.9576119,2.945609,0.0,0.126665,1.4211444,1.0
5950,4.434,1.2978904,1.3332858,0.47070494,0.0,0.0,1.0,0.95210564,3.8831992,0.0,0.12524949,1.4052628,1.0
5951,4.5588303,1.313327,1.336281,0.47070494,0.0,0.0,1.0,1.0142143,3.9551964,0.0,0.12799363,1.4360512,1.0
5952,4.5175185,1.3111273,1.3326638,0.50941026,0.0,0.0,1.0,1.0142143,3.944937,0.0,0.1260902,1.4146953,1.0
5953,4.492693,1.3027939,1.324537,0.50941026,0.0,0.0,1.0,1.0142143,3.9060693,0.0,0.12737346,1.4290931,1.0
5954,4.407429,1.2996005,1.3229834,0.50941026,0.0,0.0,1.0,1.0142143,3.891175,0.0,0.12291459,1.3790659,1.0
5955,4.391902,1.2960802,1.322353,0.50941026,0.0,0.0,1.0,1.0142143,3.8747563,0.0,0.12311632,1.3813293,1.0
5956,3.078442,1.0370331,1.0900661,0.5493297,0.0,0.0,1.0,1.0142143,2.6665401,0.0,0.1284654,1.4413444,1.0
5957,3.0194428,1.023811,1.0630915,0.66480964,0.0,0.0,1.0,1.1270891,2.6048713,0.0,0.12965764,1.454721,1.0
5958,2.86687,0.9905349,1.0074564,0.6386549,0.0,0.0,1.0,1.3522925,2.4496691,0.0,0.13249876,1.4865974,1.0
5959,2.5984223,0.9399048,0.8895347,0.7185596,0.0,0.0,1.0,1.3522925,2.2135265,0.0,0.13340902,1.4968103,1.0
5960,2.5644073,0.93514687,0.76114696,0.84148973,0.0,0.0,1.0,2.0334477,2.191335,0.0,0.13248342,1.4864254,1.0
5961,2.5457036,0.94208145,0.74211,0.71482086,0.0,0.0,1.0,2.0334477,2.2236784,0.0,0.12600698,1.4137615,1.0
5962,3.113785,1.0272199,0.9353038,0.8348082,0.0,0.0,1.0,3.9798667,2.6207707,0.27002963,0.1370339,1.5374804,1.0
5963,3.5511446,1.1009706,0.9899408,0.8792859,0.0,0.0,1.0,6.57232,2.9647498,0.66036826,0.13949661,1.5651113,1.0
5964,3.0509822,1.0280919,0.9551768,0.7659669,0.0,0.0,1.0,7.2132096,2.6248379,0.75686526,0.13047214,1.4638593,1.0
5965,3.9714768,1.2368711,1.3017993,0.45338696,0.0,0.0,1.0,7.851289,3.5986004,0.85293907,0.11551536,1.2960486,1.0
5966,3.8848732,1.2144036,1.1529818,0.82149404,0.0,0.0,1.0,7.851289,3.4938104,0.85293907,0.11763232,1.3198004,1.0
5967,4.729276,1.4398321,1.282439,0.9302345,0.0,0.0,1.0,8.486597,4.545226,0.9485957,0.09944056,1.1156942,1.0
5968,4.312611,1.333129,1.2090127,0.88573706,0.0,0.0,1.0,9.119172,4.047555,1.0438408,0.105804995,1.1871012,1.0
5969,4.071423,1.2675728,1.2642246,0.9397877,0.0,0.0,1.0,9.119172,3.7417953,1.0438408,0.111562245,1.2516959,1.0
5970,3.7638683,1.1918484,1.3750945,0.7562887,0.0,0.0,1.0,20.172596,3.3886108,2.7081246,0.11732944,1.3164022,1.0
5971,5.251273,1.4850171,1.4698757,0.7560891,0.0,0.0,1.0,10.423543,4.7559724,1.2402364,0.115649275,1.2975512,1.0
5972,4.6572027,1.3713288,1.4310162,0.54585034,0.0,0.0,1.0,10.423543,4.225722,1.2402364,0.11513114,1.2917378,1.0
5973,5.1284046,1.4594712,1.4497834,0.40133876,0.0,0.0,1.0,11.050766,4.6368246,1.3346756,0.116126396,1.3029044,1.0
5974,5.54069,1.5290284,1.4729654,0.47497168,0.0,0.0,1.0,11.050766,4.961245,1.3346756,0.11887097,1.3336977,1.0
5975,4.9470563,1.3501883,1.1560351,0.9714412,0.0,0.0,1.0,11.675369,4.1271205,1.4287205,0.139721,1.567629,1.0
5976,5.993576,1.5948646,1.5186528,0.47840708,0.0,0.0,1.0,11.675369,5.26831,1.4287205,0.12418601,1.3933308,1.0
5977,5.8595324,1.5639715,1.5429418,0.5298048,0.0,0.0,1.0,11.675369,5.1242223,1.4287205,0.12567091,1.409991,1.0
5978,2.166308,0.85612154,0.910774,0.9601858,0.0,0.0,1.0,11.675369,1.8227546,1.4287205,0.13712612,1.5385151,1.0
5979,2.8891482,0.97794634,1.4070967,0.8082689,0.0,0.0,1.0,11.675369,2.390955,1.4287205,0.14219004,1.5953308,1.0
5980,3.9603758,1.1865098,1.4400792,0.7943124,0.0,0.0,1.0,11.675369,3.3637116,1.4287205,0.13430007,1.5068077,1.0
5981,6.096174,1.5515562,1.5014145,0.5346462,0.0,0.0,1.0,11.675369,5.0663166,1.4287205,0.14089374,1.5807867,1.0
5982,3.99729,1.240316,1.3718176,0.60806376,0.0,0.0,1.0,11.675369,3.614668,1.4287205,0.116084665,1.3024361,1.0
5983,5.913681,1.5825611,1.4729173,0.7352222,0.0,0.0,1.0,11.675369,5.2109256,1.4287205,0.123472,1.3853198,1.0
5984,3.2895129,1.1108388,1.0640495,0.89808655,0.0,0.0,1.0,11.675369,3.0107758,1.4287205,0.1127047,1.264514,1.0
5985,3.292071,1.1265361,1.1241944,0.30906913,0.0,0.0,1.0,11.675369,3.0839894,1.4287205,0.106310785,1.1927761,1.0
5986,3.277454,1.1138355,1.1396037,0.72359043,0.0,0.0,1.0,11.675369,3.0247524,1.4287205,0.1104038,1.2386985,1.0
5987,3.6194873,1.1468278,1.0312628,0.9996249,0.0,0.0,1.0,11.675369,3.1786315,1.4287205,0.124447756,1.3962675,1.0
5988,3.2008617,1.0752826,1.2201244,0.9763821,0.0,0.0,1.0,11.675369,2.8449388,1.4287205,0.12098797,1.3574498,1.0
5989,3.4226499,1.0860769,1.183881,0.9716761,0.0,0.0,1.0,11.675369,2.8952842,1.4287205,0.13551319,1.5204185,1.0
5990,2.7454112,1.0187122,0.99777514,0.4483637,0.0,0.0,1.0,11.646783,2.58109,1.4244162,0.10534101,1.1818955,1.0
5991,3.0761385,1.0994853,1.1516352,0.7278909,0.0,0.0,1.0,5.927346,2.957822,0.5632563,0.09931533,1.114289,1.0
5992,2.4476097,0.99009335,0.9372184,0.4823334,0.0,0.0,1.0,4.6316214,2.4476097,0.36816254,0.08705993,0.97678703,0.0
5993,2.9057925,1.0801924,1.2135555,0.7601225,0.0,0.0,1.0,3.9792848,2.8678389,0.26994202,0.09249903,1.0378122,1.0
5994,2.5804887,0.99905074,1.0156109,0.3729972,0.0,0.0,1.0,3.3239098,2.4893875,0.171264,0.098448135,1.1045594,1.0
5995,2.7520678,1.0553706,0.9968951,0.5957669,0.0,0.0,1.0,2.665456,2.7520678,0.07212242,0.06774771,0.7601096,0.0
5996,2.221811,0.9416811,0.96952593,0.81834966,0.0,0.0,1.0,2.665456,2.221811,0.07212242,0.076494575,0.85824686,0.0
5997,2.320357,0.95560694,0.7594687,0.84043235,0.0,0.0,1.0,2.665456,2.2867622,0.07212242,0.09287001,1.0419744,1.0
5998,2.1864784,0.9341056,0.8947507,0.77740496,0.0,0.0,1.0,2.0038807,2.1864784,0.0,0.052596178,0.5901138,0.0
5999,2.2535372,0.9484833,0.9243947,0.19890362,0.0,0.0,1.0,2.0038807,2.2535372,0.0,0.07974868,0.894757,0.0
6000,2.6588483,0.9703856,0.96234196,0.6003264,0.0,0.0,1.0,2.0038807,2.3556912,0.0,0.12190061,1.3676894,1.0
6001,2.5103402,0.9746315,0.9167225,0.35882646,0.0,0.0,1.0,1.3391415,2.3754942,0.0,0.10358443,1.1621871,1.0
6002,2.1496952,0.9253607,0.9042908,0.5379747,0.0,0.0,1.0,1.3391415,2.1456914,0.0,0.089604065,1.0053315,1.0
6003,2.6796973,0.9793314,0.99861956,0.63931715,0.0,0.0,1.0,1.3391415,2.397415,0.0,0.11911296,1.3364127,1.0
6004,2.4429681,0.9334261,0.9102573,0.8170539,0.0,0.0,1.0,1.3391415,2.183309,0.0,0.11941466,1.3397976,1.0
6005,3.1383886,1.1042174,1.0596657,0.8230877,0.0,0.0,1.0,0.6711959,2.9798932,0.0,0.102673486,1.1519666,1.0
6006,3.0279758,1.1083066,1.0484962,0.9105295,0.0,0.0,1.0,0.6711959,2.9989657,0.0,0.09159224,1.0276382,1.0
6007,2.1605458,0.9085129,0.93605095,0.7321788,0.0,0.0,1.0,0.6711959,2.067112,0.0,0.1006393,1.1291436,1.0
6008,4.6148424,1.4131895,1.4417294,0.50543344,0.0,0.0,1.0,0.6711959,4.4209633,0.0,0.10029658,1.1252984,1.0
6009,3.3353908,1.1400653,1.4579138,0.6000631,0.0,0.0,1.0,0.22409688,3.1470907,0.0,0.10436561,1.1709517,1.0
6010,2.9083042,1.0785137,1.3314474,0.7268291,0.0,0.0,1.0,0.33641964,2.8600092,0.0,0.093429066,1.0482469,1.0
6011,2.9814944,1.0583836,0.9767169,0.9136149,0.0,0.0,1.0,0.67449075,2.7661207,0.0,0.10895656,1.2224609,1.0
6012,5.179351,1.4617159,1.4468507,0.6848164,0.0,0.0,1.0,0.67449075,4.647294,0.0,0.11828353,1.3271067,1.0
6013,3.172774,1.0864714,1.056989,0.96440023,0.0,0.0,1.0,0.67449075,2.8971245,0.0,0.11335817,1.2718456,1.0
6014,2.8611739,1.0747576,1.1224102,0.96708894,0.0,0.0,1.0,0.67449075,2.8424902,0.0,0.09080271,1.0187799,1.0
6015,4.7750235,1.4635015,1.4644805,0.7819962,0.0,0.0,1.0,0.67449075,4.655622,0.0,0.09565992,1.0732764,1.0
6016,4.7244353,1.3581439,1.4443468,0.940318,0.0,0.0,1.0,0.67449075,4.164226,0.0,0.12338722,1.3843687,1.0
6017,4.8256974,1.4637712,1.4435015,0.7289428,0.0,0.0,1.0,0.67449075,4.6568804,0.0,0.098360345,1.1035744,1.0
6018,4.9563446,1.4667201,1.4234513,0.4936022,0.0,0.0,1.0,0.9995715,4.6706343,0.0,0.104706466,1.1747761,1.0
6019,2.7251027,0.97429866,0.97408676,0.6315994,0.0,0.0,1.0,2.6345098,2.373942,0.06746292,0.12679808,1.4226375,1.0
6020,5.73158,1.4935155,1.4483984,0.7931425,0.0,0.0,1.0,3.5977743,4.79561,0.21249902,0.13883023,1.5576347,1.0
6021,5.4690366,1.5079383,1.4065323,0.83238226,0.0,0.0,1.0,3.9160328,4.862879,0.26041833,0.120871484,1.3561429,1.0
6022,5.7774014,1.5021579,1.3115581,0.98240507,0.0,0.0,1.0,4.232909,4.835919,0.30812955,0.13870625,1.5562438,1.0
6023,5.541169,1.5663561,1.4019381,0.8337716,0.0,0.0,1.0,4.548422,5.135344,0.35563543,0.10925312,1.2257882,1.0
6024,5.8649883,1.5873196,1.4289387,0.80787474,0.0,0.0,1.0,4.548422,5.2331195,0.35563543,0.11987687,1.3449836,1.0
6025,3.7218664,1.1560451,1.1353732,0.9898565,0.0,0.0,1.0,4.8625913,3.2216215,0.40293905,0.12867087,1.4436496,1.0
6026,3.622303,1.1257167,0.9936625,0.8226928,0.0,0.0,1.0,4.8625913,3.0801675,0.40293905,0.13395011,1.5028813,1.0
6027,3.8775938,1.2254838,1.0974396,0.81652766,0.0,0.0,1.0,5.1754346,3.545489,0.45004302,0.11298221,1.2676275,1.0
6028,3.4869223,1.1622821,1.0746465,0.5027582,0.0,0.0,1.0,5.1754346,3.2507114,0.45004302,0.10763313,1.2076124,1.0
6029,4.3880315,1.2911154,1.4506923,0.84151083,0.0,0.0,1.0,5.486972,3.8516,0.49695033,0.12459579,1.3979285,1.0
6030,4.7681556,1.394478,1.3333286,0.9870762,0.0,0.0,1.0,5.486972,4.333691,0.49695033,0.114658624,1.2864363,1.0
6031,4.9860287,1.429334,1.4245458,0.9430462,0.0,0.0,1.0,5.79722,4.4962626,0.54366356,0.11686766,1.3112211,1.0
6032,4.6356316,1.3519047,1.3431237,1.0187134,0.0,0.0,1.0,5.79722,4.135126,0.54366356,0.119951546,1.3458214,1.0
6033,4.4071655,1.2989084,1.2857771,1.0317166,0.0,0.0,1.0,5.79722,3.8879468,0.54366356,0.12313682,1.3815593,1.0
6034,4.08599,1.2307608,1.2949094,0.95287365,0.0,0.0,1.0,5.79722,3.5701015,0.54366356,0.125927,1.4128642,1.0
6035,3.99244,1.1736243,1.2665629,1.0077511,0.0,0.0,1.0,5.79722,3.3036122,0.54366356,0.1422261,1.5957354,1.0
6036,4.9861,1.3446302,1.3092878,0.9447373,0.0,0.0,1.0,5.79722,4.1011972,0.54366356,0.14407478,1.6164771,1.0
6037,5.111227,1.433374,1.35735,0.95532227,0.0,0.0,1.0,4.536587,4.5151052,0.35385352,0.12275041,1.3772238,1.0
6038,5.012701,1.3355192,1.2005672,0.84588426,0.0,0.0,1.0,4.4229355,4.058703,0.3367413,0.14898527,1.6715713,1.0
6039,4.1948786,1.2350907,1.2233412,0.8959435,0.0,0.0,1.0,4.4229355,3.5902965,0.3367413,0.13201092,1.481124,1.0
6040,4.7662888,1.3514344,1.5897238,0.89499515,0.0,0.0,1.0,4.4229355,4.132932,0.3367413,0.12815365,1.4378467,1.0
6041,3.916848,1.1957461,1.2397025,0.95317435,0.0,0.0,1.0,4.2635303,3.40679,0.3127401,0.12725516,1.4277657,1.0
6042,4.1920195,1.2395995,1.2369832,0.7948917,0.0,0.0,1.0,4.2635303,3.6113257,0.3127401,0.1300767,1.4594227,1.0
6043,4.139419,1.2372873,1.2250749,0.7948917,0.0,0.0,1.0,4.2635303,3.6005414,0.3127401,0.12724183,1.4276164,1.0
6044,3.994958,1.2057954,1.1589141,0.5476966,0.0,0.0,1.0,4.2635303,3.453661,0.3127401,0.12904112,1.4478037,1.0
6045,3.7415164,1.1569183,1.1165146,0.40245745,0.0,0.0,1.0,4.2635303,3.2256942,0.3127401,0.1298507,1.456887,1.0
6046,3.7354968,1.1752696,1.0730778,0.73600394,0.0,0.0,1.0,4.2635303,3.3112862,0.3127401,0.12175273,1.3660302,1.0
6047,3.4908073,1.1216954,1.0325942,0.72820216,0.0,0.0,1.0,2.2354689,3.0614119,0.0073804203,0.12484678,1.4007444,1.0
6048,3.3318326,1.1000415,0.9905746,0.7640714,0.0,0.0,1.0,1.1944683,2.9604166,0.0,0.12107794,1.3584592,1.0
6049,3.316106,1.0905511,0.9750299,0.7571123,0.0,0.0,1.0,0.9312364,2.9161527,0.0,0.12405493,1.3918601,1.0
6050,3.2886357,1.0868857,0.9617533,0.7571123,0.0,0.0,1.0,0.9312364,2.8990567,0.0,0.12334959,1.3839465,1.0
6051,3.3471453,1.0908685,0.95462173,0.60001653,0.0,0.0,1.0,0.66677845,2.9176326,0.0,0.12661718,1.4206078,1.0
6052,3.095027,1.0736319,1.0246302,0.5748694,0.0,0.0,1.0,0.66677845,2.83724,0.0,0.112266324,1.2595954,1.0
6053,3.2164147,1.1012235,0.97488755,0.7163839,0.0,0.0,1.0,0.40364873,2.9659293,0.0,0.110635474,1.2412978,1.0
6054,3.2984076,1.1196363,1.1342124,0.45386067,0.0,0.0,1.0,2.2354689,3.051808,0.0073804203,0.10970603,1.2308697,1.0
6055,3.400302,1.1427904,1.1263787,0.42227808,0.0,0.0,1.0,2.7490394,3.1598008,0.084707335,0.1085113,1.2174652,1.0
6056,3.2653272,1.1291622,1.0985146,0.2700503,0.0,0.0,1.0,3.0041475,3.0962377,0.12311827,0.103035875,1.1560324,1.0
6057,3.275096,1.1567452,1.0266025,0.56486243,0.0,0.0,1.0,3.2581582,3.224887,0.16136396,0.09309362,1.0444833,1.0
6058,3.266971,1.1657683,1.133496,0.56811625,0.0,0.0,1.0,3.511087,3.266971,0.19944675,0.081873596,0.9185979,0.0
6059,3.3827944,1.1896038,1.1826401,0.29317597,0.0,0.0,1.0,3.511087,3.3781419,0.19944675,0.08947959,1.0039349,1.0
6060,4.180473,1.2775042,1.2209347,0.5097495,0.0,0.0,1.0,3.7629485,3.7881162,0.23736885,0.11550483,1.2959305,1.0
6061,3.8328147,1.2428851,1.2448019,0.41337112,0.0,0.0,1.0,4.8643036,3.62665,0.40319687,0.103605196,1.1624202,1.0
6062,4.2649546,1.2695307,1.261399,0.34254378,0.0,0.0,1.0,5.177363,3.750927,0.45033336,0.124026686,1.3915433,1.0
6063,4.3571744,1.3009981,1.2559966,0.7720093,0.0,0.0,1.0,5.177363,3.8976936,0.45033336,0.119148836,1.3368152,1.0
6064,4.090591,1.3305433,1.2628276,0.5036107,0.0,0.0,1.0,5.177363,4.035495,0.45033336,0.09260565,1.0390084,1.0
6065,3.8755965,1.2785602,1.2608099,0.611668,0.0,0.0,1.0,5.489128,3.7930415,0.497275,0.09467139,1.0621854,1.0
6066,4.3363914,1.358376,1.3060855,0.6987673,0.0,0.0,1.0,5.489128,4.165309,0.497275,0.09958834,1.1173521,1.0
6067,4.434799,1.3800865,1.3408006,0.7376684,0.0,0.0,1.0,5.489128,4.266568,0.497275,0.09916987,1.1126571,1.0
6068,4.7553215,1.4168531,1.5370992,0.8430761,0.0,0.0,1.0,5.489128,4.4380503,0.497275,0.10733379,1.2042538,1.0
6069,6.2892036,1.7732451,1.6614043,0.58221793,0.0,0.0,1.0,5.489128,6.100291,0.497275,0.097014956,1.0884795,1.0
6070,4.5453053,1.3727444,1.5580368,0.85011923,0.0,0.0,1.0,5.489128,4.232324,0.497275,0.10796059,1.2112863,1.0
6071,4.5648913,1.3704141,1.3441329,0.7567679,0.0,0.0,1.0,5.489128,4.2214556,0.497275,0.1098462,1.2324424,1.0
6072,5.0193753,1.4051462,1.2763761,0.818592,0.0,0.0,1.0,5.489128,4.3834486,0.497275,0.12607267,1.4144987,1.0
6073,4.181475,1.3238348,1.3946371,0.5362186,0.0,0.0,1.0,4.2635303,4.0042057,0.3127401,0.10040263,1.1264882,1.0
6074,3.9607346,1.2859303,1.3210907,0.43303928,0.0,0.0,1.0,3.4444954,3.8274162,0.18942025,0.09799912,1.0995215,1.0
6075,3.8137395,1.282998,1.2654585,0.69461286,0.0,0.0,1.0,3.4444954,3.8137395,0.18942025,0.08605819,0.96554786,0.0
6076,3.8653834,1.2401433,1.2349869,0.55692637,0.0,0.0,1.0,3.4444954,3.613862,0.18942025,0.10685253,1.1988543,1.0
6077,3.8482997,1.2480185,1.2348108,0.9674848,0.0,0.0,1.0,2.8608966,3.6505928,0.101549365,0.10292028,1.1547356,1.0
6078,3.7843719,1.22554,1.2685131,0.9769151,0.0,0.0,1.0,2.422149,3.5457513,0.03548833,0.10626647,1.1922789,1.0
6079,4.6649,1.4531429,1.3815236,0.59549063,0.0,0.0,1.0,2.422149,4.607309,0.03548833,0.09231203,1.035714,1.0
6080,4.4521866,1.419884,1.3831594,0.575531,0.0,0.0,1.0,2.1784222,4.4521866,0.0,0.08819525,0.989525,0.0
6081,4.377262,1.4038198,1.3834962,0.74380213,0.0,0.0,1.0,1.9558592,4.377262,0.0,0.079847895,0.8958701,0.0
6082,3.541811,1.2246952,1.1366352,1.061095,0.0,0.0,1.0,1.0091053,3.541811,0.0,0.0749851,0.841311,0.0
6083,3.2008498,1.1515915,1.123714,0.76186866,0.0,0.0,1.0,0.44535023,3.2008498,0.0,0.07990894,0.896555,0.0
6084,3.077325,1.1251073,1.0406967,0.8036819,0.0,0.0,1.0,0.3974255,3.077325,0.0,0.082484834,0.9254558,0.0
6085,3.270026,1.1664232,1.1721897,0.96733606,0.0,0.0,1.0,0.44750562,3.270026,0.0,0.06505214,0.729866,0.0
6086,3.2995706,1.1727577,1.1547863,0.8541747,0.0,0.0,1.0,0.47164515,3.2995706,0.0,0.06146051,0.689569,0.0
6087,3.3648002,1.1867433,1.7054515,0.6170437,0.0,0.0,1.0,0.5866143,3.3648002,0.0,0.072310045,0.81129766,0.0
6088,3.141308,1.1388255,1.2287834,0.8892207,0.0,0.0,1.0,0.5866143,3.141308,0.0,0.084758736,0.9509683,0.0
6089,3.1396396,1.1011561,1.1148257,1.0016137,0.0,0.0,1.0,0.6274908,2.965615,0.0,0.10407216,1.1676593,1.0
6090,3.0500295,1.0903417,1.4186991,0.9577572,0.0,0.0,1.0,0.67449075,2.9151757,0.0,0.10090898,1.1321694,1.0
6091,2.7780185,1.0609345,1.2863213,0.48198172,0.0,0.0,1.0,0.6829986,2.7780185,0.0,0.08833002,0.99103713,0.0
6092,3.4967945,1.2150434,1.2040443,0.21402015,0.0,0.0,1.0,0.75307596,3.4967945,0.0,0.08270716,0.9279502,0.0
6093,3.6741223,1.2124517,1.194549,0.26395816,0.0,0.0,1.0,0.82637066,3.4847064,0.0,0.102970935,1.1553038,1.0
6094,2.716483,1.047741,1.0009148,0.5525922,0.0,0.0,1.0,0.82637066,2.716483,0.0,0.08522759,0.9562287,0.0
6095,2.795408,1.0646629,1.2021006,0.27830306,0.0,0.0,1.0,0.82637066,2.795408,0.0,0.08679205,0.9737815,0.0
6096,2.687258,1.041475,1.1084123,0.31846583,0.0,0.0,1.0,0.82637066,2.687258,0.0,0.08493789,0.95297843,0.0
6097,2.7135448,1.0307786,1.0980186,0.32913274,0.0,0.0,1.0,0.82637066,2.6373692,0.0,0.09648409,1.0825233,1.0
6098,3.7349632,1.2074584,1.1117792,0.79773474,0.0,0.0,1.0,0.97898966,3.4614172,0.0,0.109253466,1.225792,1.0
6099,3.6492524,1.1806386,1.1485639,0.88311785,0.0,0.0,1.0,1.016608,3.3363273,0.0,0.113013715,1.2679809,1.0
6100,3.729352,1.1664821,1.1698428,0.7504368,0.0,0.0,1.0,1.016608,3.2703006,0.0,0.12487461,1.4010566,1.0
6101,4.792494,1.2321115,1.36918,0.777536,0.0,0.0,1.0,1.0650879,3.576401,0.0,0.17571951,1.9715217,1.0
6102,3.3963668,1.1586599,1.0663631,0.92045146,0.0,0.0,1.0,1.1295758,3.2338173,0.0,0.10192918,1.1436157,1.0
6103,4.1148486,1.1795971,1.1555192,0.7770981,0.0,0.0,1.0,1.1295758,3.33147,0.0,0.14900947,1.6718428,1.0
6104,3.7218237,1.1825601,1.1588118,0.7770981,0.0,0.0,1.0,1.1295758,3.3452895,0.0,0.11779184,1.3215901,1.0
6105,3.407615,1.185366,1.0580722,0.92045146,0.0,0.0,1.0,1.2200757,3.3583767,0.0,0.09286243,1.0418894,1.0
6106,4.0443864,1.2243218,1.3214145,0.9533925,0.0,0.0,1.0,1.3555045,3.5400696,0.0,0.12540676,1.4070272,1.0
6107,3.9130468,1.2369704,1.1390504,0.97120917,0.0,0.0,1.0,1.3555045,3.5990636,0.0,0.11134495,1.2492579,1.0
6108,3.1113136,1.0715907,1.0460145,0.9296802,0.0,0.0,1.0,1.3555045,2.8277194,0.0,0.1146683,1.2865449,1.0
6109,3.9076316,1.1282753,1.128779,0.8058432,0.0,0.0,1.0,1.3555045,3.0921009,0.0,0.15629296,1.7535615,1.0
6110,4.0095067,1.1769968,1.154612,0.9220554,0.0,0.0,1.0,1.3555045,3.3193421,0.0,0.14207706,1.5940632,1.0
6111,6.045226,1.4750693,1.5998038,0.91648376,0.0,0.0,1.0,1.3555045,4.709575,0.0,0.16134956,1.8102951,1.0
6112,3.9535747,1.1781576,1.3312016,0.98489034,0.0,0.0,1.0,1.3555045,3.324756,0.0,0.13729216,1.5403781,1.0
6113,5.1270833,1.564585,1.5925372,0.8068434,0.0,0.0,1.0,2.3118227,5.1270833,0.018876802,0.08734968,0.980038,0.0
6114,5.282891,1.5776453,1.5663253,0.8068434,0.0,0.0,1.0,2.5220206,5.187998,0.05052573,0.09378673,1.0522598,1.0
6115,5.246556,1.5902004,1.4773483,0.8014272,0.0,0.0,1.0,3.599715,5.246556,0.21279123,0.08769818,0.983948,0.0
6116,6.2006984,1.6227964,1.4583745,0.7967614,0.0,0.0,1.0,3.918306,5.3985863,0.26076064,0.12696488,1.4245089,1.0
6117,6.2203712,1.6127366,1.3767083,0.7999838,0.0,0.0,1.0,3.918306,5.3516665,0.26076064,0.13046536,1.4637833,1.0
6118,6.5531306,1.585429,1.4458958,0.9390028,0.0,0.0,1.0,4.2355404,5.2243013,0.3085257,0.1539015,1.72673,1.0
6119,6.2639856,1.5840508,1.4060154,0.9390028,0.0,0.0,1.0,4.2355404,5.2178736,0.3085257,0.14018351,1.5728182,1.0
6120,5.528144,1.600116,1.3779659,0.8404405,0.0,0.0,1.0,4.5514364,5.292803,0.35608932,0.10045189,1.1270409,1.0
6121,4.673974,1.3885617,1.3368583,0.9294468,0.0,0.0,1.0,4.5514364,4.3060975,0.35608932,0.11088437,1.2440903,1.0
6122,4.716057,1.3895074,1.3655874,0.8379141,0.0,0.0,1.0,6.7069273,4.3105083,0.6806357,0.11308765,1.2688104,1.0
6123,4.8380303,1.3909698,1.3221651,0.870594,0.0,0.0,1.0,5.2274337,4.3173285,0.4578724,0.119842,1.3445923,1.0
6124,4.7982173,1.401084,1.3498553,0.9185113,0.0,0.0,1.0,5.2274337,4.364502,0.4578724,0.11443468,1.2839237,1.0
6125,4.652857,1.388833,1.3415524,0.8102133,0.0,0.0,1.0,5.2022777,4.3073626,0.45408472,0.10955472,1.2291721,1.0
6126,4.1880336,1.2779938,1.3085423,0.8722761,0.0,0.0,1.0,5.177363,3.7903998,0.45033336,0.11584347,1.29973,1.0
6127,3.8965209,1.2225722,1.6613322,0.8029361,0.0,0.0,1.0,5.177363,3.5319092,0.45033336,0.11541772,1.2949532,1.0
6128,4.167048,1.2791607,1.6448567,0.8029361,0.0,0.0,1.0,4.036837,3.7958424,0.27860752,0.11403215,1.2794075,1.0
6129,4.2718782,1.3006576,1.6071976,0.84367937,0.0,0.0,1.0,3.25931,3.8961058,0.16153738,0.113689795,1.2755663,1.0
6130,4.2929964,1.3481218,1.619174,0.76240546,0.0,0.0,1.0,3.2361512,4.117482,0.15805043,0.099983916,1.1217904,1.0
6131,3.383186,1.1451672,1.2914599,0.9379495,0.0,0.0,1.0,3.2361512,3.1708863,0.15805043,0.10617866,1.1912937,1.0
6132,4.507388,1.2672873,1.5132288,0.7394931,0.0,0.0,1.0,2.6820717,3.7404637,0.07462419,0.14134175,1.5858132,1.0
6133,5.572407,1.4416814,1.5681925,0.8118114,0.0,0.0,1.0,2.6820717,4.5538516,0.07462419,0.14608705,1.6390542,1.0
6134,5.122557,1.3793104,1.2017318,0.9122706,0.0,0.0,1.0,2.6820717,4.262948,0.07462419,0.140479,1.5761335,1.0
6135,6.7025924,1.6661272,1.513158,0.72731036,0.0,0.0,1.0,2.6820717,5.600684,0.07462419,0.13923083,1.5621294,1.0
6136,5.08899,1.4333048,1.3966193,0.9164022,0.0,0.0,1.0,2.6820717,4.5147824,0.07462419,0.121516764,1.3633827,1.0
6137,3.1071925,1.131511,1.5142293,0.94712955,0.0,0.0,1.0,2.6820717,3.1071925,0.07462419,0.074848086,0.8397737,0.0
6138,2.8545415,1.0773414,1.1189018,0.47814843,0.0,0.0,1.0,2.6820717,2.8545415,0.07462419,0.087443076,0.98108584,0.0
6139,2.7753763,1.0603681,1.1174895,0.2972567,0.0,0.0,1.0,2.5025039,2.7753763,0.047587153,0.081068754,0.9095678,0.0
6140,2.473596,0.99566495,0.9345471,0.5152932,0.0,0.0,1.0,0.85119045,2.473596,0.0,0.075778104,0.8502082,0.0
6141,2.4195564,0.9840786,1.0486138,0.51309,0.0,0.0,1.0,0.66359466,2.4195564,0.0,0.052447233,0.5884427,0.0
6142,2.6677306,1.0372883,1.0741415,0.29706994,0.0,0.0,1.0,0.4751332,2.6677306,0.0,0.068872735,0.772732,0.0
6143,2.8232462,1.0503415,0.98572725,0.45149666,0.0,0.0,1.0,0.48449418,2.7286117,0.0,0.09796087,1.0990924,1.0
6144,3.0301287,1.0300703,1.0484656,0.5348724,0.0,0.0,1.0,0.48847184,2.6340654,0.0,0.12741916,1.4296058,1.0
6145,2.8180525,1.0116727,0.96654946,0.65619504,0.0,0.0,1.0,0.48847184,2.5482576,0.0,0.11609017,1.3024979,1.0
6146,2.7129738,1.010243,0.91380537,0.671587,0.0,0.0,1.0,1.0035524,2.5415895,0.0,0.10630068,1.1926627,1.0
6147,2.7530613,1.0176653,1.0095185,0.83504105,0.0,0.0,1.0,2.2359731,2.5762072,0.0074563446,0.106610626,1.1961402,1.0
6148,3.1484149,1.0475003,1.180467,0.5398859,0.0,0.0,1.0,2.7497735,2.71536,0.084817864,0.12974194,1.4556668,1.0
6149,3.4200802,1.150993,1.1787233,0.35148346,0.0,0.0,1.0,3.918306,3.1980581,0.26076064,0.106807984,1.1983545,1.0
6150,3.0020688,1.108972,1.0553297,0.76414496,0.0,0.0,1.0,3.918306,3.0020688,0.26076064,0.08243077,0.9248493,0.0
6151,4.7276793,1.4050732,1.3615571,0.92225,0.0,0.0,1.0,4.2355404,4.383108,0.3085257,0.10914808,1.2246096,1.0
6152,4.206858,1.2302017,1.2991993,0.8849887,0.0,0.0,1.0,4.5514364,3.567494,0.35608932,0.13476783,1.5120558,1.0
6153,4.2076144,1.2717519,1.2074575,0.7959696,0.0,0.0,1.0,4.5514364,3.761287,0.35608932,0.119347006,1.3390386,1.0
6154,4.1928024,1.3442085,1.3536345,0.835896,0.0,0.0,1.0,4.5514364,4.0992303,0.35608932,0.0949418,1.0652194,1.0
6155,4.968854,1.3259952,1.2509888,0.8058432,0.0,0.0,1.0,4.8660126,4.014282,0.40345418,0.14968403,1.6794112,1.0
6156,5.0990915,1.3594321,1.4507986,0.9355182,0.0,0.0,1.0,6.7069273,4.170234,0.6806357,0.14584923,1.6363858,1.0
6157,5.4416356,1.6069204,1.5615882,0.4091269,0.0,0.0,1.0,5.5422134,5.324539,0.5052679,0.09472919,1.0628339,1.0
6158,4.256813,1.3702279,1.5846666,0.5544826,0.0,0.0,1.0,5.5422134,4.2205873,0.5052679,0.09131457,1.0245229,1.0
6159,6.3947697,1.5096979,1.2880108,0.91648376,0.0,0.0,1.0,5.5422134,4.871086,0.5052679,0.16878504,1.893719,1.0
6160,6.080299,1.5987861,1.457458,0.77826345,0.0,0.0,1.0,5.5422134,5.2866,0.5052679,0.12736109,1.4289544,1.0
6161,5.645658,1.3473397,1.3000672,0.95229805,0.0,0.0,1.0,5.5422134,4.113835,0.5052679,0.18395154,2.0638826,1.0
6162,6.2390103,1.6811876,1.5858185,0.76329345,0.0,0.0,1.0,5.5422134,5.6709275,0.5052679,0.114638716,1.286213,1.0
6163,6.1278462,1.6866416,1.6093242,0.756892,0.0,0.0,1.0,5.515543,5.696365,0.50125223,0.10841808,1.2164192,1.0
6164,6.8808856,1.7950791,1.6714413,0.7306203,0.0,0.0,1.0,5.489128,6.202126,0.497275,0.11699814,1.3126851,1.0
6165,5.7477784,1.4229541,1.5499995,0.9504187,0.0,0.0,1.0,5.489128,4.466506,0.497275,0.16217951,1.8196069,1.0
6166,5.113954,1.4416875,1.680322,0.9190814,0.0,0.0,1.0,5.489128,4.5538797,0.497275,0.120448336,1.3513952,1.0
6167,4.5481834,1.357173,1.5937293,0.9678133,0.0,0.0,1.0,4.2635303,4.1596975,0.3127401,0.11291173,1.2668368,1.0
6168,5.506349,1.4548459,1.6198934,0.91648376,0.0,0.0,1.0,3.4444954,4.615252,0.18942025,0.13829657,1.5516473,1.0
6169,4.491079,1.3673208,1.7454833,0.8879353,0.0,0.0,1.0,3.4444954,4.207028,0.18942025,0.10632265,1.1929092,1.0
6170,7.0401106,1.8882052,1.8756987,0.59776515,0.0,0.0,1.0,3.4444954,6.636473,0.18942025,0.10461719,1.1737745,1.0
6171,6.361312,1.5273653,1.5511037,0.9485683,0.0,0.0,1.0,2.8608966,4.9534883,0.101549365,0.16150369,1.8120244,1.0
6172,6.5557184,1.7702595,1.7312031,0.69869167,0.0,0.0,1.0,2.422149,6.0863657,0.03548833,0.108766615,1.2203298,1.0
6173,6.6493907,1.8492684,1.7750225,0.78310645,0.0,0.0,1.0,2.422149,6.4548693,0.03548833,0.09680304,1.0861019,1.0
6174,5.1905704,1.5781969,1.7408679,0.90270853,0.0,0.0,1.0,2.422149,5.1905704,0.03548833,0.08794185,0.98668194,0.0
6175,3.7586439,1.2711852,1.6307268,0.9390983,0.0,0.0,1.0,1.4724096,3.7586439,0.0,0.0870703,0.97690344,0.0
6176,3.6426713,1.2463201,1.7710797,0.5273532,0.0,0.0,1.0,0.66052216,3.6426713,0.0,0.07992154,0.89669645,0.0
6177,3.6245575,1.2424364,1.7076803,0.6699806,0.0,0.0,1.0,0.4271364,3.6245575,0.0,0.075226024,0.84401405,0.0
6178,3.8489802,1.2354861,1.4691083,0.7811048,0.0,0.0,1.0,0.46470132,3.592141,0.0,0.10733672,1.2042867,1.0
6179,3.7297864,1.2446002,1.7134383,0.6408996,0.0,0.0,1.0,0.46470132,3.6346493,0.0,0.095794454,1.0747858,1.0
6180,3.2068398,1.1404128,1.565993,0.80734783,0.0,0.0,1.0,0.47164515,3.1487114,0.0,0.09383003,1.0527456,1.0
6181,6.1114607,1.7007202,1.6211177,0.717879,0.0,0.0,1.0,0.5866143,5.7620287,0.0,0.104572095,1.1732684,1.0
6182,3.6341412,1.1140729,1.0707122,0.75753534,0.0,0.0,1.0,0.6274908,3.02586,0.0,0.14032131,1.5743643,1.0
6183,3.6300087,1.2079415,1.598944,0.86262196,0.0,0.0,1.0,0.67449075,3.4636705,0.0,0.101358294,1.1372105,1.0
6184,3.6938066,1.2209717,1.184915,0.6576381,0.0,0.0,1.0,0.67449075,3.5244443,0.0,0.10136591,1.137296,1.0
6185,3.4633715,1.2078774,1.2277794,0.33057275,0.0,0.0,1.0,0.6829986,3.4633715,0.0,0.0789252,0.8855177,0.0
6186,3.419746,1.1985239,1.2445682,0.29121524,0.0,0.0,1.0,0.75307596,3.419746,0.0,0.088907324,0.99751425,0.0
6187,3.3049588,1.1097671,1.1378618,0.6267148,0.0,0.0,1.0,0.82637066,3.0057774,0.0,0.114475965,1.284387,1.0
6188,3.1735115,1.0910084,1.1624937,0.53367317,0.0,0.0,1.0,0.82637066,2.9182854,0.0,0.11140027,1.2498785,1.0
6189,3.7243779,1.2050148,1.172216,0.6124047,0.0,0.0,1.0,0.82637066,3.4500203,0.0,0.10937984,1.2272099,1.0
6190,3.7678266,1.2010249,1.1909366,0.65254015,0.0,0.0,1.0,0.82637066,3.4314108,0.0,0.11409516,1.2801144,1.0
6191,4.1851454,1.1255027,1.1212404,0.7385357,0.0,0.0,1.0,0.95016325,3.0791695,0.0,0.18059546,2.0262284,1.0
6192,4.241196,1.1382824,1.0884584,0.85831594,0.0,0.0,1.0,1.3123887,3.138775,0.0,0.17857008,2.0035043,1.0
6193,5.8116574,1.3908194,1.4622815,0.9692192,0.0,0.0,1.0,1.4732063,4.3166275,0.0,0.17732623,1.9895487,1.0
6194,4.6009955,1.285855,1.2638881,0.77277696,0.0,0.0,1.0,1.9603709,3.8270652,0.0,0.14062642,1.5777874,1.0
6195,4.5339313,1.1796882,1.4040765,0.97722244,0.0,0.0,1.0,2.3953896,3.3318949,0.031459242,0.18099953,2.030762,1.0
6196,5.831792,1.3682501,1.3933501,0.9317723,0.0,0.0,1.0,2.6074998,4.2113624,0.0633961,0.18711348,2.0993588,1.0
6197,5.347806,1.3583931,1.2397938,0.9249407,0.0,0.0,1.0,3.513397,4.165388,0.19979456,0.1614168,1.8110495,1.0
6198,4.435753,1.2502239,1.3247658,0.85786563,0.0,0.0,1.0,4.5529428,3.6608787,0.35631612,0.14302982,1.6047529,1.0
6199,5.571266,1.4256072,1.3419262,0.99111974,0.0,0.0,1.0,4.8677225,4.4788804,0.40371165,0.15123822,1.6968488,1.0
6200,5.6423564,1.467134,1.4698917,0.89768285,0.0,0.0,1.0,4.8677225,4.6725645,0.40371165,0.14198236,1.5930008,1.0
6201,6.2065945,1.4779922,1.3833677,0.8625346,0.0,0.0,1.0,4.8677225,4.723208,0.40371165,0.16910632,1.8973236,1.0
6202,6.691368,1.4986302,1.3472947,0.9833614,0.0,0.0,1.0,5.181214,4.819465,0.4509132,0.18803766,2.1097279,1.0
6203,7.772975,1.5789378,1.3074797,0.9947575,0.0,0.0,1.0,5.181214,5.194026,0.4509132,0.21557018,2.4186347,1.0
6204,6.6372414,1.5683824,1.3546289,0.81245506,0.0,0.0,1.0,4.3140965,5.144795,0.3203537,0.16300109,1.8288248,1.0
6205,7.74232,1.5434414,1.3205227,0.9947575,0.0,0.0,1.0,4.3140965,5.028468,0.3203537,0.22656497,2.541993,1.0
6206,6.989345,1.5922116,1.3813726,0.81245506,0.0,0.0,1.0,4.3140965,5.255936,0.3203537,0.17311381,1.9422865,1.0
6207,6.8169374,1.5408891,1.3895988,0.943797,0.0,0.0,1.0,4.3140965,5.0165644,0.3203537,0.18052052,2.0253875,1.0
6208,7.1133103,1.6112052,1.4711311,0.80787474,0.0,0.0,1.0,4.3140965,5.344524,0.3203537,0.17340736,1.94558,1.0
6209,7.46746,1.6721256,1.509393,0.81245506,0.0,0.0,1.0,4.289506,5.628661,0.31665117,0.17232049,1.9333856,1.0
6210,7.117735,1.4642338,1.452971,0.9633659,0.0,0.0,1.0,4.265194,4.6590376,0.31299058,0.22351646,2.5077896,1.0
6211,7.243597,1.7503645,1.6371542,0.8272639,0.0,0.0,1.0,4.265194,5.9935737,0.31299058,0.14223966,1.5958875,1.0
6212,5.9585114,1.4803867,1.4868305,0.95013064,0.0,0.0,1.0,4.265194,4.7343764,0.31299058,0.15497299,1.7387518,1.0
6213,6.8086615,1.7480989,1.6229094,0.81245506,0.0,0.0,1.0,3.4458492,5.9830065,0.18962407,0.12427111,1.3942857,1.0
6214,6.503953,1.3922107,1.5102568,0.8884708,0.0,0.0,1.0,3.4458492,4.3231163,0.18962407,0.21759146,2.4413128,1.0
6215,4.800338,1.3211874,1.3840277,0.8711221,0.0,0.0,1.0,2.8620172,3.991858,0.10171808,0.14070448,1.5786633,1.0
6216,4.6605287,1.2675427,1.1789743,0.7604766,0.0,0.0,1.0,2.423103,3.741655,0.035631992,0.15166664,1.7016555,1.0
6217,4.3564467,1.2191296,1.1697755,0.8604805,0.0,0.0,1.0,2.0825305,3.5158525,0.0,0.15001328,1.6831053,1.0
6218,4.11248,1.1995935,1.176634,0.58883744,0.0,0.0,1.0,0.7890361,3.4247348,0.0,0.14026774,1.5737633,1.0
6219,3.898742,1.2092314,1.3380713,0.8267591,0.0,0.0,1.0,0.52839094,3.4696865,0.0,0.12061895,1.3533094,1.0
6220,4.165747,1.2181948,1.3376378,0.89538026,0.0,0.0,1.0,0.42715448,3.5114927,0.0,0.13657549,1.5323372,1.0
6221,3.9818332,1.1497175,1.193007,0.86208856,0.0,0.0,1.0,0.47160226,3.1921089,0.0,0.15213,1.7068542,1.0
6222,5.463047,1.2561394,1.2350148,0.63134515,0.0,0.0,1.0,0.47160226,3.6884692,0.0,0.21164669,2.3746142,1.0
6223,4.9516826,1.2532732,1.2509043,0.63300645,0.0,0.0,1.0,0.5864682,3.6751013,0.0,0.17758533,1.9924557,1.0
6224,5.066213,1.2648515,1.3609973,0.6328878,0.0,0.0,1.0,0.62740725,3.7291028,0.0,0.18043777,2.0244594,1.0
6225,4.7022195,1.2862498,1.3715049,0.7895732,0.0,0.0,1.0,0.67449075,3.8289063,0.0,0.14721142,1.6516693,1.0
6226,4.8122897,1.3184791,1.3864967,0.7895732,0.0,0.0,1.0,0.5764416,3.9792264,0.0,0.14244147,1.5981518,1.0
6227,4.1631365,1.2591445,1.215965,0.8058432,0.0,0.0,1.0,0.5505251,3.7024853,0.0,0.12081207,1.3554763,1.0
6228,4.432474,1.3114929,1.4222615,0.9815507,0.0,0.0,1.0,0.5383024,3.9466424,0.0,0.120476775,1.3517143,1.0
6229,5.4176807,1.5197353,1.55573,0.77169466,0.0,0.0,1.0,0.67449075,4.917901,0.0,0.115008,1.2903562,1.0
6230,5.230152,1.5206094,1.5398003,0.78764045,0.0,0.0,1.0,0.75023144,4.921978,0.0,0.10507321,1.1788908,1.0
6231,4.60952,1.340248,1.2425308,0.9101624,0.0,0.0,1.0,0.8451342,4.080758,0.0,0.1221255,1.3702126,1.0
6232,4.65071,1.3393097,1.2260576,0.9220554,0.0,0.0,1.0,0.8451342,4.076382,0.0,0.12500745,1.4025471,1.0
6233,4.134063,1.241599,1.2438556,0.8058432,0.0,0.0,1.0,0.86931527,3.6206515,0.0,0.125239,1.405145,1.0
6234,4.0050144,1.2278304,1.2337942,0.88198304,0.0,0.0,1.0,0.90148103,3.556434,0.0,0.12124891,1.3603774,1.0
6235,4.0189953,1.238627,1.2206091,0.8748907,0.0,0.0,1.0,0.90148103,3.6067898,0.0,0.11823223,1.3265312,1.0
6236,5.193219,1.2812563,1.2624509,0.8823262,0.0,0.0,1.0,0.90148103,3.8056164,0.0,0.18198071,2.0417707,1.0
6237,3.038941,1.0640998,1.1254863,0.9318237,0.0,0.0,1.0,0.9466211,2.7927814,0.0,0.11157441,1.2518324,1.0
6238,3.2431972,1.0560302,1.20655,0.8586905,0.0,0.0,1.0,1.3555045,2.7551441,0.0,0.13423891,1.5061215,1.0
6239,2.9905126,1.0435007,1.2516824,0.9025055,0.0,0.0,1.0,1.3555045,2.6967056,0.0,0.11687351,1.3112867,1.0
6240,3.1510367,1.029402,1.0904411,0.9746078,0.0,0.0,1.0,1.3555045,2.6309483,0.0,0.13946912,1.5648029,1.0
6241,3.0232673,1.0268418,1.3344679,0.8515428,0.0,0.0,1.0,1.3555045,2.619007,0.0,0.1284363,1.4410179,1.0
6242,3.0433085,0.987953,0.9354079,0.8249157,0.0,0.0,1.0,1.3555045,2.4376268,0.0,0.15240319,1.7099195,1.0
6243,2.8469331,0.9739832,1.0780295,0.83181363,0.0,0.0,1.0,1.3555045,2.3724709,0.0,0.14005624,1.5713902,1.0
6244,3.0191662,0.9666223,1.0026282,0.85249823,0.0,0.0,1.0,1.6985135,2.3381388,0.0,0.16330169,1.8321974,1.0
6245,3.0557706,1.0088254,1.0795506,0.9119208,0.0,0.0,1.0,2.0387695,2.5349774,0.0,0.14144571,1.5869796,1.0
6246,2.6949015,0.9448647,1.0887306,0.83181363,0.0,0.0,1.0,1.3685585,2.2366598,0.0,0.14130178,1.5853648,1.0
6247,2.6718898,0.9806728,1.0930488,0.92025226,0.0,0.0,1.0,1.3620292,2.4036713,0.0,0.11754494,1.31882,1.0
6248,2.845876,0.97750473,1.2569988,0.9603283,0.0,0.0,1.0,1.355562,2.3888953,0.0,0.13784258,1.5465536,1.0
6249,5.463149,1.4899316,1.4208367,0.73610955,0.0,0.0,1.0,1.355562,4.7788944,0.0,0.12559089,1.4090931,1.0
6250,5.279455,1.4769542,1.5438051,0.7967614,0.0,0.0,1.0,1.355562,4.7183666,0.0,0.119411245,1.3397593,1.0
6251,2.6021442,0.95804614,1.0932342,0.92025226,0.0,0.0,1.0,1.355562,2.2981389,0.0,0.122815356,1.3779525,1.0
6252,4.5383315,1.3036596,1.1807255,0.94470686,0.0,0.0,1.0,1.355562,3.910107,0.0,0.13004331,1.459048,1.0
6253,4.6553817,1.3424196,1.3227291,0.9355182,0.0,0.0,1.0,1.355562,4.090887,0.0,0.12426815,1.3942524,1.0
6254,4.432958,1.2738374,1.2591648,0.90693396,0.0,0.0,1.0,1.6986203,3.7710142,0.0,0.13382947,1.5015277,1.0
6255,4.402916,1.2533015,1.2470866,0.8748907,0.0,0.0,1.0,1.6986203,3.6752331,0.0,0.13954943,1.565704,1.0
6256,2.4642632,0.91984814,1.1089803,0.9647636,0.0,0.0,1.0,1.6986203,2.1199806,0.0,0.1304844,1.463997,1.0
6257,2.611496,0.91085774,1.0859962,0.92025226,0.0,0.0,1.0,1.6986203,2.0780485,0.0,0.15450005,1.7334455,1.0
6258,4.317264,1.2856157,1.1362077,0.9249407,0.0,0.0,1.0,1.6986203,3.825949,0.0,0.12183066,1.3669045,1.0
6259,2.390564,0.8964948,1.0715255,0.8349553,0.0,0.0,1.0,1.6986203,2.0110588,0.0,0.1371844,1.539169,1.0
6260,2.224735,0.8784388,0.85016954,0.7727034,0.0,0.0,1.0,1.6986203,1.926844,0.0,0.1284985,1.4417157,1.0
6261,3.0762396,1.0955498,1.3706131,0.8520868,0.0,0.0,1.0,1.6986203,2.939467,0.0,0.100977875,1.1329423,1.0
6262,2.4379892,0.9880307,0.9514433,0.7975764,0.0,0.0,1.0,1.6986203,2.4379892,0.0,0.08310027,0.93236077,0.0
6263,1.9174107,0.8488527,1.2836697,0.76000446,0.0,0.0,1.0,1.6986203,1.7888522,0.0,0.10742995,1.2053328,1.0
6264,4.966101,1.4082773,1.3131421,0.73610955,0.0,0.0,1.0,1.3686002,4.398052,0.0,0.12201976,1.3690262,1.0
6265,4.6652317,1.3752781,1.3024231,0.73610955,0.0,0.0,1.0,1.1459558,4.2441416,0.0,0.11439482,1.2834766,1.0
6266,4.702592,1.4050401,1.3439314,0.8041261,0.0,0.0,1.0,1.1459558,4.382954,0.0,0.107700154,1.2083644,1.0
6267,4.868774,1.4007763,1.4218639,0.8416472,0.0,0.0,1.0,1.1459558,4.3630667,0.0,0.11864489,1.3311611,1.0
6268,4.884341,1.3911662,1.2906439,0.82716453,0.0,0.0,1.0,1.137755,4.318245,0.0,0.12251246,1.3745542,1.0
6269,5.07684,1.3724402,1.3955398,0.8427442,0.0,0.0,1.0,1.1296707,4.2309055,0.0,0.14004481,1.571262,1.0
6270,4.167016,1.3414589,1.3774401,0.8427442,0.0,0.0,1.0,1.2201805,4.086406,0.0,0.094152264,1.056361,1.0
6271,4.1066947,1.3260875,1.273676,0.81267583,0.0,0.0,1.0,1.0923071,4.0147123,0.0,0.09496334,1.065461,1.0
6272,3.9635959,1.2761165,1.2444367,0.52974147,0.0,0.0,1.0,1.0923071,3.7816439,0.0,0.10138142,1.13747,1.0
6273,3.9679728,1.2685825,1.2386998,0.52974147,0.0,0.0,1.0,1.0923071,3.7465045,0.0,0.10418229,1.1688949,1.0
6274,3.8064857,1.2601168,1.1654546,0.7479369,0.0,0.0,1.0,1.0923071,3.7070203,0.0,0.09596167,1.076662,1.0
6275,3.5970104,1.2365302,1.2364249,0.5074084,0.0,0.0,1.0,1.0923071,3.5970104,0.0,0.08414035,0.9440302,0.0
6276,3.613706,1.2393221,1.2931411,0.58154076,0.0,0.0,1.0,0.95217294,3.6100318,0.0,0.08938806,1.002908,1.0
6277,3.6707115,1.2523321,1.2075115,0.46256837,0.0,0.0,1.0,1.0142345,3.6707115,0.0,0.07395397,0.829742,0.0
6278,3.6663382,1.2513944,1.3233281,0.8867353,0.0,0.0,1.0,1.0142345,3.6663382,0.0,0.06627541,0.7435908,0.0
6279,0.19536518,0.5053447,0.9933971,0.9603282,0.0,0.0,1.0,1.0142345,0.18670402,0.0,0.10094219,1.1325419,1.0
6280,3.7079198,1.2603097,1.0757872,0.952648,0.0,0.0,1.0,1.0142345,3.7079198,0.0,0.08660088,0.9716366,0.0
6281,0.05340775,0.47659013,0.50130886,0.6718142,0.0,0.0,1.0,1.0142345,0.052590508,0.0,0.093086146,1.0443994,1.0
6282,0.07607915,0.48002157,0.5787531,0.16597007,0.0,0.0,1.0,1.0142345,0.06859501,0.0,0.11691322,1.3117323,1.0
6283,3.984328,1.3195729,1.2354692,0.6717026,0.0,0.0,1.0,1.0142345,3.984328,0.0,0.08827608,0.9904319,0.0
6284,4.8214083,1.318756,1.3581761,1.0061655,0.0,0.0,1.0,1.0142345,3.9805179,0.0,0.14292489,1.6035756,1.0
6285,5.2089686,1.3143072,1.3926547,0.8017536,0.0,0.0,1.0,0.6824288,3.9597685,0.0,0.1694653,1.9013513,1.0
6286,4.7515316,1.3103803,1.3915998,0.8017536,0.0,0.0,1.0,0.67449075,3.9414532,0.0,0.14146735,1.5872225,1.0
6287,1.1438326,0.6745443,1.1792663,0.9479717,0.0,0.0,1.0,0.67449075,0.9758641,0.0,0.13296065,1.4917797,1.0
6288,5.0234404,1.3030351,1.4342363,0.8693272,0.0,0.0,1.0,0.67449075,3.9071946,0.0,0.16188093,1.8162568,1.0
6289,6.5957108,1.4652352,1.6746215,0.76723033,0.0,0.0,1.0,0.67449075,4.6637087,0.0,0.19462256,2.1836085,1.0
6290,5.140011,1.2896428,1.5193679,0.89499,0.0,0.0,1.0,0.67449075,3.8447318,0.0,0.17492107,1.9625634,1.0
6291,5.6540275,1.3546343,1.6715735,0.9054559,0.0,0.0,1.0,1.5556196,4.147857,0.0,0.18159884,2.037486,1.0
6292,5.387148,1.4142622,1.4464856,0.92570436,0.0,0.0,1.0,5.9261312,4.4259663,0.56307334,0.14443177,1.6204823,1.0
6293,5.7368617,1.4584161,1.5832248,0.9496685,0.0,0.0,1.0,7.8470764,4.6319036,0.8523048,0.14987753,1.6815822,1.0
6294,5.275485,1.4507501,1.3446645,0.9545396,0.0,0.0,1.0,8.481695,4.596149,0.9478576,0.1267681,1.4223012,1.0
6295,4.6719227,1.328244,1.381014,0.83238226,0.0,0.0,1.0,9.113532,4.0247707,1.0429916,0.13007526,1.4594065,1.0
6296,6.7254853,1.5023178,1.4836233,0.80787474,0.0,0.0,1.0,9.113532,4.836664,1.0429916,0.18857668,2.1157753,1.0
6297,4.684345,1.2528591,1.4181362,0.8068434,0.0,0.0,1.0,9.742623,3.6731696,1.1377121,0.15923175,1.7865338,1.0
6298,6.856857,1.5007635,1.6529311,0.8017535,0.0,0.0,1.0,10.369009,4.8294153,1.2320253,0.1960354,2.19946,1.0
6299,5.4331274,1.4056525,1.4628332,0.9488513,0.0,0.0,1.0,10.369009,4.38581,1.2320253,0.14993942,1.6822766,1.0
6300,7.2670703,1.5342423,1.6472952,0.91762227,0.0,0.0,1.0,10.992727,4.985563,1.3259369,0.20566434,2.307494,1.0
6301,4.7753463,1.3064367,1.2733839,0.97982043,0.0,0.0,1.0,22.659945,3.9230595,3.0826378,0.1444526,1.6207161,1.0
6302,16.0,1.4071931,1.2882766,0.97982043,0.0,0.0,1.0,17896.572,4.3929954,20.0,0.14954859,1.6778916,1.0
6303,16.0,1.4401822,1.505077,0.7508877,0.0,0.0,1.0,17896.572,4.5468593,20.0,0.12179794,1.3665375,1.0
6304,16.0,1.4821454,1.2993588,0.8214372,0.0,0.0,1.0,17896.572,4.742579,20.0,0.12977837,1.4560755,1.0
6305,16.0,1.1374617,1.2938596,0.8077723,0.0,0.0,1.0,17896.572,3.134947,20.0,0.14619683,1.6402858,1.0
6306,16.0,1.1532371,1.3311284,0.79647446,0.0,0.0,1.0,17896.572,3.208525,20.0,0.15090193,1.6930757,1.0
6307,16.0,1.1300187,1.294877,0.83238226,0.0,0.0,1.0,17896.572,3.1002324,20.0,0.11624712,1.3042588,1.0
6308,16.0,1.1721143,1.2770352,0.83238226,0.0,0.0,1.0,17896.572,3.2965693,20.0,0.15581647,1.7482153,1.0
6309,16.0,1.2543166,1.2745614,0.83238226,0.0,0.0,1.0,17896.572,3.6799674,20.0,0.12438896,1.395608,1.0
6310,16.0,1.3233042,1.1773722,0.91784495,0.0,0.0,1.0,17896.572,4.001731,20.0,0.18391207,2.0634398,1.0
6311,16.0,1.3836743,1.1061362,0.96731186,0.0,0.0,1.0,17896.572,4.283302,20.0,0.17201582,1.9299673,1.0
6312,16.0,1.4333822,1.1661144,0.9997781,0.0,0.0,1.0,17896.572,4.5151434,20.0,0.13965203,1.5668551,1.0
6313,16.0,1.4270729,1.2663119,0.95651346,0.0,0.0,1.0,17896.572,4.4857163,20.0,0.10216327,1.1462421,1.0
6314,16.0,1.4533099,1.3500248,0.83238226,0.0,0.0,1.0,17896.572,4.608088,20.0,0.09561698,1.0727947,1.0
6315,16.0,1.373799,1.2037249,1.0044802,0.0,0.0,1.0,17896.572,4.2372427,20.0,0.10755768,1.2067658,1.0
6316,16.0,1.4211242,1.3426164,0.83238226,0.0,0.0,1.0,17896.572,4.457971,20.0,0.071317725,0.8001641,0.0
6317,16.0,1.4036144,1.2941902,0.73610955,0.0,0.0,1.0,17896.572,4.376304,20.0,0.10376205,1.16418,1.0
6318,16.0,1.1748147,1.2390869,0.8792742,0.0,0.0,1.0,17896.572,3.3091645,20.0,0.09575479,1.0743408,1.0
6319,16.0,1.268001,1.1784736,0.89768285,0.0,0.0,1.0,14255.186,3.7437925,20.0,0.0945641,1.0609816,1.0
6320,16.0,1.2217507,1.2545227,0.9434664,0.0,0.0,1.0,9613.085,3.5280778,20.0,0.10126013,1.1361092,1.0
6321,16.0,1.2025571,1.3114333,0.9368797,0.0,0.0,1.0,8672.048,3.4385571,20.0,0.09944774,1.1157746,1.0
6322,16.0,1.2973521,1.4078431,0.77169466,0.0,0.0,1.0,6776.8857,3.8806884,20.0,0.092893995,1.0422436,1.0
6323,16.0,1.206708,1.2861172,0.95877546,0.0,0.0,1.0,6776.8857,3.457917,20.0,0.09543057,1.0707031,1.0
6324,16.0,1.3070221,1.3522066,0.7931072,0.0,0.0,1.0,5822.641,3.92579,20.0,0.08944855,1.0035866,1.0
6325,16.0,1.6703179,1.4681392,0.74357706,0.0,0.0,1.0,5822.641,5.62023,20.0,0.091110155,1.0222294,1.0
6326,16.0,1.1825767,1.282517,1.0526161,0.0,0.0,1.0,5822.641,3.3453667,20.0,0.10041435,1.1266198,1.0
6327,16.0,1.138623,1.174717,0.7970144,0.0,0.0,1.0,4863.873,3.1403635,20.0,0.10144677,1.1382031,1.0
6328,16.0,1.3330182,1.2685378,0.6102448,0.0,0.0,1.0,4863.873,4.047038,20.0,0.08617266,0.96683216,0.0
6329,16.0,1.170809,1.1769298,0.79173464,0.0,0.0,1.0,4863.873,3.2904818,20.0,0.10421532,1.1692655,1.0
6330,16.0,1.3426368,1.231179,0.76925063,0.0,0.0,1.0,3900.519,4.0919,20.0,0.108834684,1.2210934,1.0
6331,16.0,0.9135102,1.1031649,0.6389449,0.0,0.0,1.0,3900.519,2.0904198,20.0,0.108152635,1.213441,1.0
6332,16.0,1.1414312,1.1456707,0.5478622,0.0,0.0,1.0,3900.519,3.1534612,20.0,0.10979112,1.2318244,1.0
6333,16.0,1.1393745,1.1464727,0.54935217,0.0,0.0,1.0,3900.519,3.1438687,20.0,0.10085878,1.1316061,1.0
6334,16.0,1.1570208,1.2935207,0.67920434,0.0,0.0,1.0,3900.519,3.2261724,20.0,0.124605566,1.3980381,1.0
6335,16.0,1.1351924,1.0167686,0.5652189,0.0,0.0,1.0,2932.5188,3.124363,20.0,0.13396081,1.5030013,1.0
6336,16.0,1.1768372,1.0097518,0.61868584,0.0,0.0,1.0,2932.5188,3.3185976,20.0,0.12909263,1.4483818,1.0
6337,16.0,1.2356964,1.3489115,0.88079065,0.0,0.0,1.0,2932.5188,3.5931215,20.0,0.15224573,1.7081528,1.0
6338,4.6516404,1.2207355,1.4434915,0.9538095,0.0,0.0,1.0,0.67449075,3.5233428,0.0,0.17067799,1.9149573,1.0
6339,4.681115,1.3269347,1.308528,0.6908758,0.0,0.0,1.0,0.44855285,4.018664,0.0,0.13110696,1.4709818,1.0
6340,4.8311963,1.332615,1.3781472,0.38962522,0.0,0.0,1.0,0.44855285,4.0451574,0.0,0.13861223,1.5551888,1.0
6341,4.550952,1.1998993,1.0852233,1.0054702,0.0,0.0,1.0,0.67449075,3.426161,0.0,0.17273046,1.9379854,1.0
6342,4.1297364,1.2419646,1.3171186,0.6239212,0.0,0.0,1.0,0.67449075,3.6223567,0.0,0.124797985,1.400197,1.0
6343,2.336644,0.89041024,1.2486366,0.8320384,0.0,0.0,1.0,0.67449075,1.9826798,0.0,0.13459174,1.5100801,1.0
6344,5.0042586,1.3917023,1.3308748,0.7049542,0.0,0.0,1.0,0.67449075,4.320745,0.0,0.12941347,1.4519814,1.0
6345,4.870009,1.2376405,1.0658813,0.972061,0.0,0.0,1.0,0.67449075,3.6021888,0.0,0.17875643,2.005595,1.0
6346,4.4090533,1.2259783,1.2249619,0.906037,0.0,0.0,1.0,0.67449075,3.5477953,0.0,0.1509483,1.693596,1.0
6347,4.8421597,1.3503375,1.360244,0.57721037,0.0,0.0,1.0,0.67449075,4.1278167,0.0,0.13319825,1.4944456,1.0
6348,4.759313,1.3568624,1.3618134,0.57721037,0.0,0.0,1.0,0.67449075,4.1582494,0.0,0.12593842,1.4129924,1.0
6349,3.8935318,1.2673213,1.2987529,0.9352252,0.0,0.0,1.0,0.67449075,3.7406228,0.0,0.0995386,1.1167941,1.0
6350,4.7346807,1.4705144,1.3407549,0.789241,0.0,0.0,1.0,0.67449075,4.688331,0.0,0.09164643,1.0282463,1.0
6351,4.9594975,1.3747184,1.2616117,0.73610955,0.0,0.0,1.0,0.67449075,4.241531,0.0,0.13223432,1.4836305,1.0
6352,5.592961,1.3802081,1.2707198,0.775276,0.0,0.0,1.0,0.67449075,4.2671356,0.0,0.16825141,1.8877318,1.0
6353,2.5915487,0.94352996,1.0431334,0.7503899,0.0,0.0,1.0,0.67449075,2.2304344,0.0,0.13035814,1.4625804,1.0
6354,5.0056324,1.4042649,1.3349977,0.9042202,0.0,0.0,1.0,0.67449075,4.3793383,0.0,0.12554723,1.4086033,1.0
6355,3.9937866,1.2321657,0.9461115,0.8391844,0.0,0.0,1.0,0.67940193,3.576654,0.0,0.11882826,1.3332185,1.0
6356,4.7402325,1.3251446,0.8798745,0.91543067,0.0,0.0,1.0,0.6843851,4.010315,0.0,0.13547845,1.5200287,1.0
6357,4.9846935,1.347742,1.1170787,0.91888005,0.0,0.0,1.0,0.6843851,4.1157107,0.0,0.14289598,1.6032513,1.0
6358,4.1858535,1.2925807,0.83129984,0.8480922,0.0,0.0,1.0,0.6843851,3.8584344,0.0,0.11073831,1.2424515,1.0
6359,4.177059,1.2832322,0.8743108,0.85777855,0.0,0.0,1.0,0.6843851,3.8148322,0.0,0.11330882,1.271292,1.0
6360,4.1842527,1.3059852,1.1862172,0.7372772,0.0,0.0,1.0,0.9147818,3.920954,0.0,0.10622932,1.191862,1.0
6361,4.2965007,1.3130878,1.2096107,0.44249532,0.0,0.0,1.0,0.9147818,3.954081,0.0,0.11118166,1.2474258,1.0
6362,4.1940904,1.272997,1.1269447,0.8924553,0.0,0.0,1.0,0.9147818,3.7670944,0.0,0.1179936,1.3238539,1.0
6363,4.5124016,1.3435512,1.2106119,0.74225533,0.0,0.0,1.0,0.9147818,4.0961647,0.0,0.115005866,1.2903323,1.0
6364,4.0542974,1.2623382,1.4085451,0.94264984,0.0,0.0,1.0,0.9147818,3.7173808,0.0,0.11220888,1.258951,1.0
6365,2.8972552,1.0223184,1.0484374,0.6972917,0.0,0.0,1.0,0.9147818,2.5979097,0.0,0.1184715,1.3292158,1.0
6366,2.760292,0.94469184,1.1979991,0.97901255,0.0,0.0,1.0,0.9147818,2.2358534,0.0,0.14886014,1.6701674,1.0
6367,1.8079866,0.8336965,0.8151573,0.7859304,0.0,0.0,1.0,0.9147818,1.7181624,0.0,0.10244198,1.1493692,1.0
6368,2.6222973,1.0018585,1.1241862,0.93050086,0.0,0.0,1.0,0.9147818,2.5024831,0.0,0.10132124,1.1367948,1.0
6369,2.2974708,0.9408165,1.1575722,0.89158064,0.0,0.0,1.0,0.9147818,2.2177787,0.0,0.09827943,1.1026666,1.0
6370,3.7063053,1.2599635,1.2778116,0.7623066,0.0,0.0,1.0,0.9147818,3.7063053,0.0,0.07984683,0.89585817,0.0
6371,4.00562,1.324138,1.2830498,0.76055294,0.0,0.0,1.0,0.908121,4.00562,0.0,0.08162045,0.91575766,0.0
6372,4.0455556,1.3327004,1.351703,0.3023041,0.0,0.0,1.0,0.908121,4.0455556,0.0,0.083921485,0.94157463,0.0
6373,4.074184,1.2656964,1.1662452,0.9449846,0.0,0.0,1.0,1.3297263,3.733044,0.0,0.11240016,1.2610971,1.0
6374,3.8371873,1.2712762,1.4327143,0.9258783,0.0,0.0,1.0,1.7647704,3.7590685,0.0,0.09442093,1.0593754,1.0
6375,3.820638,1.1922591,1.0887376,0.9079445,0.0,0.0,1.0,3.00242,3.3905263,0.12285815,0.12143348,1.3624483,1.0
6376,4.996584,1.4139315,1.3458748,0.81247866,0.0,0.0,1.0,3.9148998,4.4244237,0.26024774,0.12206037,1.3694818,1.0
6377,4.476233,1.2751384,1.1851417,0.8404405,0.0,0.0,1.0,4.2315974,3.777082,0.30793205,0.1362662,1.5288671,1.0
6378,4.3929095,1.3123525,1.4009494,0.8020504,0.0,0.0,1.0,4.54692,3.9506516,0.35540926,0.11763624,1.3198444,1.0
6379,4.5135183,1.3339548,1.2740071,0.884392,0.0,0.0,1.0,4.8608856,4.0514064,0.40268224,0.11817523,1.3258916,1.0
6380,4.0030766,1.2526654,1.4479178,0.6932568,0.0,0.0,1.0,4.8608856,3.6722662,0.40268224,0.112068996,1.2573814,1.0
6381,4.3263025,1.2961851,1.3174108,0.84367937,0.0,0.0,1.0,7.1164403,3.8752456,0.74229497,0.11876917,1.3325554,1.0
6382,4.5233765,1.3444291,1.1599371,0.9418644,0.0,0.0,1.0,7.3645897,4.1002593,0.77965814,0.11540733,1.2948366,1.0
6383,4.256855,1.3243185,1.1083038,0.8907293,0.0,0.0,1.0,7.3645897,4.006462,0.77965814,0.10504404,1.1785635,1.0
6384,4.6162076,1.381897,1.3724492,0.73610955,0.0,0.0,1.0,7.780687,4.2750125,0.84230876,0.10945317,1.2280327,1.0
6385,4.6394877,1.3945359,1.1826966,0.83238226,0.0,0.0,1.0,7.780687,4.3339615,0.84230876,0.10708092,1.2014167,1.0
6386,3.894655,1.2461281,1.2171409,0.83238226,0.0,0.0,1.0,7.780687,3.6417756,0.84230876,0.10681166,1.1983957,1.0
6387,3.9582515,1.2663774,1.3810813,0.74357706,0.0,0.0,1.0,7.780687,3.7362204,0.84230876,0.104262106,1.1697905,1.0
6388,4.2296,1.2453549,1.1278194,0.8337716,0.0,0.0,1.0,7.780687,3.6381695,0.84230876,0.1305261,1.4644648,1.0
6389,4.5271297,1.2856195,1.4040042,0.74357706,0.0,0.0,1.0,7.780687,3.8259666,0.84230876,0.13579784,1.5236123,1.0
6390,3.22308,1.0625091,1.0547131,0.884392,0.0,0.0,1.0,7.780687,2.7853622,0.84230876,0.12914757,1.4489982,1.0
6391,4.567553,1.3499066,1.1937176,0.8337716,0.0,0.0,1.0,7.780687,4.125807,0.84230876,0.1163944,1.3059113,1.0
6392,4.746431,1.4075885,1.3097153,0.81627107,0.0,0.0,1.0,7.780687,4.39484,0.84230876,0.10950142,1.228574,1.0
6393,5.4799542,1.5160092,1.4321008,0.68802696,0.0,0.0,1.0,7.780687,4.900522,0.84230876,0.11923886,1.3378253,1.0
6394,4.2105184,1.2653742,1.2045419,0.89872974,0.0,0.0,1.0,7.780687,3.731541,0.84230876,0.12181604,1.3667405,1.0
6395,5.2887607,1.4861497,1.43675,0.7327977,0.0,0.0,1.0,7.780687,4.7612553,0.84230876,0.117342286,1.3165462,1.0
6396,5.4741573,1.4710903,1.5074451,0.7489514,0.0,0.0,1.0,7.780687,4.691017,0.84230876,0.13164197,1.4769845,1.0
6397,5.7578473,1.4193962,1.1351278,0.99389285,0.0,0.0,1.0,7.780687,4.4499116,0.84230876,0.16397776,1.8397827,1.0
6398,5.5239253,1.408306,1.3647559,0.91648376,0.0,0.0,1.0,7.780687,4.398186,0.84230876,0.15430892,1.7313011,1.0
6399,5.1557446,1.3903201,1.3750439,0.91648376,0.0,0.0,1.0,7.780687,4.314298,0.84230876,0.13879573,1.5572476,1.0
6400,4.762692,1.3988146,1.4254444,0.7926055,0.0,0.0,1.0,7.780687,4.353917,0.84230876,0.113037504,1.2682478,1.0
6401,5.0250072,1.33649,1.3675736,0.91648376,0.0,0.0,1.0,3.537334,4.063231,0.20339869,0.14940605,1.6762923,1.0
6402,4.6643925,1.3524276,1.3967336,0.7272884,0.0,0.0,1.0,3.102452,4.137565,0.13791971,0.12155342,1.363794,1.0
6403,4.404163,1.3257307,1.3853065,0.7238333,0.0,0.0,1.0,2.6655445,4.013048,0.07213573,0.113947645,1.2784594,1.0
6404,4.565975,1.316879,1.183891,0.72786117,0.0,0.0,1.0,2.2265847,3.9717636,0.006042752,0.1272274,1.4274544,1.0
6405,3.3148263,1.1000357,1.0219997,0.84629655,0.0,0.0,1.0,2.2265847,2.9603891,0.006042752,0.11961772,1.342076,1.0
6406,3.184162,1.123447,1.0559753,0.724657,0.0,0.0,1.0,1.7855437,3.0695813,0.0,0.09863452,1.1066506,1.0
6407,4.0707703,1.2772832,1.1917692,0.755566,0.0,0.0,1.0,1.7738384,3.7870855,0.0,0.10820463,1.2140244,1.0
6408,4.456651,1.285532,1.1757808,0.90682703,0.0,0.0,1.0,1.3292747,3.8255587,0.0,0.13113847,1.4713354,1.0
6409,3.6432693,1.2453438,1.2230989,0.7822221,0.0,0.0,1.0,0.9993648,3.6381178,0.0,0.08948945,1.0040456,1.0
6410,4.2513323,1.2456708,1.0485262,0.48291716,0.0,0.0,1.0,0.9993648,3.6396427,0.0,0.1319268,1.4801803,1.0
6411,4.016854,1.2308515,1.047073,0.48291716,0.0,0.0,1.0,0.9993648,3.5705247,0.0,0.12096159,1.3571538,1.0
6412,4.1597347,1.2075773,1.0147827,0.9246046,0.0,0.0,1.0,0.9993648,3.461972,0.0,0.14045455,1.5758591,1.0
6413,4.0421195,1.1987971,1.0550244,0.86128324,0.0,0.0,1.0,0.9993648,3.4210203,0.0,0.13536228,1.5187254,1.0
6414,4.6651754,1.3417549,1.2978055,0.5076409,0.0,0.0,1.0,0.6678637,4.0877867,0.0,0.12509805,1.4035636,1.0
6415,4.817567,1.4073963,1.4376812,0.7275715,0.0,0.0,1.0,0.6678637,4.3939433,0.0,0.113680266,1.2754594,1.0
6416,2.426265,0.9064567,1.448878,0.8010885,0.0,0.0,1.0,0.6678637,2.0575218,0.0,0.13476722,1.512049,1.0
6417,4.88919,1.400449,1.3113253,0.5582351,0.0,0.0,1.0,0.6678637,4.361541,0.0,0.11993634,1.3456508,1.0
6418,4.888151,1.3950534,1.3251697,0.5582351,0.0,0.0,1.0,0.6678637,4.3363748,0.0,0.121532,1.3635536,1.0
6419,3.444056,1.1236715,1.0182651,0.7926794,0.0,0.0,1.0,0.22628783,3.0706286,0.0,0.12009803,1.3474649,1.0
6420,3.39187,1.0955459,1.0229881,0.4276975,0.0,0.0,1.0,0.44855285,2.9394486,0.0,0.12832361,1.4397535,1.0
6421,3.4729998,1.0737653,1.0189688,0.78797615,0.0,0.0,1.0,0.44855285,2.837862,0.0,0.1461226,1.639453,1.0
6422,4.4283075,1.2189147,1.1071042,0.83186126,0.0,0.0,1.0,0.44855285,3.5148506,0.0,0.1553096,1.7425284,1.0
6423,5.9325266,1.5956141,1.4964604,0.7952453,0.0,0.0,1.0,0.44855285,5.271806,0.0,0.12104493,1.3580889,1.0
6424,7.275596,1.505762,1.4975383,0.632331,0.0,0.0,1.0,0.44855285,4.8527284,0.0,0.21627235,2.4265127,1.0
6425,6.1218443,1.3752999,1.3278004,0.5840831,0.0,0.0,1.0,0.44855285,4.244243,0.0,0.20178464,2.263965,1.0
6426,5.6840177,1.3619295,1.3038105,0.583313,0.0,0.0,1.0,0.44855285,4.181883,0.0,0.18060073,2.0262876,1.0
6427,4.997644,1.3623011,1.3726575,0.52574825,0.0,0.0,1.0,0.44855285,4.1836157,0.0,0.13867824,1.5559294,1.0
6428,4.032852,1.1683749,1.086401,0.87896246,0.0,0.0,1.0,0.44855285,3.2791288,0.0,0.1476623,1.6567279,1.0
6429,4.869875,1.3311722,1.6185035,0.89597666,0.0,0.0,1.0,0.67449075,4.0384283,0.0,0.14155799,1.5882394,1.0
6430,4.7413955,1.3013837,1.5179815,0.97106194,0.0,0.0,1.0,0.67449075,3.8994923,0.0,0.14410885,1.6168593,1.0
6431,5.173177,1.4376348,1.3034284,0.8874491,0.0,0.0,1.0,0.67449075,4.534978,0.0,0.12496585,1.4020804,1.0
6432,5.3208117,1.4853996,1.3133945,0.87487817,0.0,0.0,1.0,0.67449075,4.7577567,0.0,0.119265795,1.3381275,1.0
6433,6.4206543,1.7254611,1.565637,0.7273311,0.0,0.0,1.0,0.67449075,5.8774223,0.0,0.112665735,1.2640767,1.0
6434,4.640611,1.3788345,1.496976,0.7926055,0.0,0.0,1.0,0.67449075,4.260729,0.0,0.11183357,1.2547401,1.0
6435,4.7456975,1.3760358,1.2834439,0.73610955,0.0,0.0,1.0,0.67940193,4.2476754,0.0,0.11898597,1.334988,1.0
6436,4.893231,1.3860276,1.2845033,0.73610955,0.0,0.0,1.0,0.6843851,4.2942777,0.0,0.12464724,1.3985057,1.0
6437,4.9198136,1.4109653,1.4791969,0.7255412,0.0,0.0,1.0,0.81728363,4.410589,0.0,0.11852991,1.329871,1.0
6438,4.8350496,1.3939682,1.326493,0.52573454,0.0,0.0,1.0,1.0142345,4.3313136,0.0,0.11874535,1.3322883,1.0
6439,4.8348527,1.3963456,1.376637,0.75597316,0.0,0.0,1.0,1.3556743,4.342402,0.0,0.11800792,1.3240145,1.0
6440,4.7039895,1.3783315,1.2837627,0.75732124,0.0,0.0,1.0,1.3556743,4.258383,0.0,0.11577644,1.298978,1.0
6441,4.7091618,1.4276063,1.3642887,0.8236271,0.0,0.0,1.0,1.3556743,4.4882045,0.0,0.10166567,1.1406592,1.0
6442,4.7002015,1.3849823,1.2808472,0.755566,0.0,0.0,1.0,1.3556743,4.289403,0.0,0.11351722,1.2736301,1.0
6443,4.904407,1.3736105,1.2838296,0.7725875,0.0,0.0,1.0,1.3556743,4.2363634,0.0,0.12928595,1.4505507,1.0
6444,5.176927,1.3753633,1.2786317,0.7325378,0.0,0.0,1.0,1.3556743,4.2445393,0.0,0.1450681,1.6276218,1.0
6445,4.508919,1.3471875,1.037023,0.9620563,0.0,0.0,1.0,1.3556743,4.113125,0.0,0.11363347,1.2749344,1.0
6446,4.6690264,1.3391175,1.1970098,0.89684695,0.0,0.0,1.0,1.3556743,4.0754857,0.0,0.12621586,1.4161052,1.0
6447,4.8270144,1.3484663,1.2060533,0.90329725,0.0,0.0,1.0,1.3556743,4.119089,0.0,0.13289483,1.4910413,1.0
6448,3.540676,1.0713392,0.86943585,0.8812924,0.0,0.0,1.0,1.3556743,2.826547,0.0,0.15346739,1.7218593,1.0
6449,3.2704077,1.0401134,0.8797332,0.81295097,0.0,0.0,1.0,1.3556743,2.6809072,0.0,0.14512435,1.6282529,1.0
6450,3.0500498,1.0398077,0.9656158,0.83474845,0.0,0.0,1.0,1.3556743,2.6794813,0.0,0.12434718,1.3951391,1.0
6451,3.3962884,1.052901,0.9372758,0.88933104,0.0,0.0,1.0,1.3556743,2.7405496,0.0,0.15006062,1.6836364,1.0
6452,4.1220374,1.2299979,1.1445923,0.91689515,0.0,0.0,1.0,1.3556743,3.566543,0.0,0.12879162,1.4450043,1.0
6453,5.067834,1.2154585,1.1651877,0.5521786,0.0,0.0,1.0,1.3556743,3.4987304,0.0,0.20333557,2.2813659,1.0
6454,4.510798,1.1895618,1.021343,0.46249706,0.0,0.0,1.0,1.3556743,3.3779464,0.0,0.1745314,1.9581915,1.0
6455,3.1876736,1.0183197,0.77747524,0.84524775,0.0,0.0,1.0,1.3556743,2.5792596,0.0,0.14919846,1.6739632,1.0
6456,2.8727036,1.0217326,1.0114244,0.80071616,0.0,0.0,1.0,1.5819948,2.5951774,0.0,0.116361365,1.3055406,1.0
6457,3.2672613,1.0195959,1.71392,0.6543692,0.0,0.0,1.0,1.0242364,2.5852118,0.0,0.15631354,1.7537924,1.0
6458,3.7277777,1.2047619,1.1245118,0.8218316,0.0,0.0,1.0,1.0242364,3.4488404,0.0,0.109724924,1.2310817,1.0
6459,3.659293,1.1488522,1.0643876,0.44791278,0.0,0.0,1.0,1.0242364,3.1880734,0.0,0.12676851,1.4223058,1.0
6460,3.770576,1.2170943,1.3186433,0.8805786,0.0,0.0,1.0,1.0242364,3.5063598,0.0,0.10831791,1.2152954,1.0
6461,3.6762242,1.2006186,1.2530242,0.94119114,0.0,0.0,1.0,1.0242364,3.429516,0.0,0.10744785,1.2055335,1.0
6462,3.6221292,1.1813139,1.0440686,0.468323,0.0,0.0,1.0,1.0242364,3.339477,0.0,0.110682696,1.2418276,1.0
6463,3.4714303,0.96731853,0.76012486,0.6476816,0.0,0.0,1.0,1.0242364,2.341386,0.0,0.21203478,2.3789685,1.0
6464,3.1425626,0.971394,0.76484096,0.8223454,0.0,0.0,1.0,1.0242364,2.3603945,0.0,0.17351401,1.9467766,1.0
6465,2.9304345,0.9702129,0.6843669,0.6409082,0.0,0.0,1.0,1.0242364,2.3548856,0.0,0.15136792,1.6983039,1.0
6466,3.2722843,1.0072054,0.92102027,0.8934915,0.0,0.0,1.0,1.1271387,2.5274215,0.0,0.16417858,1.8420359,1.0
6467,3.2366512,1.0699214,1.3236983,0.8321877,0.0,0.0,1.0,0.6811835,2.819934,0.0,0.1267605,1.4222158,1.0
6468,4.192696,1.2604386,1.0813702,0.87056947,0.0,0.0,1.0,0.6811835,3.708521,0.0,0.122375876,1.3730217,1.0
6469,3.605567,1.061266,0.772724,0.73130715,0.0,0.0,1.0,0.6811835,2.7795641,0.0,0.16480435,1.8490568,1.0
6470,3.2832134,1.0524305,0.8977339,0.82869214,0.0,0.0,1.0,0.6811835,2.738355,0.0,0.13979812,1.5684942,1.0
6471,4.6591687,1.2344619,1.1377391,0.87990725,0.0,0.0,1.0,0.6811835,3.5873637,0.0,0.16521244,1.8536354,1.0
6472,3.4461422,1.0495327,1.7367777,0.84097695,0.0,0.0,1.0,0.6811835,2.7248392,0.0,0.15653932,1.7563256,1.0
6473,3.1595469,1.0432122,1.052978,0.821903,0.0,0.0,1.0,0.6811835,2.69536,0.0,0.13298462,1.4920487,1.0
6474,3.540844,1.0278826,0.9900169,0.50443727,0.0,0.0,1.0,0.6811835,2.6238616,0.0,0.17812487,1.9985092,1.0
6475,3.3459136,1.0195421,1.0502375,0.8424668,0.0,0.0,1.0,0.6811835,2.584961,0.0,0.1640931,1.8410769,1.0
6476,4.74964,1.2421829,1.2439389,0.88191223,0.0,0.0,1.0,0.67449075,3.6233747,0.0,0.16828378,1.8880949,1.0
6477,3.0685546,1.0296544,1.0272018,0.7830658,0.0,0.0,1.0,0.67449075,2.6321254,0.0,0.13135272,1.4737393,1.0
6478,2.9395478,1.0336226,1.0473473,0.675955,0.0,0.0,1.0,0.67449075,2.6506336,0.0,0.116885684,1.3114233,1.0
6479,4.7252216,1.3807529,1.222809,0.9032126,0.0,0.0,1.0,4.6300926,4.269676,0.36793238,0.116298705,1.3048376,1.0
6480,2.593708,1.0214175,1.1534613,0.49808812,0.0,0.0,1.0,6.5678363,2.593708,0.6596931,0.083695374,0.93903774,0.0
6481,2.6860979,0.9962814,1.0919083,0.4226535,0.0,0.0,1.0,8.479239,2.4764712,0.9474879,0.110684626,1.2418493,1.0
6482,3.773577,1.1774055,1.0812403,0.4226535,0.0,0.0,1.0,9.110706,3.321248,1.0425662,0.12381083,1.3891214,1.0
6483,2.4264295,0.87928736,1.0442603,0.42355877,0.0,0.0,1.0,9.110706,1.9308019,1.0425662,0.15449733,1.733415,1.0
6484,2.1964893,0.8686801,1.0373884,0.68462336,0.0,0.0,1.0,9.739404,1.8813288,1.1372274,0.13178854,1.478629,1.0
6485,3.5286157,1.0881392,1.2125479,0.90050954,0.0,0.0,1.0,10.365372,2.904903,1.2314776,0.1438057,1.613458,1.0
6486,3.3137739,1.0964949,1.3159689,0.82368284,0.0,0.0,1.0,21.405233,2.9438748,2.8937194,0.12112626,1.3590013,1.0
6487,16.0,1.332231,1.2703649,0.8218311,0.0,0.0,1.0,17070.877,4.0433664,20.0,0.12544693,1.407478,1.0
6488,16.0,0.912248,1.3186947,0.78650796,0.0,0.0,1.0,17979.254,2.084533,20.0,0.11765943,1.3201045,1.0
6489,16.0,1.4166797,1.4345295,0.7147663,0.0,0.0,1.0,17979.254,4.437242,20.0,0.13707352,1.5379249,1.0
6490,16.0,1.0786546,1.0540452,0.8646938,0.0,0.0,1.0,17979.254,2.8606665,20.0,0.18130547,2.0341945,1.0
6491,16.0,0.95810467,0.96372867,0.7583623,0.0,0.0,1.0,18883.797,2.2984118,20.0,0.18005401,2.0201535,1.0
6492,16.0,0.9931421,1.1244566,0.8029414,0.0,0.0,1.0,18883.797,2.4618294,20.0,0.17252381,1.9356669,1.0
6493,16.0,1.2574816,1.2000633,0.84440315,0.0,0.0,1.0,18883.797,3.6947293,20.0,0.1731529,1.9427251,1.0
6494,16.0,1.0880535,1.2186826,0.8362333,0.0,0.0,1.0,18883.797,2.9045033,20.0,0.1896971,2.1283462,1.0
6495,16.0,0.89196277,0.8930804,0.8751363,0.0,0.0,1.0,18883.797,1.989921,20.0,0.21258384,2.3851287,1.0
6496,16.0,0.8604542,0.8678217,0.88977265,0.0,0.0,1.0,18883.797,1.8429625,20.0,0.19649568,2.2046244,1.0
6497,16.0,0.9982756,0.921788,0.68069047,0.0,0.0,1.0,18883.797,2.4857721,20.0,0.20134246,2.2590039,1.0
6498,16.0,1.0918524,1.0252901,0.8223546,0.0,0.0,1.0,18883.797,2.922222,20.0,0.17846403,2.0023143,1.0
6499,16.0,1.0886908,1.0009087,0.7913855,0.0,0.0,1.0,18883.797,2.9074757,20.0,0.12856695,1.4424838,1.0
6500,16.0,1.1834557,1.1717551,0.6656815,0.0,0.0,1.0,18883.797,3.3494668,20.0,0.15807271,1.7735298,1.0
6501,16.0,1.1301808,1.1593821,0.7268247,0.0,0.0,1.0,18883.797,3.1009886,20.0,0.17891732,2.0074003,1.0
6502,16.0,1.1271435,1.1336834,0.42142686,0.0,0.0,1.0,18883.797,3.0868223,20.0,0.2064362,2.316154,1.0
6503,16.0,1.1392235,1.0911,0.8636506,0.0,0.0,1.0,18883.797,3.1431642,20.0,0.20145203,2.2602332,1.0
6504,16.0,1.1221939,1.1043289,0.6555967,0.0,0.0,1.0,18883.797,3.0637372,20.0,0.17437834,1.9564741,1.0
6505,16.0,1.1107451,0.9063198,0.86374617,0.0,0.0,1.0,18883.797,3.0103388,20.0,0.13053097,1.4645194,1.0
6506,16.0,1.3525544,1.1805042,0.911122,0.0,0.0,1.0,18883.797,4.1381564,20.0,0.11721116,1.315075,1.0
6507,16.0,1.0319742,0.8453794,0.7146641,0.0,0.0,1.0,10600.311,2.6429453,20.0,0.17535701,1.9674546,1.0
6508,16.0,0.9783315,0.8097626,0.7970227,0.0,0.0,1.0,8713.895,2.3927515,20.0,0.15363462,1.7237357,1.0
6509,16.0,0.9667674,0.8882177,0.89011425,0.0,0.0,1.0,7764.1113,2.3388155,20.0,0.18201572,2.0421634,1.0
6510,16.0,1.5102994,1.4394299,0.7775585,0.0,0.0,1.0,6809.867,4.8738914,20.0,0.16836202,1.8889729,1.0
6511,16.0,1.7446114,1.7435732,0.41961297,0.0,0.0,1.0,6809.867,5.9667406,20.0,0.19175686,2.151456,1.0
6512,16.0,1.4301583,1.1795359,0.9267531,0.0,0.0,1.0,5851.0986,4.500107,20.0,0.16744266,1.8786579,1.0
6513,16.0,1.276133,1.0661645,0.91659814,0.0,0.0,1.0,5851.0986,3.7817206,20.0,0.21681114,2.4325578,1.0
6514,16.0,0.9787417,1.0014756,1.0079747,0.0,0.0,1.0,5851.0986,2.3946648,20.0,0.17944686,2.0133414,1.0
6515,16.0,1.551168,1.5291427,0.69474566,0.0,0.0,1.0,4887.7446,5.0645056,20.0,0.17023396,1.9099755,1.0
6516,16.0,1.4759648,1.4831976,0.65147555,0.0,0.0,1.0,4887.7446,4.713752,20.0,0.2024496,2.2714255,1.0
6517,16.0,0.95573264,0.863902,0.96218836,0.0,0.0,1.0,4887.7446,2.2873487,20.0,0.20399572,2.2887726,1.0
6518,16.0,1.3284725,1.2220255,0.90116996,0.0,0.0,1.0,4887.7446,4.0258365,20.0,0.18844347,2.1142807,1.0
6519,16.0,1.5532521,1.5452673,0.6938004,0.0,0.0,1.0,3919.7444,5.074226,20.0,0.20909259,2.345958,1.0
6520,16.0,1.5771319,1.5985605,0.6179023,0.0,0.0,1.0,3919.7444,5.185603,20.0,0.22531292,2.5279453,1.0
6521,16.0,1.6282567,1.5850321,0.7336621,0.0,0.0,1.0,3919.7444,5.424053,20.0,0.18805447,2.1099164,1.0
6522,16.0,1.6480408,1.602846,0.67802036,0.0,0.0,1.0,3919.7444,5.516328,20.0,0.18848598,2.1147578,1.0
6523,16.0,1.3910533,1.3897767,0.95830154,0.0,0.0,1.0,3919.7444,4.317718,20.0,0.19891278,2.2317436,1.0
6524,16.0,1.5705743,1.5478436,0.85212034,0.0,0.0,1.0,3919.7444,5.155018,20.0,0.19647679,2.2044122,1.0
6525,16.0,1.171302,1.2460567,0.8582709,0.0,0.0,1.0,3919.7444,3.2927809,20.0,0.18924262,2.123247,1.0
6526,7.029176,1.6831887,1.5812277,0.74685603,0.0,0.0,1.0,0.67449075,5.68026,0.0,0.14960265,1.6784981,1.0
6527,7.005856,1.6083807,1.494839,0.921597,0.0,0.0,1.0,0.6615202,5.33135,0.0,0.16911228,1.8973905,1.0
6528,7.39308,1.6320313,1.4838727,0.921597,0.0,0.0,1.0,1.3107518,5.4416585,0.0,0.18044978,2.024594,1.0
6529,6.793644,1.5499251,1.5529082,0.8581581,0.0,0.0,1.0,1.6309652,5.0587087,0.0,0.17646502,1.979886,1.0
6530,6.1384068,1.5116125,1.5117223,0.85212034,0.0,0.0,1.0,1.94835,4.880016,0.0,0.1547955,1.7367604,1.0
6531,6.093795,1.5242049,1.5297693,0.95446146,0.0,0.0,1.0,1.94835,4.9387474,0.0,0.14868593,1.6682129,1.0
6532,6.592981,1.5207711,1.4383935,1.0143209,0.0,0.0,1.0,2.106006,4.9227324,0.0,0.17553118,1.9694086,1.0
6533,7.41433,1.5975823,1.532385,0.8916787,0.0,0.0,1.0,2.2629836,5.280986,0.011523233,0.19200066,2.1541915,1.0
6534,7.516282,1.6811007,1.6071136,0.63648856,0.0,0.0,1.0,2.2629836,5.670522,0.011523233,0.17201895,1.9300025,1.0
6535,5.5875664,1.3184544,1.8372179,0.7070145,0.0,0.0,1.0,2.4192927,3.9791112,0.03505827,0.1920663,2.154928,1.0
6536,7.5423923,1.5868478,1.7630767,0.40762085,0.0,0.0,1.0,2.4192927,5.230919,0.03505827,0.20165703,2.2625332,1.0
6537,7.16363,1.5329651,1.4967662,0.87291783,0.0,0.0,1.0,2.4192927,4.9796057,0.03505827,0.20081852,2.2531254,1.0
6538,7.2423368,1.5837944,1.5510638,0.5238274,0.0,0.0,1.0,2.574942,5.2166777,0.05849398,0.18801212,2.1094413,1.0
6539,6.5132947,1.4677465,1.4379748,0.62896407,0.0,0.0,1.0,2.574942,4.675421,0.05849398,0.18923144,2.1231217,1.0
6540,6.297635,1.4732468,1.296285,0.63375,0.0,0.0,1.0,2.7564452,4.701075,0.085822396,0.1756134,1.9703312,1.0
6541,6.4940457,1.474936,1.2765868,0.63375,0.0,0.0,1.0,2.7834682,4.708954,0.08989119,0.18566427,2.083099,1.0
6542,6.0412645,1.3892399,1.2511873,0.5555967,0.0,0.0,1.0,3.1778722,4.3092604,0.14927551,0.19148092,2.14836,1.0
6543,5.611968,1.3431215,1.3047242,0.7722162,0.0,0.0,1.0,3.1778722,4.0941606,0.14927551,0.18353541,2.0592139,1.0
6544,5.1956697,1.269667,1.2190757,0.55506116,0.0,0.0,1.0,3.1778722,3.751563,0.14927551,0.18715398,2.0998132,1.0
6545,4.902348,1.210083,1.2370905,0.67278826,0.0,0.0,1.0,3.1778722,3.4736586,0.14927551,0.19386612,2.1751213,1.0
6546,4.938657,1.2094947,1.2742516,0.62292254,0.0,0.0,1.0,3.1778722,3.4709148,0.14927551,0.19681412,2.208197,1.0
6547,6.9959736,1.5505773,1.5206119,0.62734497,0.0,0.0,1.0,3.1778722,5.0617504,0.14927551,0.1864386,2.0917869,1.0
6548,7.6362815,1.591269,1.5439972,0.62734497,0.0,0.0,1.0,3.1778722,5.2515397,0.14927551,0.20476808,2.2974381,1.0
6549,5.790237,1.3380145,1.4570849,0.70741236,0.0,0.0,1.0,3.5806735,4.070341,0.20992419,0.19673121,2.2072668,1.0
6550,6.7405324,1.5063918,1.5382965,0.62734497,0.0,0.0,1.0,3.443142,4.8556657,0.18921645,0.18798013,2.1090822,1.0
6551,6.573066,1.5141164,1.5749983,0.4309844,0.0,0.0,1.0,3.443142,4.891694,0.18921645,0.17665848,1.9820567,1.0
6552,6.5803022,1.4896494,1.5459203,0.62734497,0.0,0.0,1.0,3.443142,4.7775784,0.18921645,0.18521746,2.078086,1.0
6553,6.0239005,1.392842,1.4399434,0.6731678,0.0,0.0,1.0,2.8597767,4.3260612,0.10138075,0.18907233,2.1213365,1.0
6554,5.283199,1.3220466,1.4029164,0.73810875,0.0,0.0,1.0,2.4211955,3.9958658,0.035344772,0.17116977,1.920475,1.0
6555,3.7563283,1.0672386,1.3465114,0.93499523,0.0,0.0,1.0,2.4211955,2.807421,0.035344772,0.17520183,1.9657135,1.0
6556,6.003215,1.4025578,1.4288204,0.84239006,0.0,0.0,1.0,1.5361294,4.3713765,0.0,0.18419139,2.0665736,1.0
6557,2.9900587,0.9558055,1.450146,0.87571436,0.0,0.0,1.0,0.44747186,2.2876883,0.0,0.1673132,1.8772054,1.0
6558,2.9905865,0.95412505,1.3309352,0.8712266,0.0,0.0,1.0,0.5233177,2.2798507,0.0,0.16851638,1.8907048,1.0
6559,3.006136,0.95386904,1.383159,0.8776814,0.0,0.0,1.0,0.5233177,2.2786567,0.0,0.17042917,1.9121656,1.0
6560,5.4334702,1.3743235,1.663164,0.5283662,0.0,0.0,1.0,0.5233177,4.239689,0.0,0.1608325,1.8044938,1.0
6561,5.3943567,1.382314,1.6704215,0.5530697,0.0,0.0,1.0,0.50464535,4.276957,0.0,0.15565985,1.7464582,1.0
6562,3.13269,0.9470494,1.3296065,0.96032333,0.0,0.0,1.0,0.50464535,2.2468493,0.0,0.18952851,2.1264546,1.0
6563,3.0517051,0.93967587,1.2664449,0.8570442,0.0,0.0,1.0,0.50464535,2.2124586,0.0,0.18572612,2.083793,1.0
6564,6.6392837,1.5341363,1.5546732,0.7343426,0.0,0.0,1.0,0.50464535,4.9850683,0.0,0.17363173,1.9480973,1.0
6565,6.516995,1.5071274,1.5396483,0.72472006,0.0,0.0,1.0,0.4805808,4.859097,0.0,0.17601542,1.9748417,1.0
6566,2.9278047,0.9433587,1.5026884,0.7906414,0.0,0.0,1.0,0.4485714,2.2296357,0.0,0.16886902,1.8946612,1.0
6567,6.618552,1.5410933,1.5615326,0.61803234,0.0,0.0,1.0,0.4485714,5.0175166,0.0,0.17038622,1.9116838,1.0
6568,6.935205,1.5803819,1.6088114,0.590681,0.0,0.0,1.0,0.4485714,5.2007613,0.0,0.17405546,1.9528515,1.0
6569,6.9142137,1.5918621,1.589172,0.6008223,0.0,0.0,1.0,0.4485714,5.254306,0.0,0.16957757,1.9026109,1.0
6570,6.739288,1.6189848,1.6081222,0.6008223,0.0,0.0,1.0,0.6793176,5.3808084,0.0,0.15342072,1.7213358,1.0
6571,6.7360854,1.6193019,1.614315,0.6008223,0.0,0.0,1.0,0.684214,5.3822875,0.0,0.15318157,1.7186526,1.0
6572,6.970471,1.6528494,1.6549404,0.56923467,0.0,0.0,1.0,0.6783691,5.538756,0.0,0.15495445,1.7385437,1.0
6573,6.68932,1.6510105,1.6549954,0.56923467,0.0,0.0,1.0,0.67449075,5.530179,0.0,0.14250506,1.5988653,1.0
6574,6.645023,1.6421031,1.6533028,0.56923467,0.0,0.0,1.0,0.67449075,5.488634,0.0,0.14278136,1.6019653,1.0
6575,6.142618,1.6433964,1.6511415,0.6179023,0.0,0.0,1.0,0.67449075,5.494666,0.0,0.11915863,1.3369251,1.0
6576,6.950543,1.7009114,1.6658893,0.5874362,0.0,0.0,1.0,0.67449075,5.7629204,0.0,0.14160796,1.5888,1.0
6577,6.7625694,1.6672556,1.6533679,0.6179023,0.0,0.0,1.0,0.67449075,5.6059475,0.0,0.1416692,1.5894871,1.0
6578,7.0673304,1.6966217,1.6363999,0.74385196,0.0,0.0,1.0,0.67449075,5.742913,0.0,0.14785661,1.658908,1.0
6579,5.374312,1.5599806,1.3779405,0.9122116,0.0,0.0,1.0,0.67449075,5.1056085,0.0,0.1025311,1.150369,1.0
6580,6.205471,1.7223347,1.6901623,0.5874362,0.0,0.0,1.0,0.67449075,5.8628407,0.0,0.104011126,1.1669745,1.0
6581,6.422328,1.6905229,1.555929,0.8127732,0.0,0.0,1.0,0.67449075,5.714468,0.0,0.12067326,1.3539188,1.0
6582,6.198749,1.661063,1.6724745,0.5906811,0.0,0.0,1.0,0.67449075,5.5770645,0.0,0.117515564,1.3184904,1.0
6583,5.964325,1.6656021,1.677958,0.5906811,0.0,0.0,1.0,0.67449075,5.598235,0.0,0.105781674,1.1868396,1.0
6584,6.443709,1.6755227,1.6795113,0.5906811,0.0,0.0,1.0,0.67449075,5.6445055,0.0,0.12518522,1.4045417,1.0
6585,6.558188,1.708567,1.6718912,0.62267435,0.0,0.0,1.0,0.67449075,5.798627,0.0,0.12248593,1.3742564,1.0
6586,6.486179,1.6986848,1.677977,0.64380145,0.0,0.0,1.0,0.67449075,5.7525353,0.0,0.1216059,1.3643827,1.0
6587,6.235969,1.734262,1.6620911,0.6704271,0.0,0.0,1.0,0.67449075,5.9184704,0.0,0.10278987,1.1532724,1.0
6588,6.4197598,1.7521827,1.6776975,0.6704271,0.0,0.0,1.0,1.3522925,6.002054,0.0,0.106851205,1.1988394,1.0
6589,6.59761,1.7566059,1.6896412,0.6704271,0.0,0.0,1.0,1.3522925,6.022684,0.0,0.11343816,1.2727431,1.0
6590,2.45084,0.9155888,0.77650934,0.8378489,0.0,0.0,1.0,1.3522925,2.1001146,0.0,0.13165684,1.4771514,1.0
6591,5.026306,1.43166,1.5083443,0.84568805,0.0,0.0,1.0,1.3522925,4.507111,0.0,0.11846364,1.3291276,1.0
6592,7.0718517,1.7496437,1.6809096,0.66691595,0.0,0.0,1.0,1.3522925,5.990212,0.0,0.13511118,1.5159081,1.0
6593,6.80143,1.7201444,1.6214027,0.65746325,0.0,0.0,1.0,1.3522925,5.852625,0.0,0.13041238,1.463189,1.0
6594,7.1906433,1.6260517,1.5633574,0.6604716,0.0,0.0,1.0,1.3522925,5.413769,0.0,0.17270985,1.9377543,1.0
6595,2.5338235,0.9067488,1.4705143,0.86010295,0.0,0.0,1.0,1.3522925,2.0588841,0.0,0.14787194,1.6590801,1.0
6596,2.1122541,0.8081827,0.78958523,0.8137997,0.0,0.0,1.0,1.3522925,1.5991642,0.0,0.17083429,1.916711,1.0
6597,6.3635187,1.4940344,1.5330713,0.68960184,0.0,0.0,1.0,1.3522925,4.79803,0.0,0.17221668,1.932221,1.0
6598,1.8199669,0.76672465,0.78229797,0.6878641,0.0,0.0,1.0,1.3522925,1.4058006,0.0,0.16415308,1.8417498,1.0
6599,2.3651927,0.8268985,1.0078226,0.83855885,0.0,0.0,1.0,1.3522925,1.6864562,0.0,0.19161773,2.149895,1.0
6600,6.577673,1.4830241,1.582146,0.7329237,0.0,0.0,1.0,1.3522925,4.7466774,0.0,0.18735972,2.1021216,1.0
6601,3.0415208,0.9575007,0.86676174,0.8081828,0.0,0.0,1.0,1.3522925,2.295595,0.0,0.1718756,1.9283941,1.0
6602,2.928694,0.9601676,0.8493092,0.78771883,0.0,0.0,1.0,1.3522925,2.3080335,0.0,0.15760867,1.7683234,1.0
6603,6.3879614,1.6694775,1.6148937,0.81277317,0.0,0.0,1.0,1.3522925,5.61631,0.0,0.12411695,1.3925561,1.0
6604,8.156269,1.6045303,1.6274812,0.7969742,0.0,0.0,1.0,1.3522925,5.3133917,0.0,0.22537895,2.528686,1.0
6605,8.01883,1.7403531,1.643629,0.6953759,0.0,0.0,1.0,1.3522925,5.94688,0.0,0.17785275,1.995456,1.0
6606,1.8604081,0.77141315,1.5599148,0.7998661,0.0,0.0,1.0,1.3522925,1.4276681,0.0,0.16631694,1.8660276,1.0
6607,8.207385,1.7465984,1.6150515,0.6841909,0.0,0.0,1.0,1.3522925,5.976008,0.0,0.18421394,2.0668266,1.0
6608,5.522244,1.4619312,1.6021873,0.66502565,0.0,0.0,1.0,1.3522925,4.6482983,0.0,0.1370074,1.5371832,1.0
6609,2.8130913,0.91300243,0.7678424,0.7717722,0.0,0.0,1.0,1.3522925,2.0880516,0.0,0.17755306,1.9920936,1.0
6610,2.9969983,0.9440594,1.4007138,0.87083286,0.0,0.0,1.0,1.3522925,2.2329035,0.0,0.1762709,1.9777082,1.0
6611,1.108441,0.6739981,1.4607486,0.8688459,0.0,0.0,1.0,1.3522925,0.9733168,0.0,0.124482125,1.3966532,1.0
6612,5.9458895,1.7401408,1.6193138,0.695816,0.0,0.0,1.0,1.3522925,5.9458895,0.0,0.08791618,0.9863939,0.0
6613,4.399029,1.2851818,1.5127742,0.8284965,0.0,0.0,1.0,1.3522925,3.823925,0.0,0.12742788,1.4297036,1.0
6614,4.2557087,1.2660943,1.4055942,0.8673547,0.0,0.0,1.0,1.3522925,3.7348998,0.0,0.124638796,1.3984109,1.0
6615,6.227549,1.6582975,1.6913378,0.8511855,0.0,0.0,1.0,1.3522925,5.564166,0.0,0.119489774,1.3406404,1.0
6616,6.9999704,1.7304803,1.762453,0.6970509,0.0,0.0,1.0,1.3522925,5.900832,0.0,0.13656282,1.5321951,1.0
6617,5.016119,1.3780053,1.4960066,0.90385103,0.0,0.0,1.0,1.1344643,4.256861,0.0,0.13454919,1.5096027,1.0
6618,6.514715,1.7184367,1.6430265,0.79013014,0.0,0.0,1.0,1.3523188,5.84466,0.0,0.11832344,1.3275545,1.0
6619,5.1246595,1.4434072,1.7873424,0.8244014,0.0,0.0,1.0,1.3523188,4.5619006,0.0,0.12054315,1.3524591,1.0
6620,6.140388,1.4572419,1.7664185,0.8541533,0.0,0.0,1.0,1.3523188,4.626427,0.0,0.1724623,1.9349767,1.0
6621,7.1836076,1.7783266,1.8110429,0.814174,0.0,0.0,1.0,1.3523188,6.123991,0.0,0.13319093,1.4943634,1.0
6622,5.4229865,1.4596881,1.6840582,0.8410394,0.0,0.0,1.0,1.3523188,4.637836,0.0,0.13223988,1.4836929,1.0
6623,6.813132,1.8726254,1.8979862,0.6414994,0.0,0.0,1.0,1.3523188,6.563808,0.0,0.09880181,1.1085275,1.0
6624,7.4887166,1.8864663,1.83853,0.69474566,0.0,0.0,1.0,1.3523188,6.628363,0.0,0.12218264,1.3708535,1.0
6625,8.164304,1.9392157,1.8887184,0.6704271,0.0,0.0,1.0,4.6316214,6.87439,0.36816254,0.13691224,1.5361154,1.0
6626,9.78984,1.9400499,1.9361793,0.667956,0.0,0.0,1.0,6.5708165,6.878281,0.6601419,0.19692321,2.2094212,1.0
6627,7.487979,1.8508161,1.9584552,0.6970509,0.0,0.0,1.0,7.2114105,6.462088,0.75659436,0.12955654,1.4535866,1.0
6628,4.489575,1.3275168,1.4055259,0.9162702,0.0,0.0,1.0,7.8491693,4.021379,0.85261995,0.11877737,1.3326476,1.0
6629,6.9125,1.653519,1.8085068,0.83882374,0.0,0.0,1.0,8.484132,5.5418787,0.94822454,0.15211006,1.7066305,1.0
6630,5.7669635,1.6809534,1.8307811,0.6704271,0.0,0.0,1.0,9.116337,5.6698346,1.0434139,0.0934913,1.0489452,1.0
6631,4.9579396,1.5283197,1.7773757,0.6704271,0.0,0.0,1.0,9.116337,4.9579396,1.0434139,0.08430481,0.9458754,0.0
6632,3.6661441,1.2336446,1.625183,0.6305353,0.0,0.0,1.0,9.745821,3.5835516,1.1381936,0.09499807,1.0658506,1.0
6633,5.4062667,1.4238524,1.6601709,0.6153755,0.0,0.0,1.0,9.745821,4.470696,1.1381936,0.14241965,1.597907,1.0
6634,4.137639,1.3254154,1.4472733,0.71969557,0.0,0.0,1.0,10.372625,4.0115776,1.2325698,0.09713123,1.0897841,1.0
6635,3.0799754,1.1037571,1.3463569,0.6704271,0.0,0.0,1.0,21.41974,2.9777465,2.8959038,0.097871386,1.0980884,1.0
6636,3.5354943,1.1604416,1.2087659,0.7287528,0.0,0.0,1.0,11.671275,3.2421274,1.4281039,0.112171486,1.2585313,1.0
6637,3.590485,1.15883,1.1666285,0.69694453,0.0,0.0,1.0,11.671275,3.2346108,1.4281039,0.117146075,1.3143449,1.0
6638,3.7798305,1.0995327,1.1266091,0.64875716,0.0,0.0,1.0,11.671275,2.9580433,1.4281039,0.1598754,1.7937553,1.0
6639,4.178419,1.184132,1.1722519,0.6469317,0.0,0.0,1.0,11.671275,3.352621,1.4281039,0.15185374,1.7037547,1.0
6640,3.5442884,1.0560266,1.0901704,0.6068246,0.0,0.0,1.0,11.671275,2.7551274,1.4281039,0.16207032,1.8183818,1.0
6641,2.607178,0.9479584,1.048932,0.6522342,0.0,0.0,1.0,11.671275,2.251089,1.4281039,0.12941134,1.4519576,1.0
6642,3.3521674,1.0316244,1.0634086,0.5751693,0.0,0.0,1.0,11.671275,2.6413138,1.4281039,0.15766357,1.7689393,1.0
6643,3.0155325,1.0319725,1.0596573,0.61803234,0.0,0.0,1.0,11.671275,2.6429374,1.4281039,0.12502937,1.402793,1.0
6644,3.148727,1.0292346,1.126068,0.5899283,0.0,0.0,1.0,11.671275,2.6301677,1.4281039,0.13933598,1.5633091,1.0
6645,3.2102585,1.0252159,1.126615,0.6346063,0.0,0.0,1.0,11.671275,2.6114237,1.4281039,0.14752446,1.6551815,1.0
6646,3.6006472,1.0884426,1.1754292,0.6346063,0.0,0.0,1.0,11.671275,2.906318,1.4281039,0.14996655,1.6825811,1.0
6647,4.02348,1.1425742,1.2274245,0.6346063,0.0,0.0,1.0,11.671275,3.1587923,1.4281039,0.15883783,1.7821141,1.0
6648,3.5604246,1.082383,1.155113,1.0008419,0.0,0.0,1.0,11.671275,2.878056,1.4281039,0.14950567,1.6774101,1.0
6649,3.5413365,1.182289,1.263139,0.61393017,0.0,0.0,1.0,11.671275,3.3440251,1.4281039,0.10415452,1.1685834,1.0
6650,4.0255485,1.2251021,1.2959796,0.61393017,0.0,0.0,1.0,11.671275,3.5437086,1.4281039,0.12375428,1.388487,1.0
6651,4.415699,1.2575749,1.321808,0.61393017,0.0,0.0,1.0,11.671275,3.6951647,1.4281039,0.13878483,1.5571253,1.0
6652,4.306922,1.2507613,1.3033522,0.64572746,0.0,0.0,1.0,11.671275,3.6633852,1.4281039,0.13386324,1.5019065,1.0
6653,4.918269,1.3596715,1.4255226,0.61803234,0.0,0.0,1.0,9.158623,4.171351,1.0497807,0.13472696,1.5115972,1.0
6654,4.953308,1.3372313,1.3980752,0.61393017,0.0,0.0,1.0,5.3061123,4.066688,0.4697188,0.14464857,1.6229148,1.0
6655,5.0829463,1.3499874,1.4041375,0.61393017,0.0,0.0,1.0,3.9984004,4.1261835,0.2728202,0.14817701,1.6625029,1.0
6656,5.148951,1.3746037,1.4141711,0.61393017,0.0,0.0,1.0,3.9984004,4.2409964,0.2728202,0.14364773,1.6116856,1.0
6657,5.2073483,1.3586634,1.3827868,0.64572746,0.0,0.0,1.0,3.3399467,4.1666493,0.17367864,0.1527335,1.7136254,1.0
6658,5.430353,1.4211435,1.4482414,0.6652451,0.0,0.0,1.0,7.8859015,4.458061,0.8581506,0.14466824,1.6231354,1.0
6659,5.641019,1.5338172,1.5716456,0.63221645,0.0,0.0,1.0,9.158623,4.98358,1.0497807,0.12272306,1.376917,1.0
6660,5.2990026,1.541155,1.5772141,0.63221645,0.0,0.0,1.0,9.790828,5.017804,1.1449702,0.10339972,1.1601146,1.0
6661,5.5297966,1.5614731,1.5742797,0.63221645,0.0,0.0,1.0,10.420312,5.11257,1.2397499,0.10991069,1.2331659,1.0
6662,5.409686,1.5813569,1.5090387,0.65147555,0.0,0.0,1.0,11.047115,5.205309,1.334126,0.09912742,1.1121807,1.0
6663,5.325066,1.5626544,1.5204991,0.66195726,0.0,0.0,1.0,11.671275,5.118079,1.4281039,0.09942769,1.1155497,1.0
6664,5.305067,1.589696,1.5034381,0.66195726,0.0,0.0,1.0,11.671275,5.2442036,1.4281039,0.092084356,1.0331596,1.0
6665,5.9062614,1.5764431,1.4773121,0.6008223,0.0,0.0,1.0,12.262491,5.1823907,1.5171218,0.12469866,1.3990827,1.0
6666,5.7936106,1.5677297,1.4394088,0.65147555,0.0,0.0,1.0,12.232305,5.141751,1.5125767,0.12141334,1.3622223,1.0
6667,5.7343793,1.5101737,1.2740248,0.8906163,0.0,0.0,1.0,12.848239,4.873305,1.6053162,0.1341242,1.5048345,1.0
6668,5.2488537,1.5345442,1.3077244,0.7204066,0.0,0.0,1.0,12.848239,4.986971,1.6053162,0.1025016,1.1500381,1.0
6669,5.7813025,1.5332654,1.3351885,0.69474566,0.0,0.0,1.0,12.848239,4.981006,1.6053162,0.13004401,1.4590559,1.0
6670,5.8186135,1.5298879,1.3382838,0.5874362,0.0,0.0,1.0,13.461651,4.965254,1.697676,0.1328953,1.4910467,1.0
6671,5.9587917,1.5370965,1.3375747,0.7198581,0.0,0.0,1.0,8.765095,4.998875,0.99052835,0.13802917,1.548647,1.0
6672,5.496004,1.4372671,1.3147268,0.6704271,0.0,0.0,1.0,8.3590555,4.5332627,0.9293921,0.14321044,1.6067795,1.0
6673,5.004941,1.3723975,1.3514271,0.6704271,0.0,0.0,1.0,6.1061983,4.230706,0.5901856,0.13573146,1.5228674,1.0
6674,4.5204515,1.293341,1.363994,0.6704271,0.0,0.0,1.0,6.1061983,3.8619807,0.5901856,0.13254759,1.4871453,1.0
6675,4.3825955,1.2896494,1.4056759,0.6704271,0.0,0.0,1.0,6.1061983,3.8447623,0.5901856,0.12475171,1.3996779,1.0
6676,4.870756,1.3317477,1.4483346,0.6704271,0.0,0.0,1.0,6.1061983,4.041112,0.5901856,0.14140955,1.586574,1.0
6677,4.8927875,1.3730553,1.5008538,0.6704271,0.0,0.0,1.0,6.1061983,4.233774,0.5901856,0.12876736,1.4447322,1.0
6678,4.4938564,1.2947602,1.397708,0.64183587,0.0,0.0,1.0,4.7579694,3.8685997,0.38718644,0.13028698,1.4617819,1.0
6679,5.0040026,1.3373204,1.4302629,0.6818949,0.0,0.0,1.0,3.8569639,4.067104,0.25152448,0.147791,1.6581719,1.0
6680,5.288653,1.3907248,1.466873,0.6818949,0.0,0.0,1.0,3.8569639,4.316186,0.25152448,0.14650418,1.6437342,1.0
6681,5.0043626,1.3371282,1.4570659,0.6798853,0.0,0.0,1.0,3.8569639,4.066207,0.25152448,0.14788266,1.6592003,1.0
6682,5.076427,1.3849932,1.4629371,0.6469689,0.0,0.0,1.0,3.8569639,4.2894535,0.25152448,0.13584948,1.5241915,1.0
6683,5.486434,1.434066,1.5272382,0.6798853,0.0,0.0,1.0,2.8428824,4.518333,0.09883702,0.1436912,1.6121733,1.0
6684,5.744346,1.5387315,1.6170809,0.69537586,0.0,0.0,1.0,2.732312,5.0065007,0.082188725,0.12665914,1.4210787,1.0
6685,5.7724175,1.5063094,1.5664438,0.61393017,0.0,0.0,1.0,2.4254074,4.8552814,0.035978947,0.1372316,1.5396986,1.0
6686,6.302744,1.5076039,1.264918,0.91964906,0.0,0.0,1.0,1.0088128,4.861319,0.0,0.16463606,1.8471687,1.0
6687,4.502376,1.335918,1.239639,0.83664685,0.0,0.0,1.0,0.5475954,4.0605626,0.0,0.11683675,1.3108742,1.0
6688,3.5041158,1.1576657,1.2209868,0.8710727,0.0,0.0,1.0,0.26183808,3.2291803,0.0,0.11081033,1.2432597,1.0
6689,4.603015,1.3124783,1.3608342,0.81820375,0.0,0.0,1.0,0.22267587,3.9512382,0.0,0.13113531,1.4713,1.0
6690,5.8322024,1.4863415,1.5049978,0.79225737,0.0,0.0,1.0,0.29073521,4.76215,0.0,0.14634947,1.6419984,1.0
6691,5.392012,1.3617796,1.3916541,0.8984625,0.0,0.0,1.0,0.3659512,4.1811833,0.0,0.1628741,1.8274,1.0
6692,7.0983577,1.5930172,1.3601233,0.87773687,0.0,0.0,1.0,0.3715024,5.2596936,0.0,0.17814983,1.9987892,1.0
6693,4.9671445,1.2971563,1.2621688,0.65181845,0.0,0.0,1.0,0.3715024,3.8797753,0.0,0.16049974,1.8007603,1.0
6694,4.659001,1.305,1.2818952,0.28087285,0.0,0.0,1.0,0.51216334,3.9163587,0.0,0.1374178,1.5417876,1.0
6695,4.6518955,1.3394761,1.509364,0.7444377,0.0,0.0,1.0,0.5505251,4.077158,0.0,0.12502623,1.4027579,1.0
6696,4.2142653,1.261959,1.3529251,0.6545066,0.0,0.0,1.0,0.5505251,3.7156122,0.0,0.123304665,1.3834424,1.0
6697,3.7355254,1.2261308,1.2963766,0.36894703,0.0,0.0,1.0,0.5505251,3.548507,0.0,0.102550015,1.1505812,1.0
6698,3.9101305,1.2345451,1.3047945,0.36894703,0.0,0.0,1.0,0.5505251,3.5877519,0.0,0.11201088,1.2567295,1.0
6699,3.2198596,1.0711255,1.0473391,0.7674912,0.0,0.0,1.0,0.5505251,2.82555,0.0,0.12466619,1.3987184,1.0
6700,3.0125833,1.0606275,1.1220229,0.62466246,0.0,0.0,1.0,0.55746925,2.7765863,0.0,0.11077329,1.242844,1.0
6701,3.1117916,1.0793009,1.161348,0.27532166,0.0,0.0,1.0,0.5645908,2.8636806,0.0,0.11119225,1.2475446,1.0
6702,3.4950802,1.1463169,1.1493608,0.56705827,0.0,0.0,1.0,0.614667,3.1762483,0.0,0.11469104,1.2868,1.0
6703,3.4512606,1.1305722,1.1364734,0.80324256,0.0,0.0,1.0,0.67449075,3.102814,0.0,0.11772656,1.3208576,1.0
6704,3.730264,1.1727153,1.1630739,0.88673544,0.0,0.0,1.0,0.82637066,3.2993727,0.0,0.12238614,1.3731369,1.0
6705,3.578362,1.1163746,1.2819072,0.9787825,0.0,0.0,1.0,0.75993633,3.0365953,0.0,0.13456233,1.5097501,1.0
6706,4.5311503,1.1546643,1.3574076,0.9916038,0.0,0.0,1.0,0.7596098,3.2151814,0.0,0.19335838,2.1694245,1.0
6707,5.4401345,1.5210553,1.5123867,0.6908758,0.0,0.0,1.0,0.77992636,4.924058,0.0,0.115818426,1.299449,1.0
6708,5.328076,1.4825754,1.351381,0.6355752,0.0,0.0,1.0,0.90148103,4.7445846,0.0,0.12044633,1.3513727,1.0
6709,5.4992146,1.5015523,1.4460381,0.6529669,0.0,0.0,1.0,0.90148103,4.833094,0.0,0.12422652,1.3937854,1.0
6710,4.3435574,1.2571713,1.4043667,0.8797002,0.0,0.0,1.0,0.90148103,3.693282,0.0,0.13396575,1.5030566,1.0
6711,5.610996,1.5094872,1.4803977,0.7277293,0.0,0.0,1.0,0.90148103,4.870103,0.0,0.12786959,1.4346596,1.0
6712,4.386358,1.2603136,1.4047829,0.87215406,0.0,0.0,1.0,0.9466211,3.7079382,0.0,0.1357214,1.5227545,1.0
6713,5.645451,1.5174547,1.3833514,0.7634109,0.0,0.0,1.0,1.0141711,4.907264,0.0,0.12743579,1.4297924,1.0
6714,5.4968762,1.5036536,1.5058038,0.6545811,0.0,0.0,1.0,1.0141711,4.842895,0.0,0.12351716,1.3858266,1.0
6715,5.07308,1.4732598,1.4828854,0.68601465,0.0,0.0,1.0,1.0141711,4.7011356,0.0,0.10927659,1.2260516,1.0
6716,5.246106,1.4787309,1.3618575,0.7634109,0.0,0.0,1.0,1.0141711,4.7266536,0.0,0.11711499,1.3139961,1.0
6717,5.1107,1.486117,1.4583514,0.7277293,0.0,0.0,1.0,1.0141711,4.7611027,0.0,0.107827544,1.2097937,1.0
6718,5.15228,1.4940377,1.4130347,0.7257372,0.0,0.0,1.0,1.3555045,4.7980456,0.0,0.10792967,1.2109394,1.0
6719,5.257909,1.4961443,1.408811,0.7257372,0.0,0.0,1.0,1.3555045,4.807871,0.0,0.11296562,1.2674414,1.0
6720,5.422247,1.4881065,1.3947195,0.7325378,0.0,0.0,1.0,1.5817877,4.770382,0.0,0.123926915,1.3904239,1.0
6721,5.3879943,1.481531,1.3876747,0.7325378,0.0,0.0,1.0,2.0332768,4.739713,0.0,0.123959534,1.3907899,1.0
6722,4.314033,1.2409369,1.1872474,0.975388,0.0,0.0,1.0,1.3619717,3.6175635,0.0,0.13815598,1.5500698,1.0
6723,2.6418073,0.9568914,1.3481956,0.7545526,0.0,0.0,1.0,1.0239162,2.2927532,0.0,0.12789796,1.4349779,1.0
6724,5.438776,1.4583714,1.3687353,0.73610955,0.0,0.0,1.0,1.0239162,4.6316953,0.0,0.13350274,1.4978619,1.0
6725,4.641791,1.439125,1.5539514,0.8068434,0.0,0.0,1.0,1.0239162,4.5419283,0.0,0.09472791,1.0628196,1.0
6726,6.001331,1.3818458,1.5939312,0.9577287,0.0,0.0,1.0,1.0190312,4.2747736,0.0,0.19198216,2.153984,1.0
6727,4.9211764,1.488487,1.3939568,0.7325378,0.0,0.0,1.0,1.355562,4.7721567,0.0,0.09708093,1.0892198,1.0
6728,4.3543816,1.2518878,1.2733266,0.7959696,0.0,0.0,1.0,1.355562,3.6686394,0.0,0.13672881,1.5340574,1.0
6729,4.589344,1.3261385,1.2323136,0.9808396,0.0,0.0,1.0,1.355562,4.0149503,0.0,0.12556064,1.4087538,1.0
6730,4.798574,1.3048475,1.3499899,0.8868088,0.0,0.0,1.0,1.355562,3.9156475,0.0,0.14654997,1.644248,1.0
6731,4.553204,1.3443887,1.2250459,0.9710496,0.0,0.0,1.0,1.355562,4.100071,0.0,0.117272794,1.3157666,1.0
6732,5.085972,1.4487247,1.3788564,0.8404405,0.0,0.0,1.0,1.355562,4.5867023,0.0,0.11684836,1.3110045,1.0
6733,5.024402,1.4441909,1.3388127,0.8133363,0.0,0.0,1.0,1.355562,4.565556,0.0,0.11472201,1.2871475,1.0
6734,5.106237,1.418616,1.3561777,0.8404405,0.0,0.0,1.0,1.355562,4.446273,0.0,0.12692738,1.4240881,1.0
6735,4.562609,1.4086928,1.3797913,0.79745394,0.0,0.0,1.0,1.355562,4.3999906,0.0,0.09854059,1.1055967,1.0
6736,5.1803894,1.3976269,1.4743931,0.822283,0.0,0.0,1.0,1.355562,4.3483777,0.0,0.13785397,1.5466813,1.0
6737,4.4249215,1.3835275,1.3711247,0.79745394,0.0,0.0,1.0,1.355562,4.2826176,0.0,0.09759057,1.0949378,1.0
6738,4.534056,1.3653568,1.2887172,0.73610955,0.0,0.0,1.0,1.355562,4.197868,0.0,0.10952297,1.2288158,1.0
6739,4.1522737,1.3368499,1.2662807,0.7876214,0.0,0.0,1.0,1.355562,4.0649095,0.0,0.094601944,1.0614063,1.0
6740,4.3008637,1.3286071,1.2701578,0.73610955,0.0,0.0,1.0,1.355562,4.026464,0.0,0.10648332,1.1947118,1.0
6741,4.1431637,1.3371637,1.2599934,0.73610955,0.0,0.0,1.0,1.581858,4.066373,0.0,0.09393784,1.0539552,1.0
6742,4.258903,1.3214644,1.2847272,0.8404405,0.0,0.0,1.0,1.0240227,3.9931502,0.0,0.106076635,1.190149,1.0
6743,1.2425126,0.72258085,1.137715,0.7508877,0.0,0.0,1.0,1.0240227,1.1999104,0.0,0.09817023,1.1014414,1.0
6744,4.217613,1.2832451,1.2453561,0.8404405,0.0,0.0,1.0,1.0240227,3.8148923,0.0,0.11601153,1.3016156,1.0
6745,4.012591,1.2689109,1.1713331,0.73610955,0.0,0.0,1.0,1.0240227,3.7480364,0.0,0.10710357,1.2016709,1.0
6746,4.352673,1.2639735,1.4157988,0.822283,0.0,0.0,1.0,1.0240227,3.725008,0.0,0.13203815,1.4814296,1.0
6747,0.7161355,0.6098465,1.1090806,0.7508877,0.0,0.0,1.0,1.0240227,0.6741085,0.0,0.10500517,1.1781274,1.0
6748,3.917434,1.2352535,1.1718825,0.73610955,0.0,0.0,1.0,1.0240227,3.5910556,0.0,0.11227347,1.2596756,1.0
6749,3.9140012,1.2449286,1.1713511,0.73610955,0.0,0.0,1.0,1.0240227,3.636181,0.0,0.10858553,1.218298,1.0
6750,3.8555067,1.2645156,1.1558928,0.8051474,0.0,0.0,1.0,1.0240227,3.7275367,0.0,0.09787141,1.0980886,1.0
6751,3.802198,1.2639445,1.1502953,0.8051474,0.0,0.0,1.0,1.1270891,3.7248728,0.0,0.09441528,1.0593119,1.0
6752,3.936759,1.2670665,1.228956,0.8404405,0.0,0.0,1.0,1.3522925,3.739434,0.0,0.10256662,1.1507676,1.0
6753,3.981465,1.2725782,1.2374436,0.8214372,0.0,0.0,1.0,1.3522925,3.7651412,0.0,0.10375985,1.1641552,1.0
6754,4.131714,1.2837611,1.1856383,0.73610955,0.0,0.0,1.0,1.3522925,3.8172991,0.0,0.11010364,1.2353307,1.0
6755,4.1720123,1.2836132,1.2378016,0.73610955,0.0,0.0,1.0,3.324328,3.8166091,0.17132695,0.11284226,1.2660573,1.0
6756,4.622172,1.3520843,1.2700765,0.73610955,0.0,0.0,1.0,5.2819524,4.1359634,0.4660811,0.11906502,1.3358748,1.0
6757,4.9054914,1.3998243,1.2909219,0.73610955,0.0,0.0,1.0,7.2132096,4.358627,0.75686526,0.121079594,1.3584777,1.0
6758,2.5641425,0.9659409,1.3420624,0.7508877,0.0,0.0,1.0,7.851289,2.3349607,0.85293907,0.11412373,1.280435,1.0
6759,2.9677763,1.035276,1.3728489,0.7508877,0.0,0.0,1.0,8.486597,2.6583452,0.9485957,0.11877057,1.3325711,1.0
6760,3.4300153,1.0941473,1.2317792,0.8816368,0.0,0.0,1.0,9.119172,2.9329255,1.0438408,0.13228916,1.4842458,1.0
6761,4.82566,1.3334901,1.3486695,0.84367937,0.0,0.0,1.0,9.119172,4.049239,1.0438408,0.13795748,1.5478427,1.0
6762,4.6609025,1.3098997,1.3737345,0.84367937,0.0,0.0,1.0,9.749052,3.9392114,1.1386801,0.13578327,1.5234487,1.0
6763,5.2042947,1.3880098,1.2852471,0.886962,0.0,0.0,1.0,9.749052,4.303523,1.1386801,0.14243054,1.5980293,1.0
6764,5.5155888,1.4529675,1.2069924,0.8932659,0.0,0.0,1.0,10.376275,4.606491,1.2331194,0.13938521,1.5638614,1.0
6765,4.75664,1.3302114,1.1779919,0.92340064,0.0,0.0,1.0,7.1654806,4.033947,0.7496788,0.13475086,1.5118654,1.0
6766,3.4143004,1.1784185,1.3227026,0.67490894,0.0,0.0,1.0,11.618336,3.325973,1.420133,0.09589169,1.0758768,1.0
6767,5.45335,1.4474049,1.3974795,0.8837577,0.0,0.0,1.0,11.618336,4.5805464,1.420133,0.1376521,1.5444164,1.0
6768,4.75475,1.3413572,1.3089361,0.9164991,0.0,0.0,1.0,11.618336,4.085932,1.420133,0.13081266,1.46768,1.0
6769,4.666477,1.311494,1.543678,0.73610955,0.0,0.0,1.0,11.618336,3.9466474,1.420133,0.13557526,1.521115,1.0
6770,2.9183614,1.0221176,1.5842149,0.85564005,0.0,0.0,1.0,11.618336,2.5969734,1.420133,0.120643534,1.3535852,1.0
6771,4.3800354,1.2925137,1.510171,0.73610955,0.0,0.0,1.0,11.618336,3.8581219,1.420133,0.12357758,1.3865044,1.0
6772,2.6688316,0.9663721,1.4108515,0.8807393,0.0,0.0,1.0,11.618336,2.3369718,1.420133,0.12529081,1.4057264,1.0
6773,2.7306583,1.0470747,1.3195647,0.6895229,0.0,0.0,1.0,11.618336,2.713375,1.420133,0.09075091,1.0181987,1.0
6774,3.2880778,1.1010658,1.4585881,0.84367937,0.0,0.0,1.0,11.618336,2.9651935,1.420133,0.116858505,1.3111184,1.0
6775,2.6761,0.9985847,1.1914383,0.948822,0.0,0.0,1.0,11.618336,2.4872139,1.420133,0.10846802,1.2169796,1.0
6776,2.7812777,1.0402751,1.1545869,0.9399615,0.0,0.0,1.0,11.618336,2.6816611,1.420133,0.09858858,1.1061351,1.0
6777,3.1125865,1.1144528,1.1534976,0.8706678,0.0,0.0,1.0,11.618336,3.027632,1.420133,0.09627438,1.0801705,1.0
6778,3.4574203,1.1665998,1.156845,0.82797176,0.0,0.0,1.0,11.618336,3.2708492,1.420133,0.10365448,1.162973,1.0
6779,3.8262968,1.26007,1.209164,0.6450711,0.0,0.0,1.0,11.618336,3.7068017,1.420133,0.09733808,1.0921049,1.0
6780,4.046382,1.2596751,1.3352339,0.82782304,0.0,0.0,1.0,11.618336,3.70496,1.420133,0.11259589,1.2632931,1.0
6781,4.975514,1.5023268,1.3956149,0.73610955,0.0,0.0,1.0,11.618336,4.8367066,1.420133,0.09643709,1.0819961,1.0
6782,4.9782743,1.5052117,1.4260775,0.83009356,0.0,0.0,1.0,11.618336,4.850162,1.420133,0.0958553,1.0754685,1.0
6783,3.8073454,1.2473532,1.3571746,0.96619284,0.0,0.0,1.0,7.2114105,3.6474898,0.75659436,0.10028938,1.1252177,1.0
6784,4.808004,1.4536341,1.4048334,0.83009356,0.0,0.0,1.0,5.2809615,4.6096,0.46593192,0.10008954,1.1229755,1.0
6785,4.6800704,1.4687433,1.5108037,0.7740129,0.0,0.0,1.0,3.9792848,4.6800704,0.26994202,0.087853864,0.98569477,0.0
6786,3.6020415,1.2376089,1.436907,0.90907335,0.0,0.0,1.0,3.9792848,3.6020415,0.26994202,0.08788798,0.98607755,0.0
6787,1.8289558,0.85155517,1.032559,0.9456311,0.0,0.0,1.0,3.3239098,1.8014568,0.171264,0.09301612,1.0436138,1.0
6788,3.6876373,1.2559611,1.4458159,0.9090735,0.0,0.0,1.0,3.3239098,3.6876373,0.171264,0.081448294,0.9138261,0.0
6789,2.1488204,0.9235747,1.324707,0.9635633,0.0,0.0,1.0,2.665456,2.1373613,0.07212242,0.090494156,1.015318,1.0
6790,3.7481658,1.256868,1.4562542,0.90907335,0.0,0.0,1.0,2.665456,3.6918676,0.07212242,0.093012154,1.0435693,1.0
6791,1.6169945,0.8011004,0.95007163,0.8043774,0.0,0.0,1.0,2.665456,1.5661316,0.07212242,0.097399205,1.0927907,1.0
6792,2.0347688,0.90157837,1.2059048,0.29597655,0.0,0.0,1.0,2.665456,2.0347688,0.07212242,0.08551845,0.9594921,0.0
6793,3.5967495,1.2364743,1.0284185,0.82436866,0.0,0.0,1.0,2.0038807,3.5967495,0.0,0.07833255,0.8788684,0.0
6794,3.6175463,1.2409332,1.3009405,0.8572822,0.0,0.0,1.0,2.0038807,3.6175463,0.0,0.08359198,0.9378777,0.0
6795,3.472842,1.2009712,1.1858196,0.98349845,0.0,0.0,1.0,2.0038807,3.4311607,0.0,0.092222385,1.0347083,1.0
6796,2.8530467,1.0581086,1.2823226,0.8786077,0.0,0.0,1.0,2.0038807,2.764838,0.0,0.09725327,1.0911534,1.0
6797,4.6215663,1.4479231,1.3709612,0.7257372,0.0,0.0,1.0,2.0038807,4.582963,0.0,0.09127388,1.0240663,1.0
6798,4.8275447,1.4446809,1.3784479,0.7257372,0.0,0.0,1.0,2.0038807,4.5678415,0.0,0.10360714,1.162442,1.0
6799,4.817879,1.4471952,1.3873205,0.7257372,0.0,0.0,1.0,2.0038807,4.5795684,0.0,0.10238052,1.1486796,1.0
6800,5.3321066,1.4659016,1.4687725,0.6628104,0.0,0.0,1.0,2.0038807,4.6668167,0.0,0.12543172,1.4073073,1.0
6801,4.5507774,1.3276428,1.376515,0.87215406,0.0,0.0,1.0,1.3391415,4.0219665,0.0,0.12261095,1.3756591,1.0
6802,4.403617,1.2715055,1.185045,0.9425427,0.0,0.0,1.0,0.33601087,3.7601378,0.0,0.13270827,1.4889481,1.0
6803,4.76108,1.3297161,1.3665755,0.842896,0.0,0.0,1.0,0.22373652,4.0316367,0.0,0.13520335,1.5169421,1.0
6804,5.557614,1.4907607,1.4678174,0.6545811,0.0,0.0,1.0,0.22373652,4.782761,0.0,0.13038522,1.4628842,1.0
6805,4.987061,1.3473489,1.3670067,0.8797002,0.0,0.0,1.0,0.22373652,4.113878,0.0,0.14317995,1.6064373,1.0
6806,5.297784,1.4719535,1.4577445,0.6545811,0.0,0.0,1.0,0.22373652,4.695043,0.0,0.121820875,1.3667947,1.0
6807,5.099639,1.3348061,1.4257051,0.82099,0.0,0.0,1.0,0.22373652,4.055377,0.0,0.1547024,1.7357157,1.0
6808,5.654957,1.4611161,1.432339,0.6848164,0.0,0.0,1.0,0.22373652,4.6444964,0.0,0.14453156,1.621602,1.0
6809,4.617736,1.366996,1.3571587,0.86742437,0.0,0.0,1.0,0.22373652,4.2055135,0.0,0.11408993,1.2800558,1.0
6810,5.4550347,1.3771169,1.368142,0.8754612,0.0,0.0,1.0,0.22373652,4.252718,0.0,0.16112395,1.8077637,1.0
6811,5.0484886,1.3855047,1.3270631,0.906037,0.0,0.0,1.0,0.22373652,4.291839,0.0,0.13402423,1.5037129,1.0
6812,4.9580526,1.3640295,1.3608091,0.80384785,0.0,0.0,1.0,0.22373652,4.191677,0.0,0.13568793,1.522379,1.0
6813,5.07799,1.3576145,1.1546413,0.94469386,0.0,0.0,1.0,0.22373652,4.161757,0.0,0.14519231,1.6290154,1.0
6814,4.7619085,1.4152116,1.3153253,0.7990998,0.0,0.0,1.0,0.44856182,4.430394,0.0,0.10818396,1.2137924,1.0
6815,5.425275,1.3832275,1.2995809,0.9094507,0.0,0.0,1.0,0.44856182,4.281218,0.0,0.15717928,1.7635057,1.0
6816,5.1383376,1.4232197,1.3933613,0.7030782,0.0,0.0,1.0,0.44856182,4.467745,0.0,0.12735155,1.4288473,1.0
6817,5.1272273,1.4162401,1.4028411,0.7030782,0.0,0.0,1.0,0.44856182,4.435191,0.0,0.12886329,1.4458085,1.0
6818,5.210495,1.4382608,1.416445,0.7030782,0.0,0.0,1.0,0.44856182,4.5378976,0.0,0.12687314,1.4234796,1.0
6819,4.387698,1.3092324,1.3358804,0.98837173,0.0,0.0,1.0,0.45179993,3.9360988,0.0,0.118346006,1.3278077,1.0
6820,5.392751,1.4599326,1.4383608,0.7019334,0.0,0.0,1.0,0.45508513,4.6389766,0.0,0.13050689,1.4642493,1.0
6821,5.713399,1.4642848,1.416819,0.8257322,0.0,0.0,1.0,0.545585,4.6592755,0.0,0.14674227,1.6464055,1.0
6822,5.2821336,1.4712671,1.4258367,0.7999838,0.0,0.0,1.0,0.68101376,4.6918416,0.0,0.12116749,1.3594639,1.0
6823,5.161008,1.4682515,1.4247499,0.7030782,0.0,0.0,1.0,0.68101376,4.6777763,0.0,0.11543557,1.2951535,1.0
6824,5.733437,1.4792534,1.3430134,0.9173597,0.0,0.0,1.0,0.68101376,4.72909,0.0,0.14321133,1.6067895,1.0
6825,2.739477,0.9968927,1.3850849,0.76000446,0.0,0.0,1.0,1.3620853,2.4793222,0.0,0.115849674,1.2997996,1.0
6826,3.4381728,1.0375845,1.4006975,0.7508877,0.0,0.0,1.0,2.0333638,2.6691122,0.0,0.1625032,1.8232385,1.0
6827,3.535469,1.0605214,1.1549016,0.77654946,0.0,0.0,1.0,2.0333638,2.7760913,0.0,0.15878743,1.7815487,1.0
6828,3.5979192,1.0658281,1.391266,0.75126415,0.0,0.0,1.0,2.0333638,2.8008423,0.0,0.16159952,1.8130995,1.0
6829,5.677207,1.4897484,1.3911923,0.85564005,0.0,0.0,1.0,2.0333638,4.7780395,0.0,0.13705158,1.5376788,1.0
6830,5.114174,1.4735267,1.4569899,0.48795837,0.0,0.0,1.0,2.0333638,4.7023807,0.0,0.11142923,1.2502035,1.0
6831,3.4689593,1.1476882,1.1356962,0.5287225,0.0,0.0,1.0,2.0333638,3.1826441,0.0,0.1120379,1.2570325,1.0
6832,3.0245476,1.0422372,1.300429,0.8816369,0.0,0.0,1.0,2.0333638,2.6908123,0.0,0.12071303,1.3543651,1.0
6833,5.6361566,1.5058473,1.3833361,0.9166203,0.0,0.0,1.0,2.0333638,4.8531265,0.0,0.13021612,1.460987,1.0
6834,5.991852,1.5221802,1.5372692,0.9207527,0.0,0.0,1.0,2.0333638,4.929304,0.0,0.14402139,1.6158781,1.0
6835,5.529118,1.5128495,1.4104218,0.89258343,0.0,0.0,1.0,2.0333638,4.885785,0.0,0.122660294,1.3762127,1.0
6836,5.492222,1.4953811,1.3053811,0.9009567,0.0,0.0,1.0,2.0333638,4.8043113,0.0,0.12559178,1.4091033,1.0
6837,5.628861,1.4624792,1.3966548,0.88573706,0.0,0.0,1.0,2.0333638,4.650854,0.0,0.14267887,1.6008154,1.0
6838,4.900635,1.44153,1.3185344,0.8448473,0.0,0.0,1.0,2.0333638,4.5531454,0.0,0.10856369,1.218053,1.0
6839,5.324473,1.4252723,1.3986079,0.8404405,0.0,0.0,1.0,2.0333638,4.4773183,0.0,0.13731201,1.5406008,1.0
6840,5.2120786,1.4123173,1.5443641,0.822283,0.0,0.0,1.0,2.0333638,4.416895,0.0,0.13497478,1.5143777,1.0
6841,4.453606,1.3849598,1.3703918,0.9647276,0.0,0.0,1.0,2.0333638,4.2892976,0.0,0.09888381,1.1094475,1.0
6842,4.455238,1.3615518,1.3387023,0.9411949,0.0,0.0,1.0,2.0333638,4.1801205,0.0,0.10588908,1.1880447,1.0
6843,2.2758236,0.9176306,0.8538874,0.3429146,0.0,0.0,1.0,1.1343757,2.1096377,0.0,0.10918914,1.2250704,1.0
6844,2.3765614,0.94071764,1.0797551,0.69475853,0.0,0.0,1.0,1.3522925,2.2173176,0.0,0.10741768,1.2051951,1.0
6845,2.2966497,0.9292855,0.94575334,0.7611999,0.0,0.0,1.0,1.3522925,2.1639972,0.0,0.10473912,1.1751424,1.0
6846,4.405648,1.3671589,1.0940115,0.9249424,0.0,0.0,1.0,1.3522925,4.2062726,0.0,0.10119938,1.1354276,1.0
6847,1.5055919,0.7677857,1.197499,0.76000446,0.0,0.0,1.0,1.3522925,1.4107496,0.0,0.106248826,1.1920809,1.0
6848,4.653537,1.3355359,1.2557222,0.73610955,0.0,0.0,1.0,1.3522925,4.0587807,0.0,0.12644476,1.4186733,1.0
6849,4.61475,1.3404229,1.4095778,0.8265336,0.0,0.0,1.0,1.3522925,4.081574,0.0,0.122394316,1.3732285,1.0
6850,4.280274,1.3504314,1.3114436,0.8404405,0.0,0.0,1.0,1.3522925,4.128255,0.0,0.09850626,1.1052115,1.0
6851,1.4624692,0.726724,1.2036937,0.83596736,0.0,0.0,1.0,1.3522925,1.2192346,0.0,0.13993178,1.5699939,1.0
6852,1.4494617,0.7245986,1.2158872,0.7508877,0.0,0.0,1.0,1.3522925,1.2093214,0.0,0.13969664,1.5673556,1.0
6853,1.6247239,0.75207335,1.2594821,0.7508877,0.0,0.0,1.0,1.3522925,1.3374658,0.0,0.14382292,1.6136513,1.0
6854,1.8699216,0.8090449,1.2634754,0.7508877,0.0,0.0,1.0,1.3522925,1.6031855,0.0,0.13149787,1.4753678,1.0
6855,5.63234,1.4083441,1.2898918,0.86742437,0.0,0.0,1.0,1.3522925,4.398364,0.0,0.16057289,1.801581,1.0
6856,5.647065,1.4061798,1.2889297,0.86742437,0.0,0.0,1.0,1.3522925,4.3882694,0.0,0.16217755,1.8195848,1.0
6857,2.4184535,0.86578286,1.2638242,0.83596736,0.0,0.0,1.0,1.3522925,1.8678159,0.0,0.16420159,1.842294,1.0
6858,5.8713484,1.3956897,1.3365445,0.9397797,0.0,0.0,1.0,1.3522925,4.3393426,0.0,0.1790345,2.008715,1.0
6859,5.232633,1.3958008,1.3132011,0.73610955,0.0,0.0,1.0,1.3522925,4.339861,0.0,0.14151488,1.5877558,1.0
6860,5.8091173,1.3975308,1.2800558,0.9094507,0.0,0.0,1.0,1.3522925,4.3479295,0.0,0.17470919,1.9601861,1.0
6861,5.310746,1.3956242,1.3518465,0.7030782,0.0,0.0,1.0,0.6788899,4.339037,0.0,0.14615756,1.6398453,1.0
6862,5.6740327,1.4022075,1.3682694,0.8404405,0.0,0.0,1.0,0.67449075,4.3697424,0.0,0.16513856,1.8528064,1.0
6863,5.2737427,1.4086921,1.4151541,0.73610955,0.0,0.0,1.0,5.2809615,4.399987,0.46593192,0.1396984,1.5673753,1.0
6864,6.0825334,1.5209899,1.4894377,0.77172655,0.0,0.0,1.0,7.2114105,4.923753,0.75659436,0.1490604,1.6724142,1.0
6865,6.3029623,1.585912,1.4907724,0.73610955,0.0,0.0,1.0,8.484132,5.2265544,0.94822454,0.1415748,1.588428,1.0
6866,4.9221706,1.3578398,1.5539515,0.82801974,0.0,0.0,1.0,9.116337,4.162808,1.0434139,0.1355818,1.5211884,1.0
6867,4.807833,1.3183824,1.568773,0.82801974,0.0,0.0,1.0,9.116337,3.9787753,1.0434139,0.14219114,1.5953432,1.0
6868,4.575898,1.301712,1.4723276,0.73610955,0.0,0.0,1.0,9.745821,3.9010236,1.1381936,0.13318384,1.4942838,1.0
6869,5.13561,1.4027758,1.6185169,0.70307815,0.0,0.0,1.0,10.372625,4.3723927,1.2325698,0.13357967,1.4987249,1.0
6870,7.60992,1.669341,1.5944612,0.9536709,0.0,0.0,1.0,10.372625,5.6156735,1.2325698,0.17956197,2.014633,1.0
6871,4.307096,1.2050344,1.5637466,0.8901314,0.0,0.0,1.0,10.996784,3.4501114,1.3265477,0.15238321,1.7096952,1.0
6872,7.2133656,1.6486541,1.4585763,0.95161116,0.0,0.0,1.0,22.668058,5.5191884,3.0838597,0.16729777,1.8770322,1.0
6873,16.0,1.3674958,1.5379287,0.73610955,0.0,0.0,1.0,17815.016,4.2078443,20.0,0.14145504,1.5870843,1.0
6874,16.0,1.4875146,1.5587162,0.73610955,0.0,0.0,1.0,17815.016,4.7676215,20.0,0.12414697,1.3928928,1.0
6875,16.0,1.5840604,1.580303,0.73610955,0.0,0.0,1.0,18712.057,5.2179184,20.0,0.12734303,1.4287517,1.0
6876,16.0,1.489963,1.604442,0.73610955,0.0,0.0,1.0,18712.057,4.779041,20.0,0.13864619,1.5555698,1.0
6877,16.0,1.2128088,1.5310037,0.73692405,0.0,0.0,1.0,18712.057,3.4863722,20.0,0.13768256,1.5447582,1.0
6878,16.0,1.2068332,1.6356195,0.73610955,0.0,0.0,1.0,18712.057,3.4585013,20.0,0.143635,1.6115429,1.0
6879,16.0,1.168143,1.406758,0.8404405,0.0,0.0,1.0,18712.057,3.2780473,20.0,0.14005639,1.5713918,1.0
6880,16.0,1.3267094,1.4914261,0.73610955,0.0,0.0,1.0,18712.057,4.017613,20.0,0.1287523,1.4445634,1.0
6881,16.0,1.3136414,1.3746045,0.8404405,0.0,0.0,1.0,18712.057,3.9566631,20.0,0.12056403,1.3526933,1.0
6882,16.0,1.3929973,1.3691548,0.83238226,0.0,0.0,1.0,18712.057,4.326785,20.0,0.106920004,1.1996113,1.0
6883,16.0,1.4336311,1.2913256,0.9495104,0.0,0.0,1.0,18712.057,4.516304,20.0,0.11926379,1.338105,1.0
6884,16.0,1.4917939,1.3535025,0.8068434,0.0,0.0,1.0,18712.057,4.78758,20.0,0.104637064,1.1739974,1.0
6885,16.0,1.3638632,1.2914759,0.9390028,0.0,0.0,1.0,18712.057,4.1909018,20.0,0.1412895,1.585227,1.0
6886,16.0,1.3308114,1.28183,0.9553223,0.0,0.0,1.0,18712.057,4.036745,20.0,0.14144212,1.5869393,1.0
6887,16.0,1.2800559,1.08321,0.9039067,0.0,0.0,1.0,18712.057,3.8000176,20.0,0.13453831,1.5094806,1.0
6888,16.0,1.2473696,1.1459299,0.96731186,0.0,0.0,1.0,18712.057,3.6475663,20.0,0.14224647,1.595964,1.0
6889,16.0,1.2283779,1.2794877,0.97361326,0.0,0.0,1.0,18712.057,3.5589876,20.0,0.12243421,1.3736762,1.0
6890,16.0,1.2039281,1.2779342,0.97361326,0.0,0.0,1.0,18712.057,3.4449518,20.0,0.108455546,1.2168397,1.0
6891,16.0,1.1705683,1.1505693,0.9888584,0.0,0.0,1.0,12352.662,3.289359,20.0,0.0971316,1.0897883,1.0
6892,16.0,1.1366845,1.2547867,0.99412113,0.0,0.0,1.0,8630.763,3.1313224,20.0,0.08490246,0.95258087,0.0
6893,16.0,1.4306061,1.4531453,0.78046954,0.0,0.0,1.0,7689.726,4.502196,20.0,0.078681976,0.88278884,0.0
6894,16.0,1.42529,1.5306563,0.7020488,0.0,0.0,1.0,6744.3467,4.477401,20.0,0.0833758,0.93545216,0.0
6895,16.0,1.4272,1.489783,0.7791691,0.0,0.0,1.0,6744.3467,4.486309,20.0,0.07607231,0.8535092,0.0
6896,16.0,1.1021374,1.3460382,0.947521,0.0,0.0,1.0,5794.5635,2.970192,20.0,0.09465787,1.0620337,1.0
6897,16.0,1.110662,1.1798877,0.99003565,0.0,0.0,1.0,5794.5635,3.009951,20.0,0.10663955,1.1964647,1.0
6898,16.0,1.1227758,1.0072689,0.9193886,0.0,0.0,1.0,4840.3193,3.0664508,20.0,0.109339,1.2267517,1.0
6899,16.0,1.119611,1.0935625,0.7615236,0.0,0.0,1.0,4840.3193,3.05169,20.0,0.102446735,1.1494225,1.0
6900,16.0,1.0545214,1.0873337,0.61770463,0.0,0.0,1.0,4840.3193,2.7481072,20.0,0.097567484,1.0946788,1.0
6901,16.0,1.0498071,1.0701157,0.6177046,0.0,0.0,1.0,4840.3193,2.726119,20.0,0.09949537,1.116309,1.0
6902,16.0,1.0440869,1.0638708,0.77947295,0.0,0.0,1.0,4840.3193,2.69944,20.0,0.108310975,1.2152176,1.0
6903,16.0,1.0838461,1.0764403,0.9060374,0.0,0.0,1.0,4840.3193,2.8848798,20.0,0.114231,1.2816385,1.0
6904,16.0,1.1583971,1.226531,0.942449,0.0,0.0,1.0,4840.3193,3.2325914,20.0,0.11972657,1.3432972,1.0
6905,16.0,1.1800402,1.3199983,0.9388728,0.0,0.0,1.0,3881.5508,3.3335369,20.0,0.11856505,1.3302654,1.0
6906,16.0,1.1813303,1.4168558,0.87215406,0.0,0.0,1.0,3881.5508,3.3395538,20.0,0.12496228,1.4020404,1.0
6907,16.0,1.16722,1.4253421,0.8797002,0.0,0.0,1.0,3881.5508,3.2737422,20.0,0.120720215,1.3544457,1.0
6908,16.0,1.1810452,1.3937491,0.9042674,0.0,0.0,1.0,3881.5508,3.338224,20.0,0.13870478,1.5562272,1.0
6909,16.0,1.5480043,1.4885004,0.7852266,0.0,0.0,1.0,3881.5508,5.04975,20.0,0.13887936,1.5581859,1.0
6910,6.22518,1.5419701,1.486794,0.7852266,0.0,0.0,1.0,0.67449075,5.021606,0.0,0.1501641,1.6847974,1.0
6911,6.074425,1.5236446,1.4832853,0.7424602,0.0,0.0,1.0,0.16740042,4.9361343,0.0,0.14785302,1.6588677,1.0
6912,4.124427,1.1678076,1.3644707,0.89768285,0.0,0.0,1.0,0.33560827,3.2764826,0.0,0.15503259,1.7394205,1.0
6913,6.055859,1.5509107,1.4974052,0.7852266,0.0,0.0,1.0,0.33560827,5.063306,0.0,0.13904837,1.5600822,1.0
6914,5.1319857,1.4366957,1.2143816,0.96553487,0.0,0.0,1.0,0.8252629,4.5305977,0.0,0.122931436,1.3792549,1.0
6915,5.4149437,1.5489961,1.2373383,0.9591542,0.0,0.0,1.0,1.6319131,5.0543756,0.0,0.10729532,1.2038223,1.0
6916,6.129,1.5904075,1.5470561,0.7419946,0.0,0.0,1.0,1.7911203,5.247522,0.0,0.13190563,1.4799427,1.0
6917,4.6916227,1.2959217,1.3623359,0.89768285,0.0,0.0,1.0,1.9496427,3.874017,0.0,0.14287324,1.6029961,1.0
6918,5.1387672,1.3056661,1.3191161,0.95629185,0.0,0.0,1.0,2.1074898,3.9194655,0.0,0.16834885,1.888825,1.0
6919,4.95208,1.3293116,1.57974,0.76757926,0.0,0.0,1.0,2.2646708,4.02975,0.011777284,0.14741412,1.6539434,1.0
6920,5.551878,1.437309,1.6247954,0.7986844,0.0,0.0,1.0,2.2646708,4.5334587,0.011777284,0.14633563,1.6418432,1.0
6921,4.5153394,1.2944528,1.5510359,0.81896937,0.0,0.0,1.0,2.4211955,3.8671658,0.035344772,0.13181129,1.4788842,1.0
6922,4.7241116,1.3426661,1.3549007,0.82347107,0.0,0.0,1.0,2.4211955,4.0920367,0.035344772,0.12846391,1.4413276,1.0
6923,5.4510913,1.4730188,1.3004688,0.8995542,0.0,0.0,1.0,2.5770726,4.7000117,0.058814764,0.12982352,1.4565821,1.0
6924,4.0414186,1.3318133,1.1339267,0.6896653,0.0,0.0,1.0,2.5770726,4.0414186,0.058814764,0.08207294,0.92083454,0.0
6925,4.131254,1.3510746,1.2683085,0.443868,0.0,0.0,1.0,2.601663,4.131254,0.062517285,0.083340466,0.93505573,0.0
6926,4.31203,1.3568676,1.3079067,0.43448672,0.0,0.0,1.0,3.179629,4.158273,0.14954004,0.09854498,1.1056459,1.0
6927,5.6427913,1.4700044,1.350867,0.9375506,0.0,0.0,1.0,3.7046328,4.6859527,0.22858842,0.14112744,1.5834087,1.0
6928,5.0445266,1.3969314,1.3501692,0.8967586,0.0,0.0,1.0,4.4243956,4.3451343,0.33696112,0.13011792,1.4598852,1.0
6929,4.70703,1.3103669,1.3915904,0.8967586,0.0,0.0,1.0,5.4912806,3.9413903,0.4975991,0.13859698,1.5550177,1.0
6930,4.237115,1.255598,1.283471,0.88603044,0.0,0.0,1.0,5.4912806,3.6859438,0.4975991,0.12720813,1.4272381,1.0
6931,4.6057053,1.3191624,1.4028995,0.9115344,0.0,0.0,1.0,5.4912806,3.9824133,0.4975991,0.12898505,1.4471747,1.0
6932,4.761254,1.3525058,1.447758,0.9072422,0.0,0.0,1.0,5.4912806,4.1379294,0.4975991,0.12748912,1.4303908,1.0
6933,5.26146,1.4087787,1.5104808,0.8376494,0.0,0.0,1.0,5.4912806,4.4003906,0.4975991,0.13895957,1.559086,1.0
6934,5.227931,1.4434692,1.5497557,0.81861913,0.0,0.0,1.0,4.3140965,4.56219,0.3203537,0.12628946,1.4169309,1.0
6935,5.522019,1.4921304,1.5638461,0.86843634,0.0,0.0,1.0,5.181214,4.7891498,0.4509132,0.12809779,1.4372199,1.0
6936,4.85761,1.3650361,1.2297492,0.938734,0.0,0.0,1.0,5.181214,4.196372,0.4509132,0.12925567,1.4502109,1.0
6937,4.612037,1.3549703,1.5828139,0.8609193,0.0,0.0,1.0,5.181214,4.1494246,0.4509132,0.11751981,1.3185381,1.0
6938,6.4908643,1.814856,1.6410755,0.8457771,0.0,0.0,1.0,5.181214,6.2943673,0.4509132,0.09707864,1.089194,1.0
6939,6.0933294,1.7665656,1.6552985,0.7325378,0.0,0.0,1.0,5.181214,6.0691366,0.4509132,0.09014398,1.0113891,1.0
6940,6.0236387,1.7568105,1.7206705,0.45210868,0.0,0.0,1.0,5.181214,6.0236387,0.4509132,0.08228005,0.92315817,0.0
6941,5.826612,1.7145672,1.660457,0.5875524,0.0,0.0,1.0,4.016728,5.826612,0.27557972,0.0828188,0.9292028,0.0
6942,5.788272,1.7063469,1.6041477,0.699256,0.0,0.0,1.0,3.238564,5.788272,0.15841371,0.08592661,0.9640715,0.0
6943,5.746277,1.6869639,1.5249832,0.57593936,0.0,0.0,1.0,1.5378349,5.6978683,0.0,0.091292396,1.0242741,1.0
6944,4.6763077,1.3843606,1.5220122,0.8149036,0.0,0.0,1.0,0.88473505,4.286503,0.0,0.11228654,1.2598222,1.0
6945,5.424753,1.6284068,1.6579071,0.7254798,0.0,0.0,1.0,0.6650718,5.424753,0.0,0.08432166,0.9460645,0.0
6946,5.5803127,1.5967007,1.5784717,0.7842206,0.0,0.0,1.0,0.44440424,5.2768736,0.0,0.10377238,1.1642959,1.0
6947,3.549732,1.1868508,1.4977247,0.93709373,0.0,0.0,1.0,0.2237646,3.3653016,0.0,0.1030848,1.1565814,1.0
6948,3.4707015,1.1785246,1.1030296,0.8366642,0.0,0.0,1.0,0.44859007,3.3264678,0.0,0.10017052,1.1238841,1.0
6949,3.3554113,1.1028445,1.502168,0.942316,0.0,0.0,1.0,0.44859007,2.9734898,0.0,0.121837184,1.3669777,1.0
6950,3.1384609,1.0698714,1.32669,1.0157328,0.0,0.0,1.0,0.44859007,2.8197007,0.0,0.11791685,1.3229927,1.0
6951,3.7084742,1.1675042,1.1705856,0.55391085,0.0,0.0,1.0,0.44859007,3.2750676,0.0,0.122828536,1.3781004,1.0
6952,3.6965084,1.1599342,1.1410997,0.63166326,0.0,0.0,1.0,0.44859007,3.2397604,0.0,0.12503052,1.4028059,1.0
6953,3.5204425,1.1404524,1.157732,0.46209475,0.0,0.0,1.0,0.44859007,3.148896,0.0,0.119176164,1.3371218,1.0
6954,3.6651065,1.1952627,1.140541,0.57792765,0.0,0.0,1.0,0.4517443,3.4045353,0.0,0.108619206,1.2186759,1.0
6955,3.4221575,1.171356,1.1307565,0.4715437,0.0,0.0,1.0,0.40366665,3.2930326,0.0,0.09911425,1.112033,1.0
6956,3.703272,1.1839292,1.1315616,0.82155246,0.0,0.0,1.0,0.33644086,3.3516753,0.0,0.115842536,1.2997195,1.0
6957,3.626859,1.0741972,1.2783985,1.0089608,0.0,0.0,1.0,0.33644086,2.8398764,0.0,0.1596982,1.7917674,1.0
6958,6.885221,1.6471063,1.5386826,0.82716453,0.0,0.0,1.0,0.33644086,5.511969,0.0,0.15257335,1.7118285,1.0
6959,3.450893,1.0406172,1.4156845,0.9836814,0.0,0.0,1.0,0.99988365,2.6832569,0.0,0.16198121,1.817382,1.0
6960,3.841226,1.1209993,1.118431,0.7324549,0.0,0.0,1.0,3.2805634,3.0581653,0.16473743,0.15433446,1.7315876,1.0
6961,4.2268953,1.1554751,1.4579202,1.0128944,0.0,0.0,1.0,3.600685,3.2189631,0.21293727,0.16886695,1.894638,1.0
6962,4.0100923,1.1773742,1.161092,0.7324549,0.0,0.0,1.0,3.9194427,3.3211024,0.26093176,0.1419589,1.5927376,1.0
6963,4.128643,1.1929499,1.133826,0.7661943,0.0,0.0,1.0,4.2368555,3.3937485,0.30872375,0.14427255,1.618696,1.0
6964,4.3194776,1.1965156,1.0783921,0.8537604,0.0,0.0,1.0,4.5529428,3.410379,0.35631612,0.1570115,1.7616233,1.0
6965,4.4045963,1.2363137,1.1632966,0.7661943,0.0,0.0,1.0,4.8677225,3.5960007,0.40371165,0.14639027,1.6424562,1.0
6966,4.370449,1.2751524,1.1694458,0.81767124,0.0,0.0,1.0,4.8677225,3.7771475,0.40371165,0.12912905,1.4487903,1.0
6967,4.659263,1.3191612,1.1704564,0.9310621,0.0,0.0,1.0,5.181214,3.9824078,0.4509132,0.1324102,1.4856038,1.0
6968,4.736347,1.3758068,1.2940005,0.90780234,0.0,0.0,1.0,5.181214,4.2466073,0.4509132,0.11849685,1.3295001,1.0
6969,4.4995975,1.415105,1.3737823,0.8642288,0.0,0.0,1.0,5.4934344,4.4298973,0.49792337,0.09313563,1.0449547,1.0
6970,4.6157784,1.4549588,1.425653,0.71975523,0.0,0.0,1.0,5.4934344,4.6157784,0.49792337,0.06598049,0.7402818,0.0
6971,4.866055,1.5086193,1.4793153,0.4139635,0.0,0.0,1.0,5.4934344,4.866055,0.49792337,0.082508974,0.92572665,0.0
6972,4.99739,1.5367781,1.5146626,0.9347441,0.0,0.0,1.0,5.804402,4.99739,0.5447449,0.05843257,0.65559644,0.0
6973,5.165192,1.5727557,1.9953624,0.40514976,0.0,0.0,1.0,5.804402,5.165192,0.5447449,0.08661308,0.97177356,0.0
6974,5.2356486,1.5878619,1.528994,0.6112665,0.0,0.0,1.0,5.804402,5.2356486,0.5447449,0.06466634,0.7255375,0.0
6975,5.588477,1.5204028,1.5133259,0.20506991,0.0,0.0,1.0,5.804402,4.9210143,0.5447449,0.123668924,1.3875293,1.0
6976,5.5791726,1.4947145,1.3980739,0.9793919,0.0,0.0,1.0,5.804402,4.8012023,0.5447449,0.1303921,1.4629614,1.0
6977,5.779196,1.4847385,1.3234993,0.9756904,0.0,0.0,1.0,5.804402,4.754673,0.5447449,0.14400095,1.6156486,1.0
6978,4.8473735,1.5046139,1.824958,0.61002326,0.0,0.0,1.0,5.804402,4.8473735,0.5447449,0.07848948,0.8806291,0.0
6979,4.690549,1.47099,1.8042606,0.62316304,0.0,0.0,1.0,5.804402,4.690549,0.5447449,0.07524006,0.8441716,0.0
6980,4.5255494,1.422764,1.9900246,0.6113127,0.0,0.0,1.0,5.804402,4.465619,0.5447449,0.092546426,1.0383439,1.0
6981,4.3170033,1.3909,1.4009942,0.71578807,0.0,0.0,1.0,4.5159864,4.3170033,0.35075173,0.06011172,0.674436,0.0
6982,4.1486106,1.3547958,1.2216355,0.7978984,0.0,0.0,1.0,3.6550074,4.1486106,0.22111645,0.08315809,0.93300956,0.0
6983,4.4718776,1.4241058,1.7929463,0.7194195,0.0,0.0,1.0,3.6550074,4.4718776,0.22111645,0.08911246,0.9998158,0.0
6984,4.429009,1.3813313,1.7609535,0.7194195,0.0,0.0,1.0,3.6550074,4.272374,0.22111645,0.09846505,1.1047492,1.0
6985,4.7912693,1.4925848,1.8547581,0.6961068,0.0,0.0,1.0,3.0658264,4.7912693,0.13240509,0.08007376,0.89840424,0.0
6986,3.8240483,1.2769736,1.3822902,0.63813704,0.0,0.0,1.0,2.951892,3.7856417,0.115250275,0.0917124,1.0289865,1.0
6987,2.9109995,1.0549077,1.2592518,0.6374277,0.0,0.0,1.0,2.951892,2.7499087,0.115250275,0.104046606,1.1673726,1.0
6988,4.008023,1.3239619,1.2816159,0.6175488,0.0,0.0,1.0,1.8726578,4.0047984,0.0,0.08933391,1.0023004,1.0
6989,2.5306563,1.0060189,1.234233,0.8017407,0.0,0.0,1.0,0.8890862,2.5218875,0.0,0.09001432,1.0099344,1.0
6990,2.4874947,0.98768294,1.1464634,0.54098374,0.0,0.0,1.0,0.51519156,2.4363673,0.0,0.09447282,1.0599575,1.0
6991,2.7349765,1.043151,1.1908545,0.49455768,0.0,0.0,1.0,0.4028016,2.6950748,0.0,0.09289913,1.0423012,1.0
6992,3.2760525,1.0844047,1.1809767,0.6162326,0.0,0.0,1.0,0.42719084,2.8874853,0.0,0.12339749,1.3844839,1.0
6993,2.7425914,0.9823923,1.0733857,0.85099137,0.0,0.0,1.0,0.44756198,2.4116914,0.0,0.12406906,1.3920187,1.0
6994,4.0242324,1.2238517,1.245099,0.85076034,0.0,0.0,1.0,0.44756198,3.5378768,0.0,0.12413641,1.3927743,1.0
6995,3.6904132,1.2225231,1.5293553,0.9768943,0.0,0.0,1.0,0.42719084,3.53168,0.0,0.10057441,1.1284156,1.0
6996,5.52463,1.6498208,1.7587804,0.7020488,0.0,0.0,1.0,0.4028016,5.52463,0.0,0.072255515,0.8106858,0.0
6997,5.5486674,1.6549746,1.7080808,0.72431517,0.0,0.0,1.0,0.4028016,5.5486674,0.0,0.08776025,0.9846444,0.0
6998,5.585493,1.6628702,1.7133254,0.72431517,0.0,0.0,1.0,0.5233511,5.585493,0.0,0.07549393,0.8470199,0.0
6999,3.0847535,1.1250415,1.2943859,0.7816156,0.0,0.0,1.0,0.50467706,3.0770183,0.0,0.089769036,1.0071825,1.0
7000,6.1537685,1.6820785,1.6476068,0.75621355,0.0,0.0,1.0,0.50467706,5.675082,0.0,0.110608615,1.2409965,1.0
7001,4.0770717,1.2154732,1.570406,0.8714528,0.0,0.0,1.0,0.50467706,3.4987988,0.0,0.13121742,1.4722213,1.0
7002,6.9230747,1.831535,1.7539583,0.70071286,0.0,0.0,1.0,0.50932413,6.372159,0.0,0.111145414,1.2470192,1.0
7003,4.362576,1.2614213,1.1998147,0.8850827,0.0,0.0,1.0,0.5834464,3.7131045,0.0,0.13367122,1.4997522,1.0
7004,6.146149,1.7184505,1.7450125,0.69477224,0.0,0.0,1.0,0.67449075,5.8447247,0.0,0.1022619,1.1473488,1.0
7005,6.949601,1.9523493,1.7741909,0.7273311,0.0,0.0,1.0,0.4548959,6.9356465,0.0,0.08964124,1.0057486,1.0
7006,5.747987,1.6977096,1.7313375,0.7926055,0.0,0.0,1.0,0.5433446,5.747987,0.0,0.086766355,0.9734932,0.0
7007,5.918852,1.7013041,1.7128751,0.6655582,0.0,0.0,1.0,0.67449075,5.764752,0.0,0.095936134,1.0763755,1.0
7008,5.8167453,1.691943,1.7414724,0.77169466,0.0,0.0,1.0,0.67449075,5.7210913,0.0,0.09338657,1.0477701,1.0
7009,5.850399,1.6971052,1.7804805,0.71671045,0.0,0.0,1.0,1.0141289,5.745168,0.0,0.093793206,1.0523324,1.0
7010,7.027786,1.9104718,1.7674496,0.71883506,0.0,0.0,1.0,1.0141289,6.7403264,0.0,0.09998928,1.1218506,1.0
7011,6.479722,1.6817075,1.625752,0.9225151,0.0,0.0,1.0,1.0141289,5.6733522,0.0,0.12532358,1.4060941,1.0
7012,6.347836,1.7194227,1.6969572,0.66800535,0.0,0.0,1.0,1.0141289,5.849259,0.0,0.11083496,1.243536,1.0
7013,6.4827523,1.7249262,1.6827358,0.6233363,0.0,0.0,1.0,1.1269883,5.8749275,0.0,0.11547557,1.2956023,1.0
7014,6.0092626,1.696997,1.6243966,0.7264741,0.0,0.0,1.0,0.6808437,5.7446637,0.0,0.10085821,1.1315998,1.0
7015,6.0690513,1.6990126,1.6031818,0.78846294,0.0,0.0,1.0,0.6808437,5.7540646,0.0,0.10306904,1.1564046,1.0
7016,6.6812825,1.6919713,1.7127562,0.8169579,0.0,0.0,1.0,0.6808437,5.7212234,0.0,0.13186148,1.4794474,1.0
7017,6.6675835,1.7124317,1.628537,0.7325378,0.0,0.0,1.0,0.6808437,5.816652,0.0,0.1263828,1.4179782,1.0
7018,6.4061303,1.7190132,1.7738827,0.8068434,0.0,0.0,1.0,1.0237026,5.8473487,0.0,0.11346399,1.2730329,1.0
7019,6.400712,1.7319049,1.6790227,0.5921836,0.0,0.0,1.0,1.0237026,5.9074764,0.0,0.11039083,1.2385529,1.0
7020,2.9043221,1.0289918,1.5906466,0.74339634,0.0,0.0,1.0,1.0237026,2.6290352,0.0,0.115793735,1.2991719,1.0
7021,2.850557,1.0177231,1.5687199,0.74417454,0.0,0.0,1.0,1.0237026,2.5764768,0.0,0.11621843,1.303937,1.0
7022,2.6172943,0.9887647,1.6007061,0.79938424,0.0,0.0,1.0,1.0237026,2.4414127,0.0,0.10747438,1.2058312,1.0
7023,2.5773406,0.9694292,1.6610404,0.8020622,0.0,0.0,1.0,1.0237026,2.3512304,0.0,0.11361812,1.2747622,1.0
7024,6.362377,1.7104173,1.670422,0.7557184,0.0,0.0,1.0,1.0237026,5.8072567,0.0,0.11347145,1.2731166,1.0
7025,7.0072803,1.7617521,1.699533,0.90212774,0.0,0.0,1.0,1.0189041,6.0466866,0.0,0.12958391,1.4538937,1.0
7026,6.561805,1.6994871,1.6079688,0.73610955,0.0,0.0,1.0,1.0141504,5.7562776,0.0,0.12476487,1.3998255,1.0
7027,6.4678407,1.7055445,1.6494112,0.71679693,0.0,0.0,1.0,1.3554482,5.7845297,0.0,0.11921045,1.3375065,1.0
7028,5.55114,1.4877466,1.5610621,0.8424361,0.0,0.0,1.0,1.3554482,4.7687035,0.0,0.13091181,1.4687924,1.0
7029,3.3945496,1.1557002,1.5676728,0.61208254,0.0,0.0,1.0,1.3554482,3.220013,0.0,0.10293208,1.154868,1.0
7030,2.291356,0.9269539,1.6188445,0.545282,0.0,0.0,1.0,1.3554482,2.1531224,0.0,0.10547803,1.1834328,1.0
7031,2.185464,0.9045113,1.609877,0.4430273,0.0,0.0,1.0,1.3554482,2.048448,0.0,0.10616207,1.1911075,1.0
7032,2.0888817,0.8802045,1.6426758,0.41896364,0.0,0.0,1.0,1.3554482,1.9350795,0.0,0.10936905,1.2270888,1.0
7033,1.7909015,0.8380038,1.1191639,0.55604196,0.0,0.0,1.0,1.3554482,1.7382522,0.0,0.096842006,1.086539,1.0
7034,2.7659616,1.0097198,1.5155087,0.86365855,0.0,0.0,1.0,1.3554482,2.5391493,0.0,0.11187612,1.2552176,1.0
7035,1.7662548,0.8394826,1.3686855,0.52460855,0.0,0.0,1.0,1.3554482,1.7451494,0.0,0.0922086,1.0345536,1.0
7036,4.4341583,1.3738327,1.360077,0.56829596,0.0,0.0,1.0,1.3554482,4.2374,0.0,0.10095341,1.1326678,1.0
7037,4.935024,1.4769305,1.3613586,0.6553333,0.0,0.0,1.0,1.3554482,4.718256,0.0,0.10082827,1.1312637,1.0
7038,2.605656,1.00949,1.1430357,0.5958661,0.0,0.0,1.0,1.3554482,2.538077,0.0,0.0959093,1.0760744,1.0
7039,4.8074427,1.4960525,1.3441441,0.82645845,0.0,0.0,1.0,1.3554482,4.8074427,0.0,0.08876478,0.99591494,0.0
7040,4.1393876,1.3528184,1.368224,0.5946308,0.0,0.0,1.0,1.3554482,4.1393876,0.0,0.086807504,0.9739549,0.0
7041,2.3269749,0.9585891,1.2553426,0.62433225,0.0,0.0,1.0,1.3554482,2.3006713,0.0,0.092040345,1.0326658,1.0
7042,1.6868699,0.8269872,0.7952781,0.39946538,0.0,0.0,1.0,1.3554482,1.6868699,0.0,0.08679116,0.9737715,0.0
7043,1.4865372,0.78403497,0.7496295,0.39946538,0.0,0.0,1.0,1.3554482,1.4865372,0.0,0.08837004,0.9914861,0.0
7044,1.7522503,0.83928686,0.8193224,0.6313845,0.0,0.0,1.0,1.3554482,1.7442365,0.0,0.090298876,1.0131271,1.0
7045,2.2986805,0.95061123,1.2258759,0.66678107,0.0,0.0,1.0,1.5817189,2.263462,0.0,0.09309119,1.044456,1.0
7046,3.7097378,1.2484183,1.4204586,0.5746911,0.0,0.0,1.0,1.0238093,3.6524575,0.0,0.09312254,1.0448078,1.0
7047,3.620839,1.2408435,1.4014308,0.58185965,0.0,0.0,1.0,1.0238093,3.6171281,0.0,0.089390144,1.0029314,1.0
7048,3.5595691,1.2285026,1.412948,0.5682766,0.0,0.0,1.0,1.0238093,3.5595691,0.0,0.086500056,0.9705054,0.0
7049,3.518285,1.2196511,1.4090453,0.5682766,0.0,0.0,1.0,1.0238093,3.518285,0.0,0.078673996,0.8826993,0.0
7050,2.302906,0.95906824,0.92015594,0.6193326,0.0,0.0,1.0,1.0238093,2.302906,0.0,0.08721273,0.9785014,0.0
7051,2.2491324,0.9475389,1.3348922,0.65226734,0.0,0.0,1.0,1.0238093,2.2491324,0.0,0.08576215,0.96222633,0.0
7052,2.2875493,0.94718087,1.3729752,0.6380824,0.0,0.0,1.0,1.0238093,2.2474625,0.0,0.09367098,1.0509611,1.0
7053,3.8373764,1.2880658,1.081548,0.6610054,0.0,0.0,1.0,1.0238093,3.8373764,0.0,0.08060808,0.90439916,0.0
7054,4.398505,1.3908529,1.4066914,0.74028933,0.0,0.0,1.0,1.0238093,4.3167834,0.0,0.09394977,1.0540891,1.0
7055,3.8001199,1.2800778,1.0884444,0.8980332,0.0,0.0,1.0,1.0238093,3.8001199,0.0,0.08770443,0.98401815,0.0
7056,2.4100144,0.9627702,1.037629,0.71287626,0.0,0.0,1.0,1.1270381,2.3201725,0.0,0.09898961,1.1106346,1.0
7057,2.4777296,0.9539096,1.0256572,0.76110435,0.0,0.0,1.0,0.6809575,2.2788458,0.0,0.11135353,1.2493541,1.0
7058,2.9990137,1.0634071,0.9777721,0.84716755,0.0,0.0,1.0,1.6744789,2.7895505,0.0,0.108250454,1.2145386,1.0
7059,3.1664033,1.0767481,1.0452211,0.89973754,0.0,0.0,1.0,3.3111923,2.8517742,0.16934915,0.1172242,1.3152214,1.0
7060,2.8729188,1.037271,1.0474613,0.8748711,0.0,0.0,1.0,3.6342278,2.66765,0.21798772,0.10872386,1.21985,1.0
7061,2.9161847,1.0462172,1.0702922,0.862035,0.0,0.0,1.0,3.9558735,2.7093756,0.26641703,0.108566836,1.2180883,1.0
7062,3.261418,1.1480676,1.0897136,0.8102294,0.0,0.0,1.0,4.2761493,3.184414,0.3146401,0.095286824,1.0690904,1.0
7063,2.900695,1.0733811,1.0967128,0.79178494,0.0,0.0,1.0,4.5950737,2.83607,0.36265966,0.09493164,1.0651053,1.0
7064,2.9027548,1.0834593,1.1254119,0.6110432,0.0,0.0,1.0,4.912666,2.8830755,0.41047865,0.0908671,1.0195024,1.0
7065,3.9440937,1.3004911,1.2843249,0.95817435,0.0,0.0,1.0,6.7069273,3.895329,0.6806357,0.09231682,1.0357678,1.0
7066,4.247931,1.3760906,1.1713011,0.8447711,0.0,0.0,1.0,11.004968,4.247931,1.3277799,0.08879665,0.99627256,0.0
7067,5.429373,1.6024094,1.4435875,0.825082,0.0,0.0,1.0,11.004968,5.303499,1.3277799,0.09517286,1.0678117,1.0
7068,4.428119,1.3991337,1.2619507,0.7985045,0.0,0.0,1.0,11.627456,4.355406,1.4215062,0.09338033,1.0477002,1.0
7069,4.7373056,1.4593498,1.3580621,0.80288225,0.0,0.0,1.0,11.627456,4.636258,1.4215062,0.09467905,1.0622714,1.0
7070,4.895106,1.499256,1.4275615,0.8102133,0.0,0.0,1.0,11.627456,4.822384,1.4215062,0.092969075,1.0430859,1.0
7071,4.3121977,1.379919,1.4193681,0.77752745,0.0,0.0,1.0,11.627456,4.265787,1.4215062,0.091899455,1.0310851,1.0
7072,5.4278684,1.6290747,1.4736553,0.6017665,0.0,0.0,1.0,11.627456,5.4278684,1.4215062,0.08046472,0.9027907,0.0
7073,4.782939,1.4907988,1.547102,0.443868,0.0,0.0,1.0,11.627456,4.782939,1.4215062,0.07740423,0.8684529,0.0
7074,2.6306279,1.0027393,1.4182696,0.8102294,0.0,0.0,1.0,11.627456,2.5065913,1.4215062,0.101730205,1.1413833,1.0
7075,3.1863105,1.075738,1.4667383,0.9004461,0.0,0.0,1.0,11.627456,2.8470628,1.4215062,0.11947269,1.3404487,1.0
7076,3.7468088,1.138956,1.330658,0.8717106,0.0,0.0,1.0,11.627456,3.1419165,1.4215062,0.13815571,1.5500668,1.0
7077,3.0625298,1.0486662,1.3138566,0.94736147,0.0,0.0,1.0,11.627456,2.7207983,1.4215062,0.12111333,1.3588563,1.0
7078,3.0021987,1.1081631,1.1620774,0.7665312,0.0,0.0,1.0,11.627456,2.9982963,1.4215062,0.08946032,1.0037187,1.0
7079,5.9490476,1.6109211,1.5745639,0.81627107,0.0,0.0,1.0,11.627456,5.343199,1.4215062,0.11800328,1.3239625,1.0
7080,6.1214643,1.6473682,1.5857384,0.81627107,0.0,0.0,1.0,11.627456,5.5131907,1.4215062,0.117224984,1.3152301,1.0
7081,6.2596316,1.6906806,1.5870267,0.81627107,0.0,0.0,1.0,11.627456,5.7152033,1.4215062,0.11338713,1.2721705,1.0
7082,6.236074,1.7324702,1.5876409,0.81627107,0.0,0.0,1.0,11.627456,5.910113,1.4215062,0.10317383,1.1575803,1.0
7083,6.249682,1.7228678,1.5893009,0.81627107,0.0,0.0,1.0,11.627456,5.8653274,1.4215062,0.10581632,1.1872283,1.0
7084,5.8100343,1.7110128,1.5675261,0.73692405,0.0,0.0,1.0,11.627456,5.8100343,1.4215062,0.08907062,0.9993464,0.0
7085,3.2922509,1.1711884,1.4869534,0.93159753,0.0,0.0,1.0,11.627456,3.2922509,1.4215062,0.08180399,0.91781694,0.0
7086,3.1425815,1.1390985,1.1687502,0.9572421,0.0,0.0,1.0,7.2150044,3.1425815,0.75713545,0.07581365,0.8506071,0.0
7087,3.8806293,1.239829,1.470499,0.91821104,0.0,0.0,1.0,5.2829404,3.612396,0.4662299,0.10803783,1.212153,1.0
7088,3.022925,1.1134436,1.484815,0.7577406,0.0,0.0,1.0,4.633165,3.022925,0.36839494,0.08750295,0.9817576,0.0
7089,5.498349,1.6390289,1.6494415,0.5284113,0.0,0.0,1.0,3.980446,5.4742956,0.27011687,0.0902478,1.012554,1.0
7090,5.581225,1.6308827,1.5577896,0.77224845,0.0,0.0,1.0,3.324743,5.436301,0.17138946,0.095917575,1.0761672,1.0
7091,3.4946203,1.140027,1.136535,0.7098546,0.0,0.0,1.0,3.324743,3.146912,0.17138946,0.11726607,1.3156911,1.0
7092,6.352544,1.6390846,1.6350509,0.40762088,0.0,0.0,1.0,2.6660142,5.4745555,0.07220645,0.1299693,1.4582176,1.0
7093,3.995689,1.2250607,1.4642588,0.97570336,0.0,0.0,1.0,2.6660142,3.5435157,0.07220645,0.12162419,1.3645879,1.0
7094,5.650035,1.6004336,1.60837,0.78046954,0.0,0.0,1.0,2.6660142,5.2942843,0.07220645,0.10624039,1.1919862,1.0
7095,3.2381065,1.0871357,1.1286408,0.75032556,0.0,0.0,1.0,2.6660142,2.9002225,0.07220645,0.11879674,1.3328649,1.0
7096,3.6951602,1.1849451,1.3988817,0.9466665,0.0,0.0,1.0,2.6660142,3.3564134,0.07220645,0.11482988,1.2883579,1.0
7097,3.5898662,1.1769933,1.1410989,0.948563,0.0,0.0,1.0,2.6660142,3.3193254,0.07220645,0.10988438,1.2328707,1.0
7098,3.6831715,1.1870296,1.4516773,1.01312,0.0,0.0,1.0,2.0042171,3.3661356,0.0,0.11311319,1.269097,1.0
7099,5.184131,1.5133733,1.6467671,0.8544227,0.0,0.0,1.0,2.0042171,4.888228,0.0,0.10454407,1.1729541,1.0
7100,5.2125072,1.5055163,1.6134393,0.895042,0.0,0.0,1.0,2.0042171,4.8515825,0.0,0.108073376,1.2125518,1.0
7101,5.918828,1.6320653,1.6216581,0.7419493,0.0,0.0,1.0,2.0042171,5.441817,0.0,0.111450985,1.2504476,1.0
7102,3.2874436,1.1277448,1.3906349,0.84910053,0.0,0.0,1.0,2.0042171,3.0896268,0.0,0.10543338,1.1829318,1.0
7103,3.4426198,1.1470181,1.4568456,0.8708385,0.0,0.0,1.0,2.0042171,3.179519,0.0,0.110201135,1.2364247,1.0
7104,5.76492,1.6525782,1.6883914,0.43957984,0.0,0.0,1.0,2.0042171,5.537491,0.0,0.09958772,1.1173452,1.0
7105,5.9972324,1.6574407,1.7156851,0.23973274,0.0,0.0,1.0,0.4031452,5.5601697,0.0,0.10914621,1.2245886,1.0
7106,5.9857664,1.6540643,1.6651341,0.5261447,0.0,0.0,1.0,0.3356364,5.544422,0.0,0.10939972,1.227433,1.0
7107,6.0455465,1.6492242,1.6055038,0.6883965,0.0,0.0,1.0,0.3356364,5.5218472,0.0,0.11328062,1.2709755,1.0
7108,6.2302785,1.6485275,1.5965897,0.6883965,0.0,0.0,1.0,0.3356364,5.518598,0.0,0.12196915,1.3684583,1.0
7109,5.956141,1.6487398,1.6055628,0.7967614,0.0,0.0,1.0,0.3356364,5.519588,0.0,0.10926984,1.2259758,1.0
7110,6.1974916,1.644961,1.6048207,0.7967614,0.0,0.0,1.0,0.3356364,5.5019636,0.0,0.121320814,1.3611842,1.0
7111,6.5329905,1.6470106,1.6183884,0.7967614,0.0,0.0,1.0,0.3356364,5.511523,0.0,0.13632469,1.5295233,1.0
7112,6.1106915,1.5779333,1.5887821,0.8539145,0.0,0.0,1.0,0.3356364,5.189341,0.0,0.13434185,1.5072764,1.0
7113,6.5506454,1.6339858,1.5931045,0.7419946,0.0,0.0,1.0,0.3356364,5.450774,0.0,0.14051361,1.5765218,1.0
7114,6.70836,1.6479224,1.6698161,0.81245506,0.0,0.0,1.0,0.50465596,5.5157757,0.0,0.14418845,1.6177524,1.0
7115,6.032843,1.6408813,1.6205242,0.7967614,0.0,0.0,1.0,0.50465596,5.4829354,0.0,0.11466921,1.2865552,1.0
7116,6.120602,1.6397117,1.6790956,0.81245506,0.0,0.0,1.0,0.50465596,5.4774804,0.0,0.11902831,1.3354629,1.0
7117,3.3813066,1.1255858,1.5707504,0.9442097,0.0,0.0,1.0,0.50465596,3.079557,0.0,0.114081085,1.2799566,1.0
7118,3.430714,1.1054772,1.6347638,0.9751488,0.0,0.0,1.0,1.312061,2.985769,0.0,0.12707788,1.4257767,1.0
7119,4.903443,1.4010321,1.6011473,0.86944747,0.0,0.0,1.0,1.648172,4.36426,0.0,0.12059011,1.352986,1.0
7120,3.6601844,1.1381651,1.2695591,0.85330606,0.0,0.0,1.0,2.0849931,3.138228,0.0,0.1314834,1.4752055,1.0
7121,3.9638643,1.1700755,1.5239843,0.82600886,0.0,0.0,1.0,2.6444283,3.2870607,0.068956316,0.14156197,1.588284,1.0
7122,7.369129,1.7649115,1.6120719,0.8236699,0.0,0.0,1.0,3.1584713,6.0614223,0.14635438,0.14406858,1.6164075,1.0
7123,6.4979897,1.784784,1.5686063,0.8161187,0.0,0.0,1.0,4.2381754,6.1541085,0.30892247,0.1033585,1.1596522,1.0
7124,6.9952545,1.7769295,1.5885862,0.78899634,0.0,0.0,1.0,4.554454,6.117475,0.35654366,0.12566847,1.4099636,1.0
7125,6.3172617,1.7012006,1.5373113,0.822283,0.0,0.0,1.0,4.554454,5.7642694,0.35654366,0.11355897,1.2740985,1.0
7126,6.6185822,1.7195524,1.5323597,0.822283,0.0,0.0,1.0,4.554454,5.8498635,0.35654366,0.122592434,1.3754514,1.0
7127,5.8793488,1.7073709,1.6149646,0.7776136,0.0,0.0,1.0,4.869438,5.793048,0.40396997,0.09292254,1.0425638,1.0
7128,6.5294456,1.7640783,1.497519,0.81245506,0.0,0.0,1.0,4.869438,6.0575356,0.40396997,0.10896759,1.2225846,1.0
7129,6.398841,1.7362975,1.5400048,0.7967614,0.0,0.0,1.0,5.1831455,5.927964,0.45120403,0.10935683,1.2269517,1.0
7130,6.181099,1.649302,1.4583043,0.8236699,0.0,0.0,1.0,5.1831455,5.52221,0.45120403,0.119513184,1.340903,1.0
7131,5.8649697,1.6480974,1.6773933,0.73692405,0.0,0.0,1.0,5.1831455,5.516592,0.45120403,0.105210505,1.1804312,1.0
7132,6.268943,1.6887144,1.63366,0.8106429,0.0,0.0,1.0,5.1831455,5.7060328,0.45120403,0.11425094,1.2818623,1.0
7133,4.487508,1.3451116,1.6856736,0.8387023,0.0,0.0,1.0,5.1831455,4.1034427,0.45120403,0.11296344,1.2674168,1.0
7134,4.3898044,1.3550161,1.7535594,0.7771806,0.0,0.0,1.0,5.1831455,4.1496377,0.45120403,0.10386736,1.1653615,1.0
7135,6.366454,1.8073922,1.6762635,0.73692405,0.0,0.0,1.0,5.1831455,6.2595553,0.45120403,0.09347777,1.0487933,1.0
7136,6.751217,1.828845,1.677971,0.736924,0.0,0.0,1.0,5.1831455,6.359613,0.45120403,0.10480964,1.1759336,1.0
7137,6.5946784,1.8513746,1.6799688,0.736924,0.0,0.0,1.0,5.1831455,6.4646926,0.45120403,0.094249204,1.0574486,1.0
7138,4.5737433,1.430557,1.6092172,0.87632143,0.0,0.0,1.0,5.1831455,4.5019665,0.45120403,0.09318894,1.0455527,1.0
7139,4.233355,1.3729655,1.60256,0.8904099,0.0,0.0,1.0,5.1831455,4.233355,0.45120403,0.08788048,0.9859933,0.0
7140,6.264539,1.8084607,1.6646134,0.7342983,0.0,0.0,1.0,5.1831455,6.264539,0.45120403,0.087015025,0.97628325,0.0
7141,4.13622,1.3488473,1.6403521,0.8230616,0.0,0.0,1.0,5.1831455,4.120866,0.45120403,0.09007772,1.0106457,1.0
7142,3.7770944,1.2585727,1.7111669,0.6018972,0.0,0.0,1.0,5.1831455,3.6998184,0.45120403,0.094447665,1.0596753,1.0
7143,3.5934424,1.2357652,1.7017729,0.64145285,0.0,0.0,1.0,5.1831455,3.5934424,0.45120403,0.07811825,0.876464,0.0
7144,5.8052335,1.7099835,1.6786047,0.6648894,0.0,0.0,1.0,5.1831455,5.8052335,0.45120403,0.080637105,0.90472484,0.0
7145,3.58823,1.2346476,1.6406972,0.75536233,0.0,0.0,1.0,3.920583,3.58823,0.26110345,0.08873211,0.9955484,0.0
7146,3.5756881,1.2319586,1.6704109,0.7091076,0.0,0.0,1.0,1.9863833,3.5756881,0.0,0.07436001,0.83429766,0.0
7147,3.3982031,1.193905,1.399099,0.9454729,0.0,0.0,1.0,1.3302693,3.3982031,0.0,0.08547972,0.95905757,0.0
7148,3.249758,1.1620777,1.2366331,0.9163844,0.0,0.0,1.0,0.9999882,3.249758,0.0,0.0865256,0.970792,0.0
7149,3.2071521,1.1529428,1.3869575,0.94580334,0.0,0.0,1.0,0.9999882,3.2071521,0.0,0.08359704,0.93793446,0.0
7150,3.2029355,1.1520387,1.4270316,0.95276296,0.0,0.0,1.0,0.66819704,3.2029355,0.0,0.08176814,0.9174147,0.0
7151,5.06385,1.5510274,1.561362,0.8872087,0.0,0.0,1.0,0.66819704,5.06385,0.0,0.08462632,0.9494826,0.0
7152,3.217163,1.1432906,1.2219723,0.85217965,0.0,0.0,1.0,0.33644783,3.1621337,0.0,0.09356053,1.049722,1.0
7153,3.0697408,1.1234812,1.2743562,0.6847601,0.0,0.0,1.0,0.3380249,3.0697408,0.0,0.08719112,0.97825897,0.0
7154,3.2863955,1.169933,1.6338141,0.65319,0.0,0.0,1.0,0.33961684,3.2863955,0.0,0.07573685,0.8497454,0.0
7155,3.2488222,1.161877,1.6691827,0.48213038,0.0,0.0,1.0,0.33961684,3.2488222,0.0,0.08741519,0.980773,0.0
7156,2.8491328,1.0761818,1.6301026,0.59771365,0.0,0.0,1.0,0.33961684,2.8491328,0.0,0.07239085,0.8122042,0.0
7157,2.6968935,1.043541,1.6891326,0.62610686,0.0,0.0,1.0,0.33961684,2.6968935,0.0,0.06535948,0.73331434,0.0
7158,2.6017294,1.0231373,1.6893374,0.59173125,0.0,0.0,1.0,0.33961684,2.6017294,0.0,0.07897405,0.88606584,0.0
7159,2.9517426,1.0619689,1.1548316,0.6072582,0.0,0.0,1.0,0.33961684,2.7828429,0.0,0.104584664,1.1734095,1.0
7160,3.0540738,1.0842687,1.5970776,0.6605789,0.0,0.0,1.0,0.33961684,2.8868508,0.0,0.10387987,1.1655018,1.0
7161,3.0408354,1.0782136,1.6275619,0.83437556,0.0,0.0,1.0,0.33961684,2.8586092,0.0,0.10536217,1.1821328,1.0
7162,6.1999106,1.6699537,1.4060262,0.89673024,0.0,0.0,1.0,0.33961684,5.618531,0.0,0.11547927,1.2956437,1.0
7163,5.690714,1.6546836,1.4001671,0.92339766,0.0,0.0,1.0,0.33961684,5.5473104,0.0,0.09571194,1.07386,1.0
7164,5.9527836,1.6249969,1.6364309,0.7903205,0.0,0.0,1.0,0.6808437,5.4088492,0.0,0.11473783,1.287325,1.0
7165,5.901186,1.6237193,1.6337956,0.7903205,0.0,0.0,1.0,0.6808437,5.4028907,0.0,0.112615004,1.2635075,1.0
7166,5.5005636,1.6008366,1.6779785,0.68129885,0.0,0.0,1.0,2.6615365,5.296164,0.07153225,0.09895696,1.1102682,1.0
7167,5.0102663,1.4637673,1.4624518,0.8111252,0.0,0.0,1.0,3.3122897,4.656862,0.16951439,0.10845432,1.2168258,1.0
7168,5.483873,1.4763125,1.4543014,0.8245146,0.0,0.0,1.0,3.6355822,4.715374,0.21819165,0.1306317,1.4656496,1.0
7169,5.2994304,1.5620224,1.4576887,0.8643692,0.0,0.0,1.0,3.9575105,5.115132,0.26666352,0.09830407,1.1029431,1.0
7170,4.7054305,1.4741806,1.320381,0.8518374,0.0,0.0,1.0,5.870571,4.7054305,0.5547078,0.085464485,0.9588866,0.0
7171,5.296384,1.5649557,1.3479255,0.82677907,0.0,0.0,1.0,6.291944,5.128813,0.6181528,0.09744907,1.0933502,1.0
7172,5.3682795,1.5524,1.3291034,0.804863,0.0,0.0,1.0,6.711592,5.070252,0.6813381,0.10409734,1.1679418,1.0
7173,4.4577413,1.4172469,1.3433858,0.5149968,0.0,0.0,1.0,6.711592,4.4398875,0.6813381,0.09015289,1.0114892,1.0
7174,5.688315,1.5766615,1.2543705,0.9535086,0.0,0.0,1.0,7.129539,5.183409,0.74426717,0.113934204,1.2783086,1.0
7175,3.9011693,1.3017433,1.2440366,0.85037065,0.0,0.0,1.0,7.129539,3.9011693,0.74426717,0.084581606,0.948981,0.0
7176,4.0793333,1.3399425,1.8244166,0.75762564,0.0,0.0,1.0,7.5458083,4.0793333,0.8069437,0.08740942,0.98070824,0.0
7177,5.00031,1.5374042,1.8713051,0.7051392,0.0,0.0,1.0,7.5458083,5.00031,0.8069437,0.07188208,0.80649596,0.0
7178,4.4065194,1.4100927,1.8935475,0.54535025,0.0,0.0,1.0,7.5458083,4.4065194,0.8069437,0.0746338,0.8373695,0.0
7179,4.5663133,1.4443532,1.8553945,0.7237858,0.0,0.0,1.0,7.960426,4.5663133,0.86937153,0.07974284,0.89469147,0.0
7180,4.3613405,1.4004061,1.6920476,0.8604709,0.0,0.0,1.0,7.960426,4.3613405,0.86937153,0.07566717,0.8489636,0.0
7181,4.0718446,1.3383368,1.7174274,0.83484185,0.0,0.0,1.0,7.960426,4.0718446,0.86937153,0.07464752,0.83752346,0.0
7182,3.895808,1.2476898,1.4773512,0.86867654,0.0,0.0,1.0,5.806802,3.6490598,0.54510623,0.106348485,1.193199,1.0
7183,3.7434757,1.1991754,1.2939922,1.0231252,0.0,0.0,1.0,5.806802,3.4227846,0.54510623,0.11298816,1.2676942,1.0
7184,3.43523,1.1235619,1.3671943,0.6623684,0.0,0.0,1.0,5.806802,3.0701172,0.54510623,0.11941353,1.3397851,1.0
7185,4.912287,1.4096688,1.4164338,0.7016827,0.0,0.0,1.0,5.806802,4.4045424,0.54510623,0.11848474,1.3293643,1.0
7186,4.669592,1.3817115,1.3955983,0.25403795,0.0,0.0,1.0,5.806802,4.274147,0.54510623,0.1126895,1.2643434,1.0
7187,4.8465414,1.3442373,1.3850929,0.5145443,0.0,0.0,1.0,5.806802,4.0993648,0.54510623,0.13554373,1.5207613,1.0
7188,4.592657,1.3216747,1.3744533,0.56948584,0.0,0.0,1.0,5.806802,3.994131,0.54510623,0.1272891,1.4281466,1.0
7189,4.1536274,1.3558714,1.2560385,0.89354753,0.0,0.0,1.0,4.5431437,4.1536274,0.35484073,0.08490279,0.9525846,0.0
7190,3.3926458,1.1927135,1.0768706,0.6801367,0.0,0.0,1.0,4.428783,3.3926458,0.33762172,0.07931873,0.88993305,0.0
7191,3.9143412,1.2429624,1.3079815,0.85103506,0.0,0.0,1.0,4.428783,3.6270106,0.33762172,0.10930249,1.2263421,1.0
7192,3.6426113,1.2463073,1.2470684,0.6421449,0.0,0.0,1.0,4.428783,3.6426113,0.33762172,0.07612855,0.85414016,0.0
7193,3.4697256,1.1947223,1.0811716,0.8225061,0.0,0.0,1.0,4.428783,3.402015,0.33762172,0.094197266,1.0568659,1.0
7194,3.8243983,1.2628406,1.2137641,0.7396655,0.0,0.0,1.0,4.2701936,3.7197242,0.31374335,0.0962949,1.0804007,1.0
7195,4.0190516,1.2638991,1.4533652,0.7199893,0.0,0.0,1.0,1.9694448,3.724661,0.0,0.10925624,1.2258232,1.0
7196,5.590427,1.5160474,1.5107553,0.428953,0.0,0.0,1.0,1.0387022,4.9007,0.0,0.124969,1.4021157,1.0
7197,4.1419935,1.237936,1.1575758,0.75209445,0.0,0.0,1.0,0.49782735,3.6035671,0.0,0.12717792,1.4268992,1.0
7198,3.1979113,1.0920131,1.028008,0.49497032,0.0,0.0,1.0,0.3356785,2.9229715,0.0,0.11308207,1.2687479,1.0
7199,3.4225574,1.0926074,1.1030223,0.56176525,0.0,0.0,1.0,0.3356785,2.925743,0.0,0.13237111,1.4851654,1.0
7200,3.802146,1.1910037,1.2245818,0.56424844,0.0,0.0,1.0,0.3356785,3.3846712,0.0,0.1205386,1.3524079,1.0
7201,3.6611924,1.1887369,1.200329,0.6865101,0.0,0.0,1.0,0.3356785,3.3740988,0.0,0.11079675,1.2431072,1.0
7202,3.9076982,1.1964236,1.1924542,0.75643504,0.0,0.0,1.0,0.3356785,3.4099503,0.0,0.12630053,1.4170551,1.0
7203,3.4948413,1.101056,1.1888269,0.6597108,0.0,0.0,1.0,0.3356785,2.965148,0.0,0.1346202,1.5103995,1.0
7204,4.7061353,1.263308,1.5872838,0.7199893,0.0,0.0,1.0,0.3356785,3.7219043,0.0,0.15647027,1.7555509,1.0
7205,6.914491,1.6234099,1.6260082,0.4347565,0.0,0.0,1.0,0.50468767,5.4014473,0.0,0.16046208,1.8003378,1.0
7206,6.793725,1.6283201,1.6399498,0.40762085,0.0,0.0,1.0,0.50468767,5.424349,0.0,0.15341623,1.7212855,1.0
7207,3.3582478,1.0712813,1.1818882,0.6074552,0.0,0.0,1.0,0.48062223,2.8262765,0.0,0.13706069,1.537781,1.0
7208,3.2953305,1.0797825,1.134225,0.7177824,0.0,0.0,1.0,0.448609,2.8659267,0.0,0.12728386,1.4280878,1.0
7209,3.3186762,1.0827749,1.177232,0.7059527,0.0,0.0,1.0,0.448609,2.8798835,0.0,0.12792915,1.4353278,1.0
7210,3.6150517,1.1305308,1.1726149,0.2629544,0.0,0.0,1.0,0.448609,3.102621,0.0,0.13118765,1.4718872,1.0
7211,2.996507,1.033185,1.0763731,0.685584,0.0,0.0,1.0,0.448609,2.6485925,0.0,0.12257977,1.3753092,1.0
7212,3.0472546,1.0425724,1.589152,0.85950255,0.0,0.0,1.0,0.67449075,2.692376,0.0,0.12269451,1.3765966,1.0
7213,6.2503705,1.73477,1.7604685,0.68129885,0.0,0.0,1.0,0.67449075,5.92084,0.0,0.1033019,1.1590172,1.0
7214,5.677376,1.6258726,1.6148672,0.6416816,0.0,0.0,1.0,0.67449075,5.412934,0.0,0.10156967,1.139582,1.0
7215,5.851947,1.7199991,1.5206791,0.82543993,0.0,0.0,1.0,0.67449075,5.851947,0.0,0.08424822,0.9452405,0.0
7216,5.792219,1.6938782,1.54581,0.9395976,0.0,0.0,1.0,2.6372495,5.730117,0.06787543,0.0918888,1.0309656,1.0
7217,5.278309,1.5799197,1.487927,0.9710352,0.0,0.0,1.0,3.2822003,5.198606,0.16498391,0.09303312,1.0438045,1.0
7218,3.828014,1.2819371,1.384932,0.9631222,0.0,0.0,1.0,3.60263,3.8087919,0.21323012,0.09041404,1.0144192,1.0
7219,5.5445065,1.6540824,1.4607246,0.6885996,0.0,0.0,1.0,3.921721,5.5445065,0.26127478,0.07697979,0.86369085,0.0
7220,5.1202807,1.5631264,1.4508085,0.70300543,0.0,0.0,1.0,4.2394924,5.1202807,0.30912077,0.06876893,0.7715674,0.0
7221,3.9673667,1.3159363,1.3658285,0.84963375,0.0,0.0,1.0,4.555963,3.9673667,0.35677087,0.088803895,0.9963538,0.0
7222,4.985144,1.5290123,1.4197658,0.5149968,0.0,0.0,1.0,4.555963,4.9611697,0.35677087,0.09035947,1.0138069,1.0
7223,4.17948,1.3394912,1.2967142,0.6289284,0.0,0.0,1.0,4.871151,4.0772285,0.40422788,0.09551524,1.0716532,1.0
7224,4.322785,1.3921397,1.2539992,0.69176275,0.0,0.0,1.0,4.871151,4.322785,0.40422788,0.07963115,0.8934383,0.0
7225,3.9204803,1.3058836,1.2758993,0.6347483,0.0,0.0,1.0,4.871151,3.9204803,0.40422788,0.081828825,0.9180956,0.0
7226,4.148234,1.3547151,1.335497,0.20298491,0.0,0.0,1.0,5.1850734,4.148234,0.4514943,0.08630417,0.9683077,0.0
7227,4.252053,1.3769743,1.3570353,0.16766025,0.0,0.0,1.0,5.1850734,4.252053,0.4514943,0.074282266,0.8334254,0.0
7228,5.105079,1.4609073,1.443733,0.702271,0.0,0.0,1.0,5.1850734,4.6435227,0.4514943,0.11444093,1.283994,1.0
7229,4.7708335,1.4424648,1.4143361,0.7170624,0.0,0.0,1.0,5.1850734,4.5575056,0.4514943,0.10104872,1.1337372,1.0
7230,4.623278,1.4565668,1.4253206,0.19799289,0.0,0.0,1.0,5.1850734,4.623278,0.4514943,0.07072639,0.79352945,0.0
7231,4.7208495,1.4774865,1.4410789,0.6270741,0.0,0.0,1.0,5.1850734,4.7208495,0.4514943,0.07936347,0.89043504,0.0
7232,4.019317,1.3270748,1.4085618,0.5365746,0.0,0.0,1.0,5.1850734,4.019317,0.4514943,0.08365056,0.9385349,0.0
7233,3.8705068,1.2951691,1.2926233,0.7328048,0.0,0.0,1.0,4.019703,3.8705068,0.27602765,0.07950133,0.8919818,0.0
7234,4.5614047,1.3135585,1.3219861,0.68309194,0.0,0.0,1.0,3.2409801,3.9562762,0.1587775,0.12807924,1.4370117,1.0
7235,4.385294,1.3129767,1.3084801,0.65505534,0.0,0.0,1.0,3.2409801,3.953563,0.1587775,0.116937205,1.3120013,1.0
7236,4.8439927,1.327432,1.3398263,0.48805344,0.0,0.0,1.0,3.2409801,4.0209837,0.1587775,0.14125107,1.5847958,1.0
7237,4.444313,1.3099096,1.3560307,0.7166403,0.0,0.0,1.0,3.2409801,3.9392576,0.1587775,0.12177824,1.3663164,1.0
7238,4.8088293,1.3488909,1.3353146,0.66211927,0.0,0.0,1.0,2.6860578,4.1210694,0.07522436,0.13162774,1.4768249,1.0
7239,4.8745418,1.3683126,1.3701086,0.6876108,0.0,0.0,1.0,2.2689035,4.2116537,0.012414581,0.12920983,1.4496967,1.0
7240,4.833603,1.3705733,1.3631918,0.64902747,0.0,0.0,1.0,2.2689035,4.222198,0.012414581,0.1260046,1.4137349,1.0
7241,4.6529555,1.2963768,1.3316225,0.65480787,0.0,0.0,1.0,2.2689035,3.8761396,0.012414581,0.14016399,1.572599,1.0
7242,5.021804,1.3755714,1.3305411,0.68425244,0.0,0.0,1.0,1.9648246,4.245509,0.0,0.13569257,1.522431,1.0
7243,5.622541,1.5790766,1.5872362,0.3941377,0.0,0.0,1.0,1.8984611,5.1946735,0.0,0.11010384,1.235333,1.0
7244,3.6171165,1.1728486,1.28357,0.6723812,0.0,0.0,1.0,1.6130735,3.2999942,0.0,0.11360055,1.2745651,1.0
7245,3.8735166,1.190483,1.2771775,0.5652242,0.0,0.0,1.0,0.6611363,3.3822424,0.0,0.12611763,1.4150031,1.0
7246,4.2116637,1.1910205,1.5746423,0.62369055,0.0,0.0,1.0,0.5233733,3.3847494,0.0,0.15134233,1.6980169,1.0
7247,3.3819773,1.1904261,1.1795907,0.53735083,0.0,0.0,1.0,0.5233733,3.3819773,0.0,0.08807509,0.9881768,0.0
7248,3.3756242,1.1685746,1.1812003,0.53735083,0.0,0.0,1.0,0.5233733,3.28006,0.0,0.096548185,1.0832425,1.0
7249,3.7011898,1.2097011,1.1873728,0.65437293,0.0,0.0,1.0,0.5046981,3.471877,0.0,0.10594841,1.1887103,1.0
7250,3.356896,1.0678699,1.5363052,0.7540484,0.0,0.0,1.0,0.5046981,2.8103657,0.0,0.13865128,1.555627,1.0
7251,5.208213,1.2884177,1.5257996,0.7625232,0.0,0.0,1.0,0.67449075,3.8390176,0.0,0.17995185,2.0190072,1.0
7252,5.592082,1.2956287,1.1922889,0.9187681,0.0,0.0,1.0,0.67449075,3.8726501,0.0,0.20219359,2.2685533,1.0
7253,7.129687,1.6933843,1.6928183,0.40762085,0.0,0.0,1.0,0.67449075,5.7278137,0.0,0.15145501,1.6992811,1.0
7254,3.944476,1.1600479,1.5310231,0.7227894,0.0,0.0,1.0,0.67449075,3.2402909,0.0,0.14447065,1.6209185,1.0
7255,5.092976,1.5056186,1.550243,0.44257247,0.0,0.0,1.0,0.67449075,4.8520594,0.0,0.10177308,1.1418643,1.0
7256,4.436097,1.256096,1.2606349,0.88296026,0.0,0.0,1.0,0.67910635,3.6882668,0.0,0.14076233,1.5793123,1.0
7257,5.680252,1.6626594,1.5023015,0.78007615,0.0,0.0,1.0,0.6837856,5.5845103,0.0,0.09349471,1.0489835,1.0
7258,5.613448,1.6688638,1.7504373,0.78134555,0.0,0.0,1.0,0.8168081,5.613448,0.0,0.08548107,0.9590727,0.0
7259,5.5077243,1.6461961,1.3976071,0.8582342,0.0,0.0,1.0,1.014087,5.5077243,0.0,0.08506348,0.9543875,0.0
7260,2.5546916,1.0130522,1.0625808,0.7724764,0.0,0.0,1.0,1.014087,2.5546916,0.0,0.0812218,0.91128486,0.0
7261,2.728102,1.0378381,1.3137752,0.8036529,0.0,0.0,1.0,1.1269385,2.670295,0.0,0.09464166,1.0618519,1.0
7262,5.595283,1.6602474,1.5087336,0.81301683,0.0,0.0,1.0,0.6807304,5.573261,0.0,0.090135135,1.01129,1.0
7263,3.129728,1.1223212,1.3306694,0.82809997,0.0,0.0,1.0,1.023489,3.0643308,0.0,0.09456355,1.0609756,1.0
7264,4.9576063,1.5282483,1.5346397,0.67644185,0.0,0.0,1.0,1.023489,4.9576063,0.0,0.084677145,0.9500529,0.0
7265,5.7940927,1.6856107,1.3952407,0.86254007,0.0,0.0,1.0,1.3615178,5.6915565,0.0,0.09371659,1.0514729,1.0
7266,5.7419944,1.6731225,1.5080752,0.75930494,0.0,0.0,1.0,2.0329385,5.6333113,0.0,0.0940419,1.0551227,1.0
7267,4.839787,1.4875994,1.4951725,0.70570207,0.0,0.0,1.0,1.3615178,4.768017,0.0,0.09296203,1.0430069,1.0
7268,5.4952235,1.6434548,1.5582038,0.51499677,0.0,0.0,1.0,1.023489,5.4949384,0.0,0.08914208,1.0001482,1.0
7269,5.8528666,1.6297209,1.5535986,0.51499677,0.0,0.0,1.0,1.023489,5.4308825,0.0,0.10891569,1.2220023,1.0
7270,2.9759786,1.0260285,1.0509499,0.78794605,0.0,0.0,1.0,1.1269628,2.615214,0.0,0.12425797,1.3941382,1.0
7271,5.3923817,1.6202239,1.5521625,0.51499677,0.0,0.0,1.0,1.35215,5.3865876,0.0,0.08940279,1.0030732,1.0
7272,2.4118462,0.96524763,0.9691427,0.5388613,0.0,0.0,1.0,1.35215,2.3317273,0.0,0.09787886,1.0981723,1.0
7273,2.16097,0.91978973,1.0969298,0.8629967,0.0,0.0,1.0,1.35215,2.119708,0.0,0.09408591,1.0556165,1.0
7274,2.0618005,0.9073741,1.1162152,0.83752567,0.0,0.0,1.0,1.35215,2.0618005,0.0,0.08680449,0.97392106,0.0
7275,2.0606437,0.8980331,0.9204454,0.6643815,0.0,0.0,1.0,1.35215,2.0182333,0.0,0.09448008,1.060039,1.0
7276,2.2565103,0.93293625,0.9137784,0.6643815,0.0,0.0,1.0,1.35215,2.1810246,0.0,0.09794249,1.0988861,1.0
7277,2.0366926,0.88362837,0.9046228,0.6643815,0.0,0.0,1.0,1.35215,1.9510486,0.0,0.10030727,1.1254183,1.0
7278,2.6407309,0.985392,1.236737,0.87094843,0.0,0.0,1.0,1.35215,2.425682,0.0,0.11170521,1.2532998,1.0
7279,7.2804904,1.706443,1.7018919,0.639474,0.0,0.0,1.0,1.35215,5.78872,0.0,0.15475395,1.7362943,1.0
7280,3.3132641,1.0330034,1.4940954,0.95800084,0.0,0.0,1.0,1.35215,2.6477456,0.0,0.15313688,1.7181512,1.0
7281,6.373015,1.5986662,1.3698964,0.87540823,0.0,0.0,1.0,1.35215,5.286041,0.0,0.14149362,1.5875171,1.0
7282,2.438075,0.93542874,1.313887,0.84545004,0.0,0.0,1.0,1.35215,2.1926496,0.0,0.11763252,1.3198026,1.0
7283,3.4762254,1.0517251,1.057331,0.75158805,0.0,0.0,1.0,0.9056125,2.7350652,0.0,0.15813613,1.7742413,1.0
7284,7.266132,1.7226512,1.7523794,0.4347565,0.0,0.0,1.0,0.68078756,5.864317,0.0,0.15000172,1.6829755,1.0
7285,3.7352078,1.0765607,1.6212984,0.7130744,0.0,0.0,1.0,0.68078756,2.8509002,0.0,0.16811882,1.8862442,1.0
7286,4.2291408,1.1096051,1.7575506,0.6227827,0.0,0.0,1.0,0.6776245,3.0050216,0.0,0.19286415,2.1638796,1.0
7287,4.580809,1.1236005,1.6686673,0.7292141,0.0,0.0,1.0,1.0141289,3.0702972,0.0,0.21441245,2.4056451,1.0
7288,4.5693836,1.1325359,1.7048666,0.78485507,0.0,0.0,1.0,1.0141289,3.111973,0.0,0.20838934,2.3380678,1.0
7289,2.6535106,0.95260006,1.1154097,0.7636952,0.0,0.0,1.0,1.0141289,2.272738,0.0,0.13179338,1.4786834,1.0
7290,2.7946396,0.96973574,1.1569717,0.8951335,0.0,0.0,1.0,1.0141289,2.3526602,0.0,0.1369691,1.5367534,1.0
7291,4.8960567,1.1494323,1.6980717,0.7292141,0.0,0.0,1.0,1.0141289,3.190779,0.0,0.22522597,2.5269697,1.0
7292,3.8832917,1.0760747,1.4520428,0.99141693,0.0,0.0,1.0,1.0141289,2.8486335,0.0,0.18162225,2.0377488,1.0
7293,5.8686924,1.5515196,1.3757288,0.8202828,0.0,0.0,1.0,1.0141289,5.066146,0.0,0.12946954,1.4526106,1.0
7294,4.775644,1.0970339,0.97131324,0.8390605,0.0,0.0,1.0,1.0141289,2.9463885,0.0,0.24722992,2.7738476,1.0
7295,4.8766127,1.1093191,0.98688006,0.8390605,0.0,0.0,1.0,1.0141289,3.0036879,0.0,0.24791624,2.781548,1.0
7296,4.89751,1.1035753,1.4098259,0.9231804,0.0,0.0,1.0,1.0141289,2.9768987,0.0,0.25342444,2.8433483,1.0
7297,5.573688,1.2287225,1.7177557,0.77269703,0.0,0.0,1.0,1.0141289,3.5605943,0.0,0.23310548,2.6153755,1.0
7298,3.0828576,1.0719332,1.6527358,0.88497263,0.0,0.0,1.0,1.1269883,2.8293169,0.0,0.11194892,1.2560343,1.0
7299,4.438317,1.0680871,1.167007,0.9028637,0.0,0.0,1.0,1.3521792,2.8113785,0.0,0.23649652,2.653422,1.0
7300,4.098039,1.0258285,0.944578,0.8289975,0.0,0.0,1.0,1.3521792,2.6142812,0.0,0.23365994,2.6215963,1.0
7301,4.523754,1.0702765,1.4206487,0.9231804,0.0,0.0,1.0,1.3521792,2.8215902,0.0,0.24275242,2.7236114,1.0
7302,3.8208873,0.98195165,1.3614382,0.9433837,0.0,0.0,1.0,1.3521792,2.4096363,0.0,0.23827195,2.673342,1.0
7303,3.5692198,0.9348167,0.9124357,0.8390605,0.0,0.0,1.0,1.3521792,2.189795,0.0,0.24954389,2.7998097,1.0
7304,4.0114517,0.99778056,1.3879442,0.9231804,0.0,0.0,1.0,1.3521792,2.4834633,0.0,0.24580856,2.7579005,1.0
7305,5.2924137,1.2245641,1.7954459,0.65505534,0.0,0.0,1.0,1.3521792,3.5411994,0.0,0.21506178,2.4129305,1.0
7306,4.3619237,1.1368849,1.1573611,0.9793369,0.0,0.0,1.0,1.3521792,3.132257,0.0,0.18910137,2.1216621,1.0
7307,3.178103,0.9008439,0.8030619,0.82899755,0.0,0.0,1.0,1.3521792,2.0313432,0.0,0.23288935,2.6129508,1.0
7308,5.249509,1.4259211,1.3164582,0.80137426,0.0,0.0,1.0,1.3521792,4.4803443,0.0,0.13284667,1.4905009,1.0
7309,6.0127044,1.4990246,1.3047991,0.8926334,0.0,0.0,1.0,2.0331087,4.821305,0.0,0.15205678,1.7060328,1.0
7310,4.72705,1.2544671,1.3659556,0.9934548,0.0,0.0,1.0,3.3917267,3.6806695,0.18147501,0.16152465,1.8122596,1.0
7311,3.0181973,0.8928318,1.1186097,0.9028637,0.0,0.0,1.0,1.358618,1.9939742,0.0,0.21993418,2.4675975,1.0
7312,3.2323782,0.93631154,1.3779328,0.9231804,0.0,0.0,1.0,1.358618,2.196767,0.0,0.20917913,2.3469288,1.0
7313,6.5873446,1.5447986,1.7988049,0.9327039,0.0,0.0,1.0,1.358618,5.034798,0.0,0.16765477,1.8810376,1.0
7314,4.504671,1.0870538,1.0778166,0.8390605,0.0,0.0,1.0,5.960394,2.8998406,0.5682322,0.23005955,2.581201,1.0
7315,4.5026827,1.0749687,1.326693,0.9048262,0.0,0.0,1.0,7.252813,2.8434749,0.7628282,0.23772305,2.6671834,1.0
7316,4.003121,1.0057648,1.2214484,0.8390605,0.0,0.0,1.0,7.8948827,2.5207026,0.8595029,0.23889019,2.6802783,1.0
7317,4.8487997,1.2916346,1.2260334,0.89994454,0.0,0.0,1.0,8.534244,3.8540213,0.9557697,0.15485872,1.7374698,1.0
7318,3.90294,1.1765549,1.2095542,0.7980556,0.0,0.0,1.0,9.170934,3.317281,1.0516344,0.1340875,1.5044227,1.0
7319,5.9434733,1.350654,1.3108735,0.92203075,0.0,0.0,1.0,9.170934,4.1292925,1.0516344,0.20100963,2.2552695,1.0
7320,6.197746,1.4097427,1.4734077,0.90635973,0.0,0.0,1.0,9.804991,4.404887,1.1471026,0.19277702,2.162902,1.0
7321,3.6871686,1.1256632,1.2927835,0.79009056,0.0,0.0,1.0,9.804991,3.079918,1.1471026,0.13933761,1.5633274,1.0
7322,6.653515,1.4750735,1.3962941,0.7559554,0.0,0.0,1.0,10.436453,4.7095947,1.2421801,0.19423917,2.179307,1.0
7323,6.8418026,1.4797074,1.4230853,0.75763154,0.0,0.0,1.0,10.436453,4.731208,1.2421801,0.20273013,2.274573,1.0
7324,7.881721,1.6112614,1.6768876,0.83487934,0.0,0.0,1.0,11.065354,5.3447857,1.3368721,0.21000193,2.3561604,1.0
7325,6.9598207,1.4761702,1.4974447,0.8351582,0.0,0.0,1.0,11.065354,4.7147098,1.3368721,0.21039325,2.3605509,1.0
7326,6.575288,1.5740181,1.4364963,0.97251314,0.0,0.0,1.0,11.065354,5.1710806,1.3368721,0.15828016,1.7758573,1.0
7327,6.4663396,1.4893439,1.5220912,0.7010388,0.0,0.0,1.0,11.065354,4.776153,1.3368721,0.17924587,2.0110865,1.0
7328,5.7312574,1.3770902,1.4760349,0.849083,0.0,0.0,1.0,11.065354,4.252593,1.3368721,0.17767434,1.9934543,1.0
7329,5.185465,1.3027471,1.5537162,0.6665267,0.0,0.0,1.0,11.065354,3.9058514,1.3368721,0.17255722,1.9360417,1.0
7330,3.1435704,0.9956744,1.4141474,0.8916009,0.0,0.0,1.0,11.065354,2.47364,1.3368721,0.15809624,1.7737937,1.0
7331,3.3113005,1.055767,1.346303,0.89606327,0.0,0.0,1.0,11.065354,2.753917,1.3368721,0.14066999,1.5782763,1.0
7332,2.8979325,1.0043056,1.1873856,0.89670706,0.0,0.0,1.0,11.065354,2.5138967,1.3368721,0.12803112,1.4364718,1.0
7333,3.360856,1.0586361,1.3344538,0.73189306,0.0,0.0,1.0,11.065354,2.7672982,1.3368721,0.14374962,1.6128289,1.0
7334,5.786726,1.4290905,1.3599267,0.483151,0.0,0.0,1.0,11.0391865,4.4951267,1.3329321,0.16229942,1.8209523,1.0
7335,5.1998825,1.4202362,1.3451651,0.48427707,0.0,0.0,1.0,11.013142,4.45383,1.3290106,0.13178548,1.4785947,1.0
7336,5.182054,1.414534,1.3341172,0.48427707,0.0,0.0,1.0,11.013142,4.4272337,1.3290106,0.13254604,1.4871279,1.0
7337,5.1348376,1.3958158,1.317399,0.4842771,0.0,0.0,1.0,11.013142,4.339931,1.3290106,0.13577159,1.5233177,1.0
7338,5.0052156,1.382594,1.2888314,0.47989032,0.0,0.0,1.0,11.013142,4.278263,1.3290106,0.13239908,1.4854791,1.0
7339,4.729969,1.3462061,1.2708243,0.47989038,0.0,0.0,1.0,11.013142,4.108547,1.3290106,0.12764552,1.4321456,1.0
7340,4.375461,1.2921498,1.2475888,0.47989038,0.0,0.0,1.0,11.013142,3.8564243,1.3290106,0.1234028,1.3845434,1.0
7341,4.27989,1.266289,1.2237289,0.47989032,0.0,0.0,1.0,11.013142,3.7358077,1.3290106,0.12621664,1.4161139,1.0
7342,3.8170683,1.1493,1.196473,0.58292705,0.0,0.0,1.0,11.013142,3.1901617,1.3290106,0.13917156,1.5614643,1.0
7343,3.7221417,1.119214,1.1768878,0.5829271,0.0,0.0,1.0,5.9322696,3.0498388,0.56399757,0.14526449,1.6298252,1.0
7344,3.6636345,1.0827509,1.1606247,0.5829271,0.0,0.0,1.0,4.6347017,2.8797717,0.36862636,0.1584447,1.7777034,1.0
7345,3.842711,1.0938282,1.0959398,0.6702784,0.0,0.0,1.0,3.3255699,2.931437,0.17151394,0.16829124,1.8881787,1.0
7346,4.073738,1.0935489,1.08451,0.6702784,0.0,0.0,1.0,3.3255699,2.9301343,0.17151394,0.18851791,2.1151161,1.0
7347,4.3857117,1.0967015,1.1343044,0.6538298,0.0,0.0,1.0,2.6665661,2.9448383,0.072289556,0.21372797,2.3979654,1.0
7348,4.2571588,1.0695505,1.1250226,0.6538298,0.0,0.0,1.0,2.6665661,2.8182042,0.072289556,0.21915331,2.4588363,1.0
7349,4.1226926,1.04518,1.1128342,0.6538298,0.0,0.0,1.0,2.0045493,2.7045379,0.0,0.22265951,2.498175,1.0
7350,4.0879903,1.0308156,1.0178907,0.65223473,0.0,0.0,1.0,2.0045493,2.6375413,0.0,0.22916937,2.5712135,1.0
7351,4.0567145,1.042117,1.1041503,0.6538299,0.0,0.0,1.0,2.0045493,2.690252,0.0,0.2184755,2.4512315,1.0
7352,3.7935314,1.0481989,1.0289633,0.6702784,0.0,0.0,1.0,2.0045493,2.7186186,0.0,0.18981633,2.129684,1.0
7353,3.9781072,1.1030203,1.0370125,0.6702784,0.0,0.0,1.0,1.3394775,2.97431,0.0,0.17507182,1.9642549,1.0
7354,3.6376913,1.1532509,1.2201846,0.7191079,0.0,0.0,1.0,1.3394775,3.2085893,0.0,0.123185135,1.3821013,1.0
7355,3.651703,1.150008,1.0792528,0.5958088,0.0,0.0,1.0,1.3394775,3.1934638,0.0,0.12566988,1.4099795,1.0
7356,2.765895,1.0201839,0.98108053,0.5829476,0.0,0.0,1.0,0.89719903,2.5879545,0.0,0.10663815,1.1964489,1.0
7357,2.8798187,1.0495943,1.12034,0.98009986,0.0,0.0,1.0,0.67449075,2.7251267,0.0,0.10358432,1.1621859,1.0
7358,2.9178302,1.0383538,1.1158159,0.94048494,0.0,0.0,1.0,0.67449075,2.6727002,0.0,0.11248478,1.2620465,1.0
7359,3.694023,1.1706432,1.4838245,0.6706162,0.0,0.0,1.0,0.67449075,3.2897084,0.0,0.12042659,1.3511512,1.0
7360,5.710907,1.6044034,1.4904214,0.51499677,0.0,0.0,1.0,0.3360532,5.3127995,0.0,0.108211026,1.2140962,1.0
7361,2.5264258,0.9329098,1.2528218,0.8961608,0.0,0.0,1.0,0.4036757,2.180901,0.0,0.12947424,1.4526632,1.0
7362,2.2635856,0.9026236,1.4715586,0.71358144,0.0,0.0,1.0,0.4036757,2.0396438,0.0,0.11708849,1.3136988,1.0
7363,5.503384,1.58659,1.4944986,0.5149968,0.0,0.0,1.0,0.4036757,5.229717,0.0,0.10245475,1.1495124,1.0
7364,5.5314603,1.5656254,1.4923491,0.5149968,0.0,0.0,1.0,0.4036757,5.131936,0.0,0.10895383,1.2224302,1.0
7365,3.2623208,1.1647712,1.468113,0.6854292,0.0,0.0,1.0,0.4036757,3.2623208,0.0,0.08803266,0.9877008,0.0
7366,1.9329959,0.864183,1.3701341,0.6249242,0.0,0.0,1.0,0.4036757,1.860354,0.0,0.09907246,1.111564,1.0
7367,4.934029,1.5231932,1.4986904,0.5447202,0.0,0.0,1.0,0.4036757,4.934029,0.0,0.087209255,0.9784624,0.0
7368,5.181177,1.514749,1.491539,0.5447202,0.0,0.0,1.0,0.4036757,4.8946447,0.0,0.10403632,1.1672572,1.0
7369,3.0915275,1.059569,1.4342915,0.59986544,0.0,0.0,1.0,0.4036757,2.7716496,0.0,0.11851866,1.3297448,1.0
7370,4.043707,1.332304,1.3242265,0.67499053,0.0,0.0,1.0,0.4036757,4.043707,0.0,0.087898545,0.98619604,0.0
7371,2.2327785,0.93161255,1.2726362,0.5924822,0.0,0.0,1.0,0.4036757,2.1748507,0.0,0.095911644,1.0761007,1.0
7372,2.2335446,0.89135903,1.2500882,0.87309283,0.0,0.0,1.0,0.4036757,1.9871051,0.0,0.12071092,1.3543413,1.0
7373,2.347487,0.9096829,1.1467195,0.7807453,0.0,0.0,1.0,0.4036757,2.0725691,0.0,0.1229077,1.3789885,1.0
7374,2.2026415,0.89955336,1.0394844,0.85381,0.0,0.0,1.0,0.4036757,2.025324,0.0,0.11142388,1.2501434,1.0
7375,2.6038272,0.94239944,0.9250347,0.84170854,0.0,0.0,1.0,0.4036757,2.2251616,0.0,0.13246448,1.4862128,1.0
7376,5.183526,1.4661331,1.4027498,0.74295336,0.0,0.0,1.0,0.67449075,4.6678963,0.0,0.117258705,1.3156085,1.0
7377,2.673128,0.98562616,1.3825248,0.9393999,0.0,0.0,1.0,0.67449075,2.4267743,0.0,0.11498003,1.2900424,1.0
7378,3.0070875,1.0079145,0.9980652,0.7728901,0.0,0.0,1.0,0.678268,2.530729,0.0,0.13706231,1.5377992,1.0
7379,4.160327,1.0543265,1.1369938,0.89571315,0.0,0.0,1.0,0.68208784,2.7471983,0.0,0.22012006,2.469683,1.0
7380,4.067479,1.0833116,1.7705907,0.6241193,0.0,0.0,1.0,0.8498316,2.8823867,0.0,0.19382977,2.1747136,1.0
7381,4.452744,1.1885753,1.8456326,0.69858,0.0,0.0,1.0,1.1269883,3.373345,0.0,0.17061274,1.9142252,1.0
7382,3.9618044,1.0821352,0.98693305,0.6471253,0.0,0.0,1.0,1.1269883,2.8769,0.0,0.1851611,2.0774536,1.0
7383,3.160098,0.9907714,1.2169783,0.88319594,0.0,0.0,1.0,1.1269883,2.4507723,0.0,0.16283324,1.8269415,1.0
7384,4.7880454,1.1864576,1.871709,0.81901467,0.0,0.0,1.0,1.1269883,3.363468,0.0,0.19698611,2.2101266,1.0
7385,4.8475122,1.1939762,1.5458182,0.9006704,0.0,0.0,1.0,1.1269883,3.398535,0.0,0.19770145,2.2181528,1.0
7386,5.0776105,1.1854842,1.7745028,0.74878275,0.0,0.0,1.0,1.1269883,3.3589277,0.0,0.21942921,2.4619317,1.0
7387,5.2697277,1.1842477,1.8996183,0.712141,0.0,0.0,1.0,1.1269883,3.3531609,0.0,0.23468149,2.6330578,1.0
7388,4.8043,1.1294534,1.8301313,0.7292141,0.0,0.0,1.0,1.1269883,3.097596,0.0,0.22943732,2.57422,1.0
7389,5.1420765,1.1717283,1.0545305,0.5958088,0.0,0.0,1.0,1.1269883,3.294769,0.0,0.231908,2.6019402,1.0
7390,4.7275352,1.1605126,1.0416827,0.58292705,0.0,0.0,1.0,1.1269883,3.242458,0.0,0.20576283,2.308599,1.0
7391,4.336508,1.1426256,1.0356635,0.5614631,0.0,0.0,1.0,1.1269883,3.1590319,0.0,0.18404682,2.0649517,1.0
7392,4.411969,1.1027633,0.99361616,0.46061143,0.0,0.0,1.0,1.1269883,2.9731112,0.0,0.21237044,2.3827345,1.0
7393,4.360678,1.0784855,0.9866057,0.73780125,0.0,0.0,1.0,1.3521792,2.8598776,0.0,0.22276564,2.4993656,1.0
7394,4.063143,1.0492207,0.9625273,0.483151,0.0,0.0,1.0,1.3521792,2.7233841,0.0,0.21440491,2.4055607,1.0
7395,4.0896974,1.0387452,1.0551622,0.8351582,0.0,0.0,1.0,1.3521792,2.6745255,0.0,0.22387391,2.5118,1.0
7396,3.8700798,1.0197451,1.2390723,0.9028637,0.0,0.0,1.0,1.3521792,2.5859077,0.0,0.21559101,2.4188683,1.0
7397,8.879256,1.9144707,1.9449072,0.60937136,0.0,0.0,1.0,1.3521792,6.758978,0.0,0.16901332,1.8962802,1.0
7398,5.4787717,1.6118019,1.7317507,0.852264,0.0,0.0,1.0,1.3521792,5.3473067,0.0,0.09538962,1.0702437,1.0
7399,3.027995,0.9041632,0.91487205,0.4842771,0.0,0.0,1.0,1.3521792,2.0468247,0.0,0.21120034,2.3696063,1.0
7400,2.682965,0.85258895,0.8824151,0.4842771,0.0,0.0,1.0,1.3521792,1.8062783,0.0,0.21272649,2.3867292,1.0
7401,2.4472158,0.83160406,0.86747044,0.483151,0.0,0.0,1.0,0.6787382,1.7084032,0.0,0.199256,2.2355943,1.0
7402,6.4576325,1.7982965,1.65868,0.95007175,0.0,0.0,1.0,0.67449075,6.217132,0.0,0.0989798,1.1105245,1.0
7403,1.9707154,0.8020067,0.8863459,0.78882265,0.0,0.0,1.0,0.67449075,1.5703589,0.0,0.15405186,1.7284169,1.0
7404,2.2624812,0.83988136,0.87225056,0.40265086,0.0,0.0,1.0,1.3522073,1.7470092,0.0,0.16426696,1.8430275,1.0
7405,2.3781226,0.8735724,0.93078184,0.277201,0.0,0.0,1.0,1.3522073,1.9041469,0.0,0.15251672,1.7111932,1.0
7406,2.4654078,0.88538635,0.9476367,0.277201,0.0,0.0,1.0,1.3522073,1.9592481,0.0,0.15491717,1.7381254,1.0
7407,2.6750023,0.8951669,0.9519124,0.39717662,0.0,0.0,1.0,1.3522073,2.0048652,0.0,0.17424832,1.9550154,1.0
7408,3.0161598,0.9386635,0.9534738,0.39717662,0.0,0.0,1.0,1.3522073,2.2077367,0.0,0.18237735,2.0462208,1.0
7409,9.54995,1.978674,2.0096312,0.40762088,0.0,0.0,1.0,1.3522073,7.0584273,0.0,0.17901802,2.0085301,1.0
7410,3.5655224,1.0061946,0.95950013,0.39717662,0.0,0.0,1.0,1.3522073,2.522707,0.0,0.19439556,2.1810615,1.0
7411,4.443991,1.1681659,1.1424164,0.40265086,0.0,0.0,1.0,5.284911,3.2781541,0.4665266,0.17969355,2.0161092,1.0
7412,3.9634578,1.0585027,1.2398663,0.39717662,0.0,0.0,1.0,6.5768166,2.7666762,0.66104525,0.19928458,2.235915,1.0
7413,3.8909655,1.2427235,1.4211761,0.5447202,0.0,0.0,1.0,7.2185903,3.6258962,0.7576754,0.10774522,1.20887,1.0
7414,2.8614423,1.0586146,1.3472238,0.5447202,0.0,0.0,1.0,7.8576303,2.767198,0.8538939,0.09780179,1.0973076,1.0
7415,2.9075892,1.0172429,1.172091,0.54839253,0.0,0.0,1.0,8.493975,2.5742373,0.94970655,0.12210538,1.3699868,1.0
7416,5.9952445,1.5569097,1.7222725,0.79744524,0.0,0.0,1.0,9.127661,5.091285,1.0451189,0.13434276,1.5072867,1.0
7417,3.3849676,1.1493038,1.2904133,0.8756015,0.0,0.0,1.0,9.127661,3.1901796,1.0451189,0.1046777,1.1744533,1.0
7418,2.7940438,1.019523,1.2161316,0.5020338,0.0,0.0,1.0,9.758726,2.584872,1.1401367,0.10973586,1.2312044,1.0
7419,4.12348,1.3157382,1.415596,0.5447202,0.0,0.0,1.0,9.758726,3.9664426,1.1401367,0.099210985,1.1131183,1.0
7420,4.746825,1.4413577,1.442739,0.68488604,0.0,0.0,1.0,10.387208,4.552342,1.2347655,0.10000811,1.1220618,1.0
7421,5.8683743,1.677449,1.3194791,0.8304361,0.0,0.0,1.0,10.387208,5.65349,1.2347655,0.09880807,1.1085978,1.0
7422,2.3578024,0.97083825,1.512201,0.6430164,0.0,0.0,1.0,11.013142,2.3578024,1.3290106,0.08358263,0.9377728,0.0
7423,4.4863024,1.4271985,1.5521195,0.5375478,0.0,0.0,1.0,22.700775,4.4863024,3.0887856,0.06994321,0.7847425,0.0
7424,4.0599775,1.3357925,1.4513873,0.74520797,0.0,0.0,1.0,11.687633,4.0599775,1.4305669,0.08317545,0.9332043,0.0
7425,4.332693,1.394264,1.6107705,0.68462336,0.0,0.0,1.0,11.687633,4.332693,1.4305669,0.06622743,0.7430524,0.0
7426,3.1363635,1.1353327,1.4092253,0.7915827,0.0,0.0,1.0,11.687633,3.1250174,1.4305669,0.09005348,1.0103737,1.0
7427,2.8734565,1.0250578,1.2913975,0.824137,0.0,0.0,1.0,11.687633,2.6106865,1.4305669,0.11476021,1.2875762,1.0
7428,3.2851791,1.0787277,1.3583122,0.9672449,0.0,0.0,1.0,11.687633,2.8610072,1.4305669,0.12688379,1.4235991,1.0
7429,3.690141,1.1397505,1.5306778,0.89870405,0.0,0.0,1.0,11.687633,3.1456223,1.4305669,0.13321042,1.494582,1.0
7430,3.2084825,1.0895119,1.0206283,0.87573016,0.0,0.0,1.0,11.687633,2.9113054,1.4305669,0.11512316,1.2916483,1.0
7431,4.5321326,1.3854173,1.3276495,0.43428218,0.0,0.0,1.0,11.687633,4.2914314,1.4305669,0.1034121,1.1602536,1.0
7432,3.7217813,1.1434519,1.2472067,0.89480704,0.0,0.0,1.0,11.687633,3.1628861,1.4305669,0.1341273,1.5048692,1.0
7433,4.1630325,1.213284,1.3458288,0.731545,0.0,0.0,1.0,11.687633,3.4885883,1.4305669,0.13836077,1.5523676,1.0
7434,5.137776,1.3558314,1.2752721,0.4842771,0.0,0.0,1.0,11.687633,4.1534405,1.4305669,0.14948003,1.6771224,1.0
7435,5.23592,1.3410586,1.2483888,0.483151,0.0,0.0,1.0,11.687633,4.084539,1.4305669,0.16091268,1.8053933,1.0
7436,5.528236,1.3248645,1.291156,0.8332761,0.0,0.0,1.0,11.687633,4.0090084,1.4305669,0.18563087,2.0827243,1.0
7437,6.8318944,1.5856955,1.5895355,0.4091154,0.0,0.0,1.0,11.687633,5.2255445,1.4305669,0.16741034,1.8782953,1.0
7438,5.4992857,1.304909,1.456215,0.8142162,0.0,0.0,1.0,11.687633,3.9159343,1.4305669,0.1920945,2.1552444,1.0
7439,3.9136093,1.0405383,1.2176255,0.7973709,0.0,0.0,1.0,11.687633,2.682889,1.4305669,0.20594613,2.3106556,1.0
7440,3.2371383,1.0024434,1.1823072,0.82234806,0.0,0.0,1.0,9.168466,2.5052114,1.0512627,0.16352898,1.8347476,1.0
7441,3.7732959,1.1626374,1.257974,0.64792234,0.0,0.0,1.0,5.959402,3.2523685,0.56808287,0.12991646,1.4576248,1.0
7442,3.3281574,1.1078538,1.1291173,0.5116626,0.0,0.0,1.0,4.6560926,2.9968534,0.37184712,0.117281035,1.3158591,1.0
7443,3.5828435,1.087691,1.1310326,0.4684527,0.0,0.0,1.0,4.0000606,2.9028125,0.27307016,0.1487857,1.6693321,1.0
7444,3.0674357,1.016505,1.2365717,0.5332032,0.0,0.0,1.0,3.3410568,2.5707958,0.17384578,0.13832428,1.5519581,1.0
7445,3.5858254,1.1280524,1.1744186,0.5751892,0.0,0.0,1.0,3.3410568,3.091061,0.17384578,0.12988952,1.4573226,1.0
7446,3.8068845,1.1368569,1.153748,0.6806108,0.0,0.0,1.0,2.6790402,3.1321263,0.07416774,0.1439893,1.615518,1.0
7447,3.5088294,1.029848,1.079938,0.5611915,0.0,0.0,1.0,2.6790402,2.6330283,0.07416774,0.17383216,1.9503462,1.0
7448,2.6703732,0.971376,1.0190063,0.6172809,0.0,0.0,1.0,2.6790402,2.3603106,0.07416774,0.122581534,1.3753291,1.0
7449,2.9675193,1.0275877,1.0827173,0.33482808,0.0,0.0,1.0,2.6790402,2.622486,0.07416774,0.122632995,1.3759065,1.0
7450,3.8559284,1.1508156,1.0818422,0.66351396,0.0,0.0,1.0,2.0139685,3.1972308,0.0,0.14159301,1.5886323,1.0
7451,4.7028446,1.1901685,1.1300315,0.64676976,0.0,0.0,1.0,2.0091639,3.3807757,0.0,0.18871252,2.1172996,1.0
7452,4.556019,1.1626716,1.132104,0.64676976,0.0,0.0,1.0,2.0043821,3.252528,0.0,0.19118457,2.145035,1.0
7453,4.9022593,1.2243925,1.1593245,0.71949446,0.0,0.0,1.0,2.0043821,3.5403993,0.0,0.18708481,2.099037,1.0
7454,4.4844174,1.1341413,1.0422145,0.6753948,0.0,0.0,1.0,2.0043821,3.1194606,0.0,0.20055571,2.2501767,1.0
7455,3.334014,0.9724888,1.3396512,0.77602404,0.0,0.0,1.0,2.0043821,2.3655007,0.0,0.1933925,2.1698074,1.0
7456,4.8358912,1.2732506,1.167182,0.81381625,0.0,0.0,1.0,2.0043821,3.7682772,0.0,0.16127647,1.8094751,1.0
7457,3.771019,1.105064,1.083735,0.5375233,0.0,0.0,1.0,1.3393931,2.983842,0.0,0.15630998,1.7537524,1.0
7458,3.6553066,1.0967321,1.0930148,0.531473,0.0,0.0,1.0,0.33843485,2.9449813,0.0,0.15055104,1.6891388,1.0
7459,4.0656796,1.1093987,1.0595248,0.48222867,0.0,0.0,1.0,0.33644783,3.0040593,0.0,0.17912236,2.0097008,1.0
7460,4.277409,1.1313958,1.0778506,0.6507288,0.0,0.0,1.0,0.33644783,3.1066554,0.0,0.1850961,2.0767243,1.0
7461,3.8891728,1.0964273,1.0342716,0.48222867,0.0,0.0,1.0,0.33644783,2.9435596,0.0,0.17093599,1.917852,1.0
7462,3.822952,1.0764012,1.0510658,0.6507288,0.0,0.0,1.0,0.33644783,2.8501563,0.0,0.1760456,1.9751803,1.0
7463,6.0308356,1.573559,1.511976,0.45292062,0.0,0.0,1.0,0.33644783,5.168939,0.0,0.13159123,1.4764153,1.0
7464,3.3055217,1.0928208,1.4315408,0.5428947,0.0,0.0,1.0,0.33644783,2.9267383,0.0,0.122086614,1.3697762,1.0
7465,4.9839025,1.3699931,1.3503927,0.7081978,0.0,0.0,1.0,0.33644783,4.2194915,0.0,0.13526246,1.5176054,1.0
7466,3.3496342,1.0351875,1.1631362,0.48813033,0.0,0.0,1.0,0.33644783,2.6579323,0.0,0.15540016,1.7435445,1.0
7467,3.323772,1.0691248,1.3770394,0.5869878,0.0,0.0,1.0,0.33644783,2.8162186,0.0,0.13502392,1.514929,1.0
7468,4.914233,1.4347334,1.4295517,0.5447202,0.0,0.0,1.0,0.33644783,4.5214458,0.0,0.11125118,1.2482059,1.0
7469,3.0064428,1.0004418,1.243416,0.6210094,0.0,0.0,1.0,0.33644783,2.4958756,0.0,0.14122199,1.5844696,1.0
7470,4.7385273,1.4271243,1.4090688,0.5447202,0.0,0.0,1.0,0.33644783,4.485956,0.0,0.10346656,1.1608647,1.0
7471,4.495862,1.4292482,1.4069588,0.5447202,0.0,0.0,1.0,0.33644783,4.495862,0.0,0.08103724,0.9092142,0.0
7472,2.59956,1.009221,1.1023343,0.8534821,0.0,0.0,1.0,0.33644783,2.5368223,0.0,0.09542668,1.0706595,1.0
7473,3.0871294,1.0966066,1.2948037,0.7718642,0.0,0.0,1.0,2.959737,2.9443958,0.116431504,0.10147357,1.1385039,1.0
7474,3.2611556,1.1225475,1.0231297,0.6114122,0.0,0.0,1.0,3.6016583,3.0653863,0.21308383,0.1053922,1.1824698,1.0
7475,3.4905236,1.1507444,1.0831856,0.8122192,0.0,0.0,1.0,3.920583,3.196899,0.26110345,0.112518,1.2624191,1.0
7476,4.090859,1.1836143,1.099212,0.5677492,0.0,0.0,1.0,4.2381754,3.3502064,0.30892247,0.14542694,1.631648,1.0
7477,3.9667215,1.1632996,1.1800992,0.531473,0.0,0.0,1.0,4.554454,3.255457,0.35654366,0.14476664,1.6242396,1.0
7478,4.009576,1.233838,1.2202228,0.7642983,0.0,0.0,1.0,4.892263,3.5844536,0.40740663,0.11933127,1.3388621,1.0
7479,4.187584,1.2646855,1.1913767,0.80808526,0.0,0.0,1.0,4.9153028,3.728329,0.41087568,0.1204971,1.3519423,1.0
7480,4.0037966,1.2830174,1.282627,0.8275372,0.0,0.0,1.0,5.231965,3.8138304,0.45855466,0.10181312,1.1423136,1.0
7481,4.0497384,1.30405,1.4586779,0.7748844,0.0,0.0,1.0,5.231965,3.911928,0.45855466,0.098099895,1.1006522,1.0
7482,4.6590185,1.3406196,1.3027883,0.738826,0.0,0.0,1.0,7.3791785,4.0824914,0.78185475,0.12509096,1.4034841,1.0
7483,5.222147,1.3798106,1.3213651,0.6014051,0.0,0.0,1.0,11.0172415,4.265281,1.3296279,0.1462575,1.6409665,1.0
7484,5.3711414,1.4198734,1.2536187,0.8121113,0.0,0.0,1.0,11.641133,4.452137,1.4235656,0.14169423,1.589768,1.0
7485,5.085412,1.4543933,1.2030147,0.7642983,0.0,0.0,1.0,11.641133,4.6131406,1.4235656,0.11519915,1.2925009,1.0
7486,5.039653,1.4449393,1.3159966,0.87618876,0.0,0.0,1.0,11.641133,4.5690465,1.4235656,0.115357935,1.2942824,1.0
7487,5.7469196,1.4434721,1.4073691,0.8310074,0.0,0.0,1.0,11.641133,4.562204,1.4235656,0.15525755,1.7419446,1.0
7488,4.897483,1.3813114,1.5300326,0.8931813,0.0,0.0,1.0,7.548741,4.272281,0.80738527,0.12639469,1.4181116,1.0
7489,5.5600724,1.5326817,1.5541953,0.8480159,0.0,0.0,1.0,5.4977503,4.978284,0.4985732,0.11888907,1.3339007,1.0
7490,3.9163103,1.186199,1.4194599,0.9601034,0.0,0.0,1.0,5.4977503,3.3622615,0.4985732,0.13109191,1.470813,1.0
7491,3.3043137,1.1572502,1.0913503,0.9050846,0.0,0.0,1.0,5.4977503,3.227242,0.4985732,0.0952104,1.068233,1.0
7492,3.506199,1.1570328,1.5648882,0.76392096,0.0,0.0,1.0,5.4977503,3.2262285,0.4985732,0.111227594,1.2479413,1.0
7493,3.6958623,1.2078489,1.1624812,0.9160163,0.0,0.0,1.0,5.4977503,3.4632385,0.4985732,0.10623384,1.1919128,1.0
7494,3.5243287,1.1548533,1.2165368,0.86723906,0.0,0.0,1.0,5.4977503,3.216063,0.4985732,0.11353794,1.2738626,1.0
7495,4.7432604,1.3045549,1.3148346,0.8070795,0.0,0.0,1.0,5.4977503,3.914283,0.4985732,0.14306016,1.6050934,1.0
7496,5.331734,1.2904605,1.2793016,0.57212603,0.0,0.0,1.0,5.4977503,3.8485453,0.4985732,0.18726982,2.1011128,1.0
7497,4.118586,1.2734085,1.2612168,0.5383328,0.0,0.0,1.0,5.4977503,3.769014,0.4985732,0.11274777,1.2649971,1.0
7498,4.080099,1.2571774,1.2128837,0.93486893,0.0,0.0,1.0,5.4977503,3.6933103,0.4985732,0.115798,1.2992197,1.0
7499,3.929653,1.2498627,1.4527216,0.7966285,0.0,0.0,1.0,5.4977503,3.659194,0.4985732,0.107950896,1.2111776,1.0
7500,4.8403416,1.2590472,1.2513425,0.8774018,0.0,0.0,1.0,5.4977503,3.7020311,0.4985732,0.16743056,1.8785222,1.0
7501,4.3985553,1.3064767,1.3897054,1.050396,0.0,0.0,1.0,4.871151,3.9232464,0.40422788,0.11998069,1.3461484,1.0
7502,5.002045,1.411869,1.5430105,0.50411874,0.0,0.0,1.0,2.6372495,4.4148045,0.06787543,0.123001985,1.3800465,1.0
7503,3.4455621,1.0742781,1.0585549,0.4404331,0.0,0.0,1.0,1.9867138,2.840254,0.0,0.14340012,1.6089076,1.0
7504,4.2804337,1.187948,1.154038,0.9112491,0.0,0.0,1.0,1.6593024,3.370419,0.0,0.15788555,1.7714299,1.0
7505,3.4347773,1.0617751,1.0398118,0.42680117,0.0,0.0,1.0,1.3304354,2.7819388,0.0,0.14888857,1.6704865,1.0
7506,4.25349,1.1166093,1.1381527,0.7406968,0.0,0.0,1.0,1.3304354,3.0376902,0.0,0.19105113,2.143538,1.0
7507,4.318031,1.1348363,0.9503243,0.7314639,0.0,0.0,1.0,1.000092,3.1227021,0.0,0.186607,2.093676,1.0
7508,5.149553,1.1696913,1.0848705,0.71363527,0.0,0.0,1.0,2.6372495,3.2852685,0.06787543,0.2336368,2.6213367,1.0
7509,3.369785,1.0230992,1.18528,0.86266875,0.0,0.0,1.0,3.60263,2.6015515,0.21323012,0.16432773,1.8437092,1.0
7510,3.956102,1.147443,1.1036772,0.83020335,0.0,0.0,1.0,3.921721,3.181501,0.26127478,0.15112956,1.6956296,1.0
7511,3.8627365,1.0939672,1.0846788,0.8231017,0.0,0.0,1.0,4.2394924,2.9320855,0.30912077,0.16995664,1.9068639,1.0
7512,4.541452,1.2341192,1.1222355,0.96584684,0.0,0.0,1.0,4.555963,3.5857651,0.35677087,0.15699986,1.7614926,1.0
7513,6.246366,1.573472,1.3463584,0.89528483,0.0,0.0,1.0,4.871151,5.1685333,0.40422788,0.14223376,1.5958214,1.0
7514,4.5237784,1.3469856,1.2888488,0.93598855,0.0,0.0,1.0,4.871151,4.112183,0.40422788,0.114617616,1.2859763,1.0
7515,5.0771637,1.310168,1.2276706,0.62935114,0.0,0.0,1.0,5.1850734,3.940463,0.4514943,0.1625886,1.8241967,1.0
7516,5.501495,1.4282522,1.2726021,0.4799313,0.0,0.0,1.0,5.1850734,4.4912167,0.4514943,0.14641207,1.6427008,1.0
7517,5.6897597,1.460966,1.3086208,0.4799313,0.0,0.0,1.0,5.4977503,4.6437964,0.4985732,0.14648683,1.6435395,1.0
7518,5.546745,1.4896193,1.3842416,0.52186024,0.0,0.0,1.0,5.4977503,4.7774377,0.4985732,0.13013561,1.4600836,1.0
7519,5.4258566,1.5046284,1.416404,0.5255423,0.0,0.0,1.0,5.4977503,4.847441,0.4985732,0.11951516,1.3409252,1.0
7520,5.1945925,1.529729,1.4252547,0.5231167,0.0,0.0,1.0,4.519699,4.9645123,0.35131073,0.10093081,1.1324142,1.0
7521,5.280343,1.5141046,1.3839837,0.6601368,0.0,0.0,1.0,4.519699,4.891639,0.35131073,0.10936442,1.227037,1.0
7522,6.1870065,1.6359442,1.4927932,0.6902455,0.0,0.0,1.0,4.519699,5.4599085,0.35131073,0.12304122,1.3804866,1.0
7523,5.8160195,1.562879,1.4158394,0.71647817,0.0,0.0,1.0,4.519699,5.1191263,0.35131073,0.12379624,1.3889577,1.0
7524,4.835938,1.3797988,1.5305161,0.71891165,0.0,0.0,1.0,3.658032,4.2652264,0.22157185,0.12320304,1.3823022,1.0
7525,6.2479534,1.6658455,1.6137326,0.5708165,0.0,0.0,1.0,3.658032,5.5993705,0.22157185,0.118625805,1.3309469,1.0
7526,5.987311,1.660501,1.6140331,0.5338894,0.0,0.0,1.0,3.658032,5.5744433,0.22157185,0.10798965,1.2116123,1.0
7527,6.3574386,1.5137852,1.5819547,0.6285829,0.0,0.0,1.0,3.658032,4.8901496,0.22157185,0.16553776,1.8572854,1.0
7528,7.2429757,1.9089776,1.8559512,0.47635707,0.0,0.0,1.0,3.658032,6.733358,0.22157185,0.10840248,1.2162442,1.0
7529,5.242414,1.4154227,1.5605578,0.70208544,0.0,0.0,1.0,3.0440025,4.431379,0.12911913,0.13573587,1.5229169,1.0
7530,6.98896,1.7173294,1.7712739,0.524542,0.0,0.0,1.0,2.5824156,5.839495,0.05961924,0.13925576,1.562409,1.0
7531,6.518651,1.7298028,1.7769998,0.524542,0.0,0.0,1.0,2.5824156,5.8976727,0.05961924,0.11594192,1.3008345,1.0
7532,5.610112,1.4993528,1.7477746,0.6085865,0.0,0.0,1.0,2.5824156,4.8228354,0.05961924,0.13069841,1.4663981,1.0
7533,5.2893915,1.4634897,1.7467427,0.6085865,0.0,0.0,1.0,2.2242272,4.655567,0.0056877923,0.123798296,1.3889809,1.0
7534,5.314276,1.4351091,1.7425356,0.6121906,0.0,0.0,1.0,1.9370183,4.523198,0.0,0.13366619,1.4996957,1.0
7535,5.80449,1.5683788,1.7935404,0.5428947,0.0,0.0,1.0,1.9370183,5.1447783,0.0,0.12178297,1.3663695,1.0
7536,6.190971,1.6027236,1.7163192,0.71419734,0.0,0.0,1.0,1.7025591,5.304965,0.0,0.13165976,1.4771842,1.0
7537,5.114458,1.4181923,1.9544497,0.78590006,0.0,0.0,1.0,1.0851215,4.4442964,0.0,0.1275285,1.4308326,1.0
7538,5.095282,1.4187417,1.9154488,0.8791769,0.0,0.0,1.0,0.45566264,4.446859,0.0,0.12626149,1.4166172,1.0
7539,4.7997627,1.3313205,1.4033476,0.88387316,0.0,0.0,1.0,0.40851516,4.0391197,0.0,0.13708505,1.5380543,1.0
7540,4.8050303,1.311225,1.3188274,0.68682295,0.0,0.0,1.0,0.56941396,3.945393,0.0,0.14461385,1.6225252,1.0
7541,4.9318423,1.2921816,1.3050818,0.24916326,0.0,0.0,1.0,0.56941396,3.8565729,0.0,0.16013016,1.7966137,1.0
7542,4.766701,1.2862396,1.3115035,0.43268618,0.0,0.0,1.0,0.56941396,3.828859,0.0,0.1515039,1.6998297,1.0
7543,4.982892,1.2857924,1.3447545,0.7019748,0.0,0.0,1.0,0.6840224,3.826773,0.0,0.1660632,1.8631808,1.0
7544,5.363218,1.4645662,1.832596,0.89418364,0.0,0.0,1.0,0.69382733,4.6605883,0.0,0.12752044,1.4307423,1.0
7545,5.5430408,1.4681654,1.698644,0.67862874,0.0,0.0,1.0,0.7426907,4.677375,0.0,0.13625899,1.5287862,1.0
7546,5.6230035,1.4543337,1.6834439,0.8304057,0.0,0.0,1.0,0.7989579,4.6128626,0.0,0.1448939,1.6256673,1.0
7547,7.304901,1.7234586,1.7338871,0.40762085,0.0,0.0,1.0,0.7989579,5.8680825,0.0,0.15148169,1.6995804,1.0
7548,7.051887,1.7313702,1.7330972,0.40762085,0.0,0.0,1.0,0.7989579,5.904983,0.0,0.1385894,1.5549327,1.0
7549,4.960885,1.4060675,1.6761582,0.9434747,0.0,0.0,1.0,0.7989579,4.3877454,0.0,0.1223925,1.3732082,1.0
7550,5.0672426,1.3881798,1.8138309,0.90458447,0.0,0.0,1.0,0.7989579,4.304316,0.0,0.1342655,1.5064198,1.0
7551,7.386952,1.8677995,1.9156965,0.8200143,0.0,0.0,1.0,0.80848867,6.5413,0.0,0.12205027,1.3693684,1.0
7552,4.320629,1.18973,1.6232222,0.9534672,0.0,0.0,1.0,0.8182495,3.3787308,0.0,0.16011946,1.7964936,1.0
7553,3.7670748,1.0927634,1.2560158,0.9500005,0.0,0.0,1.0,0.8112393,2.926471,0.0,0.16227604,1.8206899,1.0
7554,3.6269202,1.084608,1.8082697,0.9591087,0.0,0.0,1.0,0.82628286,2.8884332,0.0,0.15423635,1.7304869,1.0
7555,4.8016453,1.3582698,1.896402,0.8064463,0.0,0.0,1.0,0.8450454,4.1648135,0.0,0.1280674,1.4368789,1.0
7556,4.578345,1.3586521,1.7978617,0.88847333,0.0,0.0,1.0,0.8450454,4.1665964,0.0,0.1142941,1.2823465,1.0
7557,6.8004684,1.8841155,1.8514364,0.80719966,0.0,0.0,1.0,1.0648614,6.6173987,0.0,0.09617386,1.0790427,1.0
7558,6.771878,1.7352839,1.4599743,0.9439218,0.0,0.0,1.0,1.129339,5.9232364,0.0,0.12561397,1.4093522,1.0
7559,3.6660485,1.021736,1.087492,0.89075726,0.0,0.0,1.0,1.129339,2.5951936,0.0,0.19420674,2.1789432,1.0
7560,4.173846,1.1126299,1.3895798,0.91428643,0.0,0.0,1.0,1.2198145,3.0191298,0.0,0.18652546,2.0927613,1.0
7561,3.1387997,0.9922649,1.8300743,0.8946825,0.0,0.0,1.0,1.3552212,2.4577382,0.0,0.15969577,1.7917401,1.0
7562,7.183555,1.6966078,1.71195,0.79723936,0.0,0.0,1.0,1.3552212,5.7428484,0.0,0.15301384,1.7167706,1.0
7563,3.008728,0.9297564,1.0242428,0.5395867,0.0,0.0,1.0,1.3552212,2.1661935,0.0,0.18817575,2.111277,1.0
7564,3.078564,0.93755496,1.0053111,0.5059174,0.0,0.0,1.0,1.3552212,2.2025664,0.0,0.190409,2.1363335,1.0
7565,3.1794565,0.93565494,1.1741072,0.5119058,0.0,0.0,1.0,1.3552212,2.1937046,0.0,0.20355886,2.2838712,1.0
7566,3.1780598,0.930818,1.0183544,0.5059174,0.0,0.0,1.0,1.3552212,2.171145,0.0,0.20723008,2.325061,1.0
7567,3.2030718,0.92915404,1.0124515,0.5059174,0.0,0.0,1.0,0.9569123,2.163384,0.0,0.21151148,2.3730972,1.0
7568,2.899081,0.90624136,0.97295094,0.8593095,0.0,0.0,1.0,1.014087,2.0565174,0.0,0.19346163,2.170583,1.0
7569,2.773051,0.9146378,1.255668,0.98536265,0.0,0.0,1.0,1.014087,2.095679,0.0,0.17143892,1.9234947,1.0
7570,2.984393,0.9218763,1.3935928,0.9471628,0.0,0.0,1.0,1.014087,2.12944,0.0,0.19137037,2.1471198,1.0
7571,2.7096283,0.85144895,1.1022317,0.93632257,0.0,0.0,1.0,1.014087,1.8009614,0.0,0.21761337,2.4415586,1.0
7572,2.9847152,0.8786514,1.2806522,0.96007055,0.0,0.0,1.0,1.014087,1.9278356,0.0,0.22873548,2.5663455,1.0
7573,2.9306843,0.88463455,1.0127325,0.84333265,0.0,0.0,1.0,1.014087,1.9557416,0.0,0.21607459,2.424294,1.0
7574,2.9727747,0.89394766,1.0191097,0.84333265,0.0,0.0,1.0,1.014087,1.9991786,0.0,0.21314484,2.391423,1.0
7575,3.0803273,0.9182177,1.0269171,0.6454675,0.0,0.0,1.0,1.014087,2.112376,0.0,0.20581861,2.3092248,1.0
7576,3.22382,0.9317642,1.1274024,0.90329957,0.0,0.0,1.0,1.1269385,2.1755579,0.0,0.21183029,2.3766742,1.0
7577,3.3925734,0.9673253,1.0688173,0.81180423,0.0,0.0,1.0,2.0329385,2.3414178,0.0,0.20345317,2.2826853,1.0
7578,3.3055987,0.9698956,1.1650536,0.903111,0.0,0.0,1.0,2.0329385,2.3534057,0.0,0.1921624,2.156006,1.0
7579,4.597482,1.167434,1.250756,0.8859136,0.0,0.0,1.0,1.3615178,3.2747402,0.0,0.19198938,2.154065,1.0
7580,3.0023482,0.9865725,1.180257,0.82180315,0.0,0.0,1.0,1.023489,2.431188,0.0,0.14895484,1.6712298,1.0
7581,3.0522091,0.983556,1.1705239,0.82180315,0.0,0.0,1.0,1.023489,2.4171188,0.0,0.15603839,1.7507052,1.0
7582,3.0181947,0.981372,1.1802509,0.89665943,0.0,0.0,1.0,1.023489,2.4069326,0.0,0.1538005,1.7255968,1.0
7583,3.056821,0.98807013,1.2933258,0.9233335,0.0,0.0,1.0,1.0187767,2.4381733,0.0,0.15374325,1.7249545,1.0
7584,4.9166427,1.3352777,1.9299198,0.8307537,0.0,0.0,1.0,1.0141076,4.057576,0.0,0.143044,1.6049119,1.0
7585,5.047141,1.3445545,1.7734152,0.74656236,0.0,0.0,1.0,1.0141076,4.1008444,0.0,0.14789192,1.6593043,1.0
7586,6.8863106,1.8003844,1.7349094,0.8590276,0.0,0.0,1.0,1.0141076,6.2268705,0.0,0.11609731,1.302578,1.0
7587,7.040401,1.8183981,1.8405195,0.9075352,0.0,0.0,1.0,1.0141076,6.310888,0.0,0.11856584,1.3302742,1.0
7588,6.311525,1.6972941,1.7098588,0.92563814,0.0,0.0,1.0,1.0141076,5.7460494,0.0,0.11418969,1.281175,1.0
7589,7.1171823,1.725962,1.8577527,0.8871267,0.0,0.0,1.0,1.0141076,5.879759,0.0,0.14272201,1.6012994,1.0
7590,6.115191,1.5257415,1.4083755,0.8274252,0.0,0.0,1.0,1.1269628,4.9459143,0.0,0.14933228,1.6754647,1.0
7591,3.8993158,1.0497181,1.4268384,0.80573183,0.0,0.0,1.0,1.35215,2.7257044,0.0,0.19877568,2.2302053,1.0
7592,4.2220182,1.2241479,1.3308009,0.792295,0.0,0.0,1.0,1.35215,3.5392585,0.0,0.13825426,1.5511725,1.0
7593,3.1588926,1.0984459,1.4192592,0.8643666,0.0,0.0,1.0,1.35215,2.9529743,0.0,0.106886536,1.1992358,1.0
7594,3.2777474,1.0669305,1.4402307,0.83704823,0.0,0.0,1.0,1.35215,2.8059843,0.0,0.13194323,1.4803646,1.0
7595,3.397813,1.127967,1.1864033,0.90443724,0.0,0.0,1.0,1.35215,3.0906632,0.0,0.11443636,1.2839426,1.0
7596,3.264018,1.1027734,1.1193435,0.7991875,0.0,0.0,1.0,1.35215,2.9731584,0.0,0.11404128,1.2795099,1.0
7597,4.0410104,1.2899011,1.2581007,0.9165308,0.0,0.0,1.0,1.35215,3.8459365,0.0,0.10204548,1.1449205,1.0
7598,2.9181104,1.0610754,1.1343043,0.90443724,0.0,0.0,1.0,1.35215,2.7786758,0.0,0.10190745,1.1433718,1.0
7599,4.3553243,1.3576655,1.3248063,0.92359877,0.0,0.0,1.0,1.35215,4.161995,0.0,0.100957826,1.1327174,1.0
7600,4.844052,1.4667368,1.4303793,0.92580163,0.0,0.0,1.0,1.35215,4.670712,0.0,0.098579615,1.1060345,1.0
7601,4.186984,1.3174225,1.5001897,0.9414505,0.0,0.0,1.0,1.35215,3.9742985,0.0,0.10275674,1.1529007,1.0
7602,2.661265,0.99833137,1.0875709,0.90443724,0.0,0.0,1.0,1.35215,2.4860325,0.0,0.107078604,1.2013907,1.0
7603,4.841044,1.435255,1.3381468,0.9252788,0.0,0.0,1.0,1.35215,4.5238786,0.0,0.10698244,1.2003118,1.0
7604,2.8446717,1.0147572,1.2512523,0.8223187,0.0,0.0,1.0,2.029809,2.5626435,0.0,0.11715449,1.3144392,1.0
7605,4.916502,1.4500781,1.4296632,0.78032,0.0,0.0,1.0,4.657251,4.5930147,0.37202153,0.10706422,1.2012293,1.0
7606,4.1302156,1.2843124,1.2989051,0.7209709,0.0,0.0,1.0,5.961378,3.8198702,0.5683804,0.10981826,1.2321289,1.0
7607,3.9717298,1.2415195,1.2815415,0.59604794,0.0,0.0,1.0,7.2543097,3.6202807,0.76305354,0.11385014,1.2773654,1.0
7608,4.145815,1.256443,1.484716,0.79999673,0.0,0.0,1.0,7.8966737,3.6898854,0.85977256,0.120594405,1.3530341,1.0
7609,4.062775,1.0818079,1.128067,0.68663347,0.0,0.0,1.0,8.536355,2.8753734,0.95608765,0.19428968,2.1798737,1.0
7610,4.562059,1.3805057,1.6385629,0.83796686,0.0,0.0,1.0,9.17339,4.268523,1.0520043,0.106640786,1.1964786,1.0
7611,5.0907917,1.5110841,1.5647305,0.7849743,0.0,0.0,1.0,9.17339,4.877551,1.0520043,0.10026204,1.1249108,1.0
7612,5.6180716,1.5092173,1.3618358,0.88732976,0.0,0.0,1.0,9.807818,4.868844,1.1475284,0.12831552,1.4396628,1.0
7613,3.3196666,1.1353115,1.2725067,0.8122555,0.0,0.0,1.0,9.807818,3.1249185,1.1475284,0.10499917,1.17806,1.0
7614,3.6910326,1.1798582,1.4182688,0.7990333,0.0,0.0,1.0,10.439674,3.3326879,1.2426652,0.11651035,1.3072121,1.0
7615,4.896746,1.4693484,1.5928845,0.66896856,0.0,0.0,1.0,10.439674,4.682893,1.2426652,0.10075814,1.130477,1.0
7616,4.425333,1.368299,1.5800072,0.69953054,0.0,0.0,1.0,11.0689945,4.2115903,1.3374202,0.10205283,1.145003,1.0
7617,4.818028,1.4515772,1.5378306,0.7818748,0.0,0.0,1.0,11.0689945,4.600006,1.3374202,0.101198435,1.135417,1.0
7618,5.2802134,1.4527982,1.5913032,0.73849124,0.0,0.0,1.0,11.0689945,4.6057014,1.3374202,0.12642331,1.4184327,1.0
7619,4.435868,1.3576273,1.3649586,0.92374057,0.0,0.0,1.0,11.0689945,4.1618166,1.3374202,0.10589757,1.1881399,1.0
7620,5.856677,1.5504016,1.6540375,0.58453923,0.0,0.0,1.0,11.0689945,5.0609307,1.3374202,0.12916893,1.4492377,1.0
7621,3.7714474,1.11859,1.3600426,0.92410046,0.0,0.0,1.0,11.0689945,3.0469282,1.3374202,0.14968221,1.6793908,1.0
7622,5.984769,1.540702,1.5458304,0.74365634,0.0,0.0,1.0,11.0689945,5.0156913,1.3374202,0.13833036,1.5520263,1.0
7623,5.2504725,1.4968152,1.4735965,0.58485895,0.0,0.0,1.0,11.0689945,4.811,1.3374202,0.11239085,1.2609926,1.0
7624,3.70848,1.1507281,1.3429631,0.7689911,0.0,0.0,1.0,11.043057,3.1968226,1.3335149,0.12988669,1.4572908,1.0
7625,3.1774206,1.1267653,1.4206822,0.791197,0.0,0.0,1.0,11.0172415,3.085058,1.3296279,0.096752875,1.0855391,1.0
7626,3.5278854,1.1668725,1.3973935,0.90649146,0.0,0.0,1.0,11.0172415,3.2721214,1.3296279,0.109033786,1.2233273,1.0
7627,4.8450546,1.2752268,1.3424653,0.7967672,0.0,0.0,1.0,11.0172415,3.7774944,1.3296279,0.16109681,1.8074592,1.0
7628,3.481768,1.1732961,1.1677629,0.7208116,0.0,0.0,1.0,11.0172415,3.3020816,1.3296279,0.10298614,1.1554745,1.0
7629,6.388914,1.5636939,1.5267725,0.6806099,0.0,0.0,1.0,11.0172415,5.122927,1.3296279,0.15205942,1.7060624,1.0
7630,4.3303237,1.3064421,1.416169,0.77359194,0.0,0.0,1.0,11.0172415,3.9230852,1.3296279,0.11556338,1.2965875,1.0
7631,5.8308663,1.5075417,1.4840306,0.524542,0.0,0.0,1.0,11.0172415,4.861029,1.3296279,0.13993555,1.5700362,1.0
7632,6.740218,1.6511502,1.5985997,0.57274604,0.0,0.0,1.0,11.0172415,5.5308304,1.3296279,0.14481226,1.6247513,1.0
7633,4.5450125,1.2585949,1.2466689,0.68240935,0.0,0.0,1.0,11.0172415,3.6999216,1.3296279,0.1472938,1.6525936,1.0
7634,4.1177416,1.2228396,1.230853,0.5513839,0.0,0.0,1.0,9.761962,3.5331564,1.1406239,0.13126314,1.4727341,1.0
7635,4.408172,1.2133313,1.209462,0.26274207,0.0,0.0,1.0,5.933506,3.488809,0.5641838,0.1562347,1.7529078,1.0
7636,4.545662,1.2686204,1.3640901,0.7833015,0.0,0.0,1.0,3.982184,3.7466815,0.27037853,0.14343387,1.6092862,1.0
7637,4.8030643,1.2712203,1.3912641,0.7948002,0.0,0.0,1.0,3.982184,3.758808,0.27037853,0.15987578,1.7937597,1.0
7638,3.2921324,1.031872,1.1830618,0.42320508,0.0,0.0,1.0,2.6668453,2.6424687,0.07233159,0.15173678,1.7024425,1.0
7639,4.868182,1.2261952,1.2459702,0.82205725,0.0,0.0,1.0,2.6668453,3.5488071,0.07233159,0.18380411,2.0622284,1.0
7640,4.620007,1.2086794,1.2387164,0.80121845,0.0,0.0,1.0,2.6668453,3.4671123,0.07233159,0.17380719,1.950066,1.0
7641,4.1208487,1.1547825,1.0863639,0.7418209,0.0,0.0,1.0,2.0047174,3.2157328,0.0,0.160805,1.8041853,1.0
7642,4.121001,1.1320294,1.0882995,0.7251705,0.0,0.0,1.0,2.0047174,3.1096106,0.0,0.17195418,1.9292759,1.0
7643,4.7509828,1.1841259,1.165674,0.58108556,0.0,0.0,1.0,2.0047174,3.3525927,0.0,0.19534686,2.1917348,1.0
7644,3.8180876,1.0002204,1.1204827,0.5977999,0.0,0.0,1.0,1.3395619,2.494843,0.0,0.22419527,2.5154057,1.0
7645,3.9925225,1.0409104,1.0971947,0.6402466,0.0,0.0,1.0,1.3395619,2.6846242,0.0,0.21319146,2.391946,1.0
7646,6.8285275,1.6976947,1.7910184,0.78685975,0.0,0.0,1.0,1.3395619,5.7479177,0.0,0.13700385,1.5371433,1.0
7647,3.985675,1.04392,0.9913366,0.7118467,0.0,0.0,1.0,1.3395619,2.6986616,0.0,0.21057539,2.3625946,1.0
7648,4.8785696,1.2084442,1.2886137,0.8153102,0.0,0.0,1.0,1.3395619,3.4660153,0.0,0.19291158,2.1644118,1.0
7649,3.7951891,1.0611278,1.3599434,0.88055354,0.0,0.0,1.0,1.3395619,2.7789197,0.0,0.18225753,2.0448763,1.0
7650,4.6765566,1.2442476,1.3400352,0.81113267,0.0,0.0,1.0,1.3395619,3.6330047,0.0,0.1622762,1.8206916,1.0
7651,7.0976696,1.6435833,1.4508512,0.73147863,0.0,0.0,1.0,0.6713372,5.4955378,0.0,0.16336897,1.8329523,1.0
7652,6.2250686,1.5266827,1.4142383,0.8309854,0.0,0.0,1.0,0.22412837,4.9503045,0.0,0.15470538,1.7357492,1.0
7653,4.1130357,1.0903116,1.201606,0.6428183,0.0,0.0,1.0,3.2822003,2.9150357,0.16498391,0.19378467,2.1742074,1.0
7654,6.4294825,1.5719129,1.4651738,0.86621135,0.0,0.0,1.0,3.60263,5.1612616,0.21323012,0.15170223,1.7020547,1.0
7655,4.0815597,1.1776687,1.263151,0.4992641,0.0,0.0,1.0,4.2394924,3.3224757,0.30912077,0.14730951,1.6527698,1.0
7656,4.501391,1.189313,1.0596714,0.8064467,0.0,0.0,1.0,4.555963,3.376786,0.35677087,0.17393883,1.951543,1.0
7657,4.870705,1.2048736,1.1729853,0.5059174,0.0,0.0,1.0,4.555963,3.4493613,0.35677087,0.19406158,2.1773143,1.0
7658,4.9456263,1.2263126,1.190517,0.4794868,0.0,0.0,1.0,4.871151,3.5493548,0.40422788,0.18930653,2.123964,1.0
7659,5.1801434,1.2884643,1.1454849,0.84313184,0.0,0.0,1.0,5.1850734,3.839235,0.4514943,0.17807043,1.9978983,1.0
7660,5.579238,1.33326,1.2255669,0.7948788,0.0,0.0,1.0,5.1850734,4.048166,0.4514943,0.18544249,2.0806108,1.0
7661,5.387517,1.363552,1.3077487,0.68549246,0.0,0.0,1.0,5.4977503,4.18945,0.4985732,0.1619529,1.8170643,1.0
7662,5.533127,1.3242388,1.3356847,0.5441683,0.0,0.0,1.0,5.4977503,4.00609,0.4985732,0.18619758,2.0890825,1.0
7663,5.5037727,1.308476,1.3606813,0.5441683,0.0,0.0,1.0,5.809198,3.9325712,0.545467,0.19087213,2.1415298,1.0
7664,5.2034717,1.2672732,1.4055691,0.5998664,0.0,0.0,1.0,5.809198,3.7403982,0.545467,0.1887379,2.1175842,1.0
7665,4.803378,1.1968825,1.4084061,0.64442044,0.0,0.0,1.0,5.809198,3.4120903,0.545467,0.19296458,2.1650064,1.0
7666,6.51352,1.4393785,1.4333113,0.63476557,0.0,0.0,1.0,5.809198,4.543111,0.545467,0.19957574,2.2391815,1.0
7667,6.745311,1.4872478,1.4763827,0.53225017,0.0,0.0,1.0,5.809198,4.766377,0.545467,0.19485766,2.1862462,1.0
7668,7.0486865,1.4665487,1.4690844,0.5268231,0.0,0.0,1.0,5.809198,4.6698346,0.545467,0.21885166,2.4554517,1.0
7669,5.8894825,1.3967748,1.3754884,0.887183,0.0,0.0,1.0,4.519699,4.3444037,0.35131073,0.17969604,2.0161371,1.0
7670,6.43286,1.4666095,1.4272695,0.94378704,0.0,0.0,1.0,3.658032,4.670118,0.22157185,0.18524833,2.0784323,1.0
7671,4.7693186,1.2340857,1.3229865,0.9365987,0.0,0.0,1.0,3.658032,3.585609,0.22157185,0.17319727,1.9432229,1.0
7672,5.087076,1.2778049,1.1274774,0.93351984,0.0,0.0,1.0,3.658032,3.7895186,0.22157185,0.17632417,1.9783058,1.0
7673,5.5484376,1.3619664,1.3072124,0.8982264,0.0,0.0,1.0,3.658032,4.1820545,0.22157185,0.17233077,1.933501,1.0
7674,5.2847195,1.2787579,1.3718748,0.86713815,0.0,0.0,1.0,3.658032,3.793964,0.22157185,0.18918958,2.122652,1.0
7675,6.0528665,1.3450496,1.3368511,0.5818303,0.0,0.0,1.0,3.658032,4.103153,0.22157185,0.21013388,2.357641,1.0
7676,5.6714325,1.3104837,1.312999,0.6315574,0.0,0.0,1.0,3.0679183,3.9419353,0.13272005,0.20085654,2.2535517,1.0
7677,5.262234,1.280825,1.274564,0.4960207,0.0,0.0,1.0,2.9851642,3.8036048,0.12025999,0.18678512,2.0956745,1.0
7678,4.902761,1.2776253,1.4054644,0.8819088,0.0,0.0,1.0,2.9851642,3.7886813,0.12025999,0.16401108,1.8401564,1.0
7679,4.5393186,1.2469536,1.1824304,0.8291774,0.0,0.0,1.0,2.866505,3.645626,0.10239379,0.15155502,1.7004031,1.0
7680,4.1134987,1.2263235,1.2367626,0.9101014,0.0,0.0,1.0,2.4269233,3.5494053,0.036207188,0.12960005,1.4540747,1.0
7681,4.2070837,1.1915572,1.2203041,0.7814013,0.0,0.0,1.0,2.4269233,3.3872526,0.036207188,0.15076385,1.6915265,1.0
7682,4.5296245,1.2533425,1.4941094,0.7969231,0.0,0.0,1.0,0.9201272,3.6754243,0.0,0.14831263,1.6640245,1.0
7683,4.1658607,1.14523,1.1371268,0.6958111,0.0,0.0,1.0,0.40285254,3.1711793,0.0,0.16900437,1.8961798,1.0
7684,4.3063865,1.1395121,1.1508821,0.7385947,0.0,0.0,1.0,0.4272456,3.1445103,0.0,0.18322185,2.0556958,1.0
7685,4.3787,1.1324661,1.180836,0.76180345,0.0,0.0,1.0,0.44753665,3.1116471,0.0,0.19282314,2.1634195,1.0
7686,4.222445,1.1078042,1.1026372,0.6522575,0.0,0.0,1.0,0.4272456,2.996622,0.0,0.19329973,2.1687665,1.0
7687,4.028664,1.0839217,1.1040632,0.6522575,0.0,0.0,1.0,0.40285254,2.8852322,0.0,0.1900495,2.1323,1.0
7688,5.340733,1.3030254,1.2593998,0.74159944,0.0,0.0,1.0,0.40285254,3.907149,0.0,0.1825647,2.048323,1.0
7689,4.050587,1.093759,1.1268573,0.79335386,0.0,0.0,1.0,0.538359,2.931114,0.0,0.18638825,2.0912218,1.0
7690,4.0214524,1.0860113,1.1348288,0.596873,0.0,0.0,1.0,0.5233847,2.8949785,0.0,0.18821804,2.1117516,1.0
7691,4.037419,1.0805773,1.2301553,0.7071196,0.0,0.0,1.0,0.5047089,2.8696337,0.0,0.19275917,2.1627018,1.0
7692,4.051842,1.0757419,1.2576178,0.5984347,0.0,0.0,1.0,0.5047089,2.8470812,0.0,0.19688734,2.2090187,1.0
7693,3.7396805,1.025317,1.3789586,0.62722003,0.0,0.0,1.0,0.48064297,2.6118953,0.0,0.1990854,2.2336802,1.0
7694,3.7138019,1.0224009,1.2535253,0.6907366,0.0,0.0,1.0,0.44862777,2.5982945,0.0,0.19845764,2.226637,1.0
7695,3.6667125,1.0157913,1.3768666,0.62722003,0.0,0.0,1.0,0.44862777,2.567467,0.0,0.19815741,2.2232685,1.0
7696,3.6006358,1.0121094,1.3787026,0.62722,0.0,0.0,1.0,0.44862777,2.5502942,0.0,0.19400841,2.1767178,1.0
7697,3.7520082,1.0340825,1.4541733,0.5076868,0.0,0.0,1.0,0.44862777,2.6527786,0.0,0.19464958,2.1839116,1.0
7698,3.8623402,1.0594602,1.4046535,0.62722003,0.0,0.0,1.0,0.67449075,2.7711418,0.0,0.1894045,2.1250634,1.0
7699,4.2193904,1.0699795,1.2056105,0.84889746,0.0,0.0,1.0,0.67449075,2.8202052,0.0,0.21547003,2.417511,1.0
7700,3.8788977,1.0417709,1.4162432,0.62722,0.0,0.0,1.0,0.67449075,2.688638,0.0,0.20186417,2.264857,1.0
7701,7.7781224,1.6646913,1.6456039,0.59735984,0.0,0.0,1.0,0.67449075,5.5939875,0.0,0.18855678,2.1155522,1.0
7702,5.118333,1.251699,1.5175498,0.63136613,0.0,0.0,1.0,0.67449075,3.6677587,0.0,0.18984282,2.129981,1.0
7703,5.1060348,1.2651175,1.519125,0.63136613,0.0,0.0,1.0,0.67449075,3.7303438,0.0,0.18304116,2.0536685,1.0
7704,3.0173254,0.9368637,1.307569,0.71634084,0.0,0.0,1.0,0.67449075,2.1993425,0.0,0.18384014,2.0626328,1.0
7705,3.2224433,0.96927536,1.4664738,0.5076868,0.0,0.0,1.0,0.67449075,2.350513,0.0,0.18359357,2.0598664,1.0
7706,3.3063047,0.9951248,1.1603972,0.77737325,0.0,0.0,1.0,0.67449075,2.4710767,0.0,0.17520232,1.965719,1.0
7707,3.3732374,1.0258667,1.2547494,0.5119058,0.0,0.0,1.0,0.67449075,2.6144595,0.0,0.16303547,1.8292104,1.0
7708,3.9718025,1.1693977,1.6101183,0.8201118,0.0,0.0,1.0,1.014087,3.2838993,0.0,0.14247316,1.5985074,1.0
7709,3.796598,1.0952195,1.5824802,0.8388687,0.0,0.0,1.0,1.014087,2.9379263,0.0,0.16355692,1.835061,1.0
7710,2.7071211,0.91648877,1.2407653,0.49785158,0.0,0.0,1.0,1.014087,2.1043122,0.0,0.16207796,1.8184675,1.0
7711,4.53637,1.210117,1.5424218,0.6183539,0.0,0.0,1.0,1.014087,3.473817,0.0,0.16702107,1.8739277,1.0
7712,4.7745867,1.2233354,1.5986564,0.595249,0.0,0.0,1.0,1.014087,3.5354688,0.0,0.17838046,2.0013769,1.0
7713,4.7178426,1.2189124,1.5641558,0.73200876,0.0,0.0,1.0,1.014087,3.5148394,0.0,0.17628776,1.9778973,1.0
7714,7.258045,1.6729037,1.5410604,0.8572895,0.0,0.0,1.0,1.014087,5.6322904,0.0,0.16263446,1.8247113,1.0
7715,6.661419,1.7214855,1.6611164,0.754697,0.0,0.0,1.0,1.014087,5.8588796,0.0,0.124010935,1.3913666,1.0
7716,8.163306,1.745089,1.531819,0.80143124,0.0,0.0,1.0,1.3552783,5.9689684,0.0,0.18274586,2.0503552,1.0
7717,3.2568448,0.9616799,1.068601,0.78368974,0.0,0.0,1.0,1.3552783,2.315087,0.0,0.1927199,2.1622612,1.0
7718,2.7416165,0.9460822,1.5579505,0.72835416,0.0,0.0,1.0,1.3552783,2.2423382,0.0,0.14583005,1.6361706,1.0
7719,3.0711372,0.9565331,1.3439381,0.7967672,0.0,0.0,1.0,1.3552783,2.291082,0.0,0.17583208,1.9727846,1.0
7720,2.9507997,0.9083906,1.3943164,0.69217676,0.0,0.0,1.0,1.3552783,2.0665417,0.0,0.19809343,2.2225506,1.0
7721,6.5570235,1.6150616,1.4624796,0.791197,0.0,0.0,1.0,1.3552783,5.3625107,0.0,0.14585368,1.6364359,1.0
7722,2.7802095,0.92405546,1.3670466,0.8715419,0.0,0.0,1.0,1.3552783,2.1396039,0.0,0.16537325,1.8554397,1.0
7723,3.069108,0.9559809,1.4694792,0.8776595,0.0,0.0,1.0,1.3552783,2.2885065,0.0,0.17599045,1.9745616,1.0
7724,3.2587183,0.9632447,1.1267585,0.80854326,0.0,0.0,1.0,1.3552783,2.3223853,0.0,0.19179952,2.1519349,1.0
7725,3.5148473,1.0466627,1.0529486,0.6364481,0.0,0.0,1.0,1.3552783,2.7114534,0.0,0.1645819,1.846561,1.0
7726,3.5822918,1.0781921,1.1059552,0.49211195,0.0,0.0,1.0,1.3552783,2.858509,0.0,0.15360801,1.7234371,1.0
7727,3.6473353,0.99779445,1.5042056,0.5076868,0.0,0.0,1.0,1.3552783,2.4835281,0.0,0.20846236,2.338887,1.0
7728,4.0955725,1.1685054,1.3940442,0.8188674,0.0,0.0,1.0,1.3552783,3.2797375,0.0,0.15247408,1.7107147,1.0
7729,3.5444708,0.9608587,1.0481434,0.43144077,0.0,0.0,1.0,1.3552783,2.311257,0.0,0.2250042,2.5244815,1.0
7730,2.8431575,0.93280345,1.0283464,0.47371158,0.0,0.0,1.0,1.3552783,2.1804051,0.0,0.16653308,1.8684527,1.0
7731,2.9494817,0.8979779,1.0783058,0.652217,0.0,0.0,1.0,1.3552783,2.017976,0.0,0.20667814,2.3188684,1.0
7732,4.217021,1.073288,1.4264531,0.84063935,0.0,0.0,1.0,1.3552783,2.835636,0.0,0.21318401,2.3918626,1.0
7733,4.0303345,1.0577722,1.3714997,0.82205725,0.0,0.0,1.0,1.3552783,2.763269,0.0,0.20589751,2.31011,1.0
7734,3.5608184,0.9931398,1.2449127,0.80347395,0.0,0.0,1.0,1.3552783,2.4618185,0.0,0.20281096,2.2754798,1.0
7735,3.8244,1.0402192,1.3758054,0.82205725,0.0,0.0,1.0,1.3552783,2.6814005,0.0,0.19768007,2.217913,1.0
7736,4.0003963,1.0335793,1.3753259,0.82205725,0.0,0.0,1.0,1.1924587,2.6504316,0.0,0.2188337,2.4552503,1.0
7737,3.89975,1.0247809,1.3753543,0.82205725,0.0,0.0,1.0,1.0187767,2.609395,0.0,0.21505615,2.4128673,1.0
7738,3.2524302,0.9566716,1.3675548,0.8206409,0.0,0.0,1.0,1.0187767,2.291728,0.0,0.19588089,2.1977265,1.0
7739,3.3602605,0.9819748,1.5149124,0.78504413,0.0,0.0,1.0,1.0187767,2.409744,0.0,0.18957636,2.1269915,1.0
7740,3.107524,0.898403,1.0266397,0.51793706,0.0,0.0,1.0,1.0187767,2.0199587,0.0,0.226237,2.5383132,1.0
7741,2.940603,0.89529544,0.9086507,0.6937455,0.0,0.0,1.0,1.0187767,2.0054648,0.0,0.20787275,2.3322716,1.0
7742,3.123212,0.9283589,1.1798576,0.8197939,0.0,0.0,1.0,1.0187767,2.1596754,0.0,0.20274244,2.2747111,1.0
7743,5.026013,1.1131052,1.1894513,0.82160616,0.0,0.0,1.0,1.0187767,3.0213463,0.0,0.25809202,2.8957171,1.0
7744,4.7935433,1.0703353,1.1439754,0.7796246,0.0,0.0,1.0,1.0187767,2.8218641,0.0,0.26705945,2.996329,1.0
7745,4.9725294,1.1533257,1.2639266,0.8815446,0.0,0.0,1.0,1.1269628,3.208938,0.0,0.22908342,2.5702493,1.0
7746,5.0255194,1.1474738,1.4516009,0.82276005,0.0,0.0,1.0,0.68078756,3.1816444,0.0,0.23670977,2.6558146,1.0
7747,5.934923,1.362392,1.7056638,0.79144776,0.0,0.0,1.0,0.68078756,4.1840396,0.0,0.19569321,2.1956208,1.0
7748,5.853477,1.3621294,1.5252746,0.8037772,0.0,0.0,1.0,0.68078756,4.182815,0.0,0.19084041,2.1411738,1.0
7749,4.502337,1.0541061,1.1566677,0.7370764,0.0,0.0,1.0,0.68078756,2.7461703,0.0,0.25197917,2.827133,1.0
7750,5.2598577,1.1423726,1.5909224,0.49171183,0.0,0.0,1.0,0.68078756,3.157852,0.0,0.2586378,2.9018407,1.0
7751,4.482883,1.2236968,1.6554087,0.88725775,0.0,0.0,1.0,0.68078756,3.5371544,0.0,0.15721565,1.7639139,1.0
7752,5.3881083,1.1448647,1.3999363,0.51193625,0.0,0.0,1.0,0.68078756,3.1694753,0.0,0.2795247,3.136186,1.0
7753,5.3846316,1.1444262,1.2750561,0.6009142,0.0,0.0,1.0,0.68078756,3.1674302,0.0,0.27030224,3.0327122,1.0
7754,5.3444653,1.145216,1.2589116,0.7001137,0.0,0.0,1.0,0.68078756,3.1711137,0.0,0.26365823,2.9581685,1.0
7755,5.290312,1.1458538,1.2594616,0.7001137,0.0,0.0,1.0,0.67449075,3.1740885,0.0,0.25891134,2.9049098,1.0
7756,5.1822233,1.1445646,1.4308503,0.82276005,0.0,0.0,1.0,0.67449075,3.1680758,0.0,0.2510286,2.8164678,1.0
7757,6.057452,1.3506128,1.5066681,0.8236961,0.0,0.0,1.0,0.67449075,4.1291003,0.0,0.20805608,2.3343287,1.0
7758,5.338668,1.140624,1.2370735,0.80121297,0.0,0.0,1.0,0.67449075,3.1496966,0.0,0.2661079,2.985653,1.0
7759,5.291888,1.1327294,1.2650284,0.6573187,0.0,0.0,1.0,0.67449075,3.1128755,0.0,0.27494708,3.084826,1.0
7760,4.9463096,1.0921052,1.2493962,0.6237606,0.0,0.0,1.0,0.67449075,2.9234006,0.0,0.26534206,2.9770606,1.0
7761,4.928213,1.0954349,1.2440029,0.55242246,0.0,0.0,1.0,0.67449075,2.938931,0.0,0.26149717,2.933922,1.0
7762,4.8267527,1.0997956,1.2388247,0.7001137,0.0,0.0,1.0,0.67449075,2.9592695,0.0,0.24983136,2.803035,1.0
7763,4.8191175,1.1059215,1.2510395,0.5837831,0.0,0.0,1.0,0.67449075,2.9878411,0.0,0.24520871,2.7511704,1.0
7764,4.793808,1.1133205,1.2226413,0.8040966,0.0,0.0,1.0,0.0,3.0223505,0.0,0.23838641,2.674626,1.0
7765,4.9851317,1.2298002,1.4164366,0.8990486,0.0,0.0,1.0,0.0,3.5656211,0.0,0.19050924,2.1374583,1.0
7766,4.12127,1.1706936,1.2651328,0.82883054,0.0,0.0,1.0,0.0,3.2899435,0.0,0.15347666,1.7219634,1.0
7767,4.7765193,1.2498848,1.3597535,0.8281464,0.0,0.0,1.0,0.0,3.6592975,0.0,0.16687739,1.8723156,1.0
7768,4.5468698,1.0980053,1.3831882,0.8434567,0.0,0.0,1.0,0.0,2.9509194,0.0,0.22685376,2.545233,1.0
7769,5.1927176,1.2735533,1.3137021,0.8577987,0.0,0.0,1.0,0.0,3.7696888,0.0,0.18525876,2.0785494,1.0
7770,6.937058,1.4213136,1.377202,0.83241785,0.0,0.0,1.0,0.0,4.4588547,0.0,0.23066393,2.587982,1.0
7771,5.655188,1.2226858,1.3940953,0.70105094,0.0,0.0,1.0,0.0,3.532439,0.0,0.24215809,2.7169433,1.0
7772,5.4753246,1.1876149,1.2437228,0.64867914,0.0,0.0,1.0,0.0,3.3688657,0.0,0.24835697,2.7864928,1.0
7773,5.6023154,1.248886,1.4004049,0.7348654,0.0,0.0,1.0,0.0,3.6546388,0.0,0.2248423,2.522665,1.0
7774,6.102742,1.3947706,1.5346396,0.8113776,0.0,0.0,1.0,0.0,4.335056,0.0,0.19296795,2.1650443,1.0
7775,7.670762,1.578568,1.5756752,0.80347717,0.0,0.0,1.0,0.0,5.1923013,0.0,0.21068382,2.363811,1.0
7776,8.858518,1.6895454,1.579355,0.72768235,0.0,0.0,1.0,0.0,5.7099085,0.0,0.22955246,2.5755117,1.0
7777,8.128117,1.5973601,1.5751915,0.82360125,0.0,0.0,1.0,0.0,5.279949,0.0,0.22649705,2.541231,1.0
7778,9.09809,1.7804674,1.626865,0.78922904,0.0,0.0,1.0,0.0,6.133976,0.0,0.21218503,2.380654,1.0
7779,9.034597,1.816328,1.6808748,0.5860706,0.0,0.0,1.0,0.0,6.301233,0.0,0.19959329,2.2393785,1.0
7780,9.382546,1.834804,1.7330397,0.7109972,0.0,0.0,1.0,0.0,6.3874063,0.0,0.20853949,2.3397522,1.0
7781,8.40889,1.8509232,1.7796242,0.5122901,0.0,0.0,1.0,0.0,6.4625874,0.0,0.16582163,1.8604703,1.0
7782,8.380271,1.8475664,1.7849193,0.7109973,0.0,0.0,1.0,0.0,6.446931,0.0,0.16549584,1.8568151,1.0
7783,7.7960443,1.8081903,1.8650111,0.5321143,0.0,0.0,1.0,0.0,6.263278,0.0,0.15144849,1.6992079,1.0
7784,6.5493817,1.579761,1.7528336,0.7865705,0.0,0.0,1.0,0.0,5.197866,0.0,0.15534234,1.7428958,1.0
7785,9.580396,1.8844253,1.7223816,0.78291273,0.0,0.0,1.0,0.0,6.6188436,0.0,0.20307188,2.2784073,1.0
7786,6.178957,1.3974298,1.6562244,0.7752476,0.0,0.0,1.0,0.0,4.347459,0.0,0.19640951,2.2036574,1.0
7787,8.646864,1.9559343,1.8812927,0.86308134,0.0,0.0,1.0,0.0,6.9523673,0.0,0.15119554,1.6963699,1.0
7788,5.6666417,1.3570045,1.5989391,0.84629273,0.0,0.0,1.0,0.0,4.158912,0.0,0.18144849,2.0357993,1.0
7789,7.0147333,1.7253069,1.5555412,0.9221246,0.0,0.0,1.0,0.0,5.876703,0.0,0.13844292,1.5532892,1.0
7790,5.97145,1.400206,1.3902937,0.9069998,0.0,0.0,1.0,0.0,4.360407,0.0,0.18321607,2.055631,1.0
7791,4.474655,1.2027258,1.4700922,0.9437425,0.0,0.0,1.0,0.0,3.439344,0.0,0.16578479,1.860057,1.0
7792,4.5295343,1.2036194,1.4879159,0.9179236,0.0,0.0,1.0,0.0,3.4435117,0.0,0.16944219,1.901092,1.0
7793,4.4657474,1.2035311,1.5281363,0.7486374,0.0,0.0,1.0,0.0,3.4431002,0.0,0.16476451,1.8486098,1.0
7794,4.5086637,1.2080537,1.4060254,0.8630897,0.0,0.0,1.0,0.0,3.4641938,0.0,0.16590819,1.8614415,1.0
7795,6.141021,1.3744112,1.5838952,0.59216195,0.0,0.0,1.0,0.0,4.2400985,0.0,0.2032954,2.280915,1.0
7796,4.368343,1.2065617,1.5349687,0.8338779,0.0,0.0,1.0,0.0,3.4572349,0.0,0.15623951,1.7529618,1.0
7797,16.0,1.5501386,1.7541105,0.825819,0.0,0.0,1.0,958.76843,5.0597043,20.0,0.19652732,2.2049792,1.0
7798,16.0,1.4142723,1.6891682,0.8296467,0.0,0.0,1.0,958.76843,4.4260135,20.0,0.19048783,2.137218,1.0
7799,16.0,1.4276068,1.7757863,0.77547514,0.0,0.0,1.0,958.76843,4.488207,20.0,0.1781032,1.998266,1.0
7800,16.0,1.4274923,1.8283436,0.8443836,0.0,0.0,1.0,958.76843,4.4876723,20.0,0.22465399,2.5205524,1.0
7801,16.0,1.4294391,1.7453508,0.82148725,0.0,0.0,1.0,958.76843,4.4967523,20.0,0.18761533,2.1049893,1.0
7802,16.0,1.4872891,1.8843834,0.8018648,0.0,0.0,1.0,958.76843,4.766569,20.0,0.1803772,2.0237796,1.0
7803,16.0,1.9707919,1.9235477,0.79955566,0.0,0.0,1.0,958.76843,7.0216646,20.0,0.20503198,2.300399,1.0
7804,16.0,1.954023,1.9243988,0.72355354,0.0,0.0,1.0,958.76843,6.943453,20.0,0.18172193,2.038867,1.0
7805,16.0,1.5871321,1.9788828,0.81753325,0.0,0.0,1.0,958.76843,5.232245,20.0,0.1775641,1.9922174,1.0
7806,16.0,1.6023699,1.9767351,0.83582324,0.0,0.0,1.0,958.76843,5.303315,20.0,0.19565618,2.1952055,1.0
7807,16.0,1.7456522,1.9130721,0.655437,0.0,0.0,1.0,958.76843,5.9715953,20.0,0.23122972,2.59433,1.0
7808,16.0,1.6556629,1.9857714,0.80618376,0.0,0.0,1.0,1904.0273,5.551878,20.0,0.22095479,2.4790485,1.0
7809,16.0,1.8286681,1.889395,0.8325867,0.0,0.0,1.0,9348.748,6.358788,20.0,0.20307918,2.278489,1.0
7810,16.0,2.1132524,2.3424232,0.8887041,0.0,0.0,1.0,10261.01,7.686111,20.0,0.17503515,1.9638433,1.0
7811,16.0,1.8784071,2.2965822,0.9300296,0.0,0.0,1.0,11169.387,6.5907745,20.0,0.13898902,1.5594163,1.0
7812,16.0,1.80895,1.8582813,0.8119994,0.0,0.0,1.0,12073.931,6.266821,20.0,0.18342078,2.0579276,1.0
7813,16.0,1.8016121,2.1370845,0.9131095,0.0,0.0,1.0,12974.696,6.232597,20.0,0.16190217,1.8164952,1.0
7814,16.0,1.521968,1.9780707,0.9348128,0.0,0.0,1.0,13871.736,4.9283147,20.0,0.19484325,2.1860845,1.0
7815,16.0,1.4670848,1.5927238,0.8278832,0.0,0.0,1.0,13871.736,4.6723347,20.0,0.19636576,2.2031665,1.0
7816,16.0,1.3984543,1.5333518,0.78512144,0.0,0.0,1.0,14765.1045,4.352237,20.0,0.19235714,2.158191,1.0
7817,16.0,1.2814362,1.5454525,0.7596539,0.0,0.0,1.0,14765.1045,3.8064554,20.0,0.18971176,2.1285107,1.0
7818,16.0,1.2703713,1.5401555,0.82394606,0.0,0.0,1.0,15654.852,3.754848,20.0,0.20003109,2.2442906,1.0
7819,16.0,1.4995743,1.5121944,0.8160121,0.0,0.0,1.0,15654.852,4.8238688,20.0,0.19823426,2.2241306,1.0
7820,16.0,1.3793494,1.5065019,0.7656458,0.0,0.0,1.0,16541.027,4.26313,20.0,0.21216135,2.3803885,1.0
7821,16.0,1.777554,1.6671585,0.8421143,0.0,0.0,1.0,16541.027,6.120388,20.0,0.17397417,1.9519395,1.0
7822,16.0,1.8462226,1.8227464,0.73282385,0.0,0.0,1.0,16541.027,6.4406633,20.0,0.11634017,1.3053027,1.0
7823,16.0,1.6734812,1.7923913,0.9783024,0.0,0.0,1.0,16541.027,5.634984,20.0,0.12259118,1.3754374,1.0
7824,16.0,1.5767347,1.8729067,0.8999949,0.0,0.0,1.0,16541.027,5.1837506,20.0,0.14365788,1.6117995,1.0
7825,16.0,1.3132732,1.7103276,0.9474186,0.0,0.0,1.0,16541.027,3.9549456,20.0,0.16036397,1.799237,1.0
7826,16.0,1.3121516,1.6767256,0.8982453,0.0,0.0,1.0,16541.027,3.9497142,20.0,0.14789316,1.6593182,1.0
7827,16.0,1.2832099,1.2132959,1.0046787,0.0,0.0,1.0,16541.027,3.8147283,20.0,0.103919305,1.1659443,1.0
7828,16.0,1.2542462,1.3784565,0.9583367,0.0,0.0,1.0,16541.027,3.6796393,20.0,0.11390139,1.2779404,1.0
7829,16.0,1.2508643,1.1446062,0.87975127,0.0,0.0,1.0,16541.027,3.6638656,20.0,0.10213198,1.1458911,1.0
7830,16.0,1.2722446,1.4386038,0.88556886,0.0,0.0,1.0,16541.027,3.763585,20.0,0.12324248,1.3827448,1.0
7831,16.0,1.2741817,1.465355,0.765205,0.0,0.0,1.0,16541.027,3.77262,20.0,0.14517881,1.6288639,1.0
7832,16.0,1.3235922,1.4395065,0.7523636,0.0,0.0,1.0,16541.027,4.003074,20.0,0.14711183,1.6505519,1.0
7833,16.0,1.3947978,1.3279573,0.6385328,0.0,0.0,1.0,16541.027,4.3351827,20.0,0.14834647,1.6644042,1.0
7834,16.0,1.3813778,1.3440739,0.5447557,0.0,0.0,1.0,16541.027,4.272591,20.0,0.17123668,1.9212257,1.0
7835,16.0,1.3244613,1.2905421,0.6061442,0.0,0.0,1.0,16541.027,4.0071282,20.0,0.15807673,1.773575,1.0
7836,16.0,1.259686,1.272504,0.5771146,0.0,0.0,1.0,14765.1045,3.705011,20.0,0.15702485,1.761773,1.0
7837,16.0,1.2615782,1.2327662,0.511065,0.0,0.0,1.0,8432.544,3.7138362,20.0,0.1592779,1.7870517,1.0
7838,16.0,1.102817,1.2722179,0.7058599,0.0,0.0,1.0,6588.09,2.9733617,20.0,0.15957385,1.7903721,1.0
7839,16.0,1.1158395,1.0780191,0.5983604,0.0,0.0,1.0,4727.198,3.0340993,20.0,0.16873088,1.8931113,1.0
7840,16.0,1.2249165,1.1206568,0.6305646,0.0,0.0,1.0,4727.198,3.5428429,20.0,0.14273867,1.6014863,1.0
7841,16.0,1.097891,1.2283243,0.73236597,0.0,0.0,1.0,3790.4438,2.9503863,20.0,0.15067504,1.6905301,1.0
7842,16.0,1.1340163,1.2525295,0.53890634,0.0,0.0,1.0,3790.4438,3.1188774,20.0,0.1598395,1.7933526,1.0
7843,16.0,1.2565621,1.2385975,0.40723747,0.0,0.0,1.0,3790.4438,3.690441,20.0,0.1422418,1.5959116,1.0
7844,4.681184,1.2684462,1.2379011,0.5607671,0.0,0.0,1.0,4.0090985,3.7458692,0.274431,0.152714,1.7134066,1.0
7845,4.800128,1.2096578,1.2066964,0.64532477,0.0,0.0,1.0,2.0045493,3.4716754,0.0,0.18657339,2.0932992,1.0
7846,4.80709,1.2475822,1.1962935,0.76375467,0.0,0.0,1.0,2.0045493,3.6485577,0.0,0.16998956,1.9072332,1.0
7847,5.1259527,1.227668,1.1812377,0.6959084,0.0,0.0,1.0,2.0045493,3.5556767,0.0,0.20159043,2.261786,1.0
7848,4.770788,1.2076062,1.1549737,0.57647896,0.0,0.0,1.0,2.0045493,3.4621065,0.0,0.18538845,2.0800045,1.0
7849,4.999514,1.2519745,1.2324114,0.7107671,0.0,0.0,1.0,6.5768166,3.6690435,0.66104525,0.18147162,2.0360587,1.0
7850,6.3208237,1.546925,1.384225,0.831811,0.0,0.0,1.0,7.8576303,5.044716,0.8538939,0.15354593,1.7227407,1.0
7851,5.6331773,1.2986271,1.1984438,0.71174073,0.0,0.0,1.0,9.127661,3.8866353,1.0451189,0.20356303,2.283918,1.0
7852,5.6400094,1.3176153,1.2892139,0.277201,0.0,0.0,1.0,9.758726,3.9751976,1.1401367,0.19577788,2.1965706,1.0
7853,5.231359,1.3378752,1.3153778,0.7476699,0.0,0.0,1.0,10.387208,4.0696917,1.2347655,0.16181819,1.815553,1.0
7854,5.681944,1.3783759,1.3593408,0.61690336,0.0,0.0,1.0,11.013142,4.2585897,1.3290106,0.17424223,1.954947,1.0
7855,6.431629,1.4481349,1.4367671,0.508236,0.0,0.0,1.0,5.226607,4.583951,0.45774788,0.19177364,2.1516442,1.0
7856,5.7343125,1.3777318,1.3784688,0.5462434,0.0,0.0,1.0,5.1850734,4.2555857,0.4514943,0.17761578,1.9927973,1.0
7857,6.039215,1.4314262,1.4046674,0.727552,0.0,0.0,1.0,5.1850734,4.5060205,0.4514943,0.17577606,1.9721563,1.0
7858,6.5744686,1.4780444,1.4303162,0.8336487,0.0,0.0,1.0,5.4977503,4.7234516,0.4985732,0.18892217,2.1196516,1.0
7859,7.2353597,1.4355922,1.464312,0.7483724,0.0,0.0,1.0,5.4977503,4.525451,0.4985732,0.24161948,2.7109003,1.0
7860,7.3893194,1.4647657,1.4842719,0.80948997,0.0,0.0,1.0,5.809198,4.6615186,0.545467,0.23814583,2.6719267,1.0
7861,7.2870827,1.5141151,1.5229689,0.8735657,0.0,0.0,1.0,5.809198,4.891688,0.545467,0.21382953,2.399105,1.0
7862,7.307993,1.5866487,1.5551564,0.6092536,0.0,0.0,1.0,5.809198,5.2299905,0.545467,0.19030906,2.1352122,1.0
7863,7.395423,1.6195391,1.5627196,0.62752813,0.0,0.0,1.0,5.809198,5.383394,0.545467,0.18430512,2.0678496,1.0
7864,7.401549,1.6375539,1.5928739,0.6254634,0.0,0.0,1.0,5.809198,5.4674163,0.545467,0.1792143,2.0107322,1.0
7865,7.772083,1.5101347,1.5504543,0.6604946,0.0,0.0,1.0,5.809198,4.873123,0.545467,0.24061927,2.6996782,1.0
7866,8.301839,1.5575947,1.5716711,0.7486899,0.0,0.0,1.0,5.809198,5.09448,0.545467,0.24945273,2.7987869,1.0
7867,8.112831,1.5316074,1.591407,0.7538721,0.0,0.0,1.0,5.809198,4.9732733,0.545467,0.24988835,2.8036745,1.0
7868,7.776547,1.4809115,1.5821993,0.6599774,0.0,0.0,1.0,4.679673,4.736824,0.3753976,0.25254583,2.8334906,1.0
7869,7.376562,1.468407,1.5385673,0.6620776,0.0,0.0,1.0,3.9178896,4.678502,0.2606979,0.23598607,2.6476948,1.0
7870,5.501842,1.3125123,1.4917077,0.86667717,0.0,0.0,1.0,3.8905861,3.9513967,0.2565869,0.18904975,2.121083,1.0
7871,6.2665467,1.4259136,1.5534258,0.7274238,0.0,0.0,1.0,3.2205346,4.480309,0.15569907,0.1906559,2.1391037,1.0
7872,6.6149645,1.4328834,1.5785561,0.75293034,0.0,0.0,1.0,2.7370646,4.512817,0.08290432,0.20775105,2.3309062,1.0
7873,6.693254,1.4271203,1.5310758,0.88810873,0.0,0.0,1.0,2.7370646,4.4859376,0.08290432,0.21443197,2.4058642,1.0
7874,7.4284678,1.5274451,1.5309082,0.86314964,0.0,0.0,1.0,2.7370646,4.9538603,0.08290432,0.21633643,2.4272318,1.0
7875,7.361689,1.5050883,1.5444028,0.67740256,0.0,0.0,1.0,2.7370646,4.8495865,0.08290432,0.22104047,2.4800098,1.0
7876,5.988557,1.3806951,1.4697037,0.78969705,0.0,0.0,1.0,2.3619034,4.269407,0.026417326,0.19166966,2.1504776,1.0
7877,6.6264195,1.4503578,1.4643657,0.6805861,0.0,0.0,1.0,1.936215,4.594319,0.0,0.20176417,2.263735,1.0
7878,5.571854,1.32207,1.2920591,0.64942914,0.0,0.0,1.0,1.0479693,3.9959748,0.0,0.18955591,2.1267622,1.0
7879,5.4579997,1.2671022,1.3683623,0.6650969,0.0,0.0,1.0,0.65798753,3.7396007,0.0,0.20614593,2.3128972,1.0
7880,5.0348606,1.2914215,1.4635715,0.7868065,0.0,0.0,1.0,0.33486485,3.8530278,0.0,0.16723846,1.8763667,1.0
7881,5.080329,1.2540947,1.2365254,0.5557265,0.0,0.0,1.0,0.27064383,3.6789327,0.0,0.18613285,2.0883563,1.0
7882,5.3926625,1.2663951,1.3060578,0.7464076,0.0,0.0,1.0,0.4272456,3.7363026,0.0,0.20202085,2.2666152,1.0
7883,6.1613092,1.3880858,1.4433569,0.701974,0.0,0.0,1.0,0.4272456,4.303878,0.0,0.19903028,2.2330618,1.0
7884,4.9184732,1.2382711,1.3376492,0.5569784,0.0,0.0,1.0,0.4272456,3.6051302,0.0,0.18189888,2.0408523,1.0
7885,5.0112424,1.2210665,1.279811,0.69913924,0.0,0.0,1.0,0.5505836,3.5248864,0.0,0.19651003,2.2047853,1.0
7886,4.8150735,1.2144407,1.2671304,0.69913924,0.0,0.0,1.0,0.5505836,3.4939833,0.0,0.18541463,2.0802982,1.0
7887,4.705382,1.209569,1.1561788,0.71807706,0.0,0.0,1.0,0.5505836,3.471261,0.0,0.17966479,2.0157866,1.0
7888,4.863276,1.2360249,1.1560466,0.66002625,0.0,0.0,1.0,0.5505836,3.5946534,0.0,0.17900117,2.0083408,1.0
7889,5.0083323,1.2478625,1.1533669,0.6625071,0.0,0.0,1.0,0.538359,3.649865,0.0,0.1839102,2.0634189,1.0
7890,5.0135837,1.2587535,1.2401612,0.6697755,0.0,0.0,1.0,0.538359,3.7006617,0.0,0.17947508,2.013658,1.0
7891,4.8157663,1.2432158,1.2391912,0.55974853,0.0,0.0,1.0,0.5233847,3.6281924,0.0,0.17248176,1.9351951,1.0
7892,4.6790113,1.220338,1.2149405,0.60828185,0.0,0.0,1.0,0.5047089,3.5214887,0.0,0.17283429,1.9391505,1.0
7893,5.1127424,1.2881628,1.411868,0.558154,0.0,0.0,1.0,0.5047089,3.8378289,0.0,0.17372404,1.9491332,1.0
7894,5.3769784,1.3317784,1.4008523,0.40624562,0.0,0.0,1.0,0.67449075,4.0412555,0.0,0.17329755,1.9443481,1.0
7895,5.289488,1.3307959,1.3252474,0.6922841,0.0,0.0,1.0,0.67449075,4.036673,0.0,0.16816282,1.8867378,1.0
7896,5.3536034,1.3462012,1.3723427,0.5580981,0.0,0.0,1.0,0.67449075,4.1085243,0.0,0.16630119,1.8658509,1.0
7897,5.3219757,1.3390523,1.3616441,0.6142692,0.0,0.0,1.0,0.67449075,4.0751815,0.0,0.16703977,1.8741375,1.0
7898,5.17774,1.3368076,1.3400222,0.5904852,0.0,0.0,1.0,0.67449075,4.064712,0.0,0.15886001,1.782363,1.0
7899,5.186672,1.3399786,1.3643941,0.5676784,0.0,0.0,1.0,0.67449075,4.0795016,0.0,0.15824158,1.7754245,1.0
7900,5.656145,1.3740906,1.3720542,0.7957742,0.0,0.0,1.0,0.67449075,4.2386026,0.0,0.17429438,1.9555322,1.0
7901,3.1189392,0.98590887,1.0308607,0.5585863,0.0,0.0,1.0,0.6790639,2.428093,0.0,0.16158356,1.8129205,1.0
7902,3.298734,1.0013179,1.057937,0.5701202,0.0,0.0,1.0,0.67449075,2.4999616,0.0,0.1704943,1.9128964,1.0
7903,3.8766806,1.0572166,1.1799679,0.46071225,0.0,0.0,1.0,0.67449075,2.760678,0.0,0.19207259,2.1549985,1.0
7904,3.663633,1.0385118,1.3100718,0.5134801,0.0,0.0,1.0,0.67449075,2.6734369,0.0,0.18344842,2.0582378,1.0
7905,4.6412067,1.1917658,1.2992759,0.6176272,0.0,0.0,1.0,1.014087,3.3882256,0.0,0.18330105,2.0565844,1.0
7906,4.32591,1.1855723,1.2341516,0.58507043,0.0,0.0,1.0,1.014087,3.3593385,0.0,0.16239962,1.8220764,1.0
7907,4.427669,1.2854717,1.3320738,0.58848435,0.0,0.0,1.0,1.014087,3.8252773,0.0,0.12923092,1.4499332,1.0
7908,5.665578,1.4764729,1.3961824,0.5753913,0.0,0.0,1.0,1.014087,4.7161217,0.0,0.14039616,1.575204,1.0
7909,3.9583845,1.2066754,1.5933547,0.7017716,0.0,0.0,1.0,1.014087,3.4577653,0.0,0.12599795,1.4136603,1.0
7910,5.280023,1.4409102,1.4736718,0.85755765,0.0,0.0,1.0,1.014087,4.550255,0.0,0.1299702,1.4582278,1.0
7911,4.1020207,1.1757888,1.578683,0.72502494,0.0,0.0,1.0,1.014087,3.3137076,0.0,0.14970966,1.6796987,1.0
7912,3.5580842,1.0109496,1.1008248,0.7657971,0.0,0.0,1.0,1.014087,2.544885,0.0,0.1905147,2.1375194,1.0
7913,3.5989134,0.9998327,1.0727022,0.6536976,0.0,0.0,1.0,1.3552783,2.4930346,0.0,0.20209014,2.2673926,1.0
7914,4.6923285,1.1710049,1.2247512,0.5978152,0.0,0.0,1.0,1.3552783,3.2913952,0.0,0.19751854,2.2161005,1.0
7915,3.5823202,1.0004599,1.0685322,0.5999593,0.0,0.0,1.0,1.3552783,2.49596,0.0,0.19996634,2.2435641,1.0
7916,4.825209,1.271998,1.3343534,0.48813027,0.0,0.0,1.0,1.3552783,3.7624352,0.0,0.1610609,1.8070563,1.0
7917,4.83818,1.2135438,1.2435462,0.72756875,0.0,0.0,1.0,1.3552783,3.4898,0.0,0.18752141,2.1039357,1.0
7918,3.072876,1.0143098,1.1048704,0.7699509,0.0,0.0,1.0,1.3552783,2.560557,0.0,0.1400803,1.5716602,1.0
7919,3.4866345,1.0196724,1.0664083,0.7822903,0.0,0.0,1.0,1.3552783,2.5855687,0.0,0.17787527,1.9957087,1.0
7920,3.1519446,1.0088111,0.98193467,0.80406255,0.0,0.0,1.0,1.3552783,2.5349107,0.0,0.15111534,1.6954701,1.0
7921,2.9464064,1.0240846,1.1742849,0.77098596,0.0,0.0,1.0,1.3552783,2.6061473,0.0,0.122376524,1.373029,1.0
7922,3.6116288,1.0365752,1.3056171,0.84015673,0.0,0.0,1.0,1.3552783,2.6644046,0.0,0.17966104,2.0157444,1.0
7923,4.0975513,1.1396554,1.1719391,0.5377254,0.0,0.0,1.0,1.3552783,3.1451786,0.0,0.16623911,1.8651544,1.0
7924,3.4142272,1.0612376,1.395992,0.8618115,0.0,0.0,1.0,1.3552783,2.7794318,0.0,0.14728938,1.6525439,1.0
7925,3.0564811,1.0260876,1.4535446,0.89118785,0.0,0.0,1.0,1.3552783,2.6154897,0.0,0.13206546,1.481736,1.0
7926,3.732206,1.0901462,1.0794137,0.3559164,0.0,0.0,1.0,1.3552783,2.914264,0.0,0.1606022,1.8019098,1.0
7927,3.6247668,1.1028966,1.1618099,0.45194477,0.0,0.0,1.0,1.3552783,2.9737327,0.0,0.1448798,1.6255091,1.0
7928,4.1339054,1.2084124,1.5992897,0.76309335,0.0,0.0,1.0,1.3552783,3.4658668,0.0,0.1382129,1.5507085,1.0
7929,3.0000777,1.0004464,1.1254888,0.7660183,0.0,0.0,1.0,1.3552783,2.4958973,0.0,0.14056993,1.5771536,1.0
7930,2.7248073,0.9281823,0.958399,0.55507314,0.0,0.0,1.0,1.3552783,2.1588516,0.0,0.1558879,1.7490169,1.0
7931,2.7748997,0.94666785,1.1883798,0.62933874,0.0,0.0,1.0,1.3552783,2.2450697,0.0,0.14922646,1.6742774,1.0
7932,3.9131799,1.163402,1.3045563,0.7728562,0.0,0.0,1.0,1.5815115,3.2559345,0.0,0.1405335,1.576745,1.0
7933,2.730978,0.9249445,1.2135272,0.8549302,0.0,0.0,1.0,1.023489,2.1437504,0.0,0.15888503,1.7826438,1.0
7934,3.7251127,1.0887524,1.185879,0.8935451,0.0,0.0,1.0,1.023489,2.907763,0.0,0.16071013,1.8031207,1.0
7935,2.4247878,0.86881524,0.8760253,0.5629689,0.0,0.0,1.0,1.023489,1.8819591,0.0,0.16258076,1.8241087,1.0
7936,2.628054,0.91071063,1.0599242,0.84663206,0.0,0.0,1.0,1.023489,2.0773625,0.0,0.1566355,1.7574046,1.0
7937,2.713414,0.9271254,1.1011878,0.80462706,0.0,0.0,1.0,1.023489,2.153922,0.0,0.15527649,1.742157,1.0
7938,4.0398297,1.1298418,1.5946534,0.7352625,0.0,0.0,1.0,1.023489,3.0994074,0.0,0.16639599,1.8669145,1.0
7939,3.3637695,0.97347254,1.4591621,0.8833075,0.0,0.0,1.0,1.023489,2.3700888,0.0,0.1958948,2.1978824,1.0
7940,3.1619282,0.96530247,1.4621137,0.8811932,0.0,0.0,1.0,1.023489,2.331983,0.0,0.17975937,2.0168478,1.0
7941,3.1881773,0.991515,1.1665488,0.8521957,0.0,0.0,1.0,1.1269628,2.4542403,0.0,0.16528277,1.8544245,1.0
7942,2.5528636,0.8978465,1.1646246,0.8330065,0.0,0.0,1.0,0.68078756,2.0173633,0.0,0.15672565,1.758416,1.0
7943,3.8017845,1.1391352,1.1947646,0.8793962,0.0,0.0,1.0,0.68078756,3.1427526,0.0,0.14252953,1.5991398,1.0
7944,6.435639,1.5322696,1.6715937,0.808749,0.0,0.0,1.0,0.68078756,4.976362,0.0,0.16380401,1.8378333,1.0
7945,3.2359037,1.0110153,1.4583577,0.80722874,0.0,0.0,1.0,0.68078756,2.5451913,0.0,0.1582367,1.7753696,1.0
7946,3.3329105,1.0558836,1.1328361,0.93267524,0.0,0.0,1.0,0.68078756,2.7544608,0.0,0.14260739,1.6000134,1.0
7947,3.286364,1.0676793,1.4684507,0.86293757,0.0,0.0,1.0,0.68078756,2.8094766,0.0,0.13235445,1.4849784,1.0
7948,3.219809,1.080998,1.3574677,0.8932739,0.0,0.0,1.0,0.68078756,2.8715959,0.0,0.12000851,1.3464606,1.0
7949,3.2684608,1.0879189,1.1135478,0.912302,0.0,0.0,1.0,0.68078756,2.9038756,0.0,0.121101,1.3587179,1.0
7950,3.1503756,1.0188915,1.2747314,0.92372847,0.0,0.0,1.0,0.68078756,2.5819263,0.0,0.1451947,1.6290421,1.0
7951,2.551665,0.9470741,1.257817,0.84255517,0.0,0.0,1.0,0.68078756,2.2469647,0.0,0.12366132,1.3874439,1.0
7952,6.6097627,1.7767329,1.6616056,0.6811757,0.0,0.0,1.0,0.67449075,6.116558,0.0,0.109662734,1.2303839,1.0
7953,2.6041298,0.9309107,0.9542631,0.7119187,0.0,0.0,1.0,0.67449075,2.1715772,0.0,0.13985294,1.5691092,1.0
7954,2.9475734,1.0496894,1.1212947,0.9216534,0.0,0.0,1.0,0.67449075,2.7255704,0.0,0.109870926,1.2327198,1.0
7955,2.9736547,1.0155855,1.1751971,0.9551801,0.0,0.0,1.0,0.67449075,2.5665073,0.0,0.12952685,1.4532535,1.0
7956,3.0781322,1.0276119,1.0511142,0.7359503,0.0,0.0,1.0,5.933506,2.622599,0.5641838,0.13336107,1.4962723,1.0
7957,3.2149615,1.0669875,1.2062238,0.4463843,0.0,0.0,1.0,7.220392,2.80625,0.7579467,0.1262175,1.4161235,1.0
7958,3.04025,1.0642531,1.293998,0.4243977,0.0,0.0,1.0,7.859753,2.7934964,0.85421354,0.11162283,1.2523756,1.0
7959,5.3150206,1.4203241,1.3892496,0.7400508,0.0,0.0,1.0,8.496443,4.4542394,0.9500781,0.13834071,1.5521425,1.0
7960,5.329024,1.4307202,1.3498024,0.7899759,0.0,0.0,1.0,18.935492,4.5027275,2.5218573,0.13586046,1.5243148,1.0
7961,16.0,1.3078431,1.4056818,0.75380594,0.0,0.0,1.0,14765.1045,3.9296193,20.0,0.13095516,1.4692787,1.0
7962,16.0,1.3222814,1.4071057,0.8150696,0.0,0.0,1.0,15654.852,3.9969604,20.0,0.09891135,1.1097566,1.0
7963,16.0,1.3333945,1.4253227,0.8506075,0.0,0.0,1.0,15654.852,4.0487933,20.0,0.112883285,1.2665175,1.0
7964,16.0,1.0172485,1.286461,0.84612936,0.0,0.0,1.0,16541.027,2.5742633,20.0,0.11498901,1.2901433,1.0
7965,16.0,1.1076303,1.4166044,0.85400456,0.0,0.0,1.0,16541.027,2.995811,20.0,0.1275161,1.4306935,1.0
7966,16.0,1.3633919,1.3604957,0.7577602,0.0,0.0,1.0,17423.686,4.188703,20.0,0.15278777,1.7142344,1.0
7967,16.0,1.129504,1.2839183,0.7577602,0.0,0.0,1.0,17423.686,3.0978317,20.0,0.10914041,1.2245237,1.0
7968,16.0,1.08167,1.2165118,0.7577602,0.0,0.0,1.0,17423.686,2.8747306,20.0,0.1110596,1.2460563,1.0
7969,16.0,1.1856511,1.2239481,0.66183746,0.0,0.0,1.0,17423.686,3.3597062,20.0,0.10633134,1.1930066,1.0
7970,16.0,1.1412513,1.2229626,0.6354489,0.0,0.0,1.0,17423.686,3.1526222,20.0,0.10713344,1.202006,1.0
7971,16.0,1.1220037,1.4579798,0.767071,0.0,0.0,1.0,17423.686,3.0628498,20.0,0.17480141,1.9612209,1.0
7972,16.0,1.0217001,1.0262984,0.6967727,0.0,0.0,1.0,17423.686,2.5950263,20.0,0.16583686,1.8606412,1.0
7973,16.0,1.0511718,1.077017,0.77842414,0.0,0.0,1.0,17423.686,2.732484,20.0,0.16825671,1.8877913,1.0
7974,16.0,1.1130083,1.0324183,0.9331144,0.0,0.0,1.0,17423.686,3.0208943,20.0,0.1443826,1.6199306,1.0
7975,16.0,1.0322763,1.4135314,0.8194958,0.0,0.0,1.0,17423.686,2.644354,20.0,0.13462915,1.5104998,1.0
7976,16.0,1.1055213,1.2787802,0.8575834,0.0,0.0,1.0,17423.686,2.9859748,20.0,0.1298319,1.456676,1.0
7977,16.0,1.1330479,1.2902626,0.86944926,0.0,0.0,1.0,17423.686,3.114361,20.0,0.14174661,1.5903556,1.0
7978,16.0,1.1853831,1.2499042,0.86417204,0.0,0.0,1.0,17423.686,3.3584561,20.0,0.13990392,1.5696812,1.0
7979,16.0,1.2354674,1.1217964,0.96023494,0.0,0.0,1.0,17423.686,3.5920537,20.0,0.10118946,1.1353163,1.0
7980,16.0,1.3028517,1.2745074,0.8514175,0.0,0.0,1.0,17423.686,3.906339,20.0,0.12840416,1.4406573,1.0
7981,16.0,1.2940912,1.2456398,0.87420803,0.0,0.0,1.0,17423.686,3.8654795,20.0,0.12604952,1.4142389,1.0
7982,16.0,1.3260481,1.2723886,0.8563038,0.0,0.0,1.0,17423.686,4.014529,20.0,0.12851971,1.4419538,1.0
7983,16.0,1.3225389,1.2222931,0.8502994,0.0,0.0,1.0,10261.01,3.9981616,20.0,0.13551661,1.5204569,1.0
7984,16.0,1.1575782,1.2660658,0.7520576,0.0,0.0,1.0,8432.544,3.2287722,20.0,0.096979514,1.0880818,1.0
7985,16.0,1.2695751,1.147,0.9036816,0.0,0.0,1.0,6588.09,3.7511344,20.0,0.1305556,1.4647958,1.0
7986,16.0,1.3881133,1.2714963,0.8584868,0.0,0.0,1.0,6588.09,4.3040056,20.0,0.1432687,1.6074331,1.0
7987,16.0,1.1343777,1.0899854,0.767094,0.0,0.0,1.0,5659.7275,3.1205633,20.0,0.16838771,1.889261,1.0
7988,16.0,1.1269486,1.1642549,0.649816,0.0,0.0,1.0,4727.198,3.0859132,20.0,0.15320563,1.7189226,1.0
7989,16.0,1.0654719,1.1013807,0.6464304,0.0,0.0,1.0,4727.198,2.799181,20.0,0.14648221,1.6434878,1.0
7990,16.0,1.0817133,0.9784774,0.53248835,0.0,0.0,1.0,4727.198,2.8749323,20.0,0.16904351,1.896619,1.0
7991,16.0,1.0917127,1.0762019,0.5972636,0.0,0.0,1.0,3790.4438,2.9215703,20.0,0.15292917,1.7158208,1.0
7992,16.0,1.0460515,1.1027793,0.27096707,0.0,0.0,1.0,3790.4438,2.708603,20.0,0.13934784,1.5634421,1.0
7993,16.0,1.0351523,1.075727,0.21610287,0.0,0.0,1.0,3790.4438,2.6577682,20.0,0.1373775,1.5413356,1.0
7994,16.0,1.0588204,1.1230764,0.7228649,0.0,0.0,1.0,3790.4438,2.7681577,20.0,0.14797463,1.6602322,1.0
7995,16.0,1.2100756,1.2926712,0.7654545,0.0,0.0,1.0,3790.4438,3.4736242,20.0,0.14424533,1.6183906,1.0
7996,16.0,1.0559548,1.0425143,0.8576003,0.0,0.0,1.0,2849.407,2.7547927,20.0,0.12572113,1.4105544,1.0
7997,16.0,1.0617633,1.1235174,0.31147712,0.0,0.0,1.0,2849.407,2.7818837,20.0,0.1323298,1.4847019,1.0
7998,16.0,1.0298349,1.1022282,0.79760015,0.0,0.0,1.0,2849.407,2.6329672,20.0,0.12899172,1.4472495,1.0
7999,16.0,1.164661,1.1867031,0.745379,0.0,0.0,1.0,2849.407,3.261807,20.0,0.17428999,1.9554828,1.0
8000,16.0,1.0660893,1.1339841,0.33644402,0.0,0.0,1.0,2849.407,2.8020606,20.0,0.16195421,1.8170791,1.0
8001,16.0,1.1540439,1.1698992,0.322171,0.0,0.0,1.0,2849.407,3.212288,20.0,0.16292238,1.8279417,1.0
8002,4.095455,1.1418711,1.1511383,0.8058336,0.0,0.0,1.0,3.3536148,3.1555128,0.17573659,0.1649834,1.8510658,1.0
8003,3.6454217,1.0683154,1.1073632,0.6784982,0.0,0.0,1.0,0.3360638,2.8124433,0.0,0.16455127,1.8462174,1.0
8004,4.318595,1.200936,1.1639808,0.6865817,0.0,0.0,1.0,1.7544205,3.430996,0.0,0.15500787,1.7391431,1.0
8005,4.2112756,1.2699119,1.5775164,0.8362299,0.0,0.0,1.0,2.1835618,3.752705,0.0,0.12024689,1.349135,1.0
8006,4.417266,1.2902292,1.6707244,0.63105345,0.0,0.0,1.0,2.3967843,3.8474667,0.031669244,0.12684244,1.4231352,1.0
8007,4.3573327,1.2732526,1.4447227,0.8625034,0.0,0.0,1.0,2.6091251,3.7682865,0.063640825,0.12893555,1.4466193,1.0
8008,4.7905035,1.2967838,1.244748,0.79360926,0.0,0.0,1.0,2.820597,3.878038,0.09548155,0.14904653,1.6722586,1.0
8009,5.163743,1.4331133,1.2803793,0.5706729,0.0,0.0,1.0,3.0312111,4.5138893,0.12719315,0.12579079,1.4113361,1.0
8010,5.3112917,1.3977273,1.3493049,0.6813052,0.0,0.0,1.0,3.0312111,4.348846,0.12719315,0.14548649,1.632316,1.0
8011,5.9996433,1.4241363,1.4223276,0.8564657,0.0,0.0,1.0,3.2409801,4.4720197,0.1587775,0.1761176,1.9759881,1.0
8012,6.3280797,1.4756956,1.3604934,0.8576463,0.0,0.0,1.0,3.2409801,4.7124968,0.1587775,0.17643175,1.9795128,1.0
8013,5.677874,1.5147097,1.6495768,0.6829202,0.0,0.0,1.0,3.2409801,4.894461,0.1587775,0.12988906,1.4573174,1.0
8014,5.904095,1.4873794,1.3895973,0.87446254,0.0,0.0,1.0,3.4499168,4.7669907,0.19023654,0.1498733,1.6815348,1.0
8015,6.6153355,1.5643435,1.554077,0.7887736,0.0,0.0,1.0,3.4499168,5.125957,0.19023654,0.16312017,1.8301607,1.0
8016,5.7226067,1.5290917,1.5673755,0.71654695,0.0,0.0,1.0,3.658032,4.96154,0.22157185,0.12819104,1.4382662,1.0
8017,6.239049,1.4893366,1.5911168,0.7541695,0.0,0.0,1.0,3.658032,4.776119,0.22157185,0.1671296,1.8751454,1.0
8018,5.5881515,1.3594551,1.5952668,0.77491,0.0,0.0,1.0,3.6832943,4.170342,0.22537553,0.1757047,1.9713556,1.0
8019,5.730998,1.3760095,1.6110793,0.8503229,0.0,0.0,1.0,4.430245,4.2475524,0.33784184,0.17806606,1.9978493,1.0
8020,5.342605,1.2960349,1.5390881,0.92252564,0.0,0.0,1.0,4.430245,3.874545,0.33784184,0.1856169,2.0825675,1.0
8021,5.871833,1.4096915,1.5535539,0.7688527,0.0,0.0,1.0,4.430245,4.404648,0.33784184,0.17395392,1.9517123,1.0
8022,5.055275,1.2983956,1.2422508,0.9025753,0.0,0.0,1.0,4.430245,3.8855555,0.33784184,0.16579065,1.8601228,1.0
8023,5.210493,1.34967,1.2571013,0.853845,0.0,0.0,1.0,4.430245,4.1247034,0.33784184,0.15616415,1.7521163,1.0
8024,5.6855097,1.3915966,1.3704559,0.7389641,0.0,0.0,1.0,4.430245,4.320252,0.33784184,0.16960295,1.9028957,1.0
8025,6.013994,1.4133658,1.4103955,0.7790784,0.0,0.0,1.0,4.430245,4.421786,0.33784184,0.18082534,2.0288076,1.0
8026,5.2563543,1.3196187,1.4047449,0.68332976,0.0,0.0,1.0,4.2718616,3.9845417,0.3139945,0.17041104,1.9119622,1.0
8027,5.2107177,1.3318901,1.487207,0.7309311,0.0,0.0,1.0,3.451274,4.0417767,0.19044086,0.16277853,1.8263277,1.0
8028,5.0954003,1.3382454,1.431033,0.5580981,0.0,0.0,1.0,3.451274,4.071418,0.19044086,0.15317564,1.718586,1.0
8029,5.17772,1.3726349,1.4077246,0.5468644,0.0,0.0,1.0,3.451274,4.2318134,0.19044086,0.14604983,1.6386365,1.0
8030,5.2088795,1.3730879,1.3859662,0.58401215,0.0,0.0,1.0,3.451274,4.2339263,0.19044086,0.14776848,1.6579193,1.0
8031,4.229425,1.214027,1.3915167,0.63537216,0.0,0.0,1.0,2.866505,3.492054,0.10239379,0.14290078,1.6033051,1.0
8032,4.1443653,1.1919564,1.3723817,0.6520285,0.0,0.0,1.0,2.4269233,3.3891146,0.036207188,0.14587748,1.6367028,1.0
8033,3.9179897,1.1597712,1.3547314,0.6520285,0.0,0.0,1.0,1.1516697,3.2390003,0.0,0.14251179,1.5989407,1.0
8034,3.7643864,1.139891,1.3421589,0.6520285,0.0,0.0,1.0,0.6677468,3.1462777,0.0,0.13915744,1.561306,1.0
8035,3.506846,1.0977612,1.1909019,0.68812025,0.0,0.0,1.0,0.3729727,2.9497807,0.0,0.1372202,1.5395707,1.0
8036,3.8432937,1.1358423,1.2182186,0.7811145,0.0,0.0,1.0,0.5233847,3.1273942,0.0,0.14742234,1.6540357,1.0
8037,4.0209994,1.1605657,1.2205306,0.7811145,0.0,0.0,1.0,0.5233847,3.242706,0.0,0.15024929,1.6857532,1.0
8038,4.547811,1.212861,1.3673685,0.7805227,0.0,0.0,1.0,0.5233847,3.4866152,0.0,0.16663605,1.8696079,1.0
8039,4.6647625,1.2158589,1.3221629,0.7194043,0.0,0.0,1.0,0.5047089,3.500598,0.0,0.173817,1.950176,1.0
8040,4.3176217,1.1715807,1.3504548,0.498038,0.0,0.0,1.0,0.5047089,3.2940807,0.0,0.16825527,1.8877751,1.0
8041,4.3030057,1.1674393,1.2341928,0.64016694,0.0,0.0,1.0,0.48064297,3.2747653,0.0,0.16908742,1.8971117,1.0
8042,4.9255214,1.2792076,1.3033161,0.78021306,0.0,0.0,1.0,0.44862777,3.796061,0.0,0.1648973,1.8500996,1.0
8043,4.7363005,1.2461711,1.2211125,0.84394175,0.0,0.0,1.0,0.44862777,3.6419764,0.0,0.16564609,1.8585008,1.0
8044,3.913701,1.1238968,1.3219043,0.70377415,0.0,0.0,1.0,0.44862777,3.0716796,0.0,0.15893568,1.7832121,1.0
8045,4.0530777,1.1603347,1.3599391,0.61945957,0.0,0.0,1.0,0.67449075,3.2416286,0.0,0.15287419,1.7152039,1.0
8046,4.2941346,1.1946433,1.3326246,0.38599372,0.0,0.0,1.0,0.67449075,3.4016464,0.0,0.15594229,1.7496271,1.0
8047,4.236185,1.1986921,1.2995132,0.61943567,0.0,0.0,1.0,0.67449075,3.4205303,0.0,0.1498533,1.6813104,1.0
8048,4.389095,1.248764,1.3156743,0.5706751,0.0,0.0,1.0,0.6790639,3.65407,0.0,0.14035313,1.5747212,1.0
8049,4.3435264,1.2479641,1.303704,0.5706751,0.0,0.0,1.0,0.6781662,3.6503391,0.0,0.13748682,1.542562,1.0
8050,4.253162,1.2303404,1.2407429,0.5604237,0.0,0.0,1.0,0.67449075,3.5681405,0.0,0.13801804,1.5485222,1.0
8051,4.173616,1.2241123,1.2230533,0.29739103,0.0,0.0,1.0,0.67449075,3.539092,0.0,0.13478579,1.5122572,1.0
8052,4.151503,1.214807,1.2042984,0.34031463,0.0,0.0,1.0,0.67449075,3.4956918,0.0,0.13690339,1.5360161,1.0
8053,4.1581845,1.2075154,1.2021402,0.34031463,0.0,0.0,1.0,0.67449075,3.4616828,0.0,0.14036606,1.5748663,1.0
8054,3.8941786,1.1619372,1.1883337,0.34031463,0.0,0.0,1.0,0.67449075,3.249103,0.0,0.13968776,1.567256,1.0
8055,3.621688,1.1202066,1.1470921,0.6868612,0.0,0.0,1.0,0.67449075,3.054468,0.0,0.13641854,1.5305762,1.0
8056,3.779163,1.1177164,1.1623738,0.37691772,0.0,0.0,1.0,0.67449075,3.0428536,0.0,0.15074998,1.6913708,1.0
8057,3.6770868,1.1073977,1.146257,0.6350371,0.0,0.0,1.0,0.67449075,2.9947262,0.0,0.14715283,1.6510118,1.0
8058,3.6613433,1.1025424,1.1269912,0.6350371,0.0,0.0,1.0,0.67449075,2.9720807,0.0,0.1481863,1.6626071,1.0
8059,3.5263703,1.085469,1.1146773,0.7640088,0.0,0.0,1.0,0.67449075,2.8924491,0.0,0.1449399,1.6261834,1.0
8060,3.200722,1.0399108,1.0613686,0.6951931,0.0,0.0,1.0,0.67449075,2.6799622,0.0,0.13861226,1.5551891,1.0
8061,3.0455909,1.027304,1.1006157,0.8294756,0.0,0.0,1.0,0.67449075,2.6211634,0.0,0.13036327,1.4626379,1.0
8062,2.9554904,1.0217983,1.3352742,0.8178921,0.0,0.0,1.0,0.67449075,2.5954838,0.0,0.12445064,1.3963,1.0
8063,2.9164982,1.034337,1.3435773,0.8178921,0.0,0.0,1.0,0.67449075,2.6539657,0.0,0.11431946,1.282631,1.0
8064,3.0649703,1.0625604,1.0741088,0.7657028,0.0,0.0,1.0,0.67449075,2.7856019,0.0,0.11466817,1.2865435,1.0
8065,3.184118,1.0807145,1.1006975,0.68987936,0.0,0.0,1.0,1.1269385,2.8702736,0.0,0.116973504,1.3124087,1.0
8066,3.1395507,1.0867486,1.1338968,0.5474696,0.0,0.0,1.0,1.1269385,2.8984172,0.0,0.11031477,1.2376996,1.0
8067,3.208974,1.0927496,1.1340438,0.23839436,0.0,0.0,1.0,1.1269385,2.9264064,0.0,0.11371773,1.2758797,1.0
8068,3.256754,1.0887975,1.0614967,0.6912033,0.0,0.0,1.0,1.1269385,2.9079733,0.0,0.11967194,1.3426843,1.0
8069,3.509665,1.0847372,1.0936532,0.5935459,0.0,0.0,1.0,1.1269385,2.889036,0.0,0.14383417,1.6137775,1.0
8070,3.6142163,1.1235607,1.114908,0.80528075,0.0,0.0,1.0,1.1269385,3.0701118,0.0,0.13426024,1.5063608,1.0
8071,3.0339408,1.057106,1.0884701,0.47587806,0.0,0.0,1.0,1.1269385,2.7601619,0.0,0.11438784,1.2833983,1.0
8072,3.1055994,1.0521693,1.130203,0.3291995,0.0,0.0,1.0,1.1269385,2.7371368,0.0,0.123409376,1.3846172,1.0
8073,3.1972966,1.0695845,1.0823797,0.51780325,0.0,0.0,1.0,1.1269385,2.8183625,0.0,0.12336757,1.3841482,1.0
8074,3.8221624,1.1567531,1.2375817,0.50457305,0.0,0.0,1.0,1.1269385,3.2249236,0.0,0.13628945,1.5291278,1.0
8075,3.6617882,1.1456035,1.2646502,0.45020705,0.0,0.0,1.0,1.1269385,3.1729214,0.0,0.12836458,1.4402132,1.0
8076,3.707375,1.131159,1.2647723,0.4433782,0.0,0.0,1.0,1.1269385,3.1055505,0.0,0.13847823,1.5536854,1.0
8077,4.2157526,1.2264676,1.2532979,0.5739973,0.0,0.0,1.0,1.1269385,3.5500777,0.0,0.136879,1.5357425,1.0
8078,3.380056,1.0996257,1.116888,0.6299262,0.0,0.0,1.0,1.1269385,2.958477,0.0,0.12541671,1.407139,1.0
8079,3.6010969,1.1496142,1.1150149,0.7478146,0.0,0.0,1.0,1.1269385,3.1916275,0.0,0.12179964,1.3665565,1.0
8080,3.5048156,1.1292742,1.1233242,0.7774212,0.0,0.0,1.0,1.1269385,3.0967603,0.0,0.12268423,1.3764813,1.0
8081,3.6375616,1.1572123,1.1665769,0.76067924,0.0,0.0,1.0,1.1269385,3.2270653,0.0,0.12152191,1.3634404,1.0
8082,3.5527763,1.1660023,1.2336676,0.51538914,0.0,0.0,1.0,1.1269385,3.2680626,0.0,0.11131434,1.2489145,1.0
8083,3.5771883,1.1698718,1.151149,0.5369202,0.0,0.0,1.0,1.1269385,3.2861104,0.0,0.111685656,1.2530805,1.0
8084,3.8380127,1.1823303,1.1262236,0.5174704,0.0,0.0,1.0,1.3521231,3.3442175,0.0,0.12673017,1.4218756,1.0
8085,3.8314693,1.1951625,1.1345842,0.39268723,0.0,0.0,1.0,1.3521231,3.4040682,0.0,0.12110219,1.3587313,1.0
8086,3.635271,1.1742017,1.183661,0.35959712,0.0,0.0,1.0,1.3521231,3.3063054,0.0,0.114466056,1.2842758,1.0
8087,3.4932823,1.1402719,1.2212024,0.42857876,0.0,0.0,1.0,1.3521231,3.1480541,0.0,0.11705524,1.3133256,1.0
8088,3.5713234,1.1451192,1.1919584,0.66628534,0.0,0.0,1.0,1.3521231,3.1706622,0.0,0.121308245,1.3610432,1.0
8089,3.4017143,1.1176606,1.1993779,0.70072937,0.0,0.0,1.0,1.3521231,3.0425935,0.0,0.11918596,1.3372318,1.0
8090,3.9788134,1.2283833,1.3433523,0.6988023,0.0,0.0,1.0,1.3521231,3.5590127,0.0,0.11916639,1.3370122,1.0
8091,3.587923,1.1513144,1.210723,0.71296716,0.0,0.0,1.0,2.0329385,3.199557,0.0,0.120039076,1.3468034,1.0
8092,3.6657865,1.2490646,1.6126714,0.7048711,0.0,0.0,1.0,1.1339347,3.6554716,0.0,0.08984747,1.0080624,1.0
8093,3.4139974,1.0904188,1.1870984,0.67005503,0.0,0.0,1.0,1.35215,2.9155354,0.0,0.13266642,1.4884787,1.0
8094,3.443054,1.0994126,1.2102084,0.6552044,0.0,0.0,1.0,1.35215,2.957483,0.0,0.13093893,1.4690967,1.0
8095,4.0139112,1.2025968,1.2016237,0.718303,0.0,0.0,1.0,1.35215,3.4387422,0.0,0.13172266,1.4778899,1.0
8096,3.8459709,1.128888,1.1524673,0.37302056,0.0,0.0,1.0,1.35215,3.0949588,0.0,0.15092231,1.6933044,1.0
8097,2.914213,0.9634791,1.0635703,0.6000658,0.0,0.0,1.0,1.35215,2.3234787,0.0,0.15387353,1.7264162,1.0
8098,2.9298763,0.98898596,1.0280904,0.52931654,0.0,0.0,1.0,1.35215,2.4424446,0.0,0.13994946,1.5701921,1.0
8099,3.966351,1.1701521,1.1885954,0.69475836,0.0,0.0,1.0,1.35215,3.2874177,0.0,0.14172125,1.5900711,1.0
8100,3.6824565,1.1638515,1.2031678,0.8003161,0.0,0.0,1.0,1.35215,3.2580311,0.0,0.12230275,1.3722012,1.0
8101,4.6792607,1.2953775,1.3140937,0.80981195,0.0,0.0,1.0,5.286887,3.8714788,0.46682414,0.14226227,1.5961412,1.0
8102,4.7496037,1.3766627,1.3813297,0.9068388,0.0,0.0,1.0,6.5798187,4.2505994,0.6614973,0.11902428,1.3354177,1.0
8103,3.7108376,1.2133199,1.3966134,0.87853724,0.0,0.0,1.0,7.2221828,3.4887557,0.7582163,0.10533923,1.1818755,1.0
8104,5.8988085,1.6282088,1.7306539,0.71895415,0.0,0.0,1.0,7.861864,5.4238296,0.85453135,0.11142957,1.2502073,1.0
8105,4.5754128,1.4359186,1.4744128,0.7081361,0.0,0.0,1.0,8.498899,4.5269732,0.95044804,0.09185372,1.030572,1.0
8106,4.0141134,1.2739655,1.2866182,0.81753653,0.0,0.0,1.0,8.498899,3.7716115,0.95044804,0.10550226,1.1837046,1.0
8107,5.49647,1.5817769,1.6087167,0.7332637,0.0,0.0,1.0,9.1333275,5.2072678,1.0459721,0.10327188,1.1586804,1.0
8108,2.709796,0.9773132,1.4058002,0.5832698,0.0,0.0,1.0,9.765183,2.3880022,1.141109,0.12344461,1.3850125,1.0
8109,3.8498135,1.2075412,1.498154,0.76611495,0.0,0.0,1.0,9.765183,3.4618034,1.141109,0.1176713,1.3202378,1.0
8110,2.2021418,0.8923408,1.5169481,0.5410999,0.0,0.0,1.0,9.765183,1.9916841,1.141109,0.1160377,1.3019091,1.0
8111,3.8415854,1.2000592,1.2374835,0.7234535,0.0,0.0,1.0,10.394504,3.4269066,1.2358639,0.11994372,1.3457336,1.0
8112,5.0165586,1.3658103,1.5333139,0.5636604,0.0,0.0,1.0,21.463497,4.1999826,2.902492,0.13863961,1.5554961,1.0
8113,3.8311877,1.2111307,1.2539188,0.79302216,0.0,0.0,1.0,11.695817,3.4785452,1.4317992,0.11494478,1.2896469,1.0
8114,4.583459,1.4150414,1.2205505,0.8373773,0.0,0.0,1.0,11.695817,4.4296007,1.4317992,0.09797405,1.0992403,1.0
8115,4.362304,1.2979773,1.410587,0.7450485,0.0,0.0,1.0,11.695817,3.8836045,1.4317992,0.120517954,1.3521763,1.0
8116,3.6193864,1.1242334,1.5023112,0.74666727,0.0,0.0,1.0,11.695817,3.073249,1.4317992,0.1343826,1.5077337,1.0
8117,3.1369865,0.9856255,1.4555856,0.7536314,0.0,0.0,1.0,11.695817,2.4267712,1.4317992,0.16365553,1.8361675,1.0
8118,2.5820122,0.94087607,1.3920337,0.7520848,0.0,0.0,1.0,11.695817,2.2180564,1.4317992,0.13091443,1.4688218,1.0
8119,3.44556,1.0784425,1.3404261,0.82625777,0.0,0.0,1.0,11.695817,2.8596768,1.4317992,0.14130172,1.5853641,1.0
8120,3.45254,1.1284064,1.23401,0.8678676,0.0,0.0,1.0,11.695817,3.0927126,1.4317992,0.118757054,1.3324195,1.0
8121,4.292348,1.1912776,1.4538097,0.7231307,0.0,0.0,1.0,11.695817,3.385949,1.4317992,0.15729825,1.7648406,1.0
8122,5.1168275,1.4076129,1.3981935,0.48975766,0.0,0.0,1.0,11.695817,4.3949537,1.4317992,0.13095593,1.4692874,1.0
8123,4.66656,1.3084842,1.3373266,0.74547046,0.0,0.0,1.0,11.695817,3.9326093,1.4317992,0.13665545,1.5332344,1.0
8124,3.8856947,1.1862682,1.3980136,0.812454,0.0,0.0,1.0,11.695817,3.3625846,1.4317992,0.12874486,1.4444798,1.0
8125,3.8030517,1.2104907,1.1237267,0.8308109,0.0,0.0,1.0,11.695817,3.4755602,1.4317992,0.113124125,1.2692198,1.0
8126,4.589085,1.3733354,1.522112,0.5627253,0.0,0.0,1.0,11.695817,4.2350802,1.4317992,0.11041507,1.238825,1.0
8127,4.6462708,1.3995843,1.5036445,0.7495108,0.0,0.0,1.0,11.695817,4.357507,1.4317992,0.10600429,1.1893373,1.0
8128,4.7111034,1.3202999,1.4372059,0.68128383,0.0,0.0,1.0,11.695817,3.9877186,1.4317992,0.13532388,1.5182946,1.0
8129,3.2822318,1.1059532,1.134964,0.8951144,0.0,0.0,1.0,11.0689945,2.9879892,1.3374202,0.11420594,1.2813574,1.0
8130,3.9684856,1.2704821,1.1767591,0.9441371,0.0,0.0,1.0,5.961378,3.7553644,0.5683804,0.10358076,1.162146,1.0
8131,3.7955682,1.2213144,1.1869296,0.54076487,0.0,0.0,1.0,4.657251,3.526043,0.37202153,0.108594224,1.2183956,1.0
8132,3.1260145,1.0582087,1.0315248,0.8017033,0.0,0.0,1.0,4.00089,2.765305,0.27319503,0.12234621,1.3726888,1.0
8133,3.4482868,1.0874723,1.0408787,0.7467548,0.0,0.0,1.0,5.961378,2.9017928,0.5683804,0.1370878,1.5380852,1.0
8134,3.728283,1.1878741,1.1663293,0.47050518,0.0,0.0,1.0,7.8966737,3.3700745,0.85977256,0.11619627,1.3036883,1.0
8135,3.8810668,1.1660854,1.0444095,0.77003896,0.0,0.0,1.0,9.17339,3.2684503,1.0520043,0.13685952,1.535524,1.0
8136,3.9983401,1.1951333,1.2244396,0.69929594,0.0,0.0,1.0,9.807818,3.403932,1.1475284,0.13359757,1.4989258,1.0
8137,4.5470147,1.232909,1.226126,0.88327837,0.0,0.0,1.0,10.439674,3.5801206,1.2426652,0.15790404,1.7716373,1.0
8138,4.959053,1.2634312,1.2099413,0.9221012,0.0,0.0,1.0,11.043057,3.7224786,1.3335149,0.17372264,1.9491174,1.0
8139,5.0183234,1.2981123,1.215442,0.89330924,0.0,0.0,1.0,11.0172415,3.884234,1.3296279,0.16348082,1.8342072,1.0
8140,5.20113,1.3236405,1.2067624,0.85082495,0.0,0.0,1.0,11.641133,4.003299,1.4235656,0.1653241,1.8548883,1.0
8141,4.0740457,1.2324067,1.3022978,0.83710796,0.0,0.0,1.0,11.641133,3.577778,1.4235656,0.1244515,1.3963096,1.0
8142,5.1492352,1.399408,1.2556225,0.8122796,0.0,0.0,1.0,12.262572,4.356685,1.517134,0.13545448,1.5197598,1.0
8143,4.0056534,1.1914161,1.3917785,0.59764796,0.0,0.0,1.0,12.262572,3.3865948,1.517134,0.1356788,1.5222766,1.0
8144,4.1679974,1.2250865,1.407822,0.68795645,0.0,0.0,1.0,12.881594,3.5436358,1.6103383,0.13399696,1.5034069,1.0
8145,5.8441157,1.4794943,1.4433978,0.70724493,0.0,0.0,1.0,12.881594,4.730214,1.6103383,0.14909644,1.6728187,1.0
8146,5.90419,1.4898531,1.2332664,0.7854794,0.0,0.0,1.0,12.881594,4.778528,1.6103383,0.14911686,1.6730477,1.0
8147,6.683713,1.548313,1.446111,0.6761525,0.0,0.0,1.0,12.881594,5.05119,1.6103383,0.17143193,1.9234163,1.0
8148,6.650848,1.6497285,1.5164825,0.68541616,0.0,0.0,1.0,6.1701484,5.5241995,0.59981436,0.14106499,1.582708,1.0
8149,7.4871964,1.6473281,1.5485071,0.67783314,0.0,0.0,1.0,5.8115964,5.513004,0.54582816,0.1803198,2.0231357,1.0
8150,6.8548465,1.7149045,1.6091084,0.65645075,0.0,0.0,1.0,5.8115964,5.8281856,0.54582816,0.13398731,1.5032985,1.0
8151,7.8508673,1.7431244,1.7013971,0.6539813,0.0,0.0,1.0,5.8115964,5.959805,0.54582816,0.16993128,1.9065794,1.0
8152,7.8287487,1.7450917,1.6780243,0.6528463,0.0,0.0,1.0,4.6813126,5.968981,0.37564442,0.16847193,1.890206,1.0
8153,7.163544,1.7528604,1.7549229,0.6517742,0.0,0.0,1.0,3.8920314,6.0052147,0.25680453,0.13824838,1.5511066,1.0
8154,6.5783787,1.7474601,1.8118826,0.5963518,0.0,0.0,1.0,3.2472413,5.9800277,0.15972023,0.1146091,1.2858807,1.0
8155,6.958238,1.6569211,1.8052237,0.6709632,0.0,0.0,1.0,2.7632387,5.5577464,0.08684528,0.15329891,1.7199692,1.0
8156,7.218094,2.0129073,1.8965127,0.42676184,0.0,0.0,1.0,2.7382543,7.218094,0.08308345,0.08863769,0.994489,0.0
8157,5.8594084,1.5386709,1.8026314,0.6583375,0.0,0.0,1.0,2.7382543,5.006218,0.08308345,0.13252856,1.4869318,1.0
8158,4.848922,1.4358298,1.5363948,0.7054464,0.0,0.0,1.0,2.7382543,4.526559,0.08308345,0.10726428,1.2034739,1.0
8159,6.780711,1.6146355,1.6852802,0.5942131,0.0,0.0,1.0,2.362927,5.3605227,0.026571438,0.15659553,1.7569562,1.0
8160,6.4483824,1.5817578,1.6811285,0.62230253,0.0,0.0,1.0,2.0619755,5.2071786,0.0,0.1498292,1.6810399,1.0
8161,5.5551677,1.3989831,1.5685339,0.7444133,0.0,0.0,1.0,2.0619755,4.3547034,0.0,0.15932952,1.7876308,1.0
8162,4.5340233,1.4374301,1.4471416,0.52780706,0.0,0.0,1.0,1.8162978,4.5340233,0.0,0.08260482,0.926802,0.0
8163,4.7833796,1.4254491,1.3622489,0.88784087,0.0,0.0,1.0,0.6553387,4.478143,0.0,0.10648643,1.1947467,1.0
8164,5.4013457,1.3435459,1.5254418,0.7955646,0.0,0.0,1.0,0.3174733,4.09614,0.0,0.17027251,1.910408,1.0
8165,4.927687,1.437175,1.5394799,0.88436013,0.0,0.0,1.0,0.34575966,4.5328336,0.0,0.11131169,1.2488847,1.0
8166,3.9664414,1.2555797,1.3718472,0.3774889,0.0,0.0,1.0,0.47961673,3.6858587,0.0,0.108514175,1.2174975,1.0
8167,4.7041826,1.3638959,1.4917735,0.6376275,0.0,0.0,1.0,0.47961673,4.191054,0.0,0.120307244,1.3498123,1.0
8168,5.2354264,1.4672784,1.6913278,0.692148,0.0,0.0,1.0,0.585536,4.673238,0.0,0.11976363,1.343713,1.0
8169,5.539176,1.4946355,1.7661866,0.6209006,0.0,0.0,1.0,0.5945073,4.8008337,0.0,0.12829328,1.4394132,1.0
8170,5.542068,1.4145745,1.591486,0.76096493,0.0,0.0,1.0,0.5945073,4.427423,0.0,0.15324038,1.7193124,1.0
8171,5.817299,1.4327079,1.5856299,0.7543879,0.0,0.0,1.0,0.5945073,4.5119987,0.0,0.16279906,1.826558,1.0
8172,6.2092094,1.476599,1.7408104,0.62139976,0.0,0.0,1.0,0.6319784,4.71671,0.0,0.16970854,1.9040803,1.0
8173,5.5316305,1.469366,1.7270323,0.62139976,0.0,0.0,1.0,0.67449075,4.6829743,0.0,0.13527766,1.5177759,1.0
8174,4.8149605,1.3129593,1.5451372,0.6919114,0.0,0.0,1.0,0.67449075,3.9534817,0.0,0.14461896,1.6225826,1.0
8175,5.7733583,1.4565558,1.6550689,0.6973255,0.0,0.0,1.0,0.67449075,4.623227,0.0,0.15247975,1.7107784,1.0
8176,6.132107,1.4779363,1.7112491,0.7192016,0.0,0.0,1.0,0.788684,4.722947,0.0,0.16510858,1.8524702,1.0
8177,5.2709713,1.3332804,1.6281431,0.7515765,0.0,0.0,1.0,0.79888487,4.048261,0.0,0.16604286,1.8629526,1.0
8178,4.087057,1.3415985,1.3067732,0.5217117,0.0,0.0,1.0,0.8093531,4.087057,0.0,0.077080764,0.8648237,0.0
8179,4.4098473,1.3134576,1.5989938,0.66136533,0.0,0.0,1.0,0.8734382,3.9558058,0.0,0.11835768,1.3279387,1.0
8180,5.592886,1.3667765,1.6290815,0.6806929,0.0,0.0,1.0,0.94854444,4.204489,0.0,0.17322011,1.9434792,1.0
8181,7.0184746,1.719538,1.6560622,0.56822455,0.0,0.0,1.0,0.8180457,5.8497963,0.0,0.1400039,1.570803,1.0
8182,5.523784,1.3511721,1.5737869,0.69293195,0.0,0.0,1.0,0.8262652,4.131709,0.0,0.17492811,1.9626424,1.0
8183,7.2706566,1.684989,1.6186625,0.79984516,0.0,0.0,1.0,0.759368,5.6886573,0.0,0.15994741,1.7945633,1.0
8184,4.029735,1.227375,1.2419568,0.66897184,0.0,0.0,1.0,0.8692039,3.5543098,0.0,0.12319144,1.382172,1.0
8185,6.7468643,1.6797682,1.5736517,0.8281615,0.0,0.0,1.0,1.129291,5.664307,0.0,0.13779809,1.5460544,1.0
8186,4.832503,1.3313643,1.5378815,0.82950276,0.0,0.0,1.0,1.129291,4.039324,0.0,0.13913381,1.5610409,1.0
8187,7.613215,1.7624977,1.665296,0.6821903,0.0,0.0,1.0,1.129291,6.0501637,0.0,0.15491836,1.7381388,1.0
8188,4.0931644,1.2623475,1.752886,0.8026967,0.0,0.0,1.0,1.129291,3.7174242,0.0,0.114868134,1.288787,1.0
8189,3.7277374,1.1751689,1.1987766,0.5341606,0.0,0.0,1.0,1.2197616,3.3108163,0.0,0.12119667,1.3597914,1.0
8190,5.0303,1.395683,1.4885446,0.83570015,0.0,0.0,1.0,1.3551635,4.3393116,0.0,0.12967975,1.454969,1.0
8191,4.700555,1.2450509,1.4119852,0.9028252,0.0,0.0,1.0,1.3551635,3.6367517,0.0,0.16361889,1.8357563,1.0
8192,6.7716017,1.7333416,1.499163,0.8447382,0.0,0.0,1.0,1.3551635,5.9141774,0.0,0.12604804,1.4142224,1.0
8193,4.245823,1.2451502,1.5965227,0.844437,0.0,0.0,1.0,1.3551635,3.6372147,0.0,0.13173963,1.4780803,1.0
8194,5.963363,1.609275,1.5748633,0.85472876,0.0,0.0,1.0,1.5813712,5.335521,0.0,0.119094536,1.336206,1.0
8195,3.0132506,1.0060253,1.0825768,0.7957628,0.0,0.0,1.0,1.0232741,2.5219176,0.0,0.13874187,1.5566434,1.0
8196,3.000046,1.0113817,1.5522964,0.8171535,0.0,0.0,1.0,1.0232741,2.5469003,0.0,0.13443702,1.5083443,1.0
8197,2.9667315,1.0017886,1.0175012,0.73061186,0.0,0.0,1.0,1.0186487,2.5021572,0.0,0.13641037,1.5304846,1.0
8198,3.1902044,1.0799266,1.2361168,0.80785036,0.0,0.0,1.0,2.3139935,2.866599,0.019203654,0.11787629,1.3225377,1.0
8199,6.597514,1.7010888,1.6256449,0.80754584,0.0,0.0,1.0,2.9624493,5.7637477,0.11683988,0.12596634,1.4133056,1.0
8200,6.5997167,1.6439786,1.5764521,0.80754584,0.0,0.0,1.0,3.2846606,5.4973817,0.16535434,0.14019209,1.5729144,1.0
8201,3.2276015,1.1319522,1.3510439,0.8558632,0.0,0.0,1.0,3.605553,3.1092503,0.21367022,0.09882207,1.1087549,1.0
8202,4.2704406,1.2931085,1.4639574,0.8072276,0.0,0.0,1.0,3.605553,3.8608959,0.21367022,0.116141304,1.3030716,1.0
8203,4.0832844,1.2230457,1.355886,0.86332995,0.0,0.0,1.0,3.9251444,3.5341177,0.26179025,0.12869956,1.4439715,1.0
8204,4.9266496,1.3511791,1.2962972,0.7265386,0.0,0.0,1.0,3.9251444,4.131742,0.26179025,0.13812186,1.549687,1.0
8205,4.745311,1.3279023,1.3106742,0.74969584,0.0,0.0,1.0,4.243453,4.023177,0.30971712,0.13483757,1.5128382,1.0
8206,5.390819,1.380373,1.2662033,0.835942,0.0,0.0,1.0,4.5604987,4.2679043,0.35745382,0.15613008,1.7517339,1.0
8207,4.3372135,1.2934196,1.258998,0.84651035,0.0,0.0,1.0,4.5604987,3.862347,0.35745382,0.12043798,1.351279,1.0
8208,5.428422,1.4413621,1.2084682,0.8508356,0.0,0.0,1.0,4.5604987,4.5523624,0.35745382,0.13813464,1.5498304,1.0
8209,3.936481,1.2529687,1.2084169,0.8361598,0.0,0.0,1.0,4.876298,3.6736808,0.40500283,0.10734578,1.2043884,1.0
8210,5.410919,1.4640757,1.3311995,0.80183554,0.0,0.0,1.0,4.876298,4.6583004,0.40500283,0.13027205,1.4616144,1.0
8211,5.1504526,1.4503739,1.4754865,0.7921378,0.0,0.0,1.0,4.876298,4.594394,0.40500283,0.119949564,1.3457992,1.0
8212,5.368558,1.4717295,1.4981595,0.8058407,0.0,0.0,1.0,3.927426,4.6939983,0.2621338,0.12572438,1.4105909,1.0
8213,5.155732,1.4176034,1.482966,0.81724066,0.0,0.0,1.0,3.927426,4.44155,0.2621338,0.13007616,1.4594165,1.0
8214,3.8500261,1.1546129,1.1797035,0.77696806,0.0,0.0,1.0,3.927426,3.2149417,0.2621338,0.1394336,1.5644042,1.0
8215,3.9978328,1.198213,1.1117007,0.74477136,0.0,0.0,1.0,3.927426,3.4182959,0.2621338,0.13230282,1.4843991,1.0
8216,3.5009947,1.1273528,1.1982557,0.7375435,0.0,0.0,1.0,3.927426,3.0877986,0.2621338,0.12320558,1.3823307,1.0
8217,4.736671,1.3368495,1.2969236,0.8644852,0.0,0.0,1.0,3.927426,4.064907,0.2621338,0.13121283,1.4721698,1.0
8218,5.0920815,1.3861774,1.5628253,0.57939404,0.0,0.0,1.0,3.927426,4.2949767,0.2621338,0.1363901,1.5302572,1.0
8219,5.3299003,1.4068295,1.589798,0.57939404,0.0,0.0,1.0,3.927426,4.3912997,0.2621338,0.14355884,1.6106884,1.0
8220,4.498099,1.3175024,1.2362646,0.88438994,0.0,0.0,1.0,3.927426,3.974671,0.2621338,0.12266448,1.3762597,1.0
8221,3.892271,1.1711485,1.5427115,0.80754584,0.0,0.0,1.0,3.927426,3.2920651,0.2621338,0.1355571,1.5209112,1.0
8222,3.8439705,1.1927629,1.5596987,0.80754584,0.0,0.0,1.0,3.927426,3.3928761,0.2621338,0.12298598,1.3798668,1.0
8223,4.1166806,1.2327616,1.5597664,0.78750116,0.0,0.0,1.0,3.927426,3.5794334,0.2621338,0.12735061,1.4288368,1.0
8224,3.8816574,1.2144558,1.4715365,0.84551287,0.0,0.0,1.0,3.927426,3.4940538,0.2621338,0.117378235,1.3169496,1.0
8225,3.876191,1.2093515,1.5274223,0.81888694,0.0,0.0,1.0,3.927426,3.470247,0.2621338,0.11891787,1.3342239,1.0
8226,3.5903273,1.1849445,1.3875477,0.8582115,0.0,0.0,1.0,1.8637168,3.3564107,0.0,0.10687634,1.1991215,1.0
8227,3.4132173,1.1683296,1.3696133,0.86417323,0.0,0.0,1.0,1.3370085,3.2789173,0.0,0.09955916,1.1170248,1.0
8228,3.517877,1.1653962,1.3544824,0.8300342,0.0,0.0,1.0,0.8057389,3.265236,0.0,0.1088322,1.2210656,1.0
8229,3.5056803,1.164514,1.3629936,0.87758404,0.0,0.0,1.0,0.5432426,3.261121,0.0,0.10822597,1.2142639,1.0
8230,3.440722,1.1241426,1.2773966,0.8558693,0.0,0.0,1.0,0.67449075,3.0728261,0.0,0.11961747,1.3420732,1.0
8231,3.3003185,1.135783,1.0943104,0.43455932,0.0,0.0,1.0,0.67449075,3.1271174,0.0,0.103233345,1.1582481,1.0
8232,3.1968822,1.1453285,1.1275724,0.31605083,0.0,0.0,1.0,0.67449075,3.1716387,0.0,0.091155685,1.0227402,1.0
